row_id,facility_id,indoor_temperature_7d_mean_observations,indoor_temperature_7d_mean_coverage,indoor_temperature_7d_mean_outliers,indoor_humidity_7d_mean_observations,indoor_humidity_7d_mean_coverage,indoor_humidity_7d_mean_outliers,indoor_co2_7d_mean_observations,indoor_co2_7d_mean_coverage,indoor_co2_7d_mean_outliers,heating_7d_duty_coverage,co2_control_7d_duty_coverage,ventilation_7d_duty_coverage,shade_curtain_7d_duty_coverage
PF_0002529_01|46|1|2024-10-07,PF_0002529_01,961,1.0,0,961,1.0,0,520,0.5714285714285714,0,0.0,0.0,1.0,0.0
PF_0002529_01|46|1|2024-10-14,PF_0002529_01,997,1.0,0,997,1.0,0,997,1.0,0,0.0,0.0,1.0,0.0
PF_0002529_01|46|1|2024-10-21,PF_0002529_01,950,1.0,0,950,1.0,0,950,1.0,0,0.0,0.0,0.5714285714285714,0.0
PF_0002529_01|46|1|2024-10-28,PF_0002529_01,951,1.0,0,951,1.0,0,951,1.0,0,0.0,0.0,0.0,0.0
PF_0002529_01|46|1|2024-11-04,PF_0002529_01,1586,1.0,0,1586,1.0,0,1586,1.0,0,0.0,0.0,0.0,0.0
PF_0002529_01|46|1|2024-11-11,PF_0002529_01,1948,1.0,0,1948,1.0,0,1948,1.0,0,0.0,0.0,0.0,0.0
PF_0002529_01|46|1|2024-11-18,PF_0002529_01,1935,1.0,0,1935,1.0,0,1935,1.0,0,0.0,0.0,0.0,0.0
PF_0002529_01|46|1|2024-11-25,PF_0002529_01,12251,1.0,0,12251,1.0,0,5389,1.0,0,0.0,0.0,0.0,0.42857142857142855
PF_0002529_01|46|1|2024-12-02,PF_0002529_01,16073,1.0,0,16073,1.0,0,6649,1.0,0,0.0,0.0,0.0,0.5714285714285714
PF_0002529_01|46|1|2024-12-09,PF_0002529_01,26223,1.0,0,26223,1.0,0,9849,1.0,0,0.0,0.0,0.0,0.8571428571428571
PF_0002529_01|46|1|2024-12-16,PF_0002529_01,7752,1.0,0,7752,1.0,0,3256,1.0,0,0.0,0.0,0.0,0.2857142857142857
PF_0002529_01|46|1|2024-12-23,PF_0002529_01,15516,1.0,0,15516,1.0,0,5844,1.0,0,0.0,0.0,0.0,0.5714285714285714
PF_0002529_01|46|1|2024-12-30,PF_0002529_01,12681,1.0,0,12681,1.0,0,4899,1.0,0,0.0,0.0,0.0,0.42857142857142855
PF_0002529_01|46|1|2025-01-06,PF_0002529_01,24321,1.0,0,24321,1.0,0,8779,1.0,0,0.0,0.0,0.0,0.8571428571428571
PF_0002529_01|46|1|2025-01-13,PF_0002529_01,21655,1.0,0,21655,1.0,0,7889,1.0,0,0.0,0.0,0.0,0.8571428571428571
PF_0002529_01|46|1|2025-01-23,PF_0002529_01,30491,1.0,0,30491,1.0,0,10831,1.0,0,0.0,0.0,0.0,1.0
PF_0002529_01|46|1|2025-02-03,PF_0002529_01,995,1.0,0,995,1.0,0,995,1.0,0,0.0,0.0,0.0,0.0
PF_0002529_01|46|1|2025-02-10,PF_0002529_01,1009,1.0,0,1009,1.0,0,1009,1.0,0,0.0,0.0,0.0,0.0
PF_0002529_01|46|1|2025-02-17,PF_0002529_01,20250,1.0,0,20250,1.0,0,7422,1.0,0,0.0,0.0,0.0,0.7142857142857143
PF_0002529_01|46|1|2025-02-24,PF_0002529_01,30251,1.0,0,30251,1.0,0,10755,1.0,0,0.0,0.0,0.0,1.0
PF_0002529_01|46|1|2025-03-04,PF_0002529_01,31152,1.0,0,31152,1.0,0,11056,1.0,0,0.0,0.0,0.0,1.0
PF_0002529_01|46|1|2025-03-10,PF_0002529_01,26838,1.0,0,26838,1.0,0,9618,1.0,0,0.0,0.0,0.0,1.0
PF_0002529_01|46|2|2024-10-07,PF_0002529_01,961,1.0,0,961,1.0,0,520,0.5714285714285714,0,0.0,0.0,1.0,0.0
PF_0002529_01|46|2|2024-10-14,PF_0002529_01,997,1.0,0,997,1.0,0,997,1.0,0,0.0,0.0,1.0,0.0
PF_0002529_01|46|2|2024-10-21,PF_0002529_01,950,1.0,0,950,1.0,0,950,1.0,0,0.0,0.0,0.5714285714285714,0.0
PF_0002529_01|46|2|2024-10-28,PF_0002529_01,951,1.0,0,951,1.0,0,951,1.0,0,0.0,0.0,0.0,0.0
PF_0002529_01|46|2|2024-11-04,PF_0002529_01,1586,1.0,0,1586,1.0,0,1586,1.0,0,0.0,0.0,0.0,0.0
PF_0002529_01|46|2|2024-11-11,PF_0002529_01,1948,1.0,0,1948,1.0,0,1948,1.0,0,0.0,0.0,0.0,0.0
PF_0002529_01|46|2|2024-11-18,PF_0002529_01,1935,1.0,0,1935,1.0,0,1935,1.0,0,0.0,0.0,0.0,0.0
PF_0002529_01|46|2|2024-11-25,PF_0002529_01,12251,1.0,0,12251,1.0,0,5389,1.0,0,0.0,0.0,0.0,0.42857142857142855
PF_0002529_01|46|2|2024-12-02,PF_0002529_01,16073,1.0,0,16073,1.0,0,6649,1.0,0,0.0,0.0,0.0,0.5714285714285714
PF_0002529_01|46|2|2024-12-09,PF_0002529_01,26223,1.0,0,26223,1.0,0,9849,1.0,0,0.0,0.0,0.0,0.8571428571428571
PF_0002529_01|46|2|2024-12-16,PF_0002529_01,7752,1.0,0,7752,1.0,0,3256,1.0,0,0.0,0.0,0.0,0.2857142857142857
PF_0002529_01|46|2|2024-12-23,PF_0002529_01,15516,1.0,0,15516,1.0,0,5844,1.0,0,0.0,0.0,0.0,0.5714285714285714
PF_0002529_01|46|2|2024-12-30,PF_0002529_01,12681,1.0,0,12681,1.0,0,4899,1.0,0,0.0,0.0,0.0,0.42857142857142855
PF_0002529_01|46|2|2025-01-06,PF_0002529_01,24321,1.0,0,24321,1.0,0,8779,1.0,0,0.0,0.0,0.0,0.8571428571428571
PF_0002529_01|46|2|2025-01-13,PF_0002529_01,21655,1.0,0,21655,1.0,0,7889,1.0,0,0.0,0.0,0.0,0.8571428571428571
PF_0002529_01|46|2|2025-01-23,PF_0002529_01,30491,1.0,0,30491,1.0,0,10831,1.0,0,0.0,0.0,0.0,1.0
PF_0002529_01|46|2|2025-02-03,PF_0002529_01,995,1.0,0,995,1.0,0,995,1.0,0,0.0,0.0,0.0,0.0
PF_0002529_01|46|2|2025-02-10,PF_0002529_01,1009,1.0,0,1009,1.0,0,1009,1.0,0,0.0,0.0,0.0,0.0
PF_0002529_01|46|2|2025-02-17,PF_0002529_01,20250,1.0,0,20250,1.0,0,7422,1.0,0,0.0,0.0,0.0,0.7142857142857143
PF_0002529_01|46|2|2025-02-24,PF_0002529_01,30251,1.0,0,30251,1.0,0,10755,1.0,0,0.0,0.0,0.0,1.0
PF_0002529_01|46|2|2025-03-04,PF_0002529_01,31152,1.0,0,31152,1.0,0,11056,1.0,0,0.0,0.0,0.0,1.0
PF_0002529_01|46|2|2025-03-10,PF_0002529_01,26838,1.0,0,26838,1.0,0,9618,1.0,0,0.0,0.0,0.0,1.0
PF_0002529_01|46|3|2024-10-07,PF_0002529_01,961,1.0,0,961,1.0,0,520,0.5714285714285714,0,0.0,0.0,1.0,0.0
PF_0002529_01|46|3|2024-10-14,PF_0002529_01,997,1.0,0,997,1.0,0,997,1.0,0,0.0,0.0,1.0,0.0
PF_0002529_01|46|3|2024-10-21,PF_0002529_01,950,1.0,0,950,1.0,0,950,1.0,0,0.0,0.0,0.5714285714285714,0.0
PF_0002529_01|46|3|2024-10-28,PF_0002529_01,951,1.0,0,951,1.0,0,951,1.0,0,0.0,0.0,0.0,0.0
PF_0002529_01|46|3|2024-11-04,PF_0002529_01,1586,1.0,0,1586,1.0,0,1586,1.0,0,0.0,0.0,0.0,0.0
PF_0002529_01|46|3|2024-11-11,PF_0002529_01,1948,1.0,0,1948,1.0,0,1948,1.0,0,0.0,0.0,0.0,0.0
PF_0002529_01|46|3|2024-11-18,PF_0002529_01,1935,1.0,0,1935,1.0,0,1935,1.0,0,0.0,0.0,0.0,0.0
PF_0002529_01|46|3|2024-11-25,PF_0002529_01,12251,1.0,0,12251,1.0,0,5389,1.0,0,0.0,0.0,0.0,0.42857142857142855
PF_0002529_01|46|3|2024-12-02,PF_0002529_01,16073,1.0,0,16073,1.0,0,6649,1.0,0,0.0,0.0,0.0,0.5714285714285714
PF_0002529_01|46|3|2024-12-09,PF_0002529_01,26223,1.0,0,26223,1.0,0,9849,1.0,0,0.0,0.0,0.0,0.8571428571428571
PF_0002529_01|46|3|2024-12-16,PF_0002529_01,7752,1.0,0,7752,1.0,0,3256,1.0,0,0.0,0.0,0.0,0.2857142857142857
PF_0002529_01|46|3|2024-12-23,PF_0002529_01,15516,1.0,0,15516,1.0,0,5844,1.0,0,0.0,0.0,0.0,0.5714285714285714
PF_0002529_01|46|3|2024-12-30,PF_0002529_01,12681,1.0,0,12681,1.0,0,4899,1.0,0,0.0,0.0,0.0,0.42857142857142855
PF_0002529_01|46|3|2025-01-06,PF_0002529_01,24321,1.0,0,24321,1.0,0,8779,1.0,0,0.0,0.0,0.0,0.8571428571428571
PF_0002529_01|46|3|2025-01-13,PF_0002529_01,21655,1.0,0,21655,1.0,0,7889,1.0,0,0.0,0.0,0.0,0.8571428571428571
PF_0002529_01|46|3|2025-01-23,PF_0002529_01,30491,1.0,0,30491,1.0,0,10831,1.0,0,0.0,0.0,0.0,1.0
PF_0002529_01|46|3|2025-02-03,PF_0002529_01,995,1.0,0,995,1.0,0,995,1.0,0,0.0,0.0,0.0,0.0
PF_0002529_01|46|3|2025-02-10,PF_0002529_01,1009,1.0,0,1009,1.0,0,1009,1.0,0,0.0,0.0,0.0,0.0
PF_0002529_01|46|3|2025-02-17,PF_0002529_01,20250,1.0,0,20250,1.0,0,7422,1.0,0,0.0,0.0,0.0,0.7142857142857143
PF_0002529_01|46|3|2025-02-24,PF_0002529_01,30251,1.0,0,30251,1.0,0,10755,1.0,0,0.0,0.0,0.0,1.0
PF_0002529_01|46|3|2025-03-04,PF_0002529_01,31152,1.0,0,31152,1.0,0,11056,1.0,0,0.0,0.0,0.0,1.0
PF_0002529_01|46|3|2025-03-10,PF_0002529_01,26838,1.0,0,26838,1.0,0,9618,1.0,0,0.0,0.0,0.0,1.0
PF_0002529_01|46|4|2024-10-07,PF_0002529_01,961,1.0,0,961,1.0,0,520,0.5714285714285714,0,0.0,0.0,1.0,0.0
PF_0002529_01|46|4|2024-10-14,PF_0002529_01,997,1.0,0,997,1.0,0,997,1.0,0,0.0,0.0,1.0,0.0
PF_0002529_01|46|4|2024-10-21,PF_0002529_01,950,1.0,0,950,1.0,0,950,1.0,0,0.0,0.0,0.5714285714285714,0.0
PF_0002529_01|46|4|2024-10-28,PF_0002529_01,951,1.0,0,951,1.0,0,951,1.0,0,0.0,0.0,0.0,0.0
PF_0002529_01|46|4|2024-11-04,PF_0002529_01,1586,1.0,0,1586,1.0,0,1586,1.0,0,0.0,0.0,0.0,0.0
PF_0002529_01|46|4|2024-11-11,PF_0002529_01,1948,1.0,0,1948,1.0,0,1948,1.0,0,0.0,0.0,0.0,0.0
PF_0002529_01|46|4|2024-11-18,PF_0002529_01,1935,1.0,0,1935,1.0,0,1935,1.0,0,0.0,0.0,0.0,0.0
PF_0002529_01|46|4|2024-11-25,PF_0002529_01,12251,1.0,0,12251,1.0,0,5389,1.0,0,0.0,0.0,0.0,0.42857142857142855
PF_0002529_01|46|4|2024-12-02,PF_0002529_01,16073,1.0,0,16073,1.0,0,6649,1.0,0,0.0,0.0,0.0,0.5714285714285714
PF_0002529_01|46|4|2024-12-09,PF_0002529_01,26223,1.0,0,26223,1.0,0,9849,1.0,0,0.0,0.0,0.0,0.8571428571428571
PF_0002529_01|46|4|2024-12-16,PF_0002529_01,7752,1.0,0,7752,1.0,0,3256,1.0,0,0.0,0.0,0.0,0.2857142857142857
PF_0002529_01|46|4|2024-12-23,PF_0002529_01,15516,1.0,0,15516,1.0,0,5844,1.0,0,0.0,0.0,0.0,0.5714285714285714
PF_0002529_01|46|4|2024-12-30,PF_0002529_01,12681,1.0,0,12681,1.0,0,4899,1.0,0,0.0,0.0,0.0,0.42857142857142855
PF_0002529_01|46|4|2025-01-06,PF_0002529_01,24321,1.0,0,24321,1.0,0,8779,1.0,0,0.0,0.0,0.0,0.8571428571428571
PF_0002529_01|46|4|2025-01-13,PF_0002529_01,21655,1.0,0,21655,1.0,0,7889,1.0,0,0.0,0.0,0.0,0.8571428571428571
PF_0002529_01|46|4|2025-01-23,PF_0002529_01,30491,1.0,0,30491,1.0,0,10831,1.0,0,0.0,0.0,0.0,1.0
PF_0002529_01|46|4|2025-02-03,PF_0002529_01,995,1.0,0,995,1.0,0,995,1.0,0,0.0,0.0,0.0,0.0
PF_0002529_01|46|4|2025-02-10,PF_0002529_01,1009,1.0,0,1009,1.0,0,1009,1.0,0,0.0,0.0,0.0,0.0
PF_0002529_01|46|4|2025-02-17,PF_0002529_01,20250,1.0,0,20250,1.0,0,7422,1.0,0,0.0,0.0,0.0,0.7142857142857143
PF_0002529_01|46|4|2025-02-24,PF_0002529_01,30251,1.0,0,30251,1.0,0,10755,1.0,0,0.0,0.0,0.0,1.0
PF_0002529_01|46|4|2025-03-04,PF_0002529_01,31152,1.0,0,31152,1.0,0,11056,1.0,0,0.0,0.0,0.0,1.0
PF_0002529_01|46|4|2025-03-10,PF_0002529_01,26838,1.0,0,26838,1.0,0,9618,1.0,0,0.0,0.0,0.0,1.0
PF_0002529_01|46|5|2024-10-07,PF_0002529_01,961,1.0,0,961,1.0,0,520,0.5714285714285714,0,0.0,0.0,1.0,0.0
PF_0002529_01|46|5|2024-10-14,PF_0002529_01,997,1.0,0,997,1.0,0,997,1.0,0,0.0,0.0,1.0,0.0
PF_0002529_01|46|5|2024-10-21,PF_0002529_01,950,1.0,0,950,1.0,0,950,1.0,0,0.0,0.0,0.5714285714285714,0.0
PF_0002529_01|46|5|2024-10-28,PF_0002529_01,951,1.0,0,951,1.0,0,951,1.0,0,0.0,0.0,0.0,0.0
PF_0002529_01|46|5|2024-11-04,PF_0002529_01,1586,1.0,0,1586,1.0,0,1586,1.0,0,0.0,0.0,0.0,0.0
PF_0002529_01|46|5|2024-11-11,PF_0002529_01,1948,1.0,0,1948,1.0,0,1948,1.0,0,0.0,0.0,0.0,0.0
PF_0002529_01|46|5|2024-11-18,PF_0002529_01,1935,1.0,0,1935,1.0,0,1935,1.0,0,0.0,0.0,0.0,0.0
PF_0002529_01|46|5|2024-11-25,PF_0002529_01,12251,1.0,0,12251,1.0,0,5389,1.0,0,0.0,0.0,0.0,0.42857142857142855
PF_0002529_01|46|5|2024-12-02,PF_0002529_01,16073,1.0,0,16073,1.0,0,6649,1.0,0,0.0,0.0,0.0,0.5714285714285714
PF_0002529_01|46|5|2024-12-09,PF_0002529_01,26223,1.0,0,26223,1.0,0,9849,1.0,0,0.0,0.0,0.0,0.8571428571428571
PF_0002529_01|46|5|2024-12-16,PF_0002529_01,7752,1.0,0,7752,1.0,0,3256,1.0,0,0.0,0.0,0.0,0.2857142857142857
PF_0002529_01|46|5|2024-12-23,PF_0002529_01,15516,1.0,0,15516,1.0,0,5844,1.0,0,0.0,0.0,0.0,0.5714285714285714
PF_0002529_01|46|5|2024-12-30,PF_0002529_01,12681,1.0,0,12681,1.0,0,4899,1.0,0,0.0,0.0,0.0,0.42857142857142855
PF_0002529_01|46|5|2025-01-06,PF_0002529_01,24321,1.0,0,24321,1.0,0,8779,1.0,0,0.0,0.0,0.0,0.8571428571428571
PF_0002529_01|46|5|2025-01-13,PF_0002529_01,21655,1.0,0,21655,1.0,0,7889,1.0,0,0.0,0.0,0.0,0.8571428571428571
PF_0002529_01|46|5|2025-01-23,PF_0002529_01,30491,1.0,0,30491,1.0,0,10831,1.0,0,0.0,0.0,0.0,1.0
PF_0002529_01|46|5|2025-02-03,PF_0002529_01,995,1.0,0,995,1.0,0,995,1.0,0,0.0,0.0,0.0,0.0
PF_0002529_01|46|5|2025-02-10,PF_0002529_01,1009,1.0,0,1009,1.0,0,1009,1.0,0,0.0,0.0,0.0,0.0
PF_0002529_01|46|5|2025-02-17,PF_0002529_01,20250,1.0,0,20250,1.0,0,7422,1.0,0,0.0,0.0,0.0,0.7142857142857143
PF_0002529_01|46|5|2025-02-24,PF_0002529_01,30251,1.0,0,30251,1.0,0,10755,1.0,0,0.0,0.0,0.0,1.0
PF_0002529_01|46|5|2025-03-04,PF_0002529_01,31152,1.0,0,31152,1.0,0,11056,1.0,0,0.0,0.0,0.0,1.0
PF_0002529_01|46|5|2025-03-10,PF_0002529_01,26838,1.0,0,26838,1.0,0,9618,1.0,0,0.0,0.0,0.0,1.0
PF_0002529_01|46|6|2024-10-07,PF_0002529_01,961,1.0,0,961,1.0,0,520,0.5714285714285714,0,0.0,0.0,1.0,0.0
PF_0002529_01|46|6|2024-10-14,PF_0002529_01,997,1.0,0,997,1.0,0,997,1.0,0,0.0,0.0,1.0,0.0
PF_0002529_01|46|6|2024-10-21,PF_0002529_01,950,1.0,0,950,1.0,0,950,1.0,0,0.0,0.0,0.5714285714285714,0.0
PF_0002529_01|46|6|2024-10-28,PF_0002529_01,951,1.0,0,951,1.0,0,951,1.0,0,0.0,0.0,0.0,0.0
PF_0002529_01|46|6|2024-11-04,PF_0002529_01,1586,1.0,0,1586,1.0,0,1586,1.0,0,0.0,0.0,0.0,0.0
PF_0002529_01|46|6|2024-11-11,PF_0002529_01,1948,1.0,0,1948,1.0,0,1948,1.0,0,0.0,0.0,0.0,0.0
PF_0002529_01|46|6|2024-11-18,PF_0002529_01,1935,1.0,0,1935,1.0,0,1935,1.0,0,0.0,0.0,0.0,0.0
PF_0002529_01|46|6|2024-11-25,PF_0002529_01,12251,1.0,0,12251,1.0,0,5389,1.0,0,0.0,0.0,0.0,0.42857142857142855
PF_0002529_01|46|6|2024-12-02,PF_0002529_01,16073,1.0,0,16073,1.0,0,6649,1.0,0,0.0,0.0,0.0,0.5714285714285714
PF_0002529_01|46|6|2024-12-09,PF_0002529_01,26223,1.0,0,26223,1.0,0,9849,1.0,0,0.0,0.0,0.0,0.8571428571428571
PF_0002529_01|46|6|2024-12-16,PF_0002529_01,7752,1.0,0,7752,1.0,0,3256,1.0,0,0.0,0.0,0.0,0.2857142857142857
PF_0002529_01|46|6|2024-12-23,PF_0002529_01,15516,1.0,0,15516,1.0,0,5844,1.0,0,0.0,0.0,0.0,0.5714285714285714
PF_0002529_01|46|6|2024-12-30,PF_0002529_01,12681,1.0,0,12681,1.0,0,4899,1.0,0,0.0,0.0,0.0,0.42857142857142855
PF_0002529_01|46|6|2025-01-06,PF_0002529_01,24321,1.0,0,24321,1.0,0,8779,1.0,0,0.0,0.0,0.0,0.8571428571428571
PF_0002529_01|46|6|2025-01-13,PF_0002529_01,21655,1.0,0,21655,1.0,0,7889,1.0,0,0.0,0.0,0.0,0.8571428571428571
PF_0002529_01|46|6|2025-01-23,PF_0002529_01,30491,1.0,0,30491,1.0,0,10831,1.0,0,0.0,0.0,0.0,1.0
PF_0002529_01|46|6|2025-02-03,PF_0002529_01,995,1.0,0,995,1.0,0,995,1.0,0,0.0,0.0,0.0,0.0
PF_0002529_01|46|6|2025-02-10,PF_0002529_01,1009,1.0,0,1009,1.0,0,1009,1.0,0,0.0,0.0,0.0,0.0
PF_0002529_01|46|6|2025-02-17,PF_0002529_01,20250,1.0,0,20250,1.0,0,7422,1.0,0,0.0,0.0,0.0,0.7142857142857143
PF_0002529_01|46|6|2025-02-24,PF_0002529_01,30251,1.0,0,30251,1.0,0,10755,1.0,0,0.0,0.0,0.0,1.0
PF_0002529_01|46|6|2025-03-04,PF_0002529_01,31152,1.0,0,31152,1.0,0,11056,1.0,0,0.0,0.0,0.0,1.0
PF_0002529_01|46|6|2025-03-10,PF_0002529_01,26838,1.0,0,26838,1.0,0,9618,1.0,0,0.0,0.0,0.0,1.0
PF_0002529_01|46|7|2024-10-07,PF_0002529_01,961,1.0,0,961,1.0,0,520,0.5714285714285714,0,0.0,0.0,1.0,0.0
PF_0002529_01|46|7|2024-10-14,PF_0002529_01,997,1.0,0,997,1.0,0,997,1.0,0,0.0,0.0,1.0,0.0
PF_0002529_01|46|7|2024-10-21,PF_0002529_01,950,1.0,0,950,1.0,0,950,1.0,0,0.0,0.0,0.5714285714285714,0.0
PF_0002529_01|46|7|2024-10-28,PF_0002529_01,951,1.0,0,951,1.0,0,951,1.0,0,0.0,0.0,0.0,0.0
PF_0002529_01|46|7|2024-11-04,PF_0002529_01,1586,1.0,0,1586,1.0,0,1586,1.0,0,0.0,0.0,0.0,0.0
PF_0002529_01|46|7|2024-11-11,PF_0002529_01,1948,1.0,0,1948,1.0,0,1948,1.0,0,0.0,0.0,0.0,0.0
PF_0002529_01|46|7|2024-11-18,PF_0002529_01,1935,1.0,0,1935,1.0,0,1935,1.0,0,0.0,0.0,0.0,0.0
PF_0002529_01|46|7|2024-11-25,PF_0002529_01,12251,1.0,0,12251,1.0,0,5389,1.0,0,0.0,0.0,0.0,0.42857142857142855
PF_0002529_01|46|7|2024-12-02,PF_0002529_01,16073,1.0,0,16073,1.0,0,6649,1.0,0,0.0,0.0,0.0,0.5714285714285714
PF_0002529_01|46|7|2024-12-09,PF_0002529_01,26223,1.0,0,26223,1.0,0,9849,1.0,0,0.0,0.0,0.0,0.8571428571428571
PF_0002529_01|46|7|2024-12-16,PF_0002529_01,7752,1.0,0,7752,1.0,0,3256,1.0,0,0.0,0.0,0.0,0.2857142857142857
PF_0002529_01|46|7|2024-12-23,PF_0002529_01,15516,1.0,0,15516,1.0,0,5844,1.0,0,0.0,0.0,0.0,0.5714285714285714
PF_0002529_01|46|7|2024-12-30,PF_0002529_01,12681,1.0,0,12681,1.0,0,4899,1.0,0,0.0,0.0,0.0,0.42857142857142855
PF_0002529_01|46|7|2025-01-06,PF_0002529_01,24321,1.0,0,24321,1.0,0,8779,1.0,0,0.0,0.0,0.0,0.8571428571428571
PF_0002529_01|46|7|2025-01-13,PF_0002529_01,21655,1.0,0,21655,1.0,0,7889,1.0,0,0.0,0.0,0.0,0.8571428571428571
PF_0002529_01|46|7|2025-01-23,PF_0002529_01,30491,1.0,0,30491,1.0,0,10831,1.0,0,0.0,0.0,0.0,1.0
PF_0002529_01|46|7|2025-02-03,PF_0002529_01,995,1.0,0,995,1.0,0,995,1.0,0,0.0,0.0,0.0,0.0
PF_0002529_01|46|7|2025-02-10,PF_0002529_01,1009,1.0,0,1009,1.0,0,1009,1.0,0,0.0,0.0,0.0,0.0
PF_0002529_01|46|7|2025-02-17,PF_0002529_01,20250,1.0,0,20250,1.0,0,7422,1.0,0,0.0,0.0,0.0,0.7142857142857143
PF_0002529_01|46|7|2025-02-24,PF_0002529_01,30251,1.0,0,30251,1.0,0,10755,1.0,0,0.0,0.0,0.0,1.0
PF_0002529_01|46|7|2025-03-04,PF_0002529_01,31152,1.0,0,31152,1.0,0,11056,1.0,0,0.0,0.0,0.0,1.0
PF_0002529_01|46|7|2025-03-10,PF_0002529_01,26838,1.0,0,26838,1.0,0,9618,1.0,0,0.0,0.0,0.0,1.0
PF_0002529_01|46|8|2024-10-07,PF_0002529_01,961,1.0,0,961,1.0,0,520,0.5714285714285714,0,0.0,0.0,1.0,0.0
PF_0002529_01|46|8|2024-10-14,PF_0002529_01,997,1.0,0,997,1.0,0,997,1.0,0,0.0,0.0,1.0,0.0
PF_0002529_01|46|8|2024-10-21,PF_0002529_01,950,1.0,0,950,1.0,0,950,1.0,0,0.0,0.0,0.5714285714285714,0.0
PF_0002529_01|46|8|2024-10-28,PF_0002529_01,951,1.0,0,951,1.0,0,951,1.0,0,0.0,0.0,0.0,0.0
PF_0002529_01|46|8|2024-11-04,PF_0002529_01,1586,1.0,0,1586,1.0,0,1586,1.0,0,0.0,0.0,0.0,0.0
PF_0002529_01|46|8|2024-11-11,PF_0002529_01,1948,1.0,0,1948,1.0,0,1948,1.0,0,0.0,0.0,0.0,0.0
PF_0002529_01|46|8|2024-11-18,PF_0002529_01,1935,1.0,0,1935,1.0,0,1935,1.0,0,0.0,0.0,0.0,0.0
PF_0002529_01|46|8|2024-11-25,PF_0002529_01,12251,1.0,0,12251,1.0,0,5389,1.0,0,0.0,0.0,0.0,0.42857142857142855
PF_0002529_01|46|8|2024-12-02,PF_0002529_01,16073,1.0,0,16073,1.0,0,6649,1.0,0,0.0,0.0,0.0,0.5714285714285714
PF_0002529_01|46|8|2024-12-09,PF_0002529_01,26223,1.0,0,26223,1.0,0,9849,1.0,0,0.0,0.0,0.0,0.8571428571428571
PF_0002529_01|46|8|2024-12-16,PF_0002529_01,7752,1.0,0,7752,1.0,0,3256,1.0,0,0.0,0.0,0.0,0.2857142857142857
PF_0002529_01|46|8|2024-12-23,PF_0002529_01,15516,1.0,0,15516,1.0,0,5844,1.0,0,0.0,0.0,0.0,0.5714285714285714
PF_0002529_01|46|8|2024-12-30,PF_0002529_01,12681,1.0,0,12681,1.0,0,4899,1.0,0,0.0,0.0,0.0,0.42857142857142855
PF_0002529_01|46|8|2025-01-06,PF_0002529_01,24321,1.0,0,24321,1.0,0,8779,1.0,0,0.0,0.0,0.0,0.8571428571428571
PF_0002529_01|46|8|2025-01-13,PF_0002529_01,21655,1.0,0,21655,1.0,0,7889,1.0,0,0.0,0.0,0.0,0.8571428571428571
PF_0002529_01|46|8|2025-01-23,PF_0002529_01,30491,1.0,0,30491,1.0,0,10831,1.0,0,0.0,0.0,0.0,1.0
PF_0002529_01|46|8|2025-02-03,PF_0002529_01,995,1.0,0,995,1.0,0,995,1.0,0,0.0,0.0,0.0,0.0
PF_0002529_01|46|8|2025-02-10,PF_0002529_01,1009,1.0,0,1009,1.0,0,1009,1.0,0,0.0,0.0,0.0,0.0
PF_0002529_01|46|8|2025-02-17,PF_0002529_01,20250,1.0,0,20250,1.0,0,7422,1.0,0,0.0,0.0,0.0,0.7142857142857143
PF_0002529_01|46|8|2025-02-24,PF_0002529_01,30251,1.0,0,30251,1.0,0,10755,1.0,0,0.0,0.0,0.0,1.0
PF_0002529_01|46|8|2025-03-04,PF_0002529_01,31152,1.0,0,31152,1.0,0,11056,1.0,0,0.0,0.0,0.0,1.0
PF_0002529_01|46|8|2025-03-10,PF_0002529_01,26838,1.0,0,26838,1.0,0,9618,1.0,0,0.0,0.0,0.0,1.0
PF_0002529_01|46|9|2024-10-07,PF_0002529_01,961,1.0,0,961,1.0,0,520,0.5714285714285714,0,0.0,0.0,1.0,0.0
PF_0002529_01|46|9|2024-10-14,PF_0002529_01,997,1.0,0,997,1.0,0,997,1.0,0,0.0,0.0,1.0,0.0
PF_0002529_01|46|9|2024-10-21,PF_0002529_01,950,1.0,0,950,1.0,0,950,1.0,0,0.0,0.0,0.5714285714285714,0.0
PF_0002529_01|46|9|2024-10-28,PF_0002529_01,951,1.0,0,951,1.0,0,951,1.0,0,0.0,0.0,0.0,0.0
PF_0002529_01|46|9|2024-11-04,PF_0002529_01,1586,1.0,0,1586,1.0,0,1586,1.0,0,0.0,0.0,0.0,0.0
PF_0002529_01|46|9|2024-11-11,PF_0002529_01,1948,1.0,0,1948,1.0,0,1948,1.0,0,0.0,0.0,0.0,0.0
PF_0002529_01|46|9|2024-11-18,PF_0002529_01,1935,1.0,0,1935,1.0,0,1935,1.0,0,0.0,0.0,0.0,0.0
PF_0002529_01|46|9|2024-11-25,PF_0002529_01,12251,1.0,0,12251,1.0,0,5389,1.0,0,0.0,0.0,0.0,0.42857142857142855
PF_0002529_01|46|9|2024-12-02,PF_0002529_01,16073,1.0,0,16073,1.0,0,6649,1.0,0,0.0,0.0,0.0,0.5714285714285714
PF_0002529_01|46|9|2024-12-09,PF_0002529_01,26223,1.0,0,26223,1.0,0,9849,1.0,0,0.0,0.0,0.0,0.8571428571428571
PF_0002529_01|46|9|2024-12-16,PF_0002529_01,7752,1.0,0,7752,1.0,0,3256,1.0,0,0.0,0.0,0.0,0.2857142857142857
PF_0002529_01|46|9|2024-12-23,PF_0002529_01,15516,1.0,0,15516,1.0,0,5844,1.0,0,0.0,0.0,0.0,0.5714285714285714
PF_0002529_01|46|9|2024-12-30,PF_0002529_01,12681,1.0,0,12681,1.0,0,4899,1.0,0,0.0,0.0,0.0,0.42857142857142855
PF_0002529_01|46|9|2025-01-06,PF_0002529_01,24321,1.0,0,24321,1.0,0,8779,1.0,0,0.0,0.0,0.0,0.8571428571428571
PF_0002529_01|46|9|2025-01-13,PF_0002529_01,21655,1.0,0,21655,1.0,0,7889,1.0,0,0.0,0.0,0.0,0.8571428571428571
PF_0002529_01|46|9|2025-01-23,PF_0002529_01,30491,1.0,0,30491,1.0,0,10831,1.0,0,0.0,0.0,0.0,1.0
PF_0002529_01|46|9|2025-02-03,PF_0002529_01,995,1.0,0,995,1.0,0,995,1.0,0,0.0,0.0,0.0,0.0
PF_0002529_01|46|9|2025-02-10,PF_0002529_01,1009,1.0,0,1009,1.0,0,1009,1.0,0,0.0,0.0,0.0,0.0
PF_0002529_01|46|9|2025-02-17,PF_0002529_01,20250,1.0,0,20250,1.0,0,7422,1.0,0,0.0,0.0,0.0,0.7142857142857143
PF_0002529_01|46|9|2025-02-24,PF_0002529_01,30251,1.0,0,30251,1.0,0,10755,1.0,0,0.0,0.0,0.0,1.0
PF_0002529_01|46|9|2025-03-04,PF_0002529_01,31152,1.0,0,31152,1.0,0,11056,1.0,0,0.0,0.0,0.0,1.0
PF_0002529_01|46|9|2025-03-10,PF_0002529_01,26838,1.0,0,26838,1.0,0,9618,1.0,0,0.0,0.0,0.0,1.0
PF_0020209_01|80|1|2024-10-08,PF_0020209_01,1008,1.0,0,1008,1.0,0,1008,1.0,0,0.0,1.0,1.0,0.0
PF_0020209_01|80|1|2024-10-15,PF_0020209_01,1008,1.0,0,1008,1.0,0,1008,1.0,0,0.0,1.0,1.0,0.0
PF_0020209_01|80|1|2024-10-23,PF_0020209_01,1008,1.0,0,1008,1.0,0,1008,1.0,0,0.0,1.0,1.0,0.0
PF_0020209_01|80|1|2024-10-29,PF_0020209_01,1006,1.0,0,1006,1.0,0,1006,1.0,0,0.0,1.0,1.0,0.0
PF_0020209_01|80|1|2024-11-04,PF_0020209_01,1006,1.0,0,1006,1.0,0,1006,1.0,0,0.0,1.0,1.0,0.0
PF_0020209_01|80|1|2024-11-13,PF_0020209_01,1008,1.0,0,1008,1.0,0,1008,1.0,0,0.0,1.0,1.0,0.0
PF_0020209_01|80|1|2024-11-19,PF_0020209_01,1008,1.0,0,1008,1.0,0,1008,1.0,0,0.0,1.0,1.0,0.0
PF_0020209_01|80|1|2024-11-27,PF_0020209_01,1007,1.0,0,1007,1.0,0,1007,1.0,0,0.0,1.0,1.0,0.0
PF_0020209_01|80|1|2024-12-05,PF_0020209_01,1008,1.0,0,1008,1.0,0,1008,1.0,0,0.0,1.0,1.0,0.0
PF_0020209_01|80|1|2024-12-12,PF_0020209_01,432,0.42857142857142855,0,432,0.42857142857142855,0,432,0.42857142857142855,0,0.0,0.42857142857142855,0.42857142857142855,0.0
PF_0020209_01|80|1|2024-12-19,PF_0020209_01,2853,1.0,0,3804,1.0,0,951,1.0,0,0.0,1.0,0.0,0.0
PF_0020209_01|80|1|2024-12-26,PF_0020209_01,3024,1.0,0,4032,1.0,0,1008,1.0,0,0.0,1.0,0.0,0.0
PF_0020209_01|80|1|2025-01-02,PF_0020209_01,3006,1.0,0,4008,1.0,0,1002,1.0,0,0.0,1.0,0.0,0.0
PF_0020209_01|80|1|2025-01-08,PF_0020209_01,3009,1.0,0,4012,1.0,0,1003,1.0,0,0.0,1.0,0.0,0.0
PF_0020209_01|80|1|2025-01-15,PF_0020209_01,3006,1.0,0,4008,1.0,0,1002,1.0,0,0.0,1.0,0.0,0.0
PF_0020209_01|80|1|2025-01-22,PF_0020209_01,2670,1.0,0,3560,1.0,0,890,1.0,0,0.0,1.0,0.0,0.0
PF_0020209_01|80|1|2025-01-31,PF_0020209_01,2985,1.0,0,3980,1.0,0,995,1.0,0,0.0,1.0,0.0,0.0
PF_0020209_01|80|1|2025-02-06,PF_0020209_01,3009,1.0,0,4012,1.0,0,1003,1.0,0,0.0,1.0,0.0,0.0
PF_0020209_01|80|1|2025-02-12,PF_0020209_01,3015,1.0,0,4020,1.0,0,1005,1.0,0,0.0,1.0,0.0,0.0
PF_0020209_01|80|1|2025-02-19,PF_0020209_01,3006,1.0,0,4008,1.0,0,1002,1.0,0,0.0,1.0,0.0,0.0
PF_0020209_01|80|1|2025-02-27,PF_0020209_01,3024,1.0,0,4032,1.0,0,1008,1.0,0,0.0,1.0,0.0,0.0
PF_0020209_01|80|1|2025-03-05,PF_0020209_01,3006,1.0,0,4008,1.0,0,1002,1.0,0,0.0,1.0,0.0,0.0
PF_0020209_01|80|1|2025-03-12,PF_0020209_01,2979,1.0,0,3972,1.0,0,993,1.0,0,0.0,1.0,0.0,0.0
PF_0020209_01|80|1|2025-03-19,PF_0020209_01,3024,1.0,0,4032,1.0,0,1008,1.0,0,0.0,1.0,0.0,0.0
PF_0020209_01|80|1|2025-03-28,PF_0020209_01,2919,1.0,0,3892,1.0,0,973,1.0,0,0.0,1.0,0.0,0.0
PF_0020209_01|80|1|2025-04-02,PF_0020209_01,3006,1.0,0,4008,1.0,0,1002,1.0,0,0.0,1.0,0.0,0.0
PF_0020209_01|80|1|2025-04-08,PF_0020209_01,3024,1.0,0,4032,1.0,0,1008,1.0,0,0.0,1.0,0.0,0.0
PF_0020209_01|80|1|2025-04-15,PF_0020209_01,3006,1.0,0,4008,1.0,0,1002,1.0,0,0.0,1.0,0.0,0.0
PF_0020209_01|80|1|2025-04-22,PF_0020209_01,3018,1.0,0,4024,1.0,0,1006,1.0,0,0.0,1.0,0.0,0.0
PF_0020209_01|80|1|2025-04-29,PF_0020209_01,3024,1.0,0,4032,1.0,0,1008,1.0,0,0.0,1.0,0.0,0.0
PF_0020209_01|80|1|2025-05-25,PF_0020209_01,2976,1.0,0,3968,1.0,0,992,1.0,0,0.0,1.0,0.0,0.0
PF_0020209_01|80|1|2025-05-30,PF_0020209_01,1827,0.7142857142857143,0,2436,0.7142857142857143,0,609,0.7142857142857143,0,0.0,0.7142857142857143,0.0,0.0
PF_0020209_01|80|1|2025-06-06,PF_0020209_01,3024,1.0,0,4032,1.0,0,1008,1.0,0,0.0,1.0,0.0,0.0
PF_0020209_01|80|1|2025-06-13,PF_0020209_01,3024,1.0,0,4032,1.0,0,1008,1.0,0,0.0,1.0,0.0,0.0
PF_0020209_01|80|2|2024-10-08,PF_0020209_01,1008,1.0,0,1008,1.0,0,1008,1.0,0,0.0,1.0,1.0,0.0
PF_0020209_01|80|2|2024-10-15,PF_0020209_01,1008,1.0,0,1008,1.0,0,1008,1.0,0,0.0,1.0,1.0,0.0
PF_0020209_01|80|2|2024-10-23,PF_0020209_01,1008,1.0,0,1008,1.0,0,1008,1.0,0,0.0,1.0,1.0,0.0
PF_0020209_01|80|2|2024-10-29,PF_0020209_01,1006,1.0,0,1006,1.0,0,1006,1.0,0,0.0,1.0,1.0,0.0
PF_0020209_01|80|2|2024-11-04,PF_0020209_01,1006,1.0,0,1006,1.0,0,1006,1.0,0,0.0,1.0,1.0,0.0
PF_0020209_01|80|2|2024-11-13,PF_0020209_01,1008,1.0,0,1008,1.0,0,1008,1.0,0,0.0,1.0,1.0,0.0
PF_0020209_01|80|2|2024-11-19,PF_0020209_01,1008,1.0,0,1008,1.0,0,1008,1.0,0,0.0,1.0,1.0,0.0
PF_0020209_01|80|2|2024-11-27,PF_0020209_01,1007,1.0,0,1007,1.0,0,1007,1.0,0,0.0,1.0,1.0,0.0
PF_0020209_01|80|2|2024-12-05,PF_0020209_01,1008,1.0,0,1008,1.0,0,1008,1.0,0,0.0,1.0,1.0,0.0
PF_0020209_01|80|2|2024-12-12,PF_0020209_01,432,0.42857142857142855,0,432,0.42857142857142855,0,432,0.42857142857142855,0,0.0,0.42857142857142855,0.42857142857142855,0.0
PF_0020209_01|80|2|2024-12-19,PF_0020209_01,2853,1.0,0,3804,1.0,0,951,1.0,0,0.0,1.0,0.0,0.0
PF_0020209_01|80|2|2024-12-26,PF_0020209_01,3024,1.0,0,4032,1.0,0,1008,1.0,0,0.0,1.0,0.0,0.0
PF_0020209_01|80|2|2025-01-02,PF_0020209_01,3006,1.0,0,4008,1.0,0,1002,1.0,0,0.0,1.0,0.0,0.0
PF_0020209_01|80|2|2025-01-08,PF_0020209_01,3009,1.0,0,4012,1.0,0,1003,1.0,0,0.0,1.0,0.0,0.0
PF_0020209_01|80|2|2025-01-15,PF_0020209_01,3006,1.0,0,4008,1.0,0,1002,1.0,0,0.0,1.0,0.0,0.0
PF_0020209_01|80|2|2025-01-22,PF_0020209_01,2670,1.0,0,3560,1.0,0,890,1.0,0,0.0,1.0,0.0,0.0
PF_0020209_01|80|2|2025-01-31,PF_0020209_01,2985,1.0,0,3980,1.0,0,995,1.0,0,0.0,1.0,0.0,0.0
PF_0020209_01|80|2|2025-02-06,PF_0020209_01,3009,1.0,0,4012,1.0,0,1003,1.0,0,0.0,1.0,0.0,0.0
PF_0020209_01|80|2|2025-02-12,PF_0020209_01,3015,1.0,0,4020,1.0,0,1005,1.0,0,0.0,1.0,0.0,0.0
PF_0020209_01|80|2|2025-02-19,PF_0020209_01,3006,1.0,0,4008,1.0,0,1002,1.0,0,0.0,1.0,0.0,0.0
PF_0020209_01|80|2|2025-02-27,PF_0020209_01,3024,1.0,0,4032,1.0,0,1008,1.0,0,0.0,1.0,0.0,0.0
PF_0020209_01|80|2|2025-03-05,PF_0020209_01,3006,1.0,0,4008,1.0,0,1002,1.0,0,0.0,1.0,0.0,0.0
PF_0020209_01|80|2|2025-03-12,PF_0020209_01,2979,1.0,0,3972,1.0,0,993,1.0,0,0.0,1.0,0.0,0.0
PF_0020209_01|80|2|2025-03-19,PF_0020209_01,3024,1.0,0,4032,1.0,0,1008,1.0,0,0.0,1.0,0.0,0.0
PF_0020209_01|80|2|2025-03-28,PF_0020209_01,2919,1.0,0,3892,1.0,0,973,1.0,0,0.0,1.0,0.0,0.0
PF_0020209_01|80|2|2025-04-02,PF_0020209_01,3006,1.0,0,4008,1.0,0,1002,1.0,0,0.0,1.0,0.0,0.0
PF_0020209_01|80|2|2025-04-08,PF_0020209_01,3024,1.0,0,4032,1.0,0,1008,1.0,0,0.0,1.0,0.0,0.0
PF_0020209_01|80|2|2025-04-15,PF_0020209_01,3006,1.0,0,4008,1.0,0,1002,1.0,0,0.0,1.0,0.0,0.0
PF_0020209_01|80|2|2025-04-22,PF_0020209_01,3018,1.0,0,4024,1.0,0,1006,1.0,0,0.0,1.0,0.0,0.0
PF_0020209_01|80|2|2025-04-29,PF_0020209_01,3024,1.0,0,4032,1.0,0,1008,1.0,0,0.0,1.0,0.0,0.0
PF_0020209_01|80|2|2025-05-25,PF_0020209_01,2976,1.0,0,3968,1.0,0,992,1.0,0,0.0,1.0,0.0,0.0
PF_0020209_01|80|2|2025-05-30,PF_0020209_01,1827,0.7142857142857143,0,2436,0.7142857142857143,0,609,0.7142857142857143,0,0.0,0.7142857142857143,0.0,0.0
PF_0020209_01|80|2|2025-06-06,PF_0020209_01,3024,1.0,0,4032,1.0,0,1008,1.0,0,0.0,1.0,0.0,0.0
PF_0020209_01|80|2|2025-06-13,PF_0020209_01,3024,1.0,0,4032,1.0,0,1008,1.0,0,0.0,1.0,0.0,0.0
PF_0020209_01|80|3|2024-10-08,PF_0020209_01,1008,1.0,0,1008,1.0,0,1008,1.0,0,0.0,1.0,1.0,0.0
PF_0020209_01|80|3|2024-10-15,PF_0020209_01,1008,1.0,0,1008,1.0,0,1008,1.0,0,0.0,1.0,1.0,0.0
PF_0020209_01|80|3|2024-10-23,PF_0020209_01,1008,1.0,0,1008,1.0,0,1008,1.0,0,0.0,1.0,1.0,0.0
PF_0020209_01|80|3|2024-10-29,PF_0020209_01,1006,1.0,0,1006,1.0,0,1006,1.0,0,0.0,1.0,1.0,0.0
PF_0020209_01|80|3|2024-11-04,PF_0020209_01,1006,1.0,0,1006,1.0,0,1006,1.0,0,0.0,1.0,1.0,0.0
PF_0020209_01|80|3|2024-11-13,PF_0020209_01,1008,1.0,0,1008,1.0,0,1008,1.0,0,0.0,1.0,1.0,0.0
PF_0020209_01|80|3|2024-11-19,PF_0020209_01,1008,1.0,0,1008,1.0,0,1008,1.0,0,0.0,1.0,1.0,0.0
PF_0020209_01|80|3|2024-11-27,PF_0020209_01,1007,1.0,0,1007,1.0,0,1007,1.0,0,0.0,1.0,1.0,0.0
PF_0020209_01|80|3|2024-12-05,PF_0020209_01,1008,1.0,0,1008,1.0,0,1008,1.0,0,0.0,1.0,1.0,0.0
PF_0020209_01|80|3|2024-12-12,PF_0020209_01,432,0.42857142857142855,0,432,0.42857142857142855,0,432,0.42857142857142855,0,0.0,0.42857142857142855,0.42857142857142855,0.0
PF_0020209_01|80|3|2024-12-19,PF_0020209_01,2853,1.0,0,3804,1.0,0,951,1.0,0,0.0,1.0,0.0,0.0
PF_0020209_01|80|3|2024-12-26,PF_0020209_01,3024,1.0,0,4032,1.0,0,1008,1.0,0,0.0,1.0,0.0,0.0
PF_0020209_01|80|3|2025-01-02,PF_0020209_01,3006,1.0,0,4008,1.0,0,1002,1.0,0,0.0,1.0,0.0,0.0
PF_0020209_01|80|3|2025-01-08,PF_0020209_01,3009,1.0,0,4012,1.0,0,1003,1.0,0,0.0,1.0,0.0,0.0
PF_0020209_01|80|3|2025-01-15,PF_0020209_01,3006,1.0,0,4008,1.0,0,1002,1.0,0,0.0,1.0,0.0,0.0
PF_0020209_01|80|3|2025-01-22,PF_0020209_01,2670,1.0,0,3560,1.0,0,890,1.0,0,0.0,1.0,0.0,0.0
PF_0020209_01|80|3|2025-01-31,PF_0020209_01,2985,1.0,0,3980,1.0,0,995,1.0,0,0.0,1.0,0.0,0.0
PF_0020209_01|80|3|2025-02-06,PF_0020209_01,3009,1.0,0,4012,1.0,0,1003,1.0,0,0.0,1.0,0.0,0.0
PF_0020209_01|80|3|2025-02-12,PF_0020209_01,3015,1.0,0,4020,1.0,0,1005,1.0,0,0.0,1.0,0.0,0.0
PF_0020209_01|80|3|2025-02-19,PF_0020209_01,3006,1.0,0,4008,1.0,0,1002,1.0,0,0.0,1.0,0.0,0.0
PF_0020209_01|80|3|2025-02-27,PF_0020209_01,3024,1.0,0,4032,1.0,0,1008,1.0,0,0.0,1.0,0.0,0.0
PF_0020209_01|80|3|2025-03-05,PF_0020209_01,3006,1.0,0,4008,1.0,0,1002,1.0,0,0.0,1.0,0.0,0.0
PF_0020209_01|80|3|2025-03-12,PF_0020209_01,2979,1.0,0,3972,1.0,0,993,1.0,0,0.0,1.0,0.0,0.0
PF_0020209_01|80|3|2025-03-19,PF_0020209_01,3024,1.0,0,4032,1.0,0,1008,1.0,0,0.0,1.0,0.0,0.0
PF_0020209_01|80|3|2025-03-28,PF_0020209_01,2919,1.0,0,3892,1.0,0,973,1.0,0,0.0,1.0,0.0,0.0
PF_0020209_01|80|3|2025-04-02,PF_0020209_01,3006,1.0,0,4008,1.0,0,1002,1.0,0,0.0,1.0,0.0,0.0
PF_0020209_01|80|3|2025-04-08,PF_0020209_01,3024,1.0,0,4032,1.0,0,1008,1.0,0,0.0,1.0,0.0,0.0
PF_0020209_01|80|3|2025-04-15,PF_0020209_01,3006,1.0,0,4008,1.0,0,1002,1.0,0,0.0,1.0,0.0,0.0
PF_0020209_01|80|3|2025-04-22,PF_0020209_01,3018,1.0,0,4024,1.0,0,1006,1.0,0,0.0,1.0,0.0,0.0
PF_0020209_01|80|3|2025-04-29,PF_0020209_01,3024,1.0,0,4032,1.0,0,1008,1.0,0,0.0,1.0,0.0,0.0
PF_0020209_01|80|3|2025-05-25,PF_0020209_01,2976,1.0,0,3968,1.0,0,992,1.0,0,0.0,1.0,0.0,0.0
PF_0020209_01|80|3|2025-05-30,PF_0020209_01,1827,0.7142857142857143,0,2436,0.7142857142857143,0,609,0.7142857142857143,0,0.0,0.7142857142857143,0.0,0.0
PF_0020209_01|80|3|2025-06-06,PF_0020209_01,3024,1.0,0,4032,1.0,0,1008,1.0,0,0.0,1.0,0.0,0.0
PF_0020209_01|80|3|2025-06-13,PF_0020209_01,3024,1.0,0,4032,1.0,0,1008,1.0,0,0.0,1.0,0.0,0.0
PF_0020209_01|80|4|2024-10-08,PF_0020209_01,1008,1.0,0,1008,1.0,0,1008,1.0,0,0.0,1.0,1.0,0.0
PF_0020209_01|80|4|2024-10-15,PF_0020209_01,1008,1.0,0,1008,1.0,0,1008,1.0,0,0.0,1.0,1.0,0.0
PF_0020209_01|80|4|2024-10-23,PF_0020209_01,1008,1.0,0,1008,1.0,0,1008,1.0,0,0.0,1.0,1.0,0.0
PF_0020209_01|80|4|2024-10-29,PF_0020209_01,1006,1.0,0,1006,1.0,0,1006,1.0,0,0.0,1.0,1.0,0.0
PF_0020209_01|80|4|2024-11-04,PF_0020209_01,1006,1.0,0,1006,1.0,0,1006,1.0,0,0.0,1.0,1.0,0.0
PF_0020209_01|80|4|2024-11-13,PF_0020209_01,1008,1.0,0,1008,1.0,0,1008,1.0,0,0.0,1.0,1.0,0.0
PF_0020209_01|80|4|2024-11-19,PF_0020209_01,1008,1.0,0,1008,1.0,0,1008,1.0,0,0.0,1.0,1.0,0.0
PF_0020209_01|80|4|2024-11-27,PF_0020209_01,1007,1.0,0,1007,1.0,0,1007,1.0,0,0.0,1.0,1.0,0.0
PF_0020209_01|80|4|2024-12-05,PF_0020209_01,1008,1.0,0,1008,1.0,0,1008,1.0,0,0.0,1.0,1.0,0.0
PF_0020209_01|80|4|2024-12-12,PF_0020209_01,432,0.42857142857142855,0,432,0.42857142857142855,0,432,0.42857142857142855,0,0.0,0.42857142857142855,0.42857142857142855,0.0
PF_0020209_01|80|4|2024-12-19,PF_0020209_01,2853,1.0,0,3804,1.0,0,951,1.0,0,0.0,1.0,0.0,0.0
PF_0020209_01|80|4|2024-12-26,PF_0020209_01,3024,1.0,0,4032,1.0,0,1008,1.0,0,0.0,1.0,0.0,0.0
PF_0020209_01|80|4|2025-01-02,PF_0020209_01,3006,1.0,0,4008,1.0,0,1002,1.0,0,0.0,1.0,0.0,0.0
PF_0020209_01|80|4|2025-01-08,PF_0020209_01,3009,1.0,0,4012,1.0,0,1003,1.0,0,0.0,1.0,0.0,0.0
PF_0020209_01|80|4|2025-01-15,PF_0020209_01,3006,1.0,0,4008,1.0,0,1002,1.0,0,0.0,1.0,0.0,0.0
PF_0020209_01|80|4|2025-01-22,PF_0020209_01,2670,1.0,0,3560,1.0,0,890,1.0,0,0.0,1.0,0.0,0.0
PF_0020209_01|80|4|2025-01-31,PF_0020209_01,2985,1.0,0,3980,1.0,0,995,1.0,0,0.0,1.0,0.0,0.0
PF_0020209_01|80|4|2025-02-06,PF_0020209_01,3009,1.0,0,4012,1.0,0,1003,1.0,0,0.0,1.0,0.0,0.0
PF_0020209_01|80|4|2025-02-12,PF_0020209_01,3015,1.0,0,4020,1.0,0,1005,1.0,0,0.0,1.0,0.0,0.0
PF_0020209_01|80|4|2025-02-19,PF_0020209_01,3006,1.0,0,4008,1.0,0,1002,1.0,0,0.0,1.0,0.0,0.0
PF_0020209_01|80|4|2025-02-27,PF_0020209_01,3024,1.0,0,4032,1.0,0,1008,1.0,0,0.0,1.0,0.0,0.0
PF_0020209_01|80|4|2025-03-05,PF_0020209_01,3006,1.0,0,4008,1.0,0,1002,1.0,0,0.0,1.0,0.0,0.0
PF_0020209_01|80|4|2025-03-12,PF_0020209_01,2979,1.0,0,3972,1.0,0,993,1.0,0,0.0,1.0,0.0,0.0
PF_0020209_01|80|4|2025-03-19,PF_0020209_01,3024,1.0,0,4032,1.0,0,1008,1.0,0,0.0,1.0,0.0,0.0
PF_0020209_01|80|4|2025-03-28,PF_0020209_01,2919,1.0,0,3892,1.0,0,973,1.0,0,0.0,1.0,0.0,0.0
PF_0020209_01|80|4|2025-04-02,PF_0020209_01,3006,1.0,0,4008,1.0,0,1002,1.0,0,0.0,1.0,0.0,0.0
PF_0020209_01|80|4|2025-04-08,PF_0020209_01,3024,1.0,0,4032,1.0,0,1008,1.0,0,0.0,1.0,0.0,0.0
PF_0020209_01|80|4|2025-04-15,PF_0020209_01,3006,1.0,0,4008,1.0,0,1002,1.0,0,0.0,1.0,0.0,0.0
PF_0020209_01|80|4|2025-04-22,PF_0020209_01,3018,1.0,0,4024,1.0,0,1006,1.0,0,0.0,1.0,0.0,0.0
PF_0020209_01|80|4|2025-04-29,PF_0020209_01,3024,1.0,0,4032,1.0,0,1008,1.0,0,0.0,1.0,0.0,0.0
PF_0020209_01|80|4|2025-05-25,PF_0020209_01,2976,1.0,0,3968,1.0,0,992,1.0,0,0.0,1.0,0.0,0.0
PF_0020209_01|80|4|2025-05-30,PF_0020209_01,1827,0.7142857142857143,0,2436,0.7142857142857143,0,609,0.7142857142857143,0,0.0,0.7142857142857143,0.0,0.0
PF_0020209_01|80|4|2025-06-06,PF_0020209_01,3024,1.0,0,4032,1.0,0,1008,1.0,0,0.0,1.0,0.0,0.0
PF_0020209_01|80|4|2025-06-13,PF_0020209_01,3024,1.0,0,4032,1.0,0,1008,1.0,0,0.0,1.0,0.0,0.0
PF_0020209_01|80|5|2024-10-08,PF_0020209_01,1008,1.0,0,1008,1.0,0,1008,1.0,0,0.0,1.0,1.0,0.0
PF_0020209_01|80|5|2024-10-15,PF_0020209_01,1008,1.0,0,1008,1.0,0,1008,1.0,0,0.0,1.0,1.0,0.0
PF_0020209_01|80|5|2024-10-23,PF_0020209_01,1008,1.0,0,1008,1.0,0,1008,1.0,0,0.0,1.0,1.0,0.0
PF_0020209_01|80|5|2024-10-29,PF_0020209_01,1006,1.0,0,1006,1.0,0,1006,1.0,0,0.0,1.0,1.0,0.0
PF_0020209_01|80|5|2024-11-04,PF_0020209_01,1006,1.0,0,1006,1.0,0,1006,1.0,0,0.0,1.0,1.0,0.0
PF_0020209_01|80|5|2024-11-13,PF_0020209_01,1008,1.0,0,1008,1.0,0,1008,1.0,0,0.0,1.0,1.0,0.0
PF_0020209_01|80|5|2024-11-19,PF_0020209_01,1008,1.0,0,1008,1.0,0,1008,1.0,0,0.0,1.0,1.0,0.0
PF_0020209_01|80|5|2024-11-27,PF_0020209_01,1007,1.0,0,1007,1.0,0,1007,1.0,0,0.0,1.0,1.0,0.0
PF_0020209_01|80|5|2024-12-05,PF_0020209_01,1008,1.0,0,1008,1.0,0,1008,1.0,0,0.0,1.0,1.0,0.0
PF_0020209_01|80|5|2024-12-12,PF_0020209_01,432,0.42857142857142855,0,432,0.42857142857142855,0,432,0.42857142857142855,0,0.0,0.42857142857142855,0.42857142857142855,0.0
PF_0020209_01|80|5|2024-12-19,PF_0020209_01,2853,1.0,0,3804,1.0,0,951,1.0,0,0.0,1.0,0.0,0.0
PF_0020209_01|80|5|2024-12-26,PF_0020209_01,3024,1.0,0,4032,1.0,0,1008,1.0,0,0.0,1.0,0.0,0.0
PF_0020209_01|80|5|2025-01-02,PF_0020209_01,3006,1.0,0,4008,1.0,0,1002,1.0,0,0.0,1.0,0.0,0.0
PF_0020209_01|80|5|2025-01-08,PF_0020209_01,3009,1.0,0,4012,1.0,0,1003,1.0,0,0.0,1.0,0.0,0.0
PF_0020209_01|80|5|2025-01-15,PF_0020209_01,3006,1.0,0,4008,1.0,0,1002,1.0,0,0.0,1.0,0.0,0.0
PF_0020209_01|80|5|2025-01-22,PF_0020209_01,2670,1.0,0,3560,1.0,0,890,1.0,0,0.0,1.0,0.0,0.0
PF_0020209_01|80|5|2025-01-31,PF_0020209_01,2985,1.0,0,3980,1.0,0,995,1.0,0,0.0,1.0,0.0,0.0
PF_0020209_01|80|5|2025-02-06,PF_0020209_01,3009,1.0,0,4012,1.0,0,1003,1.0,0,0.0,1.0,0.0,0.0
PF_0020209_01|80|5|2025-02-12,PF_0020209_01,3015,1.0,0,4020,1.0,0,1005,1.0,0,0.0,1.0,0.0,0.0
PF_0020209_01|80|5|2025-02-19,PF_0020209_01,3006,1.0,0,4008,1.0,0,1002,1.0,0,0.0,1.0,0.0,0.0
PF_0020209_01|80|5|2025-02-27,PF_0020209_01,3024,1.0,0,4032,1.0,0,1008,1.0,0,0.0,1.0,0.0,0.0
PF_0020209_01|80|5|2025-03-05,PF_0020209_01,3006,1.0,0,4008,1.0,0,1002,1.0,0,0.0,1.0,0.0,0.0
PF_0020209_01|80|5|2025-03-12,PF_0020209_01,2979,1.0,0,3972,1.0,0,993,1.0,0,0.0,1.0,0.0,0.0
PF_0020209_01|80|5|2025-03-19,PF_0020209_01,3024,1.0,0,4032,1.0,0,1008,1.0,0,0.0,1.0,0.0,0.0
PF_0020209_01|80|5|2025-03-28,PF_0020209_01,2919,1.0,0,3892,1.0,0,973,1.0,0,0.0,1.0,0.0,0.0
PF_0020209_01|80|5|2025-04-02,PF_0020209_01,3006,1.0,0,4008,1.0,0,1002,1.0,0,0.0,1.0,0.0,0.0
PF_0020209_01|80|5|2025-04-08,PF_0020209_01,3024,1.0,0,4032,1.0,0,1008,1.0,0,0.0,1.0,0.0,0.0
PF_0020209_01|80|5|2025-04-15,PF_0020209_01,3006,1.0,0,4008,1.0,0,1002,1.0,0,0.0,1.0,0.0,0.0
PF_0020209_01|80|5|2025-04-22,PF_0020209_01,3018,1.0,0,4024,1.0,0,1006,1.0,0,0.0,1.0,0.0,0.0
PF_0020209_01|80|5|2025-04-29,PF_0020209_01,3024,1.0,0,4032,1.0,0,1008,1.0,0,0.0,1.0,0.0,0.0
PF_0020209_01|80|5|2025-05-25,PF_0020209_01,2976,1.0,0,3968,1.0,0,992,1.0,0,0.0,1.0,0.0,0.0
PF_0020209_01|80|5|2025-05-30,PF_0020209_01,1827,0.7142857142857143,0,2436,0.7142857142857143,0,609,0.7142857142857143,0,0.0,0.7142857142857143,0.0,0.0
PF_0020209_01|80|5|2025-06-06,PF_0020209_01,3024,1.0,0,4032,1.0,0,1008,1.0,0,0.0,1.0,0.0,0.0
PF_0020209_01|80|5|2025-06-13,PF_0020209_01,3024,1.0,0,4032,1.0,0,1008,1.0,0,0.0,1.0,0.0,0.0
PF_0020209_01|80|6|2024-10-08,PF_0020209_01,1008,1.0,0,1008,1.0,0,1008,1.0,0,0.0,1.0,1.0,0.0
PF_0020209_01|80|6|2024-10-15,PF_0020209_01,1008,1.0,0,1008,1.0,0,1008,1.0,0,0.0,1.0,1.0,0.0
PF_0020209_01|80|6|2024-10-23,PF_0020209_01,1008,1.0,0,1008,1.0,0,1008,1.0,0,0.0,1.0,1.0,0.0
PF_0020209_01|80|6|2024-10-29,PF_0020209_01,1006,1.0,0,1006,1.0,0,1006,1.0,0,0.0,1.0,1.0,0.0
PF_0020209_01|80|6|2024-11-04,PF_0020209_01,1006,1.0,0,1006,1.0,0,1006,1.0,0,0.0,1.0,1.0,0.0
PF_0020209_01|80|6|2024-11-13,PF_0020209_01,1008,1.0,0,1008,1.0,0,1008,1.0,0,0.0,1.0,1.0,0.0
PF_0020209_01|80|6|2024-11-19,PF_0020209_01,1008,1.0,0,1008,1.0,0,1008,1.0,0,0.0,1.0,1.0,0.0
PF_0020209_01|80|6|2024-11-27,PF_0020209_01,1007,1.0,0,1007,1.0,0,1007,1.0,0,0.0,1.0,1.0,0.0
PF_0020209_01|80|6|2024-12-05,PF_0020209_01,1008,1.0,0,1008,1.0,0,1008,1.0,0,0.0,1.0,1.0,0.0
PF_0020209_01|80|6|2024-12-12,PF_0020209_01,432,0.42857142857142855,0,432,0.42857142857142855,0,432,0.42857142857142855,0,0.0,0.42857142857142855,0.42857142857142855,0.0
PF_0020209_01|80|6|2024-12-19,PF_0020209_01,2853,1.0,0,3804,1.0,0,951,1.0,0,0.0,1.0,0.0,0.0
PF_0020209_01|80|6|2024-12-26,PF_0020209_01,3024,1.0,0,4032,1.0,0,1008,1.0,0,0.0,1.0,0.0,0.0
PF_0020209_01|80|6|2025-01-02,PF_0020209_01,3006,1.0,0,4008,1.0,0,1002,1.0,0,0.0,1.0,0.0,0.0
PF_0020209_01|80|6|2025-01-08,PF_0020209_01,3009,1.0,0,4012,1.0,0,1003,1.0,0,0.0,1.0,0.0,0.0
PF_0020209_01|80|6|2025-01-15,PF_0020209_01,3006,1.0,0,4008,1.0,0,1002,1.0,0,0.0,1.0,0.0,0.0
PF_0020209_01|80|6|2025-01-22,PF_0020209_01,2670,1.0,0,3560,1.0,0,890,1.0,0,0.0,1.0,0.0,0.0
PF_0020209_01|80|7|2024-10-08,PF_0020209_01,1008,1.0,0,1008,1.0,0,1008,1.0,0,0.0,1.0,1.0,0.0
PF_0020209_01|80|7|2024-10-15,PF_0020209_01,1008,1.0,0,1008,1.0,0,1008,1.0,0,0.0,1.0,1.0,0.0
PF_0020209_01|80|7|2024-10-23,PF_0020209_01,1008,1.0,0,1008,1.0,0,1008,1.0,0,0.0,1.0,1.0,0.0
PF_0020209_01|80|7|2024-10-29,PF_0020209_01,1006,1.0,0,1006,1.0,0,1006,1.0,0,0.0,1.0,1.0,0.0
PF_0020209_01|80|7|2024-11-04,PF_0020209_01,1006,1.0,0,1006,1.0,0,1006,1.0,0,0.0,1.0,1.0,0.0
PF_0020209_01|80|7|2024-11-13,PF_0020209_01,1008,1.0,0,1008,1.0,0,1008,1.0,0,0.0,1.0,1.0,0.0
PF_0020209_01|80|7|2024-11-19,PF_0020209_01,1008,1.0,0,1008,1.0,0,1008,1.0,0,0.0,1.0,1.0,0.0
PF_0020209_01|80|7|2024-11-27,PF_0020209_01,1007,1.0,0,1007,1.0,0,1007,1.0,0,0.0,1.0,1.0,0.0
PF_0020209_01|80|7|2024-12-05,PF_0020209_01,1008,1.0,0,1008,1.0,0,1008,1.0,0,0.0,1.0,1.0,0.0
PF_0020209_01|80|7|2024-12-12,PF_0020209_01,432,0.42857142857142855,0,432,0.42857142857142855,0,432,0.42857142857142855,0,0.0,0.42857142857142855,0.42857142857142855,0.0
PF_0020209_01|80|7|2024-12-19,PF_0020209_01,2853,1.0,0,3804,1.0,0,951,1.0,0,0.0,1.0,0.0,0.0
PF_0020209_01|80|7|2024-12-26,PF_0020209_01,3024,1.0,0,4032,1.0,0,1008,1.0,0,0.0,1.0,0.0,0.0
PF_0020209_01|80|7|2025-01-02,PF_0020209_01,3006,1.0,0,4008,1.0,0,1002,1.0,0,0.0,1.0,0.0,0.0
PF_0020209_01|80|7|2025-01-08,PF_0020209_01,3009,1.0,0,4012,1.0,0,1003,1.0,0,0.0,1.0,0.0,0.0
PF_0020209_01|80|7|2025-01-15,PF_0020209_01,3006,1.0,0,4008,1.0,0,1002,1.0,0,0.0,1.0,0.0,0.0
PF_0020209_01|80|7|2025-01-22,PF_0020209_01,2670,1.0,0,3560,1.0,0,890,1.0,0,0.0,1.0,0.0,0.0
PF_0020209_01|80|7|2025-01-31,PF_0020209_01,2985,1.0,0,3980,1.0,0,995,1.0,0,0.0,1.0,0.0,0.0
PF_0020209_01|80|7|2025-02-06,PF_0020209_01,3009,1.0,0,4012,1.0,0,1003,1.0,0,0.0,1.0,0.0,0.0
PF_0020209_01|80|7|2025-02-12,PF_0020209_01,3015,1.0,0,4020,1.0,0,1005,1.0,0,0.0,1.0,0.0,0.0
PF_0020209_01|80|7|2025-02-19,PF_0020209_01,3006,1.0,0,4008,1.0,0,1002,1.0,0,0.0,1.0,0.0,0.0
PF_0020209_01|80|7|2025-02-27,PF_0020209_01,3024,1.0,0,4032,1.0,0,1008,1.0,0,0.0,1.0,0.0,0.0
PF_0020209_01|80|7|2025-03-05,PF_0020209_01,3006,1.0,0,4008,1.0,0,1002,1.0,0,0.0,1.0,0.0,0.0
PF_0020209_01|80|7|2025-03-12,PF_0020209_01,2979,1.0,0,3972,1.0,0,993,1.0,0,0.0,1.0,0.0,0.0
PF_0020209_01|80|7|2025-03-19,PF_0020209_01,3024,1.0,0,4032,1.0,0,1008,1.0,0,0.0,1.0,0.0,0.0
PF_0020209_01|80|7|2025-03-28,PF_0020209_01,2919,1.0,0,3892,1.0,0,973,1.0,0,0.0,1.0,0.0,0.0
PF_0020209_01|80|7|2025-04-02,PF_0020209_01,3006,1.0,0,4008,1.0,0,1002,1.0,0,0.0,1.0,0.0,0.0
PF_0020209_01|80|7|2025-04-08,PF_0020209_01,3024,1.0,0,4032,1.0,0,1008,1.0,0,0.0,1.0,0.0,0.0
PF_0020209_01|80|7|2025-04-15,PF_0020209_01,3006,1.0,0,4008,1.0,0,1002,1.0,0,0.0,1.0,0.0,0.0
PF_0020209_01|80|7|2025-04-22,PF_0020209_01,3018,1.0,0,4024,1.0,0,1006,1.0,0,0.0,1.0,0.0,0.0
PF_0020209_01|80|7|2025-04-29,PF_0020209_01,3024,1.0,0,4032,1.0,0,1008,1.0,0,0.0,1.0,0.0,0.0
PF_0020209_01|80|7|2025-05-25,PF_0020209_01,2976,1.0,0,3968,1.0,0,992,1.0,0,0.0,1.0,0.0,0.0
PF_0020209_01|80|8|2024-10-08,PF_0020209_01,1008,1.0,0,1008,1.0,0,1008,1.0,0,0.0,1.0,1.0,0.0
PF_0020209_01|80|8|2024-10-15,PF_0020209_01,1008,1.0,0,1008,1.0,0,1008,1.0,0,0.0,1.0,1.0,0.0
PF_0020209_01|80|8|2024-10-23,PF_0020209_01,1008,1.0,0,1008,1.0,0,1008,1.0,0,0.0,1.0,1.0,0.0
PF_0020209_01|80|8|2024-10-29,PF_0020209_01,1006,1.0,0,1006,1.0,0,1006,1.0,0,0.0,1.0,1.0,0.0
PF_0020209_01|80|8|2024-11-04,PF_0020209_01,1006,1.0,0,1006,1.0,0,1006,1.0,0,0.0,1.0,1.0,0.0
PF_0020209_01|80|8|2024-11-13,PF_0020209_01,1008,1.0,0,1008,1.0,0,1008,1.0,0,0.0,1.0,1.0,0.0
PF_0020209_01|80|8|2024-11-19,PF_0020209_01,1008,1.0,0,1008,1.0,0,1008,1.0,0,0.0,1.0,1.0,0.0
PF_0020209_01|80|8|2024-11-27,PF_0020209_01,1007,1.0,0,1007,1.0,0,1007,1.0,0,0.0,1.0,1.0,0.0
PF_0020209_01|80|8|2024-12-05,PF_0020209_01,1008,1.0,0,1008,1.0,0,1008,1.0,0,0.0,1.0,1.0,0.0
PF_0020209_01|80|8|2024-12-12,PF_0020209_01,432,0.42857142857142855,0,432,0.42857142857142855,0,432,0.42857142857142855,0,0.0,0.42857142857142855,0.42857142857142855,0.0
PF_0020209_01|80|8|2024-12-19,PF_0020209_01,2853,1.0,0,3804,1.0,0,951,1.0,0,0.0,1.0,0.0,0.0
PF_0020209_01|80|8|2024-12-26,PF_0020209_01,3024,1.0,0,4032,1.0,0,1008,1.0,0,0.0,1.0,0.0,0.0
PF_0020209_01|80|8|2025-01-02,PF_0020209_01,3006,1.0,0,4008,1.0,0,1002,1.0,0,0.0,1.0,0.0,0.0
PF_0020209_01|80|8|2025-01-08,PF_0020209_01,3009,1.0,0,4012,1.0,0,1003,1.0,0,0.0,1.0,0.0,0.0
PF_0020209_01|80|8|2025-01-15,PF_0020209_01,3006,1.0,0,4008,1.0,0,1002,1.0,0,0.0,1.0,0.0,0.0
PF_0020209_01|80|8|2025-01-22,PF_0020209_01,2670,1.0,0,3560,1.0,0,890,1.0,0,0.0,1.0,0.0,0.0
PF_0020209_01|80|8|2025-01-31,PF_0020209_01,2985,1.0,0,3980,1.0,0,995,1.0,0,0.0,1.0,0.0,0.0
PF_0020209_01|80|8|2025-02-06,PF_0020209_01,3009,1.0,0,4012,1.0,0,1003,1.0,0,0.0,1.0,0.0,0.0
PF_0020209_01|80|8|2025-02-12,PF_0020209_01,3015,1.0,0,4020,1.0,0,1005,1.0,0,0.0,1.0,0.0,0.0
PF_0020209_01|80|8|2025-02-19,PF_0020209_01,3006,1.0,0,4008,1.0,0,1002,1.0,0,0.0,1.0,0.0,0.0
PF_0020209_01|80|8|2025-02-27,PF_0020209_01,3024,1.0,0,4032,1.0,0,1008,1.0,0,0.0,1.0,0.0,0.0
PF_0020209_01|80|8|2025-03-05,PF_0020209_01,3006,1.0,0,4008,1.0,0,1002,1.0,0,0.0,1.0,0.0,0.0
PF_0020209_01|80|8|2025-03-12,PF_0020209_01,2979,1.0,0,3972,1.0,0,993,1.0,0,0.0,1.0,0.0,0.0
PF_0020209_01|80|8|2025-03-19,PF_0020209_01,3024,1.0,0,4032,1.0,0,1008,1.0,0,0.0,1.0,0.0,0.0
PF_0020209_01|80|8|2025-03-28,PF_0020209_01,2919,1.0,0,3892,1.0,0,973,1.0,0,0.0,1.0,0.0,0.0
PF_0020209_01|80|8|2025-04-02,PF_0020209_01,3006,1.0,0,4008,1.0,0,1002,1.0,0,0.0,1.0,0.0,0.0
PF_0020209_01|80|8|2025-04-08,PF_0020209_01,3024,1.0,0,4032,1.0,0,1008,1.0,0,0.0,1.0,0.0,0.0
PF_0020209_01|80|8|2025-04-15,PF_0020209_01,3006,1.0,0,4008,1.0,0,1002,1.0,0,0.0,1.0,0.0,0.0
PF_0020209_01|80|8|2025-04-22,PF_0020209_01,3018,1.0,0,4024,1.0,0,1006,1.0,0,0.0,1.0,0.0,0.0
PF_0020209_01|80|8|2025-04-29,PF_0020209_01,3024,1.0,0,4032,1.0,0,1008,1.0,0,0.0,1.0,0.0,0.0
PF_0020209_01|80|8|2025-05-25,PF_0020209_01,2976,1.0,0,3968,1.0,0,992,1.0,0,0.0,1.0,0.0,0.0
PF_0020209_01|80|8|2025-05-30,PF_0020209_01,1827,0.7142857142857143,0,2436,0.7142857142857143,0,609,0.7142857142857143,0,0.0,0.7142857142857143,0.0,0.0
PF_0020209_01|80|8|2025-06-06,PF_0020209_01,3024,1.0,0,4032,1.0,0,1008,1.0,0,0.0,1.0,0.0,0.0
PF_0020209_01|80|8|2025-06-13,PF_0020209_01,3024,1.0,0,4032,1.0,0,1008,1.0,0,0.0,1.0,0.0,0.0
PF_0020209_01|80|9|2024-10-08,PF_0020209_01,1008,1.0,0,1008,1.0,0,1008,1.0,0,0.0,1.0,1.0,0.0
PF_0020209_01|80|9|2024-10-15,PF_0020209_01,1008,1.0,0,1008,1.0,0,1008,1.0,0,0.0,1.0,1.0,0.0
PF_0020209_01|80|9|2024-10-23,PF_0020209_01,1008,1.0,0,1008,1.0,0,1008,1.0,0,0.0,1.0,1.0,0.0
PF_0020209_01|80|9|2024-10-29,PF_0020209_01,1006,1.0,0,1006,1.0,0,1006,1.0,0,0.0,1.0,1.0,0.0
PF_0020209_01|80|9|2024-11-04,PF_0020209_01,1006,1.0,0,1006,1.0,0,1006,1.0,0,0.0,1.0,1.0,0.0
PF_0020209_01|80|9|2024-11-13,PF_0020209_01,1008,1.0,0,1008,1.0,0,1008,1.0,0,0.0,1.0,1.0,0.0
PF_0020209_01|80|9|2024-11-19,PF_0020209_01,1008,1.0,0,1008,1.0,0,1008,1.0,0,0.0,1.0,1.0,0.0
PF_0020209_01|80|9|2024-11-27,PF_0020209_01,1007,1.0,0,1007,1.0,0,1007,1.0,0,0.0,1.0,1.0,0.0
PF_0020209_01|80|9|2024-12-05,PF_0020209_01,1008,1.0,0,1008,1.0,0,1008,1.0,0,0.0,1.0,1.0,0.0
PF_0020209_01|80|9|2024-12-12,PF_0020209_01,432,0.42857142857142855,0,432,0.42857142857142855,0,432,0.42857142857142855,0,0.0,0.42857142857142855,0.42857142857142855,0.0
PF_0020209_01|80|9|2024-12-19,PF_0020209_01,2853,1.0,0,3804,1.0,0,951,1.0,0,0.0,1.0,0.0,0.0
PF_0020209_01|80|9|2024-12-26,PF_0020209_01,3024,1.0,0,4032,1.0,0,1008,1.0,0,0.0,1.0,0.0,0.0
PF_0020209_01|80|9|2025-01-02,PF_0020209_01,3006,1.0,0,4008,1.0,0,1002,1.0,0,0.0,1.0,0.0,0.0
PF_0020209_01|80|9|2025-01-08,PF_0020209_01,3009,1.0,0,4012,1.0,0,1003,1.0,0,0.0,1.0,0.0,0.0
PF_0020209_01|80|9|2025-01-15,PF_0020209_01,3006,1.0,0,4008,1.0,0,1002,1.0,0,0.0,1.0,0.0,0.0
PF_0020209_01|80|9|2025-01-22,PF_0020209_01,2670,1.0,0,3560,1.0,0,890,1.0,0,0.0,1.0,0.0,0.0
PF_0020209_01|80|9|2025-01-31,PF_0020209_01,2985,1.0,0,3980,1.0,0,995,1.0,0,0.0,1.0,0.0,0.0
PF_0020209_01|80|9|2025-02-06,PF_0020209_01,3009,1.0,0,4012,1.0,0,1003,1.0,0,0.0,1.0,0.0,0.0
PF_0020209_01|80|9|2025-02-12,PF_0020209_01,3015,1.0,0,4020,1.0,0,1005,1.0,0,0.0,1.0,0.0,0.0
PF_0020209_01|80|9|2025-02-19,PF_0020209_01,3006,1.0,0,4008,1.0,0,1002,1.0,0,0.0,1.0,0.0,0.0
PF_0020209_01|80|9|2025-02-27,PF_0020209_01,3024,1.0,0,4032,1.0,0,1008,1.0,0,0.0,1.0,0.0,0.0
PF_0020209_01|80|9|2025-03-05,PF_0020209_01,3006,1.0,0,4008,1.0,0,1002,1.0,0,0.0,1.0,0.0,0.0
PF_0020209_01|80|9|2025-03-12,PF_0020209_01,2979,1.0,0,3972,1.0,0,993,1.0,0,0.0,1.0,0.0,0.0
PF_0020209_01|80|9|2025-03-19,PF_0020209_01,3024,1.0,0,4032,1.0,0,1008,1.0,0,0.0,1.0,0.0,0.0
PF_0020209_01|80|9|2025-03-28,PF_0020209_01,2919,1.0,0,3892,1.0,0,973,1.0,0,0.0,1.0,0.0,0.0
PF_0020209_01|80|9|2025-04-02,PF_0020209_01,3006,1.0,0,4008,1.0,0,1002,1.0,0,0.0,1.0,0.0,0.0
PF_0020209_01|80|9|2025-04-08,PF_0020209_01,3024,1.0,0,4032,1.0,0,1008,1.0,0,0.0,1.0,0.0,0.0
PF_0020209_01|80|9|2025-04-15,PF_0020209_01,3006,1.0,0,4008,1.0,0,1002,1.0,0,0.0,1.0,0.0,0.0
PF_0020209_01|80|9|2025-04-22,PF_0020209_01,3018,1.0,0,4024,1.0,0,1006,1.0,0,0.0,1.0,0.0,0.0
PF_0020209_01|80|9|2025-04-29,PF_0020209_01,3024,1.0,0,4032,1.0,0,1008,1.0,0,0.0,1.0,0.0,0.0
PF_0020209_01|80|9|2025-05-25,PF_0020209_01,2976,1.0,0,3968,1.0,0,992,1.0,0,0.0,1.0,0.0,0.0
PF_0020209_01|80|9|2025-05-30,PF_0020209_01,1827,0.7142857142857143,0,2436,0.7142857142857143,0,609,0.7142857142857143,0,0.0,0.7142857142857143,0.0,0.0
PF_0020209_01|80|9|2025-06-06,PF_0020209_01,3024,1.0,0,4032,1.0,0,1008,1.0,0,0.0,1.0,0.0,0.0
PF_0020209_01|80|9|2025-06-13,PF_0020209_01,3024,1.0,0,4032,1.0,0,1008,1.0,0,0.0,1.0,0.0,0.0
PF_0020209_01|81|2|2025-10-20,PF_0020209_01,2751,1.0,0,3668,1.0,0,917,1.0,0,0.0,1.0,0.0,0.0
PF_0020209_01|81|4|2025-10-20,PF_0020209_01,2751,1.0,0,3668,1.0,0,917,1.0,0,0.0,1.0,0.0,0.0
PF_0020209_01|81|8|2025-10-20,PF_0020209_01,2751,1.0,0,3668,1.0,0,917,1.0,0,0.0,1.0,0.0,0.0
PF_0024689_01|163|1|2024-10-03,PF_0024689_01,0,0.0,0,0,0.0,0,0,0.0,0,0.0,0.0,0.0,0.0
PF_0024689_01|163|1|2024-10-11,PF_0024689_01,0,0.0,0,0,0.0,0,0,0.0,0,0.0,0.0,0.0,0.0
PF_0024689_01|163|1|2024-10-17,PF_0024689_01,0,0.0,0,0,0.0,0,0,0.0,0,0.0,0.0,0.0,0.0
PF_0024689_01|163|1|2024-10-25,PF_0024689_01,0,0.0,0,0,0.0,0,0,0.0,0,0.0,0.0,0.0,0.0
PF_0024689_01|163|1|2024-10-31,PF_0024689_01,203,0.2857142857142857,0,203,0.2857142857142857,0,203,0.2857142857142857,0,0.0,0.2857142857142857,0.2857142857142857,0.0
PF_0024689_01|163|1|2024-11-08,PF_0024689_01,210,0.2857142857142857,0,210,0.2857142857142857,0,210,0.2857142857142857,0,0.0,0.2857142857142857,0.2857142857142857,0.0
PF_0024689_01|163|1|2024-11-14,PF_0024689_01,1,0.14285714285714285,0,1,0.14285714285714285,0,1,0.14285714285714285,0,0.0,0.14285714285714285,0.14285714285714285,0.0
PF_0024689_01|163|1|2024-11-22,PF_0024689_01,0,0.0,0,0,0.0,0,75,0.14285714285714285,0,0.0,0.0,0.0,0.0
PF_0024689_01|163|1|2024-11-29,PF_0024689_01,0,0.0,0,0,0.0,0,997,1.0,0,0.0,0.0,0.0,0.0
PF_0024689_01|163|1|2024-12-06,PF_0024689_01,673,0.7142857142857143,0,673,0.7142857142857143,0,1008,1.0,0,0.0,0.0,0.0,0.0
PF_0024689_01|163|1|2025-01-09,PF_0024689_01,1271,1.0,0,1359,1.0,0,1095,1.0,0,0.0,0.14285714285714285,0.0,0.0
PF_0024689_01|163|1|2025-01-16,PF_0024689_01,4029,1.0,0,5036,1.0,0,2015,1.0,0,0.0,1.0,0.0,0.0
PF_0024689_01|163|1|2025-01-23,PF_0024689_01,3557,1.0,0,4447,1.0,0,1777,1.0,0,0.0,1.0,0.0,0.0
PF_0024689_01|163|1|2025-02-07,PF_0024689_01,3981,1.0,0,4976,1.0,0,1991,1.0,0,0.0,1.0,0.0,0.0
PF_0024689_01|163|1|2025-02-13,PF_0024689_01,4004,1.0,0,5003,1.0,0,2006,1.0,0,0.0,1.0,0.0,0.0
PF_0024689_01|163|1|2025-02-20,PF_0024689_01,4003,1.0,0,5002,1.0,0,2005,1.0,0,0.0,1.0,0.0,0.0
PF_0024689_01|163|1|2025-02-28,PF_0024689_01,4032,1.0,0,5040,1.0,0,2016,1.0,0,0.0,1.0,0.0,0.0
PF_0024689_01|163|1|2025-03-13,PF_0024689_01,4032,1.0,0,5040,1.0,0,2016,1.0,0,0.0,1.0,0.0,0.0
PF_0024689_01|163|1|2025-03-22,PF_0024689_01,3892,1.0,0,4865,1.0,0,1946,1.0,0,0.0,1.0,0.0,0.0
PF_0024689_01|163|1|2025-03-29,PF_0024689_01,4032,1.0,0,5040,1.0,0,2016,1.0,0,0.0,1.0,0.0,0.0
PF_0024689_01|163|1|2025-04-03,PF_0024689_01,4009,1.0,0,5012,1.0,0,2003,1.0,0,0.0,1.0,0.0,0.0
PF_0024689_01|163|1|2025-04-09,PF_0024689_01,4013,1.0,0,5015,1.0,0,2009,1.0,0,0.0,1.0,0.0,0.0
PF_0024689_01|163|1|2025-04-16,PF_0024689_01,4013,1.0,1,5016,1.0,0,2010,1.0,0,0.0,1.0,0.0,0.0
PF_0024689_01|163|1|2025-04-23,PF_0024689_01,4032,1.0,0,5040,1.0,0,2016,1.0,0,0.0,1.0,0.0,0.0
PF_0024689_01|163|1|2025-04-30,PF_0024689_01,4029,1.0,0,5037,1.0,0,2013,1.0,0,0.0,1.0,0.0,0.0
PF_0024689_01|163|2|2024-10-03,PF_0024689_01,0,0.0,0,0,0.0,0,0,0.0,0,0.0,0.0,0.0,0.0
PF_0024689_01|163|2|2024-10-11,PF_0024689_01,0,0.0,0,0,0.0,0,0,0.0,0,0.0,0.0,0.0,0.0
PF_0024689_01|163|2|2024-10-17,PF_0024689_01,0,0.0,0,0,0.0,0,0,0.0,0,0.0,0.0,0.0,0.0
PF_0024689_01|163|2|2024-10-25,PF_0024689_01,0,0.0,0,0,0.0,0,0,0.0,0,0.0,0.0,0.0,0.0
PF_0024689_01|163|2|2024-10-31,PF_0024689_01,203,0.2857142857142857,0,203,0.2857142857142857,0,203,0.2857142857142857,0,0.0,0.2857142857142857,0.2857142857142857,0.0
PF_0024689_01|163|2|2024-11-08,PF_0024689_01,210,0.2857142857142857,0,210,0.2857142857142857,0,210,0.2857142857142857,0,0.0,0.2857142857142857,0.2857142857142857,0.0
PF_0024689_01|163|2|2024-11-14,PF_0024689_01,1,0.14285714285714285,0,1,0.14285714285714285,0,1,0.14285714285714285,0,0.0,0.14285714285714285,0.14285714285714285,0.0
PF_0024689_01|163|2|2024-11-22,PF_0024689_01,0,0.0,0,0,0.0,0,75,0.14285714285714285,0,0.0,0.0,0.0,0.0
PF_0024689_01|163|2|2024-11-29,PF_0024689_01,0,0.0,0,0,0.0,0,997,1.0,0,0.0,0.0,0.0,0.0
PF_0024689_01|163|2|2024-12-06,PF_0024689_01,673,0.7142857142857143,0,673,0.7142857142857143,0,1008,1.0,0,0.0,0.0,0.0,0.0
PF_0024689_01|163|2|2025-01-09,PF_0024689_01,1271,1.0,0,1359,1.0,0,1095,1.0,0,0.0,0.14285714285714285,0.0,0.0
PF_0024689_01|163|2|2025-01-16,PF_0024689_01,4029,1.0,0,5036,1.0,0,2015,1.0,0,0.0,1.0,0.0,0.0
PF_0024689_01|163|2|2025-01-23,PF_0024689_01,3557,1.0,0,4447,1.0,0,1777,1.0,0,0.0,1.0,0.0,0.0
PF_0024689_01|163|2|2025-02-07,PF_0024689_01,3981,1.0,0,4976,1.0,0,1991,1.0,0,0.0,1.0,0.0,0.0
PF_0024689_01|163|2|2025-02-13,PF_0024689_01,4004,1.0,0,5003,1.0,0,2006,1.0,0,0.0,1.0,0.0,0.0
PF_0024689_01|163|2|2025-02-20,PF_0024689_01,4003,1.0,0,5002,1.0,0,2005,1.0,0,0.0,1.0,0.0,0.0
PF_0024689_01|163|2|2025-02-28,PF_0024689_01,4032,1.0,0,5040,1.0,0,2016,1.0,0,0.0,1.0,0.0,0.0
PF_0024689_01|163|2|2025-03-13,PF_0024689_01,4032,1.0,0,5040,1.0,0,2016,1.0,0,0.0,1.0,0.0,0.0
PF_0024689_01|163|2|2025-03-22,PF_0024689_01,3892,1.0,0,4865,1.0,0,1946,1.0,0,0.0,1.0,0.0,0.0
PF_0024689_01|163|2|2025-03-29,PF_0024689_01,4032,1.0,0,5040,1.0,0,2016,1.0,0,0.0,1.0,0.0,0.0
PF_0024689_01|163|2|2025-04-03,PF_0024689_01,4009,1.0,0,5012,1.0,0,2003,1.0,0,0.0,1.0,0.0,0.0
PF_0024689_01|163|2|2025-04-09,PF_0024689_01,4013,1.0,0,5015,1.0,0,2009,1.0,0,0.0,1.0,0.0,0.0
PF_0024689_01|163|2|2025-04-16,PF_0024689_01,4013,1.0,1,5016,1.0,0,2010,1.0,0,0.0,1.0,0.0,0.0
PF_0024689_01|163|2|2025-04-23,PF_0024689_01,4032,1.0,0,5040,1.0,0,2016,1.0,0,0.0,1.0,0.0,0.0
PF_0024689_01|163|2|2025-04-30,PF_0024689_01,4029,1.0,0,5037,1.0,0,2013,1.0,0,0.0,1.0,0.0,0.0
PF_0024689_01|163|3|2024-10-03,PF_0024689_01,0,0.0,0,0,0.0,0,0,0.0,0,0.0,0.0,0.0,0.0
PF_0024689_01|163|3|2024-10-11,PF_0024689_01,0,0.0,0,0,0.0,0,0,0.0,0,0.0,0.0,0.0,0.0
PF_0024689_01|163|3|2024-10-17,PF_0024689_01,0,0.0,0,0,0.0,0,0,0.0,0,0.0,0.0,0.0,0.0
PF_0024689_01|163|3|2024-10-25,PF_0024689_01,0,0.0,0,0,0.0,0,0,0.0,0,0.0,0.0,0.0,0.0
PF_0024689_01|163|3|2024-10-31,PF_0024689_01,203,0.2857142857142857,0,203,0.2857142857142857,0,203,0.2857142857142857,0,0.0,0.2857142857142857,0.2857142857142857,0.0
PF_0024689_01|163|3|2024-11-08,PF_0024689_01,210,0.2857142857142857,0,210,0.2857142857142857,0,210,0.2857142857142857,0,0.0,0.2857142857142857,0.2857142857142857,0.0
PF_0024689_01|163|3|2024-11-14,PF_0024689_01,1,0.14285714285714285,0,1,0.14285714285714285,0,1,0.14285714285714285,0,0.0,0.14285714285714285,0.14285714285714285,0.0
PF_0024689_01|163|3|2024-11-22,PF_0024689_01,0,0.0,0,0,0.0,0,75,0.14285714285714285,0,0.0,0.0,0.0,0.0
PF_0024689_01|163|3|2024-11-29,PF_0024689_01,0,0.0,0,0,0.0,0,997,1.0,0,0.0,0.0,0.0,0.0
PF_0024689_01|163|3|2024-12-06,PF_0024689_01,673,0.7142857142857143,0,673,0.7142857142857143,0,1008,1.0,0,0.0,0.0,0.0,0.0
PF_0024689_01|163|3|2025-01-09,PF_0024689_01,1271,1.0,0,1359,1.0,0,1095,1.0,0,0.0,0.14285714285714285,0.0,0.0
PF_0024689_01|163|3|2025-01-16,PF_0024689_01,4029,1.0,0,5036,1.0,0,2015,1.0,0,0.0,1.0,0.0,0.0
PF_0024689_01|163|3|2025-01-23,PF_0024689_01,3557,1.0,0,4447,1.0,0,1777,1.0,0,0.0,1.0,0.0,0.0
PF_0024689_01|163|3|2025-02-07,PF_0024689_01,3981,1.0,0,4976,1.0,0,1991,1.0,0,0.0,1.0,0.0,0.0
PF_0024689_01|163|3|2025-02-13,PF_0024689_01,4004,1.0,0,5003,1.0,0,2006,1.0,0,0.0,1.0,0.0,0.0
PF_0024689_01|163|3|2025-02-20,PF_0024689_01,4003,1.0,0,5002,1.0,0,2005,1.0,0,0.0,1.0,0.0,0.0
PF_0024689_01|163|3|2025-02-28,PF_0024689_01,4032,1.0,0,5040,1.0,0,2016,1.0,0,0.0,1.0,0.0,0.0
PF_0024689_01|163|3|2025-03-13,PF_0024689_01,4032,1.0,0,5040,1.0,0,2016,1.0,0,0.0,1.0,0.0,0.0
PF_0024689_01|163|3|2025-03-22,PF_0024689_01,3892,1.0,0,4865,1.0,0,1946,1.0,0,0.0,1.0,0.0,0.0
PF_0024689_01|163|3|2025-03-29,PF_0024689_01,4032,1.0,0,5040,1.0,0,2016,1.0,0,0.0,1.0,0.0,0.0
PF_0024689_01|163|3|2025-04-03,PF_0024689_01,4009,1.0,0,5012,1.0,0,2003,1.0,0,0.0,1.0,0.0,0.0
PF_0024689_01|163|3|2025-04-09,PF_0024689_01,4013,1.0,0,5015,1.0,0,2009,1.0,0,0.0,1.0,0.0,0.0
PF_0024689_01|163|3|2025-04-16,PF_0024689_01,4013,1.0,1,5016,1.0,0,2010,1.0,0,0.0,1.0,0.0,0.0
PF_0024689_01|163|3|2025-04-23,PF_0024689_01,4032,1.0,0,5040,1.0,0,2016,1.0,0,0.0,1.0,0.0,0.0
PF_0024689_01|163|3|2025-04-30,PF_0024689_01,4029,1.0,0,5037,1.0,0,2013,1.0,0,0.0,1.0,0.0,0.0
PF_0024689_01|163|4|2024-10-03,PF_0024689_01,0,0.0,0,0,0.0,0,0,0.0,0,0.0,0.0,0.0,0.0
PF_0024689_01|163|4|2024-10-11,PF_0024689_01,0,0.0,0,0,0.0,0,0,0.0,0,0.0,0.0,0.0,0.0
PF_0024689_01|163|4|2024-10-17,PF_0024689_01,0,0.0,0,0,0.0,0,0,0.0,0,0.0,0.0,0.0,0.0
PF_0024689_01|163|4|2024-10-25,PF_0024689_01,0,0.0,0,0,0.0,0,0,0.0,0,0.0,0.0,0.0,0.0
PF_0024689_01|163|4|2024-10-31,PF_0024689_01,203,0.2857142857142857,0,203,0.2857142857142857,0,203,0.2857142857142857,0,0.0,0.2857142857142857,0.2857142857142857,0.0
PF_0024689_01|163|4|2024-11-08,PF_0024689_01,210,0.2857142857142857,0,210,0.2857142857142857,0,210,0.2857142857142857,0,0.0,0.2857142857142857,0.2857142857142857,0.0
PF_0024689_01|163|4|2024-11-14,PF_0024689_01,1,0.14285714285714285,0,1,0.14285714285714285,0,1,0.14285714285714285,0,0.0,0.14285714285714285,0.14285714285714285,0.0
PF_0024689_01|163|4|2024-11-22,PF_0024689_01,0,0.0,0,0,0.0,0,75,0.14285714285714285,0,0.0,0.0,0.0,0.0
PF_0024689_01|163|4|2024-11-29,PF_0024689_01,0,0.0,0,0,0.0,0,997,1.0,0,0.0,0.0,0.0,0.0
PF_0024689_01|163|4|2024-12-06,PF_0024689_01,673,0.7142857142857143,0,673,0.7142857142857143,0,1008,1.0,0,0.0,0.0,0.0,0.0
PF_0024689_01|163|4|2025-01-09,PF_0024689_01,1271,1.0,0,1359,1.0,0,1095,1.0,0,0.0,0.14285714285714285,0.0,0.0
PF_0024689_01|163|4|2025-01-16,PF_0024689_01,4029,1.0,0,5036,1.0,0,2015,1.0,0,0.0,1.0,0.0,0.0
PF_0024689_01|163|4|2025-01-23,PF_0024689_01,3557,1.0,0,4447,1.0,0,1777,1.0,0,0.0,1.0,0.0,0.0
PF_0024689_01|163|4|2025-02-07,PF_0024689_01,3981,1.0,0,4976,1.0,0,1991,1.0,0,0.0,1.0,0.0,0.0
PF_0024689_01|163|4|2025-02-13,PF_0024689_01,4004,1.0,0,5003,1.0,0,2006,1.0,0,0.0,1.0,0.0,0.0
PF_0024689_01|163|4|2025-02-20,PF_0024689_01,4003,1.0,0,5002,1.0,0,2005,1.0,0,0.0,1.0,0.0,0.0
PF_0024689_01|163|4|2025-02-28,PF_0024689_01,4032,1.0,0,5040,1.0,0,2016,1.0,0,0.0,1.0,0.0,0.0
PF_0024689_01|163|4|2025-03-13,PF_0024689_01,4032,1.0,0,5040,1.0,0,2016,1.0,0,0.0,1.0,0.0,0.0
PF_0024689_01|163|4|2025-03-22,PF_0024689_01,3892,1.0,0,4865,1.0,0,1946,1.0,0,0.0,1.0,0.0,0.0
PF_0024689_01|163|4|2025-03-29,PF_0024689_01,4032,1.0,0,5040,1.0,0,2016,1.0,0,0.0,1.0,0.0,0.0
PF_0024689_01|163|4|2025-04-03,PF_0024689_01,4009,1.0,0,5012,1.0,0,2003,1.0,0,0.0,1.0,0.0,0.0
PF_0024689_01|163|4|2025-04-09,PF_0024689_01,4013,1.0,0,5015,1.0,0,2009,1.0,0,0.0,1.0,0.0,0.0
PF_0024689_01|163|4|2025-04-16,PF_0024689_01,4013,1.0,1,5016,1.0,0,2010,1.0,0,0.0,1.0,0.0,0.0
PF_0024689_01|163|4|2025-04-23,PF_0024689_01,4032,1.0,0,5040,1.0,0,2016,1.0,0,0.0,1.0,0.0,0.0
PF_0024689_01|163|4|2025-04-30,PF_0024689_01,4029,1.0,0,5037,1.0,0,2013,1.0,0,0.0,1.0,0.0,0.0
PF_0024689_01|163|5|2024-10-03,PF_0024689_01,0,0.0,0,0,0.0,0,0,0.0,0,0.0,0.0,0.0,0.0
PF_0024689_01|163|5|2024-10-11,PF_0024689_01,0,0.0,0,0,0.0,0,0,0.0,0,0.0,0.0,0.0,0.0
PF_0024689_01|163|5|2024-10-17,PF_0024689_01,0,0.0,0,0,0.0,0,0,0.0,0,0.0,0.0,0.0,0.0
PF_0024689_01|163|5|2024-10-25,PF_0024689_01,0,0.0,0,0,0.0,0,0,0.0,0,0.0,0.0,0.0,0.0
PF_0024689_01|163|5|2024-10-31,PF_0024689_01,203,0.2857142857142857,0,203,0.2857142857142857,0,203,0.2857142857142857,0,0.0,0.2857142857142857,0.2857142857142857,0.0
PF_0024689_01|163|5|2024-11-08,PF_0024689_01,210,0.2857142857142857,0,210,0.2857142857142857,0,210,0.2857142857142857,0,0.0,0.2857142857142857,0.2857142857142857,0.0
PF_0024689_01|163|5|2024-11-14,PF_0024689_01,1,0.14285714285714285,0,1,0.14285714285714285,0,1,0.14285714285714285,0,0.0,0.14285714285714285,0.14285714285714285,0.0
PF_0024689_01|163|5|2024-11-22,PF_0024689_01,0,0.0,0,0,0.0,0,75,0.14285714285714285,0,0.0,0.0,0.0,0.0
PF_0024689_01|163|5|2024-11-29,PF_0024689_01,0,0.0,0,0,0.0,0,997,1.0,0,0.0,0.0,0.0,0.0
PF_0024689_01|163|5|2024-12-06,PF_0024689_01,673,0.7142857142857143,0,673,0.7142857142857143,0,1008,1.0,0,0.0,0.0,0.0,0.0
PF_0024689_01|163|5|2025-01-09,PF_0024689_01,1271,1.0,0,1359,1.0,0,1095,1.0,0,0.0,0.14285714285714285,0.0,0.0
PF_0024689_01|163|5|2025-01-16,PF_0024689_01,4029,1.0,0,5036,1.0,0,2015,1.0,0,0.0,1.0,0.0,0.0
PF_0024689_01|163|5|2025-01-23,PF_0024689_01,3557,1.0,0,4447,1.0,0,1777,1.0,0,0.0,1.0,0.0,0.0
PF_0024689_01|163|5|2025-02-07,PF_0024689_01,3981,1.0,0,4976,1.0,0,1991,1.0,0,0.0,1.0,0.0,0.0
PF_0024689_01|163|5|2025-02-13,PF_0024689_01,4004,1.0,0,5003,1.0,0,2006,1.0,0,0.0,1.0,0.0,0.0
PF_0024689_01|163|5|2025-02-20,PF_0024689_01,4003,1.0,0,5002,1.0,0,2005,1.0,0,0.0,1.0,0.0,0.0
PF_0024689_01|163|5|2025-02-28,PF_0024689_01,4032,1.0,0,5040,1.0,0,2016,1.0,0,0.0,1.0,0.0,0.0
PF_0024689_01|163|5|2025-03-13,PF_0024689_01,4032,1.0,0,5040,1.0,0,2016,1.0,0,0.0,1.0,0.0,0.0
PF_0024689_01|163|5|2025-03-22,PF_0024689_01,3892,1.0,0,4865,1.0,0,1946,1.0,0,0.0,1.0,0.0,0.0
PF_0024689_01|163|5|2025-03-29,PF_0024689_01,4032,1.0,0,5040,1.0,0,2016,1.0,0,0.0,1.0,0.0,0.0
PF_0024689_01|163|5|2025-04-03,PF_0024689_01,4009,1.0,0,5012,1.0,0,2003,1.0,0,0.0,1.0,0.0,0.0
PF_0024689_01|163|5|2025-04-09,PF_0024689_01,4013,1.0,0,5015,1.0,0,2009,1.0,0,0.0,1.0,0.0,0.0
PF_0024689_01|163|5|2025-04-16,PF_0024689_01,4013,1.0,1,5016,1.0,0,2010,1.0,0,0.0,1.0,0.0,0.0
PF_0024689_01|163|5|2025-04-23,PF_0024689_01,4032,1.0,0,5040,1.0,0,2016,1.0,0,0.0,1.0,0.0,0.0
PF_0024689_01|163|5|2025-04-30,PF_0024689_01,4029,1.0,0,5037,1.0,0,2013,1.0,0,0.0,1.0,0.0,0.0
PF_0024689_01|163|6|2024-10-03,PF_0024689_01,0,0.0,0,0,0.0,0,0,0.0,0,0.0,0.0,0.0,0.0
PF_0024689_01|163|6|2024-10-11,PF_0024689_01,0,0.0,0,0,0.0,0,0,0.0,0,0.0,0.0,0.0,0.0
PF_0024689_01|163|6|2024-10-17,PF_0024689_01,0,0.0,0,0,0.0,0,0,0.0,0,0.0,0.0,0.0,0.0
PF_0024689_01|163|6|2024-10-25,PF_0024689_01,0,0.0,0,0,0.0,0,0,0.0,0,0.0,0.0,0.0,0.0
PF_0024689_01|163|6|2024-10-31,PF_0024689_01,203,0.2857142857142857,0,203,0.2857142857142857,0,203,0.2857142857142857,0,0.0,0.2857142857142857,0.2857142857142857,0.0
PF_0024689_01|163|6|2024-11-08,PF_0024689_01,210,0.2857142857142857,0,210,0.2857142857142857,0,210,0.2857142857142857,0,0.0,0.2857142857142857,0.2857142857142857,0.0
PF_0024689_01|163|6|2024-11-14,PF_0024689_01,1,0.14285714285714285,0,1,0.14285714285714285,0,1,0.14285714285714285,0,0.0,0.14285714285714285,0.14285714285714285,0.0
PF_0024689_01|163|6|2024-11-22,PF_0024689_01,0,0.0,0,0,0.0,0,75,0.14285714285714285,0,0.0,0.0,0.0,0.0
PF_0024689_01|163|6|2024-11-29,PF_0024689_01,0,0.0,0,0,0.0,0,997,1.0,0,0.0,0.0,0.0,0.0
PF_0024689_01|163|6|2024-12-06,PF_0024689_01,673,0.7142857142857143,0,673,0.7142857142857143,0,1008,1.0,0,0.0,0.0,0.0,0.0
PF_0024689_01|163|6|2025-01-09,PF_0024689_01,1271,1.0,0,1359,1.0,0,1095,1.0,0,0.0,0.14285714285714285,0.0,0.0
PF_0024689_01|163|6|2025-01-16,PF_0024689_01,4029,1.0,0,5036,1.0,0,2015,1.0,0,0.0,1.0,0.0,0.0
PF_0024689_01|163|6|2025-01-23,PF_0024689_01,3557,1.0,0,4447,1.0,0,1777,1.0,0,0.0,1.0,0.0,0.0
PF_0024689_01|163|6|2025-02-07,PF_0024689_01,3981,1.0,0,4976,1.0,0,1991,1.0,0,0.0,1.0,0.0,0.0
PF_0024689_01|163|6|2025-02-13,PF_0024689_01,4004,1.0,0,5003,1.0,0,2006,1.0,0,0.0,1.0,0.0,0.0
PF_0024689_01|163|6|2025-02-20,PF_0024689_01,4003,1.0,0,5002,1.0,0,2005,1.0,0,0.0,1.0,0.0,0.0
PF_0024689_01|163|6|2025-02-28,PF_0024689_01,4032,1.0,0,5040,1.0,0,2016,1.0,0,0.0,1.0,0.0,0.0
PF_0024689_01|163|6|2025-03-13,PF_0024689_01,4032,1.0,0,5040,1.0,0,2016,1.0,0,0.0,1.0,0.0,0.0
PF_0024689_01|163|6|2025-03-22,PF_0024689_01,3892,1.0,0,4865,1.0,0,1946,1.0,0,0.0,1.0,0.0,0.0
PF_0024689_01|163|6|2025-03-29,PF_0024689_01,4032,1.0,0,5040,1.0,0,2016,1.0,0,0.0,1.0,0.0,0.0
PF_0024689_01|163|6|2025-04-03,PF_0024689_01,4009,1.0,0,5012,1.0,0,2003,1.0,0,0.0,1.0,0.0,0.0
PF_0024689_01|163|6|2025-04-09,PF_0024689_01,4013,1.0,0,5015,1.0,0,2009,1.0,0,0.0,1.0,0.0,0.0
PF_0024689_01|163|6|2025-04-16,PF_0024689_01,4013,1.0,1,5016,1.0,0,2010,1.0,0,0.0,1.0,0.0,0.0
PF_0024689_01|163|6|2025-04-23,PF_0024689_01,4032,1.0,0,5040,1.0,0,2016,1.0,0,0.0,1.0,0.0,0.0
PF_0024689_01|163|6|2025-04-30,PF_0024689_01,4029,1.0,0,5037,1.0,0,2013,1.0,0,0.0,1.0,0.0,0.0
PF_0024689_01|163|7|2024-10-03,PF_0024689_01,0,0.0,0,0,0.0,0,0,0.0,0,0.0,0.0,0.0,0.0
PF_0024689_01|163|7|2024-10-11,PF_0024689_01,0,0.0,0,0,0.0,0,0,0.0,0,0.0,0.0,0.0,0.0
PF_0024689_01|163|7|2024-10-17,PF_0024689_01,0,0.0,0,0,0.0,0,0,0.0,0,0.0,0.0,0.0,0.0
PF_0024689_01|163|7|2024-10-25,PF_0024689_01,0,0.0,0,0,0.0,0,0,0.0,0,0.0,0.0,0.0,0.0
PF_0024689_01|163|7|2024-10-31,PF_0024689_01,203,0.2857142857142857,0,203,0.2857142857142857,0,203,0.2857142857142857,0,0.0,0.2857142857142857,0.2857142857142857,0.0
PF_0024689_01|163|7|2024-11-08,PF_0024689_01,210,0.2857142857142857,0,210,0.2857142857142857,0,210,0.2857142857142857,0,0.0,0.2857142857142857,0.2857142857142857,0.0
PF_0024689_01|163|7|2024-11-14,PF_0024689_01,1,0.14285714285714285,0,1,0.14285714285714285,0,1,0.14285714285714285,0,0.0,0.14285714285714285,0.14285714285714285,0.0
PF_0024689_01|163|7|2024-11-22,PF_0024689_01,0,0.0,0,0,0.0,0,75,0.14285714285714285,0,0.0,0.0,0.0,0.0
PF_0024689_01|163|7|2024-11-29,PF_0024689_01,0,0.0,0,0,0.0,0,997,1.0,0,0.0,0.0,0.0,0.0
PF_0024689_01|163|7|2024-12-06,PF_0024689_01,673,0.7142857142857143,0,673,0.7142857142857143,0,1008,1.0,0,0.0,0.0,0.0,0.0
PF_0024689_01|163|7|2025-01-09,PF_0024689_01,1271,1.0,0,1359,1.0,0,1095,1.0,0,0.0,0.14285714285714285,0.0,0.0
PF_0024689_01|163|7|2025-01-16,PF_0024689_01,4029,1.0,0,5036,1.0,0,2015,1.0,0,0.0,1.0,0.0,0.0
PF_0024689_01|163|7|2025-01-23,PF_0024689_01,3557,1.0,0,4447,1.0,0,1777,1.0,0,0.0,1.0,0.0,0.0
PF_0024689_01|163|7|2025-02-07,PF_0024689_01,3981,1.0,0,4976,1.0,0,1991,1.0,0,0.0,1.0,0.0,0.0
PF_0024689_01|163|7|2025-02-13,PF_0024689_01,4004,1.0,0,5003,1.0,0,2006,1.0,0,0.0,1.0,0.0,0.0
PF_0024689_01|163|7|2025-02-20,PF_0024689_01,4003,1.0,0,5002,1.0,0,2005,1.0,0,0.0,1.0,0.0,0.0
PF_0024689_01|163|7|2025-02-28,PF_0024689_01,4032,1.0,0,5040,1.0,0,2016,1.0,0,0.0,1.0,0.0,0.0
PF_0024689_01|163|7|2025-03-13,PF_0024689_01,4032,1.0,0,5040,1.0,0,2016,1.0,0,0.0,1.0,0.0,0.0
PF_0024689_01|163|7|2025-03-22,PF_0024689_01,3892,1.0,0,4865,1.0,0,1946,1.0,0,0.0,1.0,0.0,0.0
PF_0024689_01|163|7|2025-03-29,PF_0024689_01,4032,1.0,0,5040,1.0,0,2016,1.0,0,0.0,1.0,0.0,0.0
PF_0024689_01|163|7|2025-04-03,PF_0024689_01,4009,1.0,0,5012,1.0,0,2003,1.0,0,0.0,1.0,0.0,0.0
PF_0024689_01|163|7|2025-04-09,PF_0024689_01,4013,1.0,0,5015,1.0,0,2009,1.0,0,0.0,1.0,0.0,0.0
PF_0024689_01|163|7|2025-04-16,PF_0024689_01,4013,1.0,1,5016,1.0,0,2010,1.0,0,0.0,1.0,0.0,0.0
PF_0024689_01|163|7|2025-04-23,PF_0024689_01,4032,1.0,0,5040,1.0,0,2016,1.0,0,0.0,1.0,0.0,0.0
PF_0024689_01|163|7|2025-04-30,PF_0024689_01,4029,1.0,0,5037,1.0,0,2013,1.0,0,0.0,1.0,0.0,0.0
PF_0024689_01|163|8|2024-10-03,PF_0024689_01,0,0.0,0,0,0.0,0,0,0.0,0,0.0,0.0,0.0,0.0
PF_0024689_01|163|8|2024-10-11,PF_0024689_01,0,0.0,0,0,0.0,0,0,0.0,0,0.0,0.0,0.0,0.0
PF_0024689_01|163|8|2024-10-17,PF_0024689_01,0,0.0,0,0,0.0,0,0,0.0,0,0.0,0.0,0.0,0.0
PF_0024689_01|163|8|2024-10-25,PF_0024689_01,0,0.0,0,0,0.0,0,0,0.0,0,0.0,0.0,0.0,0.0
PF_0024689_01|163|8|2024-10-31,PF_0024689_01,203,0.2857142857142857,0,203,0.2857142857142857,0,203,0.2857142857142857,0,0.0,0.2857142857142857,0.2857142857142857,0.0
PF_0024689_01|163|8|2024-11-08,PF_0024689_01,210,0.2857142857142857,0,210,0.2857142857142857,0,210,0.2857142857142857,0,0.0,0.2857142857142857,0.2857142857142857,0.0
PF_0024689_01|163|8|2024-11-14,PF_0024689_01,1,0.14285714285714285,0,1,0.14285714285714285,0,1,0.14285714285714285,0,0.0,0.14285714285714285,0.14285714285714285,0.0
PF_0024689_01|163|8|2024-11-22,PF_0024689_01,0,0.0,0,0,0.0,0,75,0.14285714285714285,0,0.0,0.0,0.0,0.0
PF_0024689_01|163|8|2024-11-29,PF_0024689_01,0,0.0,0,0,0.0,0,997,1.0,0,0.0,0.0,0.0,0.0
PF_0024689_01|163|8|2024-12-06,PF_0024689_01,673,0.7142857142857143,0,673,0.7142857142857143,0,1008,1.0,0,0.0,0.0,0.0,0.0
PF_0024689_01|163|8|2025-01-09,PF_0024689_01,1271,1.0,0,1359,1.0,0,1095,1.0,0,0.0,0.14285714285714285,0.0,0.0
PF_0024689_01|163|8|2025-01-16,PF_0024689_01,4029,1.0,0,5036,1.0,0,2015,1.0,0,0.0,1.0,0.0,0.0
PF_0024689_01|163|8|2025-01-23,PF_0024689_01,3557,1.0,0,4447,1.0,0,1777,1.0,0,0.0,1.0,0.0,0.0
PF_0024689_01|163|8|2025-02-07,PF_0024689_01,3981,1.0,0,4976,1.0,0,1991,1.0,0,0.0,1.0,0.0,0.0
PF_0024689_01|163|8|2025-02-13,PF_0024689_01,4004,1.0,0,5003,1.0,0,2006,1.0,0,0.0,1.0,0.0,0.0
PF_0024689_01|163|8|2025-02-20,PF_0024689_01,4003,1.0,0,5002,1.0,0,2005,1.0,0,0.0,1.0,0.0,0.0
PF_0024689_01|163|8|2025-02-28,PF_0024689_01,4032,1.0,0,5040,1.0,0,2016,1.0,0,0.0,1.0,0.0,0.0
PF_0024689_01|163|8|2025-03-13,PF_0024689_01,4032,1.0,0,5040,1.0,0,2016,1.0,0,0.0,1.0,0.0,0.0
PF_0024689_01|163|8|2025-03-22,PF_0024689_01,3892,1.0,0,4865,1.0,0,1946,1.0,0,0.0,1.0,0.0,0.0
PF_0024689_01|163|8|2025-03-29,PF_0024689_01,4032,1.0,0,5040,1.0,0,2016,1.0,0,0.0,1.0,0.0,0.0
PF_0024689_01|163|8|2025-04-03,PF_0024689_01,4009,1.0,0,5012,1.0,0,2003,1.0,0,0.0,1.0,0.0,0.0
PF_0024689_01|163|8|2025-04-09,PF_0024689_01,4013,1.0,0,5015,1.0,0,2009,1.0,0,0.0,1.0,0.0,0.0
PF_0024689_01|163|8|2025-04-16,PF_0024689_01,4013,1.0,1,5016,1.0,0,2010,1.0,0,0.0,1.0,0.0,0.0
PF_0024689_01|163|8|2025-04-23,PF_0024689_01,4032,1.0,0,5040,1.0,0,2016,1.0,0,0.0,1.0,0.0,0.0
PF_0024689_01|163|8|2025-04-30,PF_0024689_01,4029,1.0,0,5037,1.0,0,2013,1.0,0,0.0,1.0,0.0,0.0
PF_0024689_01|163|9|2024-10-03,PF_0024689_01,0,0.0,0,0,0.0,0,0,0.0,0,0.0,0.0,0.0,0.0
PF_0024689_01|163|9|2024-10-11,PF_0024689_01,0,0.0,0,0,0.0,0,0,0.0,0,0.0,0.0,0.0,0.0
PF_0024689_01|163|9|2024-10-17,PF_0024689_01,0,0.0,0,0,0.0,0,0,0.0,0,0.0,0.0,0.0,0.0
PF_0024689_01|163|9|2024-10-25,PF_0024689_01,0,0.0,0,0,0.0,0,0,0.0,0,0.0,0.0,0.0,0.0
PF_0024689_01|163|9|2024-10-31,PF_0024689_01,203,0.2857142857142857,0,203,0.2857142857142857,0,203,0.2857142857142857,0,0.0,0.2857142857142857,0.2857142857142857,0.0
PF_0024689_01|163|9|2024-11-08,PF_0024689_01,210,0.2857142857142857,0,210,0.2857142857142857,0,210,0.2857142857142857,0,0.0,0.2857142857142857,0.2857142857142857,0.0
PF_0024689_01|163|9|2024-11-14,PF_0024689_01,1,0.14285714285714285,0,1,0.14285714285714285,0,1,0.14285714285714285,0,0.0,0.14285714285714285,0.14285714285714285,0.0
PF_0024689_01|163|9|2024-11-22,PF_0024689_01,0,0.0,0,0,0.0,0,75,0.14285714285714285,0,0.0,0.0,0.0,0.0
PF_0024689_01|163|9|2024-11-29,PF_0024689_01,0,0.0,0,0,0.0,0,997,1.0,0,0.0,0.0,0.0,0.0
PF_0024689_01|163|9|2024-12-06,PF_0024689_01,673,0.7142857142857143,0,673,0.7142857142857143,0,1008,1.0,0,0.0,0.0,0.0,0.0
PF_0024689_01|163|9|2025-01-09,PF_0024689_01,1271,1.0,0,1359,1.0,0,1095,1.0,0,0.0,0.14285714285714285,0.0,0.0
PF_0024689_01|163|9|2025-01-16,PF_0024689_01,4029,1.0,0,5036,1.0,0,2015,1.0,0,0.0,1.0,0.0,0.0
PF_0024689_01|163|9|2025-01-23,PF_0024689_01,3557,1.0,0,4447,1.0,0,1777,1.0,0,0.0,1.0,0.0,0.0
PF_0024689_01|163|9|2025-02-07,PF_0024689_01,3981,1.0,0,4976,1.0,0,1991,1.0,0,0.0,1.0,0.0,0.0
PF_0024689_01|163|9|2025-02-13,PF_0024689_01,4004,1.0,0,5003,1.0,0,2006,1.0,0,0.0,1.0,0.0,0.0
PF_0024689_01|163|9|2025-02-20,PF_0024689_01,4003,1.0,0,5002,1.0,0,2005,1.0,0,0.0,1.0,0.0,0.0
PF_0024689_01|163|9|2025-02-28,PF_0024689_01,4032,1.0,0,5040,1.0,0,2016,1.0,0,0.0,1.0,0.0,0.0
PF_0024689_01|163|9|2025-03-13,PF_0024689_01,4032,1.0,0,5040,1.0,0,2016,1.0,0,0.0,1.0,0.0,0.0
PF_0024689_01|163|9|2025-03-22,PF_0024689_01,3892,1.0,0,4865,1.0,0,1946,1.0,0,0.0,1.0,0.0,0.0
PF_0024689_01|163|9|2025-03-29,PF_0024689_01,4032,1.0,0,5040,1.0,0,2016,1.0,0,0.0,1.0,0.0,0.0
PF_0024689_01|163|9|2025-04-03,PF_0024689_01,4009,1.0,0,5012,1.0,0,2003,1.0,0,0.0,1.0,0.0,0.0
PF_0024689_01|163|9|2025-04-09,PF_0024689_01,4013,1.0,0,5015,1.0,0,2009,1.0,0,0.0,1.0,0.0,0.0
PF_0024689_01|163|9|2025-04-16,PF_0024689_01,4013,1.0,1,5016,1.0,0,2010,1.0,0,0.0,1.0,0.0,0.0
PF_0024689_01|163|9|2025-04-23,PF_0024689_01,4032,1.0,0,5040,1.0,0,2016,1.0,0,0.0,1.0,0.0,0.0
PF_0024689_01|163|9|2025-04-30,PF_0024689_01,4029,1.0,0,5037,1.0,0,2013,1.0,0,0.0,1.0,0.0,0.0
PF_0024693_01|171|1|2024-10-22,PF_0024693_01,940,1.0,0,940,1.0,0,940,1.0,0,0.0,1.0,1.0,0.0
PF_0024693_01|171|1|2024-10-28,PF_0024693_01,963,1.0,0,963,1.0,0,963,1.0,0,0.0,1.0,1.0,0.0
PF_0024693_01|171|1|2024-11-07,PF_0024693_01,962,1.0,0,962,1.0,0,962,1.0,0,0.0,1.0,1.0,0.0
PF_0024693_01|171|1|2024-11-11,PF_0024693_01,1008,1.0,0,1008,1.0,0,1008,1.0,0,0.0,1.0,1.0,0.0
PF_0024693_01|171|1|2024-11-20,PF_0024693_01,1008,1.0,0,1008,1.0,0,1008,1.0,0,0.0,1.0,1.0,0.0
PF_0024693_01|171|1|2024-11-26,PF_0024693_01,3263,1.0,0,4030,1.0,0,1729,1.0,0,0.0,1.0,1.0,0.0
PF_0024693_01|171|1|2024-12-03,PF_0024693_01,3979,1.0,0,4971,1.0,0,1995,1.0,0,0.0,1.0,1.0,0.0
PF_0024693_01|171|1|2024-12-09,PF_0024693_01,1827,0.7142857142857143,0,2196,0.7142857142857143,0,1089,0.7142857142857143,0,0.0,0.7142857142857143,0.7142857142857143,0.0
PF_0024693_01|171|1|2024-12-17,PF_0024693_01,1560,0.5714285714285714,0,2080,0.5714285714285714,0,520,0.5714285714285714,0,0.0,0.5714285714285714,0.0,0.0
PF_0024693_01|171|1|2024-12-23,PF_0024693_01,2865,1.0,0,3820,1.0,0,955,1.0,0,0.0,1.0,0.0,0.0
PF_0024693_01|171|1|2024-12-30,PF_0024693_01,2964,1.0,0,3952,1.0,0,988,1.0,0,0.0,1.0,0.0,0.0
PF_0024693_01|171|1|2025-01-06,PF_0024693_01,2595,1.0,0,3460,1.0,0,865,1.0,0,0.0,1.0,0.0,0.0
PF_0024693_01|171|1|2025-01-14,PF_0024693_01,0,0.0,0,0,0.0,0,0,0.0,0,0.0,0.0,0.0,0.0
PF_0024693_01|171|1|2025-01-20,PF_0024693_01,0,0.0,0,0,0.0,0,0,0.0,0,0.0,0.0,0.0,0.0
PF_0024693_01|171|1|2025-01-26,PF_0024693_01,0,0.0,0,0,0.0,0,0,0.0,0,0.0,0.0,0.0,0.0
PF_0024693_01|171|1|2025-02-04,PF_0024693_01,1473,0.5714285714285714,0,1964,0.5714285714285714,0,491,0.5714285714285714,0,0.0,0.5714285714285714,0.0,0.0
PF_0024693_01|171|1|2025-02-10,PF_0024693_01,2130,0.8571428571428571,0,2840,0.8571428571428571,0,710,0.8571428571428571,0,0.0,0.8571428571428571,0.0,0.0
PF_0024693_01|171|1|2025-02-17,PF_0024693_01,3009,1.0,0,4012,1.0,0,1003,1.0,0,0.0,1.0,0.0,0.0
PF_0024693_01|171|1|2025-02-27,PF_0024693_01,2976,1.0,0,3968,1.0,0,992,1.0,0,0.0,1.0,0.0,0.0
PF_0024693_01|171|1|2025-03-03,PF_0024693_01,2673,1.0,0,3564,1.0,0,891,1.0,0,0.0,1.0,0.0,0.0
PF_0024693_01|171|1|2025-03-10,PF_0024693_01,2724,1.0,0,3632,1.0,0,908,1.0,0,0.0,1.0,0.0,0.0
PF_0024693_01|171|2|2024-10-22,PF_0024693_01,940,1.0,0,940,1.0,0,940,1.0,0,0.0,1.0,1.0,0.0
PF_0024693_01|171|2|2024-10-28,PF_0024693_01,963,1.0,0,963,1.0,0,963,1.0,0,0.0,1.0,1.0,0.0
PF_0024693_01|171|2|2024-11-07,PF_0024693_01,962,1.0,0,962,1.0,0,962,1.0,0,0.0,1.0,1.0,0.0
PF_0024693_01|171|2|2024-11-11,PF_0024693_01,1008,1.0,0,1008,1.0,0,1008,1.0,0,0.0,1.0,1.0,0.0
PF_0024693_01|171|2|2024-11-20,PF_0024693_01,1008,1.0,0,1008,1.0,0,1008,1.0,0,0.0,1.0,1.0,0.0
PF_0024693_01|171|2|2024-11-26,PF_0024693_01,3263,1.0,0,4030,1.0,0,1729,1.0,0,0.0,1.0,1.0,0.0
PF_0024693_01|171|2|2024-12-03,PF_0024693_01,3979,1.0,0,4971,1.0,0,1995,1.0,0,0.0,1.0,1.0,0.0
PF_0024693_01|171|2|2024-12-09,PF_0024693_01,1827,0.7142857142857143,0,2196,0.7142857142857143,0,1089,0.7142857142857143,0,0.0,0.7142857142857143,0.7142857142857143,0.0
PF_0024693_01|171|2|2024-12-17,PF_0024693_01,1560,0.5714285714285714,0,2080,0.5714285714285714,0,520,0.5714285714285714,0,0.0,0.5714285714285714,0.0,0.0
PF_0024693_01|171|2|2024-12-23,PF_0024693_01,2865,1.0,0,3820,1.0,0,955,1.0,0,0.0,1.0,0.0,0.0
PF_0024693_01|171|2|2024-12-30,PF_0024693_01,2964,1.0,0,3952,1.0,0,988,1.0,0,0.0,1.0,0.0,0.0
PF_0024693_01|171|2|2025-01-06,PF_0024693_01,2595,1.0,0,3460,1.0,0,865,1.0,0,0.0,1.0,0.0,0.0
PF_0024693_01|171|3|2024-10-22,PF_0024693_01,940,1.0,0,940,1.0,0,940,1.0,0,0.0,1.0,1.0,0.0
PF_0024693_01|171|3|2024-10-28,PF_0024693_01,963,1.0,0,963,1.0,0,963,1.0,0,0.0,1.0,1.0,0.0
PF_0024693_01|171|3|2024-11-07,PF_0024693_01,962,1.0,0,962,1.0,0,962,1.0,0,0.0,1.0,1.0,0.0
PF_0024693_01|171|3|2024-11-11,PF_0024693_01,1008,1.0,0,1008,1.0,0,1008,1.0,0,0.0,1.0,1.0,0.0
PF_0024693_01|171|3|2024-11-20,PF_0024693_01,1008,1.0,0,1008,1.0,0,1008,1.0,0,0.0,1.0,1.0,0.0
PF_0024693_01|171|3|2024-11-26,PF_0024693_01,3263,1.0,0,4030,1.0,0,1729,1.0,0,0.0,1.0,1.0,0.0
PF_0024693_01|171|3|2024-12-03,PF_0024693_01,3979,1.0,0,4971,1.0,0,1995,1.0,0,0.0,1.0,1.0,0.0
PF_0024693_01|171|3|2024-12-09,PF_0024693_01,1827,0.7142857142857143,0,2196,0.7142857142857143,0,1089,0.7142857142857143,0,0.0,0.7142857142857143,0.7142857142857143,0.0
PF_0024693_01|171|3|2024-12-17,PF_0024693_01,1560,0.5714285714285714,0,2080,0.5714285714285714,0,520,0.5714285714285714,0,0.0,0.5714285714285714,0.0,0.0
PF_0024693_01|171|3|2024-12-23,PF_0024693_01,2865,1.0,0,3820,1.0,0,955,1.0,0,0.0,1.0,0.0,0.0
PF_0024693_01|171|3|2024-12-30,PF_0024693_01,2964,1.0,0,3952,1.0,0,988,1.0,0,0.0,1.0,0.0,0.0
PF_0024693_01|171|3|2025-01-06,PF_0024693_01,2595,1.0,0,3460,1.0,0,865,1.0,0,0.0,1.0,0.0,0.0
PF_0024693_01|171|3|2025-01-14,PF_0024693_01,0,0.0,0,0,0.0,0,0,0.0,0,0.0,0.0,0.0,0.0
PF_0024693_01|171|3|2025-01-20,PF_0024693_01,0,0.0,0,0,0.0,0,0,0.0,0,0.0,0.0,0.0,0.0
PF_0024693_01|171|3|2025-01-26,PF_0024693_01,0,0.0,0,0,0.0,0,0,0.0,0,0.0,0.0,0.0,0.0
PF_0024693_01|171|3|2025-02-04,PF_0024693_01,1473,0.5714285714285714,0,1964,0.5714285714285714,0,491,0.5714285714285714,0,0.0,0.5714285714285714,0.0,0.0
PF_0024693_01|171|3|2025-02-10,PF_0024693_01,2130,0.8571428571428571,0,2840,0.8571428571428571,0,710,0.8571428571428571,0,0.0,0.8571428571428571,0.0,0.0
PF_0024693_01|171|3|2025-02-17,PF_0024693_01,3009,1.0,0,4012,1.0,0,1003,1.0,0,0.0,1.0,0.0,0.0
PF_0024693_01|171|3|2025-02-27,PF_0024693_01,2976,1.0,0,3968,1.0,0,992,1.0,0,0.0,1.0,0.0,0.0
PF_0024693_01|171|3|2025-03-03,PF_0024693_01,2673,1.0,0,3564,1.0,0,891,1.0,0,0.0,1.0,0.0,0.0
PF_0024693_01|171|3|2025-03-10,PF_0024693_01,2724,1.0,0,3632,1.0,0,908,1.0,0,0.0,1.0,0.0,0.0
PF_0024693_01|171|4|2024-10-22,PF_0024693_01,940,1.0,0,940,1.0,0,940,1.0,0,0.0,1.0,1.0,0.0
PF_0024693_01|171|4|2024-10-28,PF_0024693_01,963,1.0,0,963,1.0,0,963,1.0,0,0.0,1.0,1.0,0.0
PF_0024693_01|171|4|2024-11-07,PF_0024693_01,962,1.0,0,962,1.0,0,962,1.0,0,0.0,1.0,1.0,0.0
PF_0024693_01|171|4|2024-11-11,PF_0024693_01,1008,1.0,0,1008,1.0,0,1008,1.0,0,0.0,1.0,1.0,0.0
PF_0024693_01|171|4|2024-11-20,PF_0024693_01,1008,1.0,0,1008,1.0,0,1008,1.0,0,0.0,1.0,1.0,0.0
PF_0024693_01|171|4|2024-11-26,PF_0024693_01,3263,1.0,0,4030,1.0,0,1729,1.0,0,0.0,1.0,1.0,0.0
PF_0024693_01|171|4|2024-12-03,PF_0024693_01,3979,1.0,0,4971,1.0,0,1995,1.0,0,0.0,1.0,1.0,0.0
PF_0024693_01|171|4|2024-12-09,PF_0024693_01,1827,0.7142857142857143,0,2196,0.7142857142857143,0,1089,0.7142857142857143,0,0.0,0.7142857142857143,0.7142857142857143,0.0
PF_0024693_01|171|4|2024-12-17,PF_0024693_01,1560,0.5714285714285714,0,2080,0.5714285714285714,0,520,0.5714285714285714,0,0.0,0.5714285714285714,0.0,0.0
PF_0024693_01|171|4|2024-12-23,PF_0024693_01,2865,1.0,0,3820,1.0,0,955,1.0,0,0.0,1.0,0.0,0.0
PF_0024693_01|171|4|2024-12-30,PF_0024693_01,2964,1.0,0,3952,1.0,0,988,1.0,0,0.0,1.0,0.0,0.0
PF_0024693_01|171|4|2025-01-06,PF_0024693_01,2595,1.0,0,3460,1.0,0,865,1.0,0,0.0,1.0,0.0,0.0
PF_0024693_01|171|4|2025-01-14,PF_0024693_01,0,0.0,0,0,0.0,0,0,0.0,0,0.0,0.0,0.0,0.0
PF_0024693_01|171|4|2025-01-20,PF_0024693_01,0,0.0,0,0,0.0,0,0,0.0,0,0.0,0.0,0.0,0.0
PF_0024693_01|171|4|2025-01-26,PF_0024693_01,0,0.0,0,0,0.0,0,0,0.0,0,0.0,0.0,0.0,0.0
PF_0024693_01|171|4|2025-02-04,PF_0024693_01,1473,0.5714285714285714,0,1964,0.5714285714285714,0,491,0.5714285714285714,0,0.0,0.5714285714285714,0.0,0.0
PF_0024693_01|171|4|2025-02-10,PF_0024693_01,2130,0.8571428571428571,0,2840,0.8571428571428571,0,710,0.8571428571428571,0,0.0,0.8571428571428571,0.0,0.0
PF_0024693_01|171|4|2025-02-17,PF_0024693_01,3009,1.0,0,4012,1.0,0,1003,1.0,0,0.0,1.0,0.0,0.0
PF_0024693_01|171|4|2025-02-27,PF_0024693_01,2976,1.0,0,3968,1.0,0,992,1.0,0,0.0,1.0,0.0,0.0
PF_0024693_01|171|4|2025-03-03,PF_0024693_01,2673,1.0,0,3564,1.0,0,891,1.0,0,0.0,1.0,0.0,0.0
PF_0024693_01|171|4|2025-03-10,PF_0024693_01,2724,1.0,0,3632,1.0,0,908,1.0,0,0.0,1.0,0.0,0.0
PF_0024693_01|171|5|2024-10-22,PF_0024693_01,940,1.0,0,940,1.0,0,940,1.0,0,0.0,1.0,1.0,0.0
PF_0024693_01|171|5|2024-10-28,PF_0024693_01,963,1.0,0,963,1.0,0,963,1.0,0,0.0,1.0,1.0,0.0
PF_0024693_01|171|5|2024-11-07,PF_0024693_01,962,1.0,0,962,1.0,0,962,1.0,0,0.0,1.0,1.0,0.0
PF_0024693_01|171|5|2024-11-11,PF_0024693_01,1008,1.0,0,1008,1.0,0,1008,1.0,0,0.0,1.0,1.0,0.0
PF_0024693_01|171|5|2024-11-20,PF_0024693_01,1008,1.0,0,1008,1.0,0,1008,1.0,0,0.0,1.0,1.0,0.0
PF_0024693_01|171|5|2024-11-26,PF_0024693_01,3263,1.0,0,4030,1.0,0,1729,1.0,0,0.0,1.0,1.0,0.0
PF_0024693_01|171|5|2024-12-03,PF_0024693_01,3979,1.0,0,4971,1.0,0,1995,1.0,0,0.0,1.0,1.0,0.0
PF_0024693_01|171|5|2024-12-09,PF_0024693_01,1827,0.7142857142857143,0,2196,0.7142857142857143,0,1089,0.7142857142857143,0,0.0,0.7142857142857143,0.7142857142857143,0.0
PF_0024693_01|171|5|2024-12-17,PF_0024693_01,1560,0.5714285714285714,0,2080,0.5714285714285714,0,520,0.5714285714285714,0,0.0,0.5714285714285714,0.0,0.0
PF_0024693_01|171|5|2024-12-23,PF_0024693_01,2865,1.0,0,3820,1.0,0,955,1.0,0,0.0,1.0,0.0,0.0
PF_0024693_01|171|5|2024-12-30,PF_0024693_01,2964,1.0,0,3952,1.0,0,988,1.0,0,0.0,1.0,0.0,0.0
PF_0024693_01|171|5|2025-01-06,PF_0024693_01,2595,1.0,0,3460,1.0,0,865,1.0,0,0.0,1.0,0.0,0.0
PF_0024693_01|171|5|2025-01-14,PF_0024693_01,0,0.0,0,0,0.0,0,0,0.0,0,0.0,0.0,0.0,0.0
PF_0024693_01|171|5|2025-01-20,PF_0024693_01,0,0.0,0,0,0.0,0,0,0.0,0,0.0,0.0,0.0,0.0
PF_0024693_01|171|5|2025-01-26,PF_0024693_01,0,0.0,0,0,0.0,0,0,0.0,0,0.0,0.0,0.0,0.0
PF_0024693_01|171|5|2025-02-04,PF_0024693_01,1473,0.5714285714285714,0,1964,0.5714285714285714,0,491,0.5714285714285714,0,0.0,0.5714285714285714,0.0,0.0
PF_0024693_01|171|5|2025-02-10,PF_0024693_01,2130,0.8571428571428571,0,2840,0.8571428571428571,0,710,0.8571428571428571,0,0.0,0.8571428571428571,0.0,0.0
PF_0024693_01|171|5|2025-02-17,PF_0024693_01,3009,1.0,0,4012,1.0,0,1003,1.0,0,0.0,1.0,0.0,0.0
PF_0024693_01|171|5|2025-02-27,PF_0024693_01,2976,1.0,0,3968,1.0,0,992,1.0,0,0.0,1.0,0.0,0.0
PF_0024693_01|171|5|2025-03-03,PF_0024693_01,2673,1.0,0,3564,1.0,0,891,1.0,0,0.0,1.0,0.0,0.0
PF_0024693_01|171|5|2025-03-10,PF_0024693_01,2724,1.0,0,3632,1.0,0,908,1.0,0,0.0,1.0,0.0,0.0
PF_0024693_01|171|6|2024-10-22,PF_0024693_01,940,1.0,0,940,1.0,0,940,1.0,0,0.0,1.0,1.0,0.0
PF_0024693_01|171|6|2024-10-28,PF_0024693_01,963,1.0,0,963,1.0,0,963,1.0,0,0.0,1.0,1.0,0.0
PF_0024693_01|171|6|2024-11-07,PF_0024693_01,962,1.0,0,962,1.0,0,962,1.0,0,0.0,1.0,1.0,0.0
PF_0024693_01|171|6|2024-11-11,PF_0024693_01,1008,1.0,0,1008,1.0,0,1008,1.0,0,0.0,1.0,1.0,0.0
PF_0024693_01|171|6|2024-11-20,PF_0024693_01,1008,1.0,0,1008,1.0,0,1008,1.0,0,0.0,1.0,1.0,0.0
PF_0024693_01|171|6|2024-11-26,PF_0024693_01,3263,1.0,0,4030,1.0,0,1729,1.0,0,0.0,1.0,1.0,0.0
PF_0024693_01|171|6|2024-12-03,PF_0024693_01,3979,1.0,0,4971,1.0,0,1995,1.0,0,0.0,1.0,1.0,0.0
PF_0024693_01|171|6|2024-12-09,PF_0024693_01,1827,0.7142857142857143,0,2196,0.7142857142857143,0,1089,0.7142857142857143,0,0.0,0.7142857142857143,0.7142857142857143,0.0
PF_0024693_01|171|6|2024-12-17,PF_0024693_01,1560,0.5714285714285714,0,2080,0.5714285714285714,0,520,0.5714285714285714,0,0.0,0.5714285714285714,0.0,0.0
PF_0024693_01|171|6|2024-12-23,PF_0024693_01,2865,1.0,0,3820,1.0,0,955,1.0,0,0.0,1.0,0.0,0.0
PF_0024693_01|171|6|2024-12-30,PF_0024693_01,2964,1.0,0,3952,1.0,0,988,1.0,0,0.0,1.0,0.0,0.0
PF_0024693_01|171|6|2025-01-06,PF_0024693_01,2595,1.0,0,3460,1.0,0,865,1.0,0,0.0,1.0,0.0,0.0
PF_0024693_01|171|6|2025-01-14,PF_0024693_01,0,0.0,0,0,0.0,0,0,0.0,0,0.0,0.0,0.0,0.0
PF_0024693_01|171|6|2025-01-20,PF_0024693_01,0,0.0,0,0,0.0,0,0,0.0,0,0.0,0.0,0.0,0.0
PF_0024693_01|171|6|2025-01-26,PF_0024693_01,0,0.0,0,0,0.0,0,0,0.0,0,0.0,0.0,0.0,0.0
PF_0024693_01|171|6|2025-02-04,PF_0024693_01,1473,0.5714285714285714,0,1964,0.5714285714285714,0,491,0.5714285714285714,0,0.0,0.5714285714285714,0.0,0.0
PF_0024693_01|171|6|2025-02-10,PF_0024693_01,2130,0.8571428571428571,0,2840,0.8571428571428571,0,710,0.8571428571428571,0,0.0,0.8571428571428571,0.0,0.0
PF_0024693_01|171|6|2025-02-17,PF_0024693_01,3009,1.0,0,4012,1.0,0,1003,1.0,0,0.0,1.0,0.0,0.0
PF_0024693_01|171|6|2025-02-27,PF_0024693_01,2976,1.0,0,3968,1.0,0,992,1.0,0,0.0,1.0,0.0,0.0
PF_0024693_01|171|6|2025-03-03,PF_0024693_01,2673,1.0,0,3564,1.0,0,891,1.0,0,0.0,1.0,0.0,0.0
PF_0024693_01|171|6|2025-03-10,PF_0024693_01,2724,1.0,0,3632,1.0,0,908,1.0,0,0.0,1.0,0.0,0.0
PF_0024693_01|171|7|2024-10-22,PF_0024693_01,940,1.0,0,940,1.0,0,940,1.0,0,0.0,1.0,1.0,0.0
PF_0024693_01|171|7|2024-10-28,PF_0024693_01,963,1.0,0,963,1.0,0,963,1.0,0,0.0,1.0,1.0,0.0
PF_0024693_01|171|7|2024-11-07,PF_0024693_01,962,1.0,0,962,1.0,0,962,1.0,0,0.0,1.0,1.0,0.0
PF_0024693_01|171|7|2024-11-11,PF_0024693_01,1008,1.0,0,1008,1.0,0,1008,1.0,0,0.0,1.0,1.0,0.0
PF_0024693_01|171|7|2024-11-20,PF_0024693_01,1008,1.0,0,1008,1.0,0,1008,1.0,0,0.0,1.0,1.0,0.0
PF_0024693_01|171|7|2024-11-26,PF_0024693_01,3263,1.0,0,4030,1.0,0,1729,1.0,0,0.0,1.0,1.0,0.0
PF_0024693_01|171|7|2024-12-03,PF_0024693_01,3979,1.0,0,4971,1.0,0,1995,1.0,0,0.0,1.0,1.0,0.0
PF_0024693_01|171|7|2024-12-09,PF_0024693_01,1827,0.7142857142857143,0,2196,0.7142857142857143,0,1089,0.7142857142857143,0,0.0,0.7142857142857143,0.7142857142857143,0.0
PF_0024693_01|171|7|2024-12-17,PF_0024693_01,1560,0.5714285714285714,0,2080,0.5714285714285714,0,520,0.5714285714285714,0,0.0,0.5714285714285714,0.0,0.0
PF_0024693_01|171|7|2024-12-23,PF_0024693_01,2865,1.0,0,3820,1.0,0,955,1.0,0,0.0,1.0,0.0,0.0
PF_0024693_01|171|7|2024-12-30,PF_0024693_01,2964,1.0,0,3952,1.0,0,988,1.0,0,0.0,1.0,0.0,0.0
PF_0024693_01|171|7|2025-01-06,PF_0024693_01,2595,1.0,0,3460,1.0,0,865,1.0,0,0.0,1.0,0.0,0.0
PF_0024693_01|171|7|2025-01-14,PF_0024693_01,0,0.0,0,0,0.0,0,0,0.0,0,0.0,0.0,0.0,0.0
PF_0024693_01|171|7|2025-01-20,PF_0024693_01,0,0.0,0,0,0.0,0,0,0.0,0,0.0,0.0,0.0,0.0
PF_0024693_01|171|7|2025-01-26,PF_0024693_01,0,0.0,0,0,0.0,0,0,0.0,0,0.0,0.0,0.0,0.0
PF_0024693_01|171|7|2025-02-04,PF_0024693_01,1473,0.5714285714285714,0,1964,0.5714285714285714,0,491,0.5714285714285714,0,0.0,0.5714285714285714,0.0,0.0
PF_0024693_01|171|7|2025-02-10,PF_0024693_01,2130,0.8571428571428571,0,2840,0.8571428571428571,0,710,0.8571428571428571,0,0.0,0.8571428571428571,0.0,0.0
PF_0024693_01|171|7|2025-02-17,PF_0024693_01,3009,1.0,0,4012,1.0,0,1003,1.0,0,0.0,1.0,0.0,0.0
PF_0024693_01|171|7|2025-02-27,PF_0024693_01,2976,1.0,0,3968,1.0,0,992,1.0,0,0.0,1.0,0.0,0.0
PF_0024693_01|171|7|2025-03-03,PF_0024693_01,2673,1.0,0,3564,1.0,0,891,1.0,0,0.0,1.0,0.0,0.0
PF_0024693_01|171|7|2025-03-10,PF_0024693_01,2724,1.0,0,3632,1.0,0,908,1.0,0,0.0,1.0,0.0,0.0
PF_0024693_01|171|8|2024-10-22,PF_0024693_01,940,1.0,0,940,1.0,0,940,1.0,0,0.0,1.0,1.0,0.0
PF_0024693_01|171|8|2024-10-28,PF_0024693_01,963,1.0,0,963,1.0,0,963,1.0,0,0.0,1.0,1.0,0.0
PF_0024693_01|171|8|2024-11-07,PF_0024693_01,962,1.0,0,962,1.0,0,962,1.0,0,0.0,1.0,1.0,0.0
PF_0024693_01|171|8|2024-11-11,PF_0024693_01,1008,1.0,0,1008,1.0,0,1008,1.0,0,0.0,1.0,1.0,0.0
PF_0024693_01|171|8|2024-11-20,PF_0024693_01,1008,1.0,0,1008,1.0,0,1008,1.0,0,0.0,1.0,1.0,0.0
PF_0024693_01|171|8|2024-11-26,PF_0024693_01,3263,1.0,0,4030,1.0,0,1729,1.0,0,0.0,1.0,1.0,0.0
PF_0024693_01|171|8|2024-12-03,PF_0024693_01,3979,1.0,0,4971,1.0,0,1995,1.0,0,0.0,1.0,1.0,0.0
PF_0024693_01|171|8|2024-12-09,PF_0024693_01,1827,0.7142857142857143,0,2196,0.7142857142857143,0,1089,0.7142857142857143,0,0.0,0.7142857142857143,0.7142857142857143,0.0
PF_0024693_01|171|8|2024-12-17,PF_0024693_01,1560,0.5714285714285714,0,2080,0.5714285714285714,0,520,0.5714285714285714,0,0.0,0.5714285714285714,0.0,0.0
PF_0024693_01|171|8|2024-12-23,PF_0024693_01,2865,1.0,0,3820,1.0,0,955,1.0,0,0.0,1.0,0.0,0.0
PF_0024693_01|171|8|2024-12-30,PF_0024693_01,2964,1.0,0,3952,1.0,0,988,1.0,0,0.0,1.0,0.0,0.0
PF_0024693_01|171|8|2025-01-06,PF_0024693_01,2595,1.0,0,3460,1.0,0,865,1.0,0,0.0,1.0,0.0,0.0
PF_0024693_01|171|8|2025-01-14,PF_0024693_01,0,0.0,0,0,0.0,0,0,0.0,0,0.0,0.0,0.0,0.0
PF_0024693_01|171|8|2025-01-20,PF_0024693_01,0,0.0,0,0,0.0,0,0,0.0,0,0.0,0.0,0.0,0.0
PF_0024693_01|171|8|2025-01-26,PF_0024693_01,0,0.0,0,0,0.0,0,0,0.0,0,0.0,0.0,0.0,0.0
PF_0024693_01|171|8|2025-02-04,PF_0024693_01,1473,0.5714285714285714,0,1964,0.5714285714285714,0,491,0.5714285714285714,0,0.0,0.5714285714285714,0.0,0.0
PF_0024693_01|171|8|2025-02-10,PF_0024693_01,2130,0.8571428571428571,0,2840,0.8571428571428571,0,710,0.8571428571428571,0,0.0,0.8571428571428571,0.0,0.0
PF_0024693_01|171|8|2025-02-17,PF_0024693_01,3009,1.0,0,4012,1.0,0,1003,1.0,0,0.0,1.0,0.0,0.0
PF_0024693_01|171|8|2025-02-27,PF_0024693_01,2976,1.0,0,3968,1.0,0,992,1.0,0,0.0,1.0,0.0,0.0
PF_0024693_01|171|8|2025-03-03,PF_0024693_01,2673,1.0,0,3564,1.0,0,891,1.0,0,0.0,1.0,0.0,0.0
PF_0024693_01|171|8|2025-03-10,PF_0024693_01,2724,1.0,0,3632,1.0,0,908,1.0,0,0.0,1.0,0.0,0.0
PF_0024693_01|171|9|2024-10-22,PF_0024693_01,940,1.0,0,940,1.0,0,940,1.0,0,0.0,1.0,1.0,0.0
PF_0024693_01|171|9|2024-10-28,PF_0024693_01,963,1.0,0,963,1.0,0,963,1.0,0,0.0,1.0,1.0,0.0
PF_0024693_01|171|9|2024-11-07,PF_0024693_01,962,1.0,0,962,1.0,0,962,1.0,0,0.0,1.0,1.0,0.0
PF_0024693_01|171|9|2024-11-11,PF_0024693_01,1008,1.0,0,1008,1.0,0,1008,1.0,0,0.0,1.0,1.0,0.0
PF_0024693_01|171|9|2024-11-20,PF_0024693_01,1008,1.0,0,1008,1.0,0,1008,1.0,0,0.0,1.0,1.0,0.0
PF_0024693_01|171|9|2024-11-26,PF_0024693_01,3263,1.0,0,4030,1.0,0,1729,1.0,0,0.0,1.0,1.0,0.0
PF_0024693_01|171|9|2024-12-03,PF_0024693_01,3979,1.0,0,4971,1.0,0,1995,1.0,0,0.0,1.0,1.0,0.0
PF_0024693_01|171|9|2024-12-09,PF_0024693_01,1827,0.7142857142857143,0,2196,0.7142857142857143,0,1089,0.7142857142857143,0,0.0,0.7142857142857143,0.7142857142857143,0.0
PF_0024693_01|171|9|2024-12-17,PF_0024693_01,1560,0.5714285714285714,0,2080,0.5714285714285714,0,520,0.5714285714285714,0,0.0,0.5714285714285714,0.0,0.0
PF_0024693_01|171|9|2024-12-23,PF_0024693_01,2865,1.0,0,3820,1.0,0,955,1.0,0,0.0,1.0,0.0,0.0
PF_0024693_01|171|9|2024-12-30,PF_0024693_01,2964,1.0,0,3952,1.0,0,988,1.0,0,0.0,1.0,0.0,0.0
PF_0024693_01|171|9|2025-01-06,PF_0024693_01,2595,1.0,0,3460,1.0,0,865,1.0,0,0.0,1.0,0.0,0.0
PF_0024693_01|171|9|2025-01-14,PF_0024693_01,0,0.0,0,0,0.0,0,0,0.0,0,0.0,0.0,0.0,0.0
PF_0024693_01|171|9|2025-02-10,PF_0024693_01,0,0.0,0,0,0.0,0,0,0.0,0,0.0,0.0,0.0,0.0
PF_0024693_01|171|9|2025-02-17,PF_0024693_01,3009,1.0,0,4012,1.0,0,1003,1.0,0,0.0,1.0,0.0,0.0
PF_0024693_01|171|9|2025-02-27,PF_0024693_01,2976,1.0,0,3968,1.0,0,992,1.0,0,0.0,1.0,0.0,0.0
PF_0024693_01|171|9|2025-03-03,PF_0024693_01,2673,1.0,0,3564,1.0,0,891,1.0,0,0.0,1.0,0.0,0.0
PF_0024693_01|171|9|2025-03-10,PF_0024693_01,2724,1.0,0,3632,1.0,0,908,1.0,0,0.0,1.0,0.0,0.0
PF_0024693_01|172|1|2025-10-20,PF_0024693_01,2889,1.0,0,3852,1.0,0,963,1.0,0,0.0,1.0,0.0,0.0
PF_0024696_01|175|1|2024-10-30,PF_0024696_01,0,0.0,0,0,0.0,0,0,0.0,0,0.0,0.0,0.0,0.0
PF_0024696_01|175|1|2024-11-07,PF_0024696_01,0,0.0,0,0,0.0,0,0,0.0,0,0.0,0.0,0.0,0.0
PF_0024696_01|175|1|2024-11-12,PF_0024696_01,0,0.0,0,0,0.0,0,0,0.0,0,0.0,0.0,0.0,0.0
PF_0024696_01|175|1|2024-11-20,PF_0024696_01,0,0.0,0,0,0.0,0,0,0.0,0,0.0,0.0,0.0,0.0
PF_0024696_01|175|1|2024-11-26,PF_0024696_01,463,0.7142857142857143,0,463,0.7142857142857143,0,463,0.7142857142857143,0,0.0,0.0,0.0,0.0
PF_0024696_01|175|1|2024-12-04,PF_0024696_01,997,1.0,0,997,1.0,0,997,1.0,0,0.0,0.0,0.0,0.0
PF_0024696_01|175|1|2024-12-10,PF_0024696_01,28778,1.0,0,10264,1.0,0,10264,1.0,0,0.0,0.0,0.0,1.0
PF_0024696_01|175|1|2024-12-18,PF_0024696_01,30894,1.0,0,10970,1.0,0,10970,1.0,0,0.0,0.0,0.0,1.0
PF_0024696_01|175|1|2024-12-24,PF_0024696_01,25552,1.0,0,9108,1.0,0,9108,1.0,0,0.0,0.0,0.0,1.0
PF_0024696_01|175|1|2024-12-31,PF_0024696_01,24609,1.0,0,8739,1.0,0,8739,1.0,0,0.0,0.0,0.0,1.0
PF_0024696_01|175|1|2025-01-07,PF_0024696_01,30916,1.0,0,10976,1.0,0,10976,1.0,0,0.0,0.0,0.0,1.0
PF_0024696_01|175|1|2025-01-14,PF_0024696_01,30348,1.0,0,10788,1.0,0,10788,1.0,0,0.0,0.0,0.0,1.0
PF_0024696_01|175|1|2025-01-21,PF_0024696_01,30156,1.0,0,10708,1.0,0,10708,1.0,0,0.0,0.0,0.0,1.0
PF_0024696_01|175|1|2025-01-26,PF_0024696_01,26021,1.0,0,9273,1.0,0,9273,1.0,0,0.0,0.0,0.0,1.0
PF_0024696_01|175|1|2025-02-05,PF_0024696_01,27442,1.0,0,9810,1.0,0,9810,1.0,0,0.0,0.0,0.0,1.0
PF_0024696_01|175|1|2025-02-11,PF_0024696_01,22539,1.0,0,8185,1.0,0,8185,1.0,0,0.0,0.0,0.0,1.0
PF_0024696_01|175|1|2025-02-18,PF_0024696_01,27756,1.0,0,9924,1.0,0,9924,1.0,0,0.0,0.0,0.0,1.0
PF_0024696_01|175|1|2025-02-26,PF_0024696_01,27548,1.0,0,9854,1.0,0,9854,1.0,0,0.0,0.0,0.0,1.0
PF_0024696_01|175|1|2025-03-04,PF_0024696_01,27610,1.0,0,9874,1.0,0,9874,1.0,0,0.0,0.0,0.0,1.0
PF_0024696_01|175|1|2025-03-11,PF_0024696_01,28059,1.0,0,10025,1.0,0,10025,1.0,0,0.0,0.0,0.0,1.0
PF_0024696_01|175|1|2025-03-18,PF_0024696_01,20746,1.0,0,7572,1.0,0,7572,1.0,0,0.0,0.0,0.0,0.8571428571428571
PF_0024696_01|175|1|2025-03-26,PF_0024696_01,26533,1.0,0,9493,1.0,0,9493,1.0,0,0.0,0.0,0.0,1.0
PF_0024696_01|175|1|2025-04-02,PF_0024696_01,27624,1.0,0,9874,1.0,0,9874,1.0,0,0.0,0.0,0.0,1.0
PF_0024696_01|175|1|2025-04-08,PF_0024696_01,27741,1.0,0,9919,1.0,0,9919,1.0,0,0.0,0.0,0.0,1.0
PF_0024696_01|175|1|2025-04-15,PF_0024696_01,27569,1.0,0,9861,1.0,0,9861,1.0,0,0.0,0.0,0.0,1.0
PF_0024696_01|175|1|2025-04-22,PF_0024696_01,25130,1.0,0,8990,1.0,0,8990,1.0,0,0.0,0.0,0.0,1.0
PF_0024696_01|175|1|2025-04-29,PF_0024696_01,26654,1.0,0,9516,1.0,0,9516,1.0,0,0.0,0.0,0.0,1.0
PF_0024696_01|175|2|2024-10-30,PF_0024696_01,0,0.0,0,0,0.0,0,0,0.0,0,0.0,0.0,0.0,0.0
PF_0024696_01|175|2|2024-11-07,PF_0024696_01,0,0.0,0,0,0.0,0,0,0.0,0,0.0,0.0,0.0,0.0
PF_0024696_01|175|2|2024-11-12,PF_0024696_01,0,0.0,0,0,0.0,0,0,0.0,0,0.0,0.0,0.0,0.0
PF_0024696_01|175|2|2024-11-20,PF_0024696_01,0,0.0,0,0,0.0,0,0,0.0,0,0.0,0.0,0.0,0.0
PF_0024696_01|175|2|2024-11-26,PF_0024696_01,463,0.7142857142857143,0,463,0.7142857142857143,0,463,0.7142857142857143,0,0.0,0.0,0.0,0.0
PF_0024696_01|175|2|2024-12-04,PF_0024696_01,997,1.0,0,997,1.0,0,997,1.0,0,0.0,0.0,0.0,0.0
PF_0024696_01|175|2|2024-12-10,PF_0024696_01,28778,1.0,0,10264,1.0,0,10264,1.0,0,0.0,0.0,0.0,1.0
PF_0024696_01|175|2|2024-12-18,PF_0024696_01,30894,1.0,0,10970,1.0,0,10970,1.0,0,0.0,0.0,0.0,1.0
PF_0024696_01|175|2|2024-12-24,PF_0024696_01,25552,1.0,0,9108,1.0,0,9108,1.0,0,0.0,0.0,0.0,1.0
PF_0024696_01|175|2|2024-12-31,PF_0024696_01,24609,1.0,0,8739,1.0,0,8739,1.0,0,0.0,0.0,0.0,1.0
PF_0024696_01|175|2|2025-01-07,PF_0024696_01,30916,1.0,0,10976,1.0,0,10976,1.0,0,0.0,0.0,0.0,1.0
PF_0024696_01|175|2|2025-01-14,PF_0024696_01,30348,1.0,0,10788,1.0,0,10788,1.0,0,0.0,0.0,0.0,1.0
PF_0024696_01|175|2|2025-01-21,PF_0024696_01,30156,1.0,0,10708,1.0,0,10708,1.0,0,0.0,0.0,0.0,1.0
PF_0024696_01|175|2|2025-01-26,PF_0024696_01,26021,1.0,0,9273,1.0,0,9273,1.0,0,0.0,0.0,0.0,1.0
PF_0024696_01|175|2|2025-02-05,PF_0024696_01,27442,1.0,0,9810,1.0,0,9810,1.0,0,0.0,0.0,0.0,1.0
PF_0024696_01|175|2|2025-02-11,PF_0024696_01,22539,1.0,0,8185,1.0,0,8185,1.0,0,0.0,0.0,0.0,1.0
PF_0024696_01|175|2|2025-02-18,PF_0024696_01,27756,1.0,0,9924,1.0,0,9924,1.0,0,0.0,0.0,0.0,1.0
PF_0024696_01|175|2|2025-02-26,PF_0024696_01,27548,1.0,0,9854,1.0,0,9854,1.0,0,0.0,0.0,0.0,1.0
PF_0024696_01|175|2|2025-03-04,PF_0024696_01,27610,1.0,0,9874,1.0,0,9874,1.0,0,0.0,0.0,0.0,1.0
PF_0024696_01|175|2|2025-03-11,PF_0024696_01,28059,1.0,0,10025,1.0,0,10025,1.0,0,0.0,0.0,0.0,1.0
PF_0024696_01|175|2|2025-03-18,PF_0024696_01,20746,1.0,0,7572,1.0,0,7572,1.0,0,0.0,0.0,0.0,0.8571428571428571
PF_0024696_01|175|2|2025-03-26,PF_0024696_01,26533,1.0,0,9493,1.0,0,9493,1.0,0,0.0,0.0,0.0,1.0
PF_0024696_01|175|2|2025-04-02,PF_0024696_01,27624,1.0,0,9874,1.0,0,9874,1.0,0,0.0,0.0,0.0,1.0
PF_0024696_01|175|2|2025-04-08,PF_0024696_01,27741,1.0,0,9919,1.0,0,9919,1.0,0,0.0,0.0,0.0,1.0
PF_0024696_01|175|2|2025-04-15,PF_0024696_01,27569,1.0,0,9861,1.0,0,9861,1.0,0,0.0,0.0,0.0,1.0
PF_0024696_01|175|2|2025-04-22,PF_0024696_01,25130,1.0,0,8990,1.0,0,8990,1.0,0,0.0,0.0,0.0,1.0
PF_0024696_01|175|2|2025-04-29,PF_0024696_01,26654,1.0,0,9516,1.0,0,9516,1.0,0,0.0,0.0,0.0,1.0
PF_0024696_01|175|3|2024-10-30,PF_0024696_01,0,0.0,0,0,0.0,0,0,0.0,0,0.0,0.0,0.0,0.0
PF_0024696_01|175|3|2024-11-07,PF_0024696_01,0,0.0,0,0,0.0,0,0,0.0,0,0.0,0.0,0.0,0.0
PF_0024696_01|175|3|2024-11-12,PF_0024696_01,0,0.0,0,0,0.0,0,0,0.0,0,0.0,0.0,0.0,0.0
PF_0024696_01|175|3|2024-11-20,PF_0024696_01,0,0.0,0,0,0.0,0,0,0.0,0,0.0,0.0,0.0,0.0
PF_0024696_01|175|3|2024-11-26,PF_0024696_01,463,0.7142857142857143,0,463,0.7142857142857143,0,463,0.7142857142857143,0,0.0,0.0,0.0,0.0
PF_0024696_01|175|3|2024-12-04,PF_0024696_01,997,1.0,0,997,1.0,0,997,1.0,0,0.0,0.0,0.0,0.0
PF_0024696_01|175|3|2024-12-10,PF_0024696_01,28778,1.0,0,10264,1.0,0,10264,1.0,0,0.0,0.0,0.0,1.0
PF_0024696_01|175|3|2024-12-18,PF_0024696_01,30894,1.0,0,10970,1.0,0,10970,1.0,0,0.0,0.0,0.0,1.0
PF_0024696_01|175|3|2024-12-24,PF_0024696_01,25552,1.0,0,9108,1.0,0,9108,1.0,0,0.0,0.0,0.0,1.0
PF_0024696_01|175|3|2024-12-31,PF_0024696_01,24609,1.0,0,8739,1.0,0,8739,1.0,0,0.0,0.0,0.0,1.0
PF_0024696_01|175|3|2025-01-07,PF_0024696_01,30916,1.0,0,10976,1.0,0,10976,1.0,0,0.0,0.0,0.0,1.0
PF_0024696_01|175|3|2025-01-14,PF_0024696_01,30348,1.0,0,10788,1.0,0,10788,1.0,0,0.0,0.0,0.0,1.0
PF_0024696_01|175|3|2025-01-21,PF_0024696_01,30156,1.0,0,10708,1.0,0,10708,1.0,0,0.0,0.0,0.0,1.0
PF_0024696_01|175|3|2025-01-26,PF_0024696_01,26021,1.0,0,9273,1.0,0,9273,1.0,0,0.0,0.0,0.0,1.0
PF_0024696_01|175|3|2025-02-05,PF_0024696_01,27442,1.0,0,9810,1.0,0,9810,1.0,0,0.0,0.0,0.0,1.0
PF_0024696_01|175|3|2025-02-11,PF_0024696_01,22539,1.0,0,8185,1.0,0,8185,1.0,0,0.0,0.0,0.0,1.0
PF_0024696_01|175|3|2025-02-18,PF_0024696_01,27756,1.0,0,9924,1.0,0,9924,1.0,0,0.0,0.0,0.0,1.0
PF_0024696_01|175|3|2025-02-26,PF_0024696_01,27548,1.0,0,9854,1.0,0,9854,1.0,0,0.0,0.0,0.0,1.0
PF_0024696_01|175|3|2025-03-04,PF_0024696_01,27610,1.0,0,9874,1.0,0,9874,1.0,0,0.0,0.0,0.0,1.0
PF_0024696_01|175|3|2025-03-11,PF_0024696_01,28059,1.0,0,10025,1.0,0,10025,1.0,0,0.0,0.0,0.0,1.0
PF_0024696_01|175|3|2025-03-18,PF_0024696_01,20746,1.0,0,7572,1.0,0,7572,1.0,0,0.0,0.0,0.0,0.8571428571428571
PF_0024696_01|175|3|2025-03-26,PF_0024696_01,26533,1.0,0,9493,1.0,0,9493,1.0,0,0.0,0.0,0.0,1.0
PF_0024696_01|175|3|2025-04-02,PF_0024696_01,27624,1.0,0,9874,1.0,0,9874,1.0,0,0.0,0.0,0.0,1.0
PF_0024696_01|175|3|2025-04-08,PF_0024696_01,27741,1.0,0,9919,1.0,0,9919,1.0,0,0.0,0.0,0.0,1.0
PF_0024696_01|175|3|2025-04-15,PF_0024696_01,27569,1.0,0,9861,1.0,0,9861,1.0,0,0.0,0.0,0.0,1.0
PF_0024696_01|175|3|2025-04-22,PF_0024696_01,25130,1.0,0,8990,1.0,0,8990,1.0,0,0.0,0.0,0.0,1.0
PF_0024696_01|175|3|2025-04-29,PF_0024696_01,26654,1.0,0,9516,1.0,0,9516,1.0,0,0.0,0.0,0.0,1.0
PF_0024696_01|175|4|2024-10-30,PF_0024696_01,0,0.0,0,0,0.0,0,0,0.0,0,0.0,0.0,0.0,0.0
PF_0024696_01|175|4|2024-11-07,PF_0024696_01,0,0.0,0,0,0.0,0,0,0.0,0,0.0,0.0,0.0,0.0
PF_0024696_01|175|4|2024-11-12,PF_0024696_01,0,0.0,0,0,0.0,0,0,0.0,0,0.0,0.0,0.0,0.0
PF_0024696_01|175|4|2024-11-20,PF_0024696_01,0,0.0,0,0,0.0,0,0,0.0,0,0.0,0.0,0.0,0.0
PF_0024696_01|175|4|2024-11-26,PF_0024696_01,463,0.7142857142857143,0,463,0.7142857142857143,0,463,0.7142857142857143,0,0.0,0.0,0.0,0.0
PF_0024696_01|175|4|2024-12-04,PF_0024696_01,997,1.0,0,997,1.0,0,997,1.0,0,0.0,0.0,0.0,0.0
PF_0024696_01|175|4|2024-12-10,PF_0024696_01,28778,1.0,0,10264,1.0,0,10264,1.0,0,0.0,0.0,0.0,1.0
PF_0024696_01|175|4|2024-12-18,PF_0024696_01,30894,1.0,0,10970,1.0,0,10970,1.0,0,0.0,0.0,0.0,1.0
PF_0024696_01|175|4|2024-12-24,PF_0024696_01,25552,1.0,0,9108,1.0,0,9108,1.0,0,0.0,0.0,0.0,1.0
PF_0024696_01|175|4|2024-12-31,PF_0024696_01,24609,1.0,0,8739,1.0,0,8739,1.0,0,0.0,0.0,0.0,1.0
PF_0024696_01|175|4|2025-01-07,PF_0024696_01,30916,1.0,0,10976,1.0,0,10976,1.0,0,0.0,0.0,0.0,1.0
PF_0024696_01|175|4|2025-01-14,PF_0024696_01,30348,1.0,0,10788,1.0,0,10788,1.0,0,0.0,0.0,0.0,1.0
PF_0024696_01|175|4|2025-01-21,PF_0024696_01,30156,1.0,0,10708,1.0,0,10708,1.0,0,0.0,0.0,0.0,1.0
PF_0024696_01|175|4|2025-01-26,PF_0024696_01,26021,1.0,0,9273,1.0,0,9273,1.0,0,0.0,0.0,0.0,1.0
PF_0024696_01|175|4|2025-02-05,PF_0024696_01,27442,1.0,0,9810,1.0,0,9810,1.0,0,0.0,0.0,0.0,1.0
PF_0024696_01|175|4|2025-02-11,PF_0024696_01,22539,1.0,0,8185,1.0,0,8185,1.0,0,0.0,0.0,0.0,1.0
PF_0024696_01|175|4|2025-02-18,PF_0024696_01,27756,1.0,0,9924,1.0,0,9924,1.0,0,0.0,0.0,0.0,1.0
PF_0024696_01|175|4|2025-02-26,PF_0024696_01,27548,1.0,0,9854,1.0,0,9854,1.0,0,0.0,0.0,0.0,1.0
PF_0024696_01|175|4|2025-03-04,PF_0024696_01,27610,1.0,0,9874,1.0,0,9874,1.0,0,0.0,0.0,0.0,1.0
PF_0024696_01|175|4|2025-03-11,PF_0024696_01,28059,1.0,0,10025,1.0,0,10025,1.0,0,0.0,0.0,0.0,1.0
PF_0024696_01|175|4|2025-03-18,PF_0024696_01,20746,1.0,0,7572,1.0,0,7572,1.0,0,0.0,0.0,0.0,0.8571428571428571
PF_0024696_01|175|4|2025-03-26,PF_0024696_01,26533,1.0,0,9493,1.0,0,9493,1.0,0,0.0,0.0,0.0,1.0
PF_0024696_01|175|4|2025-04-02,PF_0024696_01,27624,1.0,0,9874,1.0,0,9874,1.0,0,0.0,0.0,0.0,1.0
PF_0024696_01|175|4|2025-04-08,PF_0024696_01,27741,1.0,0,9919,1.0,0,9919,1.0,0,0.0,0.0,0.0,1.0
PF_0024696_01|175|4|2025-04-15,PF_0024696_01,27569,1.0,0,9861,1.0,0,9861,1.0,0,0.0,0.0,0.0,1.0
PF_0024696_01|175|4|2025-04-22,PF_0024696_01,25130,1.0,0,8990,1.0,0,8990,1.0,0,0.0,0.0,0.0,1.0
PF_0024696_01|175|4|2025-04-29,PF_0024696_01,26654,1.0,0,9516,1.0,0,9516,1.0,0,0.0,0.0,0.0,1.0
PF_0024696_01|175|5|2024-10-30,PF_0024696_01,0,0.0,0,0,0.0,0,0,0.0,0,0.0,0.0,0.0,0.0
PF_0024696_01|175|5|2024-11-07,PF_0024696_01,0,0.0,0,0,0.0,0,0,0.0,0,0.0,0.0,0.0,0.0
PF_0024696_01|175|5|2024-11-12,PF_0024696_01,0,0.0,0,0,0.0,0,0,0.0,0,0.0,0.0,0.0,0.0
PF_0024696_01|175|5|2024-11-20,PF_0024696_01,0,0.0,0,0,0.0,0,0,0.0,0,0.0,0.0,0.0,0.0
PF_0024696_01|175|5|2024-11-26,PF_0024696_01,463,0.7142857142857143,0,463,0.7142857142857143,0,463,0.7142857142857143,0,0.0,0.0,0.0,0.0
PF_0024696_01|175|5|2024-12-04,PF_0024696_01,997,1.0,0,997,1.0,0,997,1.0,0,0.0,0.0,0.0,0.0
PF_0024696_01|175|5|2024-12-10,PF_0024696_01,28778,1.0,0,10264,1.0,0,10264,1.0,0,0.0,0.0,0.0,1.0
PF_0024696_01|175|5|2024-12-18,PF_0024696_01,30894,1.0,0,10970,1.0,0,10970,1.0,0,0.0,0.0,0.0,1.0
PF_0024696_01|175|5|2024-12-24,PF_0024696_01,25552,1.0,0,9108,1.0,0,9108,1.0,0,0.0,0.0,0.0,1.0
PF_0024696_01|175|5|2024-12-31,PF_0024696_01,24609,1.0,0,8739,1.0,0,8739,1.0,0,0.0,0.0,0.0,1.0
PF_0024696_01|175|5|2025-01-07,PF_0024696_01,30916,1.0,0,10976,1.0,0,10976,1.0,0,0.0,0.0,0.0,1.0
PF_0024696_01|175|5|2025-01-14,PF_0024696_01,30348,1.0,0,10788,1.0,0,10788,1.0,0,0.0,0.0,0.0,1.0
PF_0024696_01|175|5|2025-01-21,PF_0024696_01,30156,1.0,0,10708,1.0,0,10708,1.0,0,0.0,0.0,0.0,1.0
PF_0024696_01|175|5|2025-01-26,PF_0024696_01,26021,1.0,0,9273,1.0,0,9273,1.0,0,0.0,0.0,0.0,1.0
PF_0024696_01|175|5|2025-02-05,PF_0024696_01,27442,1.0,0,9810,1.0,0,9810,1.0,0,0.0,0.0,0.0,1.0
PF_0024696_01|175|5|2025-02-11,PF_0024696_01,22539,1.0,0,8185,1.0,0,8185,1.0,0,0.0,0.0,0.0,1.0
PF_0024696_01|175|5|2025-02-18,PF_0024696_01,27756,1.0,0,9924,1.0,0,9924,1.0,0,0.0,0.0,0.0,1.0
PF_0024696_01|175|5|2025-02-26,PF_0024696_01,27548,1.0,0,9854,1.0,0,9854,1.0,0,0.0,0.0,0.0,1.0
PF_0024696_01|175|5|2025-03-04,PF_0024696_01,27610,1.0,0,9874,1.0,0,9874,1.0,0,0.0,0.0,0.0,1.0
PF_0024696_01|175|5|2025-03-11,PF_0024696_01,28059,1.0,0,10025,1.0,0,10025,1.0,0,0.0,0.0,0.0,1.0
PF_0024696_01|175|5|2025-03-18,PF_0024696_01,20746,1.0,0,7572,1.0,0,7572,1.0,0,0.0,0.0,0.0,0.8571428571428571
PF_0024696_01|175|5|2025-03-26,PF_0024696_01,26533,1.0,0,9493,1.0,0,9493,1.0,0,0.0,0.0,0.0,1.0
PF_0024696_01|175|5|2025-04-02,PF_0024696_01,27624,1.0,0,9874,1.0,0,9874,1.0,0,0.0,0.0,0.0,1.0
PF_0024696_01|175|5|2025-04-08,PF_0024696_01,27741,1.0,0,9919,1.0,0,9919,1.0,0,0.0,0.0,0.0,1.0
PF_0024696_01|175|5|2025-04-15,PF_0024696_01,27569,1.0,0,9861,1.0,0,9861,1.0,0,0.0,0.0,0.0,1.0
PF_0024696_01|175|5|2025-04-22,PF_0024696_01,25130,1.0,0,8990,1.0,0,8990,1.0,0,0.0,0.0,0.0,1.0
PF_0024696_01|175|5|2025-04-29,PF_0024696_01,26654,1.0,0,9516,1.0,0,9516,1.0,0,0.0,0.0,0.0,1.0
PF_0024696_01|175|6|2024-10-30,PF_0024696_01,0,0.0,0,0,0.0,0,0,0.0,0,0.0,0.0,0.0,0.0
PF_0024696_01|175|6|2024-11-07,PF_0024696_01,0,0.0,0,0,0.0,0,0,0.0,0,0.0,0.0,0.0,0.0
PF_0024696_01|175|6|2024-11-12,PF_0024696_01,0,0.0,0,0,0.0,0,0,0.0,0,0.0,0.0,0.0,0.0
PF_0024696_01|175|6|2024-11-20,PF_0024696_01,0,0.0,0,0,0.0,0,0,0.0,0,0.0,0.0,0.0,0.0
PF_0024696_01|175|6|2024-11-26,PF_0024696_01,463,0.7142857142857143,0,463,0.7142857142857143,0,463,0.7142857142857143,0,0.0,0.0,0.0,0.0
PF_0024696_01|175|6|2024-12-04,PF_0024696_01,997,1.0,0,997,1.0,0,997,1.0,0,0.0,0.0,0.0,0.0
PF_0024696_01|175|6|2024-12-10,PF_0024696_01,28778,1.0,0,10264,1.0,0,10264,1.0,0,0.0,0.0,0.0,1.0
PF_0024696_01|175|6|2024-12-18,PF_0024696_01,30894,1.0,0,10970,1.0,0,10970,1.0,0,0.0,0.0,0.0,1.0
PF_0024696_01|175|6|2024-12-24,PF_0024696_01,25552,1.0,0,9108,1.0,0,9108,1.0,0,0.0,0.0,0.0,1.0
PF_0024696_01|175|6|2024-12-31,PF_0024696_01,24609,1.0,0,8739,1.0,0,8739,1.0,0,0.0,0.0,0.0,1.0
PF_0024696_01|175|6|2025-01-07,PF_0024696_01,30916,1.0,0,10976,1.0,0,10976,1.0,0,0.0,0.0,0.0,1.0
PF_0024696_01|175|6|2025-01-14,PF_0024696_01,30348,1.0,0,10788,1.0,0,10788,1.0,0,0.0,0.0,0.0,1.0
PF_0024696_01|175|6|2025-01-21,PF_0024696_01,30156,1.0,0,10708,1.0,0,10708,1.0,0,0.0,0.0,0.0,1.0
PF_0024696_01|175|6|2025-01-26,PF_0024696_01,26021,1.0,0,9273,1.0,0,9273,1.0,0,0.0,0.0,0.0,1.0
PF_0024696_01|175|6|2025-02-05,PF_0024696_01,27442,1.0,0,9810,1.0,0,9810,1.0,0,0.0,0.0,0.0,1.0
PF_0024696_01|175|6|2025-02-11,PF_0024696_01,22539,1.0,0,8185,1.0,0,8185,1.0,0,0.0,0.0,0.0,1.0
PF_0024696_01|175|6|2025-02-18,PF_0024696_01,27756,1.0,0,9924,1.0,0,9924,1.0,0,0.0,0.0,0.0,1.0
PF_0024696_01|175|6|2025-02-26,PF_0024696_01,27548,1.0,0,9854,1.0,0,9854,1.0,0,0.0,0.0,0.0,1.0
PF_0024696_01|175|6|2025-03-04,PF_0024696_01,27610,1.0,0,9874,1.0,0,9874,1.0,0,0.0,0.0,0.0,1.0
PF_0024696_01|175|6|2025-03-11,PF_0024696_01,28059,1.0,0,10025,1.0,0,10025,1.0,0,0.0,0.0,0.0,1.0
PF_0024696_01|175|6|2025-03-18,PF_0024696_01,20746,1.0,0,7572,1.0,0,7572,1.0,0,0.0,0.0,0.0,0.8571428571428571
PF_0024696_01|175|6|2025-03-26,PF_0024696_01,26533,1.0,0,9493,1.0,0,9493,1.0,0,0.0,0.0,0.0,1.0
PF_0024696_01|175|6|2025-04-02,PF_0024696_01,27624,1.0,0,9874,1.0,0,9874,1.0,0,0.0,0.0,0.0,1.0
PF_0024696_01|175|6|2025-04-08,PF_0024696_01,27741,1.0,0,9919,1.0,0,9919,1.0,0,0.0,0.0,0.0,1.0
PF_0024696_01|175|6|2025-04-15,PF_0024696_01,27569,1.0,0,9861,1.0,0,9861,1.0,0,0.0,0.0,0.0,1.0
PF_0024696_01|175|6|2025-04-22,PF_0024696_01,25130,1.0,0,8990,1.0,0,8990,1.0,0,0.0,0.0,0.0,1.0
PF_0024696_01|175|6|2025-04-29,PF_0024696_01,26654,1.0,0,9516,1.0,0,9516,1.0,0,0.0,0.0,0.0,1.0
PF_0024696_01|175|7|2024-10-30,PF_0024696_01,0,0.0,0,0,0.0,0,0,0.0,0,0.0,0.0,0.0,0.0
PF_0024696_01|175|7|2024-11-07,PF_0024696_01,0,0.0,0,0,0.0,0,0,0.0,0,0.0,0.0,0.0,0.0
PF_0024696_01|175|7|2024-11-12,PF_0024696_01,0,0.0,0,0,0.0,0,0,0.0,0,0.0,0.0,0.0,0.0
PF_0024696_01|175|7|2024-11-20,PF_0024696_01,0,0.0,0,0,0.0,0,0,0.0,0,0.0,0.0,0.0,0.0
PF_0024696_01|175|7|2024-11-26,PF_0024696_01,463,0.7142857142857143,0,463,0.7142857142857143,0,463,0.7142857142857143,0,0.0,0.0,0.0,0.0
PF_0024696_01|175|7|2024-12-04,PF_0024696_01,997,1.0,0,997,1.0,0,997,1.0,0,0.0,0.0,0.0,0.0
PF_0024696_01|175|7|2024-12-10,PF_0024696_01,28778,1.0,0,10264,1.0,0,10264,1.0,0,0.0,0.0,0.0,1.0
PF_0024696_01|175|7|2024-12-18,PF_0024696_01,30894,1.0,0,10970,1.0,0,10970,1.0,0,0.0,0.0,0.0,1.0
PF_0024696_01|175|7|2024-12-24,PF_0024696_01,25552,1.0,0,9108,1.0,0,9108,1.0,0,0.0,0.0,0.0,1.0
PF_0024696_01|175|7|2024-12-31,PF_0024696_01,24609,1.0,0,8739,1.0,0,8739,1.0,0,0.0,0.0,0.0,1.0
PF_0024696_01|175|7|2025-01-07,PF_0024696_01,30916,1.0,0,10976,1.0,0,10976,1.0,0,0.0,0.0,0.0,1.0
PF_0024696_01|175|7|2025-01-14,PF_0024696_01,30348,1.0,0,10788,1.0,0,10788,1.0,0,0.0,0.0,0.0,1.0
PF_0024696_01|175|7|2025-01-21,PF_0024696_01,30156,1.0,0,10708,1.0,0,10708,1.0,0,0.0,0.0,0.0,1.0
PF_0024696_01|175|7|2025-01-26,PF_0024696_01,26021,1.0,0,9273,1.0,0,9273,1.0,0,0.0,0.0,0.0,1.0
PF_0024696_01|175|7|2025-02-05,PF_0024696_01,27442,1.0,0,9810,1.0,0,9810,1.0,0,0.0,0.0,0.0,1.0
PF_0024696_01|175|7|2025-02-11,PF_0024696_01,22539,1.0,0,8185,1.0,0,8185,1.0,0,0.0,0.0,0.0,1.0
PF_0024696_01|175|7|2025-02-18,PF_0024696_01,27756,1.0,0,9924,1.0,0,9924,1.0,0,0.0,0.0,0.0,1.0
PF_0024696_01|175|7|2025-02-26,PF_0024696_01,27548,1.0,0,9854,1.0,0,9854,1.0,0,0.0,0.0,0.0,1.0
PF_0024696_01|175|7|2025-03-04,PF_0024696_01,27610,1.0,0,9874,1.0,0,9874,1.0,0,0.0,0.0,0.0,1.0
PF_0024696_01|175|7|2025-03-11,PF_0024696_01,28059,1.0,0,10025,1.0,0,10025,1.0,0,0.0,0.0,0.0,1.0
PF_0024696_01|175|7|2025-03-18,PF_0024696_01,20746,1.0,0,7572,1.0,0,7572,1.0,0,0.0,0.0,0.0,0.8571428571428571
PF_0024696_01|175|7|2025-03-26,PF_0024696_01,26533,1.0,0,9493,1.0,0,9493,1.0,0,0.0,0.0,0.0,1.0
PF_0024696_01|175|7|2025-04-02,PF_0024696_01,27624,1.0,0,9874,1.0,0,9874,1.0,0,0.0,0.0,0.0,1.0
PF_0024696_01|175|7|2025-04-08,PF_0024696_01,27741,1.0,0,9919,1.0,0,9919,1.0,0,0.0,0.0,0.0,1.0
PF_0024696_01|175|7|2025-04-15,PF_0024696_01,27569,1.0,0,9861,1.0,0,9861,1.0,0,0.0,0.0,0.0,1.0
PF_0024696_01|175|7|2025-04-22,PF_0024696_01,25130,1.0,0,8990,1.0,0,8990,1.0,0,0.0,0.0,0.0,1.0
PF_0024696_01|175|7|2025-04-29,PF_0024696_01,26654,1.0,0,9516,1.0,0,9516,1.0,0,0.0,0.0,0.0,1.0
PF_0024696_01|175|8|2024-10-30,PF_0024696_01,0,0.0,0,0,0.0,0,0,0.0,0,0.0,0.0,0.0,0.0
PF_0024696_01|175|8|2024-11-07,PF_0024696_01,0,0.0,0,0,0.0,0,0,0.0,0,0.0,0.0,0.0,0.0
PF_0024696_01|175|8|2024-11-12,PF_0024696_01,0,0.0,0,0,0.0,0,0,0.0,0,0.0,0.0,0.0,0.0
PF_0024696_01|175|8|2024-11-20,PF_0024696_01,0,0.0,0,0,0.0,0,0,0.0,0,0.0,0.0,0.0,0.0
PF_0024696_01|175|8|2024-11-26,PF_0024696_01,463,0.7142857142857143,0,463,0.7142857142857143,0,463,0.7142857142857143,0,0.0,0.0,0.0,0.0
PF_0024696_01|175|8|2024-12-04,PF_0024696_01,997,1.0,0,997,1.0,0,997,1.0,0,0.0,0.0,0.0,0.0
PF_0024696_01|175|8|2024-12-10,PF_0024696_01,28778,1.0,0,10264,1.0,0,10264,1.0,0,0.0,0.0,0.0,1.0
PF_0024696_01|175|8|2024-12-18,PF_0024696_01,30894,1.0,0,10970,1.0,0,10970,1.0,0,0.0,0.0,0.0,1.0
PF_0024696_01|175|8|2024-12-24,PF_0024696_01,25552,1.0,0,9108,1.0,0,9108,1.0,0,0.0,0.0,0.0,1.0
PF_0024696_01|175|8|2024-12-31,PF_0024696_01,24609,1.0,0,8739,1.0,0,8739,1.0,0,0.0,0.0,0.0,1.0
PF_0024696_01|175|8|2025-01-07,PF_0024696_01,30916,1.0,0,10976,1.0,0,10976,1.0,0,0.0,0.0,0.0,1.0
PF_0024696_01|175|8|2025-01-14,PF_0024696_01,30348,1.0,0,10788,1.0,0,10788,1.0,0,0.0,0.0,0.0,1.0
PF_0024696_01|175|8|2025-01-21,PF_0024696_01,30156,1.0,0,10708,1.0,0,10708,1.0,0,0.0,0.0,0.0,1.0
PF_0024696_01|175|8|2025-01-26,PF_0024696_01,26021,1.0,0,9273,1.0,0,9273,1.0,0,0.0,0.0,0.0,1.0
PF_0024696_01|175|8|2025-02-05,PF_0024696_01,27442,1.0,0,9810,1.0,0,9810,1.0,0,0.0,0.0,0.0,1.0
PF_0024696_01|175|8|2025-02-11,PF_0024696_01,22539,1.0,0,8185,1.0,0,8185,1.0,0,0.0,0.0,0.0,1.0
PF_0024696_01|175|8|2025-02-18,PF_0024696_01,27756,1.0,0,9924,1.0,0,9924,1.0,0,0.0,0.0,0.0,1.0
PF_0024696_01|175|8|2025-02-26,PF_0024696_01,27548,1.0,0,9854,1.0,0,9854,1.0,0,0.0,0.0,0.0,1.0
PF_0024696_01|175|8|2025-03-04,PF_0024696_01,27610,1.0,0,9874,1.0,0,9874,1.0,0,0.0,0.0,0.0,1.0
PF_0024696_01|175|8|2025-03-11,PF_0024696_01,28059,1.0,0,10025,1.0,0,10025,1.0,0,0.0,0.0,0.0,1.0
PF_0024696_01|175|8|2025-03-18,PF_0024696_01,20746,1.0,0,7572,1.0,0,7572,1.0,0,0.0,0.0,0.0,0.8571428571428571
PF_0024696_01|175|8|2025-03-26,PF_0024696_01,26533,1.0,0,9493,1.0,0,9493,1.0,0,0.0,0.0,0.0,1.0
PF_0024696_01|175|8|2025-04-02,PF_0024696_01,27624,1.0,0,9874,1.0,0,9874,1.0,0,0.0,0.0,0.0,1.0
PF_0024696_01|175|8|2025-04-08,PF_0024696_01,27741,1.0,0,9919,1.0,0,9919,1.0,0,0.0,0.0,0.0,1.0
PF_0024696_01|175|8|2025-04-15,PF_0024696_01,27569,1.0,0,9861,1.0,0,9861,1.0,0,0.0,0.0,0.0,1.0
PF_0024696_01|175|8|2025-04-22,PF_0024696_01,25130,1.0,0,8990,1.0,0,8990,1.0,0,0.0,0.0,0.0,1.0
PF_0024696_01|175|8|2025-04-29,PF_0024696_01,26654,1.0,0,9516,1.0,0,9516,1.0,0,0.0,0.0,0.0,1.0
PF_0024696_01|175|9|2024-10-30,PF_0024696_01,0,0.0,0,0,0.0,0,0,0.0,0,0.0,0.0,0.0,0.0
PF_0024696_01|175|9|2024-11-07,PF_0024696_01,0,0.0,0,0,0.0,0,0,0.0,0,0.0,0.0,0.0,0.0
PF_0024696_01|175|9|2024-11-12,PF_0024696_01,0,0.0,0,0,0.0,0,0,0.0,0,0.0,0.0,0.0,0.0
PF_0024696_01|175|9|2024-11-20,PF_0024696_01,0,0.0,0,0,0.0,0,0,0.0,0,0.0,0.0,0.0,0.0
PF_0024696_01|175|9|2024-11-26,PF_0024696_01,463,0.7142857142857143,0,463,0.7142857142857143,0,463,0.7142857142857143,0,0.0,0.0,0.0,0.0
PF_0024696_01|175|9|2024-12-04,PF_0024696_01,997,1.0,0,997,1.0,0,997,1.0,0,0.0,0.0,0.0,0.0
PF_0024696_01|175|9|2024-12-10,PF_0024696_01,28778,1.0,0,10264,1.0,0,10264,1.0,0,0.0,0.0,0.0,1.0
PF_0024696_01|175|9|2024-12-18,PF_0024696_01,30894,1.0,0,10970,1.0,0,10970,1.0,0,0.0,0.0,0.0,1.0
PF_0024696_01|175|9|2024-12-24,PF_0024696_01,25552,1.0,0,9108,1.0,0,9108,1.0,0,0.0,0.0,0.0,1.0
PF_0024696_01|175|9|2024-12-31,PF_0024696_01,24609,1.0,0,8739,1.0,0,8739,1.0,0,0.0,0.0,0.0,1.0
PF_0024696_01|175|9|2025-01-07,PF_0024696_01,30916,1.0,0,10976,1.0,0,10976,1.0,0,0.0,0.0,0.0,1.0
PF_0024696_01|175|9|2025-01-14,PF_0024696_01,30348,1.0,0,10788,1.0,0,10788,1.0,0,0.0,0.0,0.0,1.0
PF_0024696_01|175|9|2025-01-21,PF_0024696_01,30156,1.0,0,10708,1.0,0,10708,1.0,0,0.0,0.0,0.0,1.0
PF_0024696_01|175|9|2025-01-26,PF_0024696_01,26021,1.0,0,9273,1.0,0,9273,1.0,0,0.0,0.0,0.0,1.0
PF_0024696_01|175|9|2025-02-05,PF_0024696_01,27442,1.0,0,9810,1.0,0,9810,1.0,0,0.0,0.0,0.0,1.0
PF_0024696_01|175|9|2025-02-11,PF_0024696_01,22539,1.0,0,8185,1.0,0,8185,1.0,0,0.0,0.0,0.0,1.0
PF_0024696_01|175|9|2025-02-18,PF_0024696_01,27756,1.0,0,9924,1.0,0,9924,1.0,0,0.0,0.0,0.0,1.0
PF_0024696_01|175|9|2025-02-26,PF_0024696_01,27548,1.0,0,9854,1.0,0,9854,1.0,0,0.0,0.0,0.0,1.0
PF_0024696_01|175|9|2025-03-04,PF_0024696_01,27610,1.0,0,9874,1.0,0,9874,1.0,0,0.0,0.0,0.0,1.0
PF_0024696_01|175|9|2025-03-11,PF_0024696_01,28059,1.0,0,10025,1.0,0,10025,1.0,0,0.0,0.0,0.0,1.0
PF_0024696_01|175|9|2025-03-18,PF_0024696_01,20746,1.0,0,7572,1.0,0,7572,1.0,0,0.0,0.0,0.0,0.8571428571428571
PF_0024696_01|175|9|2025-03-26,PF_0024696_01,26533,1.0,0,9493,1.0,0,9493,1.0,0,0.0,0.0,0.0,1.0
PF_0024696_01|175|9|2025-04-02,PF_0024696_01,27624,1.0,0,9874,1.0,0,9874,1.0,0,0.0,0.0,0.0,1.0
PF_0024696_01|175|9|2025-04-08,PF_0024696_01,27741,1.0,0,9919,1.0,0,9919,1.0,0,0.0,0.0,0.0,1.0
PF_0024696_01|175|9|2025-04-15,PF_0024696_01,27569,1.0,0,9861,1.0,0,9861,1.0,0,0.0,0.0,0.0,1.0
PF_0024696_01|175|9|2025-04-22,PF_0024696_01,25130,1.0,0,8990,1.0,0,8990,1.0,0,0.0,0.0,0.0,1.0
PF_0024696_01|175|9|2025-04-29,PF_0024696_01,26654,1.0,0,9516,1.0,0,9516,1.0,0,0.0,0.0,0.0,1.0
PF_0024697_01|177|1|2024-10-30,PF_0024697_01,0,0.0,0,0,0.0,0,0,0.0,0,0.0,0.0,0.0,0.0
PF_0024697_01|177|1|2024-11-07,PF_0024697_01,0,0.0,0,0,0.0,0,0,0.0,0,0.0,0.0,0.0,0.0
PF_0024697_01|177|1|2024-11-12,PF_0024697_01,0,0.0,0,0,0.0,0,0,0.0,0,0.0,0.0,0.0,0.0
PF_0024697_01|177|1|2024-11-20,PF_0024697_01,0,0.0,0,0,0.0,0,0,0.0,0,0.0,0.0,0.0,0.0
PF_0024697_01|177|1|2024-11-26,PF_0024697_01,463,0.7142857142857143,0,463,0.7142857142857143,0,463,0.7142857142857143,0,0.0,0.0,0.0,0.0
PF_0024697_01|177|1|2024-12-04,PF_0024697_01,997,1.0,0,997,1.0,0,997,1.0,0,0.0,0.0,0.0,0.0
PF_0024697_01|177|1|2024-12-10,PF_0024697_01,28541,1.0,0,10185,1.0,0,10185,1.0,0,0.0,0.0,0.0,1.0
PF_0024697_01|177|1|2024-12-18,PF_0024697_01,30657,1.0,0,10891,1.0,0,10891,1.0,0,0.0,0.0,0.0,1.0
PF_0024697_01|177|1|2024-12-24,PF_0024697_01,28926,1.0,0,10314,1.0,0,10314,1.0,0,0.0,0.0,0.0,1.0
PF_0024697_01|177|1|2024-12-31,PF_0024697_01,30609,1.0,0,10875,1.0,0,10875,1.0,0,0.0,0.0,0.0,1.0
PF_0024697_01|177|1|2025-01-07,PF_0024697_01,30643,1.0,0,10885,1.0,0,10885,1.0,0,0.0,0.0,0.0,1.0
PF_0024697_01|177|1|2025-01-14,PF_0024697_01,30120,1.0,0,10712,1.0,0,10712,1.0,0,0.0,0.0,0.0,1.0
PF_0024697_01|177|1|2025-01-21,PF_0024697_01,29955,1.0,0,10641,1.0,0,10641,1.0,0,0.0,0.0,0.0,1.0
PF_0024697_01|177|1|2025-01-26,PF_0024697_01,25742,1.0,0,9180,1.0,0,9180,1.0,0,0.0,0.0,0.0,1.0
PF_0024697_01|177|1|2025-02-05,PF_0024697_01,27542,1.0,0,9844,1.0,0,9844,1.0,0,0.0,0.0,0.0,1.0
PF_0024697_01|177|1|2025-02-11,PF_0024697_01,22839,1.0,0,8285,1.0,0,8285,1.0,0,0.0,0.0,0.0,1.0
PF_0024697_01|177|1|2025-02-18,PF_0024697_01,27891,1.0,0,9969,1.0,0,9969,1.0,0,0.0,0.0,0.0,1.0
PF_0024697_01|177|1|2025-02-26,PF_0024697_01,27809,1.0,0,9941,1.0,0,9941,1.0,0,0.0,0.0,0.0,1.0
PF_0024697_01|177|1|2025-03-04,PF_0024697_01,27630,1.0,0,9882,1.0,0,9882,1.0,0,0.0,0.0,0.0,1.0
PF_0024697_01|177|1|2025-03-11,PF_0024697_01,27249,1.0,0,9755,1.0,0,9755,1.0,0,0.0,0.0,0.0,1.0
PF_0024697_01|177|1|2025-03-18,PF_0024697_01,20166,1.0,0,7394,1.0,0,7394,1.0,0,0.0,0.0,0.0,0.8571428571428571
PF_0024697_01|177|1|2025-03-26,PF_0024697_01,26295,1.0,0,9413,1.0,0,9413,1.0,0,0.0,0.0,0.0,1.0
PF_0024697_01|177|1|2025-04-02,PF_0024697_01,27457,1.0,0,9819,1.0,0,9819,1.0,0,0.0,0.0,0.0,1.0
PF_0024697_01|177|1|2025-04-08,PF_0024697_01,27184,1.0,0,9732,1.0,0,9732,1.0,0,0.0,0.0,0.0,1.0
PF_0024697_01|177|1|2025-04-15,PF_0024697_01,27025,1.0,0,9671,1.0,0,9671,1.0,0,0.0,0.0,0.0,1.0
PF_0024697_01|177|1|2025-04-22,PF_0024697_01,27591,1.0,0,9869,1.0,0,9869,1.0,0,0.0,0.0,0.0,1.0
PF_0024697_01|177|1|2025-04-29,PF_0024697_01,28060,1.0,0,10024,1.0,0,10024,1.0,0,0.0,0.0,0.0,1.0
PF_0024697_01|177|2|2024-10-30,PF_0024697_01,0,0.0,0,0,0.0,0,0,0.0,0,0.0,0.0,0.0,0.0
PF_0024697_01|177|2|2024-11-07,PF_0024697_01,0,0.0,0,0,0.0,0,0,0.0,0,0.0,0.0,0.0,0.0
PF_0024697_01|177|2|2024-11-12,PF_0024697_01,0,0.0,0,0,0.0,0,0,0.0,0,0.0,0.0,0.0,0.0
PF_0024697_01|177|2|2024-11-20,PF_0024697_01,0,0.0,0,0,0.0,0,0,0.0,0,0.0,0.0,0.0,0.0
PF_0024697_01|177|2|2024-11-26,PF_0024697_01,463,0.7142857142857143,0,463,0.7142857142857143,0,463,0.7142857142857143,0,0.0,0.0,0.0,0.0
PF_0024697_01|177|2|2024-12-04,PF_0024697_01,997,1.0,0,997,1.0,0,997,1.0,0,0.0,0.0,0.0,0.0
PF_0024697_01|177|2|2024-12-10,PF_0024697_01,28541,1.0,0,10185,1.0,0,10185,1.0,0,0.0,0.0,0.0,1.0
PF_0024697_01|177|2|2024-12-18,PF_0024697_01,30657,1.0,0,10891,1.0,0,10891,1.0,0,0.0,0.0,0.0,1.0
PF_0024697_01|177|2|2024-12-24,PF_0024697_01,28926,1.0,0,10314,1.0,0,10314,1.0,0,0.0,0.0,0.0,1.0
PF_0024697_01|177|2|2024-12-31,PF_0024697_01,30609,1.0,0,10875,1.0,0,10875,1.0,0,0.0,0.0,0.0,1.0
PF_0024697_01|177|2|2025-01-07,PF_0024697_01,30643,1.0,0,10885,1.0,0,10885,1.0,0,0.0,0.0,0.0,1.0
PF_0024697_01|177|2|2025-01-14,PF_0024697_01,30120,1.0,0,10712,1.0,0,10712,1.0,0,0.0,0.0,0.0,1.0
PF_0024697_01|177|2|2025-01-21,PF_0024697_01,29955,1.0,0,10641,1.0,0,10641,1.0,0,0.0,0.0,0.0,1.0
PF_0024697_01|177|2|2025-01-26,PF_0024697_01,25742,1.0,0,9180,1.0,0,9180,1.0,0,0.0,0.0,0.0,1.0
PF_0024697_01|177|2|2025-02-05,PF_0024697_01,27542,1.0,0,9844,1.0,0,9844,1.0,0,0.0,0.0,0.0,1.0
PF_0024697_01|177|2|2025-02-11,PF_0024697_01,22839,1.0,0,8285,1.0,0,8285,1.0,0,0.0,0.0,0.0,1.0
PF_0024697_01|177|2|2025-02-18,PF_0024697_01,27891,1.0,0,9969,1.0,0,9969,1.0,0,0.0,0.0,0.0,1.0
PF_0024697_01|177|2|2025-02-26,PF_0024697_01,27809,1.0,0,9941,1.0,0,9941,1.0,0,0.0,0.0,0.0,1.0
PF_0024697_01|177|2|2025-03-04,PF_0024697_01,27630,1.0,0,9882,1.0,0,9882,1.0,0,0.0,0.0,0.0,1.0
PF_0024697_01|177|2|2025-03-11,PF_0024697_01,27249,1.0,0,9755,1.0,0,9755,1.0,0,0.0,0.0,0.0,1.0
PF_0024697_01|177|2|2025-03-18,PF_0024697_01,20166,1.0,0,7394,1.0,0,7394,1.0,0,0.0,0.0,0.0,0.8571428571428571
PF_0024697_01|177|2|2025-03-26,PF_0024697_01,26295,1.0,0,9413,1.0,0,9413,1.0,0,0.0,0.0,0.0,1.0
PF_0024697_01|177|2|2025-04-02,PF_0024697_01,27457,1.0,0,9819,1.0,0,9819,1.0,0,0.0,0.0,0.0,1.0
PF_0024697_01|177|2|2025-04-08,PF_0024697_01,27184,1.0,0,9732,1.0,0,9732,1.0,0,0.0,0.0,0.0,1.0
PF_0024697_01|177|2|2025-04-15,PF_0024697_01,27025,1.0,0,9671,1.0,0,9671,1.0,0,0.0,0.0,0.0,1.0
PF_0024697_01|177|2|2025-04-22,PF_0024697_01,27591,1.0,0,9869,1.0,0,9869,1.0,0,0.0,0.0,0.0,1.0
PF_0024697_01|177|2|2025-04-29,PF_0024697_01,28060,1.0,0,10024,1.0,0,10024,1.0,0,0.0,0.0,0.0,1.0
PF_0024697_01|177|3|2024-10-30,PF_0024697_01,0,0.0,0,0,0.0,0,0,0.0,0,0.0,0.0,0.0,0.0
PF_0024697_01|177|3|2024-11-07,PF_0024697_01,0,0.0,0,0,0.0,0,0,0.0,0,0.0,0.0,0.0,0.0
PF_0024697_01|177|3|2024-11-12,PF_0024697_01,0,0.0,0,0,0.0,0,0,0.0,0,0.0,0.0,0.0,0.0
PF_0024697_01|177|3|2024-11-20,PF_0024697_01,0,0.0,0,0,0.0,0,0,0.0,0,0.0,0.0,0.0,0.0
PF_0024697_01|177|3|2024-11-26,PF_0024697_01,463,0.7142857142857143,0,463,0.7142857142857143,0,463,0.7142857142857143,0,0.0,0.0,0.0,0.0
PF_0024697_01|177|3|2024-12-04,PF_0024697_01,997,1.0,0,997,1.0,0,997,1.0,0,0.0,0.0,0.0,0.0
PF_0024697_01|177|3|2024-12-10,PF_0024697_01,28541,1.0,0,10185,1.0,0,10185,1.0,0,0.0,0.0,0.0,1.0
PF_0024697_01|177|3|2024-12-18,PF_0024697_01,30657,1.0,0,10891,1.0,0,10891,1.0,0,0.0,0.0,0.0,1.0
PF_0024697_01|177|3|2024-12-24,PF_0024697_01,28926,1.0,0,10314,1.0,0,10314,1.0,0,0.0,0.0,0.0,1.0
PF_0024697_01|177|3|2024-12-31,PF_0024697_01,30609,1.0,0,10875,1.0,0,10875,1.0,0,0.0,0.0,0.0,1.0
PF_0024697_01|177|3|2025-01-07,PF_0024697_01,30643,1.0,0,10885,1.0,0,10885,1.0,0,0.0,0.0,0.0,1.0
PF_0024697_01|177|3|2025-01-14,PF_0024697_01,30120,1.0,0,10712,1.0,0,10712,1.0,0,0.0,0.0,0.0,1.0
PF_0024697_01|177|3|2025-01-21,PF_0024697_01,29955,1.0,0,10641,1.0,0,10641,1.0,0,0.0,0.0,0.0,1.0
PF_0024697_01|177|3|2025-01-26,PF_0024697_01,25742,1.0,0,9180,1.0,0,9180,1.0,0,0.0,0.0,0.0,1.0
PF_0024697_01|177|3|2025-02-05,PF_0024697_01,27542,1.0,0,9844,1.0,0,9844,1.0,0,0.0,0.0,0.0,1.0
PF_0024697_01|177|3|2025-02-11,PF_0024697_01,22839,1.0,0,8285,1.0,0,8285,1.0,0,0.0,0.0,0.0,1.0
PF_0024697_01|177|3|2025-02-18,PF_0024697_01,27891,1.0,0,9969,1.0,0,9969,1.0,0,0.0,0.0,0.0,1.0
PF_0024697_01|177|3|2025-02-26,PF_0024697_01,27809,1.0,0,9941,1.0,0,9941,1.0,0,0.0,0.0,0.0,1.0
PF_0024697_01|177|3|2025-03-04,PF_0024697_01,27630,1.0,0,9882,1.0,0,9882,1.0,0,0.0,0.0,0.0,1.0
PF_0024697_01|177|3|2025-03-11,PF_0024697_01,27249,1.0,0,9755,1.0,0,9755,1.0,0,0.0,0.0,0.0,1.0
PF_0024697_01|177|3|2025-03-18,PF_0024697_01,20166,1.0,0,7394,1.0,0,7394,1.0,0,0.0,0.0,0.0,0.8571428571428571
PF_0024697_01|177|3|2025-03-26,PF_0024697_01,26295,1.0,0,9413,1.0,0,9413,1.0,0,0.0,0.0,0.0,1.0
PF_0024697_01|177|3|2025-04-02,PF_0024697_01,27457,1.0,0,9819,1.0,0,9819,1.0,0,0.0,0.0,0.0,1.0
PF_0024697_01|177|3|2025-04-08,PF_0024697_01,27184,1.0,0,9732,1.0,0,9732,1.0,0,0.0,0.0,0.0,1.0
PF_0024697_01|177|3|2025-04-15,PF_0024697_01,27025,1.0,0,9671,1.0,0,9671,1.0,0,0.0,0.0,0.0,1.0
PF_0024697_01|177|3|2025-04-22,PF_0024697_01,27591,1.0,0,9869,1.0,0,9869,1.0,0,0.0,0.0,0.0,1.0
PF_0024697_01|177|3|2025-04-29,PF_0024697_01,28060,1.0,0,10024,1.0,0,10024,1.0,0,0.0,0.0,0.0,1.0
PF_0024697_01|177|4|2024-10-30,PF_0024697_01,0,0.0,0,0,0.0,0,0,0.0,0,0.0,0.0,0.0,0.0
PF_0024697_01|177|4|2024-11-07,PF_0024697_01,0,0.0,0,0,0.0,0,0,0.0,0,0.0,0.0,0.0,0.0
PF_0024697_01|177|4|2024-11-12,PF_0024697_01,0,0.0,0,0,0.0,0,0,0.0,0,0.0,0.0,0.0,0.0
PF_0024697_01|177|4|2024-11-20,PF_0024697_01,0,0.0,0,0,0.0,0,0,0.0,0,0.0,0.0,0.0,0.0
PF_0024697_01|177|4|2024-11-26,PF_0024697_01,463,0.7142857142857143,0,463,0.7142857142857143,0,463,0.7142857142857143,0,0.0,0.0,0.0,0.0
PF_0024697_01|177|4|2024-12-04,PF_0024697_01,997,1.0,0,997,1.0,0,997,1.0,0,0.0,0.0,0.0,0.0
PF_0024697_01|177|4|2024-12-10,PF_0024697_01,28541,1.0,0,10185,1.0,0,10185,1.0,0,0.0,0.0,0.0,1.0
PF_0024697_01|177|4|2024-12-18,PF_0024697_01,30657,1.0,0,10891,1.0,0,10891,1.0,0,0.0,0.0,0.0,1.0
PF_0024697_01|177|4|2024-12-24,PF_0024697_01,28926,1.0,0,10314,1.0,0,10314,1.0,0,0.0,0.0,0.0,1.0
PF_0024697_01|177|4|2024-12-31,PF_0024697_01,30609,1.0,0,10875,1.0,0,10875,1.0,0,0.0,0.0,0.0,1.0
PF_0024697_01|177|4|2025-01-07,PF_0024697_01,30643,1.0,0,10885,1.0,0,10885,1.0,0,0.0,0.0,0.0,1.0
PF_0024697_01|177|4|2025-01-14,PF_0024697_01,30120,1.0,0,10712,1.0,0,10712,1.0,0,0.0,0.0,0.0,1.0
PF_0024697_01|177|4|2025-01-21,PF_0024697_01,29955,1.0,0,10641,1.0,0,10641,1.0,0,0.0,0.0,0.0,1.0
PF_0024697_01|177|4|2025-01-26,PF_0024697_01,25742,1.0,0,9180,1.0,0,9180,1.0,0,0.0,0.0,0.0,1.0
PF_0024697_01|177|4|2025-02-05,PF_0024697_01,27542,1.0,0,9844,1.0,0,9844,1.0,0,0.0,0.0,0.0,1.0
PF_0024697_01|177|4|2025-02-11,PF_0024697_01,22839,1.0,0,8285,1.0,0,8285,1.0,0,0.0,0.0,0.0,1.0
PF_0024697_01|177|4|2025-02-18,PF_0024697_01,27891,1.0,0,9969,1.0,0,9969,1.0,0,0.0,0.0,0.0,1.0
PF_0024697_01|177|4|2025-02-26,PF_0024697_01,27809,1.0,0,9941,1.0,0,9941,1.0,0,0.0,0.0,0.0,1.0
PF_0024697_01|177|4|2025-03-04,PF_0024697_01,27630,1.0,0,9882,1.0,0,9882,1.0,0,0.0,0.0,0.0,1.0
PF_0024697_01|177|4|2025-03-11,PF_0024697_01,27249,1.0,0,9755,1.0,0,9755,1.0,0,0.0,0.0,0.0,1.0
PF_0024697_01|177|4|2025-03-18,PF_0024697_01,20166,1.0,0,7394,1.0,0,7394,1.0,0,0.0,0.0,0.0,0.8571428571428571
PF_0024697_01|177|4|2025-03-26,PF_0024697_01,26295,1.0,0,9413,1.0,0,9413,1.0,0,0.0,0.0,0.0,1.0
PF_0024697_01|177|4|2025-04-02,PF_0024697_01,27457,1.0,0,9819,1.0,0,9819,1.0,0,0.0,0.0,0.0,1.0
PF_0024697_01|177|4|2025-04-08,PF_0024697_01,27184,1.0,0,9732,1.0,0,9732,1.0,0,0.0,0.0,0.0,1.0
PF_0024697_01|177|4|2025-04-15,PF_0024697_01,27025,1.0,0,9671,1.0,0,9671,1.0,0,0.0,0.0,0.0,1.0
PF_0024697_01|177|4|2025-04-22,PF_0024697_01,27591,1.0,0,9869,1.0,0,9869,1.0,0,0.0,0.0,0.0,1.0
PF_0024697_01|177|4|2025-04-29,PF_0024697_01,28060,1.0,0,10024,1.0,0,10024,1.0,0,0.0,0.0,0.0,1.0
PF_0024697_01|177|5|2024-10-30,PF_0024697_01,0,0.0,0,0,0.0,0,0,0.0,0,0.0,0.0,0.0,0.0
PF_0024697_01|177|5|2024-11-07,PF_0024697_01,0,0.0,0,0,0.0,0,0,0.0,0,0.0,0.0,0.0,0.0
PF_0024697_01|177|5|2024-11-12,PF_0024697_01,0,0.0,0,0,0.0,0,0,0.0,0,0.0,0.0,0.0,0.0
PF_0024697_01|177|5|2024-11-20,PF_0024697_01,0,0.0,0,0,0.0,0,0,0.0,0,0.0,0.0,0.0,0.0
PF_0024697_01|177|5|2024-11-26,PF_0024697_01,463,0.7142857142857143,0,463,0.7142857142857143,0,463,0.7142857142857143,0,0.0,0.0,0.0,0.0
PF_0024697_01|177|5|2024-12-04,PF_0024697_01,997,1.0,0,997,1.0,0,997,1.0,0,0.0,0.0,0.0,0.0
PF_0024697_01|177|5|2024-12-10,PF_0024697_01,28541,1.0,0,10185,1.0,0,10185,1.0,0,0.0,0.0,0.0,1.0
PF_0024697_01|177|5|2024-12-18,PF_0024697_01,30657,1.0,0,10891,1.0,0,10891,1.0,0,0.0,0.0,0.0,1.0
PF_0024697_01|177|5|2024-12-24,PF_0024697_01,28926,1.0,0,10314,1.0,0,10314,1.0,0,0.0,0.0,0.0,1.0
PF_0024697_01|177|5|2024-12-31,PF_0024697_01,30609,1.0,0,10875,1.0,0,10875,1.0,0,0.0,0.0,0.0,1.0
PF_0024697_01|177|5|2025-01-07,PF_0024697_01,30643,1.0,0,10885,1.0,0,10885,1.0,0,0.0,0.0,0.0,1.0
PF_0024697_01|177|5|2025-01-14,PF_0024697_01,30120,1.0,0,10712,1.0,0,10712,1.0,0,0.0,0.0,0.0,1.0
PF_0024697_01|177|5|2025-01-21,PF_0024697_01,29955,1.0,0,10641,1.0,0,10641,1.0,0,0.0,0.0,0.0,1.0
PF_0024697_01|177|5|2025-01-26,PF_0024697_01,25742,1.0,0,9180,1.0,0,9180,1.0,0,0.0,0.0,0.0,1.0
PF_0024697_01|177|5|2025-02-05,PF_0024697_01,27542,1.0,0,9844,1.0,0,9844,1.0,0,0.0,0.0,0.0,1.0
PF_0024697_01|177|5|2025-02-11,PF_0024697_01,22839,1.0,0,8285,1.0,0,8285,1.0,0,0.0,0.0,0.0,1.0
PF_0024697_01|177|5|2025-02-18,PF_0024697_01,27891,1.0,0,9969,1.0,0,9969,1.0,0,0.0,0.0,0.0,1.0
PF_0024697_01|177|5|2025-02-26,PF_0024697_01,27809,1.0,0,9941,1.0,0,9941,1.0,0,0.0,0.0,0.0,1.0
PF_0024697_01|177|5|2025-03-04,PF_0024697_01,27630,1.0,0,9882,1.0,0,9882,1.0,0,0.0,0.0,0.0,1.0
PF_0024697_01|177|5|2025-03-11,PF_0024697_01,27249,1.0,0,9755,1.0,0,9755,1.0,0,0.0,0.0,0.0,1.0
PF_0024697_01|177|5|2025-03-18,PF_0024697_01,20166,1.0,0,7394,1.0,0,7394,1.0,0,0.0,0.0,0.0,0.8571428571428571
PF_0024697_01|177|5|2025-03-26,PF_0024697_01,26295,1.0,0,9413,1.0,0,9413,1.0,0,0.0,0.0,0.0,1.0
PF_0024697_01|177|5|2025-04-02,PF_0024697_01,27457,1.0,0,9819,1.0,0,9819,1.0,0,0.0,0.0,0.0,1.0
PF_0024697_01|177|5|2025-04-08,PF_0024697_01,27184,1.0,0,9732,1.0,0,9732,1.0,0,0.0,0.0,0.0,1.0
PF_0024697_01|177|5|2025-04-15,PF_0024697_01,27025,1.0,0,9671,1.0,0,9671,1.0,0,0.0,0.0,0.0,1.0
PF_0024697_01|177|5|2025-04-22,PF_0024697_01,27591,1.0,0,9869,1.0,0,9869,1.0,0,0.0,0.0,0.0,1.0
PF_0024697_01|177|5|2025-04-29,PF_0024697_01,28060,1.0,0,10024,1.0,0,10024,1.0,0,0.0,0.0,0.0,1.0
PF_0024697_01|177|6|2024-10-30,PF_0024697_01,0,0.0,0,0,0.0,0,0,0.0,0,0.0,0.0,0.0,0.0
PF_0024697_01|177|6|2024-11-07,PF_0024697_01,0,0.0,0,0,0.0,0,0,0.0,0,0.0,0.0,0.0,0.0
PF_0024697_01|177|6|2024-11-12,PF_0024697_01,0,0.0,0,0,0.0,0,0,0.0,0,0.0,0.0,0.0,0.0
PF_0024697_01|177|6|2024-11-20,PF_0024697_01,0,0.0,0,0,0.0,0,0,0.0,0,0.0,0.0,0.0,0.0
PF_0024697_01|177|6|2024-11-26,PF_0024697_01,463,0.7142857142857143,0,463,0.7142857142857143,0,463,0.7142857142857143,0,0.0,0.0,0.0,0.0
PF_0024697_01|177|6|2024-12-04,PF_0024697_01,997,1.0,0,997,1.0,0,997,1.0,0,0.0,0.0,0.0,0.0
PF_0024697_01|177|6|2024-12-10,PF_0024697_01,28541,1.0,0,10185,1.0,0,10185,1.0,0,0.0,0.0,0.0,1.0
PF_0024697_01|177|6|2024-12-18,PF_0024697_01,30657,1.0,0,10891,1.0,0,10891,1.0,0,0.0,0.0,0.0,1.0
PF_0024697_01|177|6|2024-12-24,PF_0024697_01,28926,1.0,0,10314,1.0,0,10314,1.0,0,0.0,0.0,0.0,1.0
PF_0024697_01|177|6|2024-12-31,PF_0024697_01,30609,1.0,0,10875,1.0,0,10875,1.0,0,0.0,0.0,0.0,1.0
PF_0024697_01|177|6|2025-01-07,PF_0024697_01,30643,1.0,0,10885,1.0,0,10885,1.0,0,0.0,0.0,0.0,1.0
PF_0024697_01|177|6|2025-01-14,PF_0024697_01,30120,1.0,0,10712,1.0,0,10712,1.0,0,0.0,0.0,0.0,1.0
PF_0024697_01|177|6|2025-01-21,PF_0024697_01,29955,1.0,0,10641,1.0,0,10641,1.0,0,0.0,0.0,0.0,1.0
PF_0024697_01|177|6|2025-01-26,PF_0024697_01,25742,1.0,0,9180,1.0,0,9180,1.0,0,0.0,0.0,0.0,1.0
PF_0024697_01|177|6|2025-02-05,PF_0024697_01,27542,1.0,0,9844,1.0,0,9844,1.0,0,0.0,0.0,0.0,1.0
PF_0024697_01|177|6|2025-02-11,PF_0024697_01,22839,1.0,0,8285,1.0,0,8285,1.0,0,0.0,0.0,0.0,1.0
PF_0024697_01|177|6|2025-02-18,PF_0024697_01,27891,1.0,0,9969,1.0,0,9969,1.0,0,0.0,0.0,0.0,1.0
PF_0024697_01|177|6|2025-02-26,PF_0024697_01,27809,1.0,0,9941,1.0,0,9941,1.0,0,0.0,0.0,0.0,1.0
PF_0024697_01|177|6|2025-03-04,PF_0024697_01,27630,1.0,0,9882,1.0,0,9882,1.0,0,0.0,0.0,0.0,1.0
PF_0024697_01|177|6|2025-03-11,PF_0024697_01,27249,1.0,0,9755,1.0,0,9755,1.0,0,0.0,0.0,0.0,1.0
PF_0024697_01|177|6|2025-03-18,PF_0024697_01,20166,1.0,0,7394,1.0,0,7394,1.0,0,0.0,0.0,0.0,0.8571428571428571
PF_0024697_01|177|6|2025-03-26,PF_0024697_01,26295,1.0,0,9413,1.0,0,9413,1.0,0,0.0,0.0,0.0,1.0
PF_0024697_01|177|6|2025-04-02,PF_0024697_01,27457,1.0,0,9819,1.0,0,9819,1.0,0,0.0,0.0,0.0,1.0
PF_0024697_01|177|6|2025-04-08,PF_0024697_01,27184,1.0,0,9732,1.0,0,9732,1.0,0,0.0,0.0,0.0,1.0
PF_0024697_01|177|6|2025-04-15,PF_0024697_01,27025,1.0,0,9671,1.0,0,9671,1.0,0,0.0,0.0,0.0,1.0
PF_0024697_01|177|6|2025-04-22,PF_0024697_01,27591,1.0,0,9869,1.0,0,9869,1.0,0,0.0,0.0,0.0,1.0
PF_0024697_01|177|6|2025-04-29,PF_0024697_01,28060,1.0,0,10024,1.0,0,10024,1.0,0,0.0,0.0,0.0,1.0
PF_0024697_01|177|7|2024-10-30,PF_0024697_01,0,0.0,0,0,0.0,0,0,0.0,0,0.0,0.0,0.0,0.0
PF_0024697_01|177|7|2024-11-07,PF_0024697_01,0,0.0,0,0,0.0,0,0,0.0,0,0.0,0.0,0.0,0.0
PF_0024697_01|177|7|2024-11-12,PF_0024697_01,0,0.0,0,0,0.0,0,0,0.0,0,0.0,0.0,0.0,0.0
PF_0024697_01|177|7|2024-11-20,PF_0024697_01,0,0.0,0,0,0.0,0,0,0.0,0,0.0,0.0,0.0,0.0
PF_0024697_01|177|7|2024-11-26,PF_0024697_01,463,0.7142857142857143,0,463,0.7142857142857143,0,463,0.7142857142857143,0,0.0,0.0,0.0,0.0
PF_0024697_01|177|7|2024-12-04,PF_0024697_01,997,1.0,0,997,1.0,0,997,1.0,0,0.0,0.0,0.0,0.0
PF_0024697_01|177|7|2024-12-10,PF_0024697_01,28541,1.0,0,10185,1.0,0,10185,1.0,0,0.0,0.0,0.0,1.0
PF_0024697_01|177|7|2024-12-18,PF_0024697_01,30657,1.0,0,10891,1.0,0,10891,1.0,0,0.0,0.0,0.0,1.0
PF_0024697_01|177|7|2024-12-24,PF_0024697_01,28926,1.0,0,10314,1.0,0,10314,1.0,0,0.0,0.0,0.0,1.0
PF_0024697_01|177|7|2024-12-31,PF_0024697_01,30609,1.0,0,10875,1.0,0,10875,1.0,0,0.0,0.0,0.0,1.0
PF_0024697_01|177|7|2025-01-07,PF_0024697_01,30643,1.0,0,10885,1.0,0,10885,1.0,0,0.0,0.0,0.0,1.0
PF_0024697_01|177|7|2025-01-14,PF_0024697_01,30120,1.0,0,10712,1.0,0,10712,1.0,0,0.0,0.0,0.0,1.0
PF_0024697_01|177|7|2025-01-21,PF_0024697_01,29955,1.0,0,10641,1.0,0,10641,1.0,0,0.0,0.0,0.0,1.0
PF_0024697_01|177|7|2025-01-26,PF_0024697_01,25742,1.0,0,9180,1.0,0,9180,1.0,0,0.0,0.0,0.0,1.0
PF_0024697_01|177|7|2025-02-05,PF_0024697_01,27542,1.0,0,9844,1.0,0,9844,1.0,0,0.0,0.0,0.0,1.0
PF_0024697_01|177|7|2025-02-11,PF_0024697_01,22839,1.0,0,8285,1.0,0,8285,1.0,0,0.0,0.0,0.0,1.0
PF_0024697_01|177|7|2025-02-18,PF_0024697_01,27891,1.0,0,9969,1.0,0,9969,1.0,0,0.0,0.0,0.0,1.0
PF_0024697_01|177|7|2025-02-26,PF_0024697_01,27809,1.0,0,9941,1.0,0,9941,1.0,0,0.0,0.0,0.0,1.0
PF_0024697_01|177|7|2025-03-04,PF_0024697_01,27630,1.0,0,9882,1.0,0,9882,1.0,0,0.0,0.0,0.0,1.0
PF_0024697_01|177|7|2025-03-11,PF_0024697_01,27249,1.0,0,9755,1.0,0,9755,1.0,0,0.0,0.0,0.0,1.0
PF_0024697_01|177|7|2025-03-18,PF_0024697_01,20166,1.0,0,7394,1.0,0,7394,1.0,0,0.0,0.0,0.0,0.8571428571428571
PF_0024697_01|177|7|2025-03-26,PF_0024697_01,26295,1.0,0,9413,1.0,0,9413,1.0,0,0.0,0.0,0.0,1.0
PF_0024697_01|177|7|2025-04-02,PF_0024697_01,27457,1.0,0,9819,1.0,0,9819,1.0,0,0.0,0.0,0.0,1.0
PF_0024697_01|177|7|2025-04-08,PF_0024697_01,27184,1.0,0,9732,1.0,0,9732,1.0,0,0.0,0.0,0.0,1.0
PF_0024697_01|177|7|2025-04-15,PF_0024697_01,27025,1.0,0,9671,1.0,0,9671,1.0,0,0.0,0.0,0.0,1.0
PF_0024697_01|177|7|2025-04-22,PF_0024697_01,27591,1.0,0,9869,1.0,0,9869,1.0,0,0.0,0.0,0.0,1.0
PF_0024697_01|177|7|2025-04-29,PF_0024697_01,28060,1.0,0,10024,1.0,0,10024,1.0,0,0.0,0.0,0.0,1.0
PF_0024697_01|177|8|2024-10-30,PF_0024697_01,0,0.0,0,0,0.0,0,0,0.0,0,0.0,0.0,0.0,0.0
PF_0024697_01|177|8|2024-11-07,PF_0024697_01,0,0.0,0,0,0.0,0,0,0.0,0,0.0,0.0,0.0,0.0
PF_0024697_01|177|8|2024-11-12,PF_0024697_01,0,0.0,0,0,0.0,0,0,0.0,0,0.0,0.0,0.0,0.0
PF_0024697_01|177|8|2024-11-20,PF_0024697_01,0,0.0,0,0,0.0,0,0,0.0,0,0.0,0.0,0.0,0.0
PF_0024697_01|177|8|2024-11-26,PF_0024697_01,463,0.7142857142857143,0,463,0.7142857142857143,0,463,0.7142857142857143,0,0.0,0.0,0.0,0.0
PF_0024697_01|177|8|2024-12-04,PF_0024697_01,997,1.0,0,997,1.0,0,997,1.0,0,0.0,0.0,0.0,0.0
PF_0024697_01|177|8|2024-12-10,PF_0024697_01,28541,1.0,0,10185,1.0,0,10185,1.0,0,0.0,0.0,0.0,1.0
PF_0024697_01|177|8|2024-12-18,PF_0024697_01,30657,1.0,0,10891,1.0,0,10891,1.0,0,0.0,0.0,0.0,1.0
PF_0024697_01|177|8|2024-12-24,PF_0024697_01,28926,1.0,0,10314,1.0,0,10314,1.0,0,0.0,0.0,0.0,1.0
PF_0024697_01|177|8|2024-12-31,PF_0024697_01,30609,1.0,0,10875,1.0,0,10875,1.0,0,0.0,0.0,0.0,1.0
PF_0024697_01|177|8|2025-01-07,PF_0024697_01,30643,1.0,0,10885,1.0,0,10885,1.0,0,0.0,0.0,0.0,1.0
PF_0024697_01|177|8|2025-01-14,PF_0024697_01,30120,1.0,0,10712,1.0,0,10712,1.0,0,0.0,0.0,0.0,1.0
PF_0024697_01|177|8|2025-01-21,PF_0024697_01,29955,1.0,0,10641,1.0,0,10641,1.0,0,0.0,0.0,0.0,1.0
PF_0024697_01|177|8|2025-01-26,PF_0024697_01,25742,1.0,0,9180,1.0,0,9180,1.0,0,0.0,0.0,0.0,1.0
PF_0024697_01|177|8|2025-02-05,PF_0024697_01,27542,1.0,0,9844,1.0,0,9844,1.0,0,0.0,0.0,0.0,1.0
PF_0024697_01|177|8|2025-02-11,PF_0024697_01,22839,1.0,0,8285,1.0,0,8285,1.0,0,0.0,0.0,0.0,1.0
PF_0024697_01|177|8|2025-02-18,PF_0024697_01,27891,1.0,0,9969,1.0,0,9969,1.0,0,0.0,0.0,0.0,1.0
PF_0024697_01|177|8|2025-02-26,PF_0024697_01,27809,1.0,0,9941,1.0,0,9941,1.0,0,0.0,0.0,0.0,1.0
PF_0024697_01|177|8|2025-03-04,PF_0024697_01,27630,1.0,0,9882,1.0,0,9882,1.0,0,0.0,0.0,0.0,1.0
PF_0024697_01|177|8|2025-03-11,PF_0024697_01,27249,1.0,0,9755,1.0,0,9755,1.0,0,0.0,0.0,0.0,1.0
PF_0024697_01|177|8|2025-03-18,PF_0024697_01,20166,1.0,0,7394,1.0,0,7394,1.0,0,0.0,0.0,0.0,0.8571428571428571
PF_0024697_01|177|8|2025-03-26,PF_0024697_01,26295,1.0,0,9413,1.0,0,9413,1.0,0,0.0,0.0,0.0,1.0
PF_0024697_01|177|8|2025-04-02,PF_0024697_01,27457,1.0,0,9819,1.0,0,9819,1.0,0,0.0,0.0,0.0,1.0
PF_0024697_01|177|8|2025-04-08,PF_0024697_01,27184,1.0,0,9732,1.0,0,9732,1.0,0,0.0,0.0,0.0,1.0
PF_0024697_01|177|8|2025-04-15,PF_0024697_01,27025,1.0,0,9671,1.0,0,9671,1.0,0,0.0,0.0,0.0,1.0
PF_0024697_01|177|8|2025-04-22,PF_0024697_01,27591,1.0,0,9869,1.0,0,9869,1.0,0,0.0,0.0,0.0,1.0
PF_0024697_01|177|8|2025-04-29,PF_0024697_01,28060,1.0,0,10024,1.0,0,10024,1.0,0,0.0,0.0,0.0,1.0
PF_0024697_01|177|9|2024-10-30,PF_0024697_01,0,0.0,0,0,0.0,0,0,0.0,0,0.0,0.0,0.0,0.0
PF_0024697_01|177|9|2024-11-07,PF_0024697_01,0,0.0,0,0,0.0,0,0,0.0,0,0.0,0.0,0.0,0.0
PF_0024697_01|177|9|2024-11-12,PF_0024697_01,0,0.0,0,0,0.0,0,0,0.0,0,0.0,0.0,0.0,0.0
PF_0024697_01|177|9|2024-11-20,PF_0024697_01,0,0.0,0,0,0.0,0,0,0.0,0,0.0,0.0,0.0,0.0
PF_0024697_01|177|9|2024-11-26,PF_0024697_01,463,0.7142857142857143,0,463,0.7142857142857143,0,463,0.7142857142857143,0,0.0,0.0,0.0,0.0
PF_0024697_01|177|9|2024-12-04,PF_0024697_01,997,1.0,0,997,1.0,0,997,1.0,0,0.0,0.0,0.0,0.0
PF_0024697_01|177|9|2024-12-10,PF_0024697_01,28541,1.0,0,10185,1.0,0,10185,1.0,0,0.0,0.0,0.0,1.0
PF_0024697_01|177|9|2024-12-18,PF_0024697_01,30657,1.0,0,10891,1.0,0,10891,1.0,0,0.0,0.0,0.0,1.0
PF_0024697_01|177|9|2024-12-24,PF_0024697_01,28926,1.0,0,10314,1.0,0,10314,1.0,0,0.0,0.0,0.0,1.0
PF_0024697_01|177|9|2024-12-31,PF_0024697_01,30609,1.0,0,10875,1.0,0,10875,1.0,0,0.0,0.0,0.0,1.0
PF_0024697_01|177|9|2025-01-07,PF_0024697_01,30643,1.0,0,10885,1.0,0,10885,1.0,0,0.0,0.0,0.0,1.0
PF_0024697_01|177|9|2025-01-14,PF_0024697_01,30120,1.0,0,10712,1.0,0,10712,1.0,0,0.0,0.0,0.0,1.0
PF_0024697_01|177|9|2025-01-21,PF_0024697_01,29955,1.0,0,10641,1.0,0,10641,1.0,0,0.0,0.0,0.0,1.0
PF_0024697_01|177|9|2025-01-26,PF_0024697_01,25742,1.0,0,9180,1.0,0,9180,1.0,0,0.0,0.0,0.0,1.0
PF_0024697_01|177|9|2025-02-05,PF_0024697_01,27542,1.0,0,9844,1.0,0,9844,1.0,0,0.0,0.0,0.0,1.0
PF_0024697_01|177|9|2025-02-11,PF_0024697_01,22839,1.0,0,8285,1.0,0,8285,1.0,0,0.0,0.0,0.0,1.0
PF_0024697_01|177|9|2025-02-18,PF_0024697_01,27891,1.0,0,9969,1.0,0,9969,1.0,0,0.0,0.0,0.0,1.0
PF_0024697_01|177|9|2025-02-26,PF_0024697_01,27809,1.0,0,9941,1.0,0,9941,1.0,0,0.0,0.0,0.0,1.0
PF_0024697_01|177|9|2025-03-04,PF_0024697_01,27630,1.0,0,9882,1.0,0,9882,1.0,0,0.0,0.0,0.0,1.0
PF_0024697_01|177|9|2025-03-11,PF_0024697_01,27249,1.0,0,9755,1.0,0,9755,1.0,0,0.0,0.0,0.0,1.0
PF_0024697_01|177|9|2025-03-18,PF_0024697_01,20166,1.0,0,7394,1.0,0,7394,1.0,0,0.0,0.0,0.0,0.8571428571428571
PF_0024697_01|177|9|2025-03-26,PF_0024697_01,26295,1.0,0,9413,1.0,0,9413,1.0,0,0.0,0.0,0.0,1.0
PF_0024697_01|177|9|2025-04-02,PF_0024697_01,27457,1.0,0,9819,1.0,0,9819,1.0,0,0.0,0.0,0.0,1.0
PF_0024697_01|177|9|2025-04-08,PF_0024697_01,27184,1.0,0,9732,1.0,0,9732,1.0,0,0.0,0.0,0.0,1.0
PF_0024697_01|177|9|2025-04-15,PF_0024697_01,27025,1.0,0,9671,1.0,0,9671,1.0,0,0.0,0.0,0.0,1.0
PF_0024697_01|177|9|2025-04-22,PF_0024697_01,27591,1.0,0,9869,1.0,0,9869,1.0,0,0.0,0.0,0.0,1.0
PF_0024697_01|177|9|2025-04-29,PF_0024697_01,28060,1.0,0,10024,1.0,0,10024,1.0,0,0.0,0.0,0.0,1.0
PF_0024697_01|178|1|2025-09-10,PF_0024697_01,27753,1.0,0,9923,1.0,0,9923,1.0,0,0.0,0.0,0.0,1.0
PF_0024697_01|178|1|2025-09-17,PF_0024697_01,26797,1.0,0,9599,1.0,0,9599,1.0,0,0.0,0.0,0.0,1.0
PF_0024697_01|178|1|2025-10-08,PF_0024697_01,27584,1.0,0,9866,1.0,0,9866,1.0,0,0.0,0.0,0.0,1.0
PF_0024697_01|178|1|2025-10-15,PF_0024697_01,23054,1.0,0,8356,1.0,0,8356,1.0,0,0.0,0.0,0.0,1.0
PF_0024697_01|178|2|2025-09-10,PF_0024697_01,27753,1.0,0,9923,1.0,0,9923,1.0,0,0.0,0.0,0.0,1.0
PF_0024697_01|178|2|2025-09-17,PF_0024697_01,26797,1.0,0,9599,1.0,0,9599,1.0,0,0.0,0.0,0.0,1.0
PF_0024697_01|178|2|2025-10-08,PF_0024697_01,27584,1.0,0,9866,1.0,0,9866,1.0,0,0.0,0.0,0.0,1.0
PF_0024697_01|178|2|2025-10-15,PF_0024697_01,23054,1.0,0,8356,1.0,0,8356,1.0,0,0.0,0.0,0.0,1.0
PF_0024697_01|178|3|2025-09-10,PF_0024697_01,27753,1.0,0,9923,1.0,0,9923,1.0,0,0.0,0.0,0.0,1.0
PF_0024697_01|178|3|2025-09-17,PF_0024697_01,26797,1.0,0,9599,1.0,0,9599,1.0,0,0.0,0.0,0.0,1.0
PF_0024697_01|178|3|2025-10-08,PF_0024697_01,27584,1.0,0,9866,1.0,0,9866,1.0,0,0.0,0.0,0.0,1.0
PF_0024697_01|178|3|2025-10-15,PF_0024697_01,23054,1.0,0,8356,1.0,0,8356,1.0,0,0.0,0.0,0.0,1.0
PF_0024697_01|178|4|2025-09-10,PF_0024697_01,27753,1.0,0,9923,1.0,0,9923,1.0,0,0.0,0.0,0.0,1.0
PF_0024697_01|178|4|2025-09-17,PF_0024697_01,26797,1.0,0,9599,1.0,0,9599,1.0,0,0.0,0.0,0.0,1.0
PF_0024697_01|178|4|2025-10-08,PF_0024697_01,27584,1.0,0,9866,1.0,0,9866,1.0,0,0.0,0.0,0.0,1.0
PF_0024697_01|178|4|2025-10-15,PF_0024697_01,23054,1.0,0,8356,1.0,0,8356,1.0,0,0.0,0.0,0.0,1.0
PF_0024697_01|178|5|2025-09-10,PF_0024697_01,27753,1.0,0,9923,1.0,0,9923,1.0,0,0.0,0.0,0.0,1.0
PF_0024697_01|178|5|2025-09-17,PF_0024697_01,26797,1.0,0,9599,1.0,0,9599,1.0,0,0.0,0.0,0.0,1.0
PF_0024697_01|178|5|2025-10-08,PF_0024697_01,27584,1.0,0,9866,1.0,0,9866,1.0,0,0.0,0.0,0.0,1.0
PF_0024697_01|178|5|2025-10-15,PF_0024697_01,23054,1.0,0,8356,1.0,0,8356,1.0,0,0.0,0.0,0.0,1.0
PF_0024697_01|178|6|2025-09-10,PF_0024697_01,27753,1.0,0,9923,1.0,0,9923,1.0,0,0.0,0.0,0.0,1.0
PF_0024697_01|178|6|2025-09-17,PF_0024697_01,26797,1.0,0,9599,1.0,0,9599,1.0,0,0.0,0.0,0.0,1.0
PF_0024697_01|178|6|2025-10-08,PF_0024697_01,27584,1.0,0,9866,1.0,0,9866,1.0,0,0.0,0.0,0.0,1.0
PF_0024697_01|178|6|2025-10-15,PF_0024697_01,23054,1.0,0,8356,1.0,0,8356,1.0,0,0.0,0.0,0.0,1.0
PF_0024697_01|178|7|2025-09-10,PF_0024697_01,27753,1.0,0,9923,1.0,0,9923,1.0,0,0.0,0.0,0.0,1.0
PF_0024697_01|178|7|2025-09-17,PF_0024697_01,26797,1.0,0,9599,1.0,0,9599,1.0,0,0.0,0.0,0.0,1.0
PF_0024697_01|178|7|2025-10-08,PF_0024697_01,27584,1.0,0,9866,1.0,0,9866,1.0,0,0.0,0.0,0.0,1.0
PF_0024697_01|178|7|2025-10-15,PF_0024697_01,23054,1.0,0,8356,1.0,0,8356,1.0,0,0.0,0.0,0.0,1.0
PF_0024697_01|178|8|2025-09-10,PF_0024697_01,27753,1.0,0,9923,1.0,0,9923,1.0,0,0.0,0.0,0.0,1.0
PF_0024697_01|178|8|2025-09-17,PF_0024697_01,26797,1.0,0,9599,1.0,0,9599,1.0,0,0.0,0.0,0.0,1.0
PF_0024697_01|178|8|2025-10-08,PF_0024697_01,27584,1.0,0,9866,1.0,0,9866,1.0,0,0.0,0.0,0.0,1.0
PF_0024697_01|178|8|2025-10-15,PF_0024697_01,23054,1.0,0,8356,1.0,0,8356,1.0,0,0.0,0.0,0.0,1.0
PF_0024697_01|178|9|2025-09-10,PF_0024697_01,27753,1.0,0,9923,1.0,0,9923,1.0,0,0.0,0.0,0.0,1.0
PF_0024697_01|178|9|2025-09-17,PF_0024697_01,26797,1.0,0,9599,1.0,0,9599,1.0,0,0.0,0.0,0.0,1.0
PF_0024697_01|178|9|2025-10-08,PF_0024697_01,27584,1.0,0,9866,1.0,0,9866,1.0,0,0.0,0.0,0.0,1.0
PF_0024697_01|178|9|2025-10-15,PF_0024697_01,23054,1.0,0,8356,1.0,0,8356,1.0,0,0.0,0.0,0.0,1.0
PF_0024698_01|179|1|2024-11-21,PF_0024698_01,0,0.0,0,0,0.0,0,0,0.0,0,0.0,0.0,0.0,0.0
PF_0024698_01|179|1|2024-11-28,PF_0024698_01,0,0.0,0,0,0.0,0,0,0.0,0,0.0,0.0,0.0,0.0
PF_0024698_01|179|1|2024-12-05,PF_0024698_01,0,0.0,0,0,0.0,0,0,0.0,0,0.0,0.0,0.0,0.0
PF_0024698_01|179|1|2024-12-13,PF_0024698_01,0,0.0,0,0,0.0,0,0,0.0,0,0.0,0.0,0.0,0.0
PF_0024698_01|179|1|2024-12-19,PF_0024698_01,0,0.0,0,0,0.0,0,0,0.0,0,0.0,0.0,0.0,0.0
PF_0024698_01|179|1|2024-12-27,PF_0024698_01,0,0.0,0,0,0.0,0,0,0.0,0,0.0,0.0,0.0,0.0
PF_0024698_01|179|1|2025-01-03,PF_0024698_01,0,0.0,0,0,0.0,0,0,0.0,0,0.0,0.0,0.0,0.0
PF_0024698_01|179|1|2025-01-08,PF_0024698_01,0,0.0,0,0,0.0,0,0,0.0,0,0.0,0.0,0.0,0.0
PF_0024698_01|179|1|2025-01-15,PF_0024698_01,0,0.0,0,0,0.0,0,0,0.0,0,0.0,0.0,0.0,0.0
PF_0024698_01|179|1|2025-01-22,PF_0024698_01,0,0.0,0,0,0.0,0,0,0.0,0,0.0,0.0,0.0,0.0
PF_0024698_01|179|1|2025-02-01,PF_0024698_01,0,0.0,0,0,0.0,0,0,0.0,0,0.0,0.0,0.0,0.0
PF_0024698_01|179|2|2024-11-21,PF_0024698_01,0,0.0,0,0,0.0,0,0,0.0,0,0.0,0.0,0.0,0.0
PF_0024698_01|179|2|2024-11-28,PF_0024698_01,0,0.0,0,0,0.0,0,0,0.0,0,0.0,0.0,0.0,0.0
PF_0024698_01|179|2|2024-12-05,PF_0024698_01,0,0.0,0,0,0.0,0,0,0.0,0,0.0,0.0,0.0,0.0
PF_0024698_01|179|2|2024-12-13,PF_0024698_01,0,0.0,0,0,0.0,0,0,0.0,0,0.0,0.0,0.0,0.0
PF_0024698_01|179|2|2024-12-19,PF_0024698_01,0,0.0,0,0,0.0,0,0,0.0,0,0.0,0.0,0.0,0.0
PF_0024698_01|179|2|2024-12-27,PF_0024698_01,0,0.0,0,0,0.0,0,0,0.0,0,0.0,0.0,0.0,0.0
PF_0024698_01|179|2|2025-01-03,PF_0024698_01,0,0.0,0,0,0.0,0,0,0.0,0,0.0,0.0,0.0,0.0
PF_0024698_01|179|2|2025-01-08,PF_0024698_01,0,0.0,0,0,0.0,0,0,0.0,0,0.0,0.0,0.0,0.0
PF_0024698_01|179|2|2025-01-15,PF_0024698_01,0,0.0,0,0,0.0,0,0,0.0,0,0.0,0.0,0.0,0.0
PF_0024698_01|179|2|2025-01-22,PF_0024698_01,0,0.0,0,0,0.0,0,0,0.0,0,0.0,0.0,0.0,0.0
PF_0024698_01|179|2|2025-02-01,PF_0024698_01,0,0.0,0,0,0.0,0,0,0.0,0,0.0,0.0,0.0,0.0
PF_0024698_01|179|3|2024-11-21,PF_0024698_01,0,0.0,0,0,0.0,0,0,0.0,0,0.0,0.0,0.0,0.0
PF_0024698_01|179|3|2024-11-28,PF_0024698_01,0,0.0,0,0,0.0,0,0,0.0,0,0.0,0.0,0.0,0.0
PF_0024698_01|179|3|2024-12-05,PF_0024698_01,0,0.0,0,0,0.0,0,0,0.0,0,0.0,0.0,0.0,0.0
PF_0024698_01|179|3|2024-12-13,PF_0024698_01,0,0.0,0,0,0.0,0,0,0.0,0,0.0,0.0,0.0,0.0
PF_0024698_01|179|3|2024-12-19,PF_0024698_01,0,0.0,0,0,0.0,0,0,0.0,0,0.0,0.0,0.0,0.0
PF_0024698_01|179|3|2024-12-27,PF_0024698_01,0,0.0,0,0,0.0,0,0,0.0,0,0.0,0.0,0.0,0.0
PF_0024698_01|179|3|2025-01-03,PF_0024698_01,0,0.0,0,0,0.0,0,0,0.0,0,0.0,0.0,0.0,0.0
PF_0024698_01|179|3|2025-01-08,PF_0024698_01,0,0.0,0,0,0.0,0,0,0.0,0,0.0,0.0,0.0,0.0
PF_0024698_01|179|3|2025-01-15,PF_0024698_01,0,0.0,0,0,0.0,0,0,0.0,0,0.0,0.0,0.0,0.0
PF_0024698_01|179|3|2025-01-22,PF_0024698_01,0,0.0,0,0,0.0,0,0,0.0,0,0.0,0.0,0.0,0.0
PF_0024698_01|179|3|2025-02-01,PF_0024698_01,0,0.0,0,0,0.0,0,0,0.0,0,0.0,0.0,0.0,0.0
PF_0024698_01|179|4|2024-11-21,PF_0024698_01,0,0.0,0,0,0.0,0,0,0.0,0,0.0,0.0,0.0,0.0
PF_0024698_01|179|4|2024-11-28,PF_0024698_01,0,0.0,0,0,0.0,0,0,0.0,0,0.0,0.0,0.0,0.0
PF_0024698_01|179|4|2024-12-05,PF_0024698_01,0,0.0,0,0,0.0,0,0,0.0,0,0.0,0.0,0.0,0.0
PF_0024698_01|179|4|2024-12-13,PF_0024698_01,0,0.0,0,0,0.0,0,0,0.0,0,0.0,0.0,0.0,0.0
PF_0024698_01|179|4|2024-12-19,PF_0024698_01,0,0.0,0,0,0.0,0,0,0.0,0,0.0,0.0,0.0,0.0
PF_0024698_01|179|4|2024-12-27,PF_0024698_01,0,0.0,0,0,0.0,0,0,0.0,0,0.0,0.0,0.0,0.0
PF_0024698_01|179|4|2025-01-03,PF_0024698_01,0,0.0,0,0,0.0,0,0,0.0,0,0.0,0.0,0.0,0.0
PF_0024698_01|179|4|2025-01-08,PF_0024698_01,0,0.0,0,0,0.0,0,0,0.0,0,0.0,0.0,0.0,0.0
PF_0024698_01|179|4|2025-01-15,PF_0024698_01,0,0.0,0,0,0.0,0,0,0.0,0,0.0,0.0,0.0,0.0
PF_0024698_01|179|4|2025-01-22,PF_0024698_01,0,0.0,0,0,0.0,0,0,0.0,0,0.0,0.0,0.0,0.0
PF_0024698_01|179|4|2025-02-01,PF_0024698_01,0,0.0,0,0,0.0,0,0,0.0,0,0.0,0.0,0.0,0.0
PF_0024698_01|179|5|2024-11-21,PF_0024698_01,0,0.0,0,0,0.0,0,0,0.0,0,0.0,0.0,0.0,0.0
PF_0024698_01|179|5|2024-11-28,PF_0024698_01,0,0.0,0,0,0.0,0,0,0.0,0,0.0,0.0,0.0,0.0
PF_0024698_01|179|5|2024-12-05,PF_0024698_01,0,0.0,0,0,0.0,0,0,0.0,0,0.0,0.0,0.0,0.0
PF_0024698_01|179|5|2024-12-13,PF_0024698_01,0,0.0,0,0,0.0,0,0,0.0,0,0.0,0.0,0.0,0.0
PF_0024698_01|179|5|2024-12-19,PF_0024698_01,0,0.0,0,0,0.0,0,0,0.0,0,0.0,0.0,0.0,0.0
PF_0024698_01|179|5|2024-12-27,PF_0024698_01,0,0.0,0,0,0.0,0,0,0.0,0,0.0,0.0,0.0,0.0
PF_0024698_01|179|5|2025-01-03,PF_0024698_01,0,0.0,0,0,0.0,0,0,0.0,0,0.0,0.0,0.0,0.0
PF_0024698_01|179|5|2025-01-08,PF_0024698_01,0,0.0,0,0,0.0,0,0,0.0,0,0.0,0.0,0.0,0.0
PF_0024698_01|179|5|2025-01-15,PF_0024698_01,0,0.0,0,0,0.0,0,0,0.0,0,0.0,0.0,0.0,0.0
PF_0024698_01|179|5|2025-01-22,PF_0024698_01,0,0.0,0,0,0.0,0,0,0.0,0,0.0,0.0,0.0,0.0
PF_0024698_01|179|5|2025-02-01,PF_0024698_01,0,0.0,0,0,0.0,0,0,0.0,0,0.0,0.0,0.0,0.0
PF_0024698_01|179|6|2024-11-21,PF_0024698_01,0,0.0,0,0,0.0,0,0,0.0,0,0.0,0.0,0.0,0.0
PF_0024698_01|179|6|2024-11-28,PF_0024698_01,0,0.0,0,0,0.0,0,0,0.0,0,0.0,0.0,0.0,0.0
PF_0024698_01|179|6|2024-12-05,PF_0024698_01,0,0.0,0,0,0.0,0,0,0.0,0,0.0,0.0,0.0,0.0
PF_0024698_01|179|6|2024-12-13,PF_0024698_01,0,0.0,0,0,0.0,0,0,0.0,0,0.0,0.0,0.0,0.0
PF_0024698_01|179|6|2024-12-19,PF_0024698_01,0,0.0,0,0,0.0,0,0,0.0,0,0.0,0.0,0.0,0.0
PF_0024698_01|179|6|2024-12-27,PF_0024698_01,0,0.0,0,0,0.0,0,0,0.0,0,0.0,0.0,0.0,0.0
PF_0024698_01|179|6|2025-01-03,PF_0024698_01,0,0.0,0,0,0.0,0,0,0.0,0,0.0,0.0,0.0,0.0
PF_0024698_01|179|6|2025-01-08,PF_0024698_01,0,0.0,0,0,0.0,0,0,0.0,0,0.0,0.0,0.0,0.0
PF_0024698_01|179|6|2025-01-15,PF_0024698_01,0,0.0,0,0,0.0,0,0,0.0,0,0.0,0.0,0.0,0.0
PF_0024698_01|179|6|2025-01-22,PF_0024698_01,0,0.0,0,0,0.0,0,0,0.0,0,0.0,0.0,0.0,0.0
PF_0024698_01|179|6|2025-02-01,PF_0024698_01,0,0.0,0,0,0.0,0,0,0.0,0,0.0,0.0,0.0,0.0
PF_0024698_01|179|7|2024-11-21,PF_0024698_01,0,0.0,0,0,0.0,0,0,0.0,0,0.0,0.0,0.0,0.0
PF_0024698_01|179|7|2024-11-28,PF_0024698_01,0,0.0,0,0,0.0,0,0,0.0,0,0.0,0.0,0.0,0.0
PF_0024698_01|179|7|2024-12-05,PF_0024698_01,0,0.0,0,0,0.0,0,0,0.0,0,0.0,0.0,0.0,0.0
PF_0024698_01|179|7|2024-12-13,PF_0024698_01,0,0.0,0,0,0.0,0,0,0.0,0,0.0,0.0,0.0,0.0
PF_0024698_01|179|7|2024-12-19,PF_0024698_01,0,0.0,0,0,0.0,0,0,0.0,0,0.0,0.0,0.0,0.0
PF_0024698_01|179|7|2024-12-27,PF_0024698_01,0,0.0,0,0,0.0,0,0,0.0,0,0.0,0.0,0.0,0.0
PF_0024698_01|179|7|2025-01-03,PF_0024698_01,0,0.0,0,0,0.0,0,0,0.0,0,0.0,0.0,0.0,0.0
PF_0024698_01|179|7|2025-01-08,PF_0024698_01,0,0.0,0,0,0.0,0,0,0.0,0,0.0,0.0,0.0,0.0
PF_0024698_01|179|7|2025-01-15,PF_0024698_01,0,0.0,0,0,0.0,0,0,0.0,0,0.0,0.0,0.0,0.0
PF_0024698_01|179|7|2025-01-22,PF_0024698_01,0,0.0,0,0,0.0,0,0,0.0,0,0.0,0.0,0.0,0.0
PF_0024698_01|179|7|2025-02-01,PF_0024698_01,0,0.0,0,0,0.0,0,0,0.0,0,0.0,0.0,0.0,0.0
PF_0024698_01|179|8|2024-11-21,PF_0024698_01,0,0.0,0,0,0.0,0,0,0.0,0,0.0,0.0,0.0,0.0
PF_0024698_01|179|8|2024-11-28,PF_0024698_01,0,0.0,0,0,0.0,0,0,0.0,0,0.0,0.0,0.0,0.0
PF_0024698_01|179|8|2024-12-05,PF_0024698_01,0,0.0,0,0,0.0,0,0,0.0,0,0.0,0.0,0.0,0.0
PF_0024698_01|179|8|2024-12-13,PF_0024698_01,0,0.0,0,0,0.0,0,0,0.0,0,0.0,0.0,0.0,0.0
PF_0024698_01|179|8|2024-12-19,PF_0024698_01,0,0.0,0,0,0.0,0,0,0.0,0,0.0,0.0,0.0,0.0
PF_0024698_01|179|8|2024-12-27,PF_0024698_01,0,0.0,0,0,0.0,0,0,0.0,0,0.0,0.0,0.0,0.0
PF_0024698_01|179|8|2025-01-03,PF_0024698_01,0,0.0,0,0,0.0,0,0,0.0,0,0.0,0.0,0.0,0.0
PF_0024698_01|179|8|2025-01-08,PF_0024698_01,0,0.0,0,0,0.0,0,0,0.0,0,0.0,0.0,0.0,0.0
PF_0024698_01|179|8|2025-01-15,PF_0024698_01,0,0.0,0,0,0.0,0,0,0.0,0,0.0,0.0,0.0,0.0
PF_0024698_01|179|8|2025-01-22,PF_0024698_01,0,0.0,0,0,0.0,0,0,0.0,0,0.0,0.0,0.0,0.0
PF_0024698_01|179|8|2025-02-01,PF_0024698_01,0,0.0,0,0,0.0,0,0,0.0,0,0.0,0.0,0.0,0.0
PF_0024698_01|179|9|2024-11-21,PF_0024698_01,0,0.0,0,0,0.0,0,0,0.0,0,0.0,0.0,0.0,0.0
PF_0024698_01|179|9|2024-11-28,PF_0024698_01,0,0.0,0,0,0.0,0,0,0.0,0,0.0,0.0,0.0,0.0
PF_0024698_01|179|9|2024-12-05,PF_0024698_01,0,0.0,0,0,0.0,0,0,0.0,0,0.0,0.0,0.0,0.0
PF_0024698_01|179|9|2024-12-13,PF_0024698_01,0,0.0,0,0,0.0,0,0,0.0,0,0.0,0.0,0.0,0.0
PF_0024698_01|179|9|2024-12-19,PF_0024698_01,0,0.0,0,0,0.0,0,0,0.0,0,0.0,0.0,0.0,0.0
PF_0024698_01|179|9|2024-12-27,PF_0024698_01,0,0.0,0,0,0.0,0,0,0.0,0,0.0,0.0,0.0,0.0
PF_0024698_01|179|9|2025-01-03,PF_0024698_01,0,0.0,0,0,0.0,0,0,0.0,0,0.0,0.0,0.0,0.0
PF_0024698_01|179|9|2025-01-08,PF_0024698_01,0,0.0,0,0,0.0,0,0,0.0,0,0.0,0.0,0.0,0.0
PF_0024698_01|179|9|2025-01-15,PF_0024698_01,0,0.0,0,0,0.0,0,0,0.0,0,0.0,0.0,0.0,0.0
PF_0024698_01|179|9|2025-01-22,PF_0024698_01,0,0.0,0,0,0.0,0,0,0.0,0,0.0,0.0,0.0,0.0
PF_0024698_01|179|9|2025-02-01,PF_0024698_01,0,0.0,0,0,0.0,0,0,0.0,0,0.0,0.0,0.0,0.0
PF_0024698_01|180|1|2025-10-21,PF_0024698_01,0,0.0,0,0,0.0,0,0,0.0,0,0.0,0.0,0.0,0.0
PF_0024698_01|180|1|2025-10-28,PF_0024698_01,0,0.0,0,0,0.0,0,0,0.0,0,0.0,0.0,0.0,0.0
PF_0024698_01|180|2|2025-10-21,PF_0024698_01,0,0.0,0,0,0.0,0,0,0.0,0,0.0,0.0,0.0,0.0
PF_0024698_01|180|2|2025-10-28,PF_0024698_01,0,0.0,0,0,0.0,0,0,0.0,0,0.0,0.0,0.0,0.0
PF_0024698_01|180|3|2025-10-21,PF_0024698_01,0,0.0,0,0,0.0,0,0,0.0,0,0.0,0.0,0.0,0.0
PF_0024698_01|180|3|2025-10-28,PF_0024698_01,0,0.0,0,0,0.0,0,0,0.0,0,0.0,0.0,0.0,0.0
PF_0024698_01|180|4|2025-10-28,PF_0024698_01,0,0.0,0,0,0.0,0,0,0.0,0,0.0,0.0,0.0,0.0
PF_0024698_01|180|4|2025-11-04,PF_0024698_01,0,0.0,0,0,0.0,0,0,0.0,0,0.0,0.0,0.0,0.0
PF_0024698_01|180|6|2025-10-28,PF_0024698_01,0,0.0,0,0,0.0,0,0,0.0,0,0.0,0.0,0.0,0.0
PF_0024698_01|180|6|2025-11-04,PF_0024698_01,0,0.0,0,0,0.0,0,0,0.0,0,0.0,0.0,0.0,0.0
PF_0024698_01|180|7|2025-10-28,PF_0024698_01,0,0.0,0,0,0.0,0,0,0.0,0,0.0,0.0,0.0,0.0
PF_0024698_01|180|9|2025-10-21,PF_0024698_01,0,0.0,0,0,0.0,0,0,0.0,0,0.0,0.0,0.0,0.0
PF_0024698_01|180|9|2025-10-28,PF_0024698_01,0,0.0,0,0,0.0,0,0,0.0,0,0.0,0.0,0.0,0.0
PF_0025101_01|194|1|2024-10-01,PF_0025101_01,1008,1.0,0,1008,1.0,0,1008,1.0,0,0.0,1.0,0.0,0.0
PF_0025101_01|194|1|2024-10-08,PF_0025101_01,1007,1.0,0,1007,1.0,0,1007,1.0,0,0.0,1.0,0.0,0.0
PF_0025101_01|194|1|2024-10-15,PF_0025101_01,1007,1.0,0,1007,1.0,0,1007,1.0,0,0.0,1.0,0.0,0.0
PF_0025101_01|194|1|2024-10-22,PF_0025101_01,1008,1.0,0,1008,1.0,0,1008,1.0,0,0.0,1.0,0.0,0.0
PF_0025101_01|194|1|2024-10-29,PF_0025101_01,1005,1.0,0,1005,1.0,0,1005,1.0,0,0.0,1.0,0.0,0.0
PF_0025101_01|194|1|2024-11-05,PF_0025101_01,1007,1.0,0,1007,1.0,0,1007,1.0,0,0.0,1.0,0.0,0.0
PF_0025101_01|194|1|2024-11-12,PF_0025101_01,1008,1.0,0,1008,1.0,0,1008,1.0,0,0.0,1.0,0.0,0.0
PF_0025101_01|194|1|2024-11-19,PF_0025101_01,1008,1.0,0,1008,1.0,0,1008,1.0,0,0.0,1.0,0.0,0.0
PF_0025101_01|194|1|2024-11-26,PF_0025101_01,1008,1.0,0,1008,1.0,0,1008,1.0,0,0.0,1.0,0.0,0.0
PF_0025101_01|194|1|2024-12-03,PF_0025101_01,1008,1.0,0,1008,1.0,0,1008,1.0,0,0.0,1.0,0.0,0.0
PF_0025101_01|194|1|2024-12-10,PF_0025101_01,576,0.7142857142857143,0,576,0.7142857142857143,0,576,0.7142857142857143,0,0.0,0.7142857142857143,0.0,0.0
PF_0025101_01|194|1|2024-12-17,PF_0025101_01,0,0.0,0,0,0.0,0,0,0.0,0,0.0,0.0,0.0,0.0
PF_0025101_01|194|1|2024-12-24,PF_0025101_01,0,0.0,0,0,0.0,0,0,0.0,0,0.0,0.0,0.0,0.0
PF_0025101_01|194|1|2024-12-31,PF_0025101_01,0,0.0,0,0,0.0,0,0,0.0,0,0.0,0.0,0.0,0.0
PF_0025101_01|194|1|2025-01-07,PF_0025101_01,0,0.0,0,0,0.0,0,0,0.0,0,0.0,0.0,0.0,0.0
PF_0025101_01|194|1|2025-01-14,PF_0025101_01,0,0.0,0,0,0.0,0,0,0.0,0,0.0,0.0,0.0,0.0
PF_0025101_01|194|1|2025-01-22,PF_0025101_01,0,0.0,0,0,0.0,0,0,0.0,0,0.0,0.0,0.0,0.0
PF_0025101_01|194|1|2025-02-04,PF_0025101_01,0,0.0,0,0,0.0,0,0,0.0,0,0.0,0.0,0.0,0.0
PF_0025101_01|194|1|2025-02-11,PF_0025101_01,0,0.0,0,0,0.0,0,0,0.0,0,0.0,0.0,0.0,0.0
PF_0025101_01|194|1|2025-02-18,PF_0025101_01,0,0.0,0,0,0.0,0,0,0.0,0,0.0,0.0,0.0,0.0
PF_0025101_01|194|1|2025-02-25,PF_0025101_01,0,0.0,0,0,0.0,0,0,0.0,0,0.0,0.0,0.0,0.0
PF_0025101_01|194|1|2025-03-05,PF_0025101_01,0,0.0,0,0,0.0,0,0,0.0,0,0.0,0.0,0.0,0.0
PF_0025101_01|194|1|2025-03-11,PF_0025101_01,0,0.0,0,0,0.0,0,0,0.0,0,0.0,0.0,0.0,0.0
PF_0025101_01|194|1|2025-03-18,PF_0025101_01,0,0.0,0,0,0.0,0,0,0.0,0,0.0,0.0,0.0,0.0
PF_0025101_01|194|1|2025-03-25,PF_0025101_01,0,0.0,0,0,0.0,0,0,0.0,0,0.0,0.0,0.0,0.0
PF_0025101_01|194|1|2025-04-01,PF_0025101_01,0,0.0,0,0,0.0,0,0,0.0,0,0.0,0.0,0.0,0.0
PF_0025101_01|194|2|2024-10-01,PF_0025101_01,1008,1.0,0,1008,1.0,0,1008,1.0,0,0.0,1.0,0.0,0.0
PF_0025101_01|194|2|2024-10-08,PF_0025101_01,1007,1.0,0,1007,1.0,0,1007,1.0,0,0.0,1.0,0.0,0.0
PF_0025101_01|194|2|2024-10-15,PF_0025101_01,1007,1.0,0,1007,1.0,0,1007,1.0,0,0.0,1.0,0.0,0.0
PF_0025101_01|194|2|2024-10-22,PF_0025101_01,1008,1.0,0,1008,1.0,0,1008,1.0,0,0.0,1.0,0.0,0.0
PF_0025101_01|194|2|2024-10-29,PF_0025101_01,1005,1.0,0,1005,1.0,0,1005,1.0,0,0.0,1.0,0.0,0.0
PF_0025101_01|194|2|2024-11-05,PF_0025101_01,1007,1.0,0,1007,1.0,0,1007,1.0,0,0.0,1.0,0.0,0.0
PF_0025101_01|194|2|2024-11-12,PF_0025101_01,1008,1.0,0,1008,1.0,0,1008,1.0,0,0.0,1.0,0.0,0.0
PF_0025101_01|194|2|2024-11-19,PF_0025101_01,1008,1.0,0,1008,1.0,0,1008,1.0,0,0.0,1.0,0.0,0.0
PF_0025101_01|194|2|2024-11-26,PF_0025101_01,1008,1.0,0,1008,1.0,0,1008,1.0,0,0.0,1.0,0.0,0.0
PF_0025101_01|194|2|2024-12-03,PF_0025101_01,1008,1.0,0,1008,1.0,0,1008,1.0,0,0.0,1.0,0.0,0.0
PF_0025101_01|194|2|2024-12-10,PF_0025101_01,576,0.7142857142857143,0,576,0.7142857142857143,0,576,0.7142857142857143,0,0.0,0.7142857142857143,0.0,0.0
PF_0025101_01|194|2|2024-12-17,PF_0025101_01,0,0.0,0,0,0.0,0,0,0.0,0,0.0,0.0,0.0,0.0
PF_0025101_01|194|2|2024-12-24,PF_0025101_01,0,0.0,0,0,0.0,0,0,0.0,0,0.0,0.0,0.0,0.0
PF_0025101_01|194|2|2024-12-31,PF_0025101_01,0,0.0,0,0,0.0,0,0,0.0,0,0.0,0.0,0.0,0.0
PF_0025101_01|194|2|2025-01-07,PF_0025101_01,0,0.0,0,0,0.0,0,0,0.0,0,0.0,0.0,0.0,0.0
PF_0025101_01|194|2|2025-01-14,PF_0025101_01,0,0.0,0,0,0.0,0,0,0.0,0,0.0,0.0,0.0,0.0
PF_0025101_01|194|2|2025-01-22,PF_0025101_01,0,0.0,0,0,0.0,0,0,0.0,0,0.0,0.0,0.0,0.0
PF_0025101_01|194|2|2025-02-04,PF_0025101_01,0,0.0,0,0,0.0,0,0,0.0,0,0.0,0.0,0.0,0.0
PF_0025101_01|194|2|2025-02-11,PF_0025101_01,0,0.0,0,0,0.0,0,0,0.0,0,0.0,0.0,0.0,0.0
PF_0025101_01|194|2|2025-02-18,PF_0025101_01,0,0.0,0,0,0.0,0,0,0.0,0,0.0,0.0,0.0,0.0
PF_0025101_01|194|2|2025-02-25,PF_0025101_01,0,0.0,0,0,0.0,0,0,0.0,0,0.0,0.0,0.0,0.0
PF_0025101_01|194|2|2025-03-05,PF_0025101_01,0,0.0,0,0,0.0,0,0,0.0,0,0.0,0.0,0.0,0.0
PF_0025101_01|194|2|2025-03-11,PF_0025101_01,0,0.0,0,0,0.0,0,0,0.0,0,0.0,0.0,0.0,0.0
PF_0025101_01|194|2|2025-03-18,PF_0025101_01,0,0.0,0,0,0.0,0,0,0.0,0,0.0,0.0,0.0,0.0
PF_0025101_01|194|2|2025-03-25,PF_0025101_01,0,0.0,0,0,0.0,0,0,0.0,0,0.0,0.0,0.0,0.0
PF_0025101_01|194|2|2025-04-01,PF_0025101_01,0,0.0,0,0,0.0,0,0,0.0,0,0.0,0.0,0.0,0.0
PF_0025101_01|194|3|2024-10-01,PF_0025101_01,1008,1.0,0,1008,1.0,0,1008,1.0,0,0.0,1.0,0.0,0.0
PF_0025101_01|194|3|2024-10-08,PF_0025101_01,1007,1.0,0,1007,1.0,0,1007,1.0,0,0.0,1.0,0.0,0.0
PF_0025101_01|194|3|2024-10-15,PF_0025101_01,1007,1.0,0,1007,1.0,0,1007,1.0,0,0.0,1.0,0.0,0.0
PF_0025101_01|194|3|2024-10-22,PF_0025101_01,1008,1.0,0,1008,1.0,0,1008,1.0,0,0.0,1.0,0.0,0.0
PF_0025101_01|194|3|2024-10-29,PF_0025101_01,1005,1.0,0,1005,1.0,0,1005,1.0,0,0.0,1.0,0.0,0.0
PF_0025101_01|194|3|2024-11-05,PF_0025101_01,1007,1.0,0,1007,1.0,0,1007,1.0,0,0.0,1.0,0.0,0.0
PF_0025101_01|194|3|2024-11-12,PF_0025101_01,1008,1.0,0,1008,1.0,0,1008,1.0,0,0.0,1.0,0.0,0.0
PF_0025101_01|194|3|2024-11-19,PF_0025101_01,1008,1.0,0,1008,1.0,0,1008,1.0,0,0.0,1.0,0.0,0.0
PF_0025101_01|194|3|2024-11-26,PF_0025101_01,1008,1.0,0,1008,1.0,0,1008,1.0,0,0.0,1.0,0.0,0.0
PF_0025101_01|194|3|2024-12-03,PF_0025101_01,1008,1.0,0,1008,1.0,0,1008,1.0,0,0.0,1.0,0.0,0.0
PF_0025101_01|194|3|2024-12-10,PF_0025101_01,576,0.7142857142857143,0,576,0.7142857142857143,0,576,0.7142857142857143,0,0.0,0.7142857142857143,0.0,0.0
PF_0025101_01|194|3|2024-12-17,PF_0025101_01,0,0.0,0,0,0.0,0,0,0.0,0,0.0,0.0,0.0,0.0
PF_0025101_01|194|3|2024-12-24,PF_0025101_01,0,0.0,0,0,0.0,0,0,0.0,0,0.0,0.0,0.0,0.0
PF_0025101_01|194|3|2024-12-31,PF_0025101_01,0,0.0,0,0,0.0,0,0,0.0,0,0.0,0.0,0.0,0.0
PF_0025101_01|194|3|2025-01-07,PF_0025101_01,0,0.0,0,0,0.0,0,0,0.0,0,0.0,0.0,0.0,0.0
PF_0025101_01|194|3|2025-01-14,PF_0025101_01,0,0.0,0,0,0.0,0,0,0.0,0,0.0,0.0,0.0,0.0
PF_0025101_01|194|3|2025-01-22,PF_0025101_01,0,0.0,0,0,0.0,0,0,0.0,0,0.0,0.0,0.0,0.0
PF_0025101_01|194|3|2025-02-04,PF_0025101_01,0,0.0,0,0,0.0,0,0,0.0,0,0.0,0.0,0.0,0.0
PF_0025101_01|194|3|2025-02-11,PF_0025101_01,0,0.0,0,0,0.0,0,0,0.0,0,0.0,0.0,0.0,0.0
PF_0025101_01|194|3|2025-02-18,PF_0025101_01,0,0.0,0,0,0.0,0,0,0.0,0,0.0,0.0,0.0,0.0
PF_0025101_01|194|3|2025-02-25,PF_0025101_01,0,0.0,0,0,0.0,0,0,0.0,0,0.0,0.0,0.0,0.0
PF_0025101_01|194|3|2025-03-05,PF_0025101_01,0,0.0,0,0,0.0,0,0,0.0,0,0.0,0.0,0.0,0.0
PF_0025101_01|194|3|2025-03-11,PF_0025101_01,0,0.0,0,0,0.0,0,0,0.0,0,0.0,0.0,0.0,0.0
PF_0025101_01|194|3|2025-03-18,PF_0025101_01,0,0.0,0,0,0.0,0,0,0.0,0,0.0,0.0,0.0,0.0
PF_0025101_01|194|3|2025-03-25,PF_0025101_01,0,0.0,0,0,0.0,0,0,0.0,0,0.0,0.0,0.0,0.0
PF_0025101_01|194|3|2025-04-01,PF_0025101_01,0,0.0,0,0,0.0,0,0,0.0,0,0.0,0.0,0.0,0.0
PF_0025101_01|194|4|2024-10-01,PF_0025101_01,1008,1.0,0,1008,1.0,0,1008,1.0,0,0.0,1.0,0.0,0.0
PF_0025101_01|194|4|2024-10-08,PF_0025101_01,1007,1.0,0,1007,1.0,0,1007,1.0,0,0.0,1.0,0.0,0.0
PF_0025101_01|194|4|2024-10-15,PF_0025101_01,1007,1.0,0,1007,1.0,0,1007,1.0,0,0.0,1.0,0.0,0.0
PF_0025101_01|194|4|2024-10-22,PF_0025101_01,1008,1.0,0,1008,1.0,0,1008,1.0,0,0.0,1.0,0.0,0.0
PF_0025101_01|194|4|2024-10-29,PF_0025101_01,1005,1.0,0,1005,1.0,0,1005,1.0,0,0.0,1.0,0.0,0.0
PF_0025101_01|194|4|2024-11-05,PF_0025101_01,1007,1.0,0,1007,1.0,0,1007,1.0,0,0.0,1.0,0.0,0.0
PF_0025101_01|194|4|2024-11-12,PF_0025101_01,1008,1.0,0,1008,1.0,0,1008,1.0,0,0.0,1.0,0.0,0.0
PF_0025101_01|194|4|2024-11-19,PF_0025101_01,1008,1.0,0,1008,1.0,0,1008,1.0,0,0.0,1.0,0.0,0.0
PF_0025101_01|194|4|2024-11-26,PF_0025101_01,1008,1.0,0,1008,1.0,0,1008,1.0,0,0.0,1.0,0.0,0.0
PF_0025101_01|194|4|2024-12-03,PF_0025101_01,1008,1.0,0,1008,1.0,0,1008,1.0,0,0.0,1.0,0.0,0.0
PF_0025101_01|194|4|2024-12-10,PF_0025101_01,576,0.7142857142857143,0,576,0.7142857142857143,0,576,0.7142857142857143,0,0.0,0.7142857142857143,0.0,0.0
PF_0025101_01|194|4|2024-12-17,PF_0025101_01,0,0.0,0,0,0.0,0,0,0.0,0,0.0,0.0,0.0,0.0
PF_0025101_01|194|4|2024-12-24,PF_0025101_01,0,0.0,0,0,0.0,0,0,0.0,0,0.0,0.0,0.0,0.0
PF_0025101_01|194|4|2024-12-31,PF_0025101_01,0,0.0,0,0,0.0,0,0,0.0,0,0.0,0.0,0.0,0.0
PF_0025101_01|194|4|2025-01-07,PF_0025101_01,0,0.0,0,0,0.0,0,0,0.0,0,0.0,0.0,0.0,0.0
PF_0025101_01|194|4|2025-01-14,PF_0025101_01,0,0.0,0,0,0.0,0,0,0.0,0,0.0,0.0,0.0,0.0
PF_0025101_01|194|4|2025-01-22,PF_0025101_01,0,0.0,0,0,0.0,0,0,0.0,0,0.0,0.0,0.0,0.0
PF_0025101_01|194|4|2025-02-04,PF_0025101_01,0,0.0,0,0,0.0,0,0,0.0,0,0.0,0.0,0.0,0.0
PF_0025101_01|194|4|2025-02-11,PF_0025101_01,0,0.0,0,0,0.0,0,0,0.0,0,0.0,0.0,0.0,0.0
PF_0025101_01|194|4|2025-02-18,PF_0025101_01,0,0.0,0,0,0.0,0,0,0.0,0,0.0,0.0,0.0,0.0
PF_0025101_01|194|4|2025-02-25,PF_0025101_01,0,0.0,0,0,0.0,0,0,0.0,0,0.0,0.0,0.0,0.0
PF_0025101_01|194|4|2025-03-05,PF_0025101_01,0,0.0,0,0,0.0,0,0,0.0,0,0.0,0.0,0.0,0.0
PF_0025101_01|194|4|2025-03-11,PF_0025101_01,0,0.0,0,0,0.0,0,0,0.0,0,0.0,0.0,0.0,0.0
PF_0025101_01|194|4|2025-03-18,PF_0025101_01,0,0.0,0,0,0.0,0,0,0.0,0,0.0,0.0,0.0,0.0
PF_0025101_01|194|4|2025-03-25,PF_0025101_01,0,0.0,0,0,0.0,0,0,0.0,0,0.0,0.0,0.0,0.0
PF_0025101_01|194|4|2025-04-01,PF_0025101_01,0,0.0,0,0,0.0,0,0,0.0,0,0.0,0.0,0.0,0.0
PF_0025101_01|194|5|2024-10-01,PF_0025101_01,1008,1.0,0,1008,1.0,0,1008,1.0,0,0.0,1.0,0.0,0.0
PF_0025101_01|194|5|2024-10-08,PF_0025101_01,1007,1.0,0,1007,1.0,0,1007,1.0,0,0.0,1.0,0.0,0.0
PF_0025101_01|194|5|2024-10-15,PF_0025101_01,1007,1.0,0,1007,1.0,0,1007,1.0,0,0.0,1.0,0.0,0.0
PF_0025101_01|194|5|2024-10-22,PF_0025101_01,1008,1.0,0,1008,1.0,0,1008,1.0,0,0.0,1.0,0.0,0.0
PF_0025101_01|194|5|2024-10-29,PF_0025101_01,1005,1.0,0,1005,1.0,0,1005,1.0,0,0.0,1.0,0.0,0.0
PF_0025101_01|194|5|2024-11-05,PF_0025101_01,1007,1.0,0,1007,1.0,0,1007,1.0,0,0.0,1.0,0.0,0.0
PF_0025101_01|194|5|2024-11-12,PF_0025101_01,1008,1.0,0,1008,1.0,0,1008,1.0,0,0.0,1.0,0.0,0.0
PF_0025101_01|194|5|2024-11-19,PF_0025101_01,1008,1.0,0,1008,1.0,0,1008,1.0,0,0.0,1.0,0.0,0.0
PF_0025101_01|194|5|2024-11-26,PF_0025101_01,1008,1.0,0,1008,1.0,0,1008,1.0,0,0.0,1.0,0.0,0.0
PF_0025101_01|194|5|2024-12-03,PF_0025101_01,1008,1.0,0,1008,1.0,0,1008,1.0,0,0.0,1.0,0.0,0.0
PF_0025101_01|194|5|2024-12-10,PF_0025101_01,576,0.7142857142857143,0,576,0.7142857142857143,0,576,0.7142857142857143,0,0.0,0.7142857142857143,0.0,0.0
PF_0025101_01|194|5|2024-12-17,PF_0025101_01,0,0.0,0,0,0.0,0,0,0.0,0,0.0,0.0,0.0,0.0
PF_0025101_01|194|5|2024-12-24,PF_0025101_01,0,0.0,0,0,0.0,0,0,0.0,0,0.0,0.0,0.0,0.0
PF_0025101_01|194|5|2024-12-31,PF_0025101_01,0,0.0,0,0,0.0,0,0,0.0,0,0.0,0.0,0.0,0.0
PF_0025101_01|194|5|2025-01-07,PF_0025101_01,0,0.0,0,0,0.0,0,0,0.0,0,0.0,0.0,0.0,0.0
PF_0025101_01|194|5|2025-01-14,PF_0025101_01,0,0.0,0,0,0.0,0,0,0.0,0,0.0,0.0,0.0,0.0
PF_0025101_01|194|5|2025-01-22,PF_0025101_01,0,0.0,0,0,0.0,0,0,0.0,0,0.0,0.0,0.0,0.0
PF_0025101_01|194|5|2025-02-04,PF_0025101_01,0,0.0,0,0,0.0,0,0,0.0,0,0.0,0.0,0.0,0.0
PF_0025101_01|194|5|2025-02-11,PF_0025101_01,0,0.0,0,0,0.0,0,0,0.0,0,0.0,0.0,0.0,0.0
PF_0025101_01|194|5|2025-02-18,PF_0025101_01,0,0.0,0,0,0.0,0,0,0.0,0,0.0,0.0,0.0,0.0
PF_0025101_01|194|5|2025-02-25,PF_0025101_01,0,0.0,0,0,0.0,0,0,0.0,0,0.0,0.0,0.0,0.0
PF_0025101_01|194|5|2025-03-05,PF_0025101_01,0,0.0,0,0,0.0,0,0,0.0,0,0.0,0.0,0.0,0.0
PF_0025101_01|194|5|2025-03-11,PF_0025101_01,0,0.0,0,0,0.0,0,0,0.0,0,0.0,0.0,0.0,0.0
PF_0025101_01|194|5|2025-03-18,PF_0025101_01,0,0.0,0,0,0.0,0,0,0.0,0,0.0,0.0,0.0,0.0
PF_0025101_01|194|5|2025-03-25,PF_0025101_01,0,0.0,0,0,0.0,0,0,0.0,0,0.0,0.0,0.0,0.0
PF_0025101_01|194|5|2025-04-01,PF_0025101_01,0,0.0,0,0,0.0,0,0,0.0,0,0.0,0.0,0.0,0.0
PF_0025101_01|194|6|2024-10-01,PF_0025101_01,1008,1.0,0,1008,1.0,0,1008,1.0,0,0.0,1.0,0.0,0.0
PF_0025101_01|194|6|2024-10-08,PF_0025101_01,1007,1.0,0,1007,1.0,0,1007,1.0,0,0.0,1.0,0.0,0.0
PF_0025101_01|194|6|2024-10-15,PF_0025101_01,1007,1.0,0,1007,1.0,0,1007,1.0,0,0.0,1.0,0.0,0.0
PF_0025101_01|194|6|2024-10-22,PF_0025101_01,1008,1.0,0,1008,1.0,0,1008,1.0,0,0.0,1.0,0.0,0.0
PF_0025101_01|194|6|2024-10-29,PF_0025101_01,1005,1.0,0,1005,1.0,0,1005,1.0,0,0.0,1.0,0.0,0.0
PF_0025101_01|194|6|2024-11-05,PF_0025101_01,1007,1.0,0,1007,1.0,0,1007,1.0,0,0.0,1.0,0.0,0.0
PF_0025101_01|194|6|2024-11-12,PF_0025101_01,1008,1.0,0,1008,1.0,0,1008,1.0,0,0.0,1.0,0.0,0.0
PF_0025101_01|194|6|2024-11-19,PF_0025101_01,1008,1.0,0,1008,1.0,0,1008,1.0,0,0.0,1.0,0.0,0.0
PF_0025101_01|194|6|2024-11-26,PF_0025101_01,1008,1.0,0,1008,1.0,0,1008,1.0,0,0.0,1.0,0.0,0.0
PF_0025101_01|194|6|2024-12-03,PF_0025101_01,1008,1.0,0,1008,1.0,0,1008,1.0,0,0.0,1.0,0.0,0.0
PF_0025101_01|194|6|2024-12-10,PF_0025101_01,576,0.7142857142857143,0,576,0.7142857142857143,0,576,0.7142857142857143,0,0.0,0.7142857142857143,0.0,0.0
PF_0025101_01|194|6|2024-12-17,PF_0025101_01,0,0.0,0,0,0.0,0,0,0.0,0,0.0,0.0,0.0,0.0
PF_0025101_01|194|6|2024-12-24,PF_0025101_01,0,0.0,0,0,0.0,0,0,0.0,0,0.0,0.0,0.0,0.0
PF_0025101_01|194|6|2024-12-31,PF_0025101_01,0,0.0,0,0,0.0,0,0,0.0,0,0.0,0.0,0.0,0.0
PF_0025101_01|194|6|2025-01-07,PF_0025101_01,0,0.0,0,0,0.0,0,0,0.0,0,0.0,0.0,0.0,0.0
PF_0025101_01|194|6|2025-01-14,PF_0025101_01,0,0.0,0,0,0.0,0,0,0.0,0,0.0,0.0,0.0,0.0
PF_0025101_01|194|6|2025-01-22,PF_0025101_01,0,0.0,0,0,0.0,0,0,0.0,0,0.0,0.0,0.0,0.0
PF_0025101_01|194|6|2025-02-04,PF_0025101_01,0,0.0,0,0,0.0,0,0,0.0,0,0.0,0.0,0.0,0.0
PF_0025101_01|194|6|2025-02-11,PF_0025101_01,0,0.0,0,0,0.0,0,0,0.0,0,0.0,0.0,0.0,0.0
PF_0025101_01|194|6|2025-02-18,PF_0025101_01,0,0.0,0,0,0.0,0,0,0.0,0,0.0,0.0,0.0,0.0
PF_0025101_01|194|6|2025-02-25,PF_0025101_01,0,0.0,0,0,0.0,0,0,0.0,0,0.0,0.0,0.0,0.0
PF_0025101_01|194|6|2025-03-05,PF_0025101_01,0,0.0,0,0,0.0,0,0,0.0,0,0.0,0.0,0.0,0.0
PF_0025101_01|194|6|2025-03-11,PF_0025101_01,0,0.0,0,0,0.0,0,0,0.0,0,0.0,0.0,0.0,0.0
PF_0025101_01|194|6|2025-03-18,PF_0025101_01,0,0.0,0,0,0.0,0,0,0.0,0,0.0,0.0,0.0,0.0
PF_0025101_01|194|6|2025-03-25,PF_0025101_01,0,0.0,0,0,0.0,0,0,0.0,0,0.0,0.0,0.0,0.0
PF_0025101_01|194|6|2025-04-01,PF_0025101_01,0,0.0,0,0,0.0,0,0,0.0,0,0.0,0.0,0.0,0.0
PF_0025101_01|194|7|2024-10-01,PF_0025101_01,1008,1.0,0,1008,1.0,0,1008,1.0,0,0.0,1.0,0.0,0.0
PF_0025101_01|194|7|2024-10-08,PF_0025101_01,1007,1.0,0,1007,1.0,0,1007,1.0,0,0.0,1.0,0.0,0.0
PF_0025101_01|194|7|2024-10-15,PF_0025101_01,1007,1.0,0,1007,1.0,0,1007,1.0,0,0.0,1.0,0.0,0.0
PF_0025101_01|194|7|2024-10-22,PF_0025101_01,1008,1.0,0,1008,1.0,0,1008,1.0,0,0.0,1.0,0.0,0.0
PF_0025101_01|194|7|2024-10-29,PF_0025101_01,1005,1.0,0,1005,1.0,0,1005,1.0,0,0.0,1.0,0.0,0.0
PF_0025101_01|194|7|2024-11-05,PF_0025101_01,1007,1.0,0,1007,1.0,0,1007,1.0,0,0.0,1.0,0.0,0.0
PF_0025101_01|194|7|2024-11-12,PF_0025101_01,1008,1.0,0,1008,1.0,0,1008,1.0,0,0.0,1.0,0.0,0.0
PF_0025101_01|194|7|2024-11-19,PF_0025101_01,1008,1.0,0,1008,1.0,0,1008,1.0,0,0.0,1.0,0.0,0.0
PF_0025101_01|194|7|2024-11-26,PF_0025101_01,1008,1.0,0,1008,1.0,0,1008,1.0,0,0.0,1.0,0.0,0.0
PF_0025101_01|194|7|2024-12-03,PF_0025101_01,1008,1.0,0,1008,1.0,0,1008,1.0,0,0.0,1.0,0.0,0.0
PF_0025101_01|194|7|2024-12-10,PF_0025101_01,576,0.7142857142857143,0,576,0.7142857142857143,0,576,0.7142857142857143,0,0.0,0.7142857142857143,0.0,0.0
PF_0025101_01|194|7|2024-12-17,PF_0025101_01,0,0.0,0,0,0.0,0,0,0.0,0,0.0,0.0,0.0,0.0
PF_0025101_01|194|7|2024-12-24,PF_0025101_01,0,0.0,0,0,0.0,0,0,0.0,0,0.0,0.0,0.0,0.0
PF_0025101_01|194|7|2024-12-31,PF_0025101_01,0,0.0,0,0,0.0,0,0,0.0,0,0.0,0.0,0.0,0.0
PF_0025101_01|194|7|2025-01-07,PF_0025101_01,0,0.0,0,0,0.0,0,0,0.0,0,0.0,0.0,0.0,0.0
PF_0025101_01|194|7|2025-01-14,PF_0025101_01,0,0.0,0,0,0.0,0,0,0.0,0,0.0,0.0,0.0,0.0
PF_0025101_01|194|7|2025-01-22,PF_0025101_01,0,0.0,0,0,0.0,0,0,0.0,0,0.0,0.0,0.0,0.0
PF_0025101_01|194|7|2025-02-04,PF_0025101_01,0,0.0,0,0,0.0,0,0,0.0,0,0.0,0.0,0.0,0.0
PF_0025101_01|194|7|2025-02-11,PF_0025101_01,0,0.0,0,0,0.0,0,0,0.0,0,0.0,0.0,0.0,0.0
PF_0025101_01|194|7|2025-02-18,PF_0025101_01,0,0.0,0,0,0.0,0,0,0.0,0,0.0,0.0,0.0,0.0
PF_0025101_01|194|7|2025-02-25,PF_0025101_01,0,0.0,0,0,0.0,0,0,0.0,0,0.0,0.0,0.0,0.0
PF_0025101_01|194|7|2025-03-05,PF_0025101_01,0,0.0,0,0,0.0,0,0,0.0,0,0.0,0.0,0.0,0.0
PF_0025101_01|194|7|2025-03-11,PF_0025101_01,0,0.0,0,0,0.0,0,0,0.0,0,0.0,0.0,0.0,0.0
PF_0025101_01|194|7|2025-03-18,PF_0025101_01,0,0.0,0,0,0.0,0,0,0.0,0,0.0,0.0,0.0,0.0
PF_0025101_01|194|7|2025-03-25,PF_0025101_01,0,0.0,0,0,0.0,0,0,0.0,0,0.0,0.0,0.0,0.0
PF_0025101_01|194|8|2024-10-01,PF_0025101_01,1008,1.0,0,1008,1.0,0,1008,1.0,0,0.0,1.0,0.0,0.0
PF_0025101_01|194|8|2024-10-08,PF_0025101_01,1007,1.0,0,1007,1.0,0,1007,1.0,0,0.0,1.0,0.0,0.0
PF_0025101_01|194|8|2024-10-15,PF_0025101_01,1007,1.0,0,1007,1.0,0,1007,1.0,0,0.0,1.0,0.0,0.0
PF_0025101_01|194|8|2024-10-22,PF_0025101_01,1008,1.0,0,1008,1.0,0,1008,1.0,0,0.0,1.0,0.0,0.0
PF_0025101_01|194|8|2024-10-29,PF_0025101_01,1005,1.0,0,1005,1.0,0,1005,1.0,0,0.0,1.0,0.0,0.0
PF_0025101_01|194|8|2024-11-05,PF_0025101_01,1007,1.0,0,1007,1.0,0,1007,1.0,0,0.0,1.0,0.0,0.0
PF_0025101_01|194|8|2024-11-12,PF_0025101_01,1008,1.0,0,1008,1.0,0,1008,1.0,0,0.0,1.0,0.0,0.0
PF_0025101_01|194|8|2024-11-19,PF_0025101_01,1008,1.0,0,1008,1.0,0,1008,1.0,0,0.0,1.0,0.0,0.0
PF_0025101_01|194|8|2024-11-26,PF_0025101_01,1008,1.0,0,1008,1.0,0,1008,1.0,0,0.0,1.0,0.0,0.0
PF_0025101_01|194|8|2024-12-03,PF_0025101_01,1008,1.0,0,1008,1.0,0,1008,1.0,0,0.0,1.0,0.0,0.0
PF_0025101_01|194|8|2024-12-10,PF_0025101_01,576,0.7142857142857143,0,576,0.7142857142857143,0,576,0.7142857142857143,0,0.0,0.7142857142857143,0.0,0.0
PF_0025101_01|194|8|2024-12-17,PF_0025101_01,0,0.0,0,0,0.0,0,0,0.0,0,0.0,0.0,0.0,0.0
PF_0025101_01|194|8|2024-12-24,PF_0025101_01,0,0.0,0,0,0.0,0,0,0.0,0,0.0,0.0,0.0,0.0
PF_0025101_01|194|8|2024-12-31,PF_0025101_01,0,0.0,0,0,0.0,0,0,0.0,0,0.0,0.0,0.0,0.0
PF_0025101_01|194|8|2025-01-07,PF_0025101_01,0,0.0,0,0,0.0,0,0,0.0,0,0.0,0.0,0.0,0.0
PF_0025101_01|194|8|2025-01-14,PF_0025101_01,0,0.0,0,0,0.0,0,0,0.0,0,0.0,0.0,0.0,0.0
PF_0025101_01|194|8|2025-01-22,PF_0025101_01,0,0.0,0,0,0.0,0,0,0.0,0,0.0,0.0,0.0,0.0
PF_0025101_01|194|8|2025-02-04,PF_0025101_01,0,0.0,0,0,0.0,0,0,0.0,0,0.0,0.0,0.0,0.0
PF_0025101_01|194|8|2025-02-11,PF_0025101_01,0,0.0,0,0,0.0,0,0,0.0,0,0.0,0.0,0.0,0.0
PF_0025101_01|194|8|2025-02-18,PF_0025101_01,0,0.0,0,0,0.0,0,0,0.0,0,0.0,0.0,0.0,0.0
PF_0025101_01|194|8|2025-02-25,PF_0025101_01,0,0.0,0,0,0.0,0,0,0.0,0,0.0,0.0,0.0,0.0
PF_0025101_01|194|8|2025-03-05,PF_0025101_01,0,0.0,0,0,0.0,0,0,0.0,0,0.0,0.0,0.0,0.0
PF_0025101_01|194|8|2025-03-11,PF_0025101_01,0,0.0,0,0,0.0,0,0,0.0,0,0.0,0.0,0.0,0.0
PF_0025101_01|194|8|2025-03-18,PF_0025101_01,0,0.0,0,0,0.0,0,0,0.0,0,0.0,0.0,0.0,0.0
PF_0025101_01|194|8|2025-03-25,PF_0025101_01,0,0.0,0,0,0.0,0,0,0.0,0,0.0,0.0,0.0,0.0
PF_0025101_01|194|8|2025-04-01,PF_0025101_01,0,0.0,0,0,0.0,0,0,0.0,0,0.0,0.0,0.0,0.0
PF_0025101_01|194|9|2024-10-01,PF_0025101_01,1008,1.0,0,1008,1.0,0,1008,1.0,0,0.0,1.0,0.0,0.0
PF_0025101_01|194|9|2024-10-08,PF_0025101_01,1007,1.0,0,1007,1.0,0,1007,1.0,0,0.0,1.0,0.0,0.0
PF_0025101_01|194|9|2024-10-15,PF_0025101_01,1007,1.0,0,1007,1.0,0,1007,1.0,0,0.0,1.0,0.0,0.0
PF_0025101_01|194|9|2024-10-22,PF_0025101_01,1008,1.0,0,1008,1.0,0,1008,1.0,0,0.0,1.0,0.0,0.0
PF_0025101_01|194|9|2024-10-29,PF_0025101_01,1005,1.0,0,1005,1.0,0,1005,1.0,0,0.0,1.0,0.0,0.0
PF_0025101_01|194|9|2024-11-05,PF_0025101_01,1007,1.0,0,1007,1.0,0,1007,1.0,0,0.0,1.0,0.0,0.0
PF_0025101_01|194|9|2024-11-12,PF_0025101_01,1008,1.0,0,1008,1.0,0,1008,1.0,0,0.0,1.0,0.0,0.0
PF_0025101_01|194|9|2024-11-19,PF_0025101_01,1008,1.0,0,1008,1.0,0,1008,1.0,0,0.0,1.0,0.0,0.0
PF_0025101_01|194|9|2024-11-26,PF_0025101_01,1008,1.0,0,1008,1.0,0,1008,1.0,0,0.0,1.0,0.0,0.0
PF_0025101_01|194|9|2024-12-03,PF_0025101_01,1008,1.0,0,1008,1.0,0,1008,1.0,0,0.0,1.0,0.0,0.0
PF_0025101_01|194|9|2024-12-10,PF_0025101_01,576,0.7142857142857143,0,576,0.7142857142857143,0,576,0.7142857142857143,0,0.0,0.7142857142857143,0.0,0.0
PF_0025101_01|194|9|2024-12-17,PF_0025101_01,0,0.0,0,0,0.0,0,0,0.0,0,0.0,0.0,0.0,0.0
PF_0025101_01|194|9|2024-12-24,PF_0025101_01,0,0.0,0,0,0.0,0,0,0.0,0,0.0,0.0,0.0,0.0
PF_0025101_01|194|9|2024-12-31,PF_0025101_01,0,0.0,0,0,0.0,0,0,0.0,0,0.0,0.0,0.0,0.0
PF_0025101_01|194|9|2025-01-07,PF_0025101_01,0,0.0,0,0,0.0,0,0,0.0,0,0.0,0.0,0.0,0.0
PF_0025101_01|194|9|2025-01-14,PF_0025101_01,0,0.0,0,0,0.0,0,0,0.0,0,0.0,0.0,0.0,0.0
PF_0025101_01|194|9|2025-01-22,PF_0025101_01,0,0.0,0,0,0.0,0,0,0.0,0,0.0,0.0,0.0,0.0
PF_0025101_01|194|9|2025-02-04,PF_0025101_01,0,0.0,0,0,0.0,0,0,0.0,0,0.0,0.0,0.0,0.0
PF_0025101_01|194|9|2025-02-11,PF_0025101_01,0,0.0,0,0,0.0,0,0,0.0,0,0.0,0.0,0.0,0.0
PF_0025101_01|194|9|2025-02-18,PF_0025101_01,0,0.0,0,0,0.0,0,0,0.0,0,0.0,0.0,0.0,0.0
PF_0025101_01|194|9|2025-02-25,PF_0025101_01,0,0.0,0,0,0.0,0,0,0.0,0,0.0,0.0,0.0,0.0
PF_0025101_01|194|9|2025-03-05,PF_0025101_01,0,0.0,0,0,0.0,0,0,0.0,0,0.0,0.0,0.0,0.0
PF_0025101_01|194|9|2025-03-11,PF_0025101_01,0,0.0,0,0,0.0,0,0,0.0,0,0.0,0.0,0.0,0.0
PF_0025101_01|194|9|2025-03-18,PF_0025101_01,0,0.0,0,0,0.0,0,0,0.0,0,0.0,0.0,0.0,0.0
PF_0025101_01|194|9|2025-03-25,PF_0025101_01,0,0.0,0,0,0.0,0,0,0.0,0,0.0,0.0,0.0,0.0
PF_0025101_01|194|9|2025-04-01,PF_0025101_01,0,0.0,0,0,0.0,0,0,0.0,0,0.0,0.0,0.0,0.0
PF_0025101_01|195|1|2025-11-04,PF_0025101_01,0,0.0,0,0,0.0,0,0,0.0,0,0.0,0.0,0.0,0.0
PF_0025101_01|195|3|2025-11-04,PF_0025101_01,0,0.0,0,0,0.0,0,0,0.0,0,0.0,0.0,0.0,0.0
PF_0025101_01|195|4|2025-10-27,PF_0025101_01,0,0.0,0,0,0.0,0,0,0.0,0,0.0,0.0,0.0,0.0
PF_0025101_01|195|4|2025-11-04,PF_0025101_01,0,0.0,0,0,0.0,0,0,0.0,0,0.0,0.0,0.0,0.0
PF_0025101_01|195|5|2025-11-04,PF_0025101_01,0,0.0,0,0,0.0,0,0,0.0,0,0.0,0.0,0.0,0.0
PF_0025101_01|195|6|2025-11-04,PF_0025101_01,0,0.0,0,0,0.0,0,0,0.0,0,0.0,0.0,0.0,0.0
PF_0025101_01|195|8|2025-10-27,PF_0025101_01,0,0.0,0,0,0.0,0,0,0.0,0,0.0,0.0,0.0,0.0
PF_0025101_01|195|9|2025-11-04,PF_0025101_01,0,0.0,0,0,0.0,0,0,0.0,0,0.0,0.0,0.0,0.0
PF_0025108_01|205|1|2024-09-30,PF_0025108_01,0,0.0,0,2016,1.0,0,2016,1.0,0,0.0,0.0,1.0,0.0
PF_0025108_01|205|1|2024-10-07,PF_0025108_01,0,0.0,0,2016,1.0,0,2016,1.0,0,0.0,0.0,1.0,0.0
PF_0025108_01|205|1|2024-10-14,PF_0025108_01,0,0.0,0,2016,1.0,0,2016,1.0,0,0.0,0.0,1.0,0.0
PF_0025108_01|205|1|2024-10-21,PF_0025108_01,0,0.0,0,2016,1.0,0,2016,1.0,0,0.0,0.0,1.0,0.0
PF_0025108_01|205|1|2024-10-28,PF_0025108_01,0,0.0,0,2016,1.0,0,2016,1.0,0,0.0,0.0,1.0,0.0
PF_0025108_01|205|1|2024-11-06,PF_0025108_01,0,0.0,0,2016,1.0,0,2016,1.0,0,0.0,0.0,1.0,0.0
PF_0025108_01|205|1|2024-11-11,PF_0025108_01,0,0.0,0,2016,1.0,0,2016,1.0,0,0.0,0.0,1.0,0.0
PF_0025108_01|205|1|2024-11-18,PF_0025108_01,0,0.0,0,2012,1.0,0,2012,1.0,0,0.0,0.0,1.0,0.0
PF_0025108_01|205|1|2024-11-25,PF_0025108_01,0,0.0,0,2016,1.0,0,2016,1.0,0,0.0,0.0,1.0,0.0
PF_0025108_01|205|1|2024-12-03,PF_0025108_01,0,0.0,0,186,0.14285714285714285,0,186,0.14285714285714285,0,0.0,0.0,0.14285714285714285,0.0
PF_0025108_01|205|1|2024-12-09,PF_0025108_01,0,0.0,0,0,0.0,0,0,0.0,0,0.0,0.0,0.0,0.0
PF_0025108_01|205|1|2024-12-17,PF_0025108_01,0,0.0,0,1728,0.8571428571428571,0,1728,0.8571428571428571,0,0.0,0.0,0.8571428571428571,0.0
PF_0025108_01|205|1|2024-12-23,PF_0025108_01,0,0.0,0,2016,1.0,0,2016,1.0,0,0.0,0.0,1.0,0.0
PF_0025108_01|205|1|2024-12-30,PF_0025108_01,0,0.0,0,415,0.2857142857142857,0,415,0.2857142857142857,0,0.0,0.0,0.2857142857142857,0.0
PF_0025108_01|205|1|2025-01-06,PF_0025108_01,0,0.0,0,0,0.0,0,0,0.0,0,0.0,0.0,0.0,0.0
PF_0025108_01|205|1|2025-01-13,PF_0025108_01,0,0.0,0,0,0.0,0,0,0.0,0,0.0,0.0,0.0,0.0
PF_0025108_01|205|1|2025-01-20,PF_0025108_01,0,0.0,0,0,0.0,0,0,0.0,0,0.0,0.0,0.0,0.0
PF_0025108_01|205|1|2025-01-25,PF_0025108_01,0,0.0,0,0,0.0,0,0,0.0,0,0.0,0.0,0.0,0.0
PF_0025108_01|205|1|2025-02-04,PF_0025108_01,0,0.0,0,0,0.0,0,0,0.0,0,0.0,0.0,0.0,0.0
PF_0025108_01|205|1|2025-02-10,PF_0025108_01,0,0.0,0,0,0.0,0,0,0.0,0,0.0,0.0,0.0,0.0
PF_0025108_01|205|1|2025-02-17,PF_0025108_01,0,0.0,0,0,0.0,0,0,0.0,0,0.0,0.0,0.0,0.0
PF_0025108_01|205|1|2025-02-24,PF_0025108_01,0,0.0,0,0,0.0,0,0,0.0,0,0.0,0.0,0.0,0.0
PF_0025108_01|205|1|2025-03-03,PF_0025108_01,0,0.0,0,0,0.0,0,0,0.0,0,0.0,0.0,0.0,0.0
PF_0025108_01|205|1|2025-03-10,PF_0025108_01,0,0.0,0,0,0.0,0,0,0.0,0,0.0,0.0,0.0,0.0
PF_0025108_01|205|1|2025-03-17,PF_0025108_01,0,0.0,0,0,0.0,0,0,0.0,0,0.0,0.0,0.0,0.0
PF_0025108_01|205|1|2025-03-25,PF_0025108_01,0,0.0,0,0,0.0,0,0,0.0,0,0.0,0.0,0.0,0.0
PF_0025108_01|205|1|2025-04-01,PF_0025108_01,0,0.0,0,0,0.0,0,0,0.0,0,0.0,0.0,0.0,0.0
PF_0025108_01|205|1|2025-04-07,PF_0025108_01,0,0.0,0,0,0.0,0,0,0.0,0,0.0,0.0,0.0,0.0
PF_0025108_01|205|1|2025-04-14,PF_0025108_01,0,0.0,0,0,0.0,0,0,0.0,0,0.0,0.0,0.0,0.0
PF_0025108_01|205|1|2025-04-21,PF_0025108_01,0,0.0,0,0,0.0,0,0,0.0,0,0.0,0.0,0.0,0.0
PF_0025108_01|205|1|2025-04-28,PF_0025108_01,0,0.0,0,0,0.0,0,0,0.0,0,0.0,0.0,0.0,0.0
PF_0025108_01|205|1|2025-05-23,PF_0025108_01,0,0.0,0,0,0.0,0,0,0.0,0,0.0,0.0,0.0,0.0
PF_0025108_01|205|1|2025-05-29,PF_0025108_01,0,0.0,0,0,0.0,0,0,0.0,0,0.0,0.0,0.0,0.0
PF_0025108_01|205|2|2024-09-30,PF_0025108_01,0,0.0,0,2016,1.0,0,2016,1.0,0,0.0,0.0,1.0,0.0
PF_0025108_01|205|2|2024-10-07,PF_0025108_01,0,0.0,0,2016,1.0,0,2016,1.0,0,0.0,0.0,1.0,0.0
PF_0025108_01|205|2|2024-10-14,PF_0025108_01,0,0.0,0,2016,1.0,0,2016,1.0,0,0.0,0.0,1.0,0.0
PF_0025108_01|205|2|2024-10-21,PF_0025108_01,0,0.0,0,2016,1.0,0,2016,1.0,0,0.0,0.0,1.0,0.0
PF_0025108_01|205|2|2024-10-28,PF_0025108_01,0,0.0,0,2016,1.0,0,2016,1.0,0,0.0,0.0,1.0,0.0
PF_0025108_01|205|2|2024-11-06,PF_0025108_01,0,0.0,0,2016,1.0,0,2016,1.0,0,0.0,0.0,1.0,0.0
PF_0025108_01|205|2|2024-11-11,PF_0025108_01,0,0.0,0,2016,1.0,0,2016,1.0,0,0.0,0.0,1.0,0.0
PF_0025108_01|205|2|2024-11-18,PF_0025108_01,0,0.0,0,2012,1.0,0,2012,1.0,0,0.0,0.0,1.0,0.0
PF_0025108_01|205|2|2024-11-25,PF_0025108_01,0,0.0,0,2016,1.0,0,2016,1.0,0,0.0,0.0,1.0,0.0
PF_0025108_01|205|2|2024-12-03,PF_0025108_01,0,0.0,0,186,0.14285714285714285,0,186,0.14285714285714285,0,0.0,0.0,0.14285714285714285,0.0
PF_0025108_01|205|2|2024-12-09,PF_0025108_01,0,0.0,0,0,0.0,0,0,0.0,0,0.0,0.0,0.0,0.0
PF_0025108_01|205|2|2024-12-17,PF_0025108_01,0,0.0,0,1728,0.8571428571428571,0,1728,0.8571428571428571,0,0.0,0.0,0.8571428571428571,0.0
PF_0025108_01|205|2|2024-12-23,PF_0025108_01,0,0.0,0,2016,1.0,0,2016,1.0,0,0.0,0.0,1.0,0.0
PF_0025108_01|205|2|2024-12-30,PF_0025108_01,0,0.0,0,415,0.2857142857142857,0,415,0.2857142857142857,0,0.0,0.0,0.2857142857142857,0.0
PF_0025108_01|205|2|2025-01-06,PF_0025108_01,0,0.0,0,0,0.0,0,0,0.0,0,0.0,0.0,0.0,0.0
PF_0025108_01|205|2|2025-01-13,PF_0025108_01,0,0.0,0,0,0.0,0,0,0.0,0,0.0,0.0,0.0,0.0
PF_0025108_01|205|2|2025-01-20,PF_0025108_01,0,0.0,0,0,0.0,0,0,0.0,0,0.0,0.0,0.0,0.0
PF_0025108_01|205|2|2025-01-25,PF_0025108_01,0,0.0,0,0,0.0,0,0,0.0,0,0.0,0.0,0.0,0.0
PF_0025108_01|205|2|2025-02-04,PF_0025108_01,0,0.0,0,0,0.0,0,0,0.0,0,0.0,0.0,0.0,0.0
PF_0025108_01|205|2|2025-02-10,PF_0025108_01,0,0.0,0,0,0.0,0,0,0.0,0,0.0,0.0,0.0,0.0
PF_0025108_01|205|2|2025-02-17,PF_0025108_01,0,0.0,0,0,0.0,0,0,0.0,0,0.0,0.0,0.0,0.0
PF_0025108_01|205|2|2025-02-24,PF_0025108_01,0,0.0,0,0,0.0,0,0,0.0,0,0.0,0.0,0.0,0.0
PF_0025108_01|205|2|2025-03-03,PF_0025108_01,0,0.0,0,0,0.0,0,0,0.0,0,0.0,0.0,0.0,0.0
PF_0025108_01|205|2|2025-03-10,PF_0025108_01,0,0.0,0,0,0.0,0,0,0.0,0,0.0,0.0,0.0,0.0
PF_0025108_01|205|2|2025-03-17,PF_0025108_01,0,0.0,0,0,0.0,0,0,0.0,0,0.0,0.0,0.0,0.0
PF_0025108_01|205|2|2025-03-25,PF_0025108_01,0,0.0,0,0,0.0,0,0,0.0,0,0.0,0.0,0.0,0.0
PF_0025108_01|205|2|2025-04-01,PF_0025108_01,0,0.0,0,0,0.0,0,0,0.0,0,0.0,0.0,0.0,0.0
PF_0025108_01|205|2|2025-04-07,PF_0025108_01,0,0.0,0,0,0.0,0,0,0.0,0,0.0,0.0,0.0,0.0
PF_0025108_01|205|2|2025-04-14,PF_0025108_01,0,0.0,0,0,0.0,0,0,0.0,0,0.0,0.0,0.0,0.0
PF_0025108_01|205|2|2025-04-21,PF_0025108_01,0,0.0,0,0,0.0,0,0,0.0,0,0.0,0.0,0.0,0.0
PF_0025108_01|205|2|2025-04-28,PF_0025108_01,0,0.0,0,0,0.0,0,0,0.0,0,0.0,0.0,0.0,0.0
PF_0025108_01|205|2|2025-05-23,PF_0025108_01,0,0.0,0,0,0.0,0,0,0.0,0,0.0,0.0,0.0,0.0
PF_0025108_01|205|3|2024-09-30,PF_0025108_01,0,0.0,0,2016,1.0,0,2016,1.0,0,0.0,0.0,1.0,0.0
PF_0025108_01|205|3|2024-10-07,PF_0025108_01,0,0.0,0,2016,1.0,0,2016,1.0,0,0.0,0.0,1.0,0.0
PF_0025108_01|205|3|2024-10-14,PF_0025108_01,0,0.0,0,2016,1.0,0,2016,1.0,0,0.0,0.0,1.0,0.0
PF_0025108_01|205|3|2024-10-21,PF_0025108_01,0,0.0,0,2016,1.0,0,2016,1.0,0,0.0,0.0,1.0,0.0
PF_0025108_01|205|3|2024-10-28,PF_0025108_01,0,0.0,0,2016,1.0,0,2016,1.0,0,0.0,0.0,1.0,0.0
PF_0025108_01|205|3|2024-11-06,PF_0025108_01,0,0.0,0,2016,1.0,0,2016,1.0,0,0.0,0.0,1.0,0.0
PF_0025108_01|205|3|2024-11-11,PF_0025108_01,0,0.0,0,2016,1.0,0,2016,1.0,0,0.0,0.0,1.0,0.0
PF_0025108_01|205|3|2024-11-18,PF_0025108_01,0,0.0,0,2012,1.0,0,2012,1.0,0,0.0,0.0,1.0,0.0
PF_0025108_01|205|3|2024-11-25,PF_0025108_01,0,0.0,0,2016,1.0,0,2016,1.0,0,0.0,0.0,1.0,0.0
PF_0025108_01|205|3|2024-12-03,PF_0025108_01,0,0.0,0,186,0.14285714285714285,0,186,0.14285714285714285,0,0.0,0.0,0.14285714285714285,0.0
PF_0025108_01|205|3|2024-12-09,PF_0025108_01,0,0.0,0,0,0.0,0,0,0.0,0,0.0,0.0,0.0,0.0
PF_0025108_01|205|3|2024-12-17,PF_0025108_01,0,0.0,0,1728,0.8571428571428571,0,1728,0.8571428571428571,0,0.0,0.0,0.8571428571428571,0.0
PF_0025108_01|205|3|2024-12-23,PF_0025108_01,0,0.0,0,2016,1.0,0,2016,1.0,0,0.0,0.0,1.0,0.0
PF_0025108_01|205|3|2024-12-30,PF_0025108_01,0,0.0,0,415,0.2857142857142857,0,415,0.2857142857142857,0,0.0,0.0,0.2857142857142857,0.0
PF_0025108_01|205|3|2025-01-06,PF_0025108_01,0,0.0,0,0,0.0,0,0,0.0,0,0.0,0.0,0.0,0.0
PF_0025108_01|205|3|2025-01-13,PF_0025108_01,0,0.0,0,0,0.0,0,0,0.0,0,0.0,0.0,0.0,0.0
PF_0025108_01|205|3|2025-01-20,PF_0025108_01,0,0.0,0,0,0.0,0,0,0.0,0,0.0,0.0,0.0,0.0
PF_0025108_01|205|3|2025-01-25,PF_0025108_01,0,0.0,0,0,0.0,0,0,0.0,0,0.0,0.0,0.0,0.0
PF_0025108_01|205|3|2025-02-04,PF_0025108_01,0,0.0,0,0,0.0,0,0,0.0,0,0.0,0.0,0.0,0.0
PF_0025108_01|205|3|2025-02-10,PF_0025108_01,0,0.0,0,0,0.0,0,0,0.0,0,0.0,0.0,0.0,0.0
PF_0025108_01|205|3|2025-02-17,PF_0025108_01,0,0.0,0,0,0.0,0,0,0.0,0,0.0,0.0,0.0,0.0
PF_0025108_01|205|3|2025-02-24,PF_0025108_01,0,0.0,0,0,0.0,0,0,0.0,0,0.0,0.0,0.0,0.0
PF_0025108_01|205|3|2025-03-03,PF_0025108_01,0,0.0,0,0,0.0,0,0,0.0,0,0.0,0.0,0.0,0.0
PF_0025108_01|205|3|2025-03-10,PF_0025108_01,0,0.0,0,0,0.0,0,0,0.0,0,0.0,0.0,0.0,0.0
PF_0025108_01|205|3|2025-03-17,PF_0025108_01,0,0.0,0,0,0.0,0,0,0.0,0,0.0,0.0,0.0,0.0
PF_0025108_01|205|3|2025-03-25,PF_0025108_01,0,0.0,0,0,0.0,0,0,0.0,0,0.0,0.0,0.0,0.0
PF_0025108_01|205|3|2025-04-01,PF_0025108_01,0,0.0,0,0,0.0,0,0,0.0,0,0.0,0.0,0.0,0.0
PF_0025108_01|205|3|2025-04-07,PF_0025108_01,0,0.0,0,0,0.0,0,0,0.0,0,0.0,0.0,0.0,0.0
PF_0025108_01|205|3|2025-04-14,PF_0025108_01,0,0.0,0,0,0.0,0,0,0.0,0,0.0,0.0,0.0,0.0
PF_0025108_01|205|3|2025-04-21,PF_0025108_01,0,0.0,0,0,0.0,0,0,0.0,0,0.0,0.0,0.0,0.0
PF_0025108_01|205|3|2025-04-28,PF_0025108_01,0,0.0,0,0,0.0,0,0,0.0,0,0.0,0.0,0.0,0.0
PF_0025108_01|205|3|2025-05-23,PF_0025108_01,0,0.0,0,0,0.0,0,0,0.0,0,0.0,0.0,0.0,0.0
PF_0025108_01|205|3|2025-05-29,PF_0025108_01,0,0.0,0,0,0.0,0,0,0.0,0,0.0,0.0,0.0,0.0
PF_0025108_01|205|4|2024-09-30,PF_0025108_01,0,0.0,0,2016,1.0,0,2016,1.0,0,0.0,0.0,1.0,0.0
PF_0025108_01|205|4|2024-10-07,PF_0025108_01,0,0.0,0,2016,1.0,0,2016,1.0,0,0.0,0.0,1.0,0.0
PF_0025108_01|205|4|2024-10-14,PF_0025108_01,0,0.0,0,2016,1.0,0,2016,1.0,0,0.0,0.0,1.0,0.0
PF_0025108_01|205|4|2024-10-21,PF_0025108_01,0,0.0,0,2016,1.0,0,2016,1.0,0,0.0,0.0,1.0,0.0
PF_0025108_01|205|4|2024-10-28,PF_0025108_01,0,0.0,0,2016,1.0,0,2016,1.0,0,0.0,0.0,1.0,0.0
PF_0025108_01|205|4|2024-11-06,PF_0025108_01,0,0.0,0,2016,1.0,0,2016,1.0,0,0.0,0.0,1.0,0.0
PF_0025108_01|205|4|2024-11-11,PF_0025108_01,0,0.0,0,2016,1.0,0,2016,1.0,0,0.0,0.0,1.0,0.0
PF_0025108_01|205|4|2024-11-18,PF_0025108_01,0,0.0,0,2012,1.0,0,2012,1.0,0,0.0,0.0,1.0,0.0
PF_0025108_01|205|4|2024-11-25,PF_0025108_01,0,0.0,0,2016,1.0,0,2016,1.0,0,0.0,0.0,1.0,0.0
PF_0025108_01|205|4|2024-12-03,PF_0025108_01,0,0.0,0,186,0.14285714285714285,0,186,0.14285714285714285,0,0.0,0.0,0.14285714285714285,0.0
PF_0025108_01|205|4|2024-12-09,PF_0025108_01,0,0.0,0,0,0.0,0,0,0.0,0,0.0,0.0,0.0,0.0
PF_0025108_01|205|4|2024-12-17,PF_0025108_01,0,0.0,0,1728,0.8571428571428571,0,1728,0.8571428571428571,0,0.0,0.0,0.8571428571428571,0.0
PF_0025108_01|205|4|2024-12-23,PF_0025108_01,0,0.0,0,2016,1.0,0,2016,1.0,0,0.0,0.0,1.0,0.0
PF_0025108_01|205|4|2024-12-30,PF_0025108_01,0,0.0,0,415,0.2857142857142857,0,415,0.2857142857142857,0,0.0,0.0,0.2857142857142857,0.0
PF_0025108_01|205|4|2025-01-06,PF_0025108_01,0,0.0,0,0,0.0,0,0,0.0,0,0.0,0.0,0.0,0.0
PF_0025108_01|205|4|2025-01-13,PF_0025108_01,0,0.0,0,0,0.0,0,0,0.0,0,0.0,0.0,0.0,0.0
PF_0025108_01|205|4|2025-01-20,PF_0025108_01,0,0.0,0,0,0.0,0,0,0.0,0,0.0,0.0,0.0,0.0
PF_0025108_01|205|4|2025-01-25,PF_0025108_01,0,0.0,0,0,0.0,0,0,0.0,0,0.0,0.0,0.0,0.0
PF_0025108_01|205|4|2025-02-04,PF_0025108_01,0,0.0,0,0,0.0,0,0,0.0,0,0.0,0.0,0.0,0.0
PF_0025108_01|205|4|2025-02-10,PF_0025108_01,0,0.0,0,0,0.0,0,0,0.0,0,0.0,0.0,0.0,0.0
PF_0025108_01|205|4|2025-02-17,PF_0025108_01,0,0.0,0,0,0.0,0,0,0.0,0,0.0,0.0,0.0,0.0
PF_0025108_01|205|4|2025-02-24,PF_0025108_01,0,0.0,0,0,0.0,0,0,0.0,0,0.0,0.0,0.0,0.0
PF_0025108_01|205|4|2025-03-03,PF_0025108_01,0,0.0,0,0,0.0,0,0,0.0,0,0.0,0.0,0.0,0.0
PF_0025108_01|205|4|2025-03-10,PF_0025108_01,0,0.0,0,0,0.0,0,0,0.0,0,0.0,0.0,0.0,0.0
PF_0025108_01|205|4|2025-03-17,PF_0025108_01,0,0.0,0,0,0.0,0,0,0.0,0,0.0,0.0,0.0,0.0
PF_0025108_01|205|4|2025-03-25,PF_0025108_01,0,0.0,0,0,0.0,0,0,0.0,0,0.0,0.0,0.0,0.0
PF_0025108_01|205|4|2025-04-01,PF_0025108_01,0,0.0,0,0,0.0,0,0,0.0,0,0.0,0.0,0.0,0.0
PF_0025108_01|205|4|2025-04-07,PF_0025108_01,0,0.0,0,0,0.0,0,0,0.0,0,0.0,0.0,0.0,0.0
PF_0025108_01|205|4|2025-04-14,PF_0025108_01,0,0.0,0,0,0.0,0,0,0.0,0,0.0,0.0,0.0,0.0
PF_0025108_01|205|4|2025-04-21,PF_0025108_01,0,0.0,0,0,0.0,0,0,0.0,0,0.0,0.0,0.0,0.0
PF_0025108_01|205|4|2025-04-28,PF_0025108_01,0,0.0,0,0,0.0,0,0,0.0,0,0.0,0.0,0.0,0.0
PF_0025108_01|205|4|2025-05-23,PF_0025108_01,0,0.0,0,0,0.0,0,0,0.0,0,0.0,0.0,0.0,0.0
PF_0025108_01|205|5|2024-09-30,PF_0025108_01,0,0.0,0,2016,1.0,0,2016,1.0,0,0.0,0.0,1.0,0.0
PF_0025108_01|205|5|2024-10-07,PF_0025108_01,0,0.0,0,2016,1.0,0,2016,1.0,0,0.0,0.0,1.0,0.0
PF_0025108_01|205|5|2024-10-14,PF_0025108_01,0,0.0,0,2016,1.0,0,2016,1.0,0,0.0,0.0,1.0,0.0
PF_0025108_01|205|5|2024-10-21,PF_0025108_01,0,0.0,0,2016,1.0,0,2016,1.0,0,0.0,0.0,1.0,0.0
PF_0025108_01|205|5|2024-10-28,PF_0025108_01,0,0.0,0,2016,1.0,0,2016,1.0,0,0.0,0.0,1.0,0.0
PF_0025108_01|205|5|2024-11-06,PF_0025108_01,0,0.0,0,2016,1.0,0,2016,1.0,0,0.0,0.0,1.0,0.0
PF_0025108_01|205|5|2024-11-11,PF_0025108_01,0,0.0,0,2016,1.0,0,2016,1.0,0,0.0,0.0,1.0,0.0
PF_0025108_01|205|5|2024-11-18,PF_0025108_01,0,0.0,0,2012,1.0,0,2012,1.0,0,0.0,0.0,1.0,0.0
PF_0025108_01|205|5|2024-11-25,PF_0025108_01,0,0.0,0,2016,1.0,0,2016,1.0,0,0.0,0.0,1.0,0.0
PF_0025108_01|205|5|2024-12-03,PF_0025108_01,0,0.0,0,186,0.14285714285714285,0,186,0.14285714285714285,0,0.0,0.0,0.14285714285714285,0.0
PF_0025108_01|205|5|2024-12-09,PF_0025108_01,0,0.0,0,0,0.0,0,0,0.0,0,0.0,0.0,0.0,0.0
PF_0025108_01|205|5|2024-12-17,PF_0025108_01,0,0.0,0,1728,0.8571428571428571,0,1728,0.8571428571428571,0,0.0,0.0,0.8571428571428571,0.0
PF_0025108_01|205|5|2024-12-23,PF_0025108_01,0,0.0,0,2016,1.0,0,2016,1.0,0,0.0,0.0,1.0,0.0
PF_0025108_01|205|5|2024-12-30,PF_0025108_01,0,0.0,0,415,0.2857142857142857,0,415,0.2857142857142857,0,0.0,0.0,0.2857142857142857,0.0
PF_0025108_01|205|5|2025-01-06,PF_0025108_01,0,0.0,0,0,0.0,0,0,0.0,0,0.0,0.0,0.0,0.0
PF_0025108_01|205|5|2025-01-13,PF_0025108_01,0,0.0,0,0,0.0,0,0,0.0,0,0.0,0.0,0.0,0.0
PF_0025108_01|205|5|2025-01-20,PF_0025108_01,0,0.0,0,0,0.0,0,0,0.0,0,0.0,0.0,0.0,0.0
PF_0025108_01|205|5|2025-01-25,PF_0025108_01,0,0.0,0,0,0.0,0,0,0.0,0,0.0,0.0,0.0,0.0
PF_0025108_01|205|5|2025-02-04,PF_0025108_01,0,0.0,0,0,0.0,0,0,0.0,0,0.0,0.0,0.0,0.0
PF_0025108_01|205|5|2025-02-10,PF_0025108_01,0,0.0,0,0,0.0,0,0,0.0,0,0.0,0.0,0.0,0.0
PF_0025108_01|205|5|2025-02-17,PF_0025108_01,0,0.0,0,0,0.0,0,0,0.0,0,0.0,0.0,0.0,0.0
PF_0025108_01|205|5|2025-02-24,PF_0025108_01,0,0.0,0,0,0.0,0,0,0.0,0,0.0,0.0,0.0,0.0
PF_0025108_01|205|5|2025-03-03,PF_0025108_01,0,0.0,0,0,0.0,0,0,0.0,0,0.0,0.0,0.0,0.0
PF_0025108_01|205|5|2025-03-10,PF_0025108_01,0,0.0,0,0,0.0,0,0,0.0,0,0.0,0.0,0.0,0.0
PF_0025108_01|205|5|2025-03-17,PF_0025108_01,0,0.0,0,0,0.0,0,0,0.0,0,0.0,0.0,0.0,0.0
PF_0025108_01|205|5|2025-03-25,PF_0025108_01,0,0.0,0,0,0.0,0,0,0.0,0,0.0,0.0,0.0,0.0
PF_0025108_01|205|5|2025-04-01,PF_0025108_01,0,0.0,0,0,0.0,0,0,0.0,0,0.0,0.0,0.0,0.0
PF_0025108_01|205|5|2025-04-07,PF_0025108_01,0,0.0,0,0,0.0,0,0,0.0,0,0.0,0.0,0.0,0.0
PF_0025108_01|205|5|2025-04-14,PF_0025108_01,0,0.0,0,0,0.0,0,0,0.0,0,0.0,0.0,0.0,0.0
PF_0025108_01|205|5|2025-04-21,PF_0025108_01,0,0.0,0,0,0.0,0,0,0.0,0,0.0,0.0,0.0,0.0
PF_0025108_01|205|5|2025-04-28,PF_0025108_01,0,0.0,0,0,0.0,0,0,0.0,0,0.0,0.0,0.0,0.0
PF_0025108_01|205|5|2025-05-23,PF_0025108_01,0,0.0,0,0,0.0,0,0,0.0,0,0.0,0.0,0.0,0.0
PF_0025108_01|205|5|2025-05-29,PF_0025108_01,0,0.0,0,0,0.0,0,0,0.0,0,0.0,0.0,0.0,0.0
PF_0025108_01|205|6|2024-09-30,PF_0025108_01,0,0.0,0,2016,1.0,0,2016,1.0,0,0.0,0.0,1.0,0.0
PF_0025108_01|205|6|2024-10-07,PF_0025108_01,0,0.0,0,2016,1.0,0,2016,1.0,0,0.0,0.0,1.0,0.0
PF_0025108_01|205|6|2024-10-14,PF_0025108_01,0,0.0,0,2016,1.0,0,2016,1.0,0,0.0,0.0,1.0,0.0
PF_0025108_01|205|6|2024-10-21,PF_0025108_01,0,0.0,0,2016,1.0,0,2016,1.0,0,0.0,0.0,1.0,0.0
PF_0025108_01|205|6|2024-10-28,PF_0025108_01,0,0.0,0,2016,1.0,0,2016,1.0,0,0.0,0.0,1.0,0.0
PF_0025108_01|205|6|2024-11-06,PF_0025108_01,0,0.0,0,2016,1.0,0,2016,1.0,0,0.0,0.0,1.0,0.0
PF_0025108_01|205|6|2024-11-11,PF_0025108_01,0,0.0,0,2016,1.0,0,2016,1.0,0,0.0,0.0,1.0,0.0
PF_0025108_01|205|6|2024-11-18,PF_0025108_01,0,0.0,0,2012,1.0,0,2012,1.0,0,0.0,0.0,1.0,0.0
PF_0025108_01|205|6|2024-11-25,PF_0025108_01,0,0.0,0,2016,1.0,0,2016,1.0,0,0.0,0.0,1.0,0.0
PF_0025108_01|205|6|2024-12-03,PF_0025108_01,0,0.0,0,186,0.14285714285714285,0,186,0.14285714285714285,0,0.0,0.0,0.14285714285714285,0.0
PF_0025108_01|205|6|2024-12-09,PF_0025108_01,0,0.0,0,0,0.0,0,0,0.0,0,0.0,0.0,0.0,0.0
PF_0025108_01|205|6|2024-12-17,PF_0025108_01,0,0.0,0,1728,0.8571428571428571,0,1728,0.8571428571428571,0,0.0,0.0,0.8571428571428571,0.0
PF_0025108_01|205|6|2024-12-23,PF_0025108_01,0,0.0,0,2016,1.0,0,2016,1.0,0,0.0,0.0,1.0,0.0
PF_0025108_01|205|6|2024-12-30,PF_0025108_01,0,0.0,0,415,0.2857142857142857,0,415,0.2857142857142857,0,0.0,0.0,0.2857142857142857,0.0
PF_0025108_01|205|6|2025-01-06,PF_0025108_01,0,0.0,0,0,0.0,0,0,0.0,0,0.0,0.0,0.0,0.0
PF_0025108_01|205|6|2025-01-13,PF_0025108_01,0,0.0,0,0,0.0,0,0,0.0,0,0.0,0.0,0.0,0.0
PF_0025108_01|205|6|2025-01-20,PF_0025108_01,0,0.0,0,0,0.0,0,0,0.0,0,0.0,0.0,0.0,0.0
PF_0025108_01|205|6|2025-01-25,PF_0025108_01,0,0.0,0,0,0.0,0,0,0.0,0,0.0,0.0,0.0,0.0
PF_0025108_01|205|6|2025-02-04,PF_0025108_01,0,0.0,0,0,0.0,0,0,0.0,0,0.0,0.0,0.0,0.0
PF_0025108_01|205|6|2025-02-10,PF_0025108_01,0,0.0,0,0,0.0,0,0,0.0,0,0.0,0.0,0.0,0.0
PF_0025108_01|205|6|2025-02-17,PF_0025108_01,0,0.0,0,0,0.0,0,0,0.0,0,0.0,0.0,0.0,0.0
PF_0025108_01|205|6|2025-02-24,PF_0025108_01,0,0.0,0,0,0.0,0,0,0.0,0,0.0,0.0,0.0,0.0
PF_0025108_01|205|6|2025-03-03,PF_0025108_01,0,0.0,0,0,0.0,0,0,0.0,0,0.0,0.0,0.0,0.0
PF_0025108_01|205|6|2025-03-10,PF_0025108_01,0,0.0,0,0,0.0,0,0,0.0,0,0.0,0.0,0.0,0.0
PF_0025108_01|205|6|2025-03-17,PF_0025108_01,0,0.0,0,0,0.0,0,0,0.0,0,0.0,0.0,0.0,0.0
PF_0025108_01|205|6|2025-03-25,PF_0025108_01,0,0.0,0,0,0.0,0,0,0.0,0,0.0,0.0,0.0,0.0
PF_0025108_01|205|6|2025-04-01,PF_0025108_01,0,0.0,0,0,0.0,0,0,0.0,0,0.0,0.0,0.0,0.0
PF_0025108_01|205|6|2025-04-07,PF_0025108_01,0,0.0,0,0,0.0,0,0,0.0,0,0.0,0.0,0.0,0.0
PF_0025108_01|205|6|2025-04-14,PF_0025108_01,0,0.0,0,0,0.0,0,0,0.0,0,0.0,0.0,0.0,0.0
PF_0025108_01|205|6|2025-04-21,PF_0025108_01,0,0.0,0,0,0.0,0,0,0.0,0,0.0,0.0,0.0,0.0
PF_0025108_01|205|6|2025-04-28,PF_0025108_01,0,0.0,0,0,0.0,0,0,0.0,0,0.0,0.0,0.0,0.0
PF_0025108_01|205|6|2025-05-23,PF_0025108_01,0,0.0,0,0,0.0,0,0,0.0,0,0.0,0.0,0.0,0.0
PF_0025108_01|205|7|2024-09-30,PF_0025108_01,0,0.0,0,2016,1.0,0,2016,1.0,0,0.0,0.0,1.0,0.0
PF_0025108_01|205|7|2024-10-07,PF_0025108_01,0,0.0,0,2016,1.0,0,2016,1.0,0,0.0,0.0,1.0,0.0
PF_0025108_01|205|7|2024-10-14,PF_0025108_01,0,0.0,0,2016,1.0,0,2016,1.0,0,0.0,0.0,1.0,0.0
PF_0025108_01|205|7|2024-10-21,PF_0025108_01,0,0.0,0,2016,1.0,0,2016,1.0,0,0.0,0.0,1.0,0.0
PF_0025108_01|205|7|2024-10-28,PF_0025108_01,0,0.0,0,2016,1.0,0,2016,1.0,0,0.0,0.0,1.0,0.0
PF_0025108_01|205|7|2024-11-06,PF_0025108_01,0,0.0,0,2016,1.0,0,2016,1.0,0,0.0,0.0,1.0,0.0
PF_0025108_01|205|7|2024-11-11,PF_0025108_01,0,0.0,0,2016,1.0,0,2016,1.0,0,0.0,0.0,1.0,0.0
PF_0025108_01|205|7|2024-11-18,PF_0025108_01,0,0.0,0,2012,1.0,0,2012,1.0,0,0.0,0.0,1.0,0.0
PF_0025108_01|205|7|2024-11-25,PF_0025108_01,0,0.0,0,2016,1.0,0,2016,1.0,0,0.0,0.0,1.0,0.0
PF_0025108_01|205|7|2024-12-03,PF_0025108_01,0,0.0,0,186,0.14285714285714285,0,186,0.14285714285714285,0,0.0,0.0,0.14285714285714285,0.0
PF_0025108_01|205|7|2024-12-09,PF_0025108_01,0,0.0,0,0,0.0,0,0,0.0,0,0.0,0.0,0.0,0.0
PF_0025108_01|205|7|2024-12-17,PF_0025108_01,0,0.0,0,1728,0.8571428571428571,0,1728,0.8571428571428571,0,0.0,0.0,0.8571428571428571,0.0
PF_0025108_01|205|7|2024-12-23,PF_0025108_01,0,0.0,0,2016,1.0,0,2016,1.0,0,0.0,0.0,1.0,0.0
PF_0025108_01|205|7|2024-12-30,PF_0025108_01,0,0.0,0,415,0.2857142857142857,0,415,0.2857142857142857,0,0.0,0.0,0.2857142857142857,0.0
PF_0025108_01|205|7|2025-01-06,PF_0025108_01,0,0.0,0,0,0.0,0,0,0.0,0,0.0,0.0,0.0,0.0
PF_0025108_01|205|7|2025-01-13,PF_0025108_01,0,0.0,0,0,0.0,0,0,0.0,0,0.0,0.0,0.0,0.0
PF_0025108_01|205|7|2025-01-20,PF_0025108_01,0,0.0,0,0,0.0,0,0,0.0,0,0.0,0.0,0.0,0.0
PF_0025108_01|205|7|2025-01-25,PF_0025108_01,0,0.0,0,0,0.0,0,0,0.0,0,0.0,0.0,0.0,0.0
PF_0025108_01|205|7|2025-02-04,PF_0025108_01,0,0.0,0,0,0.0,0,0,0.0,0,0.0,0.0,0.0,0.0
PF_0025108_01|205|7|2025-02-10,PF_0025108_01,0,0.0,0,0,0.0,0,0,0.0,0,0.0,0.0,0.0,0.0
PF_0025108_01|205|7|2025-02-17,PF_0025108_01,0,0.0,0,0,0.0,0,0,0.0,0,0.0,0.0,0.0,0.0
PF_0025108_01|205|7|2025-02-24,PF_0025108_01,0,0.0,0,0,0.0,0,0,0.0,0,0.0,0.0,0.0,0.0
PF_0025108_01|205|7|2025-03-03,PF_0025108_01,0,0.0,0,0,0.0,0,0,0.0,0,0.0,0.0,0.0,0.0
PF_0025108_01|205|7|2025-03-10,PF_0025108_01,0,0.0,0,0,0.0,0,0,0.0,0,0.0,0.0,0.0,0.0
PF_0025108_01|205|7|2025-03-17,PF_0025108_01,0,0.0,0,0,0.0,0,0,0.0,0,0.0,0.0,0.0,0.0
PF_0025108_01|205|7|2025-03-25,PF_0025108_01,0,0.0,0,0,0.0,0,0,0.0,0,0.0,0.0,0.0,0.0
PF_0025108_01|205|7|2025-04-01,PF_0025108_01,0,0.0,0,0,0.0,0,0,0.0,0,0.0,0.0,0.0,0.0
PF_0025108_01|205|7|2025-04-07,PF_0025108_01,0,0.0,0,0,0.0,0,0,0.0,0,0.0,0.0,0.0,0.0
PF_0025108_01|205|7|2025-04-14,PF_0025108_01,0,0.0,0,0,0.0,0,0,0.0,0,0.0,0.0,0.0,0.0
PF_0025108_01|205|7|2025-04-21,PF_0025108_01,0,0.0,0,0,0.0,0,0,0.0,0,0.0,0.0,0.0,0.0
PF_0025108_01|205|7|2025-04-28,PF_0025108_01,0,0.0,0,0,0.0,0,0,0.0,0,0.0,0.0,0.0,0.0
PF_0025108_01|205|7|2025-05-23,PF_0025108_01,0,0.0,0,0,0.0,0,0,0.0,0,0.0,0.0,0.0,0.0
PF_0025108_01|205|7|2025-05-29,PF_0025108_01,0,0.0,0,0,0.0,0,0,0.0,0,0.0,0.0,0.0,0.0
PF_0025108_01|205|8|2024-09-30,PF_0025108_01,0,0.0,0,2016,1.0,0,2016,1.0,0,0.0,0.0,1.0,0.0
PF_0025108_01|205|8|2024-10-07,PF_0025108_01,0,0.0,0,2016,1.0,0,2016,1.0,0,0.0,0.0,1.0,0.0
PF_0025108_01|205|8|2024-10-14,PF_0025108_01,0,0.0,0,2016,1.0,0,2016,1.0,0,0.0,0.0,1.0,0.0
PF_0025108_01|205|8|2024-10-21,PF_0025108_01,0,0.0,0,2016,1.0,0,2016,1.0,0,0.0,0.0,1.0,0.0
PF_0025108_01|205|8|2024-10-28,PF_0025108_01,0,0.0,0,2016,1.0,0,2016,1.0,0,0.0,0.0,1.0,0.0
PF_0025108_01|205|8|2024-11-06,PF_0025108_01,0,0.0,0,2016,1.0,0,2016,1.0,0,0.0,0.0,1.0,0.0
PF_0025108_01|205|8|2024-11-11,PF_0025108_01,0,0.0,0,2016,1.0,0,2016,1.0,0,0.0,0.0,1.0,0.0
PF_0025108_01|205|8|2024-11-18,PF_0025108_01,0,0.0,0,2012,1.0,0,2012,1.0,0,0.0,0.0,1.0,0.0
PF_0025108_01|205|8|2024-11-25,PF_0025108_01,0,0.0,0,2016,1.0,0,2016,1.0,0,0.0,0.0,1.0,0.0
PF_0025108_01|205|8|2024-12-03,PF_0025108_01,0,0.0,0,186,0.14285714285714285,0,186,0.14285714285714285,0,0.0,0.0,0.14285714285714285,0.0
PF_0025108_01|205|8|2024-12-09,PF_0025108_01,0,0.0,0,0,0.0,0,0,0.0,0,0.0,0.0,0.0,0.0
PF_0025108_01|205|8|2024-12-17,PF_0025108_01,0,0.0,0,1728,0.8571428571428571,0,1728,0.8571428571428571,0,0.0,0.0,0.8571428571428571,0.0
PF_0025108_01|205|8|2024-12-23,PF_0025108_01,0,0.0,0,2016,1.0,0,2016,1.0,0,0.0,0.0,1.0,0.0
PF_0025108_01|205|8|2024-12-30,PF_0025108_01,0,0.0,0,415,0.2857142857142857,0,415,0.2857142857142857,0,0.0,0.0,0.2857142857142857,0.0
PF_0025108_01|205|8|2025-01-06,PF_0025108_01,0,0.0,0,0,0.0,0,0,0.0,0,0.0,0.0,0.0,0.0
PF_0025108_01|205|8|2025-01-13,PF_0025108_01,0,0.0,0,0,0.0,0,0,0.0,0,0.0,0.0,0.0,0.0
PF_0025108_01|205|8|2025-01-20,PF_0025108_01,0,0.0,0,0,0.0,0,0,0.0,0,0.0,0.0,0.0,0.0
PF_0025108_01|205|8|2025-01-25,PF_0025108_01,0,0.0,0,0,0.0,0,0,0.0,0,0.0,0.0,0.0,0.0
PF_0025108_01|205|8|2025-02-04,PF_0025108_01,0,0.0,0,0,0.0,0,0,0.0,0,0.0,0.0,0.0,0.0
PF_0025108_01|205|8|2025-02-10,PF_0025108_01,0,0.0,0,0,0.0,0,0,0.0,0,0.0,0.0,0.0,0.0
PF_0025108_01|205|8|2025-02-17,PF_0025108_01,0,0.0,0,0,0.0,0,0,0.0,0,0.0,0.0,0.0,0.0
PF_0025108_01|205|8|2025-02-24,PF_0025108_01,0,0.0,0,0,0.0,0,0,0.0,0,0.0,0.0,0.0,0.0
PF_0025108_01|205|8|2025-03-03,PF_0025108_01,0,0.0,0,0,0.0,0,0,0.0,0,0.0,0.0,0.0,0.0
PF_0025108_01|205|8|2025-03-10,PF_0025108_01,0,0.0,0,0,0.0,0,0,0.0,0,0.0,0.0,0.0,0.0
PF_0025108_01|205|8|2025-03-17,PF_0025108_01,0,0.0,0,0,0.0,0,0,0.0,0,0.0,0.0,0.0,0.0
PF_0025108_01|205|8|2025-03-25,PF_0025108_01,0,0.0,0,0,0.0,0,0,0.0,0,0.0,0.0,0.0,0.0
PF_0025108_01|205|8|2025-04-01,PF_0025108_01,0,0.0,0,0,0.0,0,0,0.0,0,0.0,0.0,0.0,0.0
PF_0025108_01|205|8|2025-04-07,PF_0025108_01,0,0.0,0,0,0.0,0,0,0.0,0,0.0,0.0,0.0,0.0
PF_0025108_01|205|8|2025-04-14,PF_0025108_01,0,0.0,0,0,0.0,0,0,0.0,0,0.0,0.0,0.0,0.0
PF_0025108_01|205|8|2025-04-21,PF_0025108_01,0,0.0,0,0,0.0,0,0,0.0,0,0.0,0.0,0.0,0.0
PF_0025108_01|205|8|2025-04-28,PF_0025108_01,0,0.0,0,0,0.0,0,0,0.0,0,0.0,0.0,0.0,0.0
PF_0025108_01|205|8|2025-05-23,PF_0025108_01,0,0.0,0,0,0.0,0,0,0.0,0,0.0,0.0,0.0,0.0
PF_0025108_01|205|8|2025-05-29,PF_0025108_01,0,0.0,0,0,0.0,0,0,0.0,0,0.0,0.0,0.0,0.0
PF_0025108_01|205|9|2024-09-30,PF_0025108_01,0,0.0,0,2016,1.0,0,2016,1.0,0,0.0,0.0,1.0,0.0
PF_0025108_01|205|9|2024-10-07,PF_0025108_01,0,0.0,0,2016,1.0,0,2016,1.0,0,0.0,0.0,1.0,0.0
PF_0025108_01|205|9|2024-10-14,PF_0025108_01,0,0.0,0,2016,1.0,0,2016,1.0,0,0.0,0.0,1.0,0.0
PF_0025108_01|205|9|2024-10-21,PF_0025108_01,0,0.0,0,2016,1.0,0,2016,1.0,0,0.0,0.0,1.0,0.0
PF_0025108_01|205|9|2024-10-28,PF_0025108_01,0,0.0,0,2016,1.0,0,2016,1.0,0,0.0,0.0,1.0,0.0
PF_0025108_01|205|9|2024-11-06,PF_0025108_01,0,0.0,0,2016,1.0,0,2016,1.0,0,0.0,0.0,1.0,0.0
PF_0025108_01|205|9|2024-11-11,PF_0025108_01,0,0.0,0,2016,1.0,0,2016,1.0,0,0.0,0.0,1.0,0.0
PF_0025108_01|205|9|2024-11-18,PF_0025108_01,0,0.0,0,2012,1.0,0,2012,1.0,0,0.0,0.0,1.0,0.0
PF_0025108_01|205|9|2024-11-25,PF_0025108_01,0,0.0,0,2016,1.0,0,2016,1.0,0,0.0,0.0,1.0,0.0
PF_0025108_01|205|9|2024-12-03,PF_0025108_01,0,0.0,0,186,0.14285714285714285,0,186,0.14285714285714285,0,0.0,0.0,0.14285714285714285,0.0
PF_0025108_01|205|9|2024-12-09,PF_0025108_01,0,0.0,0,0,0.0,0,0,0.0,0,0.0,0.0,0.0,0.0
PF_0025108_01|205|9|2024-12-17,PF_0025108_01,0,0.0,0,1728,0.8571428571428571,0,1728,0.8571428571428571,0,0.0,0.0,0.8571428571428571,0.0
PF_0025108_01|205|9|2024-12-23,PF_0025108_01,0,0.0,0,2016,1.0,0,2016,1.0,0,0.0,0.0,1.0,0.0
PF_0025108_01|205|9|2024-12-30,PF_0025108_01,0,0.0,0,415,0.2857142857142857,0,415,0.2857142857142857,0,0.0,0.0,0.2857142857142857,0.0
PF_0025108_01|205|9|2025-01-06,PF_0025108_01,0,0.0,0,0,0.0,0,0,0.0,0,0.0,0.0,0.0,0.0
PF_0025108_01|205|9|2025-01-13,PF_0025108_01,0,0.0,0,0,0.0,0,0,0.0,0,0.0,0.0,0.0,0.0
PF_0025108_01|205|9|2025-01-20,PF_0025108_01,0,0.0,0,0,0.0,0,0,0.0,0,0.0,0.0,0.0,0.0
PF_0025108_01|205|9|2025-01-25,PF_0025108_01,0,0.0,0,0,0.0,0,0,0.0,0,0.0,0.0,0.0,0.0
PF_0025108_01|205|9|2025-02-04,PF_0025108_01,0,0.0,0,0,0.0,0,0,0.0,0,0.0,0.0,0.0,0.0
PF_0025108_01|205|9|2025-02-10,PF_0025108_01,0,0.0,0,0,0.0,0,0,0.0,0,0.0,0.0,0.0,0.0
PF_0025108_01|205|9|2025-02-17,PF_0025108_01,0,0.0,0,0,0.0,0,0,0.0,0,0.0,0.0,0.0,0.0
PF_0025108_01|205|9|2025-02-24,PF_0025108_01,0,0.0,0,0,0.0,0,0,0.0,0,0.0,0.0,0.0,0.0
PF_0025108_01|205|9|2025-03-03,PF_0025108_01,0,0.0,0,0,0.0,0,0,0.0,0,0.0,0.0,0.0,0.0
PF_0025108_01|205|9|2025-03-10,PF_0025108_01,0,0.0,0,0,0.0,0,0,0.0,0,0.0,0.0,0.0,0.0
PF_0025108_01|205|9|2025-03-17,PF_0025108_01,0,0.0,0,0,0.0,0,0,0.0,0,0.0,0.0,0.0,0.0
PF_0025108_01|205|9|2025-03-25,PF_0025108_01,0,0.0,0,0,0.0,0,0,0.0,0,0.0,0.0,0.0,0.0
PF_0025108_01|205|9|2025-04-01,PF_0025108_01,0,0.0,0,0,0.0,0,0,0.0,0,0.0,0.0,0.0,0.0
PF_0025108_01|205|9|2025-04-07,PF_0025108_01,0,0.0,0,0,0.0,0,0,0.0,0,0.0,0.0,0.0,0.0
PF_0025108_01|205|9|2025-04-14,PF_0025108_01,0,0.0,0,0,0.0,0,0,0.0,0,0.0,0.0,0.0,0.0
PF_0025108_01|205|9|2025-04-21,PF_0025108_01,0,0.0,0,0,0.0,0,0,0.0,0,0.0,0.0,0.0,0.0
PF_0025108_01|205|9|2025-04-28,PF_0025108_01,0,0.0,0,0,0.0,0,0,0.0,0,0.0,0.0,0.0,0.0
PF_0025108_01|205|9|2025-05-23,PF_0025108_01,0,0.0,0,0,0.0,0,0,0.0,0,0.0,0.0,0.0,0.0
PF_0025108_01|206|1|2025-08-06,PF_0025108_01,0,0.0,0,0,0.0,0,0,0.0,0,0.0,0.0,0.0,0.0
PF_0025108_01|206|1|2025-08-13,PF_0025108_01,0,0.0,0,0,0.0,0,0,0.0,0,0.0,0.0,0.0,0.0
PF_0025108_01|206|1|2025-08-20,PF_0025108_01,0,0.0,0,0,0.0,0,0,0.0,0,0.0,0.0,0.0,0.0
PF_0025108_01|206|1|2025-09-03,PF_0025108_01,0,0.0,0,0,0.0,0,0,0.0,0,0.0,0.0,0.0,0.0
PF_0025108_01|206|1|2025-09-10,PF_0025108_01,0,0.0,0,0,0.0,0,0,0.0,0,0.0,0.0,0.0,0.0
PF_0025108_01|206|1|2025-09-17,PF_0025108_01,0,0.0,0,0,0.0,0,0,0.0,0,0.0,0.0,0.0,0.0
PF_0025108_01|206|1|2025-10-01,PF_0025108_01,0,0.0,0,0,0.0,0,0,0.0,0,0.0,0.0,0.0,0.0
PF_0025108_01|206|1|2025-10-08,PF_0025108_01,0,0.0,0,0,0.0,0,0,0.0,0,0.0,0.0,0.0,0.0
PF_0025108_01|206|2|2025-08-06,PF_0025108_01,0,0.0,0,0,0.0,0,0,0.0,0,0.0,0.0,0.0,0.0
PF_0025108_01|206|2|2025-08-13,PF_0025108_01,0,0.0,0,0,0.0,0,0,0.0,0,0.0,0.0,0.0,0.0
PF_0025108_01|206|2|2025-08-20,PF_0025108_01,0,0.0,0,0,0.0,0,0,0.0,0,0.0,0.0,0.0,0.0
PF_0025108_01|206|2|2025-09-03,PF_0025108_01,0,0.0,0,0,0.0,0,0,0.0,0,0.0,0.0,0.0,0.0
PF_0025108_01|206|2|2025-09-10,PF_0025108_01,0,0.0,0,0,0.0,0,0,0.0,0,0.0,0.0,0.0,0.0
PF_0025108_01|206|2|2025-09-17,PF_0025108_01,0,0.0,0,0,0.0,0,0,0.0,0,0.0,0.0,0.0,0.0
PF_0025108_01|206|2|2025-10-01,PF_0025108_01,0,0.0,0,0,0.0,0,0,0.0,0,0.0,0.0,0.0,0.0
PF_0025108_01|206|2|2025-10-08,PF_0025108_01,0,0.0,0,0,0.0,0,0,0.0,0,0.0,0.0,0.0,0.0
PF_0025108_01|206|3|2025-08-06,PF_0025108_01,0,0.0,0,0,0.0,0,0,0.0,0,0.0,0.0,0.0,0.0
PF_0025108_01|206|3|2025-08-13,PF_0025108_01,0,0.0,0,0,0.0,0,0,0.0,0,0.0,0.0,0.0,0.0
PF_0025108_01|206|3|2025-08-20,PF_0025108_01,0,0.0,0,0,0.0,0,0,0.0,0,0.0,0.0,0.0,0.0
PF_0025108_01|206|3|2025-09-03,PF_0025108_01,0,0.0,0,0,0.0,0,0,0.0,0,0.0,0.0,0.0,0.0
PF_0025108_01|206|3|2025-09-10,PF_0025108_01,0,0.0,0,0,0.0,0,0,0.0,0,0.0,0.0,0.0,0.0
PF_0025108_01|206|3|2025-09-17,PF_0025108_01,0,0.0,0,0,0.0,0,0,0.0,0,0.0,0.0,0.0,0.0
PF_0025108_01|206|3|2025-10-01,PF_0025108_01,0,0.0,0,0,0.0,0,0,0.0,0,0.0,0.0,0.0,0.0
PF_0025108_01|206|3|2025-10-08,PF_0025108_01,0,0.0,0,0,0.0,0,0,0.0,0,0.0,0.0,0.0,0.0
PF_0025108_01|206|4|2025-08-06,PF_0025108_01,0,0.0,0,0,0.0,0,0,0.0,0,0.0,0.0,0.0,0.0
PF_0025108_01|206|4|2025-08-13,PF_0025108_01,0,0.0,0,0,0.0,0,0,0.0,0,0.0,0.0,0.0,0.0
PF_0025108_01|206|4|2025-08-20,PF_0025108_01,0,0.0,0,0,0.0,0,0,0.0,0,0.0,0.0,0.0,0.0
PF_0025108_01|206|4|2025-09-03,PF_0025108_01,0,0.0,0,0,0.0,0,0,0.0,0,0.0,0.0,0.0,0.0
PF_0025108_01|206|4|2025-09-10,PF_0025108_01,0,0.0,0,0,0.0,0,0,0.0,0,0.0,0.0,0.0,0.0
PF_0025108_01|206|4|2025-09-17,PF_0025108_01,0,0.0,0,0,0.0,0,0,0.0,0,0.0,0.0,0.0,0.0
PF_0025108_01|206|4|2025-10-01,PF_0025108_01,0,0.0,0,0,0.0,0,0,0.0,0,0.0,0.0,0.0,0.0
PF_0025108_01|206|4|2025-10-08,PF_0025108_01,0,0.0,0,0,0.0,0,0,0.0,0,0.0,0.0,0.0,0.0
PF_0025108_01|206|5|2025-08-06,PF_0025108_01,0,0.0,0,0,0.0,0,0,0.0,0,0.0,0.0,0.0,0.0
PF_0025108_01|206|5|2025-08-13,PF_0025108_01,0,0.0,0,0,0.0,0,0,0.0,0,0.0,0.0,0.0,0.0
PF_0025108_01|206|5|2025-08-20,PF_0025108_01,0,0.0,0,0,0.0,0,0,0.0,0,0.0,0.0,0.0,0.0
PF_0025108_01|206|5|2025-09-03,PF_0025108_01,0,0.0,0,0,0.0,0,0,0.0,0,0.0,0.0,0.0,0.0
PF_0025108_01|206|5|2025-09-10,PF_0025108_01,0,0.0,0,0,0.0,0,0,0.0,0,0.0,0.0,0.0,0.0
PF_0025108_01|206|5|2025-09-17,PF_0025108_01,0,0.0,0,0,0.0,0,0,0.0,0,0.0,0.0,0.0,0.0
PF_0025108_01|206|5|2025-10-01,PF_0025108_01,0,0.0,0,0,0.0,0,0,0.0,0,0.0,0.0,0.0,0.0
PF_0025108_01|206|5|2025-10-08,PF_0025108_01,0,0.0,0,0,0.0,0,0,0.0,0,0.0,0.0,0.0,0.0
PF_0025108_01|206|6|2025-08-06,PF_0025108_01,0,0.0,0,0,0.0,0,0,0.0,0,0.0,0.0,0.0,0.0
PF_0025108_01|206|6|2025-08-13,PF_0025108_01,0,0.0,0,0,0.0,0,0,0.0,0,0.0,0.0,0.0,0.0
PF_0025108_01|206|6|2025-08-20,PF_0025108_01,0,0.0,0,0,0.0,0,0,0.0,0,0.0,0.0,0.0,0.0
PF_0025108_01|206|6|2025-09-03,PF_0025108_01,0,0.0,0,0,0.0,0,0,0.0,0,0.0,0.0,0.0,0.0
PF_0025108_01|206|6|2025-09-10,PF_0025108_01,0,0.0,0,0,0.0,0,0,0.0,0,0.0,0.0,0.0,0.0
PF_0025108_01|206|6|2025-09-17,PF_0025108_01,0,0.0,0,0,0.0,0,0,0.0,0,0.0,0.0,0.0,0.0
PF_0025108_01|206|6|2025-10-01,PF_0025108_01,0,0.0,0,0,0.0,0,0,0.0,0,0.0,0.0,0.0,0.0
PF_0025108_01|206|6|2025-10-08,PF_0025108_01,0,0.0,0,0,0.0,0,0,0.0,0,0.0,0.0,0.0,0.0
PF_0025108_01|206|7|2025-08-06,PF_0025108_01,0,0.0,0,0,0.0,0,0,0.0,0,0.0,0.0,0.0,0.0
PF_0025108_01|206|7|2025-08-13,PF_0025108_01,0,0.0,0,0,0.0,0,0,0.0,0,0.0,0.0,0.0,0.0
PF_0025108_01|206|7|2025-08-20,PF_0025108_01,0,0.0,0,0,0.0,0,0,0.0,0,0.0,0.0,0.0,0.0
PF_0025108_01|206|7|2025-09-03,PF_0025108_01,0,0.0,0,0,0.0,0,0,0.0,0,0.0,0.0,0.0,0.0
PF_0025108_01|206|7|2025-09-10,PF_0025108_01,0,0.0,0,0,0.0,0,0,0.0,0,0.0,0.0,0.0,0.0
PF_0025108_01|206|7|2025-09-17,PF_0025108_01,0,0.0,0,0,0.0,0,0,0.0,0,0.0,0.0,0.0,0.0
PF_0025108_01|206|7|2025-10-01,PF_0025108_01,0,0.0,0,0,0.0,0,0,0.0,0,0.0,0.0,0.0,0.0
PF_0025108_01|206|7|2025-10-08,PF_0025108_01,0,0.0,0,0,0.0,0,0,0.0,0,0.0,0.0,0.0,0.0
PF_0025108_01|206|8|2025-08-06,PF_0025108_01,0,0.0,0,0,0.0,0,0,0.0,0,0.0,0.0,0.0,0.0
PF_0025108_01|206|8|2025-08-13,PF_0025108_01,0,0.0,0,0,0.0,0,0,0.0,0,0.0,0.0,0.0,0.0
PF_0025108_01|206|8|2025-08-20,PF_0025108_01,0,0.0,0,0,0.0,0,0,0.0,0,0.0,0.0,0.0,0.0
PF_0025108_01|206|8|2025-09-03,PF_0025108_01,0,0.0,0,0,0.0,0,0,0.0,0,0.0,0.0,0.0,0.0
PF_0025108_01|206|8|2025-09-10,PF_0025108_01,0,0.0,0,0,0.0,0,0,0.0,0,0.0,0.0,0.0,0.0
PF_0025108_01|206|8|2025-09-17,PF_0025108_01,0,0.0,0,0,0.0,0,0,0.0,0,0.0,0.0,0.0,0.0
PF_0025108_01|206|8|2025-10-01,PF_0025108_01,0,0.0,0,0,0.0,0,0,0.0,0,0.0,0.0,0.0,0.0
PF_0025108_01|206|8|2025-10-08,PF_0025108_01,0,0.0,0,0,0.0,0,0,0.0,0,0.0,0.0,0.0,0.0
PF_0025108_01|206|9|2025-08-06,PF_0025108_01,0,0.0,0,0,0.0,0,0,0.0,0,0.0,0.0,0.0,0.0
PF_0025108_01|206|9|2025-08-13,PF_0025108_01,0,0.0,0,0,0.0,0,0,0.0,0,0.0,0.0,0.0,0.0
PF_0025108_01|206|9|2025-08-20,PF_0025108_01,0,0.0,0,0,0.0,0,0,0.0,0,0.0,0.0,0.0,0.0
PF_0025108_01|206|9|2025-09-03,PF_0025108_01,0,0.0,0,0,0.0,0,0,0.0,0,0.0,0.0,0.0,0.0
PF_0025108_01|206|9|2025-09-10,PF_0025108_01,0,0.0,0,0,0.0,0,0,0.0,0,0.0,0.0,0.0,0.0
PF_0025108_01|206|9|2025-09-17,PF_0025108_01,0,0.0,0,0,0.0,0,0,0.0,0,0.0,0.0,0.0,0.0
PF_0025108_01|206|9|2025-10-01,PF_0025108_01,0,0.0,0,0,0.0,0,0,0.0,0,0.0,0.0,0.0,0.0
PF_0025108_01|206|9|2025-10-08,PF_0025108_01,0,0.0,0,0,0.0,0,0,0.0,0,0.0,0.0,0.0,0.0
