check,passed,detail
scheduler_finished,True,
all_runs_successful,True,
no_duplicate_run_ids,True,
progress_matches,True,
tomato_first_complete,True,
tomato_first_index_matches_files,True,
tomato_first_all_group_model_pairs,True,
tomato_first_same_eval_rows,True,
tomato_first_five_validation_seeds,True,
tomato_first_train_hash,True,
tomato_first_train_unique_rows,True,
tomato_first_train_future_label,True,
tomato_first_validation_hash,True,
tomato_first_validation_unique_rows,True,
tomato_first_validation_future_label,True,
tomato_first_validation_facility_disjoint,True,
tomato_first_validation_poisson_seeds,True,
RUN_V2_f00686d8817fc08954af30aa_row_alignment,True,
RUN_V2_f00686d8817fc08954af30aa_raw_rmse,True,
RUN_V2_f00686d8817fc08954af30aa_raw_mae,True,
RUN_V2_f00686d8817fc08954af30aa_raw_r2,True,
RUN_V2_f00686d8817fc08954af30aa_raw_ccc,True,
RUN_V2_f00686d8817fc08954af30aa_bounded_rmse,True,
RUN_V2_f00686d8817fc08954af30aa_bounded_mae,True,
RUN_V2_f00686d8817fc08954af30aa_bounded_r2,True,
RUN_V2_f00686d8817fc08954af30aa_bounded_ccc,True,
RUN_V2_5a932b9246791cda5b1921aa_row_alignment,True,
RUN_V2_5a932b9246791cda5b1921aa_raw_rmse,True,
RUN_V2_5a932b9246791cda5b1921aa_raw_mae,True,
RUN_V2_5a932b9246791cda5b1921aa_raw_r2,True,
RUN_V2_5a932b9246791cda5b1921aa_raw_ccc,True,
RUN_V2_5a932b9246791cda5b1921aa_bounded_rmse,True,
RUN_V2_5a932b9246791cda5b1921aa_bounded_mae,True,
RUN_V2_5a932b9246791cda5b1921aa_bounded_r2,True,
RUN_V2_5a932b9246791cda5b1921aa_bounded_ccc,True,
RUN_V2_23cfeabe2ee9dc378ef045d3_row_alignment,True,
RUN_V2_23cfeabe2ee9dc378ef045d3_raw_rmse,True,
RUN_V2_23cfeabe2ee9dc378ef045d3_raw_mae,True,
RUN_V2_23cfeabe2ee9dc378ef045d3_raw_r2,True,
RUN_V2_23cfeabe2ee9dc378ef045d3_raw_ccc,True,
RUN_V2_23cfeabe2ee9dc378ef045d3_bounded_rmse,True,
RUN_V2_23cfeabe2ee9dc378ef045d3_bounded_mae,True,
RUN_V2_23cfeabe2ee9dc378ef045d3_bounded_r2,True,
RUN_V2_23cfeabe2ee9dc378ef045d3_bounded_ccc,True,
RUN_V2_debdf3d9ec06b2a016311576_row_alignment,True,
RUN_V2_debdf3d9ec06b2a016311576_raw_rmse,True,
RUN_V2_debdf3d9ec06b2a016311576_raw_mae,True,
RUN_V2_debdf3d9ec06b2a016311576_raw_r2,True,
RUN_V2_debdf3d9ec06b2a016311576_raw_ccc,True,
RUN_V2_debdf3d9ec06b2a016311576_bounded_rmse,True,
RUN_V2_debdf3d9ec06b2a016311576_bounded_mae,True,
RUN_V2_debdf3d9ec06b2a016311576_bounded_r2,True,
RUN_V2_debdf3d9ec06b2a016311576_bounded_ccc,True,
RUN_V2_7704f9eb538822b8a6e4018d_row_alignment,True,
RUN_V2_7704f9eb538822b8a6e4018d_raw_rmse,True,
RUN_V2_7704f9eb538822b8a6e4018d_raw_mae,True,
RUN_V2_7704f9eb538822b8a6e4018d_raw_r2,True,
RUN_V2_7704f9eb538822b8a6e4018d_raw_ccc,True,
RUN_V2_7704f9eb538822b8a6e4018d_bounded_rmse,True,
RUN_V2_7704f9eb538822b8a6e4018d_bounded_mae,True,
RUN_V2_7704f9eb538822b8a6e4018d_bounded_r2,True,
RUN_V2_7704f9eb538822b8a6e4018d_bounded_ccc,True,
tomato_first_validation_random_forest_seeds,True,
RUN_V2_e128f510ec94796e91afd9c3_row_alignment,True,
RUN_V2_e128f510ec94796e91afd9c3_raw_rmse,True,
RUN_V2_e128f510ec94796e91afd9c3_raw_mae,True,
RUN_V2_e128f510ec94796e91afd9c3_raw_r2,True,
RUN_V2_e128f510ec94796e91afd9c3_raw_ccc,True,
RUN_V2_e128f510ec94796e91afd9c3_bounded_rmse,True,
RUN_V2_e128f510ec94796e91afd9c3_bounded_mae,True,
RUN_V2_e128f510ec94796e91afd9c3_bounded_r2,True,
RUN_V2_e128f510ec94796e91afd9c3_bounded_ccc,True,
RUN_V2_915b9868ea54ccf2bec5d139_row_alignment,True,
RUN_V2_915b9868ea54ccf2bec5d139_raw_rmse,True,
RUN_V2_915b9868ea54ccf2bec5d139_raw_mae,True,
RUN_V2_915b9868ea54ccf2bec5d139_raw_r2,True,
RUN_V2_915b9868ea54ccf2bec5d139_raw_ccc,True,
RUN_V2_915b9868ea54ccf2bec5d139_bounded_rmse,True,
RUN_V2_915b9868ea54ccf2bec5d139_bounded_mae,True,
RUN_V2_915b9868ea54ccf2bec5d139_bounded_r2,True,
RUN_V2_915b9868ea54ccf2bec5d139_bounded_ccc,True,
RUN_V2_ce956ddc3244823aecf325bc_row_alignment,True,
RUN_V2_ce956ddc3244823aecf325bc_raw_rmse,True,
RUN_V2_ce956ddc3244823aecf325bc_raw_mae,True,
RUN_V2_ce956ddc3244823aecf325bc_raw_r2,True,
RUN_V2_ce956ddc3244823aecf325bc_raw_ccc,True,
RUN_V2_ce956ddc3244823aecf325bc_bounded_rmse,True,
RUN_V2_ce956ddc3244823aecf325bc_bounded_mae,True,
RUN_V2_ce956ddc3244823aecf325bc_bounded_r2,True,
RUN_V2_ce956ddc3244823aecf325bc_bounded_ccc,True,
RUN_V2_95a6e97c74891d9b1d5d70c9_row_alignment,True,
RUN_V2_95a6e97c74891d9b1d5d70c9_raw_rmse,True,
RUN_V2_95a6e97c74891d9b1d5d70c9_raw_mae,True,
RUN_V2_95a6e97c74891d9b1d5d70c9_raw_r2,True,
RUN_V2_95a6e97c74891d9b1d5d70c9_raw_ccc,True,
RUN_V2_95a6e97c74891d9b1d5d70c9_bounded_rmse,True,
RUN_V2_95a6e97c74891d9b1d5d70c9_bounded_mae,True,
RUN_V2_95a6e97c74891d9b1d5d70c9_bounded_r2,True,
RUN_V2_95a6e97c74891d9b1d5d70c9_bounded_ccc,True,
RUN_V2_f53a5ac719a75e0c3d05f00d_row_alignment,True,
RUN_V2_f53a5ac719a75e0c3d05f00d_raw_rmse,True,
RUN_V2_f53a5ac719a75e0c3d05f00d_raw_mae,True,
RUN_V2_f53a5ac719a75e0c3d05f00d_raw_r2,True,
RUN_V2_f53a5ac719a75e0c3d05f00d_raw_ccc,True,
RUN_V2_f53a5ac719a75e0c3d05f00d_bounded_rmse,True,
RUN_V2_f53a5ac719a75e0c3d05f00d_bounded_mae,True,
RUN_V2_f53a5ac719a75e0c3d05f00d_bounded_r2,True,
RUN_V2_f53a5ac719a75e0c3d05f00d_bounded_ccc,True,
tomato_first_validation_catboost_seeds,True,
RUN_V2_b9341efc13f8fa900a5d93eb_row_alignment,True,
RUN_V2_b9341efc13f8fa900a5d93eb_raw_rmse,True,
RUN_V2_b9341efc13f8fa900a5d93eb_raw_mae,True,
RUN_V2_b9341efc13f8fa900a5d93eb_raw_r2,True,
RUN_V2_b9341efc13f8fa900a5d93eb_raw_ccc,True,
RUN_V2_b9341efc13f8fa900a5d93eb_bounded_rmse,True,
RUN_V2_b9341efc13f8fa900a5d93eb_bounded_mae,True,
RUN_V2_b9341efc13f8fa900a5d93eb_bounded_r2,True,
RUN_V2_b9341efc13f8fa900a5d93eb_bounded_ccc,True,
RUN_V2_842caf8ebcb0c152bbb50f6a_row_alignment,True,
RUN_V2_842caf8ebcb0c152bbb50f6a_raw_rmse,True,
RUN_V2_842caf8ebcb0c152bbb50f6a_raw_mae,True,
RUN_V2_842caf8ebcb0c152bbb50f6a_raw_r2,True,
RUN_V2_842caf8ebcb0c152bbb50f6a_raw_ccc,True,
RUN_V2_842caf8ebcb0c152bbb50f6a_bounded_rmse,True,
RUN_V2_842caf8ebcb0c152bbb50f6a_bounded_mae,True,
RUN_V2_842caf8ebcb0c152bbb50f6a_bounded_r2,True,
RUN_V2_842caf8ebcb0c152bbb50f6a_bounded_ccc,True,
RUN_V2_bf2eef8bfb5d101152bb7a72_row_alignment,True,
RUN_V2_bf2eef8bfb5d101152bb7a72_raw_rmse,True,
RUN_V2_bf2eef8bfb5d101152bb7a72_raw_mae,True,
RUN_V2_bf2eef8bfb5d101152bb7a72_raw_r2,True,
RUN_V2_bf2eef8bfb5d101152bb7a72_raw_ccc,True,
RUN_V2_bf2eef8bfb5d101152bb7a72_bounded_rmse,True,
RUN_V2_bf2eef8bfb5d101152bb7a72_bounded_mae,True,
RUN_V2_bf2eef8bfb5d101152bb7a72_bounded_r2,True,
RUN_V2_bf2eef8bfb5d101152bb7a72_bounded_ccc,True,
RUN_V2_776c41ca995c364d36038876_row_alignment,True,
RUN_V2_776c41ca995c364d36038876_raw_rmse,True,
RUN_V2_776c41ca995c364d36038876_raw_mae,True,
RUN_V2_776c41ca995c364d36038876_raw_r2,True,
RUN_V2_776c41ca995c364d36038876_raw_ccc,True,
RUN_V2_776c41ca995c364d36038876_bounded_rmse,True,
RUN_V2_776c41ca995c364d36038876_bounded_mae,True,
RUN_V2_776c41ca995c364d36038876_bounded_r2,True,
RUN_V2_776c41ca995c364d36038876_bounded_ccc,True,
RUN_V2_6715e3e5d5e2cabc9efeb932_row_alignment,True,
RUN_V2_6715e3e5d5e2cabc9efeb932_raw_rmse,True,
RUN_V2_6715e3e5d5e2cabc9efeb932_raw_mae,True,
RUN_V2_6715e3e5d5e2cabc9efeb932_raw_r2,True,
RUN_V2_6715e3e5d5e2cabc9efeb932_raw_ccc,True,
RUN_V2_6715e3e5d5e2cabc9efeb932_bounded_rmse,True,
RUN_V2_6715e3e5d5e2cabc9efeb932_bounded_mae,True,
RUN_V2_6715e3e5d5e2cabc9efeb932_bounded_r2,True,
RUN_V2_6715e3e5d5e2cabc9efeb932_bounded_ccc,True,
tomato_first_validation_mlp_seeds,True,
RUN_V2_9676228fd8a56ce9517c9dda_row_alignment,True,
RUN_V2_9676228fd8a56ce9517c9dda_raw_rmse,True,
RUN_V2_9676228fd8a56ce9517c9dda_raw_mae,True,
RUN_V2_9676228fd8a56ce9517c9dda_raw_r2,True,
RUN_V2_9676228fd8a56ce9517c9dda_raw_ccc,True,
RUN_V2_9676228fd8a56ce9517c9dda_bounded_rmse,True,
RUN_V2_9676228fd8a56ce9517c9dda_bounded_mae,True,
RUN_V2_9676228fd8a56ce9517c9dda_bounded_r2,True,
RUN_V2_9676228fd8a56ce9517c9dda_bounded_ccc,True,
RUN_V2_8eea62e7dfcf770b617ebce7_row_alignment,True,
RUN_V2_8eea62e7dfcf770b617ebce7_raw_rmse,True,
RUN_V2_8eea62e7dfcf770b617ebce7_raw_mae,True,
RUN_V2_8eea62e7dfcf770b617ebce7_raw_r2,True,
RUN_V2_8eea62e7dfcf770b617ebce7_raw_ccc,True,
RUN_V2_8eea62e7dfcf770b617ebce7_bounded_rmse,True,
RUN_V2_8eea62e7dfcf770b617ebce7_bounded_mae,True,
RUN_V2_8eea62e7dfcf770b617ebce7_bounded_r2,True,
RUN_V2_8eea62e7dfcf770b617ebce7_bounded_ccc,True,
RUN_V2_7dfcf6bdbd847aff12294d54_row_alignment,True,
RUN_V2_7dfcf6bdbd847aff12294d54_raw_rmse,True,
RUN_V2_7dfcf6bdbd847aff12294d54_raw_mae,True,
RUN_V2_7dfcf6bdbd847aff12294d54_raw_r2,True,
RUN_V2_7dfcf6bdbd847aff12294d54_raw_ccc,True,
RUN_V2_7dfcf6bdbd847aff12294d54_bounded_rmse,True,
RUN_V2_7dfcf6bdbd847aff12294d54_bounded_mae,True,
RUN_V2_7dfcf6bdbd847aff12294d54_bounded_r2,True,
RUN_V2_7dfcf6bdbd847aff12294d54_bounded_ccc,True,
RUN_V2_be14c0763ae344578c6ff2f9_row_alignment,True,
RUN_V2_be14c0763ae344578c6ff2f9_raw_rmse,True,
RUN_V2_be14c0763ae344578c6ff2f9_raw_mae,True,
RUN_V2_be14c0763ae344578c6ff2f9_raw_r2,True,
RUN_V2_be14c0763ae344578c6ff2f9_raw_ccc,True,
RUN_V2_be14c0763ae344578c6ff2f9_bounded_rmse,True,
RUN_V2_be14c0763ae344578c6ff2f9_bounded_mae,True,
RUN_V2_be14c0763ae344578c6ff2f9_bounded_r2,True,
RUN_V2_be14c0763ae344578c6ff2f9_bounded_ccc,True,
RUN_V2_983c238f10e9f2a0503055b9_row_alignment,True,
RUN_V2_983c238f10e9f2a0503055b9_raw_rmse,True,
RUN_V2_983c238f10e9f2a0503055b9_raw_mae,True,
RUN_V2_983c238f10e9f2a0503055b9_raw_r2,True,
RUN_V2_983c238f10e9f2a0503055b9_raw_ccc,True,
RUN_V2_983c238f10e9f2a0503055b9_bounded_rmse,True,
RUN_V2_983c238f10e9f2a0503055b9_bounded_mae,True,
RUN_V2_983c238f10e9f2a0503055b9_bounded_r2,True,
RUN_V2_983c238f10e9f2a0503055b9_bounded_ccc,True,
tomato_first_validation_tabm_seeds,True,
RUN_V2_bb98c3c39989f7b589a95208_row_alignment,True,
RUN_V2_bb98c3c39989f7b589a95208_raw_rmse,True,
RUN_V2_bb98c3c39989f7b589a95208_raw_mae,True,
RUN_V2_bb98c3c39989f7b589a95208_raw_r2,True,
RUN_V2_bb98c3c39989f7b589a95208_raw_ccc,True,
RUN_V2_bb98c3c39989f7b589a95208_bounded_rmse,True,
RUN_V2_bb98c3c39989f7b589a95208_bounded_mae,True,
RUN_V2_bb98c3c39989f7b589a95208_bounded_r2,True,
RUN_V2_bb98c3c39989f7b589a95208_bounded_ccc,True,
RUN_V2_2d48fd319efc5f8b002cd175_row_alignment,True,
RUN_V2_2d48fd319efc5f8b002cd175_raw_rmse,True,
RUN_V2_2d48fd319efc5f8b002cd175_raw_mae,True,
RUN_V2_2d48fd319efc5f8b002cd175_raw_r2,True,
RUN_V2_2d48fd319efc5f8b002cd175_raw_ccc,True,
RUN_V2_2d48fd319efc5f8b002cd175_bounded_rmse,True,
RUN_V2_2d48fd319efc5f8b002cd175_bounded_mae,True,
RUN_V2_2d48fd319efc5f8b002cd175_bounded_r2,True,
RUN_V2_2d48fd319efc5f8b002cd175_bounded_ccc,True,
RUN_V2_71db1a9bc620c60200acfa61_row_alignment,True,
RUN_V2_71db1a9bc620c60200acfa61_raw_rmse,True,
RUN_V2_71db1a9bc620c60200acfa61_raw_mae,True,
RUN_V2_71db1a9bc620c60200acfa61_raw_r2,True,
RUN_V2_71db1a9bc620c60200acfa61_raw_ccc,True,
RUN_V2_71db1a9bc620c60200acfa61_bounded_rmse,True,
RUN_V2_71db1a9bc620c60200acfa61_bounded_mae,True,
RUN_V2_71db1a9bc620c60200acfa61_bounded_r2,True,
RUN_V2_71db1a9bc620c60200acfa61_bounded_ccc,True,
RUN_V2_4c4e2474759a8073f284db04_row_alignment,True,
RUN_V2_4c4e2474759a8073f284db04_raw_rmse,True,
RUN_V2_4c4e2474759a8073f284db04_raw_mae,True,
RUN_V2_4c4e2474759a8073f284db04_raw_r2,True,
RUN_V2_4c4e2474759a8073f284db04_raw_ccc,True,
RUN_V2_4c4e2474759a8073f284db04_bounded_rmse,True,
RUN_V2_4c4e2474759a8073f284db04_bounded_mae,True,
RUN_V2_4c4e2474759a8073f284db04_bounded_r2,True,
RUN_V2_4c4e2474759a8073f284db04_bounded_ccc,True,
RUN_V2_22e1983f8b84403b4b420ddf_row_alignment,True,
RUN_V2_22e1983f8b84403b4b420ddf_raw_rmse,True,
RUN_V2_22e1983f8b84403b4b420ddf_raw_mae,True,
RUN_V2_22e1983f8b84403b4b420ddf_raw_r2,True,
RUN_V2_22e1983f8b84403b4b420ddf_raw_ccc,True,
RUN_V2_22e1983f8b84403b4b420ddf_bounded_rmse,True,
RUN_V2_22e1983f8b84403b4b420ddf_bounded_mae,True,
RUN_V2_22e1983f8b84403b4b420ddf_bounded_r2,True,
RUN_V2_22e1983f8b84403b4b420ddf_bounded_ccc,True,
tomato_first_validation_tft_seeds,True,
RUN_V2_bc8bd23401c19703ab02b80b_row_alignment,True,
RUN_V2_bc8bd23401c19703ab02b80b_raw_rmse,True,
RUN_V2_bc8bd23401c19703ab02b80b_raw_mae,True,
RUN_V2_bc8bd23401c19703ab02b80b_raw_r2,True,
RUN_V2_bc8bd23401c19703ab02b80b_raw_ccc,True,
RUN_V2_bc8bd23401c19703ab02b80b_bounded_rmse,True,
RUN_V2_bc8bd23401c19703ab02b80b_bounded_mae,True,
RUN_V2_bc8bd23401c19703ab02b80b_bounded_r2,True,
RUN_V2_bc8bd23401c19703ab02b80b_bounded_ccc,True,
RUN_V2_ab5c0c48dd6db4c16dbe516c_row_alignment,True,
RUN_V2_ab5c0c48dd6db4c16dbe516c_raw_rmse,True,
RUN_V2_ab5c0c48dd6db4c16dbe516c_raw_mae,True,
RUN_V2_ab5c0c48dd6db4c16dbe516c_raw_r2,True,
RUN_V2_ab5c0c48dd6db4c16dbe516c_raw_ccc,True,
RUN_V2_ab5c0c48dd6db4c16dbe516c_bounded_rmse,True,
RUN_V2_ab5c0c48dd6db4c16dbe516c_bounded_mae,True,
RUN_V2_ab5c0c48dd6db4c16dbe516c_bounded_r2,True,
RUN_V2_ab5c0c48dd6db4c16dbe516c_bounded_ccc,True,
RUN_V2_45c1dc966b4b0a33796e3276_row_alignment,True,
RUN_V2_45c1dc966b4b0a33796e3276_raw_rmse,True,
RUN_V2_45c1dc966b4b0a33796e3276_raw_mae,True,
RUN_V2_45c1dc966b4b0a33796e3276_raw_r2,True,
RUN_V2_45c1dc966b4b0a33796e3276_raw_ccc,True,
RUN_V2_45c1dc966b4b0a33796e3276_bounded_rmse,True,
RUN_V2_45c1dc966b4b0a33796e3276_bounded_mae,True,
RUN_V2_45c1dc966b4b0a33796e3276_bounded_r2,True,
RUN_V2_45c1dc966b4b0a33796e3276_bounded_ccc,True,
RUN_V2_53247e28c04479557a07eab3_row_alignment,True,
RUN_V2_53247e28c04479557a07eab3_raw_rmse,True,
RUN_V2_53247e28c04479557a07eab3_raw_mae,True,
RUN_V2_53247e28c04479557a07eab3_raw_r2,True,
RUN_V2_53247e28c04479557a07eab3_raw_ccc,True,
RUN_V2_53247e28c04479557a07eab3_bounded_rmse,True,
RUN_V2_53247e28c04479557a07eab3_bounded_mae,True,
RUN_V2_53247e28c04479557a07eab3_bounded_r2,True,
RUN_V2_53247e28c04479557a07eab3_bounded_ccc,True,
RUN_V2_2344efd7e9cd014035b52baf_row_alignment,True,
RUN_V2_2344efd7e9cd014035b52baf_raw_rmse,True,
RUN_V2_2344efd7e9cd014035b52baf_raw_mae,True,
RUN_V2_2344efd7e9cd014035b52baf_raw_r2,True,
RUN_V2_2344efd7e9cd014035b52baf_raw_ccc,True,
RUN_V2_2344efd7e9cd014035b52baf_bounded_rmse,True,
RUN_V2_2344efd7e9cd014035b52baf_bounded_mae,True,
RUN_V2_2344efd7e9cd014035b52baf_bounded_r2,True,
RUN_V2_2344efd7e9cd014035b52baf_bounded_ccc,True,
tomato_first_validation_persistence_seeds,True,
RUN_V2_4eb9be5b8c4b919305fd3344_row_alignment,True,
RUN_V2_4eb9be5b8c4b919305fd3344_raw_rmse,True,
RUN_V2_4eb9be5b8c4b919305fd3344_raw_mae,True,
RUN_V2_4eb9be5b8c4b919305fd3344_raw_r2,True,
RUN_V2_4eb9be5b8c4b919305fd3344_raw_ccc,True,
RUN_V2_4eb9be5b8c4b919305fd3344_bounded_rmse,True,
RUN_V2_4eb9be5b8c4b919305fd3344_bounded_mae,True,
RUN_V2_4eb9be5b8c4b919305fd3344_bounded_r2,True,
RUN_V2_4eb9be5b8c4b919305fd3344_bounded_ccc,True,
tomato_first_test_hash,True,
tomato_first_test_unique_rows,True,
tomato_first_test_future_label,True,
tomato_first_test_facility_disjoint,True,
tomato_first_val_test_disjoint,True,
tomato_first_test_poisson_seeds,True,
RUN_V2_fb2d8220903b687b19e30545_row_alignment,True,
RUN_V2_fb2d8220903b687b19e30545_raw_rmse,True,
RUN_V2_fb2d8220903b687b19e30545_raw_mae,True,
RUN_V2_fb2d8220903b687b19e30545_raw_r2,True,
RUN_V2_fb2d8220903b687b19e30545_raw_ccc,True,
RUN_V2_fb2d8220903b687b19e30545_bounded_rmse,True,
RUN_V2_fb2d8220903b687b19e30545_bounded_mae,True,
RUN_V2_fb2d8220903b687b19e30545_bounded_r2,True,
RUN_V2_fb2d8220903b687b19e30545_bounded_ccc,True,
RUN_V2_48c50c28e966fd824476fb10_row_alignment,True,
RUN_V2_48c50c28e966fd824476fb10_raw_rmse,True,
RUN_V2_48c50c28e966fd824476fb10_raw_mae,True,
RUN_V2_48c50c28e966fd824476fb10_raw_r2,True,
RUN_V2_48c50c28e966fd824476fb10_raw_ccc,True,
RUN_V2_48c50c28e966fd824476fb10_bounded_rmse,True,
RUN_V2_48c50c28e966fd824476fb10_bounded_mae,True,
RUN_V2_48c50c28e966fd824476fb10_bounded_r2,True,
RUN_V2_48c50c28e966fd824476fb10_bounded_ccc,True,
RUN_V2_ec5cb76dffb684d7b09e1608_row_alignment,True,
RUN_V2_ec5cb76dffb684d7b09e1608_raw_rmse,True,
RUN_V2_ec5cb76dffb684d7b09e1608_raw_mae,True,
RUN_V2_ec5cb76dffb684d7b09e1608_raw_r2,True,
RUN_V2_ec5cb76dffb684d7b09e1608_raw_ccc,True,
RUN_V2_ec5cb76dffb684d7b09e1608_bounded_rmse,True,
RUN_V2_ec5cb76dffb684d7b09e1608_bounded_mae,True,
RUN_V2_ec5cb76dffb684d7b09e1608_bounded_r2,True,
RUN_V2_ec5cb76dffb684d7b09e1608_bounded_ccc,True,
RUN_V2_d33bf184c3b0570b0f6467c0_row_alignment,True,
RUN_V2_d33bf184c3b0570b0f6467c0_raw_rmse,True,
RUN_V2_d33bf184c3b0570b0f6467c0_raw_mae,True,
RUN_V2_d33bf184c3b0570b0f6467c0_raw_r2,True,
RUN_V2_d33bf184c3b0570b0f6467c0_raw_ccc,True,
RUN_V2_d33bf184c3b0570b0f6467c0_bounded_rmse,True,
RUN_V2_d33bf184c3b0570b0f6467c0_bounded_mae,True,
RUN_V2_d33bf184c3b0570b0f6467c0_bounded_r2,True,
RUN_V2_d33bf184c3b0570b0f6467c0_bounded_ccc,True,
RUN_V2_091ad5eb2aa4f075719c3031_row_alignment,True,
RUN_V2_091ad5eb2aa4f075719c3031_raw_rmse,True,
RUN_V2_091ad5eb2aa4f075719c3031_raw_mae,True,
RUN_V2_091ad5eb2aa4f075719c3031_raw_r2,True,
RUN_V2_091ad5eb2aa4f075719c3031_raw_ccc,True,
RUN_V2_091ad5eb2aa4f075719c3031_bounded_rmse,True,
RUN_V2_091ad5eb2aa4f075719c3031_bounded_mae,True,
RUN_V2_091ad5eb2aa4f075719c3031_bounded_r2,True,
RUN_V2_091ad5eb2aa4f075719c3031_bounded_ccc,True,
tomato_first_test_random_forest_seeds,True,
RUN_V2_36643cdd1705171c3a174d2c_row_alignment,True,
RUN_V2_36643cdd1705171c3a174d2c_raw_rmse,True,
RUN_V2_36643cdd1705171c3a174d2c_raw_mae,True,
RUN_V2_36643cdd1705171c3a174d2c_raw_r2,True,
RUN_V2_36643cdd1705171c3a174d2c_raw_ccc,True,
RUN_V2_36643cdd1705171c3a174d2c_bounded_rmse,True,
RUN_V2_36643cdd1705171c3a174d2c_bounded_mae,True,
RUN_V2_36643cdd1705171c3a174d2c_bounded_r2,True,
RUN_V2_36643cdd1705171c3a174d2c_bounded_ccc,True,
RUN_V2_2ec724c82a8a0245fb70d5e4_row_alignment,True,
RUN_V2_2ec724c82a8a0245fb70d5e4_raw_rmse,True,
RUN_V2_2ec724c82a8a0245fb70d5e4_raw_mae,True,
RUN_V2_2ec724c82a8a0245fb70d5e4_raw_r2,True,
RUN_V2_2ec724c82a8a0245fb70d5e4_raw_ccc,True,
RUN_V2_2ec724c82a8a0245fb70d5e4_bounded_rmse,True,
RUN_V2_2ec724c82a8a0245fb70d5e4_bounded_mae,True,
RUN_V2_2ec724c82a8a0245fb70d5e4_bounded_r2,True,
RUN_V2_2ec724c82a8a0245fb70d5e4_bounded_ccc,True,
RUN_V2_5278fd8d4fda45b207561b85_row_alignment,True,
RUN_V2_5278fd8d4fda45b207561b85_raw_rmse,True,
RUN_V2_5278fd8d4fda45b207561b85_raw_mae,True,
RUN_V2_5278fd8d4fda45b207561b85_raw_r2,True,
RUN_V2_5278fd8d4fda45b207561b85_raw_ccc,True,
RUN_V2_5278fd8d4fda45b207561b85_bounded_rmse,True,
RUN_V2_5278fd8d4fda45b207561b85_bounded_mae,True,
RUN_V2_5278fd8d4fda45b207561b85_bounded_r2,True,
RUN_V2_5278fd8d4fda45b207561b85_bounded_ccc,True,
RUN_V2_bdbc4ae6804c8f64115b7af4_row_alignment,True,
RUN_V2_bdbc4ae6804c8f64115b7af4_raw_rmse,True,
RUN_V2_bdbc4ae6804c8f64115b7af4_raw_mae,True,
RUN_V2_bdbc4ae6804c8f64115b7af4_raw_r2,True,
RUN_V2_bdbc4ae6804c8f64115b7af4_raw_ccc,True,
RUN_V2_bdbc4ae6804c8f64115b7af4_bounded_rmse,True,
RUN_V2_bdbc4ae6804c8f64115b7af4_bounded_mae,True,
RUN_V2_bdbc4ae6804c8f64115b7af4_bounded_r2,True,
RUN_V2_bdbc4ae6804c8f64115b7af4_bounded_ccc,True,
RUN_V2_5373e030b9d0037aeec34fb8_row_alignment,True,
RUN_V2_5373e030b9d0037aeec34fb8_raw_rmse,True,
RUN_V2_5373e030b9d0037aeec34fb8_raw_mae,True,
RUN_V2_5373e030b9d0037aeec34fb8_raw_r2,True,
RUN_V2_5373e030b9d0037aeec34fb8_raw_ccc,True,
RUN_V2_5373e030b9d0037aeec34fb8_bounded_rmse,True,
RUN_V2_5373e030b9d0037aeec34fb8_bounded_mae,True,
RUN_V2_5373e030b9d0037aeec34fb8_bounded_r2,True,
RUN_V2_5373e030b9d0037aeec34fb8_bounded_ccc,True,
tomato_first_test_catboost_seeds,True,
RUN_V2_9b47e483650595cfd948cee4_row_alignment,True,
RUN_V2_9b47e483650595cfd948cee4_raw_rmse,True,
RUN_V2_9b47e483650595cfd948cee4_raw_mae,True,
RUN_V2_9b47e483650595cfd948cee4_raw_r2,True,
RUN_V2_9b47e483650595cfd948cee4_raw_ccc,True,
RUN_V2_9b47e483650595cfd948cee4_bounded_rmse,True,
RUN_V2_9b47e483650595cfd948cee4_bounded_mae,True,
RUN_V2_9b47e483650595cfd948cee4_bounded_r2,True,
RUN_V2_9b47e483650595cfd948cee4_bounded_ccc,True,
RUN_V2_edad75b17d9af52f3de32524_row_alignment,True,
RUN_V2_edad75b17d9af52f3de32524_raw_rmse,True,
RUN_V2_edad75b17d9af52f3de32524_raw_mae,True,
RUN_V2_edad75b17d9af52f3de32524_raw_r2,True,
RUN_V2_edad75b17d9af52f3de32524_raw_ccc,True,
RUN_V2_edad75b17d9af52f3de32524_bounded_rmse,True,
RUN_V2_edad75b17d9af52f3de32524_bounded_mae,True,
RUN_V2_edad75b17d9af52f3de32524_bounded_r2,True,
RUN_V2_edad75b17d9af52f3de32524_bounded_ccc,True,
RUN_V2_3fd35a725c065a9cb5f80a2c_row_alignment,True,
RUN_V2_3fd35a725c065a9cb5f80a2c_raw_rmse,True,
RUN_V2_3fd35a725c065a9cb5f80a2c_raw_mae,True,
RUN_V2_3fd35a725c065a9cb5f80a2c_raw_r2,True,
RUN_V2_3fd35a725c065a9cb5f80a2c_raw_ccc,True,
RUN_V2_3fd35a725c065a9cb5f80a2c_bounded_rmse,True,
RUN_V2_3fd35a725c065a9cb5f80a2c_bounded_mae,True,
RUN_V2_3fd35a725c065a9cb5f80a2c_bounded_r2,True,
RUN_V2_3fd35a725c065a9cb5f80a2c_bounded_ccc,True,
RUN_V2_5276e51cdfbd46e89f0d341b_row_alignment,True,
RUN_V2_5276e51cdfbd46e89f0d341b_raw_rmse,True,
RUN_V2_5276e51cdfbd46e89f0d341b_raw_mae,True,
RUN_V2_5276e51cdfbd46e89f0d341b_raw_r2,True,
RUN_V2_5276e51cdfbd46e89f0d341b_raw_ccc,True,
RUN_V2_5276e51cdfbd46e89f0d341b_bounded_rmse,True,
RUN_V2_5276e51cdfbd46e89f0d341b_bounded_mae,True,
RUN_V2_5276e51cdfbd46e89f0d341b_bounded_r2,True,
RUN_V2_5276e51cdfbd46e89f0d341b_bounded_ccc,True,
RUN_V2_8aa8be082612787dc94fe00a_row_alignment,True,
RUN_V2_8aa8be082612787dc94fe00a_raw_rmse,True,
RUN_V2_8aa8be082612787dc94fe00a_raw_mae,True,
RUN_V2_8aa8be082612787dc94fe00a_raw_r2,True,
RUN_V2_8aa8be082612787dc94fe00a_raw_ccc,True,
RUN_V2_8aa8be082612787dc94fe00a_bounded_rmse,True,
RUN_V2_8aa8be082612787dc94fe00a_bounded_mae,True,
RUN_V2_8aa8be082612787dc94fe00a_bounded_r2,True,
RUN_V2_8aa8be082612787dc94fe00a_bounded_ccc,True,
tomato_first_test_mlp_seeds,True,
RUN_V2_a39bb94bc21557f9098996b5_row_alignment,True,
RUN_V2_a39bb94bc21557f9098996b5_raw_rmse,True,
RUN_V2_a39bb94bc21557f9098996b5_raw_mae,True,
RUN_V2_a39bb94bc21557f9098996b5_raw_r2,True,
RUN_V2_a39bb94bc21557f9098996b5_raw_ccc,True,
RUN_V2_a39bb94bc21557f9098996b5_bounded_rmse,True,
RUN_V2_a39bb94bc21557f9098996b5_bounded_mae,True,
RUN_V2_a39bb94bc21557f9098996b5_bounded_r2,True,
RUN_V2_a39bb94bc21557f9098996b5_bounded_ccc,True,
RUN_V2_642c48f9e30b653836a74cb7_row_alignment,True,
RUN_V2_642c48f9e30b653836a74cb7_raw_rmse,True,
RUN_V2_642c48f9e30b653836a74cb7_raw_mae,True,
RUN_V2_642c48f9e30b653836a74cb7_raw_r2,True,
RUN_V2_642c48f9e30b653836a74cb7_raw_ccc,True,
RUN_V2_642c48f9e30b653836a74cb7_bounded_rmse,True,
RUN_V2_642c48f9e30b653836a74cb7_bounded_mae,True,
RUN_V2_642c48f9e30b653836a74cb7_bounded_r2,True,
RUN_V2_642c48f9e30b653836a74cb7_bounded_ccc,True,
RUN_V2_14b61bf74af7f10787e2dfc5_row_alignment,True,
RUN_V2_14b61bf74af7f10787e2dfc5_raw_rmse,True,
RUN_V2_14b61bf74af7f10787e2dfc5_raw_mae,True,
RUN_V2_14b61bf74af7f10787e2dfc5_raw_r2,True,
RUN_V2_14b61bf74af7f10787e2dfc5_raw_ccc,True,
RUN_V2_14b61bf74af7f10787e2dfc5_bounded_rmse,True,
RUN_V2_14b61bf74af7f10787e2dfc5_bounded_mae,True,
RUN_V2_14b61bf74af7f10787e2dfc5_bounded_r2,True,
RUN_V2_14b61bf74af7f10787e2dfc5_bounded_ccc,True,
RUN_V2_7a241f32df9570539b8716e6_row_alignment,True,
RUN_V2_7a241f32df9570539b8716e6_raw_rmse,True,
RUN_V2_7a241f32df9570539b8716e6_raw_mae,True,
RUN_V2_7a241f32df9570539b8716e6_raw_r2,True,
RUN_V2_7a241f32df9570539b8716e6_raw_ccc,True,
RUN_V2_7a241f32df9570539b8716e6_bounded_rmse,True,
RUN_V2_7a241f32df9570539b8716e6_bounded_mae,True,
RUN_V2_7a241f32df9570539b8716e6_bounded_r2,True,
RUN_V2_7a241f32df9570539b8716e6_bounded_ccc,True,
RUN_V2_9d8ed6c587438bf93142feae_row_alignment,True,
RUN_V2_9d8ed6c587438bf93142feae_raw_rmse,True,
RUN_V2_9d8ed6c587438bf93142feae_raw_mae,True,
RUN_V2_9d8ed6c587438bf93142feae_raw_r2,True,
RUN_V2_9d8ed6c587438bf93142feae_raw_ccc,True,
RUN_V2_9d8ed6c587438bf93142feae_bounded_rmse,True,
RUN_V2_9d8ed6c587438bf93142feae_bounded_mae,True,
RUN_V2_9d8ed6c587438bf93142feae_bounded_r2,True,
RUN_V2_9d8ed6c587438bf93142feae_bounded_ccc,True,
tomato_first_test_tabm_seeds,True,
RUN_V2_f71c1e1360ce7e08be3185cd_row_alignment,True,
RUN_V2_f71c1e1360ce7e08be3185cd_raw_rmse,True,
RUN_V2_f71c1e1360ce7e08be3185cd_raw_mae,True,
RUN_V2_f71c1e1360ce7e08be3185cd_raw_r2,True,
RUN_V2_f71c1e1360ce7e08be3185cd_raw_ccc,True,
RUN_V2_f71c1e1360ce7e08be3185cd_bounded_rmse,True,
RUN_V2_f71c1e1360ce7e08be3185cd_bounded_mae,True,
RUN_V2_f71c1e1360ce7e08be3185cd_bounded_r2,True,
RUN_V2_f71c1e1360ce7e08be3185cd_bounded_ccc,True,
RUN_V2_b4f755b01ea0bac1f1621240_row_alignment,True,
RUN_V2_b4f755b01ea0bac1f1621240_raw_rmse,True,
RUN_V2_b4f755b01ea0bac1f1621240_raw_mae,True,
RUN_V2_b4f755b01ea0bac1f1621240_raw_r2,True,
RUN_V2_b4f755b01ea0bac1f1621240_raw_ccc,True,
RUN_V2_b4f755b01ea0bac1f1621240_bounded_rmse,True,
RUN_V2_b4f755b01ea0bac1f1621240_bounded_mae,True,
RUN_V2_b4f755b01ea0bac1f1621240_bounded_r2,True,
RUN_V2_b4f755b01ea0bac1f1621240_bounded_ccc,True,
RUN_V2_2dc444f0251d43ba90fc9feb_row_alignment,True,
RUN_V2_2dc444f0251d43ba90fc9feb_raw_rmse,True,
RUN_V2_2dc444f0251d43ba90fc9feb_raw_mae,True,
RUN_V2_2dc444f0251d43ba90fc9feb_raw_r2,True,
RUN_V2_2dc444f0251d43ba90fc9feb_raw_ccc,True,
RUN_V2_2dc444f0251d43ba90fc9feb_bounded_rmse,True,
RUN_V2_2dc444f0251d43ba90fc9feb_bounded_mae,True,
RUN_V2_2dc444f0251d43ba90fc9feb_bounded_r2,True,
RUN_V2_2dc444f0251d43ba90fc9feb_bounded_ccc,True,
RUN_V2_8e1eebd62f9376be14d04ddb_row_alignment,True,
RUN_V2_8e1eebd62f9376be14d04ddb_raw_rmse,True,
RUN_V2_8e1eebd62f9376be14d04ddb_raw_mae,True,
RUN_V2_8e1eebd62f9376be14d04ddb_raw_r2,True,
RUN_V2_8e1eebd62f9376be14d04ddb_raw_ccc,True,
RUN_V2_8e1eebd62f9376be14d04ddb_bounded_rmse,True,
RUN_V2_8e1eebd62f9376be14d04ddb_bounded_mae,True,
RUN_V2_8e1eebd62f9376be14d04ddb_bounded_r2,True,
RUN_V2_8e1eebd62f9376be14d04ddb_bounded_ccc,True,
RUN_V2_aaa66962247fe7207efa3168_row_alignment,True,
RUN_V2_aaa66962247fe7207efa3168_raw_rmse,True,
RUN_V2_aaa66962247fe7207efa3168_raw_mae,True,
RUN_V2_aaa66962247fe7207efa3168_raw_r2,True,
RUN_V2_aaa66962247fe7207efa3168_raw_ccc,True,
RUN_V2_aaa66962247fe7207efa3168_bounded_rmse,True,
RUN_V2_aaa66962247fe7207efa3168_bounded_mae,True,
RUN_V2_aaa66962247fe7207efa3168_bounded_r2,True,
RUN_V2_aaa66962247fe7207efa3168_bounded_ccc,True,
tomato_first_test_tft_seeds,True,
RUN_V2_bc49255cbe3e65f503beedb8_row_alignment,True,
RUN_V2_bc49255cbe3e65f503beedb8_raw_rmse,True,
RUN_V2_bc49255cbe3e65f503beedb8_raw_mae,True,
RUN_V2_bc49255cbe3e65f503beedb8_raw_r2,True,
RUN_V2_bc49255cbe3e65f503beedb8_raw_ccc,True,
RUN_V2_bc49255cbe3e65f503beedb8_bounded_rmse,True,
RUN_V2_bc49255cbe3e65f503beedb8_bounded_mae,True,
RUN_V2_bc49255cbe3e65f503beedb8_bounded_r2,True,
RUN_V2_bc49255cbe3e65f503beedb8_bounded_ccc,True,
RUN_V2_3d45028af3088d9de17d51be_row_alignment,True,
RUN_V2_3d45028af3088d9de17d51be_raw_rmse,True,
RUN_V2_3d45028af3088d9de17d51be_raw_mae,True,
RUN_V2_3d45028af3088d9de17d51be_raw_r2,True,
RUN_V2_3d45028af3088d9de17d51be_raw_ccc,True,
RUN_V2_3d45028af3088d9de17d51be_bounded_rmse,True,
RUN_V2_3d45028af3088d9de17d51be_bounded_mae,True,
RUN_V2_3d45028af3088d9de17d51be_bounded_r2,True,
RUN_V2_3d45028af3088d9de17d51be_bounded_ccc,True,
RUN_V2_bfa458370b2785e7b579b43a_row_alignment,True,
RUN_V2_bfa458370b2785e7b579b43a_raw_rmse,True,
RUN_V2_bfa458370b2785e7b579b43a_raw_mae,True,
RUN_V2_bfa458370b2785e7b579b43a_raw_r2,True,
RUN_V2_bfa458370b2785e7b579b43a_raw_ccc,True,
RUN_V2_bfa458370b2785e7b579b43a_bounded_rmse,True,
RUN_V2_bfa458370b2785e7b579b43a_bounded_mae,True,
RUN_V2_bfa458370b2785e7b579b43a_bounded_r2,True,
RUN_V2_bfa458370b2785e7b579b43a_bounded_ccc,True,
RUN_V2_d722bd6b87d7833b9131150a_row_alignment,True,
RUN_V2_d722bd6b87d7833b9131150a_raw_rmse,True,
RUN_V2_d722bd6b87d7833b9131150a_raw_mae,True,
RUN_V2_d722bd6b87d7833b9131150a_raw_r2,True,
RUN_V2_d722bd6b87d7833b9131150a_raw_ccc,True,
RUN_V2_d722bd6b87d7833b9131150a_bounded_rmse,True,
RUN_V2_d722bd6b87d7833b9131150a_bounded_mae,True,
RUN_V2_d722bd6b87d7833b9131150a_bounded_r2,True,
RUN_V2_d722bd6b87d7833b9131150a_bounded_ccc,True,
RUN_V2_61c0bc95bc8537bd103c1899_row_alignment,True,
RUN_V2_61c0bc95bc8537bd103c1899_raw_rmse,True,
RUN_V2_61c0bc95bc8537bd103c1899_raw_mae,True,
RUN_V2_61c0bc95bc8537bd103c1899_raw_r2,True,
RUN_V2_61c0bc95bc8537bd103c1899_raw_ccc,True,
RUN_V2_61c0bc95bc8537bd103c1899_bounded_rmse,True,
RUN_V2_61c0bc95bc8537bd103c1899_bounded_mae,True,
RUN_V2_61c0bc95bc8537bd103c1899_bounded_r2,True,
RUN_V2_61c0bc95bc8537bd103c1899_bounded_ccc,True,
tomato_first_test_persistence_seeds,True,
RUN_V2_f74c1a25bf925324875ddb73_row_alignment,True,
RUN_V2_f74c1a25bf925324875ddb73_raw_rmse,True,
RUN_V2_f74c1a25bf925324875ddb73_raw_mae,True,
RUN_V2_f74c1a25bf925324875ddb73_raw_r2,True,
RUN_V2_f74c1a25bf925324875ddb73_raw_ccc,True,
RUN_V2_f74c1a25bf925324875ddb73_bounded_rmse,True,
RUN_V2_f74c1a25bf925324875ddb73_bounded_mae,True,
RUN_V2_f74c1a25bf925324875ddb73_bounded_r2,True,
RUN_V2_f74c1a25bf925324875ddb73_bounded_ccc,True,
tomato_second_complete,True,
tomato_second_index_matches_files,True,
tomato_second_all_group_model_pairs,True,
tomato_second_same_eval_rows,True,
tomato_second_five_validation_seeds,True,
tomato_second_train_hash,True,
tomato_second_train_unique_rows,True,
tomato_second_train_future_label,True,
tomato_second_validation_hash,True,
tomato_second_validation_unique_rows,True,
tomato_second_validation_future_label,True,
tomato_second_validation_facility_disjoint,True,
tomato_second_validation_poisson_seeds,True,
RUN_V2_90128e3175891e5f83ab8631_row_alignment,True,
RUN_V2_90128e3175891e5f83ab8631_raw_rmse,True,
RUN_V2_90128e3175891e5f83ab8631_raw_mae,True,
RUN_V2_90128e3175891e5f83ab8631_raw_r2,True,
RUN_V2_90128e3175891e5f83ab8631_raw_ccc,True,
RUN_V2_90128e3175891e5f83ab8631_bounded_rmse,True,
RUN_V2_90128e3175891e5f83ab8631_bounded_mae,True,
RUN_V2_90128e3175891e5f83ab8631_bounded_r2,True,
RUN_V2_90128e3175891e5f83ab8631_bounded_ccc,True,
RUN_V2_8dbc7ad5072a1cfb53e5f3ff_row_alignment,True,
RUN_V2_8dbc7ad5072a1cfb53e5f3ff_raw_rmse,True,
RUN_V2_8dbc7ad5072a1cfb53e5f3ff_raw_mae,True,
RUN_V2_8dbc7ad5072a1cfb53e5f3ff_raw_r2,True,
RUN_V2_8dbc7ad5072a1cfb53e5f3ff_raw_ccc,True,
RUN_V2_8dbc7ad5072a1cfb53e5f3ff_bounded_rmse,True,
RUN_V2_8dbc7ad5072a1cfb53e5f3ff_bounded_mae,True,
RUN_V2_8dbc7ad5072a1cfb53e5f3ff_bounded_r2,True,
RUN_V2_8dbc7ad5072a1cfb53e5f3ff_bounded_ccc,True,
RUN_V2_b406a710a437da99a5ee5094_row_alignment,True,
RUN_V2_b406a710a437da99a5ee5094_raw_rmse,True,
RUN_V2_b406a710a437da99a5ee5094_raw_mae,True,
RUN_V2_b406a710a437da99a5ee5094_raw_r2,True,
RUN_V2_b406a710a437da99a5ee5094_raw_ccc,True,
RUN_V2_b406a710a437da99a5ee5094_bounded_rmse,True,
RUN_V2_b406a710a437da99a5ee5094_bounded_mae,True,
RUN_V2_b406a710a437da99a5ee5094_bounded_r2,True,
RUN_V2_b406a710a437da99a5ee5094_bounded_ccc,True,
RUN_V2_76dcd4a112fd0ab99fc14035_row_alignment,True,
RUN_V2_76dcd4a112fd0ab99fc14035_raw_rmse,True,
RUN_V2_76dcd4a112fd0ab99fc14035_raw_mae,True,
RUN_V2_76dcd4a112fd0ab99fc14035_raw_r2,True,
RUN_V2_76dcd4a112fd0ab99fc14035_raw_ccc,True,
RUN_V2_76dcd4a112fd0ab99fc14035_bounded_rmse,True,
RUN_V2_76dcd4a112fd0ab99fc14035_bounded_mae,True,
RUN_V2_76dcd4a112fd0ab99fc14035_bounded_r2,True,
RUN_V2_76dcd4a112fd0ab99fc14035_bounded_ccc,True,
RUN_V2_0baaf9a0641ca1571d68e46f_row_alignment,True,
RUN_V2_0baaf9a0641ca1571d68e46f_raw_rmse,True,
RUN_V2_0baaf9a0641ca1571d68e46f_raw_mae,True,
RUN_V2_0baaf9a0641ca1571d68e46f_raw_r2,True,
RUN_V2_0baaf9a0641ca1571d68e46f_raw_ccc,True,
RUN_V2_0baaf9a0641ca1571d68e46f_bounded_rmse,True,
RUN_V2_0baaf9a0641ca1571d68e46f_bounded_mae,True,
RUN_V2_0baaf9a0641ca1571d68e46f_bounded_r2,True,
RUN_V2_0baaf9a0641ca1571d68e46f_bounded_ccc,True,
tomato_second_validation_random_forest_seeds,True,
RUN_V2_de42ce2b51c988fac77154c7_row_alignment,True,
RUN_V2_de42ce2b51c988fac77154c7_raw_rmse,True,
RUN_V2_de42ce2b51c988fac77154c7_raw_mae,True,
RUN_V2_de42ce2b51c988fac77154c7_raw_r2,True,
RUN_V2_de42ce2b51c988fac77154c7_raw_ccc,True,
RUN_V2_de42ce2b51c988fac77154c7_bounded_rmse,True,
RUN_V2_de42ce2b51c988fac77154c7_bounded_mae,True,
RUN_V2_de42ce2b51c988fac77154c7_bounded_r2,True,
RUN_V2_de42ce2b51c988fac77154c7_bounded_ccc,True,
RUN_V2_8540f9e84e81e5cd099541a7_row_alignment,True,
RUN_V2_8540f9e84e81e5cd099541a7_raw_rmse,True,
RUN_V2_8540f9e84e81e5cd099541a7_raw_mae,True,
RUN_V2_8540f9e84e81e5cd099541a7_raw_r2,True,
RUN_V2_8540f9e84e81e5cd099541a7_raw_ccc,True,
RUN_V2_8540f9e84e81e5cd099541a7_bounded_rmse,True,
RUN_V2_8540f9e84e81e5cd099541a7_bounded_mae,True,
RUN_V2_8540f9e84e81e5cd099541a7_bounded_r2,True,
RUN_V2_8540f9e84e81e5cd099541a7_bounded_ccc,True,
RUN_V2_3552a02985959ca68827b351_row_alignment,True,
RUN_V2_3552a02985959ca68827b351_raw_rmse,True,
RUN_V2_3552a02985959ca68827b351_raw_mae,True,
RUN_V2_3552a02985959ca68827b351_raw_r2,True,
RUN_V2_3552a02985959ca68827b351_raw_ccc,True,
RUN_V2_3552a02985959ca68827b351_bounded_rmse,True,
RUN_V2_3552a02985959ca68827b351_bounded_mae,True,
RUN_V2_3552a02985959ca68827b351_bounded_r2,True,
RUN_V2_3552a02985959ca68827b351_bounded_ccc,True,
RUN_V2_4ee1a2fbd60fd3467f1aba8c_row_alignment,True,
RUN_V2_4ee1a2fbd60fd3467f1aba8c_raw_rmse,True,
RUN_V2_4ee1a2fbd60fd3467f1aba8c_raw_mae,True,
RUN_V2_4ee1a2fbd60fd3467f1aba8c_raw_r2,True,
RUN_V2_4ee1a2fbd60fd3467f1aba8c_raw_ccc,True,
RUN_V2_4ee1a2fbd60fd3467f1aba8c_bounded_rmse,True,
RUN_V2_4ee1a2fbd60fd3467f1aba8c_bounded_mae,True,
RUN_V2_4ee1a2fbd60fd3467f1aba8c_bounded_r2,True,
RUN_V2_4ee1a2fbd60fd3467f1aba8c_bounded_ccc,True,
RUN_V2_1ca6971eddae8a8759669b8d_row_alignment,True,
RUN_V2_1ca6971eddae8a8759669b8d_raw_rmse,True,
RUN_V2_1ca6971eddae8a8759669b8d_raw_mae,True,
RUN_V2_1ca6971eddae8a8759669b8d_raw_r2,True,
RUN_V2_1ca6971eddae8a8759669b8d_raw_ccc,True,
RUN_V2_1ca6971eddae8a8759669b8d_bounded_rmse,True,
RUN_V2_1ca6971eddae8a8759669b8d_bounded_mae,True,
RUN_V2_1ca6971eddae8a8759669b8d_bounded_r2,True,
RUN_V2_1ca6971eddae8a8759669b8d_bounded_ccc,True,
tomato_second_validation_catboost_seeds,True,
RUN_V2_eeee3d68dc0a660d7e4d588c_row_alignment,True,
RUN_V2_eeee3d68dc0a660d7e4d588c_raw_rmse,True,
RUN_V2_eeee3d68dc0a660d7e4d588c_raw_mae,True,
RUN_V2_eeee3d68dc0a660d7e4d588c_raw_r2,True,
RUN_V2_eeee3d68dc0a660d7e4d588c_raw_ccc,True,
RUN_V2_eeee3d68dc0a660d7e4d588c_bounded_rmse,True,
RUN_V2_eeee3d68dc0a660d7e4d588c_bounded_mae,True,
RUN_V2_eeee3d68dc0a660d7e4d588c_bounded_r2,True,
RUN_V2_eeee3d68dc0a660d7e4d588c_bounded_ccc,True,
RUN_V2_c1eb5bf87467476bfbcfc497_row_alignment,True,
RUN_V2_c1eb5bf87467476bfbcfc497_raw_rmse,True,
RUN_V2_c1eb5bf87467476bfbcfc497_raw_mae,True,
RUN_V2_c1eb5bf87467476bfbcfc497_raw_r2,True,
RUN_V2_c1eb5bf87467476bfbcfc497_raw_ccc,True,
RUN_V2_c1eb5bf87467476bfbcfc497_bounded_rmse,True,
RUN_V2_c1eb5bf87467476bfbcfc497_bounded_mae,True,
RUN_V2_c1eb5bf87467476bfbcfc497_bounded_r2,True,
RUN_V2_c1eb5bf87467476bfbcfc497_bounded_ccc,True,
RUN_V2_6acc4ff2c875cd321b3a38e4_row_alignment,True,
RUN_V2_6acc4ff2c875cd321b3a38e4_raw_rmse,True,
RUN_V2_6acc4ff2c875cd321b3a38e4_raw_mae,True,
RUN_V2_6acc4ff2c875cd321b3a38e4_raw_r2,True,
RUN_V2_6acc4ff2c875cd321b3a38e4_raw_ccc,True,
RUN_V2_6acc4ff2c875cd321b3a38e4_bounded_rmse,True,
RUN_V2_6acc4ff2c875cd321b3a38e4_bounded_mae,True,
RUN_V2_6acc4ff2c875cd321b3a38e4_bounded_r2,True,
RUN_V2_6acc4ff2c875cd321b3a38e4_bounded_ccc,True,
RUN_V2_ab33cf471e9cae596684e2b8_row_alignment,True,
RUN_V2_ab33cf471e9cae596684e2b8_raw_rmse,True,
RUN_V2_ab33cf471e9cae596684e2b8_raw_mae,True,
RUN_V2_ab33cf471e9cae596684e2b8_raw_r2,True,
RUN_V2_ab33cf471e9cae596684e2b8_raw_ccc,True,
RUN_V2_ab33cf471e9cae596684e2b8_bounded_rmse,True,
RUN_V2_ab33cf471e9cae596684e2b8_bounded_mae,True,
RUN_V2_ab33cf471e9cae596684e2b8_bounded_r2,True,
RUN_V2_ab33cf471e9cae596684e2b8_bounded_ccc,True,
RUN_V2_3070d4e8ca29a0709f628eaa_row_alignment,True,
RUN_V2_3070d4e8ca29a0709f628eaa_raw_rmse,True,
RUN_V2_3070d4e8ca29a0709f628eaa_raw_mae,True,
RUN_V2_3070d4e8ca29a0709f628eaa_raw_r2,True,
RUN_V2_3070d4e8ca29a0709f628eaa_raw_ccc,True,
RUN_V2_3070d4e8ca29a0709f628eaa_bounded_rmse,True,
RUN_V2_3070d4e8ca29a0709f628eaa_bounded_mae,True,
RUN_V2_3070d4e8ca29a0709f628eaa_bounded_r2,True,
RUN_V2_3070d4e8ca29a0709f628eaa_bounded_ccc,True,
tomato_second_validation_mlp_seeds,True,
RUN_V2_91667a87a1888e23423f970c_row_alignment,True,
RUN_V2_91667a87a1888e23423f970c_raw_rmse,True,
RUN_V2_91667a87a1888e23423f970c_raw_mae,True,
RUN_V2_91667a87a1888e23423f970c_raw_r2,True,
RUN_V2_91667a87a1888e23423f970c_raw_ccc,True,
RUN_V2_91667a87a1888e23423f970c_bounded_rmse,True,
RUN_V2_91667a87a1888e23423f970c_bounded_mae,True,
RUN_V2_91667a87a1888e23423f970c_bounded_r2,True,
RUN_V2_91667a87a1888e23423f970c_bounded_ccc,True,
RUN_V2_1bd2d53dd88fda10f9e71a58_row_alignment,True,
RUN_V2_1bd2d53dd88fda10f9e71a58_raw_rmse,True,
RUN_V2_1bd2d53dd88fda10f9e71a58_raw_mae,True,
RUN_V2_1bd2d53dd88fda10f9e71a58_raw_r2,True,
RUN_V2_1bd2d53dd88fda10f9e71a58_raw_ccc,True,
RUN_V2_1bd2d53dd88fda10f9e71a58_bounded_rmse,True,
RUN_V2_1bd2d53dd88fda10f9e71a58_bounded_mae,True,
RUN_V2_1bd2d53dd88fda10f9e71a58_bounded_r2,True,
RUN_V2_1bd2d53dd88fda10f9e71a58_bounded_ccc,True,
RUN_V2_984887c471b55b8cf4dbb857_row_alignment,True,
RUN_V2_984887c471b55b8cf4dbb857_raw_rmse,True,
RUN_V2_984887c471b55b8cf4dbb857_raw_mae,True,
RUN_V2_984887c471b55b8cf4dbb857_raw_r2,True,
RUN_V2_984887c471b55b8cf4dbb857_raw_ccc,True,
RUN_V2_984887c471b55b8cf4dbb857_bounded_rmse,True,
RUN_V2_984887c471b55b8cf4dbb857_bounded_mae,True,
RUN_V2_984887c471b55b8cf4dbb857_bounded_r2,True,
RUN_V2_984887c471b55b8cf4dbb857_bounded_ccc,True,
RUN_V2_f7ddbc4148c7d1d631cbf5f4_row_alignment,True,
RUN_V2_f7ddbc4148c7d1d631cbf5f4_raw_rmse,True,
RUN_V2_f7ddbc4148c7d1d631cbf5f4_raw_mae,True,
RUN_V2_f7ddbc4148c7d1d631cbf5f4_raw_r2,True,
RUN_V2_f7ddbc4148c7d1d631cbf5f4_raw_ccc,True,
RUN_V2_f7ddbc4148c7d1d631cbf5f4_bounded_rmse,True,
RUN_V2_f7ddbc4148c7d1d631cbf5f4_bounded_mae,True,
RUN_V2_f7ddbc4148c7d1d631cbf5f4_bounded_r2,True,
RUN_V2_f7ddbc4148c7d1d631cbf5f4_bounded_ccc,True,
RUN_V2_ffd8f30773777ec85bded419_row_alignment,True,
RUN_V2_ffd8f30773777ec85bded419_raw_rmse,True,
RUN_V2_ffd8f30773777ec85bded419_raw_mae,True,
RUN_V2_ffd8f30773777ec85bded419_raw_r2,True,
RUN_V2_ffd8f30773777ec85bded419_raw_ccc,True,
RUN_V2_ffd8f30773777ec85bded419_bounded_rmse,True,
RUN_V2_ffd8f30773777ec85bded419_bounded_mae,True,
RUN_V2_ffd8f30773777ec85bded419_bounded_r2,True,
RUN_V2_ffd8f30773777ec85bded419_bounded_ccc,True,
tomato_second_validation_tabm_seeds,True,
RUN_V2_f0f1a29ba0eec5d2f346415f_row_alignment,True,
RUN_V2_f0f1a29ba0eec5d2f346415f_raw_rmse,True,
RUN_V2_f0f1a29ba0eec5d2f346415f_raw_mae,True,
RUN_V2_f0f1a29ba0eec5d2f346415f_raw_r2,True,
RUN_V2_f0f1a29ba0eec5d2f346415f_raw_ccc,True,
RUN_V2_f0f1a29ba0eec5d2f346415f_bounded_rmse,True,
RUN_V2_f0f1a29ba0eec5d2f346415f_bounded_mae,True,
RUN_V2_f0f1a29ba0eec5d2f346415f_bounded_r2,True,
RUN_V2_f0f1a29ba0eec5d2f346415f_bounded_ccc,True,
RUN_V2_e049947bdfa62133036ae7c5_row_alignment,True,
RUN_V2_e049947bdfa62133036ae7c5_raw_rmse,True,
RUN_V2_e049947bdfa62133036ae7c5_raw_mae,True,
RUN_V2_e049947bdfa62133036ae7c5_raw_r2,True,
RUN_V2_e049947bdfa62133036ae7c5_raw_ccc,True,
RUN_V2_e049947bdfa62133036ae7c5_bounded_rmse,True,
RUN_V2_e049947bdfa62133036ae7c5_bounded_mae,True,
RUN_V2_e049947bdfa62133036ae7c5_bounded_r2,True,
RUN_V2_e049947bdfa62133036ae7c5_bounded_ccc,True,
RUN_V2_cdcfccc6937082fbf08acf55_row_alignment,True,
RUN_V2_cdcfccc6937082fbf08acf55_raw_rmse,True,
RUN_V2_cdcfccc6937082fbf08acf55_raw_mae,True,
RUN_V2_cdcfccc6937082fbf08acf55_raw_r2,True,
RUN_V2_cdcfccc6937082fbf08acf55_raw_ccc,True,
RUN_V2_cdcfccc6937082fbf08acf55_bounded_rmse,True,
RUN_V2_cdcfccc6937082fbf08acf55_bounded_mae,True,
RUN_V2_cdcfccc6937082fbf08acf55_bounded_r2,True,
RUN_V2_cdcfccc6937082fbf08acf55_bounded_ccc,True,
RUN_V2_ca1f6ff8c3a295029c73dc9b_row_alignment,True,
RUN_V2_ca1f6ff8c3a295029c73dc9b_raw_rmse,True,
RUN_V2_ca1f6ff8c3a295029c73dc9b_raw_mae,True,
RUN_V2_ca1f6ff8c3a295029c73dc9b_raw_r2,True,
RUN_V2_ca1f6ff8c3a295029c73dc9b_raw_ccc,True,
RUN_V2_ca1f6ff8c3a295029c73dc9b_bounded_rmse,True,
RUN_V2_ca1f6ff8c3a295029c73dc9b_bounded_mae,True,
RUN_V2_ca1f6ff8c3a295029c73dc9b_bounded_r2,True,
RUN_V2_ca1f6ff8c3a295029c73dc9b_bounded_ccc,True,
RUN_V2_88b9c3ec13499e6f825be81e_row_alignment,True,
RUN_V2_88b9c3ec13499e6f825be81e_raw_rmse,True,
RUN_V2_88b9c3ec13499e6f825be81e_raw_mae,True,
RUN_V2_88b9c3ec13499e6f825be81e_raw_r2,True,
RUN_V2_88b9c3ec13499e6f825be81e_raw_ccc,True,
RUN_V2_88b9c3ec13499e6f825be81e_bounded_rmse,True,
RUN_V2_88b9c3ec13499e6f825be81e_bounded_mae,True,
RUN_V2_88b9c3ec13499e6f825be81e_bounded_r2,True,
RUN_V2_88b9c3ec13499e6f825be81e_bounded_ccc,True,
tomato_second_validation_tft_seeds,True,
RUN_V2_4c6d15ba41f64454f3681356_row_alignment,True,
RUN_V2_4c6d15ba41f64454f3681356_raw_rmse,True,
RUN_V2_4c6d15ba41f64454f3681356_raw_mae,True,
RUN_V2_4c6d15ba41f64454f3681356_raw_r2,True,
RUN_V2_4c6d15ba41f64454f3681356_raw_ccc,True,
RUN_V2_4c6d15ba41f64454f3681356_bounded_rmse,True,
RUN_V2_4c6d15ba41f64454f3681356_bounded_mae,True,
RUN_V2_4c6d15ba41f64454f3681356_bounded_r2,True,
RUN_V2_4c6d15ba41f64454f3681356_bounded_ccc,True,
RUN_V2_f5127c98ec2d1cbea2b406f2_row_alignment,True,
RUN_V2_f5127c98ec2d1cbea2b406f2_raw_rmse,True,
RUN_V2_f5127c98ec2d1cbea2b406f2_raw_mae,True,
RUN_V2_f5127c98ec2d1cbea2b406f2_raw_r2,True,
RUN_V2_f5127c98ec2d1cbea2b406f2_raw_ccc,True,
RUN_V2_f5127c98ec2d1cbea2b406f2_bounded_rmse,True,
RUN_V2_f5127c98ec2d1cbea2b406f2_bounded_mae,True,
RUN_V2_f5127c98ec2d1cbea2b406f2_bounded_r2,True,
RUN_V2_f5127c98ec2d1cbea2b406f2_bounded_ccc,True,
RUN_V2_6e9743c1171fb74aa9f05df7_row_alignment,True,
RUN_V2_6e9743c1171fb74aa9f05df7_raw_rmse,True,
RUN_V2_6e9743c1171fb74aa9f05df7_raw_mae,True,
RUN_V2_6e9743c1171fb74aa9f05df7_raw_r2,True,
RUN_V2_6e9743c1171fb74aa9f05df7_raw_ccc,True,
RUN_V2_6e9743c1171fb74aa9f05df7_bounded_rmse,True,
RUN_V2_6e9743c1171fb74aa9f05df7_bounded_mae,True,
RUN_V2_6e9743c1171fb74aa9f05df7_bounded_r2,True,
RUN_V2_6e9743c1171fb74aa9f05df7_bounded_ccc,True,
RUN_V2_a033668e9b81fe3c3ada1af3_row_alignment,True,
RUN_V2_a033668e9b81fe3c3ada1af3_raw_rmse,True,
RUN_V2_a033668e9b81fe3c3ada1af3_raw_mae,True,
RUN_V2_a033668e9b81fe3c3ada1af3_raw_r2,True,
RUN_V2_a033668e9b81fe3c3ada1af3_raw_ccc,True,
RUN_V2_a033668e9b81fe3c3ada1af3_bounded_rmse,True,
RUN_V2_a033668e9b81fe3c3ada1af3_bounded_mae,True,
RUN_V2_a033668e9b81fe3c3ada1af3_bounded_r2,True,
RUN_V2_a033668e9b81fe3c3ada1af3_bounded_ccc,True,
RUN_V2_3c3176055bc272cd52bf11a6_row_alignment,True,
RUN_V2_3c3176055bc272cd52bf11a6_raw_rmse,True,
RUN_V2_3c3176055bc272cd52bf11a6_raw_mae,True,
RUN_V2_3c3176055bc272cd52bf11a6_raw_r2,True,
RUN_V2_3c3176055bc272cd52bf11a6_raw_ccc,True,
RUN_V2_3c3176055bc272cd52bf11a6_bounded_rmse,True,
RUN_V2_3c3176055bc272cd52bf11a6_bounded_mae,True,
RUN_V2_3c3176055bc272cd52bf11a6_bounded_r2,True,
RUN_V2_3c3176055bc272cd52bf11a6_bounded_ccc,True,
tomato_second_validation_persistence_seeds,True,
RUN_V2_f1e33082d886368ce0d29a71_row_alignment,True,
RUN_V2_f1e33082d886368ce0d29a71_raw_rmse,True,
RUN_V2_f1e33082d886368ce0d29a71_raw_mae,True,
RUN_V2_f1e33082d886368ce0d29a71_raw_r2,True,
RUN_V2_f1e33082d886368ce0d29a71_raw_ccc,True,
RUN_V2_f1e33082d886368ce0d29a71_bounded_rmse,True,
RUN_V2_f1e33082d886368ce0d29a71_bounded_mae,True,
RUN_V2_f1e33082d886368ce0d29a71_bounded_r2,True,
RUN_V2_f1e33082d886368ce0d29a71_bounded_ccc,True,
tomato_second_test_hash,True,
tomato_second_test_unique_rows,True,
tomato_second_test_future_label,True,
tomato_second_test_facility_disjoint,True,
tomato_second_val_test_disjoint,True,
tomato_second_test_poisson_seeds,True,
RUN_V2_8cabb872d61451acf9efacaa_row_alignment,True,
RUN_V2_8cabb872d61451acf9efacaa_raw_rmse,True,
RUN_V2_8cabb872d61451acf9efacaa_raw_mae,True,
RUN_V2_8cabb872d61451acf9efacaa_raw_r2,True,
RUN_V2_8cabb872d61451acf9efacaa_raw_ccc,True,
RUN_V2_8cabb872d61451acf9efacaa_bounded_rmse,True,
RUN_V2_8cabb872d61451acf9efacaa_bounded_mae,True,
RUN_V2_8cabb872d61451acf9efacaa_bounded_r2,True,
RUN_V2_8cabb872d61451acf9efacaa_bounded_ccc,True,
RUN_V2_24fed2bf3959fe7457ee56ca_row_alignment,True,
RUN_V2_24fed2bf3959fe7457ee56ca_raw_rmse,True,
RUN_V2_24fed2bf3959fe7457ee56ca_raw_mae,True,
RUN_V2_24fed2bf3959fe7457ee56ca_raw_r2,True,
RUN_V2_24fed2bf3959fe7457ee56ca_raw_ccc,True,
RUN_V2_24fed2bf3959fe7457ee56ca_bounded_rmse,True,
RUN_V2_24fed2bf3959fe7457ee56ca_bounded_mae,True,
RUN_V2_24fed2bf3959fe7457ee56ca_bounded_r2,True,
RUN_V2_24fed2bf3959fe7457ee56ca_bounded_ccc,True,
RUN_V2_2100a4535549a66332c81df2_row_alignment,True,
RUN_V2_2100a4535549a66332c81df2_raw_rmse,True,
RUN_V2_2100a4535549a66332c81df2_raw_mae,True,
RUN_V2_2100a4535549a66332c81df2_raw_r2,True,
RUN_V2_2100a4535549a66332c81df2_raw_ccc,True,
RUN_V2_2100a4535549a66332c81df2_bounded_rmse,True,
RUN_V2_2100a4535549a66332c81df2_bounded_mae,True,
RUN_V2_2100a4535549a66332c81df2_bounded_r2,True,
RUN_V2_2100a4535549a66332c81df2_bounded_ccc,True,
RUN_V2_6ec884922b32ae93885bc9ca_row_alignment,True,
RUN_V2_6ec884922b32ae93885bc9ca_raw_rmse,True,
RUN_V2_6ec884922b32ae93885bc9ca_raw_mae,True,
RUN_V2_6ec884922b32ae93885bc9ca_raw_r2,True,
RUN_V2_6ec884922b32ae93885bc9ca_raw_ccc,True,
RUN_V2_6ec884922b32ae93885bc9ca_bounded_rmse,True,
RUN_V2_6ec884922b32ae93885bc9ca_bounded_mae,True,
RUN_V2_6ec884922b32ae93885bc9ca_bounded_r2,True,
RUN_V2_6ec884922b32ae93885bc9ca_bounded_ccc,True,
RUN_V2_0dcbde0ad0193e8639371ccf_row_alignment,True,
RUN_V2_0dcbde0ad0193e8639371ccf_raw_rmse,True,
RUN_V2_0dcbde0ad0193e8639371ccf_raw_mae,True,
RUN_V2_0dcbde0ad0193e8639371ccf_raw_r2,True,
RUN_V2_0dcbde0ad0193e8639371ccf_raw_ccc,True,
RUN_V2_0dcbde0ad0193e8639371ccf_bounded_rmse,True,
RUN_V2_0dcbde0ad0193e8639371ccf_bounded_mae,True,
RUN_V2_0dcbde0ad0193e8639371ccf_bounded_r2,True,
RUN_V2_0dcbde0ad0193e8639371ccf_bounded_ccc,True,
tomato_second_test_random_forest_seeds,True,
RUN_V2_cfe5ab96b3cb639b01efaeb7_row_alignment,True,
RUN_V2_cfe5ab96b3cb639b01efaeb7_raw_rmse,True,
RUN_V2_cfe5ab96b3cb639b01efaeb7_raw_mae,True,
RUN_V2_cfe5ab96b3cb639b01efaeb7_raw_r2,True,
RUN_V2_cfe5ab96b3cb639b01efaeb7_raw_ccc,True,
RUN_V2_cfe5ab96b3cb639b01efaeb7_bounded_rmse,True,
RUN_V2_cfe5ab96b3cb639b01efaeb7_bounded_mae,True,
RUN_V2_cfe5ab96b3cb639b01efaeb7_bounded_r2,True,
RUN_V2_cfe5ab96b3cb639b01efaeb7_bounded_ccc,True,
RUN_V2_d80402487aca6ff4fd90ccbc_row_alignment,True,
RUN_V2_d80402487aca6ff4fd90ccbc_raw_rmse,True,
RUN_V2_d80402487aca6ff4fd90ccbc_raw_mae,True,
RUN_V2_d80402487aca6ff4fd90ccbc_raw_r2,True,
RUN_V2_d80402487aca6ff4fd90ccbc_raw_ccc,True,
RUN_V2_d80402487aca6ff4fd90ccbc_bounded_rmse,True,
RUN_V2_d80402487aca6ff4fd90ccbc_bounded_mae,True,
RUN_V2_d80402487aca6ff4fd90ccbc_bounded_r2,True,
RUN_V2_d80402487aca6ff4fd90ccbc_bounded_ccc,True,
RUN_V2_afa41805b9fb210cde466b16_row_alignment,True,
RUN_V2_afa41805b9fb210cde466b16_raw_rmse,True,
RUN_V2_afa41805b9fb210cde466b16_raw_mae,True,
RUN_V2_afa41805b9fb210cde466b16_raw_r2,True,
RUN_V2_afa41805b9fb210cde466b16_raw_ccc,True,
RUN_V2_afa41805b9fb210cde466b16_bounded_rmse,True,
RUN_V2_afa41805b9fb210cde466b16_bounded_mae,True,
RUN_V2_afa41805b9fb210cde466b16_bounded_r2,True,
RUN_V2_afa41805b9fb210cde466b16_bounded_ccc,True,
RUN_V2_7388e24e933c7b7899e77467_row_alignment,True,
RUN_V2_7388e24e933c7b7899e77467_raw_rmse,True,
RUN_V2_7388e24e933c7b7899e77467_raw_mae,True,
RUN_V2_7388e24e933c7b7899e77467_raw_r2,True,
RUN_V2_7388e24e933c7b7899e77467_raw_ccc,True,
RUN_V2_7388e24e933c7b7899e77467_bounded_rmse,True,
RUN_V2_7388e24e933c7b7899e77467_bounded_mae,True,
RUN_V2_7388e24e933c7b7899e77467_bounded_r2,True,
RUN_V2_7388e24e933c7b7899e77467_bounded_ccc,True,
RUN_V2_6491fd6ed87e59cdd3e3bc0b_row_alignment,True,
RUN_V2_6491fd6ed87e59cdd3e3bc0b_raw_rmse,True,
RUN_V2_6491fd6ed87e59cdd3e3bc0b_raw_mae,True,
RUN_V2_6491fd6ed87e59cdd3e3bc0b_raw_r2,True,
RUN_V2_6491fd6ed87e59cdd3e3bc0b_raw_ccc,True,
RUN_V2_6491fd6ed87e59cdd3e3bc0b_bounded_rmse,True,
RUN_V2_6491fd6ed87e59cdd3e3bc0b_bounded_mae,True,
RUN_V2_6491fd6ed87e59cdd3e3bc0b_bounded_r2,True,
RUN_V2_6491fd6ed87e59cdd3e3bc0b_bounded_ccc,True,
tomato_second_test_catboost_seeds,True,
RUN_V2_6ea085658230a2350a2b8977_row_alignment,True,
RUN_V2_6ea085658230a2350a2b8977_raw_rmse,True,
RUN_V2_6ea085658230a2350a2b8977_raw_mae,True,
RUN_V2_6ea085658230a2350a2b8977_raw_r2,True,
RUN_V2_6ea085658230a2350a2b8977_raw_ccc,True,
RUN_V2_6ea085658230a2350a2b8977_bounded_rmse,True,
RUN_V2_6ea085658230a2350a2b8977_bounded_mae,True,
RUN_V2_6ea085658230a2350a2b8977_bounded_r2,True,
RUN_V2_6ea085658230a2350a2b8977_bounded_ccc,True,
RUN_V2_da59289e0d155068d45b65a8_row_alignment,True,
RUN_V2_da59289e0d155068d45b65a8_raw_rmse,True,
RUN_V2_da59289e0d155068d45b65a8_raw_mae,True,
RUN_V2_da59289e0d155068d45b65a8_raw_r2,True,
RUN_V2_da59289e0d155068d45b65a8_raw_ccc,True,
RUN_V2_da59289e0d155068d45b65a8_bounded_rmse,True,
RUN_V2_da59289e0d155068d45b65a8_bounded_mae,True,
RUN_V2_da59289e0d155068d45b65a8_bounded_r2,True,
RUN_V2_da59289e0d155068d45b65a8_bounded_ccc,True,
RUN_V2_54825ce9425cef0958bd6d93_row_alignment,True,
RUN_V2_54825ce9425cef0958bd6d93_raw_rmse,True,
RUN_V2_54825ce9425cef0958bd6d93_raw_mae,True,
RUN_V2_54825ce9425cef0958bd6d93_raw_r2,True,
RUN_V2_54825ce9425cef0958bd6d93_raw_ccc,True,
RUN_V2_54825ce9425cef0958bd6d93_bounded_rmse,True,
RUN_V2_54825ce9425cef0958bd6d93_bounded_mae,True,
RUN_V2_54825ce9425cef0958bd6d93_bounded_r2,True,
RUN_V2_54825ce9425cef0958bd6d93_bounded_ccc,True,
RUN_V2_51f617dd579be6c58d313f55_row_alignment,True,
RUN_V2_51f617dd579be6c58d313f55_raw_rmse,True,
RUN_V2_51f617dd579be6c58d313f55_raw_mae,True,
RUN_V2_51f617dd579be6c58d313f55_raw_r2,True,
RUN_V2_51f617dd579be6c58d313f55_raw_ccc,True,
RUN_V2_51f617dd579be6c58d313f55_bounded_rmse,True,
RUN_V2_51f617dd579be6c58d313f55_bounded_mae,True,
RUN_V2_51f617dd579be6c58d313f55_bounded_r2,True,
RUN_V2_51f617dd579be6c58d313f55_bounded_ccc,True,
RUN_V2_ebe0a510b929a21bcde19986_row_alignment,True,
RUN_V2_ebe0a510b929a21bcde19986_raw_rmse,True,
RUN_V2_ebe0a510b929a21bcde19986_raw_mae,True,
RUN_V2_ebe0a510b929a21bcde19986_raw_r2,True,
RUN_V2_ebe0a510b929a21bcde19986_raw_ccc,True,
RUN_V2_ebe0a510b929a21bcde19986_bounded_rmse,True,
RUN_V2_ebe0a510b929a21bcde19986_bounded_mae,True,
RUN_V2_ebe0a510b929a21bcde19986_bounded_r2,True,
RUN_V2_ebe0a510b929a21bcde19986_bounded_ccc,True,
tomato_second_test_mlp_seeds,True,
RUN_V2_8566ed365650c0dea940bd7e_row_alignment,True,
RUN_V2_8566ed365650c0dea940bd7e_raw_rmse,True,
RUN_V2_8566ed365650c0dea940bd7e_raw_mae,True,
RUN_V2_8566ed365650c0dea940bd7e_raw_r2,True,
RUN_V2_8566ed365650c0dea940bd7e_raw_ccc,True,
RUN_V2_8566ed365650c0dea940bd7e_bounded_rmse,True,
RUN_V2_8566ed365650c0dea940bd7e_bounded_mae,True,
RUN_V2_8566ed365650c0dea940bd7e_bounded_r2,True,
RUN_V2_8566ed365650c0dea940bd7e_bounded_ccc,True,
RUN_V2_ff24f45fe8ec55595dc007d2_row_alignment,True,
RUN_V2_ff24f45fe8ec55595dc007d2_raw_rmse,True,
RUN_V2_ff24f45fe8ec55595dc007d2_raw_mae,True,
RUN_V2_ff24f45fe8ec55595dc007d2_raw_r2,True,
RUN_V2_ff24f45fe8ec55595dc007d2_raw_ccc,True,
RUN_V2_ff24f45fe8ec55595dc007d2_bounded_rmse,True,
RUN_V2_ff24f45fe8ec55595dc007d2_bounded_mae,True,
RUN_V2_ff24f45fe8ec55595dc007d2_bounded_r2,True,
RUN_V2_ff24f45fe8ec55595dc007d2_bounded_ccc,True,
RUN_V2_e0159eb0cd939470bf05a46f_row_alignment,True,
RUN_V2_e0159eb0cd939470bf05a46f_raw_rmse,True,
RUN_V2_e0159eb0cd939470bf05a46f_raw_mae,True,
RUN_V2_e0159eb0cd939470bf05a46f_raw_r2,True,
RUN_V2_e0159eb0cd939470bf05a46f_raw_ccc,True,
RUN_V2_e0159eb0cd939470bf05a46f_bounded_rmse,True,
RUN_V2_e0159eb0cd939470bf05a46f_bounded_mae,True,
RUN_V2_e0159eb0cd939470bf05a46f_bounded_r2,True,
RUN_V2_e0159eb0cd939470bf05a46f_bounded_ccc,True,
RUN_V2_6fa4764bb8f492b5d307821e_row_alignment,True,
RUN_V2_6fa4764bb8f492b5d307821e_raw_rmse,True,
RUN_V2_6fa4764bb8f492b5d307821e_raw_mae,True,
RUN_V2_6fa4764bb8f492b5d307821e_raw_r2,True,
RUN_V2_6fa4764bb8f492b5d307821e_raw_ccc,True,
RUN_V2_6fa4764bb8f492b5d307821e_bounded_rmse,True,
RUN_V2_6fa4764bb8f492b5d307821e_bounded_mae,True,
RUN_V2_6fa4764bb8f492b5d307821e_bounded_r2,True,
RUN_V2_6fa4764bb8f492b5d307821e_bounded_ccc,True,
RUN_V2_547d12b7ac720ad763c878a2_row_alignment,True,
RUN_V2_547d12b7ac720ad763c878a2_raw_rmse,True,
RUN_V2_547d12b7ac720ad763c878a2_raw_mae,True,
RUN_V2_547d12b7ac720ad763c878a2_raw_r2,True,
RUN_V2_547d12b7ac720ad763c878a2_raw_ccc,True,
RUN_V2_547d12b7ac720ad763c878a2_bounded_rmse,True,
RUN_V2_547d12b7ac720ad763c878a2_bounded_mae,True,
RUN_V2_547d12b7ac720ad763c878a2_bounded_r2,True,
RUN_V2_547d12b7ac720ad763c878a2_bounded_ccc,True,
tomato_second_test_tabm_seeds,True,
RUN_V2_ec86d5f32785eae71123362b_row_alignment,True,
RUN_V2_ec86d5f32785eae71123362b_raw_rmse,True,
RUN_V2_ec86d5f32785eae71123362b_raw_mae,True,
RUN_V2_ec86d5f32785eae71123362b_raw_r2,True,
RUN_V2_ec86d5f32785eae71123362b_raw_ccc,True,
RUN_V2_ec86d5f32785eae71123362b_bounded_rmse,True,
RUN_V2_ec86d5f32785eae71123362b_bounded_mae,True,
RUN_V2_ec86d5f32785eae71123362b_bounded_r2,True,
RUN_V2_ec86d5f32785eae71123362b_bounded_ccc,True,
RUN_V2_b82fbf9efbaeb4c3f67d86dc_row_alignment,True,
RUN_V2_b82fbf9efbaeb4c3f67d86dc_raw_rmse,True,
RUN_V2_b82fbf9efbaeb4c3f67d86dc_raw_mae,True,
RUN_V2_b82fbf9efbaeb4c3f67d86dc_raw_r2,True,
RUN_V2_b82fbf9efbaeb4c3f67d86dc_raw_ccc,True,
RUN_V2_b82fbf9efbaeb4c3f67d86dc_bounded_rmse,True,
RUN_V2_b82fbf9efbaeb4c3f67d86dc_bounded_mae,True,
RUN_V2_b82fbf9efbaeb4c3f67d86dc_bounded_r2,True,
RUN_V2_b82fbf9efbaeb4c3f67d86dc_bounded_ccc,True,
RUN_V2_04cfa5ae2ce9ce8d74892bea_row_alignment,True,
RUN_V2_04cfa5ae2ce9ce8d74892bea_raw_rmse,True,
RUN_V2_04cfa5ae2ce9ce8d74892bea_raw_mae,True,
RUN_V2_04cfa5ae2ce9ce8d74892bea_raw_r2,True,
RUN_V2_04cfa5ae2ce9ce8d74892bea_raw_ccc,True,
RUN_V2_04cfa5ae2ce9ce8d74892bea_bounded_rmse,True,
RUN_V2_04cfa5ae2ce9ce8d74892bea_bounded_mae,True,
RUN_V2_04cfa5ae2ce9ce8d74892bea_bounded_r2,True,
RUN_V2_04cfa5ae2ce9ce8d74892bea_bounded_ccc,True,
RUN_V2_92bcfa0d1404c751da6568d3_row_alignment,True,
RUN_V2_92bcfa0d1404c751da6568d3_raw_rmse,True,
RUN_V2_92bcfa0d1404c751da6568d3_raw_mae,True,
RUN_V2_92bcfa0d1404c751da6568d3_raw_r2,True,
RUN_V2_92bcfa0d1404c751da6568d3_raw_ccc,True,
RUN_V2_92bcfa0d1404c751da6568d3_bounded_rmse,True,
RUN_V2_92bcfa0d1404c751da6568d3_bounded_mae,True,
RUN_V2_92bcfa0d1404c751da6568d3_bounded_r2,True,
RUN_V2_92bcfa0d1404c751da6568d3_bounded_ccc,True,
RUN_V2_6516bd10435b0a6c5985e5e9_row_alignment,True,
RUN_V2_6516bd10435b0a6c5985e5e9_raw_rmse,True,
RUN_V2_6516bd10435b0a6c5985e5e9_raw_mae,True,
RUN_V2_6516bd10435b0a6c5985e5e9_raw_r2,True,
RUN_V2_6516bd10435b0a6c5985e5e9_raw_ccc,True,
RUN_V2_6516bd10435b0a6c5985e5e9_bounded_rmse,True,
RUN_V2_6516bd10435b0a6c5985e5e9_bounded_mae,True,
RUN_V2_6516bd10435b0a6c5985e5e9_bounded_r2,True,
RUN_V2_6516bd10435b0a6c5985e5e9_bounded_ccc,True,
tomato_second_test_tft_seeds,True,
RUN_V2_410f56070f4df238556d0d7f_row_alignment,True,
RUN_V2_410f56070f4df238556d0d7f_raw_rmse,True,
RUN_V2_410f56070f4df238556d0d7f_raw_mae,True,
RUN_V2_410f56070f4df238556d0d7f_raw_r2,True,
RUN_V2_410f56070f4df238556d0d7f_raw_ccc,True,
RUN_V2_410f56070f4df238556d0d7f_bounded_rmse,True,
RUN_V2_410f56070f4df238556d0d7f_bounded_mae,True,
RUN_V2_410f56070f4df238556d0d7f_bounded_r2,True,
RUN_V2_410f56070f4df238556d0d7f_bounded_ccc,True,
RUN_V2_6304f374019900b79d35f066_row_alignment,True,
RUN_V2_6304f374019900b79d35f066_raw_rmse,True,
RUN_V2_6304f374019900b79d35f066_raw_mae,True,
RUN_V2_6304f374019900b79d35f066_raw_r2,True,
RUN_V2_6304f374019900b79d35f066_raw_ccc,True,
RUN_V2_6304f374019900b79d35f066_bounded_rmse,True,
RUN_V2_6304f374019900b79d35f066_bounded_mae,True,
RUN_V2_6304f374019900b79d35f066_bounded_r2,True,
RUN_V2_6304f374019900b79d35f066_bounded_ccc,True,
RUN_V2_63316961e6c7c3db8e2b2e38_row_alignment,True,
RUN_V2_63316961e6c7c3db8e2b2e38_raw_rmse,True,
RUN_V2_63316961e6c7c3db8e2b2e38_raw_mae,True,
RUN_V2_63316961e6c7c3db8e2b2e38_raw_r2,True,
RUN_V2_63316961e6c7c3db8e2b2e38_raw_ccc,True,
RUN_V2_63316961e6c7c3db8e2b2e38_bounded_rmse,True,
RUN_V2_63316961e6c7c3db8e2b2e38_bounded_mae,True,
RUN_V2_63316961e6c7c3db8e2b2e38_bounded_r2,True,
RUN_V2_63316961e6c7c3db8e2b2e38_bounded_ccc,True,
RUN_V2_ee77f2fb3021acd22a48cdc0_row_alignment,True,
RUN_V2_ee77f2fb3021acd22a48cdc0_raw_rmse,True,
RUN_V2_ee77f2fb3021acd22a48cdc0_raw_mae,True,
RUN_V2_ee77f2fb3021acd22a48cdc0_raw_r2,True,
RUN_V2_ee77f2fb3021acd22a48cdc0_raw_ccc,True,
RUN_V2_ee77f2fb3021acd22a48cdc0_bounded_rmse,True,
RUN_V2_ee77f2fb3021acd22a48cdc0_bounded_mae,True,
RUN_V2_ee77f2fb3021acd22a48cdc0_bounded_r2,True,
RUN_V2_ee77f2fb3021acd22a48cdc0_bounded_ccc,True,
RUN_V2_6263b3f2498616a19ddd1fc8_row_alignment,True,
RUN_V2_6263b3f2498616a19ddd1fc8_raw_rmse,True,
RUN_V2_6263b3f2498616a19ddd1fc8_raw_mae,True,
RUN_V2_6263b3f2498616a19ddd1fc8_raw_r2,True,
RUN_V2_6263b3f2498616a19ddd1fc8_raw_ccc,True,
RUN_V2_6263b3f2498616a19ddd1fc8_bounded_rmse,True,
RUN_V2_6263b3f2498616a19ddd1fc8_bounded_mae,True,
RUN_V2_6263b3f2498616a19ddd1fc8_bounded_r2,True,
RUN_V2_6263b3f2498616a19ddd1fc8_bounded_ccc,True,
tomato_second_test_persistence_seeds,True,
RUN_V2_dca64d63dac9b3efcbbe1377_row_alignment,True,
RUN_V2_dca64d63dac9b3efcbbe1377_raw_rmse,True,
RUN_V2_dca64d63dac9b3efcbbe1377_raw_mae,True,
RUN_V2_dca64d63dac9b3efcbbe1377_raw_r2,True,
RUN_V2_dca64d63dac9b3efcbbe1377_raw_ccc,True,
RUN_V2_dca64d63dac9b3efcbbe1377_bounded_rmse,True,
RUN_V2_dca64d63dac9b3efcbbe1377_bounded_mae,True,
RUN_V2_dca64d63dac9b3efcbbe1377_bounded_r2,True,
RUN_V2_dca64d63dac9b3efcbbe1377_bounded_ccc,True,
tomato_third_complete,True,
tomato_third_index_matches_files,True,
tomato_third_all_group_model_pairs,True,
tomato_third_same_eval_rows,True,
tomato_third_five_validation_seeds,True,
tomato_third_train_hash,True,
tomato_third_train_unique_rows,True,
tomato_third_train_future_label,True,
tomato_third_validation_hash,True,
tomato_third_validation_unique_rows,True,
tomato_third_validation_future_label,True,
tomato_third_validation_facility_disjoint,True,
tomato_third_validation_poisson_seeds,True,
RUN_V2_5055f6bec86ab00531913c43_row_alignment,True,
RUN_V2_5055f6bec86ab00531913c43_raw_rmse,True,
RUN_V2_5055f6bec86ab00531913c43_raw_mae,True,
RUN_V2_5055f6bec86ab00531913c43_raw_r2,True,
RUN_V2_5055f6bec86ab00531913c43_raw_ccc,True,
RUN_V2_5055f6bec86ab00531913c43_bounded_rmse,True,
RUN_V2_5055f6bec86ab00531913c43_bounded_mae,True,
RUN_V2_5055f6bec86ab00531913c43_bounded_r2,True,
RUN_V2_5055f6bec86ab00531913c43_bounded_ccc,True,
RUN_V2_05ab3ccb57d3e5ed513e5479_row_alignment,True,
RUN_V2_05ab3ccb57d3e5ed513e5479_raw_rmse,True,
RUN_V2_05ab3ccb57d3e5ed513e5479_raw_mae,True,
RUN_V2_05ab3ccb57d3e5ed513e5479_raw_r2,True,
RUN_V2_05ab3ccb57d3e5ed513e5479_raw_ccc,True,
RUN_V2_05ab3ccb57d3e5ed513e5479_bounded_rmse,True,
RUN_V2_05ab3ccb57d3e5ed513e5479_bounded_mae,True,
RUN_V2_05ab3ccb57d3e5ed513e5479_bounded_r2,True,
RUN_V2_05ab3ccb57d3e5ed513e5479_bounded_ccc,True,
RUN_V2_220886fca014fc23309266ff_row_alignment,True,
RUN_V2_220886fca014fc23309266ff_raw_rmse,True,
RUN_V2_220886fca014fc23309266ff_raw_mae,True,
RUN_V2_220886fca014fc23309266ff_raw_r2,True,
RUN_V2_220886fca014fc23309266ff_raw_ccc,True,
RUN_V2_220886fca014fc23309266ff_bounded_rmse,True,
RUN_V2_220886fca014fc23309266ff_bounded_mae,True,
RUN_V2_220886fca014fc23309266ff_bounded_r2,True,
RUN_V2_220886fca014fc23309266ff_bounded_ccc,True,
RUN_V2_f8bbfe79d05987c3b32b9435_row_alignment,True,
RUN_V2_f8bbfe79d05987c3b32b9435_raw_rmse,True,
RUN_V2_f8bbfe79d05987c3b32b9435_raw_mae,True,
RUN_V2_f8bbfe79d05987c3b32b9435_raw_r2,True,
RUN_V2_f8bbfe79d05987c3b32b9435_raw_ccc,True,
RUN_V2_f8bbfe79d05987c3b32b9435_bounded_rmse,True,
RUN_V2_f8bbfe79d05987c3b32b9435_bounded_mae,True,
RUN_V2_f8bbfe79d05987c3b32b9435_bounded_r2,True,
RUN_V2_f8bbfe79d05987c3b32b9435_bounded_ccc,True,
RUN_V2_f18f513011f7bd36ad4c3c7c_row_alignment,True,
RUN_V2_f18f513011f7bd36ad4c3c7c_raw_rmse,True,
RUN_V2_f18f513011f7bd36ad4c3c7c_raw_mae,True,
RUN_V2_f18f513011f7bd36ad4c3c7c_raw_r2,True,
RUN_V2_f18f513011f7bd36ad4c3c7c_raw_ccc,True,
RUN_V2_f18f513011f7bd36ad4c3c7c_bounded_rmse,True,
RUN_V2_f18f513011f7bd36ad4c3c7c_bounded_mae,True,
RUN_V2_f18f513011f7bd36ad4c3c7c_bounded_r2,True,
RUN_V2_f18f513011f7bd36ad4c3c7c_bounded_ccc,True,
tomato_third_validation_random_forest_seeds,True,
RUN_V2_ec8705ebeb5e618f1f32ca81_row_alignment,True,
RUN_V2_ec8705ebeb5e618f1f32ca81_raw_rmse,True,
RUN_V2_ec8705ebeb5e618f1f32ca81_raw_mae,True,
RUN_V2_ec8705ebeb5e618f1f32ca81_raw_r2,True,
RUN_V2_ec8705ebeb5e618f1f32ca81_raw_ccc,True,
RUN_V2_ec8705ebeb5e618f1f32ca81_bounded_rmse,True,
RUN_V2_ec8705ebeb5e618f1f32ca81_bounded_mae,True,
RUN_V2_ec8705ebeb5e618f1f32ca81_bounded_r2,True,
RUN_V2_ec8705ebeb5e618f1f32ca81_bounded_ccc,True,
RUN_V2_fa7f1a1be9bc08c45ae61798_row_alignment,True,
RUN_V2_fa7f1a1be9bc08c45ae61798_raw_rmse,True,
RUN_V2_fa7f1a1be9bc08c45ae61798_raw_mae,True,
RUN_V2_fa7f1a1be9bc08c45ae61798_raw_r2,True,
RUN_V2_fa7f1a1be9bc08c45ae61798_raw_ccc,True,
RUN_V2_fa7f1a1be9bc08c45ae61798_bounded_rmse,True,
RUN_V2_fa7f1a1be9bc08c45ae61798_bounded_mae,True,
RUN_V2_fa7f1a1be9bc08c45ae61798_bounded_r2,True,
RUN_V2_fa7f1a1be9bc08c45ae61798_bounded_ccc,True,
RUN_V2_695fcda9ad3bd23e00b849d9_row_alignment,True,
RUN_V2_695fcda9ad3bd23e00b849d9_raw_rmse,True,
RUN_V2_695fcda9ad3bd23e00b849d9_raw_mae,True,
RUN_V2_695fcda9ad3bd23e00b849d9_raw_r2,True,
RUN_V2_695fcda9ad3bd23e00b849d9_raw_ccc,True,
RUN_V2_695fcda9ad3bd23e00b849d9_bounded_rmse,True,
RUN_V2_695fcda9ad3bd23e00b849d9_bounded_mae,True,
RUN_V2_695fcda9ad3bd23e00b849d9_bounded_r2,True,
RUN_V2_695fcda9ad3bd23e00b849d9_bounded_ccc,True,
RUN_V2_ea5082e310a3c9f05a10e42b_row_alignment,True,
RUN_V2_ea5082e310a3c9f05a10e42b_raw_rmse,True,
RUN_V2_ea5082e310a3c9f05a10e42b_raw_mae,True,
RUN_V2_ea5082e310a3c9f05a10e42b_raw_r2,True,
RUN_V2_ea5082e310a3c9f05a10e42b_raw_ccc,True,
RUN_V2_ea5082e310a3c9f05a10e42b_bounded_rmse,True,
RUN_V2_ea5082e310a3c9f05a10e42b_bounded_mae,True,
RUN_V2_ea5082e310a3c9f05a10e42b_bounded_r2,True,
RUN_V2_ea5082e310a3c9f05a10e42b_bounded_ccc,True,
RUN_V2_6370838ebe08deaa25fd442f_row_alignment,True,
RUN_V2_6370838ebe08deaa25fd442f_raw_rmse,True,
RUN_V2_6370838ebe08deaa25fd442f_raw_mae,True,
RUN_V2_6370838ebe08deaa25fd442f_raw_r2,True,
RUN_V2_6370838ebe08deaa25fd442f_raw_ccc,True,
RUN_V2_6370838ebe08deaa25fd442f_bounded_rmse,True,
RUN_V2_6370838ebe08deaa25fd442f_bounded_mae,True,
RUN_V2_6370838ebe08deaa25fd442f_bounded_r2,True,
RUN_V2_6370838ebe08deaa25fd442f_bounded_ccc,True,
tomato_third_validation_catboost_seeds,True,
RUN_V2_80332a71420b9c558023e641_row_alignment,True,
RUN_V2_80332a71420b9c558023e641_raw_rmse,True,
RUN_V2_80332a71420b9c558023e641_raw_mae,True,
RUN_V2_80332a71420b9c558023e641_raw_r2,True,
RUN_V2_80332a71420b9c558023e641_raw_ccc,True,
RUN_V2_80332a71420b9c558023e641_bounded_rmse,True,
RUN_V2_80332a71420b9c558023e641_bounded_mae,True,
RUN_V2_80332a71420b9c558023e641_bounded_r2,True,
RUN_V2_80332a71420b9c558023e641_bounded_ccc,True,
RUN_V2_be5942573579cff84bb2c31c_row_alignment,True,
RUN_V2_be5942573579cff84bb2c31c_raw_rmse,True,
RUN_V2_be5942573579cff84bb2c31c_raw_mae,True,
RUN_V2_be5942573579cff84bb2c31c_raw_r2,True,
RUN_V2_be5942573579cff84bb2c31c_raw_ccc,True,
RUN_V2_be5942573579cff84bb2c31c_bounded_rmse,True,
RUN_V2_be5942573579cff84bb2c31c_bounded_mae,True,
RUN_V2_be5942573579cff84bb2c31c_bounded_r2,True,
RUN_V2_be5942573579cff84bb2c31c_bounded_ccc,True,
RUN_V2_41feb20074a52334ebaa6996_row_alignment,True,
RUN_V2_41feb20074a52334ebaa6996_raw_rmse,True,
RUN_V2_41feb20074a52334ebaa6996_raw_mae,True,
RUN_V2_41feb20074a52334ebaa6996_raw_r2,True,
RUN_V2_41feb20074a52334ebaa6996_raw_ccc,True,
RUN_V2_41feb20074a52334ebaa6996_bounded_rmse,True,
RUN_V2_41feb20074a52334ebaa6996_bounded_mae,True,
RUN_V2_41feb20074a52334ebaa6996_bounded_r2,True,
RUN_V2_41feb20074a52334ebaa6996_bounded_ccc,True,
RUN_V2_89f87d9dfa5ba8647acbcee6_row_alignment,True,
RUN_V2_89f87d9dfa5ba8647acbcee6_raw_rmse,True,
RUN_V2_89f87d9dfa5ba8647acbcee6_raw_mae,True,
RUN_V2_89f87d9dfa5ba8647acbcee6_raw_r2,True,
RUN_V2_89f87d9dfa5ba8647acbcee6_raw_ccc,True,
RUN_V2_89f87d9dfa5ba8647acbcee6_bounded_rmse,True,
RUN_V2_89f87d9dfa5ba8647acbcee6_bounded_mae,True,
RUN_V2_89f87d9dfa5ba8647acbcee6_bounded_r2,True,
RUN_V2_89f87d9dfa5ba8647acbcee6_bounded_ccc,True,
RUN_V2_0ef9ac259c0186f640cc38b9_row_alignment,True,
RUN_V2_0ef9ac259c0186f640cc38b9_raw_rmse,True,
RUN_V2_0ef9ac259c0186f640cc38b9_raw_mae,True,
RUN_V2_0ef9ac259c0186f640cc38b9_raw_r2,True,
RUN_V2_0ef9ac259c0186f640cc38b9_raw_ccc,True,
RUN_V2_0ef9ac259c0186f640cc38b9_bounded_rmse,True,
RUN_V2_0ef9ac259c0186f640cc38b9_bounded_mae,True,
RUN_V2_0ef9ac259c0186f640cc38b9_bounded_r2,True,
RUN_V2_0ef9ac259c0186f640cc38b9_bounded_ccc,True,
tomato_third_validation_mlp_seeds,True,
RUN_V2_472f988cc74496f5aa0b481c_row_alignment,True,
RUN_V2_472f988cc74496f5aa0b481c_raw_rmse,True,
RUN_V2_472f988cc74496f5aa0b481c_raw_mae,True,
RUN_V2_472f988cc74496f5aa0b481c_raw_r2,True,
RUN_V2_472f988cc74496f5aa0b481c_raw_ccc,True,
RUN_V2_472f988cc74496f5aa0b481c_bounded_rmse,True,
RUN_V2_472f988cc74496f5aa0b481c_bounded_mae,True,
RUN_V2_472f988cc74496f5aa0b481c_bounded_r2,True,
RUN_V2_472f988cc74496f5aa0b481c_bounded_ccc,True,
RUN_V2_70e50676bbedfcf18b073fbf_row_alignment,True,
RUN_V2_70e50676bbedfcf18b073fbf_raw_rmse,True,
RUN_V2_70e50676bbedfcf18b073fbf_raw_mae,True,
RUN_V2_70e50676bbedfcf18b073fbf_raw_r2,True,
RUN_V2_70e50676bbedfcf18b073fbf_raw_ccc,True,
RUN_V2_70e50676bbedfcf18b073fbf_bounded_rmse,True,
RUN_V2_70e50676bbedfcf18b073fbf_bounded_mae,True,
RUN_V2_70e50676bbedfcf18b073fbf_bounded_r2,True,
RUN_V2_70e50676bbedfcf18b073fbf_bounded_ccc,True,
RUN_V2_e350189e3b381c1197c2c81c_row_alignment,True,
RUN_V2_e350189e3b381c1197c2c81c_raw_rmse,True,
RUN_V2_e350189e3b381c1197c2c81c_raw_mae,True,
RUN_V2_e350189e3b381c1197c2c81c_raw_r2,True,
RUN_V2_e350189e3b381c1197c2c81c_raw_ccc,True,
RUN_V2_e350189e3b381c1197c2c81c_bounded_rmse,True,
RUN_V2_e350189e3b381c1197c2c81c_bounded_mae,True,
RUN_V2_e350189e3b381c1197c2c81c_bounded_r2,True,
RUN_V2_e350189e3b381c1197c2c81c_bounded_ccc,True,
RUN_V2_d3f978cc8df5b07e2abcdcdc_row_alignment,True,
RUN_V2_d3f978cc8df5b07e2abcdcdc_raw_rmse,True,
RUN_V2_d3f978cc8df5b07e2abcdcdc_raw_mae,True,
RUN_V2_d3f978cc8df5b07e2abcdcdc_raw_r2,True,
RUN_V2_d3f978cc8df5b07e2abcdcdc_raw_ccc,True,
RUN_V2_d3f978cc8df5b07e2abcdcdc_bounded_rmse,True,
RUN_V2_d3f978cc8df5b07e2abcdcdc_bounded_mae,True,
RUN_V2_d3f978cc8df5b07e2abcdcdc_bounded_r2,True,
RUN_V2_d3f978cc8df5b07e2abcdcdc_bounded_ccc,True,
RUN_V2_2ae5de27b2aeb57bc27c05f7_row_alignment,True,
RUN_V2_2ae5de27b2aeb57bc27c05f7_raw_rmse,True,
RUN_V2_2ae5de27b2aeb57bc27c05f7_raw_mae,True,
RUN_V2_2ae5de27b2aeb57bc27c05f7_raw_r2,True,
RUN_V2_2ae5de27b2aeb57bc27c05f7_raw_ccc,True,
RUN_V2_2ae5de27b2aeb57bc27c05f7_bounded_rmse,True,
RUN_V2_2ae5de27b2aeb57bc27c05f7_bounded_mae,True,
RUN_V2_2ae5de27b2aeb57bc27c05f7_bounded_r2,True,
RUN_V2_2ae5de27b2aeb57bc27c05f7_bounded_ccc,True,
tomato_third_validation_tabm_seeds,True,
RUN_V2_9de03c94a5c21e571a037bba_row_alignment,True,
RUN_V2_9de03c94a5c21e571a037bba_raw_rmse,True,
RUN_V2_9de03c94a5c21e571a037bba_raw_mae,True,
RUN_V2_9de03c94a5c21e571a037bba_raw_r2,True,
RUN_V2_9de03c94a5c21e571a037bba_raw_ccc,True,
RUN_V2_9de03c94a5c21e571a037bba_bounded_rmse,True,
RUN_V2_9de03c94a5c21e571a037bba_bounded_mae,True,
RUN_V2_9de03c94a5c21e571a037bba_bounded_r2,True,
RUN_V2_9de03c94a5c21e571a037bba_bounded_ccc,True,
RUN_V2_564d23af51a3fd139c1d3e2b_row_alignment,True,
RUN_V2_564d23af51a3fd139c1d3e2b_raw_rmse,True,
RUN_V2_564d23af51a3fd139c1d3e2b_raw_mae,True,
RUN_V2_564d23af51a3fd139c1d3e2b_raw_r2,True,
RUN_V2_564d23af51a3fd139c1d3e2b_raw_ccc,True,
RUN_V2_564d23af51a3fd139c1d3e2b_bounded_rmse,True,
RUN_V2_564d23af51a3fd139c1d3e2b_bounded_mae,True,
RUN_V2_564d23af51a3fd139c1d3e2b_bounded_r2,True,
RUN_V2_564d23af51a3fd139c1d3e2b_bounded_ccc,True,
RUN_V2_d9564eb82a68003ebabffa11_row_alignment,True,
RUN_V2_d9564eb82a68003ebabffa11_raw_rmse,True,
RUN_V2_d9564eb82a68003ebabffa11_raw_mae,True,
RUN_V2_d9564eb82a68003ebabffa11_raw_r2,True,
RUN_V2_d9564eb82a68003ebabffa11_raw_ccc,True,
RUN_V2_d9564eb82a68003ebabffa11_bounded_rmse,True,
RUN_V2_d9564eb82a68003ebabffa11_bounded_mae,True,
RUN_V2_d9564eb82a68003ebabffa11_bounded_r2,True,
RUN_V2_d9564eb82a68003ebabffa11_bounded_ccc,True,
RUN_V2_f0a1fa333843aabe08d526c9_row_alignment,True,
RUN_V2_f0a1fa333843aabe08d526c9_raw_rmse,True,
RUN_V2_f0a1fa333843aabe08d526c9_raw_mae,True,
RUN_V2_f0a1fa333843aabe08d526c9_raw_r2,True,
RUN_V2_f0a1fa333843aabe08d526c9_raw_ccc,True,
RUN_V2_f0a1fa333843aabe08d526c9_bounded_rmse,True,
RUN_V2_f0a1fa333843aabe08d526c9_bounded_mae,True,
RUN_V2_f0a1fa333843aabe08d526c9_bounded_r2,True,
RUN_V2_f0a1fa333843aabe08d526c9_bounded_ccc,True,
RUN_V2_d92cec30527ce445ed78cdbf_row_alignment,True,
RUN_V2_d92cec30527ce445ed78cdbf_raw_rmse,True,
RUN_V2_d92cec30527ce445ed78cdbf_raw_mae,True,
RUN_V2_d92cec30527ce445ed78cdbf_raw_r2,True,
RUN_V2_d92cec30527ce445ed78cdbf_raw_ccc,True,
RUN_V2_d92cec30527ce445ed78cdbf_bounded_rmse,True,
RUN_V2_d92cec30527ce445ed78cdbf_bounded_mae,True,
RUN_V2_d92cec30527ce445ed78cdbf_bounded_r2,True,
RUN_V2_d92cec30527ce445ed78cdbf_bounded_ccc,True,
tomato_third_validation_tft_seeds,True,
RUN_V2_cb111bdf7cf47bae4849cc83_row_alignment,True,
RUN_V2_cb111bdf7cf47bae4849cc83_raw_rmse,True,
RUN_V2_cb111bdf7cf47bae4849cc83_raw_mae,True,
RUN_V2_cb111bdf7cf47bae4849cc83_raw_r2,True,
RUN_V2_cb111bdf7cf47bae4849cc83_raw_ccc,True,
RUN_V2_cb111bdf7cf47bae4849cc83_bounded_rmse,True,
RUN_V2_cb111bdf7cf47bae4849cc83_bounded_mae,True,
RUN_V2_cb111bdf7cf47bae4849cc83_bounded_r2,True,
RUN_V2_cb111bdf7cf47bae4849cc83_bounded_ccc,True,
RUN_V2_b00d78adf5a2895f5562420d_row_alignment,True,
RUN_V2_b00d78adf5a2895f5562420d_raw_rmse,True,
RUN_V2_b00d78adf5a2895f5562420d_raw_mae,True,
RUN_V2_b00d78adf5a2895f5562420d_raw_r2,True,
RUN_V2_b00d78adf5a2895f5562420d_raw_ccc,True,
RUN_V2_b00d78adf5a2895f5562420d_bounded_rmse,True,
RUN_V2_b00d78adf5a2895f5562420d_bounded_mae,True,
RUN_V2_b00d78adf5a2895f5562420d_bounded_r2,True,
RUN_V2_b00d78adf5a2895f5562420d_bounded_ccc,True,
RUN_V2_ca2270d0bc1469ef5fdfdfcf_row_alignment,True,
RUN_V2_ca2270d0bc1469ef5fdfdfcf_raw_rmse,True,
RUN_V2_ca2270d0bc1469ef5fdfdfcf_raw_mae,True,
RUN_V2_ca2270d0bc1469ef5fdfdfcf_raw_r2,True,
RUN_V2_ca2270d0bc1469ef5fdfdfcf_raw_ccc,True,
RUN_V2_ca2270d0bc1469ef5fdfdfcf_bounded_rmse,True,
RUN_V2_ca2270d0bc1469ef5fdfdfcf_bounded_mae,True,
RUN_V2_ca2270d0bc1469ef5fdfdfcf_bounded_r2,True,
RUN_V2_ca2270d0bc1469ef5fdfdfcf_bounded_ccc,True,
RUN_V2_2a5e46f91b28c035db4b6bb6_row_alignment,True,
RUN_V2_2a5e46f91b28c035db4b6bb6_raw_rmse,True,
RUN_V2_2a5e46f91b28c035db4b6bb6_raw_mae,True,
RUN_V2_2a5e46f91b28c035db4b6bb6_raw_r2,True,
RUN_V2_2a5e46f91b28c035db4b6bb6_raw_ccc,True,
RUN_V2_2a5e46f91b28c035db4b6bb6_bounded_rmse,True,
RUN_V2_2a5e46f91b28c035db4b6bb6_bounded_mae,True,
RUN_V2_2a5e46f91b28c035db4b6bb6_bounded_r2,True,
RUN_V2_2a5e46f91b28c035db4b6bb6_bounded_ccc,True,
RUN_V2_9caba7ceed4d321795fac0b4_row_alignment,True,
RUN_V2_9caba7ceed4d321795fac0b4_raw_rmse,True,
RUN_V2_9caba7ceed4d321795fac0b4_raw_mae,True,
RUN_V2_9caba7ceed4d321795fac0b4_raw_r2,True,
RUN_V2_9caba7ceed4d321795fac0b4_raw_ccc,True,
RUN_V2_9caba7ceed4d321795fac0b4_bounded_rmse,True,
RUN_V2_9caba7ceed4d321795fac0b4_bounded_mae,True,
RUN_V2_9caba7ceed4d321795fac0b4_bounded_r2,True,
RUN_V2_9caba7ceed4d321795fac0b4_bounded_ccc,True,
tomato_third_validation_persistence_seeds,True,
RUN_V2_a051a863d89c2d4faacda7b6_row_alignment,True,
RUN_V2_a051a863d89c2d4faacda7b6_raw_rmse,True,
RUN_V2_a051a863d89c2d4faacda7b6_raw_mae,True,
RUN_V2_a051a863d89c2d4faacda7b6_raw_r2,True,
RUN_V2_a051a863d89c2d4faacda7b6_raw_ccc,True,
RUN_V2_a051a863d89c2d4faacda7b6_bounded_rmse,True,
RUN_V2_a051a863d89c2d4faacda7b6_bounded_mae,True,
RUN_V2_a051a863d89c2d4faacda7b6_bounded_r2,True,
RUN_V2_a051a863d89c2d4faacda7b6_bounded_ccc,True,
tomato_third_test_hash,True,
tomato_third_test_unique_rows,True,
tomato_third_test_future_label,True,
tomato_third_test_facility_disjoint,True,
tomato_third_val_test_disjoint,True,
tomato_third_test_poisson_seeds,True,
RUN_V2_71b453dcdcf6fb6ccbdc1726_row_alignment,True,
RUN_V2_71b453dcdcf6fb6ccbdc1726_raw_rmse,True,
RUN_V2_71b453dcdcf6fb6ccbdc1726_raw_mae,True,
RUN_V2_71b453dcdcf6fb6ccbdc1726_raw_r2,True,
RUN_V2_71b453dcdcf6fb6ccbdc1726_raw_ccc,True,
RUN_V2_71b453dcdcf6fb6ccbdc1726_bounded_rmse,True,
RUN_V2_71b453dcdcf6fb6ccbdc1726_bounded_mae,True,
RUN_V2_71b453dcdcf6fb6ccbdc1726_bounded_r2,True,
RUN_V2_71b453dcdcf6fb6ccbdc1726_bounded_ccc,True,
RUN_V2_dcdad0f7c6bc9db7be074309_row_alignment,True,
RUN_V2_dcdad0f7c6bc9db7be074309_raw_rmse,True,
RUN_V2_dcdad0f7c6bc9db7be074309_raw_mae,True,
RUN_V2_dcdad0f7c6bc9db7be074309_raw_r2,True,
RUN_V2_dcdad0f7c6bc9db7be074309_raw_ccc,True,
RUN_V2_dcdad0f7c6bc9db7be074309_bounded_rmse,True,
RUN_V2_dcdad0f7c6bc9db7be074309_bounded_mae,True,
RUN_V2_dcdad0f7c6bc9db7be074309_bounded_r2,True,
RUN_V2_dcdad0f7c6bc9db7be074309_bounded_ccc,True,
RUN_V2_498a5f60ac47641b2a06e008_row_alignment,True,
RUN_V2_498a5f60ac47641b2a06e008_raw_rmse,True,
RUN_V2_498a5f60ac47641b2a06e008_raw_mae,True,
RUN_V2_498a5f60ac47641b2a06e008_raw_r2,True,
RUN_V2_498a5f60ac47641b2a06e008_raw_ccc,True,
RUN_V2_498a5f60ac47641b2a06e008_bounded_rmse,True,
RUN_V2_498a5f60ac47641b2a06e008_bounded_mae,True,
RUN_V2_498a5f60ac47641b2a06e008_bounded_r2,True,
RUN_V2_498a5f60ac47641b2a06e008_bounded_ccc,True,
RUN_V2_d24d963575a8a518ea7844f1_row_alignment,True,
RUN_V2_d24d963575a8a518ea7844f1_raw_rmse,True,
RUN_V2_d24d963575a8a518ea7844f1_raw_mae,True,
RUN_V2_d24d963575a8a518ea7844f1_raw_r2,True,
RUN_V2_d24d963575a8a518ea7844f1_raw_ccc,True,
RUN_V2_d24d963575a8a518ea7844f1_bounded_rmse,True,
RUN_V2_d24d963575a8a518ea7844f1_bounded_mae,True,
RUN_V2_d24d963575a8a518ea7844f1_bounded_r2,True,
RUN_V2_d24d963575a8a518ea7844f1_bounded_ccc,True,
RUN_V2_b833c094f40cce516579d764_row_alignment,True,
RUN_V2_b833c094f40cce516579d764_raw_rmse,True,
RUN_V2_b833c094f40cce516579d764_raw_mae,True,
RUN_V2_b833c094f40cce516579d764_raw_r2,True,
RUN_V2_b833c094f40cce516579d764_raw_ccc,True,
RUN_V2_b833c094f40cce516579d764_bounded_rmse,True,
RUN_V2_b833c094f40cce516579d764_bounded_mae,True,
RUN_V2_b833c094f40cce516579d764_bounded_r2,True,
RUN_V2_b833c094f40cce516579d764_bounded_ccc,True,
tomato_third_test_random_forest_seeds,True,
RUN_V2_082e74dc2d33fb706e3899ea_row_alignment,True,
RUN_V2_082e74dc2d33fb706e3899ea_raw_rmse,True,
RUN_V2_082e74dc2d33fb706e3899ea_raw_mae,True,
RUN_V2_082e74dc2d33fb706e3899ea_raw_r2,True,
RUN_V2_082e74dc2d33fb706e3899ea_raw_ccc,True,
RUN_V2_082e74dc2d33fb706e3899ea_bounded_rmse,True,
RUN_V2_082e74dc2d33fb706e3899ea_bounded_mae,True,
RUN_V2_082e74dc2d33fb706e3899ea_bounded_r2,True,
RUN_V2_082e74dc2d33fb706e3899ea_bounded_ccc,True,
RUN_V2_e764dc94119578c9529c06c9_row_alignment,True,
RUN_V2_e764dc94119578c9529c06c9_raw_rmse,True,
RUN_V2_e764dc94119578c9529c06c9_raw_mae,True,
RUN_V2_e764dc94119578c9529c06c9_raw_r2,True,
RUN_V2_e764dc94119578c9529c06c9_raw_ccc,True,
RUN_V2_e764dc94119578c9529c06c9_bounded_rmse,True,
RUN_V2_e764dc94119578c9529c06c9_bounded_mae,True,
RUN_V2_e764dc94119578c9529c06c9_bounded_r2,True,
RUN_V2_e764dc94119578c9529c06c9_bounded_ccc,True,
RUN_V2_b1277f55a1e9ed5da68f32db_row_alignment,True,
RUN_V2_b1277f55a1e9ed5da68f32db_raw_rmse,True,
RUN_V2_b1277f55a1e9ed5da68f32db_raw_mae,True,
RUN_V2_b1277f55a1e9ed5da68f32db_raw_r2,True,
RUN_V2_b1277f55a1e9ed5da68f32db_raw_ccc,True,
RUN_V2_b1277f55a1e9ed5da68f32db_bounded_rmse,True,
RUN_V2_b1277f55a1e9ed5da68f32db_bounded_mae,True,
RUN_V2_b1277f55a1e9ed5da68f32db_bounded_r2,True,
RUN_V2_b1277f55a1e9ed5da68f32db_bounded_ccc,True,
RUN_V2_7903697ba3f579457cfd60d6_row_alignment,True,
RUN_V2_7903697ba3f579457cfd60d6_raw_rmse,True,
RUN_V2_7903697ba3f579457cfd60d6_raw_mae,True,
RUN_V2_7903697ba3f579457cfd60d6_raw_r2,True,
RUN_V2_7903697ba3f579457cfd60d6_raw_ccc,True,
RUN_V2_7903697ba3f579457cfd60d6_bounded_rmse,True,
RUN_V2_7903697ba3f579457cfd60d6_bounded_mae,True,
RUN_V2_7903697ba3f579457cfd60d6_bounded_r2,True,
RUN_V2_7903697ba3f579457cfd60d6_bounded_ccc,True,
RUN_V2_8f01ed139636edbb0ed9cfb9_row_alignment,True,
RUN_V2_8f01ed139636edbb0ed9cfb9_raw_rmse,True,
RUN_V2_8f01ed139636edbb0ed9cfb9_raw_mae,True,
RUN_V2_8f01ed139636edbb0ed9cfb9_raw_r2,True,
RUN_V2_8f01ed139636edbb0ed9cfb9_raw_ccc,True,
RUN_V2_8f01ed139636edbb0ed9cfb9_bounded_rmse,True,
RUN_V2_8f01ed139636edbb0ed9cfb9_bounded_mae,True,
RUN_V2_8f01ed139636edbb0ed9cfb9_bounded_r2,True,
RUN_V2_8f01ed139636edbb0ed9cfb9_bounded_ccc,True,
tomato_third_test_catboost_seeds,True,
RUN_V2_4a9a607cab0b83ec7e899376_row_alignment,True,
RUN_V2_4a9a607cab0b83ec7e899376_raw_rmse,True,
RUN_V2_4a9a607cab0b83ec7e899376_raw_mae,True,
RUN_V2_4a9a607cab0b83ec7e899376_raw_r2,True,
RUN_V2_4a9a607cab0b83ec7e899376_raw_ccc,True,
RUN_V2_4a9a607cab0b83ec7e899376_bounded_rmse,True,
RUN_V2_4a9a607cab0b83ec7e899376_bounded_mae,True,
RUN_V2_4a9a607cab0b83ec7e899376_bounded_r2,True,
RUN_V2_4a9a607cab0b83ec7e899376_bounded_ccc,True,
RUN_V2_bfd6c9bd23a56e155e044f18_row_alignment,True,
RUN_V2_bfd6c9bd23a56e155e044f18_raw_rmse,True,
RUN_V2_bfd6c9bd23a56e155e044f18_raw_mae,True,
RUN_V2_bfd6c9bd23a56e155e044f18_raw_r2,True,
RUN_V2_bfd6c9bd23a56e155e044f18_raw_ccc,True,
RUN_V2_bfd6c9bd23a56e155e044f18_bounded_rmse,True,
RUN_V2_bfd6c9bd23a56e155e044f18_bounded_mae,True,
RUN_V2_bfd6c9bd23a56e155e044f18_bounded_r2,True,
RUN_V2_bfd6c9bd23a56e155e044f18_bounded_ccc,True,
RUN_V2_413abe487695a2b5b85e4f4c_row_alignment,True,
RUN_V2_413abe487695a2b5b85e4f4c_raw_rmse,True,
RUN_V2_413abe487695a2b5b85e4f4c_raw_mae,True,
RUN_V2_413abe487695a2b5b85e4f4c_raw_r2,True,
RUN_V2_413abe487695a2b5b85e4f4c_raw_ccc,True,
RUN_V2_413abe487695a2b5b85e4f4c_bounded_rmse,True,
RUN_V2_413abe487695a2b5b85e4f4c_bounded_mae,True,
RUN_V2_413abe487695a2b5b85e4f4c_bounded_r2,True,
RUN_V2_413abe487695a2b5b85e4f4c_bounded_ccc,True,
RUN_V2_949299a1d6cbb1c7211f7682_row_alignment,True,
RUN_V2_949299a1d6cbb1c7211f7682_raw_rmse,True,
RUN_V2_949299a1d6cbb1c7211f7682_raw_mae,True,
RUN_V2_949299a1d6cbb1c7211f7682_raw_r2,True,
RUN_V2_949299a1d6cbb1c7211f7682_raw_ccc,True,
RUN_V2_949299a1d6cbb1c7211f7682_bounded_rmse,True,
RUN_V2_949299a1d6cbb1c7211f7682_bounded_mae,True,
RUN_V2_949299a1d6cbb1c7211f7682_bounded_r2,True,
RUN_V2_949299a1d6cbb1c7211f7682_bounded_ccc,True,
RUN_V2_81438932b277c3ecc303e92f_row_alignment,True,
RUN_V2_81438932b277c3ecc303e92f_raw_rmse,True,
RUN_V2_81438932b277c3ecc303e92f_raw_mae,True,
RUN_V2_81438932b277c3ecc303e92f_raw_r2,True,
RUN_V2_81438932b277c3ecc303e92f_raw_ccc,True,
RUN_V2_81438932b277c3ecc303e92f_bounded_rmse,True,
RUN_V2_81438932b277c3ecc303e92f_bounded_mae,True,
RUN_V2_81438932b277c3ecc303e92f_bounded_r2,True,
RUN_V2_81438932b277c3ecc303e92f_bounded_ccc,True,
tomato_third_test_mlp_seeds,True,
RUN_V2_4c25ebfd5df6a7aa7746ebd8_row_alignment,True,
RUN_V2_4c25ebfd5df6a7aa7746ebd8_raw_rmse,True,
RUN_V2_4c25ebfd5df6a7aa7746ebd8_raw_mae,True,
RUN_V2_4c25ebfd5df6a7aa7746ebd8_raw_r2,True,
RUN_V2_4c25ebfd5df6a7aa7746ebd8_raw_ccc,True,
RUN_V2_4c25ebfd5df6a7aa7746ebd8_bounded_rmse,True,
RUN_V2_4c25ebfd5df6a7aa7746ebd8_bounded_mae,True,
RUN_V2_4c25ebfd5df6a7aa7746ebd8_bounded_r2,True,
RUN_V2_4c25ebfd5df6a7aa7746ebd8_bounded_ccc,True,
RUN_V2_d98f0533a7e9c41645365fb0_row_alignment,True,
RUN_V2_d98f0533a7e9c41645365fb0_raw_rmse,True,
RUN_V2_d98f0533a7e9c41645365fb0_raw_mae,True,
RUN_V2_d98f0533a7e9c41645365fb0_raw_r2,True,
RUN_V2_d98f0533a7e9c41645365fb0_raw_ccc,True,
RUN_V2_d98f0533a7e9c41645365fb0_bounded_rmse,True,
RUN_V2_d98f0533a7e9c41645365fb0_bounded_mae,True,
RUN_V2_d98f0533a7e9c41645365fb0_bounded_r2,True,
RUN_V2_d98f0533a7e9c41645365fb0_bounded_ccc,True,
RUN_V2_0d49cbad2ed82477eea5e2f1_row_alignment,True,
RUN_V2_0d49cbad2ed82477eea5e2f1_raw_rmse,True,
RUN_V2_0d49cbad2ed82477eea5e2f1_raw_mae,True,
RUN_V2_0d49cbad2ed82477eea5e2f1_raw_r2,True,
RUN_V2_0d49cbad2ed82477eea5e2f1_raw_ccc,True,
RUN_V2_0d49cbad2ed82477eea5e2f1_bounded_rmse,True,
RUN_V2_0d49cbad2ed82477eea5e2f1_bounded_mae,True,
RUN_V2_0d49cbad2ed82477eea5e2f1_bounded_r2,True,
RUN_V2_0d49cbad2ed82477eea5e2f1_bounded_ccc,True,
RUN_V2_09c6d3d98781fd6bf2a290ac_row_alignment,True,
RUN_V2_09c6d3d98781fd6bf2a290ac_raw_rmse,True,
RUN_V2_09c6d3d98781fd6bf2a290ac_raw_mae,True,
RUN_V2_09c6d3d98781fd6bf2a290ac_raw_r2,True,
RUN_V2_09c6d3d98781fd6bf2a290ac_raw_ccc,True,
RUN_V2_09c6d3d98781fd6bf2a290ac_bounded_rmse,True,
RUN_V2_09c6d3d98781fd6bf2a290ac_bounded_mae,True,
RUN_V2_09c6d3d98781fd6bf2a290ac_bounded_r2,True,
RUN_V2_09c6d3d98781fd6bf2a290ac_bounded_ccc,True,
RUN_V2_85822772a378611b61efa06a_row_alignment,True,
RUN_V2_85822772a378611b61efa06a_raw_rmse,True,
RUN_V2_85822772a378611b61efa06a_raw_mae,True,
RUN_V2_85822772a378611b61efa06a_raw_r2,True,
RUN_V2_85822772a378611b61efa06a_raw_ccc,True,
RUN_V2_85822772a378611b61efa06a_bounded_rmse,True,
RUN_V2_85822772a378611b61efa06a_bounded_mae,True,
RUN_V2_85822772a378611b61efa06a_bounded_r2,True,
RUN_V2_85822772a378611b61efa06a_bounded_ccc,True,
tomato_third_test_tabm_seeds,True,
RUN_V2_6a99a06b045aebd2f8d536f3_row_alignment,True,
RUN_V2_6a99a06b045aebd2f8d536f3_raw_rmse,True,
RUN_V2_6a99a06b045aebd2f8d536f3_raw_mae,True,
RUN_V2_6a99a06b045aebd2f8d536f3_raw_r2,True,
RUN_V2_6a99a06b045aebd2f8d536f3_raw_ccc,True,
RUN_V2_6a99a06b045aebd2f8d536f3_bounded_rmse,True,
RUN_V2_6a99a06b045aebd2f8d536f3_bounded_mae,True,
RUN_V2_6a99a06b045aebd2f8d536f3_bounded_r2,True,
RUN_V2_6a99a06b045aebd2f8d536f3_bounded_ccc,True,
RUN_V2_83351eba2a25268ace73ebce_row_alignment,True,
RUN_V2_83351eba2a25268ace73ebce_raw_rmse,True,
RUN_V2_83351eba2a25268ace73ebce_raw_mae,True,
RUN_V2_83351eba2a25268ace73ebce_raw_r2,True,
RUN_V2_83351eba2a25268ace73ebce_raw_ccc,True,
RUN_V2_83351eba2a25268ace73ebce_bounded_rmse,True,
RUN_V2_83351eba2a25268ace73ebce_bounded_mae,True,
RUN_V2_83351eba2a25268ace73ebce_bounded_r2,True,
RUN_V2_83351eba2a25268ace73ebce_bounded_ccc,True,
RUN_V2_458bfceeaf6bd4c228912c74_row_alignment,True,
RUN_V2_458bfceeaf6bd4c228912c74_raw_rmse,True,
RUN_V2_458bfceeaf6bd4c228912c74_raw_mae,True,
RUN_V2_458bfceeaf6bd4c228912c74_raw_r2,True,
RUN_V2_458bfceeaf6bd4c228912c74_raw_ccc,True,
RUN_V2_458bfceeaf6bd4c228912c74_bounded_rmse,True,
RUN_V2_458bfceeaf6bd4c228912c74_bounded_mae,True,
RUN_V2_458bfceeaf6bd4c228912c74_bounded_r2,True,
RUN_V2_458bfceeaf6bd4c228912c74_bounded_ccc,True,
RUN_V2_2e414f22aa83b99b27e66de7_row_alignment,True,
RUN_V2_2e414f22aa83b99b27e66de7_raw_rmse,True,
RUN_V2_2e414f22aa83b99b27e66de7_raw_mae,True,
RUN_V2_2e414f22aa83b99b27e66de7_raw_r2,True,
RUN_V2_2e414f22aa83b99b27e66de7_raw_ccc,True,
RUN_V2_2e414f22aa83b99b27e66de7_bounded_rmse,True,
RUN_V2_2e414f22aa83b99b27e66de7_bounded_mae,True,
RUN_V2_2e414f22aa83b99b27e66de7_bounded_r2,True,
RUN_V2_2e414f22aa83b99b27e66de7_bounded_ccc,True,
RUN_V2_cb7e1f875418b2212f5c44f6_row_alignment,True,
RUN_V2_cb7e1f875418b2212f5c44f6_raw_rmse,True,
RUN_V2_cb7e1f875418b2212f5c44f6_raw_mae,True,
RUN_V2_cb7e1f875418b2212f5c44f6_raw_r2,True,
RUN_V2_cb7e1f875418b2212f5c44f6_raw_ccc,True,
RUN_V2_cb7e1f875418b2212f5c44f6_bounded_rmse,True,
RUN_V2_cb7e1f875418b2212f5c44f6_bounded_mae,True,
RUN_V2_cb7e1f875418b2212f5c44f6_bounded_r2,True,
RUN_V2_cb7e1f875418b2212f5c44f6_bounded_ccc,True,
tomato_third_test_tft_seeds,True,
RUN_V2_a3b867e3f62e5a5535831202_row_alignment,True,
RUN_V2_a3b867e3f62e5a5535831202_raw_rmse,True,
RUN_V2_a3b867e3f62e5a5535831202_raw_mae,True,
RUN_V2_a3b867e3f62e5a5535831202_raw_r2,True,
RUN_V2_a3b867e3f62e5a5535831202_raw_ccc,True,
RUN_V2_a3b867e3f62e5a5535831202_bounded_rmse,True,
RUN_V2_a3b867e3f62e5a5535831202_bounded_mae,True,
RUN_V2_a3b867e3f62e5a5535831202_bounded_r2,True,
RUN_V2_a3b867e3f62e5a5535831202_bounded_ccc,True,
RUN_V2_e6b0f8d900cfc2c5f9e3ec2d_row_alignment,True,
RUN_V2_e6b0f8d900cfc2c5f9e3ec2d_raw_rmse,True,
RUN_V2_e6b0f8d900cfc2c5f9e3ec2d_raw_mae,True,
RUN_V2_e6b0f8d900cfc2c5f9e3ec2d_raw_r2,True,
RUN_V2_e6b0f8d900cfc2c5f9e3ec2d_raw_ccc,True,
RUN_V2_e6b0f8d900cfc2c5f9e3ec2d_bounded_rmse,True,
RUN_V2_e6b0f8d900cfc2c5f9e3ec2d_bounded_mae,True,
RUN_V2_e6b0f8d900cfc2c5f9e3ec2d_bounded_r2,True,
RUN_V2_e6b0f8d900cfc2c5f9e3ec2d_bounded_ccc,True,
RUN_V2_ca981263d298f95c6b90db36_row_alignment,True,
RUN_V2_ca981263d298f95c6b90db36_raw_rmse,True,
RUN_V2_ca981263d298f95c6b90db36_raw_mae,True,
RUN_V2_ca981263d298f95c6b90db36_raw_r2,True,
RUN_V2_ca981263d298f95c6b90db36_raw_ccc,True,
RUN_V2_ca981263d298f95c6b90db36_bounded_rmse,True,
RUN_V2_ca981263d298f95c6b90db36_bounded_mae,True,
RUN_V2_ca981263d298f95c6b90db36_bounded_r2,True,
RUN_V2_ca981263d298f95c6b90db36_bounded_ccc,True,
RUN_V2_c448c569f687ad4acfa37baf_row_alignment,True,
RUN_V2_c448c569f687ad4acfa37baf_raw_rmse,True,
RUN_V2_c448c569f687ad4acfa37baf_raw_mae,True,
RUN_V2_c448c569f687ad4acfa37baf_raw_r2,True,
RUN_V2_c448c569f687ad4acfa37baf_raw_ccc,True,
RUN_V2_c448c569f687ad4acfa37baf_bounded_rmse,True,
RUN_V2_c448c569f687ad4acfa37baf_bounded_mae,True,
RUN_V2_c448c569f687ad4acfa37baf_bounded_r2,True,
RUN_V2_c448c569f687ad4acfa37baf_bounded_ccc,True,
RUN_V2_895fd2b6c237f411821d89a1_row_alignment,True,
RUN_V2_895fd2b6c237f411821d89a1_raw_rmse,True,
RUN_V2_895fd2b6c237f411821d89a1_raw_mae,True,
RUN_V2_895fd2b6c237f411821d89a1_raw_r2,True,
RUN_V2_895fd2b6c237f411821d89a1_raw_ccc,True,
RUN_V2_895fd2b6c237f411821d89a1_bounded_rmse,True,
RUN_V2_895fd2b6c237f411821d89a1_bounded_mae,True,
RUN_V2_895fd2b6c237f411821d89a1_bounded_r2,True,
RUN_V2_895fd2b6c237f411821d89a1_bounded_ccc,True,
tomato_third_test_persistence_seeds,True,
RUN_V2_a7aaf0f743ef89817faaa508_row_alignment,True,
RUN_V2_a7aaf0f743ef89817faaa508_raw_rmse,True,
RUN_V2_a7aaf0f743ef89817faaa508_raw_mae,True,
RUN_V2_a7aaf0f743ef89817faaa508_raw_r2,True,
RUN_V2_a7aaf0f743ef89817faaa508_raw_ccc,True,
RUN_V2_a7aaf0f743ef89817faaa508_bounded_rmse,True,
RUN_V2_a7aaf0f743ef89817faaa508_bounded_mae,True,
RUN_V2_a7aaf0f743ef89817faaa508_bounded_r2,True,
RUN_V2_a7aaf0f743ef89817faaa508_bounded_ccc,True,
tomato_sum123_complete,True,
tomato_sum123_index_matches_files,True,
tomato_sum123_all_group_model_pairs,True,
tomato_sum123_same_eval_rows,True,
tomato_sum123_five_validation_seeds,True,
tomato_sum123_train_hash,True,
tomato_sum123_train_unique_rows,True,
tomato_sum123_train_future_label,True,
tomato_sum123_validation_hash,True,
tomato_sum123_validation_unique_rows,True,
tomato_sum123_validation_future_label,True,
tomato_sum123_validation_facility_disjoint,True,
tomato_sum123_validation_poisson_seeds,True,
RUN_V2_18c709c52ed7c0a97abe544d_row_alignment,True,
RUN_V2_18c709c52ed7c0a97abe544d_raw_rmse,True,
RUN_V2_18c709c52ed7c0a97abe544d_raw_mae,True,
RUN_V2_18c709c52ed7c0a97abe544d_raw_r2,True,
RUN_V2_18c709c52ed7c0a97abe544d_raw_ccc,True,
RUN_V2_18c709c52ed7c0a97abe544d_bounded_rmse,True,
RUN_V2_18c709c52ed7c0a97abe544d_bounded_mae,True,
RUN_V2_18c709c52ed7c0a97abe544d_bounded_r2,True,
RUN_V2_18c709c52ed7c0a97abe544d_bounded_ccc,True,
RUN_V2_d1c52843ee03978275a12e97_row_alignment,True,
RUN_V2_d1c52843ee03978275a12e97_raw_rmse,True,
RUN_V2_d1c52843ee03978275a12e97_raw_mae,True,
RUN_V2_d1c52843ee03978275a12e97_raw_r2,True,
RUN_V2_d1c52843ee03978275a12e97_raw_ccc,True,
RUN_V2_d1c52843ee03978275a12e97_bounded_rmse,True,
RUN_V2_d1c52843ee03978275a12e97_bounded_mae,True,
RUN_V2_d1c52843ee03978275a12e97_bounded_r2,True,
RUN_V2_d1c52843ee03978275a12e97_bounded_ccc,True,
RUN_V2_bdc172cad9e09f4ec05bb43f_row_alignment,True,
RUN_V2_bdc172cad9e09f4ec05bb43f_raw_rmse,True,
RUN_V2_bdc172cad9e09f4ec05bb43f_raw_mae,True,
RUN_V2_bdc172cad9e09f4ec05bb43f_raw_r2,True,
RUN_V2_bdc172cad9e09f4ec05bb43f_raw_ccc,True,
RUN_V2_bdc172cad9e09f4ec05bb43f_bounded_rmse,True,
RUN_V2_bdc172cad9e09f4ec05bb43f_bounded_mae,True,
RUN_V2_bdc172cad9e09f4ec05bb43f_bounded_r2,True,
RUN_V2_bdc172cad9e09f4ec05bb43f_bounded_ccc,True,
RUN_V2_3acc4f6710e960bf0339aee1_row_alignment,True,
RUN_V2_3acc4f6710e960bf0339aee1_raw_rmse,True,
RUN_V2_3acc4f6710e960bf0339aee1_raw_mae,True,
RUN_V2_3acc4f6710e960bf0339aee1_raw_r2,True,
RUN_V2_3acc4f6710e960bf0339aee1_raw_ccc,True,
RUN_V2_3acc4f6710e960bf0339aee1_bounded_rmse,True,
RUN_V2_3acc4f6710e960bf0339aee1_bounded_mae,True,
RUN_V2_3acc4f6710e960bf0339aee1_bounded_r2,True,
RUN_V2_3acc4f6710e960bf0339aee1_bounded_ccc,True,
RUN_V2_dbf1adead29bb58d774696c3_row_alignment,True,
RUN_V2_dbf1adead29bb58d774696c3_raw_rmse,True,
RUN_V2_dbf1adead29bb58d774696c3_raw_mae,True,
RUN_V2_dbf1adead29bb58d774696c3_raw_r2,True,
RUN_V2_dbf1adead29bb58d774696c3_raw_ccc,True,
RUN_V2_dbf1adead29bb58d774696c3_bounded_rmse,True,
RUN_V2_dbf1adead29bb58d774696c3_bounded_mae,True,
RUN_V2_dbf1adead29bb58d774696c3_bounded_r2,True,
RUN_V2_dbf1adead29bb58d774696c3_bounded_ccc,True,
tomato_sum123_validation_random_forest_seeds,True,
RUN_V2_03039d49288306f16985e8eb_row_alignment,True,
RUN_V2_03039d49288306f16985e8eb_raw_rmse,True,
RUN_V2_03039d49288306f16985e8eb_raw_mae,True,
RUN_V2_03039d49288306f16985e8eb_raw_r2,True,
RUN_V2_03039d49288306f16985e8eb_raw_ccc,True,
RUN_V2_03039d49288306f16985e8eb_bounded_rmse,True,
RUN_V2_03039d49288306f16985e8eb_bounded_mae,True,
RUN_V2_03039d49288306f16985e8eb_bounded_r2,True,
RUN_V2_03039d49288306f16985e8eb_bounded_ccc,True,
RUN_V2_4e64f16172ff661be2a903f6_row_alignment,True,
RUN_V2_4e64f16172ff661be2a903f6_raw_rmse,True,
RUN_V2_4e64f16172ff661be2a903f6_raw_mae,True,
RUN_V2_4e64f16172ff661be2a903f6_raw_r2,True,
RUN_V2_4e64f16172ff661be2a903f6_raw_ccc,True,
RUN_V2_4e64f16172ff661be2a903f6_bounded_rmse,True,
RUN_V2_4e64f16172ff661be2a903f6_bounded_mae,True,
RUN_V2_4e64f16172ff661be2a903f6_bounded_r2,True,
RUN_V2_4e64f16172ff661be2a903f6_bounded_ccc,True,
RUN_V2_ebc9b53a204349184e855390_row_alignment,True,
RUN_V2_ebc9b53a204349184e855390_raw_rmse,True,
RUN_V2_ebc9b53a204349184e855390_raw_mae,True,
RUN_V2_ebc9b53a204349184e855390_raw_r2,True,
RUN_V2_ebc9b53a204349184e855390_raw_ccc,True,
RUN_V2_ebc9b53a204349184e855390_bounded_rmse,True,
RUN_V2_ebc9b53a204349184e855390_bounded_mae,True,
RUN_V2_ebc9b53a204349184e855390_bounded_r2,True,
RUN_V2_ebc9b53a204349184e855390_bounded_ccc,True,
RUN_V2_91a49d8c692973d2a6ef8962_row_alignment,True,
RUN_V2_91a49d8c692973d2a6ef8962_raw_rmse,True,
RUN_V2_91a49d8c692973d2a6ef8962_raw_mae,True,
RUN_V2_91a49d8c692973d2a6ef8962_raw_r2,True,
RUN_V2_91a49d8c692973d2a6ef8962_raw_ccc,True,
RUN_V2_91a49d8c692973d2a6ef8962_bounded_rmse,True,
RUN_V2_91a49d8c692973d2a6ef8962_bounded_mae,True,
RUN_V2_91a49d8c692973d2a6ef8962_bounded_r2,True,
RUN_V2_91a49d8c692973d2a6ef8962_bounded_ccc,True,
RUN_V2_93d86936a557d0d125d5ad4e_row_alignment,True,
RUN_V2_93d86936a557d0d125d5ad4e_raw_rmse,True,
RUN_V2_93d86936a557d0d125d5ad4e_raw_mae,True,
RUN_V2_93d86936a557d0d125d5ad4e_raw_r2,True,
RUN_V2_93d86936a557d0d125d5ad4e_raw_ccc,True,
RUN_V2_93d86936a557d0d125d5ad4e_bounded_rmse,True,
RUN_V2_93d86936a557d0d125d5ad4e_bounded_mae,True,
RUN_V2_93d86936a557d0d125d5ad4e_bounded_r2,True,
RUN_V2_93d86936a557d0d125d5ad4e_bounded_ccc,True,
tomato_sum123_validation_catboost_seeds,True,
RUN_V2_f0a423a9dc2fe6c38f638c67_row_alignment,True,
RUN_V2_f0a423a9dc2fe6c38f638c67_raw_rmse,True,
RUN_V2_f0a423a9dc2fe6c38f638c67_raw_mae,True,
RUN_V2_f0a423a9dc2fe6c38f638c67_raw_r2,True,
RUN_V2_f0a423a9dc2fe6c38f638c67_raw_ccc,True,
RUN_V2_f0a423a9dc2fe6c38f638c67_bounded_rmse,True,
RUN_V2_f0a423a9dc2fe6c38f638c67_bounded_mae,True,
RUN_V2_f0a423a9dc2fe6c38f638c67_bounded_r2,True,
RUN_V2_f0a423a9dc2fe6c38f638c67_bounded_ccc,True,
RUN_V2_79a676155b11447c44d5b4a9_row_alignment,True,
RUN_V2_79a676155b11447c44d5b4a9_raw_rmse,True,
RUN_V2_79a676155b11447c44d5b4a9_raw_mae,True,
RUN_V2_79a676155b11447c44d5b4a9_raw_r2,True,
RUN_V2_79a676155b11447c44d5b4a9_raw_ccc,True,
RUN_V2_79a676155b11447c44d5b4a9_bounded_rmse,True,
RUN_V2_79a676155b11447c44d5b4a9_bounded_mae,True,
RUN_V2_79a676155b11447c44d5b4a9_bounded_r2,True,
RUN_V2_79a676155b11447c44d5b4a9_bounded_ccc,True,
RUN_V2_dd5a8feb98d9a056ef95bed8_row_alignment,True,
RUN_V2_dd5a8feb98d9a056ef95bed8_raw_rmse,True,
RUN_V2_dd5a8feb98d9a056ef95bed8_raw_mae,True,
RUN_V2_dd5a8feb98d9a056ef95bed8_raw_r2,True,
RUN_V2_dd5a8feb98d9a056ef95bed8_raw_ccc,True,
RUN_V2_dd5a8feb98d9a056ef95bed8_bounded_rmse,True,
RUN_V2_dd5a8feb98d9a056ef95bed8_bounded_mae,True,
RUN_V2_dd5a8feb98d9a056ef95bed8_bounded_r2,True,
RUN_V2_dd5a8feb98d9a056ef95bed8_bounded_ccc,True,
RUN_V2_6e08678af25bc93e9498c4a0_row_alignment,True,
RUN_V2_6e08678af25bc93e9498c4a0_raw_rmse,True,
RUN_V2_6e08678af25bc93e9498c4a0_raw_mae,True,
RUN_V2_6e08678af25bc93e9498c4a0_raw_r2,True,
RUN_V2_6e08678af25bc93e9498c4a0_raw_ccc,True,
RUN_V2_6e08678af25bc93e9498c4a0_bounded_rmse,True,
RUN_V2_6e08678af25bc93e9498c4a0_bounded_mae,True,
RUN_V2_6e08678af25bc93e9498c4a0_bounded_r2,True,
RUN_V2_6e08678af25bc93e9498c4a0_bounded_ccc,True,
RUN_V2_d3263d2942595a3b5d562a7a_row_alignment,True,
RUN_V2_d3263d2942595a3b5d562a7a_raw_rmse,True,
RUN_V2_d3263d2942595a3b5d562a7a_raw_mae,True,
RUN_V2_d3263d2942595a3b5d562a7a_raw_r2,True,
RUN_V2_d3263d2942595a3b5d562a7a_raw_ccc,True,
RUN_V2_d3263d2942595a3b5d562a7a_bounded_rmse,True,
RUN_V2_d3263d2942595a3b5d562a7a_bounded_mae,True,
RUN_V2_d3263d2942595a3b5d562a7a_bounded_r2,True,
RUN_V2_d3263d2942595a3b5d562a7a_bounded_ccc,True,
tomato_sum123_validation_mlp_seeds,True,
RUN_V2_7f8ca57916da50b127e73dd1_row_alignment,True,
RUN_V2_7f8ca57916da50b127e73dd1_raw_rmse,True,
RUN_V2_7f8ca57916da50b127e73dd1_raw_mae,True,
RUN_V2_7f8ca57916da50b127e73dd1_raw_r2,True,
RUN_V2_7f8ca57916da50b127e73dd1_raw_ccc,True,
RUN_V2_7f8ca57916da50b127e73dd1_bounded_rmse,True,
RUN_V2_7f8ca57916da50b127e73dd1_bounded_mae,True,
RUN_V2_7f8ca57916da50b127e73dd1_bounded_r2,True,
RUN_V2_7f8ca57916da50b127e73dd1_bounded_ccc,True,
RUN_V2_e59cb592e8abbed8b89e18df_row_alignment,True,
RUN_V2_e59cb592e8abbed8b89e18df_raw_rmse,True,
RUN_V2_e59cb592e8abbed8b89e18df_raw_mae,True,
RUN_V2_e59cb592e8abbed8b89e18df_raw_r2,True,
RUN_V2_e59cb592e8abbed8b89e18df_raw_ccc,True,
RUN_V2_e59cb592e8abbed8b89e18df_bounded_rmse,True,
RUN_V2_e59cb592e8abbed8b89e18df_bounded_mae,True,
RUN_V2_e59cb592e8abbed8b89e18df_bounded_r2,True,
RUN_V2_e59cb592e8abbed8b89e18df_bounded_ccc,True,
RUN_V2_0e17ec2afe2f96917132a615_row_alignment,True,
RUN_V2_0e17ec2afe2f96917132a615_raw_rmse,True,
RUN_V2_0e17ec2afe2f96917132a615_raw_mae,True,
RUN_V2_0e17ec2afe2f96917132a615_raw_r2,True,
RUN_V2_0e17ec2afe2f96917132a615_raw_ccc,True,
RUN_V2_0e17ec2afe2f96917132a615_bounded_rmse,True,
RUN_V2_0e17ec2afe2f96917132a615_bounded_mae,True,
RUN_V2_0e17ec2afe2f96917132a615_bounded_r2,True,
RUN_V2_0e17ec2afe2f96917132a615_bounded_ccc,True,
RUN_V2_9a828dc7828e05a7b5994432_row_alignment,True,
RUN_V2_9a828dc7828e05a7b5994432_raw_rmse,True,
RUN_V2_9a828dc7828e05a7b5994432_raw_mae,True,
RUN_V2_9a828dc7828e05a7b5994432_raw_r2,True,
RUN_V2_9a828dc7828e05a7b5994432_raw_ccc,True,
RUN_V2_9a828dc7828e05a7b5994432_bounded_rmse,True,
RUN_V2_9a828dc7828e05a7b5994432_bounded_mae,True,
RUN_V2_9a828dc7828e05a7b5994432_bounded_r2,True,
RUN_V2_9a828dc7828e05a7b5994432_bounded_ccc,True,
RUN_V2_2eb74298e66874ac8ff62033_row_alignment,True,
RUN_V2_2eb74298e66874ac8ff62033_raw_rmse,True,
RUN_V2_2eb74298e66874ac8ff62033_raw_mae,True,
RUN_V2_2eb74298e66874ac8ff62033_raw_r2,True,
RUN_V2_2eb74298e66874ac8ff62033_raw_ccc,True,
RUN_V2_2eb74298e66874ac8ff62033_bounded_rmse,True,
RUN_V2_2eb74298e66874ac8ff62033_bounded_mae,True,
RUN_V2_2eb74298e66874ac8ff62033_bounded_r2,True,
RUN_V2_2eb74298e66874ac8ff62033_bounded_ccc,True,
tomato_sum123_validation_tabm_seeds,True,
RUN_V2_00475f4e23b11e6fb878de53_row_alignment,True,
RUN_V2_00475f4e23b11e6fb878de53_raw_rmse,True,
RUN_V2_00475f4e23b11e6fb878de53_raw_mae,True,
RUN_V2_00475f4e23b11e6fb878de53_raw_r2,True,
RUN_V2_00475f4e23b11e6fb878de53_raw_ccc,True,
RUN_V2_00475f4e23b11e6fb878de53_bounded_rmse,True,
RUN_V2_00475f4e23b11e6fb878de53_bounded_mae,True,
RUN_V2_00475f4e23b11e6fb878de53_bounded_r2,True,
RUN_V2_00475f4e23b11e6fb878de53_bounded_ccc,True,
RUN_V2_b2de6073c42b64eb8c494e98_row_alignment,True,
RUN_V2_b2de6073c42b64eb8c494e98_raw_rmse,True,
RUN_V2_b2de6073c42b64eb8c494e98_raw_mae,True,
RUN_V2_b2de6073c42b64eb8c494e98_raw_r2,True,
RUN_V2_b2de6073c42b64eb8c494e98_raw_ccc,True,
RUN_V2_b2de6073c42b64eb8c494e98_bounded_rmse,True,
RUN_V2_b2de6073c42b64eb8c494e98_bounded_mae,True,
RUN_V2_b2de6073c42b64eb8c494e98_bounded_r2,True,
RUN_V2_b2de6073c42b64eb8c494e98_bounded_ccc,True,
RUN_V2_d858026f69b4d59378855174_row_alignment,True,
RUN_V2_d858026f69b4d59378855174_raw_rmse,True,
RUN_V2_d858026f69b4d59378855174_raw_mae,True,
RUN_V2_d858026f69b4d59378855174_raw_r2,True,
RUN_V2_d858026f69b4d59378855174_raw_ccc,True,
RUN_V2_d858026f69b4d59378855174_bounded_rmse,True,
RUN_V2_d858026f69b4d59378855174_bounded_mae,True,
RUN_V2_d858026f69b4d59378855174_bounded_r2,True,
RUN_V2_d858026f69b4d59378855174_bounded_ccc,True,
RUN_V2_726ac74032e5daa9c77f2026_row_alignment,True,
RUN_V2_726ac74032e5daa9c77f2026_raw_rmse,True,
RUN_V2_726ac74032e5daa9c77f2026_raw_mae,True,
RUN_V2_726ac74032e5daa9c77f2026_raw_r2,True,
RUN_V2_726ac74032e5daa9c77f2026_raw_ccc,True,
RUN_V2_726ac74032e5daa9c77f2026_bounded_rmse,True,
RUN_V2_726ac74032e5daa9c77f2026_bounded_mae,True,
RUN_V2_726ac74032e5daa9c77f2026_bounded_r2,True,
RUN_V2_726ac74032e5daa9c77f2026_bounded_ccc,True,
RUN_V2_e504669ccd3e1abc5ce9f1a1_row_alignment,True,
RUN_V2_e504669ccd3e1abc5ce9f1a1_raw_rmse,True,
RUN_V2_e504669ccd3e1abc5ce9f1a1_raw_mae,True,
RUN_V2_e504669ccd3e1abc5ce9f1a1_raw_r2,True,
RUN_V2_e504669ccd3e1abc5ce9f1a1_raw_ccc,True,
RUN_V2_e504669ccd3e1abc5ce9f1a1_bounded_rmse,True,
RUN_V2_e504669ccd3e1abc5ce9f1a1_bounded_mae,True,
RUN_V2_e504669ccd3e1abc5ce9f1a1_bounded_r2,True,
RUN_V2_e504669ccd3e1abc5ce9f1a1_bounded_ccc,True,
tomato_sum123_validation_tft_seeds,True,
RUN_V2_c3036d5b684d67e838c6f077_row_alignment,True,
RUN_V2_c3036d5b684d67e838c6f077_raw_rmse,True,
RUN_V2_c3036d5b684d67e838c6f077_raw_mae,True,
RUN_V2_c3036d5b684d67e838c6f077_raw_r2,True,
RUN_V2_c3036d5b684d67e838c6f077_raw_ccc,True,
RUN_V2_c3036d5b684d67e838c6f077_bounded_rmse,True,
RUN_V2_c3036d5b684d67e838c6f077_bounded_mae,True,
RUN_V2_c3036d5b684d67e838c6f077_bounded_r2,True,
RUN_V2_c3036d5b684d67e838c6f077_bounded_ccc,True,
RUN_V2_1d57795e096d7fabc0caf003_row_alignment,True,
RUN_V2_1d57795e096d7fabc0caf003_raw_rmse,True,
RUN_V2_1d57795e096d7fabc0caf003_raw_mae,True,
RUN_V2_1d57795e096d7fabc0caf003_raw_r2,True,
RUN_V2_1d57795e096d7fabc0caf003_raw_ccc,True,
RUN_V2_1d57795e096d7fabc0caf003_bounded_rmse,True,
RUN_V2_1d57795e096d7fabc0caf003_bounded_mae,True,
RUN_V2_1d57795e096d7fabc0caf003_bounded_r2,True,
RUN_V2_1d57795e096d7fabc0caf003_bounded_ccc,True,
RUN_V2_c23d0b2fc1baaf2b5c5516b1_row_alignment,True,
RUN_V2_c23d0b2fc1baaf2b5c5516b1_raw_rmse,True,
RUN_V2_c23d0b2fc1baaf2b5c5516b1_raw_mae,True,
RUN_V2_c23d0b2fc1baaf2b5c5516b1_raw_r2,True,
RUN_V2_c23d0b2fc1baaf2b5c5516b1_raw_ccc,True,
RUN_V2_c23d0b2fc1baaf2b5c5516b1_bounded_rmse,True,
RUN_V2_c23d0b2fc1baaf2b5c5516b1_bounded_mae,True,
RUN_V2_c23d0b2fc1baaf2b5c5516b1_bounded_r2,True,
RUN_V2_c23d0b2fc1baaf2b5c5516b1_bounded_ccc,True,
RUN_V2_5711c15a089bea521cddc229_row_alignment,True,
RUN_V2_5711c15a089bea521cddc229_raw_rmse,True,
RUN_V2_5711c15a089bea521cddc229_raw_mae,True,
RUN_V2_5711c15a089bea521cddc229_raw_r2,True,
RUN_V2_5711c15a089bea521cddc229_raw_ccc,True,
RUN_V2_5711c15a089bea521cddc229_bounded_rmse,True,
RUN_V2_5711c15a089bea521cddc229_bounded_mae,True,
RUN_V2_5711c15a089bea521cddc229_bounded_r2,True,
RUN_V2_5711c15a089bea521cddc229_bounded_ccc,True,
RUN_V2_d330c6241c45ff538af50893_row_alignment,True,
RUN_V2_d330c6241c45ff538af50893_raw_rmse,True,
RUN_V2_d330c6241c45ff538af50893_raw_mae,True,
RUN_V2_d330c6241c45ff538af50893_raw_r2,True,
RUN_V2_d330c6241c45ff538af50893_raw_ccc,True,
RUN_V2_d330c6241c45ff538af50893_bounded_rmse,True,
RUN_V2_d330c6241c45ff538af50893_bounded_mae,True,
RUN_V2_d330c6241c45ff538af50893_bounded_r2,True,
RUN_V2_d330c6241c45ff538af50893_bounded_ccc,True,
tomato_sum123_validation_persistence_seeds,True,
RUN_V2_ba424d0a66ce16fd6b70b593_row_alignment,True,
RUN_V2_ba424d0a66ce16fd6b70b593_raw_rmse,True,
RUN_V2_ba424d0a66ce16fd6b70b593_raw_mae,True,
RUN_V2_ba424d0a66ce16fd6b70b593_raw_r2,True,
RUN_V2_ba424d0a66ce16fd6b70b593_raw_ccc,True,
RUN_V2_ba424d0a66ce16fd6b70b593_bounded_rmse,True,
RUN_V2_ba424d0a66ce16fd6b70b593_bounded_mae,True,
RUN_V2_ba424d0a66ce16fd6b70b593_bounded_r2,True,
RUN_V2_ba424d0a66ce16fd6b70b593_bounded_ccc,True,
tomato_sum123_test_hash,True,
tomato_sum123_test_unique_rows,True,
tomato_sum123_test_future_label,True,
tomato_sum123_test_facility_disjoint,True,
tomato_sum123_val_test_disjoint,True,
tomato_sum123_test_poisson_seeds,True,
RUN_V2_d858227247d19bbf43ecae23_row_alignment,True,
RUN_V2_d858227247d19bbf43ecae23_raw_rmse,True,
RUN_V2_d858227247d19bbf43ecae23_raw_mae,True,
RUN_V2_d858227247d19bbf43ecae23_raw_r2,True,
RUN_V2_d858227247d19bbf43ecae23_raw_ccc,True,
RUN_V2_d858227247d19bbf43ecae23_bounded_rmse,True,
RUN_V2_d858227247d19bbf43ecae23_bounded_mae,True,
RUN_V2_d858227247d19bbf43ecae23_bounded_r2,True,
RUN_V2_d858227247d19bbf43ecae23_bounded_ccc,True,
RUN_V2_865d87682d43c0e3eb7b4017_row_alignment,True,
RUN_V2_865d87682d43c0e3eb7b4017_raw_rmse,True,
RUN_V2_865d87682d43c0e3eb7b4017_raw_mae,True,
RUN_V2_865d87682d43c0e3eb7b4017_raw_r2,True,
RUN_V2_865d87682d43c0e3eb7b4017_raw_ccc,True,
RUN_V2_865d87682d43c0e3eb7b4017_bounded_rmse,True,
RUN_V2_865d87682d43c0e3eb7b4017_bounded_mae,True,
RUN_V2_865d87682d43c0e3eb7b4017_bounded_r2,True,
RUN_V2_865d87682d43c0e3eb7b4017_bounded_ccc,True,
RUN_V2_7902a73b7f839df8a8473ee2_row_alignment,True,
RUN_V2_7902a73b7f839df8a8473ee2_raw_rmse,True,
RUN_V2_7902a73b7f839df8a8473ee2_raw_mae,True,
RUN_V2_7902a73b7f839df8a8473ee2_raw_r2,True,
RUN_V2_7902a73b7f839df8a8473ee2_raw_ccc,True,
RUN_V2_7902a73b7f839df8a8473ee2_bounded_rmse,True,
RUN_V2_7902a73b7f839df8a8473ee2_bounded_mae,True,
RUN_V2_7902a73b7f839df8a8473ee2_bounded_r2,True,
RUN_V2_7902a73b7f839df8a8473ee2_bounded_ccc,True,
RUN_V2_f1fbba151225a8df1c64a0d8_row_alignment,True,
RUN_V2_f1fbba151225a8df1c64a0d8_raw_rmse,True,
RUN_V2_f1fbba151225a8df1c64a0d8_raw_mae,True,
RUN_V2_f1fbba151225a8df1c64a0d8_raw_r2,True,
RUN_V2_f1fbba151225a8df1c64a0d8_raw_ccc,True,
RUN_V2_f1fbba151225a8df1c64a0d8_bounded_rmse,True,
RUN_V2_f1fbba151225a8df1c64a0d8_bounded_mae,True,
RUN_V2_f1fbba151225a8df1c64a0d8_bounded_r2,True,
RUN_V2_f1fbba151225a8df1c64a0d8_bounded_ccc,True,
RUN_V2_421765e63ed2b99dd82fef36_row_alignment,True,
RUN_V2_421765e63ed2b99dd82fef36_raw_rmse,True,
RUN_V2_421765e63ed2b99dd82fef36_raw_mae,True,
RUN_V2_421765e63ed2b99dd82fef36_raw_r2,True,
RUN_V2_421765e63ed2b99dd82fef36_raw_ccc,True,
RUN_V2_421765e63ed2b99dd82fef36_bounded_rmse,True,
RUN_V2_421765e63ed2b99dd82fef36_bounded_mae,True,
RUN_V2_421765e63ed2b99dd82fef36_bounded_r2,True,
RUN_V2_421765e63ed2b99dd82fef36_bounded_ccc,True,
tomato_sum123_test_random_forest_seeds,True,
RUN_V2_7a6d4d9af6d9152c0efab530_row_alignment,True,
RUN_V2_7a6d4d9af6d9152c0efab530_raw_rmse,True,
RUN_V2_7a6d4d9af6d9152c0efab530_raw_mae,True,
RUN_V2_7a6d4d9af6d9152c0efab530_raw_r2,True,
RUN_V2_7a6d4d9af6d9152c0efab530_raw_ccc,True,
RUN_V2_7a6d4d9af6d9152c0efab530_bounded_rmse,True,
RUN_V2_7a6d4d9af6d9152c0efab530_bounded_mae,True,
RUN_V2_7a6d4d9af6d9152c0efab530_bounded_r2,True,
RUN_V2_7a6d4d9af6d9152c0efab530_bounded_ccc,True,
RUN_V2_c23de08fa5ef958b39a8db29_row_alignment,True,
RUN_V2_c23de08fa5ef958b39a8db29_raw_rmse,True,
RUN_V2_c23de08fa5ef958b39a8db29_raw_mae,True,
RUN_V2_c23de08fa5ef958b39a8db29_raw_r2,True,
RUN_V2_c23de08fa5ef958b39a8db29_raw_ccc,True,
RUN_V2_c23de08fa5ef958b39a8db29_bounded_rmse,True,
RUN_V2_c23de08fa5ef958b39a8db29_bounded_mae,True,
RUN_V2_c23de08fa5ef958b39a8db29_bounded_r2,True,
RUN_V2_c23de08fa5ef958b39a8db29_bounded_ccc,True,
RUN_V2_1d5a469ea91b347fc19b3b67_row_alignment,True,
RUN_V2_1d5a469ea91b347fc19b3b67_raw_rmse,True,
RUN_V2_1d5a469ea91b347fc19b3b67_raw_mae,True,
RUN_V2_1d5a469ea91b347fc19b3b67_raw_r2,True,
RUN_V2_1d5a469ea91b347fc19b3b67_raw_ccc,True,
RUN_V2_1d5a469ea91b347fc19b3b67_bounded_rmse,True,
RUN_V2_1d5a469ea91b347fc19b3b67_bounded_mae,True,
RUN_V2_1d5a469ea91b347fc19b3b67_bounded_r2,True,
RUN_V2_1d5a469ea91b347fc19b3b67_bounded_ccc,True,
RUN_V2_a16bf4077f84657bfa5ac674_row_alignment,True,
RUN_V2_a16bf4077f84657bfa5ac674_raw_rmse,True,
RUN_V2_a16bf4077f84657bfa5ac674_raw_mae,True,
RUN_V2_a16bf4077f84657bfa5ac674_raw_r2,True,
RUN_V2_a16bf4077f84657bfa5ac674_raw_ccc,True,
RUN_V2_a16bf4077f84657bfa5ac674_bounded_rmse,True,
RUN_V2_a16bf4077f84657bfa5ac674_bounded_mae,True,
RUN_V2_a16bf4077f84657bfa5ac674_bounded_r2,True,
RUN_V2_a16bf4077f84657bfa5ac674_bounded_ccc,True,
RUN_V2_b76c2e48463c7706aec50416_row_alignment,True,
RUN_V2_b76c2e48463c7706aec50416_raw_rmse,True,
RUN_V2_b76c2e48463c7706aec50416_raw_mae,True,
RUN_V2_b76c2e48463c7706aec50416_raw_r2,True,
RUN_V2_b76c2e48463c7706aec50416_raw_ccc,True,
RUN_V2_b76c2e48463c7706aec50416_bounded_rmse,True,
RUN_V2_b76c2e48463c7706aec50416_bounded_mae,True,
RUN_V2_b76c2e48463c7706aec50416_bounded_r2,True,
RUN_V2_b76c2e48463c7706aec50416_bounded_ccc,True,
tomato_sum123_test_catboost_seeds,True,
RUN_V2_e94897855963ac7ae85ef987_row_alignment,True,
RUN_V2_e94897855963ac7ae85ef987_raw_rmse,True,
RUN_V2_e94897855963ac7ae85ef987_raw_mae,True,
RUN_V2_e94897855963ac7ae85ef987_raw_r2,True,
RUN_V2_e94897855963ac7ae85ef987_raw_ccc,True,
RUN_V2_e94897855963ac7ae85ef987_bounded_rmse,True,
RUN_V2_e94897855963ac7ae85ef987_bounded_mae,True,
RUN_V2_e94897855963ac7ae85ef987_bounded_r2,True,
RUN_V2_e94897855963ac7ae85ef987_bounded_ccc,True,
RUN_V2_449c323364f74c30e71edb65_row_alignment,True,
RUN_V2_449c323364f74c30e71edb65_raw_rmse,True,
RUN_V2_449c323364f74c30e71edb65_raw_mae,True,
RUN_V2_449c323364f74c30e71edb65_raw_r2,True,
RUN_V2_449c323364f74c30e71edb65_raw_ccc,True,
RUN_V2_449c323364f74c30e71edb65_bounded_rmse,True,
RUN_V2_449c323364f74c30e71edb65_bounded_mae,True,
RUN_V2_449c323364f74c30e71edb65_bounded_r2,True,
RUN_V2_449c323364f74c30e71edb65_bounded_ccc,True,
RUN_V2_dc52062e44226034befee18d_row_alignment,True,
RUN_V2_dc52062e44226034befee18d_raw_rmse,True,
RUN_V2_dc52062e44226034befee18d_raw_mae,True,
RUN_V2_dc52062e44226034befee18d_raw_r2,True,
RUN_V2_dc52062e44226034befee18d_raw_ccc,True,
RUN_V2_dc52062e44226034befee18d_bounded_rmse,True,
RUN_V2_dc52062e44226034befee18d_bounded_mae,True,
RUN_V2_dc52062e44226034befee18d_bounded_r2,True,
RUN_V2_dc52062e44226034befee18d_bounded_ccc,True,
RUN_V2_9222b123979cac990fe23b40_row_alignment,True,
RUN_V2_9222b123979cac990fe23b40_raw_rmse,True,
RUN_V2_9222b123979cac990fe23b40_raw_mae,True,
RUN_V2_9222b123979cac990fe23b40_raw_r2,True,
RUN_V2_9222b123979cac990fe23b40_raw_ccc,True,
RUN_V2_9222b123979cac990fe23b40_bounded_rmse,True,
RUN_V2_9222b123979cac990fe23b40_bounded_mae,True,
RUN_V2_9222b123979cac990fe23b40_bounded_r2,True,
RUN_V2_9222b123979cac990fe23b40_bounded_ccc,True,
RUN_V2_008f22a15e4c9eb85e730c88_row_alignment,True,
RUN_V2_008f22a15e4c9eb85e730c88_raw_rmse,True,
RUN_V2_008f22a15e4c9eb85e730c88_raw_mae,True,
RUN_V2_008f22a15e4c9eb85e730c88_raw_r2,True,
RUN_V2_008f22a15e4c9eb85e730c88_raw_ccc,True,
RUN_V2_008f22a15e4c9eb85e730c88_bounded_rmse,True,
RUN_V2_008f22a15e4c9eb85e730c88_bounded_mae,True,
RUN_V2_008f22a15e4c9eb85e730c88_bounded_r2,True,
RUN_V2_008f22a15e4c9eb85e730c88_bounded_ccc,True,
tomato_sum123_test_mlp_seeds,True,
RUN_V2_3659d7e306ff32e472e57ec7_row_alignment,True,
RUN_V2_3659d7e306ff32e472e57ec7_raw_rmse,True,
RUN_V2_3659d7e306ff32e472e57ec7_raw_mae,True,
RUN_V2_3659d7e306ff32e472e57ec7_raw_r2,True,
RUN_V2_3659d7e306ff32e472e57ec7_raw_ccc,True,
RUN_V2_3659d7e306ff32e472e57ec7_bounded_rmse,True,
RUN_V2_3659d7e306ff32e472e57ec7_bounded_mae,True,
RUN_V2_3659d7e306ff32e472e57ec7_bounded_r2,True,
RUN_V2_3659d7e306ff32e472e57ec7_bounded_ccc,True,
RUN_V2_4cb4f25a50be622adf3ecb92_row_alignment,True,
RUN_V2_4cb4f25a50be622adf3ecb92_raw_rmse,True,
RUN_V2_4cb4f25a50be622adf3ecb92_raw_mae,True,
RUN_V2_4cb4f25a50be622adf3ecb92_raw_r2,True,
RUN_V2_4cb4f25a50be622adf3ecb92_raw_ccc,True,
RUN_V2_4cb4f25a50be622adf3ecb92_bounded_rmse,True,
RUN_V2_4cb4f25a50be622adf3ecb92_bounded_mae,True,
RUN_V2_4cb4f25a50be622adf3ecb92_bounded_r2,True,
RUN_V2_4cb4f25a50be622adf3ecb92_bounded_ccc,True,
RUN_V2_0cb1963532831a77ac747d8c_row_alignment,True,
RUN_V2_0cb1963532831a77ac747d8c_raw_rmse,True,
RUN_V2_0cb1963532831a77ac747d8c_raw_mae,True,
RUN_V2_0cb1963532831a77ac747d8c_raw_r2,True,
RUN_V2_0cb1963532831a77ac747d8c_raw_ccc,True,
RUN_V2_0cb1963532831a77ac747d8c_bounded_rmse,True,
RUN_V2_0cb1963532831a77ac747d8c_bounded_mae,True,
RUN_V2_0cb1963532831a77ac747d8c_bounded_r2,True,
RUN_V2_0cb1963532831a77ac747d8c_bounded_ccc,True,
RUN_V2_bfdb412796948f0c8f7c6eeb_row_alignment,True,
RUN_V2_bfdb412796948f0c8f7c6eeb_raw_rmse,True,
RUN_V2_bfdb412796948f0c8f7c6eeb_raw_mae,True,
RUN_V2_bfdb412796948f0c8f7c6eeb_raw_r2,True,
RUN_V2_bfdb412796948f0c8f7c6eeb_raw_ccc,True,
RUN_V2_bfdb412796948f0c8f7c6eeb_bounded_rmse,True,
RUN_V2_bfdb412796948f0c8f7c6eeb_bounded_mae,True,
RUN_V2_bfdb412796948f0c8f7c6eeb_bounded_r2,True,
RUN_V2_bfdb412796948f0c8f7c6eeb_bounded_ccc,True,
RUN_V2_deec8f751911e01f3b78bd14_row_alignment,True,
RUN_V2_deec8f751911e01f3b78bd14_raw_rmse,True,
RUN_V2_deec8f751911e01f3b78bd14_raw_mae,True,
RUN_V2_deec8f751911e01f3b78bd14_raw_r2,True,
RUN_V2_deec8f751911e01f3b78bd14_raw_ccc,True,
RUN_V2_deec8f751911e01f3b78bd14_bounded_rmse,True,
RUN_V2_deec8f751911e01f3b78bd14_bounded_mae,True,
RUN_V2_deec8f751911e01f3b78bd14_bounded_r2,True,
RUN_V2_deec8f751911e01f3b78bd14_bounded_ccc,True,
tomato_sum123_test_tabm_seeds,True,
RUN_V2_8e9b2ab1aebcadfe38cb6113_row_alignment,True,
RUN_V2_8e9b2ab1aebcadfe38cb6113_raw_rmse,True,
RUN_V2_8e9b2ab1aebcadfe38cb6113_raw_mae,True,
RUN_V2_8e9b2ab1aebcadfe38cb6113_raw_r2,True,
RUN_V2_8e9b2ab1aebcadfe38cb6113_raw_ccc,True,
RUN_V2_8e9b2ab1aebcadfe38cb6113_bounded_rmse,True,
RUN_V2_8e9b2ab1aebcadfe38cb6113_bounded_mae,True,
RUN_V2_8e9b2ab1aebcadfe38cb6113_bounded_r2,True,
RUN_V2_8e9b2ab1aebcadfe38cb6113_bounded_ccc,True,
RUN_V2_267d0cd438e93c9a596479e9_row_alignment,True,
RUN_V2_267d0cd438e93c9a596479e9_raw_rmse,True,
RUN_V2_267d0cd438e93c9a596479e9_raw_mae,True,
RUN_V2_267d0cd438e93c9a596479e9_raw_r2,True,
RUN_V2_267d0cd438e93c9a596479e9_raw_ccc,True,
RUN_V2_267d0cd438e93c9a596479e9_bounded_rmse,True,
RUN_V2_267d0cd438e93c9a596479e9_bounded_mae,True,
RUN_V2_267d0cd438e93c9a596479e9_bounded_r2,True,
RUN_V2_267d0cd438e93c9a596479e9_bounded_ccc,True,
RUN_V2_e799cb37ce3efacc030a38b7_row_alignment,True,
RUN_V2_e799cb37ce3efacc030a38b7_raw_rmse,True,
RUN_V2_e799cb37ce3efacc030a38b7_raw_mae,True,
RUN_V2_e799cb37ce3efacc030a38b7_raw_r2,True,
RUN_V2_e799cb37ce3efacc030a38b7_raw_ccc,True,
RUN_V2_e799cb37ce3efacc030a38b7_bounded_rmse,True,
RUN_V2_e799cb37ce3efacc030a38b7_bounded_mae,True,
RUN_V2_e799cb37ce3efacc030a38b7_bounded_r2,True,
RUN_V2_e799cb37ce3efacc030a38b7_bounded_ccc,True,
RUN_V2_95148619b667ad96da7d1007_row_alignment,True,
RUN_V2_95148619b667ad96da7d1007_raw_rmse,True,
RUN_V2_95148619b667ad96da7d1007_raw_mae,True,
RUN_V2_95148619b667ad96da7d1007_raw_r2,True,
RUN_V2_95148619b667ad96da7d1007_raw_ccc,True,
RUN_V2_95148619b667ad96da7d1007_bounded_rmse,True,
RUN_V2_95148619b667ad96da7d1007_bounded_mae,True,
RUN_V2_95148619b667ad96da7d1007_bounded_r2,True,
RUN_V2_95148619b667ad96da7d1007_bounded_ccc,True,
RUN_V2_621a89b81856df3f71707852_row_alignment,True,
RUN_V2_621a89b81856df3f71707852_raw_rmse,True,
RUN_V2_621a89b81856df3f71707852_raw_mae,True,
RUN_V2_621a89b81856df3f71707852_raw_r2,True,
RUN_V2_621a89b81856df3f71707852_raw_ccc,True,
RUN_V2_621a89b81856df3f71707852_bounded_rmse,True,
RUN_V2_621a89b81856df3f71707852_bounded_mae,True,
RUN_V2_621a89b81856df3f71707852_bounded_r2,True,
RUN_V2_621a89b81856df3f71707852_bounded_ccc,True,
tomato_sum123_test_tft_seeds,True,
RUN_V2_f1809eb07b920431080b139a_row_alignment,True,
RUN_V2_f1809eb07b920431080b139a_raw_rmse,True,
RUN_V2_f1809eb07b920431080b139a_raw_mae,True,
RUN_V2_f1809eb07b920431080b139a_raw_r2,True,
RUN_V2_f1809eb07b920431080b139a_raw_ccc,True,
RUN_V2_f1809eb07b920431080b139a_bounded_rmse,True,
RUN_V2_f1809eb07b920431080b139a_bounded_mae,True,
RUN_V2_f1809eb07b920431080b139a_bounded_r2,True,
RUN_V2_f1809eb07b920431080b139a_bounded_ccc,True,
RUN_V2_f450d3a3af98f25ce70bcd67_row_alignment,True,
RUN_V2_f450d3a3af98f25ce70bcd67_raw_rmse,True,
RUN_V2_f450d3a3af98f25ce70bcd67_raw_mae,True,
RUN_V2_f450d3a3af98f25ce70bcd67_raw_r2,True,
RUN_V2_f450d3a3af98f25ce70bcd67_raw_ccc,True,
RUN_V2_f450d3a3af98f25ce70bcd67_bounded_rmse,True,
RUN_V2_f450d3a3af98f25ce70bcd67_bounded_mae,True,
RUN_V2_f450d3a3af98f25ce70bcd67_bounded_r2,True,
RUN_V2_f450d3a3af98f25ce70bcd67_bounded_ccc,True,
RUN_V2_e955be784fc1f663a3892a32_row_alignment,True,
RUN_V2_e955be784fc1f663a3892a32_raw_rmse,True,
RUN_V2_e955be784fc1f663a3892a32_raw_mae,True,
RUN_V2_e955be784fc1f663a3892a32_raw_r2,True,
RUN_V2_e955be784fc1f663a3892a32_raw_ccc,True,
RUN_V2_e955be784fc1f663a3892a32_bounded_rmse,True,
RUN_V2_e955be784fc1f663a3892a32_bounded_mae,True,
RUN_V2_e955be784fc1f663a3892a32_bounded_r2,True,
RUN_V2_e955be784fc1f663a3892a32_bounded_ccc,True,
RUN_V2_2774d3877e1f069bdd4459e1_row_alignment,True,
RUN_V2_2774d3877e1f069bdd4459e1_raw_rmse,True,
RUN_V2_2774d3877e1f069bdd4459e1_raw_mae,True,
RUN_V2_2774d3877e1f069bdd4459e1_raw_r2,True,
RUN_V2_2774d3877e1f069bdd4459e1_raw_ccc,True,
RUN_V2_2774d3877e1f069bdd4459e1_bounded_rmse,True,
RUN_V2_2774d3877e1f069bdd4459e1_bounded_mae,True,
RUN_V2_2774d3877e1f069bdd4459e1_bounded_r2,True,
RUN_V2_2774d3877e1f069bdd4459e1_bounded_ccc,True,
RUN_V2_c85f4214b47a7fc373fb6deb_row_alignment,True,
RUN_V2_c85f4214b47a7fc373fb6deb_raw_rmse,True,
RUN_V2_c85f4214b47a7fc373fb6deb_raw_mae,True,
RUN_V2_c85f4214b47a7fc373fb6deb_raw_r2,True,
RUN_V2_c85f4214b47a7fc373fb6deb_raw_ccc,True,
RUN_V2_c85f4214b47a7fc373fb6deb_bounded_rmse,True,
RUN_V2_c85f4214b47a7fc373fb6deb_bounded_mae,True,
RUN_V2_c85f4214b47a7fc373fb6deb_bounded_r2,True,
RUN_V2_c85f4214b47a7fc373fb6deb_bounded_ccc,True,
tomato_sum123_test_persistence_seeds,True,
RUN_V2_76991b8c4d1fd0e0cabf9814_row_alignment,True,
RUN_V2_76991b8c4d1fd0e0cabf9814_raw_rmse,True,
RUN_V2_76991b8c4d1fd0e0cabf9814_raw_mae,True,
RUN_V2_76991b8c4d1fd0e0cabf9814_raw_r2,True,
RUN_V2_76991b8c4d1fd0e0cabf9814_raw_ccc,True,
RUN_V2_76991b8c4d1fd0e0cabf9814_bounded_rmse,True,
RUN_V2_76991b8c4d1fd0e0cabf9814_bounded_mae,True,
RUN_V2_76991b8c4d1fd0e0cabf9814_bounded_r2,True,
RUN_V2_76991b8c4d1fd0e0cabf9814_bounded_ccc,True,
strawberry_first_complete,True,
strawberry_first_index_matches_files,True,
strawberry_first_all_group_model_pairs,True,
strawberry_first_same_eval_rows,True,
strawberry_first_five_validation_seeds,True,
strawberry_first_train_hash,True,
strawberry_first_train_unique_rows,True,
strawberry_first_train_future_label,True,
strawberry_first_validation_hash,True,
strawberry_first_validation_unique_rows,True,
strawberry_first_validation_future_label,True,
strawberry_first_validation_facility_disjoint,True,
strawberry_first_validation_poisson_seeds,True,
RUN_V2_248c54ddf7f8e455d70ba0da_row_alignment,True,
RUN_V2_248c54ddf7f8e455d70ba0da_raw_rmse,True,
RUN_V2_248c54ddf7f8e455d70ba0da_raw_mae,True,
RUN_V2_248c54ddf7f8e455d70ba0da_raw_r2,True,
RUN_V2_248c54ddf7f8e455d70ba0da_raw_ccc,True,
RUN_V2_248c54ddf7f8e455d70ba0da_bounded_rmse,True,
RUN_V2_248c54ddf7f8e455d70ba0da_bounded_mae,True,
RUN_V2_248c54ddf7f8e455d70ba0da_bounded_r2,True,
RUN_V2_248c54ddf7f8e455d70ba0da_bounded_ccc,True,
RUN_V2_6845d120b7d8ca711d6dbb9d_row_alignment,True,
RUN_V2_6845d120b7d8ca711d6dbb9d_raw_rmse,True,
RUN_V2_6845d120b7d8ca711d6dbb9d_raw_mae,True,
RUN_V2_6845d120b7d8ca711d6dbb9d_raw_r2,True,
RUN_V2_6845d120b7d8ca711d6dbb9d_raw_ccc,True,
RUN_V2_6845d120b7d8ca711d6dbb9d_bounded_rmse,True,
RUN_V2_6845d120b7d8ca711d6dbb9d_bounded_mae,True,
RUN_V2_6845d120b7d8ca711d6dbb9d_bounded_r2,True,
RUN_V2_6845d120b7d8ca711d6dbb9d_bounded_ccc,True,
RUN_V2_5e4e56dd0e43ce441e60d9ec_row_alignment,True,
RUN_V2_5e4e56dd0e43ce441e60d9ec_raw_rmse,True,
RUN_V2_5e4e56dd0e43ce441e60d9ec_raw_mae,True,
RUN_V2_5e4e56dd0e43ce441e60d9ec_raw_r2,True,
RUN_V2_5e4e56dd0e43ce441e60d9ec_raw_ccc,True,
RUN_V2_5e4e56dd0e43ce441e60d9ec_bounded_rmse,True,
RUN_V2_5e4e56dd0e43ce441e60d9ec_bounded_mae,True,
RUN_V2_5e4e56dd0e43ce441e60d9ec_bounded_r2,True,
RUN_V2_5e4e56dd0e43ce441e60d9ec_bounded_ccc,True,
RUN_V2_69d4f448eee72a76749dbde5_row_alignment,True,
RUN_V2_69d4f448eee72a76749dbde5_raw_rmse,True,
RUN_V2_69d4f448eee72a76749dbde5_raw_mae,True,
RUN_V2_69d4f448eee72a76749dbde5_raw_r2,True,
RUN_V2_69d4f448eee72a76749dbde5_raw_ccc,True,
RUN_V2_69d4f448eee72a76749dbde5_bounded_rmse,True,
RUN_V2_69d4f448eee72a76749dbde5_bounded_mae,True,
RUN_V2_69d4f448eee72a76749dbde5_bounded_r2,True,
RUN_V2_69d4f448eee72a76749dbde5_bounded_ccc,True,
RUN_V2_c35f47d61ad2be58fa62abb0_row_alignment,True,
RUN_V2_c35f47d61ad2be58fa62abb0_raw_rmse,True,
RUN_V2_c35f47d61ad2be58fa62abb0_raw_mae,True,
RUN_V2_c35f47d61ad2be58fa62abb0_raw_r2,True,
RUN_V2_c35f47d61ad2be58fa62abb0_raw_ccc,True,
RUN_V2_c35f47d61ad2be58fa62abb0_bounded_rmse,True,
RUN_V2_c35f47d61ad2be58fa62abb0_bounded_mae,True,
RUN_V2_c35f47d61ad2be58fa62abb0_bounded_r2,True,
RUN_V2_c35f47d61ad2be58fa62abb0_bounded_ccc,True,
strawberry_first_validation_random_forest_seeds,True,
RUN_V2_535b2a2855f2158f4b5fb7f3_row_alignment,True,
RUN_V2_535b2a2855f2158f4b5fb7f3_raw_rmse,True,
RUN_V2_535b2a2855f2158f4b5fb7f3_raw_mae,True,
RUN_V2_535b2a2855f2158f4b5fb7f3_raw_r2,True,
RUN_V2_535b2a2855f2158f4b5fb7f3_raw_ccc,True,
RUN_V2_535b2a2855f2158f4b5fb7f3_bounded_rmse,True,
RUN_V2_535b2a2855f2158f4b5fb7f3_bounded_mae,True,
RUN_V2_535b2a2855f2158f4b5fb7f3_bounded_r2,True,
RUN_V2_535b2a2855f2158f4b5fb7f3_bounded_ccc,True,
RUN_V2_721179c3418a48cc523fac71_row_alignment,True,
RUN_V2_721179c3418a48cc523fac71_raw_rmse,True,
RUN_V2_721179c3418a48cc523fac71_raw_mae,True,
RUN_V2_721179c3418a48cc523fac71_raw_r2,True,
RUN_V2_721179c3418a48cc523fac71_raw_ccc,True,
RUN_V2_721179c3418a48cc523fac71_bounded_rmse,True,
RUN_V2_721179c3418a48cc523fac71_bounded_mae,True,
RUN_V2_721179c3418a48cc523fac71_bounded_r2,True,
RUN_V2_721179c3418a48cc523fac71_bounded_ccc,True,
RUN_V2_c3d187c59229292931a002db_row_alignment,True,
RUN_V2_c3d187c59229292931a002db_raw_rmse,True,
RUN_V2_c3d187c59229292931a002db_raw_mae,True,
RUN_V2_c3d187c59229292931a002db_raw_r2,True,
RUN_V2_c3d187c59229292931a002db_raw_ccc,True,
RUN_V2_c3d187c59229292931a002db_bounded_rmse,True,
RUN_V2_c3d187c59229292931a002db_bounded_mae,True,
RUN_V2_c3d187c59229292931a002db_bounded_r2,True,
RUN_V2_c3d187c59229292931a002db_bounded_ccc,True,
RUN_V2_2252a5d563ba5a8211b7dc7c_row_alignment,True,
RUN_V2_2252a5d563ba5a8211b7dc7c_raw_rmse,True,
RUN_V2_2252a5d563ba5a8211b7dc7c_raw_mae,True,
RUN_V2_2252a5d563ba5a8211b7dc7c_raw_r2,True,
RUN_V2_2252a5d563ba5a8211b7dc7c_raw_ccc,True,
RUN_V2_2252a5d563ba5a8211b7dc7c_bounded_rmse,True,
RUN_V2_2252a5d563ba5a8211b7dc7c_bounded_mae,True,
RUN_V2_2252a5d563ba5a8211b7dc7c_bounded_r2,True,
RUN_V2_2252a5d563ba5a8211b7dc7c_bounded_ccc,True,
RUN_V2_93fdf169b33015e7162514e0_row_alignment,True,
RUN_V2_93fdf169b33015e7162514e0_raw_rmse,True,
RUN_V2_93fdf169b33015e7162514e0_raw_mae,True,
RUN_V2_93fdf169b33015e7162514e0_raw_r2,True,
RUN_V2_93fdf169b33015e7162514e0_raw_ccc,True,
RUN_V2_93fdf169b33015e7162514e0_bounded_rmse,True,
RUN_V2_93fdf169b33015e7162514e0_bounded_mae,True,
RUN_V2_93fdf169b33015e7162514e0_bounded_r2,True,
RUN_V2_93fdf169b33015e7162514e0_bounded_ccc,True,
strawberry_first_validation_catboost_seeds,True,
RUN_V2_e5b6dac8a5f939cdfd2b661a_row_alignment,True,
RUN_V2_e5b6dac8a5f939cdfd2b661a_raw_rmse,True,
RUN_V2_e5b6dac8a5f939cdfd2b661a_raw_mae,True,
RUN_V2_e5b6dac8a5f939cdfd2b661a_raw_r2,True,
RUN_V2_e5b6dac8a5f939cdfd2b661a_raw_ccc,True,
RUN_V2_e5b6dac8a5f939cdfd2b661a_bounded_rmse,True,
RUN_V2_e5b6dac8a5f939cdfd2b661a_bounded_mae,True,
RUN_V2_e5b6dac8a5f939cdfd2b661a_bounded_r2,True,
RUN_V2_e5b6dac8a5f939cdfd2b661a_bounded_ccc,True,
RUN_V2_ec3a317f75b4a36dcd63740f_row_alignment,True,
RUN_V2_ec3a317f75b4a36dcd63740f_raw_rmse,True,
RUN_V2_ec3a317f75b4a36dcd63740f_raw_mae,True,
RUN_V2_ec3a317f75b4a36dcd63740f_raw_r2,True,
RUN_V2_ec3a317f75b4a36dcd63740f_raw_ccc,True,
RUN_V2_ec3a317f75b4a36dcd63740f_bounded_rmse,True,
RUN_V2_ec3a317f75b4a36dcd63740f_bounded_mae,True,
RUN_V2_ec3a317f75b4a36dcd63740f_bounded_r2,True,
RUN_V2_ec3a317f75b4a36dcd63740f_bounded_ccc,True,
RUN_V2_7121c8c860f8c2fd2bc3f0cf_row_alignment,True,
RUN_V2_7121c8c860f8c2fd2bc3f0cf_raw_rmse,True,
RUN_V2_7121c8c860f8c2fd2bc3f0cf_raw_mae,True,
RUN_V2_7121c8c860f8c2fd2bc3f0cf_raw_r2,True,
RUN_V2_7121c8c860f8c2fd2bc3f0cf_raw_ccc,True,
RUN_V2_7121c8c860f8c2fd2bc3f0cf_bounded_rmse,True,
RUN_V2_7121c8c860f8c2fd2bc3f0cf_bounded_mae,True,
RUN_V2_7121c8c860f8c2fd2bc3f0cf_bounded_r2,True,
RUN_V2_7121c8c860f8c2fd2bc3f0cf_bounded_ccc,True,
RUN_V2_4d8140d1787d7725ac5e4ce5_row_alignment,True,
RUN_V2_4d8140d1787d7725ac5e4ce5_raw_rmse,True,
RUN_V2_4d8140d1787d7725ac5e4ce5_raw_mae,True,
RUN_V2_4d8140d1787d7725ac5e4ce5_raw_r2,True,
RUN_V2_4d8140d1787d7725ac5e4ce5_raw_ccc,True,
RUN_V2_4d8140d1787d7725ac5e4ce5_bounded_rmse,True,
RUN_V2_4d8140d1787d7725ac5e4ce5_bounded_mae,True,
RUN_V2_4d8140d1787d7725ac5e4ce5_bounded_r2,True,
RUN_V2_4d8140d1787d7725ac5e4ce5_bounded_ccc,True,
RUN_V2_f5e7c2431bca589938ac6892_row_alignment,True,
RUN_V2_f5e7c2431bca589938ac6892_raw_rmse,True,
RUN_V2_f5e7c2431bca589938ac6892_raw_mae,True,
RUN_V2_f5e7c2431bca589938ac6892_raw_r2,True,
RUN_V2_f5e7c2431bca589938ac6892_raw_ccc,True,
RUN_V2_f5e7c2431bca589938ac6892_bounded_rmse,True,
RUN_V2_f5e7c2431bca589938ac6892_bounded_mae,True,
RUN_V2_f5e7c2431bca589938ac6892_bounded_r2,True,
RUN_V2_f5e7c2431bca589938ac6892_bounded_ccc,True,
strawberry_first_validation_mlp_seeds,True,
RUN_V2_0233588f6c647663b7093043_row_alignment,True,
RUN_V2_0233588f6c647663b7093043_raw_rmse,True,
RUN_V2_0233588f6c647663b7093043_raw_mae,True,
RUN_V2_0233588f6c647663b7093043_raw_r2,True,
RUN_V2_0233588f6c647663b7093043_raw_ccc,True,
RUN_V2_0233588f6c647663b7093043_bounded_rmse,True,
RUN_V2_0233588f6c647663b7093043_bounded_mae,True,
RUN_V2_0233588f6c647663b7093043_bounded_r2,True,
RUN_V2_0233588f6c647663b7093043_bounded_ccc,True,
RUN_V2_82b50c0d520ec80d6948ce3b_row_alignment,True,
RUN_V2_82b50c0d520ec80d6948ce3b_raw_rmse,True,
RUN_V2_82b50c0d520ec80d6948ce3b_raw_mae,True,
RUN_V2_82b50c0d520ec80d6948ce3b_raw_r2,True,
RUN_V2_82b50c0d520ec80d6948ce3b_raw_ccc,True,
RUN_V2_82b50c0d520ec80d6948ce3b_bounded_rmse,True,
RUN_V2_82b50c0d520ec80d6948ce3b_bounded_mae,True,
RUN_V2_82b50c0d520ec80d6948ce3b_bounded_r2,True,
RUN_V2_82b50c0d520ec80d6948ce3b_bounded_ccc,True,
RUN_V2_3ccf2c4f9c5340fa753dbb2c_row_alignment,True,
RUN_V2_3ccf2c4f9c5340fa753dbb2c_raw_rmse,True,
RUN_V2_3ccf2c4f9c5340fa753dbb2c_raw_mae,True,
RUN_V2_3ccf2c4f9c5340fa753dbb2c_raw_r2,True,
RUN_V2_3ccf2c4f9c5340fa753dbb2c_raw_ccc,True,
RUN_V2_3ccf2c4f9c5340fa753dbb2c_bounded_rmse,True,
RUN_V2_3ccf2c4f9c5340fa753dbb2c_bounded_mae,True,
RUN_V2_3ccf2c4f9c5340fa753dbb2c_bounded_r2,True,
RUN_V2_3ccf2c4f9c5340fa753dbb2c_bounded_ccc,True,
RUN_V2_f99601235c992c61720f4be9_row_alignment,True,
RUN_V2_f99601235c992c61720f4be9_raw_rmse,True,
RUN_V2_f99601235c992c61720f4be9_raw_mae,True,
RUN_V2_f99601235c992c61720f4be9_raw_r2,True,
RUN_V2_f99601235c992c61720f4be9_raw_ccc,True,
RUN_V2_f99601235c992c61720f4be9_bounded_rmse,True,
RUN_V2_f99601235c992c61720f4be9_bounded_mae,True,
RUN_V2_f99601235c992c61720f4be9_bounded_r2,True,
RUN_V2_f99601235c992c61720f4be9_bounded_ccc,True,
RUN_V2_f255d79843af2bff5f6486e7_row_alignment,True,
RUN_V2_f255d79843af2bff5f6486e7_raw_rmse,True,
RUN_V2_f255d79843af2bff5f6486e7_raw_mae,True,
RUN_V2_f255d79843af2bff5f6486e7_raw_r2,True,
RUN_V2_f255d79843af2bff5f6486e7_raw_ccc,True,
RUN_V2_f255d79843af2bff5f6486e7_bounded_rmse,True,
RUN_V2_f255d79843af2bff5f6486e7_bounded_mae,True,
RUN_V2_f255d79843af2bff5f6486e7_bounded_r2,True,
RUN_V2_f255d79843af2bff5f6486e7_bounded_ccc,True,
strawberry_first_validation_tabm_seeds,True,
RUN_V2_4d844c094aa84635d6e3760f_row_alignment,True,
RUN_V2_4d844c094aa84635d6e3760f_raw_rmse,True,
RUN_V2_4d844c094aa84635d6e3760f_raw_mae,True,
RUN_V2_4d844c094aa84635d6e3760f_raw_r2,True,
RUN_V2_4d844c094aa84635d6e3760f_raw_ccc,True,
RUN_V2_4d844c094aa84635d6e3760f_bounded_rmse,True,
RUN_V2_4d844c094aa84635d6e3760f_bounded_mae,True,
RUN_V2_4d844c094aa84635d6e3760f_bounded_r2,True,
RUN_V2_4d844c094aa84635d6e3760f_bounded_ccc,True,
RUN_V2_0240d36bb3a8425763a480b4_row_alignment,True,
RUN_V2_0240d36bb3a8425763a480b4_raw_rmse,True,
RUN_V2_0240d36bb3a8425763a480b4_raw_mae,True,
RUN_V2_0240d36bb3a8425763a480b4_raw_r2,True,
RUN_V2_0240d36bb3a8425763a480b4_raw_ccc,True,
RUN_V2_0240d36bb3a8425763a480b4_bounded_rmse,True,
RUN_V2_0240d36bb3a8425763a480b4_bounded_mae,True,
RUN_V2_0240d36bb3a8425763a480b4_bounded_r2,True,
RUN_V2_0240d36bb3a8425763a480b4_bounded_ccc,True,
RUN_V2_1ed8ca0e11dc3f1043531ef4_row_alignment,True,
RUN_V2_1ed8ca0e11dc3f1043531ef4_raw_rmse,True,
RUN_V2_1ed8ca0e11dc3f1043531ef4_raw_mae,True,
RUN_V2_1ed8ca0e11dc3f1043531ef4_raw_r2,True,
RUN_V2_1ed8ca0e11dc3f1043531ef4_raw_ccc,True,
RUN_V2_1ed8ca0e11dc3f1043531ef4_bounded_rmse,True,
RUN_V2_1ed8ca0e11dc3f1043531ef4_bounded_mae,True,
RUN_V2_1ed8ca0e11dc3f1043531ef4_bounded_r2,True,
RUN_V2_1ed8ca0e11dc3f1043531ef4_bounded_ccc,True,
RUN_V2_829c6af3a7f4f1a811d2b843_row_alignment,True,
RUN_V2_829c6af3a7f4f1a811d2b843_raw_rmse,True,
RUN_V2_829c6af3a7f4f1a811d2b843_raw_mae,True,
RUN_V2_829c6af3a7f4f1a811d2b843_raw_r2,True,
RUN_V2_829c6af3a7f4f1a811d2b843_raw_ccc,True,
RUN_V2_829c6af3a7f4f1a811d2b843_bounded_rmse,True,
RUN_V2_829c6af3a7f4f1a811d2b843_bounded_mae,True,
RUN_V2_829c6af3a7f4f1a811d2b843_bounded_r2,True,
RUN_V2_829c6af3a7f4f1a811d2b843_bounded_ccc,True,
RUN_V2_beac196d0dce4bead242d8fd_row_alignment,True,
RUN_V2_beac196d0dce4bead242d8fd_raw_rmse,True,
RUN_V2_beac196d0dce4bead242d8fd_raw_mae,True,
RUN_V2_beac196d0dce4bead242d8fd_raw_r2,True,
RUN_V2_beac196d0dce4bead242d8fd_raw_ccc,True,
RUN_V2_beac196d0dce4bead242d8fd_bounded_rmse,True,
RUN_V2_beac196d0dce4bead242d8fd_bounded_mae,True,
RUN_V2_beac196d0dce4bead242d8fd_bounded_r2,True,
RUN_V2_beac196d0dce4bead242d8fd_bounded_ccc,True,
strawberry_first_validation_tft_seeds,True,
RUN_V2_7502a5aea4852ebf70384df7_row_alignment,True,
RUN_V2_7502a5aea4852ebf70384df7_raw_rmse,True,
RUN_V2_7502a5aea4852ebf70384df7_raw_mae,True,
RUN_V2_7502a5aea4852ebf70384df7_raw_r2,True,
RUN_V2_7502a5aea4852ebf70384df7_raw_ccc,True,
RUN_V2_7502a5aea4852ebf70384df7_bounded_rmse,True,
RUN_V2_7502a5aea4852ebf70384df7_bounded_mae,True,
RUN_V2_7502a5aea4852ebf70384df7_bounded_r2,True,
RUN_V2_7502a5aea4852ebf70384df7_bounded_ccc,True,
RUN_V2_c73a095a5dedd5afd029955b_row_alignment,True,
RUN_V2_c73a095a5dedd5afd029955b_raw_rmse,True,
RUN_V2_c73a095a5dedd5afd029955b_raw_mae,True,
RUN_V2_c73a095a5dedd5afd029955b_raw_r2,True,
RUN_V2_c73a095a5dedd5afd029955b_raw_ccc,True,
RUN_V2_c73a095a5dedd5afd029955b_bounded_rmse,True,
RUN_V2_c73a095a5dedd5afd029955b_bounded_mae,True,
RUN_V2_c73a095a5dedd5afd029955b_bounded_r2,True,
RUN_V2_c73a095a5dedd5afd029955b_bounded_ccc,True,
RUN_V2_adc6f05ed207d13988a7e8f4_row_alignment,True,
RUN_V2_adc6f05ed207d13988a7e8f4_raw_rmse,True,
RUN_V2_adc6f05ed207d13988a7e8f4_raw_mae,True,
RUN_V2_adc6f05ed207d13988a7e8f4_raw_r2,True,
RUN_V2_adc6f05ed207d13988a7e8f4_raw_ccc,True,
RUN_V2_adc6f05ed207d13988a7e8f4_bounded_rmse,True,
RUN_V2_adc6f05ed207d13988a7e8f4_bounded_mae,True,
RUN_V2_adc6f05ed207d13988a7e8f4_bounded_r2,True,
RUN_V2_adc6f05ed207d13988a7e8f4_bounded_ccc,True,
RUN_V2_4c4249392c2d2165fb44b738_row_alignment,True,
RUN_V2_4c4249392c2d2165fb44b738_raw_rmse,True,
RUN_V2_4c4249392c2d2165fb44b738_raw_mae,True,
RUN_V2_4c4249392c2d2165fb44b738_raw_r2,True,
RUN_V2_4c4249392c2d2165fb44b738_raw_ccc,True,
RUN_V2_4c4249392c2d2165fb44b738_bounded_rmse,True,
RUN_V2_4c4249392c2d2165fb44b738_bounded_mae,True,
RUN_V2_4c4249392c2d2165fb44b738_bounded_r2,True,
RUN_V2_4c4249392c2d2165fb44b738_bounded_ccc,True,
RUN_V2_f4fb20bd9d3ea0a0e32f82cf_row_alignment,True,
RUN_V2_f4fb20bd9d3ea0a0e32f82cf_raw_rmse,True,
RUN_V2_f4fb20bd9d3ea0a0e32f82cf_raw_mae,True,
RUN_V2_f4fb20bd9d3ea0a0e32f82cf_raw_r2,True,
RUN_V2_f4fb20bd9d3ea0a0e32f82cf_raw_ccc,True,
RUN_V2_f4fb20bd9d3ea0a0e32f82cf_bounded_rmse,True,
RUN_V2_f4fb20bd9d3ea0a0e32f82cf_bounded_mae,True,
RUN_V2_f4fb20bd9d3ea0a0e32f82cf_bounded_r2,True,
RUN_V2_f4fb20bd9d3ea0a0e32f82cf_bounded_ccc,True,
strawberry_first_validation_persistence_seeds,True,
RUN_V2_60fa7f1c50d7c353a4e4cae1_row_alignment,True,
RUN_V2_60fa7f1c50d7c353a4e4cae1_raw_rmse,True,
RUN_V2_60fa7f1c50d7c353a4e4cae1_raw_mae,True,
RUN_V2_60fa7f1c50d7c353a4e4cae1_raw_r2,True,
RUN_V2_60fa7f1c50d7c353a4e4cae1_raw_ccc,True,
RUN_V2_60fa7f1c50d7c353a4e4cae1_bounded_rmse,True,
RUN_V2_60fa7f1c50d7c353a4e4cae1_bounded_mae,True,
RUN_V2_60fa7f1c50d7c353a4e4cae1_bounded_r2,True,
RUN_V2_60fa7f1c50d7c353a4e4cae1_bounded_ccc,True,
strawberry_first_test_hash,True,
strawberry_first_test_unique_rows,True,
strawberry_first_test_future_label,True,
strawberry_first_test_facility_disjoint,True,
strawberry_first_val_test_disjoint,True,
strawberry_first_test_poisson_seeds,True,
RUN_V2_2442aea02a1aa4a455219ee7_row_alignment,True,
RUN_V2_2442aea02a1aa4a455219ee7_raw_rmse,True,
RUN_V2_2442aea02a1aa4a455219ee7_raw_mae,True,
RUN_V2_2442aea02a1aa4a455219ee7_raw_r2,True,
RUN_V2_2442aea02a1aa4a455219ee7_raw_ccc,True,
RUN_V2_2442aea02a1aa4a455219ee7_bounded_rmse,True,
RUN_V2_2442aea02a1aa4a455219ee7_bounded_mae,True,
RUN_V2_2442aea02a1aa4a455219ee7_bounded_r2,True,
RUN_V2_2442aea02a1aa4a455219ee7_bounded_ccc,True,
RUN_V2_ba6feed1a88312cce878f6f7_row_alignment,True,
RUN_V2_ba6feed1a88312cce878f6f7_raw_rmse,True,
RUN_V2_ba6feed1a88312cce878f6f7_raw_mae,True,
RUN_V2_ba6feed1a88312cce878f6f7_raw_r2,True,
RUN_V2_ba6feed1a88312cce878f6f7_raw_ccc,True,
RUN_V2_ba6feed1a88312cce878f6f7_bounded_rmse,True,
RUN_V2_ba6feed1a88312cce878f6f7_bounded_mae,True,
RUN_V2_ba6feed1a88312cce878f6f7_bounded_r2,True,
RUN_V2_ba6feed1a88312cce878f6f7_bounded_ccc,True,
RUN_V2_2d4ae613f30aeec18d0e4307_row_alignment,True,
RUN_V2_2d4ae613f30aeec18d0e4307_raw_rmse,True,
RUN_V2_2d4ae613f30aeec18d0e4307_raw_mae,True,
RUN_V2_2d4ae613f30aeec18d0e4307_raw_r2,True,
RUN_V2_2d4ae613f30aeec18d0e4307_raw_ccc,True,
RUN_V2_2d4ae613f30aeec18d0e4307_bounded_rmse,True,
RUN_V2_2d4ae613f30aeec18d0e4307_bounded_mae,True,
RUN_V2_2d4ae613f30aeec18d0e4307_bounded_r2,True,
RUN_V2_2d4ae613f30aeec18d0e4307_bounded_ccc,True,
RUN_V2_75cd2048753fa6452d9ae482_row_alignment,True,
RUN_V2_75cd2048753fa6452d9ae482_raw_rmse,True,
RUN_V2_75cd2048753fa6452d9ae482_raw_mae,True,
RUN_V2_75cd2048753fa6452d9ae482_raw_r2,True,
RUN_V2_75cd2048753fa6452d9ae482_raw_ccc,True,
RUN_V2_75cd2048753fa6452d9ae482_bounded_rmse,True,
RUN_V2_75cd2048753fa6452d9ae482_bounded_mae,True,
RUN_V2_75cd2048753fa6452d9ae482_bounded_r2,True,
RUN_V2_75cd2048753fa6452d9ae482_bounded_ccc,True,
RUN_V2_801b8b62cb058d6e29f3fd13_row_alignment,True,
RUN_V2_801b8b62cb058d6e29f3fd13_raw_rmse,True,
RUN_V2_801b8b62cb058d6e29f3fd13_raw_mae,True,
RUN_V2_801b8b62cb058d6e29f3fd13_raw_r2,True,
RUN_V2_801b8b62cb058d6e29f3fd13_raw_ccc,True,
RUN_V2_801b8b62cb058d6e29f3fd13_bounded_rmse,True,
RUN_V2_801b8b62cb058d6e29f3fd13_bounded_mae,True,
RUN_V2_801b8b62cb058d6e29f3fd13_bounded_r2,True,
RUN_V2_801b8b62cb058d6e29f3fd13_bounded_ccc,True,
strawberry_first_test_random_forest_seeds,True,
RUN_V2_3786eb4ffc2ace825ac2b17c_row_alignment,True,
RUN_V2_3786eb4ffc2ace825ac2b17c_raw_rmse,True,
RUN_V2_3786eb4ffc2ace825ac2b17c_raw_mae,True,
RUN_V2_3786eb4ffc2ace825ac2b17c_raw_r2,True,
RUN_V2_3786eb4ffc2ace825ac2b17c_raw_ccc,True,
RUN_V2_3786eb4ffc2ace825ac2b17c_bounded_rmse,True,
RUN_V2_3786eb4ffc2ace825ac2b17c_bounded_mae,True,
RUN_V2_3786eb4ffc2ace825ac2b17c_bounded_r2,True,
RUN_V2_3786eb4ffc2ace825ac2b17c_bounded_ccc,True,
RUN_V2_e96eb2cb6cfe350c4dcb6ff0_row_alignment,True,
RUN_V2_e96eb2cb6cfe350c4dcb6ff0_raw_rmse,True,
RUN_V2_e96eb2cb6cfe350c4dcb6ff0_raw_mae,True,
RUN_V2_e96eb2cb6cfe350c4dcb6ff0_raw_r2,True,
RUN_V2_e96eb2cb6cfe350c4dcb6ff0_raw_ccc,True,
RUN_V2_e96eb2cb6cfe350c4dcb6ff0_bounded_rmse,True,
RUN_V2_e96eb2cb6cfe350c4dcb6ff0_bounded_mae,True,
RUN_V2_e96eb2cb6cfe350c4dcb6ff0_bounded_r2,True,
RUN_V2_e96eb2cb6cfe350c4dcb6ff0_bounded_ccc,True,
RUN_V2_0b3b59df2e1949fed5b0c852_row_alignment,True,
RUN_V2_0b3b59df2e1949fed5b0c852_raw_rmse,True,
RUN_V2_0b3b59df2e1949fed5b0c852_raw_mae,True,
RUN_V2_0b3b59df2e1949fed5b0c852_raw_r2,True,
RUN_V2_0b3b59df2e1949fed5b0c852_raw_ccc,True,
RUN_V2_0b3b59df2e1949fed5b0c852_bounded_rmse,True,
RUN_V2_0b3b59df2e1949fed5b0c852_bounded_mae,True,
RUN_V2_0b3b59df2e1949fed5b0c852_bounded_r2,True,
RUN_V2_0b3b59df2e1949fed5b0c852_bounded_ccc,True,
RUN_V2_7e69f71eb33348a334e0c8f6_row_alignment,True,
RUN_V2_7e69f71eb33348a334e0c8f6_raw_rmse,True,
RUN_V2_7e69f71eb33348a334e0c8f6_raw_mae,True,
RUN_V2_7e69f71eb33348a334e0c8f6_raw_r2,True,
RUN_V2_7e69f71eb33348a334e0c8f6_raw_ccc,True,
RUN_V2_7e69f71eb33348a334e0c8f6_bounded_rmse,True,
RUN_V2_7e69f71eb33348a334e0c8f6_bounded_mae,True,
RUN_V2_7e69f71eb33348a334e0c8f6_bounded_r2,True,
RUN_V2_7e69f71eb33348a334e0c8f6_bounded_ccc,True,
RUN_V2_49c7957289fc0c3d7aca26cf_row_alignment,True,
RUN_V2_49c7957289fc0c3d7aca26cf_raw_rmse,True,
RUN_V2_49c7957289fc0c3d7aca26cf_raw_mae,True,
RUN_V2_49c7957289fc0c3d7aca26cf_raw_r2,True,
RUN_V2_49c7957289fc0c3d7aca26cf_raw_ccc,True,
RUN_V2_49c7957289fc0c3d7aca26cf_bounded_rmse,True,
RUN_V2_49c7957289fc0c3d7aca26cf_bounded_mae,True,
RUN_V2_49c7957289fc0c3d7aca26cf_bounded_r2,True,
RUN_V2_49c7957289fc0c3d7aca26cf_bounded_ccc,True,
strawberry_first_test_catboost_seeds,True,
RUN_V2_28741a067dd1030a3c904f67_row_alignment,True,
RUN_V2_28741a067dd1030a3c904f67_raw_rmse,True,
RUN_V2_28741a067dd1030a3c904f67_raw_mae,True,
RUN_V2_28741a067dd1030a3c904f67_raw_r2,True,
RUN_V2_28741a067dd1030a3c904f67_raw_ccc,True,
RUN_V2_28741a067dd1030a3c904f67_bounded_rmse,True,
RUN_V2_28741a067dd1030a3c904f67_bounded_mae,True,
RUN_V2_28741a067dd1030a3c904f67_bounded_r2,True,
RUN_V2_28741a067dd1030a3c904f67_bounded_ccc,True,
RUN_V2_5134e4a2199b87bccfbf2819_row_alignment,True,
RUN_V2_5134e4a2199b87bccfbf2819_raw_rmse,True,
RUN_V2_5134e4a2199b87bccfbf2819_raw_mae,True,
RUN_V2_5134e4a2199b87bccfbf2819_raw_r2,True,
RUN_V2_5134e4a2199b87bccfbf2819_raw_ccc,True,
RUN_V2_5134e4a2199b87bccfbf2819_bounded_rmse,True,
RUN_V2_5134e4a2199b87bccfbf2819_bounded_mae,True,
RUN_V2_5134e4a2199b87bccfbf2819_bounded_r2,True,
RUN_V2_5134e4a2199b87bccfbf2819_bounded_ccc,True,
RUN_V2_4bede5a280aff08bdea0cb9d_row_alignment,True,
RUN_V2_4bede5a280aff08bdea0cb9d_raw_rmse,True,
RUN_V2_4bede5a280aff08bdea0cb9d_raw_mae,True,
RUN_V2_4bede5a280aff08bdea0cb9d_raw_r2,True,
RUN_V2_4bede5a280aff08bdea0cb9d_raw_ccc,True,
RUN_V2_4bede5a280aff08bdea0cb9d_bounded_rmse,True,
RUN_V2_4bede5a280aff08bdea0cb9d_bounded_mae,True,
RUN_V2_4bede5a280aff08bdea0cb9d_bounded_r2,True,
RUN_V2_4bede5a280aff08bdea0cb9d_bounded_ccc,True,
RUN_V2_5591044e548f8559f583803b_row_alignment,True,
RUN_V2_5591044e548f8559f583803b_raw_rmse,True,
RUN_V2_5591044e548f8559f583803b_raw_mae,True,
RUN_V2_5591044e548f8559f583803b_raw_r2,True,
RUN_V2_5591044e548f8559f583803b_raw_ccc,True,
RUN_V2_5591044e548f8559f583803b_bounded_rmse,True,
RUN_V2_5591044e548f8559f583803b_bounded_mae,True,
RUN_V2_5591044e548f8559f583803b_bounded_r2,True,
RUN_V2_5591044e548f8559f583803b_bounded_ccc,True,
RUN_V2_8a3390498277c47ca0703786_row_alignment,True,
RUN_V2_8a3390498277c47ca0703786_raw_rmse,True,
RUN_V2_8a3390498277c47ca0703786_raw_mae,True,
RUN_V2_8a3390498277c47ca0703786_raw_r2,True,
RUN_V2_8a3390498277c47ca0703786_raw_ccc,True,
RUN_V2_8a3390498277c47ca0703786_bounded_rmse,True,
RUN_V2_8a3390498277c47ca0703786_bounded_mae,True,
RUN_V2_8a3390498277c47ca0703786_bounded_r2,True,
RUN_V2_8a3390498277c47ca0703786_bounded_ccc,True,
strawberry_first_test_mlp_seeds,True,
RUN_V2_c0a87d139fb7b8b0c92efe70_row_alignment,True,
RUN_V2_c0a87d139fb7b8b0c92efe70_raw_rmse,True,
RUN_V2_c0a87d139fb7b8b0c92efe70_raw_mae,True,
RUN_V2_c0a87d139fb7b8b0c92efe70_raw_r2,True,
RUN_V2_c0a87d139fb7b8b0c92efe70_raw_ccc,True,
RUN_V2_c0a87d139fb7b8b0c92efe70_bounded_rmse,True,
RUN_V2_c0a87d139fb7b8b0c92efe70_bounded_mae,True,
RUN_V2_c0a87d139fb7b8b0c92efe70_bounded_r2,True,
RUN_V2_c0a87d139fb7b8b0c92efe70_bounded_ccc,True,
RUN_V2_7a6a19cae68231f97940fc7c_row_alignment,True,
RUN_V2_7a6a19cae68231f97940fc7c_raw_rmse,True,
RUN_V2_7a6a19cae68231f97940fc7c_raw_mae,True,
RUN_V2_7a6a19cae68231f97940fc7c_raw_r2,True,
RUN_V2_7a6a19cae68231f97940fc7c_raw_ccc,True,
RUN_V2_7a6a19cae68231f97940fc7c_bounded_rmse,True,
RUN_V2_7a6a19cae68231f97940fc7c_bounded_mae,True,
RUN_V2_7a6a19cae68231f97940fc7c_bounded_r2,True,
RUN_V2_7a6a19cae68231f97940fc7c_bounded_ccc,True,
RUN_V2_f67081e30b1ddec711e56db8_row_alignment,True,
RUN_V2_f67081e30b1ddec711e56db8_raw_rmse,True,
RUN_V2_f67081e30b1ddec711e56db8_raw_mae,True,
RUN_V2_f67081e30b1ddec711e56db8_raw_r2,True,
RUN_V2_f67081e30b1ddec711e56db8_raw_ccc,True,
RUN_V2_f67081e30b1ddec711e56db8_bounded_rmse,True,
RUN_V2_f67081e30b1ddec711e56db8_bounded_mae,True,
RUN_V2_f67081e30b1ddec711e56db8_bounded_r2,True,
RUN_V2_f67081e30b1ddec711e56db8_bounded_ccc,True,
RUN_V2_d98b703f26b0cba6a024d153_row_alignment,True,
RUN_V2_d98b703f26b0cba6a024d153_raw_rmse,True,
RUN_V2_d98b703f26b0cba6a024d153_raw_mae,True,
RUN_V2_d98b703f26b0cba6a024d153_raw_r2,True,
RUN_V2_d98b703f26b0cba6a024d153_raw_ccc,True,
RUN_V2_d98b703f26b0cba6a024d153_bounded_rmse,True,
RUN_V2_d98b703f26b0cba6a024d153_bounded_mae,True,
RUN_V2_d98b703f26b0cba6a024d153_bounded_r2,True,
RUN_V2_d98b703f26b0cba6a024d153_bounded_ccc,True,
RUN_V2_5c7b43976424ecbea8e22a86_row_alignment,True,
RUN_V2_5c7b43976424ecbea8e22a86_raw_rmse,True,
RUN_V2_5c7b43976424ecbea8e22a86_raw_mae,True,
RUN_V2_5c7b43976424ecbea8e22a86_raw_r2,True,
RUN_V2_5c7b43976424ecbea8e22a86_raw_ccc,True,
RUN_V2_5c7b43976424ecbea8e22a86_bounded_rmse,True,
RUN_V2_5c7b43976424ecbea8e22a86_bounded_mae,True,
RUN_V2_5c7b43976424ecbea8e22a86_bounded_r2,True,
RUN_V2_5c7b43976424ecbea8e22a86_bounded_ccc,True,
strawberry_first_test_tabm_seeds,True,
RUN_V2_e4d6de34b8daefafc274c233_row_alignment,True,
RUN_V2_e4d6de34b8daefafc274c233_raw_rmse,True,
RUN_V2_e4d6de34b8daefafc274c233_raw_mae,True,
RUN_V2_e4d6de34b8daefafc274c233_raw_r2,True,
RUN_V2_e4d6de34b8daefafc274c233_raw_ccc,True,
RUN_V2_e4d6de34b8daefafc274c233_bounded_rmse,True,
RUN_V2_e4d6de34b8daefafc274c233_bounded_mae,True,
RUN_V2_e4d6de34b8daefafc274c233_bounded_r2,True,
RUN_V2_e4d6de34b8daefafc274c233_bounded_ccc,True,
RUN_V2_2dae41efe6ce33f5be701468_row_alignment,True,
RUN_V2_2dae41efe6ce33f5be701468_raw_rmse,True,
RUN_V2_2dae41efe6ce33f5be701468_raw_mae,True,
RUN_V2_2dae41efe6ce33f5be701468_raw_r2,True,
RUN_V2_2dae41efe6ce33f5be701468_raw_ccc,True,
RUN_V2_2dae41efe6ce33f5be701468_bounded_rmse,True,
RUN_V2_2dae41efe6ce33f5be701468_bounded_mae,True,
RUN_V2_2dae41efe6ce33f5be701468_bounded_r2,True,
RUN_V2_2dae41efe6ce33f5be701468_bounded_ccc,True,
RUN_V2_312176114a0b2d05cf39661a_row_alignment,True,
RUN_V2_312176114a0b2d05cf39661a_raw_rmse,True,
RUN_V2_312176114a0b2d05cf39661a_raw_mae,True,
RUN_V2_312176114a0b2d05cf39661a_raw_r2,True,
RUN_V2_312176114a0b2d05cf39661a_raw_ccc,True,
RUN_V2_312176114a0b2d05cf39661a_bounded_rmse,True,
RUN_V2_312176114a0b2d05cf39661a_bounded_mae,True,
RUN_V2_312176114a0b2d05cf39661a_bounded_r2,True,
RUN_V2_312176114a0b2d05cf39661a_bounded_ccc,True,
RUN_V2_c827694679f68dea9835b88a_row_alignment,True,
RUN_V2_c827694679f68dea9835b88a_raw_rmse,True,
RUN_V2_c827694679f68dea9835b88a_raw_mae,True,
RUN_V2_c827694679f68dea9835b88a_raw_r2,True,
RUN_V2_c827694679f68dea9835b88a_raw_ccc,True,
RUN_V2_c827694679f68dea9835b88a_bounded_rmse,True,
RUN_V2_c827694679f68dea9835b88a_bounded_mae,True,
RUN_V2_c827694679f68dea9835b88a_bounded_r2,True,
RUN_V2_c827694679f68dea9835b88a_bounded_ccc,True,
RUN_V2_c81fee076030e8330490af99_row_alignment,True,
RUN_V2_c81fee076030e8330490af99_raw_rmse,True,
RUN_V2_c81fee076030e8330490af99_raw_mae,True,
RUN_V2_c81fee076030e8330490af99_raw_r2,True,
RUN_V2_c81fee076030e8330490af99_raw_ccc,True,
RUN_V2_c81fee076030e8330490af99_bounded_rmse,True,
RUN_V2_c81fee076030e8330490af99_bounded_mae,True,
RUN_V2_c81fee076030e8330490af99_bounded_r2,True,
RUN_V2_c81fee076030e8330490af99_bounded_ccc,True,
strawberry_first_test_tft_seeds,True,
RUN_V2_140422dd21ed5dcb35919b48_row_alignment,True,
RUN_V2_140422dd21ed5dcb35919b48_raw_rmse,True,
RUN_V2_140422dd21ed5dcb35919b48_raw_mae,True,
RUN_V2_140422dd21ed5dcb35919b48_raw_r2,True,
RUN_V2_140422dd21ed5dcb35919b48_raw_ccc,True,
RUN_V2_140422dd21ed5dcb35919b48_bounded_rmse,True,
RUN_V2_140422dd21ed5dcb35919b48_bounded_mae,True,
RUN_V2_140422dd21ed5dcb35919b48_bounded_r2,True,
RUN_V2_140422dd21ed5dcb35919b48_bounded_ccc,True,
RUN_V2_aedec7527c593cc7ead9b1ce_row_alignment,True,
RUN_V2_aedec7527c593cc7ead9b1ce_raw_rmse,True,
RUN_V2_aedec7527c593cc7ead9b1ce_raw_mae,True,
RUN_V2_aedec7527c593cc7ead9b1ce_raw_r2,True,
RUN_V2_aedec7527c593cc7ead9b1ce_raw_ccc,True,
RUN_V2_aedec7527c593cc7ead9b1ce_bounded_rmse,True,
RUN_V2_aedec7527c593cc7ead9b1ce_bounded_mae,True,
RUN_V2_aedec7527c593cc7ead9b1ce_bounded_r2,True,
RUN_V2_aedec7527c593cc7ead9b1ce_bounded_ccc,True,
RUN_V2_7b3a94f1d0b102e3c0257004_row_alignment,True,
RUN_V2_7b3a94f1d0b102e3c0257004_raw_rmse,True,
RUN_V2_7b3a94f1d0b102e3c0257004_raw_mae,True,
RUN_V2_7b3a94f1d0b102e3c0257004_raw_r2,True,
RUN_V2_7b3a94f1d0b102e3c0257004_raw_ccc,True,
RUN_V2_7b3a94f1d0b102e3c0257004_bounded_rmse,True,
RUN_V2_7b3a94f1d0b102e3c0257004_bounded_mae,True,
RUN_V2_7b3a94f1d0b102e3c0257004_bounded_r2,True,
RUN_V2_7b3a94f1d0b102e3c0257004_bounded_ccc,True,
RUN_V2_5aca24420f1cdec1c382a23e_row_alignment,True,
RUN_V2_5aca24420f1cdec1c382a23e_raw_rmse,True,
RUN_V2_5aca24420f1cdec1c382a23e_raw_mae,True,
RUN_V2_5aca24420f1cdec1c382a23e_raw_r2,True,
RUN_V2_5aca24420f1cdec1c382a23e_raw_ccc,True,
RUN_V2_5aca24420f1cdec1c382a23e_bounded_rmse,True,
RUN_V2_5aca24420f1cdec1c382a23e_bounded_mae,True,
RUN_V2_5aca24420f1cdec1c382a23e_bounded_r2,True,
RUN_V2_5aca24420f1cdec1c382a23e_bounded_ccc,True,
RUN_V2_7452e7aafb0983c94325f3ab_row_alignment,True,
RUN_V2_7452e7aafb0983c94325f3ab_raw_rmse,True,
RUN_V2_7452e7aafb0983c94325f3ab_raw_mae,True,
RUN_V2_7452e7aafb0983c94325f3ab_raw_r2,True,
RUN_V2_7452e7aafb0983c94325f3ab_raw_ccc,True,
RUN_V2_7452e7aafb0983c94325f3ab_bounded_rmse,True,
RUN_V2_7452e7aafb0983c94325f3ab_bounded_mae,True,
RUN_V2_7452e7aafb0983c94325f3ab_bounded_r2,True,
RUN_V2_7452e7aafb0983c94325f3ab_bounded_ccc,True,
strawberry_first_test_persistence_seeds,True,
RUN_V2_912adac211955ad30741bd68_row_alignment,True,
RUN_V2_912adac211955ad30741bd68_raw_rmse,True,
RUN_V2_912adac211955ad30741bd68_raw_mae,True,
RUN_V2_912adac211955ad30741bd68_raw_r2,True,
RUN_V2_912adac211955ad30741bd68_raw_ccc,True,
RUN_V2_912adac211955ad30741bd68_bounded_rmse,True,
RUN_V2_912adac211955ad30741bd68_bounded_mae,True,
RUN_V2_912adac211955ad30741bd68_bounded_r2,True,
RUN_V2_912adac211955ad30741bd68_bounded_ccc,True,
strawberry_second_complete,True,
strawberry_second_index_matches_files,True,
strawberry_second_all_group_model_pairs,True,
strawberry_second_same_eval_rows,True,
strawberry_second_five_validation_seeds,True,
strawberry_second_train_hash,True,
strawberry_second_train_unique_rows,True,
strawberry_second_train_future_label,True,
strawberry_second_validation_hash,True,
strawberry_second_validation_unique_rows,True,
strawberry_second_validation_future_label,True,
strawberry_second_validation_facility_disjoint,True,
strawberry_second_validation_poisson_seeds,True,
RUN_V2_61457cb2991c05ebe8a1fdaf_row_alignment,True,
RUN_V2_61457cb2991c05ebe8a1fdaf_raw_rmse,True,
RUN_V2_61457cb2991c05ebe8a1fdaf_raw_mae,True,
RUN_V2_61457cb2991c05ebe8a1fdaf_raw_r2,True,
RUN_V2_61457cb2991c05ebe8a1fdaf_raw_ccc,True,
RUN_V2_61457cb2991c05ebe8a1fdaf_bounded_rmse,True,
RUN_V2_61457cb2991c05ebe8a1fdaf_bounded_mae,True,
RUN_V2_61457cb2991c05ebe8a1fdaf_bounded_r2,True,
RUN_V2_61457cb2991c05ebe8a1fdaf_bounded_ccc,True,
RUN_V2_6ef4872008cd470b587fe555_row_alignment,True,
RUN_V2_6ef4872008cd470b587fe555_raw_rmse,True,
RUN_V2_6ef4872008cd470b587fe555_raw_mae,True,
RUN_V2_6ef4872008cd470b587fe555_raw_r2,True,
RUN_V2_6ef4872008cd470b587fe555_raw_ccc,True,
RUN_V2_6ef4872008cd470b587fe555_bounded_rmse,True,
RUN_V2_6ef4872008cd470b587fe555_bounded_mae,True,
RUN_V2_6ef4872008cd470b587fe555_bounded_r2,True,
RUN_V2_6ef4872008cd470b587fe555_bounded_ccc,True,
RUN_V2_e4fab14613f95d873f0d31ae_row_alignment,True,
RUN_V2_e4fab14613f95d873f0d31ae_raw_rmse,True,
RUN_V2_e4fab14613f95d873f0d31ae_raw_mae,True,
RUN_V2_e4fab14613f95d873f0d31ae_raw_r2,True,
RUN_V2_e4fab14613f95d873f0d31ae_raw_ccc,True,
RUN_V2_e4fab14613f95d873f0d31ae_bounded_rmse,True,
RUN_V2_e4fab14613f95d873f0d31ae_bounded_mae,True,
RUN_V2_e4fab14613f95d873f0d31ae_bounded_r2,True,
RUN_V2_e4fab14613f95d873f0d31ae_bounded_ccc,True,
RUN_V2_a8f83ed8705afa63fd1403c2_row_alignment,True,
RUN_V2_a8f83ed8705afa63fd1403c2_raw_rmse,True,
RUN_V2_a8f83ed8705afa63fd1403c2_raw_mae,True,
RUN_V2_a8f83ed8705afa63fd1403c2_raw_r2,True,
RUN_V2_a8f83ed8705afa63fd1403c2_raw_ccc,True,
RUN_V2_a8f83ed8705afa63fd1403c2_bounded_rmse,True,
RUN_V2_a8f83ed8705afa63fd1403c2_bounded_mae,True,
RUN_V2_a8f83ed8705afa63fd1403c2_bounded_r2,True,
RUN_V2_a8f83ed8705afa63fd1403c2_bounded_ccc,True,
RUN_V2_b99b18b4a06b93031792686a_row_alignment,True,
RUN_V2_b99b18b4a06b93031792686a_raw_rmse,True,
RUN_V2_b99b18b4a06b93031792686a_raw_mae,True,
RUN_V2_b99b18b4a06b93031792686a_raw_r2,True,
RUN_V2_b99b18b4a06b93031792686a_raw_ccc,True,
RUN_V2_b99b18b4a06b93031792686a_bounded_rmse,True,
RUN_V2_b99b18b4a06b93031792686a_bounded_mae,True,
RUN_V2_b99b18b4a06b93031792686a_bounded_r2,True,
RUN_V2_b99b18b4a06b93031792686a_bounded_ccc,True,
strawberry_second_validation_random_forest_seeds,True,
RUN_V2_0d8af16056097c6b4e871ff7_row_alignment,True,
RUN_V2_0d8af16056097c6b4e871ff7_raw_rmse,True,
RUN_V2_0d8af16056097c6b4e871ff7_raw_mae,True,
RUN_V2_0d8af16056097c6b4e871ff7_raw_r2,True,
RUN_V2_0d8af16056097c6b4e871ff7_raw_ccc,True,
RUN_V2_0d8af16056097c6b4e871ff7_bounded_rmse,True,
RUN_V2_0d8af16056097c6b4e871ff7_bounded_mae,True,
RUN_V2_0d8af16056097c6b4e871ff7_bounded_r2,True,
RUN_V2_0d8af16056097c6b4e871ff7_bounded_ccc,True,
RUN_V2_a0eacc7e2679eb56dff4108c_row_alignment,True,
RUN_V2_a0eacc7e2679eb56dff4108c_raw_rmse,True,
RUN_V2_a0eacc7e2679eb56dff4108c_raw_mae,True,
RUN_V2_a0eacc7e2679eb56dff4108c_raw_r2,True,
RUN_V2_a0eacc7e2679eb56dff4108c_raw_ccc,True,
RUN_V2_a0eacc7e2679eb56dff4108c_bounded_rmse,True,
RUN_V2_a0eacc7e2679eb56dff4108c_bounded_mae,True,
RUN_V2_a0eacc7e2679eb56dff4108c_bounded_r2,True,
RUN_V2_a0eacc7e2679eb56dff4108c_bounded_ccc,True,
RUN_V2_f0636ba203a58a9bc010d8d4_row_alignment,True,
RUN_V2_f0636ba203a58a9bc010d8d4_raw_rmse,True,
RUN_V2_f0636ba203a58a9bc010d8d4_raw_mae,True,
RUN_V2_f0636ba203a58a9bc010d8d4_raw_r2,True,
RUN_V2_f0636ba203a58a9bc010d8d4_raw_ccc,True,
RUN_V2_f0636ba203a58a9bc010d8d4_bounded_rmse,True,
RUN_V2_f0636ba203a58a9bc010d8d4_bounded_mae,True,
RUN_V2_f0636ba203a58a9bc010d8d4_bounded_r2,True,
RUN_V2_f0636ba203a58a9bc010d8d4_bounded_ccc,True,
RUN_V2_5f99ee13c2c44fdca0be2853_row_alignment,True,
RUN_V2_5f99ee13c2c44fdca0be2853_raw_rmse,True,
RUN_V2_5f99ee13c2c44fdca0be2853_raw_mae,True,
RUN_V2_5f99ee13c2c44fdca0be2853_raw_r2,True,
RUN_V2_5f99ee13c2c44fdca0be2853_raw_ccc,True,
RUN_V2_5f99ee13c2c44fdca0be2853_bounded_rmse,True,
RUN_V2_5f99ee13c2c44fdca0be2853_bounded_mae,True,
RUN_V2_5f99ee13c2c44fdca0be2853_bounded_r2,True,
RUN_V2_5f99ee13c2c44fdca0be2853_bounded_ccc,True,
RUN_V2_154c05893066d38b004c7342_row_alignment,True,
RUN_V2_154c05893066d38b004c7342_raw_rmse,True,
RUN_V2_154c05893066d38b004c7342_raw_mae,True,
RUN_V2_154c05893066d38b004c7342_raw_r2,True,
RUN_V2_154c05893066d38b004c7342_raw_ccc,True,
RUN_V2_154c05893066d38b004c7342_bounded_rmse,True,
RUN_V2_154c05893066d38b004c7342_bounded_mae,True,
RUN_V2_154c05893066d38b004c7342_bounded_r2,True,
RUN_V2_154c05893066d38b004c7342_bounded_ccc,True,
strawberry_second_validation_catboost_seeds,True,
RUN_V2_8aba1dcb041e96d1f6b8022b_row_alignment,True,
RUN_V2_8aba1dcb041e96d1f6b8022b_raw_rmse,True,
RUN_V2_8aba1dcb041e96d1f6b8022b_raw_mae,True,
RUN_V2_8aba1dcb041e96d1f6b8022b_raw_r2,True,
RUN_V2_8aba1dcb041e96d1f6b8022b_raw_ccc,True,
RUN_V2_8aba1dcb041e96d1f6b8022b_bounded_rmse,True,
RUN_V2_8aba1dcb041e96d1f6b8022b_bounded_mae,True,
RUN_V2_8aba1dcb041e96d1f6b8022b_bounded_r2,True,
RUN_V2_8aba1dcb041e96d1f6b8022b_bounded_ccc,True,
RUN_V2_9d495077b3efe115be8a02c5_row_alignment,True,
RUN_V2_9d495077b3efe115be8a02c5_raw_rmse,True,
RUN_V2_9d495077b3efe115be8a02c5_raw_mae,True,
RUN_V2_9d495077b3efe115be8a02c5_raw_r2,True,
RUN_V2_9d495077b3efe115be8a02c5_raw_ccc,True,
RUN_V2_9d495077b3efe115be8a02c5_bounded_rmse,True,
RUN_V2_9d495077b3efe115be8a02c5_bounded_mae,True,
RUN_V2_9d495077b3efe115be8a02c5_bounded_r2,True,
RUN_V2_9d495077b3efe115be8a02c5_bounded_ccc,True,
RUN_V2_26b5dd29a349e37ce20b4cfb_row_alignment,True,
RUN_V2_26b5dd29a349e37ce20b4cfb_raw_rmse,True,
RUN_V2_26b5dd29a349e37ce20b4cfb_raw_mae,True,
RUN_V2_26b5dd29a349e37ce20b4cfb_raw_r2,True,
RUN_V2_26b5dd29a349e37ce20b4cfb_raw_ccc,True,
RUN_V2_26b5dd29a349e37ce20b4cfb_bounded_rmse,True,
RUN_V2_26b5dd29a349e37ce20b4cfb_bounded_mae,True,
RUN_V2_26b5dd29a349e37ce20b4cfb_bounded_r2,True,
RUN_V2_26b5dd29a349e37ce20b4cfb_bounded_ccc,True,
RUN_V2_e551c3f797090eec20922910_row_alignment,True,
RUN_V2_e551c3f797090eec20922910_raw_rmse,True,
RUN_V2_e551c3f797090eec20922910_raw_mae,True,
RUN_V2_e551c3f797090eec20922910_raw_r2,True,
RUN_V2_e551c3f797090eec20922910_raw_ccc,True,
RUN_V2_e551c3f797090eec20922910_bounded_rmse,True,
RUN_V2_e551c3f797090eec20922910_bounded_mae,True,
RUN_V2_e551c3f797090eec20922910_bounded_r2,True,
RUN_V2_e551c3f797090eec20922910_bounded_ccc,True,
RUN_V2_ddb9b0a5c8fbfeb2cc516dc2_row_alignment,True,
RUN_V2_ddb9b0a5c8fbfeb2cc516dc2_raw_rmse,True,
RUN_V2_ddb9b0a5c8fbfeb2cc516dc2_raw_mae,True,
RUN_V2_ddb9b0a5c8fbfeb2cc516dc2_raw_r2,True,
RUN_V2_ddb9b0a5c8fbfeb2cc516dc2_raw_ccc,True,
RUN_V2_ddb9b0a5c8fbfeb2cc516dc2_bounded_rmse,True,
RUN_V2_ddb9b0a5c8fbfeb2cc516dc2_bounded_mae,True,
RUN_V2_ddb9b0a5c8fbfeb2cc516dc2_bounded_r2,True,
RUN_V2_ddb9b0a5c8fbfeb2cc516dc2_bounded_ccc,True,
strawberry_second_validation_mlp_seeds,True,
RUN_V2_457923be3d478cad6341329d_row_alignment,True,
RUN_V2_457923be3d478cad6341329d_raw_rmse,True,
RUN_V2_457923be3d478cad6341329d_raw_mae,True,
RUN_V2_457923be3d478cad6341329d_raw_r2,True,
RUN_V2_457923be3d478cad6341329d_raw_ccc,True,
RUN_V2_457923be3d478cad6341329d_bounded_rmse,True,
RUN_V2_457923be3d478cad6341329d_bounded_mae,True,
RUN_V2_457923be3d478cad6341329d_bounded_r2,True,
RUN_V2_457923be3d478cad6341329d_bounded_ccc,True,
RUN_V2_d9ace9847ef8c8fb6229f753_row_alignment,True,
RUN_V2_d9ace9847ef8c8fb6229f753_raw_rmse,True,
RUN_V2_d9ace9847ef8c8fb6229f753_raw_mae,True,
RUN_V2_d9ace9847ef8c8fb6229f753_raw_r2,True,
RUN_V2_d9ace9847ef8c8fb6229f753_raw_ccc,True,
RUN_V2_d9ace9847ef8c8fb6229f753_bounded_rmse,True,
RUN_V2_d9ace9847ef8c8fb6229f753_bounded_mae,True,
RUN_V2_d9ace9847ef8c8fb6229f753_bounded_r2,True,
RUN_V2_d9ace9847ef8c8fb6229f753_bounded_ccc,True,
RUN_V2_0f0c595e724aff88f08bec6c_row_alignment,True,
RUN_V2_0f0c595e724aff88f08bec6c_raw_rmse,True,
RUN_V2_0f0c595e724aff88f08bec6c_raw_mae,True,
RUN_V2_0f0c595e724aff88f08bec6c_raw_r2,True,
RUN_V2_0f0c595e724aff88f08bec6c_raw_ccc,True,
RUN_V2_0f0c595e724aff88f08bec6c_bounded_rmse,True,
RUN_V2_0f0c595e724aff88f08bec6c_bounded_mae,True,
RUN_V2_0f0c595e724aff88f08bec6c_bounded_r2,True,
RUN_V2_0f0c595e724aff88f08bec6c_bounded_ccc,True,
RUN_V2_185fb237d4b784760b5d4e7f_row_alignment,True,
RUN_V2_185fb237d4b784760b5d4e7f_raw_rmse,True,
RUN_V2_185fb237d4b784760b5d4e7f_raw_mae,True,
RUN_V2_185fb237d4b784760b5d4e7f_raw_r2,True,
RUN_V2_185fb237d4b784760b5d4e7f_raw_ccc,True,
RUN_V2_185fb237d4b784760b5d4e7f_bounded_rmse,True,
RUN_V2_185fb237d4b784760b5d4e7f_bounded_mae,True,
RUN_V2_185fb237d4b784760b5d4e7f_bounded_r2,True,
RUN_V2_185fb237d4b784760b5d4e7f_bounded_ccc,True,
RUN_V2_069d4cf4673014f2645236f9_row_alignment,True,
RUN_V2_069d4cf4673014f2645236f9_raw_rmse,True,
RUN_V2_069d4cf4673014f2645236f9_raw_mae,True,
RUN_V2_069d4cf4673014f2645236f9_raw_r2,True,
RUN_V2_069d4cf4673014f2645236f9_raw_ccc,True,
RUN_V2_069d4cf4673014f2645236f9_bounded_rmse,True,
RUN_V2_069d4cf4673014f2645236f9_bounded_mae,True,
RUN_V2_069d4cf4673014f2645236f9_bounded_r2,True,
RUN_V2_069d4cf4673014f2645236f9_bounded_ccc,True,
strawberry_second_validation_tabm_seeds,True,
RUN_V2_3810e0fc945becc562bcaa49_row_alignment,True,
RUN_V2_3810e0fc945becc562bcaa49_raw_rmse,True,
RUN_V2_3810e0fc945becc562bcaa49_raw_mae,True,
RUN_V2_3810e0fc945becc562bcaa49_raw_r2,True,
RUN_V2_3810e0fc945becc562bcaa49_raw_ccc,True,
RUN_V2_3810e0fc945becc562bcaa49_bounded_rmse,True,
RUN_V2_3810e0fc945becc562bcaa49_bounded_mae,True,
RUN_V2_3810e0fc945becc562bcaa49_bounded_r2,True,
RUN_V2_3810e0fc945becc562bcaa49_bounded_ccc,True,
RUN_V2_37f8e72cab9fb8607b947216_row_alignment,True,
RUN_V2_37f8e72cab9fb8607b947216_raw_rmse,True,
RUN_V2_37f8e72cab9fb8607b947216_raw_mae,True,
RUN_V2_37f8e72cab9fb8607b947216_raw_r2,True,
RUN_V2_37f8e72cab9fb8607b947216_raw_ccc,True,
RUN_V2_37f8e72cab9fb8607b947216_bounded_rmse,True,
RUN_V2_37f8e72cab9fb8607b947216_bounded_mae,True,
RUN_V2_37f8e72cab9fb8607b947216_bounded_r2,True,
RUN_V2_37f8e72cab9fb8607b947216_bounded_ccc,True,
RUN_V2_c905d940cd0bfb4528907eb6_row_alignment,True,
RUN_V2_c905d940cd0bfb4528907eb6_raw_rmse,True,
RUN_V2_c905d940cd0bfb4528907eb6_raw_mae,True,
RUN_V2_c905d940cd0bfb4528907eb6_raw_r2,True,
RUN_V2_c905d940cd0bfb4528907eb6_raw_ccc,True,
RUN_V2_c905d940cd0bfb4528907eb6_bounded_rmse,True,
RUN_V2_c905d940cd0bfb4528907eb6_bounded_mae,True,
RUN_V2_c905d940cd0bfb4528907eb6_bounded_r2,True,
RUN_V2_c905d940cd0bfb4528907eb6_bounded_ccc,True,
RUN_V2_09b23a70b46cdaa2148ce774_row_alignment,True,
RUN_V2_09b23a70b46cdaa2148ce774_raw_rmse,True,
RUN_V2_09b23a70b46cdaa2148ce774_raw_mae,True,
RUN_V2_09b23a70b46cdaa2148ce774_raw_r2,True,
RUN_V2_09b23a70b46cdaa2148ce774_raw_ccc,True,
RUN_V2_09b23a70b46cdaa2148ce774_bounded_rmse,True,
RUN_V2_09b23a70b46cdaa2148ce774_bounded_mae,True,
RUN_V2_09b23a70b46cdaa2148ce774_bounded_r2,True,
RUN_V2_09b23a70b46cdaa2148ce774_bounded_ccc,True,
RUN_V2_0e1f2a55d9682d414d46c7ad_row_alignment,True,
RUN_V2_0e1f2a55d9682d414d46c7ad_raw_rmse,True,
RUN_V2_0e1f2a55d9682d414d46c7ad_raw_mae,True,
RUN_V2_0e1f2a55d9682d414d46c7ad_raw_r2,True,
RUN_V2_0e1f2a55d9682d414d46c7ad_raw_ccc,True,
RUN_V2_0e1f2a55d9682d414d46c7ad_bounded_rmse,True,
RUN_V2_0e1f2a55d9682d414d46c7ad_bounded_mae,True,
RUN_V2_0e1f2a55d9682d414d46c7ad_bounded_r2,True,
RUN_V2_0e1f2a55d9682d414d46c7ad_bounded_ccc,True,
strawberry_second_validation_tft_seeds,True,
RUN_V2_d0770f118ccf6850d0d3dcbb_row_alignment,True,
RUN_V2_d0770f118ccf6850d0d3dcbb_raw_rmse,True,
RUN_V2_d0770f118ccf6850d0d3dcbb_raw_mae,True,
RUN_V2_d0770f118ccf6850d0d3dcbb_raw_r2,True,
RUN_V2_d0770f118ccf6850d0d3dcbb_raw_ccc,True,
RUN_V2_d0770f118ccf6850d0d3dcbb_bounded_rmse,True,
RUN_V2_d0770f118ccf6850d0d3dcbb_bounded_mae,True,
RUN_V2_d0770f118ccf6850d0d3dcbb_bounded_r2,True,
RUN_V2_d0770f118ccf6850d0d3dcbb_bounded_ccc,True,
RUN_V2_47ebfa706bdfec9d1b94ff5c_row_alignment,True,
RUN_V2_47ebfa706bdfec9d1b94ff5c_raw_rmse,True,
RUN_V2_47ebfa706bdfec9d1b94ff5c_raw_mae,True,
RUN_V2_47ebfa706bdfec9d1b94ff5c_raw_r2,True,
RUN_V2_47ebfa706bdfec9d1b94ff5c_raw_ccc,True,
RUN_V2_47ebfa706bdfec9d1b94ff5c_bounded_rmse,True,
RUN_V2_47ebfa706bdfec9d1b94ff5c_bounded_mae,True,
RUN_V2_47ebfa706bdfec9d1b94ff5c_bounded_r2,True,
RUN_V2_47ebfa706bdfec9d1b94ff5c_bounded_ccc,True,
RUN_V2_838a608ce6385e332d91c395_row_alignment,True,
RUN_V2_838a608ce6385e332d91c395_raw_rmse,True,
RUN_V2_838a608ce6385e332d91c395_raw_mae,True,
RUN_V2_838a608ce6385e332d91c395_raw_r2,True,
RUN_V2_838a608ce6385e332d91c395_raw_ccc,True,
RUN_V2_838a608ce6385e332d91c395_bounded_rmse,True,
RUN_V2_838a608ce6385e332d91c395_bounded_mae,True,
RUN_V2_838a608ce6385e332d91c395_bounded_r2,True,
RUN_V2_838a608ce6385e332d91c395_bounded_ccc,True,
RUN_V2_8a62aa32fcbcfd6769acf6af_row_alignment,True,
RUN_V2_8a62aa32fcbcfd6769acf6af_raw_rmse,True,
RUN_V2_8a62aa32fcbcfd6769acf6af_raw_mae,True,
RUN_V2_8a62aa32fcbcfd6769acf6af_raw_r2,True,
RUN_V2_8a62aa32fcbcfd6769acf6af_raw_ccc,True,
RUN_V2_8a62aa32fcbcfd6769acf6af_bounded_rmse,True,
RUN_V2_8a62aa32fcbcfd6769acf6af_bounded_mae,True,
RUN_V2_8a62aa32fcbcfd6769acf6af_bounded_r2,True,
RUN_V2_8a62aa32fcbcfd6769acf6af_bounded_ccc,True,
RUN_V2_40e07f86c9cbd5c28c8eea8a_row_alignment,True,
RUN_V2_40e07f86c9cbd5c28c8eea8a_raw_rmse,True,
RUN_V2_40e07f86c9cbd5c28c8eea8a_raw_mae,True,
RUN_V2_40e07f86c9cbd5c28c8eea8a_raw_r2,True,
RUN_V2_40e07f86c9cbd5c28c8eea8a_raw_ccc,True,
RUN_V2_40e07f86c9cbd5c28c8eea8a_bounded_rmse,True,
RUN_V2_40e07f86c9cbd5c28c8eea8a_bounded_mae,True,
RUN_V2_40e07f86c9cbd5c28c8eea8a_bounded_r2,True,
RUN_V2_40e07f86c9cbd5c28c8eea8a_bounded_ccc,True,
strawberry_second_validation_persistence_seeds,True,
RUN_V2_5f30820f5a3ba348f563192e_row_alignment,True,
RUN_V2_5f30820f5a3ba348f563192e_raw_rmse,True,
RUN_V2_5f30820f5a3ba348f563192e_raw_mae,True,
RUN_V2_5f30820f5a3ba348f563192e_raw_r2,True,
RUN_V2_5f30820f5a3ba348f563192e_raw_ccc,True,
RUN_V2_5f30820f5a3ba348f563192e_bounded_rmse,True,
RUN_V2_5f30820f5a3ba348f563192e_bounded_mae,True,
RUN_V2_5f30820f5a3ba348f563192e_bounded_r2,True,
RUN_V2_5f30820f5a3ba348f563192e_bounded_ccc,True,
strawberry_second_test_hash,True,
strawberry_second_test_unique_rows,True,
strawberry_second_test_future_label,True,
strawberry_second_test_facility_disjoint,True,
strawberry_second_val_test_disjoint,True,
strawberry_second_test_poisson_seeds,True,
RUN_V2_d1627083e902be4c2ff9facf_row_alignment,True,
RUN_V2_d1627083e902be4c2ff9facf_raw_rmse,True,
RUN_V2_d1627083e902be4c2ff9facf_raw_mae,True,
RUN_V2_d1627083e902be4c2ff9facf_raw_r2,True,
RUN_V2_d1627083e902be4c2ff9facf_raw_ccc,True,
RUN_V2_d1627083e902be4c2ff9facf_bounded_rmse,True,
RUN_V2_d1627083e902be4c2ff9facf_bounded_mae,True,
RUN_V2_d1627083e902be4c2ff9facf_bounded_r2,True,
RUN_V2_d1627083e902be4c2ff9facf_bounded_ccc,True,
RUN_V2_fb65a17feb498345bbda3280_row_alignment,True,
RUN_V2_fb65a17feb498345bbda3280_raw_rmse,True,
RUN_V2_fb65a17feb498345bbda3280_raw_mae,True,
RUN_V2_fb65a17feb498345bbda3280_raw_r2,True,
RUN_V2_fb65a17feb498345bbda3280_raw_ccc,True,
RUN_V2_fb65a17feb498345bbda3280_bounded_rmse,True,
RUN_V2_fb65a17feb498345bbda3280_bounded_mae,True,
RUN_V2_fb65a17feb498345bbda3280_bounded_r2,True,
RUN_V2_fb65a17feb498345bbda3280_bounded_ccc,True,
RUN_V2_f8a60b4c3e2e21059dcf1feb_row_alignment,True,
RUN_V2_f8a60b4c3e2e21059dcf1feb_raw_rmse,True,
RUN_V2_f8a60b4c3e2e21059dcf1feb_raw_mae,True,
RUN_V2_f8a60b4c3e2e21059dcf1feb_raw_r2,True,
RUN_V2_f8a60b4c3e2e21059dcf1feb_raw_ccc,True,
RUN_V2_f8a60b4c3e2e21059dcf1feb_bounded_rmse,True,
RUN_V2_f8a60b4c3e2e21059dcf1feb_bounded_mae,True,
RUN_V2_f8a60b4c3e2e21059dcf1feb_bounded_r2,True,
RUN_V2_f8a60b4c3e2e21059dcf1feb_bounded_ccc,True,
RUN_V2_25a171363ffd73e3803609a0_row_alignment,True,
RUN_V2_25a171363ffd73e3803609a0_raw_rmse,True,
RUN_V2_25a171363ffd73e3803609a0_raw_mae,True,
RUN_V2_25a171363ffd73e3803609a0_raw_r2,True,
RUN_V2_25a171363ffd73e3803609a0_raw_ccc,True,
RUN_V2_25a171363ffd73e3803609a0_bounded_rmse,True,
RUN_V2_25a171363ffd73e3803609a0_bounded_mae,True,
RUN_V2_25a171363ffd73e3803609a0_bounded_r2,True,
RUN_V2_25a171363ffd73e3803609a0_bounded_ccc,True,
RUN_V2_769a34ec08f44380dd923de8_row_alignment,True,
RUN_V2_769a34ec08f44380dd923de8_raw_rmse,True,
RUN_V2_769a34ec08f44380dd923de8_raw_mae,True,
RUN_V2_769a34ec08f44380dd923de8_raw_r2,True,
RUN_V2_769a34ec08f44380dd923de8_raw_ccc,True,
RUN_V2_769a34ec08f44380dd923de8_bounded_rmse,True,
RUN_V2_769a34ec08f44380dd923de8_bounded_mae,True,
RUN_V2_769a34ec08f44380dd923de8_bounded_r2,True,
RUN_V2_769a34ec08f44380dd923de8_bounded_ccc,True,
strawberry_second_test_random_forest_seeds,True,
RUN_V2_8ab974c7dae588253be9934a_row_alignment,True,
RUN_V2_8ab974c7dae588253be9934a_raw_rmse,True,
RUN_V2_8ab974c7dae588253be9934a_raw_mae,True,
RUN_V2_8ab974c7dae588253be9934a_raw_r2,True,
RUN_V2_8ab974c7dae588253be9934a_raw_ccc,True,
RUN_V2_8ab974c7dae588253be9934a_bounded_rmse,True,
RUN_V2_8ab974c7dae588253be9934a_bounded_mae,True,
RUN_V2_8ab974c7dae588253be9934a_bounded_r2,True,
RUN_V2_8ab974c7dae588253be9934a_bounded_ccc,True,
RUN_V2_316cc33ac7d74e0f05b48158_row_alignment,True,
RUN_V2_316cc33ac7d74e0f05b48158_raw_rmse,True,
RUN_V2_316cc33ac7d74e0f05b48158_raw_mae,True,
RUN_V2_316cc33ac7d74e0f05b48158_raw_r2,True,
RUN_V2_316cc33ac7d74e0f05b48158_raw_ccc,True,
RUN_V2_316cc33ac7d74e0f05b48158_bounded_rmse,True,
RUN_V2_316cc33ac7d74e0f05b48158_bounded_mae,True,
RUN_V2_316cc33ac7d74e0f05b48158_bounded_r2,True,
RUN_V2_316cc33ac7d74e0f05b48158_bounded_ccc,True,
RUN_V2_704355bb45ca933eb6dd2ab4_row_alignment,True,
RUN_V2_704355bb45ca933eb6dd2ab4_raw_rmse,True,
RUN_V2_704355bb45ca933eb6dd2ab4_raw_mae,True,
RUN_V2_704355bb45ca933eb6dd2ab4_raw_r2,True,
RUN_V2_704355bb45ca933eb6dd2ab4_raw_ccc,True,
RUN_V2_704355bb45ca933eb6dd2ab4_bounded_rmse,True,
RUN_V2_704355bb45ca933eb6dd2ab4_bounded_mae,True,
RUN_V2_704355bb45ca933eb6dd2ab4_bounded_r2,True,
RUN_V2_704355bb45ca933eb6dd2ab4_bounded_ccc,True,
RUN_V2_f959b17c01873de576f44f8b_row_alignment,True,
RUN_V2_f959b17c01873de576f44f8b_raw_rmse,True,
RUN_V2_f959b17c01873de576f44f8b_raw_mae,True,
RUN_V2_f959b17c01873de576f44f8b_raw_r2,True,
RUN_V2_f959b17c01873de576f44f8b_raw_ccc,True,
RUN_V2_f959b17c01873de576f44f8b_bounded_rmse,True,
RUN_V2_f959b17c01873de576f44f8b_bounded_mae,True,
RUN_V2_f959b17c01873de576f44f8b_bounded_r2,True,
RUN_V2_f959b17c01873de576f44f8b_bounded_ccc,True,
RUN_V2_fefabc9c9465511086607030_row_alignment,True,
RUN_V2_fefabc9c9465511086607030_raw_rmse,True,
RUN_V2_fefabc9c9465511086607030_raw_mae,True,
RUN_V2_fefabc9c9465511086607030_raw_r2,True,
RUN_V2_fefabc9c9465511086607030_raw_ccc,True,
RUN_V2_fefabc9c9465511086607030_bounded_rmse,True,
RUN_V2_fefabc9c9465511086607030_bounded_mae,True,
RUN_V2_fefabc9c9465511086607030_bounded_r2,True,
RUN_V2_fefabc9c9465511086607030_bounded_ccc,True,
strawberry_second_test_catboost_seeds,True,
RUN_V2_f9bac823498690e1a43f97a4_row_alignment,True,
RUN_V2_f9bac823498690e1a43f97a4_raw_rmse,True,
RUN_V2_f9bac823498690e1a43f97a4_raw_mae,True,
RUN_V2_f9bac823498690e1a43f97a4_raw_r2,True,
RUN_V2_f9bac823498690e1a43f97a4_raw_ccc,True,
RUN_V2_f9bac823498690e1a43f97a4_bounded_rmse,True,
RUN_V2_f9bac823498690e1a43f97a4_bounded_mae,True,
RUN_V2_f9bac823498690e1a43f97a4_bounded_r2,True,
RUN_V2_f9bac823498690e1a43f97a4_bounded_ccc,True,
RUN_V2_3d4991e3ed4503064bbe981a_row_alignment,True,
RUN_V2_3d4991e3ed4503064bbe981a_raw_rmse,True,
RUN_V2_3d4991e3ed4503064bbe981a_raw_mae,True,
RUN_V2_3d4991e3ed4503064bbe981a_raw_r2,True,
RUN_V2_3d4991e3ed4503064bbe981a_raw_ccc,True,
RUN_V2_3d4991e3ed4503064bbe981a_bounded_rmse,True,
RUN_V2_3d4991e3ed4503064bbe981a_bounded_mae,True,
RUN_V2_3d4991e3ed4503064bbe981a_bounded_r2,True,
RUN_V2_3d4991e3ed4503064bbe981a_bounded_ccc,True,
RUN_V2_a95de6dd8a733544d38db4c6_row_alignment,True,
RUN_V2_a95de6dd8a733544d38db4c6_raw_rmse,True,
RUN_V2_a95de6dd8a733544d38db4c6_raw_mae,True,
RUN_V2_a95de6dd8a733544d38db4c6_raw_r2,True,
RUN_V2_a95de6dd8a733544d38db4c6_raw_ccc,True,
RUN_V2_a95de6dd8a733544d38db4c6_bounded_rmse,True,
RUN_V2_a95de6dd8a733544d38db4c6_bounded_mae,True,
RUN_V2_a95de6dd8a733544d38db4c6_bounded_r2,True,
RUN_V2_a95de6dd8a733544d38db4c6_bounded_ccc,True,
RUN_V2_8dec99c0c1d2b9639d938f5f_row_alignment,True,
RUN_V2_8dec99c0c1d2b9639d938f5f_raw_rmse,True,
RUN_V2_8dec99c0c1d2b9639d938f5f_raw_mae,True,
RUN_V2_8dec99c0c1d2b9639d938f5f_raw_r2,True,
RUN_V2_8dec99c0c1d2b9639d938f5f_raw_ccc,True,
RUN_V2_8dec99c0c1d2b9639d938f5f_bounded_rmse,True,
RUN_V2_8dec99c0c1d2b9639d938f5f_bounded_mae,True,
RUN_V2_8dec99c0c1d2b9639d938f5f_bounded_r2,True,
RUN_V2_8dec99c0c1d2b9639d938f5f_bounded_ccc,True,
RUN_V2_452651cad7f269aac1649d9c_row_alignment,True,
RUN_V2_452651cad7f269aac1649d9c_raw_rmse,True,
RUN_V2_452651cad7f269aac1649d9c_raw_mae,True,
RUN_V2_452651cad7f269aac1649d9c_raw_r2,True,
RUN_V2_452651cad7f269aac1649d9c_raw_ccc,True,
RUN_V2_452651cad7f269aac1649d9c_bounded_rmse,True,
RUN_V2_452651cad7f269aac1649d9c_bounded_mae,True,
RUN_V2_452651cad7f269aac1649d9c_bounded_r2,True,
RUN_V2_452651cad7f269aac1649d9c_bounded_ccc,True,
strawberry_second_test_mlp_seeds,True,
RUN_V2_bf056c1be53ae0e33c7fa3ab_row_alignment,True,
RUN_V2_bf056c1be53ae0e33c7fa3ab_raw_rmse,True,
RUN_V2_bf056c1be53ae0e33c7fa3ab_raw_mae,True,
RUN_V2_bf056c1be53ae0e33c7fa3ab_raw_r2,True,
RUN_V2_bf056c1be53ae0e33c7fa3ab_raw_ccc,True,
RUN_V2_bf056c1be53ae0e33c7fa3ab_bounded_rmse,True,
RUN_V2_bf056c1be53ae0e33c7fa3ab_bounded_mae,True,
RUN_V2_bf056c1be53ae0e33c7fa3ab_bounded_r2,True,
RUN_V2_bf056c1be53ae0e33c7fa3ab_bounded_ccc,True,
RUN_V2_49243fdb6de40d210654cd5c_row_alignment,True,
RUN_V2_49243fdb6de40d210654cd5c_raw_rmse,True,
RUN_V2_49243fdb6de40d210654cd5c_raw_mae,True,
RUN_V2_49243fdb6de40d210654cd5c_raw_r2,True,
RUN_V2_49243fdb6de40d210654cd5c_raw_ccc,True,
RUN_V2_49243fdb6de40d210654cd5c_bounded_rmse,True,
RUN_V2_49243fdb6de40d210654cd5c_bounded_mae,True,
RUN_V2_49243fdb6de40d210654cd5c_bounded_r2,True,
RUN_V2_49243fdb6de40d210654cd5c_bounded_ccc,True,
RUN_V2_c73df8ddc0401db8e5470b4b_row_alignment,True,
RUN_V2_c73df8ddc0401db8e5470b4b_raw_rmse,True,
RUN_V2_c73df8ddc0401db8e5470b4b_raw_mae,True,
RUN_V2_c73df8ddc0401db8e5470b4b_raw_r2,True,
RUN_V2_c73df8ddc0401db8e5470b4b_raw_ccc,True,
RUN_V2_c73df8ddc0401db8e5470b4b_bounded_rmse,True,
RUN_V2_c73df8ddc0401db8e5470b4b_bounded_mae,True,
RUN_V2_c73df8ddc0401db8e5470b4b_bounded_r2,True,
RUN_V2_c73df8ddc0401db8e5470b4b_bounded_ccc,True,
RUN_V2_c1edeba3b0145e586556ce51_row_alignment,True,
RUN_V2_c1edeba3b0145e586556ce51_raw_rmse,True,
RUN_V2_c1edeba3b0145e586556ce51_raw_mae,True,
RUN_V2_c1edeba3b0145e586556ce51_raw_r2,True,
RUN_V2_c1edeba3b0145e586556ce51_raw_ccc,True,
RUN_V2_c1edeba3b0145e586556ce51_bounded_rmse,True,
RUN_V2_c1edeba3b0145e586556ce51_bounded_mae,True,
RUN_V2_c1edeba3b0145e586556ce51_bounded_r2,True,
RUN_V2_c1edeba3b0145e586556ce51_bounded_ccc,True,
RUN_V2_f75490a36b8f180a17616eb4_row_alignment,True,
RUN_V2_f75490a36b8f180a17616eb4_raw_rmse,True,
RUN_V2_f75490a36b8f180a17616eb4_raw_mae,True,
RUN_V2_f75490a36b8f180a17616eb4_raw_r2,True,
RUN_V2_f75490a36b8f180a17616eb4_raw_ccc,True,
RUN_V2_f75490a36b8f180a17616eb4_bounded_rmse,True,
RUN_V2_f75490a36b8f180a17616eb4_bounded_mae,True,
RUN_V2_f75490a36b8f180a17616eb4_bounded_r2,True,
RUN_V2_f75490a36b8f180a17616eb4_bounded_ccc,True,
strawberry_second_test_tabm_seeds,True,
RUN_V2_8259475109daa52396395277_row_alignment,True,
RUN_V2_8259475109daa52396395277_raw_rmse,True,
RUN_V2_8259475109daa52396395277_raw_mae,True,
RUN_V2_8259475109daa52396395277_raw_r2,True,
RUN_V2_8259475109daa52396395277_raw_ccc,True,
RUN_V2_8259475109daa52396395277_bounded_rmse,True,
RUN_V2_8259475109daa52396395277_bounded_mae,True,
RUN_V2_8259475109daa52396395277_bounded_r2,True,
RUN_V2_8259475109daa52396395277_bounded_ccc,True,
RUN_V2_4a911786f71cde96639b2f52_row_alignment,True,
RUN_V2_4a911786f71cde96639b2f52_raw_rmse,True,
RUN_V2_4a911786f71cde96639b2f52_raw_mae,True,
RUN_V2_4a911786f71cde96639b2f52_raw_r2,True,
RUN_V2_4a911786f71cde96639b2f52_raw_ccc,True,
RUN_V2_4a911786f71cde96639b2f52_bounded_rmse,True,
RUN_V2_4a911786f71cde96639b2f52_bounded_mae,True,
RUN_V2_4a911786f71cde96639b2f52_bounded_r2,True,
RUN_V2_4a911786f71cde96639b2f52_bounded_ccc,True,
RUN_V2_4bc0222707d47f3adfce19ee_row_alignment,True,
RUN_V2_4bc0222707d47f3adfce19ee_raw_rmse,True,
RUN_V2_4bc0222707d47f3adfce19ee_raw_mae,True,
RUN_V2_4bc0222707d47f3adfce19ee_raw_r2,True,
RUN_V2_4bc0222707d47f3adfce19ee_raw_ccc,True,
RUN_V2_4bc0222707d47f3adfce19ee_bounded_rmse,True,
RUN_V2_4bc0222707d47f3adfce19ee_bounded_mae,True,
RUN_V2_4bc0222707d47f3adfce19ee_bounded_r2,True,
RUN_V2_4bc0222707d47f3adfce19ee_bounded_ccc,True,
RUN_V2_89820a0edd288eaf1684ccbc_row_alignment,True,
RUN_V2_89820a0edd288eaf1684ccbc_raw_rmse,True,
RUN_V2_89820a0edd288eaf1684ccbc_raw_mae,True,
RUN_V2_89820a0edd288eaf1684ccbc_raw_r2,True,
RUN_V2_89820a0edd288eaf1684ccbc_raw_ccc,True,
RUN_V2_89820a0edd288eaf1684ccbc_bounded_rmse,True,
RUN_V2_89820a0edd288eaf1684ccbc_bounded_mae,True,
RUN_V2_89820a0edd288eaf1684ccbc_bounded_r2,True,
RUN_V2_89820a0edd288eaf1684ccbc_bounded_ccc,True,
RUN_V2_da6655a5fbac480c7752e134_row_alignment,True,
RUN_V2_da6655a5fbac480c7752e134_raw_rmse,True,
RUN_V2_da6655a5fbac480c7752e134_raw_mae,True,
RUN_V2_da6655a5fbac480c7752e134_raw_r2,True,
RUN_V2_da6655a5fbac480c7752e134_raw_ccc,True,
RUN_V2_da6655a5fbac480c7752e134_bounded_rmse,True,
RUN_V2_da6655a5fbac480c7752e134_bounded_mae,True,
RUN_V2_da6655a5fbac480c7752e134_bounded_r2,True,
RUN_V2_da6655a5fbac480c7752e134_bounded_ccc,True,
strawberry_second_test_tft_seeds,True,
RUN_V2_5f998fb903e1db81b92b0b73_row_alignment,True,
RUN_V2_5f998fb903e1db81b92b0b73_raw_rmse,True,
RUN_V2_5f998fb903e1db81b92b0b73_raw_mae,True,
RUN_V2_5f998fb903e1db81b92b0b73_raw_r2,True,
RUN_V2_5f998fb903e1db81b92b0b73_raw_ccc,True,
RUN_V2_5f998fb903e1db81b92b0b73_bounded_rmse,True,
RUN_V2_5f998fb903e1db81b92b0b73_bounded_mae,True,
RUN_V2_5f998fb903e1db81b92b0b73_bounded_r2,True,
RUN_V2_5f998fb903e1db81b92b0b73_bounded_ccc,True,
RUN_V2_d50f107d4f8b9382b3c953b0_row_alignment,True,
RUN_V2_d50f107d4f8b9382b3c953b0_raw_rmse,True,
RUN_V2_d50f107d4f8b9382b3c953b0_raw_mae,True,
RUN_V2_d50f107d4f8b9382b3c953b0_raw_r2,True,
RUN_V2_d50f107d4f8b9382b3c953b0_raw_ccc,True,
RUN_V2_d50f107d4f8b9382b3c953b0_bounded_rmse,True,
RUN_V2_d50f107d4f8b9382b3c953b0_bounded_mae,True,
RUN_V2_d50f107d4f8b9382b3c953b0_bounded_r2,True,
RUN_V2_d50f107d4f8b9382b3c953b0_bounded_ccc,True,
RUN_V2_d18f6a1c684828afe46bc71a_row_alignment,True,
RUN_V2_d18f6a1c684828afe46bc71a_raw_rmse,True,
RUN_V2_d18f6a1c684828afe46bc71a_raw_mae,True,
RUN_V2_d18f6a1c684828afe46bc71a_raw_r2,True,
RUN_V2_d18f6a1c684828afe46bc71a_raw_ccc,True,
RUN_V2_d18f6a1c684828afe46bc71a_bounded_rmse,True,
RUN_V2_d18f6a1c684828afe46bc71a_bounded_mae,True,
RUN_V2_d18f6a1c684828afe46bc71a_bounded_r2,True,
RUN_V2_d18f6a1c684828afe46bc71a_bounded_ccc,True,
RUN_V2_8fb2420e8684576ddfe19404_row_alignment,True,
RUN_V2_8fb2420e8684576ddfe19404_raw_rmse,True,
RUN_V2_8fb2420e8684576ddfe19404_raw_mae,True,
RUN_V2_8fb2420e8684576ddfe19404_raw_r2,True,
RUN_V2_8fb2420e8684576ddfe19404_raw_ccc,True,
RUN_V2_8fb2420e8684576ddfe19404_bounded_rmse,True,
RUN_V2_8fb2420e8684576ddfe19404_bounded_mae,True,
RUN_V2_8fb2420e8684576ddfe19404_bounded_r2,True,
RUN_V2_8fb2420e8684576ddfe19404_bounded_ccc,True,
RUN_V2_aac83b6061a1f582f5e1cadb_row_alignment,True,
RUN_V2_aac83b6061a1f582f5e1cadb_raw_rmse,True,
RUN_V2_aac83b6061a1f582f5e1cadb_raw_mae,True,
RUN_V2_aac83b6061a1f582f5e1cadb_raw_r2,True,
RUN_V2_aac83b6061a1f582f5e1cadb_raw_ccc,True,
RUN_V2_aac83b6061a1f582f5e1cadb_bounded_rmse,True,
RUN_V2_aac83b6061a1f582f5e1cadb_bounded_mae,True,
RUN_V2_aac83b6061a1f582f5e1cadb_bounded_r2,True,
RUN_V2_aac83b6061a1f582f5e1cadb_bounded_ccc,True,
strawberry_second_test_persistence_seeds,True,
RUN_V2_1e79d65d75feed96ab0b0f0c_row_alignment,True,
RUN_V2_1e79d65d75feed96ab0b0f0c_raw_rmse,True,
RUN_V2_1e79d65d75feed96ab0b0f0c_raw_mae,True,
RUN_V2_1e79d65d75feed96ab0b0f0c_raw_r2,True,
RUN_V2_1e79d65d75feed96ab0b0f0c_raw_ccc,True,
RUN_V2_1e79d65d75feed96ab0b0f0c_bounded_rmse,True,
RUN_V2_1e79d65d75feed96ab0b0f0c_bounded_mae,True,
RUN_V2_1e79d65d75feed96ab0b0f0c_bounded_r2,True,
RUN_V2_1e79d65d75feed96ab0b0f0c_bounded_ccc,True,
strawberry_third_complete,True,
strawberry_third_index_matches_files,True,
strawberry_third_all_group_model_pairs,True,
strawberry_third_same_eval_rows,True,
strawberry_third_five_validation_seeds,True,
strawberry_third_train_hash,True,
strawberry_third_train_unique_rows,True,
strawberry_third_train_future_label,True,
strawberry_third_validation_hash,True,
strawberry_third_validation_unique_rows,True,
strawberry_third_validation_future_label,True,
strawberry_third_validation_facility_disjoint,True,
strawberry_third_validation_poisson_seeds,True,
RUN_V2_fd6a4e387582f99341c23f12_row_alignment,True,
RUN_V2_fd6a4e387582f99341c23f12_raw_rmse,True,
RUN_V2_fd6a4e387582f99341c23f12_raw_mae,True,
RUN_V2_fd6a4e387582f99341c23f12_raw_r2,True,
RUN_V2_fd6a4e387582f99341c23f12_raw_ccc,True,
RUN_V2_fd6a4e387582f99341c23f12_bounded_rmse,True,
RUN_V2_fd6a4e387582f99341c23f12_bounded_mae,True,
RUN_V2_fd6a4e387582f99341c23f12_bounded_r2,True,
RUN_V2_fd6a4e387582f99341c23f12_bounded_ccc,True,
RUN_V2_0edd265d98c95f059de11956_row_alignment,True,
RUN_V2_0edd265d98c95f059de11956_raw_rmse,True,
RUN_V2_0edd265d98c95f059de11956_raw_mae,True,
RUN_V2_0edd265d98c95f059de11956_raw_r2,True,
RUN_V2_0edd265d98c95f059de11956_raw_ccc,True,
RUN_V2_0edd265d98c95f059de11956_bounded_rmse,True,
RUN_V2_0edd265d98c95f059de11956_bounded_mae,True,
RUN_V2_0edd265d98c95f059de11956_bounded_r2,True,
RUN_V2_0edd265d98c95f059de11956_bounded_ccc,True,
RUN_V2_5ab9069ecb08b3cf060123ad_row_alignment,True,
RUN_V2_5ab9069ecb08b3cf060123ad_raw_rmse,True,
RUN_V2_5ab9069ecb08b3cf060123ad_raw_mae,True,
RUN_V2_5ab9069ecb08b3cf060123ad_raw_r2,True,
RUN_V2_5ab9069ecb08b3cf060123ad_raw_ccc,True,
RUN_V2_5ab9069ecb08b3cf060123ad_bounded_rmse,True,
RUN_V2_5ab9069ecb08b3cf060123ad_bounded_mae,True,
RUN_V2_5ab9069ecb08b3cf060123ad_bounded_r2,True,
RUN_V2_5ab9069ecb08b3cf060123ad_bounded_ccc,True,
RUN_V2_06cd26048457429a9bc9d01e_row_alignment,True,
RUN_V2_06cd26048457429a9bc9d01e_raw_rmse,True,
RUN_V2_06cd26048457429a9bc9d01e_raw_mae,True,
RUN_V2_06cd26048457429a9bc9d01e_raw_r2,True,
RUN_V2_06cd26048457429a9bc9d01e_raw_ccc,True,
RUN_V2_06cd26048457429a9bc9d01e_bounded_rmse,True,
RUN_V2_06cd26048457429a9bc9d01e_bounded_mae,True,
RUN_V2_06cd26048457429a9bc9d01e_bounded_r2,True,
RUN_V2_06cd26048457429a9bc9d01e_bounded_ccc,True,
RUN_V2_0ccd522f1ef5c36f5a286b82_row_alignment,True,
RUN_V2_0ccd522f1ef5c36f5a286b82_raw_rmse,True,
RUN_V2_0ccd522f1ef5c36f5a286b82_raw_mae,True,
RUN_V2_0ccd522f1ef5c36f5a286b82_raw_r2,True,
RUN_V2_0ccd522f1ef5c36f5a286b82_raw_ccc,True,
RUN_V2_0ccd522f1ef5c36f5a286b82_bounded_rmse,True,
RUN_V2_0ccd522f1ef5c36f5a286b82_bounded_mae,True,
RUN_V2_0ccd522f1ef5c36f5a286b82_bounded_r2,True,
RUN_V2_0ccd522f1ef5c36f5a286b82_bounded_ccc,True,
strawberry_third_validation_random_forest_seeds,True,
RUN_V2_1681b34809bed9c7e07ad336_row_alignment,True,
RUN_V2_1681b34809bed9c7e07ad336_raw_rmse,True,
RUN_V2_1681b34809bed9c7e07ad336_raw_mae,True,
RUN_V2_1681b34809bed9c7e07ad336_raw_r2,True,
RUN_V2_1681b34809bed9c7e07ad336_raw_ccc,True,
RUN_V2_1681b34809bed9c7e07ad336_bounded_rmse,True,
RUN_V2_1681b34809bed9c7e07ad336_bounded_mae,True,
RUN_V2_1681b34809bed9c7e07ad336_bounded_r2,True,
RUN_V2_1681b34809bed9c7e07ad336_bounded_ccc,True,
RUN_V2_7663fa213bfdeb5b36fd6a26_row_alignment,True,
RUN_V2_7663fa213bfdeb5b36fd6a26_raw_rmse,True,
RUN_V2_7663fa213bfdeb5b36fd6a26_raw_mae,True,
RUN_V2_7663fa213bfdeb5b36fd6a26_raw_r2,True,
RUN_V2_7663fa213bfdeb5b36fd6a26_raw_ccc,True,
RUN_V2_7663fa213bfdeb5b36fd6a26_bounded_rmse,True,
RUN_V2_7663fa213bfdeb5b36fd6a26_bounded_mae,True,
RUN_V2_7663fa213bfdeb5b36fd6a26_bounded_r2,True,
RUN_V2_7663fa213bfdeb5b36fd6a26_bounded_ccc,True,
RUN_V2_5b164aa7c0929bb17008e4cc_row_alignment,True,
RUN_V2_5b164aa7c0929bb17008e4cc_raw_rmse,True,
RUN_V2_5b164aa7c0929bb17008e4cc_raw_mae,True,
RUN_V2_5b164aa7c0929bb17008e4cc_raw_r2,True,
RUN_V2_5b164aa7c0929bb17008e4cc_raw_ccc,True,
RUN_V2_5b164aa7c0929bb17008e4cc_bounded_rmse,True,
RUN_V2_5b164aa7c0929bb17008e4cc_bounded_mae,True,
RUN_V2_5b164aa7c0929bb17008e4cc_bounded_r2,True,
RUN_V2_5b164aa7c0929bb17008e4cc_bounded_ccc,True,
RUN_V2_c6477770593a98f98dc5b6c3_row_alignment,True,
RUN_V2_c6477770593a98f98dc5b6c3_raw_rmse,True,
RUN_V2_c6477770593a98f98dc5b6c3_raw_mae,True,
RUN_V2_c6477770593a98f98dc5b6c3_raw_r2,True,
RUN_V2_c6477770593a98f98dc5b6c3_raw_ccc,True,
RUN_V2_c6477770593a98f98dc5b6c3_bounded_rmse,True,
RUN_V2_c6477770593a98f98dc5b6c3_bounded_mae,True,
RUN_V2_c6477770593a98f98dc5b6c3_bounded_r2,True,
RUN_V2_c6477770593a98f98dc5b6c3_bounded_ccc,True,
RUN_V2_ab00142b93c77a46f87efb7d_row_alignment,True,
RUN_V2_ab00142b93c77a46f87efb7d_raw_rmse,True,
RUN_V2_ab00142b93c77a46f87efb7d_raw_mae,True,
RUN_V2_ab00142b93c77a46f87efb7d_raw_r2,True,
RUN_V2_ab00142b93c77a46f87efb7d_raw_ccc,True,
RUN_V2_ab00142b93c77a46f87efb7d_bounded_rmse,True,
RUN_V2_ab00142b93c77a46f87efb7d_bounded_mae,True,
RUN_V2_ab00142b93c77a46f87efb7d_bounded_r2,True,
RUN_V2_ab00142b93c77a46f87efb7d_bounded_ccc,True,
strawberry_third_validation_catboost_seeds,True,
RUN_V2_7a1f24881d7f870f18e550d0_row_alignment,True,
RUN_V2_7a1f24881d7f870f18e550d0_raw_rmse,True,
RUN_V2_7a1f24881d7f870f18e550d0_raw_mae,True,
RUN_V2_7a1f24881d7f870f18e550d0_raw_r2,True,
RUN_V2_7a1f24881d7f870f18e550d0_raw_ccc,True,
RUN_V2_7a1f24881d7f870f18e550d0_bounded_rmse,True,
RUN_V2_7a1f24881d7f870f18e550d0_bounded_mae,True,
RUN_V2_7a1f24881d7f870f18e550d0_bounded_r2,True,
RUN_V2_7a1f24881d7f870f18e550d0_bounded_ccc,True,
RUN_V2_a3805733b1232d29b8a6ebed_row_alignment,True,
RUN_V2_a3805733b1232d29b8a6ebed_raw_rmse,True,
RUN_V2_a3805733b1232d29b8a6ebed_raw_mae,True,
RUN_V2_a3805733b1232d29b8a6ebed_raw_r2,True,
RUN_V2_a3805733b1232d29b8a6ebed_raw_ccc,True,
RUN_V2_a3805733b1232d29b8a6ebed_bounded_rmse,True,
RUN_V2_a3805733b1232d29b8a6ebed_bounded_mae,True,
RUN_V2_a3805733b1232d29b8a6ebed_bounded_r2,True,
RUN_V2_a3805733b1232d29b8a6ebed_bounded_ccc,True,
RUN_V2_31ebbbfbe3a916b5192c3024_row_alignment,True,
RUN_V2_31ebbbfbe3a916b5192c3024_raw_rmse,True,
RUN_V2_31ebbbfbe3a916b5192c3024_raw_mae,True,
RUN_V2_31ebbbfbe3a916b5192c3024_raw_r2,True,
RUN_V2_31ebbbfbe3a916b5192c3024_raw_ccc,True,
RUN_V2_31ebbbfbe3a916b5192c3024_bounded_rmse,True,
RUN_V2_31ebbbfbe3a916b5192c3024_bounded_mae,True,
RUN_V2_31ebbbfbe3a916b5192c3024_bounded_r2,True,
RUN_V2_31ebbbfbe3a916b5192c3024_bounded_ccc,True,
RUN_V2_3080a1964083cfc291982166_row_alignment,True,
RUN_V2_3080a1964083cfc291982166_raw_rmse,True,
RUN_V2_3080a1964083cfc291982166_raw_mae,True,
RUN_V2_3080a1964083cfc291982166_raw_r2,True,
RUN_V2_3080a1964083cfc291982166_raw_ccc,True,
RUN_V2_3080a1964083cfc291982166_bounded_rmse,True,
RUN_V2_3080a1964083cfc291982166_bounded_mae,True,
RUN_V2_3080a1964083cfc291982166_bounded_r2,True,
RUN_V2_3080a1964083cfc291982166_bounded_ccc,True,
RUN_V2_d403e1bec14c6761386ccf3c_row_alignment,True,
RUN_V2_d403e1bec14c6761386ccf3c_raw_rmse,True,
RUN_V2_d403e1bec14c6761386ccf3c_raw_mae,True,
RUN_V2_d403e1bec14c6761386ccf3c_raw_r2,True,
RUN_V2_d403e1bec14c6761386ccf3c_raw_ccc,True,
RUN_V2_d403e1bec14c6761386ccf3c_bounded_rmse,True,
RUN_V2_d403e1bec14c6761386ccf3c_bounded_mae,True,
RUN_V2_d403e1bec14c6761386ccf3c_bounded_r2,True,
RUN_V2_d403e1bec14c6761386ccf3c_bounded_ccc,True,
strawberry_third_validation_mlp_seeds,True,
RUN_V2_4a943e1cea5bcc454e7a0d08_row_alignment,True,
RUN_V2_4a943e1cea5bcc454e7a0d08_raw_rmse,True,
RUN_V2_4a943e1cea5bcc454e7a0d08_raw_mae,True,
RUN_V2_4a943e1cea5bcc454e7a0d08_raw_r2,True,
RUN_V2_4a943e1cea5bcc454e7a0d08_raw_ccc,True,
RUN_V2_4a943e1cea5bcc454e7a0d08_bounded_rmse,True,
RUN_V2_4a943e1cea5bcc454e7a0d08_bounded_mae,True,
RUN_V2_4a943e1cea5bcc454e7a0d08_bounded_r2,True,
RUN_V2_4a943e1cea5bcc454e7a0d08_bounded_ccc,True,
RUN_V2_b2c46deb8543d25a5a6ff872_row_alignment,True,
RUN_V2_b2c46deb8543d25a5a6ff872_raw_rmse,True,
RUN_V2_b2c46deb8543d25a5a6ff872_raw_mae,True,
RUN_V2_b2c46deb8543d25a5a6ff872_raw_r2,True,
RUN_V2_b2c46deb8543d25a5a6ff872_raw_ccc,True,
RUN_V2_b2c46deb8543d25a5a6ff872_bounded_rmse,True,
RUN_V2_b2c46deb8543d25a5a6ff872_bounded_mae,True,
RUN_V2_b2c46deb8543d25a5a6ff872_bounded_r2,True,
RUN_V2_b2c46deb8543d25a5a6ff872_bounded_ccc,True,
RUN_V2_789f2f87c3c2509729a4eed7_row_alignment,True,
RUN_V2_789f2f87c3c2509729a4eed7_raw_rmse,True,
RUN_V2_789f2f87c3c2509729a4eed7_raw_mae,True,
RUN_V2_789f2f87c3c2509729a4eed7_raw_r2,True,
RUN_V2_789f2f87c3c2509729a4eed7_raw_ccc,True,
RUN_V2_789f2f87c3c2509729a4eed7_bounded_rmse,True,
RUN_V2_789f2f87c3c2509729a4eed7_bounded_mae,True,
RUN_V2_789f2f87c3c2509729a4eed7_bounded_r2,True,
RUN_V2_789f2f87c3c2509729a4eed7_bounded_ccc,True,
RUN_V2_5b5465ba56da4d6141b81dfd_row_alignment,True,
RUN_V2_5b5465ba56da4d6141b81dfd_raw_rmse,True,
RUN_V2_5b5465ba56da4d6141b81dfd_raw_mae,True,
RUN_V2_5b5465ba56da4d6141b81dfd_raw_r2,True,
RUN_V2_5b5465ba56da4d6141b81dfd_raw_ccc,True,
RUN_V2_5b5465ba56da4d6141b81dfd_bounded_rmse,True,
RUN_V2_5b5465ba56da4d6141b81dfd_bounded_mae,True,
RUN_V2_5b5465ba56da4d6141b81dfd_bounded_r2,True,
RUN_V2_5b5465ba56da4d6141b81dfd_bounded_ccc,True,
RUN_V2_bcfc5b87f0372de1508f7c94_row_alignment,True,
RUN_V2_bcfc5b87f0372de1508f7c94_raw_rmse,True,
RUN_V2_bcfc5b87f0372de1508f7c94_raw_mae,True,
RUN_V2_bcfc5b87f0372de1508f7c94_raw_r2,True,
RUN_V2_bcfc5b87f0372de1508f7c94_raw_ccc,True,
RUN_V2_bcfc5b87f0372de1508f7c94_bounded_rmse,True,
RUN_V2_bcfc5b87f0372de1508f7c94_bounded_mae,True,
RUN_V2_bcfc5b87f0372de1508f7c94_bounded_r2,True,
RUN_V2_bcfc5b87f0372de1508f7c94_bounded_ccc,True,
strawberry_third_validation_tabm_seeds,True,
RUN_V2_8061502c5dd14de2017429de_row_alignment,True,
RUN_V2_8061502c5dd14de2017429de_raw_rmse,True,
RUN_V2_8061502c5dd14de2017429de_raw_mae,True,
RUN_V2_8061502c5dd14de2017429de_raw_r2,True,
RUN_V2_8061502c5dd14de2017429de_raw_ccc,True,
RUN_V2_8061502c5dd14de2017429de_bounded_rmse,True,
RUN_V2_8061502c5dd14de2017429de_bounded_mae,True,
RUN_V2_8061502c5dd14de2017429de_bounded_r2,True,
RUN_V2_8061502c5dd14de2017429de_bounded_ccc,True,
RUN_V2_a5e795cfefd7f9f9ada82aa9_row_alignment,True,
RUN_V2_a5e795cfefd7f9f9ada82aa9_raw_rmse,True,
RUN_V2_a5e795cfefd7f9f9ada82aa9_raw_mae,True,
RUN_V2_a5e795cfefd7f9f9ada82aa9_raw_r2,True,
RUN_V2_a5e795cfefd7f9f9ada82aa9_raw_ccc,True,
RUN_V2_a5e795cfefd7f9f9ada82aa9_bounded_rmse,True,
RUN_V2_a5e795cfefd7f9f9ada82aa9_bounded_mae,True,
RUN_V2_a5e795cfefd7f9f9ada82aa9_bounded_r2,True,
RUN_V2_a5e795cfefd7f9f9ada82aa9_bounded_ccc,True,
RUN_V2_ce23adc300febdf59fe7f56f_row_alignment,True,
RUN_V2_ce23adc300febdf59fe7f56f_raw_rmse,True,
RUN_V2_ce23adc300febdf59fe7f56f_raw_mae,True,
RUN_V2_ce23adc300febdf59fe7f56f_raw_r2,True,
RUN_V2_ce23adc300febdf59fe7f56f_raw_ccc,True,
RUN_V2_ce23adc300febdf59fe7f56f_bounded_rmse,True,
RUN_V2_ce23adc300febdf59fe7f56f_bounded_mae,True,
RUN_V2_ce23adc300febdf59fe7f56f_bounded_r2,True,
RUN_V2_ce23adc300febdf59fe7f56f_bounded_ccc,True,
RUN_V2_230276e38c20148b34f9b964_row_alignment,True,
RUN_V2_230276e38c20148b34f9b964_raw_rmse,True,
RUN_V2_230276e38c20148b34f9b964_raw_mae,True,
RUN_V2_230276e38c20148b34f9b964_raw_r2,True,
RUN_V2_230276e38c20148b34f9b964_raw_ccc,True,
RUN_V2_230276e38c20148b34f9b964_bounded_rmse,True,
RUN_V2_230276e38c20148b34f9b964_bounded_mae,True,
RUN_V2_230276e38c20148b34f9b964_bounded_r2,True,
RUN_V2_230276e38c20148b34f9b964_bounded_ccc,True,
RUN_V2_e4ba91d895b7dafe12381664_row_alignment,True,
RUN_V2_e4ba91d895b7dafe12381664_raw_rmse,True,
RUN_V2_e4ba91d895b7dafe12381664_raw_mae,True,
RUN_V2_e4ba91d895b7dafe12381664_raw_r2,True,
RUN_V2_e4ba91d895b7dafe12381664_raw_ccc,True,
RUN_V2_e4ba91d895b7dafe12381664_bounded_rmse,True,
RUN_V2_e4ba91d895b7dafe12381664_bounded_mae,True,
RUN_V2_e4ba91d895b7dafe12381664_bounded_r2,True,
RUN_V2_e4ba91d895b7dafe12381664_bounded_ccc,True,
strawberry_third_validation_tft_seeds,True,
RUN_V2_63d293199cbc8921c1e567c7_row_alignment,True,
RUN_V2_63d293199cbc8921c1e567c7_raw_rmse,True,
RUN_V2_63d293199cbc8921c1e567c7_raw_mae,True,
RUN_V2_63d293199cbc8921c1e567c7_raw_r2,True,
RUN_V2_63d293199cbc8921c1e567c7_raw_ccc,True,
RUN_V2_63d293199cbc8921c1e567c7_bounded_rmse,True,
RUN_V2_63d293199cbc8921c1e567c7_bounded_mae,True,
RUN_V2_63d293199cbc8921c1e567c7_bounded_r2,True,
RUN_V2_63d293199cbc8921c1e567c7_bounded_ccc,True,
RUN_V2_65c0a36b77e640040f460886_row_alignment,True,
RUN_V2_65c0a36b77e640040f460886_raw_rmse,True,
RUN_V2_65c0a36b77e640040f460886_raw_mae,True,
RUN_V2_65c0a36b77e640040f460886_raw_r2,True,
RUN_V2_65c0a36b77e640040f460886_raw_ccc,True,
RUN_V2_65c0a36b77e640040f460886_bounded_rmse,True,
RUN_V2_65c0a36b77e640040f460886_bounded_mae,True,
RUN_V2_65c0a36b77e640040f460886_bounded_r2,True,
RUN_V2_65c0a36b77e640040f460886_bounded_ccc,True,
RUN_V2_cb8dfaa1368bed53b0e51e4d_row_alignment,True,
RUN_V2_cb8dfaa1368bed53b0e51e4d_raw_rmse,True,
RUN_V2_cb8dfaa1368bed53b0e51e4d_raw_mae,True,
RUN_V2_cb8dfaa1368bed53b0e51e4d_raw_r2,True,
RUN_V2_cb8dfaa1368bed53b0e51e4d_raw_ccc,True,
RUN_V2_cb8dfaa1368bed53b0e51e4d_bounded_rmse,True,
RUN_V2_cb8dfaa1368bed53b0e51e4d_bounded_mae,True,
RUN_V2_cb8dfaa1368bed53b0e51e4d_bounded_r2,True,
RUN_V2_cb8dfaa1368bed53b0e51e4d_bounded_ccc,True,
RUN_V2_385520422501bbe8694b2751_row_alignment,True,
RUN_V2_385520422501bbe8694b2751_raw_rmse,True,
RUN_V2_385520422501bbe8694b2751_raw_mae,True,
RUN_V2_385520422501bbe8694b2751_raw_r2,True,
RUN_V2_385520422501bbe8694b2751_raw_ccc,True,
RUN_V2_385520422501bbe8694b2751_bounded_rmse,True,
RUN_V2_385520422501bbe8694b2751_bounded_mae,True,
RUN_V2_385520422501bbe8694b2751_bounded_r2,True,
RUN_V2_385520422501bbe8694b2751_bounded_ccc,True,
RUN_V2_6d2141363dd00905a460d199_row_alignment,True,
RUN_V2_6d2141363dd00905a460d199_raw_rmse,True,
RUN_V2_6d2141363dd00905a460d199_raw_mae,True,
RUN_V2_6d2141363dd00905a460d199_raw_r2,True,
RUN_V2_6d2141363dd00905a460d199_raw_ccc,True,
RUN_V2_6d2141363dd00905a460d199_bounded_rmse,True,
RUN_V2_6d2141363dd00905a460d199_bounded_mae,True,
RUN_V2_6d2141363dd00905a460d199_bounded_r2,True,
RUN_V2_6d2141363dd00905a460d199_bounded_ccc,True,
strawberry_third_validation_persistence_seeds,True,
RUN_V2_6e528eb03dc2b72119608b8c_row_alignment,True,
RUN_V2_6e528eb03dc2b72119608b8c_raw_rmse,True,
RUN_V2_6e528eb03dc2b72119608b8c_raw_mae,True,
RUN_V2_6e528eb03dc2b72119608b8c_raw_r2,True,
RUN_V2_6e528eb03dc2b72119608b8c_raw_ccc,True,
RUN_V2_6e528eb03dc2b72119608b8c_bounded_rmse,True,
RUN_V2_6e528eb03dc2b72119608b8c_bounded_mae,True,
RUN_V2_6e528eb03dc2b72119608b8c_bounded_r2,True,
RUN_V2_6e528eb03dc2b72119608b8c_bounded_ccc,True,
strawberry_third_test_hash,True,
strawberry_third_test_unique_rows,True,
strawberry_third_test_future_label,True,
strawberry_third_test_facility_disjoint,True,
strawberry_third_val_test_disjoint,True,
strawberry_third_test_poisson_seeds,True,
RUN_V2_b3e1dcd5194c8ad46483d876_row_alignment,True,
RUN_V2_b3e1dcd5194c8ad46483d876_raw_rmse,True,
RUN_V2_b3e1dcd5194c8ad46483d876_raw_mae,True,
RUN_V2_b3e1dcd5194c8ad46483d876_raw_r2,True,
RUN_V2_b3e1dcd5194c8ad46483d876_raw_ccc,True,
RUN_V2_b3e1dcd5194c8ad46483d876_bounded_rmse,True,
RUN_V2_b3e1dcd5194c8ad46483d876_bounded_mae,True,
RUN_V2_b3e1dcd5194c8ad46483d876_bounded_r2,True,
RUN_V2_b3e1dcd5194c8ad46483d876_bounded_ccc,True,
RUN_V2_aef39bd02bcabcb1e600adfc_row_alignment,True,
RUN_V2_aef39bd02bcabcb1e600adfc_raw_rmse,True,
RUN_V2_aef39bd02bcabcb1e600adfc_raw_mae,True,
RUN_V2_aef39bd02bcabcb1e600adfc_raw_r2,True,
RUN_V2_aef39bd02bcabcb1e600adfc_raw_ccc,True,
RUN_V2_aef39bd02bcabcb1e600adfc_bounded_rmse,True,
RUN_V2_aef39bd02bcabcb1e600adfc_bounded_mae,True,
RUN_V2_aef39bd02bcabcb1e600adfc_bounded_r2,True,
RUN_V2_aef39bd02bcabcb1e600adfc_bounded_ccc,True,
RUN_V2_9791fd210467bf4b705df832_row_alignment,True,
RUN_V2_9791fd210467bf4b705df832_raw_rmse,True,
RUN_V2_9791fd210467bf4b705df832_raw_mae,True,
RUN_V2_9791fd210467bf4b705df832_raw_r2,True,
RUN_V2_9791fd210467bf4b705df832_raw_ccc,True,
RUN_V2_9791fd210467bf4b705df832_bounded_rmse,True,
RUN_V2_9791fd210467bf4b705df832_bounded_mae,True,
RUN_V2_9791fd210467bf4b705df832_bounded_r2,True,
RUN_V2_9791fd210467bf4b705df832_bounded_ccc,True,
RUN_V2_9c2c71cd26eada07a8493e67_row_alignment,True,
RUN_V2_9c2c71cd26eada07a8493e67_raw_rmse,True,
RUN_V2_9c2c71cd26eada07a8493e67_raw_mae,True,
RUN_V2_9c2c71cd26eada07a8493e67_raw_r2,True,
RUN_V2_9c2c71cd26eada07a8493e67_raw_ccc,True,
RUN_V2_9c2c71cd26eada07a8493e67_bounded_rmse,True,
RUN_V2_9c2c71cd26eada07a8493e67_bounded_mae,True,
RUN_V2_9c2c71cd26eada07a8493e67_bounded_r2,True,
RUN_V2_9c2c71cd26eada07a8493e67_bounded_ccc,True,
RUN_V2_8a5b56b511b529650f24b542_row_alignment,True,
RUN_V2_8a5b56b511b529650f24b542_raw_rmse,True,
RUN_V2_8a5b56b511b529650f24b542_raw_mae,True,
RUN_V2_8a5b56b511b529650f24b542_raw_r2,True,
RUN_V2_8a5b56b511b529650f24b542_raw_ccc,True,
RUN_V2_8a5b56b511b529650f24b542_bounded_rmse,True,
RUN_V2_8a5b56b511b529650f24b542_bounded_mae,True,
RUN_V2_8a5b56b511b529650f24b542_bounded_r2,True,
RUN_V2_8a5b56b511b529650f24b542_bounded_ccc,True,
strawberry_third_test_random_forest_seeds,True,
RUN_V2_31686f524dd86bff8b23c168_row_alignment,True,
RUN_V2_31686f524dd86bff8b23c168_raw_rmse,True,
RUN_V2_31686f524dd86bff8b23c168_raw_mae,True,
RUN_V2_31686f524dd86bff8b23c168_raw_r2,True,
RUN_V2_31686f524dd86bff8b23c168_raw_ccc,True,
RUN_V2_31686f524dd86bff8b23c168_bounded_rmse,True,
RUN_V2_31686f524dd86bff8b23c168_bounded_mae,True,
RUN_V2_31686f524dd86bff8b23c168_bounded_r2,True,
RUN_V2_31686f524dd86bff8b23c168_bounded_ccc,True,
RUN_V2_19cea778e104b6811b0ac945_row_alignment,True,
RUN_V2_19cea778e104b6811b0ac945_raw_rmse,True,
RUN_V2_19cea778e104b6811b0ac945_raw_mae,True,
RUN_V2_19cea778e104b6811b0ac945_raw_r2,True,
RUN_V2_19cea778e104b6811b0ac945_raw_ccc,True,
RUN_V2_19cea778e104b6811b0ac945_bounded_rmse,True,
RUN_V2_19cea778e104b6811b0ac945_bounded_mae,True,
RUN_V2_19cea778e104b6811b0ac945_bounded_r2,True,
RUN_V2_19cea778e104b6811b0ac945_bounded_ccc,True,
RUN_V2_860ddea815f152fe4442556a_row_alignment,True,
RUN_V2_860ddea815f152fe4442556a_raw_rmse,True,
RUN_V2_860ddea815f152fe4442556a_raw_mae,True,
RUN_V2_860ddea815f152fe4442556a_raw_r2,True,
RUN_V2_860ddea815f152fe4442556a_raw_ccc,True,
RUN_V2_860ddea815f152fe4442556a_bounded_rmse,True,
RUN_V2_860ddea815f152fe4442556a_bounded_mae,True,
RUN_V2_860ddea815f152fe4442556a_bounded_r2,True,
RUN_V2_860ddea815f152fe4442556a_bounded_ccc,True,
RUN_V2_01b7aa91d762372841a3739d_row_alignment,True,
RUN_V2_01b7aa91d762372841a3739d_raw_rmse,True,
RUN_V2_01b7aa91d762372841a3739d_raw_mae,True,
RUN_V2_01b7aa91d762372841a3739d_raw_r2,True,
RUN_V2_01b7aa91d762372841a3739d_raw_ccc,True,
RUN_V2_01b7aa91d762372841a3739d_bounded_rmse,True,
RUN_V2_01b7aa91d762372841a3739d_bounded_mae,True,
RUN_V2_01b7aa91d762372841a3739d_bounded_r2,True,
RUN_V2_01b7aa91d762372841a3739d_bounded_ccc,True,
RUN_V2_4259c758e0a1d56f64694847_row_alignment,True,
RUN_V2_4259c758e0a1d56f64694847_raw_rmse,True,
RUN_V2_4259c758e0a1d56f64694847_raw_mae,True,
RUN_V2_4259c758e0a1d56f64694847_raw_r2,True,
RUN_V2_4259c758e0a1d56f64694847_raw_ccc,True,
RUN_V2_4259c758e0a1d56f64694847_bounded_rmse,True,
RUN_V2_4259c758e0a1d56f64694847_bounded_mae,True,
RUN_V2_4259c758e0a1d56f64694847_bounded_r2,True,
RUN_V2_4259c758e0a1d56f64694847_bounded_ccc,True,
strawberry_third_test_catboost_seeds,True,
RUN_V2_9e640f78356b2c70f8aabc67_row_alignment,True,
RUN_V2_9e640f78356b2c70f8aabc67_raw_rmse,True,
RUN_V2_9e640f78356b2c70f8aabc67_raw_mae,True,
RUN_V2_9e640f78356b2c70f8aabc67_raw_r2,True,
RUN_V2_9e640f78356b2c70f8aabc67_raw_ccc,True,
RUN_V2_9e640f78356b2c70f8aabc67_bounded_rmse,True,
RUN_V2_9e640f78356b2c70f8aabc67_bounded_mae,True,
RUN_V2_9e640f78356b2c70f8aabc67_bounded_r2,True,
RUN_V2_9e640f78356b2c70f8aabc67_bounded_ccc,True,
RUN_V2_53daf2ec6240fd6aac96b32c_row_alignment,True,
RUN_V2_53daf2ec6240fd6aac96b32c_raw_rmse,True,
RUN_V2_53daf2ec6240fd6aac96b32c_raw_mae,True,
RUN_V2_53daf2ec6240fd6aac96b32c_raw_r2,True,
RUN_V2_53daf2ec6240fd6aac96b32c_raw_ccc,True,
RUN_V2_53daf2ec6240fd6aac96b32c_bounded_rmse,True,
RUN_V2_53daf2ec6240fd6aac96b32c_bounded_mae,True,
RUN_V2_53daf2ec6240fd6aac96b32c_bounded_r2,True,
RUN_V2_53daf2ec6240fd6aac96b32c_bounded_ccc,True,
RUN_V2_fe3a90f5a0d295fb39ed8140_row_alignment,True,
RUN_V2_fe3a90f5a0d295fb39ed8140_raw_rmse,True,
RUN_V2_fe3a90f5a0d295fb39ed8140_raw_mae,True,
RUN_V2_fe3a90f5a0d295fb39ed8140_raw_r2,True,
RUN_V2_fe3a90f5a0d295fb39ed8140_raw_ccc,True,
RUN_V2_fe3a90f5a0d295fb39ed8140_bounded_rmse,True,
RUN_V2_fe3a90f5a0d295fb39ed8140_bounded_mae,True,
RUN_V2_fe3a90f5a0d295fb39ed8140_bounded_r2,True,
RUN_V2_fe3a90f5a0d295fb39ed8140_bounded_ccc,True,
RUN_V2_9f25b1de8a3a88d4b6b82be4_row_alignment,True,
RUN_V2_9f25b1de8a3a88d4b6b82be4_raw_rmse,True,
RUN_V2_9f25b1de8a3a88d4b6b82be4_raw_mae,True,
RUN_V2_9f25b1de8a3a88d4b6b82be4_raw_r2,True,
RUN_V2_9f25b1de8a3a88d4b6b82be4_raw_ccc,True,
RUN_V2_9f25b1de8a3a88d4b6b82be4_bounded_rmse,True,
RUN_V2_9f25b1de8a3a88d4b6b82be4_bounded_mae,True,
RUN_V2_9f25b1de8a3a88d4b6b82be4_bounded_r2,True,
RUN_V2_9f25b1de8a3a88d4b6b82be4_bounded_ccc,True,
RUN_V2_68502fb0f34f962de66ef17b_row_alignment,True,
RUN_V2_68502fb0f34f962de66ef17b_raw_rmse,True,
RUN_V2_68502fb0f34f962de66ef17b_raw_mae,True,
RUN_V2_68502fb0f34f962de66ef17b_raw_r2,True,
RUN_V2_68502fb0f34f962de66ef17b_raw_ccc,True,
RUN_V2_68502fb0f34f962de66ef17b_bounded_rmse,True,
RUN_V2_68502fb0f34f962de66ef17b_bounded_mae,True,
RUN_V2_68502fb0f34f962de66ef17b_bounded_r2,True,
RUN_V2_68502fb0f34f962de66ef17b_bounded_ccc,True,
strawberry_third_test_mlp_seeds,True,
RUN_V2_5ff51a20daa962907dc9b26e_row_alignment,True,
RUN_V2_5ff51a20daa962907dc9b26e_raw_rmse,True,
RUN_V2_5ff51a20daa962907dc9b26e_raw_mae,True,
RUN_V2_5ff51a20daa962907dc9b26e_raw_r2,True,
RUN_V2_5ff51a20daa962907dc9b26e_raw_ccc,True,
RUN_V2_5ff51a20daa962907dc9b26e_bounded_rmse,True,
RUN_V2_5ff51a20daa962907dc9b26e_bounded_mae,True,
RUN_V2_5ff51a20daa962907dc9b26e_bounded_r2,True,
RUN_V2_5ff51a20daa962907dc9b26e_bounded_ccc,True,
RUN_V2_4cd32a5212fc942271cb9b64_row_alignment,True,
RUN_V2_4cd32a5212fc942271cb9b64_raw_rmse,True,
RUN_V2_4cd32a5212fc942271cb9b64_raw_mae,True,
RUN_V2_4cd32a5212fc942271cb9b64_raw_r2,True,
RUN_V2_4cd32a5212fc942271cb9b64_raw_ccc,True,
RUN_V2_4cd32a5212fc942271cb9b64_bounded_rmse,True,
RUN_V2_4cd32a5212fc942271cb9b64_bounded_mae,True,
RUN_V2_4cd32a5212fc942271cb9b64_bounded_r2,True,
RUN_V2_4cd32a5212fc942271cb9b64_bounded_ccc,True,
RUN_V2_035997b61f33b331702290e3_row_alignment,True,
RUN_V2_035997b61f33b331702290e3_raw_rmse,True,
RUN_V2_035997b61f33b331702290e3_raw_mae,True,
RUN_V2_035997b61f33b331702290e3_raw_r2,True,
RUN_V2_035997b61f33b331702290e3_raw_ccc,True,
RUN_V2_035997b61f33b331702290e3_bounded_rmse,True,
RUN_V2_035997b61f33b331702290e3_bounded_mae,True,
RUN_V2_035997b61f33b331702290e3_bounded_r2,True,
RUN_V2_035997b61f33b331702290e3_bounded_ccc,True,
RUN_V2_8e69e3e7809d3a6e6a4a7317_row_alignment,True,
RUN_V2_8e69e3e7809d3a6e6a4a7317_raw_rmse,True,
RUN_V2_8e69e3e7809d3a6e6a4a7317_raw_mae,True,
RUN_V2_8e69e3e7809d3a6e6a4a7317_raw_r2,True,
RUN_V2_8e69e3e7809d3a6e6a4a7317_raw_ccc,True,
RUN_V2_8e69e3e7809d3a6e6a4a7317_bounded_rmse,True,
RUN_V2_8e69e3e7809d3a6e6a4a7317_bounded_mae,True,
RUN_V2_8e69e3e7809d3a6e6a4a7317_bounded_r2,True,
RUN_V2_8e69e3e7809d3a6e6a4a7317_bounded_ccc,True,
RUN_V2_2e417d72a7ab5edf98f72231_row_alignment,True,
RUN_V2_2e417d72a7ab5edf98f72231_raw_rmse,True,
RUN_V2_2e417d72a7ab5edf98f72231_raw_mae,True,
RUN_V2_2e417d72a7ab5edf98f72231_raw_r2,True,
RUN_V2_2e417d72a7ab5edf98f72231_raw_ccc,True,
RUN_V2_2e417d72a7ab5edf98f72231_bounded_rmse,True,
RUN_V2_2e417d72a7ab5edf98f72231_bounded_mae,True,
RUN_V2_2e417d72a7ab5edf98f72231_bounded_r2,True,
RUN_V2_2e417d72a7ab5edf98f72231_bounded_ccc,True,
strawberry_third_test_tabm_seeds,True,
RUN_V2_697153cf0eccdddce26f9f67_row_alignment,True,
RUN_V2_697153cf0eccdddce26f9f67_raw_rmse,True,
RUN_V2_697153cf0eccdddce26f9f67_raw_mae,True,
RUN_V2_697153cf0eccdddce26f9f67_raw_r2,True,
RUN_V2_697153cf0eccdddce26f9f67_raw_ccc,True,
RUN_V2_697153cf0eccdddce26f9f67_bounded_rmse,True,
RUN_V2_697153cf0eccdddce26f9f67_bounded_mae,True,
RUN_V2_697153cf0eccdddce26f9f67_bounded_r2,True,
RUN_V2_697153cf0eccdddce26f9f67_bounded_ccc,True,
RUN_V2_6080b49e32eaec345732b470_row_alignment,True,
RUN_V2_6080b49e32eaec345732b470_raw_rmse,True,
RUN_V2_6080b49e32eaec345732b470_raw_mae,True,
RUN_V2_6080b49e32eaec345732b470_raw_r2,True,
RUN_V2_6080b49e32eaec345732b470_raw_ccc,True,
RUN_V2_6080b49e32eaec345732b470_bounded_rmse,True,
RUN_V2_6080b49e32eaec345732b470_bounded_mae,True,
RUN_V2_6080b49e32eaec345732b470_bounded_r2,True,
RUN_V2_6080b49e32eaec345732b470_bounded_ccc,True,
RUN_V2_3919665ba0bc57eae85147cf_row_alignment,True,
RUN_V2_3919665ba0bc57eae85147cf_raw_rmse,True,
RUN_V2_3919665ba0bc57eae85147cf_raw_mae,True,
RUN_V2_3919665ba0bc57eae85147cf_raw_r2,True,
RUN_V2_3919665ba0bc57eae85147cf_raw_ccc,True,
RUN_V2_3919665ba0bc57eae85147cf_bounded_rmse,True,
RUN_V2_3919665ba0bc57eae85147cf_bounded_mae,True,
RUN_V2_3919665ba0bc57eae85147cf_bounded_r2,True,
RUN_V2_3919665ba0bc57eae85147cf_bounded_ccc,True,
RUN_V2_fdba62821296b85c70a08040_row_alignment,True,
RUN_V2_fdba62821296b85c70a08040_raw_rmse,True,
RUN_V2_fdba62821296b85c70a08040_raw_mae,True,
RUN_V2_fdba62821296b85c70a08040_raw_r2,True,
RUN_V2_fdba62821296b85c70a08040_raw_ccc,True,
RUN_V2_fdba62821296b85c70a08040_bounded_rmse,True,
RUN_V2_fdba62821296b85c70a08040_bounded_mae,True,
RUN_V2_fdba62821296b85c70a08040_bounded_r2,True,
RUN_V2_fdba62821296b85c70a08040_bounded_ccc,True,
RUN_V2_681843e71405d061612cedee_row_alignment,True,
RUN_V2_681843e71405d061612cedee_raw_rmse,True,
RUN_V2_681843e71405d061612cedee_raw_mae,True,
RUN_V2_681843e71405d061612cedee_raw_r2,True,
RUN_V2_681843e71405d061612cedee_raw_ccc,True,
RUN_V2_681843e71405d061612cedee_bounded_rmse,True,
RUN_V2_681843e71405d061612cedee_bounded_mae,True,
RUN_V2_681843e71405d061612cedee_bounded_r2,True,
RUN_V2_681843e71405d061612cedee_bounded_ccc,True,
strawberry_third_test_tft_seeds,True,
RUN_V2_639c44209797a88c996a19c9_row_alignment,True,
RUN_V2_639c44209797a88c996a19c9_raw_rmse,True,
RUN_V2_639c44209797a88c996a19c9_raw_mae,True,
RUN_V2_639c44209797a88c996a19c9_raw_r2,True,
RUN_V2_639c44209797a88c996a19c9_raw_ccc,True,
RUN_V2_639c44209797a88c996a19c9_bounded_rmse,True,
RUN_V2_639c44209797a88c996a19c9_bounded_mae,True,
RUN_V2_639c44209797a88c996a19c9_bounded_r2,True,
RUN_V2_639c44209797a88c996a19c9_bounded_ccc,True,
RUN_V2_5dc2dd1fa7a5636752d7c388_row_alignment,True,
RUN_V2_5dc2dd1fa7a5636752d7c388_raw_rmse,True,
RUN_V2_5dc2dd1fa7a5636752d7c388_raw_mae,True,
RUN_V2_5dc2dd1fa7a5636752d7c388_raw_r2,True,
RUN_V2_5dc2dd1fa7a5636752d7c388_raw_ccc,True,
RUN_V2_5dc2dd1fa7a5636752d7c388_bounded_rmse,True,
RUN_V2_5dc2dd1fa7a5636752d7c388_bounded_mae,True,
RUN_V2_5dc2dd1fa7a5636752d7c388_bounded_r2,True,
RUN_V2_5dc2dd1fa7a5636752d7c388_bounded_ccc,True,
RUN_V2_8ef90f9e761a44efbe201800_row_alignment,True,
RUN_V2_8ef90f9e761a44efbe201800_raw_rmse,True,
RUN_V2_8ef90f9e761a44efbe201800_raw_mae,True,
RUN_V2_8ef90f9e761a44efbe201800_raw_r2,True,
RUN_V2_8ef90f9e761a44efbe201800_raw_ccc,True,
RUN_V2_8ef90f9e761a44efbe201800_bounded_rmse,True,
RUN_V2_8ef90f9e761a44efbe201800_bounded_mae,True,
RUN_V2_8ef90f9e761a44efbe201800_bounded_r2,True,
RUN_V2_8ef90f9e761a44efbe201800_bounded_ccc,True,
RUN_V2_7029290050846c71fcee2490_row_alignment,True,
RUN_V2_7029290050846c71fcee2490_raw_rmse,True,
RUN_V2_7029290050846c71fcee2490_raw_mae,True,
RUN_V2_7029290050846c71fcee2490_raw_r2,True,
RUN_V2_7029290050846c71fcee2490_raw_ccc,True,
RUN_V2_7029290050846c71fcee2490_bounded_rmse,True,
RUN_V2_7029290050846c71fcee2490_bounded_mae,True,
RUN_V2_7029290050846c71fcee2490_bounded_r2,True,
RUN_V2_7029290050846c71fcee2490_bounded_ccc,True,
RUN_V2_742f44612110e4154d4d9c50_row_alignment,True,
RUN_V2_742f44612110e4154d4d9c50_raw_rmse,True,
RUN_V2_742f44612110e4154d4d9c50_raw_mae,True,
RUN_V2_742f44612110e4154d4d9c50_raw_r2,True,
RUN_V2_742f44612110e4154d4d9c50_raw_ccc,True,
RUN_V2_742f44612110e4154d4d9c50_bounded_rmse,True,
RUN_V2_742f44612110e4154d4d9c50_bounded_mae,True,
RUN_V2_742f44612110e4154d4d9c50_bounded_r2,True,
RUN_V2_742f44612110e4154d4d9c50_bounded_ccc,True,
strawberry_third_test_persistence_seeds,True,
RUN_V2_866d91b5fe3085a2dd82ffc8_row_alignment,True,
RUN_V2_866d91b5fe3085a2dd82ffc8_raw_rmse,True,
RUN_V2_866d91b5fe3085a2dd82ffc8_raw_mae,True,
RUN_V2_866d91b5fe3085a2dd82ffc8_raw_r2,True,
RUN_V2_866d91b5fe3085a2dd82ffc8_raw_ccc,True,
RUN_V2_866d91b5fe3085a2dd82ffc8_bounded_rmse,True,
RUN_V2_866d91b5fe3085a2dd82ffc8_bounded_mae,True,
RUN_V2_866d91b5fe3085a2dd82ffc8_bounded_r2,True,
RUN_V2_866d91b5fe3085a2dd82ffc8_bounded_ccc,True,
strawberry_sum123_complete,True,
strawberry_sum123_index_matches_files,True,
strawberry_sum123_all_group_model_pairs,True,
strawberry_sum123_same_eval_rows,True,
strawberry_sum123_five_validation_seeds,True,
strawberry_sum123_train_hash,True,
strawberry_sum123_train_unique_rows,True,
strawberry_sum123_train_future_label,True,
strawberry_sum123_validation_hash,True,
strawberry_sum123_validation_unique_rows,True,
strawberry_sum123_validation_future_label,True,
strawberry_sum123_validation_facility_disjoint,True,
strawberry_sum123_validation_poisson_seeds,True,
RUN_V2_4acf26118b13ce407c413d6e_row_alignment,True,
RUN_V2_4acf26118b13ce407c413d6e_raw_rmse,True,
RUN_V2_4acf26118b13ce407c413d6e_raw_mae,True,
RUN_V2_4acf26118b13ce407c413d6e_raw_r2,True,
RUN_V2_4acf26118b13ce407c413d6e_raw_ccc,True,
RUN_V2_4acf26118b13ce407c413d6e_bounded_rmse,True,
RUN_V2_4acf26118b13ce407c413d6e_bounded_mae,True,
RUN_V2_4acf26118b13ce407c413d6e_bounded_r2,True,
RUN_V2_4acf26118b13ce407c413d6e_bounded_ccc,True,
RUN_V2_9c8a1ebb1a0c1fc1fdad85b8_row_alignment,True,
RUN_V2_9c8a1ebb1a0c1fc1fdad85b8_raw_rmse,True,
RUN_V2_9c8a1ebb1a0c1fc1fdad85b8_raw_mae,True,
RUN_V2_9c8a1ebb1a0c1fc1fdad85b8_raw_r2,True,
RUN_V2_9c8a1ebb1a0c1fc1fdad85b8_raw_ccc,True,
RUN_V2_9c8a1ebb1a0c1fc1fdad85b8_bounded_rmse,True,
RUN_V2_9c8a1ebb1a0c1fc1fdad85b8_bounded_mae,True,
RUN_V2_9c8a1ebb1a0c1fc1fdad85b8_bounded_r2,True,
RUN_V2_9c8a1ebb1a0c1fc1fdad85b8_bounded_ccc,True,
RUN_V2_0074ff19f81c7b92398c3008_row_alignment,True,
RUN_V2_0074ff19f81c7b92398c3008_raw_rmse,True,
RUN_V2_0074ff19f81c7b92398c3008_raw_mae,True,
RUN_V2_0074ff19f81c7b92398c3008_raw_r2,True,
RUN_V2_0074ff19f81c7b92398c3008_raw_ccc,True,
RUN_V2_0074ff19f81c7b92398c3008_bounded_rmse,True,
RUN_V2_0074ff19f81c7b92398c3008_bounded_mae,True,
RUN_V2_0074ff19f81c7b92398c3008_bounded_r2,True,
RUN_V2_0074ff19f81c7b92398c3008_bounded_ccc,True,
RUN_V2_79c3cec21cb6ecf4997ffb14_row_alignment,True,
RUN_V2_79c3cec21cb6ecf4997ffb14_raw_rmse,True,
RUN_V2_79c3cec21cb6ecf4997ffb14_raw_mae,True,
RUN_V2_79c3cec21cb6ecf4997ffb14_raw_r2,True,
RUN_V2_79c3cec21cb6ecf4997ffb14_raw_ccc,True,
RUN_V2_79c3cec21cb6ecf4997ffb14_bounded_rmse,True,
RUN_V2_79c3cec21cb6ecf4997ffb14_bounded_mae,True,
RUN_V2_79c3cec21cb6ecf4997ffb14_bounded_r2,True,
RUN_V2_79c3cec21cb6ecf4997ffb14_bounded_ccc,True,
RUN_V2_c2e5f7db2382f4a4504bd526_row_alignment,True,
RUN_V2_c2e5f7db2382f4a4504bd526_raw_rmse,True,
RUN_V2_c2e5f7db2382f4a4504bd526_raw_mae,True,
RUN_V2_c2e5f7db2382f4a4504bd526_raw_r2,True,
RUN_V2_c2e5f7db2382f4a4504bd526_raw_ccc,True,
RUN_V2_c2e5f7db2382f4a4504bd526_bounded_rmse,True,
RUN_V2_c2e5f7db2382f4a4504bd526_bounded_mae,True,
RUN_V2_c2e5f7db2382f4a4504bd526_bounded_r2,True,
RUN_V2_c2e5f7db2382f4a4504bd526_bounded_ccc,True,
strawberry_sum123_validation_random_forest_seeds,True,
RUN_V2_bd509ac7c9bfef6184f44778_row_alignment,True,
RUN_V2_bd509ac7c9bfef6184f44778_raw_rmse,True,
RUN_V2_bd509ac7c9bfef6184f44778_raw_mae,True,
RUN_V2_bd509ac7c9bfef6184f44778_raw_r2,True,
RUN_V2_bd509ac7c9bfef6184f44778_raw_ccc,True,
RUN_V2_bd509ac7c9bfef6184f44778_bounded_rmse,True,
RUN_V2_bd509ac7c9bfef6184f44778_bounded_mae,True,
RUN_V2_bd509ac7c9bfef6184f44778_bounded_r2,True,
RUN_V2_bd509ac7c9bfef6184f44778_bounded_ccc,True,
RUN_V2_ebbe9fc2a6b68b0dc6b25349_row_alignment,True,
RUN_V2_ebbe9fc2a6b68b0dc6b25349_raw_rmse,True,
RUN_V2_ebbe9fc2a6b68b0dc6b25349_raw_mae,True,
RUN_V2_ebbe9fc2a6b68b0dc6b25349_raw_r2,True,
RUN_V2_ebbe9fc2a6b68b0dc6b25349_raw_ccc,True,
RUN_V2_ebbe9fc2a6b68b0dc6b25349_bounded_rmse,True,
RUN_V2_ebbe9fc2a6b68b0dc6b25349_bounded_mae,True,
RUN_V2_ebbe9fc2a6b68b0dc6b25349_bounded_r2,True,
RUN_V2_ebbe9fc2a6b68b0dc6b25349_bounded_ccc,True,
RUN_V2_6dbdac77632a2c1eb43238fd_row_alignment,True,
RUN_V2_6dbdac77632a2c1eb43238fd_raw_rmse,True,
RUN_V2_6dbdac77632a2c1eb43238fd_raw_mae,True,
RUN_V2_6dbdac77632a2c1eb43238fd_raw_r2,True,
RUN_V2_6dbdac77632a2c1eb43238fd_raw_ccc,True,
RUN_V2_6dbdac77632a2c1eb43238fd_bounded_rmse,True,
RUN_V2_6dbdac77632a2c1eb43238fd_bounded_mae,True,
RUN_V2_6dbdac77632a2c1eb43238fd_bounded_r2,True,
RUN_V2_6dbdac77632a2c1eb43238fd_bounded_ccc,True,
RUN_V2_a7e69c0adb3394b4f3a5d78e_row_alignment,True,
RUN_V2_a7e69c0adb3394b4f3a5d78e_raw_rmse,True,
RUN_V2_a7e69c0adb3394b4f3a5d78e_raw_mae,True,
RUN_V2_a7e69c0adb3394b4f3a5d78e_raw_r2,True,
RUN_V2_a7e69c0adb3394b4f3a5d78e_raw_ccc,True,
RUN_V2_a7e69c0adb3394b4f3a5d78e_bounded_rmse,True,
RUN_V2_a7e69c0adb3394b4f3a5d78e_bounded_mae,True,
RUN_V2_a7e69c0adb3394b4f3a5d78e_bounded_r2,True,
RUN_V2_a7e69c0adb3394b4f3a5d78e_bounded_ccc,True,
RUN_V2_5049c4de203497439c55d650_row_alignment,True,
RUN_V2_5049c4de203497439c55d650_raw_rmse,True,
RUN_V2_5049c4de203497439c55d650_raw_mae,True,
RUN_V2_5049c4de203497439c55d650_raw_r2,True,
RUN_V2_5049c4de203497439c55d650_raw_ccc,True,
RUN_V2_5049c4de203497439c55d650_bounded_rmse,True,
RUN_V2_5049c4de203497439c55d650_bounded_mae,True,
RUN_V2_5049c4de203497439c55d650_bounded_r2,True,
RUN_V2_5049c4de203497439c55d650_bounded_ccc,True,
strawberry_sum123_validation_catboost_seeds,True,
RUN_V2_cc686f942cf46e7affd58616_row_alignment,True,
RUN_V2_cc686f942cf46e7affd58616_raw_rmse,True,
RUN_V2_cc686f942cf46e7affd58616_raw_mae,True,
RUN_V2_cc686f942cf46e7affd58616_raw_r2,True,
RUN_V2_cc686f942cf46e7affd58616_raw_ccc,True,
RUN_V2_cc686f942cf46e7affd58616_bounded_rmse,True,
RUN_V2_cc686f942cf46e7affd58616_bounded_mae,True,
RUN_V2_cc686f942cf46e7affd58616_bounded_r2,True,
RUN_V2_cc686f942cf46e7affd58616_bounded_ccc,True,
RUN_V2_e91bc95fe171b57aca83ead9_row_alignment,True,
RUN_V2_e91bc95fe171b57aca83ead9_raw_rmse,True,
RUN_V2_e91bc95fe171b57aca83ead9_raw_mae,True,
RUN_V2_e91bc95fe171b57aca83ead9_raw_r2,True,
RUN_V2_e91bc95fe171b57aca83ead9_raw_ccc,True,
RUN_V2_e91bc95fe171b57aca83ead9_bounded_rmse,True,
RUN_V2_e91bc95fe171b57aca83ead9_bounded_mae,True,
RUN_V2_e91bc95fe171b57aca83ead9_bounded_r2,True,
RUN_V2_e91bc95fe171b57aca83ead9_bounded_ccc,True,
RUN_V2_15f9e6454a724bdc7b28f049_row_alignment,True,
RUN_V2_15f9e6454a724bdc7b28f049_raw_rmse,True,
RUN_V2_15f9e6454a724bdc7b28f049_raw_mae,True,
RUN_V2_15f9e6454a724bdc7b28f049_raw_r2,True,
RUN_V2_15f9e6454a724bdc7b28f049_raw_ccc,True,
RUN_V2_15f9e6454a724bdc7b28f049_bounded_rmse,True,
RUN_V2_15f9e6454a724bdc7b28f049_bounded_mae,True,
RUN_V2_15f9e6454a724bdc7b28f049_bounded_r2,True,
RUN_V2_15f9e6454a724bdc7b28f049_bounded_ccc,True,
RUN_V2_88528bcd839d2d273f9ed100_row_alignment,True,
RUN_V2_88528bcd839d2d273f9ed100_raw_rmse,True,
RUN_V2_88528bcd839d2d273f9ed100_raw_mae,True,
RUN_V2_88528bcd839d2d273f9ed100_raw_r2,True,
RUN_V2_88528bcd839d2d273f9ed100_raw_ccc,True,
RUN_V2_88528bcd839d2d273f9ed100_bounded_rmse,True,
RUN_V2_88528bcd839d2d273f9ed100_bounded_mae,True,
RUN_V2_88528bcd839d2d273f9ed100_bounded_r2,True,
RUN_V2_88528bcd839d2d273f9ed100_bounded_ccc,True,
RUN_V2_70a29b2a701cde7f8a0bec89_row_alignment,True,
RUN_V2_70a29b2a701cde7f8a0bec89_raw_rmse,True,
RUN_V2_70a29b2a701cde7f8a0bec89_raw_mae,True,
RUN_V2_70a29b2a701cde7f8a0bec89_raw_r2,True,
RUN_V2_70a29b2a701cde7f8a0bec89_raw_ccc,True,
RUN_V2_70a29b2a701cde7f8a0bec89_bounded_rmse,True,
RUN_V2_70a29b2a701cde7f8a0bec89_bounded_mae,True,
RUN_V2_70a29b2a701cde7f8a0bec89_bounded_r2,True,
RUN_V2_70a29b2a701cde7f8a0bec89_bounded_ccc,True,
strawberry_sum123_validation_mlp_seeds,True,
RUN_V2_d9c7cd58f7334ed7f531a1e6_row_alignment,True,
RUN_V2_d9c7cd58f7334ed7f531a1e6_raw_rmse,True,
RUN_V2_d9c7cd58f7334ed7f531a1e6_raw_mae,True,
RUN_V2_d9c7cd58f7334ed7f531a1e6_raw_r2,True,
RUN_V2_d9c7cd58f7334ed7f531a1e6_raw_ccc,True,
RUN_V2_d9c7cd58f7334ed7f531a1e6_bounded_rmse,True,
RUN_V2_d9c7cd58f7334ed7f531a1e6_bounded_mae,True,
RUN_V2_d9c7cd58f7334ed7f531a1e6_bounded_r2,True,
RUN_V2_d9c7cd58f7334ed7f531a1e6_bounded_ccc,True,
RUN_V2_19e88b38d6d2176a19275aee_row_alignment,True,
RUN_V2_19e88b38d6d2176a19275aee_raw_rmse,True,
RUN_V2_19e88b38d6d2176a19275aee_raw_mae,True,
RUN_V2_19e88b38d6d2176a19275aee_raw_r2,True,
RUN_V2_19e88b38d6d2176a19275aee_raw_ccc,True,
RUN_V2_19e88b38d6d2176a19275aee_bounded_rmse,True,
RUN_V2_19e88b38d6d2176a19275aee_bounded_mae,True,
RUN_V2_19e88b38d6d2176a19275aee_bounded_r2,True,
RUN_V2_19e88b38d6d2176a19275aee_bounded_ccc,True,
RUN_V2_e52f035ed42f53c5a9e836a4_row_alignment,True,
RUN_V2_e52f035ed42f53c5a9e836a4_raw_rmse,True,
RUN_V2_e52f035ed42f53c5a9e836a4_raw_mae,True,
RUN_V2_e52f035ed42f53c5a9e836a4_raw_r2,True,
RUN_V2_e52f035ed42f53c5a9e836a4_raw_ccc,True,
RUN_V2_e52f035ed42f53c5a9e836a4_bounded_rmse,True,
RUN_V2_e52f035ed42f53c5a9e836a4_bounded_mae,True,
RUN_V2_e52f035ed42f53c5a9e836a4_bounded_r2,True,
RUN_V2_e52f035ed42f53c5a9e836a4_bounded_ccc,True,
RUN_V2_c06742c96e7e00eb21bd6f35_row_alignment,True,
RUN_V2_c06742c96e7e00eb21bd6f35_raw_rmse,True,
RUN_V2_c06742c96e7e00eb21bd6f35_raw_mae,True,
RUN_V2_c06742c96e7e00eb21bd6f35_raw_r2,True,
RUN_V2_c06742c96e7e00eb21bd6f35_raw_ccc,True,
RUN_V2_c06742c96e7e00eb21bd6f35_bounded_rmse,True,
RUN_V2_c06742c96e7e00eb21bd6f35_bounded_mae,True,
RUN_V2_c06742c96e7e00eb21bd6f35_bounded_r2,True,
RUN_V2_c06742c96e7e00eb21bd6f35_bounded_ccc,True,
RUN_V2_c2772a4155e33bdf66113300_row_alignment,True,
RUN_V2_c2772a4155e33bdf66113300_raw_rmse,True,
RUN_V2_c2772a4155e33bdf66113300_raw_mae,True,
RUN_V2_c2772a4155e33bdf66113300_raw_r2,True,
RUN_V2_c2772a4155e33bdf66113300_raw_ccc,True,
RUN_V2_c2772a4155e33bdf66113300_bounded_rmse,True,
RUN_V2_c2772a4155e33bdf66113300_bounded_mae,True,
RUN_V2_c2772a4155e33bdf66113300_bounded_r2,True,
RUN_V2_c2772a4155e33bdf66113300_bounded_ccc,True,
strawberry_sum123_validation_tabm_seeds,True,
RUN_V2_d599852a70d6f08836899166_row_alignment,True,
RUN_V2_d599852a70d6f08836899166_raw_rmse,True,
RUN_V2_d599852a70d6f08836899166_raw_mae,True,
RUN_V2_d599852a70d6f08836899166_raw_r2,True,
RUN_V2_d599852a70d6f08836899166_raw_ccc,True,
RUN_V2_d599852a70d6f08836899166_bounded_rmse,True,
RUN_V2_d599852a70d6f08836899166_bounded_mae,True,
RUN_V2_d599852a70d6f08836899166_bounded_r2,True,
RUN_V2_d599852a70d6f08836899166_bounded_ccc,True,
RUN_V2_a935ecc822474faa976548de_row_alignment,True,
RUN_V2_a935ecc822474faa976548de_raw_rmse,True,
RUN_V2_a935ecc822474faa976548de_raw_mae,True,
RUN_V2_a935ecc822474faa976548de_raw_r2,True,
RUN_V2_a935ecc822474faa976548de_raw_ccc,True,
RUN_V2_a935ecc822474faa976548de_bounded_rmse,True,
RUN_V2_a935ecc822474faa976548de_bounded_mae,True,
RUN_V2_a935ecc822474faa976548de_bounded_r2,True,
RUN_V2_a935ecc822474faa976548de_bounded_ccc,True,
RUN_V2_3f220d2a2b113edb90f7a822_row_alignment,True,
RUN_V2_3f220d2a2b113edb90f7a822_raw_rmse,True,
RUN_V2_3f220d2a2b113edb90f7a822_raw_mae,True,
RUN_V2_3f220d2a2b113edb90f7a822_raw_r2,True,
RUN_V2_3f220d2a2b113edb90f7a822_raw_ccc,True,
RUN_V2_3f220d2a2b113edb90f7a822_bounded_rmse,True,
RUN_V2_3f220d2a2b113edb90f7a822_bounded_mae,True,
RUN_V2_3f220d2a2b113edb90f7a822_bounded_r2,True,
RUN_V2_3f220d2a2b113edb90f7a822_bounded_ccc,True,
RUN_V2_5ecc0625a6ef072edd9fad7f_row_alignment,True,
RUN_V2_5ecc0625a6ef072edd9fad7f_raw_rmse,True,
RUN_V2_5ecc0625a6ef072edd9fad7f_raw_mae,True,
RUN_V2_5ecc0625a6ef072edd9fad7f_raw_r2,True,
RUN_V2_5ecc0625a6ef072edd9fad7f_raw_ccc,True,
RUN_V2_5ecc0625a6ef072edd9fad7f_bounded_rmse,True,
RUN_V2_5ecc0625a6ef072edd9fad7f_bounded_mae,True,
RUN_V2_5ecc0625a6ef072edd9fad7f_bounded_r2,True,
RUN_V2_5ecc0625a6ef072edd9fad7f_bounded_ccc,True,
RUN_V2_9fcc3107832ea7a21d34a5ca_row_alignment,True,
RUN_V2_9fcc3107832ea7a21d34a5ca_raw_rmse,True,
RUN_V2_9fcc3107832ea7a21d34a5ca_raw_mae,True,
RUN_V2_9fcc3107832ea7a21d34a5ca_raw_r2,True,
RUN_V2_9fcc3107832ea7a21d34a5ca_raw_ccc,True,
RUN_V2_9fcc3107832ea7a21d34a5ca_bounded_rmse,True,
RUN_V2_9fcc3107832ea7a21d34a5ca_bounded_mae,True,
RUN_V2_9fcc3107832ea7a21d34a5ca_bounded_r2,True,
RUN_V2_9fcc3107832ea7a21d34a5ca_bounded_ccc,True,
strawberry_sum123_validation_tft_seeds,True,
RUN_V2_515a63855f95c3231e2c0989_row_alignment,True,
RUN_V2_515a63855f95c3231e2c0989_raw_rmse,True,
RUN_V2_515a63855f95c3231e2c0989_raw_mae,True,
RUN_V2_515a63855f95c3231e2c0989_raw_r2,True,
RUN_V2_515a63855f95c3231e2c0989_raw_ccc,True,
RUN_V2_515a63855f95c3231e2c0989_bounded_rmse,True,
RUN_V2_515a63855f95c3231e2c0989_bounded_mae,True,
RUN_V2_515a63855f95c3231e2c0989_bounded_r2,True,
RUN_V2_515a63855f95c3231e2c0989_bounded_ccc,True,
RUN_V2_cb18b31bc0e94dd51d35f756_row_alignment,True,
RUN_V2_cb18b31bc0e94dd51d35f756_raw_rmse,True,
RUN_V2_cb18b31bc0e94dd51d35f756_raw_mae,True,
RUN_V2_cb18b31bc0e94dd51d35f756_raw_r2,True,
RUN_V2_cb18b31bc0e94dd51d35f756_raw_ccc,True,
RUN_V2_cb18b31bc0e94dd51d35f756_bounded_rmse,True,
RUN_V2_cb18b31bc0e94dd51d35f756_bounded_mae,True,
RUN_V2_cb18b31bc0e94dd51d35f756_bounded_r2,True,
RUN_V2_cb18b31bc0e94dd51d35f756_bounded_ccc,True,
RUN_V2_d70794aa196cf2cc4ce1243d_row_alignment,True,
RUN_V2_d70794aa196cf2cc4ce1243d_raw_rmse,True,
RUN_V2_d70794aa196cf2cc4ce1243d_raw_mae,True,
RUN_V2_d70794aa196cf2cc4ce1243d_raw_r2,True,
RUN_V2_d70794aa196cf2cc4ce1243d_raw_ccc,True,
RUN_V2_d70794aa196cf2cc4ce1243d_bounded_rmse,True,
RUN_V2_d70794aa196cf2cc4ce1243d_bounded_mae,True,
RUN_V2_d70794aa196cf2cc4ce1243d_bounded_r2,True,
RUN_V2_d70794aa196cf2cc4ce1243d_bounded_ccc,True,
RUN_V2_5af40556c28f783fc473ff8f_row_alignment,True,
RUN_V2_5af40556c28f783fc473ff8f_raw_rmse,True,
RUN_V2_5af40556c28f783fc473ff8f_raw_mae,True,
RUN_V2_5af40556c28f783fc473ff8f_raw_r2,True,
RUN_V2_5af40556c28f783fc473ff8f_raw_ccc,True,
RUN_V2_5af40556c28f783fc473ff8f_bounded_rmse,True,
RUN_V2_5af40556c28f783fc473ff8f_bounded_mae,True,
RUN_V2_5af40556c28f783fc473ff8f_bounded_r2,True,
RUN_V2_5af40556c28f783fc473ff8f_bounded_ccc,True,
RUN_V2_4a45777ccadf8fad23d3ad32_row_alignment,True,
RUN_V2_4a45777ccadf8fad23d3ad32_raw_rmse,True,
RUN_V2_4a45777ccadf8fad23d3ad32_raw_mae,True,
RUN_V2_4a45777ccadf8fad23d3ad32_raw_r2,True,
RUN_V2_4a45777ccadf8fad23d3ad32_raw_ccc,True,
RUN_V2_4a45777ccadf8fad23d3ad32_bounded_rmse,True,
RUN_V2_4a45777ccadf8fad23d3ad32_bounded_mae,True,
RUN_V2_4a45777ccadf8fad23d3ad32_bounded_r2,True,
RUN_V2_4a45777ccadf8fad23d3ad32_bounded_ccc,True,
strawberry_sum123_validation_persistence_seeds,True,
RUN_V2_122bad8f75bc465eed13966b_row_alignment,True,
RUN_V2_122bad8f75bc465eed13966b_raw_rmse,True,
RUN_V2_122bad8f75bc465eed13966b_raw_mae,True,
RUN_V2_122bad8f75bc465eed13966b_raw_r2,True,
RUN_V2_122bad8f75bc465eed13966b_raw_ccc,True,
RUN_V2_122bad8f75bc465eed13966b_bounded_rmse,True,
RUN_V2_122bad8f75bc465eed13966b_bounded_mae,True,
RUN_V2_122bad8f75bc465eed13966b_bounded_r2,True,
RUN_V2_122bad8f75bc465eed13966b_bounded_ccc,True,
strawberry_sum123_test_hash,True,
strawberry_sum123_test_unique_rows,True,
strawberry_sum123_test_future_label,True,
strawberry_sum123_test_facility_disjoint,True,
strawberry_sum123_val_test_disjoint,True,
strawberry_sum123_test_poisson_seeds,True,
RUN_V2_2096e1a9a9c27cb54edf7290_row_alignment,True,
RUN_V2_2096e1a9a9c27cb54edf7290_raw_rmse,True,
RUN_V2_2096e1a9a9c27cb54edf7290_raw_mae,True,
RUN_V2_2096e1a9a9c27cb54edf7290_raw_r2,True,
RUN_V2_2096e1a9a9c27cb54edf7290_raw_ccc,True,
RUN_V2_2096e1a9a9c27cb54edf7290_bounded_rmse,True,
RUN_V2_2096e1a9a9c27cb54edf7290_bounded_mae,True,
RUN_V2_2096e1a9a9c27cb54edf7290_bounded_r2,True,
RUN_V2_2096e1a9a9c27cb54edf7290_bounded_ccc,True,
RUN_V2_50f5b06aae6b8c7663b523e0_row_alignment,True,
RUN_V2_50f5b06aae6b8c7663b523e0_raw_rmse,True,
RUN_V2_50f5b06aae6b8c7663b523e0_raw_mae,True,
RUN_V2_50f5b06aae6b8c7663b523e0_raw_r2,True,
RUN_V2_50f5b06aae6b8c7663b523e0_raw_ccc,True,
RUN_V2_50f5b06aae6b8c7663b523e0_bounded_rmse,True,
RUN_V2_50f5b06aae6b8c7663b523e0_bounded_mae,True,
RUN_V2_50f5b06aae6b8c7663b523e0_bounded_r2,True,
RUN_V2_50f5b06aae6b8c7663b523e0_bounded_ccc,True,
RUN_V2_a8eecfa98bab8dfe12cc54ef_row_alignment,True,
RUN_V2_a8eecfa98bab8dfe12cc54ef_raw_rmse,True,
RUN_V2_a8eecfa98bab8dfe12cc54ef_raw_mae,True,
RUN_V2_a8eecfa98bab8dfe12cc54ef_raw_r2,True,
RUN_V2_a8eecfa98bab8dfe12cc54ef_raw_ccc,True,
RUN_V2_a8eecfa98bab8dfe12cc54ef_bounded_rmse,True,
RUN_V2_a8eecfa98bab8dfe12cc54ef_bounded_mae,True,
RUN_V2_a8eecfa98bab8dfe12cc54ef_bounded_r2,True,
RUN_V2_a8eecfa98bab8dfe12cc54ef_bounded_ccc,True,
RUN_V2_6788e786944af6e328c4bcf6_row_alignment,True,
RUN_V2_6788e786944af6e328c4bcf6_raw_rmse,True,
RUN_V2_6788e786944af6e328c4bcf6_raw_mae,True,
RUN_V2_6788e786944af6e328c4bcf6_raw_r2,True,
RUN_V2_6788e786944af6e328c4bcf6_raw_ccc,True,
RUN_V2_6788e786944af6e328c4bcf6_bounded_rmse,True,
RUN_V2_6788e786944af6e328c4bcf6_bounded_mae,True,
RUN_V2_6788e786944af6e328c4bcf6_bounded_r2,True,
RUN_V2_6788e786944af6e328c4bcf6_bounded_ccc,True,
RUN_V2_547f3ad7f46232bcb4d8c8c8_row_alignment,True,
RUN_V2_547f3ad7f46232bcb4d8c8c8_raw_rmse,True,
RUN_V2_547f3ad7f46232bcb4d8c8c8_raw_mae,True,
RUN_V2_547f3ad7f46232bcb4d8c8c8_raw_r2,True,
RUN_V2_547f3ad7f46232bcb4d8c8c8_raw_ccc,True,
RUN_V2_547f3ad7f46232bcb4d8c8c8_bounded_rmse,True,
RUN_V2_547f3ad7f46232bcb4d8c8c8_bounded_mae,True,
RUN_V2_547f3ad7f46232bcb4d8c8c8_bounded_r2,True,
RUN_V2_547f3ad7f46232bcb4d8c8c8_bounded_ccc,True,
strawberry_sum123_test_random_forest_seeds,True,
RUN_V2_c74518b997e3401c090f1a79_row_alignment,True,
RUN_V2_c74518b997e3401c090f1a79_raw_rmse,True,
RUN_V2_c74518b997e3401c090f1a79_raw_mae,True,
RUN_V2_c74518b997e3401c090f1a79_raw_r2,True,
RUN_V2_c74518b997e3401c090f1a79_raw_ccc,True,
RUN_V2_c74518b997e3401c090f1a79_bounded_rmse,True,
RUN_V2_c74518b997e3401c090f1a79_bounded_mae,True,
RUN_V2_c74518b997e3401c090f1a79_bounded_r2,True,
RUN_V2_c74518b997e3401c090f1a79_bounded_ccc,True,
RUN_V2_e30eaec6d0116114998c4e08_row_alignment,True,
RUN_V2_e30eaec6d0116114998c4e08_raw_rmse,True,
RUN_V2_e30eaec6d0116114998c4e08_raw_mae,True,
RUN_V2_e30eaec6d0116114998c4e08_raw_r2,True,
RUN_V2_e30eaec6d0116114998c4e08_raw_ccc,True,
RUN_V2_e30eaec6d0116114998c4e08_bounded_rmse,True,
RUN_V2_e30eaec6d0116114998c4e08_bounded_mae,True,
RUN_V2_e30eaec6d0116114998c4e08_bounded_r2,True,
RUN_V2_e30eaec6d0116114998c4e08_bounded_ccc,True,
RUN_V2_852672d83035db00b9e5b5d5_row_alignment,True,
RUN_V2_852672d83035db00b9e5b5d5_raw_rmse,True,
RUN_V2_852672d83035db00b9e5b5d5_raw_mae,True,
RUN_V2_852672d83035db00b9e5b5d5_raw_r2,True,
RUN_V2_852672d83035db00b9e5b5d5_raw_ccc,True,
RUN_V2_852672d83035db00b9e5b5d5_bounded_rmse,True,
RUN_V2_852672d83035db00b9e5b5d5_bounded_mae,True,
RUN_V2_852672d83035db00b9e5b5d5_bounded_r2,True,
RUN_V2_852672d83035db00b9e5b5d5_bounded_ccc,True,
RUN_V2_50a7e9eb9fbdac0ce60bedf9_row_alignment,True,
RUN_V2_50a7e9eb9fbdac0ce60bedf9_raw_rmse,True,
RUN_V2_50a7e9eb9fbdac0ce60bedf9_raw_mae,True,
RUN_V2_50a7e9eb9fbdac0ce60bedf9_raw_r2,True,
RUN_V2_50a7e9eb9fbdac0ce60bedf9_raw_ccc,True,
RUN_V2_50a7e9eb9fbdac0ce60bedf9_bounded_rmse,True,
RUN_V2_50a7e9eb9fbdac0ce60bedf9_bounded_mae,True,
RUN_V2_50a7e9eb9fbdac0ce60bedf9_bounded_r2,True,
RUN_V2_50a7e9eb9fbdac0ce60bedf9_bounded_ccc,True,
RUN_V2_d2ad0fe5ccc4ccf07b67af75_row_alignment,True,
RUN_V2_d2ad0fe5ccc4ccf07b67af75_raw_rmse,True,
RUN_V2_d2ad0fe5ccc4ccf07b67af75_raw_mae,True,
RUN_V2_d2ad0fe5ccc4ccf07b67af75_raw_r2,True,
RUN_V2_d2ad0fe5ccc4ccf07b67af75_raw_ccc,True,
RUN_V2_d2ad0fe5ccc4ccf07b67af75_bounded_rmse,True,
RUN_V2_d2ad0fe5ccc4ccf07b67af75_bounded_mae,True,
RUN_V2_d2ad0fe5ccc4ccf07b67af75_bounded_r2,True,
RUN_V2_d2ad0fe5ccc4ccf07b67af75_bounded_ccc,True,
strawberry_sum123_test_catboost_seeds,True,
RUN_V2_0a2c91c6cefbf6014497a978_row_alignment,True,
RUN_V2_0a2c91c6cefbf6014497a978_raw_rmse,True,
RUN_V2_0a2c91c6cefbf6014497a978_raw_mae,True,
RUN_V2_0a2c91c6cefbf6014497a978_raw_r2,True,
RUN_V2_0a2c91c6cefbf6014497a978_raw_ccc,True,
RUN_V2_0a2c91c6cefbf6014497a978_bounded_rmse,True,
RUN_V2_0a2c91c6cefbf6014497a978_bounded_mae,True,
RUN_V2_0a2c91c6cefbf6014497a978_bounded_r2,True,
RUN_V2_0a2c91c6cefbf6014497a978_bounded_ccc,True,
RUN_V2_8c6dcded1834303def42b7e9_row_alignment,True,
RUN_V2_8c6dcded1834303def42b7e9_raw_rmse,True,
RUN_V2_8c6dcded1834303def42b7e9_raw_mae,True,
RUN_V2_8c6dcded1834303def42b7e9_raw_r2,True,
RUN_V2_8c6dcded1834303def42b7e9_raw_ccc,True,
RUN_V2_8c6dcded1834303def42b7e9_bounded_rmse,True,
RUN_V2_8c6dcded1834303def42b7e9_bounded_mae,True,
RUN_V2_8c6dcded1834303def42b7e9_bounded_r2,True,
RUN_V2_8c6dcded1834303def42b7e9_bounded_ccc,True,
RUN_V2_8a8c4f1f6bb1886c0a486352_row_alignment,True,
RUN_V2_8a8c4f1f6bb1886c0a486352_raw_rmse,True,
RUN_V2_8a8c4f1f6bb1886c0a486352_raw_mae,True,
RUN_V2_8a8c4f1f6bb1886c0a486352_raw_r2,True,
RUN_V2_8a8c4f1f6bb1886c0a486352_raw_ccc,True,
RUN_V2_8a8c4f1f6bb1886c0a486352_bounded_rmse,True,
RUN_V2_8a8c4f1f6bb1886c0a486352_bounded_mae,True,
RUN_V2_8a8c4f1f6bb1886c0a486352_bounded_r2,True,
RUN_V2_8a8c4f1f6bb1886c0a486352_bounded_ccc,True,
RUN_V2_7a1ade3409dc02a186096781_row_alignment,True,
RUN_V2_7a1ade3409dc02a186096781_raw_rmse,True,
RUN_V2_7a1ade3409dc02a186096781_raw_mae,True,
RUN_V2_7a1ade3409dc02a186096781_raw_r2,True,
RUN_V2_7a1ade3409dc02a186096781_raw_ccc,True,
RUN_V2_7a1ade3409dc02a186096781_bounded_rmse,True,
RUN_V2_7a1ade3409dc02a186096781_bounded_mae,True,
RUN_V2_7a1ade3409dc02a186096781_bounded_r2,True,
RUN_V2_7a1ade3409dc02a186096781_bounded_ccc,True,
RUN_V2_9827a407292672b0e31526d7_row_alignment,True,
RUN_V2_9827a407292672b0e31526d7_raw_rmse,True,
RUN_V2_9827a407292672b0e31526d7_raw_mae,True,
RUN_V2_9827a407292672b0e31526d7_raw_r2,True,
RUN_V2_9827a407292672b0e31526d7_raw_ccc,True,
RUN_V2_9827a407292672b0e31526d7_bounded_rmse,True,
RUN_V2_9827a407292672b0e31526d7_bounded_mae,True,
RUN_V2_9827a407292672b0e31526d7_bounded_r2,True,
RUN_V2_9827a407292672b0e31526d7_bounded_ccc,True,
strawberry_sum123_test_mlp_seeds,True,
RUN_V2_4e57052343bfb4a89361b9c3_row_alignment,True,
RUN_V2_4e57052343bfb4a89361b9c3_raw_rmse,True,
RUN_V2_4e57052343bfb4a89361b9c3_raw_mae,True,
RUN_V2_4e57052343bfb4a89361b9c3_raw_r2,True,
RUN_V2_4e57052343bfb4a89361b9c3_raw_ccc,True,
RUN_V2_4e57052343bfb4a89361b9c3_bounded_rmse,True,
RUN_V2_4e57052343bfb4a89361b9c3_bounded_mae,True,
RUN_V2_4e57052343bfb4a89361b9c3_bounded_r2,True,
RUN_V2_4e57052343bfb4a89361b9c3_bounded_ccc,True,
RUN_V2_a85302a415ff4483ced3c9a7_row_alignment,True,
RUN_V2_a85302a415ff4483ced3c9a7_raw_rmse,True,
RUN_V2_a85302a415ff4483ced3c9a7_raw_mae,True,
RUN_V2_a85302a415ff4483ced3c9a7_raw_r2,True,
RUN_V2_a85302a415ff4483ced3c9a7_raw_ccc,True,
RUN_V2_a85302a415ff4483ced3c9a7_bounded_rmse,True,
RUN_V2_a85302a415ff4483ced3c9a7_bounded_mae,True,
RUN_V2_a85302a415ff4483ced3c9a7_bounded_r2,True,
RUN_V2_a85302a415ff4483ced3c9a7_bounded_ccc,True,
RUN_V2_b0bb79a76cdb2120e8e921f8_row_alignment,True,
RUN_V2_b0bb79a76cdb2120e8e921f8_raw_rmse,True,
RUN_V2_b0bb79a76cdb2120e8e921f8_raw_mae,True,
RUN_V2_b0bb79a76cdb2120e8e921f8_raw_r2,True,
RUN_V2_b0bb79a76cdb2120e8e921f8_raw_ccc,True,
RUN_V2_b0bb79a76cdb2120e8e921f8_bounded_rmse,True,
RUN_V2_b0bb79a76cdb2120e8e921f8_bounded_mae,True,
RUN_V2_b0bb79a76cdb2120e8e921f8_bounded_r2,True,
RUN_V2_b0bb79a76cdb2120e8e921f8_bounded_ccc,True,
RUN_V2_fdd9290fb79e51cc92536c4d_row_alignment,True,
RUN_V2_fdd9290fb79e51cc92536c4d_raw_rmse,True,
RUN_V2_fdd9290fb79e51cc92536c4d_raw_mae,True,
RUN_V2_fdd9290fb79e51cc92536c4d_raw_r2,True,
RUN_V2_fdd9290fb79e51cc92536c4d_raw_ccc,True,
RUN_V2_fdd9290fb79e51cc92536c4d_bounded_rmse,True,
RUN_V2_fdd9290fb79e51cc92536c4d_bounded_mae,True,
RUN_V2_fdd9290fb79e51cc92536c4d_bounded_r2,True,
RUN_V2_fdd9290fb79e51cc92536c4d_bounded_ccc,True,
RUN_V2_eb3b5aacd1dc07380844971b_row_alignment,True,
RUN_V2_eb3b5aacd1dc07380844971b_raw_rmse,True,
RUN_V2_eb3b5aacd1dc07380844971b_raw_mae,True,
RUN_V2_eb3b5aacd1dc07380844971b_raw_r2,True,
RUN_V2_eb3b5aacd1dc07380844971b_raw_ccc,True,
RUN_V2_eb3b5aacd1dc07380844971b_bounded_rmse,True,
RUN_V2_eb3b5aacd1dc07380844971b_bounded_mae,True,
RUN_V2_eb3b5aacd1dc07380844971b_bounded_r2,True,
RUN_V2_eb3b5aacd1dc07380844971b_bounded_ccc,True,
strawberry_sum123_test_tabm_seeds,True,
RUN_V2_5690fba93cea22c3ba26988b_row_alignment,True,
RUN_V2_5690fba93cea22c3ba26988b_raw_rmse,True,
RUN_V2_5690fba93cea22c3ba26988b_raw_mae,True,
RUN_V2_5690fba93cea22c3ba26988b_raw_r2,True,
RUN_V2_5690fba93cea22c3ba26988b_raw_ccc,True,
RUN_V2_5690fba93cea22c3ba26988b_bounded_rmse,True,
RUN_V2_5690fba93cea22c3ba26988b_bounded_mae,True,
RUN_V2_5690fba93cea22c3ba26988b_bounded_r2,True,
RUN_V2_5690fba93cea22c3ba26988b_bounded_ccc,True,
RUN_V2_65a46a5f02cf0bbdf9a25b3a_row_alignment,True,
RUN_V2_65a46a5f02cf0bbdf9a25b3a_raw_rmse,True,
RUN_V2_65a46a5f02cf0bbdf9a25b3a_raw_mae,True,
RUN_V2_65a46a5f02cf0bbdf9a25b3a_raw_r2,True,
RUN_V2_65a46a5f02cf0bbdf9a25b3a_raw_ccc,True,
RUN_V2_65a46a5f02cf0bbdf9a25b3a_bounded_rmse,True,
RUN_V2_65a46a5f02cf0bbdf9a25b3a_bounded_mae,True,
RUN_V2_65a46a5f02cf0bbdf9a25b3a_bounded_r2,True,
RUN_V2_65a46a5f02cf0bbdf9a25b3a_bounded_ccc,True,
RUN_V2_a93adc9cb9f4669e29d5ad6d_row_alignment,True,
RUN_V2_a93adc9cb9f4669e29d5ad6d_raw_rmse,True,
RUN_V2_a93adc9cb9f4669e29d5ad6d_raw_mae,True,
RUN_V2_a93adc9cb9f4669e29d5ad6d_raw_r2,True,
RUN_V2_a93adc9cb9f4669e29d5ad6d_raw_ccc,True,
RUN_V2_a93adc9cb9f4669e29d5ad6d_bounded_rmse,True,
RUN_V2_a93adc9cb9f4669e29d5ad6d_bounded_mae,True,
RUN_V2_a93adc9cb9f4669e29d5ad6d_bounded_r2,True,
RUN_V2_a93adc9cb9f4669e29d5ad6d_bounded_ccc,True,
RUN_V2_a224246e77d17b0f3ea8dc20_row_alignment,True,
RUN_V2_a224246e77d17b0f3ea8dc20_raw_rmse,True,
RUN_V2_a224246e77d17b0f3ea8dc20_raw_mae,True,
RUN_V2_a224246e77d17b0f3ea8dc20_raw_r2,True,
RUN_V2_a224246e77d17b0f3ea8dc20_raw_ccc,True,
RUN_V2_a224246e77d17b0f3ea8dc20_bounded_rmse,True,
RUN_V2_a224246e77d17b0f3ea8dc20_bounded_mae,True,
RUN_V2_a224246e77d17b0f3ea8dc20_bounded_r2,True,
RUN_V2_a224246e77d17b0f3ea8dc20_bounded_ccc,True,
RUN_V2_2484c5b2356dec194bb340db_row_alignment,True,
RUN_V2_2484c5b2356dec194bb340db_raw_rmse,True,
RUN_V2_2484c5b2356dec194bb340db_raw_mae,True,
RUN_V2_2484c5b2356dec194bb340db_raw_r2,True,
RUN_V2_2484c5b2356dec194bb340db_raw_ccc,True,
RUN_V2_2484c5b2356dec194bb340db_bounded_rmse,True,
RUN_V2_2484c5b2356dec194bb340db_bounded_mae,True,
RUN_V2_2484c5b2356dec194bb340db_bounded_r2,True,
RUN_V2_2484c5b2356dec194bb340db_bounded_ccc,True,
strawberry_sum123_test_tft_seeds,True,
RUN_V2_be6ec6bf9245c0be596c0062_row_alignment,True,
RUN_V2_be6ec6bf9245c0be596c0062_raw_rmse,True,
RUN_V2_be6ec6bf9245c0be596c0062_raw_mae,True,
RUN_V2_be6ec6bf9245c0be596c0062_raw_r2,True,
RUN_V2_be6ec6bf9245c0be596c0062_raw_ccc,True,
RUN_V2_be6ec6bf9245c0be596c0062_bounded_rmse,True,
RUN_V2_be6ec6bf9245c0be596c0062_bounded_mae,True,
RUN_V2_be6ec6bf9245c0be596c0062_bounded_r2,True,
RUN_V2_be6ec6bf9245c0be596c0062_bounded_ccc,True,
RUN_V2_f7afef0a5c9cd016646404b6_row_alignment,True,
RUN_V2_f7afef0a5c9cd016646404b6_raw_rmse,True,
RUN_V2_f7afef0a5c9cd016646404b6_raw_mae,True,
RUN_V2_f7afef0a5c9cd016646404b6_raw_r2,True,
RUN_V2_f7afef0a5c9cd016646404b6_raw_ccc,True,
RUN_V2_f7afef0a5c9cd016646404b6_bounded_rmse,True,
RUN_V2_f7afef0a5c9cd016646404b6_bounded_mae,True,
RUN_V2_f7afef0a5c9cd016646404b6_bounded_r2,True,
RUN_V2_f7afef0a5c9cd016646404b6_bounded_ccc,True,
RUN_V2_0f80c9d0289e722fbc140a5d_row_alignment,True,
RUN_V2_0f80c9d0289e722fbc140a5d_raw_rmse,True,
RUN_V2_0f80c9d0289e722fbc140a5d_raw_mae,True,
RUN_V2_0f80c9d0289e722fbc140a5d_raw_r2,True,
RUN_V2_0f80c9d0289e722fbc140a5d_raw_ccc,True,
RUN_V2_0f80c9d0289e722fbc140a5d_bounded_rmse,True,
RUN_V2_0f80c9d0289e722fbc140a5d_bounded_mae,True,
RUN_V2_0f80c9d0289e722fbc140a5d_bounded_r2,True,
RUN_V2_0f80c9d0289e722fbc140a5d_bounded_ccc,True,
RUN_V2_046f7aa103bd5473984a1f7d_row_alignment,True,
RUN_V2_046f7aa103bd5473984a1f7d_raw_rmse,True,
RUN_V2_046f7aa103bd5473984a1f7d_raw_mae,True,
RUN_V2_046f7aa103bd5473984a1f7d_raw_r2,True,
RUN_V2_046f7aa103bd5473984a1f7d_raw_ccc,True,
RUN_V2_046f7aa103bd5473984a1f7d_bounded_rmse,True,
RUN_V2_046f7aa103bd5473984a1f7d_bounded_mae,True,
RUN_V2_046f7aa103bd5473984a1f7d_bounded_r2,True,
RUN_V2_046f7aa103bd5473984a1f7d_bounded_ccc,True,
RUN_V2_c02585cbf85c2bafea7201aa_row_alignment,True,
RUN_V2_c02585cbf85c2bafea7201aa_raw_rmse,True,
RUN_V2_c02585cbf85c2bafea7201aa_raw_mae,True,
RUN_V2_c02585cbf85c2bafea7201aa_raw_r2,True,
RUN_V2_c02585cbf85c2bafea7201aa_raw_ccc,True,
RUN_V2_c02585cbf85c2bafea7201aa_bounded_rmse,True,
RUN_V2_c02585cbf85c2bafea7201aa_bounded_mae,True,
RUN_V2_c02585cbf85c2bafea7201aa_bounded_r2,True,
RUN_V2_c02585cbf85c2bafea7201aa_bounded_ccc,True,
strawberry_sum123_test_persistence_seeds,True,
RUN_V2_72ff34030074e3b7a3a2fb01_row_alignment,True,
RUN_V2_72ff34030074e3b7a3a2fb01_raw_rmse,True,
RUN_V2_72ff34030074e3b7a3a2fb01_raw_mae,True,
RUN_V2_72ff34030074e3b7a3a2fb01_raw_r2,True,
RUN_V2_72ff34030074e3b7a3a2fb01_raw_ccc,True,
RUN_V2_72ff34030074e3b7a3a2fb01_bounded_rmse,True,
RUN_V2_72ff34030074e3b7a3a2fb01_bounded_mae,True,
RUN_V2_72ff34030074e3b7a3a2fb01_bounded_r2,True,
RUN_V2_72ff34030074e3b7a3a2fb01_bounded_ccc,True,
tomato_first_frozen_selection_metric_reproduced,True,
tomato_second_frozen_selection_metric_reproduced,True,
tomato_third_frozen_selection_metric_reproduced,True,
tomato_sum123_frozen_selection_metric_reproduced,True,
strawberry_first_frozen_selection_metric_reproduced,True,
strawberry_second_frozen_selection_metric_reproduced,True,
strawberry_third_frozen_selection_metric_reproduced,True,
strawberry_sum123_frozen_selection_metric_reproduced,True,
partition_strawberry_first_test_all,True,
partition_strawberry_first_test_change,True,
partition_strawberry_first_test_changed_binary,True,
partition_strawberry_first_test_crop_age_days,True,
partition_strawberry_first_test_crop_cycle,True,
partition_strawberry_first_test_current_positive,True,
partition_strawberry_first_test_facility,True,
partition_strawberry_first_test_history_count,True,
partition_strawberry_first_test_horizon_days,True,
partition_strawberry_first_test_label_positive,True,
partition_strawberry_first_test_previous_gap_days,True,
partition_strawberry_first_test_selected_input_missing,True,
partition_strawberry_first_test_selected_input_outside_train,True,
partition_strawberry_first_validation_all,True,
partition_strawberry_first_validation_change,True,
partition_strawberry_first_validation_changed_binary,True,
partition_strawberry_first_validation_crop_age_days,True,
partition_strawberry_first_validation_crop_cycle,True,
partition_strawberry_first_validation_current_positive,True,
partition_strawberry_first_validation_facility,True,
partition_strawberry_first_validation_history_count,True,
partition_strawberry_first_validation_horizon_days,True,
partition_strawberry_first_validation_label_positive,True,
partition_strawberry_first_validation_previous_gap_days,True,
partition_strawberry_first_validation_selected_input_missing,True,
partition_strawberry_first_validation_selected_input_outside_train,True,
partition_strawberry_second_test_all,True,
partition_strawberry_second_test_change,True,
partition_strawberry_second_test_changed_binary,True,
partition_strawberry_second_test_crop_age_days,True,
partition_strawberry_second_test_crop_cycle,True,
partition_strawberry_second_test_current_positive,True,
partition_strawberry_second_test_facility,True,
partition_strawberry_second_test_history_count,True,
partition_strawberry_second_test_horizon_days,True,
partition_strawberry_second_test_label_positive,True,
partition_strawberry_second_test_previous_gap_days,True,
partition_strawberry_second_test_selected_input_missing,True,
partition_strawberry_second_test_selected_input_outside_train,True,
partition_strawberry_second_validation_all,True,
partition_strawberry_second_validation_change,True,
partition_strawberry_second_validation_changed_binary,True,
partition_strawberry_second_validation_crop_age_days,True,
partition_strawberry_second_validation_crop_cycle,True,
partition_strawberry_second_validation_current_positive,True,
partition_strawberry_second_validation_facility,True,
partition_strawberry_second_validation_history_count,True,
partition_strawberry_second_validation_horizon_days,True,
partition_strawberry_second_validation_label_positive,True,
partition_strawberry_second_validation_previous_gap_days,True,
partition_strawberry_second_validation_selected_input_missing,True,
partition_strawberry_second_validation_selected_input_outside_train,True,
partition_strawberry_sum123_test_all,True,
partition_strawberry_sum123_test_change,True,
partition_strawberry_sum123_test_changed_binary,True,
partition_strawberry_sum123_test_crop_age_days,True,
partition_strawberry_sum123_test_crop_cycle,True,
partition_strawberry_sum123_test_current_positive,True,
partition_strawberry_sum123_test_facility,True,
partition_strawberry_sum123_test_history_count,True,
partition_strawberry_sum123_test_horizon_days,True,
partition_strawberry_sum123_test_label_positive,True,
partition_strawberry_sum123_test_previous_gap_days,True,
partition_strawberry_sum123_test_selected_input_missing,True,
partition_strawberry_sum123_test_selected_input_outside_train,True,
partition_strawberry_sum123_validation_all,True,
partition_strawberry_sum123_validation_change,True,
partition_strawberry_sum123_validation_changed_binary,True,
partition_strawberry_sum123_validation_crop_age_days,True,
partition_strawberry_sum123_validation_crop_cycle,True,
partition_strawberry_sum123_validation_current_positive,True,
partition_strawberry_sum123_validation_facility,True,
partition_strawberry_sum123_validation_history_count,True,
partition_strawberry_sum123_validation_horizon_days,True,
partition_strawberry_sum123_validation_label_positive,True,
partition_strawberry_sum123_validation_previous_gap_days,True,
partition_strawberry_sum123_validation_selected_input_missing,True,
partition_strawberry_sum123_validation_selected_input_outside_train,True,
partition_strawberry_third_test_all,True,
partition_strawberry_third_test_change,True,
partition_strawberry_third_test_changed_binary,True,
partition_strawberry_third_test_crop_age_days,True,
partition_strawberry_third_test_crop_cycle,True,
partition_strawberry_third_test_current_positive,True,
partition_strawberry_third_test_facility,True,
partition_strawberry_third_test_history_count,True,
partition_strawberry_third_test_horizon_days,True,
partition_strawberry_third_test_label_positive,True,
partition_strawberry_third_test_previous_gap_days,True,
partition_strawberry_third_test_selected_input_missing,True,
partition_strawberry_third_test_selected_input_outside_train,True,
partition_strawberry_third_validation_all,True,
partition_strawberry_third_validation_change,True,
partition_strawberry_third_validation_changed_binary,True,
partition_strawberry_third_validation_crop_age_days,True,
partition_strawberry_third_validation_crop_cycle,True,
partition_strawberry_third_validation_current_positive,True,
partition_strawberry_third_validation_facility,True,
partition_strawberry_third_validation_history_count,True,
partition_strawberry_third_validation_horizon_days,True,
partition_strawberry_third_validation_label_positive,True,
partition_strawberry_third_validation_previous_gap_days,True,
partition_strawberry_third_validation_selected_input_missing,True,
partition_strawberry_third_validation_selected_input_outside_train,True,
partition_tomato_first_test_all,True,
partition_tomato_first_test_change,True,
partition_tomato_first_test_changed_binary,True,
partition_tomato_first_test_crop_age_days,True,
partition_tomato_first_test_crop_cycle,True,
partition_tomato_first_test_current_positive,True,
partition_tomato_first_test_facility,True,
partition_tomato_first_test_history_count,True,
partition_tomato_first_test_horizon_days,True,
partition_tomato_first_test_label_positive,True,
partition_tomato_first_test_previous_gap_days,True,
partition_tomato_first_test_selected_input_missing,True,
partition_tomato_first_test_selected_input_outside_train,True,
partition_tomato_first_validation_all,True,
partition_tomato_first_validation_change,True,
partition_tomato_first_validation_changed_binary,True,
partition_tomato_first_validation_crop_age_days,True,
partition_tomato_first_validation_crop_cycle,True,
partition_tomato_first_validation_current_positive,True,
partition_tomato_first_validation_facility,True,
partition_tomato_first_validation_history_count,True,
partition_tomato_first_validation_horizon_days,True,
partition_tomato_first_validation_label_positive,True,
partition_tomato_first_validation_previous_gap_days,True,
partition_tomato_first_validation_selected_input_missing,True,
partition_tomato_first_validation_selected_input_outside_train,True,
partition_tomato_second_test_all,True,
partition_tomato_second_test_change,True,
partition_tomato_second_test_changed_binary,True,
partition_tomato_second_test_crop_age_days,True,
partition_tomato_second_test_crop_cycle,True,
partition_tomato_second_test_current_positive,True,
partition_tomato_second_test_facility,True,
partition_tomato_second_test_history_count,True,
partition_tomato_second_test_horizon_days,True,
partition_tomato_second_test_label_positive,True,
partition_tomato_second_test_previous_gap_days,True,
partition_tomato_second_test_selected_input_missing,True,
partition_tomato_second_test_selected_input_outside_train,True,
partition_tomato_second_validation_all,True,
partition_tomato_second_validation_change,True,
partition_tomato_second_validation_changed_binary,True,
partition_tomato_second_validation_crop_age_days,True,
partition_tomato_second_validation_crop_cycle,True,
partition_tomato_second_validation_current_positive,True,
partition_tomato_second_validation_facility,True,
partition_tomato_second_validation_history_count,True,
partition_tomato_second_validation_horizon_days,True,
partition_tomato_second_validation_label_positive,True,
partition_tomato_second_validation_previous_gap_days,True,
partition_tomato_second_validation_selected_input_missing,True,
partition_tomato_second_validation_selected_input_outside_train,True,
partition_tomato_sum123_test_all,True,
partition_tomato_sum123_test_change,True,
partition_tomato_sum123_test_changed_binary,True,
partition_tomato_sum123_test_crop_age_days,True,
partition_tomato_sum123_test_crop_cycle,True,
partition_tomato_sum123_test_current_positive,True,
partition_tomato_sum123_test_facility,True,
partition_tomato_sum123_test_history_count,True,
partition_tomato_sum123_test_horizon_days,True,
partition_tomato_sum123_test_label_positive,True,
partition_tomato_sum123_test_previous_gap_days,True,
partition_tomato_sum123_test_selected_input_missing,True,
partition_tomato_sum123_test_selected_input_outside_train,True,
partition_tomato_sum123_validation_all,True,
partition_tomato_sum123_validation_change,True,
partition_tomato_sum123_validation_changed_binary,True,
partition_tomato_sum123_validation_crop_age_days,True,
partition_tomato_sum123_validation_crop_cycle,True,
partition_tomato_sum123_validation_current_positive,True,
partition_tomato_sum123_validation_facility,True,
partition_tomato_sum123_validation_history_count,True,
partition_tomato_sum123_validation_horizon_days,True,
partition_tomato_sum123_validation_label_positive,True,
partition_tomato_sum123_validation_previous_gap_days,True,
partition_tomato_sum123_validation_selected_input_missing,True,
partition_tomato_sum123_validation_selected_input_outside_train,True,
partition_tomato_third_test_all,True,
partition_tomato_third_test_change,True,
partition_tomato_third_test_changed_binary,True,
partition_tomato_third_test_crop_age_days,True,
partition_tomato_third_test_crop_cycle,True,
partition_tomato_third_test_current_positive,True,
partition_tomato_third_test_facility,True,
partition_tomato_third_test_history_count,True,
partition_tomato_third_test_horizon_days,True,
partition_tomato_third_test_label_positive,True,
partition_tomato_third_test_previous_gap_days,True,
partition_tomato_third_test_selected_input_missing,True,
partition_tomato_third_test_selected_input_outside_train,True,
partition_tomato_third_validation_all,True,
partition_tomato_third_validation_change,True,
partition_tomato_third_validation_changed_binary,True,
partition_tomato_third_validation_crop_age_days,True,
partition_tomato_third_validation_crop_cycle,True,
partition_tomato_third_validation_current_positive,True,
partition_tomato_third_validation_facility,True,
partition_tomato_third_validation_history_count,True,
partition_tomato_third_validation_horizon_days,True,
partition_tomato_third_validation_label_positive,True,
partition_tomato_third_validation_previous_gap_days,True,
partition_tomato_third_validation_selected_input_missing,True,
partition_tomato_third_validation_selected_input_outside_train,True,
