timestamp,split,facility_id,crop_sn,sample_num,cropping_serl_no,crop_start_date,crop_end_date,matched_crop_sn,strawberry_fruit_truss1,strawberry_fruit_truss2,strawberry_fruit_truss3,strawberry_fruit_total
2024-10-01,test,PF_0023621_01,PF_0023621|7565|2024-09-15,1,7565,2024-09-15,2025-05-03,122,0,0,0,0
2024-10-01,test,PF_0023621_01,PF_0023621|7565|2024-09-15,2,7565,2024-09-15,2025-05-03,122,0,0,0,0
2024-10-01,test,PF_0023621_01,PF_0023621|7565|2024-09-15,3,7565,2024-09-15,2025-05-03,122,0,0,0,0
2024-10-01,test,PF_0023621_01,PF_0023621|7565|2024-09-15,4,7565,2024-09-15,2025-05-03,122,0,0,0,0
2024-10-01,test,PF_0023621_01,PF_0023621|7565|2024-09-15,5,7565,2024-09-15,2025-05-03,122,0,0,0,0
2024-10-01,test,PF_0023621_01,PF_0023621|7565|2024-09-15,6,7565,2024-09-15,2025-05-03,122,0,0,0,0
2024-10-01,test,PF_0023621_01,PF_0023621|7565|2024-09-15,7,7565,2024-09-15,2025-05-03,122,0,0,0,0
2024-10-01,test,PF_0023621_01,PF_0023621|7565|2024-09-15,8,7565,2024-09-15,2025-05-03,122,0,0,0,0
2024-10-01,test,PF_0023621_01,PF_0023621|7565|2024-09-15,9,7565,2024-09-15,2025-05-03,122,0,0,0,0
2024-10-07,train,PF_0000574_01,PF_0000574|7579|2024-09-01,1,7579,2024-09-01,2025-06-30,13,0,0,0,0
2024-10-07,train,PF_0000574_01,PF_0000574|7579|2024-09-01,2,7579,2024-09-01,2025-06-30,13,0,0,0,0
2024-10-07,train,PF_0000574_01,PF_0000574|7579|2024-09-01,3,7579,2024-09-01,2025-06-30,13,0,0,0,0
2024-10-07,train,PF_0000574_01,PF_0000574|7579|2024-09-01,4,7579,2024-09-01,2025-06-30,13,0,0,0,0
2024-10-07,train,PF_0000574_01,PF_0000574|7579|2024-09-01,5,7579,2024-09-01,2025-06-30,13,0,0,0,0
2024-10-07,train,PF_0000574_01,PF_0000574|7579|2024-09-01,6,7579,2024-09-01,2025-06-30,13,0,0,0,0
2024-10-07,train,PF_0000574_01,PF_0000574|7579|2024-09-01,7,7579,2024-09-01,2025-06-30,13,0,0,0,0
2024-10-07,train,PF_0000574_01,PF_0000574|7579|2024-09-01,8,7579,2024-09-01,2025-06-30,13,0,0,0,0
2024-10-07,train,PF_0000574_01,PF_0000574|7579|2024-09-01,9,7579,2024-09-01,2025-06-30,13,0,0,0,0
2024-10-07,train,PF_0021351_01,PF_0021351|7540|2024-09-07,1,7540,2024-09-07,2025-05-25,104,0,0,0,0
2024-10-07,train,PF_0021351_01,PF_0021351|7540|2024-09-07,2,7540,2024-09-07,2025-05-25,104,0,0,0,0
2024-10-07,train,PF_0021351_01,PF_0021351|7540|2024-09-07,3,7540,2024-09-07,2025-05-25,104,0,0,0,0
2024-10-07,train,PF_0021351_01,PF_0021351|7540|2024-09-07,4,7540,2024-09-07,2025-05-25,104,0,0,0,0
2024-10-07,train,PF_0021351_01,PF_0021351|7540|2024-09-07,5,7540,2024-09-07,2025-05-25,104,0,0,0,0
2024-10-07,train,PF_0021351_01,PF_0021351|7540|2024-09-07,6,7540,2024-09-07,2025-05-25,104,0,0,0,0
2024-10-07,train,PF_0021351_01,PF_0021351|7540|2024-09-07,7,7540,2024-09-07,2025-05-25,104,0,0,0,0
2024-10-07,train,PF_0021351_01,PF_0021351|7540|2024-09-07,8,7540,2024-09-07,2025-05-25,104,0,0,0,0
2024-10-07,train,PF_0021351_01,PF_0021351|7540|2024-09-07,9,7540,2024-09-07,2025-05-25,104,0,0,0,0
2024-10-07,train,PF_0022105_01,PF_0022105|7566|2024-09-01,1,7566,2024-09-01,2025-05-31,115,0,0,0,0
2024-10-07,train,PF_0022105_01,PF_0022105|7566|2024-09-01,2,7566,2024-09-01,2025-05-31,115,0,0,0,0
2024-10-07,train,PF_0022105_01,PF_0022105|7566|2024-09-01,3,7566,2024-09-01,2025-05-31,115,0,0,0,0
2024-10-07,train,PF_0022105_01,PF_0022105|7566|2024-09-01,4,7566,2024-09-01,2025-05-31,115,0,0,0,0
2024-10-07,train,PF_0022105_01,PF_0022105|7566|2024-09-01,5,7566,2024-09-01,2025-05-31,115,0,0,0,0
2024-10-07,train,PF_0022105_01,PF_0022105|7566|2024-09-01,6,7566,2024-09-01,2025-05-31,115,0,0,0,0
2024-10-07,train,PF_0022105_01,PF_0022105|7566|2024-09-01,7,7566,2024-09-01,2025-05-31,115,0,0,0,0
2024-10-07,train,PF_0022105_01,PF_0022105|7566|2024-09-01,8,7566,2024-09-01,2025-05-31,115,0,0,0,0
2024-10-07,train,PF_0022105_01,PF_0022105|7566|2024-09-01,9,7566,2024-09-01,2025-05-31,115,0,0,0,0
2024-10-08,test,PF_0023621_01,PF_0023621|7565|2024-09-15,1,7565,2024-09-15,2025-05-03,122,0,0,0,0
2024-10-08,test,PF_0023621_01,PF_0023621|7565|2024-09-15,2,7565,2024-09-15,2025-05-03,122,0,0,0,0
2024-10-08,test,PF_0023621_01,PF_0023621|7565|2024-09-15,3,7565,2024-09-15,2025-05-03,122,0,0,0,0
2024-10-08,test,PF_0023621_01,PF_0023621|7565|2024-09-15,4,7565,2024-09-15,2025-05-03,122,0,0,0,0
2024-10-08,test,PF_0023621_01,PF_0023621|7565|2024-09-15,5,7565,2024-09-15,2025-05-03,122,0,0,0,0
2024-10-08,test,PF_0023621_01,PF_0023621|7565|2024-09-15,6,7565,2024-09-15,2025-05-03,122,0,0,0,0
2024-10-08,test,PF_0023621_01,PF_0023621|7565|2024-09-15,7,7565,2024-09-15,2025-05-03,122,0,0,0,0
2024-10-08,test,PF_0023621_01,PF_0023621|7565|2024-09-15,8,7565,2024-09-15,2025-05-03,122,0,0,0,0
2024-10-08,test,PF_0023621_01,PF_0023621|7565|2024-09-15,9,7565,2024-09-15,2025-05-03,122,0,0,0,0
2024-10-08,test,PF_0023732_01,PF_0023732|7564|2024-08-31,1,7564,2024-08-31,2025-06-15,126,0,0,0,0
2024-10-08,test,PF_0023732_01,PF_0023732|7564|2024-08-31,2,7564,2024-08-31,2025-06-15,126,0,0,0,0
2024-10-08,test,PF_0023732_01,PF_0023732|7564|2024-08-31,3,7564,2024-08-31,2025-06-15,126,0,0,0,0
2024-10-08,test,PF_0023732_01,PF_0023732|7564|2024-08-31,4,7564,2024-08-31,2025-06-15,126,0,0,0,0
2024-10-08,test,PF_0023732_01,PF_0023732|7564|2024-08-31,5,7564,2024-08-31,2025-06-15,126,0,0,0,0
2024-10-08,test,PF_0023732_01,PF_0023732|7564|2024-08-31,6,7564,2024-08-31,2025-06-15,126,0,0,0,0
2024-10-08,test,PF_0023732_01,PF_0023732|7564|2024-08-31,7,7564,2024-08-31,2025-06-15,126,0,0,0,0
2024-10-08,test,PF_0023732_01,PF_0023732|7564|2024-08-31,8,7564,2024-08-31,2025-06-15,126,0,0,0,0
2024-10-08,test,PF_0023732_01,PF_0023732|7564|2024-08-31,9,7564,2024-08-31,2025-06-15,126,0,0,0,0
2024-10-08,train,PF_0023743_01,PF_0023743|7559|2024-09-10,1,7559,2024-09-10,2025-05-31,129,0,0,0,0
2024-10-08,train,PF_0023743_01,PF_0023743|7559|2024-09-10,2,7559,2024-09-10,2025-05-31,129,0,0,0,0
2024-10-08,train,PF_0023743_01,PF_0023743|7559|2024-09-10,3,7559,2024-09-10,2025-05-31,129,0,0,0,0
2024-10-08,train,PF_0023743_01,PF_0023743|7559|2024-09-10,4,7559,2024-09-10,2025-05-31,129,0,0,0,0
2024-10-08,train,PF_0023743_01,PF_0023743|7559|2024-09-10,5,7559,2024-09-10,2025-05-31,129,0,0,0,0
2024-10-08,train,PF_0023743_01,PF_0023743|7559|2024-09-10,6,7559,2024-09-10,2025-05-31,129,0,0,0,0
2024-10-08,train,PF_0023743_01,PF_0023743|7559|2024-09-10,7,7559,2024-09-10,2025-05-31,129,0,0,0,0
2024-10-08,train,PF_0023743_01,PF_0023743|7559|2024-09-10,8,7559,2024-09-10,2025-05-31,129,0,0,0,0
2024-10-08,train,PF_0023743_01,PF_0023743|7559|2024-09-10,9,7559,2024-09-10,2025-05-31,129,0,0,0,0
2024-10-08,validation,PF_0023923_01,PF_0023923|7562|2024-08-31,1,7562,2024-08-31,2025-06-15,132,0,0,0,0
2024-10-08,validation,PF_0023923_01,PF_0023923|7562|2024-08-31,2,7562,2024-08-31,2025-06-15,132,0,0,0,0
2024-10-08,validation,PF_0023923_01,PF_0023923|7562|2024-08-31,3,7562,2024-08-31,2025-06-15,132,0,0,0,0
2024-10-08,validation,PF_0023923_01,PF_0023923|7562|2024-08-31,4,7562,2024-08-31,2025-06-15,132,0,0,0,0
2024-10-08,validation,PF_0023923_01,PF_0023923|7562|2024-08-31,5,7562,2024-08-31,2025-06-15,132,0,0,0,0
2024-10-08,validation,PF_0023923_01,PF_0023923|7562|2024-08-31,6,7562,2024-08-31,2025-06-15,132,0,0,0,0
2024-10-08,validation,PF_0023923_01,PF_0023923|7562|2024-08-31,7,7562,2024-08-31,2025-06-15,132,0,0,0,0
2024-10-08,validation,PF_0023923_01,PF_0023923|7562|2024-08-31,8,7562,2024-08-31,2025-06-15,132,0,0,0,0
2024-10-08,validation,PF_0023923_01,PF_0023923|7562|2024-08-31,9,7562,2024-08-31,2025-06-15,132,0,0,0,0
2024-10-08,train,PF_0024357_01,PF_0024357|7560|2024-09-09,1,7560,2024-09-09,2025-05-31,139,0,0,0,0
2024-10-08,train,PF_0024357_01,PF_0024357|7560|2024-09-09,2,7560,2024-09-09,2025-05-31,139,0,0,0,0
2024-10-08,train,PF_0024357_01,PF_0024357|7560|2024-09-09,3,7560,2024-09-09,2025-05-31,139,0,0,0,0
2024-10-08,train,PF_0024357_01,PF_0024357|7560|2024-09-09,4,7560,2024-09-09,2025-05-31,139,0,0,0,0
2024-10-08,train,PF_0024357_01,PF_0024357|7560|2024-09-09,5,7560,2024-09-09,2025-05-31,139,0,0,0,0
2024-10-08,train,PF_0024357_01,PF_0024357|7560|2024-09-09,6,7560,2024-09-09,2025-05-31,139,0,0,0,0
2024-10-08,train,PF_0024357_01,PF_0024357|7560|2024-09-09,7,7560,2024-09-09,2025-05-31,139,0,0,0,0
2024-10-08,train,PF_0024357_01,PF_0024357|7560|2024-09-09,8,7560,2024-09-09,2025-05-31,139,0,0,0,0
2024-10-08,train,PF_0024357_01,PF_0024357|7560|2024-09-09,9,7560,2024-09-09,2025-05-31,139,0,0,0,0
2024-10-08,validation,PF_0024365_01,PF_0024365|7561|2024-09-10,1,7561,2024-09-10,2025-05-20,142,0,0,0,0
2024-10-08,validation,PF_0024365_01,PF_0024365|7561|2024-09-10,2,7561,2024-09-10,2025-05-20,142,0,0,0,0
2024-10-08,validation,PF_0024365_01,PF_0024365|7561|2024-09-10,3,7561,2024-09-10,2025-05-20,142,0,0,0,0
2024-10-08,validation,PF_0024365_01,PF_0024365|7561|2024-09-10,4,7561,2024-09-10,2025-05-20,142,0,0,0,0
2024-10-08,validation,PF_0024365_01,PF_0024365|7561|2024-09-10,5,7561,2024-09-10,2025-05-20,142,0,0,0,0
2024-10-08,validation,PF_0024365_01,PF_0024365|7561|2024-09-10,6,7561,2024-09-10,2025-05-20,142,0,0,0,0
2024-10-08,validation,PF_0024365_01,PF_0024365|7561|2024-09-10,7,7561,2024-09-10,2025-05-20,142,0,0,0,0
2024-10-08,validation,PF_0024365_01,PF_0024365|7561|2024-09-10,8,7561,2024-09-10,2025-05-20,142,0,0,0,0
2024-10-08,validation,PF_0024365_01,PF_0024365|7561|2024-09-10,9,7561,2024-09-10,2025-05-20,142,0,0,0,0
2024-10-08,train,PF_0024688_01,PF_0024688|7558|2024-09-01,1,7558,2024-09-01,2025-06-30,160,0,0,0,0
2024-10-08,train,PF_0024688_01,PF_0024688|7558|2024-09-01,2,7558,2024-09-01,2025-06-30,160,0,0,0,0
2024-10-08,train,PF_0024688_01,PF_0024688|7558|2024-09-01,3,7558,2024-09-01,2025-06-30,160,0,0,0,0
2024-10-08,train,PF_0024688_01,PF_0024688|7558|2024-09-01,4,7558,2024-09-01,2025-06-30,160,0,0,0,0
2024-10-08,train,PF_0024688_01,PF_0024688|7558|2024-09-01,5,7558,2024-09-01,2025-06-30,160,0,0,0,0
2024-10-08,train,PF_0024688_01,PF_0024688|7558|2024-09-01,6,7558,2024-09-01,2025-06-30,160,0,0,0,0
2024-10-08,train,PF_0024688_01,PF_0024688|7558|2024-09-01,7,7558,2024-09-01,2025-06-30,160,0,0,0,0
2024-10-08,train,PF_0024688_01,PF_0024688|7558|2024-09-01,8,7558,2024-09-01,2025-06-30,160,0,0,0,0
2024-10-08,train,PF_0024688_01,PF_0024688|7558|2024-09-01,9,7558,2024-09-01,2025-06-30,160,0,0,0,0
2024-10-10,train,PF_0002037_01,PF_0002037|7532|2024-09-20,1,7532,2024-09-20,2025-05-31,41,0,0,0,0
2024-10-10,train,PF_0002037_01,PF_0002037|7532|2024-09-20,2,7532,2024-09-20,2025-05-31,41,0,0,0,0
2024-10-10,train,PF_0002037_01,PF_0002037|7532|2024-09-20,3,7532,2024-09-20,2025-05-31,41,0,0,0,0
2024-10-10,train,PF_0002037_01,PF_0002037|7532|2024-09-20,4,7532,2024-09-20,2025-05-31,41,0,0,0,0
2024-10-10,train,PF_0002037_01,PF_0002037|7532|2024-09-20,5,7532,2024-09-20,2025-05-31,41,0,0,0,0
2024-10-10,train,PF_0002037_01,PF_0002037|7532|2024-09-20,6,7532,2024-09-20,2025-05-31,41,0,0,0,0
2024-10-10,train,PF_0002037_01,PF_0002037|7532|2024-09-20,7,7532,2024-09-20,2025-05-31,41,0,0,0,0
2024-10-10,train,PF_0002037_01,PF_0002037|7532|2024-09-20,8,7532,2024-09-20,2025-05-31,41,0,0,0,0
2024-10-10,train,PF_0002037_01,PF_0002037|7532|2024-09-20,9,7532,2024-09-20,2025-05-31,41,0,0,0,0
2024-10-14,train,PF_0000574_01,PF_0000574|7579|2024-09-01,1,7579,2024-09-01,2025-06-30,13,0,0,0,0
2024-10-14,train,PF_0000574_01,PF_0000574|7579|2024-09-01,2,7579,2024-09-01,2025-06-30,13,0,0,0,0
2024-10-14,train,PF_0000574_01,PF_0000574|7579|2024-09-01,3,7579,2024-09-01,2025-06-30,13,0,0,0,0
2024-10-14,train,PF_0000574_01,PF_0000574|7579|2024-09-01,4,7579,2024-09-01,2025-06-30,13,0,0,0,0
2024-10-14,train,PF_0000574_01,PF_0000574|7579|2024-09-01,5,7579,2024-09-01,2025-06-30,13,0,0,0,0
2024-10-14,train,PF_0000574_01,PF_0000574|7579|2024-09-01,6,7579,2024-09-01,2025-06-30,13,0,0,0,0
2024-10-14,train,PF_0000574_01,PF_0000574|7579|2024-09-01,7,7579,2024-09-01,2025-06-30,13,0,0,0,0
2024-10-14,train,PF_0000574_01,PF_0000574|7579|2024-09-01,8,7579,2024-09-01,2025-06-30,13,0,0,0,0
2024-10-14,train,PF_0000574_01,PF_0000574|7579|2024-09-01,9,7579,2024-09-01,2025-06-30,13,0,0,0,0
2024-10-14,validation,PF_0000778_01,PF_0000778|7578|2024-09-15,1,7578,2024-09-15,2025-06-30,20,0,0,0,0
2024-10-14,validation,PF_0000778_01,PF_0000778|7578|2024-09-15,2,7578,2024-09-15,2025-06-30,20,0,0,0,0
2024-10-14,validation,PF_0000778_01,PF_0000778|7578|2024-09-15,3,7578,2024-09-15,2025-06-30,20,0,0,0,0
2024-10-14,validation,PF_0000778_01,PF_0000778|7578|2024-09-15,4,7578,2024-09-15,2025-06-30,20,0,0,0,0
2024-10-14,validation,PF_0000778_01,PF_0000778|7578|2024-09-15,5,7578,2024-09-15,2025-06-30,20,0,0,0,0
2024-10-14,validation,PF_0000778_01,PF_0000778|7578|2024-09-15,6,7578,2024-09-15,2025-06-30,20,0,0,0,0
2024-10-14,validation,PF_0000778_01,PF_0000778|7578|2024-09-15,7,7578,2024-09-15,2025-06-30,20,0,0,0,0
2024-10-14,validation,PF_0000778_01,PF_0000778|7578|2024-09-15,8,7578,2024-09-15,2025-06-30,20,0,0,0,0
2024-10-14,validation,PF_0000778_01,PF_0000778|7578|2024-09-15,9,7578,2024-09-15,2025-06-30,20,0,0,0,0
2024-10-14,train,PF_0002037_01,PF_0002037|7532|2024-09-20,1,7532,2024-09-20,2025-05-31,41,0,0,0,0
2024-10-14,train,PF_0002037_01,PF_0002037|7532|2024-09-20,2,7532,2024-09-20,2025-05-31,41,0,0,0,0
2024-10-14,train,PF_0002037_01,PF_0002037|7532|2024-09-20,3,7532,2024-09-20,2025-05-31,41,0,0,0,0
2024-10-14,train,PF_0002037_01,PF_0002037|7532|2024-09-20,4,7532,2024-09-20,2025-05-31,41,0,0,0,0
2024-10-14,train,PF_0002037_01,PF_0002037|7532|2024-09-20,5,7532,2024-09-20,2025-05-31,41,0,0,0,0
2024-10-14,train,PF_0002037_01,PF_0002037|7532|2024-09-20,6,7532,2024-09-20,2025-05-31,41,0,0,0,0
2024-10-14,train,PF_0002037_01,PF_0002037|7532|2024-09-20,7,7532,2024-09-20,2025-05-31,41,0,0,0,0
2024-10-14,train,PF_0002037_01,PF_0002037|7532|2024-09-20,8,7532,2024-09-20,2025-05-31,41,0,0,0,0
2024-10-14,train,PF_0002037_01,PF_0002037|7532|2024-09-20,9,7532,2024-09-20,2025-05-31,41,0,0,0,0
2024-10-14,train,PF_0021351_01,PF_0021351|7540|2024-09-07,1,7540,2024-09-07,2025-05-25,104,0,0,0,0
2024-10-14,train,PF_0021351_01,PF_0021351|7540|2024-09-07,2,7540,2024-09-07,2025-05-25,104,0,0,0,0
2024-10-14,train,PF_0021351_01,PF_0021351|7540|2024-09-07,3,7540,2024-09-07,2025-05-25,104,0,0,0,0
2024-10-14,train,PF_0021351_01,PF_0021351|7540|2024-09-07,4,7540,2024-09-07,2025-05-25,104,0,0,0,0
2024-10-14,train,PF_0021351_01,PF_0021351|7540|2024-09-07,5,7540,2024-09-07,2025-05-25,104,0,0,0,0
2024-10-14,train,PF_0021351_01,PF_0021351|7540|2024-09-07,6,7540,2024-09-07,2025-05-25,104,0,0,0,0
2024-10-14,train,PF_0021351_01,PF_0021351|7540|2024-09-07,7,7540,2024-09-07,2025-05-25,104,0,0,0,0
2024-10-14,train,PF_0021351_01,PF_0021351|7540|2024-09-07,8,7540,2024-09-07,2025-05-25,104,0,0,0,0
2024-10-14,train,PF_0021351_01,PF_0021351|7540|2024-09-07,9,7540,2024-09-07,2025-05-25,104,0,0,0,0
2024-10-14,train,PF_0022105_01,PF_0022105|7566|2024-09-01,1,7566,2024-09-01,2025-05-31,115,0,0,0,0
2024-10-14,train,PF_0022105_01,PF_0022105|7566|2024-09-01,2,7566,2024-09-01,2025-05-31,115,0,0,0,0
2024-10-14,train,PF_0022105_01,PF_0022105|7566|2024-09-01,3,7566,2024-09-01,2025-05-31,115,0,0,0,0
2024-10-14,train,PF_0022105_01,PF_0022105|7566|2024-09-01,4,7566,2024-09-01,2025-05-31,115,0,0,0,0
2024-10-14,train,PF_0022105_01,PF_0022105|7566|2024-09-01,5,7566,2024-09-01,2025-05-31,115,0,0,0,0
2024-10-14,train,PF_0022105_01,PF_0022105|7566|2024-09-01,6,7566,2024-09-01,2025-05-31,115,0,0,0,0
2024-10-14,train,PF_0022105_01,PF_0022105|7566|2024-09-01,7,7566,2024-09-01,2025-05-31,115,0,0,0,0
2024-10-14,train,PF_0022105_01,PF_0022105|7566|2024-09-01,8,7566,2024-09-01,2025-05-31,115,0,0,0,0
2024-10-14,train,PF_0022105_01,PF_0022105|7566|2024-09-01,9,7566,2024-09-01,2025-05-31,115,0,0,0,0
2024-10-14,train,PF_0024651_01,PF_0024651|7538|2024-09-15,1,7538,2024-09-15,2025-06-10,148,0,0,0,0
2024-10-14,train,PF_0024651_01,PF_0024651|7538|2024-09-15,2,7538,2024-09-15,2025-06-10,148,0,0,0,0
2024-10-14,train,PF_0024651_01,PF_0024651|7538|2024-09-15,3,7538,2024-09-15,2025-06-10,148,0,0,0,0
2024-10-14,train,PF_0024651_01,PF_0024651|7538|2024-09-15,4,7538,2024-09-15,2025-06-10,148,0,0,0,0
2024-10-14,train,PF_0024651_01,PF_0024651|7538|2024-09-15,5,7538,2024-09-15,2025-06-10,148,0,0,0,0
2024-10-14,train,PF_0024651_01,PF_0024651|7538|2024-09-15,6,7538,2024-09-15,2025-06-10,148,0,0,0,0
2024-10-14,train,PF_0024651_01,PF_0024651|7538|2024-09-15,7,7538,2024-09-15,2025-06-10,148,0,0,0,0
2024-10-14,train,PF_0024651_01,PF_0024651|7538|2024-09-15,8,7538,2024-09-15,2025-06-10,148,0,0,0,0
2024-10-14,train,PF_0024651_01,PF_0024651|7538|2024-09-15,9,7538,2024-09-15,2025-06-10,148,0,0,0,0
2024-10-14,train,PF_0024654_01,PF_0024654|7527|2024-09-15,1,7527,2024-09-15,2025-06-10,150,0,0,0,0
2024-10-14,train,PF_0024654_01,PF_0024654|7527|2024-09-15,2,7527,2024-09-15,2025-06-10,150,0,0,0,0
2024-10-14,train,PF_0024654_01,PF_0024654|7527|2024-09-15,3,7527,2024-09-15,2025-06-10,150,0,0,0,0
2024-10-14,train,PF_0024654_01,PF_0024654|7527|2024-09-15,4,7527,2024-09-15,2025-06-10,150,0,0,0,0
2024-10-14,train,PF_0024654_01,PF_0024654|7527|2024-09-15,5,7527,2024-09-15,2025-06-10,150,0,0,0,0
2024-10-14,train,PF_0024654_01,PF_0024654|7527|2024-09-15,6,7527,2024-09-15,2025-06-10,150,0,0,0,0
2024-10-14,train,PF_0024654_01,PF_0024654|7527|2024-09-15,7,7527,2024-09-15,2025-06-10,150,0,0,0,0
2024-10-14,train,PF_0024654_01,PF_0024654|7527|2024-09-15,8,7527,2024-09-15,2025-06-10,150,0,0,0,0
2024-10-14,train,PF_0024654_01,PF_0024654|7527|2024-09-15,9,7527,2024-09-15,2025-06-10,150,0,0,0,0
2024-10-14,train,PF_0024655_01,PF_0024655|7533|2024-09-15,1,7533,2024-09-15,2025-06-30,152,0,0,0,0
2024-10-14,train,PF_0024655_01,PF_0024655|7533|2024-09-15,2,7533,2024-09-15,2025-06-30,152,0,0,0,0
2024-10-14,train,PF_0024655_01,PF_0024655|7533|2024-09-15,3,7533,2024-09-15,2025-06-30,152,0,0,0,0
2024-10-14,train,PF_0024655_01,PF_0024655|7533|2024-09-15,4,7533,2024-09-15,2025-06-30,152,0,0,0,0
2024-10-14,train,PF_0024655_01,PF_0024655|7533|2024-09-15,5,7533,2024-09-15,2025-06-30,152,0,0,0,0
2024-10-14,train,PF_0024655_01,PF_0024655|7533|2024-09-15,6,7533,2024-09-15,2025-06-30,152,0,0,0,0
2024-10-14,train,PF_0024655_01,PF_0024655|7533|2024-09-15,7,7533,2024-09-15,2025-06-30,152,0,0,0,0
2024-10-14,train,PF_0024655_01,PF_0024655|7533|2024-09-15,8,7533,2024-09-15,2025-06-30,152,0,0,0,0
2024-10-14,train,PF_0024655_01,PF_0024655|7533|2024-09-15,9,7533,2024-09-15,2025-06-30,152,0,0,0,0
2024-10-14,train,PF_0025106_01,PF_0025106|7518|2024-09-17,1,7518,2024-09-17,2025-06-30,200,0,0,0,0
2024-10-14,train,PF_0025106_01,PF_0025106|7518|2024-09-17,2,7518,2024-09-17,2025-06-30,200,0,0,0,0
2024-10-14,train,PF_0025106_01,PF_0025106|7518|2024-09-17,3,7518,2024-09-17,2025-06-30,200,0,0,0,0
2024-10-14,train,PF_0025106_01,PF_0025106|7518|2024-09-17,4,7518,2024-09-17,2025-06-30,200,0,0,0,0
2024-10-14,train,PF_0025106_01,PF_0025106|7518|2024-09-17,5,7518,2024-09-17,2025-06-30,200,0,0,0,0
2024-10-14,train,PF_0025106_01,PF_0025106|7518|2024-09-17,6,7518,2024-09-17,2025-06-30,200,0,0,0,0
2024-10-14,train,PF_0025106_01,PF_0025106|7518|2024-09-17,7,7518,2024-09-17,2025-06-30,200,0,0,0,0
2024-10-14,train,PF_0025106_01,PF_0025106|7518|2024-09-17,8,7518,2024-09-17,2025-06-30,200,0,0,0,0
2024-10-14,train,PF_0025106_01,PF_0025106|7518|2024-09-17,9,7518,2024-09-17,2025-06-30,200,0,0,0,0
2024-10-15,test,PF_0023621_01,PF_0023621|7565|2024-09-15,1,7565,2024-09-15,2025-05-03,122,0,0,0,0
2024-10-15,test,PF_0023621_01,PF_0023621|7565|2024-09-15,2,7565,2024-09-15,2025-05-03,122,0,0,0,0
2024-10-15,test,PF_0023621_01,PF_0023621|7565|2024-09-15,3,7565,2024-09-15,2025-05-03,122,0,0,0,0
2024-10-15,test,PF_0023621_01,PF_0023621|7565|2024-09-15,4,7565,2024-09-15,2025-05-03,122,0,0,0,0
2024-10-15,test,PF_0023621_01,PF_0023621|7565|2024-09-15,5,7565,2024-09-15,2025-05-03,122,0,0,0,0
2024-10-15,test,PF_0023621_01,PF_0023621|7565|2024-09-15,6,7565,2024-09-15,2025-05-03,122,0,0,0,0
2024-10-15,test,PF_0023621_01,PF_0023621|7565|2024-09-15,7,7565,2024-09-15,2025-05-03,122,0,0,0,0
2024-10-15,test,PF_0023621_01,PF_0023621|7565|2024-09-15,8,7565,2024-09-15,2025-05-03,122,0,0,0,0
2024-10-15,test,PF_0023621_01,PF_0023621|7565|2024-09-15,9,7565,2024-09-15,2025-05-03,122,0,0,0,0
2024-10-15,train,PF_0023743_01,PF_0023743|7559|2024-09-10,1,7559,2024-09-10,2025-05-31,129,0,0,0,0
2024-10-15,train,PF_0023743_01,PF_0023743|7559|2024-09-10,2,7559,2024-09-10,2025-05-31,129,0,0,0,0
2024-10-15,train,PF_0023743_01,PF_0023743|7559|2024-09-10,3,7559,2024-09-10,2025-05-31,129,0,0,0,0
2024-10-15,train,PF_0023743_01,PF_0023743|7559|2024-09-10,4,7559,2024-09-10,2025-05-31,129,0,0,0,0
2024-10-15,train,PF_0023743_01,PF_0023743|7559|2024-09-10,5,7559,2024-09-10,2025-05-31,129,0,0,0,0
2024-10-15,train,PF_0023743_01,PF_0023743|7559|2024-09-10,6,7559,2024-09-10,2025-05-31,129,0,0,0,0
2024-10-15,train,PF_0023743_01,PF_0023743|7559|2024-09-10,7,7559,2024-09-10,2025-05-31,129,0,0,0,0
2024-10-15,train,PF_0023743_01,PF_0023743|7559|2024-09-10,8,7559,2024-09-10,2025-05-31,129,0,0,0,0
2024-10-15,train,PF_0023743_01,PF_0023743|7559|2024-09-10,9,7559,2024-09-10,2025-05-31,129,0,0,0,0
2024-10-15,validation,PF_0023923_01,PF_0023923|7562|2024-08-31,1,7562,2024-08-31,2025-06-15,132,0,0,0,0
2024-10-15,validation,PF_0023923_01,PF_0023923|7562|2024-08-31,2,7562,2024-08-31,2025-06-15,132,0,0,0,0
2024-10-15,validation,PF_0023923_01,PF_0023923|7562|2024-08-31,3,7562,2024-08-31,2025-06-15,132,0,0,0,0
2024-10-15,validation,PF_0023923_01,PF_0023923|7562|2024-08-31,4,7562,2024-08-31,2025-06-15,132,0,0,0,0
2024-10-15,validation,PF_0023923_01,PF_0023923|7562|2024-08-31,5,7562,2024-08-31,2025-06-15,132,0,0,0,0
2024-10-15,validation,PF_0023923_01,PF_0023923|7562|2024-08-31,6,7562,2024-08-31,2025-06-15,132,0,0,0,0
2024-10-15,validation,PF_0023923_01,PF_0023923|7562|2024-08-31,7,7562,2024-08-31,2025-06-15,132,0,0,0,0
2024-10-15,validation,PF_0023923_01,PF_0023923|7562|2024-08-31,8,7562,2024-08-31,2025-06-15,132,0,0,0,0
2024-10-15,validation,PF_0023923_01,PF_0023923|7562|2024-08-31,9,7562,2024-08-31,2025-06-15,132,0,0,0,0
2024-10-15,train,PF_0024357_01,PF_0024357|7560|2024-09-09,1,7560,2024-09-09,2025-05-31,139,0,0,0,0
2024-10-15,train,PF_0024357_01,PF_0024357|7560|2024-09-09,2,7560,2024-09-09,2025-05-31,139,0,0,0,0
2024-10-15,train,PF_0024357_01,PF_0024357|7560|2024-09-09,3,7560,2024-09-09,2025-05-31,139,0,0,0,0
2024-10-15,train,PF_0024357_01,PF_0024357|7560|2024-09-09,4,7560,2024-09-09,2025-05-31,139,0,0,0,0
2024-10-15,train,PF_0024357_01,PF_0024357|7560|2024-09-09,5,7560,2024-09-09,2025-05-31,139,0,0,0,0
2024-10-15,train,PF_0024357_01,PF_0024357|7560|2024-09-09,6,7560,2024-09-09,2025-05-31,139,0,0,0,0
2024-10-15,train,PF_0024357_01,PF_0024357|7560|2024-09-09,7,7560,2024-09-09,2025-05-31,139,0,0,0,0
2024-10-15,train,PF_0024357_01,PF_0024357|7560|2024-09-09,8,7560,2024-09-09,2025-05-31,139,0,0,0,0
2024-10-15,train,PF_0024357_01,PF_0024357|7560|2024-09-09,9,7560,2024-09-09,2025-05-31,139,0,0,0,0
2024-10-15,validation,PF_0024365_01,PF_0024365|7561|2024-09-10,1,7561,2024-09-10,2025-05-20,142,0,0,0,0
2024-10-15,validation,PF_0024365_01,PF_0024365|7561|2024-09-10,2,7561,2024-09-10,2025-05-20,142,0,0,0,0
2024-10-15,validation,PF_0024365_01,PF_0024365|7561|2024-09-10,3,7561,2024-09-10,2025-05-20,142,0,0,0,0
2024-10-15,validation,PF_0024365_01,PF_0024365|7561|2024-09-10,4,7561,2024-09-10,2025-05-20,142,0,0,0,0
2024-10-15,validation,PF_0024365_01,PF_0024365|7561|2024-09-10,5,7561,2024-09-10,2025-05-20,142,0,0,0,0
2024-10-15,validation,PF_0024365_01,PF_0024365|7561|2024-09-10,6,7561,2024-09-10,2025-05-20,142,0,0,0,0
2024-10-15,validation,PF_0024365_01,PF_0024365|7561|2024-09-10,7,7561,2024-09-10,2025-05-20,142,0,0,0,0
2024-10-15,validation,PF_0024365_01,PF_0024365|7561|2024-09-10,8,7561,2024-09-10,2025-05-20,142,0,0,0,0
2024-10-15,validation,PF_0024365_01,PF_0024365|7561|2024-09-10,9,7561,2024-09-10,2025-05-20,142,0,0,0,0
2024-10-15,train,PF_0024688_01,PF_0024688|7558|2024-09-01,1,7558,2024-09-01,2025-06-30,160,0,0,0,0
2024-10-15,train,PF_0024688_01,PF_0024688|7558|2024-09-01,2,7558,2024-09-01,2025-06-30,160,0,0,0,0
2024-10-15,train,PF_0024688_01,PF_0024688|7558|2024-09-01,3,7558,2024-09-01,2025-06-30,160,0,0,0,0
2024-10-15,train,PF_0024688_01,PF_0024688|7558|2024-09-01,4,7558,2024-09-01,2025-06-30,160,0,0,0,0
2024-10-15,train,PF_0024688_01,PF_0024688|7558|2024-09-01,5,7558,2024-09-01,2025-06-30,160,0,0,0,0
2024-10-15,train,PF_0024688_01,PF_0024688|7558|2024-09-01,6,7558,2024-09-01,2025-06-30,160,0,0,0,0
2024-10-15,train,PF_0024688_01,PF_0024688|7558|2024-09-01,7,7558,2024-09-01,2025-06-30,160,0,0,0,0
2024-10-15,train,PF_0024688_01,PF_0024688|7558|2024-09-01,8,7558,2024-09-01,2025-06-30,160,0,0,0,0
2024-10-15,train,PF_0024688_01,PF_0024688|7558|2024-09-01,9,7558,2024-09-01,2025-06-30,160,0,0,0,0
2024-10-15,test,PF_0024700_01,PF_0024700|7546|2024-09-10,1,7546,2024-09-10,2025-05-31,181,0,0,0,0
2024-10-15,test,PF_0024700_01,PF_0024700|7546|2024-09-10,2,7546,2024-09-10,2025-05-31,181,0,0,0,0
2024-10-15,test,PF_0024700_01,PF_0024700|7546|2024-09-10,3,7546,2024-09-10,2025-05-31,181,0,0,0,0
2024-10-15,test,PF_0024700_01,PF_0024700|7546|2024-09-10,4,7546,2024-09-10,2025-05-31,181,0,0,0,0
2024-10-15,test,PF_0024700_01,PF_0024700|7546|2024-09-10,5,7546,2024-09-10,2025-05-31,181,0,0,0,0
2024-10-15,test,PF_0024700_01,PF_0024700|7546|2024-09-10,6,7546,2024-09-10,2025-05-31,181,0,0,0,0
2024-10-15,test,PF_0024700_01,PF_0024700|7546|2024-09-10,7,7546,2024-09-10,2025-05-31,181,0,0,0,0
2024-10-15,test,PF_0024700_01,PF_0024700|7546|2024-09-10,8,7546,2024-09-10,2025-05-31,181,0,0,0,0
2024-10-15,test,PF_0024700_01,PF_0024700|7546|2024-09-10,9,7546,2024-09-10,2025-05-31,181,0,0,0,0
2024-10-15,train,PF_0025103_01,PF_0025103|7521|2024-09-15,1,7521,2024-09-15,2025-06-10,196,0,0,0,0
2024-10-15,train,PF_0025103_01,PF_0025103|7521|2024-09-15,2,7521,2024-09-15,2025-06-10,196,0,0,0,0
2024-10-15,train,PF_0025103_01,PF_0025103|7521|2024-09-15,3,7521,2024-09-15,2025-06-10,196,0,0,0,0
2024-10-15,train,PF_0025103_01,PF_0025103|7521|2024-09-15,4,7521,2024-09-15,2025-06-10,196,0,0,0,0
2024-10-15,train,PF_0025103_01,PF_0025103|7521|2024-09-15,5,7521,2024-09-15,2025-06-10,196,0,0,0,0
2024-10-15,train,PF_0025103_01,PF_0025103|7521|2024-09-15,6,7521,2024-09-15,2025-06-10,196,0,0,0,0
2024-10-15,train,PF_0025103_01,PF_0025103|7521|2024-09-15,7,7521,2024-09-15,2025-06-10,196,0,0,0,0
2024-10-15,train,PF_0025103_01,PF_0025103|7521|2024-09-15,8,7521,2024-09-15,2025-06-10,196,0,0,0,0
2024-10-15,train,PF_0025103_01,PF_0025103|7521|2024-09-15,9,7521,2024-09-15,2025-06-10,196,0,0,0,0
2024-10-16,test,PF_0023732_01,PF_0023732|7564|2024-08-31,1,7564,2024-08-31,2025-06-15,126,0,0,0,0
2024-10-16,test,PF_0023732_01,PF_0023732|7564|2024-08-31,2,7564,2024-08-31,2025-06-15,126,0,0,0,0
2024-10-16,test,PF_0023732_01,PF_0023732|7564|2024-08-31,3,7564,2024-08-31,2025-06-15,126,0,0,0,0
2024-10-16,test,PF_0023732_01,PF_0023732|7564|2024-08-31,4,7564,2024-08-31,2025-06-15,126,0,0,0,0
2024-10-16,test,PF_0023732_01,PF_0023732|7564|2024-08-31,5,7564,2024-08-31,2025-06-15,126,0,0,0,0
2024-10-16,test,PF_0023732_01,PF_0023732|7564|2024-08-31,6,7564,2024-08-31,2025-06-15,126,1,0,0,1
2024-10-16,test,PF_0023732_01,PF_0023732|7564|2024-08-31,7,7564,2024-08-31,2025-06-15,126,0,0,0,0
2024-10-16,test,PF_0023732_01,PF_0023732|7564|2024-08-31,8,7564,2024-08-31,2025-06-15,126,0,0,0,0
2024-10-16,test,PF_0023732_01,PF_0023732|7564|2024-08-31,9,7564,2024-08-31,2025-06-15,126,0,0,0,0
2024-10-21,train,PF_0000574_01,PF_0000574|7579|2024-09-01,1,7579,2024-09-01,2025-06-30,13,0,0,0,0
2024-10-21,train,PF_0000574_01,PF_0000574|7579|2024-09-01,2,7579,2024-09-01,2025-06-30,13,0,0,0,0
2024-10-21,train,PF_0000574_01,PF_0000574|7579|2024-09-01,3,7579,2024-09-01,2025-06-30,13,0,0,0,0
2024-10-21,train,PF_0000574_01,PF_0000574|7579|2024-09-01,4,7579,2024-09-01,2025-06-30,13,0,0,0,0
2024-10-21,train,PF_0000574_01,PF_0000574|7579|2024-09-01,5,7579,2024-09-01,2025-06-30,13,0,0,0,0
2024-10-21,train,PF_0000574_01,PF_0000574|7579|2024-09-01,6,7579,2024-09-01,2025-06-30,13,0,0,0,0
2024-10-21,train,PF_0000574_01,PF_0000574|7579|2024-09-01,7,7579,2024-09-01,2025-06-30,13,0,0,0,0
2024-10-21,train,PF_0000574_01,PF_0000574|7579|2024-09-01,8,7579,2024-09-01,2025-06-30,13,0,0,0,0
2024-10-21,train,PF_0000574_01,PF_0000574|7579|2024-09-01,9,7579,2024-09-01,2025-06-30,13,0,0,0,0
2024-10-21,validation,PF_0000778_01,PF_0000778|7578|2024-09-15,1,7578,2024-09-15,2025-06-30,20,0,0,0,0
2024-10-21,validation,PF_0000778_01,PF_0000778|7578|2024-09-15,2,7578,2024-09-15,2025-06-30,20,0,0,0,0
2024-10-21,validation,PF_0000778_01,PF_0000778|7578|2024-09-15,3,7578,2024-09-15,2025-06-30,20,0,0,0,0
2024-10-21,validation,PF_0000778_01,PF_0000778|7578|2024-09-15,4,7578,2024-09-15,2025-06-30,20,0,0,0,0
2024-10-21,validation,PF_0000778_01,PF_0000778|7578|2024-09-15,5,7578,2024-09-15,2025-06-30,20,0,0,0,0
2024-10-21,validation,PF_0000778_01,PF_0000778|7578|2024-09-15,6,7578,2024-09-15,2025-06-30,20,0,0,0,0
2024-10-21,validation,PF_0000778_01,PF_0000778|7578|2024-09-15,7,7578,2024-09-15,2025-06-30,20,0,0,0,0
2024-10-21,validation,PF_0000778_01,PF_0000778|7578|2024-09-15,8,7578,2024-09-15,2025-06-30,20,0,0,0,0
2024-10-21,validation,PF_0000778_01,PF_0000778|7578|2024-09-15,9,7578,2024-09-15,2025-06-30,20,0,0,0,0
2024-10-21,train,PF_0002037_01,PF_0002037|7532|2024-09-20,1,7532,2024-09-20,2025-05-31,41,0,0,0,0
2024-10-21,train,PF_0002037_01,PF_0002037|7532|2024-09-20,2,7532,2024-09-20,2025-05-31,41,0,0,0,0
2024-10-21,train,PF_0002037_01,PF_0002037|7532|2024-09-20,3,7532,2024-09-20,2025-05-31,41,0,0,0,0
2024-10-21,train,PF_0002037_01,PF_0002037|7532|2024-09-20,4,7532,2024-09-20,2025-05-31,41,0,0,0,0
2024-10-21,train,PF_0002037_01,PF_0002037|7532|2024-09-20,5,7532,2024-09-20,2025-05-31,41,0,0,0,0
2024-10-21,train,PF_0002037_01,PF_0002037|7532|2024-09-20,6,7532,2024-09-20,2025-05-31,41,0,0,0,0
2024-10-21,train,PF_0002037_01,PF_0002037|7532|2024-09-20,7,7532,2024-09-20,2025-05-31,41,0,0,0,0
2024-10-21,train,PF_0002037_01,PF_0002037|7532|2024-09-20,8,7532,2024-09-20,2025-05-31,41,0,0,0,0
2024-10-21,train,PF_0002037_01,PF_0002037|7532|2024-09-20,9,7532,2024-09-20,2025-05-31,41,0,0,0,0
2024-10-21,train,PF_0021351_01,PF_0021351|7540|2024-09-07,1,7540,2024-09-07,2025-05-25,104,0,0,0,0
2024-10-21,train,PF_0021351_01,PF_0021351|7540|2024-09-07,2,7540,2024-09-07,2025-05-25,104,0,0,0,0
2024-10-21,train,PF_0021351_01,PF_0021351|7540|2024-09-07,3,7540,2024-09-07,2025-05-25,104,0,0,0,0
2024-10-21,train,PF_0021351_01,PF_0021351|7540|2024-09-07,4,7540,2024-09-07,2025-05-25,104,0,0,0,0
2024-10-21,train,PF_0021351_01,PF_0021351|7540|2024-09-07,5,7540,2024-09-07,2025-05-25,104,0,0,0,0
2024-10-21,train,PF_0021351_01,PF_0021351|7540|2024-09-07,6,7540,2024-09-07,2025-05-25,104,0,0,0,0
2024-10-21,train,PF_0021351_01,PF_0021351|7540|2024-09-07,7,7540,2024-09-07,2025-05-25,104,1,0,0,1
2024-10-21,train,PF_0021351_01,PF_0021351|7540|2024-09-07,8,7540,2024-09-07,2025-05-25,104,0,0,0,0
2024-10-21,train,PF_0021351_01,PF_0021351|7540|2024-09-07,9,7540,2024-09-07,2025-05-25,104,0,0,0,0
2024-10-21,train,PF_0022105_01,PF_0022105|7566|2024-09-01,1,7566,2024-09-01,2025-05-31,115,0,0,0,0
2024-10-21,train,PF_0022105_01,PF_0022105|7566|2024-09-01,2,7566,2024-09-01,2025-05-31,115,0,0,0,0
2024-10-21,train,PF_0022105_01,PF_0022105|7566|2024-09-01,3,7566,2024-09-01,2025-05-31,115,0,0,0,0
2024-10-21,train,PF_0022105_01,PF_0022105|7566|2024-09-01,4,7566,2024-09-01,2025-05-31,115,0,0,0,0
2024-10-21,train,PF_0022105_01,PF_0022105|7566|2024-09-01,5,7566,2024-09-01,2025-05-31,115,0,0,0,0
2024-10-21,train,PF_0022105_01,PF_0022105|7566|2024-09-01,6,7566,2024-09-01,2025-05-31,115,0,0,0,0
2024-10-21,train,PF_0022105_01,PF_0022105|7566|2024-09-01,7,7566,2024-09-01,2025-05-31,115,0,0,0,0
2024-10-21,train,PF_0022105_01,PF_0022105|7566|2024-09-01,8,7566,2024-09-01,2025-05-31,115,0,0,0,0
2024-10-21,train,PF_0022105_01,PF_0022105|7566|2024-09-01,9,7566,2024-09-01,2025-05-31,115,0,0,0,0
2024-10-21,train,PF_0024651_01,PF_0024651|7538|2024-09-15,1,7538,2024-09-15,2025-06-10,148,0,0,0,0
2024-10-21,train,PF_0024651_01,PF_0024651|7538|2024-09-15,2,7538,2024-09-15,2025-06-10,148,0,0,0,0
2024-10-21,train,PF_0024651_01,PF_0024651|7538|2024-09-15,3,7538,2024-09-15,2025-06-10,148,0,0,0,0
2024-10-21,train,PF_0024651_01,PF_0024651|7538|2024-09-15,4,7538,2024-09-15,2025-06-10,148,0,0,0,0
2024-10-21,train,PF_0024651_01,PF_0024651|7538|2024-09-15,5,7538,2024-09-15,2025-06-10,148,0,0,0,0
2024-10-21,train,PF_0024651_01,PF_0024651|7538|2024-09-15,6,7538,2024-09-15,2025-06-10,148,0,0,0,0
2024-10-21,train,PF_0024651_01,PF_0024651|7538|2024-09-15,7,7538,2024-09-15,2025-06-10,148,0,0,0,0
2024-10-21,train,PF_0024651_01,PF_0024651|7538|2024-09-15,8,7538,2024-09-15,2025-06-10,148,0,0,0,0
2024-10-21,train,PF_0024651_01,PF_0024651|7538|2024-09-15,9,7538,2024-09-15,2025-06-10,148,0,0,0,0
2024-10-21,train,PF_0024654_01,PF_0024654|7527|2024-09-15,1,7527,2024-09-15,2025-06-10,150,0,0,0,0
2024-10-21,train,PF_0024654_01,PF_0024654|7527|2024-09-15,2,7527,2024-09-15,2025-06-10,150,0,0,0,0
2024-10-21,train,PF_0024654_01,PF_0024654|7527|2024-09-15,3,7527,2024-09-15,2025-06-10,150,0,0,0,0
2024-10-21,train,PF_0024654_01,PF_0024654|7527|2024-09-15,4,7527,2024-09-15,2025-06-10,150,0,0,0,0
2024-10-21,train,PF_0024654_01,PF_0024654|7527|2024-09-15,5,7527,2024-09-15,2025-06-10,150,0,0,0,0
2024-10-21,train,PF_0024654_01,PF_0024654|7527|2024-09-15,6,7527,2024-09-15,2025-06-10,150,0,0,0,0
2024-10-21,train,PF_0024654_01,PF_0024654|7527|2024-09-15,7,7527,2024-09-15,2025-06-10,150,0,0,0,0
2024-10-21,train,PF_0024654_01,PF_0024654|7527|2024-09-15,8,7527,2024-09-15,2025-06-10,150,0,0,0,0
2024-10-21,train,PF_0024654_01,PF_0024654|7527|2024-09-15,9,7527,2024-09-15,2025-06-10,150,0,0,0,0
2024-10-21,train,PF_0025106_01,PF_0025106|7518|2024-09-17,1,7518,2024-09-17,2025-06-30,200,0,0,0,0
2024-10-21,train,PF_0025106_01,PF_0025106|7518|2024-09-17,2,7518,2024-09-17,2025-06-30,200,0,0,0,0
2024-10-21,train,PF_0025106_01,PF_0025106|7518|2024-09-17,3,7518,2024-09-17,2025-06-30,200,0,0,0,0
2024-10-21,train,PF_0025106_01,PF_0025106|7518|2024-09-17,4,7518,2024-09-17,2025-06-30,200,0,0,0,0
2024-10-21,train,PF_0025106_01,PF_0025106|7518|2024-09-17,5,7518,2024-09-17,2025-06-30,200,0,0,0,0
2024-10-21,train,PF_0025106_01,PF_0025106|7518|2024-09-17,6,7518,2024-09-17,2025-06-30,200,0,0,0,0
2024-10-21,train,PF_0025106_01,PF_0025106|7518|2024-09-17,7,7518,2024-09-17,2025-06-30,200,0,0,0,0
2024-10-21,train,PF_0025106_01,PF_0025106|7518|2024-09-17,8,7518,2024-09-17,2025-06-30,200,0,0,0,0
2024-10-21,train,PF_0025106_01,PF_0025106|7518|2024-09-17,9,7518,2024-09-17,2025-06-30,200,0,0,0,0
2024-10-22,test,PF_0023621_01,PF_0023621|7565|2024-09-15,1,7565,2024-09-15,2025-05-03,122,0,0,0,0
2024-10-22,test,PF_0023621_01,PF_0023621|7565|2024-09-15,2,7565,2024-09-15,2025-05-03,122,0,0,0,0
2024-10-22,test,PF_0023621_01,PF_0023621|7565|2024-09-15,3,7565,2024-09-15,2025-05-03,122,0,0,0,0
2024-10-22,test,PF_0023621_01,PF_0023621|7565|2024-09-15,4,7565,2024-09-15,2025-05-03,122,0,0,0,0
2024-10-22,test,PF_0023621_01,PF_0023621|7565|2024-09-15,5,7565,2024-09-15,2025-05-03,122,0,0,0,0
2024-10-22,test,PF_0023621_01,PF_0023621|7565|2024-09-15,6,7565,2024-09-15,2025-05-03,122,0,0,0,0
2024-10-22,test,PF_0023621_01,PF_0023621|7565|2024-09-15,7,7565,2024-09-15,2025-05-03,122,0,0,0,0
2024-10-22,test,PF_0023621_01,PF_0023621|7565|2024-09-15,8,7565,2024-09-15,2025-05-03,122,0,0,0,0
2024-10-22,test,PF_0023621_01,PF_0023621|7565|2024-09-15,9,7565,2024-09-15,2025-05-03,122,0,0,0,0
2024-10-22,test,PF_0023732_01,PF_0023732|7564|2024-08-31,1,7564,2024-08-31,2025-06-15,126,0,0,0,0
2024-10-22,test,PF_0023732_01,PF_0023732|7564|2024-08-31,2,7564,2024-08-31,2025-06-15,126,0,0,0,0
2024-10-22,test,PF_0023732_01,PF_0023732|7564|2024-08-31,3,7564,2024-08-31,2025-06-15,126,0,0,0,0
2024-10-22,test,PF_0023732_01,PF_0023732|7564|2024-08-31,4,7564,2024-08-31,2025-06-15,126,0,0,0,0
2024-10-22,test,PF_0023732_01,PF_0023732|7564|2024-08-31,5,7564,2024-08-31,2025-06-15,126,0,0,0,0
2024-10-22,test,PF_0023732_01,PF_0023732|7564|2024-08-31,6,7564,2024-08-31,2025-06-15,126,2,0,0,2
2024-10-22,test,PF_0023732_01,PF_0023732|7564|2024-08-31,7,7564,2024-08-31,2025-06-15,126,0,0,0,0
2024-10-22,test,PF_0023732_01,PF_0023732|7564|2024-08-31,8,7564,2024-08-31,2025-06-15,126,0,0,0,0
2024-10-22,test,PF_0023732_01,PF_0023732|7564|2024-08-31,9,7564,2024-08-31,2025-06-15,126,0,0,0,0
2024-10-22,train,PF_0023743_01,PF_0023743|7559|2024-09-10,1,7559,2024-09-10,2025-05-31,129,0,0,0,0
2024-10-22,train,PF_0023743_01,PF_0023743|7559|2024-09-10,2,7559,2024-09-10,2025-05-31,129,0,0,0,0
2024-10-22,train,PF_0023743_01,PF_0023743|7559|2024-09-10,3,7559,2024-09-10,2025-05-31,129,0,0,0,0
2024-10-22,train,PF_0023743_01,PF_0023743|7559|2024-09-10,4,7559,2024-09-10,2025-05-31,129,0,0,0,0
2024-10-22,train,PF_0023743_01,PF_0023743|7559|2024-09-10,5,7559,2024-09-10,2025-05-31,129,0,0,0,0
2024-10-22,train,PF_0023743_01,PF_0023743|7559|2024-09-10,6,7559,2024-09-10,2025-05-31,129,0,0,0,0
2024-10-22,train,PF_0023743_01,PF_0023743|7559|2024-09-10,7,7559,2024-09-10,2025-05-31,129,0,0,0,0
2024-10-22,train,PF_0023743_01,PF_0023743|7559|2024-09-10,8,7559,2024-09-10,2025-05-31,129,0,0,0,0
2024-10-22,train,PF_0023743_01,PF_0023743|7559|2024-09-10,9,7559,2024-09-10,2025-05-31,129,0,0,0,0
2024-10-22,validation,PF_0023923_01,PF_0023923|7562|2024-08-31,1,7562,2024-08-31,2025-06-15,132,0,0,0,0
2024-10-22,validation,PF_0023923_01,PF_0023923|7562|2024-08-31,2,7562,2024-08-31,2025-06-15,132,0,0,0,0
2024-10-22,validation,PF_0023923_01,PF_0023923|7562|2024-08-31,3,7562,2024-08-31,2025-06-15,132,0,0,0,0
2024-10-22,validation,PF_0023923_01,PF_0023923|7562|2024-08-31,4,7562,2024-08-31,2025-06-15,132,0,0,0,0
2024-10-22,validation,PF_0023923_01,PF_0023923|7562|2024-08-31,5,7562,2024-08-31,2025-06-15,132,0,0,0,0
2024-10-22,validation,PF_0023923_01,PF_0023923|7562|2024-08-31,6,7562,2024-08-31,2025-06-15,132,0,0,0,0
2024-10-22,validation,PF_0023923_01,PF_0023923|7562|2024-08-31,7,7562,2024-08-31,2025-06-15,132,0,0,0,0
2024-10-22,validation,PF_0023923_01,PF_0023923|7562|2024-08-31,8,7562,2024-08-31,2025-06-15,132,0,0,0,0
2024-10-22,validation,PF_0023923_01,PF_0023923|7562|2024-08-31,9,7562,2024-08-31,2025-06-15,132,0,0,0,0
2024-10-22,train,PF_0024357_01,PF_0024357|7560|2024-09-09,1,7560,2024-09-09,2025-05-31,139,0,0,0,0
2024-10-22,train,PF_0024357_01,PF_0024357|7560|2024-09-09,2,7560,2024-09-09,2025-05-31,139,0,0,0,0
2024-10-22,train,PF_0024357_01,PF_0024357|7560|2024-09-09,3,7560,2024-09-09,2025-05-31,139,0,0,0,0
2024-10-22,train,PF_0024357_01,PF_0024357|7560|2024-09-09,4,7560,2024-09-09,2025-05-31,139,0,0,0,0
2024-10-22,train,PF_0024357_01,PF_0024357|7560|2024-09-09,5,7560,2024-09-09,2025-05-31,139,0,0,0,0
2024-10-22,train,PF_0024357_01,PF_0024357|7560|2024-09-09,6,7560,2024-09-09,2025-05-31,139,0,0,0,0
2024-10-22,train,PF_0024357_01,PF_0024357|7560|2024-09-09,7,7560,2024-09-09,2025-05-31,139,0,0,0,0
2024-10-22,train,PF_0024357_01,PF_0024357|7560|2024-09-09,8,7560,2024-09-09,2025-05-31,139,0,0,0,0
2024-10-22,train,PF_0024357_01,PF_0024357|7560|2024-09-09,9,7560,2024-09-09,2025-05-31,139,0,0,0,0
2024-10-22,validation,PF_0024365_01,PF_0024365|7561|2024-09-10,1,7561,2024-09-10,2025-05-20,142,0,0,0,0
2024-10-22,validation,PF_0024365_01,PF_0024365|7561|2024-09-10,2,7561,2024-09-10,2025-05-20,142,0,0,0,0
2024-10-22,validation,PF_0024365_01,PF_0024365|7561|2024-09-10,3,7561,2024-09-10,2025-05-20,142,0,0,0,0
2024-10-22,validation,PF_0024365_01,PF_0024365|7561|2024-09-10,4,7561,2024-09-10,2025-05-20,142,0,0,0,0
2024-10-22,validation,PF_0024365_01,PF_0024365|7561|2024-09-10,5,7561,2024-09-10,2025-05-20,142,0,0,0,0
2024-10-22,validation,PF_0024365_01,PF_0024365|7561|2024-09-10,6,7561,2024-09-10,2025-05-20,142,0,0,0,0
2024-10-22,validation,PF_0024365_01,PF_0024365|7561|2024-09-10,7,7561,2024-09-10,2025-05-20,142,0,0,0,0
2024-10-22,validation,PF_0024365_01,PF_0024365|7561|2024-09-10,8,7561,2024-09-10,2025-05-20,142,0,0,0,0
2024-10-22,validation,PF_0024365_01,PF_0024365|7561|2024-09-10,9,7561,2024-09-10,2025-05-20,142,0,0,0,0
2024-10-22,train,PF_0024655_01,PF_0024655|7533|2024-09-15,1,7533,2024-09-15,2025-06-30,152,0,0,0,0
2024-10-22,train,PF_0024655_01,PF_0024655|7533|2024-09-15,2,7533,2024-09-15,2025-06-30,152,0,0,0,0
2024-10-22,train,PF_0024655_01,PF_0024655|7533|2024-09-15,3,7533,2024-09-15,2025-06-30,152,0,0,0,0
2024-10-22,train,PF_0024655_01,PF_0024655|7533|2024-09-15,4,7533,2024-09-15,2025-06-30,152,0,0,0,0
2024-10-22,train,PF_0024655_01,PF_0024655|7533|2024-09-15,5,7533,2024-09-15,2025-06-30,152,0,0,0,0
2024-10-22,train,PF_0024655_01,PF_0024655|7533|2024-09-15,6,7533,2024-09-15,2025-06-30,152,0,0,0,0
2024-10-22,train,PF_0024655_01,PF_0024655|7533|2024-09-15,7,7533,2024-09-15,2025-06-30,152,0,0,0,0
2024-10-22,train,PF_0024655_01,PF_0024655|7533|2024-09-15,8,7533,2024-09-15,2025-06-30,152,0,0,0,0
2024-10-22,train,PF_0024655_01,PF_0024655|7533|2024-09-15,9,7533,2024-09-15,2025-06-30,152,0,0,0,0
2024-10-22,train,PF_0024688_01,PF_0024688|7558|2024-09-01,1,7558,2024-09-01,2025-06-30,160,0,0,0,0
2024-10-22,train,PF_0024688_01,PF_0024688|7558|2024-09-01,2,7558,2024-09-01,2025-06-30,160,0,0,0,0
2024-10-22,train,PF_0024688_01,PF_0024688|7558|2024-09-01,3,7558,2024-09-01,2025-06-30,160,0,0,0,0
2024-10-22,train,PF_0024688_01,PF_0024688|7558|2024-09-01,4,7558,2024-09-01,2025-06-30,160,0,0,0,0
2024-10-22,train,PF_0024688_01,PF_0024688|7558|2024-09-01,5,7558,2024-09-01,2025-06-30,160,0,0,0,0
2024-10-22,train,PF_0024688_01,PF_0024688|7558|2024-09-01,6,7558,2024-09-01,2025-06-30,160,0,0,0,0
2024-10-22,train,PF_0024688_01,PF_0024688|7558|2024-09-01,7,7558,2024-09-01,2025-06-30,160,0,0,0,0
2024-10-22,train,PF_0024688_01,PF_0024688|7558|2024-09-01,8,7558,2024-09-01,2025-06-30,160,0,0,0,0
2024-10-22,train,PF_0024688_01,PF_0024688|7558|2024-09-01,9,7558,2024-09-01,2025-06-30,160,0,0,0,0
2024-10-22,test,PF_0024700_01,PF_0024700|7546|2024-09-10,1,7546,2024-09-10,2025-05-31,181,0,0,0,0
2024-10-22,test,PF_0024700_01,PF_0024700|7546|2024-09-10,2,7546,2024-09-10,2025-05-31,181,0,0,0,0
2024-10-22,test,PF_0024700_01,PF_0024700|7546|2024-09-10,3,7546,2024-09-10,2025-05-31,181,0,0,0,0
2024-10-22,test,PF_0024700_01,PF_0024700|7546|2024-09-10,4,7546,2024-09-10,2025-05-31,181,0,0,0,0
2024-10-22,test,PF_0024700_01,PF_0024700|7546|2024-09-10,5,7546,2024-09-10,2025-05-31,181,0,0,0,0
2024-10-22,test,PF_0024700_01,PF_0024700|7546|2024-09-10,6,7546,2024-09-10,2025-05-31,181,0,0,0,0
2024-10-22,test,PF_0024700_01,PF_0024700|7546|2024-09-10,7,7546,2024-09-10,2025-05-31,181,0,0,0,0
2024-10-22,test,PF_0024700_01,PF_0024700|7546|2024-09-10,8,7546,2024-09-10,2025-05-31,181,0,0,0,0
2024-10-22,test,PF_0024700_01,PF_0024700|7546|2024-09-10,9,7546,2024-09-10,2025-05-31,181,0,0,0,0
2024-10-22,train,PF_0025103_01,PF_0025103|7521|2024-09-15,1,7521,2024-09-15,2025-06-10,196,0,0,0,0
2024-10-22,train,PF_0025103_01,PF_0025103|7521|2024-09-15,2,7521,2024-09-15,2025-06-10,196,0,0,0,0
2024-10-22,train,PF_0025103_01,PF_0025103|7521|2024-09-15,3,7521,2024-09-15,2025-06-10,196,0,0,0,0
2024-10-22,train,PF_0025103_01,PF_0025103|7521|2024-09-15,4,7521,2024-09-15,2025-06-10,196,0,0,0,0
2024-10-22,train,PF_0025103_01,PF_0025103|7521|2024-09-15,5,7521,2024-09-15,2025-06-10,196,0,0,0,0
2024-10-22,train,PF_0025103_01,PF_0025103|7521|2024-09-15,6,7521,2024-09-15,2025-06-10,196,0,0,0,0
2024-10-22,train,PF_0025103_01,PF_0025103|7521|2024-09-15,7,7521,2024-09-15,2025-06-10,196,0,0,0,0
2024-10-22,train,PF_0025103_01,PF_0025103|7521|2024-09-15,8,7521,2024-09-15,2025-06-10,196,0,0,0,0
2024-10-22,train,PF_0025103_01,PF_0025103|7521|2024-09-15,9,7521,2024-09-15,2025-06-10,196,0,0,0,0
2024-10-28,train,PF_0000574_01,PF_0000574|7579|2024-09-01,1,7579,2024-09-01,2025-06-30,13,0,0,0,0
2024-10-28,train,PF_0000574_01,PF_0000574|7579|2024-09-01,2,7579,2024-09-01,2025-06-30,13,0,0,0,0
2024-10-28,train,PF_0000574_01,PF_0000574|7579|2024-09-01,3,7579,2024-09-01,2025-06-30,13,0,0,0,0
2024-10-28,train,PF_0000574_01,PF_0000574|7579|2024-09-01,4,7579,2024-09-01,2025-06-30,13,0,0,0,0
2024-10-28,train,PF_0000574_01,PF_0000574|7579|2024-09-01,5,7579,2024-09-01,2025-06-30,13,0,0,0,0
2024-10-28,train,PF_0000574_01,PF_0000574|7579|2024-09-01,6,7579,2024-09-01,2025-06-30,13,0,0,0,0
2024-10-28,train,PF_0000574_01,PF_0000574|7579|2024-09-01,7,7579,2024-09-01,2025-06-30,13,0,0,0,0
2024-10-28,train,PF_0000574_01,PF_0000574|7579|2024-09-01,8,7579,2024-09-01,2025-06-30,13,0,0,0,0
2024-10-28,train,PF_0000574_01,PF_0000574|7579|2024-09-01,9,7579,2024-09-01,2025-06-30,13,0,0,0,0
2024-10-28,validation,PF_0000778_01,PF_0000778|7578|2024-09-15,1,7578,2024-09-15,2025-06-30,20,0,0,0,0
2024-10-28,validation,PF_0000778_01,PF_0000778|7578|2024-09-15,2,7578,2024-09-15,2025-06-30,20,0,0,0,0
2024-10-28,validation,PF_0000778_01,PF_0000778|7578|2024-09-15,3,7578,2024-09-15,2025-06-30,20,0,0,0,0
2024-10-28,validation,PF_0000778_01,PF_0000778|7578|2024-09-15,4,7578,2024-09-15,2025-06-30,20,0,0,0,0
2024-10-28,validation,PF_0000778_01,PF_0000778|7578|2024-09-15,5,7578,2024-09-15,2025-06-30,20,0,0,0,0
2024-10-28,validation,PF_0000778_01,PF_0000778|7578|2024-09-15,6,7578,2024-09-15,2025-06-30,20,0,0,0,0
2024-10-28,validation,PF_0000778_01,PF_0000778|7578|2024-09-15,7,7578,2024-09-15,2025-06-30,20,0,0,0,0
2024-10-28,validation,PF_0000778_01,PF_0000778|7578|2024-09-15,8,7578,2024-09-15,2025-06-30,20,0,0,0,0
2024-10-28,validation,PF_0000778_01,PF_0000778|7578|2024-09-15,9,7578,2024-09-15,2025-06-30,20,0,0,0,0
2024-10-28,train,PF_0002037_01,PF_0002037|7532|2024-09-20,1,7532,2024-09-20,2025-05-31,41,0,0,0,0
2024-10-28,train,PF_0002037_01,PF_0002037|7532|2024-09-20,2,7532,2024-09-20,2025-05-31,41,0,0,0,0
2024-10-28,train,PF_0002037_01,PF_0002037|7532|2024-09-20,3,7532,2024-09-20,2025-05-31,41,0,0,0,0
2024-10-28,train,PF_0002037_01,PF_0002037|7532|2024-09-20,4,7532,2024-09-20,2025-05-31,41,0,0,0,0
2024-10-28,train,PF_0002037_01,PF_0002037|7532|2024-09-20,5,7532,2024-09-20,2025-05-31,41,0,0,0,0
2024-10-28,train,PF_0002037_01,PF_0002037|7532|2024-09-20,6,7532,2024-09-20,2025-05-31,41,0,0,0,0
2024-10-28,train,PF_0002037_01,PF_0002037|7532|2024-09-20,7,7532,2024-09-20,2025-05-31,41,0,0,0,0
2024-10-28,train,PF_0002037_01,PF_0002037|7532|2024-09-20,8,7532,2024-09-20,2025-05-31,41,0,0,0,0
2024-10-28,train,PF_0002037_01,PF_0002037|7532|2024-09-20,9,7532,2024-09-20,2025-05-31,41,0,0,0,0
2024-10-28,train,PF_0021351_01,PF_0021351|7540|2024-09-07,1,7540,2024-09-07,2025-05-25,104,1,0,0,1
2024-10-28,train,PF_0021351_01,PF_0021351|7540|2024-09-07,2,7540,2024-09-07,2025-05-25,104,0,0,0,0
2024-10-28,train,PF_0021351_01,PF_0021351|7540|2024-09-07,3,7540,2024-09-07,2025-05-25,104,0,0,0,0
2024-10-28,train,PF_0021351_01,PF_0021351|7540|2024-09-07,4,7540,2024-09-07,2025-05-25,104,0,0,0,0
2024-10-28,train,PF_0021351_01,PF_0021351|7540|2024-09-07,5,7540,2024-09-07,2025-05-25,104,0,0,0,0
2024-10-28,train,PF_0021351_01,PF_0021351|7540|2024-09-07,6,7540,2024-09-07,2025-05-25,104,0,0,0,0
2024-10-28,train,PF_0021351_01,PF_0021351|7540|2024-09-07,7,7540,2024-09-07,2025-05-25,104,2,1,0,3
2024-10-28,train,PF_0021351_01,PF_0021351|7540|2024-09-07,8,7540,2024-09-07,2025-05-25,104,1,0,0,1
2024-10-28,train,PF_0021351_01,PF_0021351|7540|2024-09-07,9,7540,2024-09-07,2025-05-25,104,1,0,0,1
2024-10-28,train,PF_0022105_01,PF_0022105|7566|2024-09-01,1,7566,2024-09-01,2025-05-31,115,0,0,0,0
2024-10-28,train,PF_0022105_01,PF_0022105|7566|2024-09-01,2,7566,2024-09-01,2025-05-31,115,0,0,0,0
2024-10-28,train,PF_0022105_01,PF_0022105|7566|2024-09-01,3,7566,2024-09-01,2025-05-31,115,0,0,0,0
2024-10-28,train,PF_0022105_01,PF_0022105|7566|2024-09-01,4,7566,2024-09-01,2025-05-31,115,0,0,0,0
2024-10-28,train,PF_0022105_01,PF_0022105|7566|2024-09-01,5,7566,2024-09-01,2025-05-31,115,0,0,0,0
2024-10-28,train,PF_0022105_01,PF_0022105|7566|2024-09-01,6,7566,2024-09-01,2025-05-31,115,0,0,0,0
2024-10-28,train,PF_0022105_01,PF_0022105|7566|2024-09-01,7,7566,2024-09-01,2025-05-31,115,0,0,0,0
2024-10-28,train,PF_0022105_01,PF_0022105|7566|2024-09-01,8,7566,2024-09-01,2025-05-31,115,0,0,0,0
2024-10-28,train,PF_0022105_01,PF_0022105|7566|2024-09-01,9,7566,2024-09-01,2025-05-31,115,0,0,0,0
2024-10-28,test,PF_0023732_01,PF_0023732|7564|2024-08-31,1,7564,2024-08-31,2025-06-15,126,0,0,0,0
2024-10-28,test,PF_0023732_01,PF_0023732|7564|2024-08-31,2,7564,2024-08-31,2025-06-15,126,0,0,0,0
2024-10-28,test,PF_0023732_01,PF_0023732|7564|2024-08-31,3,7564,2024-08-31,2025-06-15,126,0,0,0,0
2024-10-28,test,PF_0023732_01,PF_0023732|7564|2024-08-31,4,7564,2024-08-31,2025-06-15,126,0,0,0,0
2024-10-28,test,PF_0023732_01,PF_0023732|7564|2024-08-31,5,7564,2024-08-31,2025-06-15,126,0,0,0,0
2024-10-28,test,PF_0023732_01,PF_0023732|7564|2024-08-31,6,7564,2024-08-31,2025-06-15,126,5,0,0,5
2024-10-28,test,PF_0023732_01,PF_0023732|7564|2024-08-31,7,7564,2024-08-31,2025-06-15,126,0,0,0,0
2024-10-28,test,PF_0023732_01,PF_0023732|7564|2024-08-31,8,7564,2024-08-31,2025-06-15,126,1,0,0,1
2024-10-28,test,PF_0023732_01,PF_0023732|7564|2024-08-31,9,7564,2024-08-31,2025-06-15,126,0,0,0,0
2024-10-28,train,PF_0024654_01,PF_0024654|7527|2024-09-15,1,7527,2024-09-15,2025-06-10,150,0,0,0,0
2024-10-28,train,PF_0024654_01,PF_0024654|7527|2024-09-15,2,7527,2024-09-15,2025-06-10,150,0,0,0,0
2024-10-28,train,PF_0024654_01,PF_0024654|7527|2024-09-15,3,7527,2024-09-15,2025-06-10,150,0,0,0,0
2024-10-28,train,PF_0024654_01,PF_0024654|7527|2024-09-15,4,7527,2024-09-15,2025-06-10,150,0,0,0,0
2024-10-28,train,PF_0024654_01,PF_0024654|7527|2024-09-15,5,7527,2024-09-15,2025-06-10,150,0,0,0,0
2024-10-28,train,PF_0024654_01,PF_0024654|7527|2024-09-15,6,7527,2024-09-15,2025-06-10,150,0,0,0,0
2024-10-28,train,PF_0024654_01,PF_0024654|7527|2024-09-15,7,7527,2024-09-15,2025-06-10,150,0,0,0,0
2024-10-28,train,PF_0024654_01,PF_0024654|7527|2024-09-15,8,7527,2024-09-15,2025-06-10,150,0,0,0,0
2024-10-28,train,PF_0024654_01,PF_0024654|7527|2024-09-15,9,7527,2024-09-15,2025-06-10,150,0,0,0,0
2024-10-28,train,PF_0025103_01,PF_0025103|7521|2024-09-15,1,7521,2024-09-15,2025-06-10,196,0,0,0,0
2024-10-28,train,PF_0025103_01,PF_0025103|7521|2024-09-15,2,7521,2024-09-15,2025-06-10,196,0,0,0,0
2024-10-28,train,PF_0025103_01,PF_0025103|7521|2024-09-15,3,7521,2024-09-15,2025-06-10,196,0,0,0,0
2024-10-28,train,PF_0025103_01,PF_0025103|7521|2024-09-15,4,7521,2024-09-15,2025-06-10,196,0,0,0,0
2024-10-28,train,PF_0025103_01,PF_0025103|7521|2024-09-15,5,7521,2024-09-15,2025-06-10,196,0,0,0,0
2024-10-28,train,PF_0025103_01,PF_0025103|7521|2024-09-15,6,7521,2024-09-15,2025-06-10,196,0,0,0,0
2024-10-28,train,PF_0025103_01,PF_0025103|7521|2024-09-15,7,7521,2024-09-15,2025-06-10,196,0,0,0,0
2024-10-28,train,PF_0025103_01,PF_0025103|7521|2024-09-15,8,7521,2024-09-15,2025-06-10,196,0,0,0,0
2024-10-28,train,PF_0025103_01,PF_0025103|7521|2024-09-15,9,7521,2024-09-15,2025-06-10,196,0,0,0,0
2024-10-29,test,PF_0023621_01,PF_0023621|7565|2024-09-15,1,7565,2024-09-15,2025-05-03,122,0,0,0,0
2024-10-29,test,PF_0023621_01,PF_0023621|7565|2024-09-15,2,7565,2024-09-15,2025-05-03,122,0,0,0,0
2024-10-29,test,PF_0023621_01,PF_0023621|7565|2024-09-15,3,7565,2024-09-15,2025-05-03,122,0,0,0,0
2024-10-29,test,PF_0023621_01,PF_0023621|7565|2024-09-15,4,7565,2024-09-15,2025-05-03,122,0,0,0,0
2024-10-29,test,PF_0023621_01,PF_0023621|7565|2024-09-15,5,7565,2024-09-15,2025-05-03,122,0,0,0,0
2024-10-29,test,PF_0023621_01,PF_0023621|7565|2024-09-15,6,7565,2024-09-15,2025-05-03,122,0,0,0,0
2024-10-29,test,PF_0023621_01,PF_0023621|7565|2024-09-15,7,7565,2024-09-15,2025-05-03,122,0,0,0,0
2024-10-29,test,PF_0023621_01,PF_0023621|7565|2024-09-15,8,7565,2024-09-15,2025-05-03,122,0,0,0,0
2024-10-29,test,PF_0023621_01,PF_0023621|7565|2024-09-15,9,7565,2024-09-15,2025-05-03,122,0,0,0,0
2024-10-29,train,PF_0023743_01,PF_0023743|7559|2024-09-10,1,7559,2024-09-10,2025-05-31,129,1,0,0,1
2024-10-29,train,PF_0023743_01,PF_0023743|7559|2024-09-10,2,7559,2024-09-10,2025-05-31,129,1,0,0,1
2024-10-29,train,PF_0023743_01,PF_0023743|7559|2024-09-10,3,7559,2024-09-10,2025-05-31,129,0,0,0,0
2024-10-29,train,PF_0023743_01,PF_0023743|7559|2024-09-10,4,7559,2024-09-10,2025-05-31,129,1,0,0,1
2024-10-29,train,PF_0023743_01,PF_0023743|7559|2024-09-10,5,7559,2024-09-10,2025-05-31,129,1,0,0,1
2024-10-29,train,PF_0023743_01,PF_0023743|7559|2024-09-10,6,7559,2024-09-10,2025-05-31,129,1,0,0,1
2024-10-29,train,PF_0023743_01,PF_0023743|7559|2024-09-10,7,7559,2024-09-10,2025-05-31,129,1,0,0,1
2024-10-29,train,PF_0023743_01,PF_0023743|7559|2024-09-10,8,7559,2024-09-10,2025-05-31,129,0,0,0,0
2024-10-29,train,PF_0023743_01,PF_0023743|7559|2024-09-10,9,7559,2024-09-10,2025-05-31,129,0,0,0,0
2024-10-29,validation,PF_0023923_01,PF_0023923|7562|2024-08-31,1,7562,2024-08-31,2025-06-15,132,0,0,0,0
2024-10-29,validation,PF_0023923_01,PF_0023923|7562|2024-08-31,2,7562,2024-08-31,2025-06-15,132,0,0,0,0
2024-10-29,validation,PF_0023923_01,PF_0023923|7562|2024-08-31,3,7562,2024-08-31,2025-06-15,132,0,0,0,0
2024-10-29,validation,PF_0023923_01,PF_0023923|7562|2024-08-31,4,7562,2024-08-31,2025-06-15,132,0,0,0,0
2024-10-29,validation,PF_0023923_01,PF_0023923|7562|2024-08-31,5,7562,2024-08-31,2025-06-15,132,0,0,0,0
2024-10-29,validation,PF_0023923_01,PF_0023923|7562|2024-08-31,6,7562,2024-08-31,2025-06-15,132,0,0,0,0
2024-10-29,validation,PF_0023923_01,PF_0023923|7562|2024-08-31,7,7562,2024-08-31,2025-06-15,132,0,0,0,0
2024-10-29,validation,PF_0023923_01,PF_0023923|7562|2024-08-31,8,7562,2024-08-31,2025-06-15,132,0,0,0,0
2024-10-29,validation,PF_0023923_01,PF_0023923|7562|2024-08-31,9,7562,2024-08-31,2025-06-15,132,0,0,0,0
2024-10-29,train,PF_0024357_01,PF_0024357|7560|2024-09-09,1,7560,2024-09-09,2025-05-31,139,1,0,0,1
2024-10-29,train,PF_0024357_01,PF_0024357|7560|2024-09-09,2,7560,2024-09-09,2025-05-31,139,1,0,0,1
2024-10-29,train,PF_0024357_01,PF_0024357|7560|2024-09-09,3,7560,2024-09-09,2025-05-31,139,1,0,0,1
2024-10-29,train,PF_0024357_01,PF_0024357|7560|2024-09-09,4,7560,2024-09-09,2025-05-31,139,1,0,0,1
2024-10-29,train,PF_0024357_01,PF_0024357|7560|2024-09-09,5,7560,2024-09-09,2025-05-31,139,1,0,0,1
2024-10-29,train,PF_0024357_01,PF_0024357|7560|2024-09-09,6,7560,2024-09-09,2025-05-31,139,0,0,0,0
2024-10-29,train,PF_0024357_01,PF_0024357|7560|2024-09-09,7,7560,2024-09-09,2025-05-31,139,2,0,0,2
2024-10-29,train,PF_0024357_01,PF_0024357|7560|2024-09-09,8,7560,2024-09-09,2025-05-31,139,1,0,0,1
2024-10-29,train,PF_0024357_01,PF_0024357|7560|2024-09-09,9,7560,2024-09-09,2025-05-31,139,0,0,0,0
2024-10-29,validation,PF_0024365_01,PF_0024365|7561|2024-09-10,1,7561,2024-09-10,2025-05-20,142,2,0,0,2
2024-10-29,validation,PF_0024365_01,PF_0024365|7561|2024-09-10,2,7561,2024-09-10,2025-05-20,142,3,0,0,3
2024-10-29,validation,PF_0024365_01,PF_0024365|7561|2024-09-10,3,7561,2024-09-10,2025-05-20,142,0,0,0,0
2024-10-29,validation,PF_0024365_01,PF_0024365|7561|2024-09-10,4,7561,2024-09-10,2025-05-20,142,2,1,0,3
2024-10-29,validation,PF_0024365_01,PF_0024365|7561|2024-09-10,5,7561,2024-09-10,2025-05-20,142,1,0,0,1
2024-10-29,validation,PF_0024365_01,PF_0024365|7561|2024-09-10,6,7561,2024-09-10,2025-05-20,142,0,0,0,0
2024-10-29,validation,PF_0024365_01,PF_0024365|7561|2024-09-10,7,7561,2024-09-10,2025-05-20,142,0,0,0,0
2024-10-29,validation,PF_0024365_01,PF_0024365|7561|2024-09-10,8,7561,2024-09-10,2025-05-20,142,0,0,0,0
2024-10-29,validation,PF_0024365_01,PF_0024365|7561|2024-09-10,9,7561,2024-09-10,2025-05-20,142,0,0,0,0
2024-10-29,train,PF_0024651_01,PF_0024651|7538|2024-09-15,1,7538,2024-09-15,2025-06-10,148,0,0,0,0
2024-10-29,train,PF_0024651_01,PF_0024651|7538|2024-09-15,2,7538,2024-09-15,2025-06-10,148,0,0,0,0
2024-10-29,train,PF_0024651_01,PF_0024651|7538|2024-09-15,3,7538,2024-09-15,2025-06-10,148,0,0,0,0
2024-10-29,train,PF_0024651_01,PF_0024651|7538|2024-09-15,4,7538,2024-09-15,2025-06-10,148,0,0,0,0
2024-10-29,train,PF_0024651_01,PF_0024651|7538|2024-09-15,5,7538,2024-09-15,2025-06-10,148,0,0,0,0
2024-10-29,train,PF_0024651_01,PF_0024651|7538|2024-09-15,6,7538,2024-09-15,2025-06-10,148,0,0,0,0
2024-10-29,train,PF_0024651_01,PF_0024651|7538|2024-09-15,7,7538,2024-09-15,2025-06-10,148,0,0,0,0
2024-10-29,train,PF_0024651_01,PF_0024651|7538|2024-09-15,8,7538,2024-09-15,2025-06-10,148,0,0,0,0
2024-10-29,train,PF_0024651_01,PF_0024651|7538|2024-09-15,9,7538,2024-09-15,2025-06-10,148,0,0,0,0
2024-10-29,train,PF_0024655_01,PF_0024655|7533|2024-09-15,1,7533,2024-09-15,2025-06-30,152,0,0,0,0
2024-10-29,train,PF_0024655_01,PF_0024655|7533|2024-09-15,2,7533,2024-09-15,2025-06-30,152,0,0,0,0
2024-10-29,train,PF_0024655_01,PF_0024655|7533|2024-09-15,3,7533,2024-09-15,2025-06-30,152,0,0,0,0
2024-10-29,train,PF_0024655_01,PF_0024655|7533|2024-09-15,4,7533,2024-09-15,2025-06-30,152,0,0,0,0
2024-10-29,train,PF_0024655_01,PF_0024655|7533|2024-09-15,5,7533,2024-09-15,2025-06-30,152,0,0,0,0
2024-10-29,train,PF_0024655_01,PF_0024655|7533|2024-09-15,6,7533,2024-09-15,2025-06-30,152,0,0,0,0
2024-10-29,train,PF_0024655_01,PF_0024655|7533|2024-09-15,7,7533,2024-09-15,2025-06-30,152,0,0,0,0
2024-10-29,train,PF_0024655_01,PF_0024655|7533|2024-09-15,8,7533,2024-09-15,2025-06-30,152,0,0,0,0
2024-10-29,train,PF_0024655_01,PF_0024655|7533|2024-09-15,9,7533,2024-09-15,2025-06-30,152,0,0,0,0
2024-10-29,train,PF_0024688_01,PF_0024688|7558|2024-09-01,1,7558,2024-09-01,2025-06-30,160,0,0,0,0
2024-10-29,train,PF_0024688_01,PF_0024688|7558|2024-09-01,2,7558,2024-09-01,2025-06-30,160,0,0,0,0
2024-10-29,train,PF_0024688_01,PF_0024688|7558|2024-09-01,3,7558,2024-09-01,2025-06-30,160,0,0,0,0
2024-10-29,train,PF_0024688_01,PF_0024688|7558|2024-09-01,4,7558,2024-09-01,2025-06-30,160,0,0,0,0
2024-10-29,train,PF_0024688_01,PF_0024688|7558|2024-09-01,5,7558,2024-09-01,2025-06-30,160,0,0,0,0
2024-10-29,train,PF_0024688_01,PF_0024688|7558|2024-09-01,6,7558,2024-09-01,2025-06-30,160,0,0,0,0
2024-10-29,train,PF_0024688_01,PF_0024688|7558|2024-09-01,7,7558,2024-09-01,2025-06-30,160,0,0,0,0
2024-10-29,train,PF_0024688_01,PF_0024688|7558|2024-09-01,8,7558,2024-09-01,2025-06-30,160,0,0,0,0
2024-10-29,train,PF_0024688_01,PF_0024688|7558|2024-09-01,9,7558,2024-09-01,2025-06-30,160,0,0,0,0
2024-10-29,test,PF_0024700_01,PF_0024700|7546|2024-09-10,1,7546,2024-09-10,2025-05-31,181,0,0,0,0
2024-10-29,test,PF_0024700_01,PF_0024700|7546|2024-09-10,2,7546,2024-09-10,2025-05-31,181,0,0,0,0
2024-10-29,test,PF_0024700_01,PF_0024700|7546|2024-09-10,3,7546,2024-09-10,2025-05-31,181,0,0,0,0
2024-10-29,test,PF_0024700_01,PF_0024700|7546|2024-09-10,4,7546,2024-09-10,2025-05-31,181,0,0,0,0
2024-10-29,test,PF_0024700_01,PF_0024700|7546|2024-09-10,5,7546,2024-09-10,2025-05-31,181,0,0,0,0
2024-10-29,test,PF_0024700_01,PF_0024700|7546|2024-09-10,6,7546,2024-09-10,2025-05-31,181,0,0,0,0
2024-10-29,test,PF_0024700_01,PF_0024700|7546|2024-09-10,7,7546,2024-09-10,2025-05-31,181,0,0,0,0
2024-10-29,test,PF_0024700_01,PF_0024700|7546|2024-09-10,8,7546,2024-09-10,2025-05-31,181,0,0,0,0
2024-10-29,test,PF_0024700_01,PF_0024700|7546|2024-09-10,9,7546,2024-09-10,2025-05-31,181,0,0,0,0
2024-10-29,train,PF_0025106_01,PF_0025106|7518|2024-09-17,1,7518,2024-09-17,2025-06-30,200,0,0,0,0
2024-10-29,train,PF_0025106_01,PF_0025106|7518|2024-09-17,2,7518,2024-09-17,2025-06-30,200,0,0,0,0
2024-10-29,train,PF_0025106_01,PF_0025106|7518|2024-09-17,3,7518,2024-09-17,2025-06-30,200,0,0,0,0
2024-10-29,train,PF_0025106_01,PF_0025106|7518|2024-09-17,4,7518,2024-09-17,2025-06-30,200,0,0,0,0
2024-10-29,train,PF_0025106_01,PF_0025106|7518|2024-09-17,5,7518,2024-09-17,2025-06-30,200,0,0,0,0
2024-10-29,train,PF_0025106_01,PF_0025106|7518|2024-09-17,6,7518,2024-09-17,2025-06-30,200,0,0,0,0
2024-10-29,train,PF_0025106_01,PF_0025106|7518|2024-09-17,7,7518,2024-09-17,2025-06-30,200,0,0,0,0
2024-10-29,train,PF_0025106_01,PF_0025106|7518|2024-09-17,8,7518,2024-09-17,2025-06-30,200,0,0,0,0
2024-10-29,train,PF_0025106_01,PF_0025106|7518|2024-09-17,9,7518,2024-09-17,2025-06-30,200,0,0,0,0
2024-11-04,train,PF_0000574_01,PF_0000574|7579|2024-09-01,1,7579,2024-09-01,2025-06-30,13,0,0,0,0
2024-11-04,train,PF_0000574_01,PF_0000574|7579|2024-09-01,2,7579,2024-09-01,2025-06-30,13,0,0,0,0
2024-11-04,train,PF_0000574_01,PF_0000574|7579|2024-09-01,3,7579,2024-09-01,2025-06-30,13,0,0,0,0
2024-11-04,train,PF_0000574_01,PF_0000574|7579|2024-09-01,4,7579,2024-09-01,2025-06-30,13,0,0,0,0
2024-11-04,train,PF_0000574_01,PF_0000574|7579|2024-09-01,5,7579,2024-09-01,2025-06-30,13,0,0,0,0
2024-11-04,train,PF_0000574_01,PF_0000574|7579|2024-09-01,6,7579,2024-09-01,2025-06-30,13,0,0,0,0
2024-11-04,train,PF_0000574_01,PF_0000574|7579|2024-09-01,7,7579,2024-09-01,2025-06-30,13,0,0,0,0
2024-11-04,train,PF_0000574_01,PF_0000574|7579|2024-09-01,8,7579,2024-09-01,2025-06-30,13,0,0,0,0
2024-11-04,train,PF_0000574_01,PF_0000574|7579|2024-09-01,9,7579,2024-09-01,2025-06-30,13,0,0,0,0
2024-11-04,validation,PF_0000778_01,PF_0000778|7578|2024-09-15,1,7578,2024-09-15,2025-06-30,20,0,0,0,0
2024-11-04,validation,PF_0000778_01,PF_0000778|7578|2024-09-15,2,7578,2024-09-15,2025-06-30,20,0,0,0,0
2024-11-04,validation,PF_0000778_01,PF_0000778|7578|2024-09-15,3,7578,2024-09-15,2025-06-30,20,0,0,0,0
2024-11-04,validation,PF_0000778_01,PF_0000778|7578|2024-09-15,4,7578,2024-09-15,2025-06-30,20,0,0,0,0
2024-11-04,validation,PF_0000778_01,PF_0000778|7578|2024-09-15,5,7578,2024-09-15,2025-06-30,20,0,0,0,0
2024-11-04,validation,PF_0000778_01,PF_0000778|7578|2024-09-15,6,7578,2024-09-15,2025-06-30,20,0,0,0,0
2024-11-04,validation,PF_0000778_01,PF_0000778|7578|2024-09-15,7,7578,2024-09-15,2025-06-30,20,0,0,0,0
2024-11-04,validation,PF_0000778_01,PF_0000778|7578|2024-09-15,8,7578,2024-09-15,2025-06-30,20,0,0,0,0
2024-11-04,validation,PF_0000778_01,PF_0000778|7578|2024-09-15,9,7578,2024-09-15,2025-06-30,20,0,0,0,0
2024-11-04,train,PF_0024651_01,PF_0024651|7538|2024-09-15,1,7538,2024-09-15,2025-06-10,148,0,0,0,0
2024-11-04,train,PF_0024651_01,PF_0024651|7538|2024-09-15,2,7538,2024-09-15,2025-06-10,148,0,0,0,0
2024-11-04,train,PF_0024651_01,PF_0024651|7538|2024-09-15,3,7538,2024-09-15,2025-06-10,148,0,0,0,0
2024-11-04,train,PF_0024651_01,PF_0024651|7538|2024-09-15,4,7538,2024-09-15,2025-06-10,148,0,0,0,0
2024-11-04,train,PF_0024651_01,PF_0024651|7538|2024-09-15,5,7538,2024-09-15,2025-06-10,148,0,0,0,0
2024-11-04,train,PF_0024651_01,PF_0024651|7538|2024-09-15,6,7538,2024-09-15,2025-06-10,148,0,0,0,0
2024-11-04,train,PF_0024651_01,PF_0024651|7538|2024-09-15,7,7538,2024-09-15,2025-06-10,148,0,0,0,0
2024-11-04,train,PF_0024651_01,PF_0024651|7538|2024-09-15,8,7538,2024-09-15,2025-06-10,148,0,0,0,0
2024-11-04,train,PF_0024651_01,PF_0024651|7538|2024-09-15,9,7538,2024-09-15,2025-06-10,148,0,0,0,0
2024-11-04,train,PF_0024654_01,PF_0024654|7527|2024-09-15,1,7527,2024-09-15,2025-06-10,150,0,0,0,0
2024-11-04,train,PF_0024654_01,PF_0024654|7527|2024-09-15,2,7527,2024-09-15,2025-06-10,150,0,0,0,0
2024-11-04,train,PF_0024654_01,PF_0024654|7527|2024-09-15,3,7527,2024-09-15,2025-06-10,150,0,0,0,0
2024-11-04,train,PF_0024654_01,PF_0024654|7527|2024-09-15,4,7527,2024-09-15,2025-06-10,150,0,0,0,0
2024-11-04,train,PF_0024654_01,PF_0024654|7527|2024-09-15,5,7527,2024-09-15,2025-06-10,150,0,0,0,0
2024-11-04,train,PF_0024654_01,PF_0024654|7527|2024-09-15,6,7527,2024-09-15,2025-06-10,150,0,0,0,0
2024-11-04,train,PF_0024654_01,PF_0024654|7527|2024-09-15,7,7527,2024-09-15,2025-06-10,150,0,0,0,0
2024-11-04,train,PF_0024654_01,PF_0024654|7527|2024-09-15,8,7527,2024-09-15,2025-06-10,150,0,0,0,0
2024-11-04,train,PF_0024654_01,PF_0024654|7527|2024-09-15,9,7527,2024-09-15,2025-06-10,150,0,0,0,0
2024-11-04,train,PF_0024655_01,PF_0024655|7533|2024-09-15,1,7533,2024-09-15,2025-06-30,152,0,0,0,0
2024-11-04,train,PF_0024655_01,PF_0024655|7533|2024-09-15,2,7533,2024-09-15,2025-06-30,152,0,0,0,0
2024-11-04,train,PF_0024655_01,PF_0024655|7533|2024-09-15,3,7533,2024-09-15,2025-06-30,152,0,0,0,0
2024-11-04,train,PF_0024655_01,PF_0024655|7533|2024-09-15,4,7533,2024-09-15,2025-06-30,152,0,0,0,0
2024-11-04,train,PF_0024655_01,PF_0024655|7533|2024-09-15,5,7533,2024-09-15,2025-06-30,152,0,0,0,0
2024-11-04,train,PF_0024655_01,PF_0024655|7533|2024-09-15,6,7533,2024-09-15,2025-06-30,152,0,0,0,0
2024-11-04,train,PF_0024655_01,PF_0024655|7533|2024-09-15,7,7533,2024-09-15,2025-06-30,152,0,0,0,0
2024-11-04,train,PF_0024655_01,PF_0024655|7533|2024-09-15,8,7533,2024-09-15,2025-06-30,152,0,0,0,0
2024-11-04,train,PF_0024655_01,PF_0024655|7533|2024-09-15,9,7533,2024-09-15,2025-06-30,152,0,0,0,0
2024-11-05,test,PF_0023621_01,PF_0023621|7565|2024-09-15,1,7565,2024-09-15,2025-05-03,122,0,0,0,0
2024-11-05,test,PF_0023621_01,PF_0023621|7565|2024-09-15,2,7565,2024-09-15,2025-05-03,122,0,0,0,0
2024-11-05,test,PF_0023621_01,PF_0023621|7565|2024-09-15,3,7565,2024-09-15,2025-05-03,122,0,0,0,0
2024-11-05,test,PF_0023621_01,PF_0023621|7565|2024-09-15,4,7565,2024-09-15,2025-05-03,122,0,0,0,0
2024-11-05,test,PF_0023621_01,PF_0023621|7565|2024-09-15,5,7565,2024-09-15,2025-05-03,122,0,0,0,0
2024-11-05,test,PF_0023621_01,PF_0023621|7565|2024-09-15,6,7565,2024-09-15,2025-05-03,122,0,0,0,0
2024-11-05,test,PF_0023621_01,PF_0023621|7565|2024-09-15,7,7565,2024-09-15,2025-05-03,122,0,0,0,0
2024-11-05,test,PF_0023621_01,PF_0023621|7565|2024-09-15,8,7565,2024-09-15,2025-05-03,122,0,0,0,0
2024-11-05,test,PF_0023621_01,PF_0023621|7565|2024-09-15,9,7565,2024-09-15,2025-05-03,122,0,0,0,0
2024-11-05,train,PF_0023743_01,PF_0023743|7559|2024-09-10,1,7559,2024-09-10,2025-05-31,129,3,0,0,3
2024-11-05,train,PF_0023743_01,PF_0023743|7559|2024-09-10,2,7559,2024-09-10,2025-05-31,129,3,0,0,3
2024-11-05,train,PF_0023743_01,PF_0023743|7559|2024-09-10,3,7559,2024-09-10,2025-05-31,129,1,0,0,1
2024-11-05,train,PF_0023743_01,PF_0023743|7559|2024-09-10,4,7559,2024-09-10,2025-05-31,129,3,0,0,3
2024-11-05,train,PF_0023743_01,PF_0023743|7559|2024-09-10,5,7559,2024-09-10,2025-05-31,129,4,0,0,4
2024-11-05,train,PF_0023743_01,PF_0023743|7559|2024-09-10,6,7559,2024-09-10,2025-05-31,129,3,0,0,3
2024-11-05,train,PF_0023743_01,PF_0023743|7559|2024-09-10,7,7559,2024-09-10,2025-05-31,129,5,0,0,5
2024-11-05,train,PF_0023743_01,PF_0023743|7559|2024-09-10,8,7559,2024-09-10,2025-05-31,129,1,0,0,1
2024-11-05,train,PF_0023743_01,PF_0023743|7559|2024-09-10,9,7559,2024-09-10,2025-05-31,129,3,0,0,3
2024-11-05,validation,PF_0023923_01,PF_0023923|7562|2024-08-31,1,7562,2024-08-31,2025-06-15,132,0,0,0,0
2024-11-05,validation,PF_0023923_01,PF_0023923|7562|2024-08-31,2,7562,2024-08-31,2025-06-15,132,0,0,0,0
2024-11-05,validation,PF_0023923_01,PF_0023923|7562|2024-08-31,3,7562,2024-08-31,2025-06-15,132,0,0,0,0
2024-11-05,validation,PF_0023923_01,PF_0023923|7562|2024-08-31,4,7562,2024-08-31,2025-06-15,132,0,0,0,0
2024-11-05,validation,PF_0023923_01,PF_0023923|7562|2024-08-31,5,7562,2024-08-31,2025-06-15,132,0,0,0,0
2024-11-05,validation,PF_0023923_01,PF_0023923|7562|2024-08-31,6,7562,2024-08-31,2025-06-15,132,0,0,0,0
2024-11-05,validation,PF_0023923_01,PF_0023923|7562|2024-08-31,7,7562,2024-08-31,2025-06-15,132,0,0,0,0
2024-11-05,validation,PF_0023923_01,PF_0023923|7562|2024-08-31,8,7562,2024-08-31,2025-06-15,132,0,0,0,0
2024-11-05,validation,PF_0023923_01,PF_0023923|7562|2024-08-31,9,7562,2024-08-31,2025-06-15,132,0,0,0,0
2024-11-05,train,PF_0024357_01,PF_0024357|7560|2024-09-09,1,7560,2024-09-09,2025-05-31,139,6,0,0,6
2024-11-05,train,PF_0024357_01,PF_0024357|7560|2024-09-09,2,7560,2024-09-09,2025-05-31,139,7,0,0,7
2024-11-05,train,PF_0024357_01,PF_0024357|7560|2024-09-09,3,7560,2024-09-09,2025-05-31,139,7,0,0,7
2024-11-05,train,PF_0024357_01,PF_0024357|7560|2024-09-09,4,7560,2024-09-09,2025-05-31,139,3,0,0,3
2024-11-05,train,PF_0024357_01,PF_0024357|7560|2024-09-09,5,7560,2024-09-09,2025-05-31,139,5,0,0,5
2024-11-05,train,PF_0024357_01,PF_0024357|7560|2024-09-09,6,7560,2024-09-09,2025-05-31,139,5,0,0,5
2024-11-05,train,PF_0024357_01,PF_0024357|7560|2024-09-09,7,7560,2024-09-09,2025-05-31,139,4,0,0,4
2024-11-05,train,PF_0024357_01,PF_0024357|7560|2024-09-09,8,7560,2024-09-09,2025-05-31,139,0,0,0,0
2024-11-05,train,PF_0024357_01,PF_0024357|7560|2024-09-09,9,7560,2024-09-09,2025-05-31,139,3,0,0,3
2024-11-05,validation,PF_0024365_01,PF_0024365|7561|2024-09-10,1,7561,2024-09-10,2025-05-20,142,5,0,0,5
2024-11-05,validation,PF_0024365_01,PF_0024365|7561|2024-09-10,2,7561,2024-09-10,2025-05-20,142,7,0,0,7
2024-11-05,validation,PF_0024365_01,PF_0024365|7561|2024-09-10,3,7561,2024-09-10,2025-05-20,142,3,0,0,3
2024-11-05,validation,PF_0024365_01,PF_0024365|7561|2024-09-10,4,7561,2024-09-10,2025-05-20,142,4,3,0,7
2024-11-05,validation,PF_0024365_01,PF_0024365|7561|2024-09-10,5,7561,2024-09-10,2025-05-20,142,4,0,0,4
2024-11-05,validation,PF_0024365_01,PF_0024365|7561|2024-09-10,6,7561,2024-09-10,2025-05-20,142,4,0,0,4
2024-11-05,validation,PF_0024365_01,PF_0024365|7561|2024-09-10,7,7561,2024-09-10,2025-05-20,142,1,0,0,1
2024-11-05,validation,PF_0024365_01,PF_0024365|7561|2024-09-10,8,7561,2024-09-10,2025-05-20,142,1,0,0,1
2024-11-05,validation,PF_0024365_01,PF_0024365|7561|2024-09-10,9,7561,2024-09-10,2025-05-20,142,1,0,0,1
2024-11-05,train,PF_0024688_01,PF_0024688|7558|2024-09-01,1,7558,2024-09-01,2025-06-30,160,0,0,0,0
2024-11-05,train,PF_0024688_01,PF_0024688|7558|2024-09-01,2,7558,2024-09-01,2025-06-30,160,0,0,0,0
2024-11-05,train,PF_0024688_01,PF_0024688|7558|2024-09-01,3,7558,2024-09-01,2025-06-30,160,0,0,0,0
2024-11-05,train,PF_0024688_01,PF_0024688|7558|2024-09-01,4,7558,2024-09-01,2025-06-30,160,0,0,0,0
2024-11-05,train,PF_0024688_01,PF_0024688|7558|2024-09-01,5,7558,2024-09-01,2025-06-30,160,0,0,0,0
2024-11-05,train,PF_0024688_01,PF_0024688|7558|2024-09-01,6,7558,2024-09-01,2025-06-30,160,1,0,0,1
2024-11-05,train,PF_0024688_01,PF_0024688|7558|2024-09-01,7,7558,2024-09-01,2025-06-30,160,0,0,0,0
2024-11-05,train,PF_0024688_01,PF_0024688|7558|2024-09-01,8,7558,2024-09-01,2025-06-30,160,0,0,0,0
2024-11-05,train,PF_0024688_01,PF_0024688|7558|2024-09-01,9,7558,2024-09-01,2025-06-30,160,0,0,0,0
2024-11-05,test,PF_0024700_01,PF_0024700|7546|2024-09-10,1,7546,2024-09-10,2025-05-31,181,0,0,0,0
2024-11-05,test,PF_0024700_01,PF_0024700|7546|2024-09-10,2,7546,2024-09-10,2025-05-31,181,0,0,0,0
2024-11-05,test,PF_0024700_01,PF_0024700|7546|2024-09-10,3,7546,2024-09-10,2025-05-31,181,0,0,0,0
2024-11-05,test,PF_0024700_01,PF_0024700|7546|2024-09-10,4,7546,2024-09-10,2025-05-31,181,0,0,0,0
2024-11-05,test,PF_0024700_01,PF_0024700|7546|2024-09-10,5,7546,2024-09-10,2025-05-31,181,0,0,0,0
2024-11-05,test,PF_0024700_01,PF_0024700|7546|2024-09-10,6,7546,2024-09-10,2025-05-31,181,0,0,0,0
2024-11-05,test,PF_0024700_01,PF_0024700|7546|2024-09-10,7,7546,2024-09-10,2025-05-31,181,0,0,0,0
2024-11-05,test,PF_0024700_01,PF_0024700|7546|2024-09-10,8,7546,2024-09-10,2025-05-31,181,0,0,0,0
2024-11-05,test,PF_0024700_01,PF_0024700|7546|2024-09-10,9,7546,2024-09-10,2025-05-31,181,0,0,0,0
2024-11-05,train,PF_0025103_01,PF_0025103|7521|2024-09-15,1,7521,2024-09-15,2025-06-10,196,0,0,0,0
2024-11-05,train,PF_0025103_01,PF_0025103|7521|2024-09-15,2,7521,2024-09-15,2025-06-10,196,0,0,0,0
2024-11-05,train,PF_0025103_01,PF_0025103|7521|2024-09-15,3,7521,2024-09-15,2025-06-10,196,0,0,0,0
2024-11-05,train,PF_0025103_01,PF_0025103|7521|2024-09-15,4,7521,2024-09-15,2025-06-10,196,0,0,0,0
2024-11-05,train,PF_0025103_01,PF_0025103|7521|2024-09-15,5,7521,2024-09-15,2025-06-10,196,0,0,0,0
2024-11-05,train,PF_0025103_01,PF_0025103|7521|2024-09-15,6,7521,2024-09-15,2025-06-10,196,0,0,0,0
2024-11-05,train,PF_0025103_01,PF_0025103|7521|2024-09-15,7,7521,2024-09-15,2025-06-10,196,0,0,0,0
2024-11-05,train,PF_0025103_01,PF_0025103|7521|2024-09-15,8,7521,2024-09-15,2025-06-10,196,0,0,0,0
2024-11-05,train,PF_0025103_01,PF_0025103|7521|2024-09-15,9,7521,2024-09-15,2025-06-10,196,0,0,0,0
2024-11-06,test,PF_0023732_01,PF_0023732|7564|2024-08-31,1,7564,2024-08-31,2025-06-15,126,0,0,0,0
2024-11-06,test,PF_0023732_01,PF_0023732|7564|2024-08-31,2,7564,2024-08-31,2025-06-15,126,0,0,0,0
2024-11-06,test,PF_0023732_01,PF_0023732|7564|2024-08-31,3,7564,2024-08-31,2025-06-15,126,0,0,0,0
2024-11-06,test,PF_0023732_01,PF_0023732|7564|2024-08-31,4,7564,2024-08-31,2025-06-15,126,0,0,0,0
2024-11-06,test,PF_0023732_01,PF_0023732|7564|2024-08-31,5,7564,2024-08-31,2025-06-15,126,0,0,0,0
2024-11-06,test,PF_0023732_01,PF_0023732|7564|2024-08-31,6,7564,2024-08-31,2025-06-15,126,10,0,0,10
2024-11-06,test,PF_0023732_01,PF_0023732|7564|2024-08-31,7,7564,2024-08-31,2025-06-15,126,1,0,0,1
2024-11-06,test,PF_0023732_01,PF_0023732|7564|2024-08-31,8,7564,2024-08-31,2025-06-15,126,2,1,0,3
2024-11-06,test,PF_0023732_01,PF_0023732|7564|2024-08-31,9,7564,2024-08-31,2025-06-15,126,0,0,0,0
2024-11-07,train,PF_0002037_01,PF_0002037|7532|2024-09-20,1,7532,2024-09-20,2025-05-31,41,0,0,0,0
2024-11-07,train,PF_0002037_01,PF_0002037|7532|2024-09-20,2,7532,2024-09-20,2025-05-31,41,0,0,0,0
2024-11-07,train,PF_0002037_01,PF_0002037|7532|2024-09-20,3,7532,2024-09-20,2025-05-31,41,0,0,0,0
2024-11-07,train,PF_0002037_01,PF_0002037|7532|2024-09-20,4,7532,2024-09-20,2025-05-31,41,0,0,0,0
2024-11-07,train,PF_0002037_01,PF_0002037|7532|2024-09-20,5,7532,2024-09-20,2025-05-31,41,0,0,0,0
2024-11-07,train,PF_0002037_01,PF_0002037|7532|2024-09-20,6,7532,2024-09-20,2025-05-31,41,0,0,0,0
2024-11-07,train,PF_0002037_01,PF_0002037|7532|2024-09-20,7,7532,2024-09-20,2025-05-31,41,0,0,0,0
2024-11-07,train,PF_0002037_01,PF_0002037|7532|2024-09-20,8,7532,2024-09-20,2025-05-31,41,0,0,0,0
2024-11-07,train,PF_0002037_01,PF_0002037|7532|2024-09-20,9,7532,2024-09-20,2025-05-31,41,0,0,0,0
2024-11-07,train,PF_0021351_01,PF_0021351|7540|2024-09-07,1,7540,2024-09-07,2025-05-25,104,6,0,0,6
2024-11-07,train,PF_0021351_01,PF_0021351|7540|2024-09-07,2,7540,2024-09-07,2025-05-25,104,3,1,0,4
2024-11-07,train,PF_0021351_01,PF_0021351|7540|2024-09-07,3,7540,2024-09-07,2025-05-25,104,0,0,0,0
2024-11-07,train,PF_0021351_01,PF_0021351|7540|2024-09-07,4,7540,2024-09-07,2025-05-25,104,0,0,0,0
2024-11-07,train,PF_0021351_01,PF_0021351|7540|2024-09-07,5,7540,2024-09-07,2025-05-25,104,0,0,0,0
2024-11-07,train,PF_0021351_01,PF_0021351|7540|2024-09-07,6,7540,2024-09-07,2025-05-25,104,2,0,0,2
2024-11-07,train,PF_0021351_01,PF_0021351|7540|2024-09-07,7,7540,2024-09-07,2025-05-25,104,4,4,0,8
2024-11-07,train,PF_0021351_01,PF_0021351|7540|2024-09-07,8,7540,2024-09-07,2025-05-25,104,5,0,0,5
2024-11-07,train,PF_0021351_01,PF_0021351|7540|2024-09-07,9,7540,2024-09-07,2025-05-25,104,3,0,0,3
2024-11-07,train,PF_0022105_01,PF_0022105|7566|2024-09-01,1,7566,2024-09-01,2025-05-31,115,0,0,0,0
2024-11-07,train,PF_0022105_01,PF_0022105|7566|2024-09-01,2,7566,2024-09-01,2025-05-31,115,0,0,0,0
2024-11-07,train,PF_0022105_01,PF_0022105|7566|2024-09-01,3,7566,2024-09-01,2025-05-31,115,0,0,0,0
2024-11-07,train,PF_0022105_01,PF_0022105|7566|2024-09-01,4,7566,2024-09-01,2025-05-31,115,0,0,0,0
2024-11-07,train,PF_0022105_01,PF_0022105|7566|2024-09-01,5,7566,2024-09-01,2025-05-31,115,3,0,0,3
2024-11-07,train,PF_0022105_01,PF_0022105|7566|2024-09-01,6,7566,2024-09-01,2025-05-31,115,0,0,0,0
2024-11-07,train,PF_0022105_01,PF_0022105|7566|2024-09-01,7,7566,2024-09-01,2025-05-31,115,0,0,0,0
2024-11-07,train,PF_0022105_01,PF_0022105|7566|2024-09-01,8,7566,2024-09-01,2025-05-31,115,6,0,0,6
2024-11-07,train,PF_0022105_01,PF_0022105|7566|2024-09-01,9,7566,2024-09-01,2025-05-31,115,0,0,0,0
2024-11-11,train,PF_0000574_01,PF_0000574|7579|2024-09-01,1,7579,2024-09-01,2025-06-30,13,0,0,0,0
2024-11-11,train,PF_0000574_01,PF_0000574|7579|2024-09-01,2,7579,2024-09-01,2025-06-30,13,0,0,0,0
2024-11-11,train,PF_0000574_01,PF_0000574|7579|2024-09-01,3,7579,2024-09-01,2025-06-30,13,0,0,0,0
2024-11-11,train,PF_0000574_01,PF_0000574|7579|2024-09-01,4,7579,2024-09-01,2025-06-30,13,0,0,0,0
2024-11-11,train,PF_0000574_01,PF_0000574|7579|2024-09-01,5,7579,2024-09-01,2025-06-30,13,0,0,0,0
2024-11-11,train,PF_0000574_01,PF_0000574|7579|2024-09-01,6,7579,2024-09-01,2025-06-30,13,0,0,0,0
2024-11-11,train,PF_0000574_01,PF_0000574|7579|2024-09-01,7,7579,2024-09-01,2025-06-30,13,0,0,0,0
2024-11-11,train,PF_0000574_01,PF_0000574|7579|2024-09-01,8,7579,2024-09-01,2025-06-30,13,0,0,0,0
2024-11-11,train,PF_0000574_01,PF_0000574|7579|2024-09-01,9,7579,2024-09-01,2025-06-30,13,0,0,0,0
2024-11-11,validation,PF_0000778_01,PF_0000778|7578|2024-09-15,1,7578,2024-09-15,2025-06-30,20,0,0,0,0
2024-11-11,validation,PF_0000778_01,PF_0000778|7578|2024-09-15,2,7578,2024-09-15,2025-06-30,20,0,0,0,0
2024-11-11,validation,PF_0000778_01,PF_0000778|7578|2024-09-15,3,7578,2024-09-15,2025-06-30,20,0,0,0,0
2024-11-11,validation,PF_0000778_01,PF_0000778|7578|2024-09-15,4,7578,2024-09-15,2025-06-30,20,0,0,0,0
2024-11-11,validation,PF_0000778_01,PF_0000778|7578|2024-09-15,5,7578,2024-09-15,2025-06-30,20,0,0,0,0
2024-11-11,validation,PF_0000778_01,PF_0000778|7578|2024-09-15,6,7578,2024-09-15,2025-06-30,20,0,0,0,0
2024-11-11,validation,PF_0000778_01,PF_0000778|7578|2024-09-15,7,7578,2024-09-15,2025-06-30,20,0,0,0,0
2024-11-11,validation,PF_0000778_01,PF_0000778|7578|2024-09-15,8,7578,2024-09-15,2025-06-30,20,0,0,0,0
2024-11-11,validation,PF_0000778_01,PF_0000778|7578|2024-09-15,9,7578,2024-09-15,2025-06-30,20,0,0,0,0
2024-11-11,train,PF_0023743_01,PF_0023743|7559|2024-09-10,1,7559,2024-09-10,2025-05-31,129,5,0,0,5
2024-11-11,train,PF_0023743_01,PF_0023743|7559|2024-09-10,2,7559,2024-09-10,2025-05-31,129,7,0,0,7
2024-11-11,train,PF_0023743_01,PF_0023743|7559|2024-09-10,3,7559,2024-09-10,2025-05-31,129,4,3,0,7
2024-11-11,train,PF_0023743_01,PF_0023743|7559|2024-09-10,4,7559,2024-09-10,2025-05-31,129,6,0,0,6
2024-11-11,train,PF_0023743_01,PF_0023743|7559|2024-09-10,5,7559,2024-09-10,2025-05-31,129,6,0,0,6
2024-11-11,train,PF_0023743_01,PF_0023743|7559|2024-09-10,6,7559,2024-09-10,2025-05-31,129,4,0,0,4
2024-11-11,train,PF_0023743_01,PF_0023743|7559|2024-09-10,7,7559,2024-09-10,2025-05-31,129,7,0,0,7
2024-11-11,train,PF_0023743_01,PF_0023743|7559|2024-09-10,8,7559,2024-09-10,2025-05-31,129,3,0,0,3
2024-11-11,train,PF_0023743_01,PF_0023743|7559|2024-09-10,9,7559,2024-09-10,2025-05-31,129,3,0,0,3
2024-11-11,train,PF_0024651_01,PF_0024651|7538|2024-09-15,1,7538,2024-09-15,2025-06-10,148,0,0,0,0
2024-11-11,train,PF_0024651_01,PF_0024651|7538|2024-09-15,2,7538,2024-09-15,2025-06-10,148,0,0,0,0
2024-11-11,train,PF_0024651_01,PF_0024651|7538|2024-09-15,3,7538,2024-09-15,2025-06-10,148,0,0,0,0
2024-11-11,train,PF_0024651_01,PF_0024651|7538|2024-09-15,4,7538,2024-09-15,2025-06-10,148,0,0,0,0
2024-11-11,train,PF_0024651_01,PF_0024651|7538|2024-09-15,5,7538,2024-09-15,2025-06-10,148,0,0,0,0
2024-11-11,train,PF_0024651_01,PF_0024651|7538|2024-09-15,6,7538,2024-09-15,2025-06-10,148,0,0,0,0
2024-11-11,train,PF_0024651_01,PF_0024651|7538|2024-09-15,7,7538,2024-09-15,2025-06-10,148,0,0,0,0
2024-11-11,train,PF_0024651_01,PF_0024651|7538|2024-09-15,8,7538,2024-09-15,2025-06-10,148,0,0,0,0
2024-11-11,train,PF_0024651_01,PF_0024651|7538|2024-09-15,9,7538,2024-09-15,2025-06-10,148,0,0,0,0
2024-11-11,train,PF_0024654_01,PF_0024654|7527|2024-09-15,1,7527,2024-09-15,2025-06-10,150,0,0,0,0
2024-11-11,train,PF_0024654_01,PF_0024654|7527|2024-09-15,2,7527,2024-09-15,2025-06-10,150,0,0,0,0
2024-11-11,train,PF_0024654_01,PF_0024654|7527|2024-09-15,3,7527,2024-09-15,2025-06-10,150,0,0,0,0
2024-11-11,train,PF_0024654_01,PF_0024654|7527|2024-09-15,4,7527,2024-09-15,2025-06-10,150,0,0,0,0
2024-11-11,train,PF_0024654_01,PF_0024654|7527|2024-09-15,5,7527,2024-09-15,2025-06-10,150,0,0,0,0
2024-11-11,train,PF_0024654_01,PF_0024654|7527|2024-09-15,6,7527,2024-09-15,2025-06-10,150,0,0,0,0
2024-11-11,train,PF_0024654_01,PF_0024654|7527|2024-09-15,7,7527,2024-09-15,2025-06-10,150,0,0,0,0
2024-11-11,train,PF_0024654_01,PF_0024654|7527|2024-09-15,8,7527,2024-09-15,2025-06-10,150,0,0,0,0
2024-11-11,train,PF_0024654_01,PF_0024654|7527|2024-09-15,9,7527,2024-09-15,2025-06-10,150,0,0,0,0
2024-11-11,train,PF_0024655_01,PF_0024655|7533|2024-09-15,1,7533,2024-09-15,2025-06-30,152,0,0,0,0
2024-11-11,train,PF_0024655_01,PF_0024655|7533|2024-09-15,2,7533,2024-09-15,2025-06-30,152,0,0,0,0
2024-11-11,train,PF_0024655_01,PF_0024655|7533|2024-09-15,3,7533,2024-09-15,2025-06-30,152,0,0,0,0
2024-11-11,train,PF_0024655_01,PF_0024655|7533|2024-09-15,4,7533,2024-09-15,2025-06-30,152,0,0,0,0
2024-11-11,train,PF_0024655_01,PF_0024655|7533|2024-09-15,5,7533,2024-09-15,2025-06-30,152,0,0,0,0
2024-11-11,train,PF_0024655_01,PF_0024655|7533|2024-09-15,6,7533,2024-09-15,2025-06-30,152,0,0,0,0
2024-11-11,train,PF_0024655_01,PF_0024655|7533|2024-09-15,7,7533,2024-09-15,2025-06-30,152,0,0,0,0
2024-11-11,train,PF_0024655_01,PF_0024655|7533|2024-09-15,8,7533,2024-09-15,2025-06-30,152,0,0,0,0
2024-11-11,train,PF_0024655_01,PF_0024655|7533|2024-09-15,9,7533,2024-09-15,2025-06-30,152,0,0,0,0
2024-11-11,train,PF_0024688_01,PF_0024688|7558|2024-09-01,1,7558,2024-09-01,2025-06-30,160,3,0,0,3
2024-11-11,train,PF_0024688_01,PF_0024688|7558|2024-09-01,2,7558,2024-09-01,2025-06-30,160,0,0,0,0
2024-11-11,train,PF_0024688_01,PF_0024688|7558|2024-09-01,3,7558,2024-09-01,2025-06-30,160,2,0,0,2
2024-11-11,train,PF_0024688_01,PF_0024688|7558|2024-09-01,4,7558,2024-09-01,2025-06-30,160,3,0,0,3
2024-11-11,train,PF_0024688_01,PF_0024688|7558|2024-09-01,5,7558,2024-09-01,2025-06-30,160,1,0,0,1
2024-11-11,train,PF_0024688_01,PF_0024688|7558|2024-09-01,6,7558,2024-09-01,2025-06-30,160,3,0,0,3
2024-11-11,train,PF_0024688_01,PF_0024688|7558|2024-09-01,7,7558,2024-09-01,2025-06-30,160,0,0,0,0
2024-11-11,train,PF_0024688_01,PF_0024688|7558|2024-09-01,8,7558,2024-09-01,2025-06-30,160,1,0,0,1
2024-11-11,train,PF_0024688_01,PF_0024688|7558|2024-09-01,9,7558,2024-09-01,2025-06-30,160,1,0,0,1
2024-11-11,train,PF_0025106_01,PF_0025106|7518|2024-09-17,1,7518,2024-09-17,2025-06-30,200,0,0,0,0
2024-11-11,train,PF_0025106_01,PF_0025106|7518|2024-09-17,2,7518,2024-09-17,2025-06-30,200,0,0,0,0
2024-11-11,train,PF_0025106_01,PF_0025106|7518|2024-09-17,3,7518,2024-09-17,2025-06-30,200,0,0,0,0
2024-11-11,train,PF_0025106_01,PF_0025106|7518|2024-09-17,4,7518,2024-09-17,2025-06-30,200,0,0,0,0
2024-11-11,train,PF_0025106_01,PF_0025106|7518|2024-09-17,5,7518,2024-09-17,2025-06-30,200,0,0,0,0
2024-11-11,train,PF_0025106_01,PF_0025106|7518|2024-09-17,6,7518,2024-09-17,2025-06-30,200,0,0,0,0
2024-11-11,train,PF_0025106_01,PF_0025106|7518|2024-09-17,7,7518,2024-09-17,2025-06-30,200,0,0,0,0
2024-11-11,train,PF_0025106_01,PF_0025106|7518|2024-09-17,8,7518,2024-09-17,2025-06-30,200,0,0,0,0
2024-11-11,train,PF_0025106_01,PF_0025106|7518|2024-09-17,9,7518,2024-09-17,2025-06-30,200,0,0,0,0
2024-11-12,test,PF_0023621_01,PF_0023621|7565|2024-09-15,1,7565,2024-09-15,2025-05-03,122,0,0,0,0
2024-11-12,test,PF_0023621_01,PF_0023621|7565|2024-09-15,2,7565,2024-09-15,2025-05-03,122,0,0,0,0
2024-11-12,test,PF_0023621_01,PF_0023621|7565|2024-09-15,3,7565,2024-09-15,2025-05-03,122,0,0,0,0
2024-11-12,test,PF_0023621_01,PF_0023621|7565|2024-09-15,4,7565,2024-09-15,2025-05-03,122,0,0,0,0
2024-11-12,test,PF_0023621_01,PF_0023621|7565|2024-09-15,5,7565,2024-09-15,2025-05-03,122,0,0,0,0
2024-11-12,test,PF_0023621_01,PF_0023621|7565|2024-09-15,6,7565,2024-09-15,2025-05-03,122,0,0,0,0
2024-11-12,test,PF_0023621_01,PF_0023621|7565|2024-09-15,7,7565,2024-09-15,2025-05-03,122,0,0,0,0
2024-11-12,test,PF_0023621_01,PF_0023621|7565|2024-09-15,8,7565,2024-09-15,2025-05-03,122,0,0,0,0
2024-11-12,test,PF_0023621_01,PF_0023621|7565|2024-09-15,9,7565,2024-09-15,2025-05-03,122,0,0,0,0
2024-11-12,test,PF_0023732_01,PF_0023732|7564|2024-08-31,1,7564,2024-08-31,2025-06-15,126,0,0,0,0
2024-11-12,test,PF_0023732_01,PF_0023732|7564|2024-08-31,2,7564,2024-08-31,2025-06-15,126,0,0,0,0
2024-11-12,test,PF_0023732_01,PF_0023732|7564|2024-08-31,3,7564,2024-08-31,2025-06-15,126,0,0,0,0
2024-11-12,test,PF_0023732_01,PF_0023732|7564|2024-08-31,4,7564,2024-08-31,2025-06-15,126,0,0,0,0
2024-11-12,test,PF_0023732_01,PF_0023732|7564|2024-08-31,5,7564,2024-08-31,2025-06-15,126,0,0,0,0
2024-11-12,test,PF_0023732_01,PF_0023732|7564|2024-08-31,6,7564,2024-08-31,2025-06-15,126,13,0,0,13
2024-11-12,test,PF_0023732_01,PF_0023732|7564|2024-08-31,7,7564,2024-08-31,2025-06-15,126,3,0,0,3
2024-11-12,test,PF_0023732_01,PF_0023732|7564|2024-08-31,8,7564,2024-08-31,2025-06-15,126,3,4,0,7
2024-11-12,test,PF_0023732_01,PF_0023732|7564|2024-08-31,9,7564,2024-08-31,2025-06-15,126,0,0,0,0
2024-11-12,validation,PF_0023923_01,PF_0023923|7562|2024-08-31,1,7562,2024-08-31,2025-06-15,132,0,0,0,0
2024-11-12,validation,PF_0023923_01,PF_0023923|7562|2024-08-31,2,7562,2024-08-31,2025-06-15,132,0,0,0,0
2024-11-12,validation,PF_0023923_01,PF_0023923|7562|2024-08-31,3,7562,2024-08-31,2025-06-15,132,0,0,0,0
2024-11-12,validation,PF_0023923_01,PF_0023923|7562|2024-08-31,4,7562,2024-08-31,2025-06-15,132,0,0,0,0
2024-11-12,validation,PF_0023923_01,PF_0023923|7562|2024-08-31,5,7562,2024-08-31,2025-06-15,132,0,0,0,0
2024-11-12,validation,PF_0023923_01,PF_0023923|7562|2024-08-31,6,7562,2024-08-31,2025-06-15,132,0,0,0,0
2024-11-12,validation,PF_0023923_01,PF_0023923|7562|2024-08-31,7,7562,2024-08-31,2025-06-15,132,0,0,0,0
2024-11-12,validation,PF_0023923_01,PF_0023923|7562|2024-08-31,8,7562,2024-08-31,2025-06-15,132,0,0,0,0
2024-11-12,validation,PF_0023923_01,PF_0023923|7562|2024-08-31,9,7562,2024-08-31,2025-06-15,132,0,0,0,0
2024-11-12,train,PF_0024357_01,PF_0024357|7560|2024-09-09,1,7560,2024-09-09,2025-05-31,139,7,0,0,7
2024-11-12,train,PF_0024357_01,PF_0024357|7560|2024-09-09,2,7560,2024-09-09,2025-05-31,139,11,0,0,11
2024-11-12,train,PF_0024357_01,PF_0024357|7560|2024-09-09,3,7560,2024-09-09,2025-05-31,139,10,0,0,10
2024-11-12,train,PF_0024357_01,PF_0024357|7560|2024-09-09,4,7560,2024-09-09,2025-05-31,139,6,0,0,6
2024-11-12,train,PF_0024357_01,PF_0024357|7560|2024-09-09,5,7560,2024-09-09,2025-05-31,139,7,0,0,7
2024-11-12,train,PF_0024357_01,PF_0024357|7560|2024-09-09,6,7560,2024-09-09,2025-05-31,139,8,0,0,8
2024-11-12,train,PF_0024357_01,PF_0024357|7560|2024-09-09,7,7560,2024-09-09,2025-05-31,139,6,0,0,6
2024-11-12,train,PF_0024357_01,PF_0024357|7560|2024-09-09,8,7560,2024-09-09,2025-05-31,139,8,0,0,8
2024-11-12,train,PF_0024357_01,PF_0024357|7560|2024-09-09,9,7560,2024-09-09,2025-05-31,139,8,0,0,8
2024-11-12,validation,PF_0024365_01,PF_0024365|7561|2024-09-10,1,7561,2024-09-10,2025-05-20,142,7,0,0,7
2024-11-12,validation,PF_0024365_01,PF_0024365|7561|2024-09-10,2,7561,2024-09-10,2025-05-20,142,7,0,0,7
2024-11-12,validation,PF_0024365_01,PF_0024365|7561|2024-09-10,3,7561,2024-09-10,2025-05-20,142,8,0,0,8
2024-11-12,validation,PF_0024365_01,PF_0024365|7561|2024-09-10,4,7561,2024-09-10,2025-05-20,142,5,3,0,8
2024-11-12,validation,PF_0024365_01,PF_0024365|7561|2024-09-10,5,7561,2024-09-10,2025-05-20,142,5,0,0,5
2024-11-12,validation,PF_0024365_01,PF_0024365|7561|2024-09-10,6,7561,2024-09-10,2025-05-20,142,6,0,0,6
2024-11-12,validation,PF_0024365_01,PF_0024365|7561|2024-09-10,7,7561,2024-09-10,2025-05-20,142,4,0,0,4
2024-11-12,validation,PF_0024365_01,PF_0024365|7561|2024-09-10,8,7561,2024-09-10,2025-05-20,142,4,0,0,4
2024-11-12,validation,PF_0024365_01,PF_0024365|7561|2024-09-10,9,7561,2024-09-10,2025-05-20,142,4,0,0,4
2024-11-12,test,PF_0024700_01,PF_0024700|7546|2024-09-10,1,7546,2024-09-10,2025-05-31,181,0,0,0,0
2024-11-12,test,PF_0024700_01,PF_0024700|7546|2024-09-10,2,7546,2024-09-10,2025-05-31,181,0,0,0,0
2024-11-12,test,PF_0024700_01,PF_0024700|7546|2024-09-10,3,7546,2024-09-10,2025-05-31,181,0,0,0,0
2024-11-12,test,PF_0024700_01,PF_0024700|7546|2024-09-10,4,7546,2024-09-10,2025-05-31,181,0,0,0,0
2024-11-12,test,PF_0024700_01,PF_0024700|7546|2024-09-10,5,7546,2024-09-10,2025-05-31,181,0,0,0,0
2024-11-12,test,PF_0024700_01,PF_0024700|7546|2024-09-10,6,7546,2024-09-10,2025-05-31,181,0,0,0,0
2024-11-12,test,PF_0024700_01,PF_0024700|7546|2024-09-10,7,7546,2024-09-10,2025-05-31,181,0,0,0,0
2024-11-12,test,PF_0024700_01,PF_0024700|7546|2024-09-10,8,7546,2024-09-10,2025-05-31,181,0,0,0,0
2024-11-12,test,PF_0024700_01,PF_0024700|7546|2024-09-10,9,7546,2024-09-10,2025-05-31,181,0,0,0,0
2024-11-12,train,PF_0025103_01,PF_0025103|7521|2024-09-15,1,7521,2024-09-15,2025-06-10,196,0,0,0,0
2024-11-12,train,PF_0025103_01,PF_0025103|7521|2024-09-15,2,7521,2024-09-15,2025-06-10,196,0,0,0,0
2024-11-12,train,PF_0025103_01,PF_0025103|7521|2024-09-15,3,7521,2024-09-15,2025-06-10,196,0,0,0,0
2024-11-12,train,PF_0025103_01,PF_0025103|7521|2024-09-15,4,7521,2024-09-15,2025-06-10,196,0,0,0,0
2024-11-12,train,PF_0025103_01,PF_0025103|7521|2024-09-15,5,7521,2024-09-15,2025-06-10,196,0,0,0,0
2024-11-12,train,PF_0025103_01,PF_0025103|7521|2024-09-15,6,7521,2024-09-15,2025-06-10,196,0,0,0,0
2024-11-12,train,PF_0025103_01,PF_0025103|7521|2024-09-15,7,7521,2024-09-15,2025-06-10,196,0,0,0,0
2024-11-12,train,PF_0025103_01,PF_0025103|7521|2024-09-15,8,7521,2024-09-15,2025-06-10,196,0,0,0,0
2024-11-12,train,PF_0025103_01,PF_0025103|7521|2024-09-15,9,7521,2024-09-15,2025-06-10,196,0,0,0,0
2024-11-14,train,PF_0002037_01,PF_0002037|7532|2024-09-20,1,7532,2024-09-20,2025-05-31,41,2,0,0,2
2024-11-14,train,PF_0002037_01,PF_0002037|7532|2024-09-20,2,7532,2024-09-20,2025-05-31,41,3,2,0,5
2024-11-14,train,PF_0002037_01,PF_0002037|7532|2024-09-20,3,7532,2024-09-20,2025-05-31,41,1,0,0,1
2024-11-14,train,PF_0002037_01,PF_0002037|7532|2024-09-20,4,7532,2024-09-20,2025-05-31,41,0,0,0,0
2024-11-14,train,PF_0002037_01,PF_0002037|7532|2024-09-20,5,7532,2024-09-20,2025-05-31,41,1,0,0,1
2024-11-14,train,PF_0002037_01,PF_0002037|7532|2024-09-20,6,7532,2024-09-20,2025-05-31,41,3,0,0,3
2024-11-14,train,PF_0002037_01,PF_0002037|7532|2024-09-20,7,7532,2024-09-20,2025-05-31,41,1,0,0,1
2024-11-14,train,PF_0002037_01,PF_0002037|7532|2024-09-20,8,7532,2024-09-20,2025-05-31,41,2,1,0,3
2024-11-14,train,PF_0002037_01,PF_0002037|7532|2024-09-20,9,7532,2024-09-20,2025-05-31,41,4,0,0,4
2024-11-14,train,PF_0021351_01,PF_0021351|7540|2024-09-07,1,7540,2024-09-07,2025-05-25,104,7,0,0,7
2024-11-14,train,PF_0021351_01,PF_0021351|7540|2024-09-07,3,7540,2024-09-07,2025-05-25,104,0,0,0,0
2024-11-14,train,PF_0021351_01,PF_0021351|7540|2024-09-07,4,7540,2024-09-07,2025-05-25,104,0,0,0,0
2024-11-14,train,PF_0021351_01,PF_0021351|7540|2024-09-07,5,7540,2024-09-07,2025-05-25,104,0,0,0,0
2024-11-14,train,PF_0021351_01,PF_0021351|7540|2024-09-07,6,7540,2024-09-07,2025-05-25,104,5,0,0,5
2024-11-14,train,PF_0021351_01,PF_0021351|7540|2024-09-07,7,7540,2024-09-07,2025-05-25,104,5,7,0,12
2024-11-14,train,PF_0021351_01,PF_0021351|7540|2024-09-07,8,7540,2024-09-07,2025-05-25,104,9,0,0,9
2024-11-14,train,PF_0021351_01,PF_0021351|7540|2024-09-07,9,7540,2024-09-07,2025-05-25,104,7,0,0,7
2024-11-14,train,PF_0022105_01,PF_0022105|7566|2024-09-01,1,7566,2024-09-01,2025-05-31,115,0,0,0,0
2024-11-14,train,PF_0022105_01,PF_0022105|7566|2024-09-01,2,7566,2024-09-01,2025-05-31,115,0,0,0,0
2024-11-14,train,PF_0022105_01,PF_0022105|7566|2024-09-01,3,7566,2024-09-01,2025-05-31,115,1,0,0,1
2024-11-14,train,PF_0022105_01,PF_0022105|7566|2024-09-01,4,7566,2024-09-01,2025-05-31,115,0,0,0,0
2024-11-14,train,PF_0022105_01,PF_0022105|7566|2024-09-01,5,7566,2024-09-01,2025-05-31,115,7,0,0,7
2024-11-14,train,PF_0022105_01,PF_0022105|7566|2024-09-01,6,7566,2024-09-01,2025-05-31,115,0,0,0,0
2024-11-14,train,PF_0022105_01,PF_0022105|7566|2024-09-01,7,7566,2024-09-01,2025-05-31,115,0,0,0,0
2024-11-14,train,PF_0022105_01,PF_0022105|7566|2024-09-01,8,7566,2024-09-01,2025-05-31,115,9,0,0,9
2024-11-14,train,PF_0022105_01,PF_0022105|7566|2024-09-01,9,7566,2024-09-01,2025-05-31,115,0,0,0,0
2024-11-18,train,PF_0000574_01,PF_0000574|7579|2024-09-01,1,7579,2024-09-01,2025-06-30,13,0,0,0,0
2024-11-18,train,PF_0000574_01,PF_0000574|7579|2024-09-01,2,7579,2024-09-01,2025-06-30,13,0,0,0,0
2024-11-18,train,PF_0000574_01,PF_0000574|7579|2024-09-01,3,7579,2024-09-01,2025-06-30,13,0,0,0,0
2024-11-18,train,PF_0000574_01,PF_0000574|7579|2024-09-01,4,7579,2024-09-01,2025-06-30,13,0,0,0,0
2024-11-18,train,PF_0000574_01,PF_0000574|7579|2024-09-01,5,7579,2024-09-01,2025-06-30,13,0,0,0,0
2024-11-18,train,PF_0000574_01,PF_0000574|7579|2024-09-01,6,7579,2024-09-01,2025-06-30,13,0,0,0,0
2024-11-18,train,PF_0000574_01,PF_0000574|7579|2024-09-01,7,7579,2024-09-01,2025-06-30,13,0,0,0,0
2024-11-18,train,PF_0000574_01,PF_0000574|7579|2024-09-01,8,7579,2024-09-01,2025-06-30,13,0,0,0,0
2024-11-18,train,PF_0000574_01,PF_0000574|7579|2024-09-01,9,7579,2024-09-01,2025-06-30,13,0,0,0,0
2024-11-18,validation,PF_0000778_01,PF_0000778|7578|2024-09-15,1,7578,2024-09-15,2025-06-30,20,6,0,0,6
2024-11-18,validation,PF_0000778_01,PF_0000778|7578|2024-09-15,2,7578,2024-09-15,2025-06-30,20,5,0,0,5
2024-11-18,validation,PF_0000778_01,PF_0000778|7578|2024-09-15,3,7578,2024-09-15,2025-06-30,20,7,0,0,7
2024-11-18,validation,PF_0000778_01,PF_0000778|7578|2024-09-15,4,7578,2024-09-15,2025-06-30,20,8,0,0,8
2024-11-18,validation,PF_0000778_01,PF_0000778|7578|2024-09-15,5,7578,2024-09-15,2025-06-30,20,8,0,0,8
2024-11-18,validation,PF_0000778_01,PF_0000778|7578|2024-09-15,6,7578,2024-09-15,2025-06-30,20,0,0,0,0
2024-11-18,validation,PF_0000778_01,PF_0000778|7578|2024-09-15,7,7578,2024-09-15,2025-06-30,20,0,0,0,0
2024-11-18,validation,PF_0000778_01,PF_0000778|7578|2024-09-15,8,7578,2024-09-15,2025-06-30,20,5,0,0,5
2024-11-18,validation,PF_0000778_01,PF_0000778|7578|2024-09-15,9,7578,2024-09-15,2025-06-30,20,1,0,0,1
2024-11-18,train,PF_0024651_01,PF_0024651|7538|2024-09-15,1,7538,2024-09-15,2025-06-10,148,0,0,0,0
2024-11-18,train,PF_0024651_01,PF_0024651|7538|2024-09-15,2,7538,2024-09-15,2025-06-10,148,0,0,0,0
2024-11-18,train,PF_0024651_01,PF_0024651|7538|2024-09-15,3,7538,2024-09-15,2025-06-10,148,0,0,0,0
2024-11-18,train,PF_0024651_01,PF_0024651|7538|2024-09-15,4,7538,2024-09-15,2025-06-10,148,0,0,0,0
2024-11-18,train,PF_0024651_01,PF_0024651|7538|2024-09-15,5,7538,2024-09-15,2025-06-10,148,0,0,0,0
2024-11-18,train,PF_0024651_01,PF_0024651|7538|2024-09-15,6,7538,2024-09-15,2025-06-10,148,0,0,0,0
2024-11-18,train,PF_0024651_01,PF_0024651|7538|2024-09-15,7,7538,2024-09-15,2025-06-10,148,0,0,0,0
2024-11-18,train,PF_0024651_01,PF_0024651|7538|2024-09-15,8,7538,2024-09-15,2025-06-10,148,0,0,0,0
2024-11-18,train,PF_0024651_01,PF_0024651|7538|2024-09-15,9,7538,2024-09-15,2025-06-10,148,0,0,0,0
2024-11-18,train,PF_0024654_01,PF_0024654|7527|2024-09-15,1,7527,2024-09-15,2025-06-10,150,0,0,0,0
2024-11-18,train,PF_0024654_01,PF_0024654|7527|2024-09-15,2,7527,2024-09-15,2025-06-10,150,0,0,0,0
2024-11-18,train,PF_0024654_01,PF_0024654|7527|2024-09-15,3,7527,2024-09-15,2025-06-10,150,0,0,0,0
2024-11-18,train,PF_0024654_01,PF_0024654|7527|2024-09-15,4,7527,2024-09-15,2025-06-10,150,0,0,0,0
2024-11-18,train,PF_0024654_01,PF_0024654|7527|2024-09-15,5,7527,2024-09-15,2025-06-10,150,0,0,0,0
2024-11-18,train,PF_0024654_01,PF_0024654|7527|2024-09-15,6,7527,2024-09-15,2025-06-10,150,0,0,0,0
2024-11-18,train,PF_0024654_01,PF_0024654|7527|2024-09-15,7,7527,2024-09-15,2025-06-10,150,0,0,0,0
2024-11-18,train,PF_0024654_01,PF_0024654|7527|2024-09-15,8,7527,2024-09-15,2025-06-10,150,0,0,0,0
2024-11-18,train,PF_0024654_01,PF_0024654|7527|2024-09-15,9,7527,2024-09-15,2025-06-10,150,0,0,0,0
2024-11-18,train,PF_0024655_01,PF_0024655|7533|2024-09-15,1,7533,2024-09-15,2025-06-30,152,0,0,0,0
2024-11-18,train,PF_0024655_01,PF_0024655|7533|2024-09-15,2,7533,2024-09-15,2025-06-30,152,0,0,0,0
2024-11-18,train,PF_0024655_01,PF_0024655|7533|2024-09-15,3,7533,2024-09-15,2025-06-30,152,0,0,0,0
2024-11-18,train,PF_0024655_01,PF_0024655|7533|2024-09-15,4,7533,2024-09-15,2025-06-30,152,0,0,0,0
2024-11-18,train,PF_0024655_01,PF_0024655|7533|2024-09-15,5,7533,2024-09-15,2025-06-30,152,0,0,0,0
2024-11-18,train,PF_0024655_01,PF_0024655|7533|2024-09-15,6,7533,2024-09-15,2025-06-30,152,0,0,0,0
2024-11-18,train,PF_0024655_01,PF_0024655|7533|2024-09-15,7,7533,2024-09-15,2025-06-30,152,0,0,0,0
2024-11-18,train,PF_0024655_01,PF_0024655|7533|2024-09-15,8,7533,2024-09-15,2025-06-30,152,0,0,0,0
2024-11-18,train,PF_0024655_01,PF_0024655|7533|2024-09-15,9,7533,2024-09-15,2025-06-30,152,0,0,0,0
2024-11-18,train,PF_0025106_01,PF_0025106|7518|2024-09-17,1,7518,2024-09-17,2025-06-30,200,0,0,0,0
2024-11-18,train,PF_0025106_01,PF_0025106|7518|2024-09-17,2,7518,2024-09-17,2025-06-30,200,0,0,0,0
2024-11-18,train,PF_0025106_01,PF_0025106|7518|2024-09-17,3,7518,2024-09-17,2025-06-30,200,0,0,0,0
2024-11-18,train,PF_0025106_01,PF_0025106|7518|2024-09-17,4,7518,2024-09-17,2025-06-30,200,0,0,0,0
2024-11-18,train,PF_0025106_01,PF_0025106|7518|2024-09-17,5,7518,2024-09-17,2025-06-30,200,0,0,0,0
2024-11-18,train,PF_0025106_01,PF_0025106|7518|2024-09-17,6,7518,2024-09-17,2025-06-30,200,0,0,0,0
2024-11-18,train,PF_0025106_01,PF_0025106|7518|2024-09-17,7,7518,2024-09-17,2025-06-30,200,0,0,0,0
2024-11-18,train,PF_0025106_01,PF_0025106|7518|2024-09-17,8,7518,2024-09-17,2025-06-30,200,0,0,0,0
2024-11-18,train,PF_0025106_01,PF_0025106|7518|2024-09-17,9,7518,2024-09-17,2025-06-30,200,0,0,0,0
2024-11-19,test,PF_0023621_01,PF_0023621|7565|2024-09-15,1,7565,2024-09-15,2025-05-03,122,0,0,0,0
2024-11-19,test,PF_0023621_01,PF_0023621|7565|2024-09-15,2,7565,2024-09-15,2025-05-03,122,0,0,0,0
2024-11-19,test,PF_0023621_01,PF_0023621|7565|2024-09-15,3,7565,2024-09-15,2025-05-03,122,0,0,0,0
2024-11-19,test,PF_0023621_01,PF_0023621|7565|2024-09-15,4,7565,2024-09-15,2025-05-03,122,0,0,0,0
2024-11-19,test,PF_0023621_01,PF_0023621|7565|2024-09-15,5,7565,2024-09-15,2025-05-03,122,0,0,0,0
2024-11-19,test,PF_0023621_01,PF_0023621|7565|2024-09-15,6,7565,2024-09-15,2025-05-03,122,0,0,0,0
2024-11-19,test,PF_0023621_01,PF_0023621|7565|2024-09-15,7,7565,2024-09-15,2025-05-03,122,0,0,0,0
2024-11-19,test,PF_0023621_01,PF_0023621|7565|2024-09-15,8,7565,2024-09-15,2025-05-03,122,0,0,0,0
2024-11-19,test,PF_0023621_01,PF_0023621|7565|2024-09-15,9,7565,2024-09-15,2025-05-03,122,0,0,0,0
2024-11-19,test,PF_0023732_01,PF_0023732|7564|2024-08-31,1,7564,2024-08-31,2025-06-15,126,0,0,0,0
2024-11-19,test,PF_0023732_01,PF_0023732|7564|2024-08-31,2,7564,2024-08-31,2025-06-15,126,0,0,0,0
2024-11-19,test,PF_0023732_01,PF_0023732|7564|2024-08-31,3,7564,2024-08-31,2025-06-15,126,0,0,0,0
2024-11-19,test,PF_0023732_01,PF_0023732|7564|2024-08-31,4,7564,2024-08-31,2025-06-15,126,0,0,0,0
2024-11-19,test,PF_0023732_01,PF_0023732|7564|2024-08-31,5,7564,2024-08-31,2025-06-15,126,0,0,0,0
2024-11-19,test,PF_0023732_01,PF_0023732|7564|2024-08-31,6,7564,2024-08-31,2025-06-15,126,9,0,0,9
2024-11-19,test,PF_0023732_01,PF_0023732|7564|2024-08-31,7,7564,2024-08-31,2025-06-15,126,7,0,0,7
2024-11-19,test,PF_0023732_01,PF_0023732|7564|2024-08-31,8,7564,2024-08-31,2025-06-15,126,4,5,0,9
2024-11-19,test,PF_0023732_01,PF_0023732|7564|2024-08-31,9,7564,2024-08-31,2025-06-15,126,0,0,0,0
2024-11-19,train,PF_0023743_01,PF_0023743|7559|2024-09-10,1,7559,2024-09-10,2025-05-31,129,10,0,0,10
2024-11-19,train,PF_0023743_01,PF_0023743|7559|2024-09-10,2,7559,2024-09-10,2025-05-31,129,11,0,0,11
2024-11-19,train,PF_0023743_01,PF_0023743|7559|2024-09-10,3,7559,2024-09-10,2025-05-31,129,5,5,0,10
2024-11-19,train,PF_0023743_01,PF_0023743|7559|2024-09-10,4,7559,2024-09-10,2025-05-31,129,10,0,0,10
2024-11-19,train,PF_0023743_01,PF_0023743|7559|2024-09-10,5,7559,2024-09-10,2025-05-31,129,9,0,0,9
2024-11-19,train,PF_0023743_01,PF_0023743|7559|2024-09-10,6,7559,2024-09-10,2025-05-31,129,7,0,0,7
2024-11-19,train,PF_0023743_01,PF_0023743|7559|2024-09-10,7,7559,2024-09-10,2025-05-31,129,9,0,0,9
2024-11-19,train,PF_0023743_01,PF_0023743|7559|2024-09-10,8,7559,2024-09-10,2025-05-31,129,6,0,0,6
2024-11-19,train,PF_0023743_01,PF_0023743|7559|2024-09-10,9,7559,2024-09-10,2025-05-31,129,7,0,0,7
2024-11-19,validation,PF_0023923_01,PF_0023923|7562|2024-08-31,1,7562,2024-08-31,2025-06-15,132,0,0,0,0
2024-11-19,validation,PF_0023923_01,PF_0023923|7562|2024-08-31,2,7562,2024-08-31,2025-06-15,132,0,0,0,0
2024-11-19,validation,PF_0023923_01,PF_0023923|7562|2024-08-31,3,7562,2024-08-31,2025-06-15,132,0,0,0,0
2024-11-19,validation,PF_0023923_01,PF_0023923|7562|2024-08-31,4,7562,2024-08-31,2025-06-15,132,0,0,0,0
2024-11-19,validation,PF_0023923_01,PF_0023923|7562|2024-08-31,5,7562,2024-08-31,2025-06-15,132,0,0,0,0
2024-11-19,validation,PF_0023923_01,PF_0023923|7562|2024-08-31,6,7562,2024-08-31,2025-06-15,132,0,0,0,0
2024-11-19,validation,PF_0023923_01,PF_0023923|7562|2024-08-31,7,7562,2024-08-31,2025-06-15,132,0,0,0,0
2024-11-19,validation,PF_0023923_01,PF_0023923|7562|2024-08-31,8,7562,2024-08-31,2025-06-15,132,0,0,0,0
2024-11-19,validation,PF_0023923_01,PF_0023923|7562|2024-08-31,9,7562,2024-08-31,2025-06-15,132,0,0,0,0
2024-11-19,train,PF_0024357_01,PF_0024357|7560|2024-09-09,1,7560,2024-09-09,2025-05-31,139,11,0,0,11
2024-11-19,train,PF_0024357_01,PF_0024357|7560|2024-09-09,2,7560,2024-09-09,2025-05-31,139,14,0,0,14
2024-11-19,train,PF_0024357_01,PF_0024357|7560|2024-09-09,3,7560,2024-09-09,2025-05-31,139,12,0,0,12
2024-11-19,train,PF_0024357_01,PF_0024357|7560|2024-09-09,4,7560,2024-09-09,2025-05-31,139,11,0,0,11
2024-11-19,train,PF_0024357_01,PF_0024357|7560|2024-09-09,5,7560,2024-09-09,2025-05-31,139,11,0,0,11
2024-11-19,train,PF_0024357_01,PF_0024357|7560|2024-09-09,6,7560,2024-09-09,2025-05-31,139,13,0,0,13
2024-11-19,train,PF_0024357_01,PF_0024357|7560|2024-09-09,7,7560,2024-09-09,2025-05-31,139,7,0,0,7
2024-11-19,train,PF_0024357_01,PF_0024357|7560|2024-09-09,8,7560,2024-09-09,2025-05-31,139,10,0,0,10
2024-11-19,train,PF_0024357_01,PF_0024357|7560|2024-09-09,9,7560,2024-09-09,2025-05-31,139,13,0,0,13
2024-11-19,validation,PF_0024365_01,PF_0024365|7561|2024-09-10,1,7561,2024-09-10,2025-05-20,142,7,0,0,7
2024-11-19,validation,PF_0024365_01,PF_0024365|7561|2024-09-10,2,7561,2024-09-10,2025-05-20,142,7,0,0,7
2024-11-19,validation,PF_0024365_01,PF_0024365|7561|2024-09-10,3,7561,2024-09-10,2025-05-20,142,8,0,0,8
2024-11-19,validation,PF_0024365_01,PF_0024365|7561|2024-09-10,4,7561,2024-09-10,2025-05-20,142,5,3,0,8
2024-11-19,validation,PF_0024365_01,PF_0024365|7561|2024-09-10,5,7561,2024-09-10,2025-05-20,142,6,0,0,6
2024-11-19,validation,PF_0024365_01,PF_0024365|7561|2024-09-10,6,7561,2024-09-10,2025-05-20,142,8,0,0,8
2024-11-19,validation,PF_0024365_01,PF_0024365|7561|2024-09-10,7,7561,2024-09-10,2025-05-20,142,2,0,0,2
2024-11-19,validation,PF_0024365_01,PF_0024365|7561|2024-09-10,8,7561,2024-09-10,2025-05-20,142,9,0,0,9
2024-11-19,validation,PF_0024365_01,PF_0024365|7561|2024-09-10,9,7561,2024-09-10,2025-05-20,142,6,0,0,6
2024-11-19,train,PF_0024688_01,PF_0024688|7558|2024-09-01,1,7558,2024-09-01,2025-06-30,160,5,0,0,5
2024-11-19,train,PF_0024688_01,PF_0024688|7558|2024-09-01,2,7558,2024-09-01,2025-06-30,160,0,0,0,0
2024-11-19,train,PF_0024688_01,PF_0024688|7558|2024-09-01,3,7558,2024-09-01,2025-06-30,160,6,0,0,6
2024-11-19,train,PF_0024688_01,PF_0024688|7558|2024-09-01,4,7558,2024-09-01,2025-06-30,160,7,0,0,7
2024-11-19,train,PF_0024688_01,PF_0024688|7558|2024-09-01,5,7558,2024-09-01,2025-06-30,160,7,0,0,7
2024-11-19,train,PF_0024688_01,PF_0024688|7558|2024-09-01,6,7558,2024-09-01,2025-06-30,160,7,0,0,7
2024-11-19,train,PF_0024688_01,PF_0024688|7558|2024-09-01,7,7558,2024-09-01,2025-06-30,160,3,0,0,3
2024-11-19,train,PF_0024688_01,PF_0024688|7558|2024-09-01,8,7558,2024-09-01,2025-06-30,160,4,0,0,4
2024-11-19,train,PF_0024688_01,PF_0024688|7558|2024-09-01,9,7558,2024-09-01,2025-06-30,160,5,0,0,5
2024-11-19,test,PF_0024700_01,PF_0024700|7546|2024-09-10,1,7546,2024-09-10,2025-05-31,181,0,0,0,0
2024-11-19,test,PF_0024700_01,PF_0024700|7546|2024-09-10,2,7546,2024-09-10,2025-05-31,181,0,0,0,0
2024-11-19,test,PF_0024700_01,PF_0024700|7546|2024-09-10,3,7546,2024-09-10,2025-05-31,181,0,0,0,0
2024-11-19,test,PF_0024700_01,PF_0024700|7546|2024-09-10,4,7546,2024-09-10,2025-05-31,181,0,0,0,0
2024-11-19,test,PF_0024700_01,PF_0024700|7546|2024-09-10,5,7546,2024-09-10,2025-05-31,181,0,0,0,0
2024-11-19,test,PF_0024700_01,PF_0024700|7546|2024-09-10,6,7546,2024-09-10,2025-05-31,181,0,0,0,0
2024-11-19,test,PF_0024700_01,PF_0024700|7546|2024-09-10,7,7546,2024-09-10,2025-05-31,181,0,0,0,0
2024-11-19,test,PF_0024700_01,PF_0024700|7546|2024-09-10,8,7546,2024-09-10,2025-05-31,181,0,0,0,0
2024-11-19,test,PF_0024700_01,PF_0024700|7546|2024-09-10,9,7546,2024-09-10,2025-05-31,181,0,0,0,0
2024-11-19,train,PF_0025103_01,PF_0025103|7521|2024-09-15,1,7521,2024-09-15,2025-06-10,196,0,0,0,0
2024-11-19,train,PF_0025103_01,PF_0025103|7521|2024-09-15,2,7521,2024-09-15,2025-06-10,196,0,0,0,0
2024-11-19,train,PF_0025103_01,PF_0025103|7521|2024-09-15,3,7521,2024-09-15,2025-06-10,196,0,0,0,0
2024-11-19,train,PF_0025103_01,PF_0025103|7521|2024-09-15,4,7521,2024-09-15,2025-06-10,196,0,0,0,0
2024-11-19,train,PF_0025103_01,PF_0025103|7521|2024-09-15,5,7521,2024-09-15,2025-06-10,196,0,0,0,0
2024-11-19,train,PF_0025103_01,PF_0025103|7521|2024-09-15,6,7521,2024-09-15,2025-06-10,196,0,0,0,0
2024-11-19,train,PF_0025103_01,PF_0025103|7521|2024-09-15,7,7521,2024-09-15,2025-06-10,196,0,0,0,0
2024-11-19,train,PF_0025103_01,PF_0025103|7521|2024-09-15,8,7521,2024-09-15,2025-06-10,196,0,0,0,0
2024-11-19,train,PF_0025103_01,PF_0025103|7521|2024-09-15,9,7521,2024-09-15,2025-06-10,196,0,0,0,0
2024-11-21,train,PF_0002037_01,PF_0002037|7532|2024-09-20,1,7532,2024-09-20,2025-05-31,41,5,0,0,5
2024-11-21,train,PF_0002037_01,PF_0002037|7532|2024-09-20,2,7532,2024-09-20,2025-05-31,41,6,4,0,10
2024-11-21,train,PF_0002037_01,PF_0002037|7532|2024-09-20,3,7532,2024-09-20,2025-05-31,41,3,0,0,3
2024-11-21,train,PF_0002037_01,PF_0002037|7532|2024-09-20,4,7532,2024-09-20,2025-05-31,41,1,0,0,1
2024-11-21,train,PF_0002037_01,PF_0002037|7532|2024-09-20,5,7532,2024-09-20,2025-05-31,41,3,0,0,3
2024-11-21,train,PF_0002037_01,PF_0002037|7532|2024-09-20,6,7532,2024-09-20,2025-05-31,41,4,0,0,4
2024-11-21,train,PF_0002037_01,PF_0002037|7532|2024-09-20,7,7532,2024-09-20,2025-05-31,41,4,0,0,4
2024-11-21,train,PF_0002037_01,PF_0002037|7532|2024-09-20,8,7532,2024-09-20,2025-05-31,41,3,3,0,6
2024-11-21,train,PF_0002037_01,PF_0002037|7532|2024-09-20,9,7532,2024-09-20,2025-05-31,41,8,0,0,8
2024-11-22,train,PF_0021351_01,PF_0021351|7540|2024-09-07,1,7540,2024-09-07,2025-05-25,104,7,0,0,7
2024-11-22,train,PF_0021351_01,PF_0021351|7540|2024-09-07,3,7540,2024-09-07,2025-05-25,104,0,0,0,0
2024-11-22,train,PF_0021351_01,PF_0021351|7540|2024-09-07,4,7540,2024-09-07,2025-05-25,104,0,0,0,0
2024-11-22,train,PF_0021351_01,PF_0021351|7540|2024-09-07,5,7540,2024-09-07,2025-05-25,104,0,0,0,0
2024-11-22,train,PF_0021351_01,PF_0021351|7540|2024-09-07,6,7540,2024-09-07,2025-05-25,104,7,0,0,7
2024-11-22,train,PF_0021351_01,PF_0021351|7540|2024-09-07,7,7540,2024-09-07,2025-05-25,104,6,5,0,11
2024-11-22,train,PF_0021351_01,PF_0021351|7540|2024-09-07,8,7540,2024-09-07,2025-05-25,104,9,0,0,9
2024-11-22,train,PF_0021351_01,PF_0021351|7540|2024-09-07,9,7540,2024-09-07,2025-05-25,104,10,0,0,10
2024-11-22,train,PF_0022105_01,PF_0022105|7566|2024-09-01,1,7566,2024-09-01,2025-05-31,115,0,0,0,0
2024-11-22,train,PF_0022105_01,PF_0022105|7566|2024-09-01,2,7566,2024-09-01,2025-05-31,115,0,0,0,0
2024-11-22,train,PF_0022105_01,PF_0022105|7566|2024-09-01,3,7566,2024-09-01,2025-05-31,115,2,0,0,2
2024-11-22,train,PF_0022105_01,PF_0022105|7566|2024-09-01,4,7566,2024-09-01,2025-05-31,115,0,0,0,0
2024-11-22,train,PF_0022105_01,PF_0022105|7566|2024-09-01,5,7566,2024-09-01,2025-05-31,115,9,0,0,9
2024-11-22,train,PF_0022105_01,PF_0022105|7566|2024-09-01,6,7566,2024-09-01,2025-05-31,115,0,0,0,0
2024-11-22,train,PF_0022105_01,PF_0022105|7566|2024-09-01,7,7566,2024-09-01,2025-05-31,115,0,0,0,0
2024-11-22,train,PF_0022105_01,PF_0022105|7566|2024-09-01,8,7566,2024-09-01,2025-05-31,115,12,0,0,12
2024-11-22,train,PF_0022105_01,PF_0022105|7566|2024-09-01,9,7566,2024-09-01,2025-05-31,115,0,0,0,0
2024-11-25,train,PF_0000574_01,PF_0000574|7579|2024-09-01,1,7579,2024-09-01,2025-06-30,13,0,0,0,0
2024-11-25,train,PF_0000574_01,PF_0000574|7579|2024-09-01,2,7579,2024-09-01,2025-06-30,13,0,0,0,0
2024-11-25,train,PF_0000574_01,PF_0000574|7579|2024-09-01,3,7579,2024-09-01,2025-06-30,13,0,0,0,0
2024-11-25,train,PF_0000574_01,PF_0000574|7579|2024-09-01,4,7579,2024-09-01,2025-06-30,13,0,0,0,0
2024-11-25,train,PF_0000574_01,PF_0000574|7579|2024-09-01,5,7579,2024-09-01,2025-06-30,13,0,0,0,0
2024-11-25,train,PF_0000574_01,PF_0000574|7579|2024-09-01,6,7579,2024-09-01,2025-06-30,13,0,0,0,0
2024-11-25,train,PF_0000574_01,PF_0000574|7579|2024-09-01,7,7579,2024-09-01,2025-06-30,13,0,0,0,0
2024-11-25,train,PF_0000574_01,PF_0000574|7579|2024-09-01,8,7579,2024-09-01,2025-06-30,13,0,0,0,0
2024-11-25,train,PF_0000574_01,PF_0000574|7579|2024-09-01,9,7579,2024-09-01,2025-06-30,13,0,0,0,0
2024-11-25,validation,PF_0000778_01,PF_0000778|7578|2024-09-15,1,7578,2024-09-15,2025-06-30,20,0,0,0,0
2024-11-25,validation,PF_0000778_01,PF_0000778|7578|2024-09-15,2,7578,2024-09-15,2025-06-30,20,0,0,0,0
2024-11-25,validation,PF_0000778_01,PF_0000778|7578|2024-09-15,3,7578,2024-09-15,2025-06-30,20,0,0,0,0
2024-11-25,validation,PF_0000778_01,PF_0000778|7578|2024-09-15,4,7578,2024-09-15,2025-06-30,20,0,0,0,0
2024-11-25,validation,PF_0000778_01,PF_0000778|7578|2024-09-15,5,7578,2024-09-15,2025-06-30,20,0,0,0,0
2024-11-25,validation,PF_0000778_01,PF_0000778|7578|2024-09-15,6,7578,2024-09-15,2025-06-30,20,0,0,0,0
2024-11-25,validation,PF_0000778_01,PF_0000778|7578|2024-09-15,7,7578,2024-09-15,2025-06-30,20,0,0,0,0
2024-11-25,validation,PF_0000778_01,PF_0000778|7578|2024-09-15,8,7578,2024-09-15,2025-06-30,20,0,0,0,0
2024-11-25,validation,PF_0000778_01,PF_0000778|7578|2024-09-15,9,7578,2024-09-15,2025-06-30,20,0,0,0,0
2024-11-25,train,PF_0024651_01,PF_0024651|7538|2024-09-15,1,7538,2024-09-15,2025-06-10,148,0,0,0,0
2024-11-25,train,PF_0024651_01,PF_0024651|7538|2024-09-15,2,7538,2024-09-15,2025-06-10,148,0,0,0,0
2024-11-25,train,PF_0024651_01,PF_0024651|7538|2024-09-15,3,7538,2024-09-15,2025-06-10,148,0,0,0,0
2024-11-25,train,PF_0024651_01,PF_0024651|7538|2024-09-15,4,7538,2024-09-15,2025-06-10,148,0,0,0,0
2024-11-25,train,PF_0024651_01,PF_0024651|7538|2024-09-15,5,7538,2024-09-15,2025-06-10,148,0,0,0,0
2024-11-25,train,PF_0024651_01,PF_0024651|7538|2024-09-15,6,7538,2024-09-15,2025-06-10,148,0,0,0,0
2024-11-25,train,PF_0024651_01,PF_0024651|7538|2024-09-15,7,7538,2024-09-15,2025-06-10,148,0,0,0,0
2024-11-25,train,PF_0024651_01,PF_0024651|7538|2024-09-15,8,7538,2024-09-15,2025-06-10,148,0,0,0,0
2024-11-25,train,PF_0024651_01,PF_0024651|7538|2024-09-15,9,7538,2024-09-15,2025-06-10,148,0,0,0,0
2024-11-25,train,PF_0024654_01,PF_0024654|7527|2024-09-15,1,7527,2024-09-15,2025-06-10,150,0,0,0,0
2024-11-25,train,PF_0024654_01,PF_0024654|7527|2024-09-15,2,7527,2024-09-15,2025-06-10,150,0,0,0,0
2024-11-25,train,PF_0024654_01,PF_0024654|7527|2024-09-15,3,7527,2024-09-15,2025-06-10,150,0,0,0,0
2024-11-25,train,PF_0024654_01,PF_0024654|7527|2024-09-15,4,7527,2024-09-15,2025-06-10,150,0,0,0,0
2024-11-25,train,PF_0024654_01,PF_0024654|7527|2024-09-15,5,7527,2024-09-15,2025-06-10,150,0,0,0,0
2024-11-25,train,PF_0024654_01,PF_0024654|7527|2024-09-15,6,7527,2024-09-15,2025-06-10,150,0,0,0,0
2024-11-25,train,PF_0024654_01,PF_0024654|7527|2024-09-15,7,7527,2024-09-15,2025-06-10,150,0,0,0,0
2024-11-25,train,PF_0024654_01,PF_0024654|7527|2024-09-15,8,7527,2024-09-15,2025-06-10,150,0,0,0,0
2024-11-25,train,PF_0024654_01,PF_0024654|7527|2024-09-15,9,7527,2024-09-15,2025-06-10,150,0,0,0,0
2024-11-25,train,PF_0024655_01,PF_0024655|7533|2024-09-15,1,7533,2024-09-15,2025-06-30,152,0,0,0,0
2024-11-25,train,PF_0024655_01,PF_0024655|7533|2024-09-15,2,7533,2024-09-15,2025-06-30,152,0,0,0,0
2024-11-25,train,PF_0024655_01,PF_0024655|7533|2024-09-15,3,7533,2024-09-15,2025-06-30,152,0,0,0,0
2024-11-25,train,PF_0024655_01,PF_0024655|7533|2024-09-15,4,7533,2024-09-15,2025-06-30,152,0,0,0,0
2024-11-25,train,PF_0024655_01,PF_0024655|7533|2024-09-15,5,7533,2024-09-15,2025-06-30,152,0,0,0,0
2024-11-25,train,PF_0024655_01,PF_0024655|7533|2024-09-15,6,7533,2024-09-15,2025-06-30,152,0,0,0,0
2024-11-25,train,PF_0024655_01,PF_0024655|7533|2024-09-15,7,7533,2024-09-15,2025-06-30,152,0,0,0,0
2024-11-25,train,PF_0024655_01,PF_0024655|7533|2024-09-15,8,7533,2024-09-15,2025-06-30,152,0,0,0,0
2024-11-25,train,PF_0024655_01,PF_0024655|7533|2024-09-15,9,7533,2024-09-15,2025-06-30,152,0,0,0,0
2024-11-25,train,PF_0025106_01,PF_0025106|7518|2024-09-17,1,7518,2024-09-17,2025-06-30,200,0,0,0,0
2024-11-25,train,PF_0025106_01,PF_0025106|7518|2024-09-17,2,7518,2024-09-17,2025-06-30,200,0,0,0,0
2024-11-25,train,PF_0025106_01,PF_0025106|7518|2024-09-17,3,7518,2024-09-17,2025-06-30,200,0,0,0,0
2024-11-25,train,PF_0025106_01,PF_0025106|7518|2024-09-17,4,7518,2024-09-17,2025-06-30,200,0,0,0,0
2024-11-25,train,PF_0025106_01,PF_0025106|7518|2024-09-17,5,7518,2024-09-17,2025-06-30,200,0,0,0,0
2024-11-25,train,PF_0025106_01,PF_0025106|7518|2024-09-17,6,7518,2024-09-17,2025-06-30,200,0,0,0,0
2024-11-25,train,PF_0025106_01,PF_0025106|7518|2024-09-17,7,7518,2024-09-17,2025-06-30,200,0,0,0,0
2024-11-25,train,PF_0025106_01,PF_0025106|7518|2024-09-17,8,7518,2024-09-17,2025-06-30,200,0,0,0,0
2024-11-25,train,PF_0025106_01,PF_0025106|7518|2024-09-17,9,7518,2024-09-17,2025-06-30,200,0,0,0,0
2024-11-26,test,PF_0023621_01,PF_0023621|7565|2024-09-15,1,7565,2024-09-15,2025-05-03,122,0,0,0,0
2024-11-26,test,PF_0023621_01,PF_0023621|7565|2024-09-15,2,7565,2024-09-15,2025-05-03,122,0,0,0,0
2024-11-26,test,PF_0023621_01,PF_0023621|7565|2024-09-15,3,7565,2024-09-15,2025-05-03,122,0,0,0,0
2024-11-26,test,PF_0023621_01,PF_0023621|7565|2024-09-15,4,7565,2024-09-15,2025-05-03,122,0,0,0,0
2024-11-26,test,PF_0023621_01,PF_0023621|7565|2024-09-15,5,7565,2024-09-15,2025-05-03,122,0,0,0,0
2024-11-26,test,PF_0023621_01,PF_0023621|7565|2024-09-15,6,7565,2024-09-15,2025-05-03,122,0,0,0,0
2024-11-26,test,PF_0023621_01,PF_0023621|7565|2024-09-15,7,7565,2024-09-15,2025-05-03,122,0,0,0,0
2024-11-26,test,PF_0023621_01,PF_0023621|7565|2024-09-15,8,7565,2024-09-15,2025-05-03,122,0,0,0,0
2024-11-26,test,PF_0023621_01,PF_0023621|7565|2024-09-15,9,7565,2024-09-15,2025-05-03,122,0,0,0,0
2024-11-26,train,PF_0023743_01,PF_0023743|7559|2024-09-10,1,7559,2024-09-10,2025-05-31,129,13,0,0,13
2024-11-26,train,PF_0023743_01,PF_0023743|7559|2024-09-10,2,7559,2024-09-10,2025-05-31,129,13,0,0,13
2024-11-26,train,PF_0023743_01,PF_0023743|7559|2024-09-10,3,7559,2024-09-10,2025-05-31,129,12,0,0,12
2024-11-26,train,PF_0023743_01,PF_0023743|7559|2024-09-10,4,7559,2024-09-10,2025-05-31,129,14,0,0,14
2024-11-26,train,PF_0023743_01,PF_0023743|7559|2024-09-10,5,7559,2024-09-10,2025-05-31,129,13,0,0,13
2024-11-26,train,PF_0023743_01,PF_0023743|7559|2024-09-10,6,7559,2024-09-10,2025-05-31,129,10,0,0,10
2024-11-26,train,PF_0023743_01,PF_0023743|7559|2024-09-10,7,7559,2024-09-10,2025-05-31,129,11,0,0,11
2024-11-26,train,PF_0023743_01,PF_0023743|7559|2024-09-10,8,7559,2024-09-10,2025-05-31,129,9,0,0,9
2024-11-26,train,PF_0023743_01,PF_0023743|7559|2024-09-10,9,7559,2024-09-10,2025-05-31,129,9,0,0,9
2024-11-26,validation,PF_0023923_01,PF_0023923|7562|2024-08-31,1,7562,2024-08-31,2025-06-15,132,2,0,0,2
2024-11-26,validation,PF_0023923_01,PF_0023923|7562|2024-08-31,2,7562,2024-08-31,2025-06-15,132,1,0,0,1
2024-11-26,validation,PF_0023923_01,PF_0023923|7562|2024-08-31,3,7562,2024-08-31,2025-06-15,132,3,0,0,3
2024-11-26,validation,PF_0023923_01,PF_0023923|7562|2024-08-31,4,7562,2024-08-31,2025-06-15,132,0,0,0,0
2024-11-26,validation,PF_0023923_01,PF_0023923|7562|2024-08-31,5,7562,2024-08-31,2025-06-15,132,1,0,0,1
2024-11-26,validation,PF_0023923_01,PF_0023923|7562|2024-08-31,6,7562,2024-08-31,2025-06-15,132,2,0,0,2
2024-11-26,validation,PF_0023923_01,PF_0023923|7562|2024-08-31,7,7562,2024-08-31,2025-06-15,132,0,0,0,0
2024-11-26,validation,PF_0023923_01,PF_0023923|7562|2024-08-31,8,7562,2024-08-31,2025-06-15,132,1,0,0,1
2024-11-26,validation,PF_0023923_01,PF_0023923|7562|2024-08-31,9,7562,2024-08-31,2025-06-15,132,2,0,0,2
2024-11-26,train,PF_0024357_01,PF_0024357|7560|2024-09-09,1,7560,2024-09-09,2025-05-31,139,15,0,0,15
2024-11-26,train,PF_0024357_01,PF_0024357|7560|2024-09-09,2,7560,2024-09-09,2025-05-31,139,13,0,0,13
2024-11-26,train,PF_0024357_01,PF_0024357|7560|2024-09-09,3,7560,2024-09-09,2025-05-31,139,11,0,0,11
2024-11-26,train,PF_0024357_01,PF_0024357|7560|2024-09-09,4,7560,2024-09-09,2025-05-31,139,14,0,0,14
2024-11-26,train,PF_0024357_01,PF_0024357|7560|2024-09-09,5,7560,2024-09-09,2025-05-31,139,10,0,0,10
2024-11-26,train,PF_0024357_01,PF_0024357|7560|2024-09-09,6,7560,2024-09-09,2025-05-31,139,13,0,0,13
2024-11-26,train,PF_0024357_01,PF_0024357|7560|2024-09-09,7,7560,2024-09-09,2025-05-31,139,7,0,0,7
2024-11-26,train,PF_0024357_01,PF_0024357|7560|2024-09-09,8,7560,2024-09-09,2025-05-31,139,13,0,0,13
2024-11-26,train,PF_0024357_01,PF_0024357|7560|2024-09-09,9,7560,2024-09-09,2025-05-31,139,11,0,0,11
2024-11-26,validation,PF_0024365_01,PF_0024365|7561|2024-09-10,1,7561,2024-09-10,2025-05-20,142,5,0,0,5
2024-11-26,validation,PF_0024365_01,PF_0024365|7561|2024-09-10,2,7561,2024-09-10,2025-05-20,142,4,1,0,5
2024-11-26,validation,PF_0024365_01,PF_0024365|7561|2024-09-10,3,7561,2024-09-10,2025-05-20,142,8,0,0,8
2024-11-26,validation,PF_0024365_01,PF_0024365|7561|2024-09-10,4,7561,2024-09-10,2025-05-20,142,5,3,0,8
2024-11-26,validation,PF_0024365_01,PF_0024365|7561|2024-09-10,5,7561,2024-09-10,2025-05-20,142,6,0,0,6
2024-11-26,validation,PF_0024365_01,PF_0024365|7561|2024-09-10,6,7561,2024-09-10,2025-05-20,142,8,0,0,8
2024-11-26,validation,PF_0024365_01,PF_0024365|7561|2024-09-10,7,7561,2024-09-10,2025-05-20,142,5,0,0,5
2024-11-26,validation,PF_0024365_01,PF_0024365|7561|2024-09-10,8,7561,2024-09-10,2025-05-20,142,8,0,0,8
2024-11-26,validation,PF_0024365_01,PF_0024365|7561|2024-09-10,9,7561,2024-09-10,2025-05-20,142,6,0,0,6
2024-11-26,train,PF_0024688_01,PF_0024688|7558|2024-09-01,1,7558,2024-09-01,2025-06-30,160,13,0,0,13
2024-11-26,train,PF_0024688_01,PF_0024688|7558|2024-09-01,2,7558,2024-09-01,2025-06-30,160,0,0,0,0
2024-11-26,train,PF_0024688_01,PF_0024688|7558|2024-09-01,3,7558,2024-09-01,2025-06-30,160,8,0,0,8
2024-11-26,train,PF_0024688_01,PF_0024688|7558|2024-09-01,4,7558,2024-09-01,2025-06-30,160,9,0,0,9
2024-11-26,train,PF_0024688_01,PF_0024688|7558|2024-09-01,5,7558,2024-09-01,2025-06-30,160,10,0,0,10
2024-11-26,train,PF_0024688_01,PF_0024688|7558|2024-09-01,6,7558,2024-09-01,2025-06-30,160,8,0,0,8
2024-11-26,train,PF_0024688_01,PF_0024688|7558|2024-09-01,7,7558,2024-09-01,2025-06-30,160,6,0,0,6
2024-11-26,train,PF_0024688_01,PF_0024688|7558|2024-09-01,8,7558,2024-09-01,2025-06-30,160,7,0,0,7
2024-11-26,train,PF_0024688_01,PF_0024688|7558|2024-09-01,9,7558,2024-09-01,2025-06-30,160,7,0,0,7
2024-11-26,test,PF_0024700_01,PF_0024700|7546|2024-09-10,1,7546,2024-09-10,2025-05-31,181,0,0,0,0
2024-11-26,test,PF_0024700_01,PF_0024700|7546|2024-09-10,2,7546,2024-09-10,2025-05-31,181,0,0,0,0
2024-11-26,test,PF_0024700_01,PF_0024700|7546|2024-09-10,3,7546,2024-09-10,2025-05-31,181,0,0,0,0
2024-11-26,test,PF_0024700_01,PF_0024700|7546|2024-09-10,4,7546,2024-09-10,2025-05-31,181,0,0,0,0
2024-11-26,test,PF_0024700_01,PF_0024700|7546|2024-09-10,5,7546,2024-09-10,2025-05-31,181,0,0,0,0
2024-11-26,test,PF_0024700_01,PF_0024700|7546|2024-09-10,6,7546,2024-09-10,2025-05-31,181,0,0,0,0
2024-11-26,test,PF_0024700_01,PF_0024700|7546|2024-09-10,7,7546,2024-09-10,2025-05-31,181,0,0,0,0
2024-11-26,test,PF_0024700_01,PF_0024700|7546|2024-09-10,8,7546,2024-09-10,2025-05-31,181,0,0,0,0
2024-11-26,test,PF_0024700_01,PF_0024700|7546|2024-09-10,9,7546,2024-09-10,2025-05-31,181,0,0,0,0
2024-11-26,train,PF_0025103_01,PF_0025103|7521|2024-09-15,1,7521,2024-09-15,2025-06-10,196,0,0,0,0
2024-11-26,train,PF_0025103_01,PF_0025103|7521|2024-09-15,2,7521,2024-09-15,2025-06-10,196,0,0,0,0
2024-11-26,train,PF_0025103_01,PF_0025103|7521|2024-09-15,3,7521,2024-09-15,2025-06-10,196,0,0,0,0
2024-11-26,train,PF_0025103_01,PF_0025103|7521|2024-09-15,4,7521,2024-09-15,2025-06-10,196,0,0,0,0
2024-11-26,train,PF_0025103_01,PF_0025103|7521|2024-09-15,5,7521,2024-09-15,2025-06-10,196,0,0,0,0
2024-11-26,train,PF_0025103_01,PF_0025103|7521|2024-09-15,6,7521,2024-09-15,2025-06-10,196,0,0,0,0
2024-11-26,train,PF_0025103_01,PF_0025103|7521|2024-09-15,7,7521,2024-09-15,2025-06-10,196,0,0,0,0
2024-11-26,train,PF_0025103_01,PF_0025103|7521|2024-09-15,8,7521,2024-09-15,2025-06-10,196,0,0,0,0
2024-11-26,train,PF_0025103_01,PF_0025103|7521|2024-09-15,9,7521,2024-09-15,2025-06-10,196,0,0,0,0
2024-11-27,test,PF_0023732_01,PF_0023732|7564|2024-08-31,1,7564,2024-08-31,2025-06-15,126,1,0,0,1
2024-11-27,test,PF_0023732_01,PF_0023732|7564|2024-08-31,2,7564,2024-08-31,2025-06-15,126,1,0,0,1
2024-11-27,test,PF_0023732_01,PF_0023732|7564|2024-08-31,3,7564,2024-08-31,2025-06-15,126,6,0,0,6
2024-11-27,test,PF_0023732_01,PF_0023732|7564|2024-08-31,4,7564,2024-08-31,2025-06-15,126,0,0,0,0
2024-11-27,test,PF_0023732_01,PF_0023732|7564|2024-08-31,5,7564,2024-08-31,2025-06-15,126,2,0,0,2
2024-11-27,test,PF_0023732_01,PF_0023732|7564|2024-08-31,6,7564,2024-08-31,2025-06-15,126,7,0,0,7
2024-11-27,test,PF_0023732_01,PF_0023732|7564|2024-08-31,7,7564,2024-08-31,2025-06-15,126,10,0,0,10
2024-11-27,test,PF_0023732_01,PF_0023732|7564|2024-08-31,8,7564,2024-08-31,2025-06-15,126,0,8,0,8
2024-11-27,test,PF_0023732_01,PF_0023732|7564|2024-08-31,9,7564,2024-08-31,2025-06-15,126,0,0,0,0
2024-11-29,train,PF_0002037_01,PF_0002037|7532|2024-09-20,1,7532,2024-09-20,2025-05-31,41,7,0,0,7
2024-11-29,train,PF_0002037_01,PF_0002037|7532|2024-09-20,2,7532,2024-09-20,2025-05-31,41,4,3,0,7
2024-11-29,train,PF_0002037_01,PF_0002037|7532|2024-09-20,3,7532,2024-09-20,2025-05-31,41,5,0,0,5
2024-11-29,train,PF_0002037_01,PF_0002037|7532|2024-09-20,4,7532,2024-09-20,2025-05-31,41,3,0,0,3
2024-11-29,train,PF_0002037_01,PF_0002037|7532|2024-09-20,5,7532,2024-09-20,2025-05-31,41,7,0,0,7
2024-11-29,train,PF_0002037_01,PF_0002037|7532|2024-09-20,6,7532,2024-09-20,2025-05-31,41,5,0,0,5
2024-11-29,train,PF_0002037_01,PF_0002037|7532|2024-09-20,7,7532,2024-09-20,2025-05-31,41,7,0,0,7
2024-11-29,train,PF_0002037_01,PF_0002037|7532|2024-09-20,8,7532,2024-09-20,2025-05-31,41,4,6,0,10
2024-11-29,train,PF_0002037_01,PF_0002037|7532|2024-09-20,9,7532,2024-09-20,2025-05-31,41,11,0,0,11
2024-11-29,train,PF_0021351_01,PF_0021351|7540|2024-09-07,1,7540,2024-09-07,2025-05-25,104,6,0,0,6
2024-11-29,train,PF_0021351_01,PF_0021351|7540|2024-09-07,3,7540,2024-09-07,2025-05-25,104,0,0,0,0
2024-11-29,train,PF_0021351_01,PF_0021351|7540|2024-09-07,4,7540,2024-09-07,2025-05-25,104,0,0,0,0
2024-11-29,train,PF_0021351_01,PF_0021351|7540|2024-09-07,5,7540,2024-09-07,2025-05-25,104,0,0,0,0
2024-11-29,train,PF_0021351_01,PF_0021351|7540|2024-09-07,6,7540,2024-09-07,2025-05-25,104,9,0,0,9
2024-11-29,train,PF_0021351_01,PF_0021351|7540|2024-09-07,7,7540,2024-09-07,2025-05-25,104,6,7,0,13
2024-11-29,train,PF_0021351_01,PF_0021351|7540|2024-09-07,8,7540,2024-09-07,2025-05-25,104,9,0,0,9
2024-11-29,train,PF_0021351_01,PF_0021351|7540|2024-09-07,9,7540,2024-09-07,2025-05-25,104,13,0,0,13
2024-11-29,train,PF_0022105_01,PF_0022105|7566|2024-09-01,1,7566,2024-09-01,2025-05-31,115,2,0,0,2
2024-11-29,train,PF_0022105_01,PF_0022105|7566|2024-09-01,2,7566,2024-09-01,2025-05-31,115,0,0,0,0
2024-11-29,train,PF_0022105_01,PF_0022105|7566|2024-09-01,3,7566,2024-09-01,2025-05-31,115,6,0,0,6
2024-11-29,train,PF_0022105_01,PF_0022105|7566|2024-09-01,4,7566,2024-09-01,2025-05-31,115,0,0,0,0
2024-11-29,train,PF_0022105_01,PF_0022105|7566|2024-09-01,5,7566,2024-09-01,2025-05-31,115,13,0,0,13
2024-11-29,train,PF_0022105_01,PF_0022105|7566|2024-09-01,6,7566,2024-09-01,2025-05-31,115,0,0,0,0
2024-11-29,train,PF_0022105_01,PF_0022105|7566|2024-09-01,7,7566,2024-09-01,2025-05-31,115,0,0,0,0
2024-11-29,train,PF_0022105_01,PF_0022105|7566|2024-09-01,8,7566,2024-09-01,2025-05-31,115,14,0,0,14
2024-11-29,train,PF_0022105_01,PF_0022105|7566|2024-09-01,9,7566,2024-09-01,2025-05-31,115,0,0,0,0
2024-12-02,train,PF_0000574_01,PF_0000574|7579|2024-09-01,1,7579,2024-09-01,2025-06-30,13,0,0,0,0
2024-12-02,train,PF_0000574_01,PF_0000574|7579|2024-09-01,2,7579,2024-09-01,2025-06-30,13,0,0,0,0
2024-12-02,train,PF_0000574_01,PF_0000574|7579|2024-09-01,3,7579,2024-09-01,2025-06-30,13,0,0,0,0
2024-12-02,train,PF_0000574_01,PF_0000574|7579|2024-09-01,4,7579,2024-09-01,2025-06-30,13,0,0,0,0
2024-12-02,train,PF_0000574_01,PF_0000574|7579|2024-09-01,5,7579,2024-09-01,2025-06-30,13,0,0,0,0
2024-12-02,train,PF_0000574_01,PF_0000574|7579|2024-09-01,6,7579,2024-09-01,2025-06-30,13,0,0,0,0
2024-12-02,train,PF_0000574_01,PF_0000574|7579|2024-09-01,7,7579,2024-09-01,2025-06-30,13,0,0,0,0
2024-12-02,train,PF_0000574_01,PF_0000574|7579|2024-09-01,8,7579,2024-09-01,2025-06-30,13,0,0,0,0
2024-12-02,train,PF_0000574_01,PF_0000574|7579|2024-09-01,9,7579,2024-09-01,2025-06-30,13,0,0,0,0
2024-12-02,validation,PF_0000778_01,PF_0000778|7578|2024-09-15,1,7578,2024-09-15,2025-06-30,20,0,0,0,0
2024-12-02,validation,PF_0000778_01,PF_0000778|7578|2024-09-15,2,7578,2024-09-15,2025-06-30,20,0,0,0,0
2024-12-02,validation,PF_0000778_01,PF_0000778|7578|2024-09-15,3,7578,2024-09-15,2025-06-30,20,0,0,0,0
2024-12-02,validation,PF_0000778_01,PF_0000778|7578|2024-09-15,4,7578,2024-09-15,2025-06-30,20,0,0,0,0
2024-12-02,validation,PF_0000778_01,PF_0000778|7578|2024-09-15,5,7578,2024-09-15,2025-06-30,20,0,0,0,0
2024-12-02,validation,PF_0000778_01,PF_0000778|7578|2024-09-15,6,7578,2024-09-15,2025-06-30,20,0,0,0,0
2024-12-02,validation,PF_0000778_01,PF_0000778|7578|2024-09-15,7,7578,2024-09-15,2025-06-30,20,0,0,0,0
2024-12-02,validation,PF_0000778_01,PF_0000778|7578|2024-09-15,8,7578,2024-09-15,2025-06-30,20,0,0,0,0
2024-12-02,validation,PF_0000778_01,PF_0000778|7578|2024-09-15,9,7578,2024-09-15,2025-06-30,20,0,0,0,0
2024-12-02,train,PF_0023743_01,PF_0023743|7559|2024-09-10,1,7559,2024-09-10,2025-05-31,129,9,0,0,9
2024-12-02,train,PF_0023743_01,PF_0023743|7559|2024-09-10,2,7559,2024-09-10,2025-05-31,129,9,0,0,9
2024-12-02,train,PF_0023743_01,PF_0023743|7559|2024-09-10,3,7559,2024-09-10,2025-05-31,129,11,0,0,11
2024-12-02,train,PF_0023743_01,PF_0023743|7559|2024-09-10,4,7559,2024-09-10,2025-05-31,129,8,0,0,8
2024-12-02,train,PF_0023743_01,PF_0023743|7559|2024-09-10,5,7559,2024-09-10,2025-05-31,129,9,0,0,9
2024-12-02,train,PF_0023743_01,PF_0023743|7559|2024-09-10,6,7559,2024-09-10,2025-05-31,129,5,0,0,5
2024-12-02,train,PF_0023743_01,PF_0023743|7559|2024-09-10,7,7559,2024-09-10,2025-05-31,129,10,0,0,10
2024-12-02,train,PF_0023743_01,PF_0023743|7559|2024-09-10,8,7559,2024-09-10,2025-05-31,129,5,0,0,5
2024-12-02,train,PF_0023743_01,PF_0023743|7559|2024-09-10,9,7559,2024-09-10,2025-05-31,129,7,0,0,7
2024-12-02,train,PF_0024651_01,PF_0024651|7538|2024-09-15,1,7538,2024-09-15,2025-06-10,148,0,0,0,0
2024-12-02,train,PF_0024651_01,PF_0024651|7538|2024-09-15,2,7538,2024-09-15,2025-06-10,148,0,0,0,0
2024-12-02,train,PF_0024651_01,PF_0024651|7538|2024-09-15,3,7538,2024-09-15,2025-06-10,148,0,0,0,0
2024-12-02,train,PF_0024651_01,PF_0024651|7538|2024-09-15,4,7538,2024-09-15,2025-06-10,148,0,0,0,0
2024-12-02,train,PF_0024651_01,PF_0024651|7538|2024-09-15,5,7538,2024-09-15,2025-06-10,148,0,0,0,0
2024-12-02,train,PF_0024651_01,PF_0024651|7538|2024-09-15,6,7538,2024-09-15,2025-06-10,148,0,0,0,0
2024-12-02,train,PF_0024651_01,PF_0024651|7538|2024-09-15,7,7538,2024-09-15,2025-06-10,148,0,0,0,0
2024-12-02,train,PF_0024651_01,PF_0024651|7538|2024-09-15,8,7538,2024-09-15,2025-06-10,148,0,0,0,0
2024-12-02,train,PF_0024651_01,PF_0024651|7538|2024-09-15,9,7538,2024-09-15,2025-06-10,148,0,0,0,0
2024-12-02,train,PF_0024654_01,PF_0024654|7527|2024-09-15,1,7527,2024-09-15,2025-06-10,150,0,0,0,0
2024-12-02,train,PF_0024654_01,PF_0024654|7527|2024-09-15,2,7527,2024-09-15,2025-06-10,150,0,0,0,0
2024-12-02,train,PF_0024654_01,PF_0024654|7527|2024-09-15,3,7527,2024-09-15,2025-06-10,150,0,0,0,0
2024-12-02,train,PF_0024654_01,PF_0024654|7527|2024-09-15,4,7527,2024-09-15,2025-06-10,150,0,0,0,0
2024-12-02,train,PF_0024654_01,PF_0024654|7527|2024-09-15,5,7527,2024-09-15,2025-06-10,150,0,0,0,0
2024-12-02,train,PF_0024654_01,PF_0024654|7527|2024-09-15,6,7527,2024-09-15,2025-06-10,150,0,0,0,0
2024-12-02,train,PF_0024654_01,PF_0024654|7527|2024-09-15,7,7527,2024-09-15,2025-06-10,150,0,0,0,0
2024-12-02,train,PF_0024654_01,PF_0024654|7527|2024-09-15,8,7527,2024-09-15,2025-06-10,150,0,0,0,0
2024-12-02,train,PF_0024654_01,PF_0024654|7527|2024-09-15,9,7527,2024-09-15,2025-06-10,150,0,0,0,0
2024-12-02,train,PF_0024655_01,PF_0024655|7533|2024-09-15,1,7533,2024-09-15,2025-06-30,152,0,0,0,0
2024-12-02,train,PF_0024655_01,PF_0024655|7533|2024-09-15,2,7533,2024-09-15,2025-06-30,152,0,0,0,0
2024-12-02,train,PF_0024655_01,PF_0024655|7533|2024-09-15,3,7533,2024-09-15,2025-06-30,152,0,0,0,0
2024-12-02,train,PF_0024655_01,PF_0024655|7533|2024-09-15,4,7533,2024-09-15,2025-06-30,152,0,0,0,0
2024-12-02,train,PF_0024655_01,PF_0024655|7533|2024-09-15,5,7533,2024-09-15,2025-06-30,152,0,0,0,0
2024-12-02,train,PF_0024655_01,PF_0024655|7533|2024-09-15,6,7533,2024-09-15,2025-06-30,152,0,0,0,0
2024-12-02,train,PF_0024655_01,PF_0024655|7533|2024-09-15,7,7533,2024-09-15,2025-06-30,152,0,0,0,0
2024-12-02,train,PF_0024655_01,PF_0024655|7533|2024-09-15,8,7533,2024-09-15,2025-06-30,152,0,0,0,0
2024-12-02,train,PF_0024655_01,PF_0024655|7533|2024-09-15,9,7533,2024-09-15,2025-06-30,152,0,0,0,0
2024-12-02,train,PF_0024688_01,PF_0024688|7558|2024-09-01,1,7558,2024-09-01,2025-06-30,160,5,0,0,5
2024-12-02,train,PF_0024688_01,PF_0024688|7558|2024-09-01,2,7558,2024-09-01,2025-06-30,160,1,0,0,1
2024-12-02,train,PF_0024688_01,PF_0024688|7558|2024-09-01,3,7558,2024-09-01,2025-06-30,160,8,0,0,8
2024-12-02,train,PF_0024688_01,PF_0024688|7558|2024-09-01,4,7558,2024-09-01,2025-06-30,160,9,0,0,9
2024-12-02,train,PF_0024688_01,PF_0024688|7558|2024-09-01,5,7558,2024-09-01,2025-06-30,160,11,0,0,11
2024-12-02,train,PF_0024688_01,PF_0024688|7558|2024-09-01,6,7558,2024-09-01,2025-06-30,160,8,0,0,8
2024-12-02,train,PF_0024688_01,PF_0024688|7558|2024-09-01,7,7558,2024-09-01,2025-06-30,160,7,0,0,7
2024-12-02,train,PF_0024688_01,PF_0024688|7558|2024-09-01,8,7558,2024-09-01,2025-06-30,160,8,0,0,8
2024-12-02,train,PF_0024688_01,PF_0024688|7558|2024-09-01,9,7558,2024-09-01,2025-06-30,160,7,0,0,7
2024-12-02,train,PF_0025106_01,PF_0025106|7518|2024-09-17,1,7518,2024-09-17,2025-06-30,200,0,0,0,0
2024-12-02,train,PF_0025106_01,PF_0025106|7518|2024-09-17,2,7518,2024-09-17,2025-06-30,200,0,0,0,0
2024-12-02,train,PF_0025106_01,PF_0025106|7518|2024-09-17,3,7518,2024-09-17,2025-06-30,200,0,0,0,0
2024-12-02,train,PF_0025106_01,PF_0025106|7518|2024-09-17,4,7518,2024-09-17,2025-06-30,200,0,0,0,0
2024-12-02,train,PF_0025106_01,PF_0025106|7518|2024-09-17,5,7518,2024-09-17,2025-06-30,200,0,0,0,0
2024-12-02,train,PF_0025106_01,PF_0025106|7518|2024-09-17,6,7518,2024-09-17,2025-06-30,200,0,0,0,0
2024-12-02,train,PF_0025106_01,PF_0025106|7518|2024-09-17,7,7518,2024-09-17,2025-06-30,200,0,0,0,0
2024-12-02,train,PF_0025106_01,PF_0025106|7518|2024-09-17,8,7518,2024-09-17,2025-06-30,200,0,0,0,0
2024-12-02,train,PF_0025106_01,PF_0025106|7518|2024-09-17,9,7518,2024-09-17,2025-06-30,200,0,0,0,0
2024-12-03,test,PF_0023621_01,PF_0023621|7565|2024-09-15,1,7565,2024-09-15,2025-05-03,122,0,0,0,0
2024-12-03,test,PF_0023621_01,PF_0023621|7565|2024-09-15,2,7565,2024-09-15,2025-05-03,122,0,0,0,0
2024-12-03,test,PF_0023621_01,PF_0023621|7565|2024-09-15,3,7565,2024-09-15,2025-05-03,122,0,0,0,0
2024-12-03,test,PF_0023621_01,PF_0023621|7565|2024-09-15,4,7565,2024-09-15,2025-05-03,122,0,0,0,0
2024-12-03,test,PF_0023621_01,PF_0023621|7565|2024-09-15,5,7565,2024-09-15,2025-05-03,122,0,0,0,0
2024-12-03,test,PF_0023621_01,PF_0023621|7565|2024-09-15,6,7565,2024-09-15,2025-05-03,122,0,0,0,0
2024-12-03,test,PF_0023621_01,PF_0023621|7565|2024-09-15,7,7565,2024-09-15,2025-05-03,122,0,0,0,0
2024-12-03,test,PF_0023621_01,PF_0023621|7565|2024-09-15,8,7565,2024-09-15,2025-05-03,122,0,0,0,0
2024-12-03,test,PF_0023621_01,PF_0023621|7565|2024-09-15,9,7565,2024-09-15,2025-05-03,122,0,0,0,0
2024-12-03,validation,PF_0023923_01,PF_0023923|7562|2024-08-31,1,7562,2024-08-31,2025-06-15,132,5,0,0,5
2024-12-03,validation,PF_0023923_01,PF_0023923|7562|2024-08-31,2,7562,2024-08-31,2025-06-15,132,4,0,0,4
2024-12-03,validation,PF_0023923_01,PF_0023923|7562|2024-08-31,3,7562,2024-08-31,2025-06-15,132,7,0,0,7
2024-12-03,validation,PF_0023923_01,PF_0023923|7562|2024-08-31,4,7562,2024-08-31,2025-06-15,132,0,0,0,0
2024-12-03,validation,PF_0023923_01,PF_0023923|7562|2024-08-31,5,7562,2024-08-31,2025-06-15,132,6,0,0,6
2024-12-03,validation,PF_0023923_01,PF_0023923|7562|2024-08-31,6,7562,2024-08-31,2025-06-15,132,7,0,0,7
2024-12-03,validation,PF_0023923_01,PF_0023923|7562|2024-08-31,7,7562,2024-08-31,2025-06-15,132,0,0,0,0
2024-12-03,validation,PF_0023923_01,PF_0023923|7562|2024-08-31,8,7562,2024-08-31,2025-06-15,132,4,0,0,4
2024-12-03,validation,PF_0023923_01,PF_0023923|7562|2024-08-31,9,7562,2024-08-31,2025-06-15,132,6,0,0,6
2024-12-03,train,PF_0024357_01,PF_0024357|7560|2024-09-09,1,7560,2024-09-09,2025-05-31,139,12,0,0,12
2024-12-03,train,PF_0024357_01,PF_0024357|7560|2024-09-09,2,7560,2024-09-09,2025-05-31,139,10,0,0,10
2024-12-03,train,PF_0024357_01,PF_0024357|7560|2024-09-09,3,7560,2024-09-09,2025-05-31,139,10,0,0,10
2024-12-03,train,PF_0024357_01,PF_0024357|7560|2024-09-09,4,7560,2024-09-09,2025-05-31,139,10,0,0,10
2024-12-03,train,PF_0024357_01,PF_0024357|7560|2024-09-09,5,7560,2024-09-09,2025-05-31,139,8,0,0,8
2024-12-03,train,PF_0024357_01,PF_0024357|7560|2024-09-09,6,7560,2024-09-09,2025-05-31,139,12,0,0,12
2024-12-03,train,PF_0024357_01,PF_0024357|7560|2024-09-09,7,7560,2024-09-09,2025-05-31,139,5,0,0,5
2024-12-03,train,PF_0024357_01,PF_0024357|7560|2024-09-09,8,7560,2024-09-09,2025-05-31,139,12,0,0,12
2024-12-03,train,PF_0024357_01,PF_0024357|7560|2024-09-09,9,7560,2024-09-09,2025-05-31,139,9,0,0,9
2024-12-03,validation,PF_0024365_01,PF_0024365|7561|2024-09-10,1,7561,2024-09-10,2025-05-20,142,5,1,0,6
2024-12-03,validation,PF_0024365_01,PF_0024365|7561|2024-09-10,2,7561,2024-09-10,2025-05-20,142,3,4,0,7
2024-12-03,validation,PF_0024365_01,PF_0024365|7561|2024-09-10,3,7561,2024-09-10,2025-05-20,142,5,2,2,9
2024-12-03,validation,PF_0024365_01,PF_0024365|7561|2024-09-10,4,7561,2024-09-10,2025-05-20,142,5,3,0,8
2024-12-03,validation,PF_0024365_01,PF_0024365|7561|2024-09-10,5,7561,2024-09-10,2025-05-20,142,6,0,0,6
2024-12-03,validation,PF_0024365_01,PF_0024365|7561|2024-09-10,6,7561,2024-09-10,2025-05-20,142,8,1,0,9
2024-12-03,validation,PF_0024365_01,PF_0024365|7561|2024-09-10,7,7561,2024-09-10,2025-05-20,142,5,0,0,5
2024-12-03,validation,PF_0024365_01,PF_0024365|7561|2024-09-10,8,7561,2024-09-10,2025-05-20,142,9,2,0,11
2024-12-03,validation,PF_0024365_01,PF_0024365|7561|2024-09-10,9,7561,2024-09-10,2025-05-20,142,5,0,0,5
2024-12-03,test,PF_0024700_01,PF_0024700|7546|2024-09-10,1,7546,2024-09-10,2025-05-31,181,0,0,0,0
2024-12-03,test,PF_0024700_01,PF_0024700|7546|2024-09-10,2,7546,2024-09-10,2025-05-31,181,0,0,0,0
2024-12-03,test,PF_0024700_01,PF_0024700|7546|2024-09-10,3,7546,2024-09-10,2025-05-31,181,0,0,0,0
2024-12-03,test,PF_0024700_01,PF_0024700|7546|2024-09-10,4,7546,2024-09-10,2025-05-31,181,0,0,0,0
2024-12-03,test,PF_0024700_01,PF_0024700|7546|2024-09-10,5,7546,2024-09-10,2025-05-31,181,0,0,0,0
2024-12-03,test,PF_0024700_01,PF_0024700|7546|2024-09-10,6,7546,2024-09-10,2025-05-31,181,0,0,0,0
2024-12-03,test,PF_0024700_01,PF_0024700|7546|2024-09-10,7,7546,2024-09-10,2025-05-31,181,0,0,0,0
2024-12-03,test,PF_0024700_01,PF_0024700|7546|2024-09-10,8,7546,2024-09-10,2025-05-31,181,0,0,0,0
2024-12-03,test,PF_0024700_01,PF_0024700|7546|2024-09-10,9,7546,2024-09-10,2025-05-31,181,0,0,0,0
2024-12-03,train,PF_0025103_01,PF_0025103|7521|2024-09-15,1,7521,2024-09-15,2025-06-10,196,0,0,0,0
2024-12-03,train,PF_0025103_01,PF_0025103|7521|2024-09-15,2,7521,2024-09-15,2025-06-10,196,0,0,0,0
2024-12-03,train,PF_0025103_01,PF_0025103|7521|2024-09-15,3,7521,2024-09-15,2025-06-10,196,0,0,0,0
2024-12-03,train,PF_0025103_01,PF_0025103|7521|2024-09-15,4,7521,2024-09-15,2025-06-10,196,0,0,0,0
2024-12-03,train,PF_0025103_01,PF_0025103|7521|2024-09-15,5,7521,2024-09-15,2025-06-10,196,0,0,0,0
2024-12-03,train,PF_0025103_01,PF_0025103|7521|2024-09-15,6,7521,2024-09-15,2025-06-10,196,0,0,0,0
2024-12-03,train,PF_0025103_01,PF_0025103|7521|2024-09-15,7,7521,2024-09-15,2025-06-10,196,0,0,0,0
2024-12-03,train,PF_0025103_01,PF_0025103|7521|2024-09-15,8,7521,2024-09-15,2025-06-10,196,0,0,0,0
2024-12-03,train,PF_0025103_01,PF_0025103|7521|2024-09-15,9,7521,2024-09-15,2025-06-10,196,0,0,0,0
2024-12-05,train,PF_0002037_01,PF_0002037|7532|2024-09-20,1,7532,2024-09-20,2025-05-31,41,7,0,0,7
2024-12-05,train,PF_0002037_01,PF_0002037|7532|2024-09-20,2,7532,2024-09-20,2025-05-31,41,7,0,0,7
2024-12-05,train,PF_0002037_01,PF_0002037|7532|2024-09-20,3,7532,2024-09-20,2025-05-31,41,6,0,0,6
2024-12-05,train,PF_0002037_01,PF_0002037|7532|2024-09-20,4,7532,2024-09-20,2025-05-31,41,4,0,0,4
2024-12-05,train,PF_0002037_01,PF_0002037|7532|2024-09-20,5,7532,2024-09-20,2025-05-31,41,6,0,0,6
2024-12-05,train,PF_0002037_01,PF_0002037|7532|2024-09-20,6,7532,2024-09-20,2025-05-31,41,5,0,0,5
2024-12-05,train,PF_0002037_01,PF_0002037|7532|2024-09-20,7,7532,2024-09-20,2025-05-31,41,6,0,0,6
2024-12-05,train,PF_0002037_01,PF_0002037|7532|2024-09-20,8,7532,2024-09-20,2025-05-31,41,7,0,0,7
2024-12-05,train,PF_0002037_01,PF_0002037|7532|2024-09-20,9,7532,2024-09-20,2025-05-31,41,7,0,0,7
2024-12-05,train,PF_0021351_01,PF_0021351|7540|2024-09-07,1,7540,2024-09-07,2025-05-25,104,4,0,0,4
2024-12-05,train,PF_0021351_01,PF_0021351|7540|2024-09-07,2,7540,2024-09-07,2025-05-25,104,0,0,0,0
2024-12-05,train,PF_0021351_01,PF_0021351|7540|2024-09-07,3,7540,2024-09-07,2025-05-25,104,0,0,0,0
2024-12-05,train,PF_0021351_01,PF_0021351|7540|2024-09-07,4,7540,2024-09-07,2025-05-25,104,0,0,0,0
2024-12-05,train,PF_0021351_01,PF_0021351|7540|2024-09-07,5,7540,2024-09-07,2025-05-25,104,0,0,0,0
2024-12-05,train,PF_0021351_01,PF_0021351|7540|2024-09-07,6,7540,2024-09-07,2025-05-25,104,9,0,0,9
2024-12-05,train,PF_0021351_01,PF_0021351|7540|2024-09-07,7,7540,2024-09-07,2025-05-25,104,0,7,0,7
2024-12-05,train,PF_0021351_01,PF_0021351|7540|2024-09-07,8,7540,2024-09-07,2025-05-25,104,7,0,0,7
2024-12-05,train,PF_0021351_01,PF_0021351|7540|2024-09-07,9,7540,2024-09-07,2025-05-25,104,14,0,0,14
2024-12-05,train,PF_0022105_01,PF_0022105|7566|2024-09-01,1,7566,2024-09-01,2025-05-31,115,8,0,0,8
2024-12-05,train,PF_0022105_01,PF_0022105|7566|2024-09-01,2,7566,2024-09-01,2025-05-31,115,0,0,0,0
2024-12-05,train,PF_0022105_01,PF_0022105|7566|2024-09-01,3,7566,2024-09-01,2025-05-31,115,10,0,0,10
2024-12-05,train,PF_0022105_01,PF_0022105|7566|2024-09-01,4,7566,2024-09-01,2025-05-31,115,0,0,0,0
2024-12-05,train,PF_0022105_01,PF_0022105|7566|2024-09-01,5,7566,2024-09-01,2025-05-31,115,0,0,0,0
2024-12-05,train,PF_0022105_01,PF_0022105|7566|2024-09-01,6,7566,2024-09-01,2025-05-31,115,1,0,0,1
2024-12-05,train,PF_0022105_01,PF_0022105|7566|2024-09-01,7,7566,2024-09-01,2025-05-31,115,0,0,0,0
2024-12-05,train,PF_0022105_01,PF_0022105|7566|2024-09-01,8,7566,2024-09-01,2025-05-31,115,9,0,0,9
2024-12-05,train,PF_0022105_01,PF_0022105|7566|2024-09-01,9,7566,2024-09-01,2025-05-31,115,0,0,0,0
2024-12-05,test,PF_0023732_01,PF_0023732|7564|2024-08-31,1,7564,2024-08-31,2025-06-15,126,5,0,0,5
2024-12-05,test,PF_0023732_01,PF_0023732|7564|2024-08-31,2,7564,2024-08-31,2025-06-15,126,2,0,0,2
2024-12-05,test,PF_0023732_01,PF_0023732|7564|2024-08-31,3,7564,2024-08-31,2025-06-15,126,0,0,0,0
2024-12-05,test,PF_0023732_01,PF_0023732|7564|2024-08-31,4,7564,2024-08-31,2025-06-15,126,0,0,0,0
2024-12-05,test,PF_0023732_01,PF_0023732|7564|2024-08-31,5,7564,2024-08-31,2025-06-15,126,8,0,0,8
2024-12-05,test,PF_0023732_01,PF_0023732|7564|2024-08-31,6,7564,2024-08-31,2025-06-15,126,5,0,0,5
2024-12-05,test,PF_0023732_01,PF_0023732|7564|2024-08-31,7,7564,2024-08-31,2025-06-15,126,14,0,0,14
2024-12-05,test,PF_0023732_01,PF_0023732|7564|2024-08-31,8,7564,2024-08-31,2025-06-15,126,0,5,3,8
2024-12-05,test,PF_0023732_01,PF_0023732|7564|2024-08-31,9,7564,2024-08-31,2025-06-15,126,0,0,0,0
2024-12-09,train,PF_0000574_01,PF_0000574|7579|2024-09-01,1,7579,2024-09-01,2025-06-30,13,0,0,0,0
2024-12-09,train,PF_0000574_01,PF_0000574|7579|2024-09-01,2,7579,2024-09-01,2025-06-30,13,0,0,0,0
2024-12-09,train,PF_0000574_01,PF_0000574|7579|2024-09-01,3,7579,2024-09-01,2025-06-30,13,0,0,0,0
2024-12-09,train,PF_0000574_01,PF_0000574|7579|2024-09-01,4,7579,2024-09-01,2025-06-30,13,0,0,0,0
2024-12-09,train,PF_0000574_01,PF_0000574|7579|2024-09-01,5,7579,2024-09-01,2025-06-30,13,0,0,0,0
2024-12-09,train,PF_0000574_01,PF_0000574|7579|2024-09-01,6,7579,2024-09-01,2025-06-30,13,0,0,0,0
2024-12-09,train,PF_0000574_01,PF_0000574|7579|2024-09-01,7,7579,2024-09-01,2025-06-30,13,0,0,0,0
2024-12-09,train,PF_0000574_01,PF_0000574|7579|2024-09-01,8,7579,2024-09-01,2025-06-30,13,0,0,0,0
2024-12-09,train,PF_0000574_01,PF_0000574|7579|2024-09-01,9,7579,2024-09-01,2025-06-30,13,0,0,0,0
2024-12-09,validation,PF_0000778_01,PF_0000778|7578|2024-09-15,1,7578,2024-09-15,2025-06-30,20,0,0,0,0
2024-12-09,validation,PF_0000778_01,PF_0000778|7578|2024-09-15,2,7578,2024-09-15,2025-06-30,20,0,0,0,0
2024-12-09,validation,PF_0000778_01,PF_0000778|7578|2024-09-15,3,7578,2024-09-15,2025-06-30,20,0,0,0,0
2024-12-09,validation,PF_0000778_01,PF_0000778|7578|2024-09-15,4,7578,2024-09-15,2025-06-30,20,0,0,0,0
2024-12-09,validation,PF_0000778_01,PF_0000778|7578|2024-09-15,5,7578,2024-09-15,2025-06-30,20,0,0,0,0
2024-12-09,validation,PF_0000778_01,PF_0000778|7578|2024-09-15,6,7578,2024-09-15,2025-06-30,20,0,0,0,0
2024-12-09,validation,PF_0000778_01,PF_0000778|7578|2024-09-15,7,7578,2024-09-15,2025-06-30,20,0,0,0,0
2024-12-09,validation,PF_0000778_01,PF_0000778|7578|2024-09-15,8,7578,2024-09-15,2025-06-30,20,0,0,0,0
2024-12-09,validation,PF_0000778_01,PF_0000778|7578|2024-09-15,9,7578,2024-09-15,2025-06-30,20,0,0,0,0
2024-12-09,train,PF_0023743_01,PF_0023743|7559|2024-09-10,1,7559,2024-09-10,2025-05-31,129,8,0,0,8
2024-12-09,train,PF_0023743_01,PF_0023743|7559|2024-09-10,2,7559,2024-09-10,2025-05-31,129,9,0,0,9
2024-12-09,train,PF_0023743_01,PF_0023743|7559|2024-09-10,3,7559,2024-09-10,2025-05-31,129,11,0,2,13
2024-12-09,train,PF_0023743_01,PF_0023743|7559|2024-09-10,4,7559,2024-09-10,2025-05-31,129,8,0,0,8
2024-12-09,train,PF_0023743_01,PF_0023743|7559|2024-09-10,5,7559,2024-09-10,2025-05-31,129,10,0,0,10
2024-12-09,train,PF_0023743_01,PF_0023743|7559|2024-09-10,6,7559,2024-09-10,2025-05-31,129,5,0,0,5
2024-12-09,train,PF_0023743_01,PF_0023743|7559|2024-09-10,7,7559,2024-09-10,2025-05-31,129,9,0,0,9
2024-12-09,train,PF_0023743_01,PF_0023743|7559|2024-09-10,8,7559,2024-09-10,2025-05-31,129,5,0,0,5
2024-12-09,train,PF_0023743_01,PF_0023743|7559|2024-09-10,9,7559,2024-09-10,2025-05-31,129,6,0,0,6
2024-12-09,validation,PF_0023923_01,PF_0023923|7562|2024-08-31,1,7562,2024-08-31,2025-06-15,132,9,0,0,9
2024-12-09,validation,PF_0023923_01,PF_0023923|7562|2024-08-31,2,7562,2024-08-31,2025-06-15,132,9,0,0,9
2024-12-09,validation,PF_0023923_01,PF_0023923|7562|2024-08-31,3,7562,2024-08-31,2025-06-15,132,10,0,0,10
2024-12-09,validation,PF_0023923_01,PF_0023923|7562|2024-08-31,4,7562,2024-08-31,2025-06-15,132,0,0,0,0
2024-12-09,validation,PF_0023923_01,PF_0023923|7562|2024-08-31,5,7562,2024-08-31,2025-06-15,132,9,0,0,9
2024-12-09,validation,PF_0023923_01,PF_0023923|7562|2024-08-31,6,7562,2024-08-31,2025-06-15,132,8,0,0,8
2024-12-09,validation,PF_0023923_01,PF_0023923|7562|2024-08-31,7,7562,2024-08-31,2025-06-15,132,0,0,0,0
2024-12-09,validation,PF_0023923_01,PF_0023923|7562|2024-08-31,8,7562,2024-08-31,2025-06-15,132,10,0,0,10
2024-12-09,validation,PF_0023923_01,PF_0023923|7562|2024-08-31,9,7562,2024-08-31,2025-06-15,132,9,0,0,9
2024-12-09,train,PF_0024651_01,PF_0024651|7538|2024-09-15,1,7538,2024-09-15,2025-06-10,148,0,0,0,0
2024-12-09,train,PF_0024651_01,PF_0024651|7538|2024-09-15,2,7538,2024-09-15,2025-06-10,148,0,0,0,0
2024-12-09,train,PF_0024651_01,PF_0024651|7538|2024-09-15,3,7538,2024-09-15,2025-06-10,148,0,0,0,0
2024-12-09,train,PF_0024651_01,PF_0024651|7538|2024-09-15,4,7538,2024-09-15,2025-06-10,148,0,0,0,0
2024-12-09,train,PF_0024651_01,PF_0024651|7538|2024-09-15,5,7538,2024-09-15,2025-06-10,148,0,0,0,0
2024-12-09,train,PF_0024651_01,PF_0024651|7538|2024-09-15,6,7538,2024-09-15,2025-06-10,148,0,0,0,0
2024-12-09,train,PF_0024651_01,PF_0024651|7538|2024-09-15,7,7538,2024-09-15,2025-06-10,148,0,0,0,0
2024-12-09,train,PF_0024651_01,PF_0024651|7538|2024-09-15,8,7538,2024-09-15,2025-06-10,148,0,0,0,0
2024-12-09,train,PF_0024651_01,PF_0024651|7538|2024-09-15,9,7538,2024-09-15,2025-06-10,148,0,0,0,0
2024-12-09,train,PF_0024654_01,PF_0024654|7527|2024-09-15,1,7527,2024-09-15,2025-06-10,150,0,0,0,0
2024-12-09,train,PF_0024654_01,PF_0024654|7527|2024-09-15,2,7527,2024-09-15,2025-06-10,150,0,0,0,0
2024-12-09,train,PF_0024654_01,PF_0024654|7527|2024-09-15,3,7527,2024-09-15,2025-06-10,150,0,0,0,0
2024-12-09,train,PF_0024654_01,PF_0024654|7527|2024-09-15,4,7527,2024-09-15,2025-06-10,150,0,0,0,0
2024-12-09,train,PF_0024654_01,PF_0024654|7527|2024-09-15,5,7527,2024-09-15,2025-06-10,150,0,0,0,0
2024-12-09,train,PF_0024654_01,PF_0024654|7527|2024-09-15,6,7527,2024-09-15,2025-06-10,150,0,0,0,0
2024-12-09,train,PF_0024654_01,PF_0024654|7527|2024-09-15,7,7527,2024-09-15,2025-06-10,150,0,0,0,0
2024-12-09,train,PF_0024654_01,PF_0024654|7527|2024-09-15,8,7527,2024-09-15,2025-06-10,150,0,0,0,0
2024-12-09,train,PF_0024654_01,PF_0024654|7527|2024-09-15,9,7527,2024-09-15,2025-06-10,150,0,0,0,0
2024-12-09,train,PF_0024655_01,PF_0024655|7533|2024-09-15,1,7533,2024-09-15,2025-06-30,152,0,0,0,0
2024-12-09,train,PF_0024655_01,PF_0024655|7533|2024-09-15,2,7533,2024-09-15,2025-06-30,152,0,0,0,0
2024-12-09,train,PF_0024655_01,PF_0024655|7533|2024-09-15,3,7533,2024-09-15,2025-06-30,152,0,0,0,0
2024-12-09,train,PF_0024655_01,PF_0024655|7533|2024-09-15,4,7533,2024-09-15,2025-06-30,152,0,0,0,0
2024-12-09,train,PF_0024655_01,PF_0024655|7533|2024-09-15,5,7533,2024-09-15,2025-06-30,152,0,0,0,0
2024-12-09,train,PF_0024655_01,PF_0024655|7533|2024-09-15,6,7533,2024-09-15,2025-06-30,152,0,0,0,0
2024-12-09,train,PF_0024655_01,PF_0024655|7533|2024-09-15,7,7533,2024-09-15,2025-06-30,152,0,0,0,0
2024-12-09,train,PF_0024655_01,PF_0024655|7533|2024-09-15,8,7533,2024-09-15,2025-06-30,152,0,0,0,0
2024-12-09,train,PF_0024655_01,PF_0024655|7533|2024-09-15,9,7533,2024-09-15,2025-06-30,152,0,0,0,0
2024-12-09,train,PF_0024688_01,PF_0024688|7558|2024-09-01,1,7558,2024-09-01,2025-06-30,160,6,0,0,6
2024-12-09,train,PF_0024688_01,PF_0024688|7558|2024-09-01,2,7558,2024-09-01,2025-06-30,160,6,0,0,6
2024-12-09,train,PF_0024688_01,PF_0024688|7558|2024-09-01,3,7558,2024-09-01,2025-06-30,160,6,0,0,6
2024-12-09,train,PF_0024688_01,PF_0024688|7558|2024-09-01,4,7558,2024-09-01,2025-06-30,160,8,2,0,10
2024-12-09,train,PF_0024688_01,PF_0024688|7558|2024-09-01,5,7558,2024-09-01,2025-06-30,160,12,0,0,12
2024-12-09,train,PF_0024688_01,PF_0024688|7558|2024-09-01,6,7558,2024-09-01,2025-06-30,160,6,1,0,7
2024-12-09,train,PF_0024688_01,PF_0024688|7558|2024-09-01,7,7558,2024-09-01,2025-06-30,160,6,0,0,6
2024-12-09,train,PF_0024688_01,PF_0024688|7558|2024-09-01,8,7558,2024-09-01,2025-06-30,160,9,0,0,9
2024-12-09,train,PF_0024688_01,PF_0024688|7558|2024-09-01,9,7558,2024-09-01,2025-06-30,160,7,0,0,7
2024-12-09,train,PF_0025106_01,PF_0025106|7518|2024-09-17,1,7518,2024-09-17,2025-06-30,200,0,0,0,0
2024-12-09,train,PF_0025106_01,PF_0025106|7518|2024-09-17,2,7518,2024-09-17,2025-06-30,200,0,0,0,0
2024-12-09,train,PF_0025106_01,PF_0025106|7518|2024-09-17,3,7518,2024-09-17,2025-06-30,200,0,0,0,0
2024-12-09,train,PF_0025106_01,PF_0025106|7518|2024-09-17,4,7518,2024-09-17,2025-06-30,200,0,0,0,0
2024-12-09,train,PF_0025106_01,PF_0025106|7518|2024-09-17,5,7518,2024-09-17,2025-06-30,200,0,0,0,0
2024-12-09,train,PF_0025106_01,PF_0025106|7518|2024-09-17,6,7518,2024-09-17,2025-06-30,200,0,0,0,0
2024-12-09,train,PF_0025106_01,PF_0025106|7518|2024-09-17,7,7518,2024-09-17,2025-06-30,200,0,0,0,0
2024-12-09,train,PF_0025106_01,PF_0025106|7518|2024-09-17,8,7518,2024-09-17,2025-06-30,200,0,0,0,0
2024-12-09,train,PF_0025106_01,PF_0025106|7518|2024-09-17,9,7518,2024-09-17,2025-06-30,200,0,0,0,0
2024-12-10,test,PF_0023621_01,PF_0023621|7565|2024-09-15,1,7565,2024-09-15,2025-05-03,122,0,0,0,0
2024-12-10,test,PF_0023621_01,PF_0023621|7565|2024-09-15,2,7565,2024-09-15,2025-05-03,122,0,0,0,0
2024-12-10,test,PF_0023621_01,PF_0023621|7565|2024-09-15,3,7565,2024-09-15,2025-05-03,122,0,0,0,0
2024-12-10,test,PF_0023621_01,PF_0023621|7565|2024-09-15,4,7565,2024-09-15,2025-05-03,122,0,0,0,0
2024-12-10,test,PF_0023621_01,PF_0023621|7565|2024-09-15,5,7565,2024-09-15,2025-05-03,122,0,0,0,0
2024-12-10,test,PF_0023621_01,PF_0023621|7565|2024-09-15,6,7565,2024-09-15,2025-05-03,122,0,0,0,0
2024-12-10,test,PF_0023621_01,PF_0023621|7565|2024-09-15,7,7565,2024-09-15,2025-05-03,122,0,0,0,0
2024-12-10,test,PF_0023621_01,PF_0023621|7565|2024-09-15,8,7565,2024-09-15,2025-05-03,122,0,0,0,0
2024-12-10,test,PF_0023621_01,PF_0023621|7565|2024-09-15,9,7565,2024-09-15,2025-05-03,122,0,0,0,0
2024-12-10,test,PF_0023732_01,PF_0023732|7564|2024-08-31,1,7564,2024-08-31,2025-06-15,126,8,0,0,8
2024-12-10,test,PF_0023732_01,PF_0023732|7564|2024-08-31,2,7564,2024-08-31,2025-06-15,126,6,0,0,6
2024-12-10,test,PF_0023732_01,PF_0023732|7564|2024-08-31,3,7564,2024-08-31,2025-06-15,126,0,0,0,0
2024-12-10,test,PF_0023732_01,PF_0023732|7564|2024-08-31,4,7564,2024-08-31,2025-06-15,126,1,0,0,1
2024-12-10,test,PF_0023732_01,PF_0023732|7564|2024-08-31,5,7564,2024-08-31,2025-06-15,126,13,0,0,13
2024-12-10,test,PF_0023732_01,PF_0023732|7564|2024-08-31,6,7564,2024-08-31,2025-06-15,126,3,0,0,3
2024-12-10,test,PF_0023732_01,PF_0023732|7564|2024-08-31,7,7564,2024-08-31,2025-06-15,126,2,0,0,2
2024-12-10,test,PF_0023732_01,PF_0023732|7564|2024-08-31,8,7564,2024-08-31,2025-06-15,126,0,0,4,4
2024-12-10,test,PF_0023732_01,PF_0023732|7564|2024-08-31,9,7564,2024-08-31,2025-06-15,126,1,0,0,1
2024-12-10,train,PF_0024357_01,PF_0024357|7560|2024-09-09,1,7560,2024-09-09,2025-05-31,139,10,0,0,10
2024-12-10,train,PF_0024357_01,PF_0024357|7560|2024-09-09,2,7560,2024-09-09,2025-05-31,139,9,1,0,10
2024-12-10,train,PF_0024357_01,PF_0024357|7560|2024-09-09,3,7560,2024-09-09,2025-05-31,139,6,0,0,6
2024-12-10,train,PF_0024357_01,PF_0024357|7560|2024-09-09,4,7560,2024-09-09,2025-05-31,139,14,0,0,14
2024-12-10,train,PF_0024357_01,PF_0024357|7560|2024-09-09,5,7560,2024-09-09,2025-05-31,139,6,1,0,7
2024-12-10,train,PF_0024357_01,PF_0024357|7560|2024-09-09,6,7560,2024-09-09,2025-05-31,139,10,0,0,10
2024-12-10,train,PF_0024357_01,PF_0024357|7560|2024-09-09,7,7560,2024-09-09,2025-05-31,139,3,0,0,3
2024-12-10,train,PF_0024357_01,PF_0024357|7560|2024-09-09,8,7560,2024-09-09,2025-05-31,139,9,0,0,9
2024-12-10,train,PF_0024357_01,PF_0024357|7560|2024-09-09,9,7560,2024-09-09,2025-05-31,139,9,0,0,9
2024-12-10,validation,PF_0024365_01,PF_0024365|7561|2024-09-10,1,7561,2024-09-10,2025-05-20,142,2,3,0,5
2024-12-10,validation,PF_0024365_01,PF_0024365|7561|2024-09-10,2,7561,2024-09-10,2025-05-20,142,0,6,0,6
2024-12-10,validation,PF_0024365_01,PF_0024365|7561|2024-09-10,3,7561,2024-09-10,2025-05-20,142,0,3,6,9
2024-12-10,validation,PF_0024365_01,PF_0024365|7561|2024-09-10,4,7561,2024-09-10,2025-05-20,142,5,2,0,7
2024-12-10,validation,PF_0024365_01,PF_0024365|7561|2024-09-10,5,7561,2024-09-10,2025-05-20,142,5,1,0,6
2024-12-10,validation,PF_0024365_01,PF_0024365|7561|2024-09-10,6,7561,2024-09-10,2025-05-20,142,6,3,0,9
2024-12-10,validation,PF_0024365_01,PF_0024365|7561|2024-09-10,7,7561,2024-09-10,2025-05-20,142,5,1,0,6
2024-12-10,validation,PF_0024365_01,PF_0024365|7561|2024-09-10,8,7561,2024-09-10,2025-05-20,142,7,4,0,11
2024-12-10,validation,PF_0024365_01,PF_0024365|7561|2024-09-10,9,7561,2024-09-10,2025-05-20,142,3,0,0,3
2024-12-10,test,PF_0024700_01,PF_0024700|7546|2024-09-10,1,7546,2024-09-10,2025-05-31,181,0,0,0,0
2024-12-10,test,PF_0024700_01,PF_0024700|7546|2024-09-10,2,7546,2024-09-10,2025-05-31,181,0,0,0,0
2024-12-10,test,PF_0024700_01,PF_0024700|7546|2024-09-10,3,7546,2024-09-10,2025-05-31,181,0,0,0,0
2024-12-10,test,PF_0024700_01,PF_0024700|7546|2024-09-10,4,7546,2024-09-10,2025-05-31,181,0,0,0,0
2024-12-10,test,PF_0024700_01,PF_0024700|7546|2024-09-10,5,7546,2024-09-10,2025-05-31,181,0,0,0,0
2024-12-10,test,PF_0024700_01,PF_0024700|7546|2024-09-10,6,7546,2024-09-10,2025-05-31,181,0,0,0,0
2024-12-10,test,PF_0024700_01,PF_0024700|7546|2024-09-10,7,7546,2024-09-10,2025-05-31,181,0,0,0,0
2024-12-10,test,PF_0024700_01,PF_0024700|7546|2024-09-10,8,7546,2024-09-10,2025-05-31,181,0,0,0,0
2024-12-10,test,PF_0024700_01,PF_0024700|7546|2024-09-10,9,7546,2024-09-10,2025-05-31,181,0,0,0,0
2024-12-10,train,PF_0025103_01,PF_0025103|7521|2024-09-15,1,7521,2024-09-15,2025-06-10,196,0,0,0,0
2024-12-10,train,PF_0025103_01,PF_0025103|7521|2024-09-15,2,7521,2024-09-15,2025-06-10,196,0,0,0,0
2024-12-10,train,PF_0025103_01,PF_0025103|7521|2024-09-15,3,7521,2024-09-15,2025-06-10,196,0,0,0,0
2024-12-10,train,PF_0025103_01,PF_0025103|7521|2024-09-15,4,7521,2024-09-15,2025-06-10,196,0,0,0,0
2024-12-10,train,PF_0025103_01,PF_0025103|7521|2024-09-15,5,7521,2024-09-15,2025-06-10,196,0,0,0,0
2024-12-10,train,PF_0025103_01,PF_0025103|7521|2024-09-15,6,7521,2024-09-15,2025-06-10,196,0,0,0,0
2024-12-10,train,PF_0025103_01,PF_0025103|7521|2024-09-15,7,7521,2024-09-15,2025-06-10,196,0,0,0,0
2024-12-10,train,PF_0025103_01,PF_0025103|7521|2024-09-15,8,7521,2024-09-15,2025-06-10,196,0,0,0,0
2024-12-10,train,PF_0025103_01,PF_0025103|7521|2024-09-15,9,7521,2024-09-15,2025-06-10,196,0,0,0,0
2024-12-12,train,PF_0002037_01,PF_0002037|7532|2024-09-20,1,7532,2024-09-20,2025-05-31,41,7,0,0,7
2024-12-12,train,PF_0002037_01,PF_0002037|7532|2024-09-20,2,7532,2024-09-20,2025-05-31,41,4,0,0,4
2024-12-12,train,PF_0002037_01,PF_0002037|7532|2024-09-20,3,7532,2024-09-20,2025-05-31,41,0,0,0,0
2024-12-12,train,PF_0002037_01,PF_0002037|7532|2024-09-20,4,7532,2024-09-20,2025-05-31,41,4,0,0,4
2024-12-12,train,PF_0002037_01,PF_0002037|7532|2024-09-20,5,7532,2024-09-20,2025-05-31,41,7,0,0,7
2024-12-12,train,PF_0002037_01,PF_0002037|7532|2024-09-20,6,7532,2024-09-20,2025-05-31,41,0,0,0,0
2024-12-12,train,PF_0002037_01,PF_0002037|7532|2024-09-20,7,7532,2024-09-20,2025-05-31,41,6,2,0,8
2024-12-12,train,PF_0002037_01,PF_0002037|7532|2024-09-20,8,7532,2024-09-20,2025-05-31,41,4,0,0,4
2024-12-12,train,PF_0002037_01,PF_0002037|7532|2024-09-20,9,7532,2024-09-20,2025-05-31,41,0,0,0,0
2024-12-12,train,PF_0021351_01,PF_0021351|7540|2024-09-07,1,7540,2024-09-07,2025-05-25,104,5,0,0,5
2024-12-12,train,PF_0021351_01,PF_0021351|7540|2024-09-07,3,7540,2024-09-07,2025-05-25,104,0,0,0,0
2024-12-12,train,PF_0021351_01,PF_0021351|7540|2024-09-07,4,7540,2024-09-07,2025-05-25,104,4,0,0,4
2024-12-12,train,PF_0021351_01,PF_0021351|7540|2024-09-07,5,7540,2024-09-07,2025-05-25,104,0,0,0,0
2024-12-12,train,PF_0021351_01,PF_0021351|7540|2024-09-07,6,7540,2024-09-07,2025-05-25,104,8,0,0,8
2024-12-12,train,PF_0021351_01,PF_0021351|7540|2024-09-07,7,7540,2024-09-07,2025-05-25,104,0,8,0,8
2024-12-12,train,PF_0021351_01,PF_0021351|7540|2024-09-07,8,7540,2024-09-07,2025-05-25,104,9,1,0,10
2024-12-12,train,PF_0021351_01,PF_0021351|7540|2024-09-07,9,7540,2024-09-07,2025-05-25,104,14,0,0,14
2024-12-12,train,PF_0022105_01,PF_0022105|7566|2024-09-01,1,7566,2024-09-01,2025-05-31,115,8,0,0,8
2024-12-12,train,PF_0022105_01,PF_0022105|7566|2024-09-01,2,7566,2024-09-01,2025-05-31,115,1,0,0,1
2024-12-12,train,PF_0022105_01,PF_0022105|7566|2024-09-01,3,7566,2024-09-01,2025-05-31,115,10,0,0,10
2024-12-12,train,PF_0022105_01,PF_0022105|7566|2024-09-01,4,7566,2024-09-01,2025-05-31,115,2,0,0,2
2024-12-12,train,PF_0022105_01,PF_0022105|7566|2024-09-01,6,7566,2024-09-01,2025-05-31,115,5,0,0,5
2024-12-12,train,PF_0022105_01,PF_0022105|7566|2024-09-01,7,7566,2024-09-01,2025-05-31,115,2,0,0,2
2024-12-12,train,PF_0022105_01,PF_0022105|7566|2024-09-01,8,7566,2024-09-01,2025-05-31,115,7,1,0,8
2024-12-12,train,PF_0022105_01,PF_0022105|7566|2024-09-01,9,7566,2024-09-01,2025-05-31,115,3,0,0,3
2024-12-16,train,PF_0000574_01,PF_0000574|7579|2024-09-01,1,7579,2024-09-01,2025-06-30,13,0,0,0,0
2024-12-16,train,PF_0000574_01,PF_0000574|7579|2024-09-01,2,7579,2024-09-01,2025-06-30,13,0,0,0,0
2024-12-16,train,PF_0000574_01,PF_0000574|7579|2024-09-01,3,7579,2024-09-01,2025-06-30,13,0,0,0,0
2024-12-16,train,PF_0000574_01,PF_0000574|7579|2024-09-01,4,7579,2024-09-01,2025-06-30,13,0,0,0,0
2024-12-16,train,PF_0000574_01,PF_0000574|7579|2024-09-01,5,7579,2024-09-01,2025-06-30,13,0,0,0,0
2024-12-16,train,PF_0000574_01,PF_0000574|7579|2024-09-01,6,7579,2024-09-01,2025-06-30,13,0,0,0,0
2024-12-16,train,PF_0000574_01,PF_0000574|7579|2024-09-01,7,7579,2024-09-01,2025-06-30,13,0,0,0,0
2024-12-16,train,PF_0000574_01,PF_0000574|7579|2024-09-01,8,7579,2024-09-01,2025-06-30,13,0,0,0,0
2024-12-16,train,PF_0000574_01,PF_0000574|7579|2024-09-01,9,7579,2024-09-01,2025-06-30,13,0,0,0,0
2024-12-16,validation,PF_0000778_01,PF_0000778|7578|2024-09-15,1,7578,2024-09-15,2025-06-30,20,0,0,0,0
2024-12-16,validation,PF_0000778_01,PF_0000778|7578|2024-09-15,2,7578,2024-09-15,2025-06-30,20,0,0,0,0
2024-12-16,validation,PF_0000778_01,PF_0000778|7578|2024-09-15,3,7578,2024-09-15,2025-06-30,20,0,0,0,0
2024-12-16,validation,PF_0000778_01,PF_0000778|7578|2024-09-15,4,7578,2024-09-15,2025-06-30,20,0,0,0,0
2024-12-16,validation,PF_0000778_01,PF_0000778|7578|2024-09-15,5,7578,2024-09-15,2025-06-30,20,0,0,0,0
2024-12-16,validation,PF_0000778_01,PF_0000778|7578|2024-09-15,6,7578,2024-09-15,2025-06-30,20,0,0,0,0
2024-12-16,validation,PF_0000778_01,PF_0000778|7578|2024-09-15,7,7578,2024-09-15,2025-06-30,20,0,0,0,0
2024-12-16,validation,PF_0000778_01,PF_0000778|7578|2024-09-15,8,7578,2024-09-15,2025-06-30,20,0,0,0,0
2024-12-16,validation,PF_0000778_01,PF_0000778|7578|2024-09-15,9,7578,2024-09-15,2025-06-30,20,0,0,0,0
2024-12-16,train,PF_0023743_01,PF_0023743|7559|2024-09-10,1,7559,2024-09-10,2025-05-31,129,8,0,0,8
2024-12-16,train,PF_0023743_01,PF_0023743|7559|2024-09-10,2,7559,2024-09-10,2025-05-31,129,9,0,0,9
2024-12-16,train,PF_0023743_01,PF_0023743|7559|2024-09-10,3,7559,2024-09-10,2025-05-31,129,10,0,1,11
2024-12-16,train,PF_0023743_01,PF_0023743|7559|2024-09-10,4,7559,2024-09-10,2025-05-31,129,8,0,0,8
2024-12-16,train,PF_0023743_01,PF_0023743|7559|2024-09-10,5,7559,2024-09-10,2025-05-31,129,9,0,0,9
2024-12-16,train,PF_0023743_01,PF_0023743|7559|2024-09-10,6,7559,2024-09-10,2025-05-31,129,4,0,0,4
2024-12-16,train,PF_0023743_01,PF_0023743|7559|2024-09-10,7,7559,2024-09-10,2025-05-31,129,9,0,0,9
2024-12-16,train,PF_0023743_01,PF_0023743|7559|2024-09-10,8,7559,2024-09-10,2025-05-31,129,5,0,0,5
2024-12-16,train,PF_0023743_01,PF_0023743|7559|2024-09-10,9,7559,2024-09-10,2025-05-31,129,5,0,0,5
2024-12-16,train,PF_0024654_01,PF_0024654|7527|2024-09-15,1,7527,2024-09-15,2025-06-10,150,0,0,0,0
2024-12-16,train,PF_0024654_01,PF_0024654|7527|2024-09-15,2,7527,2024-09-15,2025-06-10,150,0,0,0,0
2024-12-16,train,PF_0024654_01,PF_0024654|7527|2024-09-15,3,7527,2024-09-15,2025-06-10,150,0,0,0,0
2024-12-16,train,PF_0024654_01,PF_0024654|7527|2024-09-15,4,7527,2024-09-15,2025-06-10,150,0,0,0,0
2024-12-16,train,PF_0024654_01,PF_0024654|7527|2024-09-15,5,7527,2024-09-15,2025-06-10,150,0,0,0,0
2024-12-16,train,PF_0024654_01,PF_0024654|7527|2024-09-15,6,7527,2024-09-15,2025-06-10,150,0,0,0,0
2024-12-16,train,PF_0024654_01,PF_0024654|7527|2024-09-15,7,7527,2024-09-15,2025-06-10,150,0,0,0,0
2024-12-16,train,PF_0024654_01,PF_0024654|7527|2024-09-15,8,7527,2024-09-15,2025-06-10,150,0,0,0,0
2024-12-16,train,PF_0024654_01,PF_0024654|7527|2024-09-15,9,7527,2024-09-15,2025-06-10,150,0,0,0,0
2024-12-16,train,PF_0024688_01,PF_0024688|7558|2024-09-01,1,7558,2024-09-01,2025-06-30,160,2,3,0,5
2024-12-16,train,PF_0024688_01,PF_0024688|7558|2024-09-01,2,7558,2024-09-01,2025-06-30,160,12,0,0,12
2024-12-16,train,PF_0024688_01,PF_0024688|7558|2024-09-01,3,7558,2024-09-01,2025-06-30,160,4,2,0,6
2024-12-16,train,PF_0024688_01,PF_0024688|7558|2024-09-01,4,7558,2024-09-01,2025-06-30,160,4,3,0,7
2024-12-16,train,PF_0024688_01,PF_0024688|7558|2024-09-01,5,7558,2024-09-01,2025-06-30,160,6,1,0,7
2024-12-16,train,PF_0024688_01,PF_0024688|7558|2024-09-01,6,7558,2024-09-01,2025-06-30,160,3,3,0,6
2024-12-16,train,PF_0024688_01,PF_0024688|7558|2024-09-01,7,7558,2024-09-01,2025-06-30,160,6,0,0,6
2024-12-16,train,PF_0024688_01,PF_0024688|7558|2024-09-01,8,7558,2024-09-01,2025-06-30,160,5,2,0,7
2024-12-16,train,PF_0024688_01,PF_0024688|7558|2024-09-01,9,7558,2024-09-01,2025-06-30,160,6,0,0,6
2024-12-16,train,PF_0025103_01,PF_0025103|7521|2024-09-15,1,7521,2024-09-15,2025-06-10,196,0,0,0,0
2024-12-16,train,PF_0025103_01,PF_0025103|7521|2024-09-15,2,7521,2024-09-15,2025-06-10,196,0,0,0,0
2024-12-16,train,PF_0025103_01,PF_0025103|7521|2024-09-15,3,7521,2024-09-15,2025-06-10,196,0,0,0,0
2024-12-16,train,PF_0025103_01,PF_0025103|7521|2024-09-15,4,7521,2024-09-15,2025-06-10,196,0,0,0,0
2024-12-16,train,PF_0025103_01,PF_0025103|7521|2024-09-15,5,7521,2024-09-15,2025-06-10,196,0,0,0,0
2024-12-16,train,PF_0025103_01,PF_0025103|7521|2024-09-15,6,7521,2024-09-15,2025-06-10,196,0,0,0,0
2024-12-16,train,PF_0025103_01,PF_0025103|7521|2024-09-15,7,7521,2024-09-15,2025-06-10,196,0,0,0,0
2024-12-16,train,PF_0025103_01,PF_0025103|7521|2024-09-15,8,7521,2024-09-15,2025-06-10,196,0,0,0,0
2024-12-16,train,PF_0025103_01,PF_0025103|7521|2024-09-15,9,7521,2024-09-15,2025-06-10,196,0,0,0,0
2024-12-17,test,PF_0023621_01,PF_0023621|7565|2024-09-15,1,7565,2024-09-15,2025-05-03,122,0,0,0,0
2024-12-17,test,PF_0023621_01,PF_0023621|7565|2024-09-15,2,7565,2024-09-15,2025-05-03,122,0,0,0,0
2024-12-17,test,PF_0023621_01,PF_0023621|7565|2024-09-15,3,7565,2024-09-15,2025-05-03,122,0,0,0,0
2024-12-17,test,PF_0023621_01,PF_0023621|7565|2024-09-15,4,7565,2024-09-15,2025-05-03,122,0,0,0,0
2024-12-17,test,PF_0023621_01,PF_0023621|7565|2024-09-15,5,7565,2024-09-15,2025-05-03,122,0,0,0,0
2024-12-17,test,PF_0023621_01,PF_0023621|7565|2024-09-15,6,7565,2024-09-15,2025-05-03,122,0,0,0,0
2024-12-17,test,PF_0023621_01,PF_0023621|7565|2024-09-15,7,7565,2024-09-15,2025-05-03,122,0,0,0,0
2024-12-17,test,PF_0023621_01,PF_0023621|7565|2024-09-15,8,7565,2024-09-15,2025-05-03,122,0,0,0,0
2024-12-17,test,PF_0023621_01,PF_0023621|7565|2024-09-15,9,7565,2024-09-15,2025-05-03,122,0,0,0,0
2024-12-17,validation,PF_0023923_01,PF_0023923|7562|2024-08-31,1,7562,2024-08-31,2025-06-15,132,7,0,0,7
2024-12-17,validation,PF_0023923_01,PF_0023923|7562|2024-08-31,2,7562,2024-08-31,2025-06-15,132,8,0,0,8
2024-12-17,validation,PF_0023923_01,PF_0023923|7562|2024-08-31,4,7562,2024-08-31,2025-06-15,132,0,0,0,0
2024-12-17,validation,PF_0023923_01,PF_0023923|7562|2024-08-31,5,7562,2024-08-31,2025-06-15,132,8,0,0,8
2024-12-17,validation,PF_0023923_01,PF_0023923|7562|2024-08-31,6,7562,2024-08-31,2025-06-15,132,7,0,0,7
2024-12-17,validation,PF_0023923_01,PF_0023923|7562|2024-08-31,7,7562,2024-08-31,2025-06-15,132,0,0,0,0
2024-12-17,validation,PF_0023923_01,PF_0023923|7562|2024-08-31,8,7562,2024-08-31,2025-06-15,132,7,1,0,8
2024-12-17,validation,PF_0023923_01,PF_0023923|7562|2024-08-31,9,7562,2024-08-31,2025-06-15,132,7,0,0,7
2024-12-17,validation,PF_0024365_01,PF_0024365|7561|2024-09-10,1,7561,2024-09-10,2025-05-20,142,0,3,0,3
2024-12-17,validation,PF_0024365_01,PF_0024365|7561|2024-09-10,2,7561,2024-09-10,2025-05-20,142,0,12,0,12
2024-12-17,validation,PF_0024365_01,PF_0024365|7561|2024-09-10,3,7561,2024-09-10,2025-05-20,142,0,3,10,13
2024-12-17,validation,PF_0024365_01,PF_0024365|7561|2024-09-10,4,7561,2024-09-10,2025-05-20,142,0,7,0,7
2024-12-17,validation,PF_0024365_01,PF_0024365|7561|2024-09-10,5,7561,2024-09-10,2025-05-20,142,0,3,0,3
2024-12-17,validation,PF_0024365_01,PF_0024365|7561|2024-09-10,6,7561,2024-09-10,2025-05-20,142,0,0,0,0
2024-12-17,validation,PF_0024365_01,PF_0024365|7561|2024-09-10,7,7561,2024-09-10,2025-05-20,142,0,3,0,3
2024-12-17,validation,PF_0024365_01,PF_0024365|7561|2024-09-10,8,7561,2024-09-10,2025-05-20,142,5,6,0,11
2024-12-17,validation,PF_0024365_01,PF_0024365|7561|2024-09-10,9,7561,2024-09-10,2025-05-20,142,3,1,0,4
2024-12-17,train,PF_0024651_01,PF_0024651|7538|2024-09-15,1,7538,2024-09-15,2025-06-10,148,0,0,0,0
2024-12-17,train,PF_0024651_01,PF_0024651|7538|2024-09-15,2,7538,2024-09-15,2025-06-10,148,0,0,0,0
2024-12-17,train,PF_0024651_01,PF_0024651|7538|2024-09-15,3,7538,2024-09-15,2025-06-10,148,0,0,0,0
2024-12-17,train,PF_0024651_01,PF_0024651|7538|2024-09-15,4,7538,2024-09-15,2025-06-10,148,0,0,0,0
2024-12-17,train,PF_0024651_01,PF_0024651|7538|2024-09-15,5,7538,2024-09-15,2025-06-10,148,0,0,0,0
2024-12-17,train,PF_0024651_01,PF_0024651|7538|2024-09-15,6,7538,2024-09-15,2025-06-10,148,0,0,0,0
2024-12-17,train,PF_0024651_01,PF_0024651|7538|2024-09-15,7,7538,2024-09-15,2025-06-10,148,0,0,0,0
2024-12-17,train,PF_0024651_01,PF_0024651|7538|2024-09-15,8,7538,2024-09-15,2025-06-10,148,0,0,0,0
2024-12-17,train,PF_0024651_01,PF_0024651|7538|2024-09-15,9,7538,2024-09-15,2025-06-10,148,0,0,0,0
2024-12-17,train,PF_0024655_01,PF_0024655|7533|2024-09-15,1,7533,2024-09-15,2025-06-30,152,0,0,0,0
2024-12-17,train,PF_0024655_01,PF_0024655|7533|2024-09-15,2,7533,2024-09-15,2025-06-30,152,0,0,0,0
2024-12-17,train,PF_0024655_01,PF_0024655|7533|2024-09-15,3,7533,2024-09-15,2025-06-30,152,0,0,0,0
2024-12-17,train,PF_0024655_01,PF_0024655|7533|2024-09-15,4,7533,2024-09-15,2025-06-30,152,0,0,0,0
2024-12-17,train,PF_0024655_01,PF_0024655|7533|2024-09-15,5,7533,2024-09-15,2025-06-30,152,0,0,0,0
2024-12-17,train,PF_0024655_01,PF_0024655|7533|2024-09-15,6,7533,2024-09-15,2025-06-30,152,0,0,0,0
2024-12-17,train,PF_0024655_01,PF_0024655|7533|2024-09-15,7,7533,2024-09-15,2025-06-30,152,0,0,0,0
2024-12-17,train,PF_0024655_01,PF_0024655|7533|2024-09-15,8,7533,2024-09-15,2025-06-30,152,0,0,0,0
2024-12-17,train,PF_0024655_01,PF_0024655|7533|2024-09-15,9,7533,2024-09-15,2025-06-30,152,0,0,0,0
2024-12-17,test,PF_0024700_01,PF_0024700|7546|2024-09-10,1,7546,2024-09-10,2025-05-31,181,0,0,0,0
2024-12-17,test,PF_0024700_01,PF_0024700|7546|2024-09-10,2,7546,2024-09-10,2025-05-31,181,0,0,0,0
2024-12-17,test,PF_0024700_01,PF_0024700|7546|2024-09-10,3,7546,2024-09-10,2025-05-31,181,0,0,0,0
2024-12-17,test,PF_0024700_01,PF_0024700|7546|2024-09-10,4,7546,2024-09-10,2025-05-31,181,0,0,0,0
2024-12-17,test,PF_0024700_01,PF_0024700|7546|2024-09-10,5,7546,2024-09-10,2025-05-31,181,0,0,0,0
2024-12-17,test,PF_0024700_01,PF_0024700|7546|2024-09-10,6,7546,2024-09-10,2025-05-31,181,0,0,0,0
2024-12-17,test,PF_0024700_01,PF_0024700|7546|2024-09-10,7,7546,2024-09-10,2025-05-31,181,0,0,0,0
2024-12-17,test,PF_0024700_01,PF_0024700|7546|2024-09-10,8,7546,2024-09-10,2025-05-31,181,0,0,0,0
2024-12-17,test,PF_0024700_01,PF_0024700|7546|2024-09-10,9,7546,2024-09-10,2025-05-31,181,0,0,0,0
2024-12-17,train,PF_0025106_01,PF_0025106|7518|2024-09-17,1,7518,2024-09-17,2025-06-30,200,0,0,0,0
2024-12-17,train,PF_0025106_01,PF_0025106|7518|2024-09-17,2,7518,2024-09-17,2025-06-30,200,0,0,0,0
2024-12-17,train,PF_0025106_01,PF_0025106|7518|2024-09-17,3,7518,2024-09-17,2025-06-30,200,0,0,0,0
2024-12-17,train,PF_0025106_01,PF_0025106|7518|2024-09-17,4,7518,2024-09-17,2025-06-30,200,0,0,0,0
2024-12-17,train,PF_0025106_01,PF_0025106|7518|2024-09-17,5,7518,2024-09-17,2025-06-30,200,0,0,0,0
2024-12-17,train,PF_0025106_01,PF_0025106|7518|2024-09-17,6,7518,2024-09-17,2025-06-30,200,0,0,0,0
2024-12-17,train,PF_0025106_01,PF_0025106|7518|2024-09-17,7,7518,2024-09-17,2025-06-30,200,0,0,0,0
2024-12-17,train,PF_0025106_01,PF_0025106|7518|2024-09-17,8,7518,2024-09-17,2025-06-30,200,0,0,0,0
2024-12-17,train,PF_0025106_01,PF_0025106|7518|2024-09-17,9,7518,2024-09-17,2025-06-30,200,0,0,0,0
2024-12-18,test,PF_0023732_01,PF_0023732|7564|2024-08-31,1,7564,2024-08-31,2025-06-15,126,18,0,0,18
2024-12-18,test,PF_0023732_01,PF_0023732|7564|2024-08-31,2,7564,2024-08-31,2025-06-15,126,11,0,0,11
2024-12-18,test,PF_0023732_01,PF_0023732|7564|2024-08-31,3,7564,2024-08-31,2025-06-15,126,0,3,0,3
2024-12-18,test,PF_0023732_01,PF_0023732|7564|2024-08-31,4,7564,2024-08-31,2025-06-15,126,1,0,0,1
2024-12-18,test,PF_0023732_01,PF_0023732|7564|2024-08-31,5,7564,2024-08-31,2025-06-15,126,18,0,0,18
2024-12-18,test,PF_0023732_01,PF_0023732|7564|2024-08-31,6,7564,2024-08-31,2025-06-15,126,4,0,0,4
2024-12-18,test,PF_0023732_01,PF_0023732|7564|2024-08-31,7,7564,2024-08-31,2025-06-15,126,2,0,0,2
2024-12-18,test,PF_0023732_01,PF_0023732|7564|2024-08-31,8,7564,2024-08-31,2025-06-15,126,0,0,4,4
2024-12-18,test,PF_0023732_01,PF_0023732|7564|2024-08-31,9,7564,2024-08-31,2025-06-15,126,5,0,0,5
2024-12-18,train,PF_0024357_01,PF_0024357|7560|2024-09-09,1,7560,2024-09-09,2025-05-31,139,7,1,0,8
2024-12-18,train,PF_0024357_01,PF_0024357|7560|2024-09-09,2,7560,2024-09-09,2025-05-31,139,7,4,0,11
2024-12-18,train,PF_0024357_01,PF_0024357|7560|2024-09-09,3,7560,2024-09-09,2025-05-31,139,5,0,0,5
2024-12-18,train,PF_0024357_01,PF_0024357|7560|2024-09-09,4,7560,2024-09-09,2025-05-31,139,8,3,0,11
2024-12-18,train,PF_0024357_01,PF_0024357|7560|2024-09-09,5,7560,2024-09-09,2025-05-31,139,4,7,0,11
2024-12-18,train,PF_0024357_01,PF_0024357|7560|2024-09-09,6,7560,2024-09-09,2025-05-31,139,8,1,0,9
2024-12-18,train,PF_0024357_01,PF_0024357|7560|2024-09-09,7,7560,2024-09-09,2025-05-31,139,3,1,0,4
2024-12-18,train,PF_0024357_01,PF_0024357|7560|2024-09-09,8,7560,2024-09-09,2025-05-31,139,8,2,0,10
2024-12-18,train,PF_0024357_01,PF_0024357|7560|2024-09-09,9,7560,2024-09-09,2025-05-31,139,6,0,0,6
2024-12-19,train,PF_0002037_01,PF_0002037|7532|2024-09-20,1,7532,2024-09-20,2025-05-31,41,7,4,0,11
2024-12-19,train,PF_0002037_01,PF_0002037|7532|2024-09-20,2,7532,2024-09-20,2025-05-31,41,7,0,0,7
2024-12-19,train,PF_0002037_01,PF_0002037|7532|2024-09-20,3,7532,2024-09-20,2025-05-31,41,7,0,0,7
2024-12-19,train,PF_0002037_01,PF_0002037|7532|2024-09-20,4,7532,2024-09-20,2025-05-31,41,5,0,0,5
2024-12-19,train,PF_0002037_01,PF_0002037|7532|2024-09-20,5,7532,2024-09-20,2025-05-31,41,7,0,0,7
2024-12-19,train,PF_0002037_01,PF_0002037|7532|2024-09-20,6,7532,2024-09-20,2025-05-31,41,5,0,0,5
2024-12-19,train,PF_0002037_01,PF_0002037|7532|2024-09-20,7,7532,2024-09-20,2025-05-31,41,6,4,0,10
2024-12-19,train,PF_0002037_01,PF_0002037|7532|2024-09-20,8,7532,2024-09-20,2025-05-31,41,7,0,0,7
2024-12-19,train,PF_0002037_01,PF_0002037|7532|2024-09-20,9,7532,2024-09-20,2025-05-31,41,7,0,0,7
2024-12-19,train,PF_0021351_01,PF_0021351|7540|2024-09-07,1,7540,2024-09-07,2025-05-25,104,0,0,0,0
2024-12-19,train,PF_0021351_01,PF_0021351|7540|2024-09-07,3,7540,2024-09-07,2025-05-25,104,1,0,0,1
2024-12-19,train,PF_0021351_01,PF_0021351|7540|2024-09-07,4,7540,2024-09-07,2025-05-25,104,9,0,0,9
2024-12-19,train,PF_0021351_01,PF_0021351|7540|2024-09-07,5,7540,2024-09-07,2025-05-25,104,0,0,0,0
2024-12-19,train,PF_0021351_01,PF_0021351|7540|2024-09-07,6,7540,2024-09-07,2025-05-25,104,5,0,0,5
2024-12-19,train,PF_0021351_01,PF_0021351|7540|2024-09-07,7,7540,2024-09-07,2025-05-25,104,0,6,0,6
2024-12-19,train,PF_0021351_01,PF_0021351|7540|2024-09-07,8,7540,2024-09-07,2025-05-25,104,7,0,0,7
2024-12-19,train,PF_0021351_01,PF_0021351|7540|2024-09-07,9,7540,2024-09-07,2025-05-25,104,15,0,0,15
2024-12-19,train,PF_0022105_01,PF_0022105|7566|2024-09-01,1,7566,2024-09-01,2025-05-31,115,10,0,0,10
2024-12-19,train,PF_0022105_01,PF_0022105|7566|2024-09-01,2,7566,2024-09-01,2025-05-31,115,5,0,0,5
2024-12-19,train,PF_0022105_01,PF_0022105|7566|2024-09-01,3,7566,2024-09-01,2025-05-31,115,10,0,0,10
2024-12-19,train,PF_0022105_01,PF_0022105|7566|2024-09-01,4,7566,2024-09-01,2025-05-31,115,6,0,0,6
2024-12-19,train,PF_0022105_01,PF_0022105|7566|2024-09-01,6,7566,2024-09-01,2025-05-31,115,7,0,0,7
2024-12-19,train,PF_0022105_01,PF_0022105|7566|2024-09-01,7,7566,2024-09-01,2025-05-31,115,4,0,0,4
2024-12-19,train,PF_0022105_01,PF_0022105|7566|2024-09-01,8,7566,2024-09-01,2025-05-31,115,6,3,0,9
2024-12-19,train,PF_0022105_01,PF_0022105|7566|2024-09-01,9,7566,2024-09-01,2025-05-31,115,7,0,0,7
2024-12-23,train,PF_0000574_01,PF_0000574|7579|2024-09-01,1,7579,2024-09-01,2025-06-30,13,0,0,0,0
2024-12-23,train,PF_0000574_01,PF_0000574|7579|2024-09-01,2,7579,2024-09-01,2025-06-30,13,0,0,0,0
2024-12-23,train,PF_0000574_01,PF_0000574|7579|2024-09-01,3,7579,2024-09-01,2025-06-30,13,0,0,0,0
2024-12-23,train,PF_0000574_01,PF_0000574|7579|2024-09-01,4,7579,2024-09-01,2025-06-30,13,0,0,0,0
2024-12-23,train,PF_0000574_01,PF_0000574|7579|2024-09-01,5,7579,2024-09-01,2025-06-30,13,0,0,0,0
2024-12-23,train,PF_0000574_01,PF_0000574|7579|2024-09-01,6,7579,2024-09-01,2025-06-30,13,0,0,0,0
2024-12-23,train,PF_0000574_01,PF_0000574|7579|2024-09-01,7,7579,2024-09-01,2025-06-30,13,0,0,0,0
2024-12-23,train,PF_0000574_01,PF_0000574|7579|2024-09-01,8,7579,2024-09-01,2025-06-30,13,0,0,0,0
2024-12-23,train,PF_0000574_01,PF_0000574|7579|2024-09-01,9,7579,2024-09-01,2025-06-30,13,0,0,0,0
2024-12-23,validation,PF_0000778_01,PF_0000778|7578|2024-09-15,1,7578,2024-09-15,2025-06-30,20,0,0,0,0
2024-12-23,validation,PF_0000778_01,PF_0000778|7578|2024-09-15,2,7578,2024-09-15,2025-06-30,20,0,0,0,0
2024-12-23,validation,PF_0000778_01,PF_0000778|7578|2024-09-15,3,7578,2024-09-15,2025-06-30,20,0,0,0,0
2024-12-23,validation,PF_0000778_01,PF_0000778|7578|2024-09-15,4,7578,2024-09-15,2025-06-30,20,0,0,0,0
2024-12-23,validation,PF_0000778_01,PF_0000778|7578|2024-09-15,5,7578,2024-09-15,2025-06-30,20,0,0,0,0
2024-12-23,validation,PF_0000778_01,PF_0000778|7578|2024-09-15,6,7578,2024-09-15,2025-06-30,20,0,0,0,0
2024-12-23,validation,PF_0000778_01,PF_0000778|7578|2024-09-15,7,7578,2024-09-15,2025-06-30,20,0,0,0,0
2024-12-23,validation,PF_0000778_01,PF_0000778|7578|2024-09-15,8,7578,2024-09-15,2025-06-30,20,0,0,0,0
2024-12-23,validation,PF_0000778_01,PF_0000778|7578|2024-09-15,9,7578,2024-09-15,2025-06-30,20,0,0,0,0
2024-12-23,train,PF_0023743_01,PF_0023743|7559|2024-09-10,1,7559,2024-09-10,2025-05-31,129,4,0,0,4
2024-12-23,train,PF_0023743_01,PF_0023743|7559|2024-09-10,2,7559,2024-09-10,2025-05-31,129,5,0,0,5
2024-12-23,train,PF_0023743_01,PF_0023743|7559|2024-09-10,3,7559,2024-09-10,2025-05-31,129,5,0,3,8
2024-12-23,train,PF_0023743_01,PF_0023743|7559|2024-09-10,4,7559,2024-09-10,2025-05-31,129,5,0,0,5
2024-12-23,train,PF_0023743_01,PF_0023743|7559|2024-09-10,5,7559,2024-09-10,2025-05-31,129,4,0,0,4
2024-12-23,train,PF_0023743_01,PF_0023743|7559|2024-09-10,6,7559,2024-09-10,2025-05-31,129,1,0,0,1
2024-12-23,train,PF_0023743_01,PF_0023743|7559|2024-09-10,7,7559,2024-09-10,2025-05-31,129,4,0,0,4
2024-12-23,train,PF_0023743_01,PF_0023743|7559|2024-09-10,8,7559,2024-09-10,2025-05-31,129,3,0,0,3
2024-12-23,train,PF_0023743_01,PF_0023743|7559|2024-09-10,9,7559,2024-09-10,2025-05-31,129,4,1,0,5
2024-12-23,validation,PF_0023923_01,PF_0023923|7562|2024-08-31,1,7562,2024-08-31,2025-06-15,132,7,0,0,7
2024-12-23,validation,PF_0023923_01,PF_0023923|7562|2024-08-31,2,7562,2024-08-31,2025-06-15,132,8,1,0,9
2024-12-23,validation,PF_0023923_01,PF_0023923|7562|2024-08-31,4,7562,2024-08-31,2025-06-15,132,0,0,0,0
2024-12-23,validation,PF_0023923_01,PF_0023923|7562|2024-08-31,5,7562,2024-08-31,2025-06-15,132,8,0,0,8
2024-12-23,validation,PF_0023923_01,PF_0023923|7562|2024-08-31,6,7562,2024-08-31,2025-06-15,132,8,0,0,8
2024-12-23,validation,PF_0023923_01,PF_0023923|7562|2024-08-31,7,7562,2024-08-31,2025-06-15,132,0,0,0,0
2024-12-23,validation,PF_0023923_01,PF_0023923|7562|2024-08-31,8,7562,2024-08-31,2025-06-15,132,7,2,0,9
2024-12-23,validation,PF_0023923_01,PF_0023923|7562|2024-08-31,9,7562,2024-08-31,2025-06-15,132,7,0,0,7
2024-12-23,validation,PF_0024365_01,PF_0024365|7561|2024-09-10,1,7561,2024-09-10,2025-05-20,142,0,6,0,6
2024-12-23,validation,PF_0024365_01,PF_0024365|7561|2024-09-10,2,7561,2024-09-10,2025-05-20,142,0,6,0,6
2024-12-23,validation,PF_0024365_01,PF_0024365|7561|2024-09-10,3,7561,2024-09-10,2025-05-20,142,0,5,6,11
2024-12-23,validation,PF_0024365_01,PF_0024365|7561|2024-09-10,4,7561,2024-09-10,2025-05-20,142,0,6,0,6
2024-12-23,validation,PF_0024365_01,PF_0024365|7561|2024-09-10,5,7561,2024-09-10,2025-05-20,142,0,2,0,2
2024-12-23,validation,PF_0024365_01,PF_0024365|7561|2024-09-10,6,7561,2024-09-10,2025-05-20,142,0,0,0,0
2024-12-23,validation,PF_0024365_01,PF_0024365|7561|2024-09-10,7,7561,2024-09-10,2025-05-20,142,0,2,1,3
2024-12-23,validation,PF_0024365_01,PF_0024365|7561|2024-09-10,8,7561,2024-09-10,2025-05-20,142,4,6,0,10
2024-12-23,validation,PF_0024365_01,PF_0024365|7561|2024-09-10,9,7561,2024-09-10,2025-05-20,142,0,2,0,2
2024-12-23,train,PF_0024651_01,PF_0024651|7538|2024-09-15,1,7538,2024-09-15,2025-06-10,148,0,0,0,0
2024-12-23,train,PF_0024651_01,PF_0024651|7538|2024-09-15,2,7538,2024-09-15,2025-06-10,148,0,0,0,0
2024-12-23,train,PF_0024651_01,PF_0024651|7538|2024-09-15,3,7538,2024-09-15,2025-06-10,148,0,0,0,0
2024-12-23,train,PF_0024651_01,PF_0024651|7538|2024-09-15,4,7538,2024-09-15,2025-06-10,148,0,0,0,0
2024-12-23,train,PF_0024651_01,PF_0024651|7538|2024-09-15,5,7538,2024-09-15,2025-06-10,148,0,0,0,0
2024-12-23,train,PF_0024651_01,PF_0024651|7538|2024-09-15,6,7538,2024-09-15,2025-06-10,148,0,0,0,0
2024-12-23,train,PF_0024651_01,PF_0024651|7538|2024-09-15,7,7538,2024-09-15,2025-06-10,148,0,0,0,0
2024-12-23,train,PF_0024651_01,PF_0024651|7538|2024-09-15,8,7538,2024-09-15,2025-06-10,148,0,0,0,0
2024-12-23,train,PF_0024651_01,PF_0024651|7538|2024-09-15,9,7538,2024-09-15,2025-06-10,148,0,0,0,0
2024-12-23,train,PF_0024654_01,PF_0024654|7527|2024-09-15,1,7527,2024-09-15,2025-06-10,150,0,0,0,0
2024-12-23,train,PF_0024654_01,PF_0024654|7527|2024-09-15,2,7527,2024-09-15,2025-06-10,150,0,0,0,0
2024-12-23,train,PF_0024654_01,PF_0024654|7527|2024-09-15,3,7527,2024-09-15,2025-06-10,150,0,0,0,0
2024-12-23,train,PF_0024654_01,PF_0024654|7527|2024-09-15,4,7527,2024-09-15,2025-06-10,150,0,0,0,0
2024-12-23,train,PF_0024654_01,PF_0024654|7527|2024-09-15,5,7527,2024-09-15,2025-06-10,150,0,0,0,0
2024-12-23,train,PF_0024654_01,PF_0024654|7527|2024-09-15,6,7527,2024-09-15,2025-06-10,150,0,0,0,0
2024-12-23,train,PF_0024654_01,PF_0024654|7527|2024-09-15,7,7527,2024-09-15,2025-06-10,150,0,0,0,0
2024-12-23,train,PF_0024654_01,PF_0024654|7527|2024-09-15,8,7527,2024-09-15,2025-06-10,150,0,0,0,0
2024-12-23,train,PF_0024654_01,PF_0024654|7527|2024-09-15,9,7527,2024-09-15,2025-06-10,150,0,0,0,0
2024-12-23,train,PF_0024655_01,PF_0024655|7533|2024-09-15,1,7533,2024-09-15,2025-06-30,152,0,0,0,0
2024-12-23,train,PF_0024655_01,PF_0024655|7533|2024-09-15,2,7533,2024-09-15,2025-06-30,152,0,0,0,0
2024-12-23,train,PF_0024655_01,PF_0024655|7533|2024-09-15,3,7533,2024-09-15,2025-06-30,152,0,0,0,0
2024-12-23,train,PF_0024655_01,PF_0024655|7533|2024-09-15,4,7533,2024-09-15,2025-06-30,152,0,0,0,0
2024-12-23,train,PF_0024655_01,PF_0024655|7533|2024-09-15,5,7533,2024-09-15,2025-06-30,152,0,0,0,0
2024-12-23,train,PF_0024655_01,PF_0024655|7533|2024-09-15,6,7533,2024-09-15,2025-06-30,152,0,0,0,0
2024-12-23,train,PF_0024655_01,PF_0024655|7533|2024-09-15,7,7533,2024-09-15,2025-06-30,152,0,0,0,0
2024-12-23,train,PF_0024655_01,PF_0024655|7533|2024-09-15,8,7533,2024-09-15,2025-06-30,152,0,0,0,0
2024-12-23,train,PF_0024655_01,PF_0024655|7533|2024-09-15,9,7533,2024-09-15,2025-06-30,152,0,0,0,0
2024-12-23,train,PF_0024688_01,PF_0024688|7558|2024-09-01,1,7558,2024-09-01,2025-06-30,160,2,3,0,5
2024-12-23,train,PF_0024688_01,PF_0024688|7558|2024-09-01,2,7558,2024-09-01,2025-06-30,160,10,0,0,10
2024-12-23,train,PF_0024688_01,PF_0024688|7558|2024-09-01,3,7558,2024-09-01,2025-06-30,160,2,4,0,6
2024-12-23,train,PF_0024688_01,PF_0024688|7558|2024-09-01,4,7558,2024-09-01,2025-06-30,160,0,6,0,6
2024-12-23,train,PF_0024688_01,PF_0024688|7558|2024-09-01,5,7558,2024-09-01,2025-06-30,160,4,5,0,9
2024-12-23,train,PF_0024688_01,PF_0024688|7558|2024-09-01,6,7558,2024-09-01,2025-06-30,160,0,6,0,6
2024-12-23,train,PF_0024688_01,PF_0024688|7558|2024-09-01,7,7558,2024-09-01,2025-06-30,160,3,6,0,9
2024-12-23,train,PF_0024688_01,PF_0024688|7558|2024-09-01,8,7558,2024-09-01,2025-06-30,160,4,8,0,12
2024-12-23,train,PF_0024688_01,PF_0024688|7558|2024-09-01,9,7558,2024-09-01,2025-06-30,160,4,0,0,4
2024-12-23,train,PF_0025106_01,PF_0025106|7518|2024-09-17,1,7518,2024-09-17,2025-06-30,200,8,0,0,8
2024-12-23,train,PF_0025106_01,PF_0025106|7518|2024-09-17,2,7518,2024-09-17,2025-06-30,200,6,0,0,6
2024-12-23,train,PF_0025106_01,PF_0025106|7518|2024-09-17,3,7518,2024-09-17,2025-06-30,200,4,0,0,4
2024-12-23,train,PF_0025106_01,PF_0025106|7518|2024-09-17,4,7518,2024-09-17,2025-06-30,200,6,0,0,6
2024-12-23,train,PF_0025106_01,PF_0025106|7518|2024-09-17,5,7518,2024-09-17,2025-06-30,200,11,0,0,11
2024-12-23,train,PF_0025106_01,PF_0025106|7518|2024-09-17,6,7518,2024-09-17,2025-06-30,200,11,0,0,11
2024-12-23,train,PF_0025106_01,PF_0025106|7518|2024-09-17,7,7518,2024-09-17,2025-06-30,200,17,0,0,17
2024-12-23,train,PF_0025106_01,PF_0025106|7518|2024-09-17,8,7518,2024-09-17,2025-06-30,200,8,0,0,8
2024-12-23,train,PF_0025106_01,PF_0025106|7518|2024-09-17,9,7518,2024-09-17,2025-06-30,200,9,0,0,9
2024-12-24,train,PF_0002037_01,PF_0002037|7532|2024-09-20,1,7532,2024-09-20,2025-05-31,41,6,4,0,10
2024-12-24,train,PF_0002037_01,PF_0002037|7532|2024-09-20,2,7532,2024-09-20,2025-05-31,41,4,0,8,12
2024-12-24,train,PF_0002037_01,PF_0002037|7532|2024-09-20,3,7532,2024-09-20,2025-05-31,41,6,0,0,6
2024-12-24,train,PF_0002037_01,PF_0002037|7532|2024-09-20,4,7532,2024-09-20,2025-05-31,41,6,0,0,6
2024-12-24,train,PF_0002037_01,PF_0002037|7532|2024-09-20,5,7532,2024-09-20,2025-05-31,41,7,0,0,7
2024-12-24,train,PF_0002037_01,PF_0002037|7532|2024-09-20,6,7532,2024-09-20,2025-05-31,41,5,0,0,5
2024-12-24,train,PF_0002037_01,PF_0002037|7532|2024-09-20,7,7532,2024-09-20,2025-05-31,41,6,5,0,11
2024-12-24,train,PF_0002037_01,PF_0002037|7532|2024-09-20,8,7532,2024-09-20,2025-05-31,41,3,0,4,7
2024-12-24,train,PF_0002037_01,PF_0002037|7532|2024-09-20,9,7532,2024-09-20,2025-05-31,41,7,0,0,7
2024-12-24,test,PF_0023621_01,PF_0023621|7565|2024-09-15,1,7565,2024-09-15,2025-05-03,122,0,0,0,0
2024-12-24,test,PF_0023621_01,PF_0023621|7565|2024-09-15,2,7565,2024-09-15,2025-05-03,122,0,0,0,0
2024-12-24,test,PF_0023621_01,PF_0023621|7565|2024-09-15,3,7565,2024-09-15,2025-05-03,122,0,0,0,0
2024-12-24,test,PF_0023621_01,PF_0023621|7565|2024-09-15,4,7565,2024-09-15,2025-05-03,122,0,0,0,0
2024-12-24,test,PF_0023621_01,PF_0023621|7565|2024-09-15,5,7565,2024-09-15,2025-05-03,122,0,0,0,0
2024-12-24,test,PF_0023621_01,PF_0023621|7565|2024-09-15,6,7565,2024-09-15,2025-05-03,122,0,0,0,0
2024-12-24,test,PF_0023621_01,PF_0023621|7565|2024-09-15,7,7565,2024-09-15,2025-05-03,122,0,0,0,0
2024-12-24,test,PF_0023621_01,PF_0023621|7565|2024-09-15,8,7565,2024-09-15,2025-05-03,122,0,0,0,0
2024-12-24,test,PF_0023621_01,PF_0023621|7565|2024-09-15,9,7565,2024-09-15,2025-05-03,122,0,0,0,0
2024-12-24,test,PF_0023732_01,PF_0023732|7564|2024-08-31,1,7564,2024-08-31,2025-06-15,126,13,0,0,13
2024-12-24,test,PF_0023732_01,PF_0023732|7564|2024-08-31,2,7564,2024-08-31,2025-06-15,126,8,0,0,8
2024-12-24,test,PF_0023732_01,PF_0023732|7564|2024-08-31,3,7564,2024-08-31,2025-06-15,126,0,4,0,4
2024-12-24,test,PF_0023732_01,PF_0023732|7564|2024-08-31,4,7564,2024-08-31,2025-06-15,126,5,0,0,5
2024-12-24,test,PF_0023732_01,PF_0023732|7564|2024-08-31,5,7564,2024-08-31,2025-06-15,126,15,0,0,15
2024-12-24,test,PF_0023732_01,PF_0023732|7564|2024-08-31,6,7564,2024-08-31,2025-06-15,126,0,0,0,0
2024-12-24,test,PF_0023732_01,PF_0023732|7564|2024-08-31,7,7564,2024-08-31,2025-06-15,126,1,0,0,1
2024-12-24,test,PF_0023732_01,PF_0023732|7564|2024-08-31,8,7564,2024-08-31,2025-06-15,126,0,0,3,3
2024-12-24,test,PF_0023732_01,PF_0023732|7564|2024-08-31,9,7564,2024-08-31,2025-06-15,126,7,0,0,7
2024-12-24,train,PF_0024357_01,PF_0024357|7560|2024-09-09,1,7560,2024-09-09,2025-05-31,139,6,1,0,7
2024-12-24,train,PF_0024357_01,PF_0024357|7560|2024-09-09,2,7560,2024-09-09,2025-05-31,139,5,4,0,9
2024-12-24,train,PF_0024357_01,PF_0024357|7560|2024-09-09,3,7560,2024-09-09,2025-05-31,139,4,0,0,4
2024-12-24,train,PF_0024357_01,PF_0024357|7560|2024-09-09,4,7560,2024-09-09,2025-05-31,139,6,0,0,6
2024-12-24,train,PF_0024357_01,PF_0024357|7560|2024-09-09,5,7560,2024-09-09,2025-05-31,139,4,8,0,12
2024-12-24,train,PF_0024357_01,PF_0024357|7560|2024-09-09,6,7560,2024-09-09,2025-05-31,139,8,4,0,12
2024-12-24,train,PF_0024357_01,PF_0024357|7560|2024-09-09,7,7560,2024-09-09,2025-05-31,139,1,1,0,2
2024-12-24,train,PF_0024357_01,PF_0024357|7560|2024-09-09,8,7560,2024-09-09,2025-05-31,139,5,5,0,10
2024-12-24,train,PF_0024357_01,PF_0024357|7560|2024-09-09,9,7560,2024-09-09,2025-05-31,139,5,0,0,5
2024-12-24,test,PF_0024700_01,PF_0024700|7546|2024-09-10,1,7546,2024-09-10,2025-05-31,181,0,0,0,0
2024-12-24,test,PF_0024700_01,PF_0024700|7546|2024-09-10,2,7546,2024-09-10,2025-05-31,181,0,0,0,0
2024-12-24,test,PF_0024700_01,PF_0024700|7546|2024-09-10,3,7546,2024-09-10,2025-05-31,181,0,0,0,0
2024-12-24,test,PF_0024700_01,PF_0024700|7546|2024-09-10,4,7546,2024-09-10,2025-05-31,181,0,0,0,0
2024-12-24,test,PF_0024700_01,PF_0024700|7546|2024-09-10,5,7546,2024-09-10,2025-05-31,181,0,0,0,0
2024-12-24,test,PF_0024700_01,PF_0024700|7546|2024-09-10,6,7546,2024-09-10,2025-05-31,181,0,0,0,0
2024-12-24,test,PF_0024700_01,PF_0024700|7546|2024-09-10,7,7546,2024-09-10,2025-05-31,181,0,0,0,0
2024-12-24,test,PF_0024700_01,PF_0024700|7546|2024-09-10,8,7546,2024-09-10,2025-05-31,181,0,0,0,0
2024-12-24,test,PF_0024700_01,PF_0024700|7546|2024-09-10,9,7546,2024-09-10,2025-05-31,181,0,0,0,0
2024-12-24,train,PF_0025103_01,PF_0025103|7521|2024-09-15,1,7521,2024-09-15,2025-06-10,196,0,0,0,0
2024-12-24,train,PF_0025103_01,PF_0025103|7521|2024-09-15,2,7521,2024-09-15,2025-06-10,196,0,0,0,0
2024-12-24,train,PF_0025103_01,PF_0025103|7521|2024-09-15,3,7521,2024-09-15,2025-06-10,196,0,0,0,0
2024-12-24,train,PF_0025103_01,PF_0025103|7521|2024-09-15,4,7521,2024-09-15,2025-06-10,196,0,0,0,0
2024-12-24,train,PF_0025103_01,PF_0025103|7521|2024-09-15,5,7521,2024-09-15,2025-06-10,196,0,0,0,0
2024-12-24,train,PF_0025103_01,PF_0025103|7521|2024-09-15,6,7521,2024-09-15,2025-06-10,196,0,0,0,0
2024-12-24,train,PF_0025103_01,PF_0025103|7521|2024-09-15,7,7521,2024-09-15,2025-06-10,196,0,0,0,0
2024-12-24,train,PF_0025103_01,PF_0025103|7521|2024-09-15,8,7521,2024-09-15,2025-06-10,196,0,0,0,0
2024-12-24,train,PF_0025103_01,PF_0025103|7521|2024-09-15,9,7521,2024-09-15,2025-06-10,196,0,0,0,0
2024-12-26,train,PF_0021351_01,PF_0021351|7540|2024-09-07,1,7540,2024-09-07,2025-05-25,104,0,0,0,0
2024-12-26,train,PF_0021351_01,PF_0021351|7540|2024-09-07,3,7540,2024-09-07,2025-05-25,104,1,0,0,1
2024-12-26,train,PF_0021351_01,PF_0021351|7540|2024-09-07,4,7540,2024-09-07,2025-05-25,104,9,0,0,9
2024-12-26,train,PF_0021351_01,PF_0021351|7540|2024-09-07,5,7540,2024-09-07,2025-05-25,104,1,0,0,1
2024-12-26,train,PF_0021351_01,PF_0021351|7540|2024-09-07,6,7540,2024-09-07,2025-05-25,104,5,1,0,6
2024-12-26,train,PF_0021351_01,PF_0021351|7540|2024-09-07,7,7540,2024-09-07,2025-05-25,104,0,4,0,4
2024-12-26,train,PF_0021351_01,PF_0021351|7540|2024-09-07,8,7540,2024-09-07,2025-05-25,104,3,0,0,3
2024-12-26,train,PF_0021351_01,PF_0021351|7540|2024-09-07,9,7540,2024-09-07,2025-05-25,104,10,0,0,10
2024-12-26,train,PF_0022105_01,PF_0022105|7566|2024-09-01,1,7566,2024-09-01,2025-05-31,115,11,0,0,11
2024-12-26,train,PF_0022105_01,PF_0022105|7566|2024-09-01,2,7566,2024-09-01,2025-05-31,115,5,0,0,5
2024-12-26,train,PF_0022105_01,PF_0022105|7566|2024-09-01,3,7566,2024-09-01,2025-05-31,115,11,0,0,11
2024-12-26,train,PF_0022105_01,PF_0022105|7566|2024-09-01,4,7566,2024-09-01,2025-05-31,115,6,0,0,6
2024-12-26,train,PF_0022105_01,PF_0022105|7566|2024-09-01,6,7566,2024-09-01,2025-05-31,115,9,0,0,9
2024-12-26,train,PF_0022105_01,PF_0022105|7566|2024-09-01,7,7566,2024-09-01,2025-05-31,115,10,0,0,10
2024-12-26,train,PF_0022105_01,PF_0022105|7566|2024-09-01,8,7566,2024-09-01,2025-05-31,115,5,4,0,9
2024-12-26,train,PF_0022105_01,PF_0022105|7566|2024-09-01,9,7566,2024-09-01,2025-05-31,115,7,2,0,9
2024-12-30,train,PF_0000574_01,PF_0000574|7579|2024-09-01,1,7579,2024-09-01,2025-06-30,13,1,0,0,1
2024-12-30,train,PF_0000574_01,PF_0000574|7579|2024-09-01,2,7579,2024-09-01,2025-06-30,13,3,0,0,3
2024-12-30,train,PF_0000574_01,PF_0000574|7579|2024-09-01,3,7579,2024-09-01,2025-06-30,13,2,0,0,2
2024-12-30,train,PF_0000574_01,PF_0000574|7579|2024-09-01,4,7579,2024-09-01,2025-06-30,13,1,0,0,1
2024-12-30,train,PF_0000574_01,PF_0000574|7579|2024-09-01,5,7579,2024-09-01,2025-06-30,13,1,0,0,1
2024-12-30,train,PF_0000574_01,PF_0000574|7579|2024-09-01,6,7579,2024-09-01,2025-06-30,13,2,0,0,2
2024-12-30,train,PF_0000574_01,PF_0000574|7579|2024-09-01,7,7579,2024-09-01,2025-06-30,13,1,0,0,1
2024-12-30,train,PF_0000574_01,PF_0000574|7579|2024-09-01,8,7579,2024-09-01,2025-06-30,13,1,0,0,1
2024-12-30,train,PF_0000574_01,PF_0000574|7579|2024-09-01,9,7579,2024-09-01,2025-06-30,13,1,0,0,1
2024-12-30,validation,PF_0000778_01,PF_0000778|7578|2024-09-15,1,7578,2024-09-15,2025-06-30,20,2,0,0,2
2024-12-30,validation,PF_0000778_01,PF_0000778|7578|2024-09-15,2,7578,2024-09-15,2025-06-30,20,3,0,0,3
2024-12-30,validation,PF_0000778_01,PF_0000778|7578|2024-09-15,3,7578,2024-09-15,2025-06-30,20,4,0,0,4
2024-12-30,validation,PF_0000778_01,PF_0000778|7578|2024-09-15,4,7578,2024-09-15,2025-06-30,20,3,0,0,3
2024-12-30,validation,PF_0000778_01,PF_0000778|7578|2024-09-15,5,7578,2024-09-15,2025-06-30,20,5,0,0,5
2024-12-30,validation,PF_0000778_01,PF_0000778|7578|2024-09-15,6,7578,2024-09-15,2025-06-30,20,6,0,0,6
2024-12-30,validation,PF_0000778_01,PF_0000778|7578|2024-09-15,7,7578,2024-09-15,2025-06-30,20,8,0,0,8
2024-12-30,validation,PF_0000778_01,PF_0000778|7578|2024-09-15,8,7578,2024-09-15,2025-06-30,20,0,0,0,0
2024-12-30,validation,PF_0000778_01,PF_0000778|7578|2024-09-15,9,7578,2024-09-15,2025-06-30,20,2,0,0,2
2024-12-30,train,PF_0024651_01,PF_0024651|7538|2024-09-15,1,7538,2024-09-15,2025-06-10,148,9,0,0,9
2024-12-30,train,PF_0024651_01,PF_0024651|7538|2024-09-15,2,7538,2024-09-15,2025-06-10,148,9,0,0,9
2024-12-30,train,PF_0024651_01,PF_0024651|7538|2024-09-15,3,7538,2024-09-15,2025-06-10,148,8,0,0,8
2024-12-30,train,PF_0024651_01,PF_0024651|7538|2024-09-15,4,7538,2024-09-15,2025-06-10,148,12,0,0,12
2024-12-30,train,PF_0024651_01,PF_0024651|7538|2024-09-15,5,7538,2024-09-15,2025-06-10,148,3,0,0,3
2024-12-30,train,PF_0024651_01,PF_0024651|7538|2024-09-15,6,7538,2024-09-15,2025-06-10,148,4,0,0,4
2024-12-30,train,PF_0024651_01,PF_0024651|7538|2024-09-15,7,7538,2024-09-15,2025-06-10,148,6,0,0,6
2024-12-30,train,PF_0024651_01,PF_0024651|7538|2024-09-15,8,7538,2024-09-15,2025-06-10,148,3,0,0,3
2024-12-30,train,PF_0024651_01,PF_0024651|7538|2024-09-15,9,7538,2024-09-15,2025-06-10,148,7,0,0,7
2024-12-30,train,PF_0024654_01,PF_0024654|7527|2024-09-15,1,7527,2024-09-15,2025-06-10,150,4,0,0,4
2024-12-30,train,PF_0024654_01,PF_0024654|7527|2024-09-15,2,7527,2024-09-15,2025-06-10,150,6,0,0,6
2024-12-30,train,PF_0024654_01,PF_0024654|7527|2024-09-15,3,7527,2024-09-15,2025-06-10,150,7,0,0,7
2024-12-30,train,PF_0024654_01,PF_0024654|7527|2024-09-15,4,7527,2024-09-15,2025-06-10,150,4,0,0,4
2024-12-30,train,PF_0024654_01,PF_0024654|7527|2024-09-15,5,7527,2024-09-15,2025-06-10,150,4,0,0,4
2024-12-30,train,PF_0024654_01,PF_0024654|7527|2024-09-15,6,7527,2024-09-15,2025-06-10,150,6,0,0,6
2024-12-30,train,PF_0024654_01,PF_0024654|7527|2024-09-15,7,7527,2024-09-15,2025-06-10,150,8,0,0,8
2024-12-30,train,PF_0024654_01,PF_0024654|7527|2024-09-15,8,7527,2024-09-15,2025-06-10,150,5,0,0,5
2024-12-30,train,PF_0024654_01,PF_0024654|7527|2024-09-15,9,7527,2024-09-15,2025-06-10,150,4,0,0,4
2024-12-30,train,PF_0024655_01,PF_0024655|7533|2024-09-15,1,7533,2024-09-15,2025-06-30,152,4,0,0,4
2024-12-30,train,PF_0024655_01,PF_0024655|7533|2024-09-15,2,7533,2024-09-15,2025-06-30,152,5,0,0,5
2024-12-30,train,PF_0024655_01,PF_0024655|7533|2024-09-15,3,7533,2024-09-15,2025-06-30,152,3,0,0,3
2024-12-30,train,PF_0024655_01,PF_0024655|7533|2024-09-15,4,7533,2024-09-15,2025-06-30,152,5,0,0,5
2024-12-30,train,PF_0024655_01,PF_0024655|7533|2024-09-15,5,7533,2024-09-15,2025-06-30,152,3,0,0,3
2024-12-30,train,PF_0024655_01,PF_0024655|7533|2024-09-15,6,7533,2024-09-15,2025-06-30,152,9,0,0,9
2024-12-30,train,PF_0024655_01,PF_0024655|7533|2024-09-15,7,7533,2024-09-15,2025-06-30,152,5,0,0,5
2024-12-30,train,PF_0024655_01,PF_0024655|7533|2024-09-15,8,7533,2024-09-15,2025-06-30,152,6,0,0,6
2024-12-30,train,PF_0024655_01,PF_0024655|7533|2024-09-15,9,7533,2024-09-15,2025-06-30,152,3,0,0,3
2024-12-30,train,PF_0025106_01,PF_0025106|7518|2024-09-17,1,7518,2024-09-17,2025-06-30,200,7,0,0,7
2024-12-30,train,PF_0025106_01,PF_0025106|7518|2024-09-17,2,7518,2024-09-17,2025-06-30,200,5,0,0,5
2024-12-30,train,PF_0025106_01,PF_0025106|7518|2024-09-17,3,7518,2024-09-17,2025-06-30,200,4,0,0,4
2024-12-30,train,PF_0025106_01,PF_0025106|7518|2024-09-17,4,7518,2024-09-17,2025-06-30,200,5,0,0,5
2024-12-30,train,PF_0025106_01,PF_0025106|7518|2024-09-17,5,7518,2024-09-17,2025-06-30,200,13,0,0,13
2024-12-30,train,PF_0025106_01,PF_0025106|7518|2024-09-17,6,7518,2024-09-17,2025-06-30,200,12,0,0,12
2024-12-30,train,PF_0025106_01,PF_0025106|7518|2024-09-17,7,7518,2024-09-17,2025-06-30,200,14,0,0,14
2024-12-30,train,PF_0025106_01,PF_0025106|7518|2024-09-17,8,7518,2024-09-17,2025-06-30,200,6,0,0,6
2024-12-30,train,PF_0025106_01,PF_0025106|7518|2024-09-17,9,7518,2024-09-17,2025-06-30,200,9,0,0,9
2024-12-31,test,PF_0023621_01,PF_0023621|7565|2024-09-15,1,7565,2024-09-15,2025-05-03,122,0,0,0,0
2024-12-31,test,PF_0023621_01,PF_0023621|7565|2024-09-15,2,7565,2024-09-15,2025-05-03,122,0,0,0,0
2024-12-31,test,PF_0023621_01,PF_0023621|7565|2024-09-15,3,7565,2024-09-15,2025-05-03,122,0,0,0,0
2024-12-31,test,PF_0023621_01,PF_0023621|7565|2024-09-15,4,7565,2024-09-15,2025-05-03,122,0,0,0,0
2024-12-31,test,PF_0023621_01,PF_0023621|7565|2024-09-15,5,7565,2024-09-15,2025-05-03,122,0,0,0,0
2024-12-31,test,PF_0023621_01,PF_0023621|7565|2024-09-15,6,7565,2024-09-15,2025-05-03,122,0,0,0,0
2024-12-31,test,PF_0023621_01,PF_0023621|7565|2024-09-15,7,7565,2024-09-15,2025-05-03,122,0,0,0,0
2024-12-31,test,PF_0023621_01,PF_0023621|7565|2024-09-15,8,7565,2024-09-15,2025-05-03,122,0,0,0,0
2024-12-31,test,PF_0023621_01,PF_0023621|7565|2024-09-15,9,7565,2024-09-15,2025-05-03,122,0,0,0,0
2024-12-31,validation,PF_0023923_01,PF_0023923|7562|2024-08-31,1,7562,2024-08-31,2025-06-15,132,7,0,0,7
2024-12-31,validation,PF_0023923_01,PF_0023923|7562|2024-08-31,2,7562,2024-08-31,2025-06-15,132,8,3,0,11
2024-12-31,validation,PF_0023923_01,PF_0023923|7562|2024-08-31,4,7562,2024-08-31,2025-06-15,132,1,0,0,1
2024-12-31,validation,PF_0023923_01,PF_0023923|7562|2024-08-31,5,7562,2024-08-31,2025-06-15,132,8,0,0,8
2024-12-31,validation,PF_0023923_01,PF_0023923|7562|2024-08-31,6,7562,2024-08-31,2025-06-15,132,8,0,0,8
2024-12-31,validation,PF_0023923_01,PF_0023923|7562|2024-08-31,7,7562,2024-08-31,2025-06-15,132,0,0,0,0
2024-12-31,validation,PF_0023923_01,PF_0023923|7562|2024-08-31,8,7562,2024-08-31,2025-06-15,132,6,4,0,10
2024-12-31,validation,PF_0023923_01,PF_0023923|7562|2024-08-31,9,7562,2024-08-31,2025-06-15,132,7,0,0,7
2024-12-31,validation,PF_0024365_01,PF_0024365|7561|2024-09-10,1,7561,2024-09-10,2025-05-20,142,0,3,3,6
2024-12-31,validation,PF_0024365_01,PF_0024365|7561|2024-09-10,2,7561,2024-09-10,2025-05-20,142,0,6,0,6
2024-12-31,validation,PF_0024365_01,PF_0024365|7561|2024-09-10,3,7561,2024-09-10,2025-05-20,142,0,0,8,8
2024-12-31,validation,PF_0024365_01,PF_0024365|7561|2024-09-10,4,7561,2024-09-10,2025-05-20,142,0,6,0,6
2024-12-31,validation,PF_0024365_01,PF_0024365|7561|2024-09-10,5,7561,2024-09-10,2025-05-20,142,0,0,0,0
2024-12-31,validation,PF_0024365_01,PF_0024365|7561|2024-09-10,6,7561,2024-09-10,2025-05-20,142,0,0,2,2
2024-12-31,validation,PF_0024365_01,PF_0024365|7561|2024-09-10,7,7561,2024-09-10,2025-05-20,142,0,1,1,2
2024-12-31,validation,PF_0024365_01,PF_0024365|7561|2024-09-10,8,7561,2024-09-10,2025-05-20,142,0,9,0,9
2024-12-31,validation,PF_0024365_01,PF_0024365|7561|2024-09-10,9,7561,2024-09-10,2025-05-20,142,0,1,0,1
2024-12-31,test,PF_0024700_01,PF_0024700|7546|2024-09-10,1,7546,2024-09-10,2025-05-31,181,0,0,0,0
2024-12-31,test,PF_0024700_01,PF_0024700|7546|2024-09-10,2,7546,2024-09-10,2025-05-31,181,0,0,0,0
2024-12-31,test,PF_0024700_01,PF_0024700|7546|2024-09-10,3,7546,2024-09-10,2025-05-31,181,0,0,0,0
2024-12-31,test,PF_0024700_01,PF_0024700|7546|2024-09-10,4,7546,2024-09-10,2025-05-31,181,0,0,0,0
2024-12-31,test,PF_0024700_01,PF_0024700|7546|2024-09-10,5,7546,2024-09-10,2025-05-31,181,0,0,0,0
2024-12-31,test,PF_0024700_01,PF_0024700|7546|2024-09-10,6,7546,2024-09-10,2025-05-31,181,0,0,0,0
2024-12-31,test,PF_0024700_01,PF_0024700|7546|2024-09-10,7,7546,2024-09-10,2025-05-31,181,0,0,0,0
2024-12-31,test,PF_0024700_01,PF_0024700|7546|2024-09-10,8,7546,2024-09-10,2025-05-31,181,0,0,0,0
2024-12-31,test,PF_0024700_01,PF_0024700|7546|2024-09-10,9,7546,2024-09-10,2025-05-31,181,0,0,0,0
2024-12-31,train,PF_0025103_01,PF_0025103|7521|2024-09-15,1,7521,2024-09-15,2025-06-10,196,5,0,0,5
2024-12-31,train,PF_0025103_01,PF_0025103|7521|2024-09-15,2,7521,2024-09-15,2025-06-10,196,4,0,0,4
2024-12-31,train,PF_0025103_01,PF_0025103|7521|2024-09-15,3,7521,2024-09-15,2025-06-10,196,6,0,0,6
2024-12-31,train,PF_0025103_01,PF_0025103|7521|2024-09-15,4,7521,2024-09-15,2025-06-10,196,4,0,0,4
2024-12-31,train,PF_0025103_01,PF_0025103|7521|2024-09-15,5,7521,2024-09-15,2025-06-10,196,5,0,0,5
2024-12-31,train,PF_0025103_01,PF_0025103|7521|2024-09-15,6,7521,2024-09-15,2025-06-10,196,5,0,0,5
2024-12-31,train,PF_0025103_01,PF_0025103|7521|2024-09-15,7,7521,2024-09-15,2025-06-10,196,6,0,0,6
2024-12-31,train,PF_0025103_01,PF_0025103|7521|2024-09-15,8,7521,2024-09-15,2025-06-10,196,6,0,0,6
2024-12-31,train,PF_0025103_01,PF_0025103|7521|2024-09-15,9,7521,2024-09-15,2025-06-10,196,5,0,0,5
2025-01-01,test,PF_0023732_01,PF_0023732|7564|2024-08-31,1,7564,2024-08-31,2025-06-15,126,14,0,0,14
2025-01-01,test,PF_0023732_01,PF_0023732|7564|2024-08-31,2,7564,2024-08-31,2025-06-15,126,8,0,0,8
2025-01-01,test,PF_0023732_01,PF_0023732|7564|2024-08-31,3,7564,2024-08-31,2025-06-15,126,0,11,0,11
2025-01-01,test,PF_0023732_01,PF_0023732|7564|2024-08-31,4,7564,2024-08-31,2025-06-15,126,11,0,0,11
2025-01-01,test,PF_0023732_01,PF_0023732|7564|2024-08-31,5,7564,2024-08-31,2025-06-15,126,17,0,0,17
2025-01-01,test,PF_0023732_01,PF_0023732|7564|2024-08-31,6,7564,2024-08-31,2025-06-15,126,0,10,0,10
2025-01-01,test,PF_0023732_01,PF_0023732|7564|2024-08-31,7,7564,2024-08-31,2025-06-15,126,0,0,0,0
2025-01-01,test,PF_0023732_01,PF_0023732|7564|2024-08-31,8,7564,2024-08-31,2025-06-15,126,0,0,1,1
2025-01-01,test,PF_0023732_01,PF_0023732|7564|2024-08-31,9,7564,2024-08-31,2025-06-15,126,12,0,0,12
2025-01-01,train,PF_0023743_01,PF_0023743|7559|2024-09-10,1,7559,2024-09-10,2025-05-31,129,1,0,0,1
2025-01-01,train,PF_0023743_01,PF_0023743|7559|2024-09-10,2,7559,2024-09-10,2025-05-31,129,3,0,0,3
2025-01-01,train,PF_0023743_01,PF_0023743|7559|2024-09-10,3,7559,2024-09-10,2025-05-31,129,2,0,3,5
2025-01-01,train,PF_0023743_01,PF_0023743|7559|2024-09-10,4,7559,2024-09-10,2025-05-31,129,5,0,0,5
2025-01-01,train,PF_0023743_01,PF_0023743|7559|2024-09-10,5,7559,2024-09-10,2025-05-31,129,2,0,0,2
2025-01-01,train,PF_0023743_01,PF_0023743|7559|2024-09-10,6,7559,2024-09-10,2025-05-31,129,1,0,0,1
2025-01-01,train,PF_0023743_01,PF_0023743|7559|2024-09-10,7,7559,2024-09-10,2025-05-31,129,1,0,0,1
2025-01-01,train,PF_0023743_01,PF_0023743|7559|2024-09-10,8,7559,2024-09-10,2025-05-31,129,4,0,0,4
2025-01-01,train,PF_0023743_01,PF_0023743|7559|2024-09-10,9,7559,2024-09-10,2025-05-31,129,2,1,0,3
2025-01-01,train,PF_0024357_01,PF_0024357|7560|2024-09-09,1,7560,2024-09-09,2025-05-31,139,2,2,0,4
2025-01-01,train,PF_0024357_01,PF_0024357|7560|2024-09-09,2,7560,2024-09-09,2025-05-31,139,0,6,0,6
2025-01-01,train,PF_0024357_01,PF_0024357|7560|2024-09-09,3,7560,2024-09-09,2025-05-31,139,1,0,0,1
2025-01-01,train,PF_0024357_01,PF_0024357|7560|2024-09-09,4,7560,2024-09-09,2025-05-31,139,6,0,3,9
2025-01-01,train,PF_0024357_01,PF_0024357|7560|2024-09-09,5,7560,2024-09-09,2025-05-31,139,12,0,0,12
2025-01-01,train,PF_0024357_01,PF_0024357|7560|2024-09-09,6,7560,2024-09-09,2025-05-31,139,3,9,0,12
2025-01-01,train,PF_0024357_01,PF_0024357|7560|2024-09-09,7,7560,2024-09-09,2025-05-31,139,0,5,0,5
2025-01-01,train,PF_0024357_01,PF_0024357|7560|2024-09-09,8,7560,2024-09-09,2025-05-31,139,2,10,0,12
2025-01-01,train,PF_0024357_01,PF_0024357|7560|2024-09-09,9,7560,2024-09-09,2025-05-31,139,3,0,0,3
2025-01-01,train,PF_0024688_01,PF_0024688|7558|2024-09-01,1,7558,2024-09-01,2025-06-30,160,0,3,0,3
2025-01-01,train,PF_0024688_01,PF_0024688|7558|2024-09-01,2,7558,2024-09-01,2025-06-30,160,11,3,0,14
2025-01-01,train,PF_0024688_01,PF_0024688|7558|2024-09-01,3,7558,2024-09-01,2025-06-30,160,0,5,0,5
2025-01-01,train,PF_0024688_01,PF_0024688|7558|2024-09-01,4,7558,2024-09-01,2025-06-30,160,0,2,0,2
2025-01-01,train,PF_0024688_01,PF_0024688|7558|2024-09-01,5,7558,2024-09-01,2025-06-30,160,4,3,5,12
2025-01-01,train,PF_0024688_01,PF_0024688|7558|2024-09-01,6,7558,2024-09-01,2025-06-30,160,0,1,0,1
2025-01-01,train,PF_0024688_01,PF_0024688|7558|2024-09-01,7,7558,2024-09-01,2025-06-30,160,5,3,0,8
2025-01-01,train,PF_0024688_01,PF_0024688|7558|2024-09-01,8,7558,2024-09-01,2025-06-30,160,7,4,0,11
2025-01-01,train,PF_0024688_01,PF_0024688|7558|2024-09-01,9,7558,2024-09-01,2025-06-30,160,1,1,3,5
2025-01-03,train,PF_0002037_01,PF_0002037|7532|2024-09-20,1,7532,2024-09-20,2025-05-31,41,6,0,0,6
2025-01-03,train,PF_0002037_01,PF_0002037|7532|2024-09-20,2,7532,2024-09-20,2025-05-31,41,6,0,0,6
2025-01-03,train,PF_0002037_01,PF_0002037|7532|2024-09-20,3,7532,2024-09-20,2025-05-31,41,6,0,0,6
2025-01-03,train,PF_0002037_01,PF_0002037|7532|2024-09-20,4,7532,2024-09-20,2025-05-31,41,8,0,0,8
2025-01-03,train,PF_0002037_01,PF_0002037|7532|2024-09-20,5,7532,2024-09-20,2025-05-31,41,6,0,0,6
2025-01-03,train,PF_0002037_01,PF_0002037|7532|2024-09-20,6,7532,2024-09-20,2025-05-31,41,3,0,0,3
2025-01-03,train,PF_0002037_01,PF_0002037|7532|2024-09-20,7,7532,2024-09-20,2025-05-31,41,6,5,0,11
2025-01-03,train,PF_0002037_01,PF_0002037|7532|2024-09-20,8,7532,2024-09-20,2025-05-31,41,6,0,0,6
2025-01-03,train,PF_0002037_01,PF_0002037|7532|2024-09-20,9,7532,2024-09-20,2025-05-31,41,4,1,0,5
2025-01-03,train,PF_0021351_01,PF_0021351|7540|2024-09-07,1,7540,2024-09-07,2025-05-25,104,0,0,0,0
2025-01-03,train,PF_0021351_01,PF_0021351|7540|2024-09-07,3,7540,2024-09-07,2025-05-25,104,3,0,0,3
2025-01-03,train,PF_0021351_01,PF_0021351|7540|2024-09-07,4,7540,2024-09-07,2025-05-25,104,10,1,0,11
2025-01-03,train,PF_0021351_01,PF_0021351|7540|2024-09-07,5,7540,2024-09-07,2025-05-25,104,3,0,0,3
2025-01-03,train,PF_0021351_01,PF_0021351|7540|2024-09-07,6,7540,2024-09-07,2025-05-25,104,0,5,0,5
2025-01-03,train,PF_0021351_01,PF_0021351|7540|2024-09-07,7,7540,2024-09-07,2025-05-25,104,0,3,0,3
2025-01-03,train,PF_0021351_01,PF_0021351|7540|2024-09-07,8,7540,2024-09-07,2025-05-25,104,5,0,0,5
2025-01-03,train,PF_0021351_01,PF_0021351|7540|2024-09-07,9,7540,2024-09-07,2025-05-25,104,9,0,0,9
2025-01-03,train,PF_0022105_01,PF_0022105|7566|2024-09-01,1,7566,2024-09-01,2025-05-31,115,10,1,0,11
2025-01-03,train,PF_0022105_01,PF_0022105|7566|2024-09-01,2,7566,2024-09-01,2025-05-31,115,7,0,0,7
2025-01-03,train,PF_0022105_01,PF_0022105|7566|2024-09-01,3,7566,2024-09-01,2025-05-31,115,12,0,0,12
2025-01-03,train,PF_0022105_01,PF_0022105|7566|2024-09-01,4,7566,2024-09-01,2025-05-31,115,10,0,0,10
2025-01-03,train,PF_0022105_01,PF_0022105|7566|2024-09-01,6,7566,2024-09-01,2025-05-31,115,8,0,0,8
2025-01-03,train,PF_0022105_01,PF_0022105|7566|2024-09-01,7,7566,2024-09-01,2025-05-31,115,9,0,0,9
2025-01-03,train,PF_0022105_01,PF_0022105|7566|2024-09-01,8,7566,2024-09-01,2025-05-31,115,4,7,0,11
2025-01-03,train,PF_0022105_01,PF_0022105|7566|2024-09-01,9,7566,2024-09-01,2025-05-31,115,7,6,1,14
2025-01-06,train,PF_0000574_01,PF_0000574|7579|2024-09-01,1,7579,2024-09-01,2025-06-30,13,0,0,0,0
2025-01-06,train,PF_0000574_01,PF_0000574|7579|2024-09-01,2,7579,2024-09-01,2025-06-30,13,0,0,0,0
2025-01-06,train,PF_0000574_01,PF_0000574|7579|2024-09-01,3,7579,2024-09-01,2025-06-30,13,0,0,0,0
2025-01-06,train,PF_0000574_01,PF_0000574|7579|2024-09-01,4,7579,2024-09-01,2025-06-30,13,0,0,0,0
2025-01-06,train,PF_0000574_01,PF_0000574|7579|2024-09-01,5,7579,2024-09-01,2025-06-30,13,0,0,0,0
2025-01-06,train,PF_0000574_01,PF_0000574|7579|2024-09-01,6,7579,2024-09-01,2025-06-30,13,0,0,0,0
2025-01-06,train,PF_0000574_01,PF_0000574|7579|2024-09-01,7,7579,2024-09-01,2025-06-30,13,0,0,0,0
2025-01-06,train,PF_0000574_01,PF_0000574|7579|2024-09-01,8,7579,2024-09-01,2025-06-30,13,0,0,0,0
2025-01-06,train,PF_0000574_01,PF_0000574|7579|2024-09-01,9,7579,2024-09-01,2025-06-30,13,0,0,0,0
2025-01-06,validation,PF_0000778_01,PF_0000778|7578|2024-09-15,1,7578,2024-09-15,2025-06-30,20,0,0,0,0
2025-01-06,validation,PF_0000778_01,PF_0000778|7578|2024-09-15,2,7578,2024-09-15,2025-06-30,20,1,0,0,1
2025-01-06,validation,PF_0000778_01,PF_0000778|7578|2024-09-15,3,7578,2024-09-15,2025-06-30,20,2,0,0,2
2025-01-06,validation,PF_0000778_01,PF_0000778|7578|2024-09-15,4,7578,2024-09-15,2025-06-30,20,1,0,0,1
2025-01-06,validation,PF_0000778_01,PF_0000778|7578|2024-09-15,5,7578,2024-09-15,2025-06-30,20,2,0,0,2
2025-01-06,validation,PF_0000778_01,PF_0000778|7578|2024-09-15,6,7578,2024-09-15,2025-06-30,20,9,0,0,9
2025-01-06,validation,PF_0000778_01,PF_0000778|7578|2024-09-15,7,7578,2024-09-15,2025-06-30,20,8,0,0,8
2025-01-06,validation,PF_0000778_01,PF_0000778|7578|2024-09-15,8,7578,2024-09-15,2025-06-30,20,0,0,0,0
2025-01-06,validation,PF_0000778_01,PF_0000778|7578|2024-09-15,9,7578,2024-09-15,2025-06-30,20,2,0,0,2
2025-01-06,train,PF_0024651_01,PF_0024651|7538|2024-09-15,1,7538,2024-09-15,2025-06-10,148,9,0,0,9
2025-01-06,train,PF_0024651_01,PF_0024651|7538|2024-09-15,2,7538,2024-09-15,2025-06-10,148,10,0,0,10
2025-01-06,train,PF_0024651_01,PF_0024651|7538|2024-09-15,3,7538,2024-09-15,2025-06-10,148,6,0,0,6
2025-01-06,train,PF_0024651_01,PF_0024651|7538|2024-09-15,4,7538,2024-09-15,2025-06-10,148,9,0,0,9
2025-01-06,train,PF_0024651_01,PF_0024651|7538|2024-09-15,5,7538,2024-09-15,2025-06-10,148,1,0,0,1
2025-01-06,train,PF_0024651_01,PF_0024651|7538|2024-09-15,6,7538,2024-09-15,2025-06-10,148,4,0,0,4
2025-01-06,train,PF_0024651_01,PF_0024651|7538|2024-09-15,7,7538,2024-09-15,2025-06-10,148,5,0,0,5
2025-01-06,train,PF_0024651_01,PF_0024651|7538|2024-09-15,8,7538,2024-09-15,2025-06-10,148,3,0,0,3
2025-01-06,train,PF_0024651_01,PF_0024651|7538|2024-09-15,9,7538,2024-09-15,2025-06-10,148,5,0,0,5
2025-01-06,train,PF_0024654_01,PF_0024654|7527|2024-09-15,1,7527,2024-09-15,2025-06-10,150,5,0,0,5
2025-01-06,train,PF_0024654_01,PF_0024654|7527|2024-09-15,2,7527,2024-09-15,2025-06-10,150,6,0,0,6
2025-01-06,train,PF_0024654_01,PF_0024654|7527|2024-09-15,3,7527,2024-09-15,2025-06-10,150,6,0,0,6
2025-01-06,train,PF_0024654_01,PF_0024654|7527|2024-09-15,4,7527,2024-09-15,2025-06-10,150,3,0,0,3
2025-01-06,train,PF_0024654_01,PF_0024654|7527|2024-09-15,5,7527,2024-09-15,2025-06-10,150,2,0,0,2
2025-01-06,train,PF_0024654_01,PF_0024654|7527|2024-09-15,6,7527,2024-09-15,2025-06-10,150,5,0,0,5
2025-01-06,train,PF_0024654_01,PF_0024654|7527|2024-09-15,7,7527,2024-09-15,2025-06-10,150,6,0,0,6
2025-01-06,train,PF_0024654_01,PF_0024654|7527|2024-09-15,8,7527,2024-09-15,2025-06-10,150,5,0,0,5
2025-01-06,train,PF_0024654_01,PF_0024654|7527|2024-09-15,9,7527,2024-09-15,2025-06-10,150,4,0,0,4
2025-01-06,train,PF_0024655_01,PF_0024655|7533|2024-09-15,1,7533,2024-09-15,2025-06-30,152,4,0,0,4
2025-01-06,train,PF_0024655_01,PF_0024655|7533|2024-09-15,2,7533,2024-09-15,2025-06-30,152,4,0,0,4
2025-01-06,train,PF_0024655_01,PF_0024655|7533|2024-09-15,3,7533,2024-09-15,2025-06-30,152,3,0,0,3
2025-01-06,train,PF_0024655_01,PF_0024655|7533|2024-09-15,4,7533,2024-09-15,2025-06-30,152,5,0,0,5
2025-01-06,train,PF_0024655_01,PF_0024655|7533|2024-09-15,5,7533,2024-09-15,2025-06-30,152,3,0,0,3
2025-01-06,train,PF_0024655_01,PF_0024655|7533|2024-09-15,6,7533,2024-09-15,2025-06-30,152,4,0,0,4
2025-01-06,train,PF_0024655_01,PF_0024655|7533|2024-09-15,7,7533,2024-09-15,2025-06-30,152,5,0,0,5
2025-01-06,train,PF_0024655_01,PF_0024655|7533|2024-09-15,8,7533,2024-09-15,2025-06-30,152,6,0,0,6
2025-01-06,train,PF_0024655_01,PF_0024655|7533|2024-09-15,9,7533,2024-09-15,2025-06-30,152,4,0,0,4
2025-01-06,train,PF_0025106_01,PF_0025106|7518|2024-09-17,1,7518,2024-09-17,2025-06-30,200,4,0,0,4
2025-01-06,train,PF_0025106_01,PF_0025106|7518|2024-09-17,2,7518,2024-09-17,2025-06-30,200,4,0,0,4
2025-01-06,train,PF_0025106_01,PF_0025106|7518|2024-09-17,3,7518,2024-09-17,2025-06-30,200,2,0,0,2
2025-01-06,train,PF_0025106_01,PF_0025106|7518|2024-09-17,4,7518,2024-09-17,2025-06-30,200,3,0,0,3
2025-01-06,train,PF_0025106_01,PF_0025106|7518|2024-09-17,5,7518,2024-09-17,2025-06-30,200,13,0,0,13
2025-01-06,train,PF_0025106_01,PF_0025106|7518|2024-09-17,6,7518,2024-09-17,2025-06-30,200,12,0,0,12
2025-01-06,train,PF_0025106_01,PF_0025106|7518|2024-09-17,7,7518,2024-09-17,2025-06-30,200,14,0,0,14
2025-01-06,train,PF_0025106_01,PF_0025106|7518|2024-09-17,8,7518,2024-09-17,2025-06-30,200,6,0,0,6
2025-01-06,train,PF_0025106_01,PF_0025106|7518|2024-09-17,9,7518,2024-09-17,2025-06-30,200,8,0,0,8
2025-01-07,test,PF_0023621_01,PF_0023621|7565|2024-09-15,1,7565,2024-09-15,2025-05-03,122,10,0,0,10
2025-01-07,test,PF_0023621_01,PF_0023621|7565|2024-09-15,2,7565,2024-09-15,2025-05-03,122,8,0,0,8
2025-01-07,test,PF_0023621_01,PF_0023621|7565|2024-09-15,3,7565,2024-09-15,2025-05-03,122,6,1,0,7
2025-01-07,test,PF_0023621_01,PF_0023621|7565|2024-09-15,4,7565,2024-09-15,2025-05-03,122,8,0,0,8
2025-01-07,test,PF_0023621_01,PF_0023621|7565|2024-09-15,5,7565,2024-09-15,2025-05-03,122,9,1,0,10
2025-01-07,test,PF_0023621_01,PF_0023621|7565|2024-09-15,6,7565,2024-09-15,2025-05-03,122,11,0,0,11
2025-01-07,test,PF_0023621_01,PF_0023621|7565|2024-09-15,7,7565,2024-09-15,2025-05-03,122,8,0,0,8
2025-01-07,test,PF_0023621_01,PF_0023621|7565|2024-09-15,9,7565,2024-09-15,2025-05-03,122,0,0,0,0
2025-01-07,test,PF_0023732_01,PF_0023732|7564|2024-08-31,1,7564,2024-08-31,2025-06-15,126,12,0,0,12
2025-01-07,test,PF_0023732_01,PF_0023732|7564|2024-08-31,2,7564,2024-08-31,2025-06-15,126,9,0,0,9
2025-01-07,test,PF_0023732_01,PF_0023732|7564|2024-08-31,3,7564,2024-08-31,2025-06-15,126,0,10,0,10
2025-01-07,test,PF_0023732_01,PF_0023732|7564|2024-08-31,4,7564,2024-08-31,2025-06-15,126,11,0,0,11
2025-01-07,test,PF_0023732_01,PF_0023732|7564|2024-08-31,5,7564,2024-08-31,2025-06-15,126,17,0,0,17
2025-01-07,test,PF_0023732_01,PF_0023732|7564|2024-08-31,6,7564,2024-08-31,2025-06-15,126,0,4,7,11
2025-01-07,test,PF_0023732_01,PF_0023732|7564|2024-08-31,7,7564,2024-08-31,2025-06-15,126,0,1,0,1
2025-01-07,test,PF_0023732_01,PF_0023732|7564|2024-08-31,8,7564,2024-08-31,2025-06-15,126,0,0,2,2
2025-01-07,test,PF_0023732_01,PF_0023732|7564|2024-08-31,9,7564,2024-08-31,2025-06-15,126,12,0,0,12
2025-01-07,train,PF_0023743_01,PF_0023743|7559|2024-09-10,1,7559,2024-09-10,2025-05-31,129,0,0,0,0
2025-01-07,train,PF_0023743_01,PF_0023743|7559|2024-09-10,2,7559,2024-09-10,2025-05-31,129,0,0,0,0
2025-01-07,train,PF_0023743_01,PF_0023743|7559|2024-09-10,3,7559,2024-09-10,2025-05-31,129,1,0,4,5
2025-01-07,train,PF_0023743_01,PF_0023743|7559|2024-09-10,4,7559,2024-09-10,2025-05-31,129,2,0,0,2
2025-01-07,train,PF_0023743_01,PF_0023743|7559|2024-09-10,5,7559,2024-09-10,2025-05-31,129,1,0,0,1
2025-01-07,train,PF_0023743_01,PF_0023743|7559|2024-09-10,6,7559,2024-09-10,2025-05-31,129,0,0,0,0
2025-01-07,train,PF_0023743_01,PF_0023743|7559|2024-09-10,7,7559,2024-09-10,2025-05-31,129,1,0,0,1
2025-01-07,train,PF_0023743_01,PF_0023743|7559|2024-09-10,8,7559,2024-09-10,2025-05-31,129,2,0,0,2
2025-01-07,train,PF_0023743_01,PF_0023743|7559|2024-09-10,9,7559,2024-09-10,2025-05-31,129,0,7,0,7
2025-01-07,validation,PF_0023923_01,PF_0023923|7562|2024-08-31,1,7562,2024-08-31,2025-06-15,132,6,0,0,6
2025-01-07,validation,PF_0023923_01,PF_0023923|7562|2024-08-31,2,7562,2024-08-31,2025-06-15,132,5,0,0,5
2025-01-07,validation,PF_0023923_01,PF_0023923|7562|2024-08-31,4,7562,2024-08-31,2025-06-15,132,1,0,0,1
2025-01-07,validation,PF_0023923_01,PF_0023923|7562|2024-08-31,5,7562,2024-08-31,2025-06-15,132,8,0,0,8
2025-01-07,validation,PF_0023923_01,PF_0023923|7562|2024-08-31,6,7562,2024-08-31,2025-06-15,132,7,0,0,7
2025-01-07,validation,PF_0023923_01,PF_0023923|7562|2024-08-31,7,7562,2024-08-31,2025-06-15,132,0,0,0,0
2025-01-07,validation,PF_0023923_01,PF_0023923|7562|2024-08-31,8,7562,2024-08-31,2025-06-15,132,6,4,0,10
2025-01-07,validation,PF_0023923_01,PF_0023923|7562|2024-08-31,9,7562,2024-08-31,2025-06-15,132,7,0,0,7
2025-01-07,train,PF_0024357_01,PF_0024357|7560|2024-09-09,1,7560,2024-09-09,2025-05-31,139,0,4,0,4
2025-01-07,train,PF_0024357_01,PF_0024357|7560|2024-09-09,2,7560,2024-09-09,2025-05-31,139,0,6,0,6
2025-01-07,train,PF_0024357_01,PF_0024357|7560|2024-09-09,3,7560,2024-09-09,2025-05-31,139,1,0,0,1
2025-01-07,train,PF_0024357_01,PF_0024357|7560|2024-09-09,4,7560,2024-09-09,2025-05-31,139,3,0,7,10
2025-01-07,train,PF_0024357_01,PF_0024357|7560|2024-09-09,5,7560,2024-09-09,2025-05-31,139,12,0,0,12
2025-01-07,train,PF_0024357_01,PF_0024357|7560|2024-09-09,6,7560,2024-09-09,2025-05-31,139,1,10,0,11
2025-01-07,train,PF_0024357_01,PF_0024357|7560|2024-09-09,7,7560,2024-09-09,2025-05-31,139,0,10,0,10
2025-01-07,train,PF_0024357_01,PF_0024357|7560|2024-09-09,8,7560,2024-09-09,2025-05-31,139,0,12,0,12
2025-01-07,train,PF_0024357_01,PF_0024357|7560|2024-09-09,9,7560,2024-09-09,2025-05-31,139,1,0,0,1
2025-01-07,validation,PF_0024365_01,PF_0024365|7561|2024-09-10,1,7561,2024-09-10,2025-05-20,142,0,0,7,7
2025-01-07,validation,PF_0024365_01,PF_0024365|7561|2024-09-10,2,7561,2024-09-10,2025-05-20,142,0,5,0,5
2025-01-07,validation,PF_0024365_01,PF_0024365|7561|2024-09-10,3,7561,2024-09-10,2025-05-20,142,0,0,6,6
2025-01-07,validation,PF_0024365_01,PF_0024365|7561|2024-09-10,4,7561,2024-09-10,2025-05-20,142,0,2,0,2
2025-01-07,validation,PF_0024365_01,PF_0024365|7561|2024-09-10,5,7561,2024-09-10,2025-05-20,142,0,0,0,0
2025-01-07,validation,PF_0024365_01,PF_0024365|7561|2024-09-10,6,7561,2024-09-10,2025-05-20,142,0,0,3,3
2025-01-07,validation,PF_0024365_01,PF_0024365|7561|2024-09-10,7,7561,2024-09-10,2025-05-20,142,0,0,3,3
2025-01-07,validation,PF_0024365_01,PF_0024365|7561|2024-09-10,8,7561,2024-09-10,2025-05-20,142,0,7,0,7
2025-01-07,validation,PF_0024365_01,PF_0024365|7561|2024-09-10,9,7561,2024-09-10,2025-05-20,142,0,0,4,4
2025-01-07,train,PF_0024688_01,PF_0024688|7558|2024-09-01,1,7558,2024-09-01,2025-06-30,160,0,2,0,2
2025-01-07,train,PF_0024688_01,PF_0024688|7558|2024-09-01,2,7558,2024-09-01,2025-06-30,160,10,5,2,17
2025-01-07,train,PF_0024688_01,PF_0024688|7558|2024-09-01,3,7558,2024-09-01,2025-06-30,160,0,5,0,5
2025-01-07,train,PF_0024688_01,PF_0024688|7558|2024-09-01,4,7558,2024-09-01,2025-06-30,160,0,5,0,5
2025-01-07,train,PF_0024688_01,PF_0024688|7558|2024-09-01,5,7558,2024-09-01,2025-06-30,160,5,3,3,11
2025-01-07,train,PF_0024688_01,PF_0024688|7558|2024-09-01,6,7558,2024-09-01,2025-06-30,160,0,1,0,1
2025-01-07,train,PF_0024688_01,PF_0024688|7558|2024-09-01,7,7558,2024-09-01,2025-06-30,160,5,3,0,8
2025-01-07,train,PF_0024688_01,PF_0024688|7558|2024-09-01,8,7558,2024-09-01,2025-06-30,160,7,4,1,12
2025-01-07,train,PF_0024688_01,PF_0024688|7558|2024-09-01,9,7558,2024-09-01,2025-06-30,160,0,3,5,8
2025-01-07,test,PF_0024700_01,PF_0024700|7546|2024-09-10,1,7546,2024-09-10,2025-05-31,181,6,0,0,6
2025-01-07,test,PF_0024700_01,PF_0024700|7546|2024-09-10,2,7546,2024-09-10,2025-05-31,181,7,0,0,7
2025-01-07,test,PF_0024700_01,PF_0024700|7546|2024-09-10,3,7546,2024-09-10,2025-05-31,181,10,0,0,10
2025-01-07,test,PF_0024700_01,PF_0024700|7546|2024-09-10,4,7546,2024-09-10,2025-05-31,181,7,0,0,7
2025-01-07,test,PF_0024700_01,PF_0024700|7546|2024-09-10,5,7546,2024-09-10,2025-05-31,181,2,0,0,2
2025-01-07,test,PF_0024700_01,PF_0024700|7546|2024-09-10,6,7546,2024-09-10,2025-05-31,181,3,0,0,3
2025-01-07,test,PF_0024700_01,PF_0024700|7546|2024-09-10,7,7546,2024-09-10,2025-05-31,181,8,0,0,8
2025-01-07,test,PF_0024700_01,PF_0024700|7546|2024-09-10,8,7546,2024-09-10,2025-05-31,181,9,1,0,10
2025-01-07,test,PF_0024700_01,PF_0024700|7546|2024-09-10,9,7546,2024-09-10,2025-05-31,181,7,2,0,9
2025-01-07,train,PF_0025103_01,PF_0025103|7521|2024-09-15,1,7521,2024-09-15,2025-06-10,196,2,0,0,2
2025-01-07,train,PF_0025103_01,PF_0025103|7521|2024-09-15,2,7521,2024-09-15,2025-06-10,196,4,0,0,4
2025-01-07,train,PF_0025103_01,PF_0025103|7521|2024-09-15,3,7521,2024-09-15,2025-06-10,196,3,0,0,3
2025-01-07,train,PF_0025103_01,PF_0025103|7521|2024-09-15,4,7521,2024-09-15,2025-06-10,196,2,0,0,2
2025-01-07,train,PF_0025103_01,PF_0025103|7521|2024-09-15,5,7521,2024-09-15,2025-06-10,196,3,0,0,3
2025-01-07,train,PF_0025103_01,PF_0025103|7521|2024-09-15,6,7521,2024-09-15,2025-06-10,196,4,0,0,4
2025-01-07,train,PF_0025103_01,PF_0025103|7521|2024-09-15,7,7521,2024-09-15,2025-06-10,196,6,0,0,6
2025-01-07,train,PF_0025103_01,PF_0025103|7521|2024-09-15,8,7521,2024-09-15,2025-06-10,196,6,0,0,6
2025-01-07,train,PF_0025103_01,PF_0025103|7521|2024-09-15,9,7521,2024-09-15,2025-06-10,196,4,0,0,4
2025-01-10,train,PF_0002037_01,PF_0002037|7532|2024-09-20,1,7532,2024-09-20,2025-05-31,41,4,0,3,7
2025-01-10,train,PF_0002037_01,PF_0002037|7532|2024-09-20,2,7532,2024-09-20,2025-05-31,41,0,0,0,0
2025-01-10,train,PF_0002037_01,PF_0002037|7532|2024-09-20,3,7532,2024-09-20,2025-05-31,41,4,1,0,5
2025-01-10,train,PF_0002037_01,PF_0002037|7532|2024-09-20,4,7532,2024-09-20,2025-05-31,41,4,4,0,8
2025-01-10,train,PF_0002037_01,PF_0002037|7532|2024-09-20,5,7532,2024-09-20,2025-05-31,41,6,1,0,7
2025-01-10,train,PF_0002037_01,PF_0002037|7532|2024-09-20,6,7532,2024-09-20,2025-05-31,41,0,3,0,3
2025-01-10,train,PF_0002037_01,PF_0002037|7532|2024-09-20,7,7532,2024-09-20,2025-05-31,41,7,5,0,12
2025-01-10,train,PF_0002037_01,PF_0002037|7532|2024-09-20,8,7532,2024-09-20,2025-05-31,41,0,0,0,0
2025-01-10,train,PF_0002037_01,PF_0002037|7532|2024-09-20,9,7532,2024-09-20,2025-05-31,41,5,2,0,7
2025-01-10,train,PF_0021351_01,PF_0021351|7540|2024-09-07,1,7540,2024-09-07,2025-05-25,104,0,1,0,1
2025-01-10,train,PF_0021351_01,PF_0021351|7540|2024-09-07,3,7540,2024-09-07,2025-05-25,104,5,0,0,5
2025-01-10,train,PF_0021351_01,PF_0021351|7540|2024-09-07,4,7540,2024-09-07,2025-05-25,104,16,2,0,18
2025-01-10,train,PF_0021351_01,PF_0021351|7540|2024-09-07,5,7540,2024-09-07,2025-05-25,104,6,0,0,6
2025-01-10,train,PF_0021351_01,PF_0021351|7540|2024-09-07,6,7540,2024-09-07,2025-05-25,104,0,2,2,4
2025-01-10,train,PF_0021351_01,PF_0021351|7540|2024-09-07,7,7540,2024-09-07,2025-05-25,104,0,2,3,5
2025-01-10,train,PF_0021351_01,PF_0021351|7540|2024-09-07,8,7540,2024-09-07,2025-05-25,104,6,0,0,6
2025-01-10,train,PF_0021351_01,PF_0021351|7540|2024-09-07,9,7540,2024-09-07,2025-05-25,104,6,0,0,6
2025-01-10,train,PF_0022105_01,PF_0022105|7566|2024-09-01,1,7566,2024-09-01,2025-05-31,115,11,2,0,13
2025-01-10,train,PF_0022105_01,PF_0022105|7566|2024-09-01,2,7566,2024-09-01,2025-05-31,115,10,0,0,10
2025-01-10,train,PF_0022105_01,PF_0022105|7566|2024-09-01,3,7566,2024-09-01,2025-05-31,115,11,0,0,11
2025-01-10,train,PF_0022105_01,PF_0022105|7566|2024-09-01,4,7566,2024-09-01,2025-05-31,115,9,0,0,9
2025-01-10,train,PF_0022105_01,PF_0022105|7566|2024-09-01,6,7566,2024-09-01,2025-05-31,115,9,0,0,9
2025-01-10,train,PF_0022105_01,PF_0022105|7566|2024-09-01,7,7566,2024-09-01,2025-05-31,115,12,0,0,12
2025-01-10,train,PF_0022105_01,PF_0022105|7566|2024-09-01,8,7566,2024-09-01,2025-05-31,115,2,9,0,11
2025-01-10,train,PF_0022105_01,PF_0022105|7566|2024-09-01,9,7566,2024-09-01,2025-05-31,115,8,6,1,15
2025-01-13,train,PF_0000574_01,PF_0000574|7579|2024-09-01,1,7579,2024-09-01,2025-06-30,13,0,0,0,0
2025-01-13,train,PF_0000574_01,PF_0000574|7579|2024-09-01,2,7579,2024-09-01,2025-06-30,13,0,0,0,0
2025-01-13,train,PF_0000574_01,PF_0000574|7579|2024-09-01,3,7579,2024-09-01,2025-06-30,13,0,0,0,0
2025-01-13,train,PF_0000574_01,PF_0000574|7579|2024-09-01,4,7579,2024-09-01,2025-06-30,13,0,0,0,0
2025-01-13,train,PF_0000574_01,PF_0000574|7579|2024-09-01,5,7579,2024-09-01,2025-06-30,13,0,0,0,0
2025-01-13,train,PF_0000574_01,PF_0000574|7579|2024-09-01,6,7579,2024-09-01,2025-06-30,13,0,0,0,0
2025-01-13,train,PF_0000574_01,PF_0000574|7579|2024-09-01,7,7579,2024-09-01,2025-06-30,13,0,0,0,0
2025-01-13,train,PF_0000574_01,PF_0000574|7579|2024-09-01,8,7579,2024-09-01,2025-06-30,13,0,0,0,0
2025-01-13,train,PF_0000574_01,PF_0000574|7579|2024-09-01,9,7579,2024-09-01,2025-06-30,13,0,0,0,0
2025-01-13,validation,PF_0000778_01,PF_0000778|7578|2024-09-15,1,7578,2024-09-15,2025-06-30,20,0,0,0,0
2025-01-13,validation,PF_0000778_01,PF_0000778|7578|2024-09-15,2,7578,2024-09-15,2025-06-30,20,0,1,0,1
2025-01-13,validation,PF_0000778_01,PF_0000778|7578|2024-09-15,3,7578,2024-09-15,2025-06-30,20,1,0,0,1
2025-01-13,validation,PF_0000778_01,PF_0000778|7578|2024-09-15,4,7578,2024-09-15,2025-06-30,20,0,1,0,1
2025-01-13,validation,PF_0000778_01,PF_0000778|7578|2024-09-15,5,7578,2024-09-15,2025-06-30,20,2,0,0,2
2025-01-13,validation,PF_0000778_01,PF_0000778|7578|2024-09-15,6,7578,2024-09-15,2025-06-30,20,9,0,0,9
2025-01-13,validation,PF_0000778_01,PF_0000778|7578|2024-09-15,7,7578,2024-09-15,2025-06-30,20,10,0,0,10
2025-01-13,validation,PF_0000778_01,PF_0000778|7578|2024-09-15,8,7578,2024-09-15,2025-06-30,20,0,1,0,1
2025-01-13,validation,PF_0000778_01,PF_0000778|7578|2024-09-15,9,7578,2024-09-15,2025-06-30,20,2,0,0,2
2025-01-13,train,PF_0024651_01,PF_0024651|7538|2024-09-15,1,7538,2024-09-15,2025-06-10,148,5,0,0,5
2025-01-13,train,PF_0024651_01,PF_0024651|7538|2024-09-15,2,7538,2024-09-15,2025-06-10,148,9,0,0,9
2025-01-13,train,PF_0024651_01,PF_0024651|7538|2024-09-15,3,7538,2024-09-15,2025-06-10,148,6,0,0,6
2025-01-13,train,PF_0024651_01,PF_0024651|7538|2024-09-15,4,7538,2024-09-15,2025-06-10,148,12,0,0,12
2025-01-13,train,PF_0024651_01,PF_0024651|7538|2024-09-15,5,7538,2024-09-15,2025-06-10,148,1,0,0,1
2025-01-13,train,PF_0024651_01,PF_0024651|7538|2024-09-15,6,7538,2024-09-15,2025-06-10,148,0,0,0,0
2025-01-13,train,PF_0024651_01,PF_0024651|7538|2024-09-15,7,7538,2024-09-15,2025-06-10,148,5,0,0,5
2025-01-13,train,PF_0024651_01,PF_0024651|7538|2024-09-15,8,7538,2024-09-15,2025-06-10,148,2,0,0,2
2025-01-13,train,PF_0024651_01,PF_0024651|7538|2024-09-15,9,7538,2024-09-15,2025-06-10,148,5,0,0,5
2025-01-13,train,PF_0024654_01,PF_0024654|7527|2024-09-15,1,7527,2024-09-15,2025-06-10,150,2,0,0,2
2025-01-13,train,PF_0024654_01,PF_0024654|7527|2024-09-15,2,7527,2024-09-15,2025-06-10,150,1,0,0,1
2025-01-13,train,PF_0024654_01,PF_0024654|7527|2024-09-15,3,7527,2024-09-15,2025-06-10,150,2,0,0,2
2025-01-13,train,PF_0024654_01,PF_0024654|7527|2024-09-15,4,7527,2024-09-15,2025-06-10,150,0,0,0,0
2025-01-13,train,PF_0024654_01,PF_0024654|7527|2024-09-15,5,7527,2024-09-15,2025-06-10,150,0,0,0,0
2025-01-13,train,PF_0024654_01,PF_0024654|7527|2024-09-15,6,7527,2024-09-15,2025-06-10,150,3,0,0,3
2025-01-13,train,PF_0024654_01,PF_0024654|7527|2024-09-15,7,7527,2024-09-15,2025-06-10,150,2,0,0,2
2025-01-13,train,PF_0024654_01,PF_0024654|7527|2024-09-15,8,7527,2024-09-15,2025-06-10,150,7,0,0,7
2025-01-13,train,PF_0024654_01,PF_0024654|7527|2024-09-15,9,7527,2024-09-15,2025-06-10,150,3,0,0,3
2025-01-13,train,PF_0024655_01,PF_0024655|7533|2024-09-15,1,7533,2024-09-15,2025-06-30,152,1,0,0,1
2025-01-13,train,PF_0024655_01,PF_0024655|7533|2024-09-15,2,7533,2024-09-15,2025-06-30,152,5,0,0,5
2025-01-13,train,PF_0024655_01,PF_0024655|7533|2024-09-15,3,7533,2024-09-15,2025-06-30,152,2,0,0,2
2025-01-13,train,PF_0024655_01,PF_0024655|7533|2024-09-15,4,7533,2024-09-15,2025-06-30,152,3,0,0,3
2025-01-13,train,PF_0024655_01,PF_0024655|7533|2024-09-15,5,7533,2024-09-15,2025-06-30,152,0,0,0,0
2025-01-13,train,PF_0024655_01,PF_0024655|7533|2024-09-15,6,7533,2024-09-15,2025-06-30,152,4,0,0,4
2025-01-13,train,PF_0024655_01,PF_0024655|7533|2024-09-15,7,7533,2024-09-15,2025-06-30,152,5,0,0,5
2025-01-13,train,PF_0024655_01,PF_0024655|7533|2024-09-15,8,7533,2024-09-15,2025-06-30,152,4,0,0,4
2025-01-13,train,PF_0024655_01,PF_0024655|7533|2024-09-15,9,7533,2024-09-15,2025-06-30,152,3,0,0,3
2025-01-13,train,PF_0025106_01,PF_0025106|7518|2024-09-17,1,7518,2024-09-17,2025-06-30,200,5,0,0,5
2025-01-13,train,PF_0025106_01,PF_0025106|7518|2024-09-17,2,7518,2024-09-17,2025-06-30,200,3,0,0,3
2025-01-13,train,PF_0025106_01,PF_0025106|7518|2024-09-17,3,7518,2024-09-17,2025-06-30,200,0,0,0,0
2025-01-13,train,PF_0025106_01,PF_0025106|7518|2024-09-17,4,7518,2024-09-17,2025-06-30,200,3,0,0,3
2025-01-13,train,PF_0025106_01,PF_0025106|7518|2024-09-17,5,7518,2024-09-17,2025-06-30,200,12,0,0,12
2025-01-13,train,PF_0025106_01,PF_0025106|7518|2024-09-17,6,7518,2024-09-17,2025-06-30,200,11,0,0,11
2025-01-13,train,PF_0025106_01,PF_0025106|7518|2024-09-17,7,7518,2024-09-17,2025-06-30,200,12,0,0,12
2025-01-13,train,PF_0025106_01,PF_0025106|7518|2024-09-17,8,7518,2024-09-17,2025-06-30,200,3,0,0,3
2025-01-13,train,PF_0025106_01,PF_0025106|7518|2024-09-17,9,7518,2024-09-17,2025-06-30,200,7,0,0,7
2025-01-14,test,PF_0023621_01,PF_0023621|7565|2024-09-15,1,7565,2024-09-15,2025-05-03,122,8,1,0,9
2025-01-14,test,PF_0023621_01,PF_0023621|7565|2024-09-15,2,7565,2024-09-15,2025-05-03,122,7,0,0,7
2025-01-14,test,PF_0023621_01,PF_0023621|7565|2024-09-15,3,7565,2024-09-15,2025-05-03,122,4,3,0,7
2025-01-14,test,PF_0023621_01,PF_0023621|7565|2024-09-15,5,7565,2024-09-15,2025-05-03,122,10,3,0,13
2025-01-14,test,PF_0023621_01,PF_0023621|7565|2024-09-15,6,7565,2024-09-15,2025-05-03,122,11,4,1,16
2025-01-14,test,PF_0023621_01,PF_0023621|7565|2024-09-15,7,7565,2024-09-15,2025-05-03,122,7,1,0,8
2025-01-14,test,PF_0023621_01,PF_0023621|7565|2024-09-15,9,7565,2024-09-15,2025-05-03,122,0,0,0,0
2025-01-14,train,PF_0023743_01,PF_0023743|7559|2024-09-10,1,7559,2024-09-10,2025-05-31,129,0,1,0,1
2025-01-14,train,PF_0023743_01,PF_0023743|7559|2024-09-10,2,7559,2024-09-10,2025-05-31,129,0,0,0,0
2025-01-14,train,PF_0023743_01,PF_0023743|7559|2024-09-10,3,7559,2024-09-10,2025-05-31,129,3,0,3,6
2025-01-14,train,PF_0023743_01,PF_0023743|7559|2024-09-10,4,7559,2024-09-10,2025-05-31,129,1,1,0,2
2025-01-14,train,PF_0023743_01,PF_0023743|7559|2024-09-10,5,7559,2024-09-10,2025-05-31,129,3,0,0,3
2025-01-14,train,PF_0023743_01,PF_0023743|7559|2024-09-10,6,7559,2024-09-10,2025-05-31,129,0,2,0,2
2025-01-14,train,PF_0023743_01,PF_0023743|7559|2024-09-10,7,7559,2024-09-10,2025-05-31,129,1,0,0,1
2025-01-14,train,PF_0023743_01,PF_0023743|7559|2024-09-10,8,7559,2024-09-10,2025-05-31,129,1,3,0,4
2025-01-14,train,PF_0023743_01,PF_0023743|7559|2024-09-10,9,7559,2024-09-10,2025-05-31,129,0,2,5,7
2025-01-14,validation,PF_0023923_01,PF_0023923|7562|2024-08-31,1,7562,2024-08-31,2025-06-15,132,5,0,0,5
2025-01-14,validation,PF_0023923_01,PF_0023923|7562|2024-08-31,2,7562,2024-08-31,2025-06-15,132,5,0,0,5
2025-01-14,validation,PF_0023923_01,PF_0023923|7562|2024-08-31,4,7562,2024-08-31,2025-06-15,132,1,0,0,1
2025-01-14,validation,PF_0023923_01,PF_0023923|7562|2024-08-31,5,7562,2024-08-31,2025-06-15,132,4,0,0,4
2025-01-14,validation,PF_0023923_01,PF_0023923|7562|2024-08-31,6,7562,2024-08-31,2025-06-15,132,4,0,0,4
2025-01-14,validation,PF_0023923_01,PF_0023923|7562|2024-08-31,7,7562,2024-08-31,2025-06-15,132,0,0,0,0
2025-01-14,validation,PF_0023923_01,PF_0023923|7562|2024-08-31,8,7562,2024-08-31,2025-06-15,132,2,4,0,6
2025-01-14,validation,PF_0023923_01,PF_0023923|7562|2024-08-31,9,7562,2024-08-31,2025-06-15,132,4,5,0,9
2025-01-14,validation,PF_0024365_01,PF_0024365|7561|2024-09-10,1,7561,2024-09-10,2025-05-20,142,0,0,7,7
2025-01-14,validation,PF_0024365_01,PF_0024365|7561|2024-09-10,2,7561,2024-09-10,2025-05-20,142,0,3,2,5
2025-01-14,validation,PF_0024365_01,PF_0024365|7561|2024-09-10,3,7561,2024-09-10,2025-05-20,142,0,0,0,0
2025-01-14,validation,PF_0024365_01,PF_0024365|7561|2024-09-10,4,7561,2024-09-10,2025-05-20,142,0,0,1,1
2025-01-14,validation,PF_0024365_01,PF_0024365|7561|2024-09-10,5,7561,2024-09-10,2025-05-20,142,0,0,1,1
2025-01-14,validation,PF_0024365_01,PF_0024365|7561|2024-09-10,6,7561,2024-09-10,2025-05-20,142,0,0,1,1
2025-01-14,validation,PF_0024365_01,PF_0024365|7561|2024-09-10,7,7561,2024-09-10,2025-05-20,142,0,0,7,7
2025-01-14,validation,PF_0024365_01,PF_0024365|7561|2024-09-10,8,7561,2024-09-10,2025-05-20,142,0,5,1,6
2025-01-14,validation,PF_0024365_01,PF_0024365|7561|2024-09-10,9,7561,2024-09-10,2025-05-20,142,0,0,5,5
2025-01-14,train,PF_0024688_01,PF_0024688|7558|2024-09-01,1,7558,2024-09-01,2025-06-30,160,0,1,2,3
2025-01-14,train,PF_0024688_01,PF_0024688|7558|2024-09-01,2,7558,2024-09-01,2025-06-30,160,9,0,5,14
2025-01-14,train,PF_0024688_01,PF_0024688|7558|2024-09-01,3,7558,2024-09-01,2025-06-30,160,0,4,0,4
2025-01-14,train,PF_0024688_01,PF_0024688|7558|2024-09-01,4,7558,2024-09-01,2025-06-30,160,0,4,4,8
2025-01-14,train,PF_0024688_01,PF_0024688|7558|2024-09-01,5,7558,2024-09-01,2025-06-30,160,3,3,5,11
2025-01-14,train,PF_0024688_01,PF_0024688|7558|2024-09-01,6,7558,2024-09-01,2025-06-30,160,0,5,0,5
2025-01-14,train,PF_0024688_01,PF_0024688|7558|2024-09-01,7,7558,2024-09-01,2025-06-30,160,5,3,0,8
2025-01-14,train,PF_0024688_01,PF_0024688|7558|2024-09-01,8,7558,2024-09-01,2025-06-30,160,0,7,3,10
2025-01-14,train,PF_0024688_01,PF_0024688|7558|2024-09-01,9,7558,2024-09-01,2025-06-30,160,0,0,6,6
2025-01-14,test,PF_0024700_01,PF_0024700|7546|2024-09-10,1,7546,2024-09-10,2025-05-31,181,0,2,0,2
2025-01-14,test,PF_0024700_01,PF_0024700|7546|2024-09-10,2,7546,2024-09-10,2025-05-31,181,7,0,0,7
2025-01-14,test,PF_0024700_01,PF_0024700|7546|2024-09-10,3,7546,2024-09-10,2025-05-31,181,10,1,0,11
2025-01-14,test,PF_0024700_01,PF_0024700|7546|2024-09-10,4,7546,2024-09-10,2025-05-31,181,8,2,1,11
2025-01-14,test,PF_0024700_01,PF_0024700|7546|2024-09-10,5,7546,2024-09-10,2025-05-31,181,9,2,0,11
2025-01-14,test,PF_0024700_01,PF_0024700|7546|2024-09-10,6,7546,2024-09-10,2025-05-31,181,0,0,0,0
2025-01-14,test,PF_0024700_01,PF_0024700|7546|2024-09-10,7,7546,2024-09-10,2025-05-31,181,10,2,0,12
2025-01-14,test,PF_0024700_01,PF_0024700|7546|2024-09-10,8,7546,2024-09-10,2025-05-31,181,0,6,0,6
2025-01-14,test,PF_0024700_01,PF_0024700|7546|2024-09-10,9,7546,2024-09-10,2025-05-31,181,0,2,0,2
2025-01-14,train,PF_0025103_01,PF_0025103|7521|2024-09-15,1,7521,2024-09-15,2025-06-10,196,0,0,0,0
2025-01-14,train,PF_0025103_01,PF_0025103|7521|2024-09-15,2,7521,2024-09-15,2025-06-10,196,0,0,0,0
2025-01-14,train,PF_0025103_01,PF_0025103|7521|2024-09-15,3,7521,2024-09-15,2025-06-10,196,0,0,0,0
2025-01-14,train,PF_0025103_01,PF_0025103|7521|2024-09-15,4,7521,2024-09-15,2025-06-10,196,0,0,0,0
2025-01-14,train,PF_0025103_01,PF_0025103|7521|2024-09-15,5,7521,2024-09-15,2025-06-10,196,1,0,0,1
2025-01-14,train,PF_0025103_01,PF_0025103|7521|2024-09-15,6,7521,2024-09-15,2025-06-10,196,4,0,0,4
2025-01-14,train,PF_0025103_01,PF_0025103|7521|2024-09-15,7,7521,2024-09-15,2025-06-10,196,4,0,0,4
2025-01-14,train,PF_0025103_01,PF_0025103|7521|2024-09-15,8,7521,2024-09-15,2025-06-10,196,4,0,0,4
2025-01-14,train,PF_0025103_01,PF_0025103|7521|2024-09-15,9,7521,2024-09-15,2025-06-10,196,3,0,0,3
2025-01-15,test,PF_0023732_01,PF_0023732|7564|2024-08-31,1,7564,2024-08-31,2025-06-15,126,13,0,0,13
2025-01-15,test,PF_0023732_01,PF_0023732|7564|2024-08-31,2,7564,2024-08-31,2025-06-15,126,9,0,0,9
2025-01-15,test,PF_0023732_01,PF_0023732|7564|2024-08-31,3,7564,2024-08-31,2025-06-15,126,0,11,0,11
2025-01-15,test,PF_0023732_01,PF_0023732|7564|2024-08-31,4,7564,2024-08-31,2025-06-15,126,11,0,0,11
2025-01-15,test,PF_0023732_01,PF_0023732|7564|2024-08-31,5,7564,2024-08-31,2025-06-15,126,13,0,0,13
2025-01-15,test,PF_0023732_01,PF_0023732|7564|2024-08-31,6,7564,2024-08-31,2025-06-15,126,0,3,7,10
2025-01-15,test,PF_0023732_01,PF_0023732|7564|2024-08-31,7,7564,2024-08-31,2025-06-15,126,0,4,0,4
2025-01-15,test,PF_0023732_01,PF_0023732|7564|2024-08-31,8,7564,2024-08-31,2025-06-15,126,0,0,4,4
2025-01-15,test,PF_0023732_01,PF_0023732|7564|2024-08-31,9,7564,2024-08-31,2025-06-15,126,12,0,0,12
2025-01-15,train,PF_0024357_01,PF_0024357|7560|2024-09-09,1,7560,2024-09-09,2025-05-31,139,0,4,0,4
2025-01-15,train,PF_0024357_01,PF_0024357|7560|2024-09-09,2,7560,2024-09-09,2025-05-31,139,0,6,0,6
2025-01-15,train,PF_0024357_01,PF_0024357|7560|2024-09-09,3,7560,2024-09-09,2025-05-31,139,4,0,0,4
2025-01-15,train,PF_0024357_01,PF_0024357|7560|2024-09-09,4,7560,2024-09-09,2025-05-31,139,11,0,5,16
2025-01-15,train,PF_0024357_01,PF_0024357|7560|2024-09-09,5,7560,2024-09-09,2025-05-31,139,13,0,0,13
2025-01-15,train,PF_0024357_01,PF_0024357|7560|2024-09-09,6,7560,2024-09-09,2025-05-31,139,0,9,0,9
2025-01-15,train,PF_0024357_01,PF_0024357|7560|2024-09-09,7,7560,2024-09-09,2025-05-31,139,0,10,0,10
2025-01-15,train,PF_0024357_01,PF_0024357|7560|2024-09-09,8,7560,2024-09-09,2025-05-31,139,0,12,0,12
2025-01-15,train,PF_0024357_01,PF_0024357|7560|2024-09-09,9,7560,2024-09-09,2025-05-31,139,4,0,0,4
2025-01-19,train,PF_0002037_01,PF_0002037|7532|2024-09-20,1,7532,2024-09-20,2025-05-31,41,0,0,2,2
2025-01-19,train,PF_0002037_01,PF_0002037|7532|2024-09-20,2,7532,2024-09-20,2025-05-31,41,0,0,0,0
2025-01-19,train,PF_0002037_01,PF_0002037|7532|2024-09-20,3,7532,2024-09-20,2025-05-31,41,0,3,2,5
2025-01-19,train,PF_0002037_01,PF_0002037|7532|2024-09-20,4,7532,2024-09-20,2025-05-31,41,0,2,4,6
2025-01-19,train,PF_0002037_01,PF_0002037|7532|2024-09-20,5,7532,2024-09-20,2025-05-31,41,0,4,2,6
2025-01-19,train,PF_0002037_01,PF_0002037|7532|2024-09-20,6,7532,2024-09-20,2025-05-31,41,0,1,0,1
2025-01-19,train,PF_0002037_01,PF_0002037|7532|2024-09-20,7,7532,2024-09-20,2025-05-31,41,2,5,1,8
2025-01-19,train,PF_0002037_01,PF_0002037|7532|2024-09-20,8,7532,2024-09-20,2025-05-31,41,0,0,0,0
2025-01-19,train,PF_0002037_01,PF_0002037|7532|2024-09-20,9,7532,2024-09-20,2025-05-31,41,0,3,0,3
2025-01-19,train,PF_0021351_01,PF_0021351|7540|2024-09-07,1,7540,2024-09-07,2025-05-25,104,0,2,0,2
2025-01-19,train,PF_0021351_01,PF_0021351|7540|2024-09-07,3,7540,2024-09-07,2025-05-25,104,7,0,0,7
2025-01-19,train,PF_0021351_01,PF_0021351|7540|2024-09-07,4,7540,2024-09-07,2025-05-25,104,14,4,0,18
2025-01-19,train,PF_0021351_01,PF_0021351|7540|2024-09-07,5,7540,2024-09-07,2025-05-25,104,13,0,0,13
2025-01-19,train,PF_0021351_01,PF_0021351|7540|2024-09-07,6,7540,2024-09-07,2025-05-25,104,0,1,6,7
2025-01-19,train,PF_0021351_01,PF_0021351|7540|2024-09-07,7,7540,2024-09-07,2025-05-25,104,0,0,5,5
2025-01-19,train,PF_0021351_01,PF_0021351|7540|2024-09-07,8,7540,2024-09-07,2025-05-25,104,7,0,1,8
2025-01-19,train,PF_0021351_01,PF_0021351|7540|2024-09-07,9,7540,2024-09-07,2025-05-25,104,6,1,0,7
2025-01-19,train,PF_0022105_01,PF_0022105|7566|2024-09-01,1,7566,2024-09-01,2025-05-31,115,9,3,0,12
2025-01-19,train,PF_0022105_01,PF_0022105|7566|2024-09-01,2,7566,2024-09-01,2025-05-31,115,10,1,0,11
2025-01-19,train,PF_0022105_01,PF_0022105|7566|2024-09-01,3,7566,2024-09-01,2025-05-31,115,8,5,0,13
2025-01-19,train,PF_0022105_01,PF_0022105|7566|2024-09-01,4,7566,2024-09-01,2025-05-31,115,10,0,0,10
2025-01-19,train,PF_0022105_01,PF_0022105|7566|2024-09-01,6,7566,2024-09-01,2025-05-31,115,9,0,0,9
2025-01-19,train,PF_0022105_01,PF_0022105|7566|2024-09-01,7,7566,2024-09-01,2025-05-31,115,9,0,0,9
2025-01-19,train,PF_0022105_01,PF_0022105|7566|2024-09-01,8,7566,2024-09-01,2025-05-31,115,2,14,0,16
2025-01-19,train,PF_0022105_01,PF_0022105|7566|2024-09-01,9,7566,2024-09-01,2025-05-31,115,7,11,4,22
2025-01-20,train,PF_0000574_01,PF_0000574|7579|2024-09-01,1,7579,2024-09-01,2025-06-30,13,0,1,0,1
2025-01-20,train,PF_0000574_01,PF_0000574|7579|2024-09-01,2,7579,2024-09-01,2025-06-30,13,0,2,0,2
2025-01-20,train,PF_0000574_01,PF_0000574|7579|2024-09-01,3,7579,2024-09-01,2025-06-30,13,0,0,0,0
2025-01-20,train,PF_0000574_01,PF_0000574|7579|2024-09-01,4,7579,2024-09-01,2025-06-30,13,0,0,0,0
2025-01-20,train,PF_0000574_01,PF_0000574|7579|2024-09-01,5,7579,2024-09-01,2025-06-30,13,0,2,0,2
2025-01-20,train,PF_0000574_01,PF_0000574|7579|2024-09-01,6,7579,2024-09-01,2025-06-30,13,0,0,0,0
2025-01-20,train,PF_0000574_01,PF_0000574|7579|2024-09-01,7,7579,2024-09-01,2025-06-30,13,0,1,0,1
2025-01-20,train,PF_0000574_01,PF_0000574|7579|2024-09-01,8,7579,2024-09-01,2025-06-30,13,0,2,0,2
2025-01-20,train,PF_0000574_01,PF_0000574|7579|2024-09-01,9,7579,2024-09-01,2025-06-30,13,0,2,0,2
2025-01-20,validation,PF_0000778_01,PF_0000778|7578|2024-09-15,1,7578,2024-09-15,2025-06-30,20,0,0,0,0
2025-01-20,validation,PF_0000778_01,PF_0000778|7578|2024-09-15,2,7578,2024-09-15,2025-06-30,20,0,1,0,1
2025-01-20,validation,PF_0000778_01,PF_0000778|7578|2024-09-15,3,7578,2024-09-15,2025-06-30,20,0,0,0,0
2025-01-20,validation,PF_0000778_01,PF_0000778|7578|2024-09-15,4,7578,2024-09-15,2025-06-30,20,0,2,0,2
2025-01-20,validation,PF_0000778_01,PF_0000778|7578|2024-09-15,5,7578,2024-09-15,2025-06-30,20,0,2,0,2
2025-01-20,validation,PF_0000778_01,PF_0000778|7578|2024-09-15,6,7578,2024-09-15,2025-06-30,20,6,0,0,6
2025-01-20,validation,PF_0000778_01,PF_0000778|7578|2024-09-15,7,7578,2024-09-15,2025-06-30,20,7,0,0,7
2025-01-20,validation,PF_0000778_01,PF_0000778|7578|2024-09-15,8,7578,2024-09-15,2025-06-30,20,0,1,0,1
2025-01-20,validation,PF_0000778_01,PF_0000778|7578|2024-09-15,9,7578,2024-09-15,2025-06-30,20,0,1,0,1
2025-01-20,train,PF_0024651_01,PF_0024651|7538|2024-09-15,1,7538,2024-09-15,2025-06-10,148,4,2,0,6
2025-01-20,train,PF_0024651_01,PF_0024651|7538|2024-09-15,2,7538,2024-09-15,2025-06-10,148,6,2,0,8
2025-01-20,train,PF_0024651_01,PF_0024651|7538|2024-09-15,3,7538,2024-09-15,2025-06-10,148,3,2,0,5
2025-01-20,train,PF_0024651_01,PF_0024651|7538|2024-09-15,4,7538,2024-09-15,2025-06-10,148,9,1,0,10
2025-01-20,train,PF_0024651_01,PF_0024651|7538|2024-09-15,5,7538,2024-09-15,2025-06-10,148,0,1,0,1
2025-01-20,train,PF_0024651_01,PF_0024651|7538|2024-09-15,6,7538,2024-09-15,2025-06-10,148,0,4,0,4
2025-01-20,train,PF_0024651_01,PF_0024651|7538|2024-09-15,7,7538,2024-09-15,2025-06-10,148,3,2,0,5
2025-01-20,train,PF_0024651_01,PF_0024651|7538|2024-09-15,8,7538,2024-09-15,2025-06-10,148,2,3,0,5
2025-01-20,train,PF_0024651_01,PF_0024651|7538|2024-09-15,9,7538,2024-09-15,2025-06-10,148,3,0,0,3
2025-01-20,train,PF_0024654_01,PF_0024654|7527|2024-09-15,1,7527,2024-09-15,2025-06-10,150,0,0,0,0
2025-01-20,train,PF_0024654_01,PF_0024654|7527|2024-09-15,2,7527,2024-09-15,2025-06-10,150,0,1,0,1
2025-01-20,train,PF_0024654_01,PF_0024654|7527|2024-09-15,3,7527,2024-09-15,2025-06-10,150,1,0,0,1
2025-01-20,train,PF_0024654_01,PF_0024654|7527|2024-09-15,4,7527,2024-09-15,2025-06-10,150,0,0,0,0
2025-01-20,train,PF_0024654_01,PF_0024654|7527|2024-09-15,5,7527,2024-09-15,2025-06-10,150,0,0,0,0
2025-01-20,train,PF_0024654_01,PF_0024654|7527|2024-09-15,6,7527,2024-09-15,2025-06-10,150,0,0,0,0
2025-01-20,train,PF_0024654_01,PF_0024654|7527|2024-09-15,7,7527,2024-09-15,2025-06-10,150,0,0,0,0
2025-01-20,train,PF_0024654_01,PF_0024654|7527|2024-09-15,8,7527,2024-09-15,2025-06-10,150,7,3,0,10
2025-01-20,train,PF_0024654_01,PF_0024654|7527|2024-09-15,9,7527,2024-09-15,2025-06-10,150,0,1,0,1
2025-01-20,train,PF_0024655_01,PF_0024655|7533|2024-09-15,1,7533,2024-09-15,2025-06-30,152,0,1,0,1
2025-01-20,train,PF_0024655_01,PF_0024655|7533|2024-09-15,2,7533,2024-09-15,2025-06-30,152,0,4,0,4
2025-01-20,train,PF_0024655_01,PF_0024655|7533|2024-09-15,3,7533,2024-09-15,2025-06-30,152,2,3,0,5
2025-01-20,train,PF_0024655_01,PF_0024655|7533|2024-09-15,4,7533,2024-09-15,2025-06-30,152,2,0,0,2
2025-01-20,train,PF_0024655_01,PF_0024655|7533|2024-09-15,5,7533,2024-09-15,2025-06-30,152,0,3,0,3
2025-01-20,train,PF_0024655_01,PF_0024655|7533|2024-09-15,6,7533,2024-09-15,2025-06-30,152,0,2,0,2
2025-01-20,train,PF_0024655_01,PF_0024655|7533|2024-09-15,7,7533,2024-09-15,2025-06-30,152,4,0,0,4
2025-01-20,train,PF_0024655_01,PF_0024655|7533|2024-09-15,8,7533,2024-09-15,2025-06-30,152,3,0,0,3
2025-01-20,train,PF_0024655_01,PF_0024655|7533|2024-09-15,9,7533,2024-09-15,2025-06-30,152,2,0,0,2
2025-01-20,train,PF_0025106_01,PF_0025106|7518|2024-09-17,1,7518,2024-09-17,2025-06-30,200,2,0,0,2
2025-01-20,train,PF_0025106_01,PF_0025106|7518|2024-09-17,2,7518,2024-09-17,2025-06-30,200,0,7,0,7
2025-01-20,train,PF_0025106_01,PF_0025106|7518|2024-09-17,3,7518,2024-09-17,2025-06-30,200,0,6,0,6
2025-01-20,train,PF_0025106_01,PF_0025106|7518|2024-09-17,4,7518,2024-09-17,2025-06-30,200,0,5,0,5
2025-01-20,train,PF_0025106_01,PF_0025106|7518|2024-09-17,5,7518,2024-09-17,2025-06-30,200,9,4,0,13
2025-01-20,train,PF_0025106_01,PF_0025106|7518|2024-09-17,6,7518,2024-09-17,2025-06-30,200,10,2,0,12
2025-01-20,train,PF_0025106_01,PF_0025106|7518|2024-09-17,7,7518,2024-09-17,2025-06-30,200,10,0,0,10
2025-01-20,train,PF_0025106_01,PF_0025106|7518|2024-09-17,8,7518,2024-09-17,2025-06-30,200,1,1,0,2
2025-01-20,train,PF_0025106_01,PF_0025106|7518|2024-09-17,9,7518,2024-09-17,2025-06-30,200,4,4,0,8
2025-01-21,train,PF_0025103_01,PF_0025103|7521|2024-09-15,1,7521,2024-09-15,2025-06-10,196,0,2,0,2
2025-01-21,train,PF_0025103_01,PF_0025103|7521|2024-09-15,2,7521,2024-09-15,2025-06-10,196,0,3,0,3
2025-01-21,train,PF_0025103_01,PF_0025103|7521|2024-09-15,3,7521,2024-09-15,2025-06-10,196,0,7,0,7
2025-01-21,train,PF_0025103_01,PF_0025103|7521|2024-09-15,4,7521,2024-09-15,2025-06-10,196,0,3,0,3
2025-01-21,train,PF_0025103_01,PF_0025103|7521|2024-09-15,5,7521,2024-09-15,2025-06-10,196,0,0,0,0
2025-01-21,train,PF_0025103_01,PF_0025103|7521|2024-09-15,6,7521,2024-09-15,2025-06-10,196,0,3,0,3
2025-01-21,train,PF_0025103_01,PF_0025103|7521|2024-09-15,7,7521,2024-09-15,2025-06-10,196,0,3,0,3
2025-01-21,train,PF_0025103_01,PF_0025103|7521|2024-09-15,8,7521,2024-09-15,2025-06-10,196,0,2,0,2
2025-01-21,train,PF_0025103_01,PF_0025103|7521|2024-09-15,9,7521,2024-09-15,2025-06-10,196,0,1,0,1
2025-01-22,test,PF_0023621_01,PF_0023621|7565|2024-09-15,1,7565,2024-09-15,2025-05-03,122,4,2,4,10
2025-01-22,test,PF_0023621_01,PF_0023621|7565|2024-09-15,2,7565,2024-09-15,2025-05-03,122,3,2,3,8
2025-01-22,test,PF_0023621_01,PF_0023621|7565|2024-09-15,3,7565,2024-09-15,2025-05-03,122,3,6,0,9
2025-01-22,test,PF_0023621_01,PF_0023621|7565|2024-09-15,5,7565,2024-09-15,2025-05-03,122,7,3,4,14
2025-01-22,test,PF_0023621_01,PF_0023621|7565|2024-09-15,6,7565,2024-09-15,2025-05-03,122,6,3,3,12
2025-01-22,test,PF_0023621_01,PF_0023621|7565|2024-09-15,7,7565,2024-09-15,2025-05-03,122,6,3,0,9
2025-01-22,test,PF_0023621_01,PF_0023621|7565|2024-09-15,9,7565,2024-09-15,2025-05-03,122,1,0,0,1
2025-01-22,train,PF_0023743_01,PF_0023743|7559|2024-09-10,1,7559,2024-09-10,2025-05-31,129,0,8,0,8
2025-01-22,train,PF_0023743_01,PF_0023743|7559|2024-09-10,2,7559,2024-09-10,2025-05-31,129,0,3,0,3
2025-01-22,train,PF_0023743_01,PF_0023743|7559|2024-09-10,3,7559,2024-09-10,2025-05-31,129,0,0,10,10
2025-01-22,train,PF_0023743_01,PF_0023743|7559|2024-09-10,4,7559,2024-09-10,2025-05-31,129,0,2,0,2
2025-01-22,train,PF_0023743_01,PF_0023743|7559|2024-09-10,5,7559,2024-09-10,2025-05-31,129,7,1,0,8
2025-01-22,train,PF_0023743_01,PF_0023743|7559|2024-09-10,6,7559,2024-09-10,2025-05-31,129,0,8,0,8
2025-01-22,train,PF_0023743_01,PF_0023743|7559|2024-09-10,7,7559,2024-09-10,2025-05-31,129,1,0,0,1
2025-01-22,train,PF_0023743_01,PF_0023743|7559|2024-09-10,8,7559,2024-09-10,2025-05-31,129,0,8,0,8
2025-01-22,train,PF_0023743_01,PF_0023743|7559|2024-09-10,9,7559,2024-09-10,2025-05-31,129,0,0,20,20
2025-01-22,train,PF_0024688_01,PF_0024688|7558|2024-09-01,1,7558,2024-09-01,2025-06-30,160,0,0,5,5
2025-01-22,train,PF_0024688_01,PF_0024688|7558|2024-09-01,2,7558,2024-09-01,2025-06-30,160,0,0,3,3
2025-01-22,train,PF_0024688_01,PF_0024688|7558|2024-09-01,3,7558,2024-09-01,2025-06-30,160,0,3,2,5
2025-01-22,train,PF_0024688_01,PF_0024688|7558|2024-09-01,4,7558,2024-09-01,2025-06-30,160,0,3,1,4
2025-01-22,train,PF_0024688_01,PF_0024688|7558|2024-09-01,5,7558,2024-09-01,2025-06-30,160,3,3,6,12
2025-01-22,train,PF_0024688_01,PF_0024688|7558|2024-09-01,6,7558,2024-09-01,2025-06-30,160,0,3,1,4
2025-01-22,train,PF_0024688_01,PF_0024688|7558|2024-09-01,7,7558,2024-09-01,2025-06-30,160,5,3,3,11
2025-01-22,train,PF_0024688_01,PF_0024688|7558|2024-09-01,8,7558,2024-09-01,2025-06-30,160,0,8,5,13
2025-01-22,train,PF_0024688_01,PF_0024688|7558|2024-09-01,9,7558,2024-09-01,2025-06-30,160,0,0,5,5
2025-01-22,test,PF_0024700_01,PF_0024700|7546|2024-09-10,1,7546,2024-09-10,2025-05-31,181,0,0,0,0
2025-01-22,test,PF_0024700_01,PF_0024700|7546|2024-09-10,2,7546,2024-09-10,2025-05-31,181,2,6,3,11
2025-01-22,test,PF_0024700_01,PF_0024700|7546|2024-09-10,3,7546,2024-09-10,2025-05-31,181,7,5,3,15
2025-01-22,test,PF_0024700_01,PF_0024700|7546|2024-09-10,4,7546,2024-09-10,2025-05-31,181,4,5,1,10
2025-01-22,test,PF_0024700_01,PF_0024700|7546|2024-09-10,5,7546,2024-09-10,2025-05-31,181,12,3,0,15
2025-01-22,test,PF_0024700_01,PF_0024700|7546|2024-09-10,6,7546,2024-09-10,2025-05-31,181,0,0,0,0
2025-01-22,test,PF_0024700_01,PF_0024700|7546|2024-09-10,7,7546,2024-09-10,2025-05-31,181,4,6,4,14
2025-01-22,test,PF_0024700_01,PF_0024700|7546|2024-09-10,8,7546,2024-09-10,2025-05-31,181,0,6,0,6
2025-01-22,test,PF_0024700_01,PF_0024700|7546|2024-09-10,9,7546,2024-09-10,2025-05-31,181,0,6,0,6
2025-01-26,train,PF_0002037_01,PF_0002037|7532|2024-09-20,1,7532,2024-09-20,2025-05-31,41,0,0,1,1
2025-01-26,train,PF_0002037_01,PF_0002037|7532|2024-09-20,2,7532,2024-09-20,2025-05-31,41,0,0,0,0
2025-01-26,train,PF_0002037_01,PF_0002037|7532|2024-09-20,3,7532,2024-09-20,2025-05-31,41,0,0,0,0
2025-01-26,train,PF_0002037_01,PF_0002037|7532|2024-09-20,4,7532,2024-09-20,2025-05-31,41,0,1,4,5
2025-01-26,train,PF_0002037_01,PF_0002037|7532|2024-09-20,5,7532,2024-09-20,2025-05-31,41,0,1,4,5
2025-01-26,train,PF_0002037_01,PF_0002037|7532|2024-09-20,6,7532,2024-09-20,2025-05-31,41,0,0,3,3
2025-01-26,train,PF_0002037_01,PF_0002037|7532|2024-09-20,7,7532,2024-09-20,2025-05-31,41,0,5,2,7
2025-01-26,train,PF_0002037_01,PF_0002037|7532|2024-09-20,8,7532,2024-09-20,2025-05-31,41,0,0,0,0
2025-01-26,train,PF_0002037_01,PF_0002037|7532|2024-09-20,9,7532,2024-09-20,2025-05-31,41,0,3,0,3
2025-01-26,train,PF_0021351_01,PF_0021351|7540|2024-09-07,1,7540,2024-09-07,2025-05-25,104,0,4,0,4
2025-01-26,train,PF_0021351_01,PF_0021351|7540|2024-09-07,3,7540,2024-09-07,2025-05-25,104,11,2,0,13
2025-01-26,train,PF_0021351_01,PF_0021351|7540|2024-09-07,4,7540,2024-09-07,2025-05-25,104,15,11,0,26
2025-01-26,train,PF_0021351_01,PF_0021351|7540|2024-09-07,5,7540,2024-09-07,2025-05-25,104,11,3,0,14
2025-01-26,train,PF_0021351_01,PF_0021351|7540|2024-09-07,6,7540,2024-09-07,2025-05-25,104,0,0,10,10
2025-01-26,train,PF_0021351_01,PF_0021351|7540|2024-09-07,7,7540,2024-09-07,2025-05-25,104,0,0,7,7
2025-01-26,train,PF_0021351_01,PF_0021351|7540|2024-09-07,8,7540,2024-09-07,2025-05-25,104,7,0,2,9
2025-01-26,train,PF_0021351_01,PF_0021351|7540|2024-09-07,9,7540,2024-09-07,2025-05-25,104,2,2,0,4
2025-01-26,train,PF_0022105_01,PF_0022105|7566|2024-09-01,1,7566,2024-09-01,2025-05-31,115,10,6,0,16
2025-01-26,train,PF_0022105_01,PF_0022105|7566|2024-09-01,2,7566,2024-09-01,2025-05-31,115,7,2,0,9
2025-01-26,train,PF_0022105_01,PF_0022105|7566|2024-09-01,4,7566,2024-09-01,2025-05-31,115,9,0,0,9
2025-01-26,train,PF_0022105_01,PF_0022105|7566|2024-09-01,6,7566,2024-09-01,2025-05-31,115,9,3,0,12
2025-01-26,train,PF_0022105_01,PF_0022105|7566|2024-09-01,7,7566,2024-09-01,2025-05-31,115,10,0,0,10
2025-01-26,train,PF_0022105_01,PF_0022105|7566|2024-09-01,8,7566,2024-09-01,2025-05-31,115,15,0,0,15
2025-01-26,train,PF_0022105_01,PF_0022105|7566|2024-09-01,9,7566,2024-09-01,2025-05-31,115,7,15,5,27
2025-01-27,test,PF_0023621_01,PF_0023621|7565|2024-09-15,1,7565,2024-09-15,2025-05-03,122,4,0,0,4
2025-01-27,test,PF_0023621_01,PF_0023621|7565|2024-09-15,2,7565,2024-09-15,2025-05-03,122,0,3,4,7
2025-01-27,test,PF_0023621_01,PF_0023621|7565|2024-09-15,3,7565,2024-09-15,2025-05-03,122,1,5,0,6
2025-01-27,test,PF_0023621_01,PF_0023621|7565|2024-09-15,5,7565,2024-09-15,2025-05-03,122,8,3,0,11
2025-01-27,test,PF_0023621_01,PF_0023621|7565|2024-09-15,6,7565,2024-09-15,2025-05-03,122,0,4,3,7
2025-01-27,test,PF_0023621_01,PF_0023621|7565|2024-09-15,7,7565,2024-09-15,2025-05-03,122,0,4,0,4
2025-01-27,test,PF_0023621_01,PF_0023621|7565|2024-09-15,9,7565,2024-09-15,2025-05-03,122,4,0,0,4
2025-01-27,test,PF_0023732_01,PF_0023732|7564|2024-08-31,1,7564,2024-08-31,2025-06-15,126,9,0,0,9
2025-01-27,test,PF_0023732_01,PF_0023732|7564|2024-08-31,2,7564,2024-08-31,2025-06-15,126,7,1,0,8
2025-01-27,test,PF_0023732_01,PF_0023732|7564|2024-08-31,3,7564,2024-08-31,2025-06-15,126,0,11,1,12
2025-01-27,test,PF_0023732_01,PF_0023732|7564|2024-08-31,4,7564,2024-08-31,2025-06-15,126,4,6,4,14
2025-01-27,test,PF_0023732_01,PF_0023732|7564|2024-08-31,5,7564,2024-08-31,2025-06-15,126,9,5,0,14
2025-01-27,test,PF_0023732_01,PF_0023732|7564|2024-08-31,6,7564,2024-08-31,2025-06-15,126,0,3,3,6
2025-01-27,test,PF_0023732_01,PF_0023732|7564|2024-08-31,7,7564,2024-08-31,2025-06-15,126,0,6,4,10
2025-01-27,test,PF_0023732_01,PF_0023732|7564|2024-08-31,8,7564,2024-08-31,2025-06-15,126,0,0,5,5
2025-01-27,test,PF_0023732_01,PF_0023732|7564|2024-08-31,9,7564,2024-08-31,2025-06-15,126,11,1,1,13
2025-01-27,validation,PF_0023923_01,PF_0023923|7562|2024-08-31,1,7562,2024-08-31,2025-06-15,132,0,0,0,0
2025-01-27,validation,PF_0023923_01,PF_0023923|7562|2024-08-31,2,7562,2024-08-31,2025-06-15,132,4,0,0,4
2025-01-27,validation,PF_0023923_01,PF_0023923|7562|2024-08-31,4,7562,2024-08-31,2025-06-15,132,5,0,0,5
2025-01-27,validation,PF_0023923_01,PF_0023923|7562|2024-08-31,5,7562,2024-08-31,2025-06-15,132,0,0,0,0
2025-01-27,validation,PF_0023923_01,PF_0023923|7562|2024-08-31,6,7562,2024-08-31,2025-06-15,132,1,0,0,1
2025-01-27,validation,PF_0023923_01,PF_0023923|7562|2024-08-31,7,7562,2024-08-31,2025-06-15,132,0,0,0,0
2025-01-27,validation,PF_0023923_01,PF_0023923|7562|2024-08-31,8,7562,2024-08-31,2025-06-15,132,0,1,0,1
2025-01-27,validation,PF_0023923_01,PF_0023923|7562|2024-08-31,9,7562,2024-08-31,2025-06-15,132,0,5,0,5
2025-01-27,train,PF_0024357_01,PF_0024357|7560|2024-09-09,1,7560,2024-09-09,2025-05-31,139,0,6,0,6
2025-01-27,train,PF_0024357_01,PF_0024357|7560|2024-09-09,2,7560,2024-09-09,2025-05-31,139,0,5,0,5
2025-01-27,train,PF_0024357_01,PF_0024357|7560|2024-09-09,3,7560,2024-09-09,2025-05-31,139,15,0,0,15
2025-01-27,train,PF_0024357_01,PF_0024357|7560|2024-09-09,4,7560,2024-09-09,2025-05-31,139,10,0,8,18
2025-01-27,train,PF_0024357_01,PF_0024357|7560|2024-09-09,5,7560,2024-09-09,2025-05-31,139,6,0,3,9
2025-01-27,train,PF_0024357_01,PF_0024357|7560|2024-09-09,6,7560,2024-09-09,2025-05-31,139,0,9,0,9
2025-01-27,train,PF_0024357_01,PF_0024357|7560|2024-09-09,7,7560,2024-09-09,2025-05-31,139,0,10,0,10
2025-01-27,train,PF_0024357_01,PF_0024357|7560|2024-09-09,8,7560,2024-09-09,2025-05-31,139,0,10,1,11
2025-01-27,train,PF_0024357_01,PF_0024357|7560|2024-09-09,9,7560,2024-09-09,2025-05-31,139,10,3,0,13
2025-01-27,validation,PF_0024365_01,PF_0024365|7561|2024-09-10,1,7561,2024-09-10,2025-05-20,142,0,0,4,4
2025-01-27,validation,PF_0024365_01,PF_0024365|7561|2024-09-10,2,7561,2024-09-10,2025-05-20,142,0,0,5,5
2025-01-27,validation,PF_0024365_01,PF_0024365|7561|2024-09-10,3,7561,2024-09-10,2025-05-20,142,0,0,0,0
2025-01-27,validation,PF_0024365_01,PF_0024365|7561|2024-09-10,4,7561,2024-09-10,2025-05-20,142,0,0,2,2
2025-01-27,validation,PF_0024365_01,PF_0024365|7561|2024-09-10,5,7561,2024-09-10,2025-05-20,142,0,0,3,3
2025-01-27,validation,PF_0024365_01,PF_0024365|7561|2024-09-10,6,7561,2024-09-10,2025-05-20,142,0,0,0,0
2025-01-27,validation,PF_0024365_01,PF_0024365|7561|2024-09-10,7,7561,2024-09-10,2025-05-20,142,0,0,3,3
2025-01-27,validation,PF_0024365_01,PF_0024365|7561|2024-09-10,8,7561,2024-09-10,2025-05-20,142,0,6,0,6
2025-01-27,validation,PF_0024365_01,PF_0024365|7561|2024-09-10,9,7561,2024-09-10,2025-05-20,142,0,0,3,3
2025-01-27,test,PF_0024700_01,PF_0024700|7546|2024-09-10,1,7546,2024-09-10,2025-05-31,181,0,0,1,1
2025-01-27,test,PF_0024700_01,PF_0024700|7546|2024-09-10,2,7546,2024-09-10,2025-05-31,181,0,1,7,8
2025-01-27,test,PF_0024700_01,PF_0024700|7546|2024-09-10,3,7546,2024-09-10,2025-05-31,181,4,5,5,14
2025-01-27,test,PF_0024700_01,PF_0024700|7546|2024-09-10,4,7546,2024-09-10,2025-05-31,181,0,5,3,8
2025-01-27,test,PF_0024700_01,PF_0024700|7546|2024-09-10,5,7546,2024-09-10,2025-05-31,181,7,7,0,14
2025-01-27,test,PF_0024700_01,PF_0024700|7546|2024-09-10,6,7546,2024-09-10,2025-05-31,181,0,5,0,5
2025-01-27,test,PF_0024700_01,PF_0024700|7546|2024-09-10,7,7546,2024-09-10,2025-05-31,181,0,0,0,0
2025-01-27,test,PF_0024700_01,PF_0024700|7546|2024-09-10,8,7546,2024-09-10,2025-05-31,181,0,7,1,8
2025-01-27,test,PF_0024700_01,PF_0024700|7546|2024-09-10,9,7546,2024-09-10,2025-05-31,181,0,7,0,7
2025-02-03,train,PF_0000574_01,PF_0000574|7579|2024-09-01,1,7579,2024-09-01,2025-06-30,13,0,3,0,3
2025-02-03,train,PF_0000574_01,PF_0000574|7579|2024-09-01,2,7579,2024-09-01,2025-06-30,13,0,2,0,2
2025-02-03,train,PF_0000574_01,PF_0000574|7579|2024-09-01,3,7579,2024-09-01,2025-06-30,13,0,1,0,1
2025-02-03,train,PF_0000574_01,PF_0000574|7579|2024-09-01,4,7579,2024-09-01,2025-06-30,13,0,1,0,1
2025-02-03,train,PF_0000574_01,PF_0000574|7579|2024-09-01,5,7579,2024-09-01,2025-06-30,13,0,5,0,5
2025-02-03,train,PF_0000574_01,PF_0000574|7579|2024-09-01,6,7579,2024-09-01,2025-06-30,13,0,2,0,2
2025-02-03,train,PF_0000574_01,PF_0000574|7579|2024-09-01,7,7579,2024-09-01,2025-06-30,13,0,6,0,6
2025-02-03,train,PF_0000574_01,PF_0000574|7579|2024-09-01,8,7579,2024-09-01,2025-06-30,13,0,7,0,7
2025-02-03,train,PF_0000574_01,PF_0000574|7579|2024-09-01,9,7579,2024-09-01,2025-06-30,13,0,6,0,6
2025-02-03,validation,PF_0000778_01,PF_0000778|7578|2024-09-15,1,7578,2024-09-15,2025-06-30,20,0,1,0,1
2025-02-03,validation,PF_0000778_01,PF_0000778|7578|2024-09-15,2,7578,2024-09-15,2025-06-30,20,0,3,0,3
2025-02-03,validation,PF_0000778_01,PF_0000778|7578|2024-09-15,3,7578,2024-09-15,2025-06-30,20,0,0,0,0
2025-02-03,validation,PF_0000778_01,PF_0000778|7578|2024-09-15,4,7578,2024-09-15,2025-06-30,20,0,4,0,4
2025-02-03,validation,PF_0000778_01,PF_0000778|7578|2024-09-15,5,7578,2024-09-15,2025-06-30,20,0,3,0,3
2025-02-03,validation,PF_0000778_01,PF_0000778|7578|2024-09-15,6,7578,2024-09-15,2025-06-30,20,5,0,0,5
2025-02-03,validation,PF_0000778_01,PF_0000778|7578|2024-09-15,7,7578,2024-09-15,2025-06-30,20,7,0,0,7
2025-02-03,validation,PF_0000778_01,PF_0000778|7578|2024-09-15,8,7578,2024-09-15,2025-06-30,20,0,4,0,4
2025-02-03,validation,PF_0000778_01,PF_0000778|7578|2024-09-15,9,7578,2024-09-15,2025-06-30,20,0,2,0,2
2025-02-03,train,PF_0024651_01,PF_0024651|7538|2024-09-15,1,7538,2024-09-15,2025-06-10,148,0,1,0,1
2025-02-03,train,PF_0024651_01,PF_0024651|7538|2024-09-15,2,7538,2024-09-15,2025-06-10,148,1,0,0,1
2025-02-03,train,PF_0024651_01,PF_0024651|7538|2024-09-15,3,7538,2024-09-15,2025-06-10,148,0,4,0,4
2025-02-03,train,PF_0024651_01,PF_0024651|7538|2024-09-15,4,7538,2024-09-15,2025-06-10,148,3,0,0,3
2025-02-03,train,PF_0024651_01,PF_0024651|7538|2024-09-15,5,7538,2024-09-15,2025-06-10,148,0,5,0,5
2025-02-03,train,PF_0024651_01,PF_0024651|7538|2024-09-15,6,7538,2024-09-15,2025-06-10,148,0,6,0,6
2025-02-03,train,PF_0024651_01,PF_0024651|7538|2024-09-15,7,7538,2024-09-15,2025-06-10,148,0,6,0,6
2025-02-03,train,PF_0024651_01,PF_0024651|7538|2024-09-15,8,7538,2024-09-15,2025-06-10,148,0,6,0,6
2025-02-03,train,PF_0024651_01,PF_0024651|7538|2024-09-15,9,7538,2024-09-15,2025-06-10,148,0,3,0,3
2025-02-03,train,PF_0024654_01,PF_0024654|7527|2024-09-15,1,7527,2024-09-15,2025-06-10,150,0,0,0,0
2025-02-03,train,PF_0024654_01,PF_0024654|7527|2024-09-15,2,7527,2024-09-15,2025-06-10,150,0,1,0,1
2025-02-03,train,PF_0024654_01,PF_0024654|7527|2024-09-15,3,7527,2024-09-15,2025-06-10,150,0,0,0,0
2025-02-03,train,PF_0024654_01,PF_0024654|7527|2024-09-15,4,7527,2024-09-15,2025-06-10,150,0,0,0,0
2025-02-03,train,PF_0024654_01,PF_0024654|7527|2024-09-15,5,7527,2024-09-15,2025-06-10,150,0,3,0,3
2025-02-03,train,PF_0024654_01,PF_0024654|7527|2024-09-15,6,7527,2024-09-15,2025-06-10,150,0,0,0,0
2025-02-03,train,PF_0024654_01,PF_0024654|7527|2024-09-15,7,7527,2024-09-15,2025-06-10,150,0,0,0,0
2025-02-03,train,PF_0024654_01,PF_0024654|7527|2024-09-15,8,7527,2024-09-15,2025-06-10,150,0,6,0,6
2025-02-03,train,PF_0024654_01,PF_0024654|7527|2024-09-15,9,7527,2024-09-15,2025-06-10,150,0,6,0,6
2025-02-03,train,PF_0024655_01,PF_0024655|7533|2024-09-15,1,7533,2024-09-15,2025-06-30,152,0,4,0,4
2025-02-03,train,PF_0024655_01,PF_0024655|7533|2024-09-15,2,7533,2024-09-15,2025-06-30,152,0,4,0,4
2025-02-03,train,PF_0024655_01,PF_0024655|7533|2024-09-15,3,7533,2024-09-15,2025-06-30,152,0,4,0,4
2025-02-03,train,PF_0024655_01,PF_0024655|7533|2024-09-15,4,7533,2024-09-15,2025-06-30,152,0,6,0,6
2025-02-03,train,PF_0024655_01,PF_0024655|7533|2024-09-15,5,7533,2024-09-15,2025-06-30,152,0,4,0,4
2025-02-03,train,PF_0024655_01,PF_0024655|7533|2024-09-15,6,7533,2024-09-15,2025-06-30,152,0,2,0,2
2025-02-03,train,PF_0024655_01,PF_0024655|7533|2024-09-15,7,7533,2024-09-15,2025-06-30,152,0,2,0,2
2025-02-03,train,PF_0024655_01,PF_0024655|7533|2024-09-15,8,7533,2024-09-15,2025-06-30,152,0,3,0,3
2025-02-03,train,PF_0024655_01,PF_0024655|7533|2024-09-15,9,7533,2024-09-15,2025-06-30,152,0,4,0,4
2025-02-03,train,PF_0025106_01,PF_0025106|7518|2024-09-17,1,7518,2024-09-17,2025-06-30,200,2,0,0,2
2025-02-03,train,PF_0025106_01,PF_0025106|7518|2024-09-17,2,7518,2024-09-17,2025-06-30,200,3,0,0,3
2025-02-03,train,PF_0025106_01,PF_0025106|7518|2024-09-17,3,7518,2024-09-17,2025-06-30,200,0,5,0,5
2025-02-03,train,PF_0025106_01,PF_0025106|7518|2024-09-17,4,7518,2024-09-17,2025-06-30,200,0,3,0,3
2025-02-03,train,PF_0025106_01,PF_0025106|7518|2024-09-17,5,7518,2024-09-17,2025-06-30,200,4,4,0,8
2025-02-03,train,PF_0025106_01,PF_0025106|7518|2024-09-17,6,7518,2024-09-17,2025-06-30,200,1,0,0,1
2025-02-03,train,PF_0025106_01,PF_0025106|7518|2024-09-17,7,7518,2024-09-17,2025-06-30,200,6,0,0,6
2025-02-03,train,PF_0025106_01,PF_0025106|7518|2024-09-17,8,7518,2024-09-17,2025-06-30,200,2,0,0,2
2025-02-03,train,PF_0025106_01,PF_0025106|7518|2024-09-17,9,7518,2024-09-17,2025-06-30,200,3,0,0,3
2025-02-04,test,PF_0023621_01,PF_0023621|7565|2024-09-15,2,7565,2024-09-15,2025-05-03,122,0,0,4,4
2025-02-04,test,PF_0023621_01,PF_0023621|7565|2024-09-15,3,7565,2024-09-15,2025-05-03,122,0,6,1,7
2025-02-04,test,PF_0023621_01,PF_0023621|7565|2024-09-15,5,7565,2024-09-15,2025-05-03,122,0,5,3,8
2025-02-04,test,PF_0023621_01,PF_0023621|7565|2024-09-15,6,7565,2024-09-15,2025-05-03,122,3,3,0,6
2025-02-04,test,PF_0023621_01,PF_0023621|7565|2024-09-15,7,7565,2024-09-15,2025-05-03,122,0,3,0,3
2025-02-04,test,PF_0023621_01,PF_0023621|7565|2024-09-15,9,7565,2024-09-15,2025-05-03,122,4,0,0,4
2025-02-04,train,PF_0023743_01,PF_0023743|7559|2024-09-10,1,7559,2024-09-10,2025-05-31,129,0,5,1,6
2025-02-04,train,PF_0023743_01,PF_0023743|7559|2024-09-10,2,7559,2024-09-10,2025-05-31,129,0,5,1,6
2025-02-04,train,PF_0023743_01,PF_0023743|7559|2024-09-10,3,7559,2024-09-10,2025-05-31,129,0,0,7,7
2025-02-04,train,PF_0023743_01,PF_0023743|7559|2024-09-10,4,7559,2024-09-10,2025-05-31,129,0,2,0,2
2025-02-04,train,PF_0023743_01,PF_0023743|7559|2024-09-10,5,7559,2024-09-10,2025-05-31,129,7,0,0,7
2025-02-04,train,PF_0023743_01,PF_0023743|7559|2024-09-10,6,7559,2024-09-10,2025-05-31,129,0,9,6,15
2025-02-04,train,PF_0023743_01,PF_0023743|7559|2024-09-10,7,7559,2024-09-10,2025-05-31,129,5,0,0,5
2025-02-04,train,PF_0023743_01,PF_0023743|7559|2024-09-10,8,7559,2024-09-10,2025-05-31,129,0,2,3,5
2025-02-04,train,PF_0023743_01,PF_0023743|7559|2024-09-10,9,7559,2024-09-10,2025-05-31,129,0,0,9,9
2025-02-04,train,PF_0024688_01,PF_0024688|7558|2024-09-01,1,7558,2024-09-01,2025-06-30,160,0,0,11,11
2025-02-04,train,PF_0024688_01,PF_0024688|7558|2024-09-01,2,7558,2024-09-01,2025-06-30,160,0,0,3,3
2025-02-04,train,PF_0024688_01,PF_0024688|7558|2024-09-01,3,7558,2024-09-01,2025-06-30,160,0,0,4,4
2025-02-04,train,PF_0024688_01,PF_0024688|7558|2024-09-01,4,7558,2024-09-01,2025-06-30,160,0,0,5,5
2025-02-04,train,PF_0024688_01,PF_0024688|7558|2024-09-01,5,7558,2024-09-01,2025-06-30,160,0,2,3,5
2025-02-04,train,PF_0024688_01,PF_0024688|7558|2024-09-01,6,7558,2024-09-01,2025-06-30,160,0,0,9,9
2025-02-04,train,PF_0024688_01,PF_0024688|7558|2024-09-01,7,7558,2024-09-01,2025-06-30,160,0,0,0,0
2025-02-04,train,PF_0024688_01,PF_0024688|7558|2024-09-01,8,7558,2024-09-01,2025-06-30,160,0,0,5,5
2025-02-04,train,PF_0024688_01,PF_0024688|7558|2024-09-01,9,7558,2024-09-01,2025-06-30,160,0,0,0,0
2025-02-04,test,PF_0024700_01,PF_0024700|7546|2024-09-10,1,7546,2024-09-10,2025-05-31,181,0,3,1,4
2025-02-04,test,PF_0024700_01,PF_0024700|7546|2024-09-10,2,7546,2024-09-10,2025-05-31,181,0,0,7,7
2025-02-04,test,PF_0024700_01,PF_0024700|7546|2024-09-10,3,7546,2024-09-10,2025-05-31,181,2,5,11,18
2025-02-04,test,PF_0024700_01,PF_0024700|7546|2024-09-10,4,7546,2024-09-10,2025-05-31,181,0,10,2,12
2025-02-04,test,PF_0024700_01,PF_0024700|7546|2024-09-10,5,7546,2024-09-10,2025-05-31,181,0,12,3,15
2025-02-04,test,PF_0024700_01,PF_0024700|7546|2024-09-10,6,7546,2024-09-10,2025-05-31,181,0,5,4,9
2025-02-04,test,PF_0024700_01,PF_0024700|7546|2024-09-10,7,7546,2024-09-10,2025-05-31,181,0,0,6,6
2025-02-04,test,PF_0024700_01,PF_0024700|7546|2024-09-10,8,7546,2024-09-10,2025-05-31,181,0,7,2,9
2025-02-04,test,PF_0024700_01,PF_0024700|7546|2024-09-10,9,7546,2024-09-10,2025-05-31,181,0,7,1,8
2025-02-04,train,PF_0025103_01,PF_0025103|7521|2024-09-15,1,7521,2024-09-15,2025-06-10,196,0,5,0,5
2025-02-04,train,PF_0025103_01,PF_0025103|7521|2024-09-15,2,7521,2024-09-15,2025-06-10,196,0,8,0,8
2025-02-04,train,PF_0025103_01,PF_0025103|7521|2024-09-15,3,7521,2024-09-15,2025-06-10,196,0,6,0,6
2025-02-04,train,PF_0025103_01,PF_0025103|7521|2024-09-15,4,7521,2024-09-15,2025-06-10,196,0,8,0,8
2025-02-04,train,PF_0025103_01,PF_0025103|7521|2024-09-15,5,7521,2024-09-15,2025-06-10,196,0,0,0,0
2025-02-04,train,PF_0025103_01,PF_0025103|7521|2024-09-15,6,7521,2024-09-15,2025-06-10,196,0,5,0,5
2025-02-04,train,PF_0025103_01,PF_0025103|7521|2024-09-15,7,7521,2024-09-15,2025-06-10,196,0,5,0,5
2025-02-04,train,PF_0025103_01,PF_0025103|7521|2024-09-15,8,7521,2024-09-15,2025-06-10,196,0,3,0,3
2025-02-04,train,PF_0025103_01,PF_0025103|7521|2024-09-15,9,7521,2024-09-15,2025-06-10,196,0,6,0,6
2025-02-06,test,PF_0023732_01,PF_0023732|7564|2024-08-31,1,7564,2024-08-31,2025-06-15,126,5,4,0,9
2025-02-06,test,PF_0023732_01,PF_0023732|7564|2024-08-31,2,7564,2024-08-31,2025-06-15,126,3,6,0,9
2025-02-06,test,PF_0023732_01,PF_0023732|7564|2024-08-31,3,7564,2024-08-31,2025-06-15,126,0,8,7,15
2025-02-06,test,PF_0023732_01,PF_0023732|7564|2024-08-31,4,7564,2024-08-31,2025-06-15,126,7,5,2,14
2025-02-06,test,PF_0023732_01,PF_0023732|7564|2024-08-31,5,7564,2024-08-31,2025-06-15,126,3,6,0,9
2025-02-06,test,PF_0023732_01,PF_0023732|7564|2024-08-31,6,7564,2024-08-31,2025-06-15,126,0,1,2,3
2025-02-06,test,PF_0023732_01,PF_0023732|7564|2024-08-31,7,7564,2024-08-31,2025-06-15,126,0,0,8,8
2025-02-06,test,PF_0023732_01,PF_0023732|7564|2024-08-31,8,7564,2024-08-31,2025-06-15,126,0,0,5,5
2025-02-06,test,PF_0023732_01,PF_0023732|7564|2024-08-31,9,7564,2024-08-31,2025-06-15,126,8,5,5,18
2025-02-06,validation,PF_0023923_01,PF_0023923|7562|2024-08-31,1,7562,2024-08-31,2025-06-15,132,0,1,0,1
2025-02-06,validation,PF_0023923_01,PF_0023923|7562|2024-08-31,2,7562,2024-08-31,2025-06-15,132,4,0,0,4
2025-02-06,validation,PF_0023923_01,PF_0023923|7562|2024-08-31,4,7562,2024-08-31,2025-06-15,132,4,1,1,6
2025-02-06,validation,PF_0023923_01,PF_0023923|7562|2024-08-31,5,7562,2024-08-31,2025-06-15,132,0,0,0,0
2025-02-06,validation,PF_0023923_01,PF_0023923|7562|2024-08-31,6,7562,2024-08-31,2025-06-15,132,0,0,0,0
2025-02-06,validation,PF_0023923_01,PF_0023923|7562|2024-08-31,8,7562,2024-08-31,2025-06-15,132,0,2,0,2
2025-02-06,validation,PF_0023923_01,PF_0023923|7562|2024-08-31,9,7562,2024-08-31,2025-06-15,132,0,10,0,10
2025-02-06,train,PF_0024357_01,PF_0024357|7560|2024-09-09,1,7560,2024-09-09,2025-05-31,139,0,5,1,6
2025-02-06,train,PF_0024357_01,PF_0024357|7560|2024-09-09,2,7560,2024-09-09,2025-05-31,139,0,7,0,7
2025-02-06,train,PF_0024357_01,PF_0024357|7560|2024-09-09,3,7560,2024-09-09,2025-05-31,139,16,3,0,19
2025-02-06,train,PF_0024357_01,PF_0024357|7560|2024-09-09,4,7560,2024-09-09,2025-05-31,139,0,0,17,17
2025-02-06,train,PF_0024357_01,PF_0024357|7560|2024-09-09,5,7560,2024-09-09,2025-05-31,139,6,0,2,8
2025-02-06,train,PF_0024357_01,PF_0024357|7560|2024-09-09,6,7560,2024-09-09,2025-05-31,139,0,7,6,13
2025-02-06,train,PF_0024357_01,PF_0024357|7560|2024-09-09,7,7560,2024-09-09,2025-05-31,139,0,7,6,13
2025-02-06,train,PF_0024357_01,PF_0024357|7560|2024-09-09,8,7560,2024-09-09,2025-05-31,139,0,6,1,7
2025-02-06,train,PF_0024357_01,PF_0024357|7560|2024-09-09,9,7560,2024-09-09,2025-05-31,139,15,1,0,16
2025-02-06,validation,PF_0024365_01,PF_0024365|7561|2024-09-10,1,7561,2024-09-10,2025-05-20,142,0,0,0,0
2025-02-06,validation,PF_0024365_01,PF_0024365|7561|2024-09-10,2,7561,2024-09-10,2025-05-20,142,0,0,5,5
2025-02-06,validation,PF_0024365_01,PF_0024365|7561|2024-09-10,3,7561,2024-09-10,2025-05-20,142,0,0,0,0
2025-02-06,validation,PF_0024365_01,PF_0024365|7561|2024-09-10,4,7561,2024-09-10,2025-05-20,142,0,0,6,6
2025-02-06,validation,PF_0024365_01,PF_0024365|7561|2024-09-10,5,7561,2024-09-10,2025-05-20,142,0,0,8,8
2025-02-06,validation,PF_0024365_01,PF_0024365|7561|2024-09-10,6,7561,2024-09-10,2025-05-20,142,0,0,0,0
2025-02-06,validation,PF_0024365_01,PF_0024365|7561|2024-09-10,7,7561,2024-09-10,2025-05-20,142,0,0,2,2
2025-02-06,validation,PF_0024365_01,PF_0024365|7561|2024-09-10,8,7561,2024-09-10,2025-05-20,142,0,0,0,0
2025-02-06,validation,PF_0024365_01,PF_0024365|7561|2024-09-10,9,7561,2024-09-10,2025-05-20,142,0,0,2,2
2025-02-09,train,PF_0002037_01,PF_0002037|7532|2024-09-20,1,7532,2024-09-20,2025-05-31,41,0,0,0,0
2025-02-09,train,PF_0002037_01,PF_0002037|7532|2024-09-20,2,7532,2024-09-20,2025-05-31,41,0,0,0,0
2025-02-09,train,PF_0002037_01,PF_0002037|7532|2024-09-20,3,7532,2024-09-20,2025-05-31,41,0,0,0,0
2025-02-09,train,PF_0002037_01,PF_0002037|7532|2024-09-20,4,7532,2024-09-20,2025-05-31,41,0,1,1,2
2025-02-09,train,PF_0002037_01,PF_0002037|7532|2024-09-20,5,7532,2024-09-20,2025-05-31,41,0,0,3,3
2025-02-09,train,PF_0002037_01,PF_0002037|7532|2024-09-20,6,7532,2024-09-20,2025-05-31,41,0,0,5,5
2025-02-09,train,PF_0002037_01,PF_0002037|7532|2024-09-20,7,7532,2024-09-20,2025-05-31,41,0,4,3,7
2025-02-09,train,PF_0002037_01,PF_0002037|7532|2024-09-20,8,7532,2024-09-20,2025-05-31,41,0,0,0,0
2025-02-09,train,PF_0002037_01,PF_0002037|7532|2024-09-20,9,7532,2024-09-20,2025-05-31,41,0,3,0,3
2025-02-09,train,PF_0021351_01,PF_0021351|7540|2024-09-07,1,7540,2024-09-07,2025-05-25,104,5,0,0,5
2025-02-09,train,PF_0021351_01,PF_0021351|7540|2024-09-07,3,7540,2024-09-07,2025-05-25,104,4,2,0,6
2025-02-09,train,PF_0021351_01,PF_0021351|7540|2024-09-07,4,7540,2024-09-07,2025-05-25,104,0,5,0,5
2025-02-09,train,PF_0021351_01,PF_0021351|7540|2024-09-07,5,7540,2024-09-07,2025-05-25,104,15,0,0,15
2025-02-09,train,PF_0021351_01,PF_0021351|7540|2024-09-07,6,7540,2024-09-07,2025-05-25,104,0,0,6,6
2025-02-09,train,PF_0021351_01,PF_0021351|7540|2024-09-07,7,7540,2024-09-07,2025-05-25,104,0,0,11,11
2025-02-09,train,PF_0021351_01,PF_0021351|7540|2024-09-07,8,7540,2024-09-07,2025-05-25,104,6,0,5,11
2025-02-09,train,PF_0021351_01,PF_0021351|7540|2024-09-07,9,7540,2024-09-07,2025-05-25,104,1,7,0,8
2025-02-09,train,PF_0022105_01,PF_0022105|7566|2024-09-01,1,7566,2024-09-01,2025-05-31,115,6,5,2,13
2025-02-09,train,PF_0022105_01,PF_0022105|7566|2024-09-01,2,7566,2024-09-01,2025-05-31,115,8,4,1,13
2025-02-09,train,PF_0022105_01,PF_0022105|7566|2024-09-01,4,7566,2024-09-01,2025-05-31,115,7,0,0,7
2025-02-09,train,PF_0022105_01,PF_0022105|7566|2024-09-01,6,7566,2024-09-01,2025-05-31,115,4,4,0,8
2025-02-09,train,PF_0022105_01,PF_0022105|7566|2024-09-01,7,7566,2024-09-01,2025-05-31,115,4,3,0,7
2025-02-09,train,PF_0022105_01,PF_0022105|7566|2024-09-01,8,7566,2024-09-01,2025-05-31,115,6,0,2,8
2025-02-09,train,PF_0022105_01,PF_0022105|7566|2024-09-01,9,7566,2024-09-01,2025-05-31,115,7,3,3,13
2025-02-10,train,PF_0000574_01,PF_0000574|7579|2024-09-01,1,7579,2024-09-01,2025-06-30,13,0,6,0,6
2025-02-10,train,PF_0000574_01,PF_0000574|7579|2024-09-01,2,7579,2024-09-01,2025-06-30,13,0,5,0,5
2025-02-10,train,PF_0000574_01,PF_0000574|7579|2024-09-01,3,7579,2024-09-01,2025-06-30,13,0,4,0,4
2025-02-10,train,PF_0000574_01,PF_0000574|7579|2024-09-01,4,7579,2024-09-01,2025-06-30,13,0,0,0,0
2025-02-10,train,PF_0000574_01,PF_0000574|7579|2024-09-01,5,7579,2024-09-01,2025-06-30,13,0,3,0,3
2025-02-10,train,PF_0000574_01,PF_0000574|7579|2024-09-01,6,7579,2024-09-01,2025-06-30,13,0,3,0,3
2025-02-10,train,PF_0000574_01,PF_0000574|7579|2024-09-01,7,7579,2024-09-01,2025-06-30,13,0,6,0,6
2025-02-10,train,PF_0000574_01,PF_0000574|7579|2024-09-01,8,7579,2024-09-01,2025-06-30,13,0,6,0,6
2025-02-10,train,PF_0000574_01,PF_0000574|7579|2024-09-01,9,7579,2024-09-01,2025-06-30,13,0,7,0,7
2025-02-10,validation,PF_0000778_01,PF_0000778|7578|2024-09-15,1,7578,2024-09-15,2025-06-30,20,0,3,0,3
2025-02-10,validation,PF_0000778_01,PF_0000778|7578|2024-09-15,2,7578,2024-09-15,2025-06-30,20,0,4,0,4
2025-02-10,validation,PF_0000778_01,PF_0000778|7578|2024-09-15,3,7578,2024-09-15,2025-06-30,20,0,0,0,0
2025-02-10,validation,PF_0000778_01,PF_0000778|7578|2024-09-15,4,7578,2024-09-15,2025-06-30,20,0,4,0,4
2025-02-10,validation,PF_0000778_01,PF_0000778|7578|2024-09-15,5,7578,2024-09-15,2025-06-30,20,0,4,0,4
2025-02-10,validation,PF_0000778_01,PF_0000778|7578|2024-09-15,6,7578,2024-09-15,2025-06-30,20,3,0,0,3
2025-02-10,validation,PF_0000778_01,PF_0000778|7578|2024-09-15,7,7578,2024-09-15,2025-06-30,20,2,3,0,5
2025-02-10,validation,PF_0000778_01,PF_0000778|7578|2024-09-15,8,7578,2024-09-15,2025-06-30,20,0,4,0,4
2025-02-10,validation,PF_0000778_01,PF_0000778|7578|2024-09-15,9,7578,2024-09-15,2025-06-30,20,0,3,0,3
2025-02-10,train,PF_0024651_01,PF_0024651|7538|2024-09-15,1,7538,2024-09-15,2025-06-10,148,0,4,0,4
2025-02-10,train,PF_0024651_01,PF_0024651|7538|2024-09-15,2,7538,2024-09-15,2025-06-10,148,0,3,0,3
2025-02-10,train,PF_0024651_01,PF_0024651|7538|2024-09-15,3,7538,2024-09-15,2025-06-10,148,0,5,0,5
2025-02-10,train,PF_0024651_01,PF_0024651|7538|2024-09-15,4,7538,2024-09-15,2025-06-10,148,0,2,0,2
2025-02-10,train,PF_0024651_01,PF_0024651|7538|2024-09-15,5,7538,2024-09-15,2025-06-10,148,0,4,0,4
2025-02-10,train,PF_0024651_01,PF_0024651|7538|2024-09-15,6,7538,2024-09-15,2025-06-10,148,0,6,0,6
2025-02-10,train,PF_0024651_01,PF_0024651|7538|2024-09-15,7,7538,2024-09-15,2025-06-10,148,0,3,0,3
2025-02-10,train,PF_0024651_01,PF_0024651|7538|2024-09-15,8,7538,2024-09-15,2025-06-10,148,0,3,0,3
2025-02-10,train,PF_0024651_01,PF_0024651|7538|2024-09-15,9,7538,2024-09-15,2025-06-10,148,0,5,0,5
2025-02-10,train,PF_0024654_01,PF_0024654|7527|2024-09-15,1,7527,2024-09-15,2025-06-10,150,0,0,0,0
2025-02-10,train,PF_0024654_01,PF_0024654|7527|2024-09-15,2,7527,2024-09-15,2025-06-10,150,0,2,0,2
2025-02-10,train,PF_0024654_01,PF_0024654|7527|2024-09-15,3,7527,2024-09-15,2025-06-10,150,0,0,0,0
2025-02-10,train,PF_0024654_01,PF_0024654|7527|2024-09-15,4,7527,2024-09-15,2025-06-10,150,0,1,0,1
2025-02-10,train,PF_0024654_01,PF_0024654|7527|2024-09-15,5,7527,2024-09-15,2025-06-10,150,0,4,0,4
2025-02-10,train,PF_0024654_01,PF_0024654|7527|2024-09-15,6,7527,2024-09-15,2025-06-10,150,0,1,0,1
2025-02-10,train,PF_0024654_01,PF_0024654|7527|2024-09-15,7,7527,2024-09-15,2025-06-10,150,0,0,0,0
2025-02-10,train,PF_0024654_01,PF_0024654|7527|2024-09-15,8,7527,2024-09-15,2025-06-10,150,3,6,0,9
2025-02-10,train,PF_0024654_01,PF_0024654|7527|2024-09-15,9,7527,2024-09-15,2025-06-10,150,0,7,0,7
2025-02-10,train,PF_0024655_01,PF_0024655|7533|2024-09-15,1,7533,2024-09-15,2025-06-30,152,0,4,0,4
2025-02-10,train,PF_0024655_01,PF_0024655|7533|2024-09-15,2,7533,2024-09-15,2025-06-30,152,0,2,0,2
2025-02-10,train,PF_0024655_01,PF_0024655|7533|2024-09-15,3,7533,2024-09-15,2025-06-30,152,0,5,0,5
2025-02-10,train,PF_0024655_01,PF_0024655|7533|2024-09-15,4,7533,2024-09-15,2025-06-30,152,0,7,0,7
2025-02-10,train,PF_0024655_01,PF_0024655|7533|2024-09-15,5,7533,2024-09-15,2025-06-30,152,0,3,0,3
2025-02-10,train,PF_0024655_01,PF_0024655|7533|2024-09-15,6,7533,2024-09-15,2025-06-30,152,0,2,0,2
2025-02-10,train,PF_0024655_01,PF_0024655|7533|2024-09-15,7,7533,2024-09-15,2025-06-30,152,0,4,0,4
2025-02-10,train,PF_0024655_01,PF_0024655|7533|2024-09-15,8,7533,2024-09-15,2025-06-30,152,0,2,0,2
2025-02-10,train,PF_0024655_01,PF_0024655|7533|2024-09-15,9,7533,2024-09-15,2025-06-30,152,0,4,0,4
2025-02-10,train,PF_0025106_01,PF_0025106|7518|2024-09-17,1,7518,2024-09-17,2025-06-30,200,0,2,0,2
2025-02-10,train,PF_0025106_01,PF_0025106|7518|2024-09-17,2,7518,2024-09-17,2025-06-30,200,0,3,0,3
2025-02-10,train,PF_0025106_01,PF_0025106|7518|2024-09-17,3,7518,2024-09-17,2025-06-30,200,0,5,0,5
2025-02-10,train,PF_0025106_01,PF_0025106|7518|2024-09-17,4,7518,2024-09-17,2025-06-30,200,0,3,0,3
2025-02-10,train,PF_0025106_01,PF_0025106|7518|2024-09-17,5,7518,2024-09-17,2025-06-30,200,0,6,0,6
2025-02-10,train,PF_0025106_01,PF_0025106|7518|2024-09-17,6,7518,2024-09-17,2025-06-30,200,0,1,0,1
2025-02-10,train,PF_0025106_01,PF_0025106|7518|2024-09-17,7,7518,2024-09-17,2025-06-30,200,1,0,0,1
2025-02-10,train,PF_0025106_01,PF_0025106|7518|2024-09-17,8,7518,2024-09-17,2025-06-30,200,0,2,0,2
2025-02-10,train,PF_0025106_01,PF_0025106|7518|2024-09-17,9,7518,2024-09-17,2025-06-30,200,0,2,0,2
2025-02-11,test,PF_0023621_01,PF_0023621|7565|2024-09-15,2,7565,2024-09-15,2025-05-03,122,0,0,4,4
2025-02-11,test,PF_0023621_01,PF_0023621|7565|2024-09-15,3,7565,2024-09-15,2025-05-03,122,0,6,2,8
2025-02-11,test,PF_0023621_01,PF_0023621|7565|2024-09-15,5,7565,2024-09-15,2025-05-03,122,0,3,3,6
2025-02-11,test,PF_0023621_01,PF_0023621|7565|2024-09-15,6,7565,2024-09-15,2025-05-03,122,0,1,3,4
2025-02-11,test,PF_0023621_01,PF_0023621|7565|2024-09-15,7,7565,2024-09-15,2025-05-03,122,0,3,0,3
2025-02-11,test,PF_0023621_01,PF_0023621|7565|2024-09-15,9,7565,2024-09-15,2025-05-03,122,4,0,0,4
2025-02-11,test,PF_0023732_01,PF_0023732|7564|2024-08-31,1,7564,2024-08-31,2025-06-15,126,3,8,0,11
2025-02-11,test,PF_0023732_01,PF_0023732|7564|2024-08-31,2,7564,2024-08-31,2025-06-15,126,1,8,0,9
2025-02-11,test,PF_0023732_01,PF_0023732|7564|2024-08-31,3,7564,2024-08-31,2025-06-15,126,0,8,8,16
2025-02-11,test,PF_0023732_01,PF_0023732|7564|2024-08-31,4,7564,2024-08-31,2025-06-15,126,5,5,3,13
2025-02-11,test,PF_0023732_01,PF_0023732|7564|2024-08-31,5,7564,2024-08-31,2025-06-15,126,1,6,0,7
2025-02-11,test,PF_0023732_01,PF_0023732|7564|2024-08-31,6,7564,2024-08-31,2025-06-15,126,0,0,4,4
2025-02-11,test,PF_0023732_01,PF_0023732|7564|2024-08-31,7,7564,2024-08-31,2025-06-15,126,0,0,7,7
2025-02-11,test,PF_0023732_01,PF_0023732|7564|2024-08-31,8,7564,2024-08-31,2025-06-15,126,0,0,4,4
2025-02-11,test,PF_0023732_01,PF_0023732|7564|2024-08-31,9,7564,2024-08-31,2025-06-15,126,8,6,9,23
2025-02-11,train,PF_0023743_01,PF_0023743|7559|2024-09-10,1,7559,2024-09-10,2025-05-31,129,0,5,3,8
2025-02-11,train,PF_0023743_01,PF_0023743|7559|2024-09-10,2,7559,2024-09-10,2025-05-31,129,0,5,1,6
2025-02-11,train,PF_0023743_01,PF_0023743|7559|2024-09-10,3,7559,2024-09-10,2025-05-31,129,0,0,7,7
2025-02-11,train,PF_0023743_01,PF_0023743|7559|2024-09-10,4,7559,2024-09-10,2025-05-31,129,0,4,0,4
2025-02-11,train,PF_0023743_01,PF_0023743|7559|2024-09-10,5,7559,2024-09-10,2025-05-31,129,5,0,2,7
2025-02-11,train,PF_0023743_01,PF_0023743|7559|2024-09-10,6,7559,2024-09-10,2025-05-31,129,0,8,7,15
2025-02-11,train,PF_0023743_01,PF_0023743|7559|2024-09-10,7,7559,2024-09-10,2025-05-31,129,6,1,0,7
2025-02-11,train,PF_0023743_01,PF_0023743|7559|2024-09-10,8,7559,2024-09-10,2025-05-31,129,0,2,3,5
2025-02-11,train,PF_0023743_01,PF_0023743|7559|2024-09-10,9,7559,2024-09-10,2025-05-31,129,0,0,9,9
2025-02-11,validation,PF_0023923_01,PF_0023923|7562|2024-08-31,1,7562,2024-08-31,2025-06-15,132,0,2,0,2
2025-02-11,validation,PF_0023923_01,PF_0023923|7562|2024-08-31,2,7562,2024-08-31,2025-06-15,132,4,0,0,4
2025-02-11,validation,PF_0023923_01,PF_0023923|7562|2024-08-31,4,7562,2024-08-31,2025-06-15,132,5,3,2,10
2025-02-11,validation,PF_0023923_01,PF_0023923|7562|2024-08-31,5,7562,2024-08-31,2025-06-15,132,0,0,0,0
2025-02-11,validation,PF_0023923_01,PF_0023923|7562|2024-08-31,6,7562,2024-08-31,2025-06-15,132,0,0,0,0
2025-02-11,validation,PF_0023923_01,PF_0023923|7562|2024-08-31,8,7562,2024-08-31,2025-06-15,132,0,0,0,0
2025-02-11,validation,PF_0023923_01,PF_0023923|7562|2024-08-31,9,7562,2024-08-31,2025-06-15,132,0,5,0,5
2025-02-11,train,PF_0024357_01,PF_0024357|7560|2024-09-09,1,7560,2024-09-09,2025-05-31,139,0,3,3,6
2025-02-11,train,PF_0024357_01,PF_0024357|7560|2024-09-09,2,7560,2024-09-09,2025-05-31,139,0,7,0,7
2025-02-11,train,PF_0024357_01,PF_0024357|7560|2024-09-09,3,7560,2024-09-09,2025-05-31,139,9,4,0,13
2025-02-11,train,PF_0024357_01,PF_0024357|7560|2024-09-09,4,7560,2024-09-09,2025-05-31,139,0,0,6,6
2025-02-11,train,PF_0024357_01,PF_0024357|7560|2024-09-09,5,7560,2024-09-09,2025-05-31,139,5,0,3,8
2025-02-11,train,PF_0024357_01,PF_0024357|7560|2024-09-09,6,7560,2024-09-09,2025-05-31,139,0,5,6,11
2025-02-11,train,PF_0024357_01,PF_0024357|7560|2024-09-09,7,7560,2024-09-09,2025-05-31,139,0,6,6,12
2025-02-11,train,PF_0024357_01,PF_0024357|7560|2024-09-09,8,7560,2024-09-09,2025-05-31,139,0,7,1,8
2025-02-11,train,PF_0024357_01,PF_0024357|7560|2024-09-09,9,7560,2024-09-09,2025-05-31,139,13,3,0,16
2025-02-11,validation,PF_0024365_01,PF_0024365|7561|2024-09-10,1,7561,2024-09-10,2025-05-20,142,0,0,0,0
2025-02-11,validation,PF_0024365_01,PF_0024365|7561|2024-09-10,2,7561,2024-09-10,2025-05-20,142,0,0,5,5
2025-02-11,validation,PF_0024365_01,PF_0024365|7561|2024-09-10,3,7561,2024-09-10,2025-05-20,142,0,0,0,0
2025-02-11,validation,PF_0024365_01,PF_0024365|7561|2024-09-10,4,7561,2024-09-10,2025-05-20,142,0,0,5,5
2025-02-11,validation,PF_0024365_01,PF_0024365|7561|2024-09-10,5,7561,2024-09-10,2025-05-20,142,0,0,10,10
2025-02-11,validation,PF_0024365_01,PF_0024365|7561|2024-09-10,6,7561,2024-09-10,2025-05-20,142,0,0,0,0
2025-02-11,validation,PF_0024365_01,PF_0024365|7561|2024-09-10,7,7561,2024-09-10,2025-05-20,142,0,0,0,0
2025-02-11,validation,PF_0024365_01,PF_0024365|7561|2024-09-10,8,7561,2024-09-10,2025-05-20,142,0,0,0,0
2025-02-11,validation,PF_0024365_01,PF_0024365|7561|2024-09-10,9,7561,2024-09-10,2025-05-20,142,0,0,1,1
2025-02-11,train,PF_0024688_01,PF_0024688|7558|2024-09-01,1,7558,2024-09-01,2025-06-30,160,0,0,3,3
2025-02-11,train,PF_0024688_01,PF_0024688|7558|2024-09-01,2,7558,2024-09-01,2025-06-30,160,0,0,0,0
2025-02-11,train,PF_0024688_01,PF_0024688|7558|2024-09-01,3,7558,2024-09-01,2025-06-30,160,0,0,4,4
2025-02-11,train,PF_0024688_01,PF_0024688|7558|2024-09-01,4,7558,2024-09-01,2025-06-30,160,0,0,8,8
2025-02-11,train,PF_0024688_01,PF_0024688|7558|2024-09-01,5,7558,2024-09-01,2025-06-30,160,0,3,4,7
2025-02-11,train,PF_0024688_01,PF_0024688|7558|2024-09-01,6,7558,2024-09-01,2025-06-30,160,0,0,9,9
2025-02-11,train,PF_0024688_01,PF_0024688|7558|2024-09-01,7,7558,2024-09-01,2025-06-30,160,0,0,0,0
2025-02-11,train,PF_0024688_01,PF_0024688|7558|2024-09-01,8,7558,2024-09-01,2025-06-30,160,0,0,5,5
2025-02-11,train,PF_0024688_01,PF_0024688|7558|2024-09-01,9,7558,2024-09-01,2025-06-30,160,0,0,0,0
2025-02-11,test,PF_0024700_01,PF_0024700|7546|2024-09-10,1,7546,2024-09-10,2025-05-31,181,0,5,4,9
2025-02-11,test,PF_0024700_01,PF_0024700|7546|2024-09-10,2,7546,2024-09-10,2025-05-31,181,0,0,7,7
2025-02-11,test,PF_0024700_01,PF_0024700|7546|2024-09-10,3,7546,2024-09-10,2025-05-31,181,2,7,12,21
2025-02-11,test,PF_0024700_01,PF_0024700|7546|2024-09-10,4,7546,2024-09-10,2025-05-31,181,0,10,6,16
2025-02-11,test,PF_0024700_01,PF_0024700|7546|2024-09-10,5,7546,2024-09-10,2025-05-31,181,0,20,22,42
2025-02-11,test,PF_0024700_01,PF_0024700|7546|2024-09-10,6,7546,2024-09-10,2025-05-31,181,0,10,5,15
2025-02-11,test,PF_0024700_01,PF_0024700|7546|2024-09-10,7,7546,2024-09-10,2025-05-31,181,0,0,10,10
2025-02-11,test,PF_0024700_01,PF_0024700|7546|2024-09-10,8,7546,2024-09-10,2025-05-31,181,0,14,1,15
2025-02-11,test,PF_0024700_01,PF_0024700|7546|2024-09-10,9,7546,2024-09-10,2025-05-31,181,0,4,4,8
2025-02-12,train,PF_0025103_01,PF_0025103|7521|2024-09-15,1,7521,2024-09-15,2025-06-10,196,0,5,0,5
2025-02-12,train,PF_0025103_01,PF_0025103|7521|2024-09-15,2,7521,2024-09-15,2025-06-10,196,0,5,0,5
2025-02-12,train,PF_0025103_01,PF_0025103|7521|2024-09-15,3,7521,2024-09-15,2025-06-10,196,0,5,0,5
2025-02-12,train,PF_0025103_01,PF_0025103|7521|2024-09-15,4,7521,2024-09-15,2025-06-10,196,0,8,0,8
2025-02-12,train,PF_0025103_01,PF_0025103|7521|2024-09-15,5,7521,2024-09-15,2025-06-10,196,0,2,0,2
2025-02-12,train,PF_0025103_01,PF_0025103|7521|2024-09-15,6,7521,2024-09-15,2025-06-10,196,0,6,0,6
2025-02-12,train,PF_0025103_01,PF_0025103|7521|2024-09-15,7,7521,2024-09-15,2025-06-10,196,0,4,0,4
2025-02-12,train,PF_0025103_01,PF_0025103|7521|2024-09-15,8,7521,2024-09-15,2025-06-10,196,0,3,0,3
2025-02-12,train,PF_0025103_01,PF_0025103|7521|2024-09-15,9,7521,2024-09-15,2025-06-10,196,0,5,0,5
2025-02-14,train,PF_0002037_01,PF_0002037|7532|2024-09-20,1,7532,2024-09-20,2025-05-31,41,0,0,0,0
2025-02-14,train,PF_0002037_01,PF_0002037|7532|2024-09-20,2,7532,2024-09-20,2025-05-31,41,0,0,0,0
2025-02-14,train,PF_0002037_01,PF_0002037|7532|2024-09-20,3,7532,2024-09-20,2025-05-31,41,0,0,0,0
2025-02-14,train,PF_0002037_01,PF_0002037|7532|2024-09-20,4,7532,2024-09-20,2025-05-31,41,0,0,5,5
2025-02-14,train,PF_0002037_01,PF_0002037|7532|2024-09-20,5,7532,2024-09-20,2025-05-31,41,0,0,4,4
2025-02-14,train,PF_0002037_01,PF_0002037|7532|2024-09-20,6,7532,2024-09-20,2025-05-31,41,0,0,0,0
2025-02-14,train,PF_0002037_01,PF_0002037|7532|2024-09-20,7,7532,2024-09-20,2025-05-31,41,0,0,2,2
2025-02-14,train,PF_0002037_01,PF_0002037|7532|2024-09-20,8,7532,2024-09-20,2025-05-31,41,0,0,0,0
2025-02-14,train,PF_0002037_01,PF_0002037|7532|2024-09-20,9,7532,2024-09-20,2025-05-31,41,0,0,3,3
2025-02-14,train,PF_0021351_01,PF_0021351|7540|2024-09-07,1,7540,2024-09-07,2025-05-25,104,0,10,0,10
2025-02-14,train,PF_0021351_01,PF_0021351|7540|2024-09-07,3,7540,2024-09-07,2025-05-25,104,4,3,1,8
2025-02-14,train,PF_0021351_01,PF_0021351|7540|2024-09-07,4,7540,2024-09-07,2025-05-25,104,0,4,0,4
2025-02-14,train,PF_0021351_01,PF_0021351|7540|2024-09-07,5,7540,2024-09-07,2025-05-25,104,21,0,0,21
2025-02-14,train,PF_0021351_01,PF_0021351|7540|2024-09-07,6,7540,2024-09-07,2025-05-25,104,0,0,6,6
2025-02-14,train,PF_0021351_01,PF_0021351|7540|2024-09-07,7,7540,2024-09-07,2025-05-25,104,0,0,4,4
2025-02-14,train,PF_0021351_01,PF_0021351|7540|2024-09-07,8,7540,2024-09-07,2025-05-25,104,0,0,10,10
2025-02-14,train,PF_0021351_01,PF_0021351|7540|2024-09-07,9,7540,2024-09-07,2025-05-25,104,0,4,0,4
2025-02-14,train,PF_0022105_01,PF_0022105|7566|2024-09-01,1,7566,2024-09-01,2025-05-31,115,6,7,2,15
2025-02-14,train,PF_0022105_01,PF_0022105|7566|2024-09-01,2,7566,2024-09-01,2025-05-31,115,8,5,2,15
2025-02-14,train,PF_0022105_01,PF_0022105|7566|2024-09-01,4,7566,2024-09-01,2025-05-31,115,8,5,1,14
2025-02-14,train,PF_0022105_01,PF_0022105|7566|2024-09-01,6,7566,2024-09-01,2025-05-31,115,6,6,3,15
2025-02-14,train,PF_0022105_01,PF_0022105|7566|2024-09-01,7,7566,2024-09-01,2025-05-31,115,4,3,13,20
2025-02-14,train,PF_0022105_01,PF_0022105|7566|2024-09-01,8,7566,2024-09-01,2025-05-31,115,6,0,3,9
2025-02-14,train,PF_0022105_01,PF_0022105|7566|2024-09-01,9,7566,2024-09-01,2025-05-31,115,7,5,4,16
2025-02-17,train,PF_0000574_01,PF_0000574|7579|2024-09-01,1,7579,2024-09-01,2025-06-30,13,0,7,0,7
2025-02-17,train,PF_0000574_01,PF_0000574|7579|2024-09-01,2,7579,2024-09-01,2025-06-30,13,0,5,0,5
2025-02-17,train,PF_0000574_01,PF_0000574|7579|2024-09-01,3,7579,2024-09-01,2025-06-30,13,0,9,0,9
2025-02-17,train,PF_0000574_01,PF_0000574|7579|2024-09-01,4,7579,2024-09-01,2025-06-30,13,0,2,0,2
2025-02-17,train,PF_0000574_01,PF_0000574|7579|2024-09-01,5,7579,2024-09-01,2025-06-30,13,0,3,0,3
2025-02-17,train,PF_0000574_01,PF_0000574|7579|2024-09-01,6,7579,2024-09-01,2025-06-30,13,0,6,0,6
2025-02-17,train,PF_0000574_01,PF_0000574|7579|2024-09-01,7,7579,2024-09-01,2025-06-30,13,0,5,0,5
2025-02-17,train,PF_0000574_01,PF_0000574|7579|2024-09-01,8,7579,2024-09-01,2025-06-30,13,0,6,0,6
2025-02-17,train,PF_0000574_01,PF_0000574|7579|2024-09-01,9,7579,2024-09-01,2025-06-30,13,0,6,0,6
2025-02-17,validation,PF_0000778_01,PF_0000778|7578|2024-09-15,1,7578,2024-09-15,2025-06-30,20,0,6,0,6
2025-02-17,validation,PF_0000778_01,PF_0000778|7578|2024-09-15,2,7578,2024-09-15,2025-06-30,20,0,3,0,3
2025-02-17,validation,PF_0000778_01,PF_0000778|7578|2024-09-15,3,7578,2024-09-15,2025-06-30,20,0,1,0,1
2025-02-17,validation,PF_0000778_01,PF_0000778|7578|2024-09-15,4,7578,2024-09-15,2025-06-30,20,0,3,0,3
2025-02-17,validation,PF_0000778_01,PF_0000778|7578|2024-09-15,5,7578,2024-09-15,2025-06-30,20,0,5,0,5
2025-02-17,validation,PF_0000778_01,PF_0000778|7578|2024-09-15,6,7578,2024-09-15,2025-06-30,20,0,3,0,3
2025-02-17,validation,PF_0000778_01,PF_0000778|7578|2024-09-15,7,7578,2024-09-15,2025-06-30,20,0,6,0,6
2025-02-17,validation,PF_0000778_01,PF_0000778|7578|2024-09-15,8,7578,2024-09-15,2025-06-30,20,0,4,0,4
2025-02-17,validation,PF_0000778_01,PF_0000778|7578|2024-09-15,9,7578,2024-09-15,2025-06-30,20,0,3,0,3
2025-02-17,train,PF_0024651_01,PF_0024651|7538|2024-09-15,1,7538,2024-09-15,2025-06-10,148,0,1,0,1
2025-02-17,train,PF_0024651_01,PF_0024651|7538|2024-09-15,2,7538,2024-09-15,2025-06-10,148,0,1,0,1
2025-02-17,train,PF_0024651_01,PF_0024651|7538|2024-09-15,3,7538,2024-09-15,2025-06-10,148,0,2,0,2
2025-02-17,train,PF_0024651_01,PF_0024651|7538|2024-09-15,4,7538,2024-09-15,2025-06-10,148,0,0,0,0
2025-02-17,train,PF_0024651_01,PF_0024651|7538|2024-09-15,5,7538,2024-09-15,2025-06-10,148,0,3,0,3
2025-02-17,train,PF_0024651_01,PF_0024651|7538|2024-09-15,6,7538,2024-09-15,2025-06-10,148,0,4,0,4
2025-02-17,train,PF_0024651_01,PF_0024651|7538|2024-09-15,7,7538,2024-09-15,2025-06-10,148,0,4,0,4
2025-02-17,train,PF_0024651_01,PF_0024651|7538|2024-09-15,8,7538,2024-09-15,2025-06-10,148,0,3,0,3
2025-02-17,train,PF_0024651_01,PF_0024651|7538|2024-09-15,9,7538,2024-09-15,2025-06-10,148,0,3,0,3
2025-02-17,train,PF_0024654_01,PF_0024654|7527|2024-09-15,1,7527,2024-09-15,2025-06-10,150,0,3,0,3
2025-02-17,train,PF_0024654_01,PF_0024654|7527|2024-09-15,2,7527,2024-09-15,2025-06-10,150,0,1,0,1
2025-02-17,train,PF_0024654_01,PF_0024654|7527|2024-09-15,3,7527,2024-09-15,2025-06-10,150,0,2,0,2
2025-02-17,train,PF_0024654_01,PF_0024654|7527|2024-09-15,4,7527,2024-09-15,2025-06-10,150,0,3,0,3
2025-02-17,train,PF_0024654_01,PF_0024654|7527|2024-09-15,5,7527,2024-09-15,2025-06-10,150,0,6,0,6
2025-02-17,train,PF_0024654_01,PF_0024654|7527|2024-09-15,6,7527,2024-09-15,2025-06-10,150,0,4,0,4
2025-02-17,train,PF_0024654_01,PF_0024654|7527|2024-09-15,7,7527,2024-09-15,2025-06-10,150,0,0,0,0
2025-02-17,train,PF_0024654_01,PF_0024654|7527|2024-09-15,8,7527,2024-09-15,2025-06-10,150,0,0,0,0
2025-02-17,train,PF_0024654_01,PF_0024654|7527|2024-09-15,9,7527,2024-09-15,2025-06-10,150,0,6,0,6
2025-02-17,train,PF_0024655_01,PF_0024655|7533|2024-09-15,1,7533,2024-09-15,2025-06-30,152,0,5,0,5
2025-02-17,train,PF_0024655_01,PF_0024655|7533|2024-09-15,2,7533,2024-09-15,2025-06-30,152,0,2,0,2
2025-02-17,train,PF_0024655_01,PF_0024655|7533|2024-09-15,3,7533,2024-09-15,2025-06-30,152,0,4,0,4
2025-02-17,train,PF_0024655_01,PF_0024655|7533|2024-09-15,4,7533,2024-09-15,2025-06-30,152,0,7,0,7
2025-02-17,train,PF_0024655_01,PF_0024655|7533|2024-09-15,5,7533,2024-09-15,2025-06-30,152,0,3,0,3
2025-02-17,train,PF_0024655_01,PF_0024655|7533|2024-09-15,6,7533,2024-09-15,2025-06-30,152,0,3,0,3
2025-02-17,train,PF_0024655_01,PF_0024655|7533|2024-09-15,7,7533,2024-09-15,2025-06-30,152,0,4,0,4
2025-02-17,train,PF_0024655_01,PF_0024655|7533|2024-09-15,8,7533,2024-09-15,2025-06-30,152,0,3,0,3
2025-02-17,train,PF_0024655_01,PF_0024655|7533|2024-09-15,9,7533,2024-09-15,2025-06-30,152,0,4,0,4
2025-02-17,train,PF_0025106_01,PF_0025106|7518|2024-09-17,1,7518,2024-09-17,2025-06-30,200,0,1,0,1
2025-02-17,train,PF_0025106_01,PF_0025106|7518|2024-09-17,2,7518,2024-09-17,2025-06-30,200,0,2,0,2
2025-02-17,train,PF_0025106_01,PF_0025106|7518|2024-09-17,3,7518,2024-09-17,2025-06-30,200,0,4,0,4
2025-02-17,train,PF_0025106_01,PF_0025106|7518|2024-09-17,4,7518,2024-09-17,2025-06-30,200,0,2,0,2
2025-02-17,train,PF_0025106_01,PF_0025106|7518|2024-09-17,5,7518,2024-09-17,2025-06-30,200,0,4,0,4
2025-02-17,train,PF_0025106_01,PF_0025106|7518|2024-09-17,6,7518,2024-09-17,2025-06-30,200,0,1,0,1
2025-02-17,train,PF_0025106_01,PF_0025106|7518|2024-09-17,7,7518,2024-09-17,2025-06-30,200,0,2,0,2
2025-02-17,train,PF_0025106_01,PF_0025106|7518|2024-09-17,8,7518,2024-09-17,2025-06-30,200,0,2,0,2
2025-02-17,train,PF_0025106_01,PF_0025106|7518|2024-09-17,9,7518,2024-09-17,2025-06-30,200,0,1,0,1
2025-02-18,test,PF_0023621_01,PF_0023621|7565|2024-09-15,2,7565,2024-09-15,2025-05-03,122,0,0,4,4
2025-02-18,test,PF_0023621_01,PF_0023621|7565|2024-09-15,3,7565,2024-09-15,2025-05-03,122,0,4,3,7
2025-02-18,test,PF_0023621_01,PF_0023621|7565|2024-09-15,5,7565,2024-09-15,2025-05-03,122,0,3,3,6
2025-02-18,test,PF_0023621_01,PF_0023621|7565|2024-09-15,6,7565,2024-09-15,2025-05-03,122,0,0,3,3
2025-02-18,test,PF_0023621_01,PF_0023621|7565|2024-09-15,7,7565,2024-09-15,2025-05-03,122,0,3,0,3
2025-02-18,test,PF_0023621_01,PF_0023621|7565|2024-09-15,9,7565,2024-09-15,2025-05-03,122,4,0,0,4
2025-02-18,test,PF_0024700_01,PF_0024700|7546|2024-09-10,1,7546,2024-09-10,2025-05-31,181,0,3,3,6
2025-02-18,test,PF_0024700_01,PF_0024700|7546|2024-09-10,2,7546,2024-09-10,2025-05-31,181,0,7,7,14
2025-02-18,test,PF_0024700_01,PF_0024700|7546|2024-09-10,3,7546,2024-09-10,2025-05-31,181,0,0,8,8
2025-02-18,test,PF_0024700_01,PF_0024700|7546|2024-09-10,4,7546,2024-09-10,2025-05-31,181,0,4,8,12
2025-02-18,test,PF_0024700_01,PF_0024700|7546|2024-09-10,5,7546,2024-09-10,2025-05-31,181,0,23,17,40
2025-02-18,test,PF_0024700_01,PF_0024700|7546|2024-09-10,6,7546,2024-09-10,2025-05-31,181,0,7,5,12
2025-02-18,test,PF_0024700_01,PF_0024700|7546|2024-09-10,7,7546,2024-09-10,2025-05-31,181,0,0,10,10
2025-02-18,test,PF_0024700_01,PF_0024700|7546|2024-09-10,8,7546,2024-09-10,2025-05-31,181,0,3,1,4
2025-02-18,test,PF_0024700_01,PF_0024700|7546|2024-09-10,9,7546,2024-09-10,2025-05-31,181,0,3,3,6
2025-02-19,train,PF_0023743_01,PF_0023743|7559|2024-09-10,1,7559,2024-09-10,2025-05-31,129,0,5,3,8
2025-02-19,train,PF_0023743_01,PF_0023743|7559|2024-09-10,2,7559,2024-09-10,2025-05-31,129,0,0,5,5
2025-02-19,train,PF_0023743_01,PF_0023743|7559|2024-09-10,3,7559,2024-09-10,2025-05-31,129,0,0,6,6
2025-02-19,train,PF_0023743_01,PF_0023743|7559|2024-09-10,4,7559,2024-09-10,2025-05-31,129,0,5,1,6
2025-02-19,train,PF_0023743_01,PF_0023743|7559|2024-09-10,5,7559,2024-09-10,2025-05-31,129,8,0,10,18
2025-02-19,train,PF_0023743_01,PF_0023743|7559|2024-09-10,6,7559,2024-09-10,2025-05-31,129,0,8,12,20
2025-02-19,train,PF_0023743_01,PF_0023743|7559|2024-09-10,7,7559,2024-09-10,2025-05-31,129,8,3,5,16
2025-02-19,train,PF_0023743_01,PF_0023743|7559|2024-09-10,8,7559,2024-09-10,2025-05-31,129,0,0,5,5
2025-02-19,train,PF_0023743_01,PF_0023743|7559|2024-09-10,9,7559,2024-09-10,2025-05-31,129,0,0,7,7
2025-02-19,train,PF_0024688_01,PF_0024688|7558|2024-09-01,1,7558,2024-09-01,2025-06-30,160,0,0,3,3
2025-02-19,train,PF_0024688_01,PF_0024688|7558|2024-09-01,2,7558,2024-09-01,2025-06-30,160,0,0,0,0
2025-02-19,train,PF_0024688_01,PF_0024688|7558|2024-09-01,3,7558,2024-09-01,2025-06-30,160,0,0,4,4
2025-02-19,train,PF_0024688_01,PF_0024688|7558|2024-09-01,4,7558,2024-09-01,2025-06-30,160,0,0,11,11
2025-02-19,train,PF_0024688_01,PF_0024688|7558|2024-09-01,5,7558,2024-09-01,2025-06-30,160,0,0,4,4
2025-02-19,train,PF_0024688_01,PF_0024688|7558|2024-09-01,6,7558,2024-09-01,2025-06-30,160,0,0,4,4
2025-02-19,train,PF_0024688_01,PF_0024688|7558|2024-09-01,7,7558,2024-09-01,2025-06-30,160,0,0,0,0
2025-02-19,train,PF_0024688_01,PF_0024688|7558|2024-09-01,8,7558,2024-09-01,2025-06-30,160,0,0,5,5
2025-02-19,train,PF_0024688_01,PF_0024688|7558|2024-09-01,9,7558,2024-09-01,2025-06-30,160,0,0,0,0
2025-02-19,train,PF_0025103_01,PF_0025103|7521|2024-09-15,1,7521,2024-09-15,2025-06-10,196,0,4,0,4
2025-02-19,train,PF_0025103_01,PF_0025103|7521|2024-09-15,2,7521,2024-09-15,2025-06-10,196,0,3,0,3
2025-02-19,train,PF_0025103_01,PF_0025103|7521|2024-09-15,3,7521,2024-09-15,2025-06-10,196,0,4,0,4
2025-02-19,train,PF_0025103_01,PF_0025103|7521|2024-09-15,4,7521,2024-09-15,2025-06-10,196,0,6,0,6
2025-02-19,train,PF_0025103_01,PF_0025103|7521|2024-09-15,5,7521,2024-09-15,2025-06-10,196,0,4,0,4
2025-02-19,train,PF_0025103_01,PF_0025103|7521|2024-09-15,6,7521,2024-09-15,2025-06-10,196,0,4,0,4
2025-02-19,train,PF_0025103_01,PF_0025103|7521|2024-09-15,7,7521,2024-09-15,2025-06-10,196,0,3,0,3
2025-02-19,train,PF_0025103_01,PF_0025103|7521|2024-09-15,8,7521,2024-09-15,2025-06-10,196,0,2,0,2
2025-02-19,train,PF_0025103_01,PF_0025103|7521|2024-09-15,9,7521,2024-09-15,2025-06-10,196,0,4,0,4
2025-02-20,test,PF_0023732_01,PF_0023732|7564|2024-08-31,1,7564,2024-08-31,2025-06-15,126,0,4,0,4
2025-02-20,test,PF_0023732_01,PF_0023732|7564|2024-08-31,2,7564,2024-08-31,2025-06-15,126,0,4,0,4
2025-02-20,test,PF_0023732_01,PF_0023732|7564|2024-08-31,3,7564,2024-08-31,2025-06-15,126,0,6,4,10
2025-02-20,test,PF_0023732_01,PF_0023732|7564|2024-08-31,4,7564,2024-08-31,2025-06-15,126,0,5,3,8
2025-02-20,test,PF_0023732_01,PF_0023732|7564|2024-08-31,5,7564,2024-08-31,2025-06-15,126,0,6,0,6
2025-02-20,test,PF_0023732_01,PF_0023732|7564|2024-08-31,6,7564,2024-08-31,2025-06-15,126,0,0,4,4
2025-02-20,test,PF_0023732_01,PF_0023732|7564|2024-08-31,7,7564,2024-08-31,2025-06-15,126,0,0,7,7
2025-02-20,test,PF_0023732_01,PF_0023732|7564|2024-08-31,8,7564,2024-08-31,2025-06-15,126,0,0,4,4
2025-02-20,test,PF_0023732_01,PF_0023732|7564|2024-08-31,9,7564,2024-08-31,2025-06-15,126,0,2,4,6
2025-02-20,validation,PF_0023923_01,PF_0023923|7562|2024-08-31,1,7562,2024-08-31,2025-06-15,132,0,5,0,5
2025-02-20,validation,PF_0023923_01,PF_0023923|7562|2024-08-31,2,7562,2024-08-31,2025-06-15,132,0,0,0,0
2025-02-20,validation,PF_0023923_01,PF_0023923|7562|2024-08-31,4,7562,2024-08-31,2025-06-15,132,3,5,3,11
2025-02-20,validation,PF_0023923_01,PF_0023923|7562|2024-08-31,5,7562,2024-08-31,2025-06-15,132,0,3,0,3
2025-02-20,validation,PF_0023923_01,PF_0023923|7562|2024-08-31,6,7562,2024-08-31,2025-06-15,132,0,4,0,4
2025-02-20,validation,PF_0023923_01,PF_0023923|7562|2024-08-31,8,7562,2024-08-31,2025-06-15,132,0,0,1,1
2025-02-20,validation,PF_0023923_01,PF_0023923|7562|2024-08-31,9,7562,2024-08-31,2025-06-15,132,0,3,0,3
2025-02-20,train,PF_0024357_01,PF_0024357|7560|2024-09-09,1,7560,2024-09-09,2025-05-31,139,0,2,5,7
2025-02-20,train,PF_0024357_01,PF_0024357|7560|2024-09-09,2,7560,2024-09-09,2025-05-31,139,0,7,0,7
2025-02-20,train,PF_0024357_01,PF_0024357|7560|2024-09-09,3,7560,2024-09-09,2025-05-31,139,4,3,1,8
2025-02-20,train,PF_0024357_01,PF_0024357|7560|2024-09-09,4,7560,2024-09-09,2025-05-31,139,0,0,4,4
2025-02-20,train,PF_0024357_01,PF_0024357|7560|2024-09-09,5,7560,2024-09-09,2025-05-31,139,5,0,1,6
2025-02-20,train,PF_0024357_01,PF_0024357|7560|2024-09-09,6,7560,2024-09-09,2025-05-31,139,0,0,9,9
2025-02-20,train,PF_0024357_01,PF_0024357|7560|2024-09-09,7,7560,2024-09-09,2025-05-31,139,0,0,6,6
2025-02-20,train,PF_0024357_01,PF_0024357|7560|2024-09-09,8,7560,2024-09-09,2025-05-31,139,0,7,0,7
2025-02-20,train,PF_0024357_01,PF_0024357|7560|2024-09-09,9,7560,2024-09-09,2025-05-31,139,4,3,4,11
2025-02-20,validation,PF_0024365_01,PF_0024365|7561|2024-09-10,1,7561,2024-09-10,2025-05-20,142,0,0,0,0
2025-02-20,validation,PF_0024365_01,PF_0024365|7561|2024-09-10,2,7561,2024-09-10,2025-05-20,142,0,0,0,0
2025-02-20,validation,PF_0024365_01,PF_0024365|7561|2024-09-10,3,7561,2024-09-10,2025-05-20,142,0,0,0,0
2025-02-20,validation,PF_0024365_01,PF_0024365|7561|2024-09-10,4,7561,2024-09-10,2025-05-20,142,0,0,1,1
2025-02-20,validation,PF_0024365_01,PF_0024365|7561|2024-09-10,5,7561,2024-09-10,2025-05-20,142,0,0,5,5
2025-02-20,validation,PF_0024365_01,PF_0024365|7561|2024-09-10,6,7561,2024-09-10,2025-05-20,142,0,0,0,0
2025-02-20,validation,PF_0024365_01,PF_0024365|7561|2024-09-10,7,7561,2024-09-10,2025-05-20,142,0,0,0,0
2025-02-20,validation,PF_0024365_01,PF_0024365|7561|2024-09-10,8,7561,2024-09-10,2025-05-20,142,0,0,0,0
2025-02-20,validation,PF_0024365_01,PF_0024365|7561|2024-09-10,9,7561,2024-09-10,2025-05-20,142,0,0,0,0
2025-02-22,train,PF_0002037_01,PF_0002037|7532|2024-09-20,1,7532,2024-09-20,2025-05-31,41,0,0,0,0
2025-02-22,train,PF_0002037_01,PF_0002037|7532|2024-09-20,2,7532,2024-09-20,2025-05-31,41,0,0,0,0
2025-02-22,train,PF_0002037_01,PF_0002037|7532|2024-09-20,3,7532,2024-09-20,2025-05-31,41,0,0,0,0
2025-02-22,train,PF_0002037_01,PF_0002037|7532|2024-09-20,4,7532,2024-09-20,2025-05-31,41,0,0,0,0
2025-02-22,train,PF_0002037_01,PF_0002037|7532|2024-09-20,5,7532,2024-09-20,2025-05-31,41,0,0,0,0
2025-02-22,train,PF_0002037_01,PF_0002037|7532|2024-09-20,6,7532,2024-09-20,2025-05-31,41,0,0,0,0
2025-02-22,train,PF_0002037_01,PF_0002037|7532|2024-09-20,7,7532,2024-09-20,2025-05-31,41,0,0,0,0
2025-02-22,train,PF_0002037_01,PF_0002037|7532|2024-09-20,8,7532,2024-09-20,2025-05-31,41,0,0,0,0
2025-02-22,train,PF_0002037_01,PF_0002037|7532|2024-09-20,9,7532,2024-09-20,2025-05-31,41,0,0,0,0
2025-02-22,train,PF_0021351_01,PF_0021351|7540|2024-09-07,1,7540,2024-09-07,2025-05-25,104,0,6,4,10
2025-02-22,train,PF_0021351_01,PF_0021351|7540|2024-09-07,3,7540,2024-09-07,2025-05-25,104,2,3,3,8
2025-02-22,train,PF_0021351_01,PF_0021351|7540|2024-09-07,4,7540,2024-09-07,2025-05-25,104,0,3,1,4
2025-02-22,train,PF_0021351_01,PF_0021351|7540|2024-09-07,5,7540,2024-09-07,2025-05-25,104,5,0,7,12
2025-02-22,train,PF_0021351_01,PF_0021351|7540|2024-09-07,6,7540,2024-09-07,2025-05-25,104,0,0,4,4
2025-02-22,train,PF_0021351_01,PF_0021351|7540|2024-09-07,7,7540,2024-09-07,2025-05-25,104,0,0,3,3
2025-02-22,train,PF_0021351_01,PF_0021351|7540|2024-09-07,8,7540,2024-09-07,2025-05-25,104,0,0,2,2
2025-02-22,train,PF_0021351_01,PF_0021351|7540|2024-09-07,9,7540,2024-09-07,2025-05-25,104,0,4,1,5
2025-02-22,train,PF_0022105_01,PF_0022105|7566|2024-09-01,1,7566,2024-09-01,2025-05-31,115,3,5,5,13
2025-02-22,train,PF_0022105_01,PF_0022105|7566|2024-09-01,2,7566,2024-09-01,2025-05-31,115,4,5,5,14
2025-02-22,train,PF_0022105_01,PF_0022105|7566|2024-09-01,4,7566,2024-09-01,2025-05-31,115,6,3,1,10
2025-02-22,train,PF_0022105_01,PF_0022105|7566|2024-09-01,6,7566,2024-09-01,2025-05-31,115,4,7,3,14
2025-02-22,train,PF_0022105_01,PF_0022105|7566|2024-09-01,7,7566,2024-09-01,2025-05-31,115,5,4,3,12
2025-02-22,train,PF_0022105_01,PF_0022105|7566|2024-09-01,8,7566,2024-09-01,2025-05-31,115,4,0,5,9
2025-02-22,train,PF_0022105_01,PF_0022105|7566|2024-09-01,9,7566,2024-09-01,2025-05-31,115,3,3,7,13
2025-02-24,train,PF_0000574_01,PF_0000574|7579|2024-09-01,1,7579,2024-09-01,2025-06-30,13,0,6,5,11
2025-02-24,train,PF_0000574_01,PF_0000574|7579|2024-09-01,2,7579,2024-09-01,2025-06-30,13,0,4,0,4
2025-02-24,train,PF_0000574_01,PF_0000574|7579|2024-09-01,3,7579,2024-09-01,2025-06-30,13,0,7,0,7
2025-02-24,train,PF_0000574_01,PF_0000574|7579|2024-09-01,4,7579,2024-09-01,2025-06-30,13,0,4,0,4
2025-02-24,train,PF_0000574_01,PF_0000574|7579|2024-09-01,5,7579,2024-09-01,2025-06-30,13,0,5,0,5
2025-02-24,train,PF_0000574_01,PF_0000574|7579|2024-09-01,6,7579,2024-09-01,2025-06-30,13,0,6,0,6
2025-02-24,train,PF_0000574_01,PF_0000574|7579|2024-09-01,7,7579,2024-09-01,2025-06-30,13,0,7,0,7
2025-02-24,train,PF_0000574_01,PF_0000574|7579|2024-09-01,8,7579,2024-09-01,2025-06-30,13,0,4,0,4
2025-02-24,train,PF_0000574_01,PF_0000574|7579|2024-09-01,9,7579,2024-09-01,2025-06-30,13,0,3,0,3
2025-02-24,validation,PF_0000778_01,PF_0000778|7578|2024-09-15,1,7578,2024-09-15,2025-06-30,20,0,6,0,6
2025-02-24,validation,PF_0000778_01,PF_0000778|7578|2024-09-15,2,7578,2024-09-15,2025-06-30,20,0,3,0,3
2025-02-24,validation,PF_0000778_01,PF_0000778|7578|2024-09-15,3,7578,2024-09-15,2025-06-30,20,0,2,0,2
2025-02-24,validation,PF_0000778_01,PF_0000778|7578|2024-09-15,4,7578,2024-09-15,2025-06-30,20,0,3,0,3
2025-02-24,validation,PF_0000778_01,PF_0000778|7578|2024-09-15,5,7578,2024-09-15,2025-06-30,20,0,8,0,8
2025-02-24,validation,PF_0000778_01,PF_0000778|7578|2024-09-15,6,7578,2024-09-15,2025-06-30,20,0,4,0,4
2025-02-24,validation,PF_0000778_01,PF_0000778|7578|2024-09-15,7,7578,2024-09-15,2025-06-30,20,0,6,0,6
2025-02-24,validation,PF_0000778_01,PF_0000778|7578|2024-09-15,8,7578,2024-09-15,2025-06-30,20,0,3,2,5
2025-02-24,validation,PF_0000778_01,PF_0000778|7578|2024-09-15,9,7578,2024-09-15,2025-06-30,20,0,2,0,2
2025-02-24,train,PF_0024651_01,PF_0024651|7538|2024-09-15,1,7538,2024-09-15,2025-06-10,148,0,0,1,1
2025-02-24,train,PF_0024651_01,PF_0024651|7538|2024-09-15,2,7538,2024-09-15,2025-06-10,148,0,1,1,2
2025-02-24,train,PF_0024651_01,PF_0024651|7538|2024-09-15,3,7538,2024-09-15,2025-06-10,148,0,2,0,2
2025-02-24,train,PF_0024651_01,PF_0024651|7538|2024-09-15,4,7538,2024-09-15,2025-06-10,148,0,3,0,3
2025-02-24,train,PF_0024651_01,PF_0024651|7538|2024-09-15,5,7538,2024-09-15,2025-06-10,148,0,3,5,8
2025-02-24,train,PF_0024651_01,PF_0024651|7538|2024-09-15,6,7538,2024-09-15,2025-06-10,148,0,1,0,1
2025-02-24,train,PF_0024651_01,PF_0024651|7538|2024-09-15,7,7538,2024-09-15,2025-06-10,148,0,5,0,5
2025-02-24,train,PF_0024651_01,PF_0024651|7538|2024-09-15,8,7538,2024-09-15,2025-06-10,148,0,2,0,2
2025-02-24,train,PF_0024651_01,PF_0024651|7538|2024-09-15,9,7538,2024-09-15,2025-06-10,148,0,3,0,3
2025-02-24,train,PF_0024654_01,PF_0024654|7527|2024-09-15,1,7527,2024-09-15,2025-06-10,150,0,8,0,8
2025-02-24,train,PF_0024654_01,PF_0024654|7527|2024-09-15,2,7527,2024-09-15,2025-06-10,150,0,4,3,7
2025-02-24,train,PF_0024654_01,PF_0024654|7527|2024-09-15,3,7527,2024-09-15,2025-06-10,150,0,5,0,5
2025-02-24,train,PF_0024654_01,PF_0024654|7527|2024-09-15,4,7527,2024-09-15,2025-06-10,150,0,6,0,6
2025-02-24,train,PF_0024654_01,PF_0024654|7527|2024-09-15,5,7527,2024-09-15,2025-06-10,150,0,6,0,6
2025-02-24,train,PF_0024654_01,PF_0024654|7527|2024-09-15,6,7527,2024-09-15,2025-06-10,150,0,6,0,6
2025-02-24,train,PF_0024654_01,PF_0024654|7527|2024-09-15,7,7527,2024-09-15,2025-06-10,150,0,1,0,1
2025-02-24,train,PF_0024654_01,PF_0024654|7527|2024-09-15,8,7527,2024-09-15,2025-06-10,150,0,4,0,4
2025-02-24,train,PF_0024654_01,PF_0024654|7527|2024-09-15,9,7527,2024-09-15,2025-06-10,150,0,6,1,7
2025-02-24,train,PF_0024655_01,PF_0024655|7533|2024-09-15,1,7533,2024-09-15,2025-06-30,152,0,2,0,2
2025-02-24,train,PF_0024655_01,PF_0024655|7533|2024-09-15,2,7533,2024-09-15,2025-06-30,152,0,3,0,3
2025-02-24,train,PF_0024655_01,PF_0024655|7533|2024-09-15,3,7533,2024-09-15,2025-06-30,152,0,4,0,4
2025-02-24,train,PF_0024655_01,PF_0024655|7533|2024-09-15,4,7533,2024-09-15,2025-06-30,152,0,5,0,5
2025-02-24,train,PF_0024655_01,PF_0024655|7533|2024-09-15,5,7533,2024-09-15,2025-06-30,152,0,4,0,4
2025-02-24,train,PF_0024655_01,PF_0024655|7533|2024-09-15,6,7533,2024-09-15,2025-06-30,152,0,2,0,2
2025-02-24,train,PF_0024655_01,PF_0024655|7533|2024-09-15,7,7533,2024-09-15,2025-06-30,152,0,2,0,2
2025-02-24,train,PF_0024655_01,PF_0024655|7533|2024-09-15,8,7533,2024-09-15,2025-06-30,152,0,4,0,4
2025-02-24,train,PF_0024655_01,PF_0024655|7533|2024-09-15,9,7533,2024-09-15,2025-06-30,152,0,2,0,2
2025-02-24,train,PF_0025106_01,PF_0025106|7518|2024-09-17,1,7518,2024-09-17,2025-06-30,200,0,0,5,5
2025-02-24,train,PF_0025106_01,PF_0025106|7518|2024-09-17,2,7518,2024-09-17,2025-06-30,200,0,0,5,5
2025-02-24,train,PF_0025106_01,PF_0025106|7518|2024-09-17,3,7518,2024-09-17,2025-06-30,200,0,0,5,5
2025-02-24,train,PF_0025106_01,PF_0025106|7518|2024-09-17,4,7518,2024-09-17,2025-06-30,200,0,1,0,1
2025-02-24,train,PF_0025106_01,PF_0025106|7518|2024-09-17,5,7518,2024-09-17,2025-06-30,200,0,2,1,3
2025-02-24,train,PF_0025106_01,PF_0025106|7518|2024-09-17,6,7518,2024-09-17,2025-06-30,200,0,0,0,0
2025-02-24,train,PF_0025106_01,PF_0025106|7518|2024-09-17,7,7518,2024-09-17,2025-06-30,200,0,1,0,1
2025-02-24,train,PF_0025106_01,PF_0025106|7518|2024-09-17,8,7518,2024-09-17,2025-06-30,200,0,1,0,1
2025-02-24,train,PF_0025106_01,PF_0025106|7518|2024-09-17,9,7518,2024-09-17,2025-06-30,200,0,0,2,2
2025-02-25,train,PF_0021351_01,PF_0021351|7540|2024-09-07,1,7540,2024-09-07,2025-05-25,104,0,5,6,11
2025-02-25,train,PF_0021351_01,PF_0021351|7540|2024-09-07,3,7540,2024-09-07,2025-05-25,104,0,3,3,6
2025-02-25,train,PF_0021351_01,PF_0021351|7540|2024-09-07,4,7540,2024-09-07,2025-05-25,104,0,2,2,4
2025-02-25,train,PF_0021351_01,PF_0021351|7540|2024-09-07,5,7540,2024-09-07,2025-05-25,104,6,0,5,11
2025-02-25,train,PF_0021351_01,PF_0021351|7540|2024-09-07,6,7540,2024-09-07,2025-05-25,104,0,0,4,4
2025-02-25,train,PF_0021351_01,PF_0021351|7540|2024-09-07,7,7540,2024-09-07,2025-05-25,104,0,0,2,2
2025-02-25,train,PF_0021351_01,PF_0021351|7540|2024-09-07,8,7540,2024-09-07,2025-05-25,104,0,0,2,2
2025-02-25,train,PF_0021351_01,PF_0021351|7540|2024-09-07,9,7540,2024-09-07,2025-05-25,104,0,0,4,4
2025-02-25,train,PF_0022105_01,PF_0022105|7566|2024-09-01,1,7566,2024-09-01,2025-05-31,115,3,5,4,12
2025-02-25,train,PF_0022105_01,PF_0022105|7566|2024-09-01,2,7566,2024-09-01,2025-05-31,115,4,5,5,14
2025-02-25,train,PF_0022105_01,PF_0022105|7566|2024-09-01,4,7566,2024-09-01,2025-05-31,115,6,3,1,10
2025-02-25,train,PF_0022105_01,PF_0022105|7566|2024-09-01,6,7566,2024-09-01,2025-05-31,115,1,6,3,10
2025-02-25,train,PF_0022105_01,PF_0022105|7566|2024-09-01,7,7566,2024-09-01,2025-05-31,115,7,6,5,18
2025-02-25,train,PF_0022105_01,PF_0022105|7566|2024-09-01,8,7566,2024-09-01,2025-05-31,115,4,0,7,11
2025-02-25,train,PF_0022105_01,PF_0022105|7566|2024-09-01,9,7566,2024-09-01,2025-05-31,115,3,3,3,9
2025-02-25,test,PF_0023621_01,PF_0023621|7565|2024-09-15,2,7565,2024-09-15,2025-05-03,122,0,0,4,4
2025-02-25,test,PF_0023621_01,PF_0023621|7565|2024-09-15,3,7565,2024-09-15,2025-05-03,122,0,2,3,5
2025-02-25,test,PF_0023621_01,PF_0023621|7565|2024-09-15,5,7565,2024-09-15,2025-05-03,122,0,11,3,14
2025-02-25,test,PF_0023621_01,PF_0023621|7565|2024-09-15,6,7565,2024-09-15,2025-05-03,122,0,0,2,2
2025-02-25,test,PF_0023621_01,PF_0023621|7565|2024-09-15,7,7565,2024-09-15,2025-05-03,122,0,1,0,1
2025-02-25,test,PF_0023621_01,PF_0023621|7565|2024-09-15,9,7565,2024-09-15,2025-05-03,122,3,0,0,3
2025-02-25,test,PF_0024700_01,PF_0024700|7546|2024-09-10,1,7546,2024-09-10,2025-05-31,181,0,3,6,9
2025-02-25,test,PF_0024700_01,PF_0024700|7546|2024-09-10,2,7546,2024-09-10,2025-05-31,181,0,0,5,5
2025-02-25,test,PF_0024700_01,PF_0024700|7546|2024-09-10,3,7546,2024-09-10,2025-05-31,181,0,0,6,6
2025-02-25,test,PF_0024700_01,PF_0024700|7546|2024-09-10,4,7546,2024-09-10,2025-05-31,181,0,0,9,9
2025-02-25,test,PF_0024700_01,PF_0024700|7546|2024-09-10,5,7546,2024-09-10,2025-05-31,181,0,27,14,41
2025-02-25,test,PF_0024700_01,PF_0024700|7546|2024-09-10,6,7546,2024-09-10,2025-05-31,181,0,9,11,20
2025-02-25,test,PF_0024700_01,PF_0024700|7546|2024-09-10,7,7546,2024-09-10,2025-05-31,181,0,0,15,15
2025-02-25,test,PF_0024700_01,PF_0024700|7546|2024-09-10,8,7546,2024-09-10,2025-05-31,181,0,3,2,5
2025-02-25,test,PF_0024700_01,PF_0024700|7546|2024-09-10,9,7546,2024-09-10,2025-05-31,181,0,0,3,3
2025-02-25,train,PF_0025103_01,PF_0025103|7521|2024-09-15,1,7521,2024-09-15,2025-06-10,196,0,3,6,9
2025-02-25,train,PF_0025103_01,PF_0025103|7521|2024-09-15,2,7521,2024-09-15,2025-06-10,196,0,3,5,8
2025-02-25,train,PF_0025103_01,PF_0025103|7521|2024-09-15,3,7521,2024-09-15,2025-06-10,196,0,2,2,4
2025-02-25,train,PF_0025103_01,PF_0025103|7521|2024-09-15,4,7521,2024-09-15,2025-06-10,196,0,6,4,10
2025-02-25,train,PF_0025103_01,PF_0025103|7521|2024-09-15,5,7521,2024-09-15,2025-06-10,196,0,6,0,6
2025-02-25,train,PF_0025103_01,PF_0025103|7521|2024-09-15,6,7521,2024-09-15,2025-06-10,196,0,3,3,6
2025-02-25,train,PF_0025103_01,PF_0025103|7521|2024-09-15,7,7521,2024-09-15,2025-06-10,196,0,2,1,3
2025-02-25,train,PF_0025103_01,PF_0025103|7521|2024-09-15,8,7521,2024-09-15,2025-06-10,196,0,1,1,2
2025-02-25,train,PF_0025103_01,PF_0025103|7521|2024-09-15,9,7521,2024-09-15,2025-06-10,196,0,4,1,5
2025-02-28,test,PF_0023732_01,PF_0023732|7564|2024-08-31,1,7564,2024-08-31,2025-06-15,126,0,4,0,4
2025-02-28,test,PF_0023732_01,PF_0023732|7564|2024-08-31,2,7564,2024-08-31,2025-06-15,126,0,3,5,8
2025-02-28,test,PF_0023732_01,PF_0023732|7564|2024-08-31,3,7564,2024-08-31,2025-06-15,126,0,0,0,0
2025-02-28,test,PF_0023732_01,PF_0023732|7564|2024-08-31,4,7564,2024-08-31,2025-06-15,126,0,4,3,7
2025-02-28,test,PF_0023732_01,PF_0023732|7564|2024-08-31,5,7564,2024-08-31,2025-06-15,126,0,3,3,6
2025-02-28,test,PF_0023732_01,PF_0023732|7564|2024-08-31,6,7564,2024-08-31,2025-06-15,126,0,0,0,0
2025-02-28,test,PF_0023732_01,PF_0023732|7564|2024-08-31,7,7564,2024-08-31,2025-06-15,126,0,0,3,3
2025-02-28,test,PF_0023732_01,PF_0023732|7564|2024-08-31,8,7564,2024-08-31,2025-06-15,126,0,0,0,0
2025-02-28,test,PF_0023732_01,PF_0023732|7564|2024-08-31,9,7564,2024-08-31,2025-06-15,126,0,3,3,6
2025-02-28,train,PF_0023743_01,PF_0023743|7559|2024-09-10,1,7559,2024-09-10,2025-05-31,129,0,0,6,6
2025-02-28,train,PF_0023743_01,PF_0023743|7559|2024-09-10,2,7559,2024-09-10,2025-05-31,129,0,0,3,3
2025-02-28,train,PF_0023743_01,PF_0023743|7559|2024-09-10,3,7559,2024-09-10,2025-05-31,129,0,0,5,5
2025-02-28,train,PF_0023743_01,PF_0023743|7559|2024-09-10,4,7559,2024-09-10,2025-05-31,129,0,0,7,7
2025-02-28,train,PF_0023743_01,PF_0023743|7559|2024-09-10,5,7559,2024-09-10,2025-05-31,129,0,0,5,5
2025-02-28,train,PF_0023743_01,PF_0023743|7559|2024-09-10,6,7559,2024-09-10,2025-05-31,129,0,2,4,6
2025-02-28,train,PF_0023743_01,PF_0023743|7559|2024-09-10,7,7559,2024-09-10,2025-05-31,129,4,2,6,12
2025-02-28,train,PF_0023743_01,PF_0023743|7559|2024-09-10,8,7559,2024-09-10,2025-05-31,129,0,0,2,2
2025-02-28,train,PF_0023743_01,PF_0023743|7559|2024-09-10,9,7559,2024-09-10,2025-05-31,129,0,0,0,0
2025-02-28,validation,PF_0023923_01,PF_0023923|7562|2024-08-31,1,7562,2024-08-31,2025-06-15,132,0,3,0,3
2025-02-28,validation,PF_0023923_01,PF_0023923|7562|2024-08-31,4,7562,2024-08-31,2025-06-15,132,0,0,1,1
2025-02-28,validation,PF_0023923_01,PF_0023923|7562|2024-08-31,5,7562,2024-08-31,2025-06-15,132,0,5,0,5
2025-02-28,validation,PF_0023923_01,PF_0023923|7562|2024-08-31,6,7562,2024-08-31,2025-06-15,132,0,4,0,4
2025-02-28,validation,PF_0023923_01,PF_0023923|7562|2024-08-31,8,7562,2024-08-31,2025-06-15,132,0,0,5,5
2025-02-28,validation,PF_0023923_01,PF_0023923|7562|2024-08-31,9,7562,2024-08-31,2025-06-15,132,0,3,0,3
2025-02-28,train,PF_0024357_01,PF_0024357|7560|2024-09-09,1,7560,2024-09-09,2025-05-31,139,0,0,0,0
2025-02-28,train,PF_0024357_01,PF_0024357|7560|2024-09-09,2,7560,2024-09-09,2025-05-31,139,0,6,2,8
2025-02-28,train,PF_0024357_01,PF_0024357|7560|2024-09-09,3,7560,2024-09-09,2025-05-31,139,0,2,4,6
2025-02-28,train,PF_0024357_01,PF_0024357|7560|2024-09-09,4,7560,2024-09-09,2025-05-31,139,0,0,4,4
2025-02-28,train,PF_0024357_01,PF_0024357|7560|2024-09-09,5,7560,2024-09-09,2025-05-31,139,3,0,4,7
2025-02-28,train,PF_0024357_01,PF_0024357|7560|2024-09-09,6,7560,2024-09-09,2025-05-31,139,0,0,5,5
2025-02-28,train,PF_0024357_01,PF_0024357|7560|2024-09-09,7,7560,2024-09-09,2025-05-31,139,0,0,5,5
2025-02-28,train,PF_0024357_01,PF_0024357|7560|2024-09-09,8,7560,2024-09-09,2025-05-31,139,0,4,0,4
2025-02-28,train,PF_0024357_01,PF_0024357|7560|2024-09-09,9,7560,2024-09-09,2025-05-31,139,0,7,4,11
2025-02-28,validation,PF_0024365_01,PF_0024365|7561|2024-09-10,1,7561,2024-09-10,2025-05-20,142,0,0,0,0
2025-02-28,validation,PF_0024365_01,PF_0024365|7561|2024-09-10,2,7561,2024-09-10,2025-05-20,142,0,0,0,0
2025-02-28,validation,PF_0024365_01,PF_0024365|7561|2024-09-10,3,7561,2024-09-10,2025-05-20,142,0,0,0,0
2025-02-28,validation,PF_0024365_01,PF_0024365|7561|2024-09-10,4,7561,2024-09-10,2025-05-20,142,0,0,0,0
2025-02-28,validation,PF_0024365_01,PF_0024365|7561|2024-09-10,5,7561,2024-09-10,2025-05-20,142,0,0,8,8
2025-02-28,validation,PF_0024365_01,PF_0024365|7561|2024-09-10,6,7561,2024-09-10,2025-05-20,142,0,0,0,0
2025-02-28,validation,PF_0024365_01,PF_0024365|7561|2024-09-10,8,7561,2024-09-10,2025-05-20,142,0,0,0,0
2025-02-28,validation,PF_0024365_01,PF_0024365|7561|2024-09-10,9,7561,2024-09-10,2025-05-20,142,0,0,0,0
2025-02-28,train,PF_0024688_01,PF_0024688|7558|2024-09-01,1,7558,2024-09-01,2025-06-30,160,0,0,0,0
2025-02-28,train,PF_0024688_01,PF_0024688|7558|2024-09-01,2,7558,2024-09-01,2025-06-30,160,0,0,0,0
2025-02-28,train,PF_0024688_01,PF_0024688|7558|2024-09-01,3,7558,2024-09-01,2025-06-30,160,0,0,0,0
2025-02-28,train,PF_0024688_01,PF_0024688|7558|2024-09-01,4,7558,2024-09-01,2025-06-30,160,0,0,9,9
2025-02-28,train,PF_0024688_01,PF_0024688|7558|2024-09-01,5,7558,2024-09-01,2025-06-30,160,0,0,0,0
2025-02-28,train,PF_0024688_01,PF_0024688|7558|2024-09-01,6,7558,2024-09-01,2025-06-30,160,0,0,2,2
2025-02-28,train,PF_0024688_01,PF_0024688|7558|2024-09-01,7,7558,2024-09-01,2025-06-30,160,0,0,0,0
2025-02-28,train,PF_0024688_01,PF_0024688|7558|2024-09-01,8,7558,2024-09-01,2025-06-30,160,0,0,0,0
2025-02-28,train,PF_0024688_01,PF_0024688|7558|2024-09-01,9,7558,2024-09-01,2025-06-30,160,0,0,0,0
2025-03-03,train,PF_0000574_01,PF_0000574|7579|2024-09-01,1,7579,2024-09-01,2025-06-30,13,0,6,6,12
2025-03-03,train,PF_0000574_01,PF_0000574|7579|2024-09-01,2,7579,2024-09-01,2025-06-30,13,0,3,3,6
2025-03-03,train,PF_0000574_01,PF_0000574|7579|2024-09-01,3,7579,2024-09-01,2025-06-30,13,0,3,1,4
2025-03-03,train,PF_0000574_01,PF_0000574|7579|2024-09-01,4,7579,2024-09-01,2025-06-30,13,0,0,3,3
2025-03-03,train,PF_0000574_01,PF_0000574|7579|2024-09-01,5,7579,2024-09-01,2025-06-30,13,0,2,3,5
2025-03-03,train,PF_0000574_01,PF_0000574|7579|2024-09-01,6,7579,2024-09-01,2025-06-30,13,0,4,3,7
2025-03-03,train,PF_0000574_01,PF_0000574|7579|2024-09-01,7,7579,2024-09-01,2025-06-30,13,0,5,3,8
2025-03-03,train,PF_0000574_01,PF_0000574|7579|2024-09-01,8,7579,2024-09-01,2025-06-30,13,0,3,2,5
2025-03-03,train,PF_0000574_01,PF_0000574|7579|2024-09-01,9,7579,2024-09-01,2025-06-30,13,0,3,3,6
2025-03-03,validation,PF_0000778_01,PF_0000778|7578|2024-09-15,1,7578,2024-09-15,2025-06-30,20,0,5,1,6
2025-03-03,validation,PF_0000778_01,PF_0000778|7578|2024-09-15,2,7578,2024-09-15,2025-06-30,20,0,1,1,2
2025-03-03,validation,PF_0000778_01,PF_0000778|7578|2024-09-15,3,7578,2024-09-15,2025-06-30,20,0,6,0,6
2025-03-03,validation,PF_0000778_01,PF_0000778|7578|2024-09-15,4,7578,2024-09-15,2025-06-30,20,0,0,2,2
2025-03-03,validation,PF_0000778_01,PF_0000778|7578|2024-09-15,5,7578,2024-09-15,2025-06-30,20,0,11,3,14
2025-03-03,validation,PF_0000778_01,PF_0000778|7578|2024-09-15,6,7578,2024-09-15,2025-06-30,20,0,0,6,6
2025-03-03,validation,PF_0000778_01,PF_0000778|7578|2024-09-15,7,7578,2024-09-15,2025-06-30,20,0,7,0,7
2025-03-03,validation,PF_0000778_01,PF_0000778|7578|2024-09-15,8,7578,2024-09-15,2025-06-30,20,0,3,3,6
2025-03-03,validation,PF_0000778_01,PF_0000778|7578|2024-09-15,9,7578,2024-09-15,2025-06-30,20,0,2,0,2
2025-03-03,train,PF_0024651_01,PF_0024651|7538|2024-09-15,1,7538,2024-09-15,2025-06-10,148,0,3,1,4
2025-03-03,train,PF_0024651_01,PF_0024651|7538|2024-09-15,2,7538,2024-09-15,2025-06-10,148,0,2,0,2
2025-03-03,train,PF_0024651_01,PF_0024651|7538|2024-09-15,3,7538,2024-09-15,2025-06-10,148,0,2,0,2
2025-03-03,train,PF_0024651_01,PF_0024651|7538|2024-09-15,4,7538,2024-09-15,2025-06-10,148,0,3,0,3
2025-03-03,train,PF_0024651_01,PF_0024651|7538|2024-09-15,5,7538,2024-09-15,2025-06-10,148,0,5,2,7
2025-03-03,train,PF_0024651_01,PF_0024651|7538|2024-09-15,6,7538,2024-09-15,2025-06-10,148,0,2,0,2
2025-03-03,train,PF_0024651_01,PF_0024651|7538|2024-09-15,7,7538,2024-09-15,2025-06-10,148,0,2,3,5
2025-03-03,train,PF_0024651_01,PF_0024651|7538|2024-09-15,8,7538,2024-09-15,2025-06-10,148,0,0,2,2
2025-03-03,train,PF_0024651_01,PF_0024651|7538|2024-09-15,9,7538,2024-09-15,2025-06-10,148,0,1,0,1
2025-03-03,train,PF_0024654_01,PF_0024654|7527|2024-09-15,1,7527,2024-09-15,2025-06-10,150,0,7,0,7
2025-03-03,train,PF_0024654_01,PF_0024654|7527|2024-09-15,2,7527,2024-09-15,2025-06-10,150,0,2,6,8
2025-03-03,train,PF_0024654_01,PF_0024654|7527|2024-09-15,3,7527,2024-09-15,2025-06-10,150,0,6,3,9
2025-03-03,train,PF_0024654_01,PF_0024654|7527|2024-09-15,4,7527,2024-09-15,2025-06-10,150,0,8,2,10
2025-03-03,train,PF_0024654_01,PF_0024654|7527|2024-09-15,5,7527,2024-09-15,2025-06-10,150,0,5,2,7
2025-03-03,train,PF_0024654_01,PF_0024654|7527|2024-09-15,6,7527,2024-09-15,2025-06-10,150,0,6,1,7
2025-03-03,train,PF_0024654_01,PF_0024654|7527|2024-09-15,7,7527,2024-09-15,2025-06-10,150,0,4,0,4
2025-03-03,train,PF_0024654_01,PF_0024654|7527|2024-09-15,8,7527,2024-09-15,2025-06-10,150,0,2,1,3
2025-03-03,train,PF_0024654_01,PF_0024654|7527|2024-09-15,9,7527,2024-09-15,2025-06-10,150,0,5,3,8
2025-03-03,train,PF_0024655_01,PF_0024655|7533|2024-09-15,1,7533,2024-09-15,2025-06-30,152,0,2,0,2
2025-03-03,train,PF_0024655_01,PF_0024655|7533|2024-09-15,2,7533,2024-09-15,2025-06-30,152,0,3,1,4
2025-03-03,train,PF_0024655_01,PF_0024655|7533|2024-09-15,3,7533,2024-09-15,2025-06-30,152,0,2,2,4
2025-03-03,train,PF_0024655_01,PF_0024655|7533|2024-09-15,4,7533,2024-09-15,2025-06-30,152,0,5,0,5
2025-03-03,train,PF_0024655_01,PF_0024655|7533|2024-09-15,5,7533,2024-09-15,2025-06-30,152,0,5,0,5
2025-03-03,train,PF_0024655_01,PF_0024655|7533|2024-09-15,6,7533,2024-09-15,2025-06-30,152,0,2,0,2
2025-03-03,train,PF_0024655_01,PF_0024655|7533|2024-09-15,7,7533,2024-09-15,2025-06-30,152,0,2,2,4
2025-03-03,train,PF_0024655_01,PF_0024655|7533|2024-09-15,8,7533,2024-09-15,2025-06-30,152,0,5,0,5
2025-03-03,train,PF_0024655_01,PF_0024655|7533|2024-09-15,9,7533,2024-09-15,2025-06-30,152,0,5,0,5
2025-03-03,train,PF_0025106_01,PF_0025106|7518|2024-09-17,1,7518,2024-09-17,2025-06-30,200,0,0,6,6
2025-03-03,train,PF_0025106_01,PF_0025106|7518|2024-09-17,2,7518,2024-09-17,2025-06-30,200,0,0,4,4
2025-03-03,train,PF_0025106_01,PF_0025106|7518|2024-09-17,3,7518,2024-09-17,2025-06-30,200,0,0,6,6
2025-03-03,train,PF_0025106_01,PF_0025106|7518|2024-09-17,4,7518,2024-09-17,2025-06-30,200,0,0,5,5
2025-03-03,train,PF_0025106_01,PF_0025106|7518|2024-09-17,5,7518,2024-09-17,2025-06-30,200,0,0,3,3
2025-03-03,train,PF_0025106_01,PF_0025106|7518|2024-09-17,6,7518,2024-09-17,2025-06-30,200,0,0,1,1
2025-03-03,train,PF_0025106_01,PF_0025106|7518|2024-09-17,7,7518,2024-09-17,2025-06-30,200,0,0,1,1
2025-03-03,train,PF_0025106_01,PF_0025106|7518|2024-09-17,8,7518,2024-09-17,2025-06-30,200,0,0,4,4
2025-03-03,train,PF_0025106_01,PF_0025106|7518|2024-09-17,9,7518,2024-09-17,2025-06-30,200,0,0,4,4
2025-03-04,train,PF_0025103_01,PF_0025103|7521|2024-09-15,1,7521,2024-09-15,2025-06-10,196,0,2,3,5
2025-03-04,train,PF_0025103_01,PF_0025103|7521|2024-09-15,2,7521,2024-09-15,2025-06-10,196,0,1,5,6
2025-03-04,train,PF_0025103_01,PF_0025103|7521|2024-09-15,3,7521,2024-09-15,2025-06-10,196,0,0,3,3
2025-03-04,train,PF_0025103_01,PF_0025103|7521|2024-09-15,4,7521,2024-09-15,2025-06-10,196,0,2,4,6
2025-03-04,train,PF_0025103_01,PF_0025103|7521|2024-09-15,5,7521,2024-09-15,2025-06-10,196,0,8,1,9
2025-03-04,train,PF_0025103_01,PF_0025103|7521|2024-09-15,6,7521,2024-09-15,2025-06-10,196,0,1,3,4
2025-03-04,train,PF_0025103_01,PF_0025103|7521|2024-09-15,7,7521,2024-09-15,2025-06-10,196,0,0,3,3
2025-03-04,train,PF_0025103_01,PF_0025103|7521|2024-09-15,8,7521,2024-09-15,2025-06-10,196,0,0,2,2
2025-03-04,train,PF_0025103_01,PF_0025103|7521|2024-09-15,9,7521,2024-09-15,2025-06-10,196,0,2,3,5
2025-03-05,train,PF_0002037_01,PF_0002037|7532|2024-09-20,1,7532,2024-09-20,2025-05-31,41,0,0,0,0
2025-03-05,train,PF_0002037_01,PF_0002037|7532|2024-09-20,2,7532,2024-09-20,2025-05-31,41,0,0,0,0
2025-03-05,train,PF_0002037_01,PF_0002037|7532|2024-09-20,3,7532,2024-09-20,2025-05-31,41,0,0,0,0
2025-03-05,train,PF_0002037_01,PF_0002037|7532|2024-09-20,4,7532,2024-09-20,2025-05-31,41,0,0,0,0
2025-03-05,train,PF_0002037_01,PF_0002037|7532|2024-09-20,5,7532,2024-09-20,2025-05-31,41,0,0,0,0
2025-03-05,train,PF_0002037_01,PF_0002037|7532|2024-09-20,6,7532,2024-09-20,2025-05-31,41,0,0,0,0
2025-03-05,train,PF_0002037_01,PF_0002037|7532|2024-09-20,7,7532,2024-09-20,2025-05-31,41,0,0,0,0
2025-03-05,train,PF_0002037_01,PF_0002037|7532|2024-09-20,8,7532,2024-09-20,2025-05-31,41,0,0,0,0
2025-03-05,train,PF_0002037_01,PF_0002037|7532|2024-09-20,9,7532,2024-09-20,2025-05-31,41,0,0,0,0
2025-03-05,train,PF_0021351_01,PF_0021351|7540|2024-09-07,1,7540,2024-09-07,2025-05-25,104,0,5,6,11
2025-03-05,train,PF_0021351_01,PF_0021351|7540|2024-09-07,3,7540,2024-09-07,2025-05-25,104,0,0,8,8
2025-03-05,train,PF_0021351_01,PF_0021351|7540|2024-09-07,4,7540,2024-09-07,2025-05-25,104,0,0,10,10
2025-03-05,train,PF_0021351_01,PF_0021351|7540|2024-09-07,5,7540,2024-09-07,2025-05-25,104,0,0,2,2
2025-03-05,train,PF_0021351_01,PF_0021351|7540|2024-09-07,6,7540,2024-09-07,2025-05-25,104,0,0,0,0
2025-03-05,train,PF_0021351_01,PF_0021351|7540|2024-09-07,7,7540,2024-09-07,2025-05-25,104,0,0,1,1
2025-03-05,train,PF_0021351_01,PF_0021351|7540|2024-09-07,8,7540,2024-09-07,2025-05-25,104,0,0,0,0
2025-03-05,train,PF_0021351_01,PF_0021351|7540|2024-09-07,9,7540,2024-09-07,2025-05-25,104,0,0,4,4
2025-03-05,train,PF_0022105_01,PF_0022105|7566|2024-09-01,1,7566,2024-09-01,2025-05-31,115,6,5,1,12
2025-03-05,train,PF_0022105_01,PF_0022105|7566|2024-09-01,2,7566,2024-09-01,2025-05-31,115,0,5,9,14
2025-03-05,train,PF_0022105_01,PF_0022105|7566|2024-09-01,4,7566,2024-09-01,2025-05-31,115,0,3,7,10
2025-03-05,train,PF_0022105_01,PF_0022105|7566|2024-09-01,6,7566,2024-09-01,2025-05-31,115,5,3,5,13
2025-03-05,train,PF_0022105_01,PF_0022105|7566|2024-09-01,7,7566,2024-09-01,2025-05-31,115,7,2,1,10
2025-03-05,train,PF_0022105_01,PF_0022105|7566|2024-09-01,8,7566,2024-09-01,2025-05-31,115,1,0,7,8
2025-03-05,train,PF_0022105_01,PF_0022105|7566|2024-09-01,9,7566,2024-09-01,2025-05-31,115,6,5,2,13
2025-03-05,test,PF_0023621_01,PF_0023621|7565|2024-09-15,2,7565,2024-09-15,2025-05-03,122,0,0,0,0
2025-03-05,test,PF_0023621_01,PF_0023621|7565|2024-09-15,3,7565,2024-09-15,2025-05-03,122,0,2,2,4
2025-03-05,test,PF_0023621_01,PF_0023621|7565|2024-09-15,5,7565,2024-09-15,2025-05-03,122,0,1,1,2
2025-03-05,test,PF_0023621_01,PF_0023621|7565|2024-09-15,6,7565,2024-09-15,2025-05-03,122,0,0,2,2
2025-03-05,test,PF_0023621_01,PF_0023621|7565|2024-09-15,7,7565,2024-09-15,2025-05-03,122,0,1,0,1
2025-03-05,test,PF_0023621_01,PF_0023621|7565|2024-09-15,9,7565,2024-09-15,2025-05-03,122,3,0,0,3
2025-03-05,test,PF_0024700_01,PF_0024700|7546|2024-09-10,1,7546,2024-09-10,2025-05-31,181,0,2,6,8
2025-03-05,test,PF_0024700_01,PF_0024700|7546|2024-09-10,2,7546,2024-09-10,2025-05-31,181,0,0,3,3
2025-03-05,test,PF_0024700_01,PF_0024700|7546|2024-09-10,3,7546,2024-09-10,2025-05-31,181,0,0,5,5
2025-03-05,test,PF_0024700_01,PF_0024700|7546|2024-09-10,4,7546,2024-09-10,2025-05-31,181,0,0,3,3
2025-03-05,test,PF_0024700_01,PF_0024700|7546|2024-09-10,5,7546,2024-09-10,2025-05-31,181,0,6,14,20
2025-03-05,test,PF_0024700_01,PF_0024700|7546|2024-09-10,6,7546,2024-09-10,2025-05-31,181,0,3,8,11
2025-03-05,test,PF_0024700_01,PF_0024700|7546|2024-09-10,7,7546,2024-09-10,2025-05-31,181,0,0,3,3
2025-03-05,test,PF_0024700_01,PF_0024700|7546|2024-09-10,8,7546,2024-09-10,2025-05-31,181,0,3,2,5
2025-03-05,test,PF_0024700_01,PF_0024700|7546|2024-09-10,9,7546,2024-09-10,2025-05-31,181,0,0,3,3
2025-03-06,test,PF_0023732_01,PF_0023732|7564|2024-08-31,1,7564,2024-08-31,2025-06-15,126,0,2,0,2
2025-03-06,test,PF_0023732_01,PF_0023732|7564|2024-08-31,2,7564,2024-08-31,2025-06-15,126,0,0,7,7
2025-03-06,test,PF_0023732_01,PF_0023732|7564|2024-08-31,3,7564,2024-08-31,2025-06-15,126,0,0,0,0
2025-03-06,test,PF_0023732_01,PF_0023732|7564|2024-08-31,4,7564,2024-08-31,2025-06-15,126,0,0,7,7
2025-03-06,test,PF_0023732_01,PF_0023732|7564|2024-08-31,5,7564,2024-08-31,2025-06-15,126,0,3,2,5
2025-03-06,test,PF_0023732_01,PF_0023732|7564|2024-08-31,6,7564,2024-08-31,2025-06-15,126,0,0,0,0
2025-03-06,test,PF_0023732_01,PF_0023732|7564|2024-08-31,7,7564,2024-08-31,2025-06-15,126,0,0,2,2
2025-03-06,test,PF_0023732_01,PF_0023732|7564|2024-08-31,8,7564,2024-08-31,2025-06-15,126,0,0,0,0
2025-03-06,test,PF_0023732_01,PF_0023732|7564|2024-08-31,9,7564,2024-08-31,2025-06-15,126,0,3,4,7
2025-03-06,validation,PF_0023923_01,PF_0023923|7562|2024-08-31,1,7562,2024-08-31,2025-06-15,132,0,0,11,11
2025-03-06,validation,PF_0023923_01,PF_0023923|7562|2024-08-31,4,7562,2024-08-31,2025-06-15,132,0,0,0,0
2025-03-06,validation,PF_0023923_01,PF_0023923|7562|2024-08-31,5,7562,2024-08-31,2025-06-15,132,0,0,3,3
2025-03-06,validation,PF_0023923_01,PF_0023923|7562|2024-08-31,6,7562,2024-08-31,2025-06-15,132,0,0,7,7
2025-03-06,validation,PF_0023923_01,PF_0023923|7562|2024-08-31,8,7562,2024-08-31,2025-06-15,132,0,0,5,5
2025-03-06,validation,PF_0023923_01,PF_0023923|7562|2024-08-31,9,7562,2024-08-31,2025-06-15,132,0,6,0,6
2025-03-06,train,PF_0024357_01,PF_0024357|7560|2024-09-09,1,7560,2024-09-09,2025-05-31,139,0,0,0,0
2025-03-06,train,PF_0024357_01,PF_0024357|7560|2024-09-09,2,7560,2024-09-09,2025-05-31,139,0,4,5,9
2025-03-06,train,PF_0024357_01,PF_0024357|7560|2024-09-09,3,7560,2024-09-09,2025-05-31,139,0,0,4,4
2025-03-06,train,PF_0024357_01,PF_0024357|7560|2024-09-09,4,7560,2024-09-09,2025-05-31,139,0,0,2,2
2025-03-06,train,PF_0024357_01,PF_0024357|7560|2024-09-09,5,7560,2024-09-09,2025-05-31,139,0,0,4,4
2025-03-06,train,PF_0024357_01,PF_0024357|7560|2024-09-09,6,7560,2024-09-09,2025-05-31,139,0,0,5,5
2025-03-06,train,PF_0024357_01,PF_0024357|7560|2024-09-09,7,7560,2024-09-09,2025-05-31,139,0,0,5,5
2025-03-06,train,PF_0024357_01,PF_0024357|7560|2024-09-09,8,7560,2024-09-09,2025-05-31,139,0,0,0,0
2025-03-06,train,PF_0024357_01,PF_0024357|7560|2024-09-09,9,7560,2024-09-09,2025-05-31,139,0,0,6,6
2025-03-06,validation,PF_0024365_01,PF_0024365|7561|2024-09-10,1,7561,2024-09-10,2025-05-20,142,0,0,0,0
2025-03-06,validation,PF_0024365_01,PF_0024365|7561|2024-09-10,2,7561,2024-09-10,2025-05-20,142,0,0,0,0
2025-03-06,validation,PF_0024365_01,PF_0024365|7561|2024-09-10,3,7561,2024-09-10,2025-05-20,142,0,0,0,0
2025-03-06,validation,PF_0024365_01,PF_0024365|7561|2024-09-10,4,7561,2024-09-10,2025-05-20,142,0,0,0,0
2025-03-06,validation,PF_0024365_01,PF_0024365|7561|2024-09-10,5,7561,2024-09-10,2025-05-20,142,0,0,0,0
2025-03-06,validation,PF_0024365_01,PF_0024365|7561|2024-09-10,6,7561,2024-09-10,2025-05-20,142,0,0,0,0
2025-03-06,validation,PF_0024365_01,PF_0024365|7561|2024-09-10,8,7561,2024-09-10,2025-05-20,142,0,0,0,0
2025-03-06,validation,PF_0024365_01,PF_0024365|7561|2024-09-10,9,7561,2024-09-10,2025-05-20,142,0,0,0,0
2025-03-08,train,PF_0023743_01,PF_0023743|7559|2024-09-10,1,7559,2024-09-10,2025-05-31,129,0,0,3,3
2025-03-08,train,PF_0023743_01,PF_0023743|7559|2024-09-10,2,7559,2024-09-10,2025-05-31,129,0,0,0,0
2025-03-08,train,PF_0023743_01,PF_0023743|7559|2024-09-10,3,7559,2024-09-10,2025-05-31,129,0,0,0,0
2025-03-08,train,PF_0023743_01,PF_0023743|7559|2024-09-10,4,7559,2024-09-10,2025-05-31,129,0,0,7,7
2025-03-08,train,PF_0023743_01,PF_0023743|7559|2024-09-10,5,7559,2024-09-10,2025-05-31,129,0,0,10,10
2025-03-08,train,PF_0023743_01,PF_0023743|7559|2024-09-10,6,7559,2024-09-10,2025-05-31,129,0,0,5,5
2025-03-08,train,PF_0023743_01,PF_0023743|7559|2024-09-10,7,7559,2024-09-10,2025-05-31,129,0,0,12,12
2025-03-08,train,PF_0023743_01,PF_0023743|7559|2024-09-10,8,7559,2024-09-10,2025-05-31,129,0,0,0,0
2025-03-08,train,PF_0023743_01,PF_0023743|7559|2024-09-10,9,7559,2024-09-10,2025-05-31,129,0,0,0,0
2025-03-08,train,PF_0024688_01,PF_0024688|7558|2024-09-01,1,7558,2024-09-01,2025-06-30,160,30,0,0,30
2025-03-08,train,PF_0024688_01,PF_0024688|7558|2024-09-01,2,7558,2024-09-01,2025-06-30,160,0,0,0,0
2025-03-08,train,PF_0024688_01,PF_0024688|7558|2024-09-01,3,7558,2024-09-01,2025-06-30,160,0,0,0,0
2025-03-08,train,PF_0024688_01,PF_0024688|7558|2024-09-01,4,7558,2024-09-01,2025-06-30,160,0,0,4,4
2025-03-08,train,PF_0024688_01,PF_0024688|7558|2024-09-01,5,7558,2024-09-01,2025-06-30,160,0,0,0,0
2025-03-08,train,PF_0024688_01,PF_0024688|7558|2024-09-01,6,7558,2024-09-01,2025-06-30,160,0,0,0,0
2025-03-08,train,PF_0024688_01,PF_0024688|7558|2024-09-01,7,7558,2024-09-01,2025-06-30,160,0,0,0,0
2025-03-08,train,PF_0024688_01,PF_0024688|7558|2024-09-01,8,7558,2024-09-01,2025-06-30,160,0,0,0,0
2025-03-08,train,PF_0024688_01,PF_0024688|7558|2024-09-01,9,7558,2024-09-01,2025-06-30,160,0,0,0,0
2025-03-10,train,PF_0000574_01,PF_0000574|7579|2024-09-01,1,7579,2024-09-01,2025-06-30,13,0,4,5,9
2025-03-10,train,PF_0000574_01,PF_0000574|7579|2024-09-01,2,7579,2024-09-01,2025-06-30,13,0,2,3,5
2025-03-10,train,PF_0000574_01,PF_0000574|7579|2024-09-01,3,7579,2024-09-01,2025-06-30,13,0,3,3,6
2025-03-10,train,PF_0000574_01,PF_0000574|7579|2024-09-01,4,7579,2024-09-01,2025-06-30,13,0,0,3,3
2025-03-10,train,PF_0000574_01,PF_0000574|7579|2024-09-01,5,7579,2024-09-01,2025-06-30,13,0,2,3,5
2025-03-10,train,PF_0000574_01,PF_0000574|7579|2024-09-01,6,7579,2024-09-01,2025-06-30,13,0,4,5,9
2025-03-10,train,PF_0000574_01,PF_0000574|7579|2024-09-01,7,7579,2024-09-01,2025-06-30,13,0,3,3,6
2025-03-10,train,PF_0000574_01,PF_0000574|7579|2024-09-01,8,7579,2024-09-01,2025-06-30,13,0,3,3,6
2025-03-10,train,PF_0000574_01,PF_0000574|7579|2024-09-01,9,7579,2024-09-01,2025-06-30,13,0,2,3,5
2025-03-10,validation,PF_0000778_01,PF_0000778|7578|2024-09-15,1,7578,2024-09-15,2025-06-30,20,0,5,2,7
2025-03-10,validation,PF_0000778_01,PF_0000778|7578|2024-09-15,2,7578,2024-09-15,2025-06-30,20,0,1,1,2
2025-03-10,validation,PF_0000778_01,PF_0000778|7578|2024-09-15,3,7578,2024-09-15,2025-06-30,20,0,5,1,6
2025-03-10,validation,PF_0000778_01,PF_0000778|7578|2024-09-15,4,7578,2024-09-15,2025-06-30,20,0,0,2,2
2025-03-10,validation,PF_0000778_01,PF_0000778|7578|2024-09-15,5,7578,2024-09-15,2025-06-30,20,0,7,4,11
2025-03-10,validation,PF_0000778_01,PF_0000778|7578|2024-09-15,6,7578,2024-09-15,2025-06-30,20,0,4,0,4
2025-03-10,validation,PF_0000778_01,PF_0000778|7578|2024-09-15,7,7578,2024-09-15,2025-06-30,20,0,3,0,3
2025-03-10,validation,PF_0000778_01,PF_0000778|7578|2024-09-15,8,7578,2024-09-15,2025-06-30,20,0,2,0,2
2025-03-10,validation,PF_0000778_01,PF_0000778|7578|2024-09-15,9,7578,2024-09-15,2025-06-30,20,0,0,0,0
2025-03-10,train,PF_0024651_01,PF_0024651|7538|2024-09-15,1,7538,2024-09-15,2025-06-10,148,0,0,6,6
2025-03-10,train,PF_0024651_01,PF_0024651|7538|2024-09-15,2,7538,2024-09-15,2025-06-10,148,0,0,4,4
2025-03-10,train,PF_0024651_01,PF_0024651|7538|2024-09-15,3,7538,2024-09-15,2025-06-10,148,0,0,0,0
2025-03-10,train,PF_0024651_01,PF_0024651|7538|2024-09-15,4,7538,2024-09-15,2025-06-10,148,0,0,2,2
2025-03-10,train,PF_0024651_01,PF_0024651|7538|2024-09-15,5,7538,2024-09-15,2025-06-10,148,0,0,7,7
2025-03-10,train,PF_0024651_01,PF_0024651|7538|2024-09-15,6,7538,2024-09-15,2025-06-10,148,0,0,2,2
2025-03-10,train,PF_0024651_01,PF_0024651|7538|2024-09-15,7,7538,2024-09-15,2025-06-10,148,0,0,7,7
2025-03-10,train,PF_0024651_01,PF_0024651|7538|2024-09-15,8,7538,2024-09-15,2025-06-10,148,0,0,4,4
2025-03-10,train,PF_0024651_01,PF_0024651|7538|2024-09-15,9,7538,2024-09-15,2025-06-10,148,0,0,3,3
2025-03-10,train,PF_0024654_01,PF_0024654|7527|2024-09-15,1,7527,2024-09-15,2025-06-10,150,0,6,1,7
2025-03-10,train,PF_0024654_01,PF_0024654|7527|2024-09-15,2,7527,2024-09-15,2025-06-10,150,0,0,6,6
2025-03-10,train,PF_0024654_01,PF_0024654|7527|2024-09-15,3,7527,2024-09-15,2025-06-10,150,0,4,3,7
2025-03-10,train,PF_0024654_01,PF_0024654|7527|2024-09-15,4,7527,2024-09-15,2025-06-10,150,0,6,2,8
2025-03-10,train,PF_0024654_01,PF_0024654|7527|2024-09-15,5,7527,2024-09-15,2025-06-10,150,0,4,4,8
2025-03-10,train,PF_0024654_01,PF_0024654|7527|2024-09-15,6,7527,2024-09-15,2025-06-10,150,0,10,0,10
2025-03-10,train,PF_0024654_01,PF_0024654|7527|2024-09-15,7,7527,2024-09-15,2025-06-10,150,0,6,1,7
2025-03-10,train,PF_0024654_01,PF_0024654|7527|2024-09-15,8,7527,2024-09-15,2025-06-10,150,0,0,1,1
2025-03-10,train,PF_0024654_01,PF_0024654|7527|2024-09-15,9,7527,2024-09-15,2025-06-10,150,0,3,3,6
2025-03-10,train,PF_0024655_01,PF_0024655|7533|2024-09-15,1,7533,2024-09-15,2025-06-30,152,0,0,4,4
2025-03-10,train,PF_0024655_01,PF_0024655|7533|2024-09-15,2,7533,2024-09-15,2025-06-30,152,0,0,6,6
2025-03-10,train,PF_0024655_01,PF_0024655|7533|2024-09-15,3,7533,2024-09-15,2025-06-30,152,0,0,3,3
2025-03-10,train,PF_0024655_01,PF_0024655|7533|2024-09-15,4,7533,2024-09-15,2025-06-30,152,0,0,2,2
2025-03-10,train,PF_0024655_01,PF_0024655|7533|2024-09-15,5,7533,2024-09-15,2025-06-30,152,0,0,8,8
2025-03-10,train,PF_0024655_01,PF_0024655|7533|2024-09-15,6,7533,2024-09-15,2025-06-30,152,0,0,2,2
2025-03-10,train,PF_0024655_01,PF_0024655|7533|2024-09-15,7,7533,2024-09-15,2025-06-30,152,0,0,4,4
2025-03-10,train,PF_0024655_01,PF_0024655|7533|2024-09-15,8,7533,2024-09-15,2025-06-30,152,0,0,6,6
2025-03-10,train,PF_0024655_01,PF_0024655|7533|2024-09-15,9,7533,2024-09-15,2025-06-30,152,0,0,1,1
2025-03-10,train,PF_0025106_01,PF_0025106|7518|2024-09-17,1,7518,2024-09-17,2025-06-30,200,0,0,13,13
2025-03-10,train,PF_0025106_01,PF_0025106|7518|2024-09-17,2,7518,2024-09-17,2025-06-30,200,0,0,11,11
2025-03-10,train,PF_0025106_01,PF_0025106|7518|2024-09-17,3,7518,2024-09-17,2025-06-30,200,0,0,15,15
2025-03-10,train,PF_0025106_01,PF_0025106|7518|2024-09-17,4,7518,2024-09-17,2025-06-30,200,0,0,7,7
2025-03-10,train,PF_0025106_01,PF_0025106|7518|2024-09-17,5,7518,2024-09-17,2025-06-30,200,0,0,5,5
2025-03-10,train,PF_0025106_01,PF_0025106|7518|2024-09-17,6,7518,2024-09-17,2025-06-30,200,0,0,3,3
2025-03-10,train,PF_0025106_01,PF_0025106|7518|2024-09-17,7,7518,2024-09-17,2025-06-30,200,0,0,4,4
2025-03-10,train,PF_0025106_01,PF_0025106|7518|2024-09-17,8,7518,2024-09-17,2025-06-30,200,0,0,6,6
2025-03-10,train,PF_0025106_01,PF_0025106|7518|2024-09-17,9,7518,2024-09-17,2025-06-30,200,0,0,0,0
2025-03-11,test,PF_0023621_01,PF_0023621|7565|2024-09-15,2,7565,2024-09-15,2025-05-03,122,0,0,0,0
2025-03-11,test,PF_0023621_01,PF_0023621|7565|2024-09-15,3,7565,2024-09-15,2025-05-03,122,0,0,0,0
2025-03-11,test,PF_0023621_01,PF_0023621|7565|2024-09-15,5,7565,2024-09-15,2025-05-03,122,0,0,0,0
2025-03-11,test,PF_0023621_01,PF_0023621|7565|2024-09-15,6,7565,2024-09-15,2025-05-03,122,0,0,0,0
2025-03-11,test,PF_0023621_01,PF_0023621|7565|2024-09-15,9,7565,2024-09-15,2025-05-03,122,0,0,0,0
2025-03-11,test,PF_0024700_01,PF_0024700|7546|2024-09-10,1,7546,2024-09-10,2025-05-31,181,0,0,6,6
2025-03-11,test,PF_0024700_01,PF_0024700|7546|2024-09-10,2,7546,2024-09-10,2025-05-31,181,0,0,3,3
2025-03-11,test,PF_0024700_01,PF_0024700|7546|2024-09-10,3,7546,2024-09-10,2025-05-31,181,0,0,3,3
2025-03-11,test,PF_0024700_01,PF_0024700|7546|2024-09-10,4,7546,2024-09-10,2025-05-31,181,0,0,1,1
2025-03-11,test,PF_0024700_01,PF_0024700|7546|2024-09-10,5,7546,2024-09-10,2025-05-31,181,0,4,9,13
2025-03-11,test,PF_0024700_01,PF_0024700|7546|2024-09-10,6,7546,2024-09-10,2025-05-31,181,3,10,0,13
2025-03-11,test,PF_0024700_01,PF_0024700|7546|2024-09-10,7,7546,2024-09-10,2025-05-31,181,0,0,0,0
2025-03-11,test,PF_0024700_01,PF_0024700|7546|2024-09-10,8,7546,2024-09-10,2025-05-31,181,0,3,2,5
2025-03-11,test,PF_0024700_01,PF_0024700|7546|2024-09-10,9,7546,2024-09-10,2025-05-31,181,0,0,3,3
2025-03-11,train,PF_0025103_01,PF_0025103|7521|2024-09-15,1,7521,2024-09-15,2025-06-10,196,0,0,3,3
2025-03-11,train,PF_0025103_01,PF_0025103|7521|2024-09-15,2,7521,2024-09-15,2025-06-10,196,0,0,2,2
2025-03-11,train,PF_0025103_01,PF_0025103|7521|2024-09-15,3,7521,2024-09-15,2025-06-10,196,0,0,3,3
2025-03-11,train,PF_0025103_01,PF_0025103|7521|2024-09-15,4,7521,2024-09-15,2025-06-10,196,0,0,3,3
2025-03-11,train,PF_0025103_01,PF_0025103|7521|2024-09-15,5,7521,2024-09-15,2025-06-10,196,0,0,3,3
2025-03-11,train,PF_0025103_01,PF_0025103|7521|2024-09-15,6,7521,2024-09-15,2025-06-10,196,0,0,3,3
2025-03-11,train,PF_0025103_01,PF_0025103|7521|2024-09-15,7,7521,2024-09-15,2025-06-10,196,0,0,2,2
2025-03-11,train,PF_0025103_01,PF_0025103|7521|2024-09-15,8,7521,2024-09-15,2025-06-10,196,0,0,2,2
2025-03-11,train,PF_0025103_01,PF_0025103|7521|2024-09-15,9,7521,2024-09-15,2025-06-10,196,0,0,1,1
2025-03-12,train,PF_0002037_01,PF_0002037|7532|2024-09-20,1,7532,2024-09-20,2025-05-31,41,0,0,0,0
2025-03-12,train,PF_0002037_01,PF_0002037|7532|2024-09-20,2,7532,2024-09-20,2025-05-31,41,0,0,0,0
2025-03-12,train,PF_0002037_01,PF_0002037|7532|2024-09-20,3,7532,2024-09-20,2025-05-31,41,0,0,0,0
2025-03-12,train,PF_0002037_01,PF_0002037|7532|2024-09-20,4,7532,2024-09-20,2025-05-31,41,0,0,0,0
2025-03-12,train,PF_0002037_01,PF_0002037|7532|2024-09-20,5,7532,2024-09-20,2025-05-31,41,0,0,0,0
2025-03-12,train,PF_0002037_01,PF_0002037|7532|2024-09-20,6,7532,2024-09-20,2025-05-31,41,0,0,0,0
2025-03-12,train,PF_0002037_01,PF_0002037|7532|2024-09-20,7,7532,2024-09-20,2025-05-31,41,0,0,0,0
2025-03-12,train,PF_0002037_01,PF_0002037|7532|2024-09-20,8,7532,2024-09-20,2025-05-31,41,0,0,0,0
2025-03-12,train,PF_0002037_01,PF_0002037|7532|2024-09-20,9,7532,2024-09-20,2025-05-31,41,0,0,0,0
2025-03-12,train,PF_0021351_01,PF_0021351|7540|2024-09-07,1,7540,2024-09-07,2025-05-25,104,0,0,3,3
2025-03-12,train,PF_0021351_01,PF_0021351|7540|2024-09-07,3,7540,2024-09-07,2025-05-25,104,0,0,2,2
2025-03-12,train,PF_0021351_01,PF_0021351|7540|2024-09-07,4,7540,2024-09-07,2025-05-25,104,0,0,6,6
2025-03-12,train,PF_0021351_01,PF_0021351|7540|2024-09-07,5,7540,2024-09-07,2025-05-25,104,0,0,4,4
2025-03-12,train,PF_0021351_01,PF_0021351|7540|2024-09-07,6,7540,2024-09-07,2025-05-25,104,0,0,0,0
2025-03-12,train,PF_0021351_01,PF_0021351|7540|2024-09-07,7,7540,2024-09-07,2025-05-25,104,0,0,0,0
2025-03-12,train,PF_0021351_01,PF_0021351|7540|2024-09-07,8,7540,2024-09-07,2025-05-25,104,0,0,0,0
2025-03-12,train,PF_0021351_01,PF_0021351|7540|2024-09-07,9,7540,2024-09-07,2025-05-25,104,0,0,2,2
2025-03-12,train,PF_0022105_01,PF_0022105|7566|2024-09-01,1,7566,2024-09-01,2025-05-31,115,5,6,6,17
2025-03-12,train,PF_0022105_01,PF_0022105|7566|2024-09-01,2,7566,2024-09-01,2025-05-31,115,0,5,12,17
2025-03-12,train,PF_0022105_01,PF_0022105|7566|2024-09-01,4,7566,2024-09-01,2025-05-31,115,0,4,9,13
2025-03-12,train,PF_0022105_01,PF_0022105|7566|2024-09-01,6,7566,2024-09-01,2025-05-31,115,5,4,8,17
2025-03-12,train,PF_0022105_01,PF_0022105|7566|2024-09-01,7,7566,2024-09-01,2025-05-31,115,5,3,1,9
2025-03-12,train,PF_0022105_01,PF_0022105|7566|2024-09-01,8,7566,2024-09-01,2025-05-31,115,0,0,10,10
2025-03-12,train,PF_0022105_01,PF_0022105|7566|2024-09-01,9,7566,2024-09-01,2025-05-31,115,3,5,1,9
2025-03-14,test,PF_0023732_01,PF_0023732|7564|2024-08-31,1,7564,2024-08-31,2025-06-15,126,0,0,0,0
2025-03-14,test,PF_0023732_01,PF_0023732|7564|2024-08-31,2,7564,2024-08-31,2025-06-15,126,0,0,2,2
2025-03-14,test,PF_0023732_01,PF_0023732|7564|2024-08-31,3,7564,2024-08-31,2025-06-15,126,0,0,0,0
2025-03-14,test,PF_0023732_01,PF_0023732|7564|2024-08-31,4,7564,2024-08-31,2025-06-15,126,0,0,3,3
2025-03-14,test,PF_0023732_01,PF_0023732|7564|2024-08-31,5,7564,2024-08-31,2025-06-15,126,0,0,3,3
2025-03-14,test,PF_0023732_01,PF_0023732|7564|2024-08-31,6,7564,2024-08-31,2025-06-15,126,0,0,0,0
2025-03-14,test,PF_0023732_01,PF_0023732|7564|2024-08-31,7,7564,2024-08-31,2025-06-15,126,0,0,3,3
2025-03-14,test,PF_0023732_01,PF_0023732|7564|2024-08-31,8,7564,2024-08-31,2025-06-15,126,0,0,0,0
2025-03-14,test,PF_0023732_01,PF_0023732|7564|2024-08-31,9,7564,2024-08-31,2025-06-15,126,0,1,2,3
2025-03-14,train,PF_0023743_01,PF_0023743|7559|2024-09-10,1,7559,2024-09-10,2025-05-31,129,0,0,3,3
2025-03-14,train,PF_0023743_01,PF_0023743|7559|2024-09-10,2,7559,2024-09-10,2025-05-31,129,0,0,0,0
2025-03-14,train,PF_0023743_01,PF_0023743|7559|2024-09-10,3,7559,2024-09-10,2025-05-31,129,0,0,0,0
2025-03-14,train,PF_0023743_01,PF_0023743|7559|2024-09-10,4,7559,2024-09-10,2025-05-31,129,0,0,4,4
2025-03-14,train,PF_0023743_01,PF_0023743|7559|2024-09-10,5,7559,2024-09-10,2025-05-31,129,0,0,2,2
2025-03-14,train,PF_0023743_01,PF_0023743|7559|2024-09-10,6,7559,2024-09-10,2025-05-31,129,0,0,3,3
2025-03-14,train,PF_0023743_01,PF_0023743|7559|2024-09-10,7,7559,2024-09-10,2025-05-31,129,0,0,0,0
2025-03-14,train,PF_0023743_01,PF_0023743|7559|2024-09-10,8,7559,2024-09-10,2025-05-31,129,0,0,0,0
2025-03-14,train,PF_0023743_01,PF_0023743|7559|2024-09-10,9,7559,2024-09-10,2025-05-31,129,0,0,0,0
2025-03-14,validation,PF_0023923_01,PF_0023923|7562|2024-08-31,1,7562,2024-08-31,2025-06-15,132,0,0,0,0
2025-03-14,validation,PF_0023923_01,PF_0023923|7562|2024-08-31,4,7562,2024-08-31,2025-06-15,132,0,0,0,0
2025-03-14,validation,PF_0023923_01,PF_0023923|7562|2024-08-31,5,7562,2024-08-31,2025-06-15,132,0,0,3,3
2025-03-14,validation,PF_0023923_01,PF_0023923|7562|2024-08-31,6,7562,2024-08-31,2025-06-15,132,0,0,4,4
2025-03-14,validation,PF_0023923_01,PF_0023923|7562|2024-08-31,8,7562,2024-08-31,2025-06-15,132,0,0,2,2
2025-03-14,validation,PF_0023923_01,PF_0023923|7562|2024-08-31,9,7562,2024-08-31,2025-06-15,132,0,4,4,8
2025-03-14,train,PF_0024357_01,PF_0024357|7560|2024-09-09,1,7560,2024-09-09,2025-05-31,139,0,0,0,0
2025-03-14,train,PF_0024357_01,PF_0024357|7560|2024-09-09,2,7560,2024-09-09,2025-05-31,139,0,0,2,2
2025-03-14,train,PF_0024357_01,PF_0024357|7560|2024-09-09,3,7560,2024-09-09,2025-05-31,139,0,0,3,3
2025-03-14,train,PF_0024357_01,PF_0024357|7560|2024-09-09,4,7560,2024-09-09,2025-05-31,139,0,0,0,0
2025-03-14,train,PF_0024357_01,PF_0024357|7560|2024-09-09,5,7560,2024-09-09,2025-05-31,139,0,0,2,2
2025-03-14,train,PF_0024357_01,PF_0024357|7560|2024-09-09,6,7560,2024-09-09,2025-05-31,139,0,0,2,2
2025-03-14,train,PF_0024357_01,PF_0024357|7560|2024-09-09,7,7560,2024-09-09,2025-05-31,139,0,0,4,4
2025-03-14,train,PF_0024357_01,PF_0024357|7560|2024-09-09,9,7560,2024-09-09,2025-05-31,139,0,0,4,4
2025-03-14,validation,PF_0024365_01,PF_0024365|7561|2024-09-10,1,7561,2024-09-10,2025-05-20,142,0,0,0,0
2025-03-14,validation,PF_0024365_01,PF_0024365|7561|2024-09-10,2,7561,2024-09-10,2025-05-20,142,0,0,0,0
2025-03-14,validation,PF_0024365_01,PF_0024365|7561|2024-09-10,3,7561,2024-09-10,2025-05-20,142,0,0,0,0
2025-03-14,validation,PF_0024365_01,PF_0024365|7561|2024-09-10,4,7561,2024-09-10,2025-05-20,142,0,0,0,0
2025-03-14,validation,PF_0024365_01,PF_0024365|7561|2024-09-10,5,7561,2024-09-10,2025-05-20,142,0,0,0,0
2025-03-14,validation,PF_0024365_01,PF_0024365|7561|2024-09-10,6,7561,2024-09-10,2025-05-20,142,0,0,0,0
2025-03-14,validation,PF_0024365_01,PF_0024365|7561|2024-09-10,8,7561,2024-09-10,2025-05-20,142,0,0,0,0
2025-03-14,validation,PF_0024365_01,PF_0024365|7561|2024-09-10,9,7561,2024-09-10,2025-05-20,142,0,0,0,0
2025-03-14,train,PF_0024688_01,PF_0024688|7558|2024-09-01,1,7558,2024-09-01,2025-06-30,160,0,0,0,0
2025-03-14,train,PF_0024688_01,PF_0024688|7558|2024-09-01,2,7558,2024-09-01,2025-06-30,160,0,0,0,0
2025-03-14,train,PF_0024688_01,PF_0024688|7558|2024-09-01,3,7558,2024-09-01,2025-06-30,160,0,0,0,0
2025-03-14,train,PF_0024688_01,PF_0024688|7558|2024-09-01,4,7558,2024-09-01,2025-06-30,160,0,0,3,3
2025-03-14,train,PF_0024688_01,PF_0024688|7558|2024-09-01,5,7558,2024-09-01,2025-06-30,160,0,0,0,0
2025-03-14,train,PF_0024688_01,PF_0024688|7558|2024-09-01,6,7558,2024-09-01,2025-06-30,160,0,0,0,0
2025-03-14,train,PF_0024688_01,PF_0024688|7558|2024-09-01,7,7558,2024-09-01,2025-06-30,160,0,0,0,0
2025-03-14,train,PF_0024688_01,PF_0024688|7558|2024-09-01,8,7558,2024-09-01,2025-06-30,160,0,0,0,0
2025-03-14,train,PF_0024688_01,PF_0024688|7558|2024-09-01,9,7558,2024-09-01,2025-06-30,160,0,0,0,0
2025-03-17,train,PF_0000574_01,PF_0000574|7579|2024-09-01,1,7579,2024-09-01,2025-06-30,13,0,0,3,3
2025-03-17,train,PF_0000574_01,PF_0000574|7579|2024-09-01,2,7579,2024-09-01,2025-06-30,13,0,0,3,3
2025-03-17,train,PF_0000574_01,PF_0000574|7579|2024-09-01,3,7579,2024-09-01,2025-06-30,13,0,0,3,3
2025-03-17,train,PF_0000574_01,PF_0000574|7579|2024-09-01,4,7579,2024-09-01,2025-06-30,13,0,0,3,3
2025-03-17,train,PF_0000574_01,PF_0000574|7579|2024-09-01,5,7579,2024-09-01,2025-06-30,13,0,0,3,3
2025-03-17,train,PF_0000574_01,PF_0000574|7579|2024-09-01,6,7579,2024-09-01,2025-06-30,13,0,0,4,4
2025-03-17,train,PF_0000574_01,PF_0000574|7579|2024-09-01,7,7579,2024-09-01,2025-06-30,13,0,0,3,3
2025-03-17,train,PF_0000574_01,PF_0000574|7579|2024-09-01,8,7579,2024-09-01,2025-06-30,13,0,0,3,3
2025-03-17,train,PF_0000574_01,PF_0000574|7579|2024-09-01,9,7579,2024-09-01,2025-06-30,13,0,0,3,3
2025-03-17,validation,PF_0000778_01,PF_0000778|7578|2024-09-15,1,7578,2024-09-15,2025-06-30,20,0,3,4,7
2025-03-17,validation,PF_0000778_01,PF_0000778|7578|2024-09-15,2,7578,2024-09-15,2025-06-30,20,0,0,3,3
2025-03-17,validation,PF_0000778_01,PF_0000778|7578|2024-09-15,3,7578,2024-09-15,2025-06-30,20,0,5,2,7
2025-03-17,validation,PF_0000778_01,PF_0000778|7578|2024-09-15,4,7578,2024-09-15,2025-06-30,20,0,0,2,2
2025-03-17,validation,PF_0000778_01,PF_0000778|7578|2024-09-15,5,7578,2024-09-15,2025-06-30,20,0,3,4,7
2025-03-17,validation,PF_0000778_01,PF_0000778|7578|2024-09-15,6,7578,2024-09-15,2025-06-30,20,0,3,1,4
2025-03-17,validation,PF_0000778_01,PF_0000778|7578|2024-09-15,7,7578,2024-09-15,2025-06-30,20,0,1,1,2
2025-03-17,validation,PF_0000778_01,PF_0000778|7578|2024-09-15,8,7578,2024-09-15,2025-06-30,20,0,2,1,3
2025-03-17,validation,PF_0000778_01,PF_0000778|7578|2024-09-15,9,7578,2024-09-15,2025-06-30,20,0,0,1,1
2025-03-17,train,PF_0024651_01,PF_0024651|7538|2024-09-15,1,7538,2024-09-15,2025-06-10,148,0,0,1,1
2025-03-17,train,PF_0024651_01,PF_0024651|7538|2024-09-15,2,7538,2024-09-15,2025-06-10,148,0,0,5,5
2025-03-17,train,PF_0024651_01,PF_0024651|7538|2024-09-15,3,7538,2024-09-15,2025-06-10,148,0,0,2,2
2025-03-17,train,PF_0024651_01,PF_0024651|7538|2024-09-15,4,7538,2024-09-15,2025-06-10,148,0,0,2,2
2025-03-17,train,PF_0024651_01,PF_0024651|7538|2024-09-15,5,7538,2024-09-15,2025-06-10,148,0,0,12,12
2025-03-17,train,PF_0024651_01,PF_0024651|7538|2024-09-15,6,7538,2024-09-15,2025-06-10,148,0,0,2,2
2025-03-17,train,PF_0024651_01,PF_0024651|7538|2024-09-15,7,7538,2024-09-15,2025-06-10,148,0,0,9,9
2025-03-17,train,PF_0024651_01,PF_0024651|7538|2024-09-15,8,7538,2024-09-15,2025-06-10,148,0,0,9,9
2025-03-17,train,PF_0024651_01,PF_0024651|7538|2024-09-15,9,7538,2024-09-15,2025-06-10,148,0,0,5,5
2025-03-17,train,PF_0024654_01,PF_0024654|7527|2024-09-15,1,7527,2024-09-15,2025-06-10,150,0,5,3,8
2025-03-17,train,PF_0024654_01,PF_0024654|7527|2024-09-15,2,7527,2024-09-15,2025-06-10,150,0,4,4,8
2025-03-17,train,PF_0024654_01,PF_0024654|7527|2024-09-15,3,7527,2024-09-15,2025-06-10,150,0,3,3,6
2025-03-17,train,PF_0024654_01,PF_0024654|7527|2024-09-15,4,7527,2024-09-15,2025-06-10,150,0,5,2,7
2025-03-17,train,PF_0024654_01,PF_0024654|7527|2024-09-15,5,7527,2024-09-15,2025-06-10,150,0,2,4,6
2025-03-17,train,PF_0024654_01,PF_0024654|7527|2024-09-15,6,7527,2024-09-15,2025-06-10,150,0,5,5,10
2025-03-17,train,PF_0024654_01,PF_0024654|7527|2024-09-15,7,7527,2024-09-15,2025-06-10,150,0,0,6,6
2025-03-17,train,PF_0024654_01,PF_0024654|7527|2024-09-15,8,7527,2024-09-15,2025-06-10,150,0,0,3,3
2025-03-17,train,PF_0024654_01,PF_0024654|7527|2024-09-15,9,7527,2024-09-15,2025-06-10,150,0,1,3,4
2025-03-17,train,PF_0024655_01,PF_0024655|7533|2024-09-15,1,7533,2024-09-15,2025-06-30,152,0,0,4,4
2025-03-17,train,PF_0024655_01,PF_0024655|7533|2024-09-15,2,7533,2024-09-15,2025-06-30,152,0,0,3,3
2025-03-17,train,PF_0024655_01,PF_0024655|7533|2024-09-15,3,7533,2024-09-15,2025-06-30,152,0,0,3,3
2025-03-17,train,PF_0024655_01,PF_0024655|7533|2024-09-15,4,7533,2024-09-15,2025-06-30,152,0,0,3,3
2025-03-17,train,PF_0024655_01,PF_0024655|7533|2024-09-15,5,7533,2024-09-15,2025-06-30,152,0,0,6,6
2025-03-17,train,PF_0024655_01,PF_0024655|7533|2024-09-15,6,7533,2024-09-15,2025-06-30,152,0,0,2,2
2025-03-17,train,PF_0024655_01,PF_0024655|7533|2024-09-15,7,7533,2024-09-15,2025-06-30,152,0,0,5,5
2025-03-17,train,PF_0024655_01,PF_0024655|7533|2024-09-15,8,7533,2024-09-15,2025-06-30,152,0,0,3,3
2025-03-17,train,PF_0024655_01,PF_0024655|7533|2024-09-15,9,7533,2024-09-15,2025-06-30,152,0,0,3,3
2025-03-17,train,PF_0025106_01,PF_0025106|7518|2024-09-17,1,7518,2024-09-17,2025-06-30,200,0,0,5,5
2025-03-17,train,PF_0025106_01,PF_0025106|7518|2024-09-17,2,7518,2024-09-17,2025-06-30,200,0,0,11,11
2025-03-17,train,PF_0025106_01,PF_0025106|7518|2024-09-17,3,7518,2024-09-17,2025-06-30,200,0,0,10,10
2025-03-17,train,PF_0025106_01,PF_0025106|7518|2024-09-17,4,7518,2024-09-17,2025-06-30,200,0,0,6,6
2025-03-17,train,PF_0025106_01,PF_0025106|7518|2024-09-17,5,7518,2024-09-17,2025-06-30,200,0,0,5,5
2025-03-17,train,PF_0025106_01,PF_0025106|7518|2024-09-17,6,7518,2024-09-17,2025-06-30,200,0,0,5,5
2025-03-17,train,PF_0025106_01,PF_0025106|7518|2024-09-17,7,7518,2024-09-17,2025-06-30,200,0,0,6,6
2025-03-17,train,PF_0025106_01,PF_0025106|7518|2024-09-17,8,7518,2024-09-17,2025-06-30,200,0,0,6,6
2025-03-17,train,PF_0025106_01,PF_0025106|7518|2024-09-17,9,7518,2024-09-17,2025-06-30,200,0,0,7,7
2025-03-18,train,PF_0002037_01,PF_0002037|7532|2024-09-20,1,7532,2024-09-20,2025-05-31,41,0,0,0,0
2025-03-18,train,PF_0002037_01,PF_0002037|7532|2024-09-20,2,7532,2024-09-20,2025-05-31,41,0,0,0,0
2025-03-18,train,PF_0002037_01,PF_0002037|7532|2024-09-20,3,7532,2024-09-20,2025-05-31,41,0,0,0,0
2025-03-18,train,PF_0002037_01,PF_0002037|7532|2024-09-20,4,7532,2024-09-20,2025-05-31,41,0,0,0,0
2025-03-18,train,PF_0002037_01,PF_0002037|7532|2024-09-20,5,7532,2024-09-20,2025-05-31,41,0,0,0,0
2025-03-18,train,PF_0002037_01,PF_0002037|7532|2024-09-20,6,7532,2024-09-20,2025-05-31,41,0,0,0,0
2025-03-18,train,PF_0002037_01,PF_0002037|7532|2024-09-20,7,7532,2024-09-20,2025-05-31,41,0,0,0,0
2025-03-18,train,PF_0002037_01,PF_0002037|7532|2024-09-20,8,7532,2024-09-20,2025-05-31,41,0,0,0,0
2025-03-18,train,PF_0002037_01,PF_0002037|7532|2024-09-20,9,7532,2024-09-20,2025-05-31,41,0,0,0,0
2025-03-18,train,PF_0021351_01,PF_0021351|7540|2024-09-07,1,7540,2024-09-07,2025-05-25,104,0,0,6,6
2025-03-18,train,PF_0021351_01,PF_0021351|7540|2024-09-07,3,7540,2024-09-07,2025-05-25,104,0,0,0,0
2025-03-18,train,PF_0021351_01,PF_0021351|7540|2024-09-07,4,7540,2024-09-07,2025-05-25,104,0,0,0,0
2025-03-18,train,PF_0021351_01,PF_0021351|7540|2024-09-07,5,7540,2024-09-07,2025-05-25,104,0,0,9,9
2025-03-18,train,PF_0021351_01,PF_0021351|7540|2024-09-07,6,7540,2024-09-07,2025-05-25,104,0,0,0,0
2025-03-18,train,PF_0021351_01,PF_0021351|7540|2024-09-07,7,7540,2024-09-07,2025-05-25,104,0,0,0,0
2025-03-18,train,PF_0021351_01,PF_0021351|7540|2024-09-07,8,7540,2024-09-07,2025-05-25,104,0,0,0,0
2025-03-18,train,PF_0021351_01,PF_0021351|7540|2024-09-07,9,7540,2024-09-07,2025-05-25,104,0,0,0,0
2025-03-18,train,PF_0022105_01,PF_0022105|7566|2024-09-01,1,7566,2024-09-01,2025-05-31,115,6,9,5,20
2025-03-18,train,PF_0022105_01,PF_0022105|7566|2024-09-01,2,7566,2024-09-01,2025-05-31,115,0,4,12,16
2025-03-18,train,PF_0022105_01,PF_0022105|7566|2024-09-01,4,7566,2024-09-01,2025-05-31,115,0,7,12,19
2025-03-18,train,PF_0022105_01,PF_0022105|7566|2024-09-01,6,7566,2024-09-01,2025-05-31,115,4,3,11,18
2025-03-18,train,PF_0022105_01,PF_0022105|7566|2024-09-01,7,7566,2024-09-01,2025-05-31,115,3,3,2,8
2025-03-18,train,PF_0022105_01,PF_0022105|7566|2024-09-01,8,7566,2024-09-01,2025-05-31,115,0,0,8,8
2025-03-18,train,PF_0022105_01,PF_0022105|7566|2024-09-01,9,7566,2024-09-01,2025-05-31,115,0,7,3,10
2025-03-18,test,PF_0023621_01,PF_0023621|7565|2024-09-15,2,7565,2024-09-15,2025-05-03,122,0,0,0,0
2025-03-18,test,PF_0024700_01,PF_0024700|7546|2024-09-10,1,7546,2024-09-10,2025-05-31,181,0,0,0,0
2025-03-18,test,PF_0024700_01,PF_0024700|7546|2024-09-10,2,7546,2024-09-10,2025-05-31,181,0,0,0,0
2025-03-18,test,PF_0024700_01,PF_0024700|7546|2024-09-10,3,7546,2024-09-10,2025-05-31,181,0,0,2,2
2025-03-18,test,PF_0024700_01,PF_0024700|7546|2024-09-10,4,7546,2024-09-10,2025-05-31,181,0,0,0,0
2025-03-18,test,PF_0024700_01,PF_0024700|7546|2024-09-10,5,7546,2024-09-10,2025-05-31,181,0,3,6,9
2025-03-18,test,PF_0024700_01,PF_0024700|7546|2024-09-10,6,7546,2024-09-10,2025-05-31,181,0,0,7,7
2025-03-18,test,PF_0024700_01,PF_0024700|7546|2024-09-10,7,7546,2024-09-10,2025-05-31,181,0,0,0,0
2025-03-18,test,PF_0024700_01,PF_0024700|7546|2024-09-10,8,7546,2024-09-10,2025-05-31,181,0,3,2,5
2025-03-18,test,PF_0024700_01,PF_0024700|7546|2024-09-10,9,7546,2024-09-10,2025-05-31,181,0,0,0,0
2025-03-18,train,PF_0025103_01,PF_0025103|7521|2024-09-15,1,7521,2024-09-15,2025-06-10,196,0,0,3,3
2025-03-18,train,PF_0025103_01,PF_0025103|7521|2024-09-15,2,7521,2024-09-15,2025-06-10,196,0,0,1,1
2025-03-18,train,PF_0025103_01,PF_0025103|7521|2024-09-15,3,7521,2024-09-15,2025-06-10,196,0,0,2,2
2025-03-18,train,PF_0025103_01,PF_0025103|7521|2024-09-15,4,7521,2024-09-15,2025-06-10,196,0,0,1,1
2025-03-18,train,PF_0025103_01,PF_0025103|7521|2024-09-15,5,7521,2024-09-15,2025-06-10,196,0,0,3,3
2025-03-18,train,PF_0025103_01,PF_0025103|7521|2024-09-15,6,7521,2024-09-15,2025-06-10,196,0,0,2,2
2025-03-18,train,PF_0025103_01,PF_0025103|7521|2024-09-15,7,7521,2024-09-15,2025-06-10,196,0,0,2,2
2025-03-18,train,PF_0025103_01,PF_0025103|7521|2024-09-15,8,7521,2024-09-15,2025-06-10,196,0,0,2,2
2025-03-18,train,PF_0025103_01,PF_0025103|7521|2024-09-15,9,7521,2024-09-15,2025-06-10,196,0,0,0,0
2025-03-20,test,PF_0023732_01,PF_0023732|7564|2024-08-31,1,7564,2024-08-31,2025-06-15,126,0,0,0,0
2025-03-20,test,PF_0023732_01,PF_0023732|7564|2024-08-31,2,7564,2024-08-31,2025-06-15,126,0,0,0,0
2025-03-20,test,PF_0023732_01,PF_0023732|7564|2024-08-31,3,7564,2024-08-31,2025-06-15,126,0,0,0,0
2025-03-20,test,PF_0023732_01,PF_0023732|7564|2024-08-31,4,7564,2024-08-31,2025-06-15,126,0,0,0,0
2025-03-20,test,PF_0023732_01,PF_0023732|7564|2024-08-31,5,7564,2024-08-31,2025-06-15,126,0,0,3,3
2025-03-20,test,PF_0023732_01,PF_0023732|7564|2024-08-31,6,7564,2024-08-31,2025-06-15,126,0,0,0,0
2025-03-20,test,PF_0023732_01,PF_0023732|7564|2024-08-31,7,7564,2024-08-31,2025-06-15,126,0,0,3,3
2025-03-20,test,PF_0023732_01,PF_0023732|7564|2024-08-31,8,7564,2024-08-31,2025-06-15,126,0,0,0,0
2025-03-20,test,PF_0023732_01,PF_0023732|7564|2024-08-31,9,7564,2024-08-31,2025-06-15,126,0,0,0,0
2025-03-20,train,PF_0023743_01,PF_0023743|7559|2024-09-10,1,7559,2024-09-10,2025-05-31,129,0,0,0,0
2025-03-20,train,PF_0023743_01,PF_0023743|7559|2024-09-10,2,7559,2024-09-10,2025-05-31,129,0,0,0,0
2025-03-20,train,PF_0023743_01,PF_0023743|7559|2024-09-10,3,7559,2024-09-10,2025-05-31,129,0,0,0,0
2025-03-20,train,PF_0023743_01,PF_0023743|7559|2024-09-10,4,7559,2024-09-10,2025-05-31,129,0,0,0,0
2025-03-20,train,PF_0023743_01,PF_0023743|7559|2024-09-10,5,7559,2024-09-10,2025-05-31,129,0,0,0,0
2025-03-20,train,PF_0023743_01,PF_0023743|7559|2024-09-10,6,7559,2024-09-10,2025-05-31,129,0,0,0,0
2025-03-20,train,PF_0023743_01,PF_0023743|7559|2024-09-10,7,7559,2024-09-10,2025-05-31,129,0,0,0,0
2025-03-20,train,PF_0023743_01,PF_0023743|7559|2024-09-10,8,7559,2024-09-10,2025-05-31,129,0,0,0,0
2025-03-20,train,PF_0023743_01,PF_0023743|7559|2024-09-10,9,7559,2024-09-10,2025-05-31,129,0,0,0,0
2025-03-20,validation,PF_0023923_01,PF_0023923|7562|2024-08-31,1,7562,2024-08-31,2025-06-15,132,0,0,0,0
2025-03-20,validation,PF_0023923_01,PF_0023923|7562|2024-08-31,4,7562,2024-08-31,2025-06-15,132,0,0,0,0
2025-03-20,validation,PF_0023923_01,PF_0023923|7562|2024-08-31,5,7562,2024-08-31,2025-06-15,132,0,0,4,4
2025-03-20,validation,PF_0023923_01,PF_0023923|7562|2024-08-31,6,7562,2024-08-31,2025-06-15,132,0,0,2,2
2025-03-20,validation,PF_0023923_01,PF_0023923|7562|2024-08-31,8,7562,2024-08-31,2025-06-15,132,0,0,3,3
2025-03-20,validation,PF_0023923_01,PF_0023923|7562|2024-08-31,9,7562,2024-08-31,2025-06-15,132,0,3,2,5
2025-03-20,train,PF_0024357_01,PF_0024357|7560|2024-09-09,1,7560,2024-09-09,2025-05-31,139,0,0,0,0
2025-03-20,train,PF_0024357_01,PF_0024357|7560|2024-09-09,2,7560,2024-09-09,2025-05-31,139,0,0,4,4
2025-03-20,train,PF_0024357_01,PF_0024357|7560|2024-09-09,3,7560,2024-09-09,2025-05-31,139,0,0,2,2
2025-03-20,train,PF_0024357_01,PF_0024357|7560|2024-09-09,4,7560,2024-09-09,2025-05-31,139,0,0,0,0
2025-03-20,train,PF_0024357_01,PF_0024357|7560|2024-09-09,5,7560,2024-09-09,2025-05-31,139,0,0,1,1
2025-03-20,train,PF_0024357_01,PF_0024357|7560|2024-09-09,6,7560,2024-09-09,2025-05-31,139,0,0,1,1
2025-03-20,train,PF_0024357_01,PF_0024357|7560|2024-09-09,7,7560,2024-09-09,2025-05-31,139,0,0,3,3
2025-03-20,train,PF_0024357_01,PF_0024357|7560|2024-09-09,9,7560,2024-09-09,2025-05-31,139,0,0,3,3
2025-03-20,validation,PF_0024365_01,PF_0024365|7561|2024-09-10,1,7561,2024-09-10,2025-05-20,142,0,0,0,0
2025-03-20,validation,PF_0024365_01,PF_0024365|7561|2024-09-10,2,7561,2024-09-10,2025-05-20,142,0,0,0,0
2025-03-20,validation,PF_0024365_01,PF_0024365|7561|2024-09-10,3,7561,2024-09-10,2025-05-20,142,0,0,0,0
2025-03-20,validation,PF_0024365_01,PF_0024365|7561|2024-09-10,4,7561,2024-09-10,2025-05-20,142,0,0,0,0
2025-03-20,validation,PF_0024365_01,PF_0024365|7561|2024-09-10,5,7561,2024-09-10,2025-05-20,142,0,0,0,0
2025-03-20,validation,PF_0024365_01,PF_0024365|7561|2024-09-10,6,7561,2024-09-10,2025-05-20,142,0,0,0,0
2025-03-20,validation,PF_0024365_01,PF_0024365|7561|2024-09-10,8,7561,2024-09-10,2025-05-20,142,0,0,0,0
2025-03-20,validation,PF_0024365_01,PF_0024365|7561|2024-09-10,9,7561,2024-09-10,2025-05-20,142,0,0,0,0
2025-03-20,train,PF_0024688_01,PF_0024688|7558|2024-09-01,1,7558,2024-09-01,2025-06-30,160,0,0,0,0
2025-03-20,train,PF_0024688_01,PF_0024688|7558|2024-09-01,2,7558,2024-09-01,2025-06-30,160,0,0,0,0
2025-03-20,train,PF_0024688_01,PF_0024688|7558|2024-09-01,3,7558,2024-09-01,2025-06-30,160,0,0,0,0
2025-03-20,train,PF_0024688_01,PF_0024688|7558|2024-09-01,4,7558,2024-09-01,2025-06-30,160,0,0,0,0
2025-03-20,train,PF_0024688_01,PF_0024688|7558|2024-09-01,5,7558,2024-09-01,2025-06-30,160,0,0,0,0
2025-03-20,train,PF_0024688_01,PF_0024688|7558|2024-09-01,6,7558,2024-09-01,2025-06-30,160,0,0,0,0
2025-03-20,train,PF_0024688_01,PF_0024688|7558|2024-09-01,7,7558,2024-09-01,2025-06-30,160,0,0,0,0
2025-03-20,train,PF_0024688_01,PF_0024688|7558|2024-09-01,8,7558,2024-09-01,2025-06-30,160,0,0,0,0
2025-03-20,train,PF_0024688_01,PF_0024688|7558|2024-09-01,9,7558,2024-09-01,2025-06-30,160,0,0,0,0
2025-03-24,train,PF_0000574_01,PF_0000574|7579|2024-09-01,1,7579,2024-09-01,2025-06-30,13,0,0,3,3
2025-03-24,train,PF_0000574_01,PF_0000574|7579|2024-09-01,2,7579,2024-09-01,2025-06-30,13,0,0,3,3
2025-03-24,train,PF_0000574_01,PF_0000574|7579|2024-09-01,3,7579,2024-09-01,2025-06-30,13,0,0,3,3
2025-03-24,train,PF_0000574_01,PF_0000574|7579|2024-09-01,4,7579,2024-09-01,2025-06-30,13,0,0,2,2
2025-03-24,train,PF_0000574_01,PF_0000574|7579|2024-09-01,5,7579,2024-09-01,2025-06-30,13,0,0,2,2
2025-03-24,train,PF_0000574_01,PF_0000574|7579|2024-09-01,6,7579,2024-09-01,2025-06-30,13,0,0,3,3
2025-03-24,train,PF_0000574_01,PF_0000574|7579|2024-09-01,7,7579,2024-09-01,2025-06-30,13,0,0,2,2
2025-03-24,train,PF_0000574_01,PF_0000574|7579|2024-09-01,8,7579,2024-09-01,2025-06-30,13,0,0,3,3
2025-03-24,train,PF_0000574_01,PF_0000574|7579|2024-09-01,9,7579,2024-09-01,2025-06-30,13,0,0,3,3
2025-03-24,validation,PF_0000778_01,PF_0000778|7578|2024-09-15,1,7578,2024-09-15,2025-06-30,20,0,0,8,8
2025-03-24,validation,PF_0000778_01,PF_0000778|7578|2024-09-15,2,7578,2024-09-15,2025-06-30,20,0,0,3,3
2025-03-24,validation,PF_0000778_01,PF_0000778|7578|2024-09-15,3,7578,2024-09-15,2025-06-30,20,0,0,5,5
2025-03-24,validation,PF_0000778_01,PF_0000778|7578|2024-09-15,4,7578,2024-09-15,2025-06-30,20,0,0,2,2
2025-03-24,validation,PF_0000778_01,PF_0000778|7578|2024-09-15,5,7578,2024-09-15,2025-06-30,20,0,0,5,5
2025-03-24,validation,PF_0000778_01,PF_0000778|7578|2024-09-15,6,7578,2024-09-15,2025-06-30,20,0,0,1,1
2025-03-24,validation,PF_0000778_01,PF_0000778|7578|2024-09-15,7,7578,2024-09-15,2025-06-30,20,0,0,2,2
2025-03-24,validation,PF_0000778_01,PF_0000778|7578|2024-09-15,8,7578,2024-09-15,2025-06-30,20,0,0,2,2
2025-03-24,validation,PF_0000778_01,PF_0000778|7578|2024-09-15,9,7578,2024-09-15,2025-06-30,20,0,0,1,1
2025-03-24,train,PF_0024651_01,PF_0024651|7538|2024-09-15,1,7538,2024-09-15,2025-06-10,148,0,0,4,4
2025-03-24,train,PF_0024651_01,PF_0024651|7538|2024-09-15,2,7538,2024-09-15,2025-06-10,148,0,0,6,6
2025-03-24,train,PF_0024651_01,PF_0024651|7538|2024-09-15,3,7538,2024-09-15,2025-06-10,148,0,0,4,4
2025-03-24,train,PF_0024651_01,PF_0024651|7538|2024-09-15,4,7538,2024-09-15,2025-06-10,148,0,0,2,2
2025-03-24,train,PF_0024651_01,PF_0024651|7538|2024-09-15,5,7538,2024-09-15,2025-06-10,148,0,0,8,8
2025-03-24,train,PF_0024651_01,PF_0024651|7538|2024-09-15,6,7538,2024-09-15,2025-06-10,148,0,0,4,4
2025-03-24,train,PF_0024651_01,PF_0024651|7538|2024-09-15,7,7538,2024-09-15,2025-06-10,148,0,0,6,6
2025-03-24,train,PF_0024651_01,PF_0024651|7538|2024-09-15,8,7538,2024-09-15,2025-06-10,148,0,0,7,7
2025-03-24,train,PF_0024651_01,PF_0024651|7538|2024-09-15,9,7538,2024-09-15,2025-06-10,148,0,0,8,8
2025-03-24,train,PF_0024654_01,PF_0024654|7527|2024-09-15,1,7527,2024-09-15,2025-06-10,150,0,3,4,7
2025-03-24,train,PF_0024654_01,PF_0024654|7527|2024-09-15,2,7527,2024-09-15,2025-06-10,150,0,2,4,6
2025-03-24,train,PF_0024654_01,PF_0024654|7527|2024-09-15,3,7527,2024-09-15,2025-06-10,150,0,2,3,5
2025-03-24,train,PF_0024654_01,PF_0024654|7527|2024-09-15,4,7527,2024-09-15,2025-06-10,150,0,2,2,4
2025-03-24,train,PF_0024654_01,PF_0024654|7527|2024-09-15,5,7527,2024-09-15,2025-06-10,150,0,0,3,3
2025-03-24,train,PF_0024654_01,PF_0024654|7527|2024-09-15,6,7527,2024-09-15,2025-06-10,150,0,2,4,6
2025-03-24,train,PF_0024654_01,PF_0024654|7527|2024-09-15,7,7527,2024-09-15,2025-06-10,150,0,0,5,5
2025-03-24,train,PF_0024654_01,PF_0024654|7527|2024-09-15,8,7527,2024-09-15,2025-06-10,150,0,0,2,2
2025-03-24,train,PF_0024654_01,PF_0024654|7527|2024-09-15,9,7527,2024-09-15,2025-06-10,150,0,0,2,2
2025-03-24,train,PF_0024655_01,PF_0024655|7533|2024-09-15,1,7533,2024-09-15,2025-06-30,152,0,0,3,3
2025-03-24,train,PF_0024655_01,PF_0024655|7533|2024-09-15,2,7533,2024-09-15,2025-06-30,152,0,0,3,3
2025-03-24,train,PF_0024655_01,PF_0024655|7533|2024-09-15,3,7533,2024-09-15,2025-06-30,152,0,0,1,1
2025-03-24,train,PF_0024655_01,PF_0024655|7533|2024-09-15,4,7533,2024-09-15,2025-06-30,152,0,0,3,3
2025-03-24,train,PF_0024655_01,PF_0024655|7533|2024-09-15,5,7533,2024-09-15,2025-06-30,152,0,0,6,6
2025-03-24,train,PF_0024655_01,PF_0024655|7533|2024-09-15,6,7533,2024-09-15,2025-06-30,152,0,0,5,5
2025-03-24,train,PF_0024655_01,PF_0024655|7533|2024-09-15,7,7533,2024-09-15,2025-06-30,152,0,0,5,5
2025-03-24,train,PF_0024655_01,PF_0024655|7533|2024-09-15,8,7533,2024-09-15,2025-06-30,152,0,0,5,5
2025-03-24,train,PF_0024655_01,PF_0024655|7533|2024-09-15,9,7533,2024-09-15,2025-06-30,152,0,0,6,6
2025-03-24,train,PF_0025106_01,PF_0025106|7518|2024-09-17,1,7518,2024-09-17,2025-06-30,200,0,0,4,4
2025-03-24,train,PF_0025106_01,PF_0025106|7518|2024-09-17,2,7518,2024-09-17,2025-06-30,200,0,0,6,6
2025-03-24,train,PF_0025106_01,PF_0025106|7518|2024-09-17,3,7518,2024-09-17,2025-06-30,200,0,0,11,11
2025-03-24,train,PF_0025106_01,PF_0025106|7518|2024-09-17,4,7518,2024-09-17,2025-06-30,200,0,0,5,5
2025-03-24,train,PF_0025106_01,PF_0025106|7518|2024-09-17,5,7518,2024-09-17,2025-06-30,200,0,0,3,3
2025-03-24,train,PF_0025106_01,PF_0025106|7518|2024-09-17,6,7518,2024-09-17,2025-06-30,200,0,0,2,2
2025-03-24,train,PF_0025106_01,PF_0025106|7518|2024-09-17,7,7518,2024-09-17,2025-06-30,200,0,0,3,3
2025-03-24,train,PF_0025106_01,PF_0025106|7518|2024-09-17,8,7518,2024-09-17,2025-06-30,200,0,0,6,6
2025-03-24,train,PF_0025106_01,PF_0025106|7518|2024-09-17,9,7518,2024-09-17,2025-06-30,200,0,0,4,4
2025-03-25,test,PF_0023621_01,PF_0023621|7565|2024-09-15,2,7565,2024-09-15,2025-05-03,122,0,0,0,0
2025-03-25,test,PF_0024700_01,PF_0024700|7546|2024-09-10,1,7546,2024-09-10,2025-05-31,181,0,0,0,0
2025-03-25,test,PF_0024700_01,PF_0024700|7546|2024-09-10,2,7546,2024-09-10,2025-05-31,181,0,0,0,0
2025-03-25,test,PF_0024700_01,PF_0024700|7546|2024-09-10,3,7546,2024-09-10,2025-05-31,181,0,0,0,0
2025-03-25,test,PF_0024700_01,PF_0024700|7546|2024-09-10,4,7546,2024-09-10,2025-05-31,181,0,0,0,0
2025-03-25,test,PF_0024700_01,PF_0024700|7546|2024-09-10,5,7546,2024-09-10,2025-05-31,181,0,0,0,0
2025-03-25,test,PF_0024700_01,PF_0024700|7546|2024-09-10,6,7546,2024-09-10,2025-05-31,181,0,0,0,0
2025-03-25,test,PF_0024700_01,PF_0024700|7546|2024-09-10,7,7546,2024-09-10,2025-05-31,181,0,0,0,0
2025-03-25,test,PF_0024700_01,PF_0024700|7546|2024-09-10,8,7546,2024-09-10,2025-05-31,181,0,2,3,5
2025-03-25,test,PF_0024700_01,PF_0024700|7546|2024-09-10,9,7546,2024-09-10,2025-05-31,181,0,0,0,0
2025-03-25,train,PF_0025103_01,PF_0025103|7521|2024-09-15,1,7521,2024-09-15,2025-06-10,196,0,0,1,1
2025-03-25,train,PF_0025103_01,PF_0025103|7521|2024-09-15,2,7521,2024-09-15,2025-06-10,196,0,0,0,0
2025-03-25,train,PF_0025103_01,PF_0025103|7521|2024-09-15,3,7521,2024-09-15,2025-06-10,196,0,0,0,0
2025-03-25,train,PF_0025103_01,PF_0025103|7521|2024-09-15,4,7521,2024-09-15,2025-06-10,196,0,0,0,0
2025-03-25,train,PF_0025103_01,PF_0025103|7521|2024-09-15,5,7521,2024-09-15,2025-06-10,196,0,0,1,1
2025-03-25,train,PF_0025103_01,PF_0025103|7521|2024-09-15,6,7521,2024-09-15,2025-06-10,196,0,0,0,0
2025-03-25,train,PF_0025103_01,PF_0025103|7521|2024-09-15,7,7521,2024-09-15,2025-06-10,196,0,0,2,2
2025-03-25,train,PF_0025103_01,PF_0025103|7521|2024-09-15,8,7521,2024-09-15,2025-06-10,196,0,0,2,2
2025-03-25,train,PF_0025103_01,PF_0025103|7521|2024-09-15,9,7521,2024-09-15,2025-06-10,196,0,0,0,0
2025-03-27,train,PF_0002037_01,PF_0002037|7532|2024-09-20,1,7532,2024-09-20,2025-05-31,41,0,0,0,0
2025-03-27,train,PF_0002037_01,PF_0002037|7532|2024-09-20,2,7532,2024-09-20,2025-05-31,41,0,0,0,0
2025-03-27,train,PF_0002037_01,PF_0002037|7532|2024-09-20,3,7532,2024-09-20,2025-05-31,41,0,0,0,0
2025-03-27,train,PF_0002037_01,PF_0002037|7532|2024-09-20,4,7532,2024-09-20,2025-05-31,41,0,0,0,0
2025-03-27,train,PF_0002037_01,PF_0002037|7532|2024-09-20,5,7532,2024-09-20,2025-05-31,41,0,0,0,0
2025-03-27,train,PF_0002037_01,PF_0002037|7532|2024-09-20,6,7532,2024-09-20,2025-05-31,41,0,0,0,0
2025-03-27,train,PF_0002037_01,PF_0002037|7532|2024-09-20,7,7532,2024-09-20,2025-05-31,41,0,0,0,0
2025-03-27,train,PF_0002037_01,PF_0002037|7532|2024-09-20,8,7532,2024-09-20,2025-05-31,41,0,0,0,0
2025-03-27,train,PF_0002037_01,PF_0002037|7532|2024-09-20,9,7532,2024-09-20,2025-05-31,41,0,0,0,0
2025-03-27,train,PF_0021351_01,PF_0021351|7540|2024-09-07,1,7540,2024-09-07,2025-05-25,104,0,0,0,0
2025-03-27,train,PF_0021351_01,PF_0021351|7540|2024-09-07,3,7540,2024-09-07,2025-05-25,104,0,0,0,0
2025-03-27,train,PF_0021351_01,PF_0021351|7540|2024-09-07,4,7540,2024-09-07,2025-05-25,104,0,0,0,0
2025-03-27,train,PF_0021351_01,PF_0021351|7540|2024-09-07,5,7540,2024-09-07,2025-05-25,104,0,0,10,10
2025-03-27,train,PF_0021351_01,PF_0021351|7540|2024-09-07,6,7540,2024-09-07,2025-05-25,104,0,0,10,10
2025-03-27,train,PF_0021351_01,PF_0021351|7540|2024-09-07,7,7540,2024-09-07,2025-05-25,104,0,0,0,0
2025-03-27,train,PF_0021351_01,PF_0021351|7540|2024-09-07,8,7540,2024-09-07,2025-05-25,104,0,0,0,0
2025-03-27,train,PF_0021351_01,PF_0021351|7540|2024-09-07,9,7540,2024-09-07,2025-05-25,104,0,0,0,0
2025-03-27,train,PF_0022105_01,PF_0022105|7566|2024-09-01,1,7566,2024-09-01,2025-05-31,115,0,0,6,6
2025-03-27,train,PF_0022105_01,PF_0022105|7566|2024-09-01,2,7566,2024-09-01,2025-05-31,115,0,2,11,13
2025-03-27,train,PF_0022105_01,PF_0022105|7566|2024-09-01,4,7566,2024-09-01,2025-05-31,115,0,6,14,20
2025-03-27,train,PF_0022105_01,PF_0022105|7566|2024-09-01,6,7566,2024-09-01,2025-05-31,115,0,3,11,14
2025-03-27,train,PF_0022105_01,PF_0022105|7566|2024-09-01,7,7566,2024-09-01,2025-05-31,115,4,7,2,13
2025-03-27,train,PF_0022105_01,PF_0022105|7566|2024-09-01,8,7566,2024-09-01,2025-05-31,115,0,0,0,0
2025-03-27,train,PF_0022105_01,PF_0022105|7566|2024-09-01,9,7566,2024-09-01,2025-05-31,115,0,3,3,6
2025-03-28,test,PF_0023732_01,PF_0023732|7564|2024-08-31,1,7564,2024-08-31,2025-06-15,126,0,0,2,2
2025-03-28,test,PF_0023732_01,PF_0023732|7564|2024-08-31,2,7564,2024-08-31,2025-06-15,126,0,0,0,0
2025-03-28,test,PF_0023732_01,PF_0023732|7564|2024-08-31,3,7564,2024-08-31,2025-06-15,126,0,0,0,0
2025-03-28,test,PF_0023732_01,PF_0023732|7564|2024-08-31,4,7564,2024-08-31,2025-06-15,126,0,0,0,0
2025-03-28,test,PF_0023732_01,PF_0023732|7564|2024-08-31,5,7564,2024-08-31,2025-06-15,126,0,0,0,0
2025-03-28,test,PF_0023732_01,PF_0023732|7564|2024-08-31,6,7564,2024-08-31,2025-06-15,126,0,0,0,0
2025-03-28,test,PF_0023732_01,PF_0023732|7564|2024-08-31,7,7564,2024-08-31,2025-06-15,126,0,0,0,0
2025-03-28,test,PF_0023732_01,PF_0023732|7564|2024-08-31,8,7564,2024-08-31,2025-06-15,126,0,0,0,0
2025-03-28,test,PF_0023732_01,PF_0023732|7564|2024-08-31,9,7564,2024-08-31,2025-06-15,126,0,0,0,0
2025-03-28,train,PF_0023743_01,PF_0023743|7559|2024-09-10,1,7559,2024-09-10,2025-05-31,129,0,0,0,0
2025-03-28,train,PF_0023743_01,PF_0023743|7559|2024-09-10,2,7559,2024-09-10,2025-05-31,129,0,0,0,0
2025-03-28,train,PF_0023743_01,PF_0023743|7559|2024-09-10,3,7559,2024-09-10,2025-05-31,129,0,0,0,0
2025-03-28,train,PF_0023743_01,PF_0023743|7559|2024-09-10,4,7559,2024-09-10,2025-05-31,129,0,0,0,0
2025-03-28,train,PF_0023743_01,PF_0023743|7559|2024-09-10,5,7559,2024-09-10,2025-05-31,129,0,0,0,0
2025-03-28,train,PF_0023743_01,PF_0023743|7559|2024-09-10,6,7559,2024-09-10,2025-05-31,129,0,0,0,0
2025-03-28,train,PF_0023743_01,PF_0023743|7559|2024-09-10,7,7559,2024-09-10,2025-05-31,129,0,0,0,0
2025-03-28,train,PF_0023743_01,PF_0023743|7559|2024-09-10,8,7559,2024-09-10,2025-05-31,129,0,0,0,0
2025-03-28,train,PF_0023743_01,PF_0023743|7559|2024-09-10,9,7559,2024-09-10,2025-05-31,129,0,0,0,0
2025-03-28,validation,PF_0023923_01,PF_0023923|7562|2024-08-31,1,7562,2024-08-31,2025-06-15,132,0,0,0,0
2025-03-28,validation,PF_0023923_01,PF_0023923|7562|2024-08-31,4,7562,2024-08-31,2025-06-15,132,0,0,0,0
2025-03-28,validation,PF_0023923_01,PF_0023923|7562|2024-08-31,5,7562,2024-08-31,2025-06-15,132,0,0,0,0
2025-03-28,validation,PF_0023923_01,PF_0023923|7562|2024-08-31,6,7562,2024-08-31,2025-06-15,132,0,0,3,3
2025-03-28,validation,PF_0023923_01,PF_0023923|7562|2024-08-31,8,7562,2024-08-31,2025-06-15,132,0,0,0,0
2025-03-28,validation,PF_0023923_01,PF_0023923|7562|2024-08-31,9,7562,2024-08-31,2025-06-15,132,0,0,3,3
2025-03-28,train,PF_0024357_01,PF_0024357|7560|2024-09-09,1,7560,2024-09-09,2025-05-31,139,0,0,0,0
2025-03-28,train,PF_0024357_01,PF_0024357|7560|2024-09-09,2,7560,2024-09-09,2025-05-31,139,0,0,4,4
2025-03-28,train,PF_0024357_01,PF_0024357|7560|2024-09-09,3,7560,2024-09-09,2025-05-31,139,0,0,0,0
2025-03-28,train,PF_0024357_01,PF_0024357|7560|2024-09-09,4,7560,2024-09-09,2025-05-31,139,0,0,0,0
2025-03-28,train,PF_0024357_01,PF_0024357|7560|2024-09-09,5,7560,2024-09-09,2025-05-31,139,0,0,0,0
2025-03-28,train,PF_0024357_01,PF_0024357|7560|2024-09-09,6,7560,2024-09-09,2025-05-31,139,0,0,0,0
2025-03-28,train,PF_0024357_01,PF_0024357|7560|2024-09-09,7,7560,2024-09-09,2025-05-31,139,0,0,0,0
2025-03-28,train,PF_0024357_01,PF_0024357|7560|2024-09-09,9,7560,2024-09-09,2025-05-31,139,0,0,0,0
2025-03-28,validation,PF_0024365_01,PF_0024365|7561|2024-09-10,1,7561,2024-09-10,2025-05-20,142,0,0,0,0
2025-03-28,validation,PF_0024365_01,PF_0024365|7561|2024-09-10,2,7561,2024-09-10,2025-05-20,142,0,0,0,0
2025-03-28,validation,PF_0024365_01,PF_0024365|7561|2024-09-10,3,7561,2024-09-10,2025-05-20,142,0,0,0,0
2025-03-28,validation,PF_0024365_01,PF_0024365|7561|2024-09-10,4,7561,2024-09-10,2025-05-20,142,0,0,0,0
2025-03-28,validation,PF_0024365_01,PF_0024365|7561|2024-09-10,5,7561,2024-09-10,2025-05-20,142,0,0,0,0
2025-03-28,validation,PF_0024365_01,PF_0024365|7561|2024-09-10,6,7561,2024-09-10,2025-05-20,142,0,0,0,0
2025-03-28,validation,PF_0024365_01,PF_0024365|7561|2024-09-10,8,7561,2024-09-10,2025-05-20,142,0,0,0,0
2025-03-28,validation,PF_0024365_01,PF_0024365|7561|2024-09-10,9,7561,2024-09-10,2025-05-20,142,0,0,0,0
2025-03-28,train,PF_0024688_01,PF_0024688|7558|2024-09-01,1,7558,2024-09-01,2025-06-30,160,0,0,0,0
2025-03-28,train,PF_0024688_01,PF_0024688|7558|2024-09-01,2,7558,2024-09-01,2025-06-30,160,0,0,0,0
2025-03-28,train,PF_0024688_01,PF_0024688|7558|2024-09-01,3,7558,2024-09-01,2025-06-30,160,0,0,0,0
2025-03-28,train,PF_0024688_01,PF_0024688|7558|2024-09-01,4,7558,2024-09-01,2025-06-30,160,0,0,0,0
2025-03-28,train,PF_0024688_01,PF_0024688|7558|2024-09-01,5,7558,2024-09-01,2025-06-30,160,0,0,0,0
2025-03-28,train,PF_0024688_01,PF_0024688|7558|2024-09-01,6,7558,2024-09-01,2025-06-30,160,0,0,0,0
2025-03-28,train,PF_0024688_01,PF_0024688|7558|2024-09-01,7,7558,2024-09-01,2025-06-30,160,0,0,0,0
2025-03-28,train,PF_0024688_01,PF_0024688|7558|2024-09-01,8,7558,2024-09-01,2025-06-30,160,0,0,0,0
2025-03-28,train,PF_0024688_01,PF_0024688|7558|2024-09-01,9,7558,2024-09-01,2025-06-30,160,0,0,0,0
2025-03-31,train,PF_0000574_01,PF_0000574|7579|2024-09-01,1,7579,2024-09-01,2025-06-30,13,0,0,0,0
2025-03-31,train,PF_0000574_01,PF_0000574|7579|2024-09-01,2,7579,2024-09-01,2025-06-30,13,0,0,0,0
2025-03-31,train,PF_0000574_01,PF_0000574|7579|2024-09-01,3,7579,2024-09-01,2025-06-30,13,0,0,0,0
2025-03-31,train,PF_0000574_01,PF_0000574|7579|2024-09-01,4,7579,2024-09-01,2025-06-30,13,0,0,1,1
2025-03-31,train,PF_0000574_01,PF_0000574|7579|2024-09-01,5,7579,2024-09-01,2025-06-30,13,0,0,1,1
2025-03-31,train,PF_0000574_01,PF_0000574|7579|2024-09-01,6,7579,2024-09-01,2025-06-30,13,0,0,1,1
2025-03-31,train,PF_0000574_01,PF_0000574|7579|2024-09-01,7,7579,2024-09-01,2025-06-30,13,0,0,0,0
2025-03-31,train,PF_0000574_01,PF_0000574|7579|2024-09-01,8,7579,2024-09-01,2025-06-30,13,0,0,0,0
2025-03-31,train,PF_0000574_01,PF_0000574|7579|2024-09-01,9,7579,2024-09-01,2025-06-30,13,0,0,0,0
2025-03-31,validation,PF_0000778_01,PF_0000778|7578|2024-09-15,1,7578,2024-09-15,2025-06-30,20,0,0,4,4
2025-03-31,validation,PF_0000778_01,PF_0000778|7578|2024-09-15,2,7578,2024-09-15,2025-06-30,20,0,0,0,0
2025-03-31,validation,PF_0000778_01,PF_0000778|7578|2024-09-15,3,7578,2024-09-15,2025-06-30,20,0,0,4,4
2025-03-31,validation,PF_0000778_01,PF_0000778|7578|2024-09-15,4,7578,2024-09-15,2025-06-30,20,0,0,0,0
2025-03-31,validation,PF_0000778_01,PF_0000778|7578|2024-09-15,5,7578,2024-09-15,2025-06-30,20,0,0,0,0
2025-03-31,validation,PF_0000778_01,PF_0000778|7578|2024-09-15,6,7578,2024-09-15,2025-06-30,20,0,0,0,0
2025-03-31,validation,PF_0000778_01,PF_0000778|7578|2024-09-15,7,7578,2024-09-15,2025-06-30,20,0,0,0,0
2025-03-31,validation,PF_0000778_01,PF_0000778|7578|2024-09-15,8,7578,2024-09-15,2025-06-30,20,0,0,0,0
2025-03-31,validation,PF_0000778_01,PF_0000778|7578|2024-09-15,9,7578,2024-09-15,2025-06-30,20,0,0,1,1
2025-03-31,train,PF_0024651_01,PF_0024651|7538|2024-09-15,1,7538,2024-09-15,2025-06-10,148,0,0,3,3
2025-03-31,train,PF_0024651_01,PF_0024651|7538|2024-09-15,2,7538,2024-09-15,2025-06-10,148,0,0,3,3
2025-03-31,train,PF_0024651_01,PF_0024651|7538|2024-09-15,3,7538,2024-09-15,2025-06-10,148,0,0,3,3
2025-03-31,train,PF_0024651_01,PF_0024651|7538|2024-09-15,4,7538,2024-09-15,2025-06-10,148,0,0,0,0
2025-03-31,train,PF_0024651_01,PF_0024651|7538|2024-09-15,5,7538,2024-09-15,2025-06-10,148,0,0,3,3
2025-03-31,train,PF_0024651_01,PF_0024651|7538|2024-09-15,6,7538,2024-09-15,2025-06-10,148,0,0,1,1
2025-03-31,train,PF_0024651_01,PF_0024651|7538|2024-09-15,7,7538,2024-09-15,2025-06-10,148,0,0,4,4
2025-03-31,train,PF_0024651_01,PF_0024651|7538|2024-09-15,8,7538,2024-09-15,2025-06-10,148,0,0,7,7
2025-03-31,train,PF_0024651_01,PF_0024651|7538|2024-09-15,9,7538,2024-09-15,2025-06-10,148,0,0,2,2
2025-03-31,train,PF_0024654_01,PF_0024654|7527|2024-09-15,1,7527,2024-09-15,2025-06-10,150,0,0,2,2
2025-03-31,train,PF_0024654_01,PF_0024654|7527|2024-09-15,2,7527,2024-09-15,2025-06-10,150,0,0,1,1
2025-03-31,train,PF_0024654_01,PF_0024654|7527|2024-09-15,3,7527,2024-09-15,2025-06-10,150,0,0,0,0
2025-03-31,train,PF_0024654_01,PF_0024654|7527|2024-09-15,4,7527,2024-09-15,2025-06-10,150,0,0,1,1
2025-03-31,train,PF_0024654_01,PF_0024654|7527|2024-09-15,5,7527,2024-09-15,2025-06-10,150,0,0,0,0
2025-03-31,train,PF_0024654_01,PF_0024654|7527|2024-09-15,6,7527,2024-09-15,2025-06-10,150,0,0,0,0
2025-03-31,train,PF_0024654_01,PF_0024654|7527|2024-09-15,7,7527,2024-09-15,2025-06-10,150,0,0,0,0
2025-03-31,train,PF_0024654_01,PF_0024654|7527|2024-09-15,8,7527,2024-09-15,2025-06-10,150,0,0,0,0
2025-03-31,train,PF_0024654_01,PF_0024654|7527|2024-09-15,9,7527,2024-09-15,2025-06-10,150,0,0,0,0
2025-03-31,train,PF_0024655_01,PF_0024655|7533|2024-09-15,1,7533,2024-09-15,2025-06-30,152,0,0,2,2
2025-03-31,train,PF_0024655_01,PF_0024655|7533|2024-09-15,2,7533,2024-09-15,2025-06-30,152,0,0,3,3
2025-03-31,train,PF_0024655_01,PF_0024655|7533|2024-09-15,3,7533,2024-09-15,2025-06-30,152,0,0,3,3
2025-03-31,train,PF_0024655_01,PF_0024655|7533|2024-09-15,4,7533,2024-09-15,2025-06-30,152,0,0,1,1
2025-03-31,train,PF_0024655_01,PF_0024655|7533|2024-09-15,5,7533,2024-09-15,2025-06-30,152,0,0,0,0
2025-03-31,train,PF_0024655_01,PF_0024655|7533|2024-09-15,6,7533,2024-09-15,2025-06-30,152,0,0,1,1
2025-03-31,train,PF_0024655_01,PF_0024655|7533|2024-09-15,7,7533,2024-09-15,2025-06-30,152,0,0,1,1
2025-03-31,train,PF_0024655_01,PF_0024655|7533|2024-09-15,8,7533,2024-09-15,2025-06-30,152,0,0,4,4
2025-03-31,train,PF_0024655_01,PF_0024655|7533|2024-09-15,9,7533,2024-09-15,2025-06-30,152,0,0,1,1
2025-03-31,train,PF_0025106_01,PF_0025106|7518|2024-09-17,1,7518,2024-09-17,2025-06-30,200,0,0,1,1
2025-03-31,train,PF_0025106_01,PF_0025106|7518|2024-09-17,2,7518,2024-09-17,2025-06-30,200,0,0,2,2
2025-03-31,train,PF_0025106_01,PF_0025106|7518|2024-09-17,3,7518,2024-09-17,2025-06-30,200,0,0,4,4
2025-03-31,train,PF_0025106_01,PF_0025106|7518|2024-09-17,4,7518,2024-09-17,2025-06-30,200,0,0,0,0
2025-03-31,train,PF_0025106_01,PF_0025106|7518|2024-09-17,5,7518,2024-09-17,2025-06-30,200,0,0,1,1
2025-03-31,train,PF_0025106_01,PF_0025106|7518|2024-09-17,6,7518,2024-09-17,2025-06-30,200,0,0,1,1
2025-03-31,train,PF_0025106_01,PF_0025106|7518|2024-09-17,7,7518,2024-09-17,2025-06-30,200,0,0,0,0
2025-03-31,train,PF_0025106_01,PF_0025106|7518|2024-09-17,8,7518,2024-09-17,2025-06-30,200,0,0,6,6
2025-03-31,train,PF_0025106_01,PF_0025106|7518|2024-09-17,9,7518,2024-09-17,2025-06-30,200,0,0,0,0
2025-04-01,test,PF_0024700_01,PF_0024700|7546|2024-09-10,1,7546,2024-09-10,2025-05-31,181,0,0,0,0
2025-04-01,test,PF_0024700_01,PF_0024700|7546|2024-09-10,2,7546,2024-09-10,2025-05-31,181,0,0,0,0
2025-04-01,test,PF_0024700_01,PF_0024700|7546|2024-09-10,3,7546,2024-09-10,2025-05-31,181,0,0,0,0
2025-04-01,test,PF_0024700_01,PF_0024700|7546|2024-09-10,4,7546,2024-09-10,2025-05-31,181,0,0,0,0
2025-04-01,test,PF_0024700_01,PF_0024700|7546|2024-09-10,5,7546,2024-09-10,2025-05-31,181,0,0,0,0
2025-04-01,test,PF_0024700_01,PF_0024700|7546|2024-09-10,6,7546,2024-09-10,2025-05-31,181,0,0,0,0
2025-04-01,test,PF_0024700_01,PF_0024700|7546|2024-09-10,7,7546,2024-09-10,2025-05-31,181,0,0,0,0
2025-04-01,test,PF_0024700_01,PF_0024700|7546|2024-09-10,8,7546,2024-09-10,2025-05-31,181,0,0,0,0
2025-04-01,test,PF_0024700_01,PF_0024700|7546|2024-09-10,9,7546,2024-09-10,2025-05-31,181,0,0,0,0
2025-04-01,train,PF_0025103_01,PF_0025103|7521|2024-09-15,1,7521,2024-09-15,2025-06-10,196,0,0,0,0
2025-04-01,train,PF_0025103_01,PF_0025103|7521|2024-09-15,2,7521,2024-09-15,2025-06-10,196,0,0,0,0
2025-04-01,train,PF_0025103_01,PF_0025103|7521|2024-09-15,3,7521,2024-09-15,2025-06-10,196,0,0,0,0
2025-04-01,train,PF_0025103_01,PF_0025103|7521|2024-09-15,4,7521,2024-09-15,2025-06-10,196,0,0,0,0
2025-04-01,train,PF_0025103_01,PF_0025103|7521|2024-09-15,5,7521,2024-09-15,2025-06-10,196,0,0,0,0
2025-04-01,train,PF_0025103_01,PF_0025103|7521|2024-09-15,6,7521,2024-09-15,2025-06-10,196,0,0,0,0
2025-04-01,train,PF_0025103_01,PF_0025103|7521|2024-09-15,7,7521,2024-09-15,2025-06-10,196,0,0,0,0
2025-04-01,train,PF_0025103_01,PF_0025103|7521|2024-09-15,8,7521,2024-09-15,2025-06-10,196,0,0,0,0
2025-04-01,train,PF_0025103_01,PF_0025103|7521|2024-09-15,9,7521,2024-09-15,2025-06-10,196,0,0,0,0
2025-04-02,train,PF_0002037_01,PF_0002037|7532|2024-09-20,1,7532,2024-09-20,2025-05-31,41,0,0,0,0
2025-04-02,train,PF_0002037_01,PF_0002037|7532|2024-09-20,2,7532,2024-09-20,2025-05-31,41,0,0,0,0
2025-04-02,train,PF_0002037_01,PF_0002037|7532|2024-09-20,3,7532,2024-09-20,2025-05-31,41,0,0,0,0
2025-04-02,train,PF_0002037_01,PF_0002037|7532|2024-09-20,4,7532,2024-09-20,2025-05-31,41,0,0,0,0
2025-04-02,train,PF_0002037_01,PF_0002037|7532|2024-09-20,5,7532,2024-09-20,2025-05-31,41,0,0,0,0
2025-04-02,train,PF_0002037_01,PF_0002037|7532|2024-09-20,6,7532,2024-09-20,2025-05-31,41,0,0,0,0
2025-04-02,train,PF_0002037_01,PF_0002037|7532|2024-09-20,7,7532,2024-09-20,2025-05-31,41,0,0,0,0
2025-04-02,train,PF_0002037_01,PF_0002037|7532|2024-09-20,8,7532,2024-09-20,2025-05-31,41,0,0,0,0
2025-04-02,train,PF_0002037_01,PF_0002037|7532|2024-09-20,9,7532,2024-09-20,2025-05-31,41,0,0,0,0
2025-04-02,train,PF_0021351_01,PF_0021351|7540|2024-09-07,1,7540,2024-09-07,2025-05-25,104,0,0,0,0
2025-04-02,train,PF_0021351_01,PF_0021351|7540|2024-09-07,3,7540,2024-09-07,2025-05-25,104,0,0,0,0
2025-04-02,train,PF_0021351_01,PF_0021351|7540|2024-09-07,4,7540,2024-09-07,2025-05-25,104,0,0,0,0
2025-04-02,train,PF_0021351_01,PF_0021351|7540|2024-09-07,5,7540,2024-09-07,2025-05-25,104,0,0,9,9
2025-04-02,train,PF_0021351_01,PF_0021351|7540|2024-09-07,6,7540,2024-09-07,2025-05-25,104,0,0,0,0
2025-04-02,train,PF_0021351_01,PF_0021351|7540|2024-09-07,7,7540,2024-09-07,2025-05-25,104,0,0,0,0
2025-04-02,train,PF_0021351_01,PF_0021351|7540|2024-09-07,8,7540,2024-09-07,2025-05-25,104,0,0,0,0
2025-04-02,train,PF_0021351_01,PF_0021351|7540|2024-09-07,9,7540,2024-09-07,2025-05-25,104,0,0,0,0
2025-04-02,train,PF_0022105_01,PF_0022105|7566|2024-09-01,1,7566,2024-09-01,2025-05-31,115,0,0,4,4
2025-04-02,train,PF_0022105_01,PF_0022105|7566|2024-09-01,2,7566,2024-09-01,2025-05-31,115,0,0,11,11
2025-04-02,train,PF_0022105_01,PF_0022105|7566|2024-09-01,4,7566,2024-09-01,2025-05-31,115,0,5,12,17
2025-04-02,train,PF_0022105_01,PF_0022105|7566|2024-09-01,6,7566,2024-09-01,2025-05-31,115,0,2,9,11
2025-04-02,train,PF_0022105_01,PF_0022105|7566|2024-09-01,7,7566,2024-09-01,2025-05-31,115,0,0,4,4
2025-04-02,train,PF_0022105_01,PF_0022105|7566|2024-09-01,8,7566,2024-09-01,2025-05-31,115,0,0,0,0
2025-04-02,train,PF_0022105_01,PF_0022105|7566|2024-09-01,9,7566,2024-09-01,2025-05-31,115,0,3,3,6
2025-04-04,test,PF_0023732_01,PF_0023732|7564|2024-08-31,1,7564,2024-08-31,2025-06-15,126,0,0,2,2
2025-04-04,test,PF_0023732_01,PF_0023732|7564|2024-08-31,2,7564,2024-08-31,2025-06-15,126,0,0,0,0
2025-04-04,test,PF_0023732_01,PF_0023732|7564|2024-08-31,3,7564,2024-08-31,2025-06-15,126,0,0,0,0
2025-04-04,test,PF_0023732_01,PF_0023732|7564|2024-08-31,4,7564,2024-08-31,2025-06-15,126,0,0,0,0
2025-04-04,test,PF_0023732_01,PF_0023732|7564|2024-08-31,5,7564,2024-08-31,2025-06-15,126,0,0,0,0
2025-04-04,test,PF_0023732_01,PF_0023732|7564|2024-08-31,6,7564,2024-08-31,2025-06-15,126,0,0,0,0
2025-04-04,test,PF_0023732_01,PF_0023732|7564|2024-08-31,7,7564,2024-08-31,2025-06-15,126,0,0,0,0
2025-04-04,test,PF_0023732_01,PF_0023732|7564|2024-08-31,8,7564,2024-08-31,2025-06-15,126,0,0,0,0
2025-04-04,test,PF_0023732_01,PF_0023732|7564|2024-08-31,9,7564,2024-08-31,2025-06-15,126,0,0,0,0
2025-04-04,train,PF_0023743_01,PF_0023743|7559|2024-09-10,1,7559,2024-09-10,2025-05-31,129,0,0,0,0
2025-04-04,train,PF_0023743_01,PF_0023743|7559|2024-09-10,2,7559,2024-09-10,2025-05-31,129,0,0,0,0
2025-04-04,train,PF_0023743_01,PF_0023743|7559|2024-09-10,3,7559,2024-09-10,2025-05-31,129,0,0,0,0
2025-04-04,train,PF_0023743_01,PF_0023743|7559|2024-09-10,4,7559,2024-09-10,2025-05-31,129,0,0,0,0
2025-04-04,train,PF_0023743_01,PF_0023743|7559|2024-09-10,5,7559,2024-09-10,2025-05-31,129,0,0,0,0
2025-04-04,train,PF_0023743_01,PF_0023743|7559|2024-09-10,6,7559,2024-09-10,2025-05-31,129,0,0,0,0
2025-04-04,train,PF_0023743_01,PF_0023743|7559|2024-09-10,7,7559,2024-09-10,2025-05-31,129,0,0,0,0
2025-04-04,train,PF_0023743_01,PF_0023743|7559|2024-09-10,8,7559,2024-09-10,2025-05-31,129,0,0,0,0
2025-04-04,train,PF_0023743_01,PF_0023743|7559|2024-09-10,9,7559,2024-09-10,2025-05-31,129,0,0,0,0
2025-04-04,validation,PF_0023923_01,PF_0023923|7562|2024-08-31,1,7562,2024-08-31,2025-06-15,132,0,0,0,0
2025-04-04,validation,PF_0023923_01,PF_0023923|7562|2024-08-31,4,7562,2024-08-31,2025-06-15,132,0,0,0,0
2025-04-04,validation,PF_0023923_01,PF_0023923|7562|2024-08-31,5,7562,2024-08-31,2025-06-15,132,0,0,0,0
2025-04-04,validation,PF_0023923_01,PF_0023923|7562|2024-08-31,6,7562,2024-08-31,2025-06-15,132,0,0,0,0
2025-04-04,validation,PF_0023923_01,PF_0023923|7562|2024-08-31,8,7562,2024-08-31,2025-06-15,132,0,0,0,0
2025-04-04,validation,PF_0023923_01,PF_0023923|7562|2024-08-31,9,7562,2024-08-31,2025-06-15,132,0,0,0,0
2025-04-04,train,PF_0024357_01,PF_0024357|7560|2024-09-09,1,7560,2024-09-09,2025-05-31,139,0,0,0,0
2025-04-04,train,PF_0024357_01,PF_0024357|7560|2024-09-09,2,7560,2024-09-09,2025-05-31,139,0,0,0,0
2025-04-04,train,PF_0024357_01,PF_0024357|7560|2024-09-09,3,7560,2024-09-09,2025-05-31,139,0,0,0,0
2025-04-04,train,PF_0024357_01,PF_0024357|7560|2024-09-09,4,7560,2024-09-09,2025-05-31,139,0,0,0,0
2025-04-04,train,PF_0024357_01,PF_0024357|7560|2024-09-09,5,7560,2024-09-09,2025-05-31,139,0,0,0,0
2025-04-04,train,PF_0024357_01,PF_0024357|7560|2024-09-09,6,7560,2024-09-09,2025-05-31,139,0,0,0,0
2025-04-04,train,PF_0024357_01,PF_0024357|7560|2024-09-09,7,7560,2024-09-09,2025-05-31,139,0,0,0,0
2025-04-04,train,PF_0024357_01,PF_0024357|7560|2024-09-09,9,7560,2024-09-09,2025-05-31,139,0,0,0,0
2025-04-04,validation,PF_0024365_01,PF_0024365|7561|2024-09-10,1,7561,2024-09-10,2025-05-20,142,0,0,0,0
2025-04-04,validation,PF_0024365_01,PF_0024365|7561|2024-09-10,2,7561,2024-09-10,2025-05-20,142,0,0,0,0
2025-04-04,validation,PF_0024365_01,PF_0024365|7561|2024-09-10,3,7561,2024-09-10,2025-05-20,142,0,0,0,0
2025-04-04,validation,PF_0024365_01,PF_0024365|7561|2024-09-10,4,7561,2024-09-10,2025-05-20,142,0,0,0,0
2025-04-04,validation,PF_0024365_01,PF_0024365|7561|2024-09-10,5,7561,2024-09-10,2025-05-20,142,0,0,0,0
2025-04-04,validation,PF_0024365_01,PF_0024365|7561|2024-09-10,6,7561,2024-09-10,2025-05-20,142,0,0,0,0
2025-04-04,validation,PF_0024365_01,PF_0024365|7561|2024-09-10,8,7561,2024-09-10,2025-05-20,142,0,0,0,0
2025-04-04,validation,PF_0024365_01,PF_0024365|7561|2024-09-10,9,7561,2024-09-10,2025-05-20,142,0,0,0,0
2025-04-04,train,PF_0024688_01,PF_0024688|7558|2024-09-01,1,7558,2024-09-01,2025-06-30,160,0,0,0,0
2025-04-04,train,PF_0024688_01,PF_0024688|7558|2024-09-01,2,7558,2024-09-01,2025-06-30,160,0,0,0,0
2025-04-04,train,PF_0024688_01,PF_0024688|7558|2024-09-01,3,7558,2024-09-01,2025-06-30,160,0,0,0,0
2025-04-04,train,PF_0024688_01,PF_0024688|7558|2024-09-01,4,7558,2024-09-01,2025-06-30,160,0,0,0,0
2025-04-04,train,PF_0024688_01,PF_0024688|7558|2024-09-01,5,7558,2024-09-01,2025-06-30,160,0,0,0,0
2025-04-04,train,PF_0024688_01,PF_0024688|7558|2024-09-01,6,7558,2024-09-01,2025-06-30,160,0,0,0,0
2025-04-04,train,PF_0024688_01,PF_0024688|7558|2024-09-01,7,7558,2024-09-01,2025-06-30,160,0,0,0,0
2025-04-04,train,PF_0024688_01,PF_0024688|7558|2024-09-01,8,7558,2024-09-01,2025-06-30,160,0,0,0,0
2025-04-04,train,PF_0024688_01,PF_0024688|7558|2024-09-01,9,7558,2024-09-01,2025-06-30,160,0,0,0,0
2025-04-07,train,PF_0000574_01,PF_0000574|7579|2024-09-01,1,7579,2024-09-01,2025-06-30,13,0,0,0,0
2025-04-07,train,PF_0000574_01,PF_0000574|7579|2024-09-01,2,7579,2024-09-01,2025-06-30,13,0,0,0,0
2025-04-07,train,PF_0000574_01,PF_0000574|7579|2024-09-01,3,7579,2024-09-01,2025-06-30,13,0,0,0,0
2025-04-07,train,PF_0000574_01,PF_0000574|7579|2024-09-01,4,7579,2024-09-01,2025-06-30,13,0,0,0,0
2025-04-07,train,PF_0000574_01,PF_0000574|7579|2024-09-01,5,7579,2024-09-01,2025-06-30,13,0,0,0,0
2025-04-07,train,PF_0000574_01,PF_0000574|7579|2024-09-01,6,7579,2024-09-01,2025-06-30,13,0,0,0,0
2025-04-07,train,PF_0000574_01,PF_0000574|7579|2024-09-01,7,7579,2024-09-01,2025-06-30,13,0,0,0,0
2025-04-07,train,PF_0000574_01,PF_0000574|7579|2024-09-01,8,7579,2024-09-01,2025-06-30,13,0,0,0,0
2025-04-07,train,PF_0000574_01,PF_0000574|7579|2024-09-01,9,7579,2024-09-01,2025-06-30,13,0,0,0,0
2025-04-07,validation,PF_0000778_01,PF_0000778|7578|2024-09-15,1,7578,2024-09-15,2025-06-30,20,0,0,0,0
2025-04-07,validation,PF_0000778_01,PF_0000778|7578|2024-09-15,2,7578,2024-09-15,2025-06-30,20,0,0,0,0
2025-04-07,validation,PF_0000778_01,PF_0000778|7578|2024-09-15,3,7578,2024-09-15,2025-06-30,20,0,0,0,0
2025-04-07,validation,PF_0000778_01,PF_0000778|7578|2024-09-15,4,7578,2024-09-15,2025-06-30,20,0,0,0,0
2025-04-07,validation,PF_0000778_01,PF_0000778|7578|2024-09-15,5,7578,2024-09-15,2025-06-30,20,0,0,0,0
2025-04-07,validation,PF_0000778_01,PF_0000778|7578|2024-09-15,6,7578,2024-09-15,2025-06-30,20,0,0,0,0
2025-04-07,validation,PF_0000778_01,PF_0000778|7578|2024-09-15,7,7578,2024-09-15,2025-06-30,20,0,0,0,0
2025-04-07,validation,PF_0000778_01,PF_0000778|7578|2024-09-15,8,7578,2024-09-15,2025-06-30,20,0,0,0,0
2025-04-07,validation,PF_0000778_01,PF_0000778|7578|2024-09-15,9,7578,2024-09-15,2025-06-30,20,0,0,0,0
2025-04-07,train,PF_0024651_01,PF_0024651|7538|2024-09-15,1,7538,2024-09-15,2025-06-10,148,0,0,7,7
2025-04-07,train,PF_0024651_01,PF_0024651|7538|2024-09-15,2,7538,2024-09-15,2025-06-10,148,0,0,6,6
2025-04-07,train,PF_0024651_01,PF_0024651|7538|2024-09-15,3,7538,2024-09-15,2025-06-10,148,0,0,3,3
2025-04-07,train,PF_0024651_01,PF_0024651|7538|2024-09-15,4,7538,2024-09-15,2025-06-10,148,0,0,0,0
2025-04-07,train,PF_0024651_01,PF_0024651|7538|2024-09-15,5,7538,2024-09-15,2025-06-10,148,0,0,2,2
2025-04-07,train,PF_0024651_01,PF_0024651|7538|2024-09-15,6,7538,2024-09-15,2025-06-10,148,0,0,3,3
2025-04-07,train,PF_0024651_01,PF_0024651|7538|2024-09-15,7,7538,2024-09-15,2025-06-10,148,0,0,4,4
2025-04-07,train,PF_0024651_01,PF_0024651|7538|2024-09-15,8,7538,2024-09-15,2025-06-10,148,0,0,2,2
2025-04-07,train,PF_0024651_01,PF_0024651|7538|2024-09-15,9,7538,2024-09-15,2025-06-10,148,0,0,0,0
2025-04-07,train,PF_0024654_01,PF_0024654|7527|2024-09-15,1,7527,2024-09-15,2025-06-10,150,0,0,4,4
2025-04-07,train,PF_0024654_01,PF_0024654|7527|2024-09-15,2,7527,2024-09-15,2025-06-10,150,0,0,0,0
2025-04-07,train,PF_0024654_01,PF_0024654|7527|2024-09-15,3,7527,2024-09-15,2025-06-10,150,0,0,0,0
2025-04-07,train,PF_0024654_01,PF_0024654|7527|2024-09-15,4,7527,2024-09-15,2025-06-10,150,0,0,0,0
2025-04-07,train,PF_0024654_01,PF_0024654|7527|2024-09-15,5,7527,2024-09-15,2025-06-10,150,0,0,0,0
2025-04-07,train,PF_0024654_01,PF_0024654|7527|2024-09-15,6,7527,2024-09-15,2025-06-10,150,0,0,4,4
2025-04-07,train,PF_0024654_01,PF_0024654|7527|2024-09-15,7,7527,2024-09-15,2025-06-10,150,0,0,2,2
2025-04-07,train,PF_0024654_01,PF_0024654|7527|2024-09-15,8,7527,2024-09-15,2025-06-10,150,0,0,0,0
2025-04-07,train,PF_0024654_01,PF_0024654|7527|2024-09-15,9,7527,2024-09-15,2025-06-10,150,0,0,0,0
2025-04-07,train,PF_0024655_01,PF_0024655|7533|2024-09-15,1,7533,2024-09-15,2025-06-30,152,0,0,0,0
2025-04-07,train,PF_0024655_01,PF_0024655|7533|2024-09-15,2,7533,2024-09-15,2025-06-30,152,0,0,0,0
2025-04-07,train,PF_0024655_01,PF_0024655|7533|2024-09-15,3,7533,2024-09-15,2025-06-30,152,0,0,0,0
2025-04-07,train,PF_0024655_01,PF_0024655|7533|2024-09-15,4,7533,2024-09-15,2025-06-30,152,0,0,0,0
2025-04-07,train,PF_0024655_01,PF_0024655|7533|2024-09-15,5,7533,2024-09-15,2025-06-30,152,0,0,0,0
2025-04-07,train,PF_0024655_01,PF_0024655|7533|2024-09-15,6,7533,2024-09-15,2025-06-30,152,0,0,0,0
2025-04-07,train,PF_0024655_01,PF_0024655|7533|2024-09-15,7,7533,2024-09-15,2025-06-30,152,0,0,0,0
2025-04-07,train,PF_0024655_01,PF_0024655|7533|2024-09-15,8,7533,2024-09-15,2025-06-30,152,0,0,0,0
2025-04-07,train,PF_0024655_01,PF_0024655|7533|2024-09-15,9,7533,2024-09-15,2025-06-30,152,0,0,0,0
2025-04-07,train,PF_0025106_01,PF_0025106|7518|2024-09-17,1,7518,2024-09-17,2025-06-30,200,0,0,0,0
2025-04-07,train,PF_0025106_01,PF_0025106|7518|2024-09-17,2,7518,2024-09-17,2025-06-30,200,0,0,0,0
2025-04-07,train,PF_0025106_01,PF_0025106|7518|2024-09-17,3,7518,2024-09-17,2025-06-30,200,0,0,0,0
2025-04-07,train,PF_0025106_01,PF_0025106|7518|2024-09-17,4,7518,2024-09-17,2025-06-30,200,0,0,6,6
2025-04-07,train,PF_0025106_01,PF_0025106|7518|2024-09-17,5,7518,2024-09-17,2025-06-30,200,0,0,0,0
2025-04-07,train,PF_0025106_01,PF_0025106|7518|2024-09-17,6,7518,2024-09-17,2025-06-30,200,0,0,0,0
2025-04-07,train,PF_0025106_01,PF_0025106|7518|2024-09-17,7,7518,2024-09-17,2025-06-30,200,0,0,4,4
2025-04-07,train,PF_0025106_01,PF_0025106|7518|2024-09-17,8,7518,2024-09-17,2025-06-30,200,0,0,2,2
2025-04-07,train,PF_0025106_01,PF_0025106|7518|2024-09-17,9,7518,2024-09-17,2025-06-30,200,0,0,2,2
2025-04-08,test,PF_0023621_01,PF_0023621|7565|2024-09-15,2,7565,2024-09-15,2025-05-03,122,0,0,0,0
2025-04-08,test,PF_0023621_01,PF_0023621|7565|2024-09-15,3,7565,2024-09-15,2025-05-03,122,0,0,0,0
2025-04-08,test,PF_0023621_01,PF_0023621|7565|2024-09-15,5,7565,2024-09-15,2025-05-03,122,0,0,0,0
2025-04-08,test,PF_0023621_01,PF_0023621|7565|2024-09-15,6,7565,2024-09-15,2025-05-03,122,0,0,0,0
2025-04-08,test,PF_0024700_01,PF_0024700|7546|2024-09-10,1,7546,2024-09-10,2025-05-31,181,0,0,0,0
2025-04-08,test,PF_0024700_01,PF_0024700|7546|2024-09-10,2,7546,2024-09-10,2025-05-31,181,0,0,0,0
2025-04-08,test,PF_0024700_01,PF_0024700|7546|2024-09-10,3,7546,2024-09-10,2025-05-31,181,0,0,0,0
2025-04-08,test,PF_0024700_01,PF_0024700|7546|2024-09-10,4,7546,2024-09-10,2025-05-31,181,0,0,0,0
2025-04-08,test,PF_0024700_01,PF_0024700|7546|2024-09-10,5,7546,2024-09-10,2025-05-31,181,0,0,0,0
2025-04-08,test,PF_0024700_01,PF_0024700|7546|2024-09-10,6,7546,2024-09-10,2025-05-31,181,0,0,0,0
2025-04-08,test,PF_0024700_01,PF_0024700|7546|2024-09-10,7,7546,2024-09-10,2025-05-31,181,0,0,0,0
2025-04-08,test,PF_0024700_01,PF_0024700|7546|2024-09-10,8,7546,2024-09-10,2025-05-31,181,0,0,0,0
2025-04-08,test,PF_0024700_01,PF_0024700|7546|2024-09-10,9,7546,2024-09-10,2025-05-31,181,0,0,0,0
2025-04-08,train,PF_0025103_01,PF_0025103|7521|2024-09-15,1,7521,2024-09-15,2025-06-10,196,0,0,0,0
2025-04-08,train,PF_0025103_01,PF_0025103|7521|2024-09-15,2,7521,2024-09-15,2025-06-10,196,0,0,0,0
2025-04-08,train,PF_0025103_01,PF_0025103|7521|2024-09-15,3,7521,2024-09-15,2025-06-10,196,0,0,0,0
2025-04-08,train,PF_0025103_01,PF_0025103|7521|2024-09-15,4,7521,2024-09-15,2025-06-10,196,0,0,0,0
2025-04-08,train,PF_0025103_01,PF_0025103|7521|2024-09-15,5,7521,2024-09-15,2025-06-10,196,0,0,0,0
2025-04-08,train,PF_0025103_01,PF_0025103|7521|2024-09-15,6,7521,2024-09-15,2025-06-10,196,0,0,0,0
2025-04-08,train,PF_0025103_01,PF_0025103|7521|2024-09-15,7,7521,2024-09-15,2025-06-10,196,0,0,0,0
2025-04-08,train,PF_0025103_01,PF_0025103|7521|2024-09-15,8,7521,2024-09-15,2025-06-10,196,0,0,0,0
2025-04-08,train,PF_0025103_01,PF_0025103|7521|2024-09-15,9,7521,2024-09-15,2025-06-10,196,0,0,0,0
2025-04-09,train,PF_0002037_01,PF_0002037|7532|2024-09-20,1,7532,2024-09-20,2025-05-31,41,0,0,0,0
2025-04-09,train,PF_0002037_01,PF_0002037|7532|2024-09-20,2,7532,2024-09-20,2025-05-31,41,0,0,0,0
2025-04-09,train,PF_0002037_01,PF_0002037|7532|2024-09-20,3,7532,2024-09-20,2025-05-31,41,0,0,0,0
2025-04-09,train,PF_0002037_01,PF_0002037|7532|2024-09-20,4,7532,2024-09-20,2025-05-31,41,0,0,0,0
2025-04-09,train,PF_0002037_01,PF_0002037|7532|2024-09-20,5,7532,2024-09-20,2025-05-31,41,0,0,0,0
2025-04-09,train,PF_0002037_01,PF_0002037|7532|2024-09-20,6,7532,2024-09-20,2025-05-31,41,0,0,0,0
2025-04-09,train,PF_0002037_01,PF_0002037|7532|2024-09-20,7,7532,2024-09-20,2025-05-31,41,0,0,0,0
2025-04-09,train,PF_0002037_01,PF_0002037|7532|2024-09-20,8,7532,2024-09-20,2025-05-31,41,0,0,0,0
2025-04-09,train,PF_0002037_01,PF_0002037|7532|2024-09-20,9,7532,2024-09-20,2025-05-31,41,0,0,0,0
2025-04-09,train,PF_0021351_01,PF_0021351|7540|2024-09-07,1,7540,2024-09-07,2025-05-25,104,0,0,0,0
2025-04-09,train,PF_0021351_01,PF_0021351|7540|2024-09-07,3,7540,2024-09-07,2025-05-25,104,0,0,0,0
2025-04-09,train,PF_0021351_01,PF_0021351|7540|2024-09-07,4,7540,2024-09-07,2025-05-25,104,0,0,0,0
2025-04-09,train,PF_0021351_01,PF_0021351|7540|2024-09-07,5,7540,2024-09-07,2025-05-25,104,0,0,7,7
2025-04-09,train,PF_0021351_01,PF_0021351|7540|2024-09-07,6,7540,2024-09-07,2025-05-25,104,0,0,0,0
2025-04-09,train,PF_0021351_01,PF_0021351|7540|2024-09-07,7,7540,2024-09-07,2025-05-25,104,0,0,0,0
2025-04-09,train,PF_0021351_01,PF_0021351|7540|2024-09-07,8,7540,2024-09-07,2025-05-25,104,0,0,0,0
2025-04-09,train,PF_0021351_01,PF_0021351|7540|2024-09-07,9,7540,2024-09-07,2025-05-25,104,0,0,0,0
2025-04-09,train,PF_0022105_01,PF_0022105|7566|2024-09-01,1,7566,2024-09-01,2025-05-31,115,0,0,0,0
2025-04-09,train,PF_0022105_01,PF_0022105|7566|2024-09-01,2,7566,2024-09-01,2025-05-31,115,0,0,9,9
2025-04-09,train,PF_0022105_01,PF_0022105|7566|2024-09-01,4,7566,2024-09-01,2025-05-31,115,0,6,11,17
2025-04-09,train,PF_0022105_01,PF_0022105|7566|2024-09-01,6,7566,2024-09-01,2025-05-31,115,0,0,7,7
2025-04-09,train,PF_0022105_01,PF_0022105|7566|2024-09-01,7,7566,2024-09-01,2025-05-31,115,0,0,2,2
2025-04-09,train,PF_0022105_01,PF_0022105|7566|2024-09-01,8,7566,2024-09-01,2025-05-31,115,0,0,0,0
2025-04-09,train,PF_0022105_01,PF_0022105|7566|2024-09-01,9,7566,2024-09-01,2025-05-31,115,0,0,3,3
2025-04-10,test,PF_0023732_01,PF_0023732|7564|2024-08-31,1,7564,2024-08-31,2025-06-15,126,0,0,0,0
2025-04-10,test,PF_0023732_01,PF_0023732|7564|2024-08-31,2,7564,2024-08-31,2025-06-15,126,0,0,0,0
2025-04-10,test,PF_0023732_01,PF_0023732|7564|2024-08-31,3,7564,2024-08-31,2025-06-15,126,0,0,0,0
2025-04-10,test,PF_0023732_01,PF_0023732|7564|2024-08-31,4,7564,2024-08-31,2025-06-15,126,0,0,0,0
2025-04-10,test,PF_0023732_01,PF_0023732|7564|2024-08-31,5,7564,2024-08-31,2025-06-15,126,0,0,0,0
2025-04-10,test,PF_0023732_01,PF_0023732|7564|2024-08-31,6,7564,2024-08-31,2025-06-15,126,0,0,0,0
2025-04-10,test,PF_0023732_01,PF_0023732|7564|2024-08-31,7,7564,2024-08-31,2025-06-15,126,0,0,0,0
2025-04-10,test,PF_0023732_01,PF_0023732|7564|2024-08-31,8,7564,2024-08-31,2025-06-15,126,0,0,0,0
2025-04-10,test,PF_0023732_01,PF_0023732|7564|2024-08-31,9,7564,2024-08-31,2025-06-15,126,0,0,0,0
2025-04-10,train,PF_0023743_01,PF_0023743|7559|2024-09-10,1,7559,2024-09-10,2025-05-31,129,0,0,0,0
2025-04-10,train,PF_0023743_01,PF_0023743|7559|2024-09-10,2,7559,2024-09-10,2025-05-31,129,0,0,0,0
2025-04-10,train,PF_0023743_01,PF_0023743|7559|2024-09-10,3,7559,2024-09-10,2025-05-31,129,0,0,0,0
2025-04-10,train,PF_0023743_01,PF_0023743|7559|2024-09-10,4,7559,2024-09-10,2025-05-31,129,0,0,0,0
2025-04-10,train,PF_0023743_01,PF_0023743|7559|2024-09-10,5,7559,2024-09-10,2025-05-31,129,0,0,0,0
2025-04-10,train,PF_0023743_01,PF_0023743|7559|2024-09-10,6,7559,2024-09-10,2025-05-31,129,0,0,0,0
2025-04-10,train,PF_0023743_01,PF_0023743|7559|2024-09-10,7,7559,2024-09-10,2025-05-31,129,0,0,0,0
2025-04-10,train,PF_0023743_01,PF_0023743|7559|2024-09-10,8,7559,2024-09-10,2025-05-31,129,0,0,0,0
2025-04-10,train,PF_0023743_01,PF_0023743|7559|2024-09-10,9,7559,2024-09-10,2025-05-31,129,0,0,0,0
2025-04-10,validation,PF_0023923_01,PF_0023923|7562|2024-08-31,1,7562,2024-08-31,2025-06-15,132,0,0,0,0
2025-04-10,validation,PF_0023923_01,PF_0023923|7562|2024-08-31,4,7562,2024-08-31,2025-06-15,132,0,0,0,0
2025-04-10,validation,PF_0023923_01,PF_0023923|7562|2024-08-31,5,7562,2024-08-31,2025-06-15,132,0,0,0,0
2025-04-10,validation,PF_0023923_01,PF_0023923|7562|2024-08-31,6,7562,2024-08-31,2025-06-15,132,0,0,0,0
2025-04-10,validation,PF_0023923_01,PF_0023923|7562|2024-08-31,8,7562,2024-08-31,2025-06-15,132,0,0,0,0
2025-04-10,validation,PF_0023923_01,PF_0023923|7562|2024-08-31,9,7562,2024-08-31,2025-06-15,132,0,0,0,0
2025-04-10,train,PF_0024357_01,PF_0024357|7560|2024-09-09,1,7560,2024-09-09,2025-05-31,139,0,0,0,0
2025-04-10,train,PF_0024357_01,PF_0024357|7560|2024-09-09,2,7560,2024-09-09,2025-05-31,139,0,0,0,0
2025-04-10,train,PF_0024357_01,PF_0024357|7560|2024-09-09,3,7560,2024-09-09,2025-05-31,139,0,0,0,0
2025-04-10,train,PF_0024357_01,PF_0024357|7560|2024-09-09,4,7560,2024-09-09,2025-05-31,139,0,0,0,0
2025-04-10,train,PF_0024357_01,PF_0024357|7560|2024-09-09,5,7560,2024-09-09,2025-05-31,139,3,0,0,3
2025-04-10,train,PF_0024357_01,PF_0024357|7560|2024-09-09,6,7560,2024-09-09,2025-05-31,139,0,0,0,0
2025-04-10,train,PF_0024357_01,PF_0024357|7560|2024-09-09,7,7560,2024-09-09,2025-05-31,139,0,0,0,0
2025-04-10,train,PF_0024357_01,PF_0024357|7560|2024-09-09,9,7560,2024-09-09,2025-05-31,139,0,0,0,0
2025-04-10,validation,PF_0024365_01,PF_0024365|7561|2024-09-10,1,7561,2024-09-10,2025-05-20,142,0,0,0,0
2025-04-10,validation,PF_0024365_01,PF_0024365|7561|2024-09-10,2,7561,2024-09-10,2025-05-20,142,0,0,0,0
2025-04-10,validation,PF_0024365_01,PF_0024365|7561|2024-09-10,3,7561,2024-09-10,2025-05-20,142,0,0,0,0
2025-04-10,validation,PF_0024365_01,PF_0024365|7561|2024-09-10,4,7561,2024-09-10,2025-05-20,142,0,0,0,0
2025-04-10,validation,PF_0024365_01,PF_0024365|7561|2024-09-10,5,7561,2024-09-10,2025-05-20,142,0,0,0,0
2025-04-10,validation,PF_0024365_01,PF_0024365|7561|2024-09-10,6,7561,2024-09-10,2025-05-20,142,0,0,0,0
2025-04-10,validation,PF_0024365_01,PF_0024365|7561|2024-09-10,8,7561,2024-09-10,2025-05-20,142,0,0,0,0
2025-04-10,validation,PF_0024365_01,PF_0024365|7561|2024-09-10,9,7561,2024-09-10,2025-05-20,142,0,0,0,0
2025-04-10,train,PF_0024688_01,PF_0024688|7558|2024-09-01,1,7558,2024-09-01,2025-06-30,160,0,0,0,0
2025-04-10,train,PF_0024688_01,PF_0024688|7558|2024-09-01,2,7558,2024-09-01,2025-06-30,160,0,0,0,0
2025-04-10,train,PF_0024688_01,PF_0024688|7558|2024-09-01,3,7558,2024-09-01,2025-06-30,160,0,0,0,0
2025-04-10,train,PF_0024688_01,PF_0024688|7558|2024-09-01,4,7558,2024-09-01,2025-06-30,160,0,0,0,0
2025-04-10,train,PF_0024688_01,PF_0024688|7558|2024-09-01,5,7558,2024-09-01,2025-06-30,160,0,0,0,0
2025-04-10,train,PF_0024688_01,PF_0024688|7558|2024-09-01,6,7558,2024-09-01,2025-06-30,160,0,0,0,0
2025-04-10,train,PF_0024688_01,PF_0024688|7558|2024-09-01,7,7558,2024-09-01,2025-06-30,160,0,0,0,0
2025-04-10,train,PF_0024688_01,PF_0024688|7558|2024-09-01,8,7558,2024-09-01,2025-06-30,160,0,0,0,0
2025-04-10,train,PF_0024688_01,PF_0024688|7558|2024-09-01,9,7558,2024-09-01,2025-06-30,160,0,0,0,0
2025-04-14,train,PF_0000574_01,PF_0000574|7579|2024-09-01,1,7579,2024-09-01,2025-06-30,13,0,0,0,0
2025-04-14,train,PF_0000574_01,PF_0000574|7579|2024-09-01,2,7579,2024-09-01,2025-06-30,13,0,0,0,0
2025-04-14,train,PF_0000574_01,PF_0000574|7579|2024-09-01,3,7579,2024-09-01,2025-06-30,13,0,0,0,0
2025-04-14,train,PF_0000574_01,PF_0000574|7579|2024-09-01,4,7579,2024-09-01,2025-06-30,13,0,0,0,0
2025-04-14,train,PF_0000574_01,PF_0000574|7579|2024-09-01,5,7579,2024-09-01,2025-06-30,13,0,0,0,0
2025-04-14,train,PF_0000574_01,PF_0000574|7579|2024-09-01,6,7579,2024-09-01,2025-06-30,13,0,0,0,0
2025-04-14,train,PF_0000574_01,PF_0000574|7579|2024-09-01,7,7579,2024-09-01,2025-06-30,13,0,0,0,0
2025-04-14,train,PF_0000574_01,PF_0000574|7579|2024-09-01,8,7579,2024-09-01,2025-06-30,13,0,0,0,0
2025-04-14,train,PF_0000574_01,PF_0000574|7579|2024-09-01,9,7579,2024-09-01,2025-06-30,13,0,0,0,0
2025-04-14,validation,PF_0000778_01,PF_0000778|7578|2024-09-15,1,7578,2024-09-15,2025-06-30,20,0,0,0,0
2025-04-14,validation,PF_0000778_01,PF_0000778|7578|2024-09-15,2,7578,2024-09-15,2025-06-30,20,0,0,0,0
2025-04-14,validation,PF_0000778_01,PF_0000778|7578|2024-09-15,3,7578,2024-09-15,2025-06-30,20,0,0,0,0
2025-04-14,validation,PF_0000778_01,PF_0000778|7578|2024-09-15,4,7578,2024-09-15,2025-06-30,20,0,0,0,0
2025-04-14,validation,PF_0000778_01,PF_0000778|7578|2024-09-15,5,7578,2024-09-15,2025-06-30,20,0,0,0,0
2025-04-14,validation,PF_0000778_01,PF_0000778|7578|2024-09-15,6,7578,2024-09-15,2025-06-30,20,0,0,0,0
2025-04-14,validation,PF_0000778_01,PF_0000778|7578|2024-09-15,7,7578,2024-09-15,2025-06-30,20,0,0,0,0
2025-04-14,validation,PF_0000778_01,PF_0000778|7578|2024-09-15,8,7578,2024-09-15,2025-06-30,20,0,0,0,0
2025-04-14,validation,PF_0000778_01,PF_0000778|7578|2024-09-15,9,7578,2024-09-15,2025-06-30,20,0,0,0,0
2025-04-14,train,PF_0024651_01,PF_0024651|7538|2024-09-15,1,7538,2024-09-15,2025-06-10,148,0,0,0,0
2025-04-14,train,PF_0024651_01,PF_0024651|7538|2024-09-15,2,7538,2024-09-15,2025-06-10,148,0,0,0,0
2025-04-14,train,PF_0024651_01,PF_0024651|7538|2024-09-15,3,7538,2024-09-15,2025-06-10,148,0,0,0,0
2025-04-14,train,PF_0024651_01,PF_0024651|7538|2024-09-15,4,7538,2024-09-15,2025-06-10,148,0,0,0,0
2025-04-14,train,PF_0024651_01,PF_0024651|7538|2024-09-15,5,7538,2024-09-15,2025-06-10,148,0,0,0,0
2025-04-14,train,PF_0024651_01,PF_0024651|7538|2024-09-15,6,7538,2024-09-15,2025-06-10,148,0,0,0,0
2025-04-14,train,PF_0024651_01,PF_0024651|7538|2024-09-15,7,7538,2024-09-15,2025-06-10,148,0,0,3,3
2025-04-14,train,PF_0024651_01,PF_0024651|7538|2024-09-15,8,7538,2024-09-15,2025-06-10,148,0,0,0,0
2025-04-14,train,PF_0024651_01,PF_0024651|7538|2024-09-15,9,7538,2024-09-15,2025-06-10,148,0,0,0,0
2025-04-14,train,PF_0024654_01,PF_0024654|7527|2024-09-15,1,7527,2024-09-15,2025-06-10,150,0,0,0,0
2025-04-14,train,PF_0024654_01,PF_0024654|7527|2024-09-15,2,7527,2024-09-15,2025-06-10,150,0,0,0,0
2025-04-14,train,PF_0024654_01,PF_0024654|7527|2024-09-15,3,7527,2024-09-15,2025-06-10,150,0,0,0,0
2025-04-14,train,PF_0024654_01,PF_0024654|7527|2024-09-15,4,7527,2024-09-15,2025-06-10,150,0,0,0,0
2025-04-14,train,PF_0024654_01,PF_0024654|7527|2024-09-15,5,7527,2024-09-15,2025-06-10,150,0,0,0,0
2025-04-14,train,PF_0024654_01,PF_0024654|7527|2024-09-15,6,7527,2024-09-15,2025-06-10,150,0,0,0,0
2025-04-14,train,PF_0024654_01,PF_0024654|7527|2024-09-15,7,7527,2024-09-15,2025-06-10,150,0,0,0,0
2025-04-14,train,PF_0024654_01,PF_0024654|7527|2024-09-15,8,7527,2024-09-15,2025-06-10,150,0,0,0,0
2025-04-14,train,PF_0024654_01,PF_0024654|7527|2024-09-15,9,7527,2024-09-15,2025-06-10,150,0,0,0,0
2025-04-14,train,PF_0024655_01,PF_0024655|7533|2024-09-15,1,7533,2024-09-15,2025-06-30,152,0,0,0,0
2025-04-14,train,PF_0024655_01,PF_0024655|7533|2024-09-15,2,7533,2024-09-15,2025-06-30,152,0,0,0,0
2025-04-14,train,PF_0024655_01,PF_0024655|7533|2024-09-15,3,7533,2024-09-15,2025-06-30,152,0,0,0,0
2025-04-14,train,PF_0024655_01,PF_0024655|7533|2024-09-15,4,7533,2024-09-15,2025-06-30,152,0,0,0,0
2025-04-14,train,PF_0024655_01,PF_0024655|7533|2024-09-15,5,7533,2024-09-15,2025-06-30,152,0,0,0,0
2025-04-14,train,PF_0024655_01,PF_0024655|7533|2024-09-15,6,7533,2024-09-15,2025-06-30,152,0,0,0,0
2025-04-14,train,PF_0024655_01,PF_0024655|7533|2024-09-15,7,7533,2024-09-15,2025-06-30,152,0,0,0,0
2025-04-14,train,PF_0024655_01,PF_0024655|7533|2024-09-15,8,7533,2024-09-15,2025-06-30,152,0,0,0,0
2025-04-14,train,PF_0024655_01,PF_0024655|7533|2024-09-15,9,7533,2024-09-15,2025-06-30,152,0,0,0,0
2025-04-14,train,PF_0025106_01,PF_0025106|7518|2024-09-17,1,7518,2024-09-17,2025-06-30,200,0,0,0,0
2025-04-14,train,PF_0025106_01,PF_0025106|7518|2024-09-17,2,7518,2024-09-17,2025-06-30,200,0,0,0,0
2025-04-14,train,PF_0025106_01,PF_0025106|7518|2024-09-17,3,7518,2024-09-17,2025-06-30,200,0,0,0,0
2025-04-14,train,PF_0025106_01,PF_0025106|7518|2024-09-17,4,7518,2024-09-17,2025-06-30,200,0,0,0,0
2025-04-14,train,PF_0025106_01,PF_0025106|7518|2024-09-17,5,7518,2024-09-17,2025-06-30,200,0,0,0,0
2025-04-14,train,PF_0025106_01,PF_0025106|7518|2024-09-17,6,7518,2024-09-17,2025-06-30,200,0,0,0,0
2025-04-14,train,PF_0025106_01,PF_0025106|7518|2024-09-17,7,7518,2024-09-17,2025-06-30,200,0,0,0,0
2025-04-14,train,PF_0025106_01,PF_0025106|7518|2024-09-17,8,7518,2024-09-17,2025-06-30,200,0,0,0,0
2025-04-14,train,PF_0025106_01,PF_0025106|7518|2024-09-17,9,7518,2024-09-17,2025-06-30,200,0,0,0,0
2025-04-15,train,PF_0025103_01,PF_0025103|7521|2024-09-15,1,7521,2024-09-15,2025-06-10,196,0,0,0,0
2025-04-15,train,PF_0025103_01,PF_0025103|7521|2024-09-15,2,7521,2024-09-15,2025-06-10,196,0,0,0,0
2025-04-15,train,PF_0025103_01,PF_0025103|7521|2024-09-15,3,7521,2024-09-15,2025-06-10,196,0,0,0,0
2025-04-15,train,PF_0025103_01,PF_0025103|7521|2024-09-15,4,7521,2024-09-15,2025-06-10,196,0,0,0,0
2025-04-15,train,PF_0025103_01,PF_0025103|7521|2024-09-15,5,7521,2024-09-15,2025-06-10,196,0,0,0,0
2025-04-15,train,PF_0025103_01,PF_0025103|7521|2024-09-15,6,7521,2024-09-15,2025-06-10,196,0,0,0,0
2025-04-15,train,PF_0025103_01,PF_0025103|7521|2024-09-15,7,7521,2024-09-15,2025-06-10,196,0,0,0,0
2025-04-15,train,PF_0025103_01,PF_0025103|7521|2024-09-15,8,7521,2024-09-15,2025-06-10,196,0,0,0,0
2025-04-15,train,PF_0025103_01,PF_0025103|7521|2024-09-15,9,7521,2024-09-15,2025-06-10,196,0,0,0,0
2025-04-18,train,PF_0002037_01,PF_0002037|7532|2024-09-20,1,7532,2024-09-20,2025-05-31,41,0,0,0,0
2025-04-18,train,PF_0002037_01,PF_0002037|7532|2024-09-20,2,7532,2024-09-20,2025-05-31,41,0,0,0,0
2025-04-18,train,PF_0002037_01,PF_0002037|7532|2024-09-20,3,7532,2024-09-20,2025-05-31,41,4,0,0,4
2025-04-18,train,PF_0002037_01,PF_0002037|7532|2024-09-20,4,7532,2024-09-20,2025-05-31,41,0,0,0,0
2025-04-18,train,PF_0002037_01,PF_0002037|7532|2024-09-20,5,7532,2024-09-20,2025-05-31,41,0,0,0,0
2025-04-18,train,PF_0002037_01,PF_0002037|7532|2024-09-20,6,7532,2024-09-20,2025-05-31,41,0,0,0,0
2025-04-18,train,PF_0002037_01,PF_0002037|7532|2024-09-20,7,7532,2024-09-20,2025-05-31,41,0,0,0,0
2025-04-18,train,PF_0002037_01,PF_0002037|7532|2024-09-20,8,7532,2024-09-20,2025-05-31,41,0,0,0,0
2025-04-18,train,PF_0002037_01,PF_0002037|7532|2024-09-20,9,7532,2024-09-20,2025-05-31,41,0,0,0,0
2025-04-18,train,PF_0021351_01,PF_0021351|7540|2024-09-07,1,7540,2024-09-07,2025-05-25,104,0,0,0,0
2025-04-18,train,PF_0021351_01,PF_0021351|7540|2024-09-07,3,7540,2024-09-07,2025-05-25,104,0,0,0,0
2025-04-18,train,PF_0021351_01,PF_0021351|7540|2024-09-07,4,7540,2024-09-07,2025-05-25,104,0,0,0,0
2025-04-18,train,PF_0021351_01,PF_0021351|7540|2024-09-07,5,7540,2024-09-07,2025-05-25,104,0,0,0,0
2025-04-18,train,PF_0021351_01,PF_0021351|7540|2024-09-07,6,7540,2024-09-07,2025-05-25,104,0,0,0,0
2025-04-18,train,PF_0021351_01,PF_0021351|7540|2024-09-07,7,7540,2024-09-07,2025-05-25,104,0,0,0,0
2025-04-18,train,PF_0021351_01,PF_0021351|7540|2024-09-07,8,7540,2024-09-07,2025-05-25,104,0,0,0,0
2025-04-18,train,PF_0021351_01,PF_0021351|7540|2024-09-07,9,7540,2024-09-07,2025-05-25,104,0,0,0,0
2025-04-19,test,PF_0023732_01,PF_0023732|7564|2024-08-31,1,7564,2024-08-31,2025-06-15,126,0,0,0,0
2025-04-19,test,PF_0023732_01,PF_0023732|7564|2024-08-31,2,7564,2024-08-31,2025-06-15,126,0,0,0,0
2025-04-19,test,PF_0023732_01,PF_0023732|7564|2024-08-31,3,7564,2024-08-31,2025-06-15,126,0,0,0,0
2025-04-19,test,PF_0023732_01,PF_0023732|7564|2024-08-31,4,7564,2024-08-31,2025-06-15,126,0,0,0,0
2025-04-19,test,PF_0023732_01,PF_0023732|7564|2024-08-31,5,7564,2024-08-31,2025-06-15,126,0,0,0,0
2025-04-19,test,PF_0023732_01,PF_0023732|7564|2024-08-31,6,7564,2024-08-31,2025-06-15,126,0,0,0,0
2025-04-19,test,PF_0023732_01,PF_0023732|7564|2024-08-31,7,7564,2024-08-31,2025-06-15,126,0,0,0,0
2025-04-19,test,PF_0023732_01,PF_0023732|7564|2024-08-31,8,7564,2024-08-31,2025-06-15,126,0,0,0,0
2025-04-19,test,PF_0023732_01,PF_0023732|7564|2024-08-31,9,7564,2024-08-31,2025-06-15,126,0,0,0,0
2025-04-19,train,PF_0023743_01,PF_0023743|7559|2024-09-10,1,7559,2024-09-10,2025-05-31,129,0,0,0,0
2025-04-19,train,PF_0023743_01,PF_0023743|7559|2024-09-10,2,7559,2024-09-10,2025-05-31,129,0,0,0,0
2025-04-19,train,PF_0023743_01,PF_0023743|7559|2024-09-10,3,7559,2024-09-10,2025-05-31,129,0,0,0,0
2025-04-19,train,PF_0023743_01,PF_0023743|7559|2024-09-10,4,7559,2024-09-10,2025-05-31,129,0,0,0,0
2025-04-19,train,PF_0023743_01,PF_0023743|7559|2024-09-10,5,7559,2024-09-10,2025-05-31,129,0,0,0,0
2025-04-19,train,PF_0023743_01,PF_0023743|7559|2024-09-10,6,7559,2024-09-10,2025-05-31,129,0,0,0,0
2025-04-19,train,PF_0023743_01,PF_0023743|7559|2024-09-10,7,7559,2024-09-10,2025-05-31,129,0,0,0,0
2025-04-19,train,PF_0023743_01,PF_0023743|7559|2024-09-10,8,7559,2024-09-10,2025-05-31,129,0,0,0,0
2025-04-19,train,PF_0023743_01,PF_0023743|7559|2024-09-10,9,7559,2024-09-10,2025-05-31,129,0,0,0,0
2025-04-19,validation,PF_0023923_01,PF_0023923|7562|2024-08-31,1,7562,2024-08-31,2025-06-15,132,0,0,0,0
2025-04-19,validation,PF_0023923_01,PF_0023923|7562|2024-08-31,4,7562,2024-08-31,2025-06-15,132,0,0,0,0
2025-04-19,validation,PF_0023923_01,PF_0023923|7562|2024-08-31,5,7562,2024-08-31,2025-06-15,132,0,0,0,0
2025-04-19,validation,PF_0023923_01,PF_0023923|7562|2024-08-31,6,7562,2024-08-31,2025-06-15,132,0,0,0,0
2025-04-19,validation,PF_0023923_01,PF_0023923|7562|2024-08-31,8,7562,2024-08-31,2025-06-15,132,0,0,0,0
2025-04-19,validation,PF_0023923_01,PF_0023923|7562|2024-08-31,9,7562,2024-08-31,2025-06-15,132,0,0,0,0
2025-04-19,train,PF_0024357_01,PF_0024357|7560|2024-09-09,1,7560,2024-09-09,2025-05-31,139,0,0,0,0
2025-04-19,train,PF_0024357_01,PF_0024357|7560|2024-09-09,2,7560,2024-09-09,2025-05-31,139,0,0,0,0
2025-04-19,train,PF_0024357_01,PF_0024357|7560|2024-09-09,4,7560,2024-09-09,2025-05-31,139,0,0,0,0
2025-04-19,train,PF_0024357_01,PF_0024357|7560|2024-09-09,5,7560,2024-09-09,2025-05-31,139,0,0,0,0
2025-04-19,train,PF_0024357_01,PF_0024357|7560|2024-09-09,6,7560,2024-09-09,2025-05-31,139,0,0,0,0
2025-04-19,train,PF_0024357_01,PF_0024357|7560|2024-09-09,7,7560,2024-09-09,2025-05-31,139,0,0,0,0
2025-04-19,train,PF_0024357_01,PF_0024357|7560|2024-09-09,9,7560,2024-09-09,2025-05-31,139,0,0,0,0
2025-04-19,validation,PF_0024365_01,PF_0024365|7561|2024-09-10,1,7561,2024-09-10,2025-05-20,142,0,0,0,0
2025-04-19,validation,PF_0024365_01,PF_0024365|7561|2024-09-10,2,7561,2024-09-10,2025-05-20,142,0,0,0,0
2025-04-19,validation,PF_0024365_01,PF_0024365|7561|2024-09-10,3,7561,2024-09-10,2025-05-20,142,0,0,0,0
2025-04-19,validation,PF_0024365_01,PF_0024365|7561|2024-09-10,4,7561,2024-09-10,2025-05-20,142,0,0,0,0
2025-04-19,validation,PF_0024365_01,PF_0024365|7561|2024-09-10,6,7561,2024-09-10,2025-05-20,142,0,0,0,0
2025-04-19,validation,PF_0024365_01,PF_0024365|7561|2024-09-10,8,7561,2024-09-10,2025-05-20,142,0,0,0,0
2025-04-19,validation,PF_0024365_01,PF_0024365|7561|2024-09-10,9,7561,2024-09-10,2025-05-20,142,0,0,0,0
2025-04-19,train,PF_0024688_01,PF_0024688|7558|2024-09-01,1,7558,2024-09-01,2025-06-30,160,0,0,0,0
2025-04-19,train,PF_0024688_01,PF_0024688|7558|2024-09-01,2,7558,2024-09-01,2025-06-30,160,0,0,0,0
2025-04-19,train,PF_0024688_01,PF_0024688|7558|2024-09-01,3,7558,2024-09-01,2025-06-30,160,0,0,0,0
2025-04-19,train,PF_0024688_01,PF_0024688|7558|2024-09-01,4,7558,2024-09-01,2025-06-30,160,0,0,0,0
2025-04-19,train,PF_0024688_01,PF_0024688|7558|2024-09-01,5,7558,2024-09-01,2025-06-30,160,0,0,0,0
2025-04-19,train,PF_0024688_01,PF_0024688|7558|2024-09-01,6,7558,2024-09-01,2025-06-30,160,0,0,0,0
2025-04-19,train,PF_0024688_01,PF_0024688|7558|2024-09-01,7,7558,2024-09-01,2025-06-30,160,0,0,0,0
2025-04-19,train,PF_0024688_01,PF_0024688|7558|2024-09-01,8,7558,2024-09-01,2025-06-30,160,0,0,0,0
2025-04-19,train,PF_0024688_01,PF_0024688|7558|2024-09-01,9,7558,2024-09-01,2025-06-30,160,0,0,0,0
2025-04-21,train,PF_0000574_01,PF_0000574|7579|2024-09-01,1,7579,2024-09-01,2025-06-30,13,0,0,0,0
2025-04-21,train,PF_0000574_01,PF_0000574|7579|2024-09-01,2,7579,2024-09-01,2025-06-30,13,0,0,0,0
2025-04-21,train,PF_0000574_01,PF_0000574|7579|2024-09-01,3,7579,2024-09-01,2025-06-30,13,0,0,0,0
2025-04-21,train,PF_0000574_01,PF_0000574|7579|2024-09-01,4,7579,2024-09-01,2025-06-30,13,0,0,0,0
2025-04-21,train,PF_0000574_01,PF_0000574|7579|2024-09-01,5,7579,2024-09-01,2025-06-30,13,0,0,0,0
2025-04-21,train,PF_0000574_01,PF_0000574|7579|2024-09-01,6,7579,2024-09-01,2025-06-30,13,0,0,0,0
2025-04-21,train,PF_0000574_01,PF_0000574|7579|2024-09-01,7,7579,2024-09-01,2025-06-30,13,0,0,0,0
2025-04-21,train,PF_0000574_01,PF_0000574|7579|2024-09-01,8,7579,2024-09-01,2025-06-30,13,0,0,0,0
2025-04-21,train,PF_0000574_01,PF_0000574|7579|2024-09-01,9,7579,2024-09-01,2025-06-30,13,0,0,0,0
2025-04-21,validation,PF_0000778_01,PF_0000778|7578|2024-09-15,1,7578,2024-09-15,2025-06-30,20,0,0,0,0
2025-04-21,validation,PF_0000778_01,PF_0000778|7578|2024-09-15,2,7578,2024-09-15,2025-06-30,20,0,0,0,0
2025-04-21,validation,PF_0000778_01,PF_0000778|7578|2024-09-15,3,7578,2024-09-15,2025-06-30,20,0,0,0,0
2025-04-21,validation,PF_0000778_01,PF_0000778|7578|2024-09-15,4,7578,2024-09-15,2025-06-30,20,0,0,0,0
2025-04-21,validation,PF_0000778_01,PF_0000778|7578|2024-09-15,5,7578,2024-09-15,2025-06-30,20,0,0,0,0
2025-04-21,validation,PF_0000778_01,PF_0000778|7578|2024-09-15,6,7578,2024-09-15,2025-06-30,20,0,0,0,0
2025-04-21,validation,PF_0000778_01,PF_0000778|7578|2024-09-15,7,7578,2024-09-15,2025-06-30,20,0,0,0,0
2025-04-21,validation,PF_0000778_01,PF_0000778|7578|2024-09-15,8,7578,2024-09-15,2025-06-30,20,0,0,0,0
2025-04-21,validation,PF_0000778_01,PF_0000778|7578|2024-09-15,9,7578,2024-09-15,2025-06-30,20,0,0,0,0
2025-04-21,train,PF_0024651_01,PF_0024651|7538|2024-09-15,1,7538,2024-09-15,2025-06-10,148,0,0,0,0
2025-04-21,train,PF_0024651_01,PF_0024651|7538|2024-09-15,2,7538,2024-09-15,2025-06-10,148,0,0,0,0
2025-04-21,train,PF_0024651_01,PF_0024651|7538|2024-09-15,3,7538,2024-09-15,2025-06-10,148,0,0,0,0
2025-04-21,train,PF_0024651_01,PF_0024651|7538|2024-09-15,4,7538,2024-09-15,2025-06-10,148,0,0,0,0
2025-04-21,train,PF_0024651_01,PF_0024651|7538|2024-09-15,5,7538,2024-09-15,2025-06-10,148,0,0,0,0
2025-04-21,train,PF_0024651_01,PF_0024651|7538|2024-09-15,6,7538,2024-09-15,2025-06-10,148,0,0,0,0
2025-04-21,train,PF_0024651_01,PF_0024651|7538|2024-09-15,7,7538,2024-09-15,2025-06-10,148,0,0,0,0
2025-04-21,train,PF_0024651_01,PF_0024651|7538|2024-09-15,8,7538,2024-09-15,2025-06-10,148,0,0,0,0
2025-04-21,train,PF_0024651_01,PF_0024651|7538|2024-09-15,9,7538,2024-09-15,2025-06-10,148,0,0,0,0
2025-04-21,train,PF_0024654_01,PF_0024654|7527|2024-09-15,1,7527,2024-09-15,2025-06-10,150,0,0,0,0
2025-04-21,train,PF_0024654_01,PF_0024654|7527|2024-09-15,2,7527,2024-09-15,2025-06-10,150,0,0,0,0
2025-04-21,train,PF_0024654_01,PF_0024654|7527|2024-09-15,3,7527,2024-09-15,2025-06-10,150,0,0,0,0
2025-04-21,train,PF_0024654_01,PF_0024654|7527|2024-09-15,4,7527,2024-09-15,2025-06-10,150,0,0,0,0
2025-04-21,train,PF_0024654_01,PF_0024654|7527|2024-09-15,5,7527,2024-09-15,2025-06-10,150,0,0,0,0
2025-04-21,train,PF_0024654_01,PF_0024654|7527|2024-09-15,6,7527,2024-09-15,2025-06-10,150,0,0,0,0
2025-04-21,train,PF_0024654_01,PF_0024654|7527|2024-09-15,7,7527,2024-09-15,2025-06-10,150,0,0,0,0
2025-04-21,train,PF_0024654_01,PF_0024654|7527|2024-09-15,8,7527,2024-09-15,2025-06-10,150,0,0,0,0
2025-04-21,train,PF_0024654_01,PF_0024654|7527|2024-09-15,9,7527,2024-09-15,2025-06-10,150,0,0,0,0
2025-04-21,train,PF_0024655_01,PF_0024655|7533|2024-09-15,1,7533,2024-09-15,2025-06-30,152,0,0,0,0
2025-04-21,train,PF_0024655_01,PF_0024655|7533|2024-09-15,2,7533,2024-09-15,2025-06-30,152,0,0,0,0
2025-04-21,train,PF_0024655_01,PF_0024655|7533|2024-09-15,3,7533,2024-09-15,2025-06-30,152,0,0,0,0
2025-04-21,train,PF_0024655_01,PF_0024655|7533|2024-09-15,4,7533,2024-09-15,2025-06-30,152,0,0,0,0
2025-04-21,train,PF_0024655_01,PF_0024655|7533|2024-09-15,5,7533,2024-09-15,2025-06-30,152,0,0,0,0
2025-04-21,train,PF_0024655_01,PF_0024655|7533|2024-09-15,6,7533,2024-09-15,2025-06-30,152,0,0,0,0
2025-04-21,train,PF_0024655_01,PF_0024655|7533|2024-09-15,7,7533,2024-09-15,2025-06-30,152,0,0,0,0
2025-04-21,train,PF_0024655_01,PF_0024655|7533|2024-09-15,8,7533,2024-09-15,2025-06-30,152,0,0,0,0
2025-04-21,train,PF_0024655_01,PF_0024655|7533|2024-09-15,9,7533,2024-09-15,2025-06-30,152,0,0,0,0
2025-04-21,train,PF_0025106_01,PF_0025106|7518|2024-09-17,1,7518,2024-09-17,2025-06-30,200,0,0,0,0
2025-04-21,train,PF_0025106_01,PF_0025106|7518|2024-09-17,2,7518,2024-09-17,2025-06-30,200,0,0,0,0
2025-04-21,train,PF_0025106_01,PF_0025106|7518|2024-09-17,3,7518,2024-09-17,2025-06-30,200,0,0,0,0
2025-04-21,train,PF_0025106_01,PF_0025106|7518|2024-09-17,4,7518,2024-09-17,2025-06-30,200,0,0,0,0
2025-04-21,train,PF_0025106_01,PF_0025106|7518|2024-09-17,5,7518,2024-09-17,2025-06-30,200,0,0,0,0
2025-04-21,train,PF_0025106_01,PF_0025106|7518|2024-09-17,6,7518,2024-09-17,2025-06-30,200,0,0,0,0
2025-04-21,train,PF_0025106_01,PF_0025106|7518|2024-09-17,7,7518,2024-09-17,2025-06-30,200,0,0,0,0
2025-04-21,train,PF_0025106_01,PF_0025106|7518|2024-09-17,8,7518,2024-09-17,2025-06-30,200,0,0,0,0
2025-04-21,train,PF_0025106_01,PF_0025106|7518|2024-09-17,9,7518,2024-09-17,2025-06-30,200,0,0,0,0
2025-04-22,train,PF_0025103_01,PF_0025103|7521|2024-09-15,1,7521,2024-09-15,2025-06-10,196,0,0,0,0
2025-04-22,train,PF_0025103_01,PF_0025103|7521|2024-09-15,2,7521,2024-09-15,2025-06-10,196,0,0,0,0
2025-04-22,train,PF_0025103_01,PF_0025103|7521|2024-09-15,3,7521,2024-09-15,2025-06-10,196,0,0,0,0
2025-04-22,train,PF_0025103_01,PF_0025103|7521|2024-09-15,4,7521,2024-09-15,2025-06-10,196,0,0,0,0
2025-04-22,train,PF_0025103_01,PF_0025103|7521|2024-09-15,5,7521,2024-09-15,2025-06-10,196,0,0,0,0
2025-04-22,train,PF_0025103_01,PF_0025103|7521|2024-09-15,6,7521,2024-09-15,2025-06-10,196,0,0,0,0
2025-04-22,train,PF_0025103_01,PF_0025103|7521|2024-09-15,7,7521,2024-09-15,2025-06-10,196,0,0,0,0
2025-04-22,train,PF_0025103_01,PF_0025103|7521|2024-09-15,8,7521,2024-09-15,2025-06-10,196,0,0,0,0
2025-04-22,train,PF_0025103_01,PF_0025103|7521|2024-09-15,9,7521,2024-09-15,2025-06-10,196,0,0,0,0
2025-04-24,train,PF_0002037_01,PF_0002037|7532|2024-09-20,1,7532,2024-09-20,2025-05-31,41,0,0,0,0
2025-04-24,train,PF_0002037_01,PF_0002037|7532|2024-09-20,2,7532,2024-09-20,2025-05-31,41,0,0,0,0
2025-04-24,train,PF_0002037_01,PF_0002037|7532|2024-09-20,3,7532,2024-09-20,2025-05-31,41,0,0,0,0
2025-04-24,train,PF_0002037_01,PF_0002037|7532|2024-09-20,4,7532,2024-09-20,2025-05-31,41,0,0,0,0
2025-04-24,train,PF_0002037_01,PF_0002037|7532|2024-09-20,5,7532,2024-09-20,2025-05-31,41,0,0,0,0
2025-04-24,train,PF_0002037_01,PF_0002037|7532|2024-09-20,6,7532,2024-09-20,2025-05-31,41,0,0,0,0
2025-04-24,train,PF_0002037_01,PF_0002037|7532|2024-09-20,7,7532,2024-09-20,2025-05-31,41,0,0,0,0
2025-04-24,train,PF_0002037_01,PF_0002037|7532|2024-09-20,8,7532,2024-09-20,2025-05-31,41,0,0,0,0
2025-04-24,train,PF_0002037_01,PF_0002037|7532|2024-09-20,9,7532,2024-09-20,2025-05-31,41,0,0,0,0
2025-04-25,train,PF_0021351_01,PF_0021351|7540|2024-09-07,1,7540,2024-09-07,2025-05-25,104,0,0,0,0
2025-04-25,train,PF_0021351_01,PF_0021351|7540|2024-09-07,3,7540,2024-09-07,2025-05-25,104,0,0,0,0
2025-04-25,train,PF_0021351_01,PF_0021351|7540|2024-09-07,4,7540,2024-09-07,2025-05-25,104,0,0,0,0
2025-04-25,train,PF_0021351_01,PF_0021351|7540|2024-09-07,5,7540,2024-09-07,2025-05-25,104,0,0,0,0
2025-04-25,train,PF_0021351_01,PF_0021351|7540|2024-09-07,6,7540,2024-09-07,2025-05-25,104,0,0,0,0
2025-04-25,train,PF_0021351_01,PF_0021351|7540|2024-09-07,7,7540,2024-09-07,2025-05-25,104,0,0,0,0
2025-04-25,train,PF_0021351_01,PF_0021351|7540|2024-09-07,8,7540,2024-09-07,2025-05-25,104,0,0,0,0
2025-04-25,train,PF_0021351_01,PF_0021351|7540|2024-09-07,9,7540,2024-09-07,2025-05-25,104,0,0,0,0
2025-04-26,test,PF_0023732_01,PF_0023732|7564|2024-08-31,1,7564,2024-08-31,2025-06-15,126,0,0,0,0
2025-04-26,test,PF_0023732_01,PF_0023732|7564|2024-08-31,2,7564,2024-08-31,2025-06-15,126,0,0,0,0
2025-04-26,test,PF_0023732_01,PF_0023732|7564|2024-08-31,3,7564,2024-08-31,2025-06-15,126,0,0,0,0
2025-04-26,test,PF_0023732_01,PF_0023732|7564|2024-08-31,4,7564,2024-08-31,2025-06-15,126,0,0,0,0
2025-04-26,test,PF_0023732_01,PF_0023732|7564|2024-08-31,5,7564,2024-08-31,2025-06-15,126,0,0,0,0
2025-04-26,test,PF_0023732_01,PF_0023732|7564|2024-08-31,6,7564,2024-08-31,2025-06-15,126,0,0,0,0
2025-04-26,test,PF_0023732_01,PF_0023732|7564|2024-08-31,7,7564,2024-08-31,2025-06-15,126,0,0,0,0
2025-04-26,test,PF_0023732_01,PF_0023732|7564|2024-08-31,8,7564,2024-08-31,2025-06-15,126,0,0,0,0
2025-04-26,test,PF_0023732_01,PF_0023732|7564|2024-08-31,9,7564,2024-08-31,2025-06-15,126,0,0,0,0
2025-04-26,train,PF_0023743_01,PF_0023743|7559|2024-09-10,1,7559,2024-09-10,2025-05-31,129,0,0,0,0
2025-04-26,train,PF_0023743_01,PF_0023743|7559|2024-09-10,2,7559,2024-09-10,2025-05-31,129,0,0,0,0
2025-04-26,train,PF_0023743_01,PF_0023743|7559|2024-09-10,3,7559,2024-09-10,2025-05-31,129,0,0,0,0
2025-04-26,train,PF_0023743_01,PF_0023743|7559|2024-09-10,4,7559,2024-09-10,2025-05-31,129,0,0,0,0
2025-04-26,train,PF_0023743_01,PF_0023743|7559|2024-09-10,5,7559,2024-09-10,2025-05-31,129,0,0,0,0
2025-04-26,train,PF_0023743_01,PF_0023743|7559|2024-09-10,6,7559,2024-09-10,2025-05-31,129,0,0,0,0
2025-04-26,train,PF_0023743_01,PF_0023743|7559|2024-09-10,7,7559,2024-09-10,2025-05-31,129,0,0,0,0
2025-04-26,train,PF_0023743_01,PF_0023743|7559|2024-09-10,8,7559,2024-09-10,2025-05-31,129,0,0,0,0
2025-04-26,train,PF_0023743_01,PF_0023743|7559|2024-09-10,9,7559,2024-09-10,2025-05-31,129,0,0,0,0
2025-04-26,validation,PF_0023923_01,PF_0023923|7562|2024-08-31,1,7562,2024-08-31,2025-06-15,132,0,0,0,0
2025-04-26,validation,PF_0023923_01,PF_0023923|7562|2024-08-31,4,7562,2024-08-31,2025-06-15,132,0,0,0,0
2025-04-26,validation,PF_0023923_01,PF_0023923|7562|2024-08-31,5,7562,2024-08-31,2025-06-15,132,0,0,0,0
2025-04-26,validation,PF_0023923_01,PF_0023923|7562|2024-08-31,6,7562,2024-08-31,2025-06-15,132,0,0,0,0
2025-04-26,validation,PF_0023923_01,PF_0023923|7562|2024-08-31,8,7562,2024-08-31,2025-06-15,132,0,0,0,0
2025-04-26,validation,PF_0023923_01,PF_0023923|7562|2024-08-31,9,7562,2024-08-31,2025-06-15,132,0,0,0,0
2025-04-26,train,PF_0024357_01,PF_0024357|7560|2024-09-09,1,7560,2024-09-09,2025-05-31,139,0,0,0,0
2025-04-26,train,PF_0024357_01,PF_0024357|7560|2024-09-09,2,7560,2024-09-09,2025-05-31,139,0,0,0,0
2025-04-26,train,PF_0024357_01,PF_0024357|7560|2024-09-09,4,7560,2024-09-09,2025-05-31,139,0,0,0,0
2025-04-26,train,PF_0024357_01,PF_0024357|7560|2024-09-09,5,7560,2024-09-09,2025-05-31,139,0,0,0,0
2025-04-26,train,PF_0024357_01,PF_0024357|7560|2024-09-09,6,7560,2024-09-09,2025-05-31,139,0,0,0,0
2025-04-26,train,PF_0024357_01,PF_0024357|7560|2024-09-09,7,7560,2024-09-09,2025-05-31,139,0,0,0,0
2025-04-26,train,PF_0024357_01,PF_0024357|7560|2024-09-09,9,7560,2024-09-09,2025-05-31,139,0,0,0,0
2025-04-26,validation,PF_0024365_01,PF_0024365|7561|2024-09-10,1,7561,2024-09-10,2025-05-20,142,0,0,0,0
2025-04-26,validation,PF_0024365_01,PF_0024365|7561|2024-09-10,2,7561,2024-09-10,2025-05-20,142,0,0,0,0
2025-04-26,validation,PF_0024365_01,PF_0024365|7561|2024-09-10,3,7561,2024-09-10,2025-05-20,142,0,0,0,0
2025-04-26,validation,PF_0024365_01,PF_0024365|7561|2024-09-10,4,7561,2024-09-10,2025-05-20,142,0,0,0,0
2025-04-26,validation,PF_0024365_01,PF_0024365|7561|2024-09-10,6,7561,2024-09-10,2025-05-20,142,0,0,0,0
2025-04-26,validation,PF_0024365_01,PF_0024365|7561|2024-09-10,8,7561,2024-09-10,2025-05-20,142,0,0,0,0
2025-04-26,validation,PF_0024365_01,PF_0024365|7561|2024-09-10,9,7561,2024-09-10,2025-05-20,142,0,0,0,0
2025-04-26,train,PF_0024688_01,PF_0024688|7558|2024-09-01,1,7558,2024-09-01,2025-06-30,160,0,0,0,0
2025-04-26,train,PF_0024688_01,PF_0024688|7558|2024-09-01,2,7558,2024-09-01,2025-06-30,160,0,0,0,0
2025-04-26,train,PF_0024688_01,PF_0024688|7558|2024-09-01,3,7558,2024-09-01,2025-06-30,160,0,0,0,0
2025-04-26,train,PF_0024688_01,PF_0024688|7558|2024-09-01,4,7558,2024-09-01,2025-06-30,160,0,0,0,0
2025-04-26,train,PF_0024688_01,PF_0024688|7558|2024-09-01,5,7558,2024-09-01,2025-06-30,160,0,0,0,0
2025-04-26,train,PF_0024688_01,PF_0024688|7558|2024-09-01,6,7558,2024-09-01,2025-06-30,160,0,0,0,0
2025-04-26,train,PF_0024688_01,PF_0024688|7558|2024-09-01,7,7558,2024-09-01,2025-06-30,160,0,0,0,0
2025-04-26,train,PF_0024688_01,PF_0024688|7558|2024-09-01,8,7558,2024-09-01,2025-06-30,160,0,0,0,0
2025-04-26,train,PF_0024688_01,PF_0024688|7558|2024-09-01,9,7558,2024-09-01,2025-06-30,160,0,0,0,0
2025-04-28,train,PF_0000574_01,PF_0000574|7579|2024-09-01,1,7579,2024-09-01,2025-06-30,13,0,0,0,0
2025-04-28,train,PF_0000574_01,PF_0000574|7579|2024-09-01,2,7579,2024-09-01,2025-06-30,13,0,0,0,0
2025-04-28,train,PF_0000574_01,PF_0000574|7579|2024-09-01,3,7579,2024-09-01,2025-06-30,13,0,0,0,0
2025-04-28,train,PF_0000574_01,PF_0000574|7579|2024-09-01,4,7579,2024-09-01,2025-06-30,13,0,0,0,0
2025-04-28,train,PF_0000574_01,PF_0000574|7579|2024-09-01,5,7579,2024-09-01,2025-06-30,13,0,0,0,0
2025-04-28,train,PF_0000574_01,PF_0000574|7579|2024-09-01,6,7579,2024-09-01,2025-06-30,13,0,0,0,0
2025-04-28,train,PF_0000574_01,PF_0000574|7579|2024-09-01,7,7579,2024-09-01,2025-06-30,13,0,0,0,0
2025-04-28,train,PF_0000574_01,PF_0000574|7579|2024-09-01,8,7579,2024-09-01,2025-06-30,13,0,0,0,0
2025-04-28,train,PF_0000574_01,PF_0000574|7579|2024-09-01,9,7579,2024-09-01,2025-06-30,13,0,0,0,0
2025-04-28,validation,PF_0000778_01,PF_0000778|7578|2024-09-15,1,7578,2024-09-15,2025-06-30,20,0,0,0,0
2025-04-28,validation,PF_0000778_01,PF_0000778|7578|2024-09-15,2,7578,2024-09-15,2025-06-30,20,0,0,0,0
2025-04-28,validation,PF_0000778_01,PF_0000778|7578|2024-09-15,3,7578,2024-09-15,2025-06-30,20,0,0,0,0
2025-04-28,validation,PF_0000778_01,PF_0000778|7578|2024-09-15,4,7578,2024-09-15,2025-06-30,20,0,0,0,0
2025-04-28,validation,PF_0000778_01,PF_0000778|7578|2024-09-15,5,7578,2024-09-15,2025-06-30,20,0,0,0,0
2025-04-28,validation,PF_0000778_01,PF_0000778|7578|2024-09-15,6,7578,2024-09-15,2025-06-30,20,0,0,0,0
2025-04-28,validation,PF_0000778_01,PF_0000778|7578|2024-09-15,7,7578,2024-09-15,2025-06-30,20,0,0,0,0
2025-04-28,validation,PF_0000778_01,PF_0000778|7578|2024-09-15,8,7578,2024-09-15,2025-06-30,20,0,0,0,0
2025-04-28,validation,PF_0000778_01,PF_0000778|7578|2024-09-15,9,7578,2024-09-15,2025-06-30,20,0,0,0,0
2025-04-28,train,PF_0024651_01,PF_0024651|7538|2024-09-15,1,7538,2024-09-15,2025-06-10,148,0,0,0,0
2025-04-28,train,PF_0024651_01,PF_0024651|7538|2024-09-15,2,7538,2024-09-15,2025-06-10,148,0,0,0,0
2025-04-28,train,PF_0024651_01,PF_0024651|7538|2024-09-15,3,7538,2024-09-15,2025-06-10,148,0,0,0,0
2025-04-28,train,PF_0024651_01,PF_0024651|7538|2024-09-15,4,7538,2024-09-15,2025-06-10,148,0,0,0,0
2025-04-28,train,PF_0024651_01,PF_0024651|7538|2024-09-15,5,7538,2024-09-15,2025-06-10,148,0,0,0,0
2025-04-28,train,PF_0024651_01,PF_0024651|7538|2024-09-15,6,7538,2024-09-15,2025-06-10,148,0,0,0,0
2025-04-28,train,PF_0024651_01,PF_0024651|7538|2024-09-15,7,7538,2024-09-15,2025-06-10,148,0,0,0,0
2025-04-28,train,PF_0024651_01,PF_0024651|7538|2024-09-15,8,7538,2024-09-15,2025-06-10,148,0,0,0,0
2025-04-28,train,PF_0024651_01,PF_0024651|7538|2024-09-15,9,7538,2024-09-15,2025-06-10,148,0,0,0,0
2025-04-28,train,PF_0024654_01,PF_0024654|7527|2024-09-15,1,7527,2024-09-15,2025-06-10,150,0,0,0,0
2025-04-28,train,PF_0024654_01,PF_0024654|7527|2024-09-15,2,7527,2024-09-15,2025-06-10,150,0,0,0,0
2025-04-28,train,PF_0024654_01,PF_0024654|7527|2024-09-15,3,7527,2024-09-15,2025-06-10,150,0,0,0,0
2025-04-28,train,PF_0024654_01,PF_0024654|7527|2024-09-15,4,7527,2024-09-15,2025-06-10,150,0,0,0,0
2025-04-28,train,PF_0024654_01,PF_0024654|7527|2024-09-15,5,7527,2024-09-15,2025-06-10,150,0,0,0,0
2025-04-28,train,PF_0024654_01,PF_0024654|7527|2024-09-15,6,7527,2024-09-15,2025-06-10,150,0,0,0,0
2025-04-28,train,PF_0024654_01,PF_0024654|7527|2024-09-15,7,7527,2024-09-15,2025-06-10,150,0,0,0,0
2025-04-28,train,PF_0024654_01,PF_0024654|7527|2024-09-15,8,7527,2024-09-15,2025-06-10,150,0,0,0,0
2025-04-28,train,PF_0024654_01,PF_0024654|7527|2024-09-15,9,7527,2024-09-15,2025-06-10,150,0,0,0,0
2025-04-28,train,PF_0024655_01,PF_0024655|7533|2024-09-15,1,7533,2024-09-15,2025-06-30,152,0,0,0,0
2025-04-28,train,PF_0024655_01,PF_0024655|7533|2024-09-15,2,7533,2024-09-15,2025-06-30,152,0,0,0,0
2025-04-28,train,PF_0024655_01,PF_0024655|7533|2024-09-15,3,7533,2024-09-15,2025-06-30,152,0,0,0,0
2025-04-28,train,PF_0024655_01,PF_0024655|7533|2024-09-15,4,7533,2024-09-15,2025-06-30,152,0,0,0,0
2025-04-28,train,PF_0024655_01,PF_0024655|7533|2024-09-15,5,7533,2024-09-15,2025-06-30,152,0,0,0,0
2025-04-28,train,PF_0024655_01,PF_0024655|7533|2024-09-15,6,7533,2024-09-15,2025-06-30,152,0,0,0,0
2025-04-28,train,PF_0024655_01,PF_0024655|7533|2024-09-15,7,7533,2024-09-15,2025-06-30,152,0,0,0,0
2025-04-28,train,PF_0024655_01,PF_0024655|7533|2024-09-15,8,7533,2024-09-15,2025-06-30,152,0,0,0,0
2025-04-28,train,PF_0024655_01,PF_0024655|7533|2024-09-15,9,7533,2024-09-15,2025-06-30,152,0,0,0,0
2025-04-28,train,PF_0025103_01,PF_0025103|7521|2024-09-15,1,7521,2024-09-15,2025-06-10,196,0,0,0,0
2025-04-28,train,PF_0025103_01,PF_0025103|7521|2024-09-15,2,7521,2024-09-15,2025-06-10,196,0,0,0,0
2025-04-28,train,PF_0025103_01,PF_0025103|7521|2024-09-15,3,7521,2024-09-15,2025-06-10,196,0,0,0,0
2025-04-28,train,PF_0025103_01,PF_0025103|7521|2024-09-15,4,7521,2024-09-15,2025-06-10,196,0,0,0,0
2025-04-28,train,PF_0025103_01,PF_0025103|7521|2024-09-15,5,7521,2024-09-15,2025-06-10,196,0,0,0,0
2025-04-28,train,PF_0025103_01,PF_0025103|7521|2024-09-15,6,7521,2024-09-15,2025-06-10,196,0,0,0,0
2025-04-28,train,PF_0025103_01,PF_0025103|7521|2024-09-15,7,7521,2024-09-15,2025-06-10,196,0,0,0,0
2025-04-28,train,PF_0025103_01,PF_0025103|7521|2024-09-15,8,7521,2024-09-15,2025-06-10,196,0,0,0,0
2025-04-28,train,PF_0025103_01,PF_0025103|7521|2024-09-15,9,7521,2024-09-15,2025-06-10,196,0,0,0,0
2025-04-28,train,PF_0025106_01,PF_0025106|7518|2024-09-17,1,7518,2024-09-17,2025-06-30,200,0,0,0,0
2025-04-28,train,PF_0025106_01,PF_0025106|7518|2024-09-17,2,7518,2024-09-17,2025-06-30,200,0,0,0,0
2025-04-28,train,PF_0025106_01,PF_0025106|7518|2024-09-17,3,7518,2024-09-17,2025-06-30,200,0,0,0,0
2025-04-28,train,PF_0025106_01,PF_0025106|7518|2024-09-17,4,7518,2024-09-17,2025-06-30,200,0,0,0,0
2025-04-28,train,PF_0025106_01,PF_0025106|7518|2024-09-17,5,7518,2024-09-17,2025-06-30,200,0,0,0,0
2025-04-28,train,PF_0025106_01,PF_0025106|7518|2024-09-17,6,7518,2024-09-17,2025-06-30,200,0,0,0,0
2025-04-28,train,PF_0025106_01,PF_0025106|7518|2024-09-17,7,7518,2024-09-17,2025-06-30,200,0,0,0,0
2025-04-28,train,PF_0025106_01,PF_0025106|7518|2024-09-17,8,7518,2024-09-17,2025-06-30,200,0,0,0,0
2025-04-28,train,PF_0025106_01,PF_0025106|7518|2024-09-17,9,7518,2024-09-17,2025-06-30,200,0,0,0,0
2025-04-29,train,PF_0002037_01,PF_0002037|7532|2024-09-20,1,7532,2024-09-20,2025-05-31,41,0,0,0,0
2025-04-29,train,PF_0002037_01,PF_0002037|7532|2024-09-20,2,7532,2024-09-20,2025-05-31,41,0,0,0,0
2025-04-29,train,PF_0002037_01,PF_0002037|7532|2024-09-20,3,7532,2024-09-20,2025-05-31,41,0,0,0,0
2025-04-29,train,PF_0002037_01,PF_0002037|7532|2024-09-20,4,7532,2024-09-20,2025-05-31,41,0,0,0,0
2025-04-29,train,PF_0002037_01,PF_0002037|7532|2024-09-20,5,7532,2024-09-20,2025-05-31,41,0,0,0,0
2025-04-29,train,PF_0002037_01,PF_0002037|7532|2024-09-20,6,7532,2024-09-20,2025-05-31,41,0,0,0,0
2025-04-29,train,PF_0002037_01,PF_0002037|7532|2024-09-20,7,7532,2024-09-20,2025-05-31,41,0,0,0,0
2025-04-29,train,PF_0002037_01,PF_0002037|7532|2024-09-20,8,7532,2024-09-20,2025-05-31,41,0,0,0,0
2025-04-29,train,PF_0002037_01,PF_0002037|7532|2024-09-20,9,7532,2024-09-20,2025-05-31,41,0,0,0,0
2025-04-29,train,PF_0021351_01,PF_0021351|7540|2024-09-07,1,7540,2024-09-07,2025-05-25,104,0,0,0,0
2025-04-29,train,PF_0021351_01,PF_0021351|7540|2024-09-07,3,7540,2024-09-07,2025-05-25,104,0,0,0,0
2025-04-29,train,PF_0021351_01,PF_0021351|7540|2024-09-07,4,7540,2024-09-07,2025-05-25,104,0,0,0,0
2025-04-29,train,PF_0021351_01,PF_0021351|7540|2024-09-07,5,7540,2024-09-07,2025-05-25,104,0,0,0,0
2025-04-29,train,PF_0021351_01,PF_0021351|7540|2024-09-07,6,7540,2024-09-07,2025-05-25,104,0,0,0,0
2025-04-29,train,PF_0021351_01,PF_0021351|7540|2024-09-07,7,7540,2024-09-07,2025-05-25,104,0,0,0,0
2025-04-29,train,PF_0021351_01,PF_0021351|7540|2024-09-07,8,7540,2024-09-07,2025-05-25,104,0,0,0,0
2025-04-29,train,PF_0021351_01,PF_0021351|7540|2024-09-07,9,7540,2024-09-07,2025-05-25,104,0,0,0,0
2025-04-30,test,PF_0023732_01,PF_0023732|7564|2024-08-31,1,7564,2024-08-31,2025-06-15,126,0,0,0,0
2025-04-30,test,PF_0023732_01,PF_0023732|7564|2024-08-31,2,7564,2024-08-31,2025-06-15,126,0,0,0,0
2025-04-30,test,PF_0023732_01,PF_0023732|7564|2024-08-31,3,7564,2024-08-31,2025-06-15,126,0,0,0,0
2025-04-30,test,PF_0023732_01,PF_0023732|7564|2024-08-31,5,7564,2024-08-31,2025-06-15,126,0,0,0,0
2025-04-30,test,PF_0023732_01,PF_0023732|7564|2024-08-31,6,7564,2024-08-31,2025-06-15,126,0,0,0,0
2025-04-30,test,PF_0023732_01,PF_0023732|7564|2024-08-31,7,7564,2024-08-31,2025-06-15,126,0,0,0,0
2025-04-30,test,PF_0023732_01,PF_0023732|7564|2024-08-31,8,7564,2024-08-31,2025-06-15,126,0,0,0,0
2025-04-30,test,PF_0023732_01,PF_0023732|7564|2024-08-31,9,7564,2024-08-31,2025-06-15,126,0,0,0,0
2025-04-30,train,PF_0023743_01,PF_0023743|7559|2024-09-10,1,7559,2024-09-10,2025-05-31,129,0,0,0,0
2025-04-30,train,PF_0023743_01,PF_0023743|7559|2024-09-10,2,7559,2024-09-10,2025-05-31,129,0,0,0,0
2025-04-30,train,PF_0023743_01,PF_0023743|7559|2024-09-10,3,7559,2024-09-10,2025-05-31,129,0,0,0,0
2025-04-30,train,PF_0023743_01,PF_0023743|7559|2024-09-10,4,7559,2024-09-10,2025-05-31,129,0,0,0,0
2025-04-30,train,PF_0023743_01,PF_0023743|7559|2024-09-10,5,7559,2024-09-10,2025-05-31,129,0,0,0,0
2025-04-30,train,PF_0023743_01,PF_0023743|7559|2024-09-10,6,7559,2024-09-10,2025-05-31,129,0,0,0,0
2025-04-30,train,PF_0023743_01,PF_0023743|7559|2024-09-10,7,7559,2024-09-10,2025-05-31,129,0,0,0,0
2025-04-30,train,PF_0023743_01,PF_0023743|7559|2024-09-10,8,7559,2024-09-10,2025-05-31,129,0,0,0,0
2025-04-30,train,PF_0023743_01,PF_0023743|7559|2024-09-10,9,7559,2024-09-10,2025-05-31,129,0,0,0,0
2025-04-30,validation,PF_0023923_01,PF_0023923|7562|2024-08-31,1,7562,2024-08-31,2025-06-15,132,0,0,0,0
2025-04-30,validation,PF_0023923_01,PF_0023923|7562|2024-08-31,4,7562,2024-08-31,2025-06-15,132,0,0,0,0
2025-04-30,validation,PF_0023923_01,PF_0023923|7562|2024-08-31,5,7562,2024-08-31,2025-06-15,132,0,0,0,0
2025-04-30,validation,PF_0023923_01,PF_0023923|7562|2024-08-31,6,7562,2024-08-31,2025-06-15,132,0,0,0,0
2025-04-30,validation,PF_0023923_01,PF_0023923|7562|2024-08-31,9,7562,2024-08-31,2025-06-15,132,0,0,0,0
2025-04-30,train,PF_0024357_01,PF_0024357|7560|2024-09-09,1,7560,2024-09-09,2025-05-31,139,0,0,0,0
2025-04-30,train,PF_0024357_01,PF_0024357|7560|2024-09-09,2,7560,2024-09-09,2025-05-31,139,0,0,0,0
2025-04-30,train,PF_0024357_01,PF_0024357|7560|2024-09-09,4,7560,2024-09-09,2025-05-31,139,0,0,0,0
2025-04-30,train,PF_0024357_01,PF_0024357|7560|2024-09-09,5,7560,2024-09-09,2025-05-31,139,0,0,0,0
2025-04-30,train,PF_0024357_01,PF_0024357|7560|2024-09-09,6,7560,2024-09-09,2025-05-31,139,0,0,0,0
2025-04-30,train,PF_0024357_01,PF_0024357|7560|2024-09-09,7,7560,2024-09-09,2025-05-31,139,0,0,0,0
2025-04-30,train,PF_0024357_01,PF_0024357|7560|2024-09-09,9,7560,2024-09-09,2025-05-31,139,0,0,0,0
2025-04-30,validation,PF_0024365_01,PF_0024365|7561|2024-09-10,1,7561,2024-09-10,2025-05-20,142,0,0,0,0
2025-04-30,validation,PF_0024365_01,PF_0024365|7561|2024-09-10,2,7561,2024-09-10,2025-05-20,142,0,0,0,0
2025-04-30,validation,PF_0024365_01,PF_0024365|7561|2024-09-10,3,7561,2024-09-10,2025-05-20,142,0,0,0,0
2025-04-30,validation,PF_0024365_01,PF_0024365|7561|2024-09-10,4,7561,2024-09-10,2025-05-20,142,0,0,0,0
2025-04-30,validation,PF_0024365_01,PF_0024365|7561|2024-09-10,6,7561,2024-09-10,2025-05-20,142,0,0,0,0
2025-04-30,validation,PF_0024365_01,PF_0024365|7561|2024-09-10,9,7561,2024-09-10,2025-05-20,142,0,0,0,0
2025-04-30,train,PF_0024688_01,PF_0024688|7558|2024-09-01,1,7558,2024-09-01,2025-06-30,160,0,0,0,0
2025-04-30,train,PF_0024688_01,PF_0024688|7558|2024-09-01,2,7558,2024-09-01,2025-06-30,160,0,0,0,0
2025-04-30,train,PF_0024688_01,PF_0024688|7558|2024-09-01,3,7558,2024-09-01,2025-06-30,160,0,0,0,0
2025-04-30,train,PF_0024688_01,PF_0024688|7558|2024-09-01,4,7558,2024-09-01,2025-06-30,160,0,0,0,0
2025-04-30,train,PF_0024688_01,PF_0024688|7558|2024-09-01,5,7558,2024-09-01,2025-06-30,160,0,0,0,0
2025-04-30,train,PF_0024688_01,PF_0024688|7558|2024-09-01,6,7558,2024-09-01,2025-06-30,160,0,0,0,0
2025-04-30,train,PF_0024688_01,PF_0024688|7558|2024-09-01,7,7558,2024-09-01,2025-06-30,160,0,0,0,0
2025-04-30,train,PF_0024688_01,PF_0024688|7558|2024-09-01,9,7558,2024-09-01,2025-06-30,160,0,0,0,0
2025-05-21,test,PF_0023732_01,PF_0023732|7564|2024-08-31,1,7564,2024-08-31,2025-06-15,126,0,0,0,0
2025-05-21,test,PF_0023732_01,PF_0023732|7564|2024-08-31,2,7564,2024-08-31,2025-06-15,126,0,0,0,0
2025-05-21,test,PF_0023732_01,PF_0023732|7564|2024-08-31,3,7564,2024-08-31,2025-06-15,126,0,0,0,0
2025-05-21,test,PF_0023732_01,PF_0023732|7564|2024-08-31,5,7564,2024-08-31,2025-06-15,126,0,0,0,0
2025-05-21,test,PF_0023732_01,PF_0023732|7564|2024-08-31,6,7564,2024-08-31,2025-06-15,126,0,0,0,0
2025-05-21,test,PF_0023732_01,PF_0023732|7564|2024-08-31,7,7564,2024-08-31,2025-06-15,126,0,0,0,0
2025-05-21,test,PF_0023732_01,PF_0023732|7564|2024-08-31,8,7564,2024-08-31,2025-06-15,126,0,0,0,0
2025-05-21,train,PF_0023743_01,PF_0023743|7559|2024-09-10,1,7559,2024-09-10,2025-05-31,129,0,0,0,0
2025-05-21,train,PF_0023743_01,PF_0023743|7559|2024-09-10,2,7559,2024-09-10,2025-05-31,129,0,0,0,0
2025-05-21,train,PF_0023743_01,PF_0023743|7559|2024-09-10,3,7559,2024-09-10,2025-05-31,129,0,0,0,0
2025-05-21,train,PF_0023743_01,PF_0023743|7559|2024-09-10,4,7559,2024-09-10,2025-05-31,129,0,0,0,0
2025-05-21,train,PF_0023743_01,PF_0023743|7559|2024-09-10,5,7559,2024-09-10,2025-05-31,129,0,0,0,0
2025-05-21,train,PF_0023743_01,PF_0023743|7559|2024-09-10,6,7559,2024-09-10,2025-05-31,129,0,0,0,0
2025-05-21,train,PF_0023743_01,PF_0023743|7559|2024-09-10,7,7559,2024-09-10,2025-05-31,129,0,0,0,0
2025-05-21,train,PF_0023743_01,PF_0023743|7559|2024-09-10,8,7559,2024-09-10,2025-05-31,129,0,0,0,0
2025-05-21,train,PF_0024688_01,PF_0024688|7558|2024-09-01,1,7558,2024-09-01,2025-06-30,160,0,0,0,0
2025-05-21,train,PF_0024688_01,PF_0024688|7558|2024-09-01,2,7558,2024-09-01,2025-06-30,160,0,0,0,0
2025-05-21,train,PF_0024688_01,PF_0024688|7558|2024-09-01,3,7558,2024-09-01,2025-06-30,160,0,0,0,0
2025-05-21,train,PF_0024688_01,PF_0024688|7558|2024-09-01,4,7558,2024-09-01,2025-06-30,160,0,0,0,0
2025-05-21,train,PF_0024688_01,PF_0024688|7558|2024-09-01,5,7558,2024-09-01,2025-06-30,160,0,0,0,0
2025-05-21,train,PF_0024688_01,PF_0024688|7558|2024-09-01,6,7558,2024-09-01,2025-06-30,160,0,0,0,0
2025-05-21,train,PF_0024688_01,PF_0024688|7558|2024-09-01,7,7558,2024-09-01,2025-06-30,160,0,0,0,0
2025-05-21,train,PF_0024688_01,PF_0024688|7558|2024-09-01,9,7558,2024-09-01,2025-06-30,160,0,0,0,0
2025-05-22,train,PF_0025103_01,PF_0025103|7521|2024-09-15,1,7521,2024-09-15,2025-06-10,196,0,0,0,0
2025-05-22,train,PF_0025103_01,PF_0025103|7521|2024-09-15,2,7521,2024-09-15,2025-06-10,196,0,0,0,0
2025-05-22,train,PF_0025103_01,PF_0025103|7521|2024-09-15,3,7521,2024-09-15,2025-06-10,196,0,0,0,0
2025-05-22,train,PF_0025103_01,PF_0025103|7521|2024-09-15,4,7521,2024-09-15,2025-06-10,196,0,0,0,0
2025-05-22,train,PF_0025103_01,PF_0025103|7521|2024-09-15,5,7521,2024-09-15,2025-06-10,196,0,0,0,0
2025-05-22,train,PF_0025103_01,PF_0025103|7521|2024-09-15,6,7521,2024-09-15,2025-06-10,196,0,0,0,0
2025-05-22,train,PF_0025103_01,PF_0025103|7521|2024-09-15,7,7521,2024-09-15,2025-06-10,196,0,0,0,0
2025-05-22,train,PF_0025103_01,PF_0025103|7521|2024-09-15,8,7521,2024-09-15,2025-06-10,196,0,0,0,0
2025-05-22,train,PF_0025103_01,PF_0025103|7521|2024-09-15,9,7521,2024-09-15,2025-06-10,196,0,0,0,0
2025-05-23,train,PF_0000574_01,PF_0000574|7579|2024-09-01,1,7579,2024-09-01,2025-06-30,13,0,0,0,0
2025-05-23,train,PF_0000574_01,PF_0000574|7579|2024-09-01,2,7579,2024-09-01,2025-06-30,13,0,0,0,0
2025-05-23,train,PF_0000574_01,PF_0000574|7579|2024-09-01,3,7579,2024-09-01,2025-06-30,13,0,0,0,0
2025-05-23,train,PF_0000574_01,PF_0000574|7579|2024-09-01,4,7579,2024-09-01,2025-06-30,13,0,0,0,0
2025-05-23,train,PF_0000574_01,PF_0000574|7579|2024-09-01,5,7579,2024-09-01,2025-06-30,13,0,0,0,0
2025-05-23,train,PF_0000574_01,PF_0000574|7579|2024-09-01,6,7579,2024-09-01,2025-06-30,13,0,0,0,0
2025-05-23,train,PF_0000574_01,PF_0000574|7579|2024-09-01,7,7579,2024-09-01,2025-06-30,13,0,0,0,0
2025-05-23,train,PF_0000574_01,PF_0000574|7579|2024-09-01,8,7579,2024-09-01,2025-06-30,13,0,0,0,0
2025-05-23,train,PF_0000574_01,PF_0000574|7579|2024-09-01,9,7579,2024-09-01,2025-06-30,13,0,0,0,0
2025-05-23,validation,PF_0000778_01,PF_0000778|7578|2024-09-15,1,7578,2024-09-15,2025-06-30,20,0,0,0,0
2025-05-23,validation,PF_0000778_01,PF_0000778|7578|2024-09-15,2,7578,2024-09-15,2025-06-30,20,0,0,0,0
2025-05-23,validation,PF_0000778_01,PF_0000778|7578|2024-09-15,3,7578,2024-09-15,2025-06-30,20,0,0,0,0
2025-05-23,validation,PF_0000778_01,PF_0000778|7578|2024-09-15,4,7578,2024-09-15,2025-06-30,20,0,0,0,0
2025-05-23,validation,PF_0000778_01,PF_0000778|7578|2024-09-15,5,7578,2024-09-15,2025-06-30,20,0,0,0,0
2025-05-23,validation,PF_0000778_01,PF_0000778|7578|2024-09-15,6,7578,2024-09-15,2025-06-30,20,0,0,0,0
2025-05-23,validation,PF_0000778_01,PF_0000778|7578|2024-09-15,7,7578,2024-09-15,2025-06-30,20,0,0,0,0
2025-05-23,validation,PF_0000778_01,PF_0000778|7578|2024-09-15,8,7578,2024-09-15,2025-06-30,20,0,0,0,0
2025-05-23,validation,PF_0000778_01,PF_0000778|7578|2024-09-15,9,7578,2024-09-15,2025-06-30,20,0,0,0,0
2025-05-23,train,PF_0024654_01,PF_0024654|7527|2024-09-15,1,7527,2024-09-15,2025-06-10,150,0,0,0,0
2025-05-23,train,PF_0024654_01,PF_0024654|7527|2024-09-15,2,7527,2024-09-15,2025-06-10,150,0,0,0,0
2025-05-23,train,PF_0024654_01,PF_0024654|7527|2024-09-15,3,7527,2024-09-15,2025-06-10,150,0,0,0,0
2025-05-23,train,PF_0024654_01,PF_0024654|7527|2024-09-15,4,7527,2024-09-15,2025-06-10,150,0,0,0,0
2025-05-23,train,PF_0024654_01,PF_0024654|7527|2024-09-15,5,7527,2024-09-15,2025-06-10,150,0,0,0,0
2025-05-23,train,PF_0024654_01,PF_0024654|7527|2024-09-15,6,7527,2024-09-15,2025-06-10,150,0,0,0,0
2025-05-23,train,PF_0024654_01,PF_0024654|7527|2024-09-15,7,7527,2024-09-15,2025-06-10,150,0,0,0,0
2025-05-23,train,PF_0024654_01,PF_0024654|7527|2024-09-15,8,7527,2024-09-15,2025-06-10,150,0,0,0,0
2025-05-23,train,PF_0024654_01,PF_0024654|7527|2024-09-15,9,7527,2024-09-15,2025-06-10,150,0,0,0,0
2025-05-23,train,PF_0025106_01,PF_0025106|7518|2024-09-17,1,7518,2024-09-17,2025-06-30,200,0,0,0,0
2025-05-23,train,PF_0025106_01,PF_0025106|7518|2024-09-17,2,7518,2024-09-17,2025-06-30,200,0,0,0,0
2025-05-23,train,PF_0025106_01,PF_0025106|7518|2024-09-17,3,7518,2024-09-17,2025-06-30,200,0,0,0,0
2025-05-23,train,PF_0025106_01,PF_0025106|7518|2024-09-17,4,7518,2024-09-17,2025-06-30,200,0,0,0,0
2025-05-23,train,PF_0025106_01,PF_0025106|7518|2024-09-17,5,7518,2024-09-17,2025-06-30,200,0,0,0,0
2025-05-23,train,PF_0025106_01,PF_0025106|7518|2024-09-17,6,7518,2024-09-17,2025-06-30,200,0,0,0,0
2025-05-23,train,PF_0025106_01,PF_0025106|7518|2024-09-17,7,7518,2024-09-17,2025-06-30,200,0,0,0,0
2025-05-23,train,PF_0025106_01,PF_0025106|7518|2024-09-17,8,7518,2024-09-17,2025-06-30,200,0,0,0,0
2025-05-23,train,PF_0025106_01,PF_0025106|7518|2024-09-17,9,7518,2024-09-17,2025-06-30,200,0,0,0,0
2025-05-24,train,PF_0024651_01,PF_0024651|7538|2024-09-15,1,7538,2024-09-15,2025-06-10,148,0,0,0,0
2025-05-24,train,PF_0024651_01,PF_0024651|7538|2024-09-15,2,7538,2024-09-15,2025-06-10,148,0,0,0,0
2025-05-24,train,PF_0024651_01,PF_0024651|7538|2024-09-15,3,7538,2024-09-15,2025-06-10,148,0,0,0,0
2025-05-24,train,PF_0024651_01,PF_0024651|7538|2024-09-15,4,7538,2024-09-15,2025-06-10,148,0,0,0,0
2025-05-24,train,PF_0024651_01,PF_0024651|7538|2024-09-15,5,7538,2024-09-15,2025-06-10,148,0,0,0,0
2025-05-24,train,PF_0024651_01,PF_0024651|7538|2024-09-15,6,7538,2024-09-15,2025-06-10,148,0,0,0,0
2025-05-24,train,PF_0024651_01,PF_0024651|7538|2024-09-15,7,7538,2024-09-15,2025-06-10,148,0,0,0,0
2025-05-24,train,PF_0024651_01,PF_0024651|7538|2024-09-15,8,7538,2024-09-15,2025-06-10,148,0,0,0,0
2025-05-24,train,PF_0024651_01,PF_0024651|7538|2024-09-15,9,7538,2024-09-15,2025-06-10,148,0,0,0,0
2025-05-24,train,PF_0024655_01,PF_0024655|7533|2024-09-15,1,7533,2024-09-15,2025-06-30,152,0,0,0,0
2025-05-24,train,PF_0024655_01,PF_0024655|7533|2024-09-15,2,7533,2024-09-15,2025-06-30,152,0,0,0,0
2025-05-24,train,PF_0024655_01,PF_0024655|7533|2024-09-15,3,7533,2024-09-15,2025-06-30,152,0,0,0,0
2025-05-24,train,PF_0024655_01,PF_0024655|7533|2024-09-15,4,7533,2024-09-15,2025-06-30,152,0,0,0,0
2025-05-24,train,PF_0024655_01,PF_0024655|7533|2024-09-15,5,7533,2024-09-15,2025-06-30,152,0,0,0,0
2025-05-24,train,PF_0024655_01,PF_0024655|7533|2024-09-15,6,7533,2024-09-15,2025-06-30,152,0,0,0,0
2025-05-24,train,PF_0024655_01,PF_0024655|7533|2024-09-15,7,7533,2024-09-15,2025-06-30,152,0,0,0,0
2025-05-24,train,PF_0024655_01,PF_0024655|7533|2024-09-15,8,7533,2024-09-15,2025-06-30,152,0,0,0,0
2025-05-24,train,PF_0024655_01,PF_0024655|7533|2024-09-15,9,7533,2024-09-15,2025-06-30,152,0,0,0,0
2025-05-28,test,PF_0023732_01,PF_0023732|7564|2024-08-31,1,7564,2024-08-31,2025-06-15,126,0,0,0,0
2025-05-28,test,PF_0023732_01,PF_0023732|7564|2024-08-31,2,7564,2024-08-31,2025-06-15,126,0,0,0,0
2025-05-28,test,PF_0023732_01,PF_0023732|7564|2024-08-31,3,7564,2024-08-31,2025-06-15,126,0,0,0,0
2025-05-28,test,PF_0023732_01,PF_0023732|7564|2024-08-31,5,7564,2024-08-31,2025-06-15,126,0,0,0,0
2025-05-28,test,PF_0023732_01,PF_0023732|7564|2024-08-31,6,7564,2024-08-31,2025-06-15,126,0,0,0,0
2025-05-28,test,PF_0023732_01,PF_0023732|7564|2024-08-31,7,7564,2024-08-31,2025-06-15,126,0,0,0,0
2025-05-28,test,PF_0023732_01,PF_0023732|7564|2024-08-31,8,7564,2024-08-31,2025-06-15,126,0,0,0,0
2025-05-29,train,PF_0000574_01,PF_0000574|7579|2024-09-01,1,7579,2024-09-01,2025-06-30,13,0,0,0,0
2025-05-29,train,PF_0000574_01,PF_0000574|7579|2024-09-01,2,7579,2024-09-01,2025-06-30,13,0,0,0,0
2025-05-29,train,PF_0000574_01,PF_0000574|7579|2024-09-01,3,7579,2024-09-01,2025-06-30,13,0,0,0,0
2025-05-29,train,PF_0000574_01,PF_0000574|7579|2024-09-01,4,7579,2024-09-01,2025-06-30,13,0,0,0,0
2025-05-29,train,PF_0000574_01,PF_0000574|7579|2024-09-01,5,7579,2024-09-01,2025-06-30,13,0,0,0,0
2025-05-29,train,PF_0000574_01,PF_0000574|7579|2024-09-01,6,7579,2024-09-01,2025-06-30,13,0,0,0,0
2025-05-29,train,PF_0000574_01,PF_0000574|7579|2024-09-01,7,7579,2024-09-01,2025-06-30,13,0,0,0,0
2025-05-29,train,PF_0000574_01,PF_0000574|7579|2024-09-01,8,7579,2024-09-01,2025-06-30,13,0,0,0,0
2025-05-29,train,PF_0000574_01,PF_0000574|7579|2024-09-01,9,7579,2024-09-01,2025-06-30,13,0,0,0,0
2025-05-29,validation,PF_0000778_01,PF_0000778|7578|2024-09-15,1,7578,2024-09-15,2025-06-30,20,0,0,0,0
2025-05-29,validation,PF_0000778_01,PF_0000778|7578|2024-09-15,2,7578,2024-09-15,2025-06-30,20,0,0,0,0
2025-05-29,validation,PF_0000778_01,PF_0000778|7578|2024-09-15,3,7578,2024-09-15,2025-06-30,20,0,0,0,0
2025-05-29,validation,PF_0000778_01,PF_0000778|7578|2024-09-15,4,7578,2024-09-15,2025-06-30,20,0,0,0,0
2025-05-29,validation,PF_0000778_01,PF_0000778|7578|2024-09-15,5,7578,2024-09-15,2025-06-30,20,0,0,0,0
2025-05-29,validation,PF_0000778_01,PF_0000778|7578|2024-09-15,6,7578,2024-09-15,2025-06-30,20,0,0,0,0
2025-05-29,validation,PF_0000778_01,PF_0000778|7578|2024-09-15,7,7578,2024-09-15,2025-06-30,20,0,0,0,0
2025-05-29,validation,PF_0000778_01,PF_0000778|7578|2024-09-15,8,7578,2024-09-15,2025-06-30,20,0,0,0,0
2025-05-29,validation,PF_0000778_01,PF_0000778|7578|2024-09-15,9,7578,2024-09-15,2025-06-30,20,0,0,0,0
2025-05-29,train,PF_0024651_01,PF_0024651|7538|2024-09-15,1,7538,2024-09-15,2025-06-10,148,0,0,0,0
2025-05-29,train,PF_0024651_01,PF_0024651|7538|2024-09-15,2,7538,2024-09-15,2025-06-10,148,0,0,0,0
2025-05-29,train,PF_0024651_01,PF_0024651|7538|2024-09-15,3,7538,2024-09-15,2025-06-10,148,0,0,0,0
2025-05-29,train,PF_0024651_01,PF_0024651|7538|2024-09-15,4,7538,2024-09-15,2025-06-10,148,0,0,0,0
2025-05-29,train,PF_0024651_01,PF_0024651|7538|2024-09-15,5,7538,2024-09-15,2025-06-10,148,0,0,0,0
2025-05-29,train,PF_0024651_01,PF_0024651|7538|2024-09-15,6,7538,2024-09-15,2025-06-10,148,0,0,0,0
2025-05-29,train,PF_0024651_01,PF_0024651|7538|2024-09-15,7,7538,2024-09-15,2025-06-10,148,0,0,0,0
2025-05-29,train,PF_0024651_01,PF_0024651|7538|2024-09-15,8,7538,2024-09-15,2025-06-10,148,0,0,0,0
2025-05-29,train,PF_0024651_01,PF_0024651|7538|2024-09-15,9,7538,2024-09-15,2025-06-10,148,0,0,0,0
2025-05-29,train,PF_0024654_01,PF_0024654|7527|2024-09-15,1,7527,2024-09-15,2025-06-10,150,0,0,0,0
2025-05-29,train,PF_0024654_01,PF_0024654|7527|2024-09-15,2,7527,2024-09-15,2025-06-10,150,0,0,0,0
2025-05-29,train,PF_0024654_01,PF_0024654|7527|2024-09-15,3,7527,2024-09-15,2025-06-10,150,0,0,0,0
2025-05-29,train,PF_0024654_01,PF_0024654|7527|2024-09-15,4,7527,2024-09-15,2025-06-10,150,0,0,0,0
2025-05-29,train,PF_0024654_01,PF_0024654|7527|2024-09-15,5,7527,2024-09-15,2025-06-10,150,0,0,0,0
2025-05-29,train,PF_0024654_01,PF_0024654|7527|2024-09-15,6,7527,2024-09-15,2025-06-10,150,0,0,0,0
2025-05-29,train,PF_0024654_01,PF_0024654|7527|2024-09-15,7,7527,2024-09-15,2025-06-10,150,0,0,0,0
2025-05-29,train,PF_0024654_01,PF_0024654|7527|2024-09-15,8,7527,2024-09-15,2025-06-10,150,0,0,0,0
2025-05-29,train,PF_0024654_01,PF_0024654|7527|2024-09-15,9,7527,2024-09-15,2025-06-10,150,0,0,0,0
2025-05-29,train,PF_0024655_01,PF_0024655|7533|2024-09-15,1,7533,2024-09-15,2025-06-30,152,0,0,0,0
2025-05-29,train,PF_0024655_01,PF_0024655|7533|2024-09-15,2,7533,2024-09-15,2025-06-30,152,0,0,0,0
2025-05-29,train,PF_0024655_01,PF_0024655|7533|2024-09-15,3,7533,2024-09-15,2025-06-30,152,0,0,0,0
2025-05-29,train,PF_0024655_01,PF_0024655|7533|2024-09-15,4,7533,2024-09-15,2025-06-30,152,0,0,0,0
2025-05-29,train,PF_0024655_01,PF_0024655|7533|2024-09-15,5,7533,2024-09-15,2025-06-30,152,0,0,0,0
2025-05-29,train,PF_0024655_01,PF_0024655|7533|2024-09-15,6,7533,2024-09-15,2025-06-30,152,0,0,0,0
2025-05-29,train,PF_0024655_01,PF_0024655|7533|2024-09-15,7,7533,2024-09-15,2025-06-30,152,0,0,0,0
2025-05-29,train,PF_0024655_01,PF_0024655|7533|2024-09-15,8,7533,2024-09-15,2025-06-30,152,0,0,0,0
2025-05-29,train,PF_0024655_01,PF_0024655|7533|2024-09-15,9,7533,2024-09-15,2025-06-30,152,0,0,0,0
2025-05-29,train,PF_0025103_01,PF_0025103|7521|2024-09-15,1,7521,2024-09-15,2025-06-10,196,0,0,0,0
2025-05-29,train,PF_0025103_01,PF_0025103|7521|2024-09-15,2,7521,2024-09-15,2025-06-10,196,0,0,0,0
2025-05-29,train,PF_0025103_01,PF_0025103|7521|2024-09-15,3,7521,2024-09-15,2025-06-10,196,0,0,0,0
2025-05-29,train,PF_0025103_01,PF_0025103|7521|2024-09-15,4,7521,2024-09-15,2025-06-10,196,0,0,0,0
2025-05-29,train,PF_0025103_01,PF_0025103|7521|2024-09-15,5,7521,2024-09-15,2025-06-10,196,0,0,0,0
2025-05-29,train,PF_0025103_01,PF_0025103|7521|2024-09-15,6,7521,2024-09-15,2025-06-10,196,0,0,0,0
2025-05-29,train,PF_0025103_01,PF_0025103|7521|2024-09-15,7,7521,2024-09-15,2025-06-10,196,0,0,0,0
2025-05-29,train,PF_0025103_01,PF_0025103|7521|2024-09-15,8,7521,2024-09-15,2025-06-10,196,0,0,0,0
2025-05-29,train,PF_0025103_01,PF_0025103|7521|2024-09-15,9,7521,2024-09-15,2025-06-10,196,0,0,0,0
2025-05-29,train,PF_0025106_01,PF_0025106|7518|2024-09-17,1,7518,2024-09-17,2025-06-30,200,0,0,0,0
2025-05-29,train,PF_0025106_01,PF_0025106|7518|2024-09-17,2,7518,2024-09-17,2025-06-30,200,0,0,0,0
2025-05-29,train,PF_0025106_01,PF_0025106|7518|2024-09-17,3,7518,2024-09-17,2025-06-30,200,0,0,0,0
2025-05-29,train,PF_0025106_01,PF_0025106|7518|2024-09-17,4,7518,2024-09-17,2025-06-30,200,0,0,0,0
2025-05-29,train,PF_0025106_01,PF_0025106|7518|2024-09-17,5,7518,2024-09-17,2025-06-30,200,0,0,0,0
2025-05-29,train,PF_0025106_01,PF_0025106|7518|2024-09-17,6,7518,2024-09-17,2025-06-30,200,0,0,0,0
2025-05-29,train,PF_0025106_01,PF_0025106|7518|2024-09-17,7,7518,2024-09-17,2025-06-30,200,0,0,0,0
2025-05-29,train,PF_0025106_01,PF_0025106|7518|2024-09-17,8,7518,2024-09-17,2025-06-30,200,0,0,0,0
2025-05-29,train,PF_0025106_01,PF_0025106|7518|2024-09-17,9,7518,2024-09-17,2025-06-30,200,0,0,0,0
2025-06-05,train,PF_0000574_01,PF_0000574|7579|2024-09-01,1,7579,2024-09-01,2025-06-30,13,0,0,0,0
2025-06-05,train,PF_0000574_01,PF_0000574|7579|2024-09-01,2,7579,2024-09-01,2025-06-30,13,0,0,0,0
2025-06-05,train,PF_0000574_01,PF_0000574|7579|2024-09-01,3,7579,2024-09-01,2025-06-30,13,0,0,0,0
2025-06-05,train,PF_0000574_01,PF_0000574|7579|2024-09-01,4,7579,2024-09-01,2025-06-30,13,0,0,0,0
2025-06-05,train,PF_0000574_01,PF_0000574|7579|2024-09-01,5,7579,2024-09-01,2025-06-30,13,0,0,0,0
2025-06-05,train,PF_0000574_01,PF_0000574|7579|2024-09-01,6,7579,2024-09-01,2025-06-30,13,0,0,0,0
2025-06-05,train,PF_0000574_01,PF_0000574|7579|2024-09-01,7,7579,2024-09-01,2025-06-30,13,0,0,0,0
2025-06-05,train,PF_0000574_01,PF_0000574|7579|2024-09-01,8,7579,2024-09-01,2025-06-30,13,0,0,0,0
2025-06-05,train,PF_0000574_01,PF_0000574|7579|2024-09-01,9,7579,2024-09-01,2025-06-30,13,0,0,0,0
2025-06-05,validation,PF_0000778_01,PF_0000778|7578|2024-09-15,1,7578,2024-09-15,2025-06-30,20,0,0,0,0
2025-06-05,validation,PF_0000778_01,PF_0000778|7578|2024-09-15,2,7578,2024-09-15,2025-06-30,20,0,0,0,0
2025-06-05,validation,PF_0000778_01,PF_0000778|7578|2024-09-15,3,7578,2024-09-15,2025-06-30,20,0,0,0,0
2025-06-05,validation,PF_0000778_01,PF_0000778|7578|2024-09-15,4,7578,2024-09-15,2025-06-30,20,0,0,0,0
2025-06-05,validation,PF_0000778_01,PF_0000778|7578|2024-09-15,5,7578,2024-09-15,2025-06-30,20,0,0,0,0
2025-06-05,validation,PF_0000778_01,PF_0000778|7578|2024-09-15,6,7578,2024-09-15,2025-06-30,20,0,0,0,0
2025-06-05,validation,PF_0000778_01,PF_0000778|7578|2024-09-15,7,7578,2024-09-15,2025-06-30,20,0,0,0,0
2025-06-05,validation,PF_0000778_01,PF_0000778|7578|2024-09-15,8,7578,2024-09-15,2025-06-30,20,0,0,0,0
2025-06-05,validation,PF_0000778_01,PF_0000778|7578|2024-09-15,9,7578,2024-09-15,2025-06-30,20,0,0,0,0
2025-06-05,train,PF_0024651_01,PF_0024651|7538|2024-09-15,1,7538,2024-09-15,2025-06-10,148,0,0,0,0
2025-06-05,train,PF_0024651_01,PF_0024651|7538|2024-09-15,2,7538,2024-09-15,2025-06-10,148,0,0,0,0
2025-06-05,train,PF_0024651_01,PF_0024651|7538|2024-09-15,3,7538,2024-09-15,2025-06-10,148,0,0,0,0
2025-06-05,train,PF_0024651_01,PF_0024651|7538|2024-09-15,4,7538,2024-09-15,2025-06-10,148,0,0,0,0
2025-06-05,train,PF_0024651_01,PF_0024651|7538|2024-09-15,5,7538,2024-09-15,2025-06-10,148,0,0,0,0
2025-06-05,train,PF_0024651_01,PF_0024651|7538|2024-09-15,6,7538,2024-09-15,2025-06-10,148,0,0,0,0
2025-06-05,train,PF_0024651_01,PF_0024651|7538|2024-09-15,7,7538,2024-09-15,2025-06-10,148,0,0,0,0
2025-06-05,train,PF_0024651_01,PF_0024651|7538|2024-09-15,8,7538,2024-09-15,2025-06-10,148,0,0,0,0
2025-06-05,train,PF_0024651_01,PF_0024651|7538|2024-09-15,9,7538,2024-09-15,2025-06-10,148,0,0,0,0
2025-06-05,train,PF_0024654_01,PF_0024654|7527|2024-09-15,1,7527,2024-09-15,2025-06-10,150,0,0,0,0
2025-06-05,train,PF_0024654_01,PF_0024654|7527|2024-09-15,2,7527,2024-09-15,2025-06-10,150,0,0,0,0
2025-06-05,train,PF_0024654_01,PF_0024654|7527|2024-09-15,3,7527,2024-09-15,2025-06-10,150,0,0,0,0
2025-06-05,train,PF_0024654_01,PF_0024654|7527|2024-09-15,4,7527,2024-09-15,2025-06-10,150,0,0,0,0
2025-06-05,train,PF_0024654_01,PF_0024654|7527|2024-09-15,5,7527,2024-09-15,2025-06-10,150,0,0,0,0
2025-06-05,train,PF_0024654_01,PF_0024654|7527|2024-09-15,6,7527,2024-09-15,2025-06-10,150,0,0,0,0
2025-06-05,train,PF_0024654_01,PF_0024654|7527|2024-09-15,7,7527,2024-09-15,2025-06-10,150,0,0,0,0
2025-06-05,train,PF_0024654_01,PF_0024654|7527|2024-09-15,8,7527,2024-09-15,2025-06-10,150,0,0,0,0
2025-06-05,train,PF_0024654_01,PF_0024654|7527|2024-09-15,9,7527,2024-09-15,2025-06-10,150,0,0,0,0
2025-06-05,train,PF_0024655_01,PF_0024655|7533|2024-09-15,1,7533,2024-09-15,2025-06-30,152,0,0,0,0
2025-06-05,train,PF_0024655_01,PF_0024655|7533|2024-09-15,2,7533,2024-09-15,2025-06-30,152,0,0,0,0
2025-06-05,train,PF_0024655_01,PF_0024655|7533|2024-09-15,3,7533,2024-09-15,2025-06-30,152,0,0,0,0
2025-06-05,train,PF_0024655_01,PF_0024655|7533|2024-09-15,4,7533,2024-09-15,2025-06-30,152,0,0,0,0
2025-06-05,train,PF_0024655_01,PF_0024655|7533|2024-09-15,5,7533,2024-09-15,2025-06-30,152,0,0,0,0
2025-06-05,train,PF_0024655_01,PF_0024655|7533|2024-09-15,6,7533,2024-09-15,2025-06-30,152,0,0,0,0
2025-06-05,train,PF_0024655_01,PF_0024655|7533|2024-09-15,7,7533,2024-09-15,2025-06-30,152,0,0,0,0
2025-06-05,train,PF_0024655_01,PF_0024655|7533|2024-09-15,8,7533,2024-09-15,2025-06-30,152,0,0,0,0
2025-06-05,train,PF_0024655_01,PF_0024655|7533|2024-09-15,9,7533,2024-09-15,2025-06-30,152,0,0,0,0
2025-06-05,train,PF_0025103_01,PF_0025103|7521|2024-09-15,1,7521,2024-09-15,2025-06-10,196,0,0,0,0
2025-06-05,train,PF_0025103_01,PF_0025103|7521|2024-09-15,2,7521,2024-09-15,2025-06-10,196,0,0,0,0
2025-06-05,train,PF_0025103_01,PF_0025103|7521|2024-09-15,3,7521,2024-09-15,2025-06-10,196,0,0,0,0
2025-06-05,train,PF_0025103_01,PF_0025103|7521|2024-09-15,4,7521,2024-09-15,2025-06-10,196,0,0,0,0
2025-06-05,train,PF_0025103_01,PF_0025103|7521|2024-09-15,5,7521,2024-09-15,2025-06-10,196,0,0,0,0
2025-06-05,train,PF_0025103_01,PF_0025103|7521|2024-09-15,6,7521,2024-09-15,2025-06-10,196,0,0,0,0
2025-06-05,train,PF_0025103_01,PF_0025103|7521|2024-09-15,7,7521,2024-09-15,2025-06-10,196,0,0,0,0
2025-06-05,train,PF_0025103_01,PF_0025103|7521|2024-09-15,8,7521,2024-09-15,2025-06-10,196,0,0,0,0
2025-06-05,train,PF_0025103_01,PF_0025103|7521|2024-09-15,9,7521,2024-09-15,2025-06-10,196,0,0,0,0
2025-06-05,train,PF_0025106_01,PF_0025106|7518|2024-09-17,1,7518,2024-09-17,2025-06-30,200,0,0,0,0
2025-06-05,train,PF_0025106_01,PF_0025106|7518|2024-09-17,2,7518,2024-09-17,2025-06-30,200,0,0,0,0
2025-06-05,train,PF_0025106_01,PF_0025106|7518|2024-09-17,3,7518,2024-09-17,2025-06-30,200,0,0,0,0
2025-06-05,train,PF_0025106_01,PF_0025106|7518|2024-09-17,4,7518,2024-09-17,2025-06-30,200,0,0,0,0
2025-06-05,train,PF_0025106_01,PF_0025106|7518|2024-09-17,5,7518,2024-09-17,2025-06-30,200,0,0,0,0
2025-06-05,train,PF_0025106_01,PF_0025106|7518|2024-09-17,6,7518,2024-09-17,2025-06-30,200,0,0,0,0
2025-06-05,train,PF_0025106_01,PF_0025106|7518|2024-09-17,7,7518,2024-09-17,2025-06-30,200,0,0,0,0
2025-06-05,train,PF_0025106_01,PF_0025106|7518|2024-09-17,8,7518,2024-09-17,2025-06-30,200,0,0,0,0
2025-06-05,train,PF_0025106_01,PF_0025106|7518|2024-09-17,9,7518,2024-09-17,2025-06-30,200,0,0,0,0
2025-12-15,train,PF_0021351_01,PF_0021351|9028|2025-09-10,1,9028,2025-09-10,2026-05-31,105,5,4,2,11
2025-12-22,train,PF_0021351_01,PF_0021351|9028|2025-09-10,1,9028,2025-09-10,2026-05-31,105,6,6,4,16
2025-12-29,train,PF_0021351_01,PF_0021351|9028|2025-09-10,1,9028,2025-09-10,2026-05-31,105,2,3,2,7
2026-01-05,train,PF_0021351_01,PF_0021351|9028|2025-09-10,1,9028,2025-09-10,2026-05-31,105,1,2,2,5
2026-01-12,train,PF_0021351_01,PF_0021351|9028|2025-09-10,1,9028,2025-09-10,2026-05-31,105,1,2,2,5
2026-01-19,train,PF_0022105_01,PF_0022105|9021|2025-09-22,1,9021,2025-09-22,2026-05-31,116,4,8,2,14
2026-01-19,train,PF_0022105_01,PF_0022105|9021|2025-09-22,2,9021,2025-09-22,2026-05-31,116,4,7,2,13
2026-01-26,train,PF_0022105_01,PF_0022105|9021|2025-09-22,2,9021,2025-09-22,2026-05-31,116,4,7,3,14
2026-01-26,train,PF_0022105_01,PF_0022105|9021|2025-09-22,7,9021,2025-09-22,2026-05-31,116,5,7,2,14
2026-02-02,train,PF_0022105_01,PF_0022105|9021|2025-09-22,2,9021,2025-09-22,2026-05-31,116,1,7,4,12
2026-02-02,train,PF_0022105_01,PF_0022105|9021|2025-09-22,7,9021,2025-09-22,2026-05-31,116,2,7,4,13
2026-02-10,train,PF_0022105_01,PF_0022105|9021|2025-09-22,9,9021,2025-09-22,2026-05-31,116,3,7,2,12
2026-02-20,train,PF_0023743_01,PF_0023743|9008|2025-09-07,3,9008,2025-09-07,2026-05-31,130,10,5,4,19
2026-02-25,train,PF_0023743_01,PF_0023743|9008|2025-09-07,2,9008,2025-09-07,2026-05-31,130,7,9,7,23
2026-02-25,train,PF_0023743_01,PF_0023743|9008|2025-09-07,3,9008,2025-09-07,2026-05-31,130,9,5,2,16
2026-02-25,train,PF_0023743_01,PF_0023743|9008|2025-09-07,7,9008,2025-09-07,2026-05-31,130,10,4,6,20
2026-03-04,train,PF_0021351_01,PF_0021351|9028|2025-09-10,1,9028,2025-09-10,2026-05-31,105,0,0,0,0
2026-03-05,train,PF_0023743_01,PF_0023743|9008|2025-09-07,2,9008,2025-09-07,2026-05-31,130,5,7,7,19
2026-03-05,train,PF_0023743_01,PF_0023743|9008|2025-09-07,3,9008,2025-09-07,2026-05-31,130,5,3,2,10
2026-03-05,train,PF_0023743_01,PF_0023743|9008|2025-09-07,7,9008,2025-09-07,2026-05-31,130,6,4,2,12
2026-03-11,train,PF_0021351_01,PF_0021351|9028|2025-09-10,1,9028,2025-09-10,2026-05-31,105,0,0,0,0
2026-03-11,train,PF_0021351_01,PF_0021351|9028|2025-09-10,2,9028,2025-09-10,2026-05-31,105,0,0,1,1
2026-03-11,train,PF_0021351_01,PF_0021351|9028|2025-09-10,3,9028,2025-09-10,2026-05-31,105,0,0,0,0
2026-03-11,train,PF_0021351_01,PF_0021351|9028|2025-09-10,4,9028,2025-09-10,2026-05-31,105,0,0,1,1
2026-03-11,train,PF_0021351_01,PF_0021351|9028|2025-09-10,5,9028,2025-09-10,2026-05-31,105,0,0,1,1
2026-03-11,train,PF_0021351_01,PF_0021351|9028|2025-09-10,8,9028,2025-09-10,2026-05-31,105,0,0,3,3
2026-03-11,train,PF_0022105_01,PF_0022105|9021|2025-09-22,2,9021,2025-09-22,2026-05-31,116,0,0,4,4
2026-03-12,train,PF_0023743_01,PF_0023743|9008|2025-09-07,2,9008,2025-09-07,2026-05-31,130,1,4,7,12
2026-03-12,train,PF_0023743_01,PF_0023743|9008|2025-09-07,3,9008,2025-09-07,2026-05-31,130,2,3,2,7
2026-03-12,train,PF_0023743_01,PF_0023743|9008|2025-09-07,7,9008,2025-09-07,2026-05-31,130,0,4,2,6
2026-03-18,train,PF_0021351_01,PF_0021351|9028|2025-09-10,1,9028,2025-09-10,2026-05-31,105,0,0,0,0
2026-03-18,train,PF_0021351_01,PF_0021351|9028|2025-09-10,2,9028,2025-09-10,2026-05-31,105,0,0,0,0
2026-03-18,train,PF_0021351_01,PF_0021351|9028|2025-09-10,3,9028,2025-09-10,2026-05-31,105,0,0,0,0
2026-03-18,train,PF_0021351_01,PF_0021351|9028|2025-09-10,4,9028,2025-09-10,2026-05-31,105,0,0,0,0
2026-03-18,train,PF_0021351_01,PF_0021351|9028|2025-09-10,5,9028,2025-09-10,2026-05-31,105,0,0,1,1
2026-03-18,train,PF_0021351_01,PF_0021351|9028|2025-09-10,8,9028,2025-09-10,2026-05-31,105,0,0,3,3
2026-03-19,train,PF_0023743_01,PF_0023743|9008|2025-09-07,2,9008,2025-09-07,2026-05-31,130,1,2,6,9
2026-03-19,train,PF_0023743_01,PF_0023743|9008|2025-09-07,3,9008,2025-09-07,2026-05-31,130,0,3,2,5
2026-03-19,train,PF_0023743_01,PF_0023743|9008|2025-09-07,4,9008,2025-09-07,2026-05-31,130,0,0,2,2
2026-03-19,train,PF_0023743_01,PF_0023743|9008|2025-09-07,6,9008,2025-09-07,2026-05-31,130,0,0,1,1
2026-03-19,train,PF_0023743_01,PF_0023743|9008|2025-09-07,7,9008,2025-09-07,2026-05-31,130,0,3,2,5
2026-03-19,train,PF_0023743_01,PF_0023743|9008|2025-09-07,8,9008,2025-09-07,2026-05-31,130,0,0,0,0
2026-03-25,train,PF_0021351_01,PF_0021351|9028|2025-09-10,1,9028,2025-09-10,2026-05-31,105,0,0,0,0
2026-03-25,train,PF_0021351_01,PF_0021351|9028|2025-09-10,2,9028,2025-09-10,2026-05-31,105,0,0,0,0
2026-03-25,train,PF_0021351_01,PF_0021351|9028|2025-09-10,3,9028,2025-09-10,2026-05-31,105,0,0,0,0
2026-03-25,train,PF_0021351_01,PF_0021351|9028|2025-09-10,4,9028,2025-09-10,2026-05-31,105,0,0,0,0
2026-03-25,train,PF_0021351_01,PF_0021351|9028|2025-09-10,5,9028,2025-09-10,2026-05-31,105,0,0,0,0
2026-03-25,train,PF_0021351_01,PF_0021351|9028|2025-09-10,6,9028,2025-09-10,2026-05-31,105,0,1,2,3
2026-03-25,train,PF_0021351_01,PF_0021351|9028|2025-09-10,8,9028,2025-09-10,2026-05-31,105,0,0,3,3
2026-03-25,train,PF_0022105_01,PF_0022105|9021|2025-09-22,1,9021,2025-09-22,2026-05-31,116,0,0,0,0
2026-03-25,train,PF_0022105_01,PF_0022105|9021|2025-09-22,2,9021,2025-09-22,2026-05-31,116,0,0,2,2
2026-03-25,train,PF_0022105_01,PF_0022105|9021|2025-09-22,3,9021,2025-09-22,2026-05-31,116,0,0,2,2
2026-03-25,train,PF_0022105_01,PF_0022105|9021|2025-09-22,6,9021,2025-09-22,2026-05-31,116,0,0,9,9
2026-03-25,train,PF_0022105_01,PF_0022105|9021|2025-09-22,7,9021,2025-09-22,2026-05-31,116,0,0,10,10
2026-03-25,train,PF_0022105_01,PF_0022105|9021|2025-09-22,9,9021,2025-09-22,2026-05-31,116,0,2,9,11
2026-03-26,train,PF_0023743_01,PF_0023743|9008|2025-09-07,2,9008,2025-09-07,2026-05-31,130,0,0,6,6
2026-03-26,train,PF_0023743_01,PF_0023743|9008|2025-09-07,3,9008,2025-09-07,2026-05-31,130,0,2,1,3
2026-03-26,train,PF_0023743_01,PF_0023743|9008|2025-09-07,4,9008,2025-09-07,2026-05-31,130,0,0,4,4
2026-03-26,train,PF_0023743_01,PF_0023743|9008|2025-09-07,5,9008,2025-09-07,2026-05-31,130,0,0,4,4
2026-03-26,train,PF_0023743_01,PF_0023743|9008|2025-09-07,6,9008,2025-09-07,2026-05-31,130,0,0,1,1
2026-03-26,train,PF_0023743_01,PF_0023743|9008|2025-09-07,7,9008,2025-09-07,2026-05-31,130,0,2,1,3
2026-03-26,train,PF_0023743_01,PF_0023743|9008|2025-09-07,8,9008,2025-09-07,2026-05-31,130,0,0,0,0
2026-03-26,train,PF_0024688_01,PF_0024688|9042|2025-09-14,1,9042,2025-09-14,2026-05-31,161,0,0,0,0
2026-03-26,train,PF_0024688_01,PF_0024688|9042|2025-09-14,2,9042,2025-09-14,2026-05-31,161,0,0,0,0
2026-03-26,train,PF_0024688_01,PF_0024688|9042|2025-09-14,3,9042,2025-09-14,2026-05-31,161,0,0,0,0
2026-03-26,train,PF_0024688_01,PF_0024688|9042|2025-09-14,4,9042,2025-09-14,2026-05-31,161,0,0,0,0
2026-03-26,train,PF_0024688_01,PF_0024688|9042|2025-09-14,5,9042,2025-09-14,2026-05-31,161,0,0,2,2
2026-03-26,train,PF_0024688_01,PF_0024688|9042|2025-09-14,6,9042,2025-09-14,2026-05-31,161,0,0,0,0
2026-03-26,train,PF_0024688_01,PF_0024688|9042|2025-09-14,7,9042,2025-09-14,2026-05-31,161,0,0,0,0
2026-03-26,train,PF_0024688_01,PF_0024688|9042|2025-09-14,8,9042,2025-09-14,2026-05-31,161,0,0,0,0
2026-03-26,train,PF_0024688_01,PF_0024688|9042|2025-09-14,9,9042,2025-09-14,2026-05-31,161,0,0,0,0
2026-04-01,train,PF_0021351_01,PF_0021351|9028|2025-09-10,1,9028,2025-09-10,2026-05-31,105,0,0,0,0
2026-04-01,train,PF_0021351_01,PF_0021351|9028|2025-09-10,2,9028,2025-09-10,2026-05-31,105,0,0,0,0
2026-04-01,train,PF_0021351_01,PF_0021351|9028|2025-09-10,3,9028,2025-09-10,2026-05-31,105,0,0,0,0
2026-04-01,train,PF_0021351_01,PF_0021351|9028|2025-09-10,4,9028,2025-09-10,2026-05-31,105,0,0,0,0
2026-04-01,train,PF_0021351_01,PF_0021351|9028|2025-09-10,5,9028,2025-09-10,2026-05-31,105,0,0,0,0
2026-04-01,train,PF_0021351_01,PF_0021351|9028|2025-09-10,6,9028,2025-09-10,2026-05-31,105,0,0,3,3
2026-04-01,train,PF_0021351_01,PF_0021351|9028|2025-09-10,8,9028,2025-09-10,2026-05-31,105,0,0,2,2
2026-04-01,train,PF_0022105_01,PF_0022105|9021|2025-09-22,1,9021,2025-09-22,2026-05-31,116,0,0,0,0
2026-04-01,train,PF_0022105_01,PF_0022105|9021|2025-09-22,2,9021,2025-09-22,2026-05-31,116,0,0,0,0
2026-04-01,train,PF_0022105_01,PF_0022105|9021|2025-09-22,3,9021,2025-09-22,2026-05-31,116,0,0,1,1
2026-04-01,train,PF_0022105_01,PF_0022105|9021|2025-09-22,5,9021,2025-09-22,2026-05-31,116,0,0,9,9
2026-04-01,train,PF_0022105_01,PF_0022105|9021|2025-09-22,6,9021,2025-09-22,2026-05-31,116,0,0,9,9
2026-04-01,train,PF_0022105_01,PF_0022105|9021|2025-09-22,7,9021,2025-09-22,2026-05-31,116,0,0,7,7
2026-04-01,train,PF_0022105_01,PF_0022105|9021|2025-09-22,8,9021,2025-09-22,2026-05-31,116,0,2,6,8
2026-04-01,train,PF_0022105_01,PF_0022105|9021|2025-09-22,9,9021,2025-09-22,2026-05-31,116,0,0,9,9
2026-04-02,train,PF_0023743_01,PF_0023743|9008|2025-09-07,2,9008,2025-09-07,2026-05-31,130,0,0,1,1
2026-04-02,train,PF_0023743_01,PF_0023743|9008|2025-09-07,3,9008,2025-09-07,2026-05-31,130,0,0,0,0
2026-04-02,train,PF_0023743_01,PF_0023743|9008|2025-09-07,4,9008,2025-09-07,2026-05-31,130,0,0,6,6
2026-04-02,train,PF_0023743_01,PF_0023743|9008|2025-09-07,5,9008,2025-09-07,2026-05-31,130,0,0,7,7
2026-04-02,train,PF_0023743_01,PF_0023743|9008|2025-09-07,6,9008,2025-09-07,2026-05-31,130,0,0,0,0
2026-04-02,train,PF_0023743_01,PF_0023743|9008|2025-09-07,7,9008,2025-09-07,2026-05-31,130,0,0,0,0
2026-04-02,train,PF_0023743_01,PF_0023743|9008|2025-09-07,8,9008,2025-09-07,2026-05-31,130,0,0,0,0
2026-04-02,train,PF_0023743_01,PF_0023743|9008|2025-09-07,9,9008,2025-09-07,2026-05-31,130,0,0,3,3
2026-04-02,train,PF_0024688_01,PF_0024688|9042|2025-09-14,1,9042,2025-09-14,2026-05-31,161,0,0,0,0
2026-04-02,train,PF_0024688_01,PF_0024688|9042|2025-09-14,2,9042,2025-09-14,2026-05-31,161,0,0,0,0
2026-04-02,train,PF_0024688_01,PF_0024688|9042|2025-09-14,3,9042,2025-09-14,2026-05-31,161,0,0,0,0
2026-04-02,train,PF_0024688_01,PF_0024688|9042|2025-09-14,4,9042,2025-09-14,2026-05-31,161,0,0,0,0
2026-04-02,train,PF_0024688_01,PF_0024688|9042|2025-09-14,5,9042,2025-09-14,2026-05-31,161,0,0,0,0
2026-04-02,train,PF_0024688_01,PF_0024688|9042|2025-09-14,6,9042,2025-09-14,2026-05-31,161,0,0,0,0
2026-04-02,train,PF_0024688_01,PF_0024688|9042|2025-09-14,7,9042,2025-09-14,2026-05-31,161,0,0,0,0
2026-04-02,train,PF_0024688_01,PF_0024688|9042|2025-09-14,8,9042,2025-09-14,2026-05-31,161,0,0,0,0
2026-04-02,train,PF_0024688_01,PF_0024688|9042|2025-09-14,9,9042,2025-09-14,2026-05-31,161,0,0,0,0
2026-04-07,train,PF_0002037_01,PF_0002037|9035|2025-09-15,1,9035,2025-09-15,2026-05-31,42,0,0,0,0
2026-04-07,train,PF_0002037_01,PF_0002037|9035|2025-09-15,2,9035,2025-09-15,2026-05-31,42,0,0,0,0
2026-04-07,train,PF_0002037_01,PF_0002037|9035|2025-09-15,4,9035,2025-09-15,2026-05-31,42,0,0,0,0
2026-04-07,train,PF_0002037_01,PF_0002037|9035|2025-09-15,5,9035,2025-09-15,2026-05-31,42,0,0,0,0
2026-04-07,train,PF_0002037_01,PF_0002037|9035|2025-09-15,6,9035,2025-09-15,2026-05-31,42,0,0,0,0
2026-04-07,train,PF_0002037_01,PF_0002037|9035|2025-09-15,7,9035,2025-09-15,2026-05-31,42,0,0,0,0
2026-04-07,train,PF_0002037_01,PF_0002037|9035|2025-09-15,9,9035,2025-09-15,2026-05-31,42,0,0,0,0
2026-04-08,train,PF_0021351_01,PF_0021351|9028|2025-09-10,1,9028,2025-09-10,2026-05-31,105,0,0,0,0
2026-04-08,train,PF_0021351_01,PF_0021351|9028|2025-09-10,2,9028,2025-09-10,2026-05-31,105,0,0,0,0
2026-04-08,train,PF_0021351_01,PF_0021351|9028|2025-09-10,3,9028,2025-09-10,2026-05-31,105,0,0,0,0
2026-04-08,train,PF_0021351_01,PF_0021351|9028|2025-09-10,4,9028,2025-09-10,2026-05-31,105,0,0,0,0
2026-04-08,train,PF_0021351_01,PF_0021351|9028|2025-09-10,5,9028,2025-09-10,2026-05-31,105,0,0,0,0
2026-04-08,train,PF_0021351_01,PF_0021351|9028|2025-09-10,6,9028,2025-09-10,2026-05-31,105,0,0,3,3
2026-04-08,train,PF_0021351_01,PF_0021351|9028|2025-09-10,7,9028,2025-09-10,2026-05-31,105,0,9,3,12
2026-04-08,train,PF_0021351_01,PF_0021351|9028|2025-09-10,8,9028,2025-09-10,2026-05-31,105,0,0,0,0
2026-04-08,train,PF_0022105_01,PF_0022105|9021|2025-09-22,1,9021,2025-09-22,2026-05-31,116,0,0,0,0
2026-04-08,train,PF_0022105_01,PF_0022105|9021|2025-09-22,2,9021,2025-09-22,2026-05-31,116,0,0,0,0
2026-04-08,train,PF_0022105_01,PF_0022105|9021|2025-09-22,3,9021,2025-09-22,2026-05-31,116,0,0,0,0
2026-04-08,train,PF_0022105_01,PF_0022105|9021|2025-09-22,4,9021,2025-09-22,2026-05-31,116,0,1,3,4
2026-04-08,train,PF_0022105_01,PF_0022105|9021|2025-09-22,5,9021,2025-09-22,2026-05-31,116,0,0,8,8
2026-04-08,train,PF_0022105_01,PF_0022105|9021|2025-09-22,6,9021,2025-09-22,2026-05-31,116,0,0,7,7
2026-04-08,train,PF_0022105_01,PF_0022105|9021|2025-09-22,7,9021,2025-09-22,2026-05-31,116,0,0,5,5
2026-04-08,train,PF_0022105_01,PF_0022105|9021|2025-09-22,8,9021,2025-09-22,2026-05-31,116,0,0,6,6
2026-04-08,train,PF_0022105_01,PF_0022105|9021|2025-09-22,9,9021,2025-09-22,2026-05-31,116,0,0,6,6
2026-04-08,test,PF_0023732_01,PF_0023732|9011|2025-08-30,1,9011,2025-08-30,2026-06-10,127,0,0,0,0
2026-04-08,test,PF_0023732_01,PF_0023732|9011|2025-08-30,2,9011,2025-08-30,2026-06-10,127,0,0,0,0
2026-04-08,test,PF_0023732_01,PF_0023732|9011|2025-08-30,3,9011,2025-08-30,2026-06-10,127,0,0,0,0
2026-04-08,test,PF_0023732_01,PF_0023732|9011|2025-08-30,4,9011,2025-08-30,2026-06-10,127,0,0,3,3
2026-04-08,test,PF_0023732_01,PF_0023732|9011|2025-08-30,5,9011,2025-08-30,2026-06-10,127,0,0,0,0
2026-04-08,test,PF_0023732_01,PF_0023732|9011|2025-08-30,6,9011,2025-08-30,2026-06-10,127,0,0,3,3
2026-04-08,test,PF_0023732_01,PF_0023732|9011|2025-08-30,7,9011,2025-08-30,2026-06-10,127,0,0,0,0
2026-04-08,test,PF_0023732_01,PF_0023732|9011|2025-08-30,8,9011,2025-08-30,2026-06-10,127,0,0,0,0
2026-04-08,test,PF_0023732_01,PF_0023732|9011|2025-08-30,9,9011,2025-08-30,2026-06-10,127,0,0,0,0
2026-04-08,train,PF_0024806_01,PF_0024806|9046|2025-09-08,1,9046,2025-09-08,2026-05-30,188,0,0,3,3
2026-04-08,train,PF_0024806_01,PF_0024806|9046|2025-09-08,3,9046,2025-09-08,2026-05-30,188,0,0,1,1
2026-04-08,train,PF_0024806_01,PF_0024806|9046|2025-09-08,4,9046,2025-09-08,2026-05-30,188,0,0,0,0
2026-04-08,train,PF_0024806_01,PF_0024806|9046|2025-09-08,5,9046,2025-09-08,2026-05-30,188,0,0,0,0
2026-04-08,train,PF_0024806_01,PF_0024806|9046|2025-09-08,6,9046,2025-09-08,2026-05-30,188,0,0,0,0
2026-04-08,train,PF_0024806_01,PF_0024806|9046|2025-09-08,8,9046,2025-09-08,2026-05-30,188,0,0,0,0
2026-04-08,train,PF_0024806_01,PF_0024806|9046|2025-09-08,9,9046,2025-09-08,2026-05-30,188,0,0,0,0
2026-04-09,train,PF_0023743_01,PF_0023743|9008|2025-09-07,2,9008,2025-09-07,2026-05-31,130,0,0,0,0
2026-04-09,train,PF_0023743_01,PF_0023743|9008|2025-09-07,3,9008,2025-09-07,2026-05-31,130,0,0,0,0
2026-04-09,train,PF_0023743_01,PF_0023743|9008|2025-09-07,4,9008,2025-09-07,2026-05-31,130,0,0,3,3
2026-04-09,train,PF_0023743_01,PF_0023743|9008|2025-09-07,5,9008,2025-09-07,2026-05-31,130,0,0,3,3
2026-04-09,train,PF_0023743_01,PF_0023743|9008|2025-09-07,6,9008,2025-09-07,2026-05-31,130,0,0,0,0
2026-04-09,train,PF_0023743_01,PF_0023743|9008|2025-09-07,7,9008,2025-09-07,2026-05-31,130,0,0,0,0
2026-04-09,train,PF_0023743_01,PF_0023743|9008|2025-09-07,8,9008,2025-09-07,2026-05-31,130,0,0,0,0
2026-04-09,train,PF_0023743_01,PF_0023743|9008|2025-09-07,9,9008,2025-09-07,2026-05-31,130,0,0,4,4
2026-04-09,train,PF_0024357_01,PF_0024357|9037|2025-09-17,1,9037,2025-09-17,2026-06-15,140,0,0,0,0
2026-04-09,train,PF_0024357_01,PF_0024357|9037|2025-09-17,2,9037,2025-09-17,2026-06-15,140,0,0,0,0
2026-04-09,train,PF_0024357_01,PF_0024357|9037|2025-09-17,3,9037,2025-09-17,2026-06-15,140,0,0,0,0
2026-04-09,train,PF_0024357_01,PF_0024357|9037|2025-09-17,4,9037,2025-09-17,2026-06-15,140,0,0,0,0
2026-04-09,train,PF_0024357_01,PF_0024357|9037|2025-09-17,5,9037,2025-09-17,2026-06-15,140,0,0,0,0
2026-04-09,train,PF_0024357_01,PF_0024357|9037|2025-09-17,6,9037,2025-09-17,2026-06-15,140,0,0,0,0
2026-04-09,train,PF_0024357_01,PF_0024357|9037|2025-09-17,7,9037,2025-09-17,2026-06-15,140,0,0,0,0
2026-04-09,train,PF_0024357_01,PF_0024357|9037|2025-09-17,8,9037,2025-09-17,2026-06-15,140,0,0,0,0
2026-04-09,train,PF_0024357_01,PF_0024357|9037|2025-09-17,9,9037,2025-09-17,2026-06-15,140,0,0,0,0
2026-04-09,train,PF_0024688_01,PF_0024688|9042|2025-09-14,1,9042,2025-09-14,2026-05-31,161,0,0,0,0
2026-04-09,train,PF_0024688_01,PF_0024688|9042|2025-09-14,2,9042,2025-09-14,2026-05-31,161,0,0,0,0
2026-04-09,train,PF_0024688_01,PF_0024688|9042|2025-09-14,3,9042,2025-09-14,2026-05-31,161,0,0,0,0
2026-04-09,train,PF_0024688_01,PF_0024688|9042|2025-09-14,4,9042,2025-09-14,2026-05-31,161,0,0,0,0
2026-04-09,train,PF_0024688_01,PF_0024688|9042|2025-09-14,5,9042,2025-09-14,2026-05-31,161,0,0,0,0
2026-04-09,train,PF_0024688_01,PF_0024688|9042|2025-09-14,6,9042,2025-09-14,2026-05-31,161,0,0,0,0
2026-04-09,train,PF_0024688_01,PF_0024688|9042|2025-09-14,7,9042,2025-09-14,2026-05-31,161,0,0,0,0
2026-04-09,train,PF_0024688_01,PF_0024688|9042|2025-09-14,8,9042,2025-09-14,2026-05-31,161,0,0,0,0
2026-04-09,train,PF_0024688_01,PF_0024688|9042|2025-09-14,9,9042,2025-09-14,2026-05-31,161,0,0,0,0
2026-04-14,train,PF_0002037_01,PF_0002037|9035|2025-09-15,1,9035,2025-09-15,2026-05-31,42,0,0,0,0
2026-04-14,train,PF_0002037_01,PF_0002037|9035|2025-09-15,2,9035,2025-09-15,2026-05-31,42,0,0,0,0
2026-04-14,train,PF_0002037_01,PF_0002037|9035|2025-09-15,4,9035,2025-09-15,2026-05-31,42,0,0,0,0
2026-04-14,train,PF_0002037_01,PF_0002037|9035|2025-09-15,5,9035,2025-09-15,2026-05-31,42,0,0,0,0
2026-04-14,train,PF_0002037_01,PF_0002037|9035|2025-09-15,6,9035,2025-09-15,2026-05-31,42,0,0,0,0
2026-04-14,train,PF_0002037_01,PF_0002037|9035|2025-09-15,7,9035,2025-09-15,2026-05-31,42,0,0,0,0
2026-04-14,train,PF_0002037_01,PF_0002037|9035|2025-09-15,9,9035,2025-09-15,2026-05-31,42,0,0,0,0
2026-04-15,train,PF_0021351_01,PF_0021351|9028|2025-09-10,1,9028,2025-09-10,2026-05-31,105,0,0,0,0
2026-04-15,train,PF_0021351_01,PF_0021351|9028|2025-09-10,2,9028,2025-09-10,2026-05-31,105,0,0,0,0
2026-04-15,train,PF_0021351_01,PF_0021351|9028|2025-09-10,3,9028,2025-09-10,2026-05-31,105,0,0,0,0
2026-04-15,train,PF_0021351_01,PF_0021351|9028|2025-09-10,4,9028,2025-09-10,2026-05-31,105,0,0,0,0
2026-04-15,train,PF_0021351_01,PF_0021351|9028|2025-09-10,5,9028,2025-09-10,2026-05-31,105,0,0,0,0
2026-04-15,train,PF_0021351_01,PF_0021351|9028|2025-09-10,6,9028,2025-09-10,2026-05-31,105,0,0,4,4
2026-04-15,train,PF_0021351_01,PF_0021351|9028|2025-09-10,7,9028,2025-09-10,2026-05-31,105,0,9,6,15
2026-04-15,train,PF_0021351_01,PF_0021351|9028|2025-09-10,8,9028,2025-09-10,2026-05-31,105,0,0,0,0
2026-04-15,train,PF_0022105_01,PF_0022105|9021|2025-09-22,1,9021,2025-09-22,2026-05-31,116,0,0,0,0
2026-04-15,train,PF_0022105_01,PF_0022105|9021|2025-09-22,2,9021,2025-09-22,2026-05-31,116,0,0,0,0
2026-04-15,train,PF_0022105_01,PF_0022105|9021|2025-09-22,3,9021,2025-09-22,2026-05-31,116,0,0,0,0
2026-04-15,train,PF_0022105_01,PF_0022105|9021|2025-09-22,4,9021,2025-09-22,2026-05-31,116,0,0,3,3
2026-04-15,train,PF_0022105_01,PF_0022105|9021|2025-09-22,5,9021,2025-09-22,2026-05-31,116,0,0,2,2
2026-04-15,train,PF_0022105_01,PF_0022105|9021|2025-09-22,6,9021,2025-09-22,2026-05-31,116,0,0,3,3
2026-04-15,train,PF_0022105_01,PF_0022105|9021|2025-09-22,7,9021,2025-09-22,2026-05-31,116,0,0,0,0
2026-04-15,train,PF_0022105_01,PF_0022105|9021|2025-09-22,8,9021,2025-09-22,2026-05-31,116,0,0,2,2
2026-04-15,train,PF_0022105_01,PF_0022105|9021|2025-09-22,9,9021,2025-09-22,2026-05-31,116,0,0,1,1
2026-04-15,test,PF_0023732_01,PF_0023732|9011|2025-08-30,1,9011,2025-08-30,2026-06-10,127,0,0,0,0
2026-04-15,test,PF_0023732_01,PF_0023732|9011|2025-08-30,2,9011,2025-08-30,2026-06-10,127,0,0,0,0
2026-04-15,test,PF_0023732_01,PF_0023732|9011|2025-08-30,3,9011,2025-08-30,2026-06-10,127,0,0,0,0
2026-04-15,test,PF_0023732_01,PF_0023732|9011|2025-08-30,4,9011,2025-08-30,2026-06-10,127,0,0,7,7
2026-04-15,test,PF_0023732_01,PF_0023732|9011|2025-08-30,5,9011,2025-08-30,2026-06-10,127,0,0,0,0
2026-04-15,test,PF_0023732_01,PF_0023732|9011|2025-08-30,6,9011,2025-08-30,2026-06-10,127,0,0,3,3
2026-04-15,test,PF_0023732_01,PF_0023732|9011|2025-08-30,7,9011,2025-08-30,2026-06-10,127,0,0,0,0
2026-04-15,test,PF_0023732_01,PF_0023732|9011|2025-08-30,8,9011,2025-08-30,2026-06-10,127,0,0,0,0
2026-04-15,test,PF_0023732_01,PF_0023732|9011|2025-08-30,9,9011,2025-08-30,2026-06-10,127,0,0,0,0
2026-04-15,train,PF_0024806_01,PF_0024806|9046|2025-09-08,1,9046,2025-09-08,2026-05-30,188,0,0,3,3
2026-04-15,train,PF_0024806_01,PF_0024806|9046|2025-09-08,2,9046,2025-09-08,2026-05-30,188,0,0,2,2
2026-04-15,train,PF_0024806_01,PF_0024806|9046|2025-09-08,3,9046,2025-09-08,2026-05-30,188,0,0,0,0
2026-04-15,train,PF_0024806_01,PF_0024806|9046|2025-09-08,4,9046,2025-09-08,2026-05-30,188,0,0,0,0
2026-04-15,train,PF_0024806_01,PF_0024806|9046|2025-09-08,5,9046,2025-09-08,2026-05-30,188,0,0,0,0
2026-04-15,train,PF_0024806_01,PF_0024806|9046|2025-09-08,6,9046,2025-09-08,2026-05-30,188,0,0,0,0
2026-04-15,train,PF_0024806_01,PF_0024806|9046|2025-09-08,8,9046,2025-09-08,2026-05-30,188,0,0,0,0
2026-04-15,train,PF_0024806_01,PF_0024806|9046|2025-09-08,9,9046,2025-09-08,2026-05-30,188,0,0,0,0
2026-04-16,train,PF_0023743_01,PF_0023743|9008|2025-09-07,1,9008,2025-09-07,2026-05-31,130,0,0,3,3
2026-04-16,train,PF_0023743_01,PF_0023743|9008|2025-09-07,2,9008,2025-09-07,2026-05-31,130,0,0,0,0
2026-04-16,train,PF_0023743_01,PF_0023743|9008|2025-09-07,3,9008,2025-09-07,2026-05-31,130,0,0,0,0
2026-04-16,train,PF_0023743_01,PF_0023743|9008|2025-09-07,4,9008,2025-09-07,2026-05-31,130,0,0,3,3
2026-04-16,train,PF_0023743_01,PF_0023743|9008|2025-09-07,5,9008,2025-09-07,2026-05-31,130,0,0,3,3
2026-04-16,train,PF_0023743_01,PF_0023743|9008|2025-09-07,6,9008,2025-09-07,2026-05-31,130,0,0,0,0
2026-04-16,train,PF_0023743_01,PF_0023743|9008|2025-09-07,7,9008,2025-09-07,2026-05-31,130,0,0,0,0
2026-04-16,train,PF_0023743_01,PF_0023743|9008|2025-09-07,8,9008,2025-09-07,2026-05-31,130,0,0,0,0
2026-04-16,train,PF_0023743_01,PF_0023743|9008|2025-09-07,9,9008,2025-09-07,2026-05-31,130,0,0,4,4
2026-04-16,validation,PF_0023923_01,PF_0023923|9036|2025-09-15,1,9036,2025-09-15,2026-06-15,133,0,0,0,0
2026-04-16,validation,PF_0023923_01,PF_0023923|9036|2025-09-15,2,9036,2025-09-15,2026-06-15,133,0,0,0,0
2026-04-16,validation,PF_0023923_01,PF_0023923|9036|2025-09-15,3,9036,2025-09-15,2026-06-15,133,0,0,0,0
2026-04-16,validation,PF_0023923_01,PF_0023923|9036|2025-09-15,4,9036,2025-09-15,2026-06-15,133,0,0,0,0
2026-04-16,validation,PF_0023923_01,PF_0023923|9036|2025-09-15,5,9036,2025-09-15,2026-06-15,133,0,0,0,0
2026-04-16,validation,PF_0023923_01,PF_0023923|9036|2025-09-15,6,9036,2025-09-15,2026-06-15,133,0,0,0,0
2026-04-16,validation,PF_0023923_01,PF_0023923|9036|2025-09-15,7,9036,2025-09-15,2026-06-15,133,0,0,0,0
2026-04-16,validation,PF_0023923_01,PF_0023923|9036|2025-09-15,8,9036,2025-09-15,2026-06-15,133,0,0,0,0
2026-04-16,validation,PF_0023923_01,PF_0023923|9036|2025-09-15,9,9036,2025-09-15,2026-06-15,133,0,0,0,0
2026-04-16,train,PF_0024357_01,PF_0024357|9037|2025-09-17,1,9037,2025-09-17,2026-06-15,140,0,0,0,0
2026-04-16,train,PF_0024357_01,PF_0024357|9037|2025-09-17,2,9037,2025-09-17,2026-06-15,140,0,0,0,0
2026-04-16,train,PF_0024357_01,PF_0024357|9037|2025-09-17,3,9037,2025-09-17,2026-06-15,140,0,0,0,0
2026-04-16,train,PF_0024357_01,PF_0024357|9037|2025-09-17,4,9037,2025-09-17,2026-06-15,140,0,0,0,0
2026-04-16,train,PF_0024357_01,PF_0024357|9037|2025-09-17,5,9037,2025-09-17,2026-06-15,140,0,0,0,0
2026-04-16,train,PF_0024357_01,PF_0024357|9037|2025-09-17,6,9037,2025-09-17,2026-06-15,140,0,0,0,0
2026-04-16,train,PF_0024357_01,PF_0024357|9037|2025-09-17,7,9037,2025-09-17,2026-06-15,140,0,0,0,0
2026-04-16,train,PF_0024357_01,PF_0024357|9037|2025-09-17,8,9037,2025-09-17,2026-06-15,140,0,0,0,0
2026-04-16,train,PF_0024357_01,PF_0024357|9037|2025-09-17,9,9037,2025-09-17,2026-06-15,140,0,0,0,0
2026-04-16,train,PF_0024688_01,PF_0024688|9042|2025-09-14,1,9042,2025-09-14,2026-05-31,161,0,0,0,0
2026-04-16,train,PF_0024688_01,PF_0024688|9042|2025-09-14,2,9042,2025-09-14,2026-05-31,161,0,0,0,0
2026-04-16,train,PF_0024688_01,PF_0024688|9042|2025-09-14,3,9042,2025-09-14,2026-05-31,161,0,0,0,0
2026-04-16,train,PF_0024688_01,PF_0024688|9042|2025-09-14,4,9042,2025-09-14,2026-05-31,161,0,0,0,0
2026-04-16,train,PF_0024688_01,PF_0024688|9042|2025-09-14,5,9042,2025-09-14,2026-05-31,161,0,0,0,0
2026-04-16,train,PF_0024688_01,PF_0024688|9042|2025-09-14,6,9042,2025-09-14,2026-05-31,161,0,0,0,0
2026-04-16,train,PF_0024688_01,PF_0024688|9042|2025-09-14,7,9042,2025-09-14,2026-05-31,161,0,0,0,0
2026-04-16,train,PF_0024688_01,PF_0024688|9042|2025-09-14,8,9042,2025-09-14,2026-05-31,161,0,0,0,0
2026-04-16,train,PF_0024688_01,PF_0024688|9042|2025-09-14,9,9042,2025-09-14,2026-05-31,161,0,0,0,0
2026-04-21,train,PF_0002037_01,PF_0002037|9035|2025-09-15,1,9035,2025-09-15,2026-05-31,42,0,0,0,0
2026-04-21,train,PF_0002037_01,PF_0002037|9035|2025-09-15,2,9035,2025-09-15,2026-05-31,42,0,0,0,0
2026-04-21,train,PF_0002037_01,PF_0002037|9035|2025-09-15,4,9035,2025-09-15,2026-05-31,42,0,0,0,0
2026-04-21,train,PF_0002037_01,PF_0002037|9035|2025-09-15,5,9035,2025-09-15,2026-05-31,42,0,0,0,0
2026-04-21,train,PF_0002037_01,PF_0002037|9035|2025-09-15,6,9035,2025-09-15,2026-05-31,42,0,0,0,0
2026-04-21,train,PF_0002037_01,PF_0002037|9035|2025-09-15,7,9035,2025-09-15,2026-05-31,42,0,0,0,0
2026-04-21,train,PF_0002037_01,PF_0002037|9035|2025-09-15,9,9035,2025-09-15,2026-05-31,42,0,0,0,0
2026-04-22,train,PF_0021351_01,PF_0021351|9028|2025-09-10,1,9028,2025-09-10,2026-05-31,105,0,0,0,0
2026-04-22,train,PF_0021351_01,PF_0021351|9028|2025-09-10,3,9028,2025-09-10,2026-05-31,105,0,0,0,0
2026-04-22,train,PF_0021351_01,PF_0021351|9028|2025-09-10,4,9028,2025-09-10,2026-05-31,105,0,0,0,0
2026-04-22,train,PF_0021351_01,PF_0021351|9028|2025-09-10,5,9028,2025-09-10,2026-05-31,105,0,0,0,0
2026-04-22,train,PF_0021351_01,PF_0021351|9028|2025-09-10,6,9028,2025-09-10,2026-05-31,105,0,0,4,4
2026-04-22,train,PF_0021351_01,PF_0021351|9028|2025-09-10,7,9028,2025-09-10,2026-05-31,105,0,6,9,15
2026-04-22,train,PF_0021351_01,PF_0021351|9028|2025-09-10,8,9028,2025-09-10,2026-05-31,105,0,0,0,0
2026-04-22,train,PF_0022105_01,PF_0022105|9021|2025-09-22,1,9021,2025-09-22,2026-05-31,116,0,0,0,0
2026-04-22,train,PF_0022105_01,PF_0022105|9021|2025-09-22,2,9021,2025-09-22,2026-05-31,116,0,0,0,0
2026-04-22,train,PF_0022105_01,PF_0022105|9021|2025-09-22,3,9021,2025-09-22,2026-05-31,116,0,0,0,0
2026-04-22,train,PF_0022105_01,PF_0022105|9021|2025-09-22,4,9021,2025-09-22,2026-05-31,116,0,0,3,3
2026-04-22,train,PF_0022105_01,PF_0022105|9021|2025-09-22,5,9021,2025-09-22,2026-05-31,116,0,0,0,0
2026-04-22,train,PF_0022105_01,PF_0022105|9021|2025-09-22,6,9021,2025-09-22,2026-05-31,116,0,0,0,0
2026-04-22,train,PF_0022105_01,PF_0022105|9021|2025-09-22,7,9021,2025-09-22,2026-05-31,116,0,0,0,0
2026-04-22,train,PF_0022105_01,PF_0022105|9021|2025-09-22,8,9021,2025-09-22,2026-05-31,116,0,0,0,0
2026-04-22,train,PF_0022105_01,PF_0022105|9021|2025-09-22,9,9021,2025-09-22,2026-05-31,116,0,0,0,0
2026-04-22,test,PF_0023732_01,PF_0023732|9011|2025-08-30,1,9011,2025-08-30,2026-06-10,127,0,0,0,0
2026-04-22,test,PF_0023732_01,PF_0023732|9011|2025-08-30,2,9011,2025-08-30,2026-06-10,127,0,0,0,0
2026-04-22,test,PF_0023732_01,PF_0023732|9011|2025-08-30,3,9011,2025-08-30,2026-06-10,127,0,0,0,0
2026-04-22,test,PF_0023732_01,PF_0023732|9011|2025-08-30,4,9011,2025-08-30,2026-06-10,127,0,0,7,7
2026-04-22,test,PF_0023732_01,PF_0023732|9011|2025-08-30,5,9011,2025-08-30,2026-06-10,127,0,0,0,0
2026-04-22,test,PF_0023732_01,PF_0023732|9011|2025-08-30,6,9011,2025-08-30,2026-06-10,127,0,0,3,3
2026-04-22,test,PF_0023732_01,PF_0023732|9011|2025-08-30,7,9011,2025-08-30,2026-06-10,127,0,0,0,0
2026-04-22,test,PF_0023732_01,PF_0023732|9011|2025-08-30,8,9011,2025-08-30,2026-06-10,127,0,0,0,0
2026-04-22,test,PF_0023732_01,PF_0023732|9011|2025-08-30,9,9011,2025-08-30,2026-06-10,127,0,0,0,0
2026-04-22,train,PF_0024806_01,PF_0024806|9046|2025-09-08,1,9046,2025-09-08,2026-05-30,188,0,0,3,3
2026-04-22,train,PF_0024806_01,PF_0024806|9046|2025-09-08,2,9046,2025-09-08,2026-05-30,188,0,0,6,6
2026-04-22,train,PF_0024806_01,PF_0024806|9046|2025-09-08,3,9046,2025-09-08,2026-05-30,188,0,0,0,0
2026-04-22,train,PF_0024806_01,PF_0024806|9046|2025-09-08,4,9046,2025-09-08,2026-05-30,188,0,0,0,0
2026-04-22,train,PF_0024806_01,PF_0024806|9046|2025-09-08,5,9046,2025-09-08,2026-05-30,188,0,0,0,0
2026-04-22,train,PF_0024806_01,PF_0024806|9046|2025-09-08,6,9046,2025-09-08,2026-05-30,188,0,0,0,0
2026-04-22,train,PF_0024806_01,PF_0024806|9046|2025-09-08,8,9046,2025-09-08,2026-05-30,188,0,0,0,0
2026-04-22,train,PF_0024806_01,PF_0024806|9046|2025-09-08,9,9046,2025-09-08,2026-05-30,188,0,0,0,0
2026-04-23,train,PF_0023743_01,PF_0023743|9008|2025-09-07,1,9008,2025-09-07,2026-05-31,130,0,0,2,2
2026-04-23,train,PF_0023743_01,PF_0023743|9008|2025-09-07,2,9008,2025-09-07,2026-05-31,130,0,0,0,0
2026-04-23,train,PF_0023743_01,PF_0023743|9008|2025-09-07,3,9008,2025-09-07,2026-05-31,130,0,0,0,0
2026-04-23,train,PF_0023743_01,PF_0023743|9008|2025-09-07,4,9008,2025-09-07,2026-05-31,130,0,0,0,0
2026-04-23,train,PF_0023743_01,PF_0023743|9008|2025-09-07,5,9008,2025-09-07,2026-05-31,130,0,0,2,2
2026-04-23,train,PF_0023743_01,PF_0023743|9008|2025-09-07,6,9008,2025-09-07,2026-05-31,130,0,0,0,0
2026-04-23,train,PF_0023743_01,PF_0023743|9008|2025-09-07,7,9008,2025-09-07,2026-05-31,130,0,0,0,0
2026-04-23,train,PF_0023743_01,PF_0023743|9008|2025-09-07,8,9008,2025-09-07,2026-05-31,130,0,0,0,0
2026-04-23,train,PF_0023743_01,PF_0023743|9008|2025-09-07,9,9008,2025-09-07,2026-05-31,130,0,0,2,2
2026-04-23,validation,PF_0023923_01,PF_0023923|9036|2025-09-15,1,9036,2025-09-15,2026-06-15,133,0,0,0,0
2026-04-23,validation,PF_0023923_01,PF_0023923|9036|2025-09-15,2,9036,2025-09-15,2026-06-15,133,0,0,0,0
2026-04-23,validation,PF_0023923_01,PF_0023923|9036|2025-09-15,3,9036,2025-09-15,2026-06-15,133,0,0,0,0
2026-04-23,validation,PF_0023923_01,PF_0023923|9036|2025-09-15,4,9036,2025-09-15,2026-06-15,133,0,0,0,0
2026-04-23,validation,PF_0023923_01,PF_0023923|9036|2025-09-15,5,9036,2025-09-15,2026-06-15,133,0,0,0,0
2026-04-23,validation,PF_0023923_01,PF_0023923|9036|2025-09-15,6,9036,2025-09-15,2026-06-15,133,0,0,0,0
2026-04-23,validation,PF_0023923_01,PF_0023923|9036|2025-09-15,7,9036,2025-09-15,2026-06-15,133,0,0,0,0
2026-04-23,validation,PF_0023923_01,PF_0023923|9036|2025-09-15,8,9036,2025-09-15,2026-06-15,133,0,0,0,0
2026-04-23,validation,PF_0023923_01,PF_0023923|9036|2025-09-15,9,9036,2025-09-15,2026-06-15,133,0,0,0,0
2026-04-23,train,PF_0024357_01,PF_0024357|9037|2025-09-17,1,9037,2025-09-17,2026-06-15,140,0,0,0,0
2026-04-23,train,PF_0024357_01,PF_0024357|9037|2025-09-17,2,9037,2025-09-17,2026-06-15,140,0,0,0,0
2026-04-23,train,PF_0024357_01,PF_0024357|9037|2025-09-17,3,9037,2025-09-17,2026-06-15,140,0,0,0,0
2026-04-23,train,PF_0024357_01,PF_0024357|9037|2025-09-17,4,9037,2025-09-17,2026-06-15,140,0,0,0,0
2026-04-23,train,PF_0024357_01,PF_0024357|9037|2025-09-17,5,9037,2025-09-17,2026-06-15,140,0,0,0,0
2026-04-23,train,PF_0024357_01,PF_0024357|9037|2025-09-17,6,9037,2025-09-17,2026-06-15,140,0,0,0,0
2026-04-23,train,PF_0024357_01,PF_0024357|9037|2025-09-17,7,9037,2025-09-17,2026-06-15,140,0,0,0,0
2026-04-23,train,PF_0024357_01,PF_0024357|9037|2025-09-17,8,9037,2025-09-17,2026-06-15,140,0,0,0,0
2026-04-23,train,PF_0024357_01,PF_0024357|9037|2025-09-17,9,9037,2025-09-17,2026-06-15,140,0,0,0,0
2026-04-23,train,PF_0024688_01,PF_0024688|9042|2025-09-14,1,9042,2025-09-14,2026-05-31,161,0,0,0,0
2026-04-23,train,PF_0024688_01,PF_0024688|9042|2025-09-14,2,9042,2025-09-14,2026-05-31,161,0,0,0,0
2026-04-23,train,PF_0024688_01,PF_0024688|9042|2025-09-14,4,9042,2025-09-14,2026-05-31,161,0,0,0,0
2026-04-23,train,PF_0024688_01,PF_0024688|9042|2025-09-14,5,9042,2025-09-14,2026-05-31,161,0,0,0,0
2026-04-23,train,PF_0024688_01,PF_0024688|9042|2025-09-14,6,9042,2025-09-14,2026-05-31,161,0,0,0,0
2026-04-23,train,PF_0024688_01,PF_0024688|9042|2025-09-14,7,9042,2025-09-14,2026-05-31,161,0,0,0,0
2026-04-23,train,PF_0024688_01,PF_0024688|9042|2025-09-14,8,9042,2025-09-14,2026-05-31,161,0,0,0,0
2026-04-23,train,PF_0024688_01,PF_0024688|9042|2025-09-14,9,9042,2025-09-14,2026-05-31,161,0,0,0,0
2026-04-27,train,PF_0002037_01,PF_0002037|9035|2025-09-15,1,9035,2025-09-15,2026-05-31,42,0,0,0,0
2026-04-27,train,PF_0002037_01,PF_0002037|9035|2025-09-15,2,9035,2025-09-15,2026-05-31,42,0,0,0,0
2026-04-27,train,PF_0002037_01,PF_0002037|9035|2025-09-15,4,9035,2025-09-15,2026-05-31,42,0,0,0,0
2026-04-27,train,PF_0002037_01,PF_0002037|9035|2025-09-15,5,9035,2025-09-15,2026-05-31,42,0,0,0,0
2026-04-27,train,PF_0002037_01,PF_0002037|9035|2025-09-15,6,9035,2025-09-15,2026-05-31,42,0,0,0,0
2026-04-27,train,PF_0002037_01,PF_0002037|9035|2025-09-15,7,9035,2025-09-15,2026-05-31,42,0,0,0,0
2026-04-27,train,PF_0002037_01,PF_0002037|9035|2025-09-15,9,9035,2025-09-15,2026-05-31,42,0,0,0,0
2026-04-29,train,PF_0021351_01,PF_0021351|9028|2025-09-10,1,9028,2025-09-10,2026-05-31,105,0,0,0,0
2026-04-29,train,PF_0021351_01,PF_0021351|9028|2025-09-10,3,9028,2025-09-10,2026-05-31,105,0,0,0,0
2026-04-29,train,PF_0021351_01,PF_0021351|9028|2025-09-10,4,9028,2025-09-10,2026-05-31,105,0,0,0,0
2026-04-29,train,PF_0021351_01,PF_0021351|9028|2025-09-10,5,9028,2025-09-10,2026-05-31,105,0,0,0,0
2026-04-29,train,PF_0021351_01,PF_0021351|9028|2025-09-10,6,9028,2025-09-10,2026-05-31,105,0,0,3,3
2026-04-29,train,PF_0021351_01,PF_0021351|9028|2025-09-10,7,9028,2025-09-10,2026-05-31,105,0,3,10,13
2026-04-29,train,PF_0021351_01,PF_0021351|9028|2025-09-10,8,9028,2025-09-10,2026-05-31,105,0,0,0,0
2026-04-29,train,PF_0022105_01,PF_0022105|9021|2025-09-22,1,9021,2025-09-22,2026-05-31,116,0,0,0,0
2026-04-29,train,PF_0022105_01,PF_0022105|9021|2025-09-22,2,9021,2025-09-22,2026-05-31,116,0,0,0,0
2026-04-29,train,PF_0022105_01,PF_0022105|9021|2025-09-22,3,9021,2025-09-22,2026-05-31,116,0,0,0,0
2026-04-29,train,PF_0022105_01,PF_0022105|9021|2025-09-22,4,9021,2025-09-22,2026-05-31,116,0,0,3,3
2026-04-29,train,PF_0022105_01,PF_0022105|9021|2025-09-22,5,9021,2025-09-22,2026-05-31,116,0,0,0,0
2026-04-29,train,PF_0022105_01,PF_0022105|9021|2025-09-22,6,9021,2025-09-22,2026-05-31,116,0,0,0,0
2026-04-29,train,PF_0022105_01,PF_0022105|9021|2025-09-22,7,9021,2025-09-22,2026-05-31,116,0,0,0,0
2026-04-29,train,PF_0022105_01,PF_0022105|9021|2025-09-22,8,9021,2025-09-22,2026-05-31,116,0,0,0,0
2026-04-29,train,PF_0022105_01,PF_0022105|9021|2025-09-22,9,9021,2025-09-22,2026-05-31,116,0,0,0,0
2026-04-29,test,PF_0023732_01,PF_0023732|9011|2025-08-30,1,9011,2025-08-30,2026-06-10,127,0,0,0,0
2026-04-29,test,PF_0023732_01,PF_0023732|9011|2025-08-30,2,9011,2025-08-30,2026-06-10,127,0,0,0,0
2026-04-29,test,PF_0023732_01,PF_0023732|9011|2025-08-30,3,9011,2025-08-30,2026-06-10,127,0,0,0,0
2026-04-29,test,PF_0023732_01,PF_0023732|9011|2025-08-30,4,9011,2025-08-30,2026-06-10,127,0,0,7,7
2026-04-29,test,PF_0023732_01,PF_0023732|9011|2025-08-30,5,9011,2025-08-30,2026-06-10,127,0,0,2,2
2026-04-29,test,PF_0023732_01,PF_0023732|9011|2025-08-30,6,9011,2025-08-30,2026-06-10,127,0,0,2,2
2026-04-29,test,PF_0023732_01,PF_0023732|9011|2025-08-30,7,9011,2025-08-30,2026-06-10,127,0,0,0,0
2026-04-29,test,PF_0023732_01,PF_0023732|9011|2025-08-30,8,9011,2025-08-30,2026-06-10,127,0,0,0,0
2026-04-29,test,PF_0023732_01,PF_0023732|9011|2025-08-30,9,9011,2025-08-30,2026-06-10,127,0,0,0,0
2026-04-29,train,PF_0024806_01,PF_0024806|9046|2025-09-08,1,9046,2025-09-08,2026-05-30,188,0,0,2,2
2026-04-29,train,PF_0024806_01,PF_0024806|9046|2025-09-08,2,9046,2025-09-08,2026-05-30,188,0,0,9,9
2026-04-29,train,PF_0024806_01,PF_0024806|9046|2025-09-08,3,9046,2025-09-08,2026-05-30,188,0,0,0,0
2026-04-29,train,PF_0024806_01,PF_0024806|9046|2025-09-08,4,9046,2025-09-08,2026-05-30,188,0,0,0,0
2026-04-29,train,PF_0024806_01,PF_0024806|9046|2025-09-08,5,9046,2025-09-08,2026-05-30,188,0,0,0,0
2026-04-29,train,PF_0024806_01,PF_0024806|9046|2025-09-08,6,9046,2025-09-08,2026-05-30,188,0,0,0,0
2026-04-29,train,PF_0024806_01,PF_0024806|9046|2025-09-08,8,9046,2025-09-08,2026-05-30,188,0,0,0,0
2026-04-29,train,PF_0024806_01,PF_0024806|9046|2025-09-08,9,9046,2025-09-08,2026-05-30,188,0,0,0,0
2026-04-30,train,PF_0023743_01,PF_0023743|9008|2025-09-07,1,9008,2025-09-07,2026-05-31,130,0,0,2,2
2026-04-30,train,PF_0023743_01,PF_0023743|9008|2025-09-07,2,9008,2025-09-07,2026-05-31,130,0,0,0,0
2026-04-30,train,PF_0023743_01,PF_0023743|9008|2025-09-07,3,9008,2025-09-07,2026-05-31,130,0,0,0,0
2026-04-30,train,PF_0023743_01,PF_0023743|9008|2025-09-07,4,9008,2025-09-07,2026-05-31,130,0,0,0,0
2026-04-30,train,PF_0023743_01,PF_0023743|9008|2025-09-07,5,9008,2025-09-07,2026-05-31,130,0,0,0,0
2026-04-30,train,PF_0023743_01,PF_0023743|9008|2025-09-07,6,9008,2025-09-07,2026-05-31,130,0,0,0,0
2026-04-30,train,PF_0023743_01,PF_0023743|9008|2025-09-07,7,9008,2025-09-07,2026-05-31,130,0,0,0,0
2026-04-30,train,PF_0023743_01,PF_0023743|9008|2025-09-07,8,9008,2025-09-07,2026-05-31,130,0,0,0,0
2026-04-30,train,PF_0023743_01,PF_0023743|9008|2025-09-07,9,9008,2025-09-07,2026-05-31,130,0,0,0,0
2026-04-30,validation,PF_0023923_01,PF_0023923|9036|2025-09-15,1,9036,2025-09-15,2026-06-15,133,0,0,0,0
2026-04-30,validation,PF_0023923_01,PF_0023923|9036|2025-09-15,2,9036,2025-09-15,2026-06-15,133,0,0,0,0
2026-04-30,validation,PF_0023923_01,PF_0023923|9036|2025-09-15,3,9036,2025-09-15,2026-06-15,133,0,0,0,0
2026-04-30,validation,PF_0023923_01,PF_0023923|9036|2025-09-15,4,9036,2025-09-15,2026-06-15,133,0,0,0,0
2026-04-30,validation,PF_0023923_01,PF_0023923|9036|2025-09-15,5,9036,2025-09-15,2026-06-15,133,0,0,0,0
2026-04-30,validation,PF_0023923_01,PF_0023923|9036|2025-09-15,6,9036,2025-09-15,2026-06-15,133,0,0,0,0
2026-04-30,validation,PF_0023923_01,PF_0023923|9036|2025-09-15,7,9036,2025-09-15,2026-06-15,133,0,0,0,0
2026-04-30,validation,PF_0023923_01,PF_0023923|9036|2025-09-15,8,9036,2025-09-15,2026-06-15,133,0,0,0,0
2026-04-30,validation,PF_0023923_01,PF_0023923|9036|2025-09-15,9,9036,2025-09-15,2026-06-15,133,0,0,0,0
2026-04-30,train,PF_0024357_01,PF_0024357|9037|2025-09-17,1,9037,2025-09-17,2026-06-15,140,0,0,0,0
2026-04-30,train,PF_0024357_01,PF_0024357|9037|2025-09-17,2,9037,2025-09-17,2026-06-15,140,0,0,0,0
2026-04-30,train,PF_0024357_01,PF_0024357|9037|2025-09-17,3,9037,2025-09-17,2026-06-15,140,0,0,0,0
2026-04-30,train,PF_0024357_01,PF_0024357|9037|2025-09-17,4,9037,2025-09-17,2026-06-15,140,0,0,0,0
2026-04-30,train,PF_0024357_01,PF_0024357|9037|2025-09-17,5,9037,2025-09-17,2026-06-15,140,0,0,0,0
2026-04-30,train,PF_0024357_01,PF_0024357|9037|2025-09-17,6,9037,2025-09-17,2026-06-15,140,0,0,0,0
2026-04-30,train,PF_0024357_01,PF_0024357|9037|2025-09-17,7,9037,2025-09-17,2026-06-15,140,0,0,0,0
2026-04-30,train,PF_0024357_01,PF_0024357|9037|2025-09-17,8,9037,2025-09-17,2026-06-15,140,0,0,0,0
2026-04-30,train,PF_0024357_01,PF_0024357|9037|2025-09-17,9,9037,2025-09-17,2026-06-15,140,0,0,0,0
2026-04-30,train,PF_0024688_01,PF_0024688|9042|2025-09-14,1,9042,2025-09-14,2026-05-31,161,0,0,0,0
2026-04-30,train,PF_0024688_01,PF_0024688|9042|2025-09-14,2,9042,2025-09-14,2026-05-31,161,0,0,0,0
2026-04-30,train,PF_0024688_01,PF_0024688|9042|2025-09-14,4,9042,2025-09-14,2026-05-31,161,0,0,0,0
2026-04-30,train,PF_0024688_01,PF_0024688|9042|2025-09-14,5,9042,2025-09-14,2026-05-31,161,0,0,0,0
2026-04-30,train,PF_0024688_01,PF_0024688|9042|2025-09-14,6,9042,2025-09-14,2026-05-31,161,0,0,0,0
2026-04-30,train,PF_0024688_01,PF_0024688|9042|2025-09-14,7,9042,2025-09-14,2026-05-31,161,0,0,0,0
2026-04-30,train,PF_0024688_01,PF_0024688|9042|2025-09-14,8,9042,2025-09-14,2026-05-31,161,0,0,0,0
2026-04-30,train,PF_0024688_01,PF_0024688|9042|2025-09-14,9,9042,2025-09-14,2026-05-31,161,0,0,0,0
2026-05-05,train,PF_0002037_01,PF_0002037|9035|2025-09-15,1,9035,2025-09-15,2026-05-31,42,0,0,0,0
2026-05-05,train,PF_0002037_01,PF_0002037|9035|2025-09-15,2,9035,2025-09-15,2026-05-31,42,0,0,0,0
2026-05-05,train,PF_0002037_01,PF_0002037|9035|2025-09-15,4,9035,2025-09-15,2026-05-31,42,0,0,0,0
2026-05-05,train,PF_0002037_01,PF_0002037|9035|2025-09-15,5,9035,2025-09-15,2026-05-31,42,0,0,0,0
2026-05-05,train,PF_0002037_01,PF_0002037|9035|2025-09-15,6,9035,2025-09-15,2026-05-31,42,0,0,0,0
2026-05-05,train,PF_0002037_01,PF_0002037|9035|2025-09-15,7,9035,2025-09-15,2026-05-31,42,0,0,0,0
2026-05-05,train,PF_0002037_01,PF_0002037|9035|2025-09-15,9,9035,2025-09-15,2026-05-31,42,0,0,0,0
2026-05-05,train,PF_0024806_01,PF_0024806|9046|2025-09-08,1,9046,2025-09-08,2026-05-30,188,0,0,0,0
2026-05-05,train,PF_0024806_01,PF_0024806|9046|2025-09-08,2,9046,2025-09-08,2026-05-30,188,0,0,11,11
2026-05-05,train,PF_0024806_01,PF_0024806|9046|2025-09-08,3,9046,2025-09-08,2026-05-30,188,0,0,0,0
2026-05-05,train,PF_0024806_01,PF_0024806|9046|2025-09-08,4,9046,2025-09-08,2026-05-30,188,0,0,0,0
2026-05-05,train,PF_0024806_01,PF_0024806|9046|2025-09-08,5,9046,2025-09-08,2026-05-30,188,0,0,0,0
2026-05-05,train,PF_0024806_01,PF_0024806|9046|2025-09-08,6,9046,2025-09-08,2026-05-30,188,0,0,0,0
2026-05-05,train,PF_0024806_01,PF_0024806|9046|2025-09-08,8,9046,2025-09-08,2026-05-30,188,0,0,0,0
2026-05-05,train,PF_0024806_01,PF_0024806|9046|2025-09-08,9,9046,2025-09-08,2026-05-30,188,0,0,0,0
2026-05-06,train,PF_0021351_01,PF_0021351|9028|2025-09-10,1,9028,2025-09-10,2026-05-31,105,0,0,0,0
2026-05-06,train,PF_0021351_01,PF_0021351|9028|2025-09-10,3,9028,2025-09-10,2026-05-31,105,0,0,0,0
2026-05-06,train,PF_0021351_01,PF_0021351|9028|2025-09-10,4,9028,2025-09-10,2026-05-31,105,0,0,0,0
2026-05-06,train,PF_0021351_01,PF_0021351|9028|2025-09-10,5,9028,2025-09-10,2026-05-31,105,0,0,0,0
2026-05-06,train,PF_0021351_01,PF_0021351|9028|2025-09-10,6,9028,2025-09-10,2026-05-31,105,0,0,3,3
2026-05-06,train,PF_0021351_01,PF_0021351|9028|2025-09-10,7,9028,2025-09-10,2026-05-31,105,0,2,9,11
2026-05-06,train,PF_0021351_01,PF_0021351|9028|2025-09-10,8,9028,2025-09-10,2026-05-31,105,0,0,0,0
2026-05-06,train,PF_0022105_01,PF_0022105|9021|2025-09-22,1,9021,2025-09-22,2026-05-31,116,0,0,0,0
2026-05-06,train,PF_0022105_01,PF_0022105|9021|2025-09-22,2,9021,2025-09-22,2026-05-31,116,0,0,0,0
2026-05-06,train,PF_0022105_01,PF_0022105|9021|2025-09-22,3,9021,2025-09-22,2026-05-31,116,0,0,0,0
2026-05-06,train,PF_0022105_01,PF_0022105|9021|2025-09-22,4,9021,2025-09-22,2026-05-31,116,0,0,2,2
2026-05-06,train,PF_0022105_01,PF_0022105|9021|2025-09-22,5,9021,2025-09-22,2026-05-31,116,0,0,0,0
2026-05-06,train,PF_0022105_01,PF_0022105|9021|2025-09-22,6,9021,2025-09-22,2026-05-31,116,0,0,0,0
2026-05-06,train,PF_0022105_01,PF_0022105|9021|2025-09-22,7,9021,2025-09-22,2026-05-31,116,0,0,0,0
2026-05-06,train,PF_0022105_01,PF_0022105|9021|2025-09-22,8,9021,2025-09-22,2026-05-31,116,0,0,0,0
2026-05-06,train,PF_0022105_01,PF_0022105|9021|2025-09-22,9,9021,2025-09-22,2026-05-31,116,0,0,0,0
2026-05-07,test,PF_0023732_01,PF_0023732|9011|2025-08-30,1,9011,2025-08-30,2026-06-10,127,0,0,0,0
2026-05-07,test,PF_0023732_01,PF_0023732|9011|2025-08-30,2,9011,2025-08-30,2026-06-10,127,0,0,0,0
2026-05-07,test,PF_0023732_01,PF_0023732|9011|2025-08-30,3,9011,2025-08-30,2026-06-10,127,0,0,0,0
2026-05-07,test,PF_0023732_01,PF_0023732|9011|2025-08-30,4,9011,2025-08-30,2026-06-10,127,0,0,4,4
2026-05-07,test,PF_0023732_01,PF_0023732|9011|2025-08-30,5,9011,2025-08-30,2026-06-10,127,0,0,0,0
2026-05-07,test,PF_0023732_01,PF_0023732|9011|2025-08-30,6,9011,2025-08-30,2026-06-10,127,0,0,0,0
2026-05-07,test,PF_0023732_01,PF_0023732|9011|2025-08-30,7,9011,2025-08-30,2026-06-10,127,0,0,0,0
2026-05-07,test,PF_0023732_01,PF_0023732|9011|2025-08-30,8,9011,2025-08-30,2026-06-10,127,0,0,0,0
2026-05-07,test,PF_0023732_01,PF_0023732|9011|2025-08-30,9,9011,2025-08-30,2026-06-10,127,0,0,0,0
2026-05-07,train,PF_0023743_01,PF_0023743|9008|2025-09-07,1,9008,2025-09-07,2026-05-31,130,0,0,1,1
2026-05-07,train,PF_0023743_01,PF_0023743|9008|2025-09-07,2,9008,2025-09-07,2026-05-31,130,0,0,0,0
2026-05-07,train,PF_0023743_01,PF_0023743|9008|2025-09-07,3,9008,2025-09-07,2026-05-31,130,0,0,0,0
2026-05-07,train,PF_0023743_01,PF_0023743|9008|2025-09-07,4,9008,2025-09-07,2026-05-31,130,0,0,0,0
2026-05-07,train,PF_0023743_01,PF_0023743|9008|2025-09-07,5,9008,2025-09-07,2026-05-31,130,0,0,0,0
2026-05-07,train,PF_0023743_01,PF_0023743|9008|2025-09-07,6,9008,2025-09-07,2026-05-31,130,0,0,0,0
2026-05-07,train,PF_0023743_01,PF_0023743|9008|2025-09-07,7,9008,2025-09-07,2026-05-31,130,0,0,0,0
2026-05-07,train,PF_0023743_01,PF_0023743|9008|2025-09-07,8,9008,2025-09-07,2026-05-31,130,0,0,0,0
2026-05-07,train,PF_0023743_01,PF_0023743|9008|2025-09-07,9,9008,2025-09-07,2026-05-31,130,0,0,0,0
2026-05-07,validation,PF_0023923_01,PF_0023923|9036|2025-09-15,1,9036,2025-09-15,2026-06-15,133,0,0,0,0
2026-05-07,validation,PF_0023923_01,PF_0023923|9036|2025-09-15,2,9036,2025-09-15,2026-06-15,133,0,0,0,0
2026-05-07,validation,PF_0023923_01,PF_0023923|9036|2025-09-15,3,9036,2025-09-15,2026-06-15,133,0,0,0,0
2026-05-07,validation,PF_0023923_01,PF_0023923|9036|2025-09-15,4,9036,2025-09-15,2026-06-15,133,0,0,0,0
2026-05-07,validation,PF_0023923_01,PF_0023923|9036|2025-09-15,5,9036,2025-09-15,2026-06-15,133,0,0,0,0
2026-05-07,validation,PF_0023923_01,PF_0023923|9036|2025-09-15,6,9036,2025-09-15,2026-06-15,133,0,0,0,0
2026-05-07,validation,PF_0023923_01,PF_0023923|9036|2025-09-15,7,9036,2025-09-15,2026-06-15,133,0,0,0,0
2026-05-07,validation,PF_0023923_01,PF_0023923|9036|2025-09-15,8,9036,2025-09-15,2026-06-15,133,0,0,0,0
2026-05-07,validation,PF_0023923_01,PF_0023923|9036|2025-09-15,9,9036,2025-09-15,2026-06-15,133,0,0,0,0
2026-05-07,train,PF_0024688_01,PF_0024688|9042|2025-09-14,1,9042,2025-09-14,2026-05-31,161,0,0,0,0
2026-05-07,train,PF_0024688_01,PF_0024688|9042|2025-09-14,2,9042,2025-09-14,2026-05-31,161,0,0,0,0
2026-05-07,train,PF_0024688_01,PF_0024688|9042|2025-09-14,4,9042,2025-09-14,2026-05-31,161,0,0,0,0
2026-05-07,train,PF_0024688_01,PF_0024688|9042|2025-09-14,5,9042,2025-09-14,2026-05-31,161,0,0,0,0
2026-05-07,train,PF_0024688_01,PF_0024688|9042|2025-09-14,6,9042,2025-09-14,2026-05-31,161,0,0,0,0
2026-05-07,train,PF_0024688_01,PF_0024688|9042|2025-09-14,7,9042,2025-09-14,2026-05-31,161,0,0,0,0
2026-05-07,train,PF_0024688_01,PF_0024688|9042|2025-09-14,8,9042,2025-09-14,2026-05-31,161,0,0,0,0
2026-05-07,train,PF_0024688_01,PF_0024688|9042|2025-09-14,9,9042,2025-09-14,2026-05-31,161,0,0,0,0
2026-05-12,train,PF_0002037_01,PF_0002037|9035|2025-09-15,1,9035,2025-09-15,2026-05-31,42,0,0,0,0
2026-05-12,train,PF_0002037_01,PF_0002037|9035|2025-09-15,2,9035,2025-09-15,2026-05-31,42,0,0,0,0
2026-05-12,train,PF_0002037_01,PF_0002037|9035|2025-09-15,4,9035,2025-09-15,2026-05-31,42,0,0,0,0
2026-05-12,train,PF_0002037_01,PF_0002037|9035|2025-09-15,5,9035,2025-09-15,2026-05-31,42,0,0,0,0
2026-05-12,train,PF_0002037_01,PF_0002037|9035|2025-09-15,6,9035,2025-09-15,2026-05-31,42,0,0,0,0
2026-05-12,train,PF_0002037_01,PF_0002037|9035|2025-09-15,7,9035,2025-09-15,2026-05-31,42,0,0,0,0
2026-05-12,train,PF_0002037_01,PF_0002037|9035|2025-09-15,9,9035,2025-09-15,2026-05-31,42,0,0,0,0
2026-05-13,train,PF_0021351_01,PF_0021351|9028|2025-09-10,1,9028,2025-09-10,2026-05-31,105,0,0,0,0
2026-05-13,train,PF_0021351_01,PF_0021351|9028|2025-09-10,3,9028,2025-09-10,2026-05-31,105,0,0,0,0
2026-05-13,train,PF_0021351_01,PF_0021351|9028|2025-09-10,4,9028,2025-09-10,2026-05-31,105,0,0,0,0
2026-05-13,train,PF_0021351_01,PF_0021351|9028|2025-09-10,5,9028,2025-09-10,2026-05-31,105,0,0,0,0
2026-05-13,train,PF_0021351_01,PF_0021351|9028|2025-09-10,6,9028,2025-09-10,2026-05-31,105,0,0,3,3
2026-05-13,train,PF_0021351_01,PF_0021351|9028|2025-09-10,7,9028,2025-09-10,2026-05-31,105,0,2,7,9
2026-05-13,train,PF_0021351_01,PF_0021351|9028|2025-09-10,8,9028,2025-09-10,2026-05-31,105,0,0,0,0
2026-05-13,train,PF_0022105_01,PF_0022105|9021|2025-09-22,1,9021,2025-09-22,2026-05-31,116,0,0,0,0
2026-05-13,train,PF_0022105_01,PF_0022105|9021|2025-09-22,2,9021,2025-09-22,2026-05-31,116,0,0,0,0
2026-05-13,train,PF_0022105_01,PF_0022105|9021|2025-09-22,3,9021,2025-09-22,2026-05-31,116,0,0,0,0
2026-05-13,train,PF_0022105_01,PF_0022105|9021|2025-09-22,4,9021,2025-09-22,2026-05-31,116,0,0,1,1
2026-05-13,train,PF_0022105_01,PF_0022105|9021|2025-09-22,5,9021,2025-09-22,2026-05-31,116,0,0,0,0
2026-05-13,train,PF_0022105_01,PF_0022105|9021|2025-09-22,6,9021,2025-09-22,2026-05-31,116,0,0,0,0
2026-05-13,train,PF_0022105_01,PF_0022105|9021|2025-09-22,7,9021,2025-09-22,2026-05-31,116,0,0,0,0
2026-05-13,train,PF_0022105_01,PF_0022105|9021|2025-09-22,8,9021,2025-09-22,2026-05-31,116,0,0,0,0
2026-05-13,train,PF_0022105_01,PF_0022105|9021|2025-09-22,9,9021,2025-09-22,2026-05-31,116,0,0,0,0
2026-05-14,test,PF_0023732_01,PF_0023732|9011|2025-08-30,1,9011,2025-08-30,2026-06-10,127,0,0,0,0
2026-05-14,test,PF_0023732_01,PF_0023732|9011|2025-08-30,2,9011,2025-08-30,2026-06-10,127,0,0,0,0
2026-05-14,test,PF_0023732_01,PF_0023732|9011|2025-08-30,3,9011,2025-08-30,2026-06-10,127,0,0,0,0
2026-05-14,test,PF_0023732_01,PF_0023732|9011|2025-08-30,4,9011,2025-08-30,2026-06-10,127,0,0,0,0
2026-05-14,test,PF_0023732_01,PF_0023732|9011|2025-08-30,5,9011,2025-08-30,2026-06-10,127,0,0,0,0
2026-05-14,test,PF_0023732_01,PF_0023732|9011|2025-08-30,6,9011,2025-08-30,2026-06-10,127,0,0,0,0
2026-05-14,test,PF_0023732_01,PF_0023732|9011|2025-08-30,7,9011,2025-08-30,2026-06-10,127,0,0,0,0
2026-05-14,test,PF_0023732_01,PF_0023732|9011|2025-08-30,8,9011,2025-08-30,2026-06-10,127,0,0,0,0
2026-05-14,test,PF_0023732_01,PF_0023732|9011|2025-08-30,9,9011,2025-08-30,2026-06-10,127,0,0,0,0
2026-05-14,train,PF_0023743_01,PF_0023743|9008|2025-09-07,1,9008,2025-09-07,2026-05-31,130,0,0,0,0
2026-05-14,train,PF_0023743_01,PF_0023743|9008|2025-09-07,2,9008,2025-09-07,2026-05-31,130,0,0,0,0
2026-05-14,train,PF_0023743_01,PF_0023743|9008|2025-09-07,3,9008,2025-09-07,2026-05-31,130,0,0,0,0
2026-05-14,train,PF_0023743_01,PF_0023743|9008|2025-09-07,4,9008,2025-09-07,2026-05-31,130,0,0,0,0
2026-05-14,train,PF_0023743_01,PF_0023743|9008|2025-09-07,5,9008,2025-09-07,2026-05-31,130,0,0,0,0
2026-05-14,train,PF_0023743_01,PF_0023743|9008|2025-09-07,6,9008,2025-09-07,2026-05-31,130,0,0,0,0
2026-05-14,train,PF_0023743_01,PF_0023743|9008|2025-09-07,7,9008,2025-09-07,2026-05-31,130,0,0,0,0
2026-05-14,train,PF_0023743_01,PF_0023743|9008|2025-09-07,8,9008,2025-09-07,2026-05-31,130,0,0,0,0
2026-05-14,train,PF_0023743_01,PF_0023743|9008|2025-09-07,9,9008,2025-09-07,2026-05-31,130,0,0,0,0
2026-05-14,train,PF_0024688_01,PF_0024688|9042|2025-09-14,1,9042,2025-09-14,2026-05-31,161,0,0,0,0
2026-05-14,train,PF_0024688_01,PF_0024688|9042|2025-09-14,2,9042,2025-09-14,2026-05-31,161,0,0,0,0
2026-05-14,train,PF_0024688_01,PF_0024688|9042|2025-09-14,7,9042,2025-09-14,2026-05-31,161,0,0,0,0
2026-05-14,train,PF_0024688_01,PF_0024688|9042|2025-09-14,8,9042,2025-09-14,2026-05-31,161,0,0,0,0
2026-05-14,train,PF_0024688_01,PF_0024688|9042|2025-09-14,9,9042,2025-09-14,2026-05-31,161,0,0,0,0
2026-05-14,train,PF_0024806_01,PF_0024806|9046|2025-09-08,1,9046,2025-09-08,2026-05-30,188,0,0,0,0
2026-05-14,train,PF_0024806_01,PF_0024806|9046|2025-09-08,2,9046,2025-09-08,2026-05-30,188,0,0,0,0
2026-05-14,train,PF_0024806_01,PF_0024806|9046|2025-09-08,3,9046,2025-09-08,2026-05-30,188,0,0,0,0
2026-05-14,train,PF_0024806_01,PF_0024806|9046|2025-09-08,4,9046,2025-09-08,2026-05-30,188,0,0,0,0
2026-05-14,train,PF_0024806_01,PF_0024806|9046|2025-09-08,5,9046,2025-09-08,2026-05-30,188,0,0,0,0
2026-05-14,train,PF_0024806_01,PF_0024806|9046|2025-09-08,6,9046,2025-09-08,2026-05-30,188,0,0,0,0
2026-05-14,train,PF_0024806_01,PF_0024806|9046|2025-09-08,8,9046,2025-09-08,2026-05-30,188,0,0,0,0
2026-05-14,train,PF_0024806_01,PF_0024806|9046|2025-09-08,9,9046,2025-09-08,2026-05-30,188,0,0,0,0
2026-05-19,train,PF_0002037_01,PF_0002037|9035|2025-09-15,1,9035,2025-09-15,2026-05-31,42,0,0,0,0
2026-05-19,train,PF_0002037_01,PF_0002037|9035|2025-09-15,2,9035,2025-09-15,2026-05-31,42,0,0,0,0
2026-05-19,train,PF_0002037_01,PF_0002037|9035|2025-09-15,4,9035,2025-09-15,2026-05-31,42,0,0,0,0
2026-05-19,train,PF_0002037_01,PF_0002037|9035|2025-09-15,5,9035,2025-09-15,2026-05-31,42,0,0,0,0
2026-05-19,train,PF_0002037_01,PF_0002037|9035|2025-09-15,6,9035,2025-09-15,2026-05-31,42,0,0,0,0
2026-05-19,train,PF_0002037_01,PF_0002037|9035|2025-09-15,7,9035,2025-09-15,2026-05-31,42,0,0,0,0
2026-05-19,train,PF_0002037_01,PF_0002037|9035|2025-09-15,9,9035,2025-09-15,2026-05-31,42,0,0,0,0
2026-05-20,train,PF_0021351_01,PF_0021351|9028|2025-09-10,1,9028,2025-09-10,2026-05-31,105,0,0,0,0
2026-05-20,train,PF_0021351_01,PF_0021351|9028|2025-09-10,3,9028,2025-09-10,2026-05-31,105,0,0,0,0
2026-05-20,train,PF_0021351_01,PF_0021351|9028|2025-09-10,4,9028,2025-09-10,2026-05-31,105,0,0,0,0
2026-05-20,train,PF_0021351_01,PF_0021351|9028|2025-09-10,5,9028,2025-09-10,2026-05-31,105,0,0,0,0
2026-05-20,train,PF_0021351_01,PF_0021351|9028|2025-09-10,6,9028,2025-09-10,2026-05-31,105,0,0,0,0
2026-05-20,train,PF_0021351_01,PF_0021351|9028|2025-09-10,7,9028,2025-09-10,2026-05-31,105,0,0,4,4
2026-05-20,train,PF_0021351_01,PF_0021351|9028|2025-09-10,8,9028,2025-09-10,2026-05-31,105,0,0,0,0
2026-05-20,train,PF_0022105_01,PF_0022105|9021|2025-09-22,1,9021,2025-09-22,2026-05-31,116,0,0,0,0
2026-05-20,train,PF_0022105_01,PF_0022105|9021|2025-09-22,2,9021,2025-09-22,2026-05-31,116,0,0,0,0
2026-05-20,train,PF_0022105_01,PF_0022105|9021|2025-09-22,3,9021,2025-09-22,2026-05-31,116,0,0,0,0
2026-05-20,train,PF_0022105_01,PF_0022105|9021|2025-09-22,4,9021,2025-09-22,2026-05-31,116,0,0,0,0
2026-05-20,train,PF_0022105_01,PF_0022105|9021|2025-09-22,5,9021,2025-09-22,2026-05-31,116,0,0,0,0
2026-05-20,train,PF_0022105_01,PF_0022105|9021|2025-09-22,6,9021,2025-09-22,2026-05-31,116,0,0,0,0
2026-05-20,train,PF_0022105_01,PF_0022105|9021|2025-09-22,7,9021,2025-09-22,2026-05-31,116,0,0,0,0
2026-05-20,train,PF_0022105_01,PF_0022105|9021|2025-09-22,8,9021,2025-09-22,2026-05-31,116,0,0,0,0
2026-05-20,train,PF_0022105_01,PF_0022105|9021|2025-09-22,9,9021,2025-09-22,2026-05-31,116,0,0,0,0
2026-05-20,test,PF_0023732_01,PF_0023732|9011|2025-08-30,1,9011,2025-08-30,2026-06-10,127,0,0,0,0
2026-05-20,test,PF_0023732_01,PF_0023732|9011|2025-08-30,2,9011,2025-08-30,2026-06-10,127,0,0,0,0
2026-05-20,test,PF_0023732_01,PF_0023732|9011|2025-08-30,3,9011,2025-08-30,2026-06-10,127,0,0,0,0
2026-05-20,test,PF_0023732_01,PF_0023732|9011|2025-08-30,4,9011,2025-08-30,2026-06-10,127,0,0,0,0
2026-05-20,test,PF_0023732_01,PF_0023732|9011|2025-08-30,5,9011,2025-08-30,2026-06-10,127,0,0,0,0
2026-05-20,test,PF_0023732_01,PF_0023732|9011|2025-08-30,6,9011,2025-08-30,2026-06-10,127,0,0,0,0
2026-05-20,test,PF_0023732_01,PF_0023732|9011|2025-08-30,7,9011,2025-08-30,2026-06-10,127,0,0,0,0
2026-05-20,test,PF_0023732_01,PF_0023732|9011|2025-08-30,8,9011,2025-08-30,2026-06-10,127,0,0,0,0
2026-05-20,test,PF_0023732_01,PF_0023732|9011|2025-08-30,9,9011,2025-08-30,2026-06-10,127,0,0,0,0
2026-05-20,train,PF_0024806_01,PF_0024806|9046|2025-09-08,1,9046,2025-09-08,2026-05-30,188,0,0,0,0
2026-05-20,train,PF_0024806_01,PF_0024806|9046|2025-09-08,2,9046,2025-09-08,2026-05-30,188,0,0,0,0
2026-05-20,train,PF_0024806_01,PF_0024806|9046|2025-09-08,3,9046,2025-09-08,2026-05-30,188,0,0,0,0
2026-05-20,train,PF_0024806_01,PF_0024806|9046|2025-09-08,4,9046,2025-09-08,2026-05-30,188,0,0,0,0
2026-05-20,train,PF_0024806_01,PF_0024806|9046|2025-09-08,5,9046,2025-09-08,2026-05-30,188,0,0,0,0
2026-05-20,train,PF_0024806_01,PF_0024806|9046|2025-09-08,6,9046,2025-09-08,2026-05-30,188,0,0,0,0
2026-05-20,train,PF_0024806_01,PF_0024806|9046|2025-09-08,8,9046,2025-09-08,2026-05-30,188,0,0,0,0
2026-05-20,train,PF_0024806_01,PF_0024806|9046|2025-09-08,9,9046,2025-09-08,2026-05-30,188,0,0,0,0
2026-05-21,train,PF_0023743_01,PF_0023743|9008|2025-09-07,1,9008,2025-09-07,2026-05-31,130,0,0,0,0
2026-05-21,train,PF_0023743_01,PF_0023743|9008|2025-09-07,2,9008,2025-09-07,2026-05-31,130,0,0,0,0
2026-05-21,train,PF_0023743_01,PF_0023743|9008|2025-09-07,3,9008,2025-09-07,2026-05-31,130,0,0,0,0
2026-05-21,train,PF_0023743_01,PF_0023743|9008|2025-09-07,4,9008,2025-09-07,2026-05-31,130,0,0,0,0
2026-05-21,train,PF_0023743_01,PF_0023743|9008|2025-09-07,5,9008,2025-09-07,2026-05-31,130,0,0,0,0
2026-05-21,train,PF_0023743_01,PF_0023743|9008|2025-09-07,6,9008,2025-09-07,2026-05-31,130,0,0,0,0
2026-05-21,train,PF_0023743_01,PF_0023743|9008|2025-09-07,7,9008,2025-09-07,2026-05-31,130,0,0,0,0
2026-05-21,train,PF_0023743_01,PF_0023743|9008|2025-09-07,8,9008,2025-09-07,2026-05-31,130,0,0,0,0
2026-05-21,train,PF_0023743_01,PF_0023743|9008|2025-09-07,9,9008,2025-09-07,2026-05-31,130,0,0,0,0
2026-05-21,train,PF_0024688_01,PF_0024688|9042|2025-09-14,1,9042,2025-09-14,2026-05-31,161,0,0,0,0
2026-05-21,train,PF_0024688_01,PF_0024688|9042|2025-09-14,2,9042,2025-09-14,2026-05-31,161,0,0,0,0
2026-05-21,train,PF_0024688_01,PF_0024688|9042|2025-09-14,7,9042,2025-09-14,2026-05-31,161,0,0,0,0
2026-05-21,train,PF_0024688_01,PF_0024688|9042|2025-09-14,8,9042,2025-09-14,2026-05-31,161,0,0,0,0
2026-05-21,train,PF_0024688_01,PF_0024688|9042|2025-09-14,9,9042,2025-09-14,2026-05-31,161,0,0,0,0
2026-05-26,train,PF_0002037_01,PF_0002037|9035|2025-09-15,1,9035,2025-09-15,2026-05-31,42,0,0,0,0
2026-05-26,train,PF_0002037_01,PF_0002037|9035|2025-09-15,2,9035,2025-09-15,2026-05-31,42,0,0,0,0
2026-05-26,train,PF_0002037_01,PF_0002037|9035|2025-09-15,4,9035,2025-09-15,2026-05-31,42,0,0,0,0
2026-05-26,train,PF_0002037_01,PF_0002037|9035|2025-09-15,5,9035,2025-09-15,2026-05-31,42,0,0,0,0
2026-05-26,train,PF_0002037_01,PF_0002037|9035|2025-09-15,6,9035,2025-09-15,2026-05-31,42,0,0,0,0
2026-05-26,train,PF_0002037_01,PF_0002037|9035|2025-09-15,7,9035,2025-09-15,2026-05-31,42,0,0,0,0
2026-05-26,train,PF_0002037_01,PF_0002037|9035|2025-09-15,9,9035,2025-09-15,2026-05-31,42,0,0,0,0
2026-05-27,train,PF_0022105_01,PF_0022105|9021|2025-09-22,1,9021,2025-09-22,2026-05-31,116,0,0,0,0
2026-05-27,train,PF_0022105_01,PF_0022105|9021|2025-09-22,2,9021,2025-09-22,2026-05-31,116,0,0,0,0
2026-05-27,train,PF_0022105_01,PF_0022105|9021|2025-09-22,3,9021,2025-09-22,2026-05-31,116,0,0,0,0
2026-05-27,train,PF_0022105_01,PF_0022105|9021|2025-09-22,4,9021,2025-09-22,2026-05-31,116,0,0,0,0
2026-05-27,train,PF_0022105_01,PF_0022105|9021|2025-09-22,5,9021,2025-09-22,2026-05-31,116,0,0,0,0
2026-05-27,train,PF_0022105_01,PF_0022105|9021|2025-09-22,6,9021,2025-09-22,2026-05-31,116,0,0,0,0
2026-05-27,train,PF_0022105_01,PF_0022105|9021|2025-09-22,7,9021,2025-09-22,2026-05-31,116,0,0,0,0
2026-05-27,train,PF_0022105_01,PF_0022105|9021|2025-09-22,8,9021,2025-09-22,2026-05-31,116,0,0,0,0
2026-05-27,train,PF_0022105_01,PF_0022105|9021|2025-09-22,9,9021,2025-09-22,2026-05-31,116,0,0,0,0
2026-05-27,test,PF_0023732_01,PF_0023732|9011|2025-08-30,1,9011,2025-08-30,2026-06-10,127,0,0,0,0
2026-05-27,test,PF_0023732_01,PF_0023732|9011|2025-08-30,2,9011,2025-08-30,2026-06-10,127,0,0,0,0
2026-05-27,test,PF_0023732_01,PF_0023732|9011|2025-08-30,3,9011,2025-08-30,2026-06-10,127,0,0,0,0
2026-05-27,test,PF_0023732_01,PF_0023732|9011|2025-08-30,4,9011,2025-08-30,2026-06-10,127,0,0,0,0
2026-05-27,test,PF_0023732_01,PF_0023732|9011|2025-08-30,5,9011,2025-08-30,2026-06-10,127,0,0,0,0
2026-05-27,test,PF_0023732_01,PF_0023732|9011|2025-08-30,6,9011,2025-08-30,2026-06-10,127,0,0,0,0
2026-05-27,test,PF_0023732_01,PF_0023732|9011|2025-08-30,7,9011,2025-08-30,2026-06-10,127,0,0,0,0
2026-05-27,test,PF_0023732_01,PF_0023732|9011|2025-08-30,8,9011,2025-08-30,2026-06-10,127,0,0,0,0
2026-05-27,test,PF_0023732_01,PF_0023732|9011|2025-08-30,9,9011,2025-08-30,2026-06-10,127,0,0,0,0
2026-06-02,train,PF_0026933_01,PF_0026933|10659|2025-08-28,1,10659,2025-08-28,2026-06-10,207,0,0,0,0
2026-06-02,train,PF_0026933_01,PF_0026933|10659|2025-08-28,2,10659,2025-08-28,2026-06-10,207,0,0,0,0
2026-06-02,train,PF_0026933_01,PF_0026933|10659|2025-08-28,3,10659,2025-08-28,2026-06-10,207,0,0,0,0
2026-06-02,train,PF_0026933_01,PF_0026933|10659|2025-08-28,4,10659,2025-08-28,2026-06-10,207,0,0,0,0
2026-06-02,train,PF_0026933_01,PF_0026933|10659|2025-08-28,5,10659,2025-08-28,2026-06-10,207,0,0,0,0
2026-06-02,train,PF_0026933_01,PF_0026933|10659|2025-08-28,6,10659,2025-08-28,2026-06-10,207,0,0,0,0
2026-06-02,train,PF_0026933_01,PF_0026933|10659|2025-08-28,7,10659,2025-08-28,2026-06-10,207,0,0,0,0
2026-06-02,train,PF_0026933_01,PF_0026933|10659|2025-08-28,8,10659,2025-08-28,2026-06-10,207,0,0,0,0
2026-06-02,train,PF_0026933_01,PF_0026933|10659|2025-08-28,9,10659,2025-08-28,2026-06-10,207,0,0,0,0
2026-06-03,test,PF_0023732_01,PF_0023732|9011|2025-08-30,1,9011,2025-08-30,2026-06-10,127,0,0,0,0
2026-06-03,test,PF_0023732_01,PF_0023732|9011|2025-08-30,2,9011,2025-08-30,2026-06-10,127,0,0,0,0
2026-06-03,test,PF_0023732_01,PF_0023732|9011|2025-08-30,3,9011,2025-08-30,2026-06-10,127,0,0,0,0
2026-06-03,test,PF_0023732_01,PF_0023732|9011|2025-08-30,4,9011,2025-08-30,2026-06-10,127,0,0,0,0
2026-06-03,test,PF_0023732_01,PF_0023732|9011|2025-08-30,5,9011,2025-08-30,2026-06-10,127,0,0,0,0
2026-06-03,test,PF_0023732_01,PF_0023732|9011|2025-08-30,6,9011,2025-08-30,2026-06-10,127,0,0,0,0
2026-06-03,test,PF_0023732_01,PF_0023732|9011|2025-08-30,7,9011,2025-08-30,2026-06-10,127,0,0,0,0
2026-06-03,test,PF_0023732_01,PF_0023732|9011|2025-08-30,8,9011,2025-08-30,2026-06-10,127,0,0,0,0
2026-06-03,test,PF_0023732_01,PF_0023732|9011|2025-08-30,9,9011,2025-08-30,2026-06-10,127,0,0,0,0
