timestamp,split,facility_id,crop_sn,sample_num,cropping_serl_no,crop_start_date,crop_end_date,matched_crop_sn,tomato_flower_truss1,tomato_flower_truss2,tomato_flower_truss3,tomato_flower_total
2024-09-30,train,PF_0025108_01,205,1,7519,2024-07-26,2025-06-16,207,0,0,0,2
2024-09-30,train,PF_0025108_01,205,2,7519,2024-07-26,2025-06-16,207,0,0,0,6
2024-09-30,train,PF_0025108_01,205,3,7519,2024-07-26,2025-06-16,207,0,0,0,6
2024-09-30,train,PF_0025108_01,205,4,7519,2024-07-26,2025-06-16,207,0,0,0,6
2024-09-30,train,PF_0025108_01,205,5,7519,2024-07-26,2025-06-16,207,0,0,0,2
2024-09-30,train,PF_0025108_01,205,6,7519,2024-07-26,2025-06-16,207,0,0,0,0
2024-09-30,train,PF_0025108_01,205,7,7519,2024-07-26,2025-06-16,207,0,0,0,1
2024-09-30,train,PF_0025108_01,205,8,7519,2024-07-26,2025-06-16,207,0,0,0,6
2024-09-30,train,PF_0025108_01,205,9,7519,2024-07-26,2025-06-16,207,0,0,0,3
2024-10-01,train,PF_0025101_01,194,1,7525,2024-08-25,2025-07-31,196,0,0,1,3
2024-10-01,train,PF_0025101_01,194,2,7525,2024-08-25,2025-07-31,196,0,0,2,3
2024-10-01,train,PF_0025101_01,194,3,7525,2024-08-25,2025-07-31,196,0,0,2,3
2024-10-01,train,PF_0025101_01,194,4,7525,2024-08-25,2025-07-31,196,0,0,3,4
2024-10-01,train,PF_0025101_01,194,5,7525,2024-08-25,2025-07-31,196,0,0,2,4
2024-10-01,train,PF_0025101_01,194,6,7525,2024-08-25,2025-07-31,196,0,0,4,5
2024-10-01,train,PF_0025101_01,194,7,7525,2024-08-25,2025-07-31,196,0,0,3,3
2024-10-01,train,PF_0025101_01,194,8,7525,2024-08-25,2025-07-31,196,0,0,2,3
2024-10-01,train,PF_0025101_01,194,9,7525,2024-08-25,2025-07-31,196,0,2,2,4
2024-10-03,validation,PF_0024689_01,163,1,7557,2024-07-01,2025-07-31,163,0,0,0,3
2024-10-03,validation,PF_0024689_01,163,2,7557,2024-07-01,2025-07-31,163,0,0,0,2
2024-10-03,validation,PF_0024689_01,163,3,7557,2024-07-01,2025-07-31,163,0,0,0,4
2024-10-03,validation,PF_0024689_01,163,4,7557,2024-07-01,2025-07-31,163,0,0,0,0
2024-10-03,validation,PF_0024689_01,163,5,7557,2024-07-01,2025-07-31,163,0,0,0,6
2024-10-03,validation,PF_0024689_01,163,6,7557,2024-07-01,2025-07-31,163,0,0,0,4
2024-10-03,validation,PF_0024689_01,163,7,7557,2024-07-01,2025-07-31,163,0,0,0,2
2024-10-03,validation,PF_0024689_01,163,8,7557,2024-07-01,2025-07-31,163,0,0,0,2
2024-10-03,validation,PF_0024689_01,163,9,7557,2024-07-01,2025-07-31,163,0,0,0,3
2024-10-07,train,PF_0002529_01,46,1,7575,2024-08-02,2025-05-03,46,0,1,2,3
2024-10-07,train,PF_0002529_01,46,2,7575,2024-08-02,2025-05-03,46,0,2,2,4
2024-10-07,train,PF_0002529_01,46,3,7575,2024-08-02,2025-05-03,46,0,2,3,5
2024-10-07,train,PF_0002529_01,46,4,7575,2024-08-02,2025-05-03,46,0,6,3,9
2024-10-07,train,PF_0002529_01,46,5,7575,2024-08-02,2025-05-03,46,0,0,1,1
2024-10-07,train,PF_0002529_01,46,6,7575,2024-08-02,2025-05-03,46,0,0,2,6
2024-10-07,train,PF_0002529_01,46,7,7575,2024-08-02,2025-05-03,46,0,0,0,0
2024-10-07,train,PF_0002529_01,46,8,7575,2024-08-02,2025-05-03,46,0,2,1,5
2024-10-07,train,PF_0002529_01,46,9,7575,2024-08-02,2025-05-03,46,0,0,2,2
2024-10-07,train,PF_0025108_01,205,1,7519,2024-07-26,2025-06-16,207,0,0,0,5
2024-10-07,train,PF_0025108_01,205,2,7519,2024-07-26,2025-06-16,207,0,0,0,3
2024-10-07,train,PF_0025108_01,205,3,7519,2024-07-26,2025-06-16,207,0,0,0,2
2024-10-07,train,PF_0025108_01,205,4,7519,2024-07-26,2025-06-16,207,0,0,0,5
2024-10-07,train,PF_0025108_01,205,5,7519,2024-07-26,2025-06-16,207,0,0,0,8
2024-10-07,train,PF_0025108_01,205,6,7519,2024-07-26,2025-06-16,207,0,0,0,1
2024-10-07,train,PF_0025108_01,205,7,7519,2024-07-26,2025-06-16,207,0,0,0,3
2024-10-07,train,PF_0025108_01,205,8,7519,2024-07-26,2025-06-16,207,0,0,0,3
2024-10-07,train,PF_0025108_01,205,9,7519,2024-07-26,2025-06-16,207,0,0,0,2
2024-10-08,train,PF_0020209_01,80,1,7534,2024-08-19,2025-07-15,80,0,0,0,3
2024-10-08,train,PF_0020209_01,80,2,7534,2024-08-19,2025-07-15,80,0,0,0,2
2024-10-08,train,PF_0020209_01,80,3,7534,2024-08-19,2025-07-15,80,0,0,0,1
2024-10-08,train,PF_0020209_01,80,4,7534,2024-08-19,2025-07-15,80,0,0,0,2
2024-10-08,train,PF_0020209_01,80,5,7534,2024-08-19,2025-07-15,80,0,0,3,3
2024-10-08,train,PF_0020209_01,80,6,7534,2024-08-19,2025-07-15,80,0,1,2,5
2024-10-08,train,PF_0020209_01,80,7,7534,2024-08-19,2025-07-15,80,0,0,0,1
2024-10-08,train,PF_0020209_01,80,8,7534,2024-08-19,2025-07-15,80,0,0,2,4
2024-10-08,train,PF_0020209_01,80,9,7534,2024-08-19,2025-07-15,80,0,1,1,4
2024-10-08,train,PF_0025101_01,194,1,7525,2024-08-25,2025-07-31,196,0,0,0,1
2024-10-08,train,PF_0025101_01,194,2,7525,2024-08-25,2025-07-31,196,0,0,0,1
2024-10-08,train,PF_0025101_01,194,3,7525,2024-08-25,2025-07-31,196,0,0,0,1
2024-10-08,train,PF_0025101_01,194,4,7525,2024-08-25,2025-07-31,196,0,0,0,2
2024-10-08,train,PF_0025101_01,194,5,7525,2024-08-25,2025-07-31,196,0,0,0,2
2024-10-08,train,PF_0025101_01,194,6,7525,2024-08-25,2025-07-31,196,0,0,0,2
2024-10-08,train,PF_0025101_01,194,7,7525,2024-08-25,2025-07-31,196,0,0,0,0
2024-10-08,train,PF_0025101_01,194,8,7525,2024-08-25,2025-07-31,196,0,0,0,1
2024-10-08,train,PF_0025101_01,194,9,7525,2024-08-25,2025-07-31,196,0,1,4,6
2024-10-11,validation,PF_0024689_01,163,1,7557,2024-07-01,2025-07-31,163,0,0,0,1
2024-10-11,validation,PF_0024689_01,163,2,7557,2024-07-01,2025-07-31,163,0,0,0,2
2024-10-11,validation,PF_0024689_01,163,3,7557,2024-07-01,2025-07-31,163,0,0,0,1
2024-10-11,validation,PF_0024689_01,163,4,7557,2024-07-01,2025-07-31,163,0,0,0,1
2024-10-11,validation,PF_0024689_01,163,5,7557,2024-07-01,2025-07-31,163,0,0,0,1
2024-10-11,validation,PF_0024689_01,163,6,7557,2024-07-01,2025-07-31,163,0,0,0,1
2024-10-11,validation,PF_0024689_01,163,7,7557,2024-07-01,2025-07-31,163,0,0,0,1
2024-10-11,validation,PF_0024689_01,163,8,7557,2024-07-01,2025-07-31,163,0,0,0,1
2024-10-11,validation,PF_0024689_01,163,9,7557,2024-07-01,2025-07-31,163,0,0,0,3
2024-10-14,train,PF_0002529_01,46,1,7575,2024-08-02,2025-05-03,46,1,2,0,7
2024-10-14,train,PF_0002529_01,46,2,7575,2024-08-02,2025-05-03,46,1,1,1,5
2024-10-14,train,PF_0002529_01,46,3,7575,2024-08-02,2025-05-03,46,1,2,3,9
2024-10-14,train,PF_0002529_01,46,4,7575,2024-08-02,2025-05-03,46,1,0,0,3
2024-10-14,train,PF_0002529_01,46,5,7575,2024-08-02,2025-05-03,46,1,0,2,4
2024-10-14,train,PF_0002529_01,46,6,7575,2024-08-02,2025-05-03,46,1,0,0,1
2024-10-14,train,PF_0002529_01,46,7,7575,2024-08-02,2025-05-03,46,1,0,2,5
2024-10-14,train,PF_0002529_01,46,8,7575,2024-08-02,2025-05-03,46,1,0,0,5
2024-10-14,train,PF_0002529_01,46,9,7575,2024-08-02,2025-05-03,46,1,0,2,4
2024-10-14,train,PF_0025108_01,205,1,7519,2024-07-26,2025-06-16,207,0,0,0,3
2024-10-14,train,PF_0025108_01,205,2,7519,2024-07-26,2025-06-16,207,0,0,0,2
2024-10-14,train,PF_0025108_01,205,3,7519,2024-07-26,2025-06-16,207,0,0,0,1
2024-10-14,train,PF_0025108_01,205,4,7519,2024-07-26,2025-06-16,207,0,0,0,1
2024-10-14,train,PF_0025108_01,205,5,7519,2024-07-26,2025-06-16,207,0,0,0,0
2024-10-14,train,PF_0025108_01,205,6,7519,2024-07-26,2025-06-16,207,0,0,0,2
2024-10-14,train,PF_0025108_01,205,7,7519,2024-07-26,2025-06-16,207,0,0,0,1
2024-10-14,train,PF_0025108_01,205,8,7519,2024-07-26,2025-06-16,207,0,0,0,2
2024-10-14,train,PF_0025108_01,205,9,7519,2024-07-26,2025-06-16,207,0,0,0,4
2024-10-15,train,PF_0020209_01,80,1,7534,2024-08-19,2025-07-15,80,0,0,0,4
2024-10-15,train,PF_0020209_01,80,2,7534,2024-08-19,2025-07-15,80,0,0,0,3
2024-10-15,train,PF_0020209_01,80,3,7534,2024-08-19,2025-07-15,80,0,0,0,2
2024-10-15,train,PF_0020209_01,80,4,7534,2024-08-19,2025-07-15,80,0,0,0,2
2024-10-15,train,PF_0020209_01,80,5,7534,2024-08-19,2025-07-15,80,0,0,0,2
2024-10-15,train,PF_0020209_01,80,6,7534,2024-08-19,2025-07-15,80,0,0,2,2
2024-10-15,train,PF_0020209_01,80,7,7534,2024-08-19,2025-07-15,80,0,0,0,2
2024-10-15,train,PF_0020209_01,80,8,7534,2024-08-19,2025-07-15,80,0,0,0,3
2024-10-15,train,PF_0020209_01,80,9,7534,2024-08-19,2025-07-15,80,2,0,0,4
2024-10-15,train,PF_0025101_01,194,1,7525,2024-08-25,2025-07-31,196,0,0,0,1
2024-10-15,train,PF_0025101_01,194,2,7525,2024-08-25,2025-07-31,196,0,0,0,1
2024-10-15,train,PF_0025101_01,194,3,7525,2024-08-25,2025-07-31,196,0,0,0,2
2024-10-15,train,PF_0025101_01,194,4,7525,2024-08-25,2025-07-31,196,0,0,0,2
2024-10-15,train,PF_0025101_01,194,5,7525,2024-08-25,2025-07-31,196,0,0,0,1
2024-10-15,train,PF_0025101_01,194,6,7525,2024-08-25,2025-07-31,196,0,0,0,3
2024-10-15,train,PF_0025101_01,194,7,7525,2024-08-25,2025-07-31,196,0,0,0,1
2024-10-15,train,PF_0025101_01,194,8,7525,2024-08-25,2025-07-31,196,0,0,0,2
2024-10-15,train,PF_0025101_01,194,9,7525,2024-08-25,2025-07-31,196,0,0,0,2
2024-10-17,validation,PF_0024689_01,163,1,7557,2024-07-01,2025-07-31,163,0,0,0,2
2024-10-17,validation,PF_0024689_01,163,2,7557,2024-07-01,2025-07-31,163,0,0,0,2
2024-10-17,validation,PF_0024689_01,163,3,7557,2024-07-01,2025-07-31,163,0,0,0,1
2024-10-17,validation,PF_0024689_01,163,4,7557,2024-07-01,2025-07-31,163,0,0,0,0
2024-10-17,validation,PF_0024689_01,163,5,7557,2024-07-01,2025-07-31,163,0,0,0,3
2024-10-17,validation,PF_0024689_01,163,6,7557,2024-07-01,2025-07-31,163,0,0,0,3
2024-10-17,validation,PF_0024689_01,163,7,7557,2024-07-01,2025-07-31,163,0,0,0,1
2024-10-17,validation,PF_0024689_01,163,8,7557,2024-07-01,2025-07-31,163,0,0,0,2
2024-10-17,validation,PF_0024689_01,163,9,7557,2024-07-01,2025-07-31,163,0,0,0,0
2024-10-21,train,PF_0002529_01,46,1,7575,2024-08-02,2025-05-03,46,0,2,0,5
2024-10-21,train,PF_0002529_01,46,2,7575,2024-08-02,2025-05-03,46,0,0,0,2
2024-10-21,train,PF_0002529_01,46,3,7575,2024-08-02,2025-05-03,46,0,1,0,6
2024-10-21,train,PF_0002529_01,46,4,7575,2024-08-02,2025-05-03,46,0,0,0,3
2024-10-21,train,PF_0002529_01,46,5,7575,2024-08-02,2025-05-03,46,0,0,1,5
2024-10-21,train,PF_0002529_01,46,6,7575,2024-08-02,2025-05-03,46,0,0,0,0
2024-10-21,train,PF_0002529_01,46,7,7575,2024-08-02,2025-05-03,46,0,0,0,4
2024-10-21,train,PF_0002529_01,46,8,7575,2024-08-02,2025-05-03,46,0,0,0,2
2024-10-21,train,PF_0002529_01,46,9,7575,2024-08-02,2025-05-03,46,0,2,2,9
2024-10-21,train,PF_0025108_01,205,1,7519,2024-07-26,2025-06-16,207,0,0,0,2
2024-10-21,train,PF_0025108_01,205,2,7519,2024-07-26,2025-06-16,207,0,0,0,1
2024-10-21,train,PF_0025108_01,205,3,7519,2024-07-26,2025-06-16,207,0,0,0,0
2024-10-21,train,PF_0025108_01,205,4,7519,2024-07-26,2025-06-16,207,0,0,0,3
2024-10-21,train,PF_0025108_01,205,5,7519,2024-07-26,2025-06-16,207,0,0,0,1
2024-10-21,train,PF_0025108_01,205,6,7519,2024-07-26,2025-06-16,207,0,0,2,7
2024-10-21,train,PF_0025108_01,205,7,7519,2024-07-26,2025-06-16,207,0,0,0,3
2024-10-21,train,PF_0025108_01,205,8,7519,2024-07-26,2025-06-16,207,0,0,0,1
2024-10-21,train,PF_0025108_01,205,9,7519,2024-07-26,2025-06-16,207,0,0,0,3
2024-10-22,train,PF_0024693_01,171,1,7553,2024-09-11,2025-06-01,171,2,9,0,11
2024-10-22,train,PF_0024693_01,171,2,7553,2024-09-11,2025-06-01,171,1,0,0,1
2024-10-22,train,PF_0024693_01,171,3,7553,2024-09-11,2025-06-01,171,2,2,0,4
2024-10-22,train,PF_0024693_01,171,4,7553,2024-09-11,2025-06-01,171,1,2,0,3
2024-10-22,train,PF_0024693_01,171,5,7553,2024-09-11,2025-06-01,171,0,1,0,1
2024-10-22,train,PF_0024693_01,171,6,7553,2024-09-11,2025-06-01,171,2,2,0,4
2024-10-22,train,PF_0024693_01,171,7,7553,2024-09-11,2025-06-01,171,0,2,0,2
2024-10-22,train,PF_0024693_01,171,8,7553,2024-09-11,2025-06-01,171,2,2,0,4
2024-10-22,train,PF_0024693_01,171,9,7553,2024-09-11,2025-06-01,171,1,1,0,2
2024-10-22,train,PF_0025101_01,194,1,7525,2024-08-25,2025-07-31,196,0,0,0,6
2024-10-22,train,PF_0025101_01,194,2,7525,2024-08-25,2025-07-31,196,0,0,0,1
2024-10-22,train,PF_0025101_01,194,3,7525,2024-08-25,2025-07-31,196,0,0,0,2
2024-10-22,train,PF_0025101_01,194,4,7525,2024-08-25,2025-07-31,196,0,0,0,0
2024-10-22,train,PF_0025101_01,194,5,7525,2024-08-25,2025-07-31,196,0,0,0,0
2024-10-22,train,PF_0025101_01,194,6,7525,2024-08-25,2025-07-31,196,0,0,0,3
2024-10-22,train,PF_0025101_01,194,7,7525,2024-08-25,2025-07-31,196,0,0,0,2
2024-10-22,train,PF_0025101_01,194,8,7525,2024-08-25,2025-07-31,196,0,0,0,1
2024-10-22,train,PF_0025101_01,194,9,7525,2024-08-25,2025-07-31,196,0,0,0,2
2024-10-23,train,PF_0020209_01,80,1,7534,2024-08-19,2025-07-15,80,0,0,0,2
2024-10-23,train,PF_0020209_01,80,2,7534,2024-08-19,2025-07-15,80,0,0,0,2
2024-10-23,train,PF_0020209_01,80,3,7534,2024-08-19,2025-07-15,80,0,0,0,1
2024-10-23,train,PF_0020209_01,80,4,7534,2024-08-19,2025-07-15,80,0,0,0,3
2024-10-23,train,PF_0020209_01,80,5,7534,2024-08-19,2025-07-15,80,0,0,0,0
2024-10-23,train,PF_0020209_01,80,6,7534,2024-08-19,2025-07-15,80,0,0,0,1
2024-10-23,train,PF_0020209_01,80,7,7534,2024-08-19,2025-07-15,80,0,0,0,2
2024-10-23,train,PF_0020209_01,80,8,7534,2024-08-19,2025-07-15,80,0,0,0,2
2024-10-23,train,PF_0020209_01,80,9,7534,2024-08-19,2025-07-15,80,0,0,0,2
2024-10-25,validation,PF_0024689_01,163,1,7557,2024-07-01,2025-07-31,163,0,0,0,6
2024-10-25,validation,PF_0024689_01,163,2,7557,2024-07-01,2025-07-31,163,0,0,0,4
2024-10-25,validation,PF_0024689_01,163,3,7557,2024-07-01,2025-07-31,163,0,0,0,4
2024-10-25,validation,PF_0024689_01,163,4,7557,2024-07-01,2025-07-31,163,0,0,0,3
2024-10-25,validation,PF_0024689_01,163,5,7557,2024-07-01,2025-07-31,163,0,0,0,1
2024-10-25,validation,PF_0024689_01,163,6,7557,2024-07-01,2025-07-31,163,0,0,0,4
2024-10-25,validation,PF_0024689_01,163,7,7557,2024-07-01,2025-07-31,163,0,0,0,2
2024-10-25,validation,PF_0024689_01,163,8,7557,2024-07-01,2025-07-31,163,0,0,0,2
2024-10-25,validation,PF_0024689_01,163,9,7557,2024-07-01,2025-07-31,163,0,0,0,4
2024-10-28,train,PF_0002529_01,46,1,7575,2024-08-02,2025-05-03,46,0,0,0,5
2024-10-28,train,PF_0002529_01,46,2,7575,2024-08-02,2025-05-03,46,0,0,0,3
2024-10-28,train,PF_0002529_01,46,3,7575,2024-08-02,2025-05-03,46,0,0,0,5
2024-10-28,train,PF_0002529_01,46,4,7575,2024-08-02,2025-05-03,46,0,0,0,4
2024-10-28,train,PF_0002529_01,46,5,7575,2024-08-02,2025-05-03,46,0,0,0,4
2024-10-28,train,PF_0002529_01,46,6,7575,2024-08-02,2025-05-03,46,0,0,0,0
2024-10-28,train,PF_0002529_01,46,7,7575,2024-08-02,2025-05-03,46,0,0,0,1
2024-10-28,train,PF_0002529_01,46,8,7575,2024-08-02,2025-05-03,46,0,0,0,2
2024-10-28,train,PF_0002529_01,46,9,7575,2024-08-02,2025-05-03,46,0,0,0,0
2024-10-28,train,PF_0024693_01,171,1,7553,2024-09-11,2025-06-01,171,0,2,2,4
2024-10-28,train,PF_0024693_01,171,2,7553,2024-09-11,2025-06-01,171,0,1,2,3
2024-10-28,train,PF_0024693_01,171,3,7553,2024-09-11,2025-06-01,171,0,2,3,5
2024-10-28,train,PF_0024693_01,171,4,7553,2024-09-11,2025-06-01,171,0,1,2,3
2024-10-28,train,PF_0024693_01,171,5,7553,2024-09-11,2025-06-01,171,0,0,1,1
2024-10-28,train,PF_0024693_01,171,6,7553,2024-09-11,2025-06-01,171,0,0,1,1
2024-10-28,train,PF_0024693_01,171,7,7553,2024-09-11,2025-06-01,171,0,0,1,1
2024-10-28,train,PF_0024693_01,171,8,7553,2024-09-11,2025-06-01,171,0,0,2,2
2024-10-28,train,PF_0024693_01,171,9,7553,2024-09-11,2025-06-01,171,0,2,0,2
2024-10-28,train,PF_0025108_01,205,1,7519,2024-07-26,2025-06-16,207,0,0,0,1
2024-10-28,train,PF_0025108_01,205,2,7519,2024-07-26,2025-06-16,207,0,0,0,3
2024-10-28,train,PF_0025108_01,205,3,7519,2024-07-26,2025-06-16,207,0,0,0,2
2024-10-28,train,PF_0025108_01,205,4,7519,2024-07-26,2025-06-16,207,0,0,0,2
2024-10-28,train,PF_0025108_01,205,5,7519,2024-07-26,2025-06-16,207,0,0,0,2
2024-10-28,train,PF_0025108_01,205,6,7519,2024-07-26,2025-06-16,207,0,0,0,0
2024-10-28,train,PF_0025108_01,205,7,7519,2024-07-26,2025-06-16,207,0,0,0,2
2024-10-28,train,PF_0025108_01,205,8,7519,2024-07-26,2025-06-16,207,0,0,0,5
2024-10-28,train,PF_0025108_01,205,9,7519,2024-07-26,2025-06-16,207,0,0,0,2
2024-10-29,train,PF_0020209_01,80,1,7534,2024-08-19,2025-07-15,80,0,0,0,1
2024-10-29,train,PF_0020209_01,80,2,7534,2024-08-19,2025-07-15,80,0,0,0,2
2024-10-29,train,PF_0020209_01,80,3,7534,2024-08-19,2025-07-15,80,0,0,0,1
2024-10-29,train,PF_0020209_01,80,4,7534,2024-08-19,2025-07-15,80,0,0,0,1
2024-10-29,train,PF_0020209_01,80,5,7534,2024-08-19,2025-07-15,80,0,0,0,2
2024-10-29,train,PF_0020209_01,80,6,7534,2024-08-19,2025-07-15,80,0,0,0,3
2024-10-29,train,PF_0020209_01,80,7,7534,2024-08-19,2025-07-15,80,0,0,0,0
2024-10-29,train,PF_0020209_01,80,8,7534,2024-08-19,2025-07-15,80,0,0,0,1
2024-10-29,train,PF_0020209_01,80,9,7534,2024-08-19,2025-07-15,80,0,0,0,2
2024-10-29,train,PF_0025101_01,194,1,7525,2024-08-25,2025-07-31,196,0,0,0,0
2024-10-29,train,PF_0025101_01,194,2,7525,2024-08-25,2025-07-31,196,0,0,0,1
2024-10-29,train,PF_0025101_01,194,3,7525,2024-08-25,2025-07-31,196,0,0,0,1
2024-10-29,train,PF_0025101_01,194,4,7525,2024-08-25,2025-07-31,196,0,0,0,3
2024-10-29,train,PF_0025101_01,194,5,7525,2024-08-25,2025-07-31,196,0,0,0,1
2024-10-29,train,PF_0025101_01,194,6,7525,2024-08-25,2025-07-31,196,0,0,0,1
2024-10-29,train,PF_0025101_01,194,7,7525,2024-08-25,2025-07-31,196,0,0,0,3
2024-10-29,train,PF_0025101_01,194,8,7525,2024-08-25,2025-07-31,196,0,0,0,4
2024-10-29,train,PF_0025101_01,194,9,7525,2024-08-25,2025-07-31,196,0,0,0,4
2024-10-30,train,PF_0024696_01,175,1,7550,2024-09-05,2025-06-30,175,0,0,1,3
2024-10-30,train,PF_0024696_01,175,2,7550,2024-09-05,2025-06-30,175,0,0,1,3
2024-10-30,train,PF_0024696_01,175,3,7550,2024-09-05,2025-06-30,175,0,0,0,2
2024-10-30,train,PF_0024696_01,175,4,7550,2024-09-05,2025-06-30,175,0,0,2,5
2024-10-30,train,PF_0024696_01,175,5,7550,2024-09-05,2025-06-30,175,0,0,2,4
2024-10-30,train,PF_0024696_01,175,6,7550,2024-09-05,2025-06-30,175,0,0,2,3
2024-10-30,train,PF_0024696_01,175,7,7550,2024-09-05,2025-06-30,175,0,0,0,1
2024-10-30,train,PF_0024696_01,175,8,7550,2024-09-05,2025-06-30,175,0,0,0,3
2024-10-30,train,PF_0024696_01,175,9,7550,2024-09-05,2025-06-30,175,0,0,0,1
2024-10-30,test,PF_0024697_01,177,1,7549,2024-09-05,2025-06-30,178,0,0,2,5
2024-10-30,test,PF_0024697_01,177,2,7549,2024-09-05,2025-06-30,178,0,0,0,1
2024-10-30,test,PF_0024697_01,177,3,7549,2024-09-05,2025-06-30,178,0,0,1,3
2024-10-30,test,PF_0024697_01,177,4,7549,2024-09-05,2025-06-30,178,0,0,1,3
2024-10-30,test,PF_0024697_01,177,5,7549,2024-09-05,2025-06-30,178,0,0,0,2
2024-10-30,test,PF_0024697_01,177,6,7549,2024-09-05,2025-06-30,178,0,0,1,2
2024-10-30,test,PF_0024697_01,177,7,7549,2024-09-05,2025-06-30,178,0,0,0,1
2024-10-30,test,PF_0024697_01,177,8,7549,2024-09-05,2025-06-30,178,0,0,1,4
2024-10-30,test,PF_0024697_01,177,9,7549,2024-09-05,2025-06-30,178,0,0,2,4
2024-10-31,validation,PF_0024689_01,163,1,7557,2024-07-01,2025-07-31,163,0,0,0,5
2024-10-31,validation,PF_0024689_01,163,2,7557,2024-07-01,2025-07-31,163,0,0,0,2
2024-10-31,validation,PF_0024689_01,163,3,7557,2024-07-01,2025-07-31,163,0,0,0,5
2024-10-31,validation,PF_0024689_01,163,4,7557,2024-07-01,2025-07-31,163,0,0,0,3
2024-10-31,validation,PF_0024689_01,163,5,7557,2024-07-01,2025-07-31,163,0,0,0,0
2024-10-31,validation,PF_0024689_01,163,6,7557,2024-07-01,2025-07-31,163,0,0,0,1
2024-10-31,validation,PF_0024689_01,163,7,7557,2024-07-01,2025-07-31,163,0,0,0,3
2024-10-31,validation,PF_0024689_01,163,8,7557,2024-07-01,2025-07-31,163,0,0,0,0
2024-10-31,validation,PF_0024689_01,163,9,7557,2024-07-01,2025-07-31,163,0,0,0,5
2024-11-04,train,PF_0002529_01,46,1,7575,2024-08-02,2025-05-03,46,0,0,0,5
2024-11-04,train,PF_0002529_01,46,2,7575,2024-08-02,2025-05-03,46,0,0,0,4
2024-11-04,train,PF_0002529_01,46,3,7575,2024-08-02,2025-05-03,46,0,0,0,2
2024-11-04,train,PF_0002529_01,46,4,7575,2024-08-02,2025-05-03,46,0,0,0,1
2024-11-04,train,PF_0002529_01,46,5,7575,2024-08-02,2025-05-03,46,0,0,0,4
2024-11-04,train,PF_0002529_01,46,6,7575,2024-08-02,2025-05-03,46,0,0,0,0
2024-11-04,train,PF_0002529_01,46,7,7575,2024-08-02,2025-05-03,46,0,0,0,3
2024-11-04,train,PF_0002529_01,46,8,7575,2024-08-02,2025-05-03,46,0,0,0,1
2024-11-04,train,PF_0002529_01,46,9,7575,2024-08-02,2025-05-03,46,0,0,0,3
2024-11-04,train,PF_0020209_01,80,1,7534,2024-08-19,2025-07-15,80,0,0,0,0
2024-11-04,train,PF_0020209_01,80,2,7534,2024-08-19,2025-07-15,80,0,0,0,1
2024-11-04,train,PF_0020209_01,80,3,7534,2024-08-19,2025-07-15,80,0,0,0,0
2024-11-04,train,PF_0020209_01,80,4,7534,2024-08-19,2025-07-15,80,0,0,0,2
2024-11-04,train,PF_0020209_01,80,5,7534,2024-08-19,2025-07-15,80,0,0,0,2
2024-11-04,train,PF_0020209_01,80,6,7534,2024-08-19,2025-07-15,80,0,0,0,1
2024-11-04,train,PF_0020209_01,80,7,7534,2024-08-19,2025-07-15,80,0,0,0,1
2024-11-04,train,PF_0020209_01,80,8,7534,2024-08-19,2025-07-15,80,0,0,0,2
2024-11-04,train,PF_0020209_01,80,9,7534,2024-08-19,2025-07-15,80,0,0,0,0
2024-11-05,train,PF_0025101_01,194,1,7525,2024-08-25,2025-07-31,196,0,0,0,1
2024-11-05,train,PF_0025101_01,194,2,7525,2024-08-25,2025-07-31,196,0,0,0,2
2024-11-05,train,PF_0025101_01,194,3,7525,2024-08-25,2025-07-31,196,0,0,0,4
2024-11-05,train,PF_0025101_01,194,4,7525,2024-08-25,2025-07-31,196,0,0,0,0
2024-11-05,train,PF_0025101_01,194,5,7525,2024-08-25,2025-07-31,196,0,0,0,1
2024-11-05,train,PF_0025101_01,194,6,7525,2024-08-25,2025-07-31,196,0,0,0,3
2024-11-05,train,PF_0025101_01,194,7,7525,2024-08-25,2025-07-31,196,0,0,0,2
2024-11-05,train,PF_0025101_01,194,8,7525,2024-08-25,2025-07-31,196,0,0,0,0
2024-11-05,train,PF_0025101_01,194,9,7525,2024-08-25,2025-07-31,196,0,0,0,3
2024-11-06,train,PF_0025108_01,205,1,7519,2024-07-26,2025-06-16,207,0,0,0,3
2024-11-06,train,PF_0025108_01,205,2,7519,2024-07-26,2025-06-16,207,0,0,0,2
2024-11-06,train,PF_0025108_01,205,3,7519,2024-07-26,2025-06-16,207,0,0,0,1
2024-11-06,train,PF_0025108_01,205,4,7519,2024-07-26,2025-06-16,207,0,0,0,2
2024-11-06,train,PF_0025108_01,205,5,7519,2024-07-26,2025-06-16,207,0,0,0,3
2024-11-06,train,PF_0025108_01,205,6,7519,2024-07-26,2025-06-16,207,0,0,0,0
2024-11-06,train,PF_0025108_01,205,7,7519,2024-07-26,2025-06-16,207,0,0,0,3
2024-11-06,train,PF_0025108_01,205,8,7519,2024-07-26,2025-06-16,207,0,0,0,4
2024-11-06,train,PF_0025108_01,205,9,7519,2024-07-26,2025-06-16,207,0,0,0,2
2024-11-07,train,PF_0024693_01,171,1,7553,2024-09-11,2025-06-01,171,0,0,0,1
2024-11-07,train,PF_0024693_01,171,2,7553,2024-09-11,2025-06-01,171,0,0,0,0
2024-11-07,train,PF_0024693_01,171,3,7553,2024-09-11,2025-06-01,171,0,0,0,4
2024-11-07,train,PF_0024693_01,171,4,7553,2024-09-11,2025-06-01,171,0,0,0,4
2024-11-07,train,PF_0024693_01,171,5,7553,2024-09-11,2025-06-01,171,0,0,0,5
2024-11-07,train,PF_0024693_01,171,6,7553,2024-09-11,2025-06-01,171,0,0,0,3
2024-11-07,train,PF_0024693_01,171,7,7553,2024-09-11,2025-06-01,171,0,0,0,2
2024-11-07,train,PF_0024693_01,171,8,7553,2024-09-11,2025-06-01,171,0,0,0,3
2024-11-07,train,PF_0024693_01,171,9,7553,2024-09-11,2025-06-01,171,0,0,0,1
2024-11-07,train,PF_0024696_01,175,1,7550,2024-09-05,2025-06-30,175,0,0,0,1
2024-11-07,train,PF_0024696_01,175,2,7550,2024-09-05,2025-06-30,175,0,0,0,1
2024-11-07,train,PF_0024696_01,175,3,7550,2024-09-05,2025-06-30,175,0,0,0,0
2024-11-07,train,PF_0024696_01,175,4,7550,2024-09-05,2025-06-30,175,0,0,0,3
2024-11-07,train,PF_0024696_01,175,5,7550,2024-09-05,2025-06-30,175,0,0,0,0
2024-11-07,train,PF_0024696_01,175,6,7550,2024-09-05,2025-06-30,175,0,0,0,0
2024-11-07,train,PF_0024696_01,175,7,7550,2024-09-05,2025-06-30,175,0,0,0,4
2024-11-07,train,PF_0024696_01,175,8,7550,2024-09-05,2025-06-30,175,0,0,0,2
2024-11-07,train,PF_0024696_01,175,9,7550,2024-09-05,2025-06-30,175,0,0,0,2
2024-11-07,test,PF_0024697_01,177,1,7549,2024-09-05,2025-06-30,178,0,0,0,2
2024-11-07,test,PF_0024697_01,177,2,7549,2024-09-05,2025-06-30,178,0,0,0,4
2024-11-07,test,PF_0024697_01,177,3,7549,2024-09-05,2025-06-30,178,0,0,0,5
2024-11-07,test,PF_0024697_01,177,4,7549,2024-09-05,2025-06-30,178,0,0,0,5
2024-11-07,test,PF_0024697_01,177,5,7549,2024-09-05,2025-06-30,178,0,0,0,4
2024-11-07,test,PF_0024697_01,177,6,7549,2024-09-05,2025-06-30,178,0,0,0,2
2024-11-07,test,PF_0024697_01,177,7,7549,2024-09-05,2025-06-30,178,0,0,0,5
2024-11-07,test,PF_0024697_01,177,8,7549,2024-09-05,2025-06-30,178,0,0,0,1
2024-11-07,test,PF_0024697_01,177,9,7549,2024-09-05,2025-06-30,178,0,0,0,3
2024-11-08,validation,PF_0024689_01,163,1,7557,2024-07-01,2025-07-31,163,0,0,0,1
2024-11-08,validation,PF_0024689_01,163,2,7557,2024-07-01,2025-07-31,163,0,0,0,1
2024-11-08,validation,PF_0024689_01,163,3,7557,2024-07-01,2025-07-31,163,0,0,0,2
2024-11-08,validation,PF_0024689_01,163,4,7557,2024-07-01,2025-07-31,163,0,0,0,1
2024-11-08,validation,PF_0024689_01,163,5,7557,2024-07-01,2025-07-31,163,0,0,0,1
2024-11-08,validation,PF_0024689_01,163,6,7557,2024-07-01,2025-07-31,163,0,0,0,0
2024-11-08,validation,PF_0024689_01,163,7,7557,2024-07-01,2025-07-31,163,0,0,0,1
2024-11-08,validation,PF_0024689_01,163,8,7557,2024-07-01,2025-07-31,163,0,0,0,0
2024-11-08,validation,PF_0024689_01,163,9,7557,2024-07-01,2025-07-31,163,0,0,0,4
2024-11-11,train,PF_0002529_01,46,1,7575,2024-08-02,2025-05-03,46,0,0,0,3
2024-11-11,train,PF_0002529_01,46,2,7575,2024-08-02,2025-05-03,46,0,0,0,4
2024-11-11,train,PF_0002529_01,46,3,7575,2024-08-02,2025-05-03,46,0,0,0,2
2024-11-11,train,PF_0002529_01,46,4,7575,2024-08-02,2025-05-03,46,0,0,0,3
2024-11-11,train,PF_0002529_01,46,5,7575,2024-08-02,2025-05-03,46,0,0,0,5
2024-11-11,train,PF_0002529_01,46,6,7575,2024-08-02,2025-05-03,46,0,0,0,0
2024-11-11,train,PF_0002529_01,46,7,7575,2024-08-02,2025-05-03,46,0,0,0,4
2024-11-11,train,PF_0002529_01,46,8,7575,2024-08-02,2025-05-03,46,0,0,0,4
2024-11-11,train,PF_0002529_01,46,9,7575,2024-08-02,2025-05-03,46,0,0,0,3
2024-11-11,train,PF_0024693_01,171,1,7553,2024-09-11,2025-06-01,171,0,0,0,4
2024-11-11,train,PF_0024693_01,171,2,7553,2024-09-11,2025-06-01,171,0,0,0,2
2024-11-11,train,PF_0024693_01,171,3,7553,2024-09-11,2025-06-01,171,0,0,0,3
2024-11-11,train,PF_0024693_01,171,4,7553,2024-09-11,2025-06-01,171,0,0,0,3
2024-11-11,train,PF_0024693_01,171,5,7553,2024-09-11,2025-06-01,171,0,0,0,6
2024-11-11,train,PF_0024693_01,171,6,7553,2024-09-11,2025-06-01,171,0,0,0,5
2024-11-11,train,PF_0024693_01,171,7,7553,2024-09-11,2025-06-01,171,0,0,0,5
2024-11-11,train,PF_0024693_01,171,8,7553,2024-09-11,2025-06-01,171,0,0,0,2
2024-11-11,train,PF_0024693_01,171,9,7553,2024-09-11,2025-06-01,171,0,0,0,5
2024-11-11,train,PF_0025108_01,205,1,7519,2024-07-26,2025-06-16,207,0,0,0,1
2024-11-11,train,PF_0025108_01,205,2,7519,2024-07-26,2025-06-16,207,0,0,0,1
2024-11-11,train,PF_0025108_01,205,3,7519,2024-07-26,2025-06-16,207,0,0,0,3
2024-11-11,train,PF_0025108_01,205,4,7519,2024-07-26,2025-06-16,207,0,0,0,1
2024-11-11,train,PF_0025108_01,205,5,7519,2024-07-26,2025-06-16,207,0,0,0,3
2024-11-11,train,PF_0025108_01,205,6,7519,2024-07-26,2025-06-16,207,0,0,0,2
2024-11-11,train,PF_0025108_01,205,7,7519,2024-07-26,2025-06-16,207,0,0,0,3
2024-11-11,train,PF_0025108_01,205,8,7519,2024-07-26,2025-06-16,207,0,0,0,2
2024-11-11,train,PF_0025108_01,205,9,7519,2024-07-26,2025-06-16,207,0,0,0,3
2024-11-12,train,PF_0024696_01,175,1,7550,2024-09-05,2025-06-30,175,0,0,0,3
2024-11-12,train,PF_0024696_01,175,2,7550,2024-09-05,2025-06-30,175,0,0,0,2
2024-11-12,train,PF_0024696_01,175,3,7550,2024-09-05,2025-06-30,175,0,0,0,2
2024-11-12,train,PF_0024696_01,175,4,7550,2024-09-05,2025-06-30,175,0,0,0,2
2024-11-12,train,PF_0024696_01,175,5,7550,2024-09-05,2025-06-30,175,0,0,0,2
2024-11-12,train,PF_0024696_01,175,6,7550,2024-09-05,2025-06-30,175,0,0,0,2
2024-11-12,train,PF_0024696_01,175,7,7550,2024-09-05,2025-06-30,175,0,0,0,3
2024-11-12,train,PF_0024696_01,175,8,7550,2024-09-05,2025-06-30,175,0,0,0,3
2024-11-12,train,PF_0024696_01,175,9,7550,2024-09-05,2025-06-30,175,0,0,0,4
2024-11-12,test,PF_0024697_01,177,1,7549,2024-09-05,2025-06-30,178,0,0,0,4
2024-11-12,test,PF_0024697_01,177,2,7549,2024-09-05,2025-06-30,178,0,0,0,6
2024-11-12,test,PF_0024697_01,177,3,7549,2024-09-05,2025-06-30,178,0,0,0,4
2024-11-12,test,PF_0024697_01,177,4,7549,2024-09-05,2025-06-30,178,0,0,0,2
2024-11-12,test,PF_0024697_01,177,5,7549,2024-09-05,2025-06-30,178,0,0,0,2
2024-11-12,test,PF_0024697_01,177,6,7549,2024-09-05,2025-06-30,178,0,0,0,0
2024-11-12,test,PF_0024697_01,177,7,7549,2024-09-05,2025-06-30,178,0,0,0,2
2024-11-12,test,PF_0024697_01,177,8,7549,2024-09-05,2025-06-30,178,0,0,0,0
2024-11-12,test,PF_0024697_01,177,9,7549,2024-09-05,2025-06-30,178,0,0,0,2
2024-11-12,train,PF_0025101_01,194,1,7525,2024-08-25,2025-07-31,196,0,0,0,2
2024-11-12,train,PF_0025101_01,194,2,7525,2024-08-25,2025-07-31,196,0,0,0,4
2024-11-12,train,PF_0025101_01,194,3,7525,2024-08-25,2025-07-31,196,0,0,0,2
2024-11-12,train,PF_0025101_01,194,4,7525,2024-08-25,2025-07-31,196,0,0,0,3
2024-11-12,train,PF_0025101_01,194,5,7525,2024-08-25,2025-07-31,196,0,0,0,4
2024-11-12,train,PF_0025101_01,194,6,7525,2024-08-25,2025-07-31,196,0,0,0,1
2024-11-12,train,PF_0025101_01,194,7,7525,2024-08-25,2025-07-31,196,0,0,0,3
2024-11-12,train,PF_0025101_01,194,8,7525,2024-08-25,2025-07-31,196,0,0,0,3
2024-11-12,train,PF_0025101_01,194,9,7525,2024-08-25,2025-07-31,196,0,0,0,4
2024-11-13,train,PF_0020209_01,80,1,7534,2024-08-19,2025-07-15,80,0,0,0,2
2024-11-13,train,PF_0020209_01,80,2,7534,2024-08-19,2025-07-15,80,0,0,0,2
2024-11-13,train,PF_0020209_01,80,3,7534,2024-08-19,2025-07-15,80,0,0,0,1
2024-11-13,train,PF_0020209_01,80,4,7534,2024-08-19,2025-07-15,80,0,0,0,2
2024-11-13,train,PF_0020209_01,80,5,7534,2024-08-19,2025-07-15,80,0,0,0,5
2024-11-13,train,PF_0020209_01,80,6,7534,2024-08-19,2025-07-15,80,0,0,0,3
2024-11-13,train,PF_0020209_01,80,7,7534,2024-08-19,2025-07-15,80,0,0,0,4
2024-11-13,train,PF_0020209_01,80,8,7534,2024-08-19,2025-07-15,80,0,0,0,2
2024-11-13,train,PF_0020209_01,80,9,7534,2024-08-19,2025-07-15,80,0,0,0,4
2024-11-14,validation,PF_0024689_01,163,1,7557,2024-07-01,2025-07-31,163,0,0,0,1
2024-11-14,validation,PF_0024689_01,163,2,7557,2024-07-01,2025-07-31,163,0,0,0,0
2024-11-14,validation,PF_0024689_01,163,3,7557,2024-07-01,2025-07-31,163,0,0,0,1
2024-11-14,validation,PF_0024689_01,163,4,7557,2024-07-01,2025-07-31,163,0,0,0,0
2024-11-14,validation,PF_0024689_01,163,5,7557,2024-07-01,2025-07-31,163,0,0,0,0
2024-11-14,validation,PF_0024689_01,163,6,7557,2024-07-01,2025-07-31,163,0,0,0,0
2024-11-14,validation,PF_0024689_01,163,7,7557,2024-07-01,2025-07-31,163,0,0,0,1
2024-11-14,validation,PF_0024689_01,163,8,7557,2024-07-01,2025-07-31,163,0,0,0,0
2024-11-14,validation,PF_0024689_01,163,9,7557,2024-07-01,2025-07-31,163,0,0,0,0
2024-11-18,train,PF_0002529_01,46,1,7575,2024-08-02,2025-05-03,46,0,0,0,2
2024-11-18,train,PF_0002529_01,46,2,7575,2024-08-02,2025-05-03,46,0,0,0,3
2024-11-18,train,PF_0002529_01,46,3,7575,2024-08-02,2025-05-03,46,0,0,0,1
2024-11-18,train,PF_0002529_01,46,4,7575,2024-08-02,2025-05-03,46,0,0,0,2
2024-11-18,train,PF_0002529_01,46,5,7575,2024-08-02,2025-05-03,46,0,0,0,0
2024-11-18,train,PF_0002529_01,46,6,7575,2024-08-02,2025-05-03,46,0,0,0,1
2024-11-18,train,PF_0002529_01,46,7,7575,2024-08-02,2025-05-03,46,0,0,0,3
2024-11-18,train,PF_0002529_01,46,8,7575,2024-08-02,2025-05-03,46,0,0,0,0
2024-11-18,train,PF_0002529_01,46,9,7575,2024-08-02,2025-05-03,46,0,0,0,2
2024-11-18,train,PF_0025108_01,205,1,7519,2024-07-26,2025-06-16,207,0,0,0,1
2024-11-18,train,PF_0025108_01,205,2,7519,2024-07-26,2025-06-16,207,0,0,0,3
2024-11-18,train,PF_0025108_01,205,3,7519,2024-07-26,2025-06-16,207,0,0,0,3
2024-11-18,train,PF_0025108_01,205,4,7519,2024-07-26,2025-06-16,207,0,0,0,3
2024-11-18,train,PF_0025108_01,205,5,7519,2024-07-26,2025-06-16,207,0,0,0,0
2024-11-18,train,PF_0025108_01,205,6,7519,2024-07-26,2025-06-16,207,0,0,0,1
2024-11-18,train,PF_0025108_01,205,7,7519,2024-07-26,2025-06-16,207,0,0,0,2
2024-11-18,train,PF_0025108_01,205,8,7519,2024-07-26,2025-06-16,207,0,0,0,2
2024-11-18,train,PF_0025108_01,205,9,7519,2024-07-26,2025-06-16,207,0,0,0,3
2024-11-19,train,PF_0020209_01,80,1,7534,2024-08-19,2025-07-15,80,0,0,0,3
2024-11-19,train,PF_0020209_01,80,2,7534,2024-08-19,2025-07-15,80,0,0,0,3
2024-11-19,train,PF_0020209_01,80,3,7534,2024-08-19,2025-07-15,80,0,0,0,3
2024-11-19,train,PF_0020209_01,80,4,7534,2024-08-19,2025-07-15,80,0,0,0,3
2024-11-19,train,PF_0020209_01,80,5,7534,2024-08-19,2025-07-15,80,0,0,0,2
2024-11-19,train,PF_0020209_01,80,6,7534,2024-08-19,2025-07-15,80,0,0,0,3
2024-11-19,train,PF_0020209_01,80,7,7534,2024-08-19,2025-07-15,80,0,0,0,4
2024-11-19,train,PF_0020209_01,80,8,7534,2024-08-19,2025-07-15,80,0,0,0,2
2024-11-19,train,PF_0020209_01,80,9,7534,2024-08-19,2025-07-15,80,0,0,0,3
2024-11-19,train,PF_0025101_01,194,1,7525,2024-08-25,2025-07-31,196,0,0,0,1
2024-11-19,train,PF_0025101_01,194,2,7525,2024-08-25,2025-07-31,196,0,0,0,3
2024-11-19,train,PF_0025101_01,194,3,7525,2024-08-25,2025-07-31,196,0,0,0,2
2024-11-19,train,PF_0025101_01,194,4,7525,2024-08-25,2025-07-31,196,0,0,0,2
2024-11-19,train,PF_0025101_01,194,5,7525,2024-08-25,2025-07-31,196,0,0,0,2
2024-11-19,train,PF_0025101_01,194,6,7525,2024-08-25,2025-07-31,196,0,0,0,1
2024-11-19,train,PF_0025101_01,194,7,7525,2024-08-25,2025-07-31,196,0,0,0,4
2024-11-19,train,PF_0025101_01,194,8,7525,2024-08-25,2025-07-31,196,0,0,0,2
2024-11-19,train,PF_0025101_01,194,9,7525,2024-08-25,2025-07-31,196,0,0,0,2
2024-11-20,train,PF_0024693_01,171,1,7553,2024-09-11,2025-06-01,171,0,0,0,0
2024-11-20,train,PF_0024693_01,171,2,7553,2024-09-11,2025-06-01,171,0,0,0,3
2024-11-20,train,PF_0024693_01,171,3,7553,2024-09-11,2025-06-01,171,0,0,0,3
2024-11-20,train,PF_0024693_01,171,4,7553,2024-09-11,2025-06-01,171,0,0,0,0
2024-11-20,train,PF_0024693_01,171,5,7553,2024-09-11,2025-06-01,171,0,0,0,4
2024-11-20,train,PF_0024693_01,171,6,7553,2024-09-11,2025-06-01,171,0,0,0,3
2024-11-20,train,PF_0024693_01,171,7,7553,2024-09-11,2025-06-01,171,0,0,0,7
2024-11-20,train,PF_0024693_01,171,8,7553,2024-09-11,2025-06-01,171,0,0,0,4
2024-11-20,train,PF_0024693_01,171,9,7553,2024-09-11,2025-06-01,171,0,0,0,6
2024-11-20,train,PF_0024696_01,175,1,7550,2024-09-05,2025-06-30,175,0,0,0,2
2024-11-20,train,PF_0024696_01,175,2,7550,2024-09-05,2025-06-30,175,0,0,0,1
2024-11-20,train,PF_0024696_01,175,3,7550,2024-09-05,2025-06-30,175,0,0,0,0
2024-11-20,train,PF_0024696_01,175,4,7550,2024-09-05,2025-06-30,175,0,0,0,2
2024-11-20,train,PF_0024696_01,175,5,7550,2024-09-05,2025-06-30,175,0,0,0,0
2024-11-20,train,PF_0024696_01,175,6,7550,2024-09-05,2025-06-30,175,0,0,0,1
2024-11-20,train,PF_0024696_01,175,7,7550,2024-09-05,2025-06-30,175,0,0,0,3
2024-11-20,train,PF_0024696_01,175,8,7550,2024-09-05,2025-06-30,175,0,0,0,2
2024-11-20,train,PF_0024696_01,175,9,7550,2024-09-05,2025-06-30,175,0,0,0,2
2024-11-20,test,PF_0024697_01,177,1,7549,2024-09-05,2025-06-30,178,0,0,0,4
2024-11-20,test,PF_0024697_01,177,2,7549,2024-09-05,2025-06-30,178,0,0,0,4
2024-11-20,test,PF_0024697_01,177,3,7549,2024-09-05,2025-06-30,178,0,0,0,3
2024-11-20,test,PF_0024697_01,177,4,7549,2024-09-05,2025-06-30,178,0,0,0,3
2024-11-20,test,PF_0024697_01,177,5,7549,2024-09-05,2025-06-30,178,0,0,0,3
2024-11-20,test,PF_0024697_01,177,6,7549,2024-09-05,2025-06-30,178,0,0,0,3
2024-11-20,test,PF_0024697_01,177,7,7549,2024-09-05,2025-06-30,178,0,0,0,3
2024-11-20,test,PF_0024697_01,177,8,7549,2024-09-05,2025-06-30,178,0,0,0,0
2024-11-20,test,PF_0024697_01,177,9,7549,2024-09-05,2025-06-30,178,0,0,0,0
2024-11-21,validation,PF_0024698_01,179,1,7548,2024-09-07,2025-03-31,181,0,0,0,7
2024-11-21,validation,PF_0024698_01,179,2,7548,2024-09-07,2025-03-31,181,0,0,0,7
2024-11-21,validation,PF_0024698_01,179,3,7548,2024-09-07,2025-03-31,181,0,0,0,5
2024-11-21,validation,PF_0024698_01,179,4,7548,2024-09-07,2025-03-31,181,0,0,0,5
2024-11-21,validation,PF_0024698_01,179,5,7548,2024-09-07,2025-03-31,181,0,0,0,6
2024-11-21,validation,PF_0024698_01,179,6,7548,2024-09-07,2025-03-31,181,0,0,0,6
2024-11-21,validation,PF_0024698_01,179,7,7548,2024-09-07,2025-03-31,181,0,0,0,4
2024-11-21,validation,PF_0024698_01,179,8,7548,2024-09-07,2025-03-31,181,0,0,0,6
2024-11-21,validation,PF_0024698_01,179,9,7548,2024-09-07,2025-03-31,181,0,0,0,4
2024-11-22,validation,PF_0024689_01,163,1,7557,2024-07-01,2025-07-31,163,0,0,0,0
2024-11-22,validation,PF_0024689_01,163,2,7557,2024-07-01,2025-07-31,163,0,0,0,0
2024-11-22,validation,PF_0024689_01,163,3,7557,2024-07-01,2025-07-31,163,0,0,0,0
2024-11-22,validation,PF_0024689_01,163,4,7557,2024-07-01,2025-07-31,163,0,0,0,0
2024-11-22,validation,PF_0024689_01,163,5,7557,2024-07-01,2025-07-31,163,0,0,0,0
2024-11-22,validation,PF_0024689_01,163,6,7557,2024-07-01,2025-07-31,163,0,0,0,0
2024-11-22,validation,PF_0024689_01,163,7,7557,2024-07-01,2025-07-31,163,0,0,0,0
2024-11-22,validation,PF_0024689_01,163,8,7557,2024-07-01,2025-07-31,163,0,0,0,0
2024-11-22,validation,PF_0024689_01,163,9,7557,2024-07-01,2025-07-31,163,0,0,0,0
2024-11-25,train,PF_0002529_01,46,1,7575,2024-08-02,2025-05-03,46,0,0,0,3
2024-11-25,train,PF_0002529_01,46,2,7575,2024-08-02,2025-05-03,46,0,0,0,0
2024-11-25,train,PF_0002529_01,46,3,7575,2024-08-02,2025-05-03,46,0,0,0,0
2024-11-25,train,PF_0002529_01,46,4,7575,2024-08-02,2025-05-03,46,0,0,0,0
2024-11-25,train,PF_0002529_01,46,5,7575,2024-08-02,2025-05-03,46,0,0,0,3
2024-11-25,train,PF_0002529_01,46,6,7575,2024-08-02,2025-05-03,46,0,0,0,6
2024-11-25,train,PF_0002529_01,46,7,7575,2024-08-02,2025-05-03,46,0,0,0,2
2024-11-25,train,PF_0002529_01,46,8,7575,2024-08-02,2025-05-03,46,0,0,0,1
2024-11-25,train,PF_0002529_01,46,9,7575,2024-08-02,2025-05-03,46,0,0,0,2
2024-11-25,train,PF_0025108_01,205,1,7519,2024-07-26,2025-06-16,207,0,0,0,4
2024-11-25,train,PF_0025108_01,205,2,7519,2024-07-26,2025-06-16,207,0,0,0,4
2024-11-25,train,PF_0025108_01,205,3,7519,2024-07-26,2025-06-16,207,0,0,0,5
2024-11-25,train,PF_0025108_01,205,4,7519,2024-07-26,2025-06-16,207,0,0,0,2
2024-11-25,train,PF_0025108_01,205,5,7519,2024-07-26,2025-06-16,207,0,0,0,5
2024-11-25,train,PF_0025108_01,205,6,7519,2024-07-26,2025-06-16,207,0,0,0,3
2024-11-25,train,PF_0025108_01,205,7,7519,2024-07-26,2025-06-16,207,0,0,0,4
2024-11-25,train,PF_0025108_01,205,8,7519,2024-07-26,2025-06-16,207,0,0,0,2
2024-11-25,train,PF_0025108_01,205,9,7519,2024-07-26,2025-06-16,207,0,0,0,5
2024-11-26,train,PF_0024693_01,171,1,7553,2024-09-11,2025-06-01,171,0,0,0,0
2024-11-26,train,PF_0024693_01,171,2,7553,2024-09-11,2025-06-01,171,0,0,0,0
2024-11-26,train,PF_0024693_01,171,3,7553,2024-09-11,2025-06-01,171,0,0,0,0
2024-11-26,train,PF_0024693_01,171,4,7553,2024-09-11,2025-06-01,171,0,0,0,0
2024-11-26,train,PF_0024693_01,171,5,7553,2024-09-11,2025-06-01,171,0,0,0,0
2024-11-26,train,PF_0024693_01,171,6,7553,2024-09-11,2025-06-01,171,0,0,0,0
2024-11-26,train,PF_0024693_01,171,7,7553,2024-09-11,2025-06-01,171,0,0,0,7
2024-11-26,train,PF_0024693_01,171,8,7553,2024-09-11,2025-06-01,171,0,0,0,7
2024-11-26,train,PF_0024693_01,171,9,7553,2024-09-11,2025-06-01,171,0,0,0,9
2024-11-26,train,PF_0024696_01,175,1,7550,2024-09-05,2025-06-30,175,0,0,0,2
2024-11-26,train,PF_0024696_01,175,2,7550,2024-09-05,2025-06-30,175,0,0,0,0
2024-11-26,train,PF_0024696_01,175,3,7550,2024-09-05,2025-06-30,175,0,0,0,0
2024-11-26,train,PF_0024696_01,175,4,7550,2024-09-05,2025-06-30,175,0,0,0,0
2024-11-26,train,PF_0024696_01,175,5,7550,2024-09-05,2025-06-30,175,0,0,0,1
2024-11-26,train,PF_0024696_01,175,6,7550,2024-09-05,2025-06-30,175,0,0,0,3
2024-11-26,train,PF_0024696_01,175,7,7550,2024-09-05,2025-06-30,175,0,0,0,2
2024-11-26,train,PF_0024696_01,175,8,7550,2024-09-05,2025-06-30,175,0,0,0,2
2024-11-26,train,PF_0024696_01,175,9,7550,2024-09-05,2025-06-30,175,0,0,0,2
2024-11-26,test,PF_0024697_01,177,1,7549,2024-09-05,2025-06-30,178,0,0,0,4
2024-11-26,test,PF_0024697_01,177,2,7549,2024-09-05,2025-06-30,178,0,0,0,1
2024-11-26,test,PF_0024697_01,177,3,7549,2024-09-05,2025-06-30,178,0,0,0,2
2024-11-26,test,PF_0024697_01,177,4,7549,2024-09-05,2025-06-30,178,0,0,0,3
2024-11-26,test,PF_0024697_01,177,5,7549,2024-09-05,2025-06-30,178,0,0,0,0
2024-11-26,test,PF_0024697_01,177,6,7549,2024-09-05,2025-06-30,178,0,0,0,2
2024-11-26,test,PF_0024697_01,177,7,7549,2024-09-05,2025-06-30,178,0,0,0,1
2024-11-26,test,PF_0024697_01,177,8,7549,2024-09-05,2025-06-30,178,0,0,0,0
2024-11-26,test,PF_0024697_01,177,9,7549,2024-09-05,2025-06-30,178,0,0,0,0
2024-11-26,train,PF_0025101_01,194,1,7525,2024-08-25,2025-07-31,196,0,0,0,3
2024-11-26,train,PF_0025101_01,194,2,7525,2024-08-25,2025-07-31,196,0,0,0,5
2024-11-26,train,PF_0025101_01,194,3,7525,2024-08-25,2025-07-31,196,0,0,0,3
2024-11-26,train,PF_0025101_01,194,4,7525,2024-08-25,2025-07-31,196,0,0,0,4
2024-11-26,train,PF_0025101_01,194,5,7525,2024-08-25,2025-07-31,196,0,0,0,4
2024-11-26,train,PF_0025101_01,194,6,7525,2024-08-25,2025-07-31,196,0,0,0,1
2024-11-26,train,PF_0025101_01,194,7,7525,2024-08-25,2025-07-31,196,0,0,0,2
2024-11-26,train,PF_0025101_01,194,8,7525,2024-08-25,2025-07-31,196,0,0,0,3
2024-11-26,train,PF_0025101_01,194,9,7525,2024-08-25,2025-07-31,196,0,0,0,2
2024-11-27,train,PF_0020209_01,80,1,7534,2024-08-19,2025-07-15,80,0,0,0,0
2024-11-27,train,PF_0020209_01,80,2,7534,2024-08-19,2025-07-15,80,0,0,0,0
2024-11-27,train,PF_0020209_01,80,3,7534,2024-08-19,2025-07-15,80,0,0,0,0
2024-11-27,train,PF_0020209_01,80,4,7534,2024-08-19,2025-07-15,80,0,0,0,1
2024-11-27,train,PF_0020209_01,80,5,7534,2024-08-19,2025-07-15,80,0,0,0,1
2024-11-27,train,PF_0020209_01,80,6,7534,2024-08-19,2025-07-15,80,0,0,0,0
2024-11-27,train,PF_0020209_01,80,7,7534,2024-08-19,2025-07-15,80,0,0,0,0
2024-11-27,train,PF_0020209_01,80,8,7534,2024-08-19,2025-07-15,80,0,0,0,0
2024-11-27,train,PF_0020209_01,80,9,7534,2024-08-19,2025-07-15,80,0,0,0,0
2024-11-28,validation,PF_0024698_01,179,1,7548,2024-09-07,2025-03-31,181,0,0,0,2
2024-11-28,validation,PF_0024698_01,179,2,7548,2024-09-07,2025-03-31,181,0,0,0,2
2024-11-28,validation,PF_0024698_01,179,3,7548,2024-09-07,2025-03-31,181,0,0,0,3
2024-11-28,validation,PF_0024698_01,179,4,7548,2024-09-07,2025-03-31,181,0,0,0,3
2024-11-28,validation,PF_0024698_01,179,5,7548,2024-09-07,2025-03-31,181,0,0,0,3
2024-11-28,validation,PF_0024698_01,179,6,7548,2024-09-07,2025-03-31,181,0,0,0,1
2024-11-28,validation,PF_0024698_01,179,7,7548,2024-09-07,2025-03-31,181,0,0,0,2
2024-11-28,validation,PF_0024698_01,179,8,7548,2024-09-07,2025-03-31,181,0,0,0,1
2024-11-28,validation,PF_0024698_01,179,9,7548,2024-09-07,2025-03-31,181,0,0,0,1
2024-11-29,validation,PF_0024689_01,163,1,7557,2024-07-01,2025-07-31,163,0,0,0,0
2024-11-29,validation,PF_0024689_01,163,2,7557,2024-07-01,2025-07-31,163,0,0,0,0
2024-11-29,validation,PF_0024689_01,163,3,7557,2024-07-01,2025-07-31,163,0,0,0,0
2024-11-29,validation,PF_0024689_01,163,4,7557,2024-07-01,2025-07-31,163,0,0,0,0
2024-11-29,validation,PF_0024689_01,163,5,7557,2024-07-01,2025-07-31,163,0,0,0,0
2024-11-29,validation,PF_0024689_01,163,6,7557,2024-07-01,2025-07-31,163,0,0,0,0
2024-11-29,validation,PF_0024689_01,163,7,7557,2024-07-01,2025-07-31,163,0,0,0,0
2024-11-29,validation,PF_0024689_01,163,8,7557,2024-07-01,2025-07-31,163,0,0,0,0
2024-11-29,validation,PF_0024689_01,163,9,7557,2024-07-01,2025-07-31,163,0,0,0,0
2024-12-02,train,PF_0002529_01,46,1,7575,2024-08-02,2025-05-03,46,0,0,0,1
2024-12-02,train,PF_0002529_01,46,2,7575,2024-08-02,2025-05-03,46,0,0,0,0
2024-12-02,train,PF_0002529_01,46,3,7575,2024-08-02,2025-05-03,46,0,0,0,0
2024-12-02,train,PF_0002529_01,46,4,7575,2024-08-02,2025-05-03,46,0,0,0,1
2024-12-02,train,PF_0002529_01,46,5,7575,2024-08-02,2025-05-03,46,0,0,0,0
2024-12-02,train,PF_0002529_01,46,6,7575,2024-08-02,2025-05-03,46,0,0,0,4
2024-12-02,train,PF_0002529_01,46,7,7575,2024-08-02,2025-05-03,46,0,0,0,0
2024-12-02,train,PF_0002529_01,46,8,7575,2024-08-02,2025-05-03,46,0,0,0,1
2024-12-02,train,PF_0002529_01,46,9,7575,2024-08-02,2025-05-03,46,0,0,0,3
2024-12-03,train,PF_0024693_01,171,1,7553,2024-09-11,2025-06-01,171,0,0,0,0
2024-12-03,train,PF_0024693_01,171,2,7553,2024-09-11,2025-06-01,171,0,0,0,0
2024-12-03,train,PF_0024693_01,171,3,7553,2024-09-11,2025-06-01,171,0,0,0,0
2024-12-03,train,PF_0024693_01,171,4,7553,2024-09-11,2025-06-01,171,0,0,0,0
2024-12-03,train,PF_0024693_01,171,5,7553,2024-09-11,2025-06-01,171,0,0,0,0
2024-12-03,train,PF_0024693_01,171,6,7553,2024-09-11,2025-06-01,171,0,0,0,0
2024-12-03,train,PF_0024693_01,171,7,7553,2024-09-11,2025-06-01,171,0,0,0,2
2024-12-03,train,PF_0024693_01,171,8,7553,2024-09-11,2025-06-01,171,0,0,0,3
2024-12-03,train,PF_0024693_01,171,9,7553,2024-09-11,2025-06-01,171,0,0,0,3
2024-12-03,train,PF_0025101_01,194,1,7525,2024-08-25,2025-07-31,196,0,0,0,1
2024-12-03,train,PF_0025101_01,194,2,7525,2024-08-25,2025-07-31,196,0,0,0,1
2024-12-03,train,PF_0025101_01,194,3,7525,2024-08-25,2025-07-31,196,0,0,0,1
2024-12-03,train,PF_0025101_01,194,4,7525,2024-08-25,2025-07-31,196,0,0,0,3
2024-12-03,train,PF_0025101_01,194,5,7525,2024-08-25,2025-07-31,196,0,0,0,2
2024-12-03,train,PF_0025101_01,194,6,7525,2024-08-25,2025-07-31,196,0,0,0,3
2024-12-03,train,PF_0025101_01,194,7,7525,2024-08-25,2025-07-31,196,0,0,0,2
2024-12-03,train,PF_0025101_01,194,8,7525,2024-08-25,2025-07-31,196,0,0,0,1
2024-12-03,train,PF_0025101_01,194,9,7525,2024-08-25,2025-07-31,196,0,0,0,2
2024-12-03,train,PF_0025108_01,205,1,7519,2024-07-26,2025-06-16,207,0,0,0,3
2024-12-03,train,PF_0025108_01,205,2,7519,2024-07-26,2025-06-16,207,0,0,0,3
2024-12-03,train,PF_0025108_01,205,3,7519,2024-07-26,2025-06-16,207,0,0,0,3
2024-12-03,train,PF_0025108_01,205,4,7519,2024-07-26,2025-06-16,207,0,0,0,2
2024-12-03,train,PF_0025108_01,205,5,7519,2024-07-26,2025-06-16,207,0,0,0,1
2024-12-03,train,PF_0025108_01,205,6,7519,2024-07-26,2025-06-16,207,0,0,0,2
2024-12-03,train,PF_0025108_01,205,7,7519,2024-07-26,2025-06-16,207,0,0,0,5
2024-12-03,train,PF_0025108_01,205,8,7519,2024-07-26,2025-06-16,207,0,0,0,2
2024-12-03,train,PF_0025108_01,205,9,7519,2024-07-26,2025-06-16,207,0,0,0,1
2024-12-04,train,PF_0024696_01,175,1,7550,2024-09-05,2025-06-30,175,0,0,0,2
2024-12-04,train,PF_0024696_01,175,2,7550,2024-09-05,2025-06-30,175,0,0,0,2
2024-12-04,train,PF_0024696_01,175,3,7550,2024-09-05,2025-06-30,175,0,0,0,1
2024-12-04,train,PF_0024696_01,175,4,7550,2024-09-05,2025-06-30,175,0,0,0,2
2024-12-04,train,PF_0024696_01,175,5,7550,2024-09-05,2025-06-30,175,0,0,0,0
2024-12-04,train,PF_0024696_01,175,6,7550,2024-09-05,2025-06-30,175,0,0,0,2
2024-12-04,train,PF_0024696_01,175,7,7550,2024-09-05,2025-06-30,175,0,0,0,2
2024-12-04,train,PF_0024696_01,175,8,7550,2024-09-05,2025-06-30,175,0,0,0,2
2024-12-04,train,PF_0024696_01,175,9,7550,2024-09-05,2025-06-30,175,0,0,0,0
2024-12-04,test,PF_0024697_01,177,1,7549,2024-09-05,2025-06-30,178,0,0,0,3
2024-12-04,test,PF_0024697_01,177,2,7549,2024-09-05,2025-06-30,178,0,0,0,0
2024-12-04,test,PF_0024697_01,177,3,7549,2024-09-05,2025-06-30,178,0,0,0,0
2024-12-04,test,PF_0024697_01,177,4,7549,2024-09-05,2025-06-30,178,0,0,0,3
2024-12-04,test,PF_0024697_01,177,5,7549,2024-09-05,2025-06-30,178,0,0,0,0
2024-12-04,test,PF_0024697_01,177,6,7549,2024-09-05,2025-06-30,178,0,0,0,2
2024-12-04,test,PF_0024697_01,177,7,7549,2024-09-05,2025-06-30,178,0,0,0,2
2024-12-04,test,PF_0024697_01,177,8,7549,2024-09-05,2025-06-30,178,0,0,0,0
2024-12-04,test,PF_0024697_01,177,9,7549,2024-09-05,2025-06-30,178,0,0,0,1
2024-12-05,train,PF_0020209_01,80,1,7534,2024-08-19,2025-07-15,80,0,0,0,0
2024-12-05,train,PF_0020209_01,80,2,7534,2024-08-19,2025-07-15,80,0,0,0,4
2024-12-05,train,PF_0020209_01,80,3,7534,2024-08-19,2025-07-15,80,0,0,0,1
2024-12-05,train,PF_0020209_01,80,4,7534,2024-08-19,2025-07-15,80,0,0,0,3
2024-12-05,train,PF_0020209_01,80,5,7534,2024-08-19,2025-07-15,80,0,0,0,4
2024-12-05,train,PF_0020209_01,80,6,7534,2024-08-19,2025-07-15,80,0,0,0,0
2024-12-05,train,PF_0020209_01,80,7,7534,2024-08-19,2025-07-15,80,0,0,0,2
2024-12-05,train,PF_0020209_01,80,8,7534,2024-08-19,2025-07-15,80,0,0,0,3
2024-12-05,train,PF_0020209_01,80,9,7534,2024-08-19,2025-07-15,80,0,0,0,1
2024-12-05,validation,PF_0024698_01,179,1,7548,2024-09-07,2025-03-31,181,0,0,0,0
2024-12-05,validation,PF_0024698_01,179,2,7548,2024-09-07,2025-03-31,181,0,0,0,2
2024-12-05,validation,PF_0024698_01,179,3,7548,2024-09-07,2025-03-31,181,0,0,0,4
2024-12-05,validation,PF_0024698_01,179,4,7548,2024-09-07,2025-03-31,181,0,0,0,6
2024-12-05,validation,PF_0024698_01,179,5,7548,2024-09-07,2025-03-31,181,0,0,0,3
2024-12-05,validation,PF_0024698_01,179,6,7548,2024-09-07,2025-03-31,181,0,0,0,0
2024-12-05,validation,PF_0024698_01,179,7,7548,2024-09-07,2025-03-31,181,0,0,0,0
2024-12-05,validation,PF_0024698_01,179,8,7548,2024-09-07,2025-03-31,181,0,0,0,3
2024-12-05,validation,PF_0024698_01,179,9,7548,2024-09-07,2025-03-31,181,0,0,0,2
2024-12-06,validation,PF_0024689_01,163,1,7557,2024-07-01,2025-07-31,163,0,0,0,0
2024-12-06,validation,PF_0024689_01,163,2,7557,2024-07-01,2025-07-31,163,0,0,0,0
2024-12-06,validation,PF_0024689_01,163,3,7557,2024-07-01,2025-07-31,163,0,0,0,0
2024-12-06,validation,PF_0024689_01,163,4,7557,2024-07-01,2025-07-31,163,0,0,0,0
2024-12-06,validation,PF_0024689_01,163,5,7557,2024-07-01,2025-07-31,163,0,0,0,0
2024-12-06,validation,PF_0024689_01,163,6,7557,2024-07-01,2025-07-31,163,0,0,0,0
2024-12-06,validation,PF_0024689_01,163,7,7557,2024-07-01,2025-07-31,163,0,0,0,2
2024-12-06,validation,PF_0024689_01,163,8,7557,2024-07-01,2025-07-31,163,0,0,0,0
2024-12-06,validation,PF_0024689_01,163,9,7557,2024-07-01,2025-07-31,163,0,0,0,0
2024-12-09,train,PF_0002529_01,46,1,7575,2024-08-02,2025-05-03,46,0,0,0,0
2024-12-09,train,PF_0002529_01,46,2,7575,2024-08-02,2025-05-03,46,0,0,0,0
2024-12-09,train,PF_0002529_01,46,3,7575,2024-08-02,2025-05-03,46,0,0,0,0
2024-12-09,train,PF_0002529_01,46,4,7575,2024-08-02,2025-05-03,46,0,0,0,0
2024-12-09,train,PF_0002529_01,46,5,7575,2024-08-02,2025-05-03,46,0,0,0,0
2024-12-09,train,PF_0002529_01,46,6,7575,2024-08-02,2025-05-03,46,0,0,0,0
2024-12-09,train,PF_0002529_01,46,7,7575,2024-08-02,2025-05-03,46,0,0,0,0
2024-12-09,train,PF_0002529_01,46,8,7575,2024-08-02,2025-05-03,46,0,0,0,0
2024-12-09,train,PF_0002529_01,46,9,7575,2024-08-02,2025-05-03,46,0,0,0,0
2024-12-09,train,PF_0024693_01,171,1,7553,2024-09-11,2025-06-01,171,0,0,0,0
2024-12-09,train,PF_0024693_01,171,2,7553,2024-09-11,2025-06-01,171,0,0,0,0
2024-12-09,train,PF_0024693_01,171,3,7553,2024-09-11,2025-06-01,171,0,0,0,0
2024-12-09,train,PF_0024693_01,171,4,7553,2024-09-11,2025-06-01,171,0,0,0,0
2024-12-09,train,PF_0024693_01,171,5,7553,2024-09-11,2025-06-01,171,0,0,0,0
2024-12-09,train,PF_0024693_01,171,6,7553,2024-09-11,2025-06-01,171,0,0,0,0
2024-12-09,train,PF_0024693_01,171,7,7553,2024-09-11,2025-06-01,171,0,0,0,0
2024-12-09,train,PF_0024693_01,171,8,7553,2024-09-11,2025-06-01,171,0,0,0,2
2024-12-09,train,PF_0024693_01,171,9,7553,2024-09-11,2025-06-01,171,0,0,0,1
2024-12-09,train,PF_0025108_01,205,1,7519,2024-07-26,2025-06-16,207,0,0,0,1
2024-12-09,train,PF_0025108_01,205,2,7519,2024-07-26,2025-06-16,207,0,0,0,0
2024-12-09,train,PF_0025108_01,205,3,7519,2024-07-26,2025-06-16,207,0,0,0,0
2024-12-09,train,PF_0025108_01,205,4,7519,2024-07-26,2025-06-16,207,0,0,0,0
2024-12-09,train,PF_0025108_01,205,5,7519,2024-07-26,2025-06-16,207,0,0,0,0
2024-12-09,train,PF_0025108_01,205,6,7519,2024-07-26,2025-06-16,207,0,0,0,0
2024-12-09,train,PF_0025108_01,205,7,7519,2024-07-26,2025-06-16,207,0,0,0,0
2024-12-09,train,PF_0025108_01,205,8,7519,2024-07-26,2025-06-16,207,0,0,0,0
2024-12-09,train,PF_0025108_01,205,9,7519,2024-07-26,2025-06-16,207,0,0,0,2
2024-12-10,train,PF_0024696_01,175,1,7550,2024-09-05,2025-06-30,175,0,0,0,0
2024-12-10,train,PF_0024696_01,175,2,7550,2024-09-05,2025-06-30,175,0,0,0,1
2024-12-10,train,PF_0024696_01,175,3,7550,2024-09-05,2025-06-30,175,0,0,0,0
2024-12-10,train,PF_0024696_01,175,4,7550,2024-09-05,2025-06-30,175,0,0,0,0
2024-12-10,train,PF_0024696_01,175,5,7550,2024-09-05,2025-06-30,175,0,0,0,0
2024-12-10,train,PF_0024696_01,175,6,7550,2024-09-05,2025-06-30,175,0,0,0,1
2024-12-10,train,PF_0024696_01,175,7,7550,2024-09-05,2025-06-30,175,0,0,0,1
2024-12-10,train,PF_0024696_01,175,8,7550,2024-09-05,2025-06-30,175,0,0,0,1
2024-12-10,train,PF_0024696_01,175,9,7550,2024-09-05,2025-06-30,175,0,0,0,2
2024-12-10,test,PF_0024697_01,177,1,7549,2024-09-05,2025-06-30,178,0,0,0,0
2024-12-10,test,PF_0024697_01,177,2,7549,2024-09-05,2025-06-30,178,0,0,0,0
2024-12-10,test,PF_0024697_01,177,3,7549,2024-09-05,2025-06-30,178,0,0,0,0
2024-12-10,test,PF_0024697_01,177,4,7549,2024-09-05,2025-06-30,178,0,0,0,3
2024-12-10,test,PF_0024697_01,177,5,7549,2024-09-05,2025-06-30,178,0,0,0,0
2024-12-10,test,PF_0024697_01,177,6,7549,2024-09-05,2025-06-30,178,0,0,0,2
2024-12-10,test,PF_0024697_01,177,7,7549,2024-09-05,2025-06-30,178,0,0,0,0
2024-12-10,test,PF_0024697_01,177,8,7549,2024-09-05,2025-06-30,178,0,0,0,0
2024-12-10,test,PF_0024697_01,177,9,7549,2024-09-05,2025-06-30,178,0,0,0,2
2024-12-10,train,PF_0025101_01,194,1,7525,2024-08-25,2025-07-31,196,0,0,0,0
2024-12-10,train,PF_0025101_01,194,2,7525,2024-08-25,2025-07-31,196,0,0,0,2
2024-12-10,train,PF_0025101_01,194,3,7525,2024-08-25,2025-07-31,196,0,0,0,2
2024-12-10,train,PF_0025101_01,194,4,7525,2024-08-25,2025-07-31,196,0,0,0,2
2024-12-10,train,PF_0025101_01,194,5,7525,2024-08-25,2025-07-31,196,0,0,0,1
2024-12-10,train,PF_0025101_01,194,6,7525,2024-08-25,2025-07-31,196,0,0,0,1
2024-12-10,train,PF_0025101_01,194,7,7525,2024-08-25,2025-07-31,196,0,0,0,1
2024-12-10,train,PF_0025101_01,194,8,7525,2024-08-25,2025-07-31,196,0,0,0,0
2024-12-10,train,PF_0025101_01,194,9,7525,2024-08-25,2025-07-31,196,0,0,0,1
2024-12-12,train,PF_0020209_01,80,1,7534,2024-08-19,2025-07-15,80,0,0,0,0
2024-12-12,train,PF_0020209_01,80,2,7534,2024-08-19,2025-07-15,80,0,0,0,0
2024-12-12,train,PF_0020209_01,80,3,7534,2024-08-19,2025-07-15,80,0,0,0,0
2024-12-12,train,PF_0020209_01,80,4,7534,2024-08-19,2025-07-15,80,0,0,0,0
2024-12-12,train,PF_0020209_01,80,5,7534,2024-08-19,2025-07-15,80,0,0,0,0
2024-12-12,train,PF_0020209_01,80,6,7534,2024-08-19,2025-07-15,80,0,0,0,0
2024-12-12,train,PF_0020209_01,80,7,7534,2024-08-19,2025-07-15,80,0,0,0,0
2024-12-12,train,PF_0020209_01,80,8,7534,2024-08-19,2025-07-15,80,0,0,0,0
2024-12-12,train,PF_0020209_01,80,9,7534,2024-08-19,2025-07-15,80,0,0,0,0
2024-12-13,validation,PF_0024698_01,179,1,7548,2024-09-07,2025-03-31,181,0,0,0,0
2024-12-13,validation,PF_0024698_01,179,2,7548,2024-09-07,2025-03-31,181,0,0,0,1
2024-12-13,validation,PF_0024698_01,179,3,7548,2024-09-07,2025-03-31,181,0,0,0,0
2024-12-13,validation,PF_0024698_01,179,4,7548,2024-09-07,2025-03-31,181,0,0,0,2
2024-12-13,validation,PF_0024698_01,179,5,7548,2024-09-07,2025-03-31,181,0,0,0,2
2024-12-13,validation,PF_0024698_01,179,6,7548,2024-09-07,2025-03-31,181,0,0,0,2
2024-12-13,validation,PF_0024698_01,179,7,7548,2024-09-07,2025-03-31,181,0,0,0,0
2024-12-13,validation,PF_0024698_01,179,8,7548,2024-09-07,2025-03-31,181,0,0,0,0
2024-12-13,validation,PF_0024698_01,179,9,7548,2024-09-07,2025-03-31,181,0,0,0,0
2024-12-16,train,PF_0002529_01,46,1,7575,2024-08-02,2025-05-03,46,0,0,0,0
2024-12-16,train,PF_0002529_01,46,2,7575,2024-08-02,2025-05-03,46,0,0,0,0
2024-12-16,train,PF_0002529_01,46,3,7575,2024-08-02,2025-05-03,46,0,0,0,0
2024-12-16,train,PF_0002529_01,46,4,7575,2024-08-02,2025-05-03,46,0,0,0,0
2024-12-16,train,PF_0002529_01,46,5,7575,2024-08-02,2025-05-03,46,0,0,0,0
2024-12-16,train,PF_0002529_01,46,6,7575,2024-08-02,2025-05-03,46,0,0,0,0
2024-12-16,train,PF_0002529_01,46,7,7575,2024-08-02,2025-05-03,46,0,0,0,0
2024-12-16,train,PF_0002529_01,46,8,7575,2024-08-02,2025-05-03,46,0,0,0,0
2024-12-16,train,PF_0002529_01,46,9,7575,2024-08-02,2025-05-03,46,0,0,0,0
2024-12-17,train,PF_0024693_01,171,1,7553,2024-09-11,2025-06-01,171,0,0,0,4
2024-12-17,train,PF_0024693_01,171,2,7553,2024-09-11,2025-06-01,171,0,0,0,0
2024-12-17,train,PF_0024693_01,171,3,7553,2024-09-11,2025-06-01,171,0,0,0,0
2024-12-17,train,PF_0024693_01,171,4,7553,2024-09-11,2025-06-01,171,0,0,0,0
2024-12-17,train,PF_0024693_01,171,5,7553,2024-09-11,2025-06-01,171,0,0,0,2
2024-12-17,train,PF_0024693_01,171,6,7553,2024-09-11,2025-06-01,171,0,0,0,0
2024-12-17,train,PF_0024693_01,171,7,7553,2024-09-11,2025-06-01,171,0,0,0,0
2024-12-17,train,PF_0024693_01,171,8,7553,2024-09-11,2025-06-01,171,0,0,0,0
2024-12-17,train,PF_0024693_01,171,9,7553,2024-09-11,2025-06-01,171,0,0,0,2
2024-12-17,train,PF_0025101_01,194,1,7525,2024-08-25,2025-07-31,196,0,0,0,0
2024-12-17,train,PF_0025101_01,194,2,7525,2024-08-25,2025-07-31,196,0,0,0,2
2024-12-17,train,PF_0025101_01,194,3,7525,2024-08-25,2025-07-31,196,0,0,0,0
2024-12-17,train,PF_0025101_01,194,4,7525,2024-08-25,2025-07-31,196,0,0,0,1
2024-12-17,train,PF_0025101_01,194,5,7525,2024-08-25,2025-07-31,196,0,0,0,2
2024-12-17,train,PF_0025101_01,194,6,7525,2024-08-25,2025-07-31,196,0,0,0,1
2024-12-17,train,PF_0025101_01,194,7,7525,2024-08-25,2025-07-31,196,0,0,0,2
2024-12-17,train,PF_0025101_01,194,8,7525,2024-08-25,2025-07-31,196,0,0,0,0
2024-12-17,train,PF_0025101_01,194,9,7525,2024-08-25,2025-07-31,196,0,0,0,2
2024-12-17,train,PF_0025108_01,205,1,7519,2024-07-26,2025-06-16,207,0,0,0,3
2024-12-17,train,PF_0025108_01,205,2,7519,2024-07-26,2025-06-16,207,0,0,0,0
2024-12-17,train,PF_0025108_01,205,3,7519,2024-07-26,2025-06-16,207,0,0,0,0
2024-12-17,train,PF_0025108_01,205,4,7519,2024-07-26,2025-06-16,207,0,0,0,0
2024-12-17,train,PF_0025108_01,205,5,7519,2024-07-26,2025-06-16,207,0,0,0,1
2024-12-17,train,PF_0025108_01,205,6,7519,2024-07-26,2025-06-16,207,0,0,0,0
2024-12-17,train,PF_0025108_01,205,7,7519,2024-07-26,2025-06-16,207,0,0,0,0
2024-12-17,train,PF_0025108_01,205,8,7519,2024-07-26,2025-06-16,207,0,0,0,0
2024-12-17,train,PF_0025108_01,205,9,7519,2024-07-26,2025-06-16,207,0,0,0,0
2024-12-18,train,PF_0024696_01,175,1,7550,2024-09-05,2025-06-30,175,0,0,0,1
2024-12-18,train,PF_0024696_01,175,2,7550,2024-09-05,2025-06-30,175,0,0,0,2
2024-12-18,train,PF_0024696_01,175,3,7550,2024-09-05,2025-06-30,175,0,0,0,1
2024-12-18,train,PF_0024696_01,175,4,7550,2024-09-05,2025-06-30,175,0,0,0,1
2024-12-18,train,PF_0024696_01,175,5,7550,2024-09-05,2025-06-30,175,0,0,0,1
2024-12-18,train,PF_0024696_01,175,6,7550,2024-09-05,2025-06-30,175,0,0,0,1
2024-12-18,train,PF_0024696_01,175,7,7550,2024-09-05,2025-06-30,175,0,0,0,2
2024-12-18,train,PF_0024696_01,175,8,7550,2024-09-05,2025-06-30,175,0,0,0,1
2024-12-18,train,PF_0024696_01,175,9,7550,2024-09-05,2025-06-30,175,0,0,0,1
2024-12-18,test,PF_0024697_01,177,1,7549,2024-09-05,2025-06-30,178,0,0,0,0
2024-12-18,test,PF_0024697_01,177,2,7549,2024-09-05,2025-06-30,178,0,0,0,0
2024-12-18,test,PF_0024697_01,177,3,7549,2024-09-05,2025-06-30,178,0,0,0,2
2024-12-18,test,PF_0024697_01,177,4,7549,2024-09-05,2025-06-30,178,0,0,0,2
2024-12-18,test,PF_0024697_01,177,5,7549,2024-09-05,2025-06-30,178,0,0,0,0
2024-12-18,test,PF_0024697_01,177,6,7549,2024-09-05,2025-06-30,178,0,0,0,1
2024-12-18,test,PF_0024697_01,177,7,7549,2024-09-05,2025-06-30,178,0,0,0,2
2024-12-18,test,PF_0024697_01,177,8,7549,2024-09-05,2025-06-30,178,0,0,0,2
2024-12-18,test,PF_0024697_01,177,9,7549,2024-09-05,2025-06-30,178,0,0,0,2
2024-12-19,train,PF_0020209_01,80,1,7534,2024-08-19,2025-07-15,80,0,0,0,0
2024-12-19,train,PF_0020209_01,80,2,7534,2024-08-19,2025-07-15,80,0,0,0,2
2024-12-19,train,PF_0020209_01,80,3,7534,2024-08-19,2025-07-15,80,0,0,0,2
2024-12-19,train,PF_0020209_01,80,4,7534,2024-08-19,2025-07-15,80,0,0,0,2
2024-12-19,train,PF_0020209_01,80,5,7534,2024-08-19,2025-07-15,80,0,0,0,2
2024-12-19,train,PF_0020209_01,80,6,7534,2024-08-19,2025-07-15,80,0,0,0,0
2024-12-19,train,PF_0020209_01,80,7,7534,2024-08-19,2025-07-15,80,0,0,0,1
2024-12-19,train,PF_0020209_01,80,8,7534,2024-08-19,2025-07-15,80,0,0,0,2
2024-12-19,train,PF_0020209_01,80,9,7534,2024-08-19,2025-07-15,80,0,0,0,2
2024-12-19,validation,PF_0024698_01,179,1,7548,2024-09-07,2025-03-31,181,0,0,0,2
2024-12-19,validation,PF_0024698_01,179,2,7548,2024-09-07,2025-03-31,181,0,0,0,0
2024-12-19,validation,PF_0024698_01,179,3,7548,2024-09-07,2025-03-31,181,0,0,0,2
2024-12-19,validation,PF_0024698_01,179,4,7548,2024-09-07,2025-03-31,181,0,0,0,0
2024-12-19,validation,PF_0024698_01,179,5,7548,2024-09-07,2025-03-31,181,0,0,0,3
2024-12-19,validation,PF_0024698_01,179,6,7548,2024-09-07,2025-03-31,181,0,0,0,6
2024-12-19,validation,PF_0024698_01,179,7,7548,2024-09-07,2025-03-31,181,0,0,0,3
2024-12-19,validation,PF_0024698_01,179,8,7548,2024-09-07,2025-03-31,181,0,0,0,0
2024-12-19,validation,PF_0024698_01,179,9,7548,2024-09-07,2025-03-31,181,0,0,0,3
2024-12-23,train,PF_0002529_01,46,1,7575,2024-08-02,2025-05-03,46,0,0,0,2
2024-12-23,train,PF_0002529_01,46,2,7575,2024-08-02,2025-05-03,46,0,0,0,0
2024-12-23,train,PF_0002529_01,46,3,7575,2024-08-02,2025-05-03,46,0,0,0,2
2024-12-23,train,PF_0002529_01,46,4,7575,2024-08-02,2025-05-03,46,0,0,0,0
2024-12-23,train,PF_0002529_01,46,5,7575,2024-08-02,2025-05-03,46,0,0,0,0
2024-12-23,train,PF_0002529_01,46,6,7575,2024-08-02,2025-05-03,46,0,0,0,2
2024-12-23,train,PF_0002529_01,46,7,7575,2024-08-02,2025-05-03,46,0,0,0,0
2024-12-23,train,PF_0002529_01,46,8,7575,2024-08-02,2025-05-03,46,0,0,0,2
2024-12-23,train,PF_0002529_01,46,9,7575,2024-08-02,2025-05-03,46,0,0,0,2
2024-12-23,train,PF_0024693_01,171,1,7553,2024-09-11,2025-06-01,171,0,0,0,0
2024-12-23,train,PF_0024693_01,171,2,7553,2024-09-11,2025-06-01,171,0,0,0,0
2024-12-23,train,PF_0024693_01,171,3,7553,2024-09-11,2025-06-01,171,0,0,0,1
2024-12-23,train,PF_0024693_01,171,4,7553,2024-09-11,2025-06-01,171,0,0,0,0
2024-12-23,train,PF_0024693_01,171,5,7553,2024-09-11,2025-06-01,171,0,0,0,2
2024-12-23,train,PF_0024693_01,171,6,7553,2024-09-11,2025-06-01,171,0,0,0,0
2024-12-23,train,PF_0024693_01,171,7,7553,2024-09-11,2025-06-01,171,0,0,0,0
2024-12-23,train,PF_0024693_01,171,8,7553,2024-09-11,2025-06-01,171,0,0,0,0
2024-12-23,train,PF_0024693_01,171,9,7553,2024-09-11,2025-06-01,171,0,0,0,0
2024-12-23,train,PF_0025108_01,205,1,7519,2024-07-26,2025-06-16,207,0,0,0,0
2024-12-23,train,PF_0025108_01,205,2,7519,2024-07-26,2025-06-16,207,0,0,0,2
2024-12-23,train,PF_0025108_01,205,3,7519,2024-07-26,2025-06-16,207,0,0,0,1
2024-12-23,train,PF_0025108_01,205,4,7519,2024-07-26,2025-06-16,207,0,0,0,0
2024-12-23,train,PF_0025108_01,205,5,7519,2024-07-26,2025-06-16,207,0,0,0,2
2024-12-23,train,PF_0025108_01,205,6,7519,2024-07-26,2025-06-16,207,0,0,0,0
2024-12-23,train,PF_0025108_01,205,7,7519,2024-07-26,2025-06-16,207,0,0,0,2
2024-12-23,train,PF_0025108_01,205,8,7519,2024-07-26,2025-06-16,207,0,0,0,2
2024-12-23,train,PF_0025108_01,205,9,7519,2024-07-26,2025-06-16,207,0,0,0,1
2024-12-24,train,PF_0024696_01,175,1,7550,2024-09-05,2025-06-30,175,0,0,0,1
2024-12-24,train,PF_0024696_01,175,2,7550,2024-09-05,2025-06-30,175,0,0,0,2
2024-12-24,train,PF_0024696_01,175,3,7550,2024-09-05,2025-06-30,175,0,0,0,2
2024-12-24,train,PF_0024696_01,175,4,7550,2024-09-05,2025-06-30,175,0,0,0,1
2024-12-24,train,PF_0024696_01,175,5,7550,2024-09-05,2025-06-30,175,0,0,0,1
2024-12-24,train,PF_0024696_01,175,6,7550,2024-09-05,2025-06-30,175,0,0,0,1
2024-12-24,train,PF_0024696_01,175,7,7550,2024-09-05,2025-06-30,175,0,0,0,1
2024-12-24,train,PF_0024696_01,175,8,7550,2024-09-05,2025-06-30,175,0,0,0,1
2024-12-24,train,PF_0024696_01,175,9,7550,2024-09-05,2025-06-30,175,0,0,0,0
2024-12-24,test,PF_0024697_01,177,1,7549,2024-09-05,2025-06-30,178,0,0,0,0
2024-12-24,test,PF_0024697_01,177,2,7549,2024-09-05,2025-06-30,178,0,0,0,0
2024-12-24,test,PF_0024697_01,177,3,7549,2024-09-05,2025-06-30,178,0,0,0,2
2024-12-24,test,PF_0024697_01,177,4,7549,2024-09-05,2025-06-30,178,0,0,0,3
2024-12-24,test,PF_0024697_01,177,5,7549,2024-09-05,2025-06-30,178,0,0,0,3
2024-12-24,test,PF_0024697_01,177,6,7549,2024-09-05,2025-06-30,178,0,0,0,2
2024-12-24,test,PF_0024697_01,177,7,7549,2024-09-05,2025-06-30,178,0,0,0,2
2024-12-24,test,PF_0024697_01,177,8,7549,2024-09-05,2025-06-30,178,0,0,0,3
2024-12-24,test,PF_0024697_01,177,9,7549,2024-09-05,2025-06-30,178,0,0,0,1
2024-12-24,train,PF_0025101_01,194,1,7525,2024-08-25,2025-07-31,196,0,0,0,2
2024-12-24,train,PF_0025101_01,194,2,7525,2024-08-25,2025-07-31,196,0,0,0,1
2024-12-24,train,PF_0025101_01,194,3,7525,2024-08-25,2025-07-31,196,0,0,0,2
2024-12-24,train,PF_0025101_01,194,4,7525,2024-08-25,2025-07-31,196,0,0,0,0
2024-12-24,train,PF_0025101_01,194,5,7525,2024-08-25,2025-07-31,196,0,0,0,1
2024-12-24,train,PF_0025101_01,194,6,7525,2024-08-25,2025-07-31,196,0,0,0,1
2024-12-24,train,PF_0025101_01,194,7,7525,2024-08-25,2025-07-31,196,0,0,0,1
2024-12-24,train,PF_0025101_01,194,8,7525,2024-08-25,2025-07-31,196,0,0,0,3
2024-12-24,train,PF_0025101_01,194,9,7525,2024-08-25,2025-07-31,196,0,0,0,3
2024-12-26,train,PF_0020209_01,80,1,7534,2024-08-19,2025-07-15,80,0,0,0,2
2024-12-26,train,PF_0020209_01,80,2,7534,2024-08-19,2025-07-15,80,0,0,0,0
2024-12-26,train,PF_0020209_01,80,3,7534,2024-08-19,2025-07-15,80,0,0,0,1
2024-12-26,train,PF_0020209_01,80,4,7534,2024-08-19,2025-07-15,80,0,0,0,2
2024-12-26,train,PF_0020209_01,80,5,7534,2024-08-19,2025-07-15,80,0,0,0,1
2024-12-26,train,PF_0020209_01,80,6,7534,2024-08-19,2025-07-15,80,0,0,0,0
2024-12-26,train,PF_0020209_01,80,7,7534,2024-08-19,2025-07-15,80,0,0,0,2
2024-12-26,train,PF_0020209_01,80,8,7534,2024-08-19,2025-07-15,80,0,0,0,2
2024-12-26,train,PF_0020209_01,80,9,7534,2024-08-19,2025-07-15,80,0,0,0,1
2024-12-27,validation,PF_0024698_01,179,1,7548,2024-09-07,2025-03-31,181,0,0,0,4
2024-12-27,validation,PF_0024698_01,179,2,7548,2024-09-07,2025-03-31,181,0,0,0,0
2024-12-27,validation,PF_0024698_01,179,3,7548,2024-09-07,2025-03-31,181,0,0,0,0
2024-12-27,validation,PF_0024698_01,179,4,7548,2024-09-07,2025-03-31,181,0,0,0,0
2024-12-27,validation,PF_0024698_01,179,5,7548,2024-09-07,2025-03-31,181,0,0,0,1
2024-12-27,validation,PF_0024698_01,179,6,7548,2024-09-07,2025-03-31,181,0,0,0,1
2024-12-27,validation,PF_0024698_01,179,7,7548,2024-09-07,2025-03-31,181,0,0,0,3
2024-12-27,validation,PF_0024698_01,179,8,7548,2024-09-07,2025-03-31,181,0,0,0,3
2024-12-27,validation,PF_0024698_01,179,9,7548,2024-09-07,2025-03-31,181,0,0,0,3
2024-12-30,train,PF_0002529_01,46,1,7575,2024-08-02,2025-05-03,46,0,0,0,5
2024-12-30,train,PF_0002529_01,46,2,7575,2024-08-02,2025-05-03,46,0,0,0,0
2024-12-30,train,PF_0002529_01,46,3,7575,2024-08-02,2025-05-03,46,0,0,0,0
2024-12-30,train,PF_0002529_01,46,4,7575,2024-08-02,2025-05-03,46,0,0,0,1
2024-12-30,train,PF_0002529_01,46,5,7575,2024-08-02,2025-05-03,46,0,0,0,3
2024-12-30,train,PF_0002529_01,46,6,7575,2024-08-02,2025-05-03,46,0,0,0,3
2024-12-30,train,PF_0002529_01,46,7,7575,2024-08-02,2025-05-03,46,0,0,0,1
2024-12-30,train,PF_0002529_01,46,8,7575,2024-08-02,2025-05-03,46,0,0,0,2
2024-12-30,train,PF_0002529_01,46,9,7575,2024-08-02,2025-05-03,46,0,0,0,2
2024-12-30,train,PF_0024693_01,171,1,7553,2024-09-11,2025-06-01,171,0,0,0,1
2024-12-30,train,PF_0024693_01,171,2,7553,2024-09-11,2025-06-01,171,0,0,0,0
2024-12-30,train,PF_0024693_01,171,3,7553,2024-09-11,2025-06-01,171,0,0,0,2
2024-12-30,train,PF_0024693_01,171,4,7553,2024-09-11,2025-06-01,171,0,0,0,1
2024-12-30,train,PF_0024693_01,171,5,7553,2024-09-11,2025-06-01,171,0,0,0,2
2024-12-30,train,PF_0024693_01,171,6,7553,2024-09-11,2025-06-01,171,0,0,0,3
2024-12-30,train,PF_0024693_01,171,7,7553,2024-09-11,2025-06-01,171,0,0,0,0
2024-12-30,train,PF_0024693_01,171,8,7553,2024-09-11,2025-06-01,171,0,0,0,2
2024-12-30,train,PF_0024693_01,171,9,7553,2024-09-11,2025-06-01,171,0,0,0,0
2024-12-30,train,PF_0025108_01,205,1,7519,2024-07-26,2025-06-16,207,0,0,0,1
2024-12-30,train,PF_0025108_01,205,2,7519,2024-07-26,2025-06-16,207,0,0,0,3
2024-12-30,train,PF_0025108_01,205,3,7519,2024-07-26,2025-06-16,207,0,0,0,0
2024-12-30,train,PF_0025108_01,205,4,7519,2024-07-26,2025-06-16,207,0,0,0,1
2024-12-30,train,PF_0025108_01,205,5,7519,2024-07-26,2025-06-16,207,0,0,0,2
2024-12-30,train,PF_0025108_01,205,6,7519,2024-07-26,2025-06-16,207,0,0,0,2
2024-12-30,train,PF_0025108_01,205,7,7519,2024-07-26,2025-06-16,207,0,0,0,3
2024-12-30,train,PF_0025108_01,205,8,7519,2024-07-26,2025-06-16,207,0,0,0,3
2024-12-30,train,PF_0025108_01,205,9,7519,2024-07-26,2025-06-16,207,0,0,0,1
2024-12-31,train,PF_0024696_01,175,1,7550,2024-09-05,2025-06-30,175,0,0,0,1
2024-12-31,train,PF_0024696_01,175,2,7550,2024-09-05,2025-06-30,175,0,0,0,2
2024-12-31,train,PF_0024696_01,175,3,7550,2024-09-05,2025-06-30,175,0,0,0,1
2024-12-31,train,PF_0024696_01,175,4,7550,2024-09-05,2025-06-30,175,0,0,0,2
2024-12-31,train,PF_0024696_01,175,5,7550,2024-09-05,2025-06-30,175,0,0,0,3
2024-12-31,train,PF_0024696_01,175,6,7550,2024-09-05,2025-06-30,175,0,0,0,1
2024-12-31,train,PF_0024696_01,175,7,7550,2024-09-05,2025-06-30,175,0,0,0,2
2024-12-31,train,PF_0024696_01,175,8,7550,2024-09-05,2025-06-30,175,0,0,0,2
2024-12-31,train,PF_0024696_01,175,9,7550,2024-09-05,2025-06-30,175,0,0,0,0
2024-12-31,test,PF_0024697_01,177,1,7549,2024-09-05,2025-06-30,178,0,0,0,1
2024-12-31,test,PF_0024697_01,177,2,7549,2024-09-05,2025-06-30,178,0,0,0,0
2024-12-31,test,PF_0024697_01,177,3,7549,2024-09-05,2025-06-30,178,0,0,0,1
2024-12-31,test,PF_0024697_01,177,4,7549,2024-09-05,2025-06-30,178,0,0,0,2
2024-12-31,test,PF_0024697_01,177,5,7549,2024-09-05,2025-06-30,178,0,0,0,1
2024-12-31,test,PF_0024697_01,177,6,7549,2024-09-05,2025-06-30,178,0,0,0,3
2024-12-31,test,PF_0024697_01,177,7,7549,2024-09-05,2025-06-30,178,0,0,0,0
2024-12-31,test,PF_0024697_01,177,8,7549,2024-09-05,2025-06-30,178,0,0,0,2
2024-12-31,test,PF_0024697_01,177,9,7549,2024-09-05,2025-06-30,178,0,0,0,2
2024-12-31,train,PF_0025101_01,194,1,7525,2024-08-25,2025-07-31,196,0,0,0,2
2024-12-31,train,PF_0025101_01,194,2,7525,2024-08-25,2025-07-31,196,0,0,0,1
2024-12-31,train,PF_0025101_01,194,3,7525,2024-08-25,2025-07-31,196,0,0,0,1
2024-12-31,train,PF_0025101_01,194,4,7525,2024-08-25,2025-07-31,196,0,0,0,0
2024-12-31,train,PF_0025101_01,194,5,7525,2024-08-25,2025-07-31,196,0,0,0,2
2024-12-31,train,PF_0025101_01,194,6,7525,2024-08-25,2025-07-31,196,0,0,0,2
2024-12-31,train,PF_0025101_01,194,7,7525,2024-08-25,2025-07-31,196,0,0,0,2
2024-12-31,train,PF_0025101_01,194,8,7525,2024-08-25,2025-07-31,196,0,0,0,0
2024-12-31,train,PF_0025101_01,194,9,7525,2024-08-25,2025-07-31,196,0,0,0,1
2025-01-02,train,PF_0020209_01,80,1,7534,2024-08-19,2025-07-15,80,0,0,0,1
2025-01-02,train,PF_0020209_01,80,2,7534,2024-08-19,2025-07-15,80,0,0,0,1
2025-01-02,train,PF_0020209_01,80,3,7534,2024-08-19,2025-07-15,80,0,0,0,3
2025-01-02,train,PF_0020209_01,80,4,7534,2024-08-19,2025-07-15,80,0,0,0,17
2025-01-02,train,PF_0020209_01,80,5,7534,2024-08-19,2025-07-15,80,0,0,0,2
2025-01-02,train,PF_0020209_01,80,6,7534,2024-08-19,2025-07-15,80,0,0,0,0
2025-01-02,train,PF_0020209_01,80,7,7534,2024-08-19,2025-07-15,80,0,0,0,1
2025-01-02,train,PF_0020209_01,80,8,7534,2024-08-19,2025-07-15,80,0,0,0,1
2025-01-02,train,PF_0020209_01,80,9,7534,2024-08-19,2025-07-15,80,0,0,0,1
2025-01-03,validation,PF_0024698_01,179,1,7548,2024-09-07,2025-03-31,181,0,0,0,3
2025-01-03,validation,PF_0024698_01,179,2,7548,2024-09-07,2025-03-31,181,0,0,0,0
2025-01-03,validation,PF_0024698_01,179,3,7548,2024-09-07,2025-03-31,181,0,0,0,0
2025-01-03,validation,PF_0024698_01,179,4,7548,2024-09-07,2025-03-31,181,0,0,0,0
2025-01-03,validation,PF_0024698_01,179,5,7548,2024-09-07,2025-03-31,181,0,0,0,2
2025-01-03,validation,PF_0024698_01,179,6,7548,2024-09-07,2025-03-31,181,0,0,0,2
2025-01-03,validation,PF_0024698_01,179,7,7548,2024-09-07,2025-03-31,181,0,0,0,2
2025-01-03,validation,PF_0024698_01,179,8,7548,2024-09-07,2025-03-31,181,0,0,0,3
2025-01-03,validation,PF_0024698_01,179,9,7548,2024-09-07,2025-03-31,181,0,0,0,3
2025-01-06,train,PF_0002529_01,46,1,7575,2024-08-02,2025-05-03,46,0,0,0,4
2025-01-06,train,PF_0002529_01,46,2,7575,2024-08-02,2025-05-03,46,0,0,0,1
2025-01-06,train,PF_0002529_01,46,3,7575,2024-08-02,2025-05-03,46,0,0,0,2
2025-01-06,train,PF_0002529_01,46,4,7575,2024-08-02,2025-05-03,46,0,0,0,5
2025-01-06,train,PF_0002529_01,46,5,7575,2024-08-02,2025-05-03,46,0,0,0,2
2025-01-06,train,PF_0002529_01,46,6,7575,2024-08-02,2025-05-03,46,0,0,0,0
2025-01-06,train,PF_0002529_01,46,7,7575,2024-08-02,2025-05-03,46,0,0,0,7
2025-01-06,train,PF_0002529_01,46,8,7575,2024-08-02,2025-05-03,46,0,0,0,2
2025-01-06,train,PF_0002529_01,46,9,7575,2024-08-02,2025-05-03,46,0,0,0,2
2025-01-06,train,PF_0024693_01,171,1,7553,2024-09-11,2025-06-01,171,0,0,0,0
2025-01-06,train,PF_0024693_01,171,2,7553,2024-09-11,2025-06-01,171,0,0,0,0
2025-01-06,train,PF_0024693_01,171,3,7553,2024-09-11,2025-06-01,171,0,0,0,1
2025-01-06,train,PF_0024693_01,171,4,7553,2024-09-11,2025-06-01,171,0,0,0,2
2025-01-06,train,PF_0024693_01,171,5,7553,2024-09-11,2025-06-01,171,0,0,0,2
2025-01-06,train,PF_0024693_01,171,6,7553,2024-09-11,2025-06-01,171,0,0,0,1
2025-01-06,train,PF_0024693_01,171,7,7553,2024-09-11,2025-06-01,171,0,0,0,2
2025-01-06,train,PF_0024693_01,171,8,7553,2024-09-11,2025-06-01,171,0,0,0,2
2025-01-06,train,PF_0024693_01,171,9,7553,2024-09-11,2025-06-01,171,0,0,0,0
2025-01-06,train,PF_0025108_01,205,1,7519,2024-07-26,2025-06-16,207,0,0,0,3
2025-01-06,train,PF_0025108_01,205,2,7519,2024-07-26,2025-06-16,207,0,0,0,3
2025-01-06,train,PF_0025108_01,205,3,7519,2024-07-26,2025-06-16,207,0,0,0,2
2025-01-06,train,PF_0025108_01,205,4,7519,2024-07-26,2025-06-16,207,0,0,0,3
2025-01-06,train,PF_0025108_01,205,5,7519,2024-07-26,2025-06-16,207,0,0,0,2
2025-01-06,train,PF_0025108_01,205,6,7519,2024-07-26,2025-06-16,207,0,0,0,0
2025-01-06,train,PF_0025108_01,205,7,7519,2024-07-26,2025-06-16,207,0,0,0,1
2025-01-06,train,PF_0025108_01,205,8,7519,2024-07-26,2025-06-16,207,0,0,0,2
2025-01-06,train,PF_0025108_01,205,9,7519,2024-07-26,2025-06-16,207,0,0,0,1
2025-01-07,train,PF_0024696_01,175,1,7550,2024-09-05,2025-06-30,175,0,0,0,3
2025-01-07,train,PF_0024696_01,175,2,7550,2024-09-05,2025-06-30,175,0,0,0,1
2025-01-07,train,PF_0024696_01,175,3,7550,2024-09-05,2025-06-30,175,0,0,0,2
2025-01-07,train,PF_0024696_01,175,4,7550,2024-09-05,2025-06-30,175,0,0,0,1
2025-01-07,train,PF_0024696_01,175,5,7550,2024-09-05,2025-06-30,175,0,0,0,1
2025-01-07,train,PF_0024696_01,175,6,7550,2024-09-05,2025-06-30,175,0,0,0,1
2025-01-07,train,PF_0024696_01,175,7,7550,2024-09-05,2025-06-30,175,0,0,0,2
2025-01-07,train,PF_0024696_01,175,8,7550,2024-09-05,2025-06-30,175,0,0,0,1
2025-01-07,train,PF_0024696_01,175,9,7550,2024-09-05,2025-06-30,175,0,0,0,0
2025-01-07,test,PF_0024697_01,177,1,7549,2024-09-05,2025-06-30,178,0,0,0,1
2025-01-07,test,PF_0024697_01,177,2,7549,2024-09-05,2025-06-30,178,0,0,0,1
2025-01-07,test,PF_0024697_01,177,3,7549,2024-09-05,2025-06-30,178,0,0,0,2
2025-01-07,test,PF_0024697_01,177,4,7549,2024-09-05,2025-06-30,178,0,0,0,1
2025-01-07,test,PF_0024697_01,177,5,7549,2024-09-05,2025-06-30,178,0,0,0,2
2025-01-07,test,PF_0024697_01,177,6,7549,2024-09-05,2025-06-30,178,0,0,0,3
2025-01-07,test,PF_0024697_01,177,7,7549,2024-09-05,2025-06-30,178,0,0,0,1
2025-01-07,test,PF_0024697_01,177,8,7549,2024-09-05,2025-06-30,178,0,0,0,4
2025-01-07,test,PF_0024697_01,177,9,7549,2024-09-05,2025-06-30,178,0,0,0,3
2025-01-07,train,PF_0025101_01,194,1,7525,2024-08-25,2025-07-31,196,0,0,0,1
2025-01-07,train,PF_0025101_01,194,2,7525,2024-08-25,2025-07-31,196,0,0,0,1
2025-01-07,train,PF_0025101_01,194,3,7525,2024-08-25,2025-07-31,196,0,0,0,1
2025-01-07,train,PF_0025101_01,194,4,7525,2024-08-25,2025-07-31,196,0,0,0,0
2025-01-07,train,PF_0025101_01,194,5,7525,2024-08-25,2025-07-31,196,0,0,0,2
2025-01-07,train,PF_0025101_01,194,6,7525,2024-08-25,2025-07-31,196,0,0,0,1
2025-01-07,train,PF_0025101_01,194,7,7525,2024-08-25,2025-07-31,196,0,0,0,2
2025-01-07,train,PF_0025101_01,194,8,7525,2024-08-25,2025-07-31,196,0,0,0,0
2025-01-07,train,PF_0025101_01,194,9,7525,2024-08-25,2025-07-31,196,0,0,0,2
2025-01-08,train,PF_0020209_01,80,1,7534,2024-08-19,2025-07-15,80,0,0,0,0
2025-01-08,train,PF_0020209_01,80,2,7534,2024-08-19,2025-07-15,80,0,0,0,1
2025-01-08,train,PF_0020209_01,80,3,7534,2024-08-19,2025-07-15,80,0,0,0,2
2025-01-08,train,PF_0020209_01,80,4,7534,2024-08-19,2025-07-15,80,0,0,0,2
2025-01-08,train,PF_0020209_01,80,5,7534,2024-08-19,2025-07-15,80,0,0,0,0
2025-01-08,train,PF_0020209_01,80,6,7534,2024-08-19,2025-07-15,80,0,0,0,0
2025-01-08,train,PF_0020209_01,80,7,7534,2024-08-19,2025-07-15,80,0,0,0,1
2025-01-08,train,PF_0020209_01,80,8,7534,2024-08-19,2025-07-15,80,0,0,0,1
2025-01-08,train,PF_0020209_01,80,9,7534,2024-08-19,2025-07-15,80,0,0,0,1
2025-01-08,validation,PF_0024698_01,179,1,7548,2024-09-07,2025-03-31,181,0,0,0,6
2025-01-08,validation,PF_0024698_01,179,2,7548,2024-09-07,2025-03-31,181,0,0,0,1
2025-01-08,validation,PF_0024698_01,179,3,7548,2024-09-07,2025-03-31,181,0,0,0,0
2025-01-08,validation,PF_0024698_01,179,4,7548,2024-09-07,2025-03-31,181,0,0,0,1
2025-01-08,validation,PF_0024698_01,179,5,7548,2024-09-07,2025-03-31,181,0,0,0,1
2025-01-08,validation,PF_0024698_01,179,6,7548,2024-09-07,2025-03-31,181,0,0,0,1
2025-01-08,validation,PF_0024698_01,179,7,7548,2024-09-07,2025-03-31,181,0,0,0,2
2025-01-08,validation,PF_0024698_01,179,8,7548,2024-09-07,2025-03-31,181,0,0,0,4
2025-01-08,validation,PF_0024698_01,179,9,7548,2024-09-07,2025-03-31,181,0,0,0,2
2025-01-09,validation,PF_0024689_01,163,1,7557,2024-07-01,2025-07-31,163,0,0,0,0
2025-01-09,validation,PF_0024689_01,163,2,7557,2024-07-01,2025-07-31,163,0,0,0,0
2025-01-09,validation,PF_0024689_01,163,3,7557,2024-07-01,2025-07-31,163,0,0,0,0
2025-01-09,validation,PF_0024689_01,163,4,7557,2024-07-01,2025-07-31,163,0,0,0,0
2025-01-09,validation,PF_0024689_01,163,5,7557,2024-07-01,2025-07-31,163,0,0,0,0
2025-01-09,validation,PF_0024689_01,163,6,7557,2024-07-01,2025-07-31,163,0,0,0,0
2025-01-09,validation,PF_0024689_01,163,7,7557,2024-07-01,2025-07-31,163,0,0,0,0
2025-01-09,validation,PF_0024689_01,163,8,7557,2024-07-01,2025-07-31,163,0,0,0,0
2025-01-09,validation,PF_0024689_01,163,9,7557,2024-07-01,2025-07-31,163,0,0,0,0
2025-01-13,train,PF_0002529_01,46,1,7575,2024-08-02,2025-05-03,46,0,0,0,3
2025-01-13,train,PF_0002529_01,46,2,7575,2024-08-02,2025-05-03,46,0,0,0,3
2025-01-13,train,PF_0002529_01,46,3,7575,2024-08-02,2025-05-03,46,0,0,0,2
2025-01-13,train,PF_0002529_01,46,4,7575,2024-08-02,2025-05-03,46,0,0,0,3
2025-01-13,train,PF_0002529_01,46,5,7575,2024-08-02,2025-05-03,46,0,0,0,2
2025-01-13,train,PF_0002529_01,46,6,7575,2024-08-02,2025-05-03,46,0,0,0,2
2025-01-13,train,PF_0002529_01,46,7,7575,2024-08-02,2025-05-03,46,0,0,0,1
2025-01-13,train,PF_0002529_01,46,8,7575,2024-08-02,2025-05-03,46,0,0,0,3
2025-01-13,train,PF_0002529_01,46,9,7575,2024-08-02,2025-05-03,46,0,0,0,2
2025-01-13,train,PF_0025108_01,205,1,7519,2024-07-26,2025-06-16,207,0,0,0,2
2025-01-13,train,PF_0025108_01,205,2,7519,2024-07-26,2025-06-16,207,0,0,0,3
2025-01-13,train,PF_0025108_01,205,3,7519,2024-07-26,2025-06-16,207,0,0,0,3
2025-01-13,train,PF_0025108_01,205,4,7519,2024-07-26,2025-06-16,207,0,0,0,4
2025-01-13,train,PF_0025108_01,205,5,7519,2024-07-26,2025-06-16,207,0,0,0,2
2025-01-13,train,PF_0025108_01,205,6,7519,2024-07-26,2025-06-16,207,0,0,0,1
2025-01-13,train,PF_0025108_01,205,7,7519,2024-07-26,2025-06-16,207,0,0,0,2
2025-01-13,train,PF_0025108_01,205,8,7519,2024-07-26,2025-06-16,207,0,0,0,2
2025-01-13,train,PF_0025108_01,205,9,7519,2024-07-26,2025-06-16,207,0,0,0,3
2025-01-14,train,PF_0024693_01,171,1,7553,2024-09-11,2025-06-01,171,0,0,0,1
2025-01-14,train,PF_0024693_01,171,3,7553,2024-09-11,2025-06-01,171,0,0,0,1
2025-01-14,train,PF_0024693_01,171,4,7553,2024-09-11,2025-06-01,171,0,0,0,1
2025-01-14,train,PF_0024693_01,171,5,7553,2024-09-11,2025-06-01,171,0,0,0,2
2025-01-14,train,PF_0024693_01,171,6,7553,2024-09-11,2025-06-01,171,0,0,0,1
2025-01-14,train,PF_0024693_01,171,7,7553,2024-09-11,2025-06-01,171,0,0,0,3
2025-01-14,train,PF_0024693_01,171,8,7553,2024-09-11,2025-06-01,171,0,0,0,3
2025-01-14,train,PF_0024693_01,171,9,7553,2024-09-11,2025-06-01,171,0,0,0,3
2025-01-14,train,PF_0024696_01,175,1,7550,2024-09-05,2025-06-30,175,0,0,0,2
2025-01-14,train,PF_0024696_01,175,2,7550,2024-09-05,2025-06-30,175,0,0,0,2
2025-01-14,train,PF_0024696_01,175,3,7550,2024-09-05,2025-06-30,175,0,0,0,2
2025-01-14,train,PF_0024696_01,175,4,7550,2024-09-05,2025-06-30,175,0,0,0,3
2025-01-14,train,PF_0024696_01,175,5,7550,2024-09-05,2025-06-30,175,0,0,0,3
2025-01-14,train,PF_0024696_01,175,6,7550,2024-09-05,2025-06-30,175,0,0,0,2
2025-01-14,train,PF_0024696_01,175,7,7550,2024-09-05,2025-06-30,175,0,0,0,2
2025-01-14,train,PF_0024696_01,175,8,7550,2024-09-05,2025-06-30,175,0,0,0,2
2025-01-14,train,PF_0024696_01,175,9,7550,2024-09-05,2025-06-30,175,0,0,0,0
2025-01-14,test,PF_0024697_01,177,1,7549,2024-09-05,2025-06-30,178,0,0,0,1
2025-01-14,test,PF_0024697_01,177,2,7549,2024-09-05,2025-06-30,178,0,0,0,1
2025-01-14,test,PF_0024697_01,177,3,7549,2024-09-05,2025-06-30,178,0,0,0,3
2025-01-14,test,PF_0024697_01,177,4,7549,2024-09-05,2025-06-30,178,0,0,0,2
2025-01-14,test,PF_0024697_01,177,5,7549,2024-09-05,2025-06-30,178,0,0,0,3
2025-01-14,test,PF_0024697_01,177,6,7549,2024-09-05,2025-06-30,178,0,0,0,2
2025-01-14,test,PF_0024697_01,177,7,7549,2024-09-05,2025-06-30,178,0,0,0,1
2025-01-14,test,PF_0024697_01,177,8,7549,2024-09-05,2025-06-30,178,0,0,0,4
2025-01-14,test,PF_0024697_01,177,9,7549,2024-09-05,2025-06-30,178,0,0,0,3
2025-01-14,train,PF_0025101_01,194,1,7525,2024-08-25,2025-07-31,196,0,0,0,0
2025-01-14,train,PF_0025101_01,194,2,7525,2024-08-25,2025-07-31,196,0,0,0,2
2025-01-14,train,PF_0025101_01,194,3,7525,2024-08-25,2025-07-31,196,0,0,0,2
2025-01-14,train,PF_0025101_01,194,4,7525,2024-08-25,2025-07-31,196,0,0,0,0
2025-01-14,train,PF_0025101_01,194,5,7525,2024-08-25,2025-07-31,196,0,0,0,2
2025-01-14,train,PF_0025101_01,194,6,7525,2024-08-25,2025-07-31,196,0,0,0,2
2025-01-14,train,PF_0025101_01,194,7,7525,2024-08-25,2025-07-31,196,0,0,0,1
2025-01-14,train,PF_0025101_01,194,8,7525,2024-08-25,2025-07-31,196,0,0,0,1
2025-01-14,train,PF_0025101_01,194,9,7525,2024-08-25,2025-07-31,196,0,0,0,1
2025-01-15,train,PF_0020209_01,80,1,7534,2024-08-19,2025-07-15,80,0,0,0,1
2025-01-15,train,PF_0020209_01,80,2,7534,2024-08-19,2025-07-15,80,0,0,0,1
2025-01-15,train,PF_0020209_01,80,3,7534,2024-08-19,2025-07-15,80,0,0,0,2
2025-01-15,train,PF_0020209_01,80,4,7534,2024-08-19,2025-07-15,80,0,0,0,0
2025-01-15,train,PF_0020209_01,80,5,7534,2024-08-19,2025-07-15,80,0,0,0,2
2025-01-15,train,PF_0020209_01,80,6,7534,2024-08-19,2025-07-15,80,0,0,0,0
2025-01-15,train,PF_0020209_01,80,7,7534,2024-08-19,2025-07-15,80,0,0,0,0
2025-01-15,train,PF_0020209_01,80,8,7534,2024-08-19,2025-07-15,80,0,0,0,1
2025-01-15,train,PF_0020209_01,80,9,7534,2024-08-19,2025-07-15,80,0,0,0,1
2025-01-15,validation,PF_0024698_01,179,1,7548,2024-09-07,2025-03-31,181,0,0,0,0
2025-01-15,validation,PF_0024698_01,179,2,7548,2024-09-07,2025-03-31,181,0,0,0,1
2025-01-15,validation,PF_0024698_01,179,3,7548,2024-09-07,2025-03-31,181,0,0,0,15
2025-01-15,validation,PF_0024698_01,179,4,7548,2024-09-07,2025-03-31,181,0,0,0,1
2025-01-15,validation,PF_0024698_01,179,5,7548,2024-09-07,2025-03-31,181,0,0,0,1
2025-01-15,validation,PF_0024698_01,179,6,7548,2024-09-07,2025-03-31,181,0,0,0,2
2025-01-15,validation,PF_0024698_01,179,7,7548,2024-09-07,2025-03-31,181,0,0,0,1
2025-01-15,validation,PF_0024698_01,179,8,7548,2024-09-07,2025-03-31,181,0,0,0,3
2025-01-15,validation,PF_0024698_01,179,9,7548,2024-09-07,2025-03-31,181,0,0,0,1
2025-01-16,validation,PF_0024689_01,163,1,7557,2024-07-01,2025-07-31,163,0,0,0,0
2025-01-16,validation,PF_0024689_01,163,2,7557,2024-07-01,2025-07-31,163,0,0,0,0
2025-01-16,validation,PF_0024689_01,163,3,7557,2024-07-01,2025-07-31,163,0,0,0,0
2025-01-16,validation,PF_0024689_01,163,4,7557,2024-07-01,2025-07-31,163,0,0,0,0
2025-01-16,validation,PF_0024689_01,163,5,7557,2024-07-01,2025-07-31,163,0,0,2,2
2025-01-16,validation,PF_0024689_01,163,6,7557,2024-07-01,2025-07-31,163,0,0,0,0
2025-01-16,validation,PF_0024689_01,163,7,7557,2024-07-01,2025-07-31,163,0,0,1,1
2025-01-16,validation,PF_0024689_01,163,8,7557,2024-07-01,2025-07-31,163,0,0,0,0
2025-01-16,validation,PF_0024689_01,163,9,7557,2024-07-01,2025-07-31,163,0,0,0,0
2025-01-20,train,PF_0024693_01,171,1,7553,2024-09-11,2025-06-01,171,0,0,0,1
2025-01-20,train,PF_0024693_01,171,3,7553,2024-09-11,2025-06-01,171,0,0,0,2
2025-01-20,train,PF_0024693_01,171,4,7553,2024-09-11,2025-06-01,171,0,0,0,1
2025-01-20,train,PF_0024693_01,171,5,7553,2024-09-11,2025-06-01,171,0,0,0,1
2025-01-20,train,PF_0024693_01,171,6,7553,2024-09-11,2025-06-01,171,0,0,0,1
2025-01-20,train,PF_0024693_01,171,7,7553,2024-09-11,2025-06-01,171,0,0,0,1
2025-01-20,train,PF_0024693_01,171,8,7553,2024-09-11,2025-06-01,171,0,0,0,3
2025-01-20,train,PF_0025108_01,205,1,7519,2024-07-26,2025-06-16,207,0,0,0,2
2025-01-20,train,PF_0025108_01,205,2,7519,2024-07-26,2025-06-16,207,0,0,0,2
2025-01-20,train,PF_0025108_01,205,3,7519,2024-07-26,2025-06-16,207,0,0,0,1
2025-01-20,train,PF_0025108_01,205,4,7519,2024-07-26,2025-06-16,207,0,0,0,4
2025-01-20,train,PF_0025108_01,205,5,7519,2024-07-26,2025-06-16,207,0,0,0,2
2025-01-20,train,PF_0025108_01,205,6,7519,2024-07-26,2025-06-16,207,0,0,0,1
2025-01-20,train,PF_0025108_01,205,7,7519,2024-07-26,2025-06-16,207,0,0,0,0
2025-01-20,train,PF_0025108_01,205,8,7519,2024-07-26,2025-06-16,207,0,0,0,2
2025-01-20,train,PF_0025108_01,205,9,7519,2024-07-26,2025-06-16,207,0,0,0,1
2025-01-21,train,PF_0024696_01,175,1,7550,2024-09-05,2025-06-30,175,0,0,0,1
2025-01-21,train,PF_0024696_01,175,2,7550,2024-09-05,2025-06-30,175,0,0,0,3
2025-01-21,train,PF_0024696_01,175,3,7550,2024-09-05,2025-06-30,175,0,0,0,1
2025-01-21,train,PF_0024696_01,175,4,7550,2024-09-05,2025-06-30,175,0,0,0,3
2025-01-21,train,PF_0024696_01,175,5,7550,2024-09-05,2025-06-30,175,0,0,0,3
2025-01-21,train,PF_0024696_01,175,6,7550,2024-09-05,2025-06-30,175,0,0,0,2
2025-01-21,train,PF_0024696_01,175,7,7550,2024-09-05,2025-06-30,175,0,0,0,1
2025-01-21,train,PF_0024696_01,175,8,7550,2024-09-05,2025-06-30,175,0,0,0,2
2025-01-21,train,PF_0024696_01,175,9,7550,2024-09-05,2025-06-30,175,0,0,0,2
2025-01-21,test,PF_0024697_01,177,1,7549,2024-09-05,2025-06-30,178,0,0,0,2
2025-01-21,test,PF_0024697_01,177,2,7549,2024-09-05,2025-06-30,178,0,0,0,1
2025-01-21,test,PF_0024697_01,177,3,7549,2024-09-05,2025-06-30,178,0,0,0,2
2025-01-21,test,PF_0024697_01,177,4,7549,2024-09-05,2025-06-30,178,0,0,0,2
2025-01-21,test,PF_0024697_01,177,5,7549,2024-09-05,2025-06-30,178,0,0,0,2
2025-01-21,test,PF_0024697_01,177,6,7549,2024-09-05,2025-06-30,178,0,0,0,2
2025-01-21,test,PF_0024697_01,177,7,7549,2024-09-05,2025-06-30,178,0,0,0,1
2025-01-21,test,PF_0024697_01,177,8,7549,2024-09-05,2025-06-30,178,0,0,0,2
2025-01-21,test,PF_0024697_01,177,9,7549,2024-09-05,2025-06-30,178,0,0,0,3
2025-01-22,train,PF_0020209_01,80,1,7534,2024-08-19,2025-07-15,80,0,0,0,3
2025-01-22,train,PF_0020209_01,80,2,7534,2024-08-19,2025-07-15,80,0,0,0,2
2025-01-22,train,PF_0020209_01,80,3,7534,2024-08-19,2025-07-15,80,0,0,0,3
2025-01-22,train,PF_0020209_01,80,4,7534,2024-08-19,2025-07-15,80,0,0,0,3
2025-01-22,train,PF_0020209_01,80,5,7534,2024-08-19,2025-07-15,80,0,0,0,2
2025-01-22,train,PF_0020209_01,80,6,7534,2024-08-19,2025-07-15,80,0,0,0,0
2025-01-22,train,PF_0020209_01,80,7,7534,2024-08-19,2025-07-15,80,0,0,0,1
2025-01-22,train,PF_0020209_01,80,8,7534,2024-08-19,2025-07-15,80,0,0,0,2
2025-01-22,train,PF_0020209_01,80,9,7534,2024-08-19,2025-07-15,80,0,0,0,1
2025-01-22,validation,PF_0024698_01,179,1,7548,2024-09-07,2025-03-31,181,0,0,0,1
2025-01-22,validation,PF_0024698_01,179,2,7548,2024-09-07,2025-03-31,181,0,0,0,4
2025-01-22,validation,PF_0024698_01,179,3,7548,2024-09-07,2025-03-31,181,0,0,0,3
2025-01-22,validation,PF_0024698_01,179,4,7548,2024-09-07,2025-03-31,181,0,0,0,0
2025-01-22,validation,PF_0024698_01,179,5,7548,2024-09-07,2025-03-31,181,0,0,0,1
2025-01-22,validation,PF_0024698_01,179,6,7548,2024-09-07,2025-03-31,181,0,0,0,5
2025-01-22,validation,PF_0024698_01,179,7,7548,2024-09-07,2025-03-31,181,0,0,0,5
2025-01-22,validation,PF_0024698_01,179,8,7548,2024-09-07,2025-03-31,181,0,0,0,4
2025-01-22,validation,PF_0024698_01,179,9,7548,2024-09-07,2025-03-31,181,0,0,0,3
2025-01-22,train,PF_0025101_01,194,1,7525,2024-08-25,2025-07-31,196,0,0,0,0
2025-01-22,train,PF_0025101_01,194,2,7525,2024-08-25,2025-07-31,196,0,0,0,2
2025-01-22,train,PF_0025101_01,194,3,7525,2024-08-25,2025-07-31,196,0,0,0,3
2025-01-22,train,PF_0025101_01,194,4,7525,2024-08-25,2025-07-31,196,0,0,0,2
2025-01-22,train,PF_0025101_01,194,5,7525,2024-08-25,2025-07-31,196,0,0,0,1
2025-01-22,train,PF_0025101_01,194,6,7525,2024-08-25,2025-07-31,196,0,0,0,2
2025-01-22,train,PF_0025101_01,194,7,7525,2024-08-25,2025-07-31,196,0,0,0,2
2025-01-22,train,PF_0025101_01,194,8,7525,2024-08-25,2025-07-31,196,0,0,0,2
2025-01-22,train,PF_0025101_01,194,9,7525,2024-08-25,2025-07-31,196,0,0,0,1
2025-01-23,train,PF_0002529_01,46,1,7575,2024-08-02,2025-05-03,46,0,0,0,4
2025-01-23,train,PF_0002529_01,46,2,7575,2024-08-02,2025-05-03,46,0,0,0,1
2025-01-23,train,PF_0002529_01,46,3,7575,2024-08-02,2025-05-03,46,0,0,0,2
2025-01-23,train,PF_0002529_01,46,4,7575,2024-08-02,2025-05-03,46,0,0,0,3
2025-01-23,train,PF_0002529_01,46,5,7575,2024-08-02,2025-05-03,46,0,0,0,3
2025-01-23,train,PF_0002529_01,46,6,7575,2024-08-02,2025-05-03,46,0,0,0,2
2025-01-23,train,PF_0002529_01,46,7,7575,2024-08-02,2025-05-03,46,0,0,0,2
2025-01-23,train,PF_0002529_01,46,8,7575,2024-08-02,2025-05-03,46,0,0,0,3
2025-01-23,train,PF_0002529_01,46,9,7575,2024-08-02,2025-05-03,46,0,0,0,2
2025-01-23,validation,PF_0024689_01,163,1,7557,2024-07-01,2025-07-31,163,0,2,0,2
2025-01-23,validation,PF_0024689_01,163,2,7557,2024-07-01,2025-07-31,163,0,0,0,0
2025-01-23,validation,PF_0024689_01,163,3,7557,2024-07-01,2025-07-31,163,0,0,1,1
2025-01-23,validation,PF_0024689_01,163,4,7557,2024-07-01,2025-07-31,163,0,0,0,0
2025-01-23,validation,PF_0024689_01,163,5,7557,2024-07-01,2025-07-31,163,0,0,1,1
2025-01-23,validation,PF_0024689_01,163,6,7557,2024-07-01,2025-07-31,163,0,0,2,2
2025-01-23,validation,PF_0024689_01,163,7,7557,2024-07-01,2025-07-31,163,0,0,1,1
2025-01-23,validation,PF_0024689_01,163,8,7557,2024-07-01,2025-07-31,163,0,0,0,0
2025-01-23,validation,PF_0024689_01,163,9,7557,2024-07-01,2025-07-31,163,0,0,1,1
2025-01-25,train,PF_0025108_01,205,1,7519,2024-07-26,2025-06-16,207,0,0,0,2
2025-01-25,train,PF_0025108_01,205,2,7519,2024-07-26,2025-06-16,207,0,0,0,3
2025-01-25,train,PF_0025108_01,205,3,7519,2024-07-26,2025-06-16,207,0,0,0,3
2025-01-25,train,PF_0025108_01,205,4,7519,2024-07-26,2025-06-16,207,0,0,0,2
2025-01-25,train,PF_0025108_01,205,5,7519,2024-07-26,2025-06-16,207,0,0,0,3
2025-01-25,train,PF_0025108_01,205,6,7519,2024-07-26,2025-06-16,207,0,0,0,2
2025-01-25,train,PF_0025108_01,205,7,7519,2024-07-26,2025-06-16,207,0,0,0,1
2025-01-25,train,PF_0025108_01,205,8,7519,2024-07-26,2025-06-16,207,0,0,0,2
2025-01-25,train,PF_0025108_01,205,9,7519,2024-07-26,2025-06-16,207,0,0,0,1
2025-01-26,train,PF_0024693_01,171,1,7553,2024-09-11,2025-06-01,171,0,0,0,1
2025-01-26,train,PF_0024693_01,171,3,7553,2024-09-11,2025-06-01,171,0,0,0,5
2025-01-26,train,PF_0024693_01,171,4,7553,2024-09-11,2025-06-01,171,0,0,0,0
2025-01-26,train,PF_0024693_01,171,5,7553,2024-09-11,2025-06-01,171,0,0,0,0
2025-01-26,train,PF_0024693_01,171,6,7553,2024-09-11,2025-06-01,171,0,0,0,2
2025-01-26,train,PF_0024693_01,171,7,7553,2024-09-11,2025-06-01,171,0,0,0,2
2025-01-26,train,PF_0024693_01,171,8,7553,2024-09-11,2025-06-01,171,0,0,0,2
2025-01-26,train,PF_0024696_01,175,1,7550,2024-09-05,2025-06-30,175,0,0,0,1
2025-01-26,train,PF_0024696_01,175,2,7550,2024-09-05,2025-06-30,175,0,0,0,1
2025-01-26,train,PF_0024696_01,175,3,7550,2024-09-05,2025-06-30,175,0,0,0,1
2025-01-26,train,PF_0024696_01,175,4,7550,2024-09-05,2025-06-30,175,0,0,0,2
2025-01-26,train,PF_0024696_01,175,5,7550,2024-09-05,2025-06-30,175,0,0,0,2
2025-01-26,train,PF_0024696_01,175,6,7550,2024-09-05,2025-06-30,175,0,0,0,3
2025-01-26,train,PF_0024696_01,175,7,7550,2024-09-05,2025-06-30,175,0,0,0,2
2025-01-26,train,PF_0024696_01,175,8,7550,2024-09-05,2025-06-30,175,0,0,0,2
2025-01-26,train,PF_0024696_01,175,9,7550,2024-09-05,2025-06-30,175,0,0,0,2
2025-01-26,test,PF_0024697_01,177,1,7549,2024-09-05,2025-06-30,178,0,0,0,2
2025-01-26,test,PF_0024697_01,177,2,7549,2024-09-05,2025-06-30,178,0,0,0,4
2025-01-26,test,PF_0024697_01,177,3,7549,2024-09-05,2025-06-30,178,0,0,0,2
2025-01-26,test,PF_0024697_01,177,4,7549,2024-09-05,2025-06-30,178,0,0,0,3
2025-01-26,test,PF_0024697_01,177,5,7549,2024-09-05,2025-06-30,178,0,0,0,2
2025-01-26,test,PF_0024697_01,177,6,7549,2024-09-05,2025-06-30,178,0,0,0,1
2025-01-26,test,PF_0024697_01,177,7,7549,2024-09-05,2025-06-30,178,0,0,0,1
2025-01-26,test,PF_0024697_01,177,8,7549,2024-09-05,2025-06-30,178,0,0,0,2
2025-01-26,test,PF_0024697_01,177,9,7549,2024-09-05,2025-06-30,178,0,0,0,1
2025-01-31,train,PF_0020209_01,80,1,7534,2024-08-19,2025-07-15,80,0,0,0,1
2025-01-31,train,PF_0020209_01,80,2,7534,2024-08-19,2025-07-15,80,0,0,0,2
2025-01-31,train,PF_0020209_01,80,3,7534,2024-08-19,2025-07-15,80,0,0,0,2
2025-01-31,train,PF_0020209_01,80,4,7534,2024-08-19,2025-07-15,80,0,0,0,1
2025-01-31,train,PF_0020209_01,80,5,7534,2024-08-19,2025-07-15,80,0,0,0,3
2025-01-31,train,PF_0020209_01,80,7,7534,2024-08-19,2025-07-15,80,0,0,0,1
2025-01-31,train,PF_0020209_01,80,8,7534,2024-08-19,2025-07-15,80,0,0,0,2
2025-01-31,train,PF_0020209_01,80,9,7534,2024-08-19,2025-07-15,80,0,0,0,1
2025-02-01,validation,PF_0024698_01,179,1,7548,2024-09-07,2025-03-31,181,0,0,0,2
2025-02-01,validation,PF_0024698_01,179,2,7548,2024-09-07,2025-03-31,181,0,0,0,3
2025-02-01,validation,PF_0024698_01,179,3,7548,2024-09-07,2025-03-31,181,0,0,0,4
2025-02-01,validation,PF_0024698_01,179,4,7548,2024-09-07,2025-03-31,181,0,0,0,6
2025-02-01,validation,PF_0024698_01,179,5,7548,2024-09-07,2025-03-31,181,0,0,0,1
2025-02-01,validation,PF_0024698_01,179,6,7548,2024-09-07,2025-03-31,181,0,0,0,4
2025-02-01,validation,PF_0024698_01,179,7,7548,2024-09-07,2025-03-31,181,0,0,0,4
2025-02-01,validation,PF_0024698_01,179,8,7548,2024-09-07,2025-03-31,181,0,0,0,3
2025-02-01,validation,PF_0024698_01,179,9,7548,2024-09-07,2025-03-31,181,0,0,0,2
2025-02-03,train,PF_0002529_01,46,1,7575,2024-08-02,2025-05-03,46,0,0,0,4
2025-02-03,train,PF_0002529_01,46,2,7575,2024-08-02,2025-05-03,46,0,0,0,2
2025-02-03,train,PF_0002529_01,46,3,7575,2024-08-02,2025-05-03,46,0,0,0,5
2025-02-03,train,PF_0002529_01,46,4,7575,2024-08-02,2025-05-03,46,0,0,0,2
2025-02-03,train,PF_0002529_01,46,5,7575,2024-08-02,2025-05-03,46,0,0,0,0
2025-02-03,train,PF_0002529_01,46,6,7575,2024-08-02,2025-05-03,46,0,0,0,4
2025-02-03,train,PF_0002529_01,46,7,7575,2024-08-02,2025-05-03,46,0,0,0,2
2025-02-03,train,PF_0002529_01,46,8,7575,2024-08-02,2025-05-03,46,0,0,0,3
2025-02-03,train,PF_0002529_01,46,9,7575,2024-08-02,2025-05-03,46,0,0,0,4
2025-02-04,train,PF_0024693_01,171,1,7553,2024-09-11,2025-06-01,171,0,0,0,1
2025-02-04,train,PF_0024693_01,171,3,7553,2024-09-11,2025-06-01,171,0,0,0,1
2025-02-04,train,PF_0024693_01,171,4,7553,2024-09-11,2025-06-01,171,0,0,0,1
2025-02-04,train,PF_0024693_01,171,5,7553,2024-09-11,2025-06-01,171,0,0,0,1
2025-02-04,train,PF_0024693_01,171,6,7553,2024-09-11,2025-06-01,171,0,0,0,1
2025-02-04,train,PF_0024693_01,171,7,7553,2024-09-11,2025-06-01,171,0,0,0,2
2025-02-04,train,PF_0024693_01,171,8,7553,2024-09-11,2025-06-01,171,0,0,0,1
2025-02-04,train,PF_0025101_01,194,1,7525,2024-08-25,2025-07-31,196,0,0,0,0
2025-02-04,train,PF_0025101_01,194,2,7525,2024-08-25,2025-07-31,196,0,0,0,0
2025-02-04,train,PF_0025101_01,194,3,7525,2024-08-25,2025-07-31,196,0,0,0,3
2025-02-04,train,PF_0025101_01,194,4,7525,2024-08-25,2025-07-31,196,0,0,0,3
2025-02-04,train,PF_0025101_01,194,5,7525,2024-08-25,2025-07-31,196,0,0,0,2
2025-02-04,train,PF_0025101_01,194,6,7525,2024-08-25,2025-07-31,196,0,0,0,3
2025-02-04,train,PF_0025101_01,194,7,7525,2024-08-25,2025-07-31,196,0,0,0,3
2025-02-04,train,PF_0025101_01,194,8,7525,2024-08-25,2025-07-31,196,0,0,0,2
2025-02-04,train,PF_0025101_01,194,9,7525,2024-08-25,2025-07-31,196,0,0,0,3
2025-02-04,train,PF_0025108_01,205,1,7519,2024-07-26,2025-06-16,207,0,0,0,2
2025-02-04,train,PF_0025108_01,205,2,7519,2024-07-26,2025-06-16,207,0,0,0,2
2025-02-04,train,PF_0025108_01,205,3,7519,2024-07-26,2025-06-16,207,0,0,0,3
2025-02-04,train,PF_0025108_01,205,4,7519,2024-07-26,2025-06-16,207,0,0,0,3
2025-02-04,train,PF_0025108_01,205,5,7519,2024-07-26,2025-06-16,207,0,0,0,3
2025-02-04,train,PF_0025108_01,205,6,7519,2024-07-26,2025-06-16,207,0,0,0,2
2025-02-04,train,PF_0025108_01,205,7,7519,2024-07-26,2025-06-16,207,0,0,0,1
2025-02-04,train,PF_0025108_01,205,8,7519,2024-07-26,2025-06-16,207,0,0,0,3
2025-02-04,train,PF_0025108_01,205,9,7519,2024-07-26,2025-06-16,207,0,0,0,2
2025-02-05,train,PF_0024696_01,175,1,7550,2024-09-05,2025-06-30,175,0,0,0,1
2025-02-05,train,PF_0024696_01,175,2,7550,2024-09-05,2025-06-30,175,0,0,0,1
2025-02-05,train,PF_0024696_01,175,3,7550,2024-09-05,2025-06-30,175,0,0,0,3
2025-02-05,train,PF_0024696_01,175,4,7550,2024-09-05,2025-06-30,175,0,0,0,2
2025-02-05,train,PF_0024696_01,175,5,7550,2024-09-05,2025-06-30,175,0,0,0,2
2025-02-05,train,PF_0024696_01,175,6,7550,2024-09-05,2025-06-30,175,0,0,0,1
2025-02-05,train,PF_0024696_01,175,7,7550,2024-09-05,2025-06-30,175,0,0,0,1
2025-02-05,train,PF_0024696_01,175,8,7550,2024-09-05,2025-06-30,175,0,0,0,3
2025-02-05,train,PF_0024696_01,175,9,7550,2024-09-05,2025-06-30,175,0,0,0,2
2025-02-05,test,PF_0024697_01,177,1,7549,2024-09-05,2025-06-30,178,0,0,0,3
2025-02-05,test,PF_0024697_01,177,2,7549,2024-09-05,2025-06-30,178,0,0,0,4
2025-02-05,test,PF_0024697_01,177,3,7549,2024-09-05,2025-06-30,178,0,0,0,3
2025-02-05,test,PF_0024697_01,177,4,7549,2024-09-05,2025-06-30,178,0,0,0,1
2025-02-05,test,PF_0024697_01,177,5,7549,2024-09-05,2025-06-30,178,0,0,0,1
2025-02-05,test,PF_0024697_01,177,6,7549,2024-09-05,2025-06-30,178,0,0,0,2
2025-02-05,test,PF_0024697_01,177,7,7549,2024-09-05,2025-06-30,178,0,0,0,1
2025-02-05,test,PF_0024697_01,177,8,7549,2024-09-05,2025-06-30,178,0,0,0,1
2025-02-05,test,PF_0024697_01,177,9,7549,2024-09-05,2025-06-30,178,0,0,0,2
2025-02-06,train,PF_0020209_01,80,1,7534,2024-08-19,2025-07-15,80,0,0,0,2
2025-02-06,train,PF_0020209_01,80,2,7534,2024-08-19,2025-07-15,80,0,0,0,1
2025-02-06,train,PF_0020209_01,80,3,7534,2024-08-19,2025-07-15,80,0,0,0,1
2025-02-06,train,PF_0020209_01,80,4,7534,2024-08-19,2025-07-15,80,0,0,0,1
2025-02-06,train,PF_0020209_01,80,5,7534,2024-08-19,2025-07-15,80,0,0,0,1
2025-02-06,train,PF_0020209_01,80,7,7534,2024-08-19,2025-07-15,80,0,0,0,1
2025-02-06,train,PF_0020209_01,80,8,7534,2024-08-19,2025-07-15,80,0,0,0,1
2025-02-06,train,PF_0020209_01,80,9,7534,2024-08-19,2025-07-15,80,0,0,0,2
2025-02-07,validation,PF_0024689_01,163,1,7557,2024-07-01,2025-07-31,163,0,0,2,2
2025-02-07,validation,PF_0024689_01,163,2,7557,2024-07-01,2025-07-31,163,0,1,1,2
2025-02-07,validation,PF_0024689_01,163,3,7557,2024-07-01,2025-07-31,163,0,0,0,0
2025-02-07,validation,PF_0024689_01,163,4,7557,2024-07-01,2025-07-31,163,0,1,1,2
2025-02-07,validation,PF_0024689_01,163,5,7557,2024-07-01,2025-07-31,163,0,0,1,1
2025-02-07,validation,PF_0024689_01,163,6,7557,2024-07-01,2025-07-31,163,0,0,0,1
2025-02-07,validation,PF_0024689_01,163,7,7557,2024-07-01,2025-07-31,163,0,0,1,1
2025-02-07,validation,PF_0024689_01,163,8,7557,2024-07-01,2025-07-31,163,0,0,0,0
2025-02-07,validation,PF_0024689_01,163,9,7557,2024-07-01,2025-07-31,163,0,0,0,0
2025-02-10,train,PF_0002529_01,46,1,7575,2024-08-02,2025-05-03,46,0,0,0,0
2025-02-10,train,PF_0002529_01,46,2,7575,2024-08-02,2025-05-03,46,0,0,0,5
2025-02-10,train,PF_0002529_01,46,3,7575,2024-08-02,2025-05-03,46,0,0,0,2
2025-02-10,train,PF_0002529_01,46,4,7575,2024-08-02,2025-05-03,46,0,0,0,3
2025-02-10,train,PF_0002529_01,46,5,7575,2024-08-02,2025-05-03,46,0,0,0,3
2025-02-10,train,PF_0002529_01,46,6,7575,2024-08-02,2025-05-03,46,0,0,0,3
2025-02-10,train,PF_0002529_01,46,7,7575,2024-08-02,2025-05-03,46,0,0,0,3
2025-02-10,train,PF_0002529_01,46,8,7575,2024-08-02,2025-05-03,46,0,0,0,2
2025-02-10,train,PF_0002529_01,46,9,7575,2024-08-02,2025-05-03,46,0,0,0,3
2025-02-10,train,PF_0024693_01,171,1,7553,2024-09-11,2025-06-01,171,0,0,0,1
2025-02-10,train,PF_0024693_01,171,3,7553,2024-09-11,2025-06-01,171,0,0,0,1
2025-02-10,train,PF_0024693_01,171,4,7553,2024-09-11,2025-06-01,171,0,0,0,1
2025-02-10,train,PF_0024693_01,171,5,7553,2024-09-11,2025-06-01,171,0,0,0,1
2025-02-10,train,PF_0024693_01,171,6,7553,2024-09-11,2025-06-01,171,0,0,0,0
2025-02-10,train,PF_0024693_01,171,7,7553,2024-09-11,2025-06-01,171,0,0,0,3
2025-02-10,train,PF_0024693_01,171,8,7553,2024-09-11,2025-06-01,171,0,0,0,2
2025-02-10,train,PF_0024693_01,171,9,7553,2024-09-11,2025-06-01,171,0,0,0,0
2025-02-10,train,PF_0025108_01,205,1,7519,2024-07-26,2025-06-16,207,0,0,0,0
2025-02-10,train,PF_0025108_01,205,2,7519,2024-07-26,2025-06-16,207,0,0,0,0
2025-02-10,train,PF_0025108_01,205,3,7519,2024-07-26,2025-06-16,207,0,0,0,0
2025-02-10,train,PF_0025108_01,205,4,7519,2024-07-26,2025-06-16,207,0,0,0,2
2025-02-10,train,PF_0025108_01,205,5,7519,2024-07-26,2025-06-16,207,0,0,0,0
2025-02-10,train,PF_0025108_01,205,6,7519,2024-07-26,2025-06-16,207,0,0,0,2
2025-02-10,train,PF_0025108_01,205,7,7519,2024-07-26,2025-06-16,207,0,0,0,0
2025-02-10,train,PF_0025108_01,205,8,7519,2024-07-26,2025-06-16,207,0,0,0,2
2025-02-10,train,PF_0025108_01,205,9,7519,2024-07-26,2025-06-16,207,0,0,0,2
2025-02-11,train,PF_0024696_01,175,1,7550,2024-09-05,2025-06-30,175,0,0,0,2
2025-02-11,train,PF_0024696_01,175,2,7550,2024-09-05,2025-06-30,175,0,0,0,2
2025-02-11,train,PF_0024696_01,175,3,7550,2024-09-05,2025-06-30,175,0,0,0,0
2025-02-11,train,PF_0024696_01,175,4,7550,2024-09-05,2025-06-30,175,0,0,0,1
2025-02-11,train,PF_0024696_01,175,5,7550,2024-09-05,2025-06-30,175,0,0,0,0
2025-02-11,train,PF_0024696_01,175,6,7550,2024-09-05,2025-06-30,175,0,0,0,1
2025-02-11,train,PF_0024696_01,175,7,7550,2024-09-05,2025-06-30,175,0,0,0,0
2025-02-11,train,PF_0024696_01,175,8,7550,2024-09-05,2025-06-30,175,0,0,0,1
2025-02-11,train,PF_0024696_01,175,9,7550,2024-09-05,2025-06-30,175,0,0,0,2
2025-02-11,test,PF_0024697_01,177,1,7549,2024-09-05,2025-06-30,178,0,0,0,3
2025-02-11,test,PF_0024697_01,177,2,7549,2024-09-05,2025-06-30,178,0,0,0,1
2025-02-11,test,PF_0024697_01,177,3,7549,2024-09-05,2025-06-30,178,0,0,0,1
2025-02-11,test,PF_0024697_01,177,4,7549,2024-09-05,2025-06-30,178,0,0,0,2
2025-02-11,test,PF_0024697_01,177,5,7549,2024-09-05,2025-06-30,178,0,0,0,1
2025-02-11,test,PF_0024697_01,177,6,7549,2024-09-05,2025-06-30,178,0,0,0,1
2025-02-11,test,PF_0024697_01,177,7,7549,2024-09-05,2025-06-30,178,0,0,0,2
2025-02-11,test,PF_0024697_01,177,8,7549,2024-09-05,2025-06-30,178,0,0,0,3
2025-02-11,test,PF_0024697_01,177,9,7549,2024-09-05,2025-06-30,178,0,0,0,2
2025-02-11,train,PF_0025101_01,194,1,7525,2024-08-25,2025-07-31,196,0,0,0,2
2025-02-11,train,PF_0025101_01,194,2,7525,2024-08-25,2025-07-31,196,0,0,0,1
2025-02-11,train,PF_0025101_01,194,3,7525,2024-08-25,2025-07-31,196,0,0,0,9
2025-02-11,train,PF_0025101_01,194,4,7525,2024-08-25,2025-07-31,196,0,0,0,2
2025-02-11,train,PF_0025101_01,194,5,7525,2024-08-25,2025-07-31,196,0,0,0,2
2025-02-11,train,PF_0025101_01,194,6,7525,2024-08-25,2025-07-31,196,0,0,0,2
2025-02-11,train,PF_0025101_01,194,7,7525,2024-08-25,2025-07-31,196,0,0,0,0
2025-02-11,train,PF_0025101_01,194,8,7525,2024-08-25,2025-07-31,196,0,0,0,1
2025-02-11,train,PF_0025101_01,194,9,7525,2024-08-25,2025-07-31,196,0,0,0,2
2025-02-12,train,PF_0020209_01,80,1,7534,2024-08-19,2025-07-15,80,0,0,0,1
2025-02-12,train,PF_0020209_01,80,2,7534,2024-08-19,2025-07-15,80,0,0,0,2
2025-02-12,train,PF_0020209_01,80,3,7534,2024-08-19,2025-07-15,80,0,0,0,4
2025-02-12,train,PF_0020209_01,80,4,7534,2024-08-19,2025-07-15,80,0,0,0,2
2025-02-12,train,PF_0020209_01,80,5,7534,2024-08-19,2025-07-15,80,0,0,0,1
2025-02-12,train,PF_0020209_01,80,7,7534,2024-08-19,2025-07-15,80,0,0,0,2
2025-02-12,train,PF_0020209_01,80,8,7534,2024-08-19,2025-07-15,80,0,0,0,0
2025-02-12,train,PF_0020209_01,80,9,7534,2024-08-19,2025-07-15,80,0,0,0,2
2025-02-13,validation,PF_0024689_01,163,1,7557,2024-07-01,2025-07-31,163,0,0,1,1
2025-02-13,validation,PF_0024689_01,163,2,7557,2024-07-01,2025-07-31,163,0,1,1,2
2025-02-13,validation,PF_0024689_01,163,3,7557,2024-07-01,2025-07-31,163,0,0,2,2
2025-02-13,validation,PF_0024689_01,163,4,7557,2024-07-01,2025-07-31,163,0,0,1,1
2025-02-13,validation,PF_0024689_01,163,5,7557,2024-07-01,2025-07-31,163,0,0,1,3
2025-02-13,validation,PF_0024689_01,163,6,7557,2024-07-01,2025-07-31,163,0,0,1,1
2025-02-13,validation,PF_0024689_01,163,7,7557,2024-07-01,2025-07-31,163,0,0,1,3
2025-02-13,validation,PF_0024689_01,163,8,7557,2024-07-01,2025-07-31,163,0,0,1,1
2025-02-13,validation,PF_0024689_01,163,9,7557,2024-07-01,2025-07-31,163,0,1,2,3
2025-02-17,train,PF_0002529_01,46,1,7575,2024-08-02,2025-05-03,46,0,0,0,0
2025-02-17,train,PF_0002529_01,46,2,7575,2024-08-02,2025-05-03,46,0,0,0,0
2025-02-17,train,PF_0002529_01,46,3,7575,2024-08-02,2025-05-03,46,0,0,0,1
2025-02-17,train,PF_0002529_01,46,4,7575,2024-08-02,2025-05-03,46,0,0,0,1
2025-02-17,train,PF_0002529_01,46,5,7575,2024-08-02,2025-05-03,46,0,0,0,1
2025-02-17,train,PF_0002529_01,46,6,7575,2024-08-02,2025-05-03,46,0,0,0,1
2025-02-17,train,PF_0002529_01,46,7,7575,2024-08-02,2025-05-03,46,0,0,0,1
2025-02-17,train,PF_0002529_01,46,8,7575,2024-08-02,2025-05-03,46,0,0,0,1
2025-02-17,train,PF_0002529_01,46,9,7575,2024-08-02,2025-05-03,46,0,0,0,3
2025-02-17,train,PF_0024693_01,171,1,7553,2024-09-11,2025-06-01,171,0,0,0,2
2025-02-17,train,PF_0024693_01,171,3,7553,2024-09-11,2025-06-01,171,0,0,0,0
2025-02-17,train,PF_0024693_01,171,4,7553,2024-09-11,2025-06-01,171,0,0,0,0
2025-02-17,train,PF_0024693_01,171,5,7553,2024-09-11,2025-06-01,171,0,0,0,1
2025-02-17,train,PF_0024693_01,171,6,7553,2024-09-11,2025-06-01,171,0,0,0,0
2025-02-17,train,PF_0024693_01,171,7,7553,2024-09-11,2025-06-01,171,0,0,0,1
2025-02-17,train,PF_0024693_01,171,8,7553,2024-09-11,2025-06-01,171,0,0,0,1
2025-02-17,train,PF_0024693_01,171,9,7553,2024-09-11,2025-06-01,171,0,0,0,2
2025-02-17,train,PF_0025108_01,205,1,7519,2024-07-26,2025-06-16,207,0,0,0,3
2025-02-17,train,PF_0025108_01,205,2,7519,2024-07-26,2025-06-16,207,0,0,0,0
2025-02-17,train,PF_0025108_01,205,3,7519,2024-07-26,2025-06-16,207,0,0,0,2
2025-02-17,train,PF_0025108_01,205,4,7519,2024-07-26,2025-06-16,207,0,0,0,3
2025-02-17,train,PF_0025108_01,205,5,7519,2024-07-26,2025-06-16,207,0,0,0,2
2025-02-17,train,PF_0025108_01,205,6,7519,2024-07-26,2025-06-16,207,0,0,0,3
2025-02-17,train,PF_0025108_01,205,7,7519,2024-07-26,2025-06-16,207,0,0,0,0
2025-02-17,train,PF_0025108_01,205,8,7519,2024-07-26,2025-06-16,207,0,0,0,1
2025-02-17,train,PF_0025108_01,205,9,7519,2024-07-26,2025-06-16,207,0,0,0,1
2025-02-18,train,PF_0024696_01,175,1,7550,2024-09-05,2025-06-30,175,0,0,0,1
2025-02-18,train,PF_0024696_01,175,2,7550,2024-09-05,2025-06-30,175,0,0,0,0
2025-02-18,train,PF_0024696_01,175,3,7550,2024-09-05,2025-06-30,175,0,0,0,1
2025-02-18,train,PF_0024696_01,175,4,7550,2024-09-05,2025-06-30,175,0,0,0,0
2025-02-18,train,PF_0024696_01,175,5,7550,2024-09-05,2025-06-30,175,0,0,0,0
2025-02-18,train,PF_0024696_01,175,6,7550,2024-09-05,2025-06-30,175,0,0,0,2
2025-02-18,train,PF_0024696_01,175,7,7550,2024-09-05,2025-06-30,175,0,0,0,0
2025-02-18,train,PF_0024696_01,175,8,7550,2024-09-05,2025-06-30,175,0,0,0,0
2025-02-18,train,PF_0024696_01,175,9,7550,2024-09-05,2025-06-30,175,0,0,0,1
2025-02-18,test,PF_0024697_01,177,1,7549,2024-09-05,2025-06-30,178,0,0,0,2
2025-02-18,test,PF_0024697_01,177,2,7549,2024-09-05,2025-06-30,178,0,0,0,2
2025-02-18,test,PF_0024697_01,177,3,7549,2024-09-05,2025-06-30,178,0,0,0,2
2025-02-18,test,PF_0024697_01,177,4,7549,2024-09-05,2025-06-30,178,0,0,0,2
2025-02-18,test,PF_0024697_01,177,5,7549,2024-09-05,2025-06-30,178,0,0,0,1
2025-02-18,test,PF_0024697_01,177,6,7549,2024-09-05,2025-06-30,178,0,0,0,1
2025-02-18,test,PF_0024697_01,177,7,7549,2024-09-05,2025-06-30,178,0,0,0,3
2025-02-18,test,PF_0024697_01,177,8,7549,2024-09-05,2025-06-30,178,0,0,0,1
2025-02-18,test,PF_0024697_01,177,9,7549,2024-09-05,2025-06-30,178,0,0,0,2
2025-02-18,train,PF_0025101_01,194,1,7525,2024-08-25,2025-07-31,196,0,0,0,1
2025-02-18,train,PF_0025101_01,194,2,7525,2024-08-25,2025-07-31,196,0,0,0,1
2025-02-18,train,PF_0025101_01,194,3,7525,2024-08-25,2025-07-31,196,0,0,0,3
2025-02-18,train,PF_0025101_01,194,4,7525,2024-08-25,2025-07-31,196,0,0,0,3
2025-02-18,train,PF_0025101_01,194,5,7525,2024-08-25,2025-07-31,196,0,0,0,2
2025-02-18,train,PF_0025101_01,194,6,7525,2024-08-25,2025-07-31,196,0,0,0,2
2025-02-18,train,PF_0025101_01,194,7,7525,2024-08-25,2025-07-31,196,0,0,0,0
2025-02-18,train,PF_0025101_01,194,8,7525,2024-08-25,2025-07-31,196,0,0,0,2
2025-02-18,train,PF_0025101_01,194,9,7525,2024-08-25,2025-07-31,196,0,0,0,1
2025-02-19,train,PF_0020209_01,80,1,7534,2024-08-19,2025-07-15,80,0,0,0,2
2025-02-19,train,PF_0020209_01,80,2,7534,2024-08-19,2025-07-15,80,0,0,0,0
2025-02-19,train,PF_0020209_01,80,3,7534,2024-08-19,2025-07-15,80,0,0,0,2
2025-02-19,train,PF_0020209_01,80,4,7534,2024-08-19,2025-07-15,80,0,0,0,1
2025-02-19,train,PF_0020209_01,80,5,7534,2024-08-19,2025-07-15,80,0,0,0,3
2025-02-19,train,PF_0020209_01,80,7,7534,2024-08-19,2025-07-15,80,0,0,0,2
2025-02-19,train,PF_0020209_01,80,8,7534,2024-08-19,2025-07-15,80,0,0,0,1
2025-02-19,train,PF_0020209_01,80,9,7534,2024-08-19,2025-07-15,80,0,0,0,1
2025-02-20,validation,PF_0024689_01,163,1,7557,2024-07-01,2025-07-31,163,0,0,1,3
2025-02-20,validation,PF_0024689_01,163,2,7557,2024-07-01,2025-07-31,163,0,1,1,4
2025-02-20,validation,PF_0024689_01,163,3,7557,2024-07-01,2025-07-31,163,0,0,1,1
2025-02-20,validation,PF_0024689_01,163,4,7557,2024-07-01,2025-07-31,163,0,0,1,4
2025-02-20,validation,PF_0024689_01,163,5,7557,2024-07-01,2025-07-31,163,0,0,1,1
2025-02-20,validation,PF_0024689_01,163,6,7557,2024-07-01,2025-07-31,163,0,1,0,3
2025-02-20,validation,PF_0024689_01,163,7,7557,2024-07-01,2025-07-31,163,0,0,0,4
2025-02-20,validation,PF_0024689_01,163,8,7557,2024-07-01,2025-07-31,163,0,0,1,1
2025-02-20,validation,PF_0024689_01,163,9,7557,2024-07-01,2025-07-31,163,0,0,0,1
2025-02-24,train,PF_0002529_01,46,1,7575,2024-08-02,2025-05-03,46,0,0,0,0
2025-02-24,train,PF_0002529_01,46,2,7575,2024-08-02,2025-05-03,46,0,0,0,2
2025-02-24,train,PF_0002529_01,46,3,7575,2024-08-02,2025-05-03,46,0,0,0,1
2025-02-24,train,PF_0002529_01,46,4,7575,2024-08-02,2025-05-03,46,0,0,0,3
2025-02-24,train,PF_0002529_01,46,5,7575,2024-08-02,2025-05-03,46,0,0,0,1
2025-02-24,train,PF_0002529_01,46,6,7575,2024-08-02,2025-05-03,46,0,0,0,3
2025-02-24,train,PF_0002529_01,46,7,7575,2024-08-02,2025-05-03,46,0,0,0,3
2025-02-24,train,PF_0002529_01,46,8,7575,2024-08-02,2025-05-03,46,0,0,0,3
2025-02-24,train,PF_0002529_01,46,9,7575,2024-08-02,2025-05-03,46,0,0,0,1
2025-02-24,train,PF_0025108_01,205,1,7519,2024-07-26,2025-06-16,207,0,0,0,3
2025-02-24,train,PF_0025108_01,205,2,7519,2024-07-26,2025-06-16,207,0,0,0,3
2025-02-24,train,PF_0025108_01,205,3,7519,2024-07-26,2025-06-16,207,0,0,0,3
2025-02-24,train,PF_0025108_01,205,4,7519,2024-07-26,2025-06-16,207,0,0,0,4
2025-02-24,train,PF_0025108_01,205,5,7519,2024-07-26,2025-06-16,207,0,0,0,3
2025-02-24,train,PF_0025108_01,205,6,7519,2024-07-26,2025-06-16,207,0,0,0,3
2025-02-24,train,PF_0025108_01,205,7,7519,2024-07-26,2025-06-16,207,0,0,0,1
2025-02-24,train,PF_0025108_01,205,8,7519,2024-07-26,2025-06-16,207,0,0,0,2
2025-02-24,train,PF_0025108_01,205,9,7519,2024-07-26,2025-06-16,207,0,0,0,3
2025-02-25,train,PF_0025101_01,194,1,7525,2024-08-25,2025-07-31,196,0,0,0,2
2025-02-25,train,PF_0025101_01,194,2,7525,2024-08-25,2025-07-31,196,0,0,0,2
2025-02-25,train,PF_0025101_01,194,3,7525,2024-08-25,2025-07-31,196,0,0,0,2
2025-02-25,train,PF_0025101_01,194,4,7525,2024-08-25,2025-07-31,196,0,0,0,2
2025-02-25,train,PF_0025101_01,194,5,7525,2024-08-25,2025-07-31,196,0,0,0,2
2025-02-25,train,PF_0025101_01,194,6,7525,2024-08-25,2025-07-31,196,0,0,0,3
2025-02-25,train,PF_0025101_01,194,7,7525,2024-08-25,2025-07-31,196,0,0,0,0
2025-02-25,train,PF_0025101_01,194,8,7525,2024-08-25,2025-07-31,196,0,0,0,1
2025-02-25,train,PF_0025101_01,194,9,7525,2024-08-25,2025-07-31,196,0,0,0,1
2025-02-26,train,PF_0024696_01,175,1,7550,2024-09-05,2025-06-30,175,0,0,0,1
2025-02-26,train,PF_0024696_01,175,2,7550,2024-09-05,2025-06-30,175,0,0,0,1
2025-02-26,train,PF_0024696_01,175,3,7550,2024-09-05,2025-06-30,175,0,0,0,1
2025-02-26,train,PF_0024696_01,175,4,7550,2024-09-05,2025-06-30,175,0,0,0,1
2025-02-26,train,PF_0024696_01,175,5,7550,2024-09-05,2025-06-30,175,0,0,0,0
2025-02-26,train,PF_0024696_01,175,6,7550,2024-09-05,2025-06-30,175,0,0,0,3
2025-02-26,train,PF_0024696_01,175,7,7550,2024-09-05,2025-06-30,175,0,0,0,0
2025-02-26,train,PF_0024696_01,175,8,7550,2024-09-05,2025-06-30,175,0,0,0,3
2025-02-26,train,PF_0024696_01,175,9,7550,2024-09-05,2025-06-30,175,0,0,0,1
2025-02-26,test,PF_0024697_01,177,1,7549,2024-09-05,2025-06-30,178,0,0,0,2
2025-02-26,test,PF_0024697_01,177,2,7549,2024-09-05,2025-06-30,178,0,0,0,0
2025-02-26,test,PF_0024697_01,177,3,7549,2024-09-05,2025-06-30,178,0,0,0,2
2025-02-26,test,PF_0024697_01,177,4,7549,2024-09-05,2025-06-30,178,0,0,0,3
2025-02-26,test,PF_0024697_01,177,5,7549,2024-09-05,2025-06-30,178,0,0,0,1
2025-02-26,test,PF_0024697_01,177,6,7549,2024-09-05,2025-06-30,178,0,0,0,2
2025-02-26,test,PF_0024697_01,177,7,7549,2024-09-05,2025-06-30,178,0,0,0,2
2025-02-26,test,PF_0024697_01,177,8,7549,2024-09-05,2025-06-30,178,0,0,0,2
2025-02-26,test,PF_0024697_01,177,9,7549,2024-09-05,2025-06-30,178,0,0,0,0
2025-02-27,train,PF_0020209_01,80,1,7534,2024-08-19,2025-07-15,80,0,0,0,2
2025-02-27,train,PF_0020209_01,80,2,7534,2024-08-19,2025-07-15,80,0,0,0,1
2025-02-27,train,PF_0020209_01,80,3,7534,2024-08-19,2025-07-15,80,0,0,0,1
2025-02-27,train,PF_0020209_01,80,4,7534,2024-08-19,2025-07-15,80,0,0,0,2
2025-02-27,train,PF_0020209_01,80,5,7534,2024-08-19,2025-07-15,80,0,0,0,1
2025-02-27,train,PF_0020209_01,80,7,7534,2024-08-19,2025-07-15,80,0,0,0,2
2025-02-27,train,PF_0020209_01,80,8,7534,2024-08-19,2025-07-15,80,0,0,0,1
2025-02-27,train,PF_0020209_01,80,9,7534,2024-08-19,2025-07-15,80,0,0,0,2
2025-02-27,train,PF_0024693_01,171,1,7553,2024-09-11,2025-06-01,171,0,0,0,0
2025-02-27,train,PF_0024693_01,171,3,7553,2024-09-11,2025-06-01,171,0,0,0,0
2025-02-27,train,PF_0024693_01,171,4,7553,2024-09-11,2025-06-01,171,0,0,0,0
2025-02-27,train,PF_0024693_01,171,5,7553,2024-09-11,2025-06-01,171,0,0,0,0
2025-02-27,train,PF_0024693_01,171,6,7553,2024-09-11,2025-06-01,171,0,0,0,0
2025-02-27,train,PF_0024693_01,171,7,7553,2024-09-11,2025-06-01,171,0,0,0,2
2025-02-27,train,PF_0024693_01,171,8,7553,2024-09-11,2025-06-01,171,0,0,0,0
2025-02-27,train,PF_0024693_01,171,9,7553,2024-09-11,2025-06-01,171,0,0,0,0
2025-02-28,validation,PF_0024689_01,163,1,7557,2024-07-01,2025-07-31,163,0,0,0,3
2025-02-28,validation,PF_0024689_01,163,2,7557,2024-07-01,2025-07-31,163,0,0,0,1
2025-02-28,validation,PF_0024689_01,163,3,7557,2024-07-01,2025-07-31,163,0,0,0,1
2025-02-28,validation,PF_0024689_01,163,4,7557,2024-07-01,2025-07-31,163,0,0,0,3
2025-02-28,validation,PF_0024689_01,163,5,7557,2024-07-01,2025-07-31,163,0,0,0,1
2025-02-28,validation,PF_0024689_01,163,6,7557,2024-07-01,2025-07-31,163,0,0,0,1
2025-02-28,validation,PF_0024689_01,163,7,7557,2024-07-01,2025-07-31,163,0,0,0,3
2025-02-28,validation,PF_0024689_01,163,8,7557,2024-07-01,2025-07-31,163,0,0,1,3
2025-02-28,validation,PF_0024689_01,163,9,7557,2024-07-01,2025-07-31,163,0,1,2,4
2025-03-03,train,PF_0024693_01,171,1,7553,2024-09-11,2025-06-01,171,0,0,0,0
2025-03-03,train,PF_0024693_01,171,3,7553,2024-09-11,2025-06-01,171,0,0,0,2
2025-03-03,train,PF_0024693_01,171,4,7553,2024-09-11,2025-06-01,171,0,0,0,1
2025-03-03,train,PF_0024693_01,171,5,7553,2024-09-11,2025-06-01,171,0,0,0,0
2025-03-03,train,PF_0024693_01,171,6,7553,2024-09-11,2025-06-01,171,0,0,0,0
2025-03-03,train,PF_0024693_01,171,7,7553,2024-09-11,2025-06-01,171,0,0,0,0
2025-03-03,train,PF_0024693_01,171,8,7553,2024-09-11,2025-06-01,171,0,0,0,0
2025-03-03,train,PF_0024693_01,171,9,7553,2024-09-11,2025-06-01,171,0,0,0,2
2025-03-03,train,PF_0025108_01,205,1,7519,2024-07-26,2025-06-16,207,0,0,0,3
2025-03-03,train,PF_0025108_01,205,2,7519,2024-07-26,2025-06-16,207,0,0,0,1
2025-03-03,train,PF_0025108_01,205,3,7519,2024-07-26,2025-06-16,207,0,0,0,3
2025-03-03,train,PF_0025108_01,205,4,7519,2024-07-26,2025-06-16,207,0,0,0,2
2025-03-03,train,PF_0025108_01,205,5,7519,2024-07-26,2025-06-16,207,0,0,0,3
2025-03-03,train,PF_0025108_01,205,6,7519,2024-07-26,2025-06-16,207,0,0,0,1
2025-03-03,train,PF_0025108_01,205,7,7519,2024-07-26,2025-06-16,207,0,0,0,2
2025-03-03,train,PF_0025108_01,205,8,7519,2024-07-26,2025-06-16,207,0,0,0,1
2025-03-03,train,PF_0025108_01,205,9,7519,2024-07-26,2025-06-16,207,0,0,0,1
2025-03-04,train,PF_0002529_01,46,1,7575,2024-08-02,2025-05-03,46,0,0,0,1
2025-03-04,train,PF_0002529_01,46,2,7575,2024-08-02,2025-05-03,46,0,0,0,2
2025-03-04,train,PF_0002529_01,46,3,7575,2024-08-02,2025-05-03,46,0,0,0,3
2025-03-04,train,PF_0002529_01,46,4,7575,2024-08-02,2025-05-03,46,0,0,0,1
2025-03-04,train,PF_0002529_01,46,5,7575,2024-08-02,2025-05-03,46,0,0,0,2
2025-03-04,train,PF_0002529_01,46,6,7575,2024-08-02,2025-05-03,46,0,0,0,4
2025-03-04,train,PF_0002529_01,46,7,7575,2024-08-02,2025-05-03,46,0,0,0,2
2025-03-04,train,PF_0002529_01,46,8,7575,2024-08-02,2025-05-03,46,0,0,0,4
2025-03-04,train,PF_0002529_01,46,9,7575,2024-08-02,2025-05-03,46,0,0,0,0
2025-03-04,train,PF_0024696_01,175,1,7550,2024-09-05,2025-06-30,175,0,0,0,2
2025-03-04,train,PF_0024696_01,175,2,7550,2024-09-05,2025-06-30,175,0,0,0,2
2025-03-04,train,PF_0024696_01,175,3,7550,2024-09-05,2025-06-30,175,0,0,0,2
2025-03-04,train,PF_0024696_01,175,4,7550,2024-09-05,2025-06-30,175,0,0,0,2
2025-03-04,train,PF_0024696_01,175,5,7550,2024-09-05,2025-06-30,175,0,0,0,1
2025-03-04,train,PF_0024696_01,175,6,7550,2024-09-05,2025-06-30,175,0,0,0,1
2025-03-04,train,PF_0024696_01,175,7,7550,2024-09-05,2025-06-30,175,0,0,0,2
2025-03-04,train,PF_0024696_01,175,8,7550,2024-09-05,2025-06-30,175,0,0,0,1
2025-03-04,train,PF_0024696_01,175,9,7550,2024-09-05,2025-06-30,175,0,0,0,1
2025-03-04,test,PF_0024697_01,177,1,7549,2024-09-05,2025-06-30,178,0,0,0,2
2025-03-04,test,PF_0024697_01,177,2,7549,2024-09-05,2025-06-30,178,0,0,0,2
2025-03-04,test,PF_0024697_01,177,3,7549,2024-09-05,2025-06-30,178,0,0,0,2
2025-03-04,test,PF_0024697_01,177,4,7549,2024-09-05,2025-06-30,178,0,0,0,1
2025-03-04,test,PF_0024697_01,177,5,7549,2024-09-05,2025-06-30,178,0,0,0,1
2025-03-04,test,PF_0024697_01,177,6,7549,2024-09-05,2025-06-30,178,0,0,0,3
2025-03-04,test,PF_0024697_01,177,7,7549,2024-09-05,2025-06-30,178,0,0,0,1
2025-03-04,test,PF_0024697_01,177,8,7549,2024-09-05,2025-06-30,178,0,0,0,1
2025-03-04,test,PF_0024697_01,177,9,7549,2024-09-05,2025-06-30,178,0,0,0,2
2025-03-05,train,PF_0020209_01,80,1,7534,2024-08-19,2025-07-15,80,0,0,0,0
2025-03-05,train,PF_0020209_01,80,2,7534,2024-08-19,2025-07-15,80,0,0,0,2
2025-03-05,train,PF_0020209_01,80,3,7534,2024-08-19,2025-07-15,80,0,0,0,2
2025-03-05,train,PF_0020209_01,80,4,7534,2024-08-19,2025-07-15,80,0,0,0,2
2025-03-05,train,PF_0020209_01,80,5,7534,2024-08-19,2025-07-15,80,0,0,0,3
2025-03-05,train,PF_0020209_01,80,7,7534,2024-08-19,2025-07-15,80,0,0,0,2
2025-03-05,train,PF_0020209_01,80,8,7534,2024-08-19,2025-07-15,80,0,0,0,3
2025-03-05,train,PF_0020209_01,80,9,7534,2024-08-19,2025-07-15,80,0,0,0,2
2025-03-05,train,PF_0025101_01,194,1,7525,2024-08-25,2025-07-31,196,0,0,0,3
2025-03-05,train,PF_0025101_01,194,2,7525,2024-08-25,2025-07-31,196,0,0,0,1
2025-03-05,train,PF_0025101_01,194,3,7525,2024-08-25,2025-07-31,196,0,0,0,0
2025-03-05,train,PF_0025101_01,194,4,7525,2024-08-25,2025-07-31,196,0,0,0,1
2025-03-05,train,PF_0025101_01,194,5,7525,2024-08-25,2025-07-31,196,0,0,0,0
2025-03-05,train,PF_0025101_01,194,6,7525,2024-08-25,2025-07-31,196,0,0,0,0
2025-03-05,train,PF_0025101_01,194,7,7525,2024-08-25,2025-07-31,196,0,0,0,0
2025-03-05,train,PF_0025101_01,194,8,7525,2024-08-25,2025-07-31,196,0,0,0,2
2025-03-05,train,PF_0025101_01,194,9,7525,2024-08-25,2025-07-31,196,0,0,0,2
2025-03-10,train,PF_0002529_01,46,1,7575,2024-08-02,2025-05-03,46,0,0,0,0
2025-03-10,train,PF_0002529_01,46,2,7575,2024-08-02,2025-05-03,46,0,0,0,0
2025-03-10,train,PF_0002529_01,46,3,7575,2024-08-02,2025-05-03,46,0,0,0,0
2025-03-10,train,PF_0002529_01,46,4,7575,2024-08-02,2025-05-03,46,0,0,0,0
2025-03-10,train,PF_0002529_01,46,5,7575,2024-08-02,2025-05-03,46,0,0,0,0
2025-03-10,train,PF_0002529_01,46,6,7575,2024-08-02,2025-05-03,46,0,0,0,0
2025-03-10,train,PF_0002529_01,46,7,7575,2024-08-02,2025-05-03,46,0,0,0,0
2025-03-10,train,PF_0002529_01,46,8,7575,2024-08-02,2025-05-03,46,0,0,0,0
2025-03-10,train,PF_0002529_01,46,9,7575,2024-08-02,2025-05-03,46,0,0,0,0
2025-03-10,train,PF_0024693_01,171,1,7553,2024-09-11,2025-06-01,171,0,0,0,0
2025-03-10,train,PF_0024693_01,171,3,7553,2024-09-11,2025-06-01,171,0,0,0,0
2025-03-10,train,PF_0024693_01,171,4,7553,2024-09-11,2025-06-01,171,0,0,0,0
2025-03-10,train,PF_0024693_01,171,5,7553,2024-09-11,2025-06-01,171,0,0,0,0
2025-03-10,train,PF_0024693_01,171,6,7553,2024-09-11,2025-06-01,171,0,0,0,0
2025-03-10,train,PF_0024693_01,171,7,7553,2024-09-11,2025-06-01,171,0,0,0,0
2025-03-10,train,PF_0024693_01,171,8,7553,2024-09-11,2025-06-01,171,0,0,0,0
2025-03-10,train,PF_0024693_01,171,9,7553,2024-09-11,2025-06-01,171,0,0,0,0
2025-03-10,train,PF_0025108_01,205,1,7519,2024-07-26,2025-06-16,207,0,0,0,3
2025-03-10,train,PF_0025108_01,205,2,7519,2024-07-26,2025-06-16,207,0,0,0,1
2025-03-10,train,PF_0025108_01,205,3,7519,2024-07-26,2025-06-16,207,0,0,0,4
2025-03-10,train,PF_0025108_01,205,4,7519,2024-07-26,2025-06-16,207,0,0,0,0
2025-03-10,train,PF_0025108_01,205,5,7519,2024-07-26,2025-06-16,207,0,0,0,1
2025-03-10,train,PF_0025108_01,205,6,7519,2024-07-26,2025-06-16,207,0,0,0,2
2025-03-10,train,PF_0025108_01,205,7,7519,2024-07-26,2025-06-16,207,0,0,0,3
2025-03-10,train,PF_0025108_01,205,8,7519,2024-07-26,2025-06-16,207,0,0,0,1
2025-03-10,train,PF_0025108_01,205,9,7519,2024-07-26,2025-06-16,207,0,0,0,4
2025-03-11,train,PF_0024696_01,175,1,7550,2024-09-05,2025-06-30,175,0,0,0,1
2025-03-11,train,PF_0024696_01,175,2,7550,2024-09-05,2025-06-30,175,0,0,0,1
2025-03-11,train,PF_0024696_01,175,3,7550,2024-09-05,2025-06-30,175,0,0,0,2
2025-03-11,train,PF_0024696_01,175,4,7550,2024-09-05,2025-06-30,175,0,0,0,1
2025-03-11,train,PF_0024696_01,175,5,7550,2024-09-05,2025-06-30,175,0,0,0,1
2025-03-11,train,PF_0024696_01,175,6,7550,2024-09-05,2025-06-30,175,0,0,0,3
2025-03-11,train,PF_0024696_01,175,7,7550,2024-09-05,2025-06-30,175,0,0,0,3
2025-03-11,train,PF_0024696_01,175,8,7550,2024-09-05,2025-06-30,175,0,0,0,2
2025-03-11,train,PF_0024696_01,175,9,7550,2024-09-05,2025-06-30,175,0,0,0,1
2025-03-11,test,PF_0024697_01,177,1,7549,2024-09-05,2025-06-30,178,0,0,0,1
2025-03-11,test,PF_0024697_01,177,2,7549,2024-09-05,2025-06-30,178,0,0,0,1
2025-03-11,test,PF_0024697_01,177,3,7549,2024-09-05,2025-06-30,178,0,0,0,2
2025-03-11,test,PF_0024697_01,177,4,7549,2024-09-05,2025-06-30,178,0,0,0,2
2025-03-11,test,PF_0024697_01,177,5,7549,2024-09-05,2025-06-30,178,0,0,0,1
2025-03-11,test,PF_0024697_01,177,6,7549,2024-09-05,2025-06-30,178,0,0,0,1
2025-03-11,test,PF_0024697_01,177,7,7549,2024-09-05,2025-06-30,178,0,0,0,2
2025-03-11,test,PF_0024697_01,177,8,7549,2024-09-05,2025-06-30,178,0,0,0,2
2025-03-11,test,PF_0024697_01,177,9,7549,2024-09-05,2025-06-30,178,0,0,0,2
2025-03-11,train,PF_0025101_01,194,1,7525,2024-08-25,2025-07-31,196,0,0,0,2
2025-03-11,train,PF_0025101_01,194,2,7525,2024-08-25,2025-07-31,196,0,0,0,3
2025-03-11,train,PF_0025101_01,194,3,7525,2024-08-25,2025-07-31,196,0,0,0,3
2025-03-11,train,PF_0025101_01,194,4,7525,2024-08-25,2025-07-31,196,0,0,0,2
2025-03-11,train,PF_0025101_01,194,5,7525,2024-08-25,2025-07-31,196,0,0,0,0
2025-03-11,train,PF_0025101_01,194,6,7525,2024-08-25,2025-07-31,196,0,0,0,4
2025-03-11,train,PF_0025101_01,194,7,7525,2024-08-25,2025-07-31,196,0,0,0,0
2025-03-11,train,PF_0025101_01,194,8,7525,2024-08-25,2025-07-31,196,0,0,0,1
2025-03-11,train,PF_0025101_01,194,9,7525,2024-08-25,2025-07-31,196,0,0,0,3
2025-03-12,train,PF_0020209_01,80,1,7534,2024-08-19,2025-07-15,80,0,0,0,1
2025-03-12,train,PF_0020209_01,80,2,7534,2024-08-19,2025-07-15,80,0,0,0,2
2025-03-12,train,PF_0020209_01,80,3,7534,2024-08-19,2025-07-15,80,0,0,0,3
2025-03-12,train,PF_0020209_01,80,4,7534,2024-08-19,2025-07-15,80,0,0,0,1
2025-03-12,train,PF_0020209_01,80,5,7534,2024-08-19,2025-07-15,80,0,0,0,2
2025-03-12,train,PF_0020209_01,80,7,7534,2024-08-19,2025-07-15,80,0,0,0,2
2025-03-12,train,PF_0020209_01,80,8,7534,2024-08-19,2025-07-15,80,0,0,0,2
2025-03-12,train,PF_0020209_01,80,9,7534,2024-08-19,2025-07-15,80,0,0,0,1
2025-03-13,validation,PF_0024689_01,163,1,7557,2024-07-01,2025-07-31,163,0,0,0,3
2025-03-13,validation,PF_0024689_01,163,2,7557,2024-07-01,2025-07-31,163,0,0,0,0
2025-03-13,validation,PF_0024689_01,163,3,7557,2024-07-01,2025-07-31,163,0,0,0,2
2025-03-13,validation,PF_0024689_01,163,4,7557,2024-07-01,2025-07-31,163,0,0,0,4
2025-03-13,validation,PF_0024689_01,163,5,7557,2024-07-01,2025-07-31,163,0,0,0,2
2025-03-13,validation,PF_0024689_01,163,6,7557,2024-07-01,2025-07-31,163,0,0,0,4
2025-03-13,validation,PF_0024689_01,163,7,7557,2024-07-01,2025-07-31,163,0,0,0,0
2025-03-13,validation,PF_0024689_01,163,8,7557,2024-07-01,2025-07-31,163,0,0,0,3
2025-03-13,validation,PF_0024689_01,163,9,7557,2024-07-01,2025-07-31,163,0,0,0,2
2025-03-17,train,PF_0025108_01,205,1,7519,2024-07-26,2025-06-16,207,0,0,0,1
2025-03-17,train,PF_0025108_01,205,2,7519,2024-07-26,2025-06-16,207,0,0,0,0
2025-03-17,train,PF_0025108_01,205,3,7519,2024-07-26,2025-06-16,207,0,0,0,4
2025-03-17,train,PF_0025108_01,205,4,7519,2024-07-26,2025-06-16,207,0,0,0,0
2025-03-17,train,PF_0025108_01,205,5,7519,2024-07-26,2025-06-16,207,0,0,0,1
2025-03-17,train,PF_0025108_01,205,6,7519,2024-07-26,2025-06-16,207,0,0,0,3
2025-03-17,train,PF_0025108_01,205,7,7519,2024-07-26,2025-06-16,207,0,0,0,1
2025-03-17,train,PF_0025108_01,205,8,7519,2024-07-26,2025-06-16,207,0,0,0,0
2025-03-17,train,PF_0025108_01,205,9,7519,2024-07-26,2025-06-16,207,0,0,0,2
2025-03-18,train,PF_0024696_01,175,1,7550,2024-09-05,2025-06-30,175,0,0,0,0
2025-03-18,train,PF_0024696_01,175,2,7550,2024-09-05,2025-06-30,175,0,0,0,0
2025-03-18,train,PF_0024696_01,175,3,7550,2024-09-05,2025-06-30,175,0,0,0,1
2025-03-18,train,PF_0024696_01,175,4,7550,2024-09-05,2025-06-30,175,0,0,0,1
2025-03-18,train,PF_0024696_01,175,5,7550,2024-09-05,2025-06-30,175,0,0,0,1
2025-03-18,train,PF_0024696_01,175,6,7550,2024-09-05,2025-06-30,175,0,0,0,5
2025-03-18,train,PF_0024696_01,175,7,7550,2024-09-05,2025-06-30,175,0,0,0,3
2025-03-18,train,PF_0024696_01,175,8,7550,2024-09-05,2025-06-30,175,0,0,0,1
2025-03-18,train,PF_0024696_01,175,9,7550,2024-09-05,2025-06-30,175,0,0,0,3
2025-03-18,test,PF_0024697_01,177,1,7549,2024-09-05,2025-06-30,178,0,0,0,1
2025-03-18,test,PF_0024697_01,177,2,7549,2024-09-05,2025-06-30,178,0,0,0,1
2025-03-18,test,PF_0024697_01,177,3,7549,2024-09-05,2025-06-30,178,0,0,0,4
2025-03-18,test,PF_0024697_01,177,4,7549,2024-09-05,2025-06-30,178,0,0,0,0
2025-03-18,test,PF_0024697_01,177,5,7549,2024-09-05,2025-06-30,178,0,0,0,1
2025-03-18,test,PF_0024697_01,177,6,7549,2024-09-05,2025-06-30,178,0,0,0,1
2025-03-18,test,PF_0024697_01,177,7,7549,2024-09-05,2025-06-30,178,0,0,0,1
2025-03-18,test,PF_0024697_01,177,8,7549,2024-09-05,2025-06-30,178,0,0,0,1
2025-03-18,test,PF_0024697_01,177,9,7549,2024-09-05,2025-06-30,178,0,0,0,2
2025-03-18,train,PF_0025101_01,194,1,7525,2024-08-25,2025-07-31,196,0,0,0,1
2025-03-18,train,PF_0025101_01,194,2,7525,2024-08-25,2025-07-31,196,0,0,0,3
2025-03-18,train,PF_0025101_01,194,3,7525,2024-08-25,2025-07-31,196,0,0,0,2
2025-03-18,train,PF_0025101_01,194,4,7525,2024-08-25,2025-07-31,196,0,0,0,5
2025-03-18,train,PF_0025101_01,194,5,7525,2024-08-25,2025-07-31,196,0,0,0,4
2025-03-18,train,PF_0025101_01,194,6,7525,2024-08-25,2025-07-31,196,0,0,0,3
2025-03-18,train,PF_0025101_01,194,7,7525,2024-08-25,2025-07-31,196,0,0,0,0
2025-03-18,train,PF_0025101_01,194,8,7525,2024-08-25,2025-07-31,196,0,0,0,3
2025-03-18,train,PF_0025101_01,194,9,7525,2024-08-25,2025-07-31,196,0,0,0,3
2025-03-19,train,PF_0020209_01,80,1,7534,2024-08-19,2025-07-15,80,0,0,0,1
2025-03-19,train,PF_0020209_01,80,2,7534,2024-08-19,2025-07-15,80,0,0,0,3
2025-03-19,train,PF_0020209_01,80,3,7534,2024-08-19,2025-07-15,80,0,0,0,1
2025-03-19,train,PF_0020209_01,80,4,7534,2024-08-19,2025-07-15,80,0,0,0,2
2025-03-19,train,PF_0020209_01,80,5,7534,2024-08-19,2025-07-15,80,0,0,0,2
2025-03-19,train,PF_0020209_01,80,7,7534,2024-08-19,2025-07-15,80,0,0,0,1
2025-03-19,train,PF_0020209_01,80,8,7534,2024-08-19,2025-07-15,80,0,0,0,4
2025-03-19,train,PF_0020209_01,80,9,7534,2024-08-19,2025-07-15,80,0,0,0,2
2025-03-22,validation,PF_0024689_01,163,1,7557,2024-07-01,2025-07-31,163,0,0,0,0
2025-03-22,validation,PF_0024689_01,163,2,7557,2024-07-01,2025-07-31,163,0,0,0,0
2025-03-22,validation,PF_0024689_01,163,3,7557,2024-07-01,2025-07-31,163,0,0,0,1
2025-03-22,validation,PF_0024689_01,163,4,7557,2024-07-01,2025-07-31,163,0,0,0,0
2025-03-22,validation,PF_0024689_01,163,5,7557,2024-07-01,2025-07-31,163,0,0,0,2
2025-03-22,validation,PF_0024689_01,163,6,7557,2024-07-01,2025-07-31,163,0,0,0,4
2025-03-22,validation,PF_0024689_01,163,7,7557,2024-07-01,2025-07-31,163,0,0,0,1
2025-03-22,validation,PF_0024689_01,163,8,7557,2024-07-01,2025-07-31,163,0,0,0,2
2025-03-22,validation,PF_0024689_01,163,9,7557,2024-07-01,2025-07-31,163,0,0,0,4
2025-03-25,train,PF_0025101_01,194,1,7525,2024-08-25,2025-07-31,196,0,0,0,0
2025-03-25,train,PF_0025101_01,194,2,7525,2024-08-25,2025-07-31,196,0,0,0,0
2025-03-25,train,PF_0025101_01,194,3,7525,2024-08-25,2025-07-31,196,0,0,0,0
2025-03-25,train,PF_0025101_01,194,4,7525,2024-08-25,2025-07-31,196,0,0,0,0
2025-03-25,train,PF_0025101_01,194,5,7525,2024-08-25,2025-07-31,196,0,0,0,1
2025-03-25,train,PF_0025101_01,194,6,7525,2024-08-25,2025-07-31,196,0,0,0,1
2025-03-25,train,PF_0025101_01,194,7,7525,2024-08-25,2025-07-31,196,0,0,0,0
2025-03-25,train,PF_0025101_01,194,8,7525,2024-08-25,2025-07-31,196,0,0,0,0
2025-03-25,train,PF_0025101_01,194,9,7525,2024-08-25,2025-07-31,196,0,0,0,4
2025-03-25,train,PF_0025108_01,205,1,7519,2024-07-26,2025-06-16,207,0,0,0,1
2025-03-25,train,PF_0025108_01,205,2,7519,2024-07-26,2025-06-16,207,0,0,0,1
2025-03-25,train,PF_0025108_01,205,3,7519,2024-07-26,2025-06-16,207,0,0,0,2
2025-03-25,train,PF_0025108_01,205,4,7519,2024-07-26,2025-06-16,207,0,0,0,1
2025-03-25,train,PF_0025108_01,205,5,7519,2024-07-26,2025-06-16,207,0,0,0,1
2025-03-25,train,PF_0025108_01,205,6,7519,2024-07-26,2025-06-16,207,0,0,0,2
2025-03-25,train,PF_0025108_01,205,7,7519,2024-07-26,2025-06-16,207,0,0,0,1
2025-03-25,train,PF_0025108_01,205,8,7519,2024-07-26,2025-06-16,207,0,0,0,2
2025-03-25,train,PF_0025108_01,205,9,7519,2024-07-26,2025-06-16,207,0,0,0,2
2025-03-26,train,PF_0024696_01,175,1,7550,2024-09-05,2025-06-30,175,0,0,0,1
2025-03-26,train,PF_0024696_01,175,2,7550,2024-09-05,2025-06-30,175,0,0,0,2
2025-03-26,train,PF_0024696_01,175,3,7550,2024-09-05,2025-06-30,175,0,0,0,3
2025-03-26,train,PF_0024696_01,175,4,7550,2024-09-05,2025-06-30,175,0,0,0,3
2025-03-26,train,PF_0024696_01,175,5,7550,2024-09-05,2025-06-30,175,0,0,0,3
2025-03-26,train,PF_0024696_01,175,6,7550,2024-09-05,2025-06-30,175,0,0,0,5
2025-03-26,train,PF_0024696_01,175,7,7550,2024-09-05,2025-06-30,175,0,0,0,3
2025-03-26,train,PF_0024696_01,175,8,7550,2024-09-05,2025-06-30,175,0,0,0,3
2025-03-26,train,PF_0024696_01,175,9,7550,2024-09-05,2025-06-30,175,0,0,0,3
2025-03-26,test,PF_0024697_01,177,1,7549,2024-09-05,2025-06-30,178,0,0,0,3
2025-03-26,test,PF_0024697_01,177,2,7549,2024-09-05,2025-06-30,178,0,0,0,2
2025-03-26,test,PF_0024697_01,177,3,7549,2024-09-05,2025-06-30,178,0,0,0,3
2025-03-26,test,PF_0024697_01,177,4,7549,2024-09-05,2025-06-30,178,0,0,0,3
2025-03-26,test,PF_0024697_01,177,5,7549,2024-09-05,2025-06-30,178,0,0,0,3
2025-03-26,test,PF_0024697_01,177,6,7549,2024-09-05,2025-06-30,178,0,0,0,2
2025-03-26,test,PF_0024697_01,177,7,7549,2024-09-05,2025-06-30,178,0,0,0,1
2025-03-26,test,PF_0024697_01,177,8,7549,2024-09-05,2025-06-30,178,0,0,0,3
2025-03-26,test,PF_0024697_01,177,9,7549,2024-09-05,2025-06-30,178,0,0,0,3
2025-03-28,train,PF_0020209_01,80,1,7534,2024-08-19,2025-07-15,80,0,0,0,2
2025-03-28,train,PF_0020209_01,80,2,7534,2024-08-19,2025-07-15,80,0,0,0,2
2025-03-28,train,PF_0020209_01,80,3,7534,2024-08-19,2025-07-15,80,0,0,0,2
2025-03-28,train,PF_0020209_01,80,4,7534,2024-08-19,2025-07-15,80,0,0,0,2
2025-03-28,train,PF_0020209_01,80,5,7534,2024-08-19,2025-07-15,80,0,0,0,2
2025-03-28,train,PF_0020209_01,80,7,7534,2024-08-19,2025-07-15,80,0,0,0,2
2025-03-28,train,PF_0020209_01,80,8,7534,2024-08-19,2025-07-15,80,0,0,0,3
2025-03-28,train,PF_0020209_01,80,9,7534,2024-08-19,2025-07-15,80,0,0,0,2
2025-03-29,validation,PF_0024689_01,163,1,7557,2024-07-01,2025-07-31,163,0,0,0,1
2025-03-29,validation,PF_0024689_01,163,2,7557,2024-07-01,2025-07-31,163,0,0,0,0
2025-03-29,validation,PF_0024689_01,163,3,7557,2024-07-01,2025-07-31,163,0,0,0,2
2025-03-29,validation,PF_0024689_01,163,4,7557,2024-07-01,2025-07-31,163,0,0,0,0
2025-03-29,validation,PF_0024689_01,163,5,7557,2024-07-01,2025-07-31,163,0,0,0,0
2025-03-29,validation,PF_0024689_01,163,6,7557,2024-07-01,2025-07-31,163,0,0,0,1
2025-03-29,validation,PF_0024689_01,163,7,7557,2024-07-01,2025-07-31,163,0,0,0,0
2025-03-29,validation,PF_0024689_01,163,8,7557,2024-07-01,2025-07-31,163,0,0,0,3
2025-03-29,validation,PF_0024689_01,163,9,7557,2024-07-01,2025-07-31,163,0,0,0,0
2025-04-01,train,PF_0025101_01,194,1,7525,2024-08-25,2025-07-31,196,0,0,0,0
2025-04-01,train,PF_0025101_01,194,2,7525,2024-08-25,2025-07-31,196,0,0,0,0
2025-04-01,train,PF_0025101_01,194,3,7525,2024-08-25,2025-07-31,196,0,0,0,0
2025-04-01,train,PF_0025101_01,194,4,7525,2024-08-25,2025-07-31,196,0,0,0,0
2025-04-01,train,PF_0025101_01,194,5,7525,2024-08-25,2025-07-31,196,0,0,0,2
2025-04-01,train,PF_0025101_01,194,6,7525,2024-08-25,2025-07-31,196,0,0,0,3
2025-04-01,train,PF_0025101_01,194,8,7525,2024-08-25,2025-07-31,196,0,0,0,1
2025-04-01,train,PF_0025101_01,194,9,7525,2024-08-25,2025-07-31,196,0,0,0,3
2025-04-01,train,PF_0025108_01,205,1,7519,2024-07-26,2025-06-16,207,0,0,0,2
2025-04-01,train,PF_0025108_01,205,2,7519,2024-07-26,2025-06-16,207,0,0,0,3
2025-04-01,train,PF_0025108_01,205,3,7519,2024-07-26,2025-06-16,207,0,0,0,2
2025-04-01,train,PF_0025108_01,205,4,7519,2024-07-26,2025-06-16,207,0,0,0,1
2025-04-01,train,PF_0025108_01,205,5,7519,2024-07-26,2025-06-16,207,0,0,0,0
2025-04-01,train,PF_0025108_01,205,6,7519,2024-07-26,2025-06-16,207,0,0,0,2
2025-04-01,train,PF_0025108_01,205,7,7519,2024-07-26,2025-06-16,207,0,0,0,2
2025-04-01,train,PF_0025108_01,205,8,7519,2024-07-26,2025-06-16,207,0,0,0,3
2025-04-01,train,PF_0025108_01,205,9,7519,2024-07-26,2025-06-16,207,0,0,0,1
2025-04-02,train,PF_0020209_01,80,1,7534,2024-08-19,2025-07-15,80,0,0,0,1
2025-04-02,train,PF_0020209_01,80,2,7534,2024-08-19,2025-07-15,80,0,0,0,0
2025-04-02,train,PF_0020209_01,80,3,7534,2024-08-19,2025-07-15,80,0,0,0,0
2025-04-02,train,PF_0020209_01,80,4,7534,2024-08-19,2025-07-15,80,0,0,0,0
2025-04-02,train,PF_0020209_01,80,5,7534,2024-08-19,2025-07-15,80,0,0,0,2
2025-04-02,train,PF_0020209_01,80,7,7534,2024-08-19,2025-07-15,80,0,0,0,0
2025-04-02,train,PF_0020209_01,80,8,7534,2024-08-19,2025-07-15,80,0,0,0,1
2025-04-02,train,PF_0020209_01,80,9,7534,2024-08-19,2025-07-15,80,0,0,0,0
2025-04-02,train,PF_0024696_01,175,1,7550,2024-09-05,2025-06-30,175,0,0,0,3
2025-04-02,train,PF_0024696_01,175,2,7550,2024-09-05,2025-06-30,175,0,0,0,2
2025-04-02,train,PF_0024696_01,175,3,7550,2024-09-05,2025-06-30,175,0,0,0,1
2025-04-02,train,PF_0024696_01,175,4,7550,2024-09-05,2025-06-30,175,0,0,0,1
2025-04-02,train,PF_0024696_01,175,5,7550,2024-09-05,2025-06-30,175,0,0,0,2
2025-04-02,train,PF_0024696_01,175,6,7550,2024-09-05,2025-06-30,175,0,0,0,2
2025-04-02,train,PF_0024696_01,175,7,7550,2024-09-05,2025-06-30,175,0,0,0,2
2025-04-02,train,PF_0024696_01,175,8,7550,2024-09-05,2025-06-30,175,0,0,0,2
2025-04-02,train,PF_0024696_01,175,9,7550,2024-09-05,2025-06-30,175,0,0,0,0
2025-04-02,test,PF_0024697_01,177,1,7549,2024-09-05,2025-06-30,178,0,0,0,1
2025-04-02,test,PF_0024697_01,177,2,7549,2024-09-05,2025-06-30,178,0,0,0,1
2025-04-02,test,PF_0024697_01,177,3,7549,2024-09-05,2025-06-30,178,0,0,0,4
2025-04-02,test,PF_0024697_01,177,4,7549,2024-09-05,2025-06-30,178,0,0,0,4
2025-04-02,test,PF_0024697_01,177,5,7549,2024-09-05,2025-06-30,178,0,0,0,2
2025-04-02,test,PF_0024697_01,177,6,7549,2024-09-05,2025-06-30,178,0,0,0,1
2025-04-02,test,PF_0024697_01,177,7,7549,2024-09-05,2025-06-30,178,0,0,0,2
2025-04-02,test,PF_0024697_01,177,8,7549,2024-09-05,2025-06-30,178,0,0,0,2
2025-04-02,test,PF_0024697_01,177,9,7549,2024-09-05,2025-06-30,178,0,0,0,2
2025-04-03,validation,PF_0024689_01,163,1,7557,2024-07-01,2025-07-31,163,0,0,0,0
2025-04-03,validation,PF_0024689_01,163,2,7557,2024-07-01,2025-07-31,163,0,0,0,0
2025-04-03,validation,PF_0024689_01,163,3,7557,2024-07-01,2025-07-31,163,0,0,0,0
2025-04-03,validation,PF_0024689_01,163,4,7557,2024-07-01,2025-07-31,163,0,0,0,0
2025-04-03,validation,PF_0024689_01,163,5,7557,2024-07-01,2025-07-31,163,0,0,0,0
2025-04-03,validation,PF_0024689_01,163,6,7557,2024-07-01,2025-07-31,163,0,0,0,0
2025-04-03,validation,PF_0024689_01,163,7,7557,2024-07-01,2025-07-31,163,0,0,0,0
2025-04-03,validation,PF_0024689_01,163,8,7557,2024-07-01,2025-07-31,163,0,0,0,0
2025-04-03,validation,PF_0024689_01,163,9,7557,2024-07-01,2025-07-31,163,0,0,0,0
2025-04-07,train,PF_0025108_01,205,1,7519,2024-07-26,2025-06-16,207,0,0,0,3
2025-04-07,train,PF_0025108_01,205,2,7519,2024-07-26,2025-06-16,207,0,0,0,2
2025-04-07,train,PF_0025108_01,205,3,7519,2024-07-26,2025-06-16,207,0,0,0,1
2025-04-07,train,PF_0025108_01,205,4,7519,2024-07-26,2025-06-16,207,0,0,0,3
2025-04-07,train,PF_0025108_01,205,5,7519,2024-07-26,2025-06-16,207,0,0,0,2
2025-04-07,train,PF_0025108_01,205,6,7519,2024-07-26,2025-06-16,207,0,0,0,2
2025-04-07,train,PF_0025108_01,205,7,7519,2024-07-26,2025-06-16,207,0,0,0,2
2025-04-07,train,PF_0025108_01,205,8,7519,2024-07-26,2025-06-16,207,0,0,0,1
2025-04-07,train,PF_0025108_01,205,9,7519,2024-07-26,2025-06-16,207,0,0,0,4
2025-04-08,train,PF_0020209_01,80,1,7534,2024-08-19,2025-07-15,80,0,0,0,2
2025-04-08,train,PF_0020209_01,80,2,7534,2024-08-19,2025-07-15,80,0,0,0,0
2025-04-08,train,PF_0020209_01,80,3,7534,2024-08-19,2025-07-15,80,0,0,0,2
2025-04-08,train,PF_0020209_01,80,4,7534,2024-08-19,2025-07-15,80,0,0,0,1
2025-04-08,train,PF_0020209_01,80,5,7534,2024-08-19,2025-07-15,80,0,0,0,2
2025-04-08,train,PF_0020209_01,80,7,7534,2024-08-19,2025-07-15,80,0,0,0,1
2025-04-08,train,PF_0020209_01,80,8,7534,2024-08-19,2025-07-15,80,0,0,0,1
2025-04-08,train,PF_0020209_01,80,9,7534,2024-08-19,2025-07-15,80,0,0,0,0
2025-04-08,train,PF_0024696_01,175,1,7550,2024-09-05,2025-06-30,175,0,0,0,1
2025-04-08,train,PF_0024696_01,175,2,7550,2024-09-05,2025-06-30,175,0,0,0,1
2025-04-08,train,PF_0024696_01,175,3,7550,2024-09-05,2025-06-30,175,0,0,0,1
2025-04-08,train,PF_0024696_01,175,4,7550,2024-09-05,2025-06-30,175,0,0,0,1
2025-04-08,train,PF_0024696_01,175,5,7550,2024-09-05,2025-06-30,175,0,0,0,1
2025-04-08,train,PF_0024696_01,175,6,7550,2024-09-05,2025-06-30,175,0,0,0,0
2025-04-08,train,PF_0024696_01,175,7,7550,2024-09-05,2025-06-30,175,0,0,0,2
2025-04-08,train,PF_0024696_01,175,8,7550,2024-09-05,2025-06-30,175,0,0,0,1
2025-04-08,train,PF_0024696_01,175,9,7550,2024-09-05,2025-06-30,175,0,0,0,2
2025-04-08,test,PF_0024697_01,177,1,7549,2024-09-05,2025-06-30,178,0,0,0,1
2025-04-08,test,PF_0024697_01,177,2,7549,2024-09-05,2025-06-30,178,0,0,0,2
2025-04-08,test,PF_0024697_01,177,3,7549,2024-09-05,2025-06-30,178,0,0,0,1
2025-04-08,test,PF_0024697_01,177,4,7549,2024-09-05,2025-06-30,178,0,0,0,1
2025-04-08,test,PF_0024697_01,177,5,7549,2024-09-05,2025-06-30,178,0,0,0,0
2025-04-08,test,PF_0024697_01,177,6,7549,2024-09-05,2025-06-30,178,0,0,0,1
2025-04-08,test,PF_0024697_01,177,7,7549,2024-09-05,2025-06-30,178,0,0,0,2
2025-04-08,test,PF_0024697_01,177,8,7549,2024-09-05,2025-06-30,178,0,0,0,3
2025-04-08,test,PF_0024697_01,177,9,7549,2024-09-05,2025-06-30,178,0,0,0,1
2025-04-09,validation,PF_0024689_01,163,1,7557,2024-07-01,2025-07-31,163,0,0,0,0
2025-04-09,validation,PF_0024689_01,163,2,7557,2024-07-01,2025-07-31,163,0,0,0,0
2025-04-09,validation,PF_0024689_01,163,3,7557,2024-07-01,2025-07-31,163,0,0,0,1
2025-04-09,validation,PF_0024689_01,163,4,7557,2024-07-01,2025-07-31,163,0,0,0,0
2025-04-09,validation,PF_0024689_01,163,5,7557,2024-07-01,2025-07-31,163,0,0,0,0
2025-04-09,validation,PF_0024689_01,163,6,7557,2024-07-01,2025-07-31,163,0,0,0,0
2025-04-09,validation,PF_0024689_01,163,7,7557,2024-07-01,2025-07-31,163,0,0,0,0
2025-04-09,validation,PF_0024689_01,163,8,7557,2024-07-01,2025-07-31,163,0,0,0,0
2025-04-09,validation,PF_0024689_01,163,9,7557,2024-07-01,2025-07-31,163,0,0,0,0
2025-04-14,train,PF_0025108_01,205,1,7519,2024-07-26,2025-06-16,207,0,0,0,2
2025-04-14,train,PF_0025108_01,205,2,7519,2024-07-26,2025-06-16,207,0,0,0,4
2025-04-14,train,PF_0025108_01,205,3,7519,2024-07-26,2025-06-16,207,0,0,0,3
2025-04-14,train,PF_0025108_01,205,4,7519,2024-07-26,2025-06-16,207,0,0,0,3
2025-04-14,train,PF_0025108_01,205,5,7519,2024-07-26,2025-06-16,207,0,0,0,1
2025-04-14,train,PF_0025108_01,205,6,7519,2024-07-26,2025-06-16,207,0,0,0,1
2025-04-14,train,PF_0025108_01,205,7,7519,2024-07-26,2025-06-16,207,0,0,0,1
2025-04-14,train,PF_0025108_01,205,8,7519,2024-07-26,2025-06-16,207,0,0,0,1
2025-04-14,train,PF_0025108_01,205,9,7519,2024-07-26,2025-06-16,207,0,0,0,2
2025-04-15,train,PF_0020209_01,80,1,7534,2024-08-19,2025-07-15,80,0,0,0,1
2025-04-15,train,PF_0020209_01,80,2,7534,2024-08-19,2025-07-15,80,0,0,0,2
2025-04-15,train,PF_0020209_01,80,3,7534,2024-08-19,2025-07-15,80,0,0,0,2
2025-04-15,train,PF_0020209_01,80,4,7534,2024-08-19,2025-07-15,80,0,0,0,1
2025-04-15,train,PF_0020209_01,80,5,7534,2024-08-19,2025-07-15,80,0,0,0,2
2025-04-15,train,PF_0020209_01,80,7,7534,2024-08-19,2025-07-15,80,0,0,0,2
2025-04-15,train,PF_0020209_01,80,8,7534,2024-08-19,2025-07-15,80,0,0,0,2
2025-04-15,train,PF_0020209_01,80,9,7534,2024-08-19,2025-07-15,80,0,0,0,2
2025-04-15,train,PF_0024696_01,175,1,7550,2024-09-05,2025-06-30,175,0,0,0,1
2025-04-15,train,PF_0024696_01,175,2,7550,2024-09-05,2025-06-30,175,0,0,0,1
2025-04-15,train,PF_0024696_01,175,3,7550,2024-09-05,2025-06-30,175,0,0,0,2
2025-04-15,train,PF_0024696_01,175,4,7550,2024-09-05,2025-06-30,175,0,0,0,3
2025-04-15,train,PF_0024696_01,175,5,7550,2024-09-05,2025-06-30,175,0,0,0,2
2025-04-15,train,PF_0024696_01,175,6,7550,2024-09-05,2025-06-30,175,0,0,0,2
2025-04-15,train,PF_0024696_01,175,7,7550,2024-09-05,2025-06-30,175,0,0,0,1
2025-04-15,train,PF_0024696_01,175,8,7550,2024-09-05,2025-06-30,175,0,0,0,2
2025-04-15,train,PF_0024696_01,175,9,7550,2024-09-05,2025-06-30,175,0,0,0,3
2025-04-15,test,PF_0024697_01,177,1,7549,2024-09-05,2025-06-30,178,0,0,0,1
2025-04-15,test,PF_0024697_01,177,2,7549,2024-09-05,2025-06-30,178,0,0,0,2
2025-04-15,test,PF_0024697_01,177,3,7549,2024-09-05,2025-06-30,178,0,0,0,2
2025-04-15,test,PF_0024697_01,177,4,7549,2024-09-05,2025-06-30,178,0,0,0,2
2025-04-15,test,PF_0024697_01,177,5,7549,2024-09-05,2025-06-30,178,0,0,0,3
2025-04-15,test,PF_0024697_01,177,6,7549,2024-09-05,2025-06-30,178,0,0,0,2
2025-04-15,test,PF_0024697_01,177,7,7549,2024-09-05,2025-06-30,178,0,0,0,2
2025-04-15,test,PF_0024697_01,177,8,7549,2024-09-05,2025-06-30,178,0,0,0,4
2025-04-15,test,PF_0024697_01,177,9,7549,2024-09-05,2025-06-30,178,0,0,0,3
2025-04-16,validation,PF_0024689_01,163,1,7557,2024-07-01,2025-07-31,163,0,0,0,0
2025-04-16,validation,PF_0024689_01,163,2,7557,2024-07-01,2025-07-31,163,0,0,0,0
2025-04-16,validation,PF_0024689_01,163,3,7557,2024-07-01,2025-07-31,163,0,0,0,0
2025-04-16,validation,PF_0024689_01,163,4,7557,2024-07-01,2025-07-31,163,0,0,0,0
2025-04-16,validation,PF_0024689_01,163,5,7557,2024-07-01,2025-07-31,163,0,0,0,0
2025-04-16,validation,PF_0024689_01,163,6,7557,2024-07-01,2025-07-31,163,0,0,0,0
2025-04-16,validation,PF_0024689_01,163,7,7557,2024-07-01,2025-07-31,163,0,0,0,0
2025-04-16,validation,PF_0024689_01,163,8,7557,2024-07-01,2025-07-31,163,0,0,0,0
2025-04-16,validation,PF_0024689_01,163,9,7557,2024-07-01,2025-07-31,163,0,0,0,0
2025-04-21,train,PF_0025108_01,205,1,7519,2024-07-26,2025-06-16,207,0,0,0,2
2025-04-21,train,PF_0025108_01,205,2,7519,2024-07-26,2025-06-16,207,0,0,0,5
2025-04-21,train,PF_0025108_01,205,3,7519,2024-07-26,2025-06-16,207,0,0,0,3
2025-04-21,train,PF_0025108_01,205,4,7519,2024-07-26,2025-06-16,207,0,0,0,3
2025-04-21,train,PF_0025108_01,205,5,7519,2024-07-26,2025-06-16,207,0,0,0,3
2025-04-21,train,PF_0025108_01,205,6,7519,2024-07-26,2025-06-16,207,0,0,0,2
2025-04-21,train,PF_0025108_01,205,7,7519,2024-07-26,2025-06-16,207,0,0,0,3
2025-04-21,train,PF_0025108_01,205,8,7519,2024-07-26,2025-06-16,207,0,0,0,4
2025-04-21,train,PF_0025108_01,205,9,7519,2024-07-26,2025-06-16,207,0,0,0,1
2025-04-22,train,PF_0020209_01,80,1,7534,2024-08-19,2025-07-15,80,0,0,0,1
2025-04-22,train,PF_0020209_01,80,2,7534,2024-08-19,2025-07-15,80,0,0,0,0
2025-04-22,train,PF_0020209_01,80,3,7534,2024-08-19,2025-07-15,80,0,0,0,2
2025-04-22,train,PF_0020209_01,80,4,7534,2024-08-19,2025-07-15,80,0,0,0,0
2025-04-22,train,PF_0020209_01,80,5,7534,2024-08-19,2025-07-15,80,0,0,0,2
2025-04-22,train,PF_0020209_01,80,7,7534,2024-08-19,2025-07-15,80,0,0,0,1
2025-04-22,train,PF_0020209_01,80,8,7534,2024-08-19,2025-07-15,80,0,0,0,1
2025-04-22,train,PF_0020209_01,80,9,7534,2024-08-19,2025-07-15,80,0,0,0,1
2025-04-22,train,PF_0024696_01,175,1,7550,2024-09-05,2025-06-30,175,0,0,0,2
2025-04-22,train,PF_0024696_01,175,2,7550,2024-09-05,2025-06-30,175,0,0,0,2
2025-04-22,train,PF_0024696_01,175,3,7550,2024-09-05,2025-06-30,175,0,0,0,2
2025-04-22,train,PF_0024696_01,175,4,7550,2024-09-05,2025-06-30,175,0,0,0,2
2025-04-22,train,PF_0024696_01,175,5,7550,2024-09-05,2025-06-30,175,0,0,0,3
2025-04-22,train,PF_0024696_01,175,6,7550,2024-09-05,2025-06-30,175,0,0,0,2
2025-04-22,train,PF_0024696_01,175,7,7550,2024-09-05,2025-06-30,175,0,0,0,0
2025-04-22,train,PF_0024696_01,175,8,7550,2024-09-05,2025-06-30,175,0,0,0,3
2025-04-22,train,PF_0024696_01,175,9,7550,2024-09-05,2025-06-30,175,0,0,0,3
2025-04-22,test,PF_0024697_01,177,1,7549,2024-09-05,2025-06-30,178,0,0,0,2
2025-04-22,test,PF_0024697_01,177,2,7549,2024-09-05,2025-06-30,178,0,0,0,0
2025-04-22,test,PF_0024697_01,177,3,7549,2024-09-05,2025-06-30,178,0,0,0,2
2025-04-22,test,PF_0024697_01,177,4,7549,2024-09-05,2025-06-30,178,0,0,0,1
2025-04-22,test,PF_0024697_01,177,5,7549,2024-09-05,2025-06-30,178,0,0,0,2
2025-04-22,test,PF_0024697_01,177,6,7549,2024-09-05,2025-06-30,178,0,0,0,2
2025-04-22,test,PF_0024697_01,177,7,7549,2024-09-05,2025-06-30,178,0,0,0,1
2025-04-22,test,PF_0024697_01,177,8,7549,2024-09-05,2025-06-30,178,0,0,0,1
2025-04-22,test,PF_0024697_01,177,9,7549,2024-09-05,2025-06-30,178,0,0,0,3
2025-04-23,validation,PF_0024689_01,163,1,7557,2024-07-01,2025-07-31,163,0,0,0,0
2025-04-23,validation,PF_0024689_01,163,2,7557,2024-07-01,2025-07-31,163,0,0,0,0
2025-04-23,validation,PF_0024689_01,163,3,7557,2024-07-01,2025-07-31,163,0,0,0,0
2025-04-23,validation,PF_0024689_01,163,4,7557,2024-07-01,2025-07-31,163,0,0,0,0
2025-04-23,validation,PF_0024689_01,163,5,7557,2024-07-01,2025-07-31,163,0,0,0,0
2025-04-23,validation,PF_0024689_01,163,6,7557,2024-07-01,2025-07-31,163,0,0,0,0
2025-04-23,validation,PF_0024689_01,163,7,7557,2024-07-01,2025-07-31,163,0,0,0,0
2025-04-23,validation,PF_0024689_01,163,8,7557,2024-07-01,2025-07-31,163,0,0,0,0
2025-04-23,validation,PF_0024689_01,163,9,7557,2024-07-01,2025-07-31,163,0,0,0,0
2025-04-28,train,PF_0025108_01,205,1,7519,2024-07-26,2025-06-16,207,0,0,0,1
2025-04-28,train,PF_0025108_01,205,2,7519,2024-07-26,2025-06-16,207,0,0,0,0
2025-04-28,train,PF_0025108_01,205,3,7519,2024-07-26,2025-06-16,207,0,0,0,0
2025-04-28,train,PF_0025108_01,205,4,7519,2024-07-26,2025-06-16,207,0,0,0,1
2025-04-28,train,PF_0025108_01,205,5,7519,2024-07-26,2025-06-16,207,0,0,0,0
2025-04-28,train,PF_0025108_01,205,6,7519,2024-07-26,2025-06-16,207,0,0,0,2
2025-04-28,train,PF_0025108_01,205,7,7519,2024-07-26,2025-06-16,207,0,0,0,2
2025-04-28,train,PF_0025108_01,205,8,7519,2024-07-26,2025-06-16,207,0,0,0,3
2025-04-28,train,PF_0025108_01,205,9,7519,2024-07-26,2025-06-16,207,0,0,0,3
2025-04-29,train,PF_0020209_01,80,1,7534,2024-08-19,2025-07-15,80,0,0,0,2
2025-04-29,train,PF_0020209_01,80,2,7534,2024-08-19,2025-07-15,80,0,0,0,2
2025-04-29,train,PF_0020209_01,80,3,7534,2024-08-19,2025-07-15,80,0,0,0,2
2025-04-29,train,PF_0020209_01,80,4,7534,2024-08-19,2025-07-15,80,0,0,0,2
2025-04-29,train,PF_0020209_01,80,5,7534,2024-08-19,2025-07-15,80,0,0,0,2
2025-04-29,train,PF_0020209_01,80,7,7534,2024-08-19,2025-07-15,80,0,0,0,1
2025-04-29,train,PF_0020209_01,80,8,7534,2024-08-19,2025-07-15,80,0,0,0,1
2025-04-29,train,PF_0020209_01,80,9,7534,2024-08-19,2025-07-15,80,0,0,0,2
2025-04-29,train,PF_0024696_01,175,1,7550,2024-09-05,2025-06-30,175,0,0,0,2
2025-04-29,train,PF_0024696_01,175,2,7550,2024-09-05,2025-06-30,175,0,0,0,2
2025-04-29,train,PF_0024696_01,175,3,7550,2024-09-05,2025-06-30,175,0,0,0,2
2025-04-29,train,PF_0024696_01,175,4,7550,2024-09-05,2025-06-30,175,0,0,0,1
2025-04-29,train,PF_0024696_01,175,5,7550,2024-09-05,2025-06-30,175,0,0,0,2
2025-04-29,train,PF_0024696_01,175,6,7550,2024-09-05,2025-06-30,175,0,0,0,0
2025-04-29,train,PF_0024696_01,175,7,7550,2024-09-05,2025-06-30,175,0,0,0,0
2025-04-29,train,PF_0024696_01,175,8,7550,2024-09-05,2025-06-30,175,0,0,0,2
2025-04-29,train,PF_0024696_01,175,9,7550,2024-09-05,2025-06-30,175,0,0,0,1
2025-04-29,test,PF_0024697_01,177,1,7549,2024-09-05,2025-06-30,178,0,0,0,3
2025-04-29,test,PF_0024697_01,177,2,7549,2024-09-05,2025-06-30,178,0,0,0,2
2025-04-29,test,PF_0024697_01,177,3,7549,2024-09-05,2025-06-30,178,0,0,0,2
2025-04-29,test,PF_0024697_01,177,4,7549,2024-09-05,2025-06-30,178,0,0,0,2
2025-04-29,test,PF_0024697_01,177,5,7549,2024-09-05,2025-06-30,178,0,0,0,4
2025-04-29,test,PF_0024697_01,177,6,7549,2024-09-05,2025-06-30,178,0,0,0,2
2025-04-29,test,PF_0024697_01,177,7,7549,2024-09-05,2025-06-30,178,0,0,0,2
2025-04-29,test,PF_0024697_01,177,8,7549,2024-09-05,2025-06-30,178,0,0,0,1
2025-04-29,test,PF_0024697_01,177,9,7549,2024-09-05,2025-06-30,178,0,0,0,2
2025-04-30,validation,PF_0024689_01,163,1,7557,2024-07-01,2025-07-31,163,0,0,0,0
2025-04-30,validation,PF_0024689_01,163,2,7557,2024-07-01,2025-07-31,163,0,0,0,0
2025-04-30,validation,PF_0024689_01,163,3,7557,2024-07-01,2025-07-31,163,0,0,0,0
2025-04-30,validation,PF_0024689_01,163,4,7557,2024-07-01,2025-07-31,163,0,0,0,0
2025-04-30,validation,PF_0024689_01,163,5,7557,2024-07-01,2025-07-31,163,0,0,0,0
2025-04-30,validation,PF_0024689_01,163,6,7557,2024-07-01,2025-07-31,163,0,0,0,0
2025-04-30,validation,PF_0024689_01,163,7,7557,2024-07-01,2025-07-31,163,0,0,0,0
2025-04-30,validation,PF_0024689_01,163,8,7557,2024-07-01,2025-07-31,163,0,0,0,0
2025-04-30,validation,PF_0024689_01,163,9,7557,2024-07-01,2025-07-31,163,0,0,0,0
2025-05-23,train,PF_0025108_01,205,1,7519,2024-07-26,2025-06-16,207,0,0,0,0
2025-05-23,train,PF_0025108_01,205,2,7519,2024-07-26,2025-06-16,207,0,0,0,0
2025-05-23,train,PF_0025108_01,205,3,7519,2024-07-26,2025-06-16,207,0,0,0,0
2025-05-23,train,PF_0025108_01,205,4,7519,2024-07-26,2025-06-16,207,0,0,0,0
2025-05-23,train,PF_0025108_01,205,5,7519,2024-07-26,2025-06-16,207,0,0,0,0
2025-05-23,train,PF_0025108_01,205,6,7519,2024-07-26,2025-06-16,207,0,0,0,0
2025-05-23,train,PF_0025108_01,205,7,7519,2024-07-26,2025-06-16,207,0,0,0,0
2025-05-23,train,PF_0025108_01,205,8,7519,2024-07-26,2025-06-16,207,0,0,0,0
2025-05-23,train,PF_0025108_01,205,9,7519,2024-07-26,2025-06-16,207,0,0,0,0
2025-05-25,train,PF_0020209_01,80,1,7534,2024-08-19,2025-07-15,80,0,0,0,0
2025-05-25,train,PF_0020209_01,80,2,7534,2024-08-19,2025-07-15,80,0,0,0,0
2025-05-25,train,PF_0020209_01,80,3,7534,2024-08-19,2025-07-15,80,0,0,0,0
2025-05-25,train,PF_0020209_01,80,4,7534,2024-08-19,2025-07-15,80,0,0,0,0
2025-05-25,train,PF_0020209_01,80,5,7534,2024-08-19,2025-07-15,80,0,0,0,0
2025-05-25,train,PF_0020209_01,80,7,7534,2024-08-19,2025-07-15,80,0,0,0,0
2025-05-25,train,PF_0020209_01,80,8,7534,2024-08-19,2025-07-15,80,0,0,0,0
2025-05-25,train,PF_0020209_01,80,9,7534,2024-08-19,2025-07-15,80,0,0,0,0
2025-05-29,train,PF_0025108_01,205,1,7519,2024-07-26,2025-06-16,207,0,0,0,2
2025-05-29,train,PF_0025108_01,205,3,7519,2024-07-26,2025-06-16,207,0,0,0,0
2025-05-29,train,PF_0025108_01,205,5,7519,2024-07-26,2025-06-16,207,0,0,0,0
2025-05-29,train,PF_0025108_01,205,7,7519,2024-07-26,2025-06-16,207,0,0,0,0
2025-05-29,train,PF_0025108_01,205,8,7519,2024-07-26,2025-06-16,207,0,0,0,0
2025-05-30,train,PF_0020209_01,80,1,7534,2024-08-19,2025-07-15,80,0,0,0,2
2025-05-30,train,PF_0020209_01,80,2,7534,2024-08-19,2025-07-15,80,0,0,0,0
2025-05-30,train,PF_0020209_01,80,3,7534,2024-08-19,2025-07-15,80,0,0,0,1
2025-05-30,train,PF_0020209_01,80,4,7534,2024-08-19,2025-07-15,80,0,0,0,2
2025-05-30,train,PF_0020209_01,80,5,7534,2024-08-19,2025-07-15,80,0,0,0,0
2025-05-30,train,PF_0020209_01,80,8,7534,2024-08-19,2025-07-15,80,0,0,0,0
2025-05-30,train,PF_0020209_01,80,9,7534,2024-08-19,2025-07-15,80,0,0,0,0
2025-06-06,train,PF_0020209_01,80,1,7534,2024-08-19,2025-07-15,80,0,0,0,2
2025-06-06,train,PF_0020209_01,80,2,7534,2024-08-19,2025-07-15,80,0,0,0,0
2025-06-06,train,PF_0020209_01,80,3,7534,2024-08-19,2025-07-15,80,0,0,0,1
2025-06-06,train,PF_0020209_01,80,4,7534,2024-08-19,2025-07-15,80,0,0,0,3
2025-06-06,train,PF_0020209_01,80,5,7534,2024-08-19,2025-07-15,80,0,0,0,1
2025-06-06,train,PF_0020209_01,80,8,7534,2024-08-19,2025-07-15,80,0,0,0,2
2025-06-06,train,PF_0020209_01,80,9,7534,2024-08-19,2025-07-15,80,0,0,0,3
2025-06-07,train,PF_0025108_01,205,1,7519,2024-07-26,2025-06-16,207,0,0,0,0
2025-06-07,train,PF_0025108_01,205,3,7519,2024-07-26,2025-06-16,207,0,0,0,0
2025-06-07,train,PF_0025108_01,205,5,7519,2024-07-26,2025-06-16,207,0,0,0,0
2025-06-07,train,PF_0025108_01,205,7,7519,2024-07-26,2025-06-16,207,0,0,0,0
2025-06-07,train,PF_0025108_01,205,8,7519,2024-07-26,2025-06-16,207,0,0,0,0
2025-06-13,train,PF_0020209_01,80,1,7534,2024-08-19,2025-07-15,80,0,0,0,2
2025-06-13,train,PF_0020209_01,80,2,7534,2024-08-19,2025-07-15,80,0,0,0,3
2025-06-13,train,PF_0020209_01,80,3,7534,2024-08-19,2025-07-15,80,0,0,0,2
2025-06-13,train,PF_0020209_01,80,4,7534,2024-08-19,2025-07-15,80,0,0,0,4
2025-06-13,train,PF_0020209_01,80,5,7534,2024-08-19,2025-07-15,80,0,0,0,2
2025-06-13,train,PF_0020209_01,80,8,7534,2024-08-19,2025-07-15,80,0,0,0,0
2025-06-13,train,PF_0020209_01,80,9,7534,2024-08-19,2025-07-15,80,0,0,0,3
2025-08-06,train,PF_0025108_01,206,1,9048,2025-07-10,2026-06-30,208,0,4,,4
2025-08-06,train,PF_0025108_01,206,2,9048,2025-07-10,2026-06-30,208,1,3,,4
2025-08-06,train,PF_0025108_01,206,3,9048,2025-07-10,2026-06-30,208,2,2,,4
2025-08-06,train,PF_0025108_01,206,4,9048,2025-07-10,2026-06-30,208,1,3,,4
2025-08-06,train,PF_0025108_01,206,5,9048,2025-07-10,2026-06-30,208,3,2,,5
2025-08-06,train,PF_0025108_01,206,6,9048,2025-07-10,2026-06-30,208,1,2,,3
2025-08-06,train,PF_0025108_01,206,7,9048,2025-07-10,2026-06-30,208,2,3,,5
2025-08-06,train,PF_0025108_01,206,8,9048,2025-07-10,2026-06-30,208,2,4,,6
2025-08-06,train,PF_0025108_01,206,9,9048,2025-07-10,2026-06-30,208,0,2,,2
2025-08-13,train,PF_0025108_01,206,1,9048,2025-07-10,2026-06-30,208,0,0,2,2
2025-08-13,train,PF_0025108_01,206,2,9048,2025-07-10,2026-06-30,208,0,2,2,5
2025-08-13,train,PF_0025108_01,206,3,9048,2025-07-10,2026-06-30,208,1,0,2,3
2025-08-13,train,PF_0025108_01,206,4,9048,2025-07-10,2026-06-30,208,0,0,2,4
2025-08-13,train,PF_0025108_01,206,5,9048,2025-07-10,2026-06-30,208,0,0,1,1
2025-08-13,train,PF_0025108_01,206,6,9048,2025-07-10,2026-06-30,208,0,0,1,1
2025-08-13,train,PF_0025108_01,206,7,9048,2025-07-10,2026-06-30,208,0,1,2,3
2025-08-13,train,PF_0025108_01,206,8,9048,2025-07-10,2026-06-30,208,0,0,3,3
2025-08-13,train,PF_0025108_01,206,9,9048,2025-07-10,2026-06-30,208,0,1,1,2
2025-08-20,train,PF_0025108_01,206,1,9048,2025-07-10,2026-06-30,208,0,0,0,3
2025-08-20,train,PF_0025108_01,206,2,9048,2025-07-10,2026-06-30,208,0,0,2,5
2025-08-20,train,PF_0025108_01,206,3,9048,2025-07-10,2026-06-30,208,0,0,2,5
2025-08-20,train,PF_0025108_01,206,4,9048,2025-07-10,2026-06-30,208,0,0,0,4
2025-08-20,train,PF_0025108_01,206,5,9048,2025-07-10,2026-06-30,208,0,0,0,2
2025-08-20,train,PF_0025108_01,206,6,9048,2025-07-10,2026-06-30,208,0,0,0,2
2025-08-20,train,PF_0025108_01,206,7,9048,2025-07-10,2026-06-30,208,0,0,0,4
2025-08-20,train,PF_0025108_01,206,8,9048,2025-07-10,2026-06-30,208,0,0,2,4
2025-08-20,train,PF_0025108_01,206,9,9048,2025-07-10,2026-06-30,208,0,0,0,3
2025-09-03,train,PF_0025108_01,206,1,9048,2025-07-10,2026-06-30,208,0,0,0,2
2025-09-03,train,PF_0025108_01,206,2,9048,2025-07-10,2026-06-30,208,0,0,0,1
2025-09-03,train,PF_0025108_01,206,3,9048,2025-07-10,2026-06-30,208,0,0,0,0
2025-09-03,train,PF_0025108_01,206,4,9048,2025-07-10,2026-06-30,208,0,0,0,3
2025-09-03,train,PF_0025108_01,206,5,9048,2025-07-10,2026-06-30,208,0,0,0,1
2025-09-03,train,PF_0025108_01,206,6,9048,2025-07-10,2026-06-30,208,0,0,0,4
2025-09-03,train,PF_0025108_01,206,7,9048,2025-07-10,2026-06-30,208,0,0,0,5
2025-09-03,train,PF_0025108_01,206,8,9048,2025-07-10,2026-06-30,208,0,0,0,3
2025-09-03,train,PF_0025108_01,206,9,9048,2025-07-10,2026-06-30,208,0,0,0,3
2025-09-10,train,PF_0024696_01,176,1,9003,2025-08-10,2026-06-01,176,0,2,,2
2025-09-10,train,PF_0024696_01,176,2,9003,2025-08-10,2026-06-01,176,0,2,,2
2025-09-10,train,PF_0024696_01,176,3,9003,2025-08-10,2026-06-01,176,0,3,,3
2025-09-10,train,PF_0024696_01,176,4,9003,2025-08-10,2026-06-01,176,4,3,,7
2025-09-10,train,PF_0024696_01,176,5,9003,2025-08-10,2026-06-01,176,0,4,,4
2025-09-10,train,PF_0024696_01,176,6,9003,2025-08-10,2026-06-01,176,3,2,,5
2025-09-10,train,PF_0024696_01,176,7,9003,2025-08-10,2026-06-01,176,1,2,,3
2025-09-10,train,PF_0024696_01,176,8,9003,2025-08-10,2026-06-01,176,0,,,0
2025-09-10,train,PF_0024696_01,176,9,9003,2025-08-10,2026-06-01,176,4,2,,6
2025-09-10,test,PF_0024697_01,178,1,9004,2025-08-10,2026-06-30,179,0,3,,3
2025-09-10,test,PF_0024697_01,178,2,9004,2025-08-10,2026-06-30,179,1,,,1
2025-09-10,test,PF_0024697_01,178,3,9004,2025-08-10,2026-06-30,179,1,,,1
2025-09-10,test,PF_0024697_01,178,4,9004,2025-08-10,2026-06-30,179,1,2,,3
2025-09-10,test,PF_0024697_01,178,5,9004,2025-08-10,2026-06-30,179,2,,,2
2025-09-10,test,PF_0024697_01,178,6,9004,2025-08-10,2026-06-30,179,1,,,1
2025-09-10,test,PF_0024697_01,178,7,9004,2025-08-10,2026-06-30,179,1,2,,3
2025-09-10,test,PF_0024697_01,178,8,9004,2025-08-10,2026-06-30,179,0,2,,2
2025-09-10,test,PF_0024697_01,178,9,9004,2025-08-10,2026-06-30,179,3,,,3
2025-09-10,train,PF_0025108_01,206,1,9048,2025-07-10,2026-06-30,208,0,0,0,1
2025-09-10,train,PF_0025108_01,206,2,9048,2025-07-10,2026-06-30,208,0,0,0,2
2025-09-10,train,PF_0025108_01,206,3,9048,2025-07-10,2026-06-30,208,0,0,0,4
2025-09-10,train,PF_0025108_01,206,4,9048,2025-07-10,2026-06-30,208,0,0,0,0
2025-09-10,train,PF_0025108_01,206,5,9048,2025-07-10,2026-06-30,208,0,0,0,4
2025-09-10,train,PF_0025108_01,206,6,9048,2025-07-10,2026-06-30,208,0,0,0,4
2025-09-10,train,PF_0025108_01,206,7,9048,2025-07-10,2026-06-30,208,0,0,0,5
2025-09-10,train,PF_0025108_01,206,8,9048,2025-07-10,2026-06-30,208,0,0,0,3
2025-09-10,train,PF_0025108_01,206,9,9048,2025-07-10,2026-06-30,208,0,0,0,4
2025-09-17,train,PF_0024696_01,176,1,9003,2025-08-10,2026-06-01,176,0,1,2,3
2025-09-17,train,PF_0024696_01,176,2,9003,2025-08-10,2026-06-01,176,0,2,2,4
2025-09-17,train,PF_0024696_01,176,3,9003,2025-08-10,2026-06-01,176,0,0,2,2
2025-09-17,train,PF_0024696_01,176,4,9003,2025-08-10,2026-06-01,176,0,0,2,2
2025-09-17,train,PF_0024696_01,176,5,9003,2025-08-10,2026-06-01,176,0,0,2,2
2025-09-17,train,PF_0024696_01,176,6,9003,2025-08-10,2026-06-01,176,0,2,2,4
2025-09-17,train,PF_0024696_01,176,7,9003,2025-08-10,2026-06-01,176,0,0,1,1
2025-09-17,train,PF_0024696_01,176,8,9003,2025-08-10,2026-06-01,176,0,1,,1
2025-09-17,train,PF_0024696_01,176,9,9003,2025-08-10,2026-06-01,176,0,2,2,4
2025-09-17,test,PF_0024697_01,178,1,9004,2025-08-10,2026-06-30,179,0,0,3,3
2025-09-17,test,PF_0024697_01,178,2,9004,2025-08-10,2026-06-30,179,0,5,,5
2025-09-17,test,PF_0024697_01,178,3,9004,2025-08-10,2026-06-30,179,0,3,,3
2025-09-17,test,PF_0024697_01,178,4,9004,2025-08-10,2026-06-30,179,0,0,1,1
2025-09-17,test,PF_0024697_01,178,5,9004,2025-08-10,2026-06-30,179,0,2,,2
2025-09-17,test,PF_0024697_01,178,6,9004,2025-08-10,2026-06-30,179,2,2,,4
2025-09-17,test,PF_0024697_01,178,7,9004,2025-08-10,2026-06-30,179,1,3,1,5
2025-09-17,test,PF_0024697_01,178,8,9004,2025-08-10,2026-06-30,179,0,3,2,5
2025-09-17,test,PF_0024697_01,178,9,9004,2025-08-10,2026-06-30,179,2,3,,5
2025-09-17,train,PF_0025108_01,206,1,9048,2025-07-10,2026-06-30,208,0,0,0,4
2025-09-17,train,PF_0025108_01,206,2,9048,2025-07-10,2026-06-30,208,0,0,0,2
2025-09-17,train,PF_0025108_01,206,3,9048,2025-07-10,2026-06-30,208,0,0,0,4
2025-09-17,train,PF_0025108_01,206,4,9048,2025-07-10,2026-06-30,208,0,0,0,2
2025-09-17,train,PF_0025108_01,206,5,9048,2025-07-10,2026-06-30,208,0,0,0,2
2025-09-17,train,PF_0025108_01,206,6,9048,2025-07-10,2026-06-30,208,0,0,0,2
2025-09-17,train,PF_0025108_01,206,7,9048,2025-07-10,2026-06-30,208,0,0,0,2
2025-09-17,train,PF_0025108_01,206,8,9048,2025-07-10,2026-06-30,208,0,0,0,2
2025-09-17,train,PF_0025108_01,206,9,9048,2025-07-10,2026-06-30,208,0,0,0,3
2025-09-23,test,PF_0026456_01,208,1,9811,2025-08-22,2026-07-31,210,0,0,,0
2025-09-23,test,PF_0026456_01,208,2,9811,2025-08-22,2026-07-31,210,0,3,,3
2025-09-23,test,PF_0026456_01,208,3,9811,2025-08-22,2026-07-31,210,0,1,,1
2025-09-23,test,PF_0026456_01,208,4,9811,2025-08-22,2026-07-31,210,0,3,,3
2025-09-23,test,PF_0026456_01,208,5,9811,2025-08-22,2026-07-31,210,1,2,,3
2025-09-23,test,PF_0026456_01,208,6,9811,2025-08-22,2026-07-31,210,0,1,,1
2025-09-23,test,PF_0026456_01,208,8,9811,2025-08-22,2026-07-31,210,1,0,,1
2025-09-23,test,PF_0026456_01,208,9,9811,2025-08-22,2026-07-31,210,0,0,,0
2025-09-24,train,PF_0024696_01,176,1,9003,2025-08-10,2026-06-01,176,2,2,3,7
2025-09-24,train,PF_0024696_01,176,2,9003,2025-08-10,2026-06-01,176,1,3,13,17
2025-09-24,train,PF_0024696_01,176,3,9003,2025-08-10,2026-06-01,176,3,3,13,29
2025-09-24,train,PF_0024696_01,176,4,9003,2025-08-10,2026-06-01,176,4,4,30,38
2025-09-24,train,PF_0024696_01,176,5,9003,2025-08-10,2026-06-01,176,3,3,3,19
2025-09-24,train,PF_0024696_01,176,6,9003,2025-08-10,2026-06-01,176,2,2,13,17
2025-09-24,train,PF_0024696_01,176,7,9003,2025-08-10,2026-06-01,176,3,2,47,83
2025-09-24,train,PF_0024696_01,176,8,9003,2025-08-10,2026-06-01,176,1,2,12,15
2025-09-24,train,PF_0024696_01,176,9,9003,2025-08-10,2026-06-01,176,3,25,24,52
2025-10-01,train,PF_0024696_01,176,1,9003,2025-08-10,2026-06-01,176,0,0,0,6
2025-10-01,train,PF_0024696_01,176,2,9003,2025-08-10,2026-06-01,176,0,0,0,3
2025-10-01,train,PF_0024696_01,176,3,9003,2025-08-10,2026-06-01,176,0,0,0,2
2025-10-01,train,PF_0024696_01,176,4,9003,2025-08-10,2026-06-01,176,0,0,0,3
2025-10-01,train,PF_0024696_01,176,5,9003,2025-08-10,2026-06-01,176,0,0,0,0
2025-10-01,train,PF_0024696_01,176,6,9003,2025-08-10,2026-06-01,176,0,0,0,2
2025-10-01,train,PF_0024696_01,176,7,9003,2025-08-10,2026-06-01,176,0,0,0,2
2025-10-01,train,PF_0024696_01,176,8,9003,2025-08-10,2026-06-01,176,0,0,0,4
2025-10-01,train,PF_0024696_01,176,9,9003,2025-08-10,2026-06-01,176,0,0,0,7
2025-10-01,train,PF_0025108_01,206,1,9048,2025-07-10,2026-06-30,208,0,0,0,1
2025-10-01,train,PF_0025108_01,206,2,9048,2025-07-10,2026-06-30,208,0,0,0,1
2025-10-01,train,PF_0025108_01,206,3,9048,2025-07-10,2026-06-30,208,0,0,0,2
2025-10-01,train,PF_0025108_01,206,4,9048,2025-07-10,2026-06-30,208,0,0,0,3
2025-10-01,train,PF_0025108_01,206,5,9048,2025-07-10,2026-06-30,208,0,0,0,2
2025-10-01,train,PF_0025108_01,206,6,9048,2025-07-10,2026-06-30,208,0,0,0,1
2025-10-01,train,PF_0025108_01,206,7,9048,2025-07-10,2026-06-30,208,0,0,0,1
2025-10-01,train,PF_0025108_01,206,8,9048,2025-07-10,2026-06-30,208,0,0,0,2
2025-10-01,train,PF_0025108_01,206,9,9048,2025-07-10,2026-06-30,208,0,0,0,2
2025-10-01,test,PF_0026456_01,208,1,9811,2025-08-22,2026-07-31,210,0,1,1,2
2025-10-01,test,PF_0026456_01,208,2,9811,2025-08-22,2026-07-31,210,0,2,3,5
2025-10-01,test,PF_0026456_01,208,3,9811,2025-08-22,2026-07-31,210,0,1,2,3
2025-10-01,test,PF_0026456_01,208,4,9811,2025-08-22,2026-07-31,210,0,1,1,2
2025-10-01,test,PF_0026456_01,208,5,9811,2025-08-22,2026-07-31,210,0,1,3,4
2025-10-01,test,PF_0026456_01,208,6,9811,2025-08-22,2026-07-31,210,0,0,,0
2025-10-01,test,PF_0026456_01,208,7,9811,2025-08-22,2026-07-31,210,0,2,,2
2025-10-01,test,PF_0026456_01,208,8,9811,2025-08-22,2026-07-31,210,0,1,0,1
2025-10-01,test,PF_0026456_01,208,9,9811,2025-08-22,2026-07-31,210,0,1,1,2
2025-10-08,train,PF_0024696_01,176,1,9003,2025-08-10,2026-06-01,176,0,0,0,4
2025-10-08,train,PF_0024696_01,176,2,9003,2025-08-10,2026-06-01,176,0,0,0,4
2025-10-08,train,PF_0024696_01,176,3,9003,2025-08-10,2026-06-01,176,0,0,0,3
2025-10-08,train,PF_0024696_01,176,4,9003,2025-08-10,2026-06-01,176,0,0,0,4
2025-10-08,train,PF_0024696_01,176,5,9003,2025-08-10,2026-06-01,176,0,0,0,3
2025-10-08,train,PF_0024696_01,176,6,9003,2025-08-10,2026-06-01,176,0,0,0,2
2025-10-08,train,PF_0024696_01,176,7,9003,2025-08-10,2026-06-01,176,0,0,0,2
2025-10-08,train,PF_0024696_01,176,8,9003,2025-08-10,2026-06-01,176,0,0,0,3
2025-10-08,train,PF_0024696_01,176,9,9003,2025-08-10,2026-06-01,176,0,0,0,3
2025-10-08,test,PF_0024697_01,178,1,9004,2025-08-10,2026-06-30,179,0,0,0,2
2025-10-08,test,PF_0024697_01,178,2,9004,2025-08-10,2026-06-30,179,0,0,1,4
2025-10-08,test,PF_0024697_01,178,3,9004,2025-08-10,2026-06-30,179,0,0,0,6
2025-10-08,test,PF_0024697_01,178,4,9004,2025-08-10,2026-06-30,179,0,0,0,6
2025-10-08,test,PF_0024697_01,178,5,9004,2025-08-10,2026-06-30,179,0,0,0,3
2025-10-08,test,PF_0024697_01,178,6,9004,2025-08-10,2026-06-30,179,0,0,0,4
2025-10-08,test,PF_0024697_01,178,7,9004,2025-08-10,2026-06-30,179,0,0,0,5
2025-10-08,test,PF_0024697_01,178,8,9004,2025-08-10,2026-06-30,179,0,0,0,3
2025-10-08,test,PF_0024697_01,178,9,9004,2025-08-10,2026-06-30,179,0,0,0,5
2025-10-08,train,PF_0025108_01,206,1,9048,2025-07-10,2026-06-30,208,0,0,0,3
2025-10-08,train,PF_0025108_01,206,2,9048,2025-07-10,2026-06-30,208,0,0,0,1
2025-10-08,train,PF_0025108_01,206,3,9048,2025-07-10,2026-06-30,208,0,0,0,3
2025-10-08,train,PF_0025108_01,206,4,9048,2025-07-10,2026-06-30,208,0,0,0,1
2025-10-08,train,PF_0025108_01,206,5,9048,2025-07-10,2026-06-30,208,0,0,0,2
2025-10-08,train,PF_0025108_01,206,6,9048,2025-07-10,2026-06-30,208,0,0,0,2
2025-10-08,train,PF_0025108_01,206,7,9048,2025-07-10,2026-06-30,208,0,0,0,0
2025-10-08,train,PF_0025108_01,206,8,9048,2025-07-10,2026-06-30,208,0,0,0,2
2025-10-08,train,PF_0025108_01,206,9,9048,2025-07-10,2026-06-30,208,0,0,0,1
2025-10-11,test,PF_0026456_01,208,1,9811,2025-08-22,2026-07-31,210,0,0,0,2
2025-10-11,test,PF_0026456_01,208,2,9811,2025-08-22,2026-07-31,210,0,0,0,3
2025-10-11,test,PF_0026456_01,208,3,9811,2025-08-22,2026-07-31,210,0,0,0,2
2025-10-11,test,PF_0026456_01,208,4,9811,2025-08-22,2026-07-31,210,0,0,2,3
2025-10-11,test,PF_0026456_01,208,5,9811,2025-08-22,2026-07-31,210,0,0,0,1
2025-10-11,test,PF_0026456_01,208,6,9811,2025-08-22,2026-07-31,210,0,0,0,2
2025-10-11,test,PF_0026456_01,208,7,9811,2025-08-22,2026-07-31,210,0,0,3,3
2025-10-11,test,PF_0026456_01,208,8,9811,2025-08-22,2026-07-31,210,0,0,2,4
2025-10-11,test,PF_0026456_01,208,9,9811,2025-08-22,2026-07-31,210,0,0,0,0
2025-10-15,test,PF_0024697_01,178,1,9004,2025-08-10,2026-06-30,179,0,0,0,2
2025-10-15,test,PF_0024697_01,178,2,9004,2025-08-10,2026-06-30,179,0,0,0,3
2025-10-15,test,PF_0024697_01,178,3,9004,2025-08-10,2026-06-30,179,0,0,0,3
2025-10-15,test,PF_0024697_01,178,4,9004,2025-08-10,2026-06-30,179,0,0,0,3
2025-10-15,test,PF_0024697_01,178,5,9004,2025-08-10,2026-06-30,179,0,0,0,4
2025-10-15,test,PF_0024697_01,178,6,9004,2025-08-10,2026-06-30,179,0,0,0,5
2025-10-15,test,PF_0024697_01,178,7,9004,2025-08-10,2026-06-30,179,0,0,0,3
2025-10-15,test,PF_0024697_01,178,8,9004,2025-08-10,2026-06-30,179,0,0,0,2
2025-10-15,test,PF_0024697_01,178,9,9004,2025-08-10,2026-06-30,179,0,0,0,3
2025-10-15,test,PF_0026456_01,208,1,9811,2025-08-22,2026-07-31,210,0,0,0,2
2025-10-15,test,PF_0026456_01,208,2,9811,2025-08-22,2026-07-31,210,0,0,0,3
2025-10-15,test,PF_0026456_01,208,3,9811,2025-08-22,2026-07-31,210,0,0,0,2
2025-10-15,test,PF_0026456_01,208,4,9811,2025-08-22,2026-07-31,210,0,0,1,3
2025-10-15,test,PF_0026456_01,208,5,9811,2025-08-22,2026-07-31,210,0,0,0,3
2025-10-15,test,PF_0026456_01,208,6,9811,2025-08-22,2026-07-31,210,0,0,0,2
2025-10-15,test,PF_0026456_01,208,7,9811,2025-08-22,2026-07-31,210,0,0,1,4
2025-10-15,test,PF_0026456_01,208,8,9811,2025-08-22,2026-07-31,210,0,0,0,2
2025-10-15,test,PF_0026456_01,208,9,9811,2025-08-22,2026-07-31,210,0,0,0,3
2025-10-20,train,PF_0020209_01,81,2,9024,2025-09-05,2026-07-15,81,3,1,2,6
2025-10-20,train,PF_0020209_01,81,4,9024,2025-09-05,2026-07-15,81,2,3,3,8
2025-10-20,train,PF_0020209_01,81,8,9024,2025-09-05,2026-07-15,81,1,3,2,6
2025-10-20,train,PF_0024693_01,172,1,9026,2025-09-06,2026-05-30,172,2,3,2,7
2025-10-21,validation,PF_0024698_01,180,1,9039,2025-09-15,2026-07-20,182,5,2,,7
2025-10-21,validation,PF_0024698_01,180,2,9039,2025-09-15,2026-07-20,182,4,2,,6
2025-10-21,validation,PF_0024698_01,180,3,9039,2025-09-15,2026-07-20,182,2,2,,4
2025-10-21,validation,PF_0024698_01,180,9,9039,2025-09-15,2026-07-20,182,4,3,,7
2025-10-21,test,PF_0026456_01,208,1,9811,2025-08-22,2026-07-31,210,0,0,0,1
2025-10-21,test,PF_0026456_01,208,2,9811,2025-08-22,2026-07-31,210,0,0,0,4
2025-10-21,test,PF_0026456_01,208,3,9811,2025-08-22,2026-07-31,210,0,0,0,3
2025-10-21,test,PF_0026456_01,208,4,9811,2025-08-22,2026-07-31,210,0,0,0,1
2025-10-21,test,PF_0026456_01,208,5,9811,2025-08-22,2026-07-31,210,0,0,0,2
2025-10-21,test,PF_0026456_01,208,6,9811,2025-08-22,2026-07-31,210,0,0,0,2
2025-10-21,test,PF_0026456_01,208,7,9811,2025-08-22,2026-07-31,210,0,0,0,0
2025-10-21,test,PF_0026456_01,208,8,9811,2025-08-22,2026-07-31,210,0,0,0,3
2025-10-21,test,PF_0026456_01,208,9,9811,2025-08-22,2026-07-31,210,0,0,0,0
2025-10-27,train,PF_0025101_01,195,4,9040,2025-10-04,2026-06-10,197,2,,,2
2025-10-27,train,PF_0025101_01,195,8,9040,2025-10-04,2026-06-10,197,2,,,2
2025-10-27,test,PF_0026456_01,208,1,9811,2025-08-22,2026-07-31,210,0,0,0,2
2025-10-27,test,PF_0026456_01,208,2,9811,2025-08-22,2026-07-31,210,0,0,0,1
2025-10-27,test,PF_0026456_01,208,3,9811,2025-08-22,2026-07-31,210,0,0,0,3
2025-10-27,test,PF_0026456_01,208,4,9811,2025-08-22,2026-07-31,210,0,0,0,2
2025-10-27,test,PF_0026456_01,208,5,9811,2025-08-22,2026-07-31,210,0,0,0,1
2025-10-27,test,PF_0026456_01,208,6,9811,2025-08-22,2026-07-31,210,0,0,0,1
2025-10-27,test,PF_0026456_01,208,7,9811,2025-08-22,2026-07-31,210,0,0,0,3
2025-10-27,test,PF_0026456_01,208,8,9811,2025-08-22,2026-07-31,210,0,0,0,0
2025-10-27,test,PF_0026456_01,208,9,9811,2025-08-22,2026-07-31,210,0,0,0,2
2025-10-28,validation,PF_0024698_01,180,1,9039,2025-09-15,2026-07-20,182,1,4,,5
2025-10-28,validation,PF_0024698_01,180,2,9039,2025-09-15,2026-07-20,182,1,4,,5
2025-10-28,validation,PF_0024698_01,180,3,9039,2025-09-15,2026-07-20,182,2,3,,5
2025-10-28,validation,PF_0024698_01,180,4,9039,2025-09-15,2026-07-20,182,3,3,,6
2025-10-28,validation,PF_0024698_01,180,6,9039,2025-09-15,2026-07-20,182,3,2,,5
2025-10-28,validation,PF_0024698_01,180,7,9039,2025-09-15,2026-07-20,182,2,2,,4
2025-10-28,validation,PF_0024698_01,180,9,9039,2025-09-15,2026-07-20,182,3,3,,6
2025-11-04,validation,PF_0024698_01,180,4,9039,2025-09-15,2026-07-20,182,1,2,1,4
2025-11-04,validation,PF_0024698_01,180,6,9039,2025-09-15,2026-07-20,182,2,2,1,5
2025-11-04,train,PF_0025101_01,195,1,9040,2025-10-04,2026-06-10,197,1,1,,2
2025-11-04,train,PF_0025101_01,195,3,9040,2025-10-04,2026-06-10,197,1,,,1
2025-11-04,train,PF_0025101_01,195,4,9040,2025-10-04,2026-06-10,197,2,,,2
2025-11-04,train,PF_0025101_01,195,5,9040,2025-10-04,2026-06-10,197,2,,,2
2025-11-04,train,PF_0025101_01,195,6,9040,2025-10-04,2026-06-10,197,2,2,,4
2025-11-04,train,PF_0025101_01,195,9,9040,2025-10-04,2026-06-10,197,2,,,2
2026-08-12,train,PF_0025108_01,207,1,11944,2026-07-08,2027-05-14,209,3,2,,5
2026-08-12,train,PF_0025108_01,207,2,11944,2026-07-08,2027-05-14,209,1,,,1
2026-08-12,train,PF_0025108_01,207,3,11944,2026-07-08,2027-05-14,209,1,2,,3
2026-08-12,train,PF_0025108_01,207,5,11944,2026-07-08,2027-05-14,209,1,2,,3
2026-08-12,train,PF_0025108_01,207,6,11944,2026-07-08,2027-05-14,209,1,,,1
2026-08-12,train,PF_0025108_01,207,7,11944,2026-07-08,2027-05-14,209,2,2,,4
2026-08-12,train,PF_0025108_01,207,8,11944,2026-07-08,2027-05-14,209,1,1,,2
