sn,user_id,item_code,sample_num,meas_date,first_fruits_num,second_fruits_num,third_fruits_num,leaves_length,leaves_num,leaves_width,petiole_length,stem_diameter,theca_diameter,flower_length,grow_length,fruit_count_target,is_all_zero,cropping_serl_no,cropping_season_name,cropping_date,cropping_end_date,days_since_crop_start,crop_duration_days,crop_progress,crop_phase,elapsed_30d_bin
1381,PF_0000574,080400,1,2024-10-02,0,0,0,80.0,6.0,,,,15.2,,,0,True,7579,2024년_딸기(금실),2024-09-01,2025-06-30,31,303,0.10231023102310231,early,"[30, 60)"
1414,PF_0000574,080400,2,2024-10-02,0,0,0,85.0,6.0,,,,12.1,,,0,True,7579,2024년_딸기(금실),2024-09-01,2025-06-30,31,303,0.10231023102310231,early,"[30, 60)"
1447,PF_0000574,080400,3,2024-10-02,0,0,0,70.0,6.0,,,,12.3,,,0,True,7579,2024년_딸기(금실),2024-09-01,2025-06-30,31,303,0.10231023102310231,early,"[30, 60)"
1480,PF_0000574,080400,4,2024-10-02,0,0,0,90.0,7.0,,,,15.3,,,0,True,7579,2024년_딸기(금실),2024-09-01,2025-06-30,31,303,0.10231023102310231,early,"[30, 60)"
1513,PF_0000574,080400,5,2024-10-02,0,0,0,90.0,7.0,,,,14.2,,,0,True,7579,2024년_딸기(금실),2024-09-01,2025-06-30,31,303,0.10231023102310231,early,"[30, 60)"
1546,PF_0000574,080400,6,2024-10-02,0,0,0,85.0,7.0,,,,14.8,,,0,True,7579,2024년_딸기(금실),2024-09-01,2025-06-30,31,303,0.10231023102310231,early,"[30, 60)"
1579,PF_0000574,080400,7,2024-10-02,0,0,0,65.0,5.0,,,,12.7,,,0,True,7579,2024년_딸기(금실),2024-09-01,2025-06-30,31,303,0.10231023102310231,early,"[30, 60)"
1612,PF_0000574,080400,8,2024-10-02,0,0,0,80.0,8.0,,,,13.2,,,0,True,7579,2024년_딸기(금실),2024-09-01,2025-06-30,31,303,0.10231023102310231,early,"[30, 60)"
1645,PF_0000574,080400,9,2024-10-02,0,0,0,80.0,7.0,,,,16.4,,,0,True,7579,2024년_딸기(금실),2024-09-01,2025-06-30,31,303,0.10231023102310231,early,"[30, 60)"
1382,PF_0000574,080400,1,2024-10-07,0,0,0,90.0,5.0,,,,12.6,,,0,True,7579,2024년_딸기(금실),2024-09-01,2025-06-30,36,303,0.1188118811881188,early,"[30, 60)"
1415,PF_0000574,080400,2,2024-10-07,0,0,0,85.0,6.0,,,,1.31,,,0,True,7579,2024년_딸기(금실),2024-09-01,2025-06-30,36,303,0.1188118811881188,early,"[30, 60)"
1448,PF_0000574,080400,3,2024-10-07,0,0,0,80.0,4.0,,,,12.3,,,0,True,7579,2024년_딸기(금실),2024-09-01,2025-06-30,36,303,0.1188118811881188,early,"[30, 60)"
1481,PF_0000574,080400,4,2024-10-07,0,0,0,90.0,6.0,,,,12.5,,,0,True,7579,2024년_딸기(금실),2024-09-01,2025-06-30,36,303,0.1188118811881188,early,"[30, 60)"
1514,PF_0000574,080400,5,2024-10-07,0,0,0,100.0,6.0,,,,12.6,,,0,True,7579,2024년_딸기(금실),2024-09-01,2025-06-30,36,303,0.1188118811881188,early,"[30, 60)"
1547,PF_0000574,080400,6,2024-10-07,0,0,0,100.0,5.0,,,,8.1,,,0,True,7579,2024년_딸기(금실),2024-09-01,2025-06-30,36,303,0.1188118811881188,early,"[30, 60)"
1580,PF_0000574,080400,7,2024-10-07,0,0,0,95.0,4.0,,,,13.1,,,0,True,7579,2024년_딸기(금실),2024-09-01,2025-06-30,36,303,0.1188118811881188,early,"[30, 60)"
1613,PF_0000574,080400,8,2024-10-07,0,0,0,95.0,7.0,,,,13.3,,,0,True,7579,2024년_딸기(금실),2024-09-01,2025-06-30,36,303,0.1188118811881188,early,"[30, 60)"
1646,PF_0000574,080400,9,2024-10-07,0,0,0,90.0,6.0,,,,13.0,,,0,True,7579,2024년_딸기(금실),2024-09-01,2025-06-30,36,303,0.1188118811881188,early,"[30, 60)"
1383,PF_0000574,080400,1,2024-10-14,0,0,0,110.0,3.0,,,,16.1,,,0,True,7579,2024년_딸기(금실),2024-09-01,2025-06-30,43,303,0.1419141914191419,early,"[30, 60)"
1416,PF_0000574,080400,2,2024-10-14,0,0,0,100.0,4.0,,,,13.6,,,0,True,7579,2024년_딸기(금실),2024-09-01,2025-06-30,43,303,0.1419141914191419,early,"[30, 60)"
1449,PF_0000574,080400,3,2024-10-14,0,0,0,100.0,3.0,,,,13.8,,,0,True,7579,2024년_딸기(금실),2024-09-01,2025-06-30,43,303,0.1419141914191419,early,"[30, 60)"
1482,PF_0000574,080400,4,2024-10-14,0,0,0,105.0,4.0,,,,13.0,,,0,True,7579,2024년_딸기(금실),2024-09-01,2025-06-30,43,303,0.1419141914191419,early,"[30, 60)"
1515,PF_0000574,080400,5,2024-10-14,0,0,0,105.0,3.0,,,,12.8,,,0,True,7579,2024년_딸기(금실),2024-09-01,2025-06-30,43,303,0.1419141914191419,early,"[30, 60)"
1548,PF_0000574,080400,6,2024-10-14,0,0,0,120.0,4.0,,,,13.3,,,0,True,7579,2024년_딸기(금실),2024-09-01,2025-06-30,43,303,0.1419141914191419,early,"[30, 60)"
1581,PF_0000574,080400,7,2024-10-14,0,0,0,120.0,3.0,,,,13.8,,,0,True,7579,2024년_딸기(금실),2024-09-01,2025-06-30,43,303,0.1419141914191419,early,"[30, 60)"
1614,PF_0000574,080400,8,2024-10-14,0,0,0,110.0,3.0,,,,11.7,,,0,True,7579,2024년_딸기(금실),2024-09-01,2025-06-30,43,303,0.1419141914191419,early,"[30, 60)"
1647,PF_0000574,080400,9,2024-10-14,0,0,0,120.0,4.0,,,,10.3,,,0,True,7579,2024년_딸기(금실),2024-09-01,2025-06-30,43,303,0.1419141914191419,early,"[30, 60)"
1384,PF_0000574,080400,1,2024-10-21,0,0,0,120.0,4.0,,,,15.8,,,0,True,7579,2024년_딸기(금실),2024-09-01,2025-06-30,50,303,0.16501650165016502,early,"[30, 60)"
1417,PF_0000574,080400,2,2024-10-21,0,0,0,120.0,4.0,,,,15.1,,,0,True,7579,2024년_딸기(금실),2024-09-01,2025-06-30,50,303,0.16501650165016502,early,"[30, 60)"
1450,PF_0000574,080400,3,2024-10-21,0,0,0,130.0,4.0,,,,14.9,,,0,True,7579,2024년_딸기(금실),2024-09-01,2025-06-30,50,303,0.16501650165016502,early,"[30, 60)"
1483,PF_0000574,080400,4,2024-10-21,0,0,0,110.0,4.0,,,,14.7,,,0,True,7579,2024년_딸기(금실),2024-09-01,2025-06-30,50,303,0.16501650165016502,early,"[30, 60)"
1516,PF_0000574,080400,5,2024-10-21,0,0,0,120.0,4.0,,,,13.8,,,0,True,7579,2024년_딸기(금실),2024-09-01,2025-06-30,50,303,0.16501650165016502,early,"[30, 60)"
1549,PF_0000574,080400,6,2024-10-21,0,0,0,110.0,4.0,,,,12.2,,,0,True,7579,2024년_딸기(금실),2024-09-01,2025-06-30,50,303,0.16501650165016502,early,"[30, 60)"
1582,PF_0000574,080400,7,2024-10-21,0,0,0,120.0,3.0,,,,12.5,,,0,True,7579,2024년_딸기(금실),2024-09-01,2025-06-30,50,303,0.16501650165016502,early,"[30, 60)"
1615,PF_0000574,080400,8,2024-10-21,0,0,0,120.0,4.0,,,,14.8,,,0,True,7579,2024년_딸기(금실),2024-09-01,2025-06-30,50,303,0.16501650165016502,early,"[30, 60)"
1648,PF_0000574,080400,9,2024-10-21,0,0,0,120.0,4.0,,,,15.4,,,0,True,7579,2024년_딸기(금실),2024-09-01,2025-06-30,50,303,0.16501650165016502,early,"[30, 60)"
1385,PF_0000574,080400,1,2024-10-28,0,0,0,120.0,5.0,,,,13.7,,,0,True,7579,2024년_딸기(금실),2024-09-01,2025-06-30,57,303,0.18811881188118812,early,"[30, 60)"
1418,PF_0000574,080400,2,2024-10-28,0,0,0,120.0,5.0,,,,11.1,,,0,True,7579,2024년_딸기(금실),2024-09-01,2025-06-30,57,303,0.18811881188118812,early,"[30, 60)"
1451,PF_0000574,080400,3,2024-10-28,0,0,0,120.0,5.0,,,,11.6,,,0,True,7579,2024년_딸기(금실),2024-09-01,2025-06-30,57,303,0.18811881188118812,early,"[30, 60)"
1484,PF_0000574,080400,4,2024-10-28,0,0,0,110.0,5.0,,,,10.5,,,0,True,7579,2024년_딸기(금실),2024-09-01,2025-06-30,57,303,0.18811881188118812,early,"[30, 60)"
1517,PF_0000574,080400,5,2024-10-28,0,0,0,110.0,5.0,,,,8.3,,,0,True,7579,2024년_딸기(금실),2024-09-01,2025-06-30,57,303,0.18811881188118812,early,"[30, 60)"
1550,PF_0000574,080400,6,2024-10-28,0,0,0,120.0,5.0,,,,9.7,,,0,True,7579,2024년_딸기(금실),2024-09-01,2025-06-30,57,303,0.18811881188118812,early,"[30, 60)"
1583,PF_0000574,080400,7,2024-10-28,0,0,0,120.0,4.0,,,,7.7,,,0,True,7579,2024년_딸기(금실),2024-09-01,2025-06-30,57,303,0.18811881188118812,early,"[30, 60)"
1616,PF_0000574,080400,8,2024-10-28,0,0,0,130.0,4.0,,,,12.0,,,0,True,7579,2024년_딸기(금실),2024-09-01,2025-06-30,57,303,0.18811881188118812,early,"[30, 60)"
1649,PF_0000574,080400,9,2024-10-28,0,0,0,120.0,5.0,,,,11.4,,,0,True,7579,2024년_딸기(금실),2024-09-01,2025-06-30,57,303,0.18811881188118812,early,"[30, 60)"
1386,PF_0000574,080400,1,2024-11-04,0,0,0,130.0,5.0,,,,44.1,,,0,True,7579,2024년_딸기(금실),2024-09-01,2025-06-30,64,303,0.21122112211221122,early,"[60, 90)"
1419,PF_0000574,080400,2,2024-11-04,0,0,0,130.0,4.0,,,,45.1,,,0,True,7579,2024년_딸기(금실),2024-09-01,2025-06-30,64,303,0.21122112211221122,early,"[60, 90)"
1452,PF_0000574,080400,3,2024-11-04,0,0,0,130.0,4.0,,,,42.3,,,0,True,7579,2024년_딸기(금실),2024-09-01,2025-06-30,64,303,0.21122112211221122,early,"[60, 90)"
1485,PF_0000574,080400,4,2024-11-04,0,0,0,130.0,4.0,,,,46.8,,,0,True,7579,2024년_딸기(금실),2024-09-01,2025-06-30,64,303,0.21122112211221122,early,"[60, 90)"
1518,PF_0000574,080400,5,2024-11-04,0,0,0,130.0,5.0,,,,46.8,,,0,True,7579,2024년_딸기(금실),2024-09-01,2025-06-30,64,303,0.21122112211221122,early,"[60, 90)"
1551,PF_0000574,080400,6,2024-11-04,0,0,0,130.0,4.0,,,,45.2,,,0,True,7579,2024년_딸기(금실),2024-09-01,2025-06-30,64,303,0.21122112211221122,early,"[60, 90)"
1584,PF_0000574,080400,7,2024-11-04,0,0,0,130.0,5.0,,,,45.2,,,0,True,7579,2024년_딸기(금실),2024-09-01,2025-06-30,64,303,0.21122112211221122,early,"[60, 90)"
1617,PF_0000574,080400,8,2024-11-04,0,0,0,140.0,5.0,,,,46.3,,,0,True,7579,2024년_딸기(금실),2024-09-01,2025-06-30,64,303,0.21122112211221122,early,"[60, 90)"
1650,PF_0000574,080400,9,2024-11-04,0,0,0,140.0,5.0,,,,44.3,,,0,True,7579,2024년_딸기(금실),2024-09-01,2025-06-30,64,303,0.21122112211221122,early,"[60, 90)"
1387,PF_0000574,080400,1,2024-11-11,0,0,0,140.0,6.0,,,,24.7,,,0,True,7579,2024년_딸기(금실),2024-09-01,2025-06-30,71,303,0.23432343234323433,early,"[60, 90)"
1420,PF_0000574,080400,2,2024-11-11,0,0,0,150.0,6.0,,,,29.5,,,0,True,7579,2024년_딸기(금실),2024-09-01,2025-06-30,71,303,0.23432343234323433,early,"[60, 90)"
1453,PF_0000574,080400,3,2024-11-11,0,0,0,130.0,5.0,,,,29.0,,,0,True,7579,2024년_딸기(금실),2024-09-01,2025-06-30,71,303,0.23432343234323433,early,"[60, 90)"
1486,PF_0000574,080400,4,2024-11-11,0,0,0,130.0,6.0,,,,32.4,,,0,True,7579,2024년_딸기(금실),2024-09-01,2025-06-30,71,303,0.23432343234323433,early,"[60, 90)"
1519,PF_0000574,080400,5,2024-11-11,0,0,0,140.0,6.0,,,,30.2,,,0,True,7579,2024년_딸기(금실),2024-09-01,2025-06-30,71,303,0.23432343234323433,early,"[60, 90)"
1552,PF_0000574,080400,6,2024-11-11,0,0,0,125.0,5.0,,,,26.4,,,0,True,7579,2024년_딸기(금실),2024-09-01,2025-06-30,71,303,0.23432343234323433,early,"[60, 90)"
1585,PF_0000574,080400,7,2024-11-11,0,0,0,120.0,5.0,,,,25.8,,,0,True,7579,2024년_딸기(금실),2024-09-01,2025-06-30,71,303,0.23432343234323433,early,"[60, 90)"
1618,PF_0000574,080400,8,2024-11-11,0,0,0,160.0,5.0,,,,26.7,,,0,True,7579,2024년_딸기(금실),2024-09-01,2025-06-30,71,303,0.23432343234323433,early,"[60, 90)"
1651,PF_0000574,080400,9,2024-11-11,0,0,0,140.0,6.0,,,,25.6,,,0,True,7579,2024년_딸기(금실),2024-09-01,2025-06-30,71,303,0.23432343234323433,early,"[60, 90)"
1388,PF_0000574,080400,1,2024-11-18,0,0,0,145.0,6.0,,,,15.1,,,0,True,7579,2024년_딸기(금실),2024-09-01,2025-06-30,78,303,0.25742574257425743,early,"[60, 90)"
1421,PF_0000574,080400,2,2024-11-18,0,0,0,150.0,6.0,,,,12.4,,,0,True,7579,2024년_딸기(금실),2024-09-01,2025-06-30,78,303,0.25742574257425743,early,"[60, 90)"
1454,PF_0000574,080400,3,2024-11-18,0,0,0,150.0,5.0,,,,15.5,,,0,True,7579,2024년_딸기(금실),2024-09-01,2025-06-30,78,303,0.25742574257425743,early,"[60, 90)"
1487,PF_0000574,080400,4,2024-11-18,0,0,0,110.0,6.0,,,,13.8,,,0,True,7579,2024년_딸기(금실),2024-09-01,2025-06-30,78,303,0.25742574257425743,early,"[60, 90)"
1520,PF_0000574,080400,5,2024-11-18,0,0,0,120.0,6.0,,,,12.4,,,0,True,7579,2024년_딸기(금실),2024-09-01,2025-06-30,78,303,0.25742574257425743,early,"[60, 90)"
1553,PF_0000574,080400,6,2024-11-18,0,0,0,140.0,7.0,,,,11.9,,,0,True,7579,2024년_딸기(금실),2024-09-01,2025-06-30,78,303,0.25742574257425743,early,"[60, 90)"
1586,PF_0000574,080400,7,2024-11-18,0,0,0,140.0,5.0,,,,9.9,,,0,True,7579,2024년_딸기(금실),2024-09-01,2025-06-30,78,303,0.25742574257425743,early,"[60, 90)"
1619,PF_0000574,080400,8,2024-11-18,0,0,0,160.0,5.0,,,,10.7,,,0,True,7579,2024년_딸기(금실),2024-09-01,2025-06-30,78,303,0.25742574257425743,early,"[60, 90)"
1652,PF_0000574,080400,9,2024-11-18,0,0,0,150.0,6.0,,,,12.4,,,0,True,7579,2024년_딸기(금실),2024-09-01,2025-06-30,78,303,0.25742574257425743,early,"[60, 90)"
1389,PF_0000574,080400,1,2024-11-25,0,0,0,140.0,7.0,,,,17.3,,,0,True,7579,2024년_딸기(금실),2024-09-01,2025-06-30,85,303,0.28052805280528054,early,"[60, 90)"
1422,PF_0000574,080400,2,2024-11-25,0,0,0,120.0,7.0,,,,18.8,,,0,True,7579,2024년_딸기(금실),2024-09-01,2025-06-30,85,303,0.28052805280528054,early,"[60, 90)"
1455,PF_0000574,080400,3,2024-11-25,0,0,0,140.0,6.0,,,,17.2,,,0,True,7579,2024년_딸기(금실),2024-09-01,2025-06-30,85,303,0.28052805280528054,early,"[60, 90)"
1488,PF_0000574,080400,4,2024-11-25,0,0,0,120.0,6.0,,,,16.3,,,0,True,7579,2024년_딸기(금실),2024-09-01,2025-06-30,85,303,0.28052805280528054,early,"[60, 90)"
1521,PF_0000574,080400,5,2024-11-25,0,0,0,120.0,7.0,,,,17.3,,,0,True,7579,2024년_딸기(금실),2024-09-01,2025-06-30,85,303,0.28052805280528054,early,"[60, 90)"
1554,PF_0000574,080400,6,2024-11-25,0,0,0,150.0,7.0,,,,16.3,,,0,True,7579,2024년_딸기(금실),2024-09-01,2025-06-30,85,303,0.28052805280528054,early,"[60, 90)"
1587,PF_0000574,080400,7,2024-11-25,0,0,0,140.0,8.0,,,,19.6,,,0,True,7579,2024년_딸기(금실),2024-09-01,2025-06-30,85,303,0.28052805280528054,early,"[60, 90)"
1620,PF_0000574,080400,8,2024-11-25,0,0,0,120.0,6.0,,,,17.1,,,0,True,7579,2024년_딸기(금실),2024-09-01,2025-06-30,85,303,0.28052805280528054,early,"[60, 90)"
1653,PF_0000574,080400,9,2024-11-25,0,0,0,110.0,7.0,,,,17.6,,,0,True,7579,2024년_딸기(금실),2024-09-01,2025-06-30,85,303,0.28052805280528054,early,"[60, 90)"
1390,PF_0000574,080400,1,2024-12-02,0,0,0,150.0,6.0,,,,11.4,,,0,True,7579,2024년_딸기(금실),2024-09-01,2025-06-30,92,303,0.30363036303630364,early,"[90, 120)"
1423,PF_0000574,080400,2,2024-12-02,0,0,0,130.0,7.0,,,,17.0,,,0,True,7579,2024년_딸기(금실),2024-09-01,2025-06-30,92,303,0.30363036303630364,early,"[90, 120)"
1456,PF_0000574,080400,3,2024-12-02,0,0,0,150.0,6.0,,,,16.2,,,0,True,7579,2024년_딸기(금실),2024-09-01,2025-06-30,92,303,0.30363036303630364,early,"[90, 120)"
1489,PF_0000574,080400,4,2024-12-02,0,0,0,120.0,7.0,,,,16.3,,,0,True,7579,2024년_딸기(금실),2024-09-01,2025-06-30,92,303,0.30363036303630364,early,"[90, 120)"
1522,PF_0000574,080400,5,2024-12-02,0,0,0,130.0,8.0,,,,15.0,,,0,True,7579,2024년_딸기(금실),2024-09-01,2025-06-30,92,303,0.30363036303630364,early,"[90, 120)"
1555,PF_0000574,080400,6,2024-12-02,0,0,0,150.0,7.0,,,,17.9,,,0,True,7579,2024년_딸기(금실),2024-09-01,2025-06-30,92,303,0.30363036303630364,early,"[90, 120)"
1588,PF_0000574,080400,7,2024-12-02,0,0,0,140.0,7.0,,,,20.4,,,0,True,7579,2024년_딸기(금실),2024-09-01,2025-06-30,92,303,0.30363036303630364,early,"[90, 120)"
1621,PF_0000574,080400,8,2024-12-02,0,0,0,120.0,7.0,,,,19.9,,,0,True,7579,2024년_딸기(금실),2024-09-01,2025-06-30,92,303,0.30363036303630364,early,"[90, 120)"
1654,PF_0000574,080400,9,2024-12-02,0,0,0,140.0,8.0,,,,20.5,,,0,True,7579,2024년_딸기(금실),2024-09-01,2025-06-30,92,303,0.30363036303630364,early,"[90, 120)"
1391,PF_0000574,080400,1,2024-12-09,0,0,0,150.0,7.0,,,,12.1,,,0,True,7579,2024년_딸기(금실),2024-09-01,2025-06-30,99,303,0.32673267326732675,early,"[90, 120)"
1424,PF_0000574,080400,2,2024-12-09,0,0,0,120.0,7.0,,,,13.0,,,0,True,7579,2024년_딸기(금실),2024-09-01,2025-06-30,99,303,0.32673267326732675,early,"[90, 120)"
1457,PF_0000574,080400,3,2024-12-09,0,0,0,150.0,6.0,,,,13.0,,,0,True,7579,2024년_딸기(금실),2024-09-01,2025-06-30,99,303,0.32673267326732675,early,"[90, 120)"
1490,PF_0000574,080400,4,2024-12-09,0,0,0,120.0,7.0,,,,11.5,,,0,True,7579,2024년_딸기(금실),2024-09-01,2025-06-30,99,303,0.32673267326732675,early,"[90, 120)"
1523,PF_0000574,080400,5,2024-12-09,0,0,0,120.0,8.0,,,,16.0,,,0,True,7579,2024년_딸기(금실),2024-09-01,2025-06-30,99,303,0.32673267326732675,early,"[90, 120)"
1556,PF_0000574,080400,6,2024-12-09,0,0,0,150.0,8.0,,,,13.1,,,0,True,7579,2024년_딸기(금실),2024-09-01,2025-06-30,99,303,0.32673267326732675,early,"[90, 120)"
1589,PF_0000574,080400,7,2024-12-09,0,0,0,140.0,8.0,,,,12.8,,,0,True,7579,2024년_딸기(금실),2024-09-01,2025-06-30,99,303,0.32673267326732675,early,"[90, 120)"
1622,PF_0000574,080400,8,2024-12-09,0,0,0,120.0,7.0,,,,12.0,,,0,True,7579,2024년_딸기(금실),2024-09-01,2025-06-30,99,303,0.32673267326732675,early,"[90, 120)"
1655,PF_0000574,080400,9,2024-12-09,0,0,0,150.0,7.0,,,,12.4,,,0,True,7579,2024년_딸기(금실),2024-09-01,2025-06-30,99,303,0.32673267326732675,early,"[90, 120)"
1392,PF_0000574,080400,1,2024-12-16,0,0,0,140.0,8.0,,,,18.1,,,0,True,7579,2024년_딸기(금실),2024-09-01,2025-06-30,106,303,0.34983498349834985,middle,"[90, 120)"
1425,PF_0000574,080400,2,2024-12-16,0,0,0,120.0,7.0,,,,17.2,,,0,True,7579,2024년_딸기(금실),2024-09-01,2025-06-30,106,303,0.34983498349834985,middle,"[90, 120)"
1458,PF_0000574,080400,3,2024-12-16,0,0,0,120.0,7.0,,,,19.6,,,0,True,7579,2024년_딸기(금실),2024-09-01,2025-06-30,106,303,0.34983498349834985,middle,"[90, 120)"
1491,PF_0000574,080400,4,2024-12-16,0,0,0,120.0,8.0,,,,14.6,,,0,True,7579,2024년_딸기(금실),2024-09-01,2025-06-30,106,303,0.34983498349834985,middle,"[90, 120)"
1524,PF_0000574,080400,5,2024-12-16,0,0,0,130.0,8.0,,,,22.2,,,0,True,7579,2024년_딸기(금실),2024-09-01,2025-06-30,106,303,0.34983498349834985,middle,"[90, 120)"
1557,PF_0000574,080400,6,2024-12-16,0,0,0,150.0,8.0,,,,16.1,,,0,True,7579,2024년_딸기(금실),2024-09-01,2025-06-30,106,303,0.34983498349834985,middle,"[90, 120)"
1590,PF_0000574,080400,7,2024-12-16,0,0,0,150.0,8.0,,,,17.9,,,0,True,7579,2024년_딸기(금실),2024-09-01,2025-06-30,106,303,0.34983498349834985,middle,"[90, 120)"
1623,PF_0000574,080400,8,2024-12-16,0,0,0,120.0,7.0,,,,16.5,,,0,True,7579,2024년_딸기(금실),2024-09-01,2025-06-30,106,303,0.34983498349834985,middle,"[90, 120)"
1656,PF_0000574,080400,9,2024-12-16,0,0,0,130.0,8.0,,,,17.1,,,0,True,7579,2024년_딸기(금실),2024-09-01,2025-06-30,106,303,0.34983498349834985,middle,"[90, 120)"
1393,PF_0000574,080400,1,2024-12-23,0,0,0,150.0,8.0,,,,28.1,,,0,True,7579,2024년_딸기(금실),2024-09-01,2025-06-30,113,303,0.37293729372937295,middle,"[90, 120)"
1426,PF_0000574,080400,2,2024-12-23,0,0,0,120.0,7.0,,,,36.5,,,0,True,7579,2024년_딸기(금실),2024-09-01,2025-06-30,113,303,0.37293729372937295,middle,"[90, 120)"
1459,PF_0000574,080400,3,2024-12-23,0,0,0,140.0,7.0,,,,28.0,,,0,True,7579,2024년_딸기(금실),2024-09-01,2025-06-30,113,303,0.37293729372937295,middle,"[90, 120)"
1492,PF_0000574,080400,4,2024-12-23,0,0,0,120.0,8.0,,,,25.7,,,0,True,7579,2024년_딸기(금실),2024-09-01,2025-06-30,113,303,0.37293729372937295,middle,"[90, 120)"
1525,PF_0000574,080400,5,2024-12-23,0,0,0,130.0,8.0,,,,37.3,,,0,True,7579,2024년_딸기(금실),2024-09-01,2025-06-30,113,303,0.37293729372937295,middle,"[90, 120)"
1558,PF_0000574,080400,6,2024-12-23,0,0,0,150.0,7.0,,,,32.7,,,0,True,7579,2024년_딸기(금실),2024-09-01,2025-06-30,113,303,0.37293729372937295,middle,"[90, 120)"
1591,PF_0000574,080400,7,2024-12-23,0,0,0,150.0,8.0,,,,34.6,,,0,True,7579,2024년_딸기(금실),2024-09-01,2025-06-30,113,303,0.37293729372937295,middle,"[90, 120)"
1624,PF_0000574,080400,8,2024-12-23,0,0,0,120.0,8.0,,,,32.2,,,0,True,7579,2024년_딸기(금실),2024-09-01,2025-06-30,113,303,0.37293729372937295,middle,"[90, 120)"
1657,PF_0000574,080400,9,2024-12-23,0,0,0,140.0,8.0,,,,33.1,,,0,True,7579,2024년_딸기(금실),2024-09-01,2025-06-30,113,303,0.37293729372937295,middle,"[90, 120)"
1394,PF_0000574,080400,1,2024-12-30,1,0,0,145.0,8.0,,,,14.8,,,1,False,7579,2024년_딸기(금실),2024-09-01,2025-06-30,120,303,0.39603960396039606,middle,"[120, 150)"
1427,PF_0000574,080400,2,2024-12-30,3,0,0,120.0,7.0,,,,25.4,,,3,False,7579,2024년_딸기(금실),2024-09-01,2025-06-30,120,303,0.39603960396039606,middle,"[120, 150)"
1460,PF_0000574,080400,3,2024-12-30,2,0,0,150.0,7.0,,,,21.7,,,2,False,7579,2024년_딸기(금실),2024-09-01,2025-06-30,120,303,0.39603960396039606,middle,"[120, 150)"
1493,PF_0000574,080400,4,2024-12-30,1,0,0,130.0,7.0,,,,24.6,,,1,False,7579,2024년_딸기(금실),2024-09-01,2025-06-30,120,303,0.39603960396039606,middle,"[120, 150)"
1526,PF_0000574,080400,5,2024-12-30,1,0,0,120.0,10.0,,,,29.9,,,1,False,7579,2024년_딸기(금실),2024-09-01,2025-06-30,120,303,0.39603960396039606,middle,"[120, 150)"
1559,PF_0000574,080400,6,2024-12-30,2,0,0,140.0,8.0,,,,28.8,,,2,False,7579,2024년_딸기(금실),2024-09-01,2025-06-30,120,303,0.39603960396039606,middle,"[120, 150)"
1592,PF_0000574,080400,7,2024-12-30,1,0,0,150.0,8.0,,,,28.3,,,1,False,7579,2024년_딸기(금실),2024-09-01,2025-06-30,120,303,0.39603960396039606,middle,"[120, 150)"
1625,PF_0000574,080400,8,2024-12-30,1,0,0,120.0,7.0,,,,29.0,,,1,False,7579,2024년_딸기(금실),2024-09-01,2025-06-30,120,303,0.39603960396039606,middle,"[120, 150)"
1658,PF_0000574,080400,9,2024-12-30,1,0,0,140.0,9.0,,,,27.4,,,1,False,7579,2024년_딸기(금실),2024-09-01,2025-06-30,120,303,0.39603960396039606,middle,"[120, 150)"
1395,PF_0000574,080400,1,2025-01-06,0,0,0,145.0,9.0,,,,16.3,,,0,True,7579,2024년_딸기(금실),2024-09-01,2025-06-30,127,303,0.41914191419141916,middle,"[120, 150)"
1428,PF_0000574,080400,2,2025-01-06,0,0,0,120.0,7.0,,,,17.1,,,0,True,7579,2024년_딸기(금실),2024-09-01,2025-06-30,127,303,0.41914191419141916,middle,"[120, 150)"
1461,PF_0000574,080400,3,2025-01-06,0,0,0,140.0,6.0,,,,15.6,,,0,True,7579,2024년_딸기(금실),2024-09-01,2025-06-30,127,303,0.41914191419141916,middle,"[120, 150)"
1494,PF_0000574,080400,4,2025-01-06,0,0,0,120.0,9.0,,,,15.2,,,0,True,7579,2024년_딸기(금실),2024-09-01,2025-06-30,127,303,0.41914191419141916,middle,"[120, 150)"
1527,PF_0000574,080400,5,2025-01-06,0,0,0,120.0,9.0,,,,17.3,,,0,True,7579,2024년_딸기(금실),2024-09-01,2025-06-30,127,303,0.41914191419141916,middle,"[120, 150)"
1560,PF_0000574,080400,6,2025-01-06,0,0,0,145.0,9.0,,,,15.5,,,0,True,7579,2024년_딸기(금실),2024-09-01,2025-06-30,127,303,0.41914191419141916,middle,"[120, 150)"
1593,PF_0000574,080400,7,2025-01-06,0,0,0,130.0,9.0,,,,14.0,,,0,True,7579,2024년_딸기(금실),2024-09-01,2025-06-30,127,303,0.41914191419141916,middle,"[120, 150)"
1626,PF_0000574,080400,8,2025-01-06,0,0,0,120.0,8.0,,,,12.6,,,0,True,7579,2024년_딸기(금실),2024-09-01,2025-06-30,127,303,0.41914191419141916,middle,"[120, 150)"
1659,PF_0000574,080400,9,2025-01-06,0,0,0,145.0,9.0,,,,13.6,,,0,True,7579,2024년_딸기(금실),2024-09-01,2025-06-30,127,303,0.41914191419141916,middle,"[120, 150)"
1396,PF_0000574,080400,1,2025-01-13,0,0,0,150.0,9.0,,,,16.2,,,0,True,7579,2024년_딸기(금실),2024-09-01,2025-06-30,134,303,0.44224422442244227,middle,"[120, 150)"
1429,PF_0000574,080400,2,2025-01-13,0,0,0,130.0,7.0,,,,17.0,,,0,True,7579,2024년_딸기(금실),2024-09-01,2025-06-30,134,303,0.44224422442244227,middle,"[120, 150)"
1462,PF_0000574,080400,3,2025-01-13,0,0,0,150.0,7.0,,,,10.6,,,0,True,7579,2024년_딸기(금실),2024-09-01,2025-06-30,134,303,0.44224422442244227,middle,"[120, 150)"
1495,PF_0000574,080400,4,2025-01-13,0,0,0,120.0,8.0,,,,11.7,,,0,True,7579,2024년_딸기(금실),2024-09-01,2025-06-30,134,303,0.44224422442244227,middle,"[120, 150)"
1528,PF_0000574,080400,5,2025-01-13,0,0,0,130.0,11.0,,,,11.5,,,0,True,7579,2024년_딸기(금실),2024-09-01,2025-06-30,134,303,0.44224422442244227,middle,"[120, 150)"
1561,PF_0000574,080400,6,2025-01-13,0,0,0,150.0,9.0,,,,20.2,,,0,True,7579,2024년_딸기(금실),2024-09-01,2025-06-30,134,303,0.44224422442244227,middle,"[120, 150)"
1594,PF_0000574,080400,7,2025-01-13,0,0,0,130.0,9.0,,,,19.9,,,0,True,7579,2024년_딸기(금실),2024-09-01,2025-06-30,134,303,0.44224422442244227,middle,"[120, 150)"
1627,PF_0000574,080400,8,2025-01-13,0,0,0,120.0,8.0,,,,24.1,,,0,True,7579,2024년_딸기(금실),2024-09-01,2025-06-30,134,303,0.44224422442244227,middle,"[120, 150)"
1660,PF_0000574,080400,9,2025-01-13,0,0,0,150.0,8.0,,,,22.9,,,0,True,7579,2024년_딸기(금실),2024-09-01,2025-06-30,134,303,0.44224422442244227,middle,"[120, 150)"
1397,PF_0000574,080400,1,2025-01-20,0,1,0,150.0,11.0,,,,13.2,,,1,False,7579,2024년_딸기(금실),2024-09-01,2025-06-30,141,303,0.46534653465346537,middle,"[120, 150)"
1430,PF_0000574,080400,2,2025-01-20,0,2,0,120.0,6.0,,,,10.2,,,2,False,7579,2024년_딸기(금실),2024-09-01,2025-06-30,141,303,0.46534653465346537,middle,"[120, 150)"
1463,PF_0000574,080400,3,2025-01-20,0,0,0,150.0,8.0,,,,9.7,,,0,True,7579,2024년_딸기(금실),2024-09-01,2025-06-30,141,303,0.46534653465346537,middle,"[120, 150)"
1496,PF_0000574,080400,4,2025-01-20,0,0,0,130.0,8.0,,,,11.8,,,0,True,7579,2024년_딸기(금실),2024-09-01,2025-06-30,141,303,0.46534653465346537,middle,"[120, 150)"
1529,PF_0000574,080400,5,2025-01-20,0,2,0,130.0,11.0,,,,15.4,,,2,False,7579,2024년_딸기(금실),2024-09-01,2025-06-30,141,303,0.46534653465346537,middle,"[120, 150)"
1562,PF_0000574,080400,6,2025-01-20,0,0,0,120.0,10.0,,,,15.7,,,0,True,7579,2024년_딸기(금실),2024-09-01,2025-06-30,141,303,0.46534653465346537,middle,"[120, 150)"
1595,PF_0000574,080400,7,2025-01-20,0,1,0,135.0,9.0,,,,12.9,,,1,False,7579,2024년_딸기(금실),2024-09-01,2025-06-30,141,303,0.46534653465346537,middle,"[120, 150)"
1628,PF_0000574,080400,8,2025-01-20,0,2,0,120.0,7.0,,,,13.9,,,2,False,7579,2024년_딸기(금실),2024-09-01,2025-06-30,141,303,0.46534653465346537,middle,"[120, 150)"
1661,PF_0000574,080400,9,2025-01-20,0,2,0,145.0,8.0,,,,12.8,,,2,False,7579,2024년_딸기(금실),2024-09-01,2025-06-30,141,303,0.46534653465346537,middle,"[120, 150)"
1398,PF_0000574,080400,1,2025-02-03,0,3,0,130.0,11.0,,,,21.8,,,3,False,7579,2024년_딸기(금실),2024-09-01,2025-06-30,155,303,0.5115511551155115,middle,"[150, 180)"
1431,PF_0000574,080400,2,2025-02-03,0,2,0,125.0,8.0,,,,18.9,,,2,False,7579,2024년_딸기(금실),2024-09-01,2025-06-30,155,303,0.5115511551155115,middle,"[150, 180)"
1464,PF_0000574,080400,3,2025-02-03,0,1,0,150.0,10.0,,,,15.3,,,1,False,7579,2024년_딸기(금실),2024-09-01,2025-06-30,155,303,0.5115511551155115,middle,"[150, 180)"
1497,PF_0000574,080400,4,2025-02-03,0,1,0,120.0,10.0,,,,26.3,,,1,False,7579,2024년_딸기(금실),2024-09-01,2025-06-30,155,303,0.5115511551155115,middle,"[150, 180)"
1530,PF_0000574,080400,5,2025-02-03,0,5,0,130.0,9.0,,,,22.6,,,5,False,7579,2024년_딸기(금실),2024-09-01,2025-06-30,155,303,0.5115511551155115,middle,"[150, 180)"
1563,PF_0000574,080400,6,2025-02-03,0,2,0,150.0,11.0,,,,21.6,,,2,False,7579,2024년_딸기(금실),2024-09-01,2025-06-30,155,303,0.5115511551155115,middle,"[150, 180)"
1596,PF_0000574,080400,7,2025-02-03,0,6,0,130.0,11.0,,,,21.4,,,6,False,7579,2024년_딸기(금실),2024-09-01,2025-06-30,155,303,0.5115511551155115,middle,"[150, 180)"
1629,PF_0000574,080400,8,2025-02-03,0,7,0,120.0,9.0,,,,21.9,,,7,False,7579,2024년_딸기(금실),2024-09-01,2025-06-30,155,303,0.5115511551155115,middle,"[150, 180)"
1662,PF_0000574,080400,9,2025-02-03,0,6,0,140.0,10.0,,,,23.1,,,6,False,7579,2024년_딸기(금실),2024-09-01,2025-06-30,155,303,0.5115511551155115,middle,"[150, 180)"
1399,PF_0000574,080400,1,2025-02-10,0,6,0,150.0,12.0,,,,17.0,,,6,False,7579,2024년_딸기(금실),2024-09-01,2025-06-30,162,303,0.5346534653465347,middle,"[150, 180)"
1432,PF_0000574,080400,2,2025-02-10,0,5,0,150.0,9.0,,,,25.3,,,5,False,7579,2024년_딸기(금실),2024-09-01,2025-06-30,162,303,0.5346534653465347,middle,"[150, 180)"
1465,PF_0000574,080400,3,2025-02-10,0,4,0,150.0,10.0,,,,29.9,,,4,False,7579,2024년_딸기(금실),2024-09-01,2025-06-30,162,303,0.5346534653465347,middle,"[150, 180)"
1498,PF_0000574,080400,4,2025-02-10,0,0,0,120.0,11.0,,,,35.1,,,0,True,7579,2024년_딸기(금실),2024-09-01,2025-06-30,162,303,0.5346534653465347,middle,"[150, 180)"
1531,PF_0000574,080400,5,2025-02-10,0,3,0,130.0,10.0,,,,17.0,,,3,False,7579,2024년_딸기(금실),2024-09-01,2025-06-30,162,303,0.5346534653465347,middle,"[150, 180)"
1564,PF_0000574,080400,6,2025-02-10,0,3,0,150.0,10.0,,,,19.3,,,3,False,7579,2024년_딸기(금실),2024-09-01,2025-06-30,162,303,0.5346534653465347,middle,"[150, 180)"
1597,PF_0000574,080400,7,2025-02-10,0,6,0,130.0,10.0,,,,22.2,,,6,False,7579,2024년_딸기(금실),2024-09-01,2025-06-30,162,303,0.5346534653465347,middle,"[150, 180)"
1630,PF_0000574,080400,8,2025-02-10,0,6,0,130.0,11.0,,,,19.1,,,6,False,7579,2024년_딸기(금실),2024-09-01,2025-06-30,162,303,0.5346534653465347,middle,"[150, 180)"
1663,PF_0000574,080400,9,2025-02-10,0,7,0,150.0,11.0,,,,21.8,,,7,False,7579,2024년_딸기(금실),2024-09-01,2025-06-30,162,303,0.5346534653465347,middle,"[150, 180)"
1400,PF_0000574,080400,1,2025-02-17,0,7,0,120.0,12.0,,,,20.6,,,7,False,7579,2024년_딸기(금실),2024-09-01,2025-06-30,169,303,0.5577557755775577,middle,"[150, 180)"
1433,PF_0000574,080400,2,2025-02-17,0,5,0,120.0,10.0,,,,17.4,,,5,False,7579,2024년_딸기(금실),2024-09-01,2025-06-30,169,303,0.5577557755775577,middle,"[150, 180)"
1466,PF_0000574,080400,3,2025-02-17,0,9,0,150.0,8.0,,,,21.3,,,9,False,7579,2024년_딸기(금실),2024-09-01,2025-06-30,169,303,0.5577557755775577,middle,"[150, 180)"
1499,PF_0000574,080400,4,2025-02-17,0,2,0,120.0,10.0,,,,20.4,,,2,False,7579,2024년_딸기(금실),2024-09-01,2025-06-30,169,303,0.5577557755775577,middle,"[150, 180)"
1532,PF_0000574,080400,5,2025-02-17,0,3,0,120.0,13.0,,,,23.0,,,3,False,7579,2024년_딸기(금실),2024-09-01,2025-06-30,169,303,0.5577557755775577,middle,"[150, 180)"
1565,PF_0000574,080400,6,2025-02-17,0,6,0,150.0,11.0,,,,20.0,,,6,False,7579,2024년_딸기(금실),2024-09-01,2025-06-30,169,303,0.5577557755775577,middle,"[150, 180)"
1598,PF_0000574,080400,7,2025-02-17,0,5,0,130.0,9.0,,,,22.7,,,5,False,7579,2024년_딸기(금실),2024-09-01,2025-06-30,169,303,0.5577557755775577,middle,"[150, 180)"
1631,PF_0000574,080400,8,2025-02-17,0,6,0,130.0,12.0,,,,18.0,,,6,False,7579,2024년_딸기(금실),2024-09-01,2025-06-30,169,303,0.5577557755775577,middle,"[150, 180)"
1664,PF_0000574,080400,9,2025-02-17,0,6,0,140.0,10.0,,,,20.4,,,6,False,7579,2024년_딸기(금실),2024-09-01,2025-06-30,169,303,0.5577557755775577,middle,"[150, 180)"
1401,PF_0000574,080400,1,2025-02-24,0,6,5,140.0,14.0,,,,20.1,,,11,False,7579,2024년_딸기(금실),2024-09-01,2025-06-30,176,303,0.5808580858085809,middle,"[150, 180)"
1434,PF_0000574,080400,2,2025-02-24,0,4,0,120.0,11.0,,,,12.4,,,4,False,7579,2024년_딸기(금실),2024-09-01,2025-06-30,176,303,0.5808580858085809,middle,"[150, 180)"
1467,PF_0000574,080400,3,2025-02-24,0,7,0,150.0,10.0,,,,14.9,,,7,False,7579,2024년_딸기(금실),2024-09-01,2025-06-30,176,303,0.5808580858085809,middle,"[150, 180)"
1500,PF_0000574,080400,4,2025-02-24,0,4,0,120.0,13.0,,,,14.6,,,4,False,7579,2024년_딸기(금실),2024-09-01,2025-06-30,176,303,0.5808580858085809,middle,"[150, 180)"
1533,PF_0000574,080400,5,2025-02-24,0,5,0,130.0,11.0,,,,16.7,,,5,False,7579,2024년_딸기(금실),2024-09-01,2025-06-30,176,303,0.5808580858085809,middle,"[150, 180)"
1566,PF_0000574,080400,6,2025-02-24,0,6,0,155.0,13.0,,,,14.6,,,6,False,7579,2024년_딸기(금실),2024-09-01,2025-06-30,176,303,0.5808580858085809,middle,"[150, 180)"
1599,PF_0000574,080400,7,2025-02-24,0,7,0,130.0,12.0,,,,16.2,,,7,False,7579,2024년_딸기(금실),2024-09-01,2025-06-30,176,303,0.5808580858085809,middle,"[150, 180)"
1632,PF_0000574,080400,8,2025-02-24,0,4,0,130.0,11.0,,,,16.7,,,4,False,7579,2024년_딸기(금실),2024-09-01,2025-06-30,176,303,0.5808580858085809,middle,"[150, 180)"
1665,PF_0000574,080400,9,2025-02-24,0,3,0,120.0,13.0,,,,18.1,,,3,False,7579,2024년_딸기(금실),2024-09-01,2025-06-30,176,303,0.5808580858085809,middle,"[150, 180)"
1402,PF_0000574,080400,1,2025-03-03,0,6,6,140.0,18.0,,,,18.8,,,12,False,7579,2024년_딸기(금실),2024-09-01,2025-06-30,183,303,0.6039603960396039,middle,"[180, 210)"
1435,PF_0000574,080400,2,2025-03-03,0,3,3,130.0,9.0,,,,18.3,,,6,False,7579,2024년_딸기(금실),2024-09-01,2025-06-30,183,303,0.6039603960396039,middle,"[180, 210)"
1468,PF_0000574,080400,3,2025-03-03,0,3,1,150.0,13.0,,,,20.0,,,4,False,7579,2024년_딸기(금실),2024-09-01,2025-06-30,183,303,0.6039603960396039,middle,"[180, 210)"
1501,PF_0000574,080400,4,2025-03-03,0,0,3,130.0,11.0,,,,19.6,,,3,False,7579,2024년_딸기(금실),2024-09-01,2025-06-30,183,303,0.6039603960396039,middle,"[180, 210)"
1534,PF_0000574,080400,5,2025-03-03,0,2,3,130.0,15.0,,,,24.2,,,5,False,7579,2024년_딸기(금실),2024-09-01,2025-06-30,183,303,0.6039603960396039,middle,"[180, 210)"
1567,PF_0000574,080400,6,2025-03-03,0,4,3,140.0,15.0,,,,20.6,,,7,False,7579,2024년_딸기(금실),2024-09-01,2025-06-30,183,303,0.6039603960396039,middle,"[180, 210)"
1600,PF_0000574,080400,7,2025-03-03,0,5,3,140.0,12.0,,,,23.8,,,8,False,7579,2024년_딸기(금실),2024-09-01,2025-06-30,183,303,0.6039603960396039,middle,"[180, 210)"
1633,PF_0000574,080400,8,2025-03-03,0,3,2,145.0,14.0,,,,20.2,,,5,False,7579,2024년_딸기(금실),2024-09-01,2025-06-30,183,303,0.6039603960396039,middle,"[180, 210)"
1666,PF_0000574,080400,9,2025-03-03,0,3,3,140.0,11.0,,,,22.3,,,6,False,7579,2024년_딸기(금실),2024-09-01,2025-06-30,183,303,0.6039603960396039,middle,"[180, 210)"
1403,PF_0000574,080400,1,2025-03-10,0,4,5,150.0,15.0,,,,24.7,,,9,False,7579,2024년_딸기(금실),2024-09-01,2025-06-30,190,303,0.6270627062706271,middle,"[180, 210)"
1436,PF_0000574,080400,2,2025-03-10,0,2,3,150.0,11.0,,,,19.5,,,5,False,7579,2024년_딸기(금실),2024-09-01,2025-06-30,190,303,0.6270627062706271,middle,"[180, 210)"
1469,PF_0000574,080400,3,2025-03-10,0,3,3,150.0,13.0,,,,22.7,,,6,False,7579,2024년_딸기(금실),2024-09-01,2025-06-30,190,303,0.6270627062706271,middle,"[180, 210)"
1502,PF_0000574,080400,4,2025-03-10,0,0,3,120.0,16.0,,,,20.7,,,3,False,7579,2024년_딸기(금실),2024-09-01,2025-06-30,190,303,0.6270627062706271,middle,"[180, 210)"
1535,PF_0000574,080400,5,2025-03-10,0,2,3,100.0,14.0,,,,25.5,,,5,False,7579,2024년_딸기(금실),2024-09-01,2025-06-30,190,303,0.6270627062706271,middle,"[180, 210)"
1568,PF_0000574,080400,6,2025-03-10,0,4,5,90.0,13.0,,,,19.8,,,9,False,7579,2024년_딸기(금실),2024-09-01,2025-06-30,190,303,0.6270627062706271,middle,"[180, 210)"
1601,PF_0000574,080400,7,2025-03-10,0,3,3,140.0,15.0,,,,22.6,,,6,False,7579,2024년_딸기(금실),2024-09-01,2025-06-30,190,303,0.6270627062706271,middle,"[180, 210)"
1634,PF_0000574,080400,8,2025-03-10,0,3,3,120.0,14.0,,,,20.8,,,6,False,7579,2024년_딸기(금실),2024-09-01,2025-06-30,190,303,0.6270627062706271,middle,"[180, 210)"
1667,PF_0000574,080400,9,2025-03-10,0,2,3,120.0,14.0,,,,24.9,,,5,False,7579,2024년_딸기(금실),2024-09-01,2025-06-30,190,303,0.6270627062706271,middle,"[180, 210)"
1404,PF_0000574,080400,1,2025-03-17,0,0,3,140.0,15.0,,,,23.1,,,3,False,7579,2024년_딸기(금실),2024-09-01,2025-06-30,197,303,0.6501650165016502,middle,"[180, 210)"
1437,PF_0000574,080400,2,2025-03-17,0,0,3,130.0,11.0,,,,18.8,,,3,False,7579,2024년_딸기(금실),2024-09-01,2025-06-30,197,303,0.6501650165016502,middle,"[180, 210)"
1470,PF_0000574,080400,3,2025-03-17,0,0,3,150.0,13.0,,,,19.1,,,3,False,7579,2024년_딸기(금실),2024-09-01,2025-06-30,197,303,0.6501650165016502,middle,"[180, 210)"
1503,PF_0000574,080400,4,2025-03-17,0,0,3,130.0,15.0,,,,25.6,,,3,False,7579,2024년_딸기(금실),2024-09-01,2025-06-30,197,303,0.6501650165016502,middle,"[180, 210)"
1536,PF_0000574,080400,5,2025-03-17,0,0,3,100.0,19.0,,,,20.5,,,3,False,7579,2024년_딸기(금실),2024-09-01,2025-06-30,197,303,0.6501650165016502,middle,"[180, 210)"
1569,PF_0000574,080400,6,2025-03-17,0,0,4,100.0,16.0,,,,22.5,,,4,False,7579,2024년_딸기(금실),2024-09-01,2025-06-30,197,303,0.6501650165016502,middle,"[180, 210)"
1602,PF_0000574,080400,7,2025-03-17,0,0,3,135.0,15.0,,,,23.6,,,3,False,7579,2024년_딸기(금실),2024-09-01,2025-06-30,197,303,0.6501650165016502,middle,"[180, 210)"
1635,PF_0000574,080400,8,2025-03-17,0,0,3,120.0,16.0,,,,21.0,,,3,False,7579,2024년_딸기(금실),2024-09-01,2025-06-30,197,303,0.6501650165016502,middle,"[180, 210)"
1668,PF_0000574,080400,9,2025-03-17,0,0,3,120.0,13.0,,,,22.6,,,3,False,7579,2024년_딸기(금실),2024-09-01,2025-06-30,197,303,0.6501650165016502,middle,"[180, 210)"
1405,PF_0000574,080400,1,2025-03-24,0,0,3,150.0,17.0,,,,28.6,,,3,False,7579,2024년_딸기(금실),2024-09-01,2025-06-30,204,303,0.6732673267326733,late,"[180, 210)"
1438,PF_0000574,080400,2,2025-03-24,0,0,3,90.0,12.0,,,,24.0,,,3,False,7579,2024년_딸기(금실),2024-09-01,2025-06-30,204,303,0.6732673267326733,late,"[180, 210)"
1471,PF_0000574,080400,3,2025-03-24,0,0,3,150.0,15.0,,,,30.0,,,3,False,7579,2024년_딸기(금실),2024-09-01,2025-06-30,204,303,0.6732673267326733,late,"[180, 210)"
1504,PF_0000574,080400,4,2025-03-24,0,0,2,120.0,16.0,,,,23.3,,,2,False,7579,2024년_딸기(금실),2024-09-01,2025-06-30,204,303,0.6732673267326733,late,"[180, 210)"
1537,PF_0000574,080400,5,2025-03-24,0,0,2,130.0,17.0,,,,27.4,,,2,False,7579,2024년_딸기(금실),2024-09-01,2025-06-30,204,303,0.6732673267326733,late,"[180, 210)"
1570,PF_0000574,080400,6,2025-03-24,0,0,3,100.0,16.0,,,,24.4,,,3,False,7579,2024년_딸기(금실),2024-09-01,2025-06-30,204,303,0.6732673267326733,late,"[180, 210)"
1603,PF_0000574,080400,7,2025-03-24,0,0,2,140.0,13.0,,,,26.6,,,2,False,7579,2024년_딸기(금실),2024-09-01,2025-06-30,204,303,0.6732673267326733,late,"[180, 210)"
1636,PF_0000574,080400,8,2025-03-24,0,0,3,80.0,15.0,,,,23.5,,,3,False,7579,2024년_딸기(금실),2024-09-01,2025-06-30,204,303,0.6732673267326733,late,"[180, 210)"
1669,PF_0000574,080400,9,2025-03-24,0,0,3,80.0,15.0,,,,19.6,,,3,False,7579,2024년_딸기(금실),2024-09-01,2025-06-30,204,303,0.6732673267326733,late,"[180, 210)"
1406,PF_0000574,080400,1,2025-03-31,0,0,0,150.0,18.0,,,,21.5,,,0,True,7579,2024년_딸기(금실),2024-09-01,2025-06-30,211,303,0.6963696369636964,late,"[210, 240)"
1439,PF_0000574,080400,2,2025-03-31,0,0,0,110.0,9.0,,,,24.4,,,0,True,7579,2024년_딸기(금실),2024-09-01,2025-06-30,211,303,0.6963696369636964,late,"[210, 240)"
1472,PF_0000574,080400,3,2025-03-31,0,0,0,110.0,16.0,,,,24.7,,,0,True,7579,2024년_딸기(금실),2024-09-01,2025-06-30,211,303,0.6963696369636964,late,"[210, 240)"
1505,PF_0000574,080400,4,2025-03-31,0,0,1,120.0,11.0,,,,18.7,,,1,False,7579,2024년_딸기(금실),2024-09-01,2025-06-30,211,303,0.6963696369636964,late,"[210, 240)"
1538,PF_0000574,080400,5,2025-03-31,0,0,1,100.0,14.0,,,,19.3,,,1,False,7579,2024년_딸기(금실),2024-09-01,2025-06-30,211,303,0.6963696369636964,late,"[210, 240)"
1571,PF_0000574,080400,6,2025-03-31,0,0,1,80.0,14.0,,,,26.3,,,1,False,7579,2024년_딸기(금실),2024-09-01,2025-06-30,211,303,0.6963696369636964,late,"[210, 240)"
1604,PF_0000574,080400,7,2025-03-31,0,0,0,140.0,12.0,,,,24.7,,,0,True,7579,2024년_딸기(금실),2024-09-01,2025-06-30,211,303,0.6963696369636964,late,"[210, 240)"
1637,PF_0000574,080400,8,2025-03-31,0,0,0,110.0,16.0,,,,24.1,,,0,True,7579,2024년_딸기(금실),2024-09-01,2025-06-30,211,303,0.6963696369636964,late,"[210, 240)"
1670,PF_0000574,080400,9,2025-03-31,0,0,0,90.0,13.0,,,,21.0,,,0,True,7579,2024년_딸기(금실),2024-09-01,2025-06-30,211,303,0.6963696369636964,late,"[210, 240)"
1407,PF_0000574,080400,1,2025-04-07,0,0,0,70.0,18.0,,,,24.2,,,0,True,7579,2024년_딸기(금실),2024-09-01,2025-06-30,218,303,0.7194719471947195,late,"[210, 240)"
1440,PF_0000574,080400,2,2025-04-07,0,0,0,110.0,9.0,,,,24.6,,,0,True,7579,2024년_딸기(금실),2024-09-01,2025-06-30,218,303,0.7194719471947195,late,"[210, 240)"
1473,PF_0000574,080400,3,2025-04-07,0,0,0,100.0,16.0,,,,26.9,,,0,True,7579,2024년_딸기(금실),2024-09-01,2025-06-30,218,303,0.7194719471947195,late,"[210, 240)"
1506,PF_0000574,080400,4,2025-04-07,0,0,0,120.0,13.0,,,,21.1,,,0,True,7579,2024년_딸기(금실),2024-09-01,2025-06-30,218,303,0.7194719471947195,late,"[210, 240)"
1539,PF_0000574,080400,5,2025-04-07,0,0,0,100.0,14.0,,,,21.1,,,0,True,7579,2024년_딸기(금실),2024-09-01,2025-06-30,218,303,0.7194719471947195,late,"[210, 240)"
1572,PF_0000574,080400,6,2025-04-07,0,0,0,115.0,17.0,,,,22.0,,,0,True,7579,2024년_딸기(금실),2024-09-01,2025-06-30,218,303,0.7194719471947195,late,"[210, 240)"
1605,PF_0000574,080400,7,2025-04-07,0,0,0,140.0,15.0,,,,18.3,,,0,True,7579,2024년_딸기(금실),2024-09-01,2025-06-30,218,303,0.7194719471947195,late,"[210, 240)"
1638,PF_0000574,080400,8,2025-04-07,0,0,0,105.0,17.0,,,,28.6,,,0,True,7579,2024년_딸기(금실),2024-09-01,2025-06-30,218,303,0.7194719471947195,late,"[210, 240)"
1671,PF_0000574,080400,9,2025-04-07,0,0,0,90.0,15.0,,,,21.5,,,0,True,7579,2024년_딸기(금실),2024-09-01,2025-06-30,218,303,0.7194719471947195,late,"[210, 240)"
1408,PF_0000574,080400,1,2025-04-14,0,0,0,85.0,17.0,,,,26.7,,,0,True,7579,2024년_딸기(금실),2024-09-01,2025-06-30,225,303,0.7425742574257426,late,"[210, 240)"
1441,PF_0000574,080400,2,2025-04-14,0,0,0,110.0,9.0,,,,23.9,,,0,True,7579,2024년_딸기(금실),2024-09-01,2025-06-30,225,303,0.7425742574257426,late,"[210, 240)"
1474,PF_0000574,080400,3,2025-04-14,0,0,0,110.0,15.0,,,,19.0,,,0,True,7579,2024년_딸기(금실),2024-09-01,2025-06-30,225,303,0.7425742574257426,late,"[210, 240)"
1507,PF_0000574,080400,4,2025-04-14,0,0,0,120.0,13.0,,,,18.8,,,0,True,7579,2024년_딸기(금실),2024-09-01,2025-06-30,225,303,0.7425742574257426,late,"[210, 240)"
1540,PF_0000574,080400,5,2025-04-14,0,0,0,110.0,19.0,,,,27.3,,,0,True,7579,2024년_딸기(금실),2024-09-01,2025-06-30,225,303,0.7425742574257426,late,"[210, 240)"
1573,PF_0000574,080400,6,2025-04-14,0,0,0,110.0,18.0,,,,32.2,,,0,True,7579,2024년_딸기(금실),2024-09-01,2025-06-30,225,303,0.7425742574257426,late,"[210, 240)"
1606,PF_0000574,080400,7,2025-04-14,0,0,0,90.0,15.0,,,,23.5,,,0,True,7579,2024년_딸기(금실),2024-09-01,2025-06-30,225,303,0.7425742574257426,late,"[210, 240)"
1639,PF_0000574,080400,8,2025-04-14,0,0,0,100.0,15.0,,,,27.6,,,0,True,7579,2024년_딸기(금실),2024-09-01,2025-06-30,225,303,0.7425742574257426,late,"[210, 240)"
1672,PF_0000574,080400,9,2025-04-14,0,0,0,90.0,17.0,,,,25.6,,,0,True,7579,2024년_딸기(금실),2024-09-01,2025-06-30,225,303,0.7425742574257426,late,"[210, 240)"
1409,PF_0000574,080400,1,2025-04-21,0,0,0,90.0,13.0,,,,23.3,,,0,True,7579,2024년_딸기(금실),2024-09-01,2025-06-30,232,303,0.7656765676567657,late,"[210, 240)"
1442,PF_0000574,080400,2,2025-04-21,0,0,0,110.0,10.0,,,,23.3,,,0,True,7579,2024년_딸기(금실),2024-09-01,2025-06-30,232,303,0.7656765676567657,late,"[210, 240)"
1475,PF_0000574,080400,3,2025-04-21,0,0,0,90.0,20.0,,,,24.0,,,0,True,7579,2024년_딸기(금실),2024-09-01,2025-06-30,232,303,0.7656765676567657,late,"[210, 240)"
1508,PF_0000574,080400,4,2025-04-21,0,0,0,120.0,14.0,,,,24.3,,,0,True,7579,2024년_딸기(금실),2024-09-01,2025-06-30,232,303,0.7656765676567657,late,"[210, 240)"
1541,PF_0000574,080400,5,2025-04-21,0,0,0,120.0,17.0,,,,31.5,,,0,True,7579,2024년_딸기(금실),2024-09-01,2025-06-30,232,303,0.7656765676567657,late,"[210, 240)"
1574,PF_0000574,080400,6,2025-04-21,0,0,0,120.0,19.0,,,,28.0,,,0,True,7579,2024년_딸기(금실),2024-09-01,2025-06-30,232,303,0.7656765676567657,late,"[210, 240)"
1607,PF_0000574,080400,7,2025-04-21,0,0,0,110.0,15.0,,,,28.1,,,0,True,7579,2024년_딸기(금실),2024-09-01,2025-06-30,232,303,0.7656765676567657,late,"[210, 240)"
1640,PF_0000574,080400,8,2025-04-21,0,0,0,110.0,15.0,,,,30.3,,,0,True,7579,2024년_딸기(금실),2024-09-01,2025-06-30,232,303,0.7656765676567657,late,"[210, 240)"
1673,PF_0000574,080400,9,2025-04-21,0,0,0,110.0,11.0,,,,26.7,,,0,True,7579,2024년_딸기(금실),2024-09-01,2025-06-30,232,303,0.7656765676567657,late,"[210, 240)"
1410,PF_0000574,080400,1,2025-04-28,0,0,0,100.0,19.0,,,,27.8,,,0,True,7579,2024년_딸기(금실),2024-09-01,2025-06-30,239,303,0.7887788778877888,late,"[210, 240)"
1443,PF_0000574,080400,2,2025-04-28,0,0,0,130.0,11.0,,,,20.2,,,0,True,7579,2024년_딸기(금실),2024-09-01,2025-06-30,239,303,0.7887788778877888,late,"[210, 240)"
1476,PF_0000574,080400,3,2025-04-28,0,0,0,130.0,25.0,,,,26.6,,,0,True,7579,2024년_딸기(금실),2024-09-01,2025-06-30,239,303,0.7887788778877888,late,"[210, 240)"
1509,PF_0000574,080400,4,2025-04-28,0,0,0,110.0,16.0,,,,33.0,,,0,True,7579,2024년_딸기(금실),2024-09-01,2025-06-30,239,303,0.7887788778877888,late,"[210, 240)"
1542,PF_0000574,080400,5,2025-04-28,0,0,0,130.0,21.0,,,,23.8,,,0,True,7579,2024년_딸기(금실),2024-09-01,2025-06-30,239,303,0.7887788778877888,late,"[210, 240)"
1575,PF_0000574,080400,6,2025-04-28,0,0,0,130.0,16.0,,,,24.6,,,0,True,7579,2024년_딸기(금실),2024-09-01,2025-06-30,239,303,0.7887788778877888,late,"[210, 240)"
1608,PF_0000574,080400,7,2025-04-28,0,0,0,120.0,17.0,,,,24.8,,,0,True,7579,2024년_딸기(금실),2024-09-01,2025-06-30,239,303,0.7887788778877888,late,"[210, 240)"
1641,PF_0000574,080400,8,2025-04-28,0,0,0,90.0,19.0,,,,17.4,,,0,True,7579,2024년_딸기(금실),2024-09-01,2025-06-30,239,303,0.7887788778877888,late,"[210, 240)"
1674,PF_0000574,080400,9,2025-04-28,0,0,0,110.0,8.0,,,,27.6,,,0,True,7579,2024년_딸기(금실),2024-09-01,2025-06-30,239,303,0.7887788778877888,late,"[210, 240)"
1411,PF_0000574,080400,1,2025-05-23,0,0,0,110.0,18.0,,,,27.5,,,0,True,7579,2024년_딸기(금실),2024-09-01,2025-06-30,264,303,0.8712871287128713,late,"[240, 270)"
1444,PF_0000574,080400,2,2025-05-23,0,0,0,120.0,10.0,,,,30.5,,,0,True,7579,2024년_딸기(금실),2024-09-01,2025-06-30,264,303,0.8712871287128713,late,"[240, 270)"
1477,PF_0000574,080400,3,2025-05-23,0,0,0,120.0,21.0,,,,18.2,,,0,True,7579,2024년_딸기(금실),2024-09-01,2025-06-30,264,303,0.8712871287128713,late,"[240, 270)"
1510,PF_0000574,080400,4,2025-05-23,0,0,0,120.0,15.0,,,,21.5,,,0,True,7579,2024년_딸기(금실),2024-09-01,2025-06-30,264,303,0.8712871287128713,late,"[240, 270)"
1543,PF_0000574,080400,5,2025-05-23,0,0,0,130.0,10.0,,,,19.7,,,0,True,7579,2024년_딸기(금실),2024-09-01,2025-06-30,264,303,0.8712871287128713,late,"[240, 270)"
1576,PF_0000574,080400,6,2025-05-23,0,0,0,90.0,13.0,,,,32.4,,,0,True,7579,2024년_딸기(금실),2024-09-01,2025-06-30,264,303,0.8712871287128713,late,"[240, 270)"
1609,PF_0000574,080400,7,2025-05-23,0,0,0,150.0,22.0,,,,26.5,,,0,True,7579,2024년_딸기(금실),2024-09-01,2025-06-30,264,303,0.8712871287128713,late,"[240, 270)"
1642,PF_0000574,080400,8,2025-05-23,0,0,0,150.0,28.0,,,,27.6,,,0,True,7579,2024년_딸기(금실),2024-09-01,2025-06-30,264,303,0.8712871287128713,late,"[240, 270)"
1675,PF_0000574,080400,9,2025-05-23,0,0,0,120.0,23.0,,,,23.9,,,0,True,7579,2024년_딸기(금실),2024-09-01,2025-06-30,264,303,0.8712871287128713,late,"[240, 270)"
1412,PF_0000574,080400,1,2025-05-29,0,0,0,130.0,18.0,,,,27.5,,,0,True,7579,2024년_딸기(금실),2024-09-01,2025-06-30,270,303,0.8910891089108911,late,"[270, 300)"
1445,PF_0000574,080400,2,2025-05-29,0,0,0,120.0,10.0,,,,30.5,,,0,True,7579,2024년_딸기(금실),2024-09-01,2025-06-30,270,303,0.8910891089108911,late,"[270, 300)"
1478,PF_0000574,080400,3,2025-05-29,0,0,0,120.0,21.0,,,,18.2,,,0,True,7579,2024년_딸기(금실),2024-09-01,2025-06-30,270,303,0.8910891089108911,late,"[270, 300)"
1511,PF_0000574,080400,4,2025-05-29,0,0,0,130.0,15.0,,,,21.5,,,0,True,7579,2024년_딸기(금실),2024-09-01,2025-06-30,270,303,0.8910891089108911,late,"[270, 300)"
1544,PF_0000574,080400,5,2025-05-29,0,0,0,140.0,10.0,,,,19.7,,,0,True,7579,2024년_딸기(금실),2024-09-01,2025-06-30,270,303,0.8910891089108911,late,"[270, 300)"
1577,PF_0000574,080400,6,2025-05-29,0,0,0,130.0,13.0,,,,32.4,,,0,True,7579,2024년_딸기(금실),2024-09-01,2025-06-30,270,303,0.8910891089108911,late,"[270, 300)"
1610,PF_0000574,080400,7,2025-05-29,0,0,0,140.0,22.0,,,,26.5,,,0,True,7579,2024년_딸기(금실),2024-09-01,2025-06-30,270,303,0.8910891089108911,late,"[270, 300)"
1643,PF_0000574,080400,8,2025-05-29,0,0,0,150.0,28.0,,,,27.6,,,0,True,7579,2024년_딸기(금실),2024-09-01,2025-06-30,270,303,0.8910891089108911,late,"[270, 300)"
1676,PF_0000574,080400,9,2025-05-29,0,0,0,130.0,23.0,,,,23.9,,,0,True,7579,2024년_딸기(금실),2024-09-01,2025-06-30,270,303,0.8910891089108911,late,"[270, 300)"
1413,PF_0000574,080400,1,2025-06-05,0,0,0,130.0,18.0,,,,27.3,,,0,True,7579,2024년_딸기(금실),2024-09-01,2025-06-30,277,303,0.9141914191419142,late,"[270, 300)"
1446,PF_0000574,080400,2,2025-06-05,0,0,0,130.0,10.0,,,,30.2,,,0,True,7579,2024년_딸기(금실),2024-09-01,2025-06-30,277,303,0.9141914191419142,late,"[270, 300)"
1479,PF_0000574,080400,3,2025-06-05,0,0,0,130.0,21.0,,,,18.0,,,0,True,7579,2024년_딸기(금실),2024-09-01,2025-06-30,277,303,0.9141914191419142,late,"[270, 300)"
1512,PF_0000574,080400,4,2025-06-05,0,0,0,130.0,15.0,,,,21.3,,,0,True,7579,2024년_딸기(금실),2024-09-01,2025-06-30,277,303,0.9141914191419142,late,"[270, 300)"
1545,PF_0000574,080400,5,2025-06-05,0,0,0,110.0,10.0,,,,19.5,,,0,True,7579,2024년_딸기(금실),2024-09-01,2025-06-30,277,303,0.9141914191419142,late,"[270, 300)"
1578,PF_0000574,080400,6,2025-06-05,0,0,0,130.0,13.0,,,,32.2,,,0,True,7579,2024년_딸기(금실),2024-09-01,2025-06-30,277,303,0.9141914191419142,late,"[270, 300)"
1611,PF_0000574,080400,7,2025-06-05,0,0,0,110.0,13.0,,,,25.5,,,0,True,7579,2024년_딸기(금실),2024-09-01,2025-06-30,277,303,0.9141914191419142,late,"[270, 300)"
1644,PF_0000574,080400,8,2025-06-05,0,0,0,150.0,28.0,,,,27.4,,,0,True,7579,2024년_딸기(금실),2024-09-01,2025-06-30,277,303,0.9141914191419142,late,"[270, 300)"
1677,PF_0000574,080400,9,2025-06-05,0,0,0,130.0,21.0,,,,23.6,,,0,True,7579,2024년_딸기(금실),2024-09-01,2025-06-30,277,303,0.9141914191419142,late,"[270, 300)"
1958,PF_0000778,080400,1,2024-10-07,0,0,0,70.0,7.0,,,,10.8,,,0,True,7578,2024년_딸기(금실),2024-09-15,2025-06-30,22,289,0.07612456747404844,early,"[0, 30)"
1990,PF_0000778,080400,2,2024-10-07,0,0,0,65.0,5.0,,,,13.5,,,0,True,7578,2024년_딸기(금실),2024-09-15,2025-06-30,22,289,0.07612456747404844,early,"[0, 30)"
2022,PF_0000778,080400,3,2024-10-07,0,0,0,75.0,4.0,,,,11.1,,,0,True,7578,2024년_딸기(금실),2024-09-15,2025-06-30,22,289,0.07612456747404844,early,"[0, 30)"
2054,PF_0000778,080400,4,2024-10-07,0,0,0,75.0,6.0,,,,14.0,,,0,True,7578,2024년_딸기(금실),2024-09-15,2025-06-30,22,289,0.07612456747404844,early,"[0, 30)"
2086,PF_0000778,080400,5,2024-10-07,0,0,0,75.0,5.0,,,,10.9,,,0,True,7578,2024년_딸기(금실),2024-09-15,2025-06-30,22,289,0.07612456747404844,early,"[0, 30)"
2118,PF_0000778,080400,6,2024-10-07,0,0,0,75.0,4.0,,,,11.8,,,0,True,7578,2024년_딸기(금실),2024-09-15,2025-06-30,22,289,0.07612456747404844,early,"[0, 30)"
2150,PF_0000778,080400,7,2024-10-07,0,0,0,75.0,5.0,,,,11.4,,,0,True,7578,2024년_딸기(금실),2024-09-15,2025-06-30,22,289,0.07612456747404844,early,"[0, 30)"
2182,PF_0000778,080400,8,2024-10-07,0,0,0,65.0,7.0,,,,11.2,,,0,True,7578,2024년_딸기(금실),2024-09-15,2025-06-30,22,289,0.07612456747404844,early,"[0, 30)"
2214,PF_0000778,080400,9,2024-10-07,0,0,0,75.0,4.0,,,,9.2,,,0,True,7578,2024년_딸기(금실),2024-09-15,2025-06-30,22,289,0.07612456747404844,early,"[0, 30)"
1959,PF_0000778,080400,1,2024-10-14,0,0,0,80.0,7.0,,,,15.4,,,0,True,7578,2024년_딸기(금실),2024-09-15,2025-06-30,29,289,0.10034602076124567,early,"[0, 30)"
1991,PF_0000778,080400,2,2024-10-14,0,0,0,80.0,6.0,,,,13.0,,,0,True,7578,2024년_딸기(금실),2024-09-15,2025-06-30,29,289,0.10034602076124567,early,"[0, 30)"
2023,PF_0000778,080400,3,2024-10-14,0,0,0,80.0,5.0,,,,13.6,,,0,True,7578,2024년_딸기(금실),2024-09-15,2025-06-30,29,289,0.10034602076124567,early,"[0, 30)"
2055,PF_0000778,080400,4,2024-10-14,0,0,0,90.0,7.0,,,,18.7,,,0,True,7578,2024년_딸기(금실),2024-09-15,2025-06-30,29,289,0.10034602076124567,early,"[0, 30)"
2087,PF_0000778,080400,5,2024-10-14,0,0,0,80.0,6.0,,,,14.4,,,0,True,7578,2024년_딸기(금실),2024-09-15,2025-06-30,29,289,0.10034602076124567,early,"[0, 30)"
2119,PF_0000778,080400,6,2024-10-14,0,0,0,80.0,5.0,,,,14.0,,,0,True,7578,2024년_딸기(금실),2024-09-15,2025-06-30,29,289,0.10034602076124567,early,"[0, 30)"
2151,PF_0000778,080400,7,2024-10-14,0,0,0,85.0,6.0,,,,11.5,,,0,True,7578,2024년_딸기(금실),2024-09-15,2025-06-30,29,289,0.10034602076124567,early,"[0, 30)"
2183,PF_0000778,080400,8,2024-10-14,0,0,0,85.0,7.0,,,,12.0,,,0,True,7578,2024년_딸기(금실),2024-09-15,2025-06-30,29,289,0.10034602076124567,early,"[0, 30)"
2215,PF_0000778,080400,9,2024-10-14,0,0,0,90.0,5.0,,,,12.5,,,0,True,7578,2024년_딸기(금실),2024-09-15,2025-06-30,29,289,0.10034602076124567,early,"[0, 30)"
1960,PF_0000778,080400,1,2024-10-21,0,0,0,100.0,6.0,,,,17.0,,,0,True,7578,2024년_딸기(금실),2024-09-15,2025-06-30,36,289,0.1245674740484429,early,"[30, 60)"
1992,PF_0000778,080400,2,2024-10-21,0,0,0,90.0,4.0,,,,15.5,,,0,True,7578,2024년_딸기(금실),2024-09-15,2025-06-30,36,289,0.1245674740484429,early,"[30, 60)"
2024,PF_0000778,080400,3,2024-10-21,0,0,0,100.0,5.0,,,,15.5,,,0,True,7578,2024년_딸기(금실),2024-09-15,2025-06-30,36,289,0.1245674740484429,early,"[30, 60)"
2056,PF_0000778,080400,4,2024-10-21,0,0,0,105.0,4.0,,,,18.3,,,0,True,7578,2024년_딸기(금실),2024-09-15,2025-06-30,36,289,0.1245674740484429,early,"[30, 60)"
2088,PF_0000778,080400,5,2024-10-21,0,0,0,105.0,5.0,,,,12.5,,,0,True,7578,2024년_딸기(금실),2024-09-15,2025-06-30,36,289,0.1245674740484429,early,"[30, 60)"
2120,PF_0000778,080400,6,2024-10-21,0,0,0,95.0,6.0,,,,15.8,,,0,True,7578,2024년_딸기(금실),2024-09-15,2025-06-30,36,289,0.1245674740484429,early,"[30, 60)"
2152,PF_0000778,080400,7,2024-10-21,0,0,0,100.0,5.0,,,,14.1,,,0,True,7578,2024년_딸기(금실),2024-09-15,2025-06-30,36,289,0.1245674740484429,early,"[30, 60)"
2184,PF_0000778,080400,8,2024-10-21,0,0,0,100.0,5.0,,,,19.7,,,0,True,7578,2024년_딸기(금실),2024-09-15,2025-06-30,36,289,0.1245674740484429,early,"[30, 60)"
2216,PF_0000778,080400,9,2024-10-21,0,0,0,105.0,4.0,,,,18.5,,,0,True,7578,2024년_딸기(금실),2024-09-15,2025-06-30,36,289,0.1245674740484429,early,"[30, 60)"
1961,PF_0000778,080400,1,2024-10-28,0,0,0,120.0,5.0,,,,15.6,,,0,True,7578,2024년_딸기(금실),2024-09-15,2025-06-30,43,289,0.14878892733564014,early,"[30, 60)"
1993,PF_0000778,080400,2,2024-10-28,0,0,0,120.0,6.0,,,,13.3,,,0,True,7578,2024년_딸기(금실),2024-09-15,2025-06-30,43,289,0.14878892733564014,early,"[30, 60)"
2025,PF_0000778,080400,3,2024-10-28,0,0,0,100.0,5.0,,,,12.7,,,0,True,7578,2024년_딸기(금실),2024-09-15,2025-06-30,43,289,0.14878892733564014,early,"[30, 60)"
2057,PF_0000778,080400,4,2024-10-28,0,0,0,100.0,5.0,,,,13.8,,,0,True,7578,2024년_딸기(금실),2024-09-15,2025-06-30,43,289,0.14878892733564014,early,"[30, 60)"
2089,PF_0000778,080400,5,2024-10-28,0,0,0,120.0,6.0,,,,14.1,,,0,True,7578,2024년_딸기(금실),2024-09-15,2025-06-30,43,289,0.14878892733564014,early,"[30, 60)"
2121,PF_0000778,080400,6,2024-10-28,0,0,0,110.0,6.0,,,,8.8,,,0,True,7578,2024년_딸기(금실),2024-09-15,2025-06-30,43,289,0.14878892733564014,early,"[30, 60)"
2153,PF_0000778,080400,7,2024-10-28,0,0,0,125.0,5.0,,,,9.5,,,0,True,7578,2024년_딸기(금실),2024-09-15,2025-06-30,43,289,0.14878892733564014,early,"[30, 60)"
2185,PF_0000778,080400,8,2024-10-28,0,0,0,100.0,6.0,,,,12.9,,,0,True,7578,2024년_딸기(금실),2024-09-15,2025-06-30,43,289,0.14878892733564014,early,"[30, 60)"
2217,PF_0000778,080400,9,2024-10-28,0,0,0,120.0,6.0,,,,9.6,,,0,True,7578,2024년_딸기(금실),2024-09-15,2025-06-30,43,289,0.14878892733564014,early,"[30, 60)"
1962,PF_0000778,080400,1,2024-11-04,0,0,0,120.0,7.0,,,,36.5,,,0,True,7578,2024년_딸기(금실),2024-09-15,2025-06-30,50,289,0.17301038062283736,early,"[30, 60)"
1994,PF_0000778,080400,2,2024-11-04,0,0,0,110.0,6.0,,,,36.5,,,0,True,7578,2024년_딸기(금실),2024-09-15,2025-06-30,50,289,0.17301038062283736,early,"[30, 60)"
2026,PF_0000778,080400,3,2024-11-04,0,0,0,120.0,6.0,,,,37.4,,,0,True,7578,2024년_딸기(금실),2024-09-15,2025-06-30,50,289,0.17301038062283736,early,"[30, 60)"
2058,PF_0000778,080400,4,2024-11-04,0,0,0,110.0,7.0,,,,35.4,,,0,True,7578,2024년_딸기(금실),2024-09-15,2025-06-30,50,289,0.17301038062283736,early,"[30, 60)"
2090,PF_0000778,080400,5,2024-11-04,0,0,0,130.0,8.0,,,,42.3,,,0,True,7578,2024년_딸기(금실),2024-09-15,2025-06-30,50,289,0.17301038062283736,early,"[30, 60)"
2122,PF_0000778,080400,6,2024-11-04,0,0,0,130.0,7.0,,,,39.6,,,0,True,7578,2024년_딸기(금실),2024-09-15,2025-06-30,50,289,0.17301038062283736,early,"[30, 60)"
2154,PF_0000778,080400,7,2024-11-04,0,0,0,120.0,7.0,,,,38.5,,,0,True,7578,2024년_딸기(금실),2024-09-15,2025-06-30,50,289,0.17301038062283736,early,"[30, 60)"
2186,PF_0000778,080400,8,2024-11-04,0,0,0,100.0,6.0,,,,39.7,,,0,True,7578,2024년_딸기(금실),2024-09-15,2025-06-30,50,289,0.17301038062283736,early,"[30, 60)"
2218,PF_0000778,080400,9,2024-11-04,0,0,0,110.0,7.0,,,,44.2,,,0,True,7578,2024년_딸기(금실),2024-09-15,2025-06-30,50,289,0.17301038062283736,early,"[30, 60)"
1963,PF_0000778,080400,1,2024-11-11,0,0,0,12.0,7.0,,,,34.4,,,0,True,7578,2024년_딸기(금실),2024-09-15,2025-06-30,57,289,0.1972318339100346,early,"[30, 60)"
1995,PF_0000778,080400,2,2024-11-11,0,0,0,11.0,7.0,,,,29.8,,,0,True,7578,2024년_딸기(금실),2024-09-15,2025-06-30,57,289,0.1972318339100346,early,"[30, 60)"
2027,PF_0000778,080400,3,2024-11-11,0,0,0,13.0,6.0,,,,31.5,,,0,True,7578,2024년_딸기(금실),2024-09-15,2025-06-30,57,289,0.1972318339100346,early,"[30, 60)"
2059,PF_0000778,080400,4,2024-11-11,0,0,0,12.0,7.0,,,,30.2,,,0,True,7578,2024년_딸기(금실),2024-09-15,2025-06-30,57,289,0.1972318339100346,early,"[30, 60)"
2091,PF_0000778,080400,5,2024-11-11,0,0,0,11.0,7.0,,,,30.1,,,0,True,7578,2024년_딸기(금실),2024-09-15,2025-06-30,57,289,0.1972318339100346,early,"[30, 60)"
2123,PF_0000778,080400,6,2024-11-11,0,0,0,12.0,6.0,,,,29.2,,,0,True,7578,2024년_딸기(금실),2024-09-15,2025-06-30,57,289,0.1972318339100346,early,"[30, 60)"
2155,PF_0000778,080400,7,2024-11-11,0,0,0,12.0,6.0,,,,29.2,,,0,True,7578,2024년_딸기(금실),2024-09-15,2025-06-30,57,289,0.1972318339100346,early,"[30, 60)"
2187,PF_0000778,080400,8,2024-11-11,0,0,0,13.0,6.0,,,,31.8,,,0,True,7578,2024년_딸기(금실),2024-09-15,2025-06-30,57,289,0.1972318339100346,early,"[30, 60)"
2219,PF_0000778,080400,9,2024-11-11,0,0,0,12.0,8.0,,,,23.5,,,0,True,7578,2024년_딸기(금실),2024-09-15,2025-06-30,57,289,0.1972318339100346,early,"[30, 60)"
1964,PF_0000778,080400,1,2024-11-18,6,0,0,140.0,7.0,,,,13.8,,,6,False,7578,2024년_딸기(금실),2024-09-15,2025-06-30,64,289,0.22145328719723184,early,"[60, 90)"
1996,PF_0000778,080400,2,2024-11-18,5,0,0,110.0,7.0,,,,12.9,,,5,False,7578,2024년_딸기(금실),2024-09-15,2025-06-30,64,289,0.22145328719723184,early,"[60, 90)"
2028,PF_0000778,080400,3,2024-11-18,7,0,0,120.0,6.0,,,,9.4,,,7,False,7578,2024년_딸기(금실),2024-09-15,2025-06-30,64,289,0.22145328719723184,early,"[60, 90)"
2060,PF_0000778,080400,4,2024-11-18,8,0,0,120.0,7.0,,,,14.5,,,8,False,7578,2024년_딸기(금실),2024-09-15,2025-06-30,64,289,0.22145328719723184,early,"[60, 90)"
2092,PF_0000778,080400,5,2024-11-18,8,0,0,130.0,7.0,,,,13.2,,,8,False,7578,2024년_딸기(금실),2024-09-15,2025-06-30,64,289,0.22145328719723184,early,"[60, 90)"
2124,PF_0000778,080400,6,2024-11-18,0,0,0,120.0,7.0,,,,11.1,,,0,True,7578,2024년_딸기(금실),2024-09-15,2025-06-30,64,289,0.22145328719723184,early,"[60, 90)"
2156,PF_0000778,080400,7,2024-11-18,0,0,0,120.0,5.0,,,,11.1,,,0,True,7578,2024년_딸기(금실),2024-09-15,2025-06-30,64,289,0.22145328719723184,early,"[60, 90)"
2188,PF_0000778,080400,8,2024-11-18,5,0,0,130.0,6.0,,,,15.1,,,5,False,7578,2024년_딸기(금실),2024-09-15,2025-06-30,64,289,0.22145328719723184,early,"[60, 90)"
2220,PF_0000778,080400,9,2024-11-18,1,0,0,110.0,7.0,,,,10.7,,,1,False,7578,2024년_딸기(금실),2024-09-15,2025-06-30,64,289,0.22145328719723184,early,"[60, 90)"
1965,PF_0000778,080400,1,2024-11-25,0,0,0,130.0,8.0,,,,15.4,,,0,True,7578,2024년_딸기(금실),2024-09-15,2025-06-30,71,289,0.24567474048442905,early,"[60, 90)"
1997,PF_0000778,080400,2,2024-11-25,0,0,0,120.0,9.0,,,,12.9,,,0,True,7578,2024년_딸기(금실),2024-09-15,2025-06-30,71,289,0.24567474048442905,early,"[60, 90)"
2029,PF_0000778,080400,3,2024-11-25,0,0,0,110.0,6.0,,,,9.9,,,0,True,7578,2024년_딸기(금실),2024-09-15,2025-06-30,71,289,0.24567474048442905,early,"[60, 90)"
2061,PF_0000778,080400,4,2024-11-25,0,0,0,120.0,7.0,,,,11.9,,,0,True,7578,2024년_딸기(금실),2024-09-15,2025-06-30,71,289,0.24567474048442905,early,"[60, 90)"
2093,PF_0000778,080400,5,2024-11-25,0,0,0,140.0,7.0,,,,8.0,,,0,True,7578,2024년_딸기(금실),2024-09-15,2025-06-30,71,289,0.24567474048442905,early,"[60, 90)"
2125,PF_0000778,080400,6,2024-11-25,0,0,0,120.0,8.0,,,,16.0,,,0,True,7578,2024년_딸기(금실),2024-09-15,2025-06-30,71,289,0.24567474048442905,early,"[60, 90)"
2157,PF_0000778,080400,7,2024-11-25,0,0,0,120.0,6.0,,,,17.5,,,0,True,7578,2024년_딸기(금실),2024-09-15,2025-06-30,71,289,0.24567474048442905,early,"[60, 90)"
2189,PF_0000778,080400,8,2024-11-25,0,0,0,140.0,6.0,,,,17.1,,,0,True,7578,2024년_딸기(금실),2024-09-15,2025-06-30,71,289,0.24567474048442905,early,"[60, 90)"
2221,PF_0000778,080400,9,2024-11-25,0,0,0,100.0,9.0,,,,16.5,,,0,True,7578,2024년_딸기(금실),2024-09-15,2025-06-30,71,289,0.24567474048442905,early,"[60, 90)"
1966,PF_0000778,080400,1,2024-12-02,0,0,0,140.0,8.0,,,,13.8,,,0,True,7578,2024년_딸기(금실),2024-09-15,2025-06-30,78,289,0.2698961937716263,early,"[60, 90)"
1998,PF_0000778,080400,2,2024-12-02,0,0,0,110.0,10.0,,,,16.9,,,0,True,7578,2024년_딸기(금실),2024-09-15,2025-06-30,78,289,0.2698961937716263,early,"[60, 90)"
2030,PF_0000778,080400,3,2024-12-02,0,0,0,120.0,7.0,,,,11.6,,,0,True,7578,2024년_딸기(금실),2024-09-15,2025-06-30,78,289,0.2698961937716263,early,"[60, 90)"
2062,PF_0000778,080400,4,2024-12-02,0,0,0,120.0,7.0,,,,15.1,,,0,True,7578,2024년_딸기(금실),2024-09-15,2025-06-30,78,289,0.2698961937716263,early,"[60, 90)"
2094,PF_0000778,080400,5,2024-12-02,0,0,0,130.0,9.0,,,,16.1,,,0,True,7578,2024년_딸기(금실),2024-09-15,2025-06-30,78,289,0.2698961937716263,early,"[60, 90)"
2126,PF_0000778,080400,6,2024-12-02,0,0,0,130.0,7.0,,,,18.1,,,0,True,7578,2024년_딸기(금실),2024-09-15,2025-06-30,78,289,0.2698961937716263,early,"[60, 90)"
2158,PF_0000778,080400,7,2024-12-02,0,0,0,130.0,8.0,,,,14.6,,,0,True,7578,2024년_딸기(금실),2024-09-15,2025-06-30,78,289,0.2698961937716263,early,"[60, 90)"
2190,PF_0000778,080400,8,2024-12-02,0,0,0,110.0,7.0,,,,13.5,,,0,True,7578,2024년_딸기(금실),2024-09-15,2025-06-30,78,289,0.2698961937716263,early,"[60, 90)"
2222,PF_0000778,080400,9,2024-12-02,0,0,0,110.0,7.0,,,,14.0,,,0,True,7578,2024년_딸기(금실),2024-09-15,2025-06-30,78,289,0.2698961937716263,early,"[60, 90)"
1967,PF_0000778,080400,1,2024-12-09,0,0,0,110.0,8.0,,,,20.7,,,0,True,7578,2024년_딸기(금실),2024-09-15,2025-06-30,85,289,0.29411764705882354,early,"[60, 90)"
1999,PF_0000778,080400,2,2024-12-09,0,0,0,110.0,9.0,,,,25.0,,,0,True,7578,2024년_딸기(금실),2024-09-15,2025-06-30,85,289,0.29411764705882354,early,"[60, 90)"
2031,PF_0000778,080400,3,2024-12-09,0,0,0,110.0,8.0,,,,18.0,,,0,True,7578,2024년_딸기(금실),2024-09-15,2025-06-30,85,289,0.29411764705882354,early,"[60, 90)"
2063,PF_0000778,080400,4,2024-12-09,0,0,0,120.0,7.0,,,,17.1,,,0,True,7578,2024년_딸기(금실),2024-09-15,2025-06-30,85,289,0.29411764705882354,early,"[60, 90)"
2095,PF_0000778,080400,5,2024-12-09,0,0,0,150.0,9.0,,,,15.5,,,0,True,7578,2024년_딸기(금실),2024-09-15,2025-06-30,85,289,0.29411764705882354,early,"[60, 90)"
2127,PF_0000778,080400,6,2024-12-09,0,0,0,140.0,9.0,,,,21.8,,,0,True,7578,2024년_딸기(금실),2024-09-15,2025-06-30,85,289,0.29411764705882354,early,"[60, 90)"
2159,PF_0000778,080400,7,2024-12-09,0,0,0,120.0,8.0,,,,14.0,,,0,True,7578,2024년_딸기(금실),2024-09-15,2025-06-30,85,289,0.29411764705882354,early,"[60, 90)"
2191,PF_0000778,080400,8,2024-12-09,0,0,0,140.0,8.0,,,,12.1,,,0,True,7578,2024년_딸기(금실),2024-09-15,2025-06-30,85,289,0.29411764705882354,early,"[60, 90)"
2223,PF_0000778,080400,9,2024-12-09,0,0,0,110.0,9.0,,,,16.8,,,0,True,7578,2024년_딸기(금실),2024-09-15,2025-06-30,85,289,0.29411764705882354,early,"[60, 90)"
1968,PF_0000778,080400,1,2024-12-16,0,0,0,130.0,9.0,,,,17.9,,,0,True,7578,2024년_딸기(금실),2024-09-15,2025-06-30,92,289,0.31833910034602075,early,"[90, 120)"
2000,PF_0000778,080400,2,2024-12-16,0,0,0,120.0,11.0,,,,16.0,,,0,True,7578,2024년_딸기(금실),2024-09-15,2025-06-30,92,289,0.31833910034602075,early,"[90, 120)"
2032,PF_0000778,080400,3,2024-12-16,0,0,0,120.0,8.0,,,,15.9,,,0,True,7578,2024년_딸기(금실),2024-09-15,2025-06-30,92,289,0.31833910034602075,early,"[90, 120)"
2064,PF_0000778,080400,4,2024-12-16,0,0,0,132.0,8.0,,,,17.8,,,0,True,7578,2024년_딸기(금실),2024-09-15,2025-06-30,92,289,0.31833910034602075,early,"[90, 120)"
2096,PF_0000778,080400,5,2024-12-16,0,0,0,130.0,9.0,,,,15.2,,,0,True,7578,2024년_딸기(금실),2024-09-15,2025-06-30,92,289,0.31833910034602075,early,"[90, 120)"
2128,PF_0000778,080400,6,2024-12-16,0,0,0,140.0,10.0,,,,27.3,,,0,True,7578,2024년_딸기(금실),2024-09-15,2025-06-30,92,289,0.31833910034602075,early,"[90, 120)"
2160,PF_0000778,080400,7,2024-12-16,0,0,0,110.0,9.0,,,,19.0,,,0,True,7578,2024년_딸기(금실),2024-09-15,2025-06-30,92,289,0.31833910034602075,early,"[90, 120)"
2192,PF_0000778,080400,8,2024-12-16,0,0,0,130.0,8.0,,,,14.3,,,0,True,7578,2024년_딸기(금실),2024-09-15,2025-06-30,92,289,0.31833910034602075,early,"[90, 120)"
2224,PF_0000778,080400,9,2024-12-16,0,0,0,110.0,8.0,,,,20.8,,,0,True,7578,2024년_딸기(금실),2024-09-15,2025-06-30,92,289,0.31833910034602075,early,"[90, 120)"
1969,PF_0000778,080400,1,2024-12-23,0,0,0,130.0,9.0,,,,17.1,,,0,True,7578,2024년_딸기(금실),2024-09-15,2025-06-30,99,289,0.34256055363321797,middle,"[90, 120)"
2001,PF_0000778,080400,2,2024-12-23,0,0,0,120.0,12.0,,,,18.4,,,0,True,7578,2024년_딸기(금실),2024-09-15,2025-06-30,99,289,0.34256055363321797,middle,"[90, 120)"
2033,PF_0000778,080400,3,2024-12-23,0,0,0,110.0,7.0,,,,12.3,,,0,True,7578,2024년_딸기(금실),2024-09-15,2025-06-30,99,289,0.34256055363321797,middle,"[90, 120)"
2065,PF_0000778,080400,4,2024-12-23,0,0,0,130.0,9.0,,,,15.8,,,0,True,7578,2024년_딸기(금실),2024-09-15,2025-06-30,99,289,0.34256055363321797,middle,"[90, 120)"
2097,PF_0000778,080400,5,2024-12-23,0,0,0,140.0,9.0,,,,23.1,,,0,True,7578,2024년_딸기(금실),2024-09-15,2025-06-30,99,289,0.34256055363321797,middle,"[90, 120)"
2129,PF_0000778,080400,6,2024-12-23,0,0,0,140.0,10.0,,,,27.8,,,0,True,7578,2024년_딸기(금실),2024-09-15,2025-06-30,99,289,0.34256055363321797,middle,"[90, 120)"
2161,PF_0000778,080400,7,2024-12-23,0,0,0,130.0,9.0,,,,29.3,,,0,True,7578,2024년_딸기(금실),2024-09-15,2025-06-30,99,289,0.34256055363321797,middle,"[90, 120)"
2193,PF_0000778,080400,8,2024-12-23,0,0,0,110.0,8.0,,,,26.8,,,0,True,7578,2024년_딸기(금실),2024-09-15,2025-06-30,99,289,0.34256055363321797,middle,"[90, 120)"
2225,PF_0000778,080400,9,2024-12-23,0,0,0,120.0,9.0,,,,32.2,,,0,True,7578,2024년_딸기(금실),2024-09-15,2025-06-30,99,289,0.34256055363321797,middle,"[90, 120)"
1970,PF_0000778,080400,1,2024-12-30,2,0,0,130.0,8.0,,,,31.2,,,2,False,7578,2024년_딸기(금실),2024-09-15,2025-06-30,106,289,0.36678200692041524,middle,"[90, 120)"
2002,PF_0000778,080400,2,2024-12-30,3,0,0,120.0,12.0,,,,36.9,,,3,False,7578,2024년_딸기(금실),2024-09-15,2025-06-30,106,289,0.36678200692041524,middle,"[90, 120)"
2034,PF_0000778,080400,3,2024-12-30,4,0,0,110.0,8.0,,,,34.9,,,4,False,7578,2024년_딸기(금실),2024-09-15,2025-06-30,106,289,0.36678200692041524,middle,"[90, 120)"
2066,PF_0000778,080400,4,2024-12-30,3,0,0,130.0,8.0,,,,36.4,,,3,False,7578,2024년_딸기(금실),2024-09-15,2025-06-30,106,289,0.36678200692041524,middle,"[90, 120)"
2098,PF_0000778,080400,5,2024-12-30,5,0,0,140.0,9.0,,,,35.8,,,5,False,7578,2024년_딸기(금실),2024-09-15,2025-06-30,106,289,0.36678200692041524,middle,"[90, 120)"
2130,PF_0000778,080400,6,2024-12-30,6,0,0,140.0,10.0,,,,16.1,,,6,False,7578,2024년_딸기(금실),2024-09-15,2025-06-30,106,289,0.36678200692041524,middle,"[90, 120)"
2162,PF_0000778,080400,7,2024-12-30,8,0,0,110.0,10.0,,,,14.0,,,8,False,7578,2024년_딸기(금실),2024-09-15,2025-06-30,106,289,0.36678200692041524,middle,"[90, 120)"
2194,PF_0000778,080400,8,2024-12-30,0,0,0,120.0,8.0,,,,10.1,,,0,True,7578,2024년_딸기(금실),2024-09-15,2025-06-30,106,289,0.36678200692041524,middle,"[90, 120)"
2226,PF_0000778,080400,9,2024-12-30,2,0,0,120.0,9.0,,,,14.1,,,2,False,7578,2024년_딸기(금실),2024-09-15,2025-06-30,106,289,0.36678200692041524,middle,"[90, 120)"
1971,PF_0000778,080400,1,2025-01-06,0,0,0,135.0,8.0,,,,18.1,,,0,True,7578,2024년_딸기(금실),2024-09-15,2025-06-30,113,289,0.39100346020761245,middle,"[90, 120)"
2003,PF_0000778,080400,2,2025-01-06,1,0,0,120.0,12.0,,,,22.3,,,1,False,7578,2024년_딸기(금실),2024-09-15,2025-06-30,113,289,0.39100346020761245,middle,"[90, 120)"
2035,PF_0000778,080400,3,2025-01-06,2,0,0,110.0,8.0,,,,15.2,,,2,False,7578,2024년_딸기(금실),2024-09-15,2025-06-30,113,289,0.39100346020761245,middle,"[90, 120)"
2067,PF_0000778,080400,4,2025-01-06,1,0,0,130.0,7.0,,,,16.0,,,1,False,7578,2024년_딸기(금실),2024-09-15,2025-06-30,113,289,0.39100346020761245,middle,"[90, 120)"
2099,PF_0000778,080400,5,2025-01-06,2,0,0,140.0,11.0,,,,17.2,,,2,False,7578,2024년_딸기(금실),2024-09-15,2025-06-30,113,289,0.39100346020761245,middle,"[90, 120)"
2131,PF_0000778,080400,6,2025-01-06,9,0,0,140.0,10.0,,,,25.3,,,9,False,7578,2024년_딸기(금실),2024-09-15,2025-06-30,113,289,0.39100346020761245,middle,"[90, 120)"
2163,PF_0000778,080400,7,2025-01-06,8,0,0,110.0,11.0,,,,19.0,,,8,False,7578,2024년_딸기(금실),2024-09-15,2025-06-30,113,289,0.39100346020761245,middle,"[90, 120)"
2195,PF_0000778,080400,8,2025-01-06,0,0,0,130.0,9.0,,,,19.1,,,0,True,7578,2024년_딸기(금실),2024-09-15,2025-06-30,113,289,0.39100346020761245,middle,"[90, 120)"
2227,PF_0000778,080400,9,2025-01-06,2,0,0,110.0,10.0,,,,27.3,,,2,False,7578,2024년_딸기(금실),2024-09-15,2025-06-30,113,289,0.39100346020761245,middle,"[90, 120)"
1972,PF_0000778,080400,1,2025-01-13,0,0,0,140.0,8.0,,,,19.8,,,0,True,7578,2024년_딸기(금실),2024-09-15,2025-06-30,120,289,0.41522491349480967,middle,"[120, 150)"
2004,PF_0000778,080400,2,2025-01-13,0,1,0,110.0,15.0,,,,23.5,,,1,False,7578,2024년_딸기(금실),2024-09-15,2025-06-30,120,289,0.41522491349480967,middle,"[120, 150)"
2036,PF_0000778,080400,3,2025-01-13,1,0,0,125.0,7.0,,,,13.5,,,1,False,7578,2024년_딸기(금실),2024-09-15,2025-06-30,120,289,0.41522491349480967,middle,"[120, 150)"
2068,PF_0000778,080400,4,2025-01-13,0,1,0,130.0,10.0,,,,17.3,,,1,False,7578,2024년_딸기(금실),2024-09-15,2025-06-30,120,289,0.41522491349480967,middle,"[120, 150)"
2100,PF_0000778,080400,5,2025-01-13,2,0,0,140.0,10.0,,,,12.6,,,2,False,7578,2024년_딸기(금실),2024-09-15,2025-06-30,120,289,0.41522491349480967,middle,"[120, 150)"
2132,PF_0000778,080400,6,2025-01-13,9,0,0,135.0,11.0,,,,17.7,,,9,False,7578,2024년_딸기(금실),2024-09-15,2025-06-30,120,289,0.41522491349480967,middle,"[120, 150)"
2164,PF_0000778,080400,7,2025-01-13,10,0,0,110.0,9.0,,,,13.7,,,10,False,7578,2024년_딸기(금실),2024-09-15,2025-06-30,120,289,0.41522491349480967,middle,"[120, 150)"
2196,PF_0000778,080400,8,2025-01-13,0,1,0,130.0,10.0,,,,13.3,,,1,False,7578,2024년_딸기(금실),2024-09-15,2025-06-30,120,289,0.41522491349480967,middle,"[120, 150)"
2228,PF_0000778,080400,9,2025-01-13,2,0,0,130.0,10.0,,,,16.1,,,2,False,7578,2024년_딸기(금실),2024-09-15,2025-06-30,120,289,0.41522491349480967,middle,"[120, 150)"
1973,PF_0000778,080400,1,2025-01-20,0,0,0,140.0,9.0,,,,16.8,,,0,True,7578,2024년_딸기(금실),2024-09-15,2025-06-30,127,289,0.43944636678200694,middle,"[120, 150)"
2005,PF_0000778,080400,2,2025-01-20,0,1,0,120.0,15.0,,,,19.8,,,1,False,7578,2024년_딸기(금실),2024-09-15,2025-06-30,127,289,0.43944636678200694,middle,"[120, 150)"
2037,PF_0000778,080400,3,2025-01-20,0,0,0,120.0,6.0,,,,18.1,,,0,True,7578,2024년_딸기(금실),2024-09-15,2025-06-30,127,289,0.43944636678200694,middle,"[120, 150)"
2069,PF_0000778,080400,4,2025-01-20,0,2,0,130.0,7.0,,,,13.2,,,2,False,7578,2024년_딸기(금실),2024-09-15,2025-06-30,127,289,0.43944636678200694,middle,"[120, 150)"
2101,PF_0000778,080400,5,2025-01-20,0,2,0,140.0,9.0,,,,16.4,,,2,False,7578,2024년_딸기(금실),2024-09-15,2025-06-30,127,289,0.43944636678200694,middle,"[120, 150)"
2133,PF_0000778,080400,6,2025-01-20,6,0,0,130.0,11.0,,,,20.7,,,6,False,7578,2024년_딸기(금실),2024-09-15,2025-06-30,127,289,0.43944636678200694,middle,"[120, 150)"
2165,PF_0000778,080400,7,2025-01-20,7,0,0,110.0,9.0,,,,15.9,,,7,False,7578,2024년_딸기(금실),2024-09-15,2025-06-30,127,289,0.43944636678200694,middle,"[120, 150)"
2197,PF_0000778,080400,8,2025-01-20,0,1,0,140.0,10.0,,,,18.2,,,1,False,7578,2024년_딸기(금실),2024-09-15,2025-06-30,127,289,0.43944636678200694,middle,"[120, 150)"
2229,PF_0000778,080400,9,2025-01-20,0,1,0,120.0,10.0,,,,18.0,,,1,False,7578,2024년_딸기(금실),2024-09-15,2025-06-30,127,289,0.43944636678200694,middle,"[120, 150)"
1974,PF_0000778,080400,1,2025-02-03,0,1,0,140.0,15.0,,,,20.5,,,1,False,7578,2024년_딸기(금실),2024-09-15,2025-06-30,141,289,0.48788927335640137,middle,"[120, 150)"
2006,PF_0000778,080400,2,2025-02-03,0,3,0,120.0,15.0,,,,19.9,,,3,False,7578,2024년_딸기(금실),2024-09-15,2025-06-30,141,289,0.48788927335640137,middle,"[120, 150)"
2038,PF_0000778,080400,3,2025-02-03,0,0,0,110.0,7.0,,,,19.3,,,0,True,7578,2024년_딸기(금실),2024-09-15,2025-06-30,141,289,0.48788927335640137,middle,"[120, 150)"
2070,PF_0000778,080400,4,2025-02-03,0,4,0,130.0,8.0,,,,15.1,,,4,False,7578,2024년_딸기(금실),2024-09-15,2025-06-30,141,289,0.48788927335640137,middle,"[120, 150)"
2102,PF_0000778,080400,5,2025-02-03,0,3,0,140.0,11.0,,,,18.8,,,3,False,7578,2024년_딸기(금실),2024-09-15,2025-06-30,141,289,0.48788927335640137,middle,"[120, 150)"
2134,PF_0000778,080400,6,2025-02-03,5,0,0,140.0,12.0,,,,19.2,,,5,False,7578,2024년_딸기(금실),2024-09-15,2025-06-30,141,289,0.48788927335640137,middle,"[120, 150)"
2166,PF_0000778,080400,7,2025-02-03,7,0,0,130.0,11.0,,,,19.3,,,7,False,7578,2024년_딸기(금실),2024-09-15,2025-06-30,141,289,0.48788927335640137,middle,"[120, 150)"
2198,PF_0000778,080400,8,2025-02-03,0,4,0,110.0,12.0,,,,16.5,,,4,False,7578,2024년_딸기(금실),2024-09-15,2025-06-30,141,289,0.48788927335640137,middle,"[120, 150)"
2230,PF_0000778,080400,9,2025-02-03,0,2,0,125.0,12.0,,,,20.8,,,2,False,7578,2024년_딸기(금실),2024-09-15,2025-06-30,141,289,0.48788927335640137,middle,"[120, 150)"
1975,PF_0000778,080400,1,2025-02-10,0,3,0,110.0,15.0,,,,36.8,,,3,False,7578,2024년_딸기(금실),2024-09-15,2025-06-30,148,289,0.5121107266435986,middle,"[120, 150)"
2007,PF_0000778,080400,2,2025-02-10,0,4,0,120.0,8.0,,,,31.2,,,4,False,7578,2024년_딸기(금실),2024-09-15,2025-06-30,148,289,0.5121107266435986,middle,"[120, 150)"
2039,PF_0000778,080400,3,2025-02-10,0,0,0,110.0,9.0,,,,32.0,,,0,True,7578,2024년_딸기(금실),2024-09-15,2025-06-30,148,289,0.5121107266435986,middle,"[120, 150)"
2071,PF_0000778,080400,4,2025-02-10,0,4,0,120.0,8.0,,,,34.4,,,4,False,7578,2024년_딸기(금실),2024-09-15,2025-06-30,148,289,0.5121107266435986,middle,"[120, 150)"
2103,PF_0000778,080400,5,2025-02-10,0,4,0,140.0,10.0,,,,39.5,,,4,False,7578,2024년_딸기(금실),2024-09-15,2025-06-30,148,289,0.5121107266435986,middle,"[120, 150)"
2135,PF_0000778,080400,6,2025-02-10,3,0,0,100.0,10.0,,,,41.8,,,3,False,7578,2024년_딸기(금실),2024-09-15,2025-06-30,148,289,0.5121107266435986,middle,"[120, 150)"
2167,PF_0000778,080400,7,2025-02-10,2,3,0,130.0,12.0,,,,14.7,,,5,False,7578,2024년_딸기(금실),2024-09-15,2025-06-30,148,289,0.5121107266435986,middle,"[120, 150)"
2199,PF_0000778,080400,8,2025-02-10,0,4,0,110.0,11.0,,,,22.8,,,4,False,7578,2024년_딸기(금실),2024-09-15,2025-06-30,148,289,0.5121107266435986,middle,"[120, 150)"
2231,PF_0000778,080400,9,2025-02-10,0,3,0,110.0,11.0,,,,25.5,,,3,False,7578,2024년_딸기(금실),2024-09-15,2025-06-30,148,289,0.5121107266435986,middle,"[120, 150)"
1976,PF_0000778,080400,1,2025-02-17,0,6,0,110.0,16.0,,,,23.0,,,6,False,7578,2024년_딸기(금실),2024-09-15,2025-06-30,155,289,0.5363321799307958,middle,"[150, 180)"
2008,PF_0000778,080400,2,2025-02-17,0,3,0,110.0,11.0,,,,24.6,,,3,False,7578,2024년_딸기(금실),2024-09-15,2025-06-30,155,289,0.5363321799307958,middle,"[150, 180)"
2040,PF_0000778,080400,3,2025-02-17,0,1,0,110.0,9.0,,,,17.2,,,1,False,7578,2024년_딸기(금실),2024-09-15,2025-06-30,155,289,0.5363321799307958,middle,"[150, 180)"
2072,PF_0000778,080400,4,2025-02-17,0,3,0,120.0,10.0,,,,16.1,,,3,False,7578,2024년_딸기(금실),2024-09-15,2025-06-30,155,289,0.5363321799307958,middle,"[150, 180)"
2104,PF_0000778,080400,5,2025-02-17,0,5,0,130.0,10.0,,,,19.3,,,5,False,7578,2024년_딸기(금실),2024-09-15,2025-06-30,155,289,0.5363321799307958,middle,"[150, 180)"
2136,PF_0000778,080400,6,2025-02-17,0,3,0,140.0,10.0,,,,18.9,,,3,False,7578,2024년_딸기(금실),2024-09-15,2025-06-30,155,289,0.5363321799307958,middle,"[150, 180)"
2168,PF_0000778,080400,7,2025-02-17,0,6,0,130.0,11.0,,,,19.3,,,6,False,7578,2024년_딸기(금실),2024-09-15,2025-06-30,155,289,0.5363321799307958,middle,"[150, 180)"
2200,PF_0000778,080400,8,2025-02-17,0,4,0,110.0,10.0,,,,16.1,,,4,False,7578,2024년_딸기(금실),2024-09-15,2025-06-30,155,289,0.5363321799307958,middle,"[150, 180)"
2232,PF_0000778,080400,9,2025-02-17,0,3,0,110.0,15.0,,,,18.8,,,3,False,7578,2024년_딸기(금실),2024-09-15,2025-06-30,155,289,0.5363321799307958,middle,"[150, 180)"
1977,PF_0000778,080400,1,2025-02-24,0,6,0,105.0,20.0,,,,19.2,,,6,False,7578,2024년_딸기(금실),2024-09-15,2025-06-30,162,289,0.5605536332179931,middle,"[150, 180)"
2009,PF_0000778,080400,2,2025-02-24,0,3,0,120.0,12.0,,,,16.8,,,3,False,7578,2024년_딸기(금실),2024-09-15,2025-06-30,162,289,0.5605536332179931,middle,"[150, 180)"
2041,PF_0000778,080400,3,2025-02-24,0,2,0,120.0,11.0,,,,147.0,,,2,False,7578,2024년_딸기(금실),2024-09-15,2025-06-30,162,289,0.5605536332179931,middle,"[150, 180)"
2073,PF_0000778,080400,4,2025-02-24,0,3,0,130.0,9.0,,,,13.8,,,3,False,7578,2024년_딸기(금실),2024-09-15,2025-06-30,162,289,0.5605536332179931,middle,"[150, 180)"
2105,PF_0000778,080400,5,2025-02-24,0,8,0,145.0,11.0,,,,13.6,,,8,False,7578,2024년_딸기(금실),2024-09-15,2025-06-30,162,289,0.5605536332179931,middle,"[150, 180)"
2137,PF_0000778,080400,6,2025-02-24,0,4,0,140.0,10.0,,,,15.2,,,4,False,7578,2024년_딸기(금실),2024-09-15,2025-06-30,162,289,0.5605536332179931,middle,"[150, 180)"
2169,PF_0000778,080400,7,2025-02-24,0,6,0,125.0,11.0,,,,12.9,,,6,False,7578,2024년_딸기(금실),2024-09-15,2025-06-30,162,289,0.5605536332179931,middle,"[150, 180)"
2201,PF_0000778,080400,8,2025-02-24,0,3,2,110.0,14.0,,,,12.9,,,5,False,7578,2024년_딸기(금실),2024-09-15,2025-06-30,162,289,0.5605536332179931,middle,"[150, 180)"
2233,PF_0000778,080400,9,2025-02-24,0,2,0,120.0,11.0,,,,12.0,,,2,False,7578,2024년_딸기(금실),2024-09-15,2025-06-30,162,289,0.5605536332179931,middle,"[150, 180)"
1978,PF_0000778,080400,1,2025-03-03,0,5,1,110.0,20.0,,,,21.6,,,6,False,7578,2024년_딸기(금실),2024-09-15,2025-06-30,169,289,0.5847750865051903,middle,"[150, 180)"
2010,PF_0000778,080400,2,2025-03-03,0,1,1,125.0,12.0,,,,21.8,,,2,False,7578,2024년_딸기(금실),2024-09-15,2025-06-30,169,289,0.5847750865051903,middle,"[150, 180)"
2042,PF_0000778,080400,3,2025-03-03,0,6,0,120.0,8.0,,,,14.7,,,6,False,7578,2024년_딸기(금실),2024-09-15,2025-06-30,169,289,0.5847750865051903,middle,"[150, 180)"
2074,PF_0000778,080400,4,2025-03-03,0,0,2,120.0,11.0,,,,13.8,,,2,False,7578,2024년_딸기(금실),2024-09-15,2025-06-30,169,289,0.5847750865051903,middle,"[150, 180)"
2106,PF_0000778,080400,5,2025-03-03,0,11,3,140.0,11.0,,,,13.6,,,14,False,7578,2024년_딸기(금실),2024-09-15,2025-06-30,169,289,0.5847750865051903,middle,"[150, 180)"
2138,PF_0000778,080400,6,2025-03-03,0,0,6,140.0,11.0,,,,15.2,,,6,False,7578,2024년_딸기(금실),2024-09-15,2025-06-30,169,289,0.5847750865051903,middle,"[150, 180)"
2170,PF_0000778,080400,7,2025-03-03,0,7,0,130.0,12.0,,,,12.9,,,7,False,7578,2024년_딸기(금실),2024-09-15,2025-06-30,169,289,0.5847750865051903,middle,"[150, 180)"
2202,PF_0000778,080400,8,2025-03-03,0,3,3,130.0,15.0,,,,12.9,,,6,False,7578,2024년_딸기(금실),2024-09-15,2025-06-30,169,289,0.5847750865051903,middle,"[150, 180)"
2234,PF_0000778,080400,9,2025-03-03,0,2,0,105.0,13.0,,,,12.0,,,2,False,7578,2024년_딸기(금실),2024-09-15,2025-06-30,169,289,0.5847750865051903,middle,"[150, 180)"
1979,PF_0000778,080400,1,2025-03-10,0,5,2,120.0,18.0,,,,24.6,,,7,False,7578,2024년_딸기(금실),2024-09-15,2025-06-30,176,289,0.6089965397923875,middle,"[150, 180)"
2011,PF_0000778,080400,2,2025-03-10,0,1,1,120.0,13.0,,,,15.6,,,2,False,7578,2024년_딸기(금실),2024-09-15,2025-06-30,176,289,0.6089965397923875,middle,"[150, 180)"
2043,PF_0000778,080400,3,2025-03-10,0,5,1,120.0,10.0,,,,16.3,,,6,False,7578,2024년_딸기(금실),2024-09-15,2025-06-30,176,289,0.6089965397923875,middle,"[150, 180)"
2075,PF_0000778,080400,4,2025-03-10,0,0,2,120.0,10.0,,,,17.4,,,2,False,7578,2024년_딸기(금실),2024-09-15,2025-06-30,176,289,0.6089965397923875,middle,"[150, 180)"
2107,PF_0000778,080400,5,2025-03-10,0,7,4,130.0,13.0,,,,19.4,,,11,False,7578,2024년_딸기(금실),2024-09-15,2025-06-30,176,289,0.6089965397923875,middle,"[150, 180)"
2139,PF_0000778,080400,6,2025-03-10,0,4,0,140.0,10.0,,,,17.8,,,4,False,7578,2024년_딸기(금실),2024-09-15,2025-06-30,176,289,0.6089965397923875,middle,"[150, 180)"
2171,PF_0000778,080400,7,2025-03-10,0,3,0,130.0,14.0,,,,18.7,,,3,False,7578,2024년_딸기(금실),2024-09-15,2025-06-30,176,289,0.6089965397923875,middle,"[150, 180)"
2203,PF_0000778,080400,8,2025-03-10,0,2,0,130.0,11.0,,,,17.0,,,2,False,7578,2024년_딸기(금실),2024-09-15,2025-06-30,176,289,0.6089965397923875,middle,"[150, 180)"
2235,PF_0000778,080400,9,2025-03-10,0,0,0,110.0,14.0,,,,20.1,,,0,True,7578,2024년_딸기(금실),2024-09-15,2025-06-30,176,289,0.6089965397923875,middle,"[150, 180)"
1980,PF_0000778,080400,1,2025-03-17,0,3,4,80.0,19.0,,,,24.0,,,7,False,7578,2024년_딸기(금실),2024-09-15,2025-06-30,183,289,0.6332179930795848,middle,"[180, 210)"
2012,PF_0000778,080400,2,2025-03-17,0,0,3,80.0,14.0,,,,13.4,,,3,False,7578,2024년_딸기(금실),2024-09-15,2025-06-30,183,289,0.6332179930795848,middle,"[180, 210)"
2044,PF_0000778,080400,3,2025-03-17,0,5,2,110.0,12.0,,,,14.0,,,7,False,7578,2024년_딸기(금실),2024-09-15,2025-06-30,183,289,0.6332179930795848,middle,"[180, 210)"
2076,PF_0000778,080400,4,2025-03-17,0,0,2,80.0,14.0,,,,13.3,,,2,False,7578,2024년_딸기(금실),2024-09-15,2025-06-30,183,289,0.6332179930795848,middle,"[180, 210)"
2108,PF_0000778,080400,5,2025-03-17,0,3,4,140.0,14.0,,,,17.8,,,7,False,7578,2024년_딸기(금실),2024-09-15,2025-06-30,183,289,0.6332179930795848,middle,"[180, 210)"
2140,PF_0000778,080400,6,2025-03-17,0,3,1,130.0,11.0,,,,16.4,,,4,False,7578,2024년_딸기(금실),2024-09-15,2025-06-30,183,289,0.6332179930795848,middle,"[180, 210)"
2172,PF_0000778,080400,7,2025-03-17,0,1,1,120.0,12.0,,,,23.6,,,2,False,7578,2024년_딸기(금실),2024-09-15,2025-06-30,183,289,0.6332179930795848,middle,"[180, 210)"
2204,PF_0000778,080400,8,2025-03-17,0,2,1,130.0,16.0,,,,15.7,,,3,False,7578,2024년_딸기(금실),2024-09-15,2025-06-30,183,289,0.6332179930795848,middle,"[180, 210)"
2236,PF_0000778,080400,9,2025-03-17,0,0,1,100.0,14.0,,,,14.7,,,1,False,7578,2024년_딸기(금실),2024-09-15,2025-06-30,183,289,0.6332179930795848,middle,"[180, 210)"
1981,PF_0000778,080400,1,2025-03-24,0,0,8,80.0,20.0,,,,16.6,,,8,False,7578,2024년_딸기(금실),2024-09-15,2025-06-30,190,289,0.657439446366782,middle,"[180, 210)"
2013,PF_0000778,080400,2,2025-03-24,0,0,3,80.0,14.0,,,,17.6,,,3,False,7578,2024년_딸기(금실),2024-09-15,2025-06-30,190,289,0.657439446366782,middle,"[180, 210)"
2045,PF_0000778,080400,3,2025-03-24,0,0,5,80.0,12.0,,,,18.1,,,5,False,7578,2024년_딸기(금실),2024-09-15,2025-06-30,190,289,0.657439446366782,middle,"[180, 210)"
2077,PF_0000778,080400,4,2025-03-24,0,0,2,80.0,13.0,,,,23.1,,,2,False,7578,2024년_딸기(금실),2024-09-15,2025-06-30,190,289,0.657439446366782,middle,"[180, 210)"
2109,PF_0000778,080400,5,2025-03-24,0,0,5,80.0,10.0,,,,31.8,,,5,False,7578,2024년_딸기(금실),2024-09-15,2025-06-30,190,289,0.657439446366782,middle,"[180, 210)"
2141,PF_0000778,080400,6,2025-03-24,0,0,1,140.0,13.0,,,,31.1,,,1,False,7578,2024년_딸기(금실),2024-09-15,2025-06-30,190,289,0.657439446366782,middle,"[180, 210)"
2173,PF_0000778,080400,7,2025-03-24,0,0,2,90.0,16.0,,,,33.7,,,2,False,7578,2024년_딸기(금실),2024-09-15,2025-06-30,190,289,0.657439446366782,middle,"[180, 210)"
2205,PF_0000778,080400,8,2025-03-24,0,0,2,100.0,16.0,,,,18.0,,,2,False,7578,2024년_딸기(금실),2024-09-15,2025-06-30,190,289,0.657439446366782,middle,"[180, 210)"
2237,PF_0000778,080400,9,2025-03-24,0,0,1,95.0,17.0,,,,19.0,,,1,False,7578,2024년_딸기(금실),2024-09-15,2025-06-30,190,289,0.657439446366782,middle,"[180, 210)"
1982,PF_0000778,080400,1,2025-03-31,0,0,4,85.0,19.0,,,,21.4,,,4,False,7578,2024년_딸기(금실),2024-09-15,2025-06-30,197,289,0.6816608996539792,late,"[180, 210)"
2014,PF_0000778,080400,2,2025-03-31,0,0,0,80.0,18.0,,,,16.1,,,0,True,7578,2024년_딸기(금실),2024-09-15,2025-06-30,197,289,0.6816608996539792,late,"[180, 210)"
2046,PF_0000778,080400,3,2025-03-31,0,0,4,90.0,11.0,,,,17.3,,,4,False,7578,2024년_딸기(금실),2024-09-15,2025-06-30,197,289,0.6816608996539792,late,"[180, 210)"
2078,PF_0000778,080400,4,2025-03-31,0,0,0,100.0,15.0,,,,16.0,,,0,True,7578,2024년_딸기(금실),2024-09-15,2025-06-30,197,289,0.6816608996539792,late,"[180, 210)"
2110,PF_0000778,080400,5,2025-03-31,0,0,0,80.0,16.0,,,,21.1,,,0,True,7578,2024년_딸기(금실),2024-09-15,2025-06-30,197,289,0.6816608996539792,late,"[180, 210)"
2142,PF_0000778,080400,6,2025-03-31,0,0,0,140.0,12.0,,,,26.2,,,0,True,7578,2024년_딸기(금실),2024-09-15,2025-06-30,197,289,0.6816608996539792,late,"[180, 210)"
2174,PF_0000778,080400,7,2025-03-31,0,0,0,100.0,16.0,,,,25.4,,,0,True,7578,2024년_딸기(금실),2024-09-15,2025-06-30,197,289,0.6816608996539792,late,"[180, 210)"
2206,PF_0000778,080400,8,2025-03-31,0,0,0,100.0,17.0,,,,16.4,,,0,True,7578,2024년_딸기(금실),2024-09-15,2025-06-30,197,289,0.6816608996539792,late,"[180, 210)"
2238,PF_0000778,080400,9,2025-03-31,0,0,1,80.0,17.0,,,,20.3,,,1,False,7578,2024년_딸기(금실),2024-09-15,2025-06-30,197,289,0.6816608996539792,late,"[180, 210)"
1983,PF_0000778,080400,1,2025-04-07,0,0,0,80.0,16.0,,,,20.9,,,0,True,7578,2024년_딸기(금실),2024-09-15,2025-06-30,204,289,0.7058823529411765,late,"[180, 210)"
2015,PF_0000778,080400,2,2025-04-07,0,0,0,105.0,7.0,,,,18.5,,,0,True,7578,2024년_딸기(금실),2024-09-15,2025-06-30,204,289,0.7058823529411765,late,"[180, 210)"
2047,PF_0000778,080400,3,2025-04-07,0,0,0,70.0,11.0,,,,20.2,,,0,True,7578,2024년_딸기(금실),2024-09-15,2025-06-30,204,289,0.7058823529411765,late,"[180, 210)"
2079,PF_0000778,080400,4,2025-04-07,0,0,0,95.0,11.0,,,,14.5,,,0,True,7578,2024년_딸기(금실),2024-09-15,2025-06-30,204,289,0.7058823529411765,late,"[180, 210)"
2111,PF_0000778,080400,5,2025-04-07,0,0,0,90.0,14.0,,,,16.5,,,0,True,7578,2024년_딸기(금실),2024-09-15,2025-06-30,204,289,0.7058823529411765,late,"[180, 210)"
2143,PF_0000778,080400,6,2025-04-07,0,0,0,110.0,8.0,,,,19.0,,,0,True,7578,2024년_딸기(금실),2024-09-15,2025-06-30,204,289,0.7058823529411765,late,"[180, 210)"
2175,PF_0000778,080400,7,2025-04-07,0,0,0,110.0,12.0,,,,14.5,,,0,True,7578,2024년_딸기(금실),2024-09-15,2025-06-30,204,289,0.7058823529411765,late,"[180, 210)"
2207,PF_0000778,080400,8,2025-04-07,0,0,0,100.0,12.0,,,,17.0,,,0,True,7578,2024년_딸기(금실),2024-09-15,2025-06-30,204,289,0.7058823529411765,late,"[180, 210)"
2239,PF_0000778,080400,9,2025-04-07,0,0,0,70.0,12.0,,,,15.1,,,0,True,7578,2024년_딸기(금실),2024-09-15,2025-06-30,204,289,0.7058823529411765,late,"[180, 210)"
1984,PF_0000778,080400,1,2025-04-14,0,0,0,80.0,16.0,,,,19.6,,,0,True,7578,2024년_딸기(금실),2024-09-15,2025-06-30,211,289,0.7301038062283737,late,"[210, 240)"
2016,PF_0000778,080400,2,2025-04-14,0,0,0,100.0,11.0,,,,22.5,,,0,True,7578,2024년_딸기(금실),2024-09-15,2025-06-30,211,289,0.7301038062283737,late,"[210, 240)"
2048,PF_0000778,080400,3,2025-04-14,0,0,0,80.0,14.0,,,,21.3,,,0,True,7578,2024년_딸기(금실),2024-09-15,2025-06-30,211,289,0.7301038062283737,late,"[210, 240)"
2080,PF_0000778,080400,4,2025-04-14,0,0,0,110.0,13.0,,,,23.5,,,0,True,7578,2024년_딸기(금실),2024-09-15,2025-06-30,211,289,0.7301038062283737,late,"[210, 240)"
2112,PF_0000778,080400,5,2025-04-14,0,0,0,95.0,17.0,,,,24.3,,,0,True,7578,2024년_딸기(금실),2024-09-15,2025-06-30,211,289,0.7301038062283737,late,"[210, 240)"
2144,PF_0000778,080400,6,2025-04-14,0,0,0,120.0,9.0,,,,22.0,,,0,True,7578,2024년_딸기(금실),2024-09-15,2025-06-30,211,289,0.7301038062283737,late,"[210, 240)"
2176,PF_0000778,080400,7,2025-04-14,0,0,0,100.0,16.0,,,,26.3,,,0,True,7578,2024년_딸기(금실),2024-09-15,2025-06-30,211,289,0.7301038062283737,late,"[210, 240)"
2208,PF_0000778,080400,8,2025-04-14,0,0,0,100.0,14.0,,,,17.0,,,0,True,7578,2024년_딸기(금실),2024-09-15,2025-06-30,211,289,0.7301038062283737,late,"[210, 240)"
2240,PF_0000778,080400,9,2025-04-14,0,0,0,70.0,13.0,,,,26.4,,,0,True,7578,2024년_딸기(금실),2024-09-15,2025-06-30,211,289,0.7301038062283737,late,"[210, 240)"
1985,PF_0000778,080400,1,2025-04-21,0,0,0,90.0,15.0,,,,20.2,,,0,True,7578,2024년_딸기(금실),2024-09-15,2025-06-30,218,289,0.754325259515571,late,"[210, 240)"
2017,PF_0000778,080400,2,2025-04-21,0,0,0,100.0,11.0,,,,25.5,,,0,True,7578,2024년_딸기(금실),2024-09-15,2025-06-30,218,289,0.754325259515571,late,"[210, 240)"
2049,PF_0000778,080400,3,2025-04-21,0,0,0,80.0,9.0,,,,24.9,,,0,True,7578,2024년_딸기(금실),2024-09-15,2025-06-30,218,289,0.754325259515571,late,"[210, 240)"
2081,PF_0000778,080400,4,2025-04-21,0,0,0,120.0,13.0,,,,24.9,,,0,True,7578,2024년_딸기(금실),2024-09-15,2025-06-30,218,289,0.754325259515571,late,"[210, 240)"
2113,PF_0000778,080400,5,2025-04-21,0,0,0,100.0,16.0,,,,26.4,,,0,True,7578,2024년_딸기(금실),2024-09-15,2025-06-30,218,289,0.754325259515571,late,"[210, 240)"
2145,PF_0000778,080400,6,2025-04-21,0,0,0,120.0,7.0,,,,27.5,,,0,True,7578,2024년_딸기(금실),2024-09-15,2025-06-30,218,289,0.754325259515571,late,"[210, 240)"
2177,PF_0000778,080400,7,2025-04-21,0,0,0,120.0,16.0,,,,32.5,,,0,True,7578,2024년_딸기(금실),2024-09-15,2025-06-30,218,289,0.754325259515571,late,"[210, 240)"
2209,PF_0000778,080400,8,2025-04-21,0,0,0,110.0,14.0,,,,28.6,,,0,True,7578,2024년_딸기(금실),2024-09-15,2025-06-30,218,289,0.754325259515571,late,"[210, 240)"
2241,PF_0000778,080400,9,2025-04-21,0,0,0,90.0,13.0,,,,0.0,,,0,True,7578,2024년_딸기(금실),2024-09-15,2025-06-30,218,289,0.754325259515571,late,"[210, 240)"
1986,PF_0000778,080400,1,2025-04-28,0,0,0,85.0,17.0,,,,18.8,,,0,True,7578,2024년_딸기(금실),2024-09-15,2025-06-30,225,289,0.7785467128027682,late,"[210, 240)"
2018,PF_0000778,080400,2,2025-04-28,0,0,0,120.0,13.0,,,,24.9,,,0,True,7578,2024년_딸기(금실),2024-09-15,2025-06-30,225,289,0.7785467128027682,late,"[210, 240)"
2050,PF_0000778,080400,3,2025-04-28,0,0,0,80.0,13.0,,,,16.8,,,0,True,7578,2024년_딸기(금실),2024-09-15,2025-06-30,225,289,0.7785467128027682,late,"[210, 240)"
2082,PF_0000778,080400,4,2025-04-28,0,0,0,110.0,13.0,,,,21.4,,,0,True,7578,2024년_딸기(금실),2024-09-15,2025-06-30,225,289,0.7785467128027682,late,"[210, 240)"
2114,PF_0000778,080400,5,2025-04-28,0,0,0,140.0,21.0,,,,18.0,,,0,True,7578,2024년_딸기(금실),2024-09-15,2025-06-30,225,289,0.7785467128027682,late,"[210, 240)"
2146,PF_0000778,080400,6,2025-04-28,0,0,0,120.0,7.0,,,,14.2,,,0,True,7578,2024년_딸기(금실),2024-09-15,2025-06-30,225,289,0.7785467128027682,late,"[210, 240)"
2178,PF_0000778,080400,7,2025-04-28,0,0,0,120.0,17.0,,,,14.8,,,0,True,7578,2024년_딸기(금실),2024-09-15,2025-06-30,225,289,0.7785467128027682,late,"[210, 240)"
2210,PF_0000778,080400,8,2025-04-28,0,0,0,110.0,15.0,,,,18.9,,,0,True,7578,2024년_딸기(금실),2024-09-15,2025-06-30,225,289,0.7785467128027682,late,"[210, 240)"
2242,PF_0000778,080400,9,2025-04-28,0,0,0,90.0,13.0,,,,20.5,,,0,True,7578,2024년_딸기(금실),2024-09-15,2025-06-30,225,289,0.7785467128027682,late,"[210, 240)"
1987,PF_0000778,080400,1,2025-05-23,0,0,0,160.0,29.0,,,,27.0,,,0,True,7578,2024년_딸기(금실),2024-09-15,2025-06-30,250,289,0.8650519031141869,late,"[240, 270)"
2019,PF_0000778,080400,2,2025-05-23,0,0,0,150.0,18.0,,,,22.5,,,0,True,7578,2024년_딸기(금실),2024-09-15,2025-06-30,250,289,0.8650519031141869,late,"[240, 270)"
2051,PF_0000778,080400,3,2025-05-23,0,0,0,130.0,20.0,,,,25.2,,,0,True,7578,2024년_딸기(금실),2024-09-15,2025-06-30,250,289,0.8650519031141869,late,"[240, 270)"
2083,PF_0000778,080400,4,2025-05-23,0,0,0,120.0,12.0,,,,23.1,,,0,True,7578,2024년_딸기(금실),2024-09-15,2025-06-30,250,289,0.8650519031141869,late,"[240, 270)"
2115,PF_0000778,080400,5,2025-05-23,0,0,0,180.0,27.0,,,,34.8,,,0,True,7578,2024년_딸기(금실),2024-09-15,2025-06-30,250,289,0.8650519031141869,late,"[240, 270)"
2147,PF_0000778,080400,6,2025-05-23,0,0,0,160.0,12.0,,,,25.6,,,0,True,7578,2024년_딸기(금실),2024-09-15,2025-06-30,250,289,0.8650519031141869,late,"[240, 270)"
2179,PF_0000778,080400,7,2025-05-23,0,0,0,130.0,22.0,,,,21.1,,,0,True,7578,2024년_딸기(금실),2024-09-15,2025-06-30,250,289,0.8650519031141869,late,"[240, 270)"
2211,PF_0000778,080400,8,2025-05-23,0,0,0,130.0,13.0,,,,18.1,,,0,True,7578,2024년_딸기(금실),2024-09-15,2025-06-30,250,289,0.8650519031141869,late,"[240, 270)"
2243,PF_0000778,080400,9,2025-05-23,0,0,0,130.0,17.0,,,,22.5,,,0,True,7578,2024년_딸기(금실),2024-09-15,2025-06-30,250,289,0.8650519031141869,late,"[240, 270)"
1988,PF_0000778,080400,1,2025-05-29,0,0,0,120.0,29.0,,,,27.1,,,0,True,7578,2024년_딸기(금실),2024-09-15,2025-06-30,256,289,0.8858131487889274,late,"[240, 270)"
2020,PF_0000778,080400,2,2025-05-29,0,0,0,160.0,18.0,,,,22.4,,,0,True,7578,2024년_딸기(금실),2024-09-15,2025-06-30,256,289,0.8858131487889274,late,"[240, 270)"
2052,PF_0000778,080400,3,2025-05-29,0,0,0,130.0,20.0,,,,25.1,,,0,True,7578,2024년_딸기(금실),2024-09-15,2025-06-30,256,289,0.8858131487889274,late,"[240, 270)"
2084,PF_0000778,080400,4,2025-05-29,0,0,0,120.0,12.0,,,,23.0,,,0,True,7578,2024년_딸기(금실),2024-09-15,2025-06-30,256,289,0.8858131487889274,late,"[240, 270)"
2116,PF_0000778,080400,5,2025-05-29,0,0,0,140.0,27.0,,,,34.9,,,0,True,7578,2024년_딸기(금실),2024-09-15,2025-06-30,256,289,0.8858131487889274,late,"[240, 270)"
2148,PF_0000778,080400,6,2025-05-29,0,0,0,110.0,12.0,,,,25.4,,,0,True,7578,2024년_딸기(금실),2024-09-15,2025-06-30,256,289,0.8858131487889274,late,"[240, 270)"
2180,PF_0000778,080400,7,2025-05-29,0,0,0,120.0,22.0,,,,21.3,,,0,True,7578,2024년_딸기(금실),2024-09-15,2025-06-30,256,289,0.8858131487889274,late,"[240, 270)"
2212,PF_0000778,080400,8,2025-05-29,0,0,0,130.0,13.0,,,,18.3,,,0,True,7578,2024년_딸기(금실),2024-09-15,2025-06-30,256,289,0.8858131487889274,late,"[240, 270)"
2244,PF_0000778,080400,9,2025-05-29,0,0,0,130.0,17.0,,,,22.2,,,0,True,7578,2024년_딸기(금실),2024-09-15,2025-06-30,256,289,0.8858131487889274,late,"[240, 270)"
1989,PF_0000778,080400,1,2025-06-05,0,0,0,140.0,29.0,,,,29.9,,,0,True,7578,2024년_딸기(금실),2024-09-15,2025-06-30,263,289,0.9100346020761245,late,"[240, 270)"
2021,PF_0000778,080400,2,2025-06-05,0,0,0,160.0,18.0,,,,22.2,,,0,True,7578,2024년_딸기(금실),2024-09-15,2025-06-30,263,289,0.9100346020761245,late,"[240, 270)"
2053,PF_0000778,080400,3,2025-06-05,0,0,0,130.0,20.0,,,,24.9,,,0,True,7578,2024년_딸기(금실),2024-09-15,2025-06-30,263,289,0.9100346020761245,late,"[240, 270)"
2085,PF_0000778,080400,4,2025-06-05,0,0,0,120.0,12.0,,,,23.0,,,0,True,7578,2024년_딸기(금실),2024-09-15,2025-06-30,263,289,0.9100346020761245,late,"[240, 270)"
2117,PF_0000778,080400,5,2025-06-05,0,0,0,140.0,27.0,,,,34.5,,,0,True,7578,2024년_딸기(금실),2024-09-15,2025-06-30,263,289,0.9100346020761245,late,"[240, 270)"
2149,PF_0000778,080400,6,2025-06-05,0,0,0,110.0,12.0,,,,25.3,,,0,True,7578,2024년_딸기(금실),2024-09-15,2025-06-30,263,289,0.9100346020761245,late,"[240, 270)"
2181,PF_0000778,080400,7,2025-06-05,0,0,0,120.0,22.0,,,,21.1,,,0,True,7578,2024년_딸기(금실),2024-09-15,2025-06-30,263,289,0.9100346020761245,late,"[240, 270)"
2213,PF_0000778,080400,8,2025-06-05,0,0,0,130.0,13.0,,,,18.3,,,0,True,7578,2024년_딸기(금실),2024-09-15,2025-06-30,263,289,0.9100346020761245,late,"[240, 270)"
2245,PF_0000778,080400,9,2025-06-05,0,0,0,130.0,17.0,,,,22.0,,,0,True,7578,2024년_딸기(금실),2024-09-15,2025-06-30,263,289,0.9100346020761245,late,"[240, 270)"
3538,PF_0002037,080400,1,2024-10-01,0,0,0,44.0,5.0,,,,7.2,,,0,True,7532,2024년_딸기(홍희),2024-09-20,2025-05-31,11,254,0.04330708661417323,early,"[0, 30)"
3569,PF_0002037,080400,2,2024-10-01,0,0,0,44.0,6.0,,,,11.29,,,0,True,7532,2024년_딸기(홍희),2024-09-20,2025-05-31,11,254,0.04330708661417323,early,"[0, 30)"
3600,PF_0002037,080400,3,2024-10-01,0,0,0,53.0,5.0,,,,7.69,,,0,True,7532,2024년_딸기(홍희),2024-09-20,2025-05-31,11,254,0.04330708661417323,early,"[0, 30)"
3631,PF_0002037,080400,4,2024-10-01,0,0,0,35.0,5.0,,,,6.91,,,0,True,7532,2024년_딸기(홍희),2024-09-20,2025-05-31,11,254,0.04330708661417323,early,"[0, 30)"
3662,PF_0002037,080400,5,2024-10-01,0,0,0,36.0,5.0,,,,6.45,,,0,True,7532,2024년_딸기(홍희),2024-09-20,2025-05-31,11,254,0.04330708661417323,early,"[0, 30)"
3693,PF_0002037,080400,6,2024-10-01,0,0,0,42.0,5.0,,,,6.9,,,0,True,7532,2024년_딸기(홍희),2024-09-20,2025-05-31,11,254,0.04330708661417323,early,"[0, 30)"
3724,PF_0002037,080400,7,2024-10-01,0,0,0,45.0,4.0,,,,8.4,,,0,True,7532,2024년_딸기(홍희),2024-09-20,2025-05-31,11,254,0.04330708661417323,early,"[0, 30)"
3755,PF_0002037,080400,8,2024-10-01,0,0,0,48.0,5.0,,,,11.73,,,0,True,7532,2024년_딸기(홍희),2024-09-20,2025-05-31,11,254,0.04330708661417323,early,"[0, 30)"
3786,PF_0002037,080400,9,2024-10-01,0,0,0,45.0,4.0,,,,10.13,,,0,True,7532,2024년_딸기(홍희),2024-09-20,2025-05-31,11,254,0.04330708661417323,early,"[0, 30)"
3539,PF_0002037,080400,1,2024-10-10,0,0,0,55.0,6.0,,,,8.7,,,0,True,7532,2024년_딸기(홍희),2024-09-20,2025-05-31,20,254,0.07874015748031496,early,"[0, 30)"
3570,PF_0002037,080400,2,2024-10-10,0,0,0,67.0,7.0,,,,11.8,,,0,True,7532,2024년_딸기(홍희),2024-09-20,2025-05-31,20,254,0.07874015748031496,early,"[0, 30)"
3601,PF_0002037,080400,3,2024-10-10,0,0,0,71.0,5.0,,,,11.1,,,0,True,7532,2024년_딸기(홍희),2024-09-20,2025-05-31,20,254,0.07874015748031496,early,"[0, 30)"
3632,PF_0002037,080400,4,2024-10-10,0,0,0,46.0,6.0,,,,10.1,,,0,True,7532,2024년_딸기(홍희),2024-09-20,2025-05-31,20,254,0.07874015748031496,early,"[0, 30)"
3663,PF_0002037,080400,5,2024-10-10,0,0,0,40.0,5.0,,,,11.2,,,0,True,7532,2024년_딸기(홍희),2024-09-20,2025-05-31,20,254,0.07874015748031496,early,"[0, 30)"
3694,PF_0002037,080400,6,2024-10-10,0,0,0,56.0,6.0,,,,10.8,,,0,True,7532,2024년_딸기(홍희),2024-09-20,2025-05-31,20,254,0.07874015748031496,early,"[0, 30)"
3725,PF_0002037,080400,7,2024-10-10,0,0,0,46.0,5.0,,,,11.9,,,0,True,7532,2024년_딸기(홍희),2024-09-20,2025-05-31,20,254,0.07874015748031496,early,"[0, 30)"
3756,PF_0002037,080400,8,2024-10-10,0,0,0,56.0,5.0,,,,11.5,,,0,True,7532,2024년_딸기(홍희),2024-09-20,2025-05-31,20,254,0.07874015748031496,early,"[0, 30)"
3787,PF_0002037,080400,9,2024-10-10,0,0,0,46.0,5.0,,,,11.0,,,0,True,7532,2024년_딸기(홍희),2024-09-20,2025-05-31,20,254,0.07874015748031496,early,"[0, 30)"
3540,PF_0002037,080400,1,2024-10-14,0,0,0,48.0,6.0,,,,11.3,,,0,True,7532,2024년_딸기(홍희),2024-09-20,2025-05-31,24,254,0.09448818897637795,early,"[0, 30)"
3571,PF_0002037,080400,2,2024-10-14,0,0,0,61.0,7.0,,,,13.5,,,0,True,7532,2024년_딸기(홍희),2024-09-20,2025-05-31,24,254,0.09448818897637795,early,"[0, 30)"
3602,PF_0002037,080400,3,2024-10-14,0,0,0,82.0,7.0,,,,12.9,,,0,True,7532,2024년_딸기(홍희),2024-09-20,2025-05-31,24,254,0.09448818897637795,early,"[0, 30)"
3633,PF_0002037,080400,4,2024-10-14,0,0,0,49.0,6.0,,,,9.8,,,0,True,7532,2024년_딸기(홍희),2024-09-20,2025-05-31,24,254,0.09448818897637795,early,"[0, 30)"
3664,PF_0002037,080400,5,2024-10-14,0,0,0,37.0,6.0,,,,5.5,,,0,True,7532,2024년_딸기(홍희),2024-09-20,2025-05-31,24,254,0.09448818897637795,early,"[0, 30)"
3695,PF_0002037,080400,6,2024-10-14,0,0,0,68.0,6.0,,,,12.8,,,0,True,7532,2024년_딸기(홍희),2024-09-20,2025-05-31,24,254,0.09448818897637795,early,"[0, 30)"
3726,PF_0002037,080400,7,2024-10-14,0,0,0,55.0,6.0,,,,12.3,,,0,True,7532,2024년_딸기(홍희),2024-09-20,2025-05-31,24,254,0.09448818897637795,early,"[0, 30)"
3757,PF_0002037,080400,8,2024-10-14,0,0,0,70.0,6.0,,,,14.1,,,0,True,7532,2024년_딸기(홍희),2024-09-20,2025-05-31,24,254,0.09448818897637795,early,"[0, 30)"
3788,PF_0002037,080400,9,2024-10-14,0,0,0,52.0,5.0,,,,11.3,,,0,True,7532,2024년_딸기(홍희),2024-09-20,2025-05-31,24,254,0.09448818897637795,early,"[0, 30)"
3541,PF_0002037,080400,1,2024-10-21,0,0,0,82.0,6.0,,,,14.0,,,0,True,7532,2024년_딸기(홍희),2024-09-20,2025-05-31,31,254,0.1220472440944882,early,"[30, 60)"
3572,PF_0002037,080400,2,2024-10-21,0,0,0,80.0,6.0,,,,13.6,,,0,True,7532,2024년_딸기(홍희),2024-09-20,2025-05-31,31,254,0.1220472440944882,early,"[30, 60)"
3603,PF_0002037,080400,3,2024-10-21,0,0,0,91.0,5.0,,,,14.3,,,0,True,7532,2024년_딸기(홍희),2024-09-20,2025-05-31,31,254,0.1220472440944882,early,"[30, 60)"
3634,PF_0002037,080400,4,2024-10-21,0,0,0,62.0,5.0,,,,12.1,,,0,True,7532,2024년_딸기(홍희),2024-09-20,2025-05-31,31,254,0.1220472440944882,early,"[30, 60)"
3665,PF_0002037,080400,5,2024-10-21,0,0,0,66.0,6.0,,,,11.3,,,0,True,7532,2024년_딸기(홍희),2024-09-20,2025-05-31,31,254,0.1220472440944882,early,"[30, 60)"
3696,PF_0002037,080400,6,2024-10-21,0,0,0,84.0,5.0,,,,13.8,,,0,True,7532,2024년_딸기(홍희),2024-09-20,2025-05-31,31,254,0.1220472440944882,early,"[30, 60)"
3727,PF_0002037,080400,7,2024-10-21,0,0,0,70.0,6.0,,,,12.8,,,0,True,7532,2024년_딸기(홍희),2024-09-20,2025-05-31,31,254,0.1220472440944882,early,"[30, 60)"
3758,PF_0002037,080400,8,2024-10-21,0,0,0,85.0,5.0,,,,14.2,,,0,True,7532,2024년_딸기(홍희),2024-09-20,2025-05-31,31,254,0.1220472440944882,early,"[30, 60)"
3789,PF_0002037,080400,9,2024-10-21,0,0,0,83.0,4.0,,,,12.3,,,0,True,7532,2024년_딸기(홍희),2024-09-20,2025-05-31,31,254,0.1220472440944882,early,"[30, 60)"
3542,PF_0002037,080400,1,2024-10-28,0,0,0,106.0,6.0,,,,11.2,,,0,True,7532,2024년_딸기(홍희),2024-09-20,2025-05-31,38,254,0.14960629921259844,early,"[30, 60)"
3573,PF_0002037,080400,2,2024-10-28,0,0,0,96.0,7.0,,,,13.9,,,0,True,7532,2024년_딸기(홍희),2024-09-20,2025-05-31,38,254,0.14960629921259844,early,"[30, 60)"
3604,PF_0002037,080400,3,2024-10-28,0,0,0,103.0,6.0,,,,10.4,,,0,True,7532,2024년_딸기(홍희),2024-09-20,2025-05-31,38,254,0.14960629921259844,early,"[30, 60)"
3635,PF_0002037,080400,4,2024-10-28,0,0,0,76.0,4.0,,,,11.0,,,0,True,7532,2024년_딸기(홍희),2024-09-20,2025-05-31,38,254,0.14960629921259844,early,"[30, 60)"
3666,PF_0002037,080400,5,2024-10-28,0,0,0,72.0,6.0,,,,12.0,,,0,True,7532,2024년_딸기(홍희),2024-09-20,2025-05-31,38,254,0.14960629921259844,early,"[30, 60)"
3697,PF_0002037,080400,6,2024-10-28,0,0,0,99.0,4.0,,,,16.0,,,0,True,7532,2024년_딸기(홍희),2024-09-20,2025-05-31,38,254,0.14960629921259844,early,"[30, 60)"
3728,PF_0002037,080400,7,2024-10-28,0,0,0,97.0,5.0,,,,11.4,,,0,True,7532,2024년_딸기(홍희),2024-09-20,2025-05-31,38,254,0.14960629921259844,early,"[30, 60)"
3759,PF_0002037,080400,8,2024-10-28,0,0,0,98.0,4.0,,,,14.8,,,0,True,7532,2024년_딸기(홍희),2024-09-20,2025-05-31,38,254,0.14960629921259844,early,"[30, 60)"
3790,PF_0002037,080400,9,2024-10-28,0,0,0,95.0,4.0,,,,15.6,,,0,True,7532,2024년_딸기(홍희),2024-09-20,2025-05-31,38,254,0.14960629921259844,early,"[30, 60)"
3543,PF_0002037,080400,1,2024-11-07,0,0,0,109.0,7.0,,,,23.3,,,0,True,7532,2024년_딸기(홍희),2024-09-20,2025-05-31,48,254,0.1889763779527559,early,"[30, 60)"
3574,PF_0002037,080400,2,2024-11-07,0,0,0,107.0,6.0,,,,18.9,,,0,True,7532,2024년_딸기(홍희),2024-09-20,2025-05-31,48,254,0.1889763779527559,early,"[30, 60)"
3605,PF_0002037,080400,3,2024-11-07,0,0,0,128.0,5.0,,,,20.6,,,0,True,7532,2024년_딸기(홍희),2024-09-20,2025-05-31,48,254,0.1889763779527559,early,"[30, 60)"
3636,PF_0002037,080400,4,2024-11-07,0,0,0,91.0,4.0,,,,15.4,,,0,True,7532,2024년_딸기(홍희),2024-09-20,2025-05-31,48,254,0.1889763779527559,early,"[30, 60)"
3667,PF_0002037,080400,5,2024-11-07,0,0,0,85.0,5.0,,,,14.8,,,0,True,7532,2024년_딸기(홍희),2024-09-20,2025-05-31,48,254,0.1889763779527559,early,"[30, 60)"
3698,PF_0002037,080400,6,2024-11-07,0,0,0,112.0,3.0,,,,20.8,,,0,True,7532,2024년_딸기(홍희),2024-09-20,2025-05-31,48,254,0.1889763779527559,early,"[30, 60)"
3729,PF_0002037,080400,7,2024-11-07,0,0,0,126.0,6.0,,,,21.1,,,0,True,7532,2024년_딸기(홍희),2024-09-20,2025-05-31,48,254,0.1889763779527559,early,"[30, 60)"
3760,PF_0002037,080400,8,2024-11-07,0,0,0,103.0,4.0,,,,22.3,,,0,True,7532,2024년_딸기(홍희),2024-09-20,2025-05-31,48,254,0.1889763779527559,early,"[30, 60)"
3791,PF_0002037,080400,9,2024-11-07,0,0,0,100.0,5.0,,,,16.0,,,0,True,7532,2024년_딸기(홍희),2024-09-20,2025-05-31,48,254,0.1889763779527559,early,"[30, 60)"
3544,PF_0002037,080400,1,2024-11-14,2,0,0,112.0,6.0,,,,17.9,,,2,False,7532,2024년_딸기(홍희),2024-09-20,2025-05-31,55,254,0.21653543307086615,early,"[30, 60)"
3575,PF_0002037,080400,2,2024-11-14,3,2,0,116.0,4.0,,,,16.7,,,5,False,7532,2024년_딸기(홍희),2024-09-20,2025-05-31,55,254,0.21653543307086615,early,"[30, 60)"
3606,PF_0002037,080400,3,2024-11-14,1,0,0,138.0,6.0,,,,20.2,,,1,False,7532,2024년_딸기(홍희),2024-09-20,2025-05-31,55,254,0.21653543307086615,early,"[30, 60)"
3637,PF_0002037,080400,4,2024-11-14,0,0,0,90.0,5.0,,,,18.8,,,0,True,7532,2024년_딸기(홍희),2024-09-20,2025-05-31,55,254,0.21653543307086615,early,"[30, 60)"
3668,PF_0002037,080400,5,2024-11-14,1,0,0,69.0,4.0,,,,20.3,,,1,False,7532,2024년_딸기(홍희),2024-09-20,2025-05-31,55,254,0.21653543307086615,early,"[30, 60)"
3699,PF_0002037,080400,6,2024-11-14,3,0,0,96.0,5.0,,,,15.0,,,3,False,7532,2024년_딸기(홍희),2024-09-20,2025-05-31,55,254,0.21653543307086615,early,"[30, 60)"
3730,PF_0002037,080400,7,2024-11-14,1,0,0,123.0,6.0,,,,21.9,,,1,False,7532,2024년_딸기(홍희),2024-09-20,2025-05-31,55,254,0.21653543307086615,early,"[30, 60)"
3761,PF_0002037,080400,8,2024-11-14,2,1,0,97.0,6.0,,,,22.1,,,3,False,7532,2024년_딸기(홍희),2024-09-20,2025-05-31,55,254,0.21653543307086615,early,"[30, 60)"
3792,PF_0002037,080400,9,2024-11-14,4,0,0,103.0,5.0,,,,17.8,,,4,False,7532,2024년_딸기(홍희),2024-09-20,2025-05-31,55,254,0.21653543307086615,early,"[30, 60)"
3545,PF_0002037,080400,1,2024-11-21,5,0,0,111.0,5.0,,,,17.1,,,5,False,7532,2024년_딸기(홍희),2024-09-20,2025-05-31,62,254,0.2440944881889764,early,"[60, 90)"
3576,PF_0002037,080400,2,2024-11-21,6,4,0,126.0,5.0,,,,16.3,,,10,False,7532,2024년_딸기(홍희),2024-09-20,2025-05-31,62,254,0.2440944881889764,early,"[60, 90)"
3607,PF_0002037,080400,3,2024-11-21,3,0,0,131.0,6.0,,,,24.7,,,3,False,7532,2024년_딸기(홍희),2024-09-20,2025-05-31,62,254,0.2440944881889764,early,"[60, 90)"
3638,PF_0002037,080400,4,2024-11-21,1,0,0,104.0,6.0,,,,12.4,,,1,False,7532,2024년_딸기(홍희),2024-09-20,2025-05-31,62,254,0.2440944881889764,early,"[60, 90)"
3669,PF_0002037,080400,5,2024-11-21,3,0,0,99.0,5.0,,,,17.1,,,3,False,7532,2024년_딸기(홍희),2024-09-20,2025-05-31,62,254,0.2440944881889764,early,"[60, 90)"
3700,PF_0002037,080400,6,2024-11-21,4,0,0,111.0,5.0,,,,16.6,,,4,False,7532,2024년_딸기(홍희),2024-09-20,2025-05-31,62,254,0.2440944881889764,early,"[60, 90)"
3731,PF_0002037,080400,7,2024-11-21,4,0,0,123.0,4.0,,,,19.1,,,4,False,7532,2024년_딸기(홍희),2024-09-20,2025-05-31,62,254,0.2440944881889764,early,"[60, 90)"
3762,PF_0002037,080400,8,2024-11-21,3,3,0,96.0,4.0,,,,22.2,,,6,False,7532,2024년_딸기(홍희),2024-09-20,2025-05-31,62,254,0.2440944881889764,early,"[60, 90)"
3793,PF_0002037,080400,9,2024-11-21,8,0,0,113.0,5.0,,,,22.0,,,8,False,7532,2024년_딸기(홍희),2024-09-20,2025-05-31,62,254,0.2440944881889764,early,"[60, 90)"
3546,PF_0002037,080400,1,2024-11-29,7,0,0,122.0,5.0,,,,19.6,,,7,False,7532,2024년_딸기(홍희),2024-09-20,2025-05-31,70,254,0.2755905511811024,early,"[60, 90)"
3577,PF_0002037,080400,2,2024-11-29,4,3,0,130.0,6.0,,,,25.0,,,7,False,7532,2024년_딸기(홍희),2024-09-20,2025-05-31,70,254,0.2755905511811024,early,"[60, 90)"
3608,PF_0002037,080400,3,2024-11-29,5,0,0,121.0,7.0,,,,19.2,,,5,False,7532,2024년_딸기(홍희),2024-09-20,2025-05-31,70,254,0.2755905511811024,early,"[60, 90)"
3639,PF_0002037,080400,4,2024-11-29,3,0,0,103.0,6.0,,,,22.5,,,3,False,7532,2024년_딸기(홍희),2024-09-20,2025-05-31,70,254,0.2755905511811024,early,"[60, 90)"
3670,PF_0002037,080400,5,2024-11-29,7,0,0,113.0,5.0,,,,19.7,,,7,False,7532,2024년_딸기(홍희),2024-09-20,2025-05-31,70,254,0.2755905511811024,early,"[60, 90)"
3701,PF_0002037,080400,6,2024-11-29,5,0,0,121.0,6.0,,,,17.6,,,5,False,7532,2024년_딸기(홍희),2024-09-20,2025-05-31,70,254,0.2755905511811024,early,"[60, 90)"
3732,PF_0002037,080400,7,2024-11-29,7,0,0,132.0,6.0,,,,23.6,,,7,False,7532,2024년_딸기(홍희),2024-09-20,2025-05-31,70,254,0.2755905511811024,early,"[60, 90)"
3763,PF_0002037,080400,8,2024-11-29,4,6,0,135.0,5.0,,,,25.9,,,10,False,7532,2024년_딸기(홍희),2024-09-20,2025-05-31,70,254,0.2755905511811024,early,"[60, 90)"
3794,PF_0002037,080400,9,2024-11-29,11,0,0,117.0,6.0,,,,24.8,,,11,False,7532,2024년_딸기(홍희),2024-09-20,2025-05-31,70,254,0.2755905511811024,early,"[60, 90)"
3547,PF_0002037,080400,1,2024-12-05,7,0,0,126.0,7.0,,,,19.1,,,7,False,7532,2024년_딸기(홍희),2024-09-20,2025-05-31,76,254,0.2992125984251969,early,"[60, 90)"
3578,PF_0002037,080400,2,2024-12-05,7,0,0,106.0,7.0,,,,24.4,,,7,False,7532,2024년_딸기(홍희),2024-09-20,2025-05-31,76,254,0.2992125984251969,early,"[60, 90)"
3609,PF_0002037,080400,3,2024-12-05,6,0,0,121.0,6.0,,,,23.9,,,6,False,7532,2024년_딸기(홍희),2024-09-20,2025-05-31,76,254,0.2992125984251969,early,"[60, 90)"
3640,PF_0002037,080400,4,2024-12-05,4,0,0,116.0,4.0,,,,25.9,,,4,False,7532,2024년_딸기(홍희),2024-09-20,2025-05-31,76,254,0.2992125984251969,early,"[60, 90)"
3671,PF_0002037,080400,5,2024-12-05,6,0,0,134.0,6.0,,,,17.8,,,6,False,7532,2024년_딸기(홍희),2024-09-20,2025-05-31,76,254,0.2992125984251969,early,"[60, 90)"
3702,PF_0002037,080400,6,2024-12-05,5,0,0,109.0,5.0,,,,18.3,,,5,False,7532,2024년_딸기(홍희),2024-09-20,2025-05-31,76,254,0.2992125984251969,early,"[60, 90)"
3733,PF_0002037,080400,7,2024-12-05,6,0,0,137.0,6.0,,,,23.3,,,6,False,7532,2024년_딸기(홍희),2024-09-20,2025-05-31,76,254,0.2992125984251969,early,"[60, 90)"
3764,PF_0002037,080400,8,2024-12-05,7,0,0,115.0,7.0,,,,29.1,,,7,False,7532,2024년_딸기(홍희),2024-09-20,2025-05-31,76,254,0.2992125984251969,early,"[60, 90)"
3795,PF_0002037,080400,9,2024-12-05,7,0,0,106.0,7.0,,,,19.8,,,7,False,7532,2024년_딸기(홍희),2024-09-20,2025-05-31,76,254,0.2992125984251969,early,"[60, 90)"
3548,PF_0002037,080400,1,2024-12-12,7,0,0,128.0,8.0,,,,24.0,,,7,False,7532,2024년_딸기(홍희),2024-09-20,2025-05-31,83,254,0.32677165354330706,early,"[60, 90)"
3579,PF_0002037,080400,2,2024-12-12,4,0,0,105.0,7.0,,,,25.9,,,4,False,7532,2024년_딸기(홍희),2024-09-20,2025-05-31,83,254,0.32677165354330706,early,"[60, 90)"
3610,PF_0002037,080400,3,2024-12-12,0,0,0,145.0,7.0,,,,25.7,,,0,True,7532,2024년_딸기(홍희),2024-09-20,2025-05-31,83,254,0.32677165354330706,early,"[60, 90)"
3641,PF_0002037,080400,4,2024-12-12,4,0,0,122.0,7.0,,,,26.1,,,4,False,7532,2024년_딸기(홍희),2024-09-20,2025-05-31,83,254,0.32677165354330706,early,"[60, 90)"
3672,PF_0002037,080400,5,2024-12-12,7,0,0,114.0,5.0,,,,18.2,,,7,False,7532,2024년_딸기(홍희),2024-09-20,2025-05-31,83,254,0.32677165354330706,early,"[60, 90)"
3703,PF_0002037,080400,6,2024-12-12,0,0,0,113.0,5.0,,,,21.9,,,0,True,7532,2024년_딸기(홍희),2024-09-20,2025-05-31,83,254,0.32677165354330706,early,"[60, 90)"
3734,PF_0002037,080400,7,2024-12-12,6,2,0,137.0,7.0,,,,31.8,,,8,False,7532,2024년_딸기(홍희),2024-09-20,2025-05-31,83,254,0.32677165354330706,early,"[60, 90)"
3765,PF_0002037,080400,8,2024-12-12,4,0,0,118.0,8.0,,,,24.4,,,4,False,7532,2024년_딸기(홍희),2024-09-20,2025-05-31,83,254,0.32677165354330706,early,"[60, 90)"
3796,PF_0002037,080400,9,2024-12-12,0,0,0,112.0,6.0,,,,27.3,,,0,True,7532,2024년_딸기(홍희),2024-09-20,2025-05-31,83,254,0.32677165354330706,early,"[60, 90)"
3549,PF_0002037,080400,1,2024-12-19,7,4,0,125.0,6.0,,,,23.9,,,11,False,7532,2024년_딸기(홍희),2024-09-20,2025-05-31,90,254,0.3543307086614173,middle,"[90, 120)"
3580,PF_0002037,080400,2,2024-12-19,7,0,0,112.0,6.0,,,,18.4,,,7,False,7532,2024년_딸기(홍희),2024-09-20,2025-05-31,90,254,0.3543307086614173,middle,"[90, 120)"
3611,PF_0002037,080400,3,2024-12-19,7,0,0,123.0,8.0,,,,35.2,,,7,False,7532,2024년_딸기(홍희),2024-09-20,2025-05-31,90,254,0.3543307086614173,middle,"[90, 120)"
3642,PF_0002037,080400,4,2024-12-19,5,0,0,111.0,6.0,,,,22.4,,,5,False,7532,2024년_딸기(홍희),2024-09-20,2025-05-31,90,254,0.3543307086614173,middle,"[90, 120)"
3673,PF_0002037,080400,5,2024-12-19,7,0,0,113.0,5.0,,,,21.4,,,7,False,7532,2024년_딸기(홍희),2024-09-20,2025-05-31,90,254,0.3543307086614173,middle,"[90, 120)"
3704,PF_0002037,080400,6,2024-12-19,5,0,0,110.0,5.0,,,,20.7,,,5,False,7532,2024년_딸기(홍희),2024-09-20,2025-05-31,90,254,0.3543307086614173,middle,"[90, 120)"
3735,PF_0002037,080400,7,2024-12-19,6,4,0,107.0,7.0,,,,28.4,,,10,False,7532,2024년_딸기(홍희),2024-09-20,2025-05-31,90,254,0.3543307086614173,middle,"[90, 120)"
3766,PF_0002037,080400,8,2024-12-19,7,0,0,115.0,8.0,,,,19.2,,,7,False,7532,2024년_딸기(홍희),2024-09-20,2025-05-31,90,254,0.3543307086614173,middle,"[90, 120)"
3797,PF_0002037,080400,9,2024-12-19,7,0,0,114.0,6.0,,,,16.8,,,7,False,7532,2024년_딸기(홍희),2024-09-20,2025-05-31,90,254,0.3543307086614173,middle,"[90, 120)"
3550,PF_0002037,080400,1,2024-12-24,6,4,0,118.0,6.0,,,,22.1,,,10,False,7532,2024년_딸기(홍희),2024-09-20,2025-05-31,95,254,0.37401574803149606,middle,"[90, 120)"
3581,PF_0002037,080400,2,2024-12-24,4,0,8,130.0,8.0,,,,24.4,,,12,False,7532,2024년_딸기(홍희),2024-09-20,2025-05-31,95,254,0.37401574803149606,middle,"[90, 120)"
3612,PF_0002037,080400,3,2024-12-24,6,0,0,142.0,7.0,,,,22.4,,,6,False,7532,2024년_딸기(홍희),2024-09-20,2025-05-31,95,254,0.37401574803149606,middle,"[90, 120)"
3643,PF_0002037,080400,4,2024-12-24,6,0,0,118.0,7.0,,,,23.5,,,6,False,7532,2024년_딸기(홍희),2024-09-20,2025-05-31,95,254,0.37401574803149606,middle,"[90, 120)"
3674,PF_0002037,080400,5,2024-12-24,7,0,0,115.0,6.0,,,,20.1,,,7,False,7532,2024년_딸기(홍희),2024-09-20,2025-05-31,95,254,0.37401574803149606,middle,"[90, 120)"
3705,PF_0002037,080400,6,2024-12-24,5,0,0,110.0,7.0,,,,20.3,,,5,False,7532,2024년_딸기(홍희),2024-09-20,2025-05-31,95,254,0.37401574803149606,middle,"[90, 120)"
3736,PF_0002037,080400,7,2024-12-24,6,5,0,132.0,8.0,,,,30.7,,,11,False,7532,2024년_딸기(홍희),2024-09-20,2025-05-31,95,254,0.37401574803149606,middle,"[90, 120)"
3767,PF_0002037,080400,8,2024-12-24,3,0,4,116.0,7.0,,,,31.2,,,7,False,7532,2024년_딸기(홍희),2024-09-20,2025-05-31,95,254,0.37401574803149606,middle,"[90, 120)"
3798,PF_0002037,080400,9,2024-12-24,7,0,0,115.0,6.0,,,,22.3,,,7,False,7532,2024년_딸기(홍희),2024-09-20,2025-05-31,95,254,0.37401574803149606,middle,"[90, 120)"
3551,PF_0002037,080400,1,2025-01-03,6,0,0,122.0,8.0,,,,21.0,,,6,False,7532,2024년_딸기(홍희),2024-09-20,2025-05-31,105,254,0.41338582677165353,middle,"[90, 120)"
3582,PF_0002037,080400,2,2025-01-03,6,0,0,111.0,7.0,,,,22.9,,,6,False,7532,2024년_딸기(홍희),2024-09-20,2025-05-31,105,254,0.41338582677165353,middle,"[90, 120)"
3613,PF_0002037,080400,3,2025-01-03,6,0,0,143.0,10.0,,,,31.8,,,6,False,7532,2024년_딸기(홍희),2024-09-20,2025-05-31,105,254,0.41338582677165353,middle,"[90, 120)"
3644,PF_0002037,080400,4,2025-01-03,8,0,0,110.0,6.0,,,,25.6,,,8,False,7532,2024년_딸기(홍희),2024-09-20,2025-05-31,105,254,0.41338582677165353,middle,"[90, 120)"
3675,PF_0002037,080400,5,2025-01-03,6,0,0,93.0,7.0,,,,20.5,,,6,False,7532,2024년_딸기(홍희),2024-09-20,2025-05-31,105,254,0.41338582677165353,middle,"[90, 120)"
3706,PF_0002037,080400,6,2025-01-03,3,0,0,126.0,6.0,,,,21.2,,,3,False,7532,2024년_딸기(홍희),2024-09-20,2025-05-31,105,254,0.41338582677165353,middle,"[90, 120)"
3737,PF_0002037,080400,7,2025-01-03,6,5,0,104.0,8.0,,,,25.9,,,11,False,7532,2024년_딸기(홍희),2024-09-20,2025-05-31,105,254,0.41338582677165353,middle,"[90, 120)"
3768,PF_0002037,080400,8,2025-01-03,6,0,0,114.0,9.0,,,,27.2,,,6,False,7532,2024년_딸기(홍희),2024-09-20,2025-05-31,105,254,0.41338582677165353,middle,"[90, 120)"
3799,PF_0002037,080400,9,2025-01-03,4,1,0,113.0,7.0,,,,23.1,,,5,False,7532,2024년_딸기(홍희),2024-09-20,2025-05-31,105,254,0.41338582677165353,middle,"[90, 120)"
3552,PF_0002037,080400,1,2025-01-10,4,0,3,125.0,7.0,,,,32.8,,,7,False,7532,2024년_딸기(홍희),2024-09-20,2025-05-31,112,254,0.4409448818897638,middle,"[90, 120)"
3583,PF_0002037,080400,2,2025-01-10,0,0,0,112.0,9.0,,,,24.0,,,0,True,7532,2024년_딸기(홍희),2024-09-20,2025-05-31,112,254,0.4409448818897638,middle,"[90, 120)"
3614,PF_0002037,080400,3,2025-01-10,4,1,0,140.0,9.0,,,,33.4,,,5,False,7532,2024년_딸기(홍희),2024-09-20,2025-05-31,112,254,0.4409448818897638,middle,"[90, 120)"
3645,PF_0002037,080400,4,2025-01-10,4,4,0,111.0,6.0,,,,28.2,,,8,False,7532,2024년_딸기(홍희),2024-09-20,2025-05-31,112,254,0.4409448818897638,middle,"[90, 120)"
3676,PF_0002037,080400,5,2025-01-10,6,1,0,115.0,5.0,,,,20.2,,,7,False,7532,2024년_딸기(홍희),2024-09-20,2025-05-31,112,254,0.4409448818897638,middle,"[90, 120)"
3707,PF_0002037,080400,6,2025-01-10,0,3,0,123.0,5.0,,,,17.9,,,3,False,7532,2024년_딸기(홍희),2024-09-20,2025-05-31,112,254,0.4409448818897638,middle,"[90, 120)"
3738,PF_0002037,080400,7,2025-01-10,7,5,0,109.0,7.0,,,,24.5,,,12,False,7532,2024년_딸기(홍희),2024-09-20,2025-05-31,112,254,0.4409448818897638,middle,"[90, 120)"
3769,PF_0002037,080400,8,2025-01-10,0,0,0,116.0,5.0,,,,24.3,,,0,True,7532,2024년_딸기(홍희),2024-09-20,2025-05-31,112,254,0.4409448818897638,middle,"[90, 120)"
3800,PF_0002037,080400,9,2025-01-10,5,2,0,114.0,5.0,,,,19.9,,,7,False,7532,2024년_딸기(홍희),2024-09-20,2025-05-31,112,254,0.4409448818897638,middle,"[90, 120)"
3553,PF_0002037,080400,1,2025-01-19,0,0,2,123.0,8.0,,,,19.5,,,2,False,7532,2024년_딸기(홍희),2024-09-20,2025-05-31,121,254,0.4763779527559055,middle,"[120, 150)"
3584,PF_0002037,080400,2,2025-01-19,0,0,0,106.0,9.0,,,,22.2,,,0,True,7532,2024년_딸기(홍희),2024-09-20,2025-05-31,121,254,0.4763779527559055,middle,"[120, 150)"
3615,PF_0002037,080400,3,2025-01-19,0,3,2,118.0,11.0,,,,36.7,,,5,False,7532,2024년_딸기(홍희),2024-09-20,2025-05-31,121,254,0.4763779527559055,middle,"[120, 150)"
3646,PF_0002037,080400,4,2025-01-19,0,2,4,123.0,9.0,,,,24.2,,,6,False,7532,2024년_딸기(홍희),2024-09-20,2025-05-31,121,254,0.4763779527559055,middle,"[120, 150)"
3677,PF_0002037,080400,5,2025-01-19,0,4,2,91.0,5.0,,,,19.5,,,6,False,7532,2024년_딸기(홍희),2024-09-20,2025-05-31,121,254,0.4763779527559055,middle,"[120, 150)"
3708,PF_0002037,080400,6,2025-01-19,0,1,0,111.0,7.0,,,,22.5,,,1,False,7532,2024년_딸기(홍희),2024-09-20,2025-05-31,121,254,0.4763779527559055,middle,"[120, 150)"
3739,PF_0002037,080400,7,2025-01-19,2,5,1,134.0,7.0,,,,33.6,,,8,False,7532,2024년_딸기(홍희),2024-09-20,2025-05-31,121,254,0.4763779527559055,middle,"[120, 150)"
3770,PF_0002037,080400,8,2025-01-19,0,0,0,119.0,10.0,,,,20.0,,,0,True,7532,2024년_딸기(홍희),2024-09-20,2025-05-31,121,254,0.4763779527559055,middle,"[120, 150)"
3801,PF_0002037,080400,9,2025-01-19,0,3,0,116.0,6.0,,,,26.8,,,3,False,7532,2024년_딸기(홍희),2024-09-20,2025-05-31,121,254,0.4763779527559055,middle,"[120, 150)"
3554,PF_0002037,080400,1,2025-01-26,0,0,1,110.0,6.0,,,,18.2,,,1,False,7532,2024년_딸기(홍희),2024-09-20,2025-05-31,128,254,0.5039370078740157,middle,"[120, 150)"
3585,PF_0002037,080400,2,2025-01-26,0,0,0,102.0,8.0,,,,20.5,,,0,True,7532,2024년_딸기(홍희),2024-09-20,2025-05-31,128,254,0.5039370078740157,middle,"[120, 150)"
3616,PF_0002037,080400,3,2025-01-26,0,0,0,115.0,12.0,,,,34.1,,,0,True,7532,2024년_딸기(홍희),2024-09-20,2025-05-31,128,254,0.5039370078740157,middle,"[120, 150)"
3647,PF_0002037,080400,4,2025-01-26,0,1,4,102.0,7.0,,,,24.9,,,5,False,7532,2024년_딸기(홍희),2024-09-20,2025-05-31,128,254,0.5039370078740157,middle,"[120, 150)"
3678,PF_0002037,080400,5,2025-01-26,0,1,4,90.0,6.0,,,,12.7,,,5,False,7532,2024년_딸기(홍희),2024-09-20,2025-05-31,128,254,0.5039370078740157,middle,"[120, 150)"
3709,PF_0002037,080400,6,2025-01-26,0,0,3,106.0,6.0,,,,22.2,,,3,False,7532,2024년_딸기(홍희),2024-09-20,2025-05-31,128,254,0.5039370078740157,middle,"[120, 150)"
3740,PF_0002037,080400,7,2025-01-26,0,5,2,140.0,8.0,,,,16.8,,,7,False,7532,2024년_딸기(홍희),2024-09-20,2025-05-31,128,254,0.5039370078740157,middle,"[120, 150)"
3771,PF_0002037,080400,8,2025-01-26,0,0,0,120.0,8.0,,,,17.0,,,0,True,7532,2024년_딸기(홍희),2024-09-20,2025-05-31,128,254,0.5039370078740157,middle,"[120, 150)"
3802,PF_0002037,080400,9,2025-01-26,0,3,0,114.0,7.0,,,,23.8,,,3,False,7532,2024년_딸기(홍희),2024-09-20,2025-05-31,128,254,0.5039370078740157,middle,"[120, 150)"
3555,PF_0002037,080400,1,2025-02-09,0,0,0,123.0,9.0,,,,21.7,,,0,True,7532,2024년_딸기(홍희),2024-09-20,2025-05-31,142,254,0.5590551181102362,middle,"[120, 150)"
3586,PF_0002037,080400,2,2025-02-09,0,0,0,114.0,11.0,,,,24.2,,,0,True,7532,2024년_딸기(홍희),2024-09-20,2025-05-31,142,254,0.5590551181102362,middle,"[120, 150)"
3617,PF_0002037,080400,3,2025-02-09,0,0,0,137.0,12.0,,,,33.6,,,0,True,7532,2024년_딸기(홍희),2024-09-20,2025-05-31,142,254,0.5590551181102362,middle,"[120, 150)"
3648,PF_0002037,080400,4,2025-02-09,0,1,1,118.0,9.0,,,,26.4,,,2,False,7532,2024년_딸기(홍희),2024-09-20,2025-05-31,142,254,0.5590551181102362,middle,"[120, 150)"
3679,PF_0002037,080400,5,2025-02-09,0,0,3,101.0,7.0,,,,17.8,,,3,False,7532,2024년_딸기(홍희),2024-09-20,2025-05-31,142,254,0.5590551181102362,middle,"[120, 150)"
3710,PF_0002037,080400,6,2025-02-09,0,0,5,107.0,7.0,,,,28.3,,,5,False,7532,2024년_딸기(홍희),2024-09-20,2025-05-31,142,254,0.5590551181102362,middle,"[120, 150)"
3741,PF_0002037,080400,7,2025-02-09,0,4,3,132.0,13.0,,,,30.2,,,7,False,7532,2024년_딸기(홍희),2024-09-20,2025-05-31,142,254,0.5590551181102362,middle,"[120, 150)"
3772,PF_0002037,080400,8,2025-02-09,0,0,0,115.0,9.0,,,,22.5,,,0,True,7532,2024년_딸기(홍희),2024-09-20,2025-05-31,142,254,0.5590551181102362,middle,"[120, 150)"
3803,PF_0002037,080400,9,2025-02-09,0,3,0,115.0,9.0,,,,26.2,,,3,False,7532,2024년_딸기(홍희),2024-09-20,2025-05-31,142,254,0.5590551181102362,middle,"[120, 150)"
3556,PF_0002037,080400,1,2025-02-14,0,0,0,120.0,7.0,,,,30.3,,,0,True,7532,2024년_딸기(홍희),2024-09-20,2025-05-31,147,254,0.5787401574803149,middle,"[120, 150)"
3587,PF_0002037,080400,2,2025-02-14,0,0,0,102.0,10.0,,,,24.6,,,0,True,7532,2024년_딸기(홍희),2024-09-20,2025-05-31,147,254,0.5787401574803149,middle,"[120, 150)"
3618,PF_0002037,080400,3,2025-02-14,0,0,0,133.0,12.0,,,,33.3,,,0,True,7532,2024년_딸기(홍희),2024-09-20,2025-05-31,147,254,0.5787401574803149,middle,"[120, 150)"
3649,PF_0002037,080400,4,2025-02-14,0,0,5,120.0,9.0,,,,31.8,,,5,False,7532,2024년_딸기(홍희),2024-09-20,2025-05-31,147,254,0.5787401574803149,middle,"[120, 150)"
3680,PF_0002037,080400,5,2025-02-14,0,0,4,85.0,7.0,,,,22.9,,,4,False,7532,2024년_딸기(홍희),2024-09-20,2025-05-31,147,254,0.5787401574803149,middle,"[120, 150)"
3711,PF_0002037,080400,6,2025-02-14,0,0,0,120.0,8.0,,,,35.2,,,0,True,7532,2024년_딸기(홍희),2024-09-20,2025-05-31,147,254,0.5787401574803149,middle,"[120, 150)"
3742,PF_0002037,080400,7,2025-02-14,0,0,2,126.0,10.0,,,,30.2,,,2,False,7532,2024년_딸기(홍희),2024-09-20,2025-05-31,147,254,0.5787401574803149,middle,"[120, 150)"
3773,PF_0002037,080400,8,2025-02-14,0,0,0,116.0,9.0,,,,26.1,,,0,True,7532,2024년_딸기(홍희),2024-09-20,2025-05-31,147,254,0.5787401574803149,middle,"[120, 150)"
3804,PF_0002037,080400,9,2025-02-14,0,0,3,113.0,10.0,,,,29.4,,,3,False,7532,2024년_딸기(홍희),2024-09-20,2025-05-31,147,254,0.5787401574803149,middle,"[120, 150)"
3557,PF_0002037,080400,1,2025-02-22,0,0,0,123.0,6.0,,,,22.3,,,0,True,7532,2024년_딸기(홍희),2024-09-20,2025-05-31,155,254,0.610236220472441,middle,"[150, 180)"
3588,PF_0002037,080400,2,2025-02-22,0,0,0,102.0,7.0,,,,20.1,,,0,True,7532,2024년_딸기(홍희),2024-09-20,2025-05-31,155,254,0.610236220472441,middle,"[150, 180)"
3619,PF_0002037,080400,3,2025-02-22,0,0,0,136.0,11.0,,,,40.9,,,0,True,7532,2024년_딸기(홍희),2024-09-20,2025-05-31,155,254,0.610236220472441,middle,"[150, 180)"
3650,PF_0002037,080400,4,2025-02-22,0,0,0,108.0,7.0,,,,20.6,,,0,True,7532,2024년_딸기(홍희),2024-09-20,2025-05-31,155,254,0.610236220472441,middle,"[150, 180)"
3681,PF_0002037,080400,5,2025-02-22,0,0,0,115.0,7.0,,,,16.7,,,0,True,7532,2024년_딸기(홍희),2024-09-20,2025-05-31,155,254,0.610236220472441,middle,"[150, 180)"
3712,PF_0002037,080400,6,2025-02-22,0,0,0,125.0,6.0,,,,18.5,,,0,True,7532,2024년_딸기(홍희),2024-09-20,2025-05-31,155,254,0.610236220472441,middle,"[150, 180)"
3743,PF_0002037,080400,7,2025-02-22,0,0,0,135.0,8.0,,,,27.2,,,0,True,7532,2024년_딸기(홍희),2024-09-20,2025-05-31,155,254,0.610236220472441,middle,"[150, 180)"
3774,PF_0002037,080400,8,2025-02-22,0,0,0,121.0,7.0,,,,37.4,,,0,True,7532,2024년_딸기(홍희),2024-09-20,2025-05-31,155,254,0.610236220472441,middle,"[150, 180)"
3805,PF_0002037,080400,9,2025-02-22,0,0,0,117.0,7.0,,,,32.0,,,0,True,7532,2024년_딸기(홍희),2024-09-20,2025-05-31,155,254,0.610236220472441,middle,"[150, 180)"
3560,PF_0002037,080400,1,2025-03-05,0,0,0,123.0,6.0,,,,24.3,,,0,True,7532,2024년_딸기(홍희),2024-09-20,2025-05-31,166,254,0.6535433070866141,middle,"[150, 180)"
3591,PF_0002037,080400,2,2025-03-05,0,0,0,102.0,8.0,,,,21.2,,,0,True,7532,2024년_딸기(홍희),2024-09-20,2025-05-31,166,254,0.6535433070866141,middle,"[150, 180)"
3622,PF_0002037,080400,3,2025-03-05,0,0,0,134.0,11.0,,,,39.0,,,0,True,7532,2024년_딸기(홍희),2024-09-20,2025-05-31,166,254,0.6535433070866141,middle,"[150, 180)"
3653,PF_0002037,080400,4,2025-03-05,0,0,0,111.0,8.0,,,,23.4,,,0,True,7532,2024년_딸기(홍희),2024-09-20,2025-05-31,166,254,0.6535433070866141,middle,"[150, 180)"
3684,PF_0002037,080400,5,2025-03-05,0,0,0,107.0,7.0,,,,18.3,,,0,True,7532,2024년_딸기(홍희),2024-09-20,2025-05-31,166,254,0.6535433070866141,middle,"[150, 180)"
3715,PF_0002037,080400,6,2025-03-05,0,0,0,123.0,7.0,,,,22.6,,,0,True,7532,2024년_딸기(홍희),2024-09-20,2025-05-31,166,254,0.6535433070866141,middle,"[150, 180)"
3746,PF_0002037,080400,7,2025-03-05,0,0,0,132.0,8.0,,,,27.9,,,0,True,7532,2024년_딸기(홍희),2024-09-20,2025-05-31,166,254,0.6535433070866141,middle,"[150, 180)"
3777,PF_0002037,080400,8,2025-03-05,0,0,0,120.0,7.0,,,,34.5,,,0,True,7532,2024년_딸기(홍희),2024-09-20,2025-05-31,166,254,0.6535433070866141,middle,"[150, 180)"
3808,PF_0002037,080400,9,2025-03-05,0,0,0,116.0,7.0,,,,31.3,,,0,True,7532,2024년_딸기(홍희),2024-09-20,2025-05-31,166,254,0.6535433070866141,middle,"[150, 180)"
3561,PF_0002037,080400,1,2025-03-12,0,0,0,124.0,6.0,,,,24.6,,,0,True,7532,2024년_딸기(홍희),2024-09-20,2025-05-31,173,254,0.6811023622047244,late,"[150, 180)"
3592,PF_0002037,080400,2,2025-03-12,0,0,0,101.0,8.0,,,,21.5,,,0,True,7532,2024년_딸기(홍희),2024-09-20,2025-05-31,173,254,0.6811023622047244,late,"[150, 180)"
3623,PF_0002037,080400,3,2025-03-12,0,0,0,133.0,11.0,,,,38.4,,,0,True,7532,2024년_딸기(홍희),2024-09-20,2025-05-31,173,254,0.6811023622047244,late,"[150, 180)"
3654,PF_0002037,080400,4,2025-03-12,0,0,0,110.0,8.0,,,,23.8,,,0,True,7532,2024년_딸기(홍희),2024-09-20,2025-05-31,173,254,0.6811023622047244,late,"[150, 180)"
3685,PF_0002037,080400,5,2025-03-12,0,0,0,108.0,7.0,,,,18.7,,,0,True,7532,2024년_딸기(홍희),2024-09-20,2025-05-31,173,254,0.6811023622047244,late,"[150, 180)"
3716,PF_0002037,080400,6,2025-03-12,0,0,0,122.0,7.0,,,,22.9,,,0,True,7532,2024년_딸기(홍희),2024-09-20,2025-05-31,173,254,0.6811023622047244,late,"[150, 180)"
3747,PF_0002037,080400,7,2025-03-12,0,0,0,133.0,8.0,,,,28.3,,,0,True,7532,2024년_딸기(홍희),2024-09-20,2025-05-31,173,254,0.6811023622047244,late,"[150, 180)"
3778,PF_0002037,080400,8,2025-03-12,0,0,0,121.0,7.0,,,,34.9,,,0,True,7532,2024년_딸기(홍희),2024-09-20,2025-05-31,173,254,0.6811023622047244,late,"[150, 180)"
3809,PF_0002037,080400,9,2025-03-12,0,0,0,117.0,7.0,,,,32.1,,,0,True,7532,2024년_딸기(홍희),2024-09-20,2025-05-31,173,254,0.6811023622047244,late,"[150, 180)"
3562,PF_0002037,080400,1,2025-03-18,0,0,0,126.0,6.0,,,,24.7,,,0,True,7532,2024년_딸기(홍희),2024-09-20,2025-05-31,179,254,0.7047244094488189,late,"[150, 180)"
3593,PF_0002037,080400,2,2025-03-18,0,0,0,103.0,8.0,,,,21.8,,,0,True,7532,2024년_딸기(홍희),2024-09-20,2025-05-31,179,254,0.7047244094488189,late,"[150, 180)"
3624,PF_0002037,080400,3,2025-03-18,0,0,0,131.0,11.0,,,,38.7,,,0,True,7532,2024년_딸기(홍희),2024-09-20,2025-05-31,179,254,0.7047244094488189,late,"[150, 180)"
3655,PF_0002037,080400,4,2025-03-18,0,0,0,109.0,8.0,,,,24.2,,,0,True,7532,2024년_딸기(홍희),2024-09-20,2025-05-31,179,254,0.7047244094488189,late,"[150, 180)"
3686,PF_0002037,080400,5,2025-03-18,0,0,0,107.0,7.0,,,,19.4,,,0,True,7532,2024년_딸기(홍희),2024-09-20,2025-05-31,179,254,0.7047244094488189,late,"[150, 180)"
3717,PF_0002037,080400,6,2025-03-18,0,0,0,124.0,7.0,,,,23.5,,,0,True,7532,2024년_딸기(홍희),2024-09-20,2025-05-31,179,254,0.7047244094488189,late,"[150, 180)"
3748,PF_0002037,080400,7,2025-03-18,0,0,0,137.0,8.0,,,,27.4,,,0,True,7532,2024년_딸기(홍희),2024-09-20,2025-05-31,179,254,0.7047244094488189,late,"[150, 180)"
3779,PF_0002037,080400,8,2025-03-18,0,0,0,118.0,7.0,,,,33.5,,,0,True,7532,2024년_딸기(홍희),2024-09-20,2025-05-31,179,254,0.7047244094488189,late,"[150, 180)"
3810,PF_0002037,080400,9,2025-03-18,0,0,0,120.0,7.0,,,,32.5,,,0,True,7532,2024년_딸기(홍희),2024-09-20,2025-05-31,179,254,0.7047244094488189,late,"[150, 180)"
3563,PF_0002037,080400,1,2025-03-27,0,0,0,129.0,7.0,,,,24.8,,,0,True,7532,2024년_딸기(홍희),2024-09-20,2025-05-31,188,254,0.7401574803149606,late,"[180, 210)"
3594,PF_0002037,080400,2,2025-03-27,0,0,0,105.0,9.0,,,,22.0,,,0,True,7532,2024년_딸기(홍희),2024-09-20,2025-05-31,188,254,0.7401574803149606,late,"[180, 210)"
3625,PF_0002037,080400,3,2025-03-27,0,0,0,135.0,11.0,,,,38.8,,,0,True,7532,2024년_딸기(홍희),2024-09-20,2025-05-31,188,254,0.7401574803149606,late,"[180, 210)"
3656,PF_0002037,080400,4,2025-03-27,0,0,0,111.0,9.0,,,,24.3,,,0,True,7532,2024년_딸기(홍희),2024-09-20,2025-05-31,188,254,0.7401574803149606,late,"[180, 210)"
3687,PF_0002037,080400,5,2025-03-27,0,0,0,111.0,8.0,,,,19.8,,,0,True,7532,2024년_딸기(홍희),2024-09-20,2025-05-31,188,254,0.7401574803149606,late,"[180, 210)"
3718,PF_0002037,080400,6,2025-03-27,0,0,0,127.0,8.0,,,,23.6,,,0,True,7532,2024년_딸기(홍희),2024-09-20,2025-05-31,188,254,0.7401574803149606,late,"[180, 210)"
3749,PF_0002037,080400,7,2025-03-27,0,0,0,140.0,10.0,,,,27.7,,,0,True,7532,2024년_딸기(홍희),2024-09-20,2025-05-31,188,254,0.7401574803149606,late,"[180, 210)"
3780,PF_0002037,080400,8,2025-03-27,0,0,0,120.0,8.0,,,,33.7,,,0,True,7532,2024년_딸기(홍희),2024-09-20,2025-05-31,188,254,0.7401574803149606,late,"[180, 210)"
3811,PF_0002037,080400,9,2025-03-27,0,0,0,124.0,8.0,,,,32.6,,,0,True,7532,2024년_딸기(홍희),2024-09-20,2025-05-31,188,254,0.7401574803149606,late,"[180, 210)"
3564,PF_0002037,080400,1,2025-04-02,0,0,0,130.0,8.0,,,,24.8,,,0,True,7532,2024년_딸기(홍희),2024-09-20,2025-05-31,194,254,0.7637795275590551,late,"[180, 210)"
3595,PF_0002037,080400,2,2025-04-02,0,0,0,104.0,9.0,,,,22.5,,,0,True,7532,2024년_딸기(홍희),2024-09-20,2025-05-31,194,254,0.7637795275590551,late,"[180, 210)"
3626,PF_0002037,080400,3,2025-04-02,0,0,0,138.0,10.0,,,,39.5,,,0,True,7532,2024년_딸기(홍희),2024-09-20,2025-05-31,194,254,0.7637795275590551,late,"[180, 210)"
3657,PF_0002037,080400,4,2025-04-02,0,0,0,115.0,10.0,,,,24.5,,,0,True,7532,2024년_딸기(홍희),2024-09-20,2025-05-31,194,254,0.7637795275590551,late,"[180, 210)"
3688,PF_0002037,080400,5,2025-04-02,0,0,0,109.0,9.0,,,,19.6,,,0,True,7532,2024년_딸기(홍희),2024-09-20,2025-05-31,194,254,0.7637795275590551,late,"[180, 210)"
3719,PF_0002037,080400,6,2025-04-02,0,0,0,128.0,9.0,,,,24.1,,,0,True,7532,2024년_딸기(홍희),2024-09-20,2025-05-31,194,254,0.7637795275590551,late,"[180, 210)"
3750,PF_0002037,080400,7,2025-04-02,0,0,0,142.0,10.0,,,,27.8,,,0,True,7532,2024년_딸기(홍희),2024-09-20,2025-05-31,194,254,0.7637795275590551,late,"[180, 210)"
3781,PF_0002037,080400,8,2025-04-02,0,0,0,123.0,9.0,,,,34.5,,,0,True,7532,2024년_딸기(홍희),2024-09-20,2025-05-31,194,254,0.7637795275590551,late,"[180, 210)"
3812,PF_0002037,080400,9,2025-04-02,0,0,0,120.0,8.0,,,,32.3,,,0,True,7532,2024년_딸기(홍희),2024-09-20,2025-05-31,194,254,0.7637795275590551,late,"[180, 210)"
3565,PF_0002037,080400,1,2025-04-09,0,0,0,132.0,9.0,,,,24.9,,,0,True,7532,2024년_딸기(홍희),2024-09-20,2025-05-31,201,254,0.7913385826771654,late,"[180, 210)"
3596,PF_0002037,080400,2,2025-04-09,0,0,0,105.0,10.0,,,,22.4,,,0,True,7532,2024년_딸기(홍희),2024-09-20,2025-05-31,201,254,0.7913385826771654,late,"[180, 210)"
3627,PF_0002037,080400,3,2025-04-09,0,0,0,140.0,11.0,,,,39.4,,,0,True,7532,2024년_딸기(홍희),2024-09-20,2025-05-31,201,254,0.7913385826771654,late,"[180, 210)"
3658,PF_0002037,080400,4,2025-04-09,0,0,0,117.0,10.0,,,,24.6,,,0,True,7532,2024년_딸기(홍희),2024-09-20,2025-05-31,201,254,0.7913385826771654,late,"[180, 210)"
3689,PF_0002037,080400,5,2025-04-09,0,0,0,110.0,10.0,,,,19.8,,,0,True,7532,2024년_딸기(홍희),2024-09-20,2025-05-31,201,254,0.7913385826771654,late,"[180, 210)"
3720,PF_0002037,080400,6,2025-04-09,0,0,0,130.0,9.0,,,,23.9,,,0,True,7532,2024년_딸기(홍희),2024-09-20,2025-05-31,201,254,0.7913385826771654,late,"[180, 210)"
3751,PF_0002037,080400,7,2025-04-09,0,0,0,143.0,9.0,,,,27.9,,,0,True,7532,2024년_딸기(홍희),2024-09-20,2025-05-31,201,254,0.7913385826771654,late,"[180, 210)"
3782,PF_0002037,080400,8,2025-04-09,0,0,0,125.0,9.0,,,,34.3,,,0,True,7532,2024년_딸기(홍희),2024-09-20,2025-05-31,201,254,0.7913385826771654,late,"[180, 210)"
3813,PF_0002037,080400,9,2025-04-09,0,0,0,121.0,9.0,,,,32.5,,,0,True,7532,2024년_딸기(홍희),2024-09-20,2025-05-31,201,254,0.7913385826771654,late,"[180, 210)"
3566,PF_0002037,080400,1,2025-04-18,0,0,0,134.0,9.0,,,,25.0,,,0,True,7532,2024년_딸기(홍희),2024-09-20,2025-05-31,210,254,0.8267716535433071,late,"[210, 240)"
3597,PF_0002037,080400,2,2025-04-18,0,0,0,108.0,10.0,,,,22.7,,,0,True,7532,2024년_딸기(홍희),2024-09-20,2025-05-31,210,254,0.8267716535433071,late,"[210, 240)"
3628,PF_0002037,080400,3,2025-04-18,4,0,0,141.0,11.0,,,,39.5,,,4,False,7532,2024년_딸기(홍희),2024-09-20,2025-05-31,210,254,0.8267716535433071,late,"[210, 240)"
3659,PF_0002037,080400,4,2025-04-18,0,0,0,119.0,10.0,,,,24.9,,,0,True,7532,2024년_딸기(홍희),2024-09-20,2025-05-31,210,254,0.8267716535433071,late,"[210, 240)"
3690,PF_0002037,080400,5,2025-04-18,0,0,0,113.0,10.0,,,,20.1,,,0,True,7532,2024년_딸기(홍희),2024-09-20,2025-05-31,210,254,0.8267716535433071,late,"[210, 240)"
3721,PF_0002037,080400,6,2025-04-18,0,0,0,133.0,9.0,,,,24.0,,,0,True,7532,2024년_딸기(홍희),2024-09-20,2025-05-31,210,254,0.8267716535433071,late,"[210, 240)"
3752,PF_0002037,080400,7,2025-04-18,0,0,0,146.0,9.0,,,,28.0,,,0,True,7532,2024년_딸기(홍희),2024-09-20,2025-05-31,210,254,0.8267716535433071,late,"[210, 240)"
3783,PF_0002037,080400,8,2025-04-18,0,0,0,127.0,9.0,,,,34.5,,,0,True,7532,2024년_딸기(홍희),2024-09-20,2025-05-31,210,254,0.8267716535433071,late,"[210, 240)"
3814,PF_0002037,080400,9,2025-04-18,0,0,0,123.0,9.0,,,,32.8,,,0,True,7532,2024년_딸기(홍희),2024-09-20,2025-05-31,210,254,0.8267716535433071,late,"[210, 240)"
3567,PF_0002037,080400,1,2025-04-24,0,0,0,137.0,11.0,,,,25.0,,,0,True,7532,2024년_딸기(홍희),2024-09-20,2025-05-31,216,254,0.8503937007874016,late,"[210, 240)"
3598,PF_0002037,080400,2,2025-04-24,0,0,0,111.0,12.0,,,,22.7,,,0,True,7532,2024년_딸기(홍희),2024-09-20,2025-05-31,216,254,0.8503937007874016,late,"[210, 240)"
3629,PF_0002037,080400,3,2025-04-24,0,0,0,144.0,11.0,,,,39.5,,,0,True,7532,2024년_딸기(홍희),2024-09-20,2025-05-31,216,254,0.8503937007874016,late,"[210, 240)"
3660,PF_0002037,080400,4,2025-04-24,0,0,0,121.0,10.0,,,,24.9,,,0,True,7532,2024년_딸기(홍희),2024-09-20,2025-05-31,216,254,0.8503937007874016,late,"[210, 240)"
3691,PF_0002037,080400,5,2025-04-24,0,0,0,116.0,11.0,,,,20.1,,,0,True,7532,2024년_딸기(홍희),2024-09-20,2025-05-31,216,254,0.8503937007874016,late,"[210, 240)"
3722,PF_0002037,080400,6,2025-04-24,0,0,0,136.0,10.0,,,,24.0,,,0,True,7532,2024년_딸기(홍희),2024-09-20,2025-05-31,216,254,0.8503937007874016,late,"[210, 240)"
3753,PF_0002037,080400,7,2025-04-24,0,0,0,149.0,10.0,,,,28.0,,,0,True,7532,2024년_딸기(홍희),2024-09-20,2025-05-31,216,254,0.8503937007874016,late,"[210, 240)"
3784,PF_0002037,080400,8,2025-04-24,0,0,0,130.0,11.0,,,,34.5,,,0,True,7532,2024년_딸기(홍희),2024-09-20,2025-05-31,216,254,0.8503937007874016,late,"[210, 240)"
3815,PF_0002037,080400,9,2025-04-24,0,0,0,123.0,10.0,,,,32.8,,,0,True,7532,2024년_딸기(홍희),2024-09-20,2025-05-31,216,254,0.8503937007874016,late,"[210, 240)"
3568,PF_0002037,080400,1,2025-04-29,0,0,0,137.0,12.0,,,,25.4,,,0,True,7532,2024년_딸기(홍희),2024-09-20,2025-05-31,221,254,0.8700787401574803,late,"[210, 240)"
3599,PF_0002037,080400,2,2025-04-29,0,0,0,111.0,12.0,,,,22.5,,,0,True,7532,2024년_딸기(홍희),2024-09-20,2025-05-31,221,254,0.8700787401574803,late,"[210, 240)"
3630,PF_0002037,080400,3,2025-04-29,0,0,0,144.0,11.0,,,,38.1,,,0,True,7532,2024년_딸기(홍희),2024-09-20,2025-05-31,221,254,0.8700787401574803,late,"[210, 240)"
3661,PF_0002037,080400,4,2025-04-29,0,0,0,121.0,11.0,,,,25.2,,,0,True,7532,2024년_딸기(홍희),2024-09-20,2025-05-31,221,254,0.8700787401574803,late,"[210, 240)"
3692,PF_0002037,080400,5,2025-04-29,0,0,0,116.0,12.0,,,,22.3,,,0,True,7532,2024년_딸기(홍희),2024-09-20,2025-05-31,221,254,0.8700787401574803,late,"[210, 240)"
3723,PF_0002037,080400,6,2025-04-29,0,0,0,136.0,11.0,,,,24.3,,,0,True,7532,2024년_딸기(홍희),2024-09-20,2025-05-31,221,254,0.8700787401574803,late,"[210, 240)"
3754,PF_0002037,080400,7,2025-04-29,0,0,0,149.0,10.0,,,,28.3,,,0,True,7532,2024년_딸기(홍희),2024-09-20,2025-05-31,221,254,0.8700787401574803,late,"[210, 240)"
3785,PF_0002037,080400,8,2025-04-29,0,0,0,130.0,10.0,,,,32.7,,,0,True,7532,2024년_딸기(홍희),2024-09-20,2025-05-31,221,254,0.8700787401574803,late,"[210, 240)"
3816,PF_0002037,080400,9,2025-04-29,0,0,0,123.0,11.0,,,,33.6,,,0,True,7532,2024년_딸기(홍희),2024-09-20,2025-05-31,221,254,0.8700787401574803,late,"[210, 240)"
26444,PF_0002037,080400,1,2026-03-31,0,0,0,103.0,13.0,,,,20.6,,,0,True,9035,2025년_딸기(설향),2025-09-15,2026-05-31,197,259,0.7606177606177607,late,"[180, 210)"
26472,PF_0002037,080400,2,2026-03-31,0,0,0,96.0,11.0,,,,21.0,,,0,True,9035,2025년_딸기(설향),2025-09-15,2026-05-31,197,259,0.7606177606177607,late,"[180, 210)"
26528,PF_0002037,080400,4,2026-03-31,0,0,0,90.0,15.0,,,,18.5,,,0,True,9035,2025년_딸기(설향),2025-09-15,2026-05-31,197,259,0.7606177606177607,late,"[180, 210)"
26556,PF_0002037,080400,5,2026-03-31,0,0,0,83.0,13.0,,,,17.4,,,0,True,9035,2025년_딸기(설향),2025-09-15,2026-05-31,197,259,0.7606177606177607,late,"[180, 210)"
26584,PF_0002037,080400,6,2026-03-31,0,0,0,95.0,12.0,,,,18.3,,,0,True,9035,2025년_딸기(설향),2025-09-15,2026-05-31,197,259,0.7606177606177607,late,"[180, 210)"
26612,PF_0002037,080400,7,2026-03-31,0,0,0,105.0,13.0,,,,18.8,,,0,True,9035,2025년_딸기(설향),2025-09-15,2026-05-31,197,259,0.7606177606177607,late,"[180, 210)"
26653,PF_0002037,080400,9,2026-03-31,0,0,0,100.0,18.0,,,,18.0,,,0,True,9035,2025년_딸기(설향),2025-09-15,2026-05-31,197,259,0.7606177606177607,late,"[180, 210)"
26445,PF_0002037,080400,1,2026-04-07,0,0,0,113.0,13.0,,,,20.6,,,0,True,9035,2025년_딸기(설향),2025-09-15,2026-05-31,204,259,0.7876447876447876,late,"[180, 210)"
26473,PF_0002037,080400,2,2026-04-07,0,0,0,96.0,12.0,,,,22.4,,,0,True,9035,2025년_딸기(설향),2025-09-15,2026-05-31,204,259,0.7876447876447876,late,"[180, 210)"
26529,PF_0002037,080400,4,2026-04-07,0,0,0,90.0,12.0,,,,18.5,,,0,True,9035,2025년_딸기(설향),2025-09-15,2026-05-31,204,259,0.7876447876447876,late,"[180, 210)"
26557,PF_0002037,080400,5,2026-04-07,0,0,0,73.0,9.0,,,,17.4,,,0,True,9035,2025년_딸기(설향),2025-09-15,2026-05-31,204,259,0.7876447876447876,late,"[180, 210)"
26585,PF_0002037,080400,6,2026-04-07,0,0,0,83.0,10.0,,,,18.3,,,0,True,9035,2025년_딸기(설향),2025-09-15,2026-05-31,204,259,0.7876447876447876,late,"[180, 210)"
26613,PF_0002037,080400,7,2026-04-07,0,0,0,102.0,10.0,,,,18.8,,,0,True,9035,2025년_딸기(설향),2025-09-15,2026-05-31,204,259,0.7876447876447876,late,"[180, 210)"
26654,PF_0002037,080400,9,2026-04-07,0,0,0,108.0,9.0,,,,19.4,,,0,True,9035,2025년_딸기(설향),2025-09-15,2026-05-31,204,259,0.7876447876447876,late,"[180, 210)"
26446,PF_0002037,080400,1,2026-04-14,0,0,0,113.0,6.0,,,,20.6,,,0,True,9035,2025년_딸기(설향),2025-09-15,2026-05-31,211,259,0.8146718146718147,late,"[210, 240)"
26474,PF_0002037,080400,2,2026-04-14,0,0,0,99.0,7.0,,,,22.4,,,0,True,9035,2025년_딸기(설향),2025-09-15,2026-05-31,211,259,0.8146718146718147,late,"[210, 240)"
26530,PF_0002037,080400,4,2026-04-14,0,0,0,90.0,13.0,,,,18.5,,,0,True,9035,2025년_딸기(설향),2025-09-15,2026-05-31,211,259,0.8146718146718147,late,"[210, 240)"
26558,PF_0002037,080400,5,2026-04-14,0,0,0,70.0,9.0,,,,17.4,,,0,True,9035,2025년_딸기(설향),2025-09-15,2026-05-31,211,259,0.8146718146718147,late,"[210, 240)"
26586,PF_0002037,080400,6,2026-04-14,0,0,0,97.0,13.0,,,,18.8,,,0,True,9035,2025년_딸기(설향),2025-09-15,2026-05-31,211,259,0.8146718146718147,late,"[210, 240)"
26614,PF_0002037,080400,7,2026-04-14,0,0,0,103.0,10.0,,,,18.8,,,0,True,9035,2025년_딸기(설향),2025-09-15,2026-05-31,211,259,0.8146718146718147,late,"[210, 240)"
26655,PF_0002037,080400,9,2026-04-14,0,0,0,110.0,11.0,,,,19.4,,,0,True,9035,2025년_딸기(설향),2025-09-15,2026-05-31,211,259,0.8146718146718147,late,"[210, 240)"
26447,PF_0002037,080400,1,2026-04-21,0,0,0,114.0,6.0,,,,20.6,,,0,True,9035,2025년_딸기(설향),2025-09-15,2026-05-31,218,259,0.8416988416988417,late,"[210, 240)"
26475,PF_0002037,080400,2,2026-04-21,0,0,0,98.0,5.0,,,,22.4,,,0,True,9035,2025년_딸기(설향),2025-09-15,2026-05-31,218,259,0.8416988416988417,late,"[210, 240)"
26531,PF_0002037,080400,4,2026-04-21,0,0,0,90.0,10.0,,,,18.5,,,0,True,9035,2025년_딸기(설향),2025-09-15,2026-05-31,218,259,0.8416988416988417,late,"[210, 240)"
26559,PF_0002037,080400,5,2026-04-21,0,0,0,70.0,5.0,,,,17.4,,,0,True,9035,2025년_딸기(설향),2025-09-15,2026-05-31,218,259,0.8416988416988417,late,"[210, 240)"
26587,PF_0002037,080400,6,2026-04-21,0,0,0,103.0,8.0,,,,18.8,,,0,True,9035,2025년_딸기(설향),2025-09-15,2026-05-31,218,259,0.8416988416988417,late,"[210, 240)"
26615,PF_0002037,080400,7,2026-04-21,0,0,0,100.0,10.0,,,,18.8,,,0,True,9035,2025년_딸기(설향),2025-09-15,2026-05-31,218,259,0.8416988416988417,late,"[210, 240)"
26656,PF_0002037,080400,9,2026-04-21,0,0,0,110.0,11.0,,,,19.4,,,0,True,9035,2025년_딸기(설향),2025-09-15,2026-05-31,218,259,0.8416988416988417,late,"[210, 240)"
26448,PF_0002037,080400,1,2026-04-27,0,0,0,123.0,7.0,,,,20.6,,,0,True,9035,2025년_딸기(설향),2025-09-15,2026-05-31,224,259,0.8648648648648649,late,"[210, 240)"
26476,PF_0002037,080400,2,2026-04-27,0,0,0,130.0,6.0,,,,22.4,,,0,True,9035,2025년_딸기(설향),2025-09-15,2026-05-31,224,259,0.8648648648648649,late,"[210, 240)"
26532,PF_0002037,080400,4,2026-04-27,0,0,0,95.0,9.0,,,,18.5,,,0,True,9035,2025년_딸기(설향),2025-09-15,2026-05-31,224,259,0.8648648648648649,late,"[210, 240)"
26560,PF_0002037,080400,5,2026-04-27,0,0,0,70.0,6.0,,,,17.4,,,0,True,9035,2025년_딸기(설향),2025-09-15,2026-05-31,224,259,0.8648648648648649,late,"[210, 240)"
26588,PF_0002037,080400,6,2026-04-27,0,0,0,103.0,10.0,,,,18.8,,,0,True,9035,2025년_딸기(설향),2025-09-15,2026-05-31,224,259,0.8648648648648649,late,"[210, 240)"
26616,PF_0002037,080400,7,2026-04-27,0,0,0,112.0,8.0,,,,18.8,,,0,True,9035,2025년_딸기(설향),2025-09-15,2026-05-31,224,259,0.8648648648648649,late,"[210, 240)"
26657,PF_0002037,080400,9,2026-04-27,0,0,0,97.0,6.0,,,,20.0,,,0,True,9035,2025년_딸기(설향),2025-09-15,2026-05-31,224,259,0.8648648648648649,late,"[210, 240)"
26449,PF_0002037,080400,1,2026-05-05,0,0,0,125.0,7.0,,,,20.6,,,0,True,9035,2025년_딸기(설향),2025-09-15,2026-05-31,232,259,0.8957528957528957,late,"[210, 240)"
26477,PF_0002037,080400,2,2026-05-05,0,0,0,130.0,5.0,,,,22.4,,,0,True,9035,2025년_딸기(설향),2025-09-15,2026-05-31,232,259,0.8957528957528957,late,"[210, 240)"
26533,PF_0002037,080400,4,2026-05-05,0,0,0,113.0,9.0,,,,19.4,,,0,True,9035,2025년_딸기(설향),2025-09-15,2026-05-31,232,259,0.8957528957528957,late,"[210, 240)"
26561,PF_0002037,080400,5,2026-05-05,0,0,0,70.0,3.0,,,,17.4,,,0,True,9035,2025년_딸기(설향),2025-09-15,2026-05-31,232,259,0.8957528957528957,late,"[210, 240)"
26589,PF_0002037,080400,6,2026-05-05,0,0,0,100.0,10.0,,,,18.8,,,0,True,9035,2025년_딸기(설향),2025-09-15,2026-05-31,232,259,0.8957528957528957,late,"[210, 240)"
26617,PF_0002037,080400,7,2026-05-05,0,0,0,114.0,9.0,,,,18.8,,,0,True,9035,2025년_딸기(설향),2025-09-15,2026-05-31,232,259,0.8957528957528957,late,"[210, 240)"
26658,PF_0002037,080400,9,2026-05-05,0,0,0,108.0,7.0,,,,20.0,,,0,True,9035,2025년_딸기(설향),2025-09-15,2026-05-31,232,259,0.8957528957528957,late,"[210, 240)"
26450,PF_0002037,080400,1,2026-05-12,0,0,0,130.0,9.0,,,,20.6,,,0,True,9035,2025년_딸기(설향),2025-09-15,2026-05-31,239,259,0.9227799227799228,late,"[210, 240)"
26478,PF_0002037,080400,2,2026-05-12,0,0,0,108.0,6.0,,,,22.4,,,0,True,9035,2025년_딸기(설향),2025-09-15,2026-05-31,239,259,0.9227799227799228,late,"[210, 240)"
26534,PF_0002037,080400,4,2026-05-12,0,0,0,94.0,9.0,,,,19.4,,,0,True,9035,2025년_딸기(설향),2025-09-15,2026-05-31,239,259,0.9227799227799228,late,"[210, 240)"
26562,PF_0002037,080400,5,2026-05-12,0,0,0,88.0,4.0,,,,18.0,,,0,True,9035,2025년_딸기(설향),2025-09-15,2026-05-31,239,259,0.9227799227799228,late,"[210, 240)"
26590,PF_0002037,080400,6,2026-05-12,0,0,0,105.0,11.0,,,,19.2,,,0,True,9035,2025년_딸기(설향),2025-09-15,2026-05-31,239,259,0.9227799227799228,late,"[210, 240)"
26618,PF_0002037,080400,7,2026-05-12,0,0,0,114.0,10.0,,,,18.8,,,0,True,9035,2025년_딸기(설향),2025-09-15,2026-05-31,239,259,0.9227799227799228,late,"[210, 240)"
26659,PF_0002037,080400,9,2026-05-12,0,0,0,103.0,9.0,,,,20.5,,,0,True,9035,2025년_딸기(설향),2025-09-15,2026-05-31,239,259,0.9227799227799228,late,"[210, 240)"
26451,PF_0002037,080400,1,2026-05-19,0,0,0,137.0,9.0,,,,20.6,,,0,True,9035,2025년_딸기(설향),2025-09-15,2026-05-31,246,259,0.9498069498069498,late,"[240, 270)"
26479,PF_0002037,080400,2,2026-05-19,0,0,0,110.0,6.0,,,,22.4,,,0,True,9035,2025년_딸기(설향),2025-09-15,2026-05-31,246,259,0.9498069498069498,late,"[240, 270)"
26535,PF_0002037,080400,4,2026-05-19,0,0,0,113.0,9.0,,,,19.4,,,0,True,9035,2025년_딸기(설향),2025-09-15,2026-05-31,246,259,0.9498069498069498,late,"[240, 270)"
26563,PF_0002037,080400,5,2026-05-19,0,0,0,83.0,5.0,,,,18.0,,,0,True,9035,2025년_딸기(설향),2025-09-15,2026-05-31,246,259,0.9498069498069498,late,"[240, 270)"
26591,PF_0002037,080400,6,2026-05-19,0,0,0,105.0,11.0,,,,19.2,,,0,True,9035,2025년_딸기(설향),2025-09-15,2026-05-31,246,259,0.9498069498069498,late,"[240, 270)"
26619,PF_0002037,080400,7,2026-05-19,0,0,0,114.0,6.0,,,,18.8,,,0,True,9035,2025년_딸기(설향),2025-09-15,2026-05-31,246,259,0.9498069498069498,late,"[240, 270)"
26660,PF_0002037,080400,9,2026-05-19,0,0,0,113.0,7.0,,,,20.5,,,0,True,9035,2025년_딸기(설향),2025-09-15,2026-05-31,246,259,0.9498069498069498,late,"[240, 270)"
26452,PF_0002037,080400,1,2026-05-26,0,0,0,128.0,9.0,,,,20.6,,,0,True,9035,2025년_딸기(설향),2025-09-15,2026-05-31,253,259,0.9768339768339769,late,"[240, 270)"
26480,PF_0002037,080400,2,2026-05-26,0,0,0,125.0,7.0,,,,22.4,,,0,True,9035,2025년_딸기(설향),2025-09-15,2026-05-31,253,259,0.9768339768339769,late,"[240, 270)"
26508,PF_0002037,080400,3,2026-05-26,0,1,1,100.0,8.0,,,,19.9,,,2,False,9035,2025년_딸기(설향),2025-09-15,2026-05-31,253,259,0.9768339768339769,late,"[240, 270)"
26536,PF_0002037,080400,4,2026-05-26,0,0,0,116.0,9.0,,,,19.4,,,0,True,9035,2025년_딸기(설향),2025-09-15,2026-05-31,253,259,0.9768339768339769,late,"[240, 270)"
26564,PF_0002037,080400,5,2026-05-26,0,0,0,83.0,5.0,,,,18.0,,,0,True,9035,2025년_딸기(설향),2025-09-15,2026-05-31,253,259,0.9768339768339769,late,"[240, 270)"
26592,PF_0002037,080400,6,2026-05-26,0,0,0,105.0,12.0,,,,19.2,,,0,True,9035,2025년_딸기(설향),2025-09-15,2026-05-31,253,259,0.9768339768339769,late,"[240, 270)"
26620,PF_0002037,080400,7,2026-05-26,0,0,0,114.0,7.0,,,,18.8,,,0,True,9035,2025년_딸기(설향),2025-09-15,2026-05-31,253,259,0.9768339768339769,late,"[240, 270)"
26661,PF_0002037,080400,9,2026-05-26,0,0,0,93.0,8.0,,,,20.5,,,0,True,9035,2025년_딸기(설향),2025-09-15,2026-05-31,253,259,0.9768339768339769,late,"[240, 270)"
7283,PF_0021351,080400,1,2024-10-01,0,0,0,76.0,7.0,,,,13.76,,,0,True,7540,2024년_딸기(설향),2024-09-07,2025-05-25,24,261,0.09195402298850575,early,"[0, 30)"
7313,PF_0021351,080400,2,2024-10-01,0,0,0,85.0,8.0,,,,19.77,,,0,True,7540,2024년_딸기(설향),2024-09-07,2025-05-25,24,261,0.09195402298850575,early,"[0, 30)"
7320,PF_0021351,080400,3,2024-10-01,0,0,0,96.0,8.0,,,,18.33,,,0,True,7540,2024년_딸기(설향),2024-09-07,2025-05-25,24,261,0.09195402298850575,early,"[0, 30)"
7350,PF_0021351,080400,4,2024-10-01,0,0,0,72.0,8.0,,,,15.19,,,0,True,7540,2024년_딸기(설향),2024-09-07,2025-05-25,24,261,0.09195402298850575,early,"[0, 30)"
7380,PF_0021351,080400,5,2024-10-01,0,0,0,55.0,6.0,,,,11.06,,,0,True,7540,2024년_딸기(설향),2024-09-07,2025-05-25,24,261,0.09195402298850575,early,"[0, 30)"
7410,PF_0021351,080400,6,2024-10-01,0,0,0,50.0,6.0,,,,10.81,,,0,True,7540,2024년_딸기(설향),2024-09-07,2025-05-25,24,261,0.09195402298850575,early,"[0, 30)"
7440,PF_0021351,080400,7,2024-10-01,0,0,0,62.0,5.0,,,,9.88,,,0,True,7540,2024년_딸기(설향),2024-09-07,2025-05-25,24,261,0.09195402298850575,early,"[0, 30)"
7470,PF_0021351,080400,8,2024-10-01,0,0,0,71.0,7.0,,,,16.69,,,0,True,7540,2024년_딸기(설향),2024-09-07,2025-05-25,24,261,0.09195402298850575,early,"[0, 30)"
7500,PF_0021351,080400,9,2024-10-01,0,0,0,85.0,8.0,,,,20.09,,,0,True,7540,2024년_딸기(설향),2024-09-07,2025-05-25,24,261,0.09195402298850575,early,"[0, 30)"
7284,PF_0021351,080400,1,2024-10-07,0,0,0,77.0,8.0,,,,20.3,,,0,True,7540,2024년_딸기(설향),2024-09-07,2025-05-25,30,261,0.11494252873563218,early,"[30, 60)"
7314,PF_0021351,080400,2,2024-10-07,0,0,0,88.0,8.0,,,,20.0,,,0,True,7540,2024년_딸기(설향),2024-09-07,2025-05-25,30,261,0.11494252873563218,early,"[30, 60)"
7321,PF_0021351,080400,3,2024-10-07,0,0,0,102.0,9.0,,,,21.0,,,0,True,7540,2024년_딸기(설향),2024-09-07,2025-05-25,30,261,0.11494252873563218,early,"[30, 60)"
7351,PF_0021351,080400,4,2024-10-07,0,0,0,70.0,9.0,,,,17.8,,,0,True,7540,2024년_딸기(설향),2024-09-07,2025-05-25,30,261,0.11494252873563218,early,"[30, 60)"
7381,PF_0021351,080400,5,2024-10-07,0,0,0,62.0,6.0,,,,13.5,,,0,True,7540,2024년_딸기(설향),2024-09-07,2025-05-25,30,261,0.11494252873563218,early,"[30, 60)"
7411,PF_0021351,080400,6,2024-10-07,0,0,0,51.0,7.0,,,,12.6,,,0,True,7540,2024년_딸기(설향),2024-09-07,2025-05-25,30,261,0.11494252873563218,early,"[30, 60)"
7441,PF_0021351,080400,7,2024-10-07,0,0,0,67.0,7.0,,,,17.72,,,0,True,7540,2024년_딸기(설향),2024-09-07,2025-05-25,30,261,0.11494252873563218,early,"[30, 60)"
7471,PF_0021351,080400,8,2024-10-07,0,0,0,68.0,9.0,,,,18.7,,,0,True,7540,2024년_딸기(설향),2024-09-07,2025-05-25,30,261,0.11494252873563218,early,"[30, 60)"
7501,PF_0021351,080400,9,2024-10-07,0,0,0,80.0,9.0,,,,21.2,,,0,True,7540,2024년_딸기(설향),2024-09-07,2025-05-25,30,261,0.11494252873563218,early,"[30, 60)"
7285,PF_0021351,080400,1,2024-10-14,0,0,0,100.0,9.0,,,,21.7,,,0,True,7540,2024년_딸기(설향),2024-09-07,2025-05-25,37,261,0.1417624521072797,early,"[30, 60)"
7315,PF_0021351,080400,2,2024-10-14,0,0,0,85.0,7.0,,,,21.1,,,0,True,7540,2024년_딸기(설향),2024-09-07,2025-05-25,37,261,0.1417624521072797,early,"[30, 60)"
7322,PF_0021351,080400,3,2024-10-14,0,0,0,103.0,10.0,,,,20.1,,,0,True,7540,2024년_딸기(설향),2024-09-07,2025-05-25,37,261,0.1417624521072797,early,"[30, 60)"
7352,PF_0021351,080400,4,2024-10-14,0,0,0,85.0,9.0,,,,25.4,,,0,True,7540,2024년_딸기(설향),2024-09-07,2025-05-25,37,261,0.1417624521072797,early,"[30, 60)"
7382,PF_0021351,080400,5,2024-10-14,0,0,0,60.0,9.0,,,,23.3,,,0,True,7540,2024년_딸기(설향),2024-09-07,2025-05-25,37,261,0.1417624521072797,early,"[30, 60)"
7412,PF_0021351,080400,6,2024-10-14,0,0,0,50.0,8.0,,,,18.9,,,0,True,7540,2024년_딸기(설향),2024-09-07,2025-05-25,37,261,0.1417624521072797,early,"[30, 60)"
7442,PF_0021351,080400,7,2024-10-14,0,0,0,82.0,9.0,,,,22.2,,,0,True,7540,2024년_딸기(설향),2024-09-07,2025-05-25,37,261,0.1417624521072797,early,"[30, 60)"
7472,PF_0021351,080400,8,2024-10-14,0,0,0,79.0,8.0,,,,26.2,,,0,True,7540,2024년_딸기(설향),2024-09-07,2025-05-25,37,261,0.1417624521072797,early,"[30, 60)"
7502,PF_0021351,080400,9,2024-10-14,0,0,0,98.0,9.0,,,,19.7,,,0,True,7540,2024년_딸기(설향),2024-09-07,2025-05-25,37,261,0.1417624521072797,early,"[30, 60)"
7286,PF_0021351,080400,1,2024-10-21,0,0,0,100.0,5.0,,,,17.6,,,0,True,7540,2024년_딸기(설향),2024-09-07,2025-05-25,44,261,0.1685823754789272,early,"[30, 60)"
7316,PF_0021351,080400,2,2024-10-21,0,0,0,115.0,4.0,,,,17.0,,,0,True,7540,2024년_딸기(설향),2024-09-07,2025-05-25,44,261,0.1685823754789272,early,"[30, 60)"
7323,PF_0021351,080400,3,2024-10-21,0,0,0,105.0,6.0,,,,16.1,,,0,True,7540,2024년_딸기(설향),2024-09-07,2025-05-25,44,261,0.1685823754789272,early,"[30, 60)"
7353,PF_0021351,080400,4,2024-10-21,0,0,0,50.0,6.0,,,,14.3,,,0,True,7540,2024년_딸기(설향),2024-09-07,2025-05-25,44,261,0.1685823754789272,early,"[30, 60)"
7383,PF_0021351,080400,5,2024-10-21,0,0,0,70.0,4.0,,,,11.4,,,0,True,7540,2024년_딸기(설향),2024-09-07,2025-05-25,44,261,0.1685823754789272,early,"[30, 60)"
7413,PF_0021351,080400,6,2024-10-21,0,0,0,61.0,4.0,,,,19.8,,,0,True,7540,2024년_딸기(설향),2024-09-07,2025-05-25,44,261,0.1685823754789272,early,"[30, 60)"
7443,PF_0021351,080400,7,2024-10-21,1,0,0,75.0,7.0,,,,22.7,,,1,False,7540,2024년_딸기(설향),2024-09-07,2025-05-25,44,261,0.1685823754789272,early,"[30, 60)"
7473,PF_0021351,080400,8,2024-10-21,0,0,0,82.0,9.0,,,,22.3,,,0,True,7540,2024년_딸기(설향),2024-09-07,2025-05-25,44,261,0.1685823754789272,early,"[30, 60)"
7503,PF_0021351,080400,9,2024-10-21,0,0,0,101.0,10.0,,,,32.8,,,0,True,7540,2024년_딸기(설향),2024-09-07,2025-05-25,44,261,0.1685823754789272,early,"[30, 60)"
7287,PF_0021351,080400,1,2024-10-28,1,0,0,101.0,5.0,,,,18.0,,,1,False,7540,2024년_딸기(설향),2024-09-07,2025-05-25,51,261,0.19540229885057472,early,"[30, 60)"
7317,PF_0021351,080400,2,2024-10-28,0,0,0,119.0,5.0,,,,19.9,,,0,True,7540,2024년_딸기(설향),2024-09-07,2025-05-25,51,261,0.19540229885057472,early,"[30, 60)"
7324,PF_0021351,080400,3,2024-10-28,0,0,0,105.0,6.0,,,,15.0,,,0,True,7540,2024년_딸기(설향),2024-09-07,2025-05-25,51,261,0.19540229885057472,early,"[30, 60)"
7354,PF_0021351,080400,4,2024-10-28,0,0,0,81.0,5.0,,,,16.2,,,0,True,7540,2024년_딸기(설향),2024-09-07,2025-05-25,51,261,0.19540229885057472,early,"[30, 60)"
7384,PF_0021351,080400,5,2024-10-28,0,0,0,84.0,4.0,,,,13.1,,,0,True,7540,2024년_딸기(설향),2024-09-07,2025-05-25,51,261,0.19540229885057472,early,"[30, 60)"
7414,PF_0021351,080400,6,2024-10-28,0,0,0,76.0,5.0,,,,18.5,,,0,True,7540,2024년_딸기(설향),2024-09-07,2025-05-25,51,261,0.19540229885057472,early,"[30, 60)"
7444,PF_0021351,080400,7,2024-10-28,2,1,0,91.0,4.0,,,,18.6,,,3,False,7540,2024년_딸기(설향),2024-09-07,2025-05-25,51,261,0.19540229885057472,early,"[30, 60)"
7474,PF_0021351,080400,8,2024-10-28,1,0,0,70.0,6.0,,,,17.3,,,1,False,7540,2024년_딸기(설향),2024-09-07,2025-05-25,51,261,0.19540229885057472,early,"[30, 60)"
7504,PF_0021351,080400,9,2024-10-28,1,0,0,110.0,6.0,,,,27.3,,,1,False,7540,2024년_딸기(설향),2024-09-07,2025-05-25,51,261,0.19540229885057472,early,"[30, 60)"
7288,PF_0021351,080400,1,2024-11-07,6,0,0,106.0,6.0,,,,18.1,,,6,False,7540,2024년_딸기(설향),2024-09-07,2025-05-25,61,261,0.23371647509578544,early,"[60, 90)"
7318,PF_0021351,080400,2,2024-11-07,3,1,0,95.0,5.0,,,,17.4,,,4,False,7540,2024년_딸기(설향),2024-09-07,2025-05-25,61,261,0.23371647509578544,early,"[60, 90)"
7325,PF_0021351,080400,3,2024-11-07,0,0,0,98.0,6.0,,,,17.7,,,0,True,7540,2024년_딸기(설향),2024-09-07,2025-05-25,61,261,0.23371647509578544,early,"[60, 90)"
7355,PF_0021351,080400,4,2024-11-07,0,0,0,102.0,7.0,,,,19.6,,,0,True,7540,2024년_딸기(설향),2024-09-07,2025-05-25,61,261,0.23371647509578544,early,"[60, 90)"
7385,PF_0021351,080400,5,2024-11-07,0,0,0,88.0,5.0,,,,15.8,,,0,True,7540,2024년_딸기(설향),2024-09-07,2025-05-25,61,261,0.23371647509578544,early,"[60, 90)"
7415,PF_0021351,080400,6,2024-11-07,2,0,0,82.0,9.0,,,,13.0,,,2,False,7540,2024년_딸기(설향),2024-09-07,2025-05-25,61,261,0.23371647509578544,early,"[60, 90)"
7445,PF_0021351,080400,7,2024-11-07,4,4,0,73.0,5.0,,,,18.2,,,8,False,7540,2024년_딸기(설향),2024-09-07,2025-05-25,61,261,0.23371647509578544,early,"[60, 90)"
7475,PF_0021351,080400,8,2024-11-07,5,0,0,72.0,6.0,,,,16.1,,,5,False,7540,2024년_딸기(설향),2024-09-07,2025-05-25,61,261,0.23371647509578544,early,"[60, 90)"
7505,PF_0021351,080400,9,2024-11-07,3,0,0,101.0,6.0,,,,25.9,,,3,False,7540,2024년_딸기(설향),2024-09-07,2025-05-25,61,261,0.23371647509578544,early,"[60, 90)"
7289,PF_0021351,080400,1,2024-11-14,7,0,0,91.0,6.0,,,,20.1,,,7,False,7540,2024년_딸기(설향),2024-09-07,2025-05-25,68,261,0.26053639846743293,early,"[60, 90)"
7326,PF_0021351,080400,3,2024-11-14,0,0,0,63.0,4.0,,,,10.3,,,0,True,7540,2024년_딸기(설향),2024-09-07,2025-05-25,68,261,0.26053639846743293,early,"[60, 90)"
7356,PF_0021351,080400,4,2024-11-14,0,0,0,102.0,11.0,,,,25.5,,,0,True,7540,2024년_딸기(설향),2024-09-07,2025-05-25,68,261,0.26053639846743293,early,"[60, 90)"
7386,PF_0021351,080400,5,2024-11-14,0,0,0,97.0,9.0,,,,18.0,,,0,True,7540,2024년_딸기(설향),2024-09-07,2025-05-25,68,261,0.26053639846743293,early,"[60, 90)"
7416,PF_0021351,080400,6,2024-11-14,5,0,0,80.0,11.0,,,,24.0,,,5,False,7540,2024년_딸기(설향),2024-09-07,2025-05-25,68,261,0.26053639846743293,early,"[60, 90)"
7446,PF_0021351,080400,7,2024-11-14,5,7,0,78.0,6.0,,,,19.5,,,12,False,7540,2024년_딸기(설향),2024-09-07,2025-05-25,68,261,0.26053639846743293,early,"[60, 90)"
7476,PF_0021351,080400,8,2024-11-14,9,0,0,74.0,8.0,,,,17.3,,,9,False,7540,2024년_딸기(설향),2024-09-07,2025-05-25,68,261,0.26053639846743293,early,"[60, 90)"
7506,PF_0021351,080400,9,2024-11-14,7,0,0,115.0,8.0,,,,23.2,,,7,False,7540,2024년_딸기(설향),2024-09-07,2025-05-25,68,261,0.26053639846743293,early,"[60, 90)"
7290,PF_0021351,080400,1,2024-11-22,7,0,0,101.0,11.0,,,,20.3,,,7,False,7540,2024년_딸기(설향),2024-09-07,2025-05-25,76,261,0.29118773946360155,early,"[60, 90)"
7327,PF_0021351,080400,3,2024-11-22,0,0,0,96.0,4.0,,,,12.2,,,0,True,7540,2024년_딸기(설향),2024-09-07,2025-05-25,76,261,0.29118773946360155,early,"[60, 90)"
7357,PF_0021351,080400,4,2024-11-22,0,0,0,99.0,6.0,,,,22.8,,,0,True,7540,2024년_딸기(설향),2024-09-07,2025-05-25,76,261,0.29118773946360155,early,"[60, 90)"
7387,PF_0021351,080400,5,2024-11-22,0,0,0,92.0,7.0,,,,18.9,,,0,True,7540,2024년_딸기(설향),2024-09-07,2025-05-25,76,261,0.29118773946360155,early,"[60, 90)"
7417,PF_0021351,080400,6,2024-11-22,7,0,0,80.0,4.0,,,,16.2,,,7,False,7540,2024년_딸기(설향),2024-09-07,2025-05-25,76,261,0.29118773946360155,early,"[60, 90)"
7447,PF_0021351,080400,7,2024-11-22,6,5,0,76.0,7.0,,,,16.5,,,11,False,7540,2024년_딸기(설향),2024-09-07,2025-05-25,76,261,0.29118773946360155,early,"[60, 90)"
7477,PF_0021351,080400,8,2024-11-22,9,0,0,72.0,6.0,,,,16.0,,,9,False,7540,2024년_딸기(설향),2024-09-07,2025-05-25,76,261,0.29118773946360155,early,"[60, 90)"
7507,PF_0021351,080400,9,2024-11-22,10,0,0,114.0,7.0,,,,20.9,,,10,False,7540,2024년_딸기(설향),2024-09-07,2025-05-25,76,261,0.29118773946360155,early,"[60, 90)"
7291,PF_0021351,080400,1,2024-11-29,6,0,0,83.0,12.0,,,,31.5,,,6,False,7540,2024년_딸기(설향),2024-09-07,2025-05-25,83,261,0.31800766283524906,early,"[60, 90)"
7328,PF_0021351,080400,3,2024-11-29,0,0,0,82.0,5.0,,,,17.1,,,0,True,7540,2024년_딸기(설향),2024-09-07,2025-05-25,83,261,0.31800766283524906,early,"[60, 90)"
7358,PF_0021351,080400,4,2024-11-29,0,0,0,94.0,7.0,,,,24.7,,,0,True,7540,2024년_딸기(설향),2024-09-07,2025-05-25,83,261,0.31800766283524906,early,"[60, 90)"
7388,PF_0021351,080400,5,2024-11-29,0,0,0,99.0,8.0,,,,23.8,,,0,True,7540,2024년_딸기(설향),2024-09-07,2025-05-25,83,261,0.31800766283524906,early,"[60, 90)"
7418,PF_0021351,080400,6,2024-11-29,9,0,0,87.0,7.0,,,,26.2,,,9,False,7540,2024년_딸기(설향),2024-09-07,2025-05-25,83,261,0.31800766283524906,early,"[60, 90)"
7448,PF_0021351,080400,7,2024-11-29,6,7,0,76.0,6.0,,,,16.7,,,13,False,7540,2024년_딸기(설향),2024-09-07,2025-05-25,83,261,0.31800766283524906,early,"[60, 90)"
7478,PF_0021351,080400,8,2024-11-29,9,0,0,74.0,6.0,,,,18.2,,,9,False,7540,2024년_딸기(설향),2024-09-07,2025-05-25,83,261,0.31800766283524906,early,"[60, 90)"
7508,PF_0021351,080400,9,2024-11-29,13,0,0,119.0,8.0,,,,20.5,,,13,False,7540,2024년_딸기(설향),2024-09-07,2025-05-25,83,261,0.31800766283524906,early,"[60, 90)"
7292,PF_0021351,080400,1,2024-12-05,4,0,0,81.0,10.0,,,,24.8,,,4,False,7540,2024년_딸기(설향),2024-09-07,2025-05-25,89,261,0.34099616858237547,middle,"[60, 90)"
7319,PF_0021351,080400,2,2024-12-05,0,0,0,0.0,0.0,,,,0.0,,,0,True,7540,2024년_딸기(설향),2024-09-07,2025-05-25,89,261,0.34099616858237547,middle,"[60, 90)"
7329,PF_0021351,080400,3,2024-12-05,0,0,0,80.0,6.0,,,,12.1,,,0,True,7540,2024년_딸기(설향),2024-09-07,2025-05-25,89,261,0.34099616858237547,middle,"[60, 90)"
7359,PF_0021351,080400,4,2024-12-05,0,0,0,100.0,9.0,,,,28.8,,,0,True,7540,2024년_딸기(설향),2024-09-07,2025-05-25,89,261,0.34099616858237547,middle,"[60, 90)"
7389,PF_0021351,080400,5,2024-12-05,0,0,0,98.0,8.0,,,,23.3,,,0,True,7540,2024년_딸기(설향),2024-09-07,2025-05-25,89,261,0.34099616858237547,middle,"[60, 90)"
7419,PF_0021351,080400,6,2024-12-05,9,0,0,85.0,7.0,,,,15.3,,,9,False,7540,2024년_딸기(설향),2024-09-07,2025-05-25,89,261,0.34099616858237547,middle,"[60, 90)"
7449,PF_0021351,080400,7,2024-12-05,0,7,0,71.0,5.0,,,,13.3,,,7,False,7540,2024년_딸기(설향),2024-09-07,2025-05-25,89,261,0.34099616858237547,middle,"[60, 90)"
7479,PF_0021351,080400,8,2024-12-05,7,0,0,71.0,5.0,,,,16.6,,,7,False,7540,2024년_딸기(설향),2024-09-07,2025-05-25,89,261,0.34099616858237547,middle,"[60, 90)"
7509,PF_0021351,080400,9,2024-12-05,14,0,0,115.0,8.0,,,,25.9,,,14,False,7540,2024년_딸기(설향),2024-09-07,2025-05-25,89,261,0.34099616858237547,middle,"[60, 90)"
7293,PF_0021351,080400,1,2024-12-12,5,0,0,90.0,13.0,,,,41.7,,,5,False,7540,2024년_딸기(설향),2024-09-07,2025-05-25,96,261,0.367816091954023,middle,"[90, 120)"
7330,PF_0021351,080400,3,2024-12-12,0,0,0,85.0,6.0,,,,21.3,,,0,True,7540,2024년_딸기(설향),2024-09-07,2025-05-25,96,261,0.367816091954023,middle,"[90, 120)"
7360,PF_0021351,080400,4,2024-12-12,4,0,0,95.0,10.0,,,,42.2,,,4,False,7540,2024년_딸기(설향),2024-09-07,2025-05-25,96,261,0.367816091954023,middle,"[90, 120)"
7390,PF_0021351,080400,5,2024-12-12,0,0,0,95.0,10.0,,,,26.4,,,0,True,7540,2024년_딸기(설향),2024-09-07,2025-05-25,96,261,0.367816091954023,middle,"[90, 120)"
7420,PF_0021351,080400,6,2024-12-12,8,0,0,87.0,9.0,,,,25.4,,,8,False,7540,2024년_딸기(설향),2024-09-07,2025-05-25,96,261,0.367816091954023,middle,"[90, 120)"
7450,PF_0021351,080400,7,2024-12-12,0,8,0,75.0,5.0,,,,15.2,,,8,False,7540,2024년_딸기(설향),2024-09-07,2025-05-25,96,261,0.367816091954023,middle,"[90, 120)"
7480,PF_0021351,080400,8,2024-12-12,9,1,0,75.0,8.0,,,,22.7,,,10,False,7540,2024년_딸기(설향),2024-09-07,2025-05-25,96,261,0.367816091954023,middle,"[90, 120)"
7510,PF_0021351,080400,9,2024-12-12,14,0,0,117.0,9.0,,,,22.8,,,14,False,7540,2024년_딸기(설향),2024-09-07,2025-05-25,96,261,0.367816091954023,middle,"[90, 120)"
7294,PF_0021351,080400,1,2024-12-19,0,0,0,75.0,8.0,,,,15.0,,,0,True,7540,2024년_딸기(설향),2024-09-07,2025-05-25,103,261,0.3946360153256705,middle,"[90, 120)"
7331,PF_0021351,080400,3,2024-12-19,1,0,0,85.0,7.0,,,,12.4,,,1,False,7540,2024년_딸기(설향),2024-09-07,2025-05-25,103,261,0.3946360153256705,middle,"[90, 120)"
7361,PF_0021351,080400,4,2024-12-19,9,0,0,101.0,8.0,,,,24.0,,,9,False,7540,2024년_딸기(설향),2024-09-07,2025-05-25,103,261,0.3946360153256705,middle,"[90, 120)"
7391,PF_0021351,080400,5,2024-12-19,0,0,0,102.0,7.0,,,,25.2,,,0,True,7540,2024년_딸기(설향),2024-09-07,2025-05-25,103,261,0.3946360153256705,middle,"[90, 120)"
7421,PF_0021351,080400,6,2024-12-19,5,0,0,85.0,8.0,,,,17.7,,,5,False,7540,2024년_딸기(설향),2024-09-07,2025-05-25,103,261,0.3946360153256705,middle,"[90, 120)"
7451,PF_0021351,080400,7,2024-12-19,0,6,0,71.0,5.0,,,,14.5,,,6,False,7540,2024년_딸기(설향),2024-09-07,2025-05-25,103,261,0.3946360153256705,middle,"[90, 120)"
7481,PF_0021351,080400,8,2024-12-19,7,0,0,74.0,7.0,,,,20.1,,,7,False,7540,2024년_딸기(설향),2024-09-07,2025-05-25,103,261,0.3946360153256705,middle,"[90, 120)"
7511,PF_0021351,080400,9,2024-12-19,15,0,0,161.0,9.0,,,,23.5,,,15,False,7540,2024년_딸기(설향),2024-09-07,2025-05-25,103,261,0.3946360153256705,middle,"[90, 120)"
7295,PF_0021351,080400,1,2024-12-26,0,0,0,82.0,15.0,,,,46.9,,,0,True,7540,2024년_딸기(설향),2024-09-07,2025-05-25,110,261,0.421455938697318,middle,"[90, 120)"
7332,PF_0021351,080400,3,2024-12-26,1,0,0,85.0,7.0,,,,25.5,,,1,False,7540,2024년_딸기(설향),2024-09-07,2025-05-25,110,261,0.421455938697318,middle,"[90, 120)"
7362,PF_0021351,080400,4,2024-12-26,9,0,0,94.0,9.0,,,,29.8,,,9,False,7540,2024년_딸기(설향),2024-09-07,2025-05-25,110,261,0.421455938697318,middle,"[90, 120)"
7392,PF_0021351,080400,5,2024-12-26,1,0,0,99.0,9.0,,,,29.6,,,1,False,7540,2024년_딸기(설향),2024-09-07,2025-05-25,110,261,0.421455938697318,middle,"[90, 120)"
7422,PF_0021351,080400,6,2024-12-26,5,1,0,91.0,9.0,,,,19.5,,,6,False,7540,2024년_딸기(설향),2024-09-07,2025-05-25,110,261,0.421455938697318,middle,"[90, 120)"
7452,PF_0021351,080400,7,2024-12-26,0,4,0,73.0,5.0,,,,19.1,,,4,False,7540,2024년_딸기(설향),2024-09-07,2025-05-25,110,261,0.421455938697318,middle,"[90, 120)"
7482,PF_0021351,080400,8,2024-12-26,3,0,0,72.0,6.0,,,,27.2,,,3,False,7540,2024년_딸기(설향),2024-09-07,2025-05-25,110,261,0.421455938697318,middle,"[90, 120)"
7512,PF_0021351,080400,9,2024-12-26,10,0,0,105.0,8.0,,,,24.1,,,10,False,7540,2024년_딸기(설향),2024-09-07,2025-05-25,110,261,0.421455938697318,middle,"[90, 120)"
7296,PF_0021351,080400,1,2025-01-03,0,0,0,81.0,9.0,,,,21.9,,,0,True,7540,2024년_딸기(설향),2024-09-07,2025-05-25,118,261,0.4521072796934866,middle,"[90, 120)"
7333,PF_0021351,080400,3,2025-01-03,3,0,0,83.0,7.0,,,,21.2,,,3,False,7540,2024년_딸기(설향),2024-09-07,2025-05-25,118,261,0.4521072796934866,middle,"[90, 120)"
7363,PF_0021351,080400,4,2025-01-03,10,1,0,99.0,10.0,,,,22.8,,,11,False,7540,2024년_딸기(설향),2024-09-07,2025-05-25,118,261,0.4521072796934866,middle,"[90, 120)"
7393,PF_0021351,080400,5,2025-01-03,3,0,0,104.0,10.0,,,,24.8,,,3,False,7540,2024년_딸기(설향),2024-09-07,2025-05-25,118,261,0.4521072796934866,middle,"[90, 120)"
7423,PF_0021351,080400,6,2025-01-03,0,5,0,100.0,8.0,,,,19.4,,,5,False,7540,2024년_딸기(설향),2024-09-07,2025-05-25,118,261,0.4521072796934866,middle,"[90, 120)"
7453,PF_0021351,080400,7,2025-01-03,0,3,0,72.0,6.0,,,,19.5,,,3,False,7540,2024년_딸기(설향),2024-09-07,2025-05-25,118,261,0.4521072796934866,middle,"[90, 120)"
7483,PF_0021351,080400,8,2025-01-03,5,0,0,62.0,7.0,,,,23.8,,,5,False,7540,2024년_딸기(설향),2024-09-07,2025-05-25,118,261,0.4521072796934866,middle,"[90, 120)"
7513,PF_0021351,080400,9,2025-01-03,9,0,0,109.0,9.0,,,,28.2,,,9,False,7540,2024년_딸기(설향),2024-09-07,2025-05-25,118,261,0.4521072796934866,middle,"[90, 120)"
7297,PF_0021351,080400,1,2025-01-10,0,1,0,82.0,13.0,,,,42.3,,,1,False,7540,2024년_딸기(설향),2024-09-07,2025-05-25,125,261,0.4789272030651341,middle,"[120, 150)"
7334,PF_0021351,080400,3,2025-01-10,5,0,0,75.0,8.0,,,,24.1,,,5,False,7540,2024년_딸기(설향),2024-09-07,2025-05-25,125,261,0.4789272030651341,middle,"[120, 150)"
7364,PF_0021351,080400,4,2025-01-10,16,2,0,96.0,11.0,,,,30.4,,,18,False,7540,2024년_딸기(설향),2024-09-07,2025-05-25,125,261,0.4789272030651341,middle,"[120, 150)"
7394,PF_0021351,080400,5,2025-01-10,6,0,0,101.0,12.0,,,,26.9,,,6,False,7540,2024년_딸기(설향),2024-09-07,2025-05-25,125,261,0.4789272030651341,middle,"[120, 150)"
7424,PF_0021351,080400,6,2025-01-10,0,2,2,96.0,9.0,,,,17.8,,,4,False,7540,2024년_딸기(설향),2024-09-07,2025-05-25,125,261,0.4789272030651341,middle,"[120, 150)"
7454,PF_0021351,080400,7,2025-01-10,0,2,3,72.0,5.0,,,,12.0,,,5,False,7540,2024년_딸기(설향),2024-09-07,2025-05-25,125,261,0.4789272030651341,middle,"[120, 150)"
7484,PF_0021351,080400,8,2025-01-10,6,0,0,63.0,8.0,,,,22.2,,,6,False,7540,2024년_딸기(설향),2024-09-07,2025-05-25,125,261,0.4789272030651341,middle,"[120, 150)"
7514,PF_0021351,080400,9,2025-01-10,6,0,0,114.0,9.0,,,,27.7,,,6,False,7540,2024년_딸기(설향),2024-09-07,2025-05-25,125,261,0.4789272030651341,middle,"[120, 150)"
7298,PF_0021351,080400,1,2025-01-19,0,2,0,70.0,10.0,,,,26.0,,,2,False,7540,2024년_딸기(설향),2024-09-07,2025-05-25,134,261,0.5134099616858238,middle,"[120, 150)"
7335,PF_0021351,080400,3,2025-01-19,7,0,0,68.0,6.0,,,,18.4,,,7,False,7540,2024년_딸기(설향),2024-09-07,2025-05-25,134,261,0.5134099616858238,middle,"[120, 150)"
7365,PF_0021351,080400,4,2025-01-19,14,4,0,95.0,8.0,,,,29.0,,,18,False,7540,2024년_딸기(설향),2024-09-07,2025-05-25,134,261,0.5134099616858238,middle,"[120, 150)"
7395,PF_0021351,080400,5,2025-01-19,13,0,0,100.0,12.0,,,,32.1,,,13,False,7540,2024년_딸기(설향),2024-09-07,2025-05-25,134,261,0.5134099616858238,middle,"[120, 150)"
7425,PF_0021351,080400,6,2025-01-19,0,1,6,90.0,9.0,,,,26.3,,,7,False,7540,2024년_딸기(설향),2024-09-07,2025-05-25,134,261,0.5134099616858238,middle,"[120, 150)"
7455,PF_0021351,080400,7,2025-01-19,0,0,5,73.0,6.0,,,,16.7,,,5,False,7540,2024년_딸기(설향),2024-09-07,2025-05-25,134,261,0.5134099616858238,middle,"[120, 150)"
7485,PF_0021351,080400,8,2025-01-19,7,0,1,68.0,10.0,,,,17.0,,,8,False,7540,2024년_딸기(설향),2024-09-07,2025-05-25,134,261,0.5134099616858238,middle,"[120, 150)"
7515,PF_0021351,080400,9,2025-01-19,6,1,0,105.0,10.0,,,,30.3,,,7,False,7540,2024년_딸기(설향),2024-09-07,2025-05-25,134,261,0.5134099616858238,middle,"[120, 150)"
7299,PF_0021351,080400,1,2025-01-26,0,4,0,85.0,8.0,,,,25.0,,,4,False,7540,2024년_딸기(설향),2024-09-07,2025-05-25,141,261,0.5402298850574713,middle,"[120, 150)"
7336,PF_0021351,080400,3,2025-01-26,11,2,0,65.0,7.0,,,,14.8,,,13,False,7540,2024년_딸기(설향),2024-09-07,2025-05-25,141,261,0.5402298850574713,middle,"[120, 150)"
7366,PF_0021351,080400,4,2025-01-26,15,11,0,100.0,11.0,,,,32.6,,,26,False,7540,2024년_딸기(설향),2024-09-07,2025-05-25,141,261,0.5402298850574713,middle,"[120, 150)"
7396,PF_0021351,080400,5,2025-01-26,11,3,0,100.0,11.0,,,,34.6,,,14,False,7540,2024년_딸기(설향),2024-09-07,2025-05-25,141,261,0.5402298850574713,middle,"[120, 150)"
7426,PF_0021351,080400,6,2025-01-26,0,0,10,83.0,9.0,,,,20.9,,,10,False,7540,2024년_딸기(설향),2024-09-07,2025-05-25,141,261,0.5402298850574713,middle,"[120, 150)"
7456,PF_0021351,080400,7,2025-01-26,0,0,7,70.0,6.0,,,,21.5,,,7,False,7540,2024년_딸기(설향),2024-09-07,2025-05-25,141,261,0.5402298850574713,middle,"[120, 150)"
7486,PF_0021351,080400,8,2025-01-26,7,0,2,67.0,10.0,,,,19.8,,,9,False,7540,2024년_딸기(설향),2024-09-07,2025-05-25,141,261,0.5402298850574713,middle,"[120, 150)"
7516,PF_0021351,080400,9,2025-01-26,2,2,0,104.0,9.0,,,,31.8,,,4,False,7540,2024년_딸기(설향),2024-09-07,2025-05-25,141,261,0.5402298850574713,middle,"[120, 150)"
7300,PF_0021351,080400,1,2025-02-09,5,0,0,72.0,13.0,,,,17.2,,,5,False,7540,2024년_딸기(설향),2024-09-07,2025-05-25,155,261,0.5938697318007663,middle,"[150, 180)"
7337,PF_0021351,080400,3,2025-02-09,4,2,0,48.0,5.0,,,,17.1,,,6,False,7540,2024년_딸기(설향),2024-09-07,2025-05-25,155,261,0.5938697318007663,middle,"[150, 180)"
7367,PF_0021351,080400,4,2025-02-09,0,5,0,70.0,7.0,,,,11.8,,,5,False,7540,2024년_딸기(설향),2024-09-07,2025-05-25,155,261,0.5938697318007663,middle,"[150, 180)"
7397,PF_0021351,080400,5,2025-02-09,15,0,0,88.0,12.0,,,,33.4,,,15,False,7540,2024년_딸기(설향),2024-09-07,2025-05-25,155,261,0.5938697318007663,middle,"[150, 180)"
7427,PF_0021351,080400,6,2025-02-09,0,0,6,82.0,8.0,,,,20.0,,,6,False,7540,2024년_딸기(설향),2024-09-07,2025-05-25,155,261,0.5938697318007663,middle,"[150, 180)"
7457,PF_0021351,080400,7,2025-02-09,0,0,11,68.0,10.0,,,,21.3,,,11,False,7540,2024년_딸기(설향),2024-09-07,2025-05-25,155,261,0.5938697318007663,middle,"[150, 180)"
7487,PF_0021351,080400,8,2025-02-09,6,0,5,63.0,8.0,,,,22.7,,,11,False,7540,2024년_딸기(설향),2024-09-07,2025-05-25,155,261,0.5938697318007663,middle,"[150, 180)"
7517,PF_0021351,080400,9,2025-02-09,1,7,0,105.0,13.0,,,,24.6,,,8,False,7540,2024년_딸기(설향),2024-09-07,2025-05-25,155,261,0.5938697318007663,middle,"[150, 180)"
7301,PF_0021351,080400,1,2025-02-14,0,10,0,83.0,12.0,,,,24.2,,,10,False,7540,2024년_딸기(설향),2024-09-07,2025-05-25,160,261,0.6130268199233716,middle,"[150, 180)"
7338,PF_0021351,080400,3,2025-02-14,4,3,1,65.0,6.0,,,,19.6,,,8,False,7540,2024년_딸기(설향),2024-09-07,2025-05-25,160,261,0.6130268199233716,middle,"[150, 180)"
7368,PF_0021351,080400,4,2025-02-14,0,4,0,71.0,8.0,,,,14.9,,,4,False,7540,2024년_딸기(설향),2024-09-07,2025-05-25,160,261,0.6130268199233716,middle,"[150, 180)"
7398,PF_0021351,080400,5,2025-02-14,21,0,0,102.0,16.0,,,,32.3,,,21,False,7540,2024년_딸기(설향),2024-09-07,2025-05-25,160,261,0.6130268199233716,middle,"[150, 180)"
7428,PF_0021351,080400,6,2025-02-14,0,0,6,78.0,10.0,,,,29.8,,,6,False,7540,2024년_딸기(설향),2024-09-07,2025-05-25,160,261,0.6130268199233716,middle,"[150, 180)"
7458,PF_0021351,080400,7,2025-02-14,0,0,4,70.0,8.0,,,,18.4,,,4,False,7540,2024년_딸기(설향),2024-09-07,2025-05-25,160,261,0.6130268199233716,middle,"[150, 180)"
7488,PF_0021351,080400,8,2025-02-14,0,0,10,58.0,8.0,,,,18.9,,,10,False,7540,2024년_딸기(설향),2024-09-07,2025-05-25,160,261,0.6130268199233716,middle,"[150, 180)"
7518,PF_0021351,080400,9,2025-02-14,0,4,0,102.0,11.0,,,,27.5,,,4,False,7540,2024년_딸기(설향),2024-09-07,2025-05-25,160,261,0.6130268199233716,middle,"[150, 180)"
7302,PF_0021351,080400,1,2025-02-22,0,6,4,71.0,9.0,,,,22.4,,,10,False,7540,2024년_딸기(설향),2024-09-07,2025-05-25,168,261,0.6436781609195402,middle,"[150, 180)"
7339,PF_0021351,080400,3,2025-02-22,2,3,3,50.0,6.0,,,,17.8,,,8,False,7540,2024년_딸기(설향),2024-09-07,2025-05-25,168,261,0.6436781609195402,middle,"[150, 180)"
7369,PF_0021351,080400,4,2025-02-22,0,3,1,85.0,8.0,,,,19.5,,,4,False,7540,2024년_딸기(설향),2024-09-07,2025-05-25,168,261,0.6436781609195402,middle,"[150, 180)"
7399,PF_0021351,080400,5,2025-02-22,5,0,7,102.0,17.0,,,,47.6,,,12,False,7540,2024년_딸기(설향),2024-09-07,2025-05-25,168,261,0.6436781609195402,middle,"[150, 180)"
7429,PF_0021351,080400,6,2025-02-22,0,0,4,82.0,9.0,,,,21.6,,,4,False,7540,2024년_딸기(설향),2024-09-07,2025-05-25,168,261,0.6436781609195402,middle,"[150, 180)"
7459,PF_0021351,080400,7,2025-02-22,0,0,3,72.0,8.0,,,,12.0,,,3,False,7540,2024년_딸기(설향),2024-09-07,2025-05-25,168,261,0.6436781609195402,middle,"[150, 180)"
7489,PF_0021351,080400,8,2025-02-22,0,0,2,67.0,8.0,,,,20.4,,,2,False,7540,2024년_딸기(설향),2024-09-07,2025-05-25,168,261,0.6436781609195402,middle,"[150, 180)"
7519,PF_0021351,080400,9,2025-02-22,0,4,1,106.0,10.0,,,,33.1,,,5,False,7540,2024년_딸기(설향),2024-09-07,2025-05-25,168,261,0.6436781609195402,middle,"[150, 180)"
7303,PF_0021351,080400,1,2025-02-25,0,5,6,77.0,10.0,,,,23.3,,,11,False,7540,2024년_딸기(설향),2024-09-07,2025-05-25,171,261,0.6551724137931034,middle,"[150, 180)"
7340,PF_0021351,080400,3,2025-02-25,0,3,3,57.0,6.0,,,,18.7,,,6,False,7540,2024년_딸기(설향),2024-09-07,2025-05-25,171,261,0.6551724137931034,middle,"[150, 180)"
7370,PF_0021351,080400,4,2025-02-25,0,2,2,78.0,8.0,,,,17.2,,,4,False,7540,2024년_딸기(설향),2024-09-07,2025-05-25,171,261,0.6551724137931034,middle,"[150, 180)"
7400,PF_0021351,080400,5,2025-02-25,6,0,5,102.0,16.0,,,,39.0,,,11,False,7540,2024년_딸기(설향),2024-09-07,2025-05-25,171,261,0.6551724137931034,middle,"[150, 180)"
7430,PF_0021351,080400,6,2025-02-25,0,0,4,80.0,9.0,,,,25.7,,,4,False,7540,2024년_딸기(설향),2024-09-07,2025-05-25,171,261,0.6551724137931034,middle,"[150, 180)"
7460,PF_0021351,080400,7,2025-02-25,0,0,2,71.0,8.0,,,,15.2,,,2,False,7540,2024년_딸기(설향),2024-09-07,2025-05-25,171,261,0.6551724137931034,middle,"[150, 180)"
7490,PF_0021351,080400,8,2025-02-25,0,0,2,62.0,8.0,,,,19.6,,,2,False,7540,2024년_딸기(설향),2024-09-07,2025-05-25,171,261,0.6551724137931034,middle,"[150, 180)"
7520,PF_0021351,080400,9,2025-02-25,0,0,4,104.0,10.0,,,,30.3,,,4,False,7540,2024년_딸기(설향),2024-09-07,2025-05-25,171,261,0.6551724137931034,middle,"[150, 180)"
7304,PF_0021351,080400,1,2025-03-05,0,5,6,78.0,10.0,,,,23.1,,,11,False,7540,2024년_딸기(설향),2024-09-07,2025-05-25,179,261,0.685823754789272,late,"[150, 180)"
7341,PF_0021351,080400,3,2025-03-05,0,0,8,59.0,7.0,,,,19.0,,,8,False,7540,2024년_딸기(설향),2024-09-07,2025-05-25,179,261,0.685823754789272,late,"[150, 180)"
7371,PF_0021351,080400,4,2025-03-05,0,0,10,80.0,8.0,,,,18.1,,,10,False,7540,2024년_딸기(설향),2024-09-07,2025-05-25,179,261,0.685823754789272,late,"[150, 180)"
7401,PF_0021351,080400,5,2025-03-05,0,0,2,102.0,16.0,,,,37.8,,,2,False,7540,2024년_딸기(설향),2024-09-07,2025-05-25,179,261,0.685823754789272,late,"[150, 180)"
7431,PF_0021351,080400,6,2025-03-05,0,0,0,82.0,10.0,,,,25.4,,,0,True,7540,2024년_딸기(설향),2024-09-07,2025-05-25,179,261,0.685823754789272,late,"[150, 180)"
7461,PF_0021351,080400,7,2025-03-05,0,0,1,72.0,9.0,,,,15.4,,,1,False,7540,2024년_딸기(설향),2024-09-07,2025-05-25,179,261,0.685823754789272,late,"[150, 180)"
7491,PF_0021351,080400,8,2025-03-05,0,0,0,64.0,8.0,,,,20.1,,,0,True,7540,2024년_딸기(설향),2024-09-07,2025-05-25,179,261,0.685823754789272,late,"[150, 180)"
7521,PF_0021351,080400,9,2025-03-05,0,0,4,102.0,9.0,,,,30.5,,,4,False,7540,2024년_딸기(설향),2024-09-07,2025-05-25,179,261,0.685823754789272,late,"[150, 180)"
7305,PF_0021351,080400,1,2025-03-12,0,0,3,78.0,9.0,,,,22.9,,,3,False,7540,2024년_딸기(설향),2024-09-07,2025-05-25,186,261,0.7126436781609196,late,"[180, 210)"
7342,PF_0021351,080400,3,2025-03-12,0,0,2,60.0,8.0,,,,18.4,,,2,False,7540,2024년_딸기(설향),2024-09-07,2025-05-25,186,261,0.7126436781609196,late,"[180, 210)"
7372,PF_0021351,080400,4,2025-03-12,0,0,6,81.0,7.0,,,,18.9,,,6,False,7540,2024년_딸기(설향),2024-09-07,2025-05-25,186,261,0.7126436781609196,late,"[180, 210)"
7402,PF_0021351,080400,5,2025-03-12,0,0,4,103.0,15.0,,,,36.5,,,4,False,7540,2024년_딸기(설향),2024-09-07,2025-05-25,186,261,0.7126436781609196,late,"[180, 210)"
7432,PF_0021351,080400,6,2025-03-12,0,0,0,81.0,9.0,,,,24.1,,,0,True,7540,2024년_딸기(설향),2024-09-07,2025-05-25,186,261,0.7126436781609196,late,"[180, 210)"
7462,PF_0021351,080400,7,2025-03-12,0,0,0,73.0,10.0,,,,16.1,,,0,True,7540,2024년_딸기(설향),2024-09-07,2025-05-25,186,261,0.7126436781609196,late,"[180, 210)"
7492,PF_0021351,080400,8,2025-03-12,0,0,0,62.0,9.0,,,,21.0,,,0,True,7540,2024년_딸기(설향),2024-09-07,2025-05-25,186,261,0.7126436781609196,late,"[180, 210)"
7522,PF_0021351,080400,9,2025-03-12,0,0,2,105.0,10.0,,,,31.0,,,2,False,7540,2024년_딸기(설향),2024-09-07,2025-05-25,186,261,0.7126436781609196,late,"[180, 210)"
7306,PF_0021351,080400,1,2025-03-18,0,0,6,95.0,9.0,,,,23.0,,,6,False,7540,2024년_딸기(설향),2024-09-07,2025-05-25,192,261,0.735632183908046,late,"[180, 210)"
7343,PF_0021351,080400,3,2025-03-18,0,0,0,43.0,8.0,,,,18.6,,,0,True,7540,2024년_딸기(설향),2024-09-07,2025-05-25,192,261,0.735632183908046,late,"[180, 210)"
7373,PF_0021351,080400,4,2025-03-18,0,0,0,93.0,7.0,,,,19.4,,,0,True,7540,2024년_딸기(설향),2024-09-07,2025-05-25,192,261,0.735632183908046,late,"[180, 210)"
7403,PF_0021351,080400,5,2025-03-18,0,0,9,98.0,15.0,,,,34.2,,,9,False,7540,2024년_딸기(설향),2024-09-07,2025-05-25,192,261,0.735632183908046,late,"[180, 210)"
7433,PF_0021351,080400,6,2025-03-18,0,0,0,80.0,9.0,,,,25.3,,,0,True,7540,2024년_딸기(설향),2024-09-07,2025-05-25,192,261,0.735632183908046,late,"[180, 210)"
7463,PF_0021351,080400,7,2025-03-18,0,0,0,92.0,10.0,,,,16.8,,,0,True,7540,2024년_딸기(설향),2024-09-07,2025-05-25,192,261,0.735632183908046,late,"[180, 210)"
7493,PF_0021351,080400,8,2025-03-18,0,0,0,74.0,9.0,,,,20.8,,,0,True,7540,2024년_딸기(설향),2024-09-07,2025-05-25,192,261,0.735632183908046,late,"[180, 210)"
7523,PF_0021351,080400,9,2025-03-18,0,0,0,101.0,10.0,,,,30.4,,,0,True,7540,2024년_딸기(설향),2024-09-07,2025-05-25,192,261,0.735632183908046,late,"[180, 210)"
7307,PF_0021351,080400,1,2025-03-27,0,0,0,97.0,10.0,,,,23.2,,,0,True,7540,2024년_딸기(설향),2024-09-07,2025-05-25,201,261,0.7701149425287356,late,"[180, 210)"
7344,PF_0021351,080400,3,2025-03-27,0,0,0,44.0,9.0,,,,18.8,,,0,True,7540,2024년_딸기(설향),2024-09-07,2025-05-25,201,261,0.7701149425287356,late,"[180, 210)"
7374,PF_0021351,080400,4,2025-03-27,0,0,0,95.0,8.0,,,,19.6,,,0,True,7540,2024년_딸기(설향),2024-09-07,2025-05-25,201,261,0.7701149425287356,late,"[180, 210)"
7404,PF_0021351,080400,5,2025-03-27,0,0,10,100.0,12.0,,,,34.3,,,10,False,7540,2024년_딸기(설향),2024-09-07,2025-05-25,201,261,0.7701149425287356,late,"[180, 210)"
7434,PF_0021351,080400,6,2025-03-27,0,0,10,81.0,10.0,,,,25.6,,,10,False,7540,2024년_딸기(설향),2024-09-07,2025-05-25,201,261,0.7701149425287356,late,"[180, 210)"
7464,PF_0021351,080400,7,2025-03-27,0,0,0,94.0,9.0,,,,17.2,,,0,True,7540,2024년_딸기(설향),2024-09-07,2025-05-25,201,261,0.7701149425287356,late,"[180, 210)"
7494,PF_0021351,080400,8,2025-03-27,0,0,0,75.0,10.0,,,,20.9,,,0,True,7540,2024년_딸기(설향),2024-09-07,2025-05-25,201,261,0.7701149425287356,late,"[180, 210)"
7524,PF_0021351,080400,9,2025-03-27,0,0,0,103.0,9.0,,,,30.6,,,0,True,7540,2024년_딸기(설향),2024-09-07,2025-05-25,201,261,0.7701149425287356,late,"[180, 210)"
7308,PF_0021351,080400,1,2025-04-02,0,0,0,99.0,11.0,,,,23.3,,,0,True,7540,2024년_딸기(설향),2024-09-07,2025-05-25,207,261,0.7931034482758621,late,"[180, 210)"
7345,PF_0021351,080400,3,2025-04-02,0,0,0,45.0,10.0,,,,19.1,,,0,True,7540,2024년_딸기(설향),2024-09-07,2025-05-25,207,261,0.7931034482758621,late,"[180, 210)"
7375,PF_0021351,080400,4,2025-04-02,0,0,0,93.0,9.0,,,,19.8,,,0,True,7540,2024년_딸기(설향),2024-09-07,2025-05-25,207,261,0.7931034482758621,late,"[180, 210)"
7405,PF_0021351,080400,5,2025-04-02,0,0,9,102.0,11.0,,,,34.6,,,9,False,7540,2024년_딸기(설향),2024-09-07,2025-05-25,207,261,0.7931034482758621,late,"[180, 210)"
7435,PF_0021351,080400,6,2025-04-02,0,0,0,82.0,10.0,,,,25.8,,,0,True,7540,2024년_딸기(설향),2024-09-07,2025-05-25,207,261,0.7931034482758621,late,"[180, 210)"
7465,PF_0021351,080400,7,2025-04-02,0,0,0,95.0,10.0,,,,17.7,,,0,True,7540,2024년_딸기(설향),2024-09-07,2025-05-25,207,261,0.7931034482758621,late,"[180, 210)"
7495,PF_0021351,080400,8,2025-04-02,0,0,0,74.0,11.0,,,,21.1,,,0,True,7540,2024년_딸기(설향),2024-09-07,2025-05-25,207,261,0.7931034482758621,late,"[180, 210)"
7525,PF_0021351,080400,9,2025-04-02,0,0,0,104.0,11.0,,,,30.9,,,0,True,7540,2024년_딸기(설향),2024-09-07,2025-05-25,207,261,0.7931034482758621,late,"[180, 210)"
7309,PF_0021351,080400,1,2025-04-09,0,0,0,100.0,11.0,,,,23.4,,,0,True,7540,2024년_딸기(설향),2024-09-07,2025-05-25,214,261,0.8199233716475096,late,"[210, 240)"
7346,PF_0021351,080400,3,2025-04-09,0,0,0,47.0,11.0,,,,19.0,,,0,True,7540,2024년_딸기(설향),2024-09-07,2025-05-25,214,261,0.8199233716475096,late,"[210, 240)"
7376,PF_0021351,080400,4,2025-04-09,0,0,0,95.0,10.0,,,,19.9,,,0,True,7540,2024년_딸기(설향),2024-09-07,2025-05-25,214,261,0.8199233716475096,late,"[210, 240)"
7406,PF_0021351,080400,5,2025-04-09,0,0,7,103.0,11.0,,,,34.7,,,7,False,7540,2024년_딸기(설향),2024-09-07,2025-05-25,214,261,0.8199233716475096,late,"[210, 240)"
7436,PF_0021351,080400,6,2025-04-09,0,0,0,84.0,11.0,,,,26.0,,,0,True,7540,2024년_딸기(설향),2024-09-07,2025-05-25,214,261,0.8199233716475096,late,"[210, 240)"
7466,PF_0021351,080400,7,2025-04-09,0,0,0,93.0,10.0,,,,17.8,,,0,True,7540,2024년_딸기(설향),2024-09-07,2025-05-25,214,261,0.8199233716475096,late,"[210, 240)"
7496,PF_0021351,080400,8,2025-04-09,0,0,0,75.0,12.0,,,,21.0,,,0,True,7540,2024년_딸기(설향),2024-09-07,2025-05-25,214,261,0.8199233716475096,late,"[210, 240)"
7526,PF_0021351,080400,9,2025-04-09,0,0,0,105.0,11.0,,,,31.0,,,0,True,7540,2024년_딸기(설향),2024-09-07,2025-05-25,214,261,0.8199233716475096,late,"[210, 240)"
7310,PF_0021351,080400,1,2025-04-18,0,0,0,102.0,10.0,,,,23.5,,,0,True,7540,2024년_딸기(설향),2024-09-07,2025-05-25,223,261,0.8544061302681992,late,"[210, 240)"
7347,PF_0021351,080400,3,2025-04-18,0,0,0,49.0,10.0,,,,19.3,,,0,True,7540,2024년_딸기(설향),2024-09-07,2025-05-25,223,261,0.8544061302681992,late,"[210, 240)"
7377,PF_0021351,080400,4,2025-04-18,0,0,0,97.0,10.0,,,,20.2,,,0,True,7540,2024년_딸기(설향),2024-09-07,2025-05-25,223,261,0.8544061302681992,late,"[210, 240)"
7407,PF_0021351,080400,5,2025-04-18,0,0,0,106.0,10.0,,,,34.9,,,0,True,7540,2024년_딸기(설향),2024-09-07,2025-05-25,223,261,0.8544061302681992,late,"[210, 240)"
7437,PF_0021351,080400,6,2025-04-18,0,0,0,86.0,10.0,,,,26.1,,,0,True,7540,2024년_딸기(설향),2024-09-07,2025-05-25,223,261,0.8544061302681992,late,"[210, 240)"
7467,PF_0021351,080400,7,2025-04-18,0,0,0,96.0,9.0,,,,17.9,,,0,True,7540,2024년_딸기(설향),2024-09-07,2025-05-25,223,261,0.8544061302681992,late,"[210, 240)"
7497,PF_0021351,080400,8,2025-04-18,0,0,0,77.0,11.0,,,,21.3,,,0,True,7540,2024년_딸기(설향),2024-09-07,2025-05-25,223,261,0.8544061302681992,late,"[210, 240)"
7527,PF_0021351,080400,9,2025-04-18,0,0,0,107.0,10.0,,,,31.2,,,0,True,7540,2024년_딸기(설향),2024-09-07,2025-05-25,223,261,0.8544061302681992,late,"[210, 240)"
7311,PF_0021351,080400,1,2025-04-25,0,0,0,92.0,9.0,,,,23.5,,,0,True,7540,2024년_딸기(설향),2024-09-07,2025-05-25,230,261,0.8812260536398467,late,"[210, 240)"
7348,PF_0021351,080400,3,2025-04-25,0,0,0,103.0,10.0,,,,20.4,,,0,True,7540,2024년_딸기(설향),2024-09-07,2025-05-25,230,261,0.8812260536398467,late,"[210, 240)"
7378,PF_0021351,080400,4,2025-04-25,0,0,0,95.0,9.0,,,,19.4,,,0,True,7540,2024년_딸기(설향),2024-09-07,2025-05-25,230,261,0.8812260536398467,late,"[210, 240)"
7408,PF_0021351,080400,5,2025-04-25,0,0,0,95.0,9.0,,,,35.7,,,0,True,7540,2024년_딸기(설향),2024-09-07,2025-05-25,230,261,0.8812260536398467,late,"[210, 240)"
7438,PF_0021351,080400,6,2025-04-25,0,0,0,101.0,10.0,,,,26.8,,,0,True,7540,2024년_딸기(설향),2024-09-07,2025-05-25,230,261,0.8812260536398467,late,"[210, 240)"
7468,PF_0021351,080400,7,2025-04-25,0,0,0,103.0,10.0,,,,18.3,,,0,True,7540,2024년_딸기(설향),2024-09-07,2025-05-25,230,261,0.8812260536398467,late,"[210, 240)"
7498,PF_0021351,080400,8,2025-04-25,0,0,0,102.0,12.0,,,,23.1,,,0,True,7540,2024년_딸기(설향),2024-09-07,2025-05-25,230,261,0.8812260536398467,late,"[210, 240)"
7528,PF_0021351,080400,9,2025-04-25,0,0,0,117.0,11.0,,,,31.5,,,0,True,7540,2024년_딸기(설향),2024-09-07,2025-05-25,230,261,0.8812260536398467,late,"[210, 240)"
7312,PF_0021351,080400,1,2025-04-29,0,0,0,90.0,10.0,,,,24.1,,,0,True,7540,2024년_딸기(설향),2024-09-07,2025-05-25,234,261,0.896551724137931,late,"[210, 240)"
7349,PF_0021351,080400,3,2025-04-29,0,0,0,101.0,9.0,,,,20.1,,,0,True,7540,2024년_딸기(설향),2024-09-07,2025-05-25,234,261,0.896551724137931,late,"[210, 240)"
7379,PF_0021351,080400,4,2025-04-29,0,0,0,90.0,10.0,,,,20.1,,,0,True,7540,2024년_딸기(설향),2024-09-07,2025-05-25,234,261,0.896551724137931,late,"[210, 240)"
7409,PF_0021351,080400,5,2025-04-29,0,0,0,95.0,10.0,,,,36.3,,,0,True,7540,2024년_딸기(설향),2024-09-07,2025-05-25,234,261,0.896551724137931,late,"[210, 240)"
7439,PF_0021351,080400,6,2025-04-29,0,0,0,100.0,11.0,,,,27.1,,,0,True,7540,2024년_딸기(설향),2024-09-07,2025-05-25,234,261,0.896551724137931,late,"[210, 240)"
7469,PF_0021351,080400,7,2025-04-29,0,0,0,101.0,11.0,,,,19.7,,,0,True,7540,2024년_딸기(설향),2024-09-07,2025-05-25,234,261,0.896551724137931,late,"[210, 240)"
7499,PF_0021351,080400,8,2025-04-29,0,0,0,91.0,13.0,,,,24.8,,,0,True,7540,2024년_딸기(설향),2024-09-07,2025-05-25,234,261,0.896551724137931,late,"[210, 240)"
7529,PF_0021351,080400,9,2025-04-29,0,0,0,142.0,12.0,,,,32.4,,,0,True,7540,2024년_딸기(설향),2024-09-07,2025-05-25,234,261,0.896551724137931,late,"[210, 240)"
27583,PF_0021351,080400,1,2025-12-08,6,4,1,93.0,8.0,,,,11.4,,,11,False,9028,2025년_딸기(설향),2025-09-10,2026-05-31,89,264,0.3371212121212121,middle,"[60, 90)"
27584,PF_0021351,080400,1,2025-12-15,5,4,2,88.0,7.0,,,,12.0,,,11,False,9028,2025년_딸기(설향),2025-09-10,2026-05-31,96,264,0.36363636363636365,middle,"[90, 120)"
27585,PF_0021351,080400,1,2025-12-22,6,6,4,94.0,7.0,,,,12.0,,,16,False,9028,2025년_딸기(설향),2025-09-10,2026-05-31,103,264,0.39015151515151514,middle,"[90, 120)"
27586,PF_0021351,080400,1,2025-12-29,2,3,2,90.0,4.0,,,,10.7,,,7,False,9028,2025년_딸기(설향),2025-09-10,2026-05-31,110,264,0.4166666666666667,middle,"[90, 120)"
27587,PF_0021351,080400,1,2026-01-05,1,2,2,75.0,5.0,,,,10.7,,,5,False,9028,2025년_딸기(설향),2025-09-10,2026-05-31,117,264,0.4431818181818182,middle,"[90, 120)"
27588,PF_0021351,080400,1,2026-01-12,1,2,2,75.0,5.0,,,,10.7,,,5,False,9028,2025년_딸기(설향),2025-09-10,2026-05-31,124,264,0.4696969696969697,middle,"[120, 150)"
27595,PF_0021351,080400,1,2026-03-04,0,0,0,50.0,8.0,,,,15.4,,,0,True,9028,2025년_딸기(설향),2025-09-10,2026-05-31,175,264,0.6628787878787878,middle,"[150, 180)"
27623,PF_0021351,080400,2,2026-03-04,0,0,6,43.0,8.0,,,,13.9,,,6,False,9028,2025년_딸기(설향),2025-09-10,2026-05-31,175,264,0.6628787878787878,middle,"[150, 180)"
27647,PF_0021351,080400,3,2026-03-04,0,0,2,61.0,13.0,,,,15.8,,,2,False,9028,2025년_딸기(설향),2025-09-10,2026-05-31,175,264,0.6628787878787878,middle,"[150, 180)"
27675,PF_0021351,080400,4,2026-03-04,0,0,3,55.0,10.0,,,,13.3,,,3,False,9028,2025년_딸기(설향),2025-09-10,2026-05-31,175,264,0.6628787878787878,middle,"[150, 180)"
27702,PF_0021351,080400,5,2026-03-04,0,0,4,61.0,8.0,,,,10.8,,,4,False,9028,2025년_딸기(설향),2025-09-10,2026-05-31,175,264,0.6628787878787878,middle,"[150, 180)"
27786,PF_0021351,080400,8,2026-03-04,0,1,3,75.0,14.0,,,,18.0,,,4,False,9028,2025년_딸기(설향),2025-09-10,2026-05-31,175,264,0.6628787878787878,middle,"[150, 180)"
27814,PF_0021351,080400,9,2026-03-04,0,2,1,37.0,8.0,,,,7.8,,,3,False,9028,2025년_딸기(설향),2025-09-10,2026-05-31,175,264,0.6628787878787878,middle,"[150, 180)"
27597,PF_0021351,080400,1,2026-03-11,0,0,0,50.0,8.0,,,,15.4,,,0,True,9028,2025년_딸기(설향),2025-09-10,2026-05-31,182,264,0.6893939393939394,late,"[180, 210)"
27625,PF_0021351,080400,2,2026-03-11,0,0,1,43.0,7.0,,,,13.9,,,1,False,9028,2025년_딸기(설향),2025-09-10,2026-05-31,182,264,0.6893939393939394,late,"[180, 210)"
27648,PF_0021351,080400,3,2026-03-11,0,0,0,60.0,11.0,,,,15.8,,,0,True,9028,2025년_딸기(설향),2025-09-10,2026-05-31,182,264,0.6893939393939394,late,"[180, 210)"
27676,PF_0021351,080400,4,2026-03-11,0,0,1,57.0,7.0,,,,13.3,,,1,False,9028,2025년_딸기(설향),2025-09-10,2026-05-31,182,264,0.6893939393939394,late,"[180, 210)"
27704,PF_0021351,080400,5,2026-03-11,0,0,1,61.0,6.0,,,,10.8,,,1,False,9028,2025년_딸기(설향),2025-09-10,2026-05-31,182,264,0.6893939393939394,late,"[180, 210)"
27788,PF_0021351,080400,8,2026-03-11,0,0,3,67.0,11.0,,,,18.0,,,3,False,9028,2025년_딸기(설향),2025-09-10,2026-05-31,182,264,0.6893939393939394,late,"[180, 210)"
27598,PF_0021351,080400,1,2026-03-18,0,0,0,57.0,9.0,,,,15.4,,,0,True,9028,2025년_딸기(설향),2025-09-10,2026-05-31,189,264,0.7159090909090909,late,"[180, 210)"
27626,PF_0021351,080400,2,2026-03-18,0,0,0,43.0,7.0,,,,13.9,,,0,True,9028,2025년_딸기(설향),2025-09-10,2026-05-31,189,264,0.7159090909090909,late,"[180, 210)"
27649,PF_0021351,080400,3,2026-03-18,0,0,0,45.0,12.0,,,,15.8,,,0,True,9028,2025년_딸기(설향),2025-09-10,2026-05-31,189,264,0.7159090909090909,late,"[180, 210)"
27677,PF_0021351,080400,4,2026-03-18,0,0,0,60.0,7.0,,,,13.3,,,0,True,9028,2025년_딸기(설향),2025-09-10,2026-05-31,189,264,0.7159090909090909,late,"[180, 210)"
27705,PF_0021351,080400,5,2026-03-18,0,0,1,60.0,7.0,,,,10.8,,,1,False,9028,2025년_딸기(설향),2025-09-10,2026-05-31,189,264,0.7159090909090909,late,"[180, 210)"
27733,PF_0021351,080400,6,2026-03-18,0,1,1,62.0,12.0,,,,13.8,,,2,False,9028,2025년_딸기(설향),2025-09-10,2026-05-31,189,264,0.7159090909090909,late,"[180, 210)"
27789,PF_0021351,080400,8,2026-03-18,0,0,3,65.0,12.0,,,,18.0,,,3,False,9028,2025년_딸기(설향),2025-09-10,2026-05-31,189,264,0.7159090909090909,late,"[180, 210)"
27599,PF_0021351,080400,1,2026-03-25,0,0,0,57.0,10.0,,,,15.4,,,0,True,9028,2025년_딸기(설향),2025-09-10,2026-05-31,196,264,0.7424242424242424,late,"[180, 210)"
27627,PF_0021351,080400,2,2026-03-25,0,0,0,43.0,7.0,,,,13.9,,,0,True,9028,2025년_딸기(설향),2025-09-10,2026-05-31,196,264,0.7424242424242424,late,"[180, 210)"
27650,PF_0021351,080400,3,2026-03-25,0,0,0,45.0,12.0,,,,15.8,,,0,True,9028,2025년_딸기(설향),2025-09-10,2026-05-31,196,264,0.7424242424242424,late,"[180, 210)"
27678,PF_0021351,080400,4,2026-03-25,0,0,0,57.0,7.0,,,,13.3,,,0,True,9028,2025년_딸기(설향),2025-09-10,2026-05-31,196,264,0.7424242424242424,late,"[180, 210)"
27706,PF_0021351,080400,5,2026-03-25,0,0,0,62.0,7.0,,,,10.8,,,0,True,9028,2025년_딸기(설향),2025-09-10,2026-05-31,196,264,0.7424242424242424,late,"[180, 210)"
27734,PF_0021351,080400,6,2026-03-25,0,1,2,65.0,15.0,,,,13.8,,,3,False,9028,2025년_딸기(설향),2025-09-10,2026-05-31,196,264,0.7424242424242424,late,"[180, 210)"
27790,PF_0021351,080400,8,2026-03-25,0,0,3,67.0,13.0,,,,18.0,,,3,False,9028,2025년_딸기(설향),2025-09-10,2026-05-31,196,264,0.7424242424242424,late,"[180, 210)"
27600,PF_0021351,080400,1,2026-04-01,0,0,0,60.0,10.0,,,,15.8,,,0,True,9028,2025년_딸기(설향),2025-09-10,2026-05-31,203,264,0.7689393939393939,late,"[180, 210)"
27628,PF_0021351,080400,2,2026-04-01,0,0,0,43.0,7.0,,,,13.9,,,0,True,9028,2025년_딸기(설향),2025-09-10,2026-05-31,203,264,0.7689393939393939,late,"[180, 210)"
27651,PF_0021351,080400,3,2026-04-01,0,0,0,47.0,12.0,,,,15.8,,,0,True,9028,2025년_딸기(설향),2025-09-10,2026-05-31,203,264,0.7689393939393939,late,"[180, 210)"
27679,PF_0021351,080400,4,2026-04-01,0,0,0,60.0,8.0,,,,13.3,,,0,True,9028,2025년_딸기(설향),2025-09-10,2026-05-31,203,264,0.7689393939393939,late,"[180, 210)"
27707,PF_0021351,080400,5,2026-04-01,0,0,0,60.0,8.0,,,,10.8,,,0,True,9028,2025년_딸기(설향),2025-09-10,2026-05-31,203,264,0.7689393939393939,late,"[180, 210)"
27735,PF_0021351,080400,6,2026-04-01,0,0,3,65.0,15.0,,,,14.3,,,3,False,9028,2025년_딸기(설향),2025-09-10,2026-05-31,203,264,0.7689393939393939,late,"[180, 210)"
27763,PF_0021351,080400,7,2026-04-01,1,9,1,83.0,9.0,,,,13.7,,,11,False,9028,2025년_딸기(설향),2025-09-10,2026-05-31,203,264,0.7689393939393939,late,"[180, 210)"
27791,PF_0021351,080400,8,2026-04-01,0,0,2,70.0,15.0,,,,18.0,,,2,False,9028,2025년_딸기(설향),2025-09-10,2026-05-31,203,264,0.7689393939393939,late,"[180, 210)"
27601,PF_0021351,080400,1,2026-04-08,0,0,0,74.0,11.0,,,,15.8,,,0,True,9028,2025년_딸기(설향),2025-09-10,2026-05-31,210,264,0.7954545454545454,late,"[210, 240)"
27629,PF_0021351,080400,2,2026-04-08,0,0,0,43.0,7.0,,,,13.9,,,0,True,9028,2025년_딸기(설향),2025-09-10,2026-05-31,210,264,0.7954545454545454,late,"[210, 240)"
27652,PF_0021351,080400,3,2026-04-08,0,0,0,47.0,12.0,,,,15.8,,,0,True,9028,2025년_딸기(설향),2025-09-10,2026-05-31,210,264,0.7954545454545454,late,"[210, 240)"
27680,PF_0021351,080400,4,2026-04-08,0,0,0,60.0,8.0,,,,13.3,,,0,True,9028,2025년_딸기(설향),2025-09-10,2026-05-31,210,264,0.7954545454545454,late,"[210, 240)"
27708,PF_0021351,080400,5,2026-04-08,0,0,0,60.0,8.0,,,,11.5,,,0,True,9028,2025년_딸기(설향),2025-09-10,2026-05-31,210,264,0.7954545454545454,late,"[210, 240)"
27736,PF_0021351,080400,6,2026-04-08,0,0,3,67.0,12.0,,,,15.2,,,3,False,9028,2025년_딸기(설향),2025-09-10,2026-05-31,210,264,0.7954545454545454,late,"[210, 240)"
27764,PF_0021351,080400,7,2026-04-08,0,9,3,75.0,13.0,,,,13.7,,,12,False,9028,2025년_딸기(설향),2025-09-10,2026-05-31,210,264,0.7954545454545454,late,"[210, 240)"
27792,PF_0021351,080400,8,2026-04-08,0,0,0,70.0,17.0,,,,18.0,,,0,True,9028,2025년_딸기(설향),2025-09-10,2026-05-31,210,264,0.7954545454545454,late,"[210, 240)"
27602,PF_0021351,080400,1,2026-04-15,0,0,0,80.0,12.0,,,,16.1,,,0,True,9028,2025년_딸기(설향),2025-09-10,2026-05-31,217,264,0.821969696969697,late,"[210, 240)"
27630,PF_0021351,080400,2,2026-04-15,0,0,0,43.0,7.0,,,,13.9,,,0,True,9028,2025년_딸기(설향),2025-09-10,2026-05-31,217,264,0.821969696969697,late,"[210, 240)"
27653,PF_0021351,080400,3,2026-04-15,0,0,0,58.0,13.0,,,,16.7,,,0,True,9028,2025년_딸기(설향),2025-09-10,2026-05-31,217,264,0.821969696969697,late,"[210, 240)"
27681,PF_0021351,080400,4,2026-04-15,0,0,0,45.0,9.0,,,,13.3,,,0,True,9028,2025년_딸기(설향),2025-09-10,2026-05-31,217,264,0.821969696969697,late,"[210, 240)"
27709,PF_0021351,080400,5,2026-04-15,0,0,0,72.0,9.0,,,,12.8,,,0,True,9028,2025년_딸기(설향),2025-09-10,2026-05-31,217,264,0.821969696969697,late,"[210, 240)"
27737,PF_0021351,080400,6,2026-04-15,0,0,4,66.0,13.0,,,,15.2,,,4,False,9028,2025년_딸기(설향),2025-09-10,2026-05-31,217,264,0.821969696969697,late,"[210, 240)"
27765,PF_0021351,080400,7,2026-04-15,0,9,6,75.0,11.0,,,,13.7,,,15,False,9028,2025년_딸기(설향),2025-09-10,2026-05-31,217,264,0.821969696969697,late,"[210, 240)"
27793,PF_0021351,080400,8,2026-04-15,0,0,0,70.0,19.0,,,,18.0,,,0,True,9028,2025년_딸기(설향),2025-09-10,2026-05-31,217,264,0.821969696969697,late,"[210, 240)"
27603,PF_0021351,080400,1,2026-04-22,0,0,0,85.0,11.0,,,,16.1,,,0,True,9028,2025년_딸기(설향),2025-09-10,2026-05-31,224,264,0.8484848484848485,late,"[210, 240)"
27654,PF_0021351,080400,3,2026-04-22,0,0,0,57.0,16.0,,,,16.7,,,0,True,9028,2025년_딸기(설향),2025-09-10,2026-05-31,224,264,0.8484848484848485,late,"[210, 240)"
27682,PF_0021351,080400,4,2026-04-22,0,0,0,53.0,10.0,,,,13.3,,,0,True,9028,2025년_딸기(설향),2025-09-10,2026-05-31,224,264,0.8484848484848485,late,"[210, 240)"
27710,PF_0021351,080400,5,2026-04-22,0,0,0,73.0,9.0,,,,12.8,,,0,True,9028,2025년_딸기(설향),2025-09-10,2026-05-31,224,264,0.8484848484848485,late,"[210, 240)"
27738,PF_0021351,080400,6,2026-04-22,0,0,4,67.0,13.0,,,,15.2,,,4,False,9028,2025년_딸기(설향),2025-09-10,2026-05-31,224,264,0.8484848484848485,late,"[210, 240)"
27766,PF_0021351,080400,7,2026-04-22,0,6,9,72.0,12.0,,,,14.1,,,15,False,9028,2025년_딸기(설향),2025-09-10,2026-05-31,224,264,0.8484848484848485,late,"[210, 240)"
27794,PF_0021351,080400,8,2026-04-22,0,0,0,93.0,19.0,,,,18.0,,,0,True,9028,2025년_딸기(설향),2025-09-10,2026-05-31,224,264,0.8484848484848485,late,"[210, 240)"
27604,PF_0021351,080400,1,2026-04-29,0,0,0,80.0,11.0,,,,16.1,,,0,True,9028,2025년_딸기(설향),2025-09-10,2026-05-31,231,264,0.875,late,"[210, 240)"
27655,PF_0021351,080400,3,2026-04-29,0,0,0,58.0,17.0,,,,16.7,,,0,True,9028,2025년_딸기(설향),2025-09-10,2026-05-31,231,264,0.875,late,"[210, 240)"
27683,PF_0021351,080400,4,2026-04-29,0,0,0,50.0,10.0,,,,13.3,,,0,True,9028,2025년_딸기(설향),2025-09-10,2026-05-31,231,264,0.875,late,"[210, 240)"
27711,PF_0021351,080400,5,2026-04-29,0,0,0,75.0,8.0,,,,13.3,,,0,True,9028,2025년_딸기(설향),2025-09-10,2026-05-31,231,264,0.875,late,"[210, 240)"
27739,PF_0021351,080400,6,2026-04-29,0,0,3,66.0,13.0,,,,15.5,,,3,False,9028,2025년_딸기(설향),2025-09-10,2026-05-31,231,264,0.875,late,"[210, 240)"
27767,PF_0021351,080400,7,2026-04-29,0,3,10,75.0,12.0,,,,15.1,,,13,False,9028,2025년_딸기(설향),2025-09-10,2026-05-31,231,264,0.875,late,"[210, 240)"
27795,PF_0021351,080400,8,2026-04-29,0,0,0,83.0,21.0,,,,18.0,,,0,True,9028,2025년_딸기(설향),2025-09-10,2026-05-31,231,264,0.875,late,"[210, 240)"
27605,PF_0021351,080400,1,2026-05-06,0,0,0,90.0,9.0,,,,16.1,,,0,True,9028,2025년_딸기(설향),2025-09-10,2026-05-31,238,264,0.9015151515151515,late,"[210, 240)"
27656,PF_0021351,080400,3,2026-05-06,0,0,0,67.0,18.0,,,,19.3,,,0,True,9028,2025년_딸기(설향),2025-09-10,2026-05-31,238,264,0.9015151515151515,late,"[210, 240)"
27684,PF_0021351,080400,4,2026-05-06,0,0,0,60.0,11.0,,,,13.3,,,0,True,9028,2025년_딸기(설향),2025-09-10,2026-05-31,238,264,0.9015151515151515,late,"[210, 240)"
27712,PF_0021351,080400,5,2026-05-06,0,0,0,74.0,8.0,,,,13.3,,,0,True,9028,2025년_딸기(설향),2025-09-10,2026-05-31,238,264,0.9015151515151515,late,"[210, 240)"
27740,PF_0021351,080400,6,2026-05-06,0,0,3,83.0,13.0,,,,15.5,,,3,False,9028,2025년_딸기(설향),2025-09-10,2026-05-31,238,264,0.9015151515151515,late,"[210, 240)"
27768,PF_0021351,080400,7,2026-05-06,0,2,9,70.0,10.0,,,,15.9,,,11,False,9028,2025년_딸기(설향),2025-09-10,2026-05-31,238,264,0.9015151515151515,late,"[210, 240)"
27796,PF_0021351,080400,8,2026-05-06,0,0,0,94.0,23.0,,,,18.0,,,0,True,9028,2025년_딸기(설향),2025-09-10,2026-05-31,238,264,0.9015151515151515,late,"[210, 240)"
27606,PF_0021351,080400,1,2026-05-13,0,0,0,97.0,10.0,,,,16.1,,,0,True,9028,2025년_딸기(설향),2025-09-10,2026-05-31,245,264,0.928030303030303,late,"[240, 270)"
27657,PF_0021351,080400,3,2026-05-13,0,0,0,70.0,19.0,,,,19.3,,,0,True,9028,2025년_딸기(설향),2025-09-10,2026-05-31,245,264,0.928030303030303,late,"[240, 270)"
27685,PF_0021351,080400,4,2026-05-13,0,0,0,60.0,11.0,,,,13.3,,,0,True,9028,2025년_딸기(설향),2025-09-10,2026-05-31,245,264,0.928030303030303,late,"[240, 270)"
27713,PF_0021351,080400,5,2026-05-13,0,0,0,75.0,8.0,,,,13.3,,,0,True,9028,2025년_딸기(설향),2025-09-10,2026-05-31,245,264,0.928030303030303,late,"[240, 270)"
27741,PF_0021351,080400,6,2026-05-13,0,0,3,83.0,13.0,,,,15.5,,,3,False,9028,2025년_딸기(설향),2025-09-10,2026-05-31,245,264,0.928030303030303,late,"[240, 270)"
27769,PF_0021351,080400,7,2026-05-13,0,2,7,73.0,10.0,,,,15.9,,,9,False,9028,2025년_딸기(설향),2025-09-10,2026-05-31,245,264,0.928030303030303,late,"[240, 270)"
27797,PF_0021351,080400,8,2026-05-13,0,0,0,95.0,24.0,,,,18.0,,,0,True,9028,2025년_딸기(설향),2025-09-10,2026-05-31,245,264,0.928030303030303,late,"[240, 270)"
27607,PF_0021351,080400,1,2026-05-20,0,0,0,93.0,11.0,,,,16.1,,,0,True,9028,2025년_딸기(설향),2025-09-10,2026-05-31,252,264,0.9545454545454546,late,"[240, 270)"
27658,PF_0021351,080400,3,2026-05-20,0,0,0,67.0,20.0,,,,19.3,,,0,True,9028,2025년_딸기(설향),2025-09-10,2026-05-31,252,264,0.9545454545454546,late,"[240, 270)"
27686,PF_0021351,080400,4,2026-05-20,0,0,0,60.0,12.0,,,,13.3,,,0,True,9028,2025년_딸기(설향),2025-09-10,2026-05-31,252,264,0.9545454545454546,late,"[240, 270)"
27714,PF_0021351,080400,5,2026-05-20,0,0,0,75.0,8.0,,,,13.3,,,0,True,9028,2025년_딸기(설향),2025-09-10,2026-05-31,252,264,0.9545454545454546,late,"[240, 270)"
27742,PF_0021351,080400,6,2026-05-20,0,0,0,77.0,14.0,,,,15.5,,,0,True,9028,2025년_딸기(설향),2025-09-10,2026-05-31,252,264,0.9545454545454546,late,"[240, 270)"
27770,PF_0021351,080400,7,2026-05-20,0,0,4,72.0,12.0,,,,15.9,,,4,False,9028,2025년_딸기(설향),2025-09-10,2026-05-31,252,264,0.9545454545454546,late,"[240, 270)"
27798,PF_0021351,080400,8,2026-05-20,0,0,0,90.0,26.0,,,,18.4,,,0,True,9028,2025년_딸기(설향),2025-09-10,2026-05-31,252,264,0.9545454545454546,late,"[240, 270)"
8196,PF_0022105,080400,1,2024-10-01,0,0,0,72.0,10.0,,,,15.0,,,0,True,7566,2024년_딸기(설향),2024-09-01,2025-05-31,30,273,0.10989010989010989,early,"[30, 60)"
8223,PF_0022105,080400,2,2024-10-01,0,0,0,90.0,7.0,,,,17.5,,,0,True,7566,2024년_딸기(설향),2024-09-01,2025-05-31,30,273,0.10989010989010989,early,"[30, 60)"
8250,PF_0022105,080400,3,2024-10-01,0,0,0,80.0,9.0,,,,16.41,,,0,True,7566,2024년_딸기(설향),2024-09-01,2025-05-31,30,273,0.10989010989010989,early,"[30, 60)"
8266,PF_0022105,080400,4,2024-10-01,0,0,0,89.0,8.0,,,,13.32,,,0,True,7566,2024년_딸기(설향),2024-09-01,2025-05-31,30,273,0.10989010989010989,early,"[30, 60)"
8293,PF_0022105,080400,5,2024-10-01,0,0,0,99.0,9.0,,,,17.0,,,0,True,7566,2024년_딸기(설향),2024-09-01,2025-05-31,30,273,0.10989010989010989,early,"[30, 60)"
8303,PF_0022105,080400,6,2024-10-01,0,0,0,99.0,7.0,,,,14.59,,,0,True,7566,2024년_딸기(설향),2024-09-01,2025-05-31,30,273,0.10989010989010989,early,"[30, 60)"
8330,PF_0022105,080400,7,2024-10-01,0,0,0,104.0,8.0,,,,15.4,,,0,True,7566,2024년_딸기(설향),2024-09-01,2025-05-31,30,273,0.10989010989010989,early,"[30, 60)"
8357,PF_0022105,080400,8,2024-10-01,0,0,0,85.0,8.0,,,,14.69,,,0,True,7566,2024년_딸기(설향),2024-09-01,2025-05-31,30,273,0.10989010989010989,early,"[30, 60)"
8384,PF_0022105,080400,9,2024-10-01,0,0,0,89.0,8.0,,,,13.71,,,0,True,7566,2024년_딸기(설향),2024-09-01,2025-05-31,30,273,0.10989010989010989,early,"[30, 60)"
8197,PF_0022105,080400,1,2024-10-07,0,0,0,75.0,7.0,,,,13.9,,,0,True,7566,2024년_딸기(설향),2024-09-01,2025-05-31,36,273,0.13186813186813187,early,"[30, 60)"
8224,PF_0022105,080400,2,2024-10-07,0,0,0,90.0,6.0,,,,15.5,,,0,True,7566,2024년_딸기(설향),2024-09-01,2025-05-31,36,273,0.13186813186813187,early,"[30, 60)"
8251,PF_0022105,080400,3,2024-10-07,0,0,0,70.0,5.0,,,,12.07,,,0,True,7566,2024년_딸기(설향),2024-09-01,2025-05-31,36,273,0.13186813186813187,early,"[30, 60)"
8267,PF_0022105,080400,4,2024-10-07,0,0,0,90.0,5.0,,,,12.9,,,0,True,7566,2024년_딸기(설향),2024-09-01,2025-05-31,36,273,0.13186813186813187,early,"[30, 60)"
8294,PF_0022105,080400,5,2024-10-07,0,0,0,87.0,5.0,,,,14.1,,,0,True,7566,2024년_딸기(설향),2024-09-01,2025-05-31,36,273,0.13186813186813187,early,"[30, 60)"
8304,PF_0022105,080400,6,2024-10-07,0,0,0,100.0,4.0,,,,12.2,,,0,True,7566,2024년_딸기(설향),2024-09-01,2025-05-31,36,273,0.13186813186813187,early,"[30, 60)"
8331,PF_0022105,080400,7,2024-10-07,0,0,0,104.0,5.0,,,,12.3,,,0,True,7566,2024년_딸기(설향),2024-09-01,2025-05-31,36,273,0.13186813186813187,early,"[30, 60)"
8358,PF_0022105,080400,8,2024-10-07,0,0,0,84.0,5.0,,,,12.8,,,0,True,7566,2024년_딸기(설향),2024-09-01,2025-05-31,36,273,0.13186813186813187,early,"[30, 60)"
8385,PF_0022105,080400,9,2024-10-07,0,0,0,92.0,4.0,,,,11.6,,,0,True,7566,2024년_딸기(설향),2024-09-01,2025-05-31,36,273,0.13186813186813187,early,"[30, 60)"
8198,PF_0022105,080400,1,2024-10-14,0,0,0,92.0,10.0,,,,17.7,,,0,True,7566,2024년_딸기(설향),2024-09-01,2025-05-31,43,273,0.1575091575091575,early,"[30, 60)"
8225,PF_0022105,080400,2,2024-10-14,0,0,0,95.0,7.0,,,,22.0,,,0,True,7566,2024년_딸기(설향),2024-09-01,2025-05-31,43,273,0.1575091575091575,early,"[30, 60)"
8252,PF_0022105,080400,3,2024-10-14,0,0,0,68.0,6.0,,,,17.8,,,0,True,7566,2024년_딸기(설향),2024-09-01,2025-05-31,43,273,0.1575091575091575,early,"[30, 60)"
8268,PF_0022105,080400,4,2024-10-14,0,0,0,94.0,5.0,,,,22.8,,,0,True,7566,2024년_딸기(설향),2024-09-01,2025-05-31,43,273,0.1575091575091575,early,"[30, 60)"
8295,PF_0022105,080400,5,2024-10-14,0,0,0,97.0,5.0,,,,19.7,,,0,True,7566,2024년_딸기(설향),2024-09-01,2025-05-31,43,273,0.1575091575091575,early,"[30, 60)"
8305,PF_0022105,080400,6,2024-10-14,0,0,0,103.0,5.0,,,,15.1,,,0,True,7566,2024년_딸기(설향),2024-09-01,2025-05-31,43,273,0.1575091575091575,early,"[30, 60)"
8332,PF_0022105,080400,7,2024-10-14,0,0,0,108.0,5.0,,,,18.5,,,0,True,7566,2024년_딸기(설향),2024-09-01,2025-05-31,43,273,0.1575091575091575,early,"[30, 60)"
8359,PF_0022105,080400,8,2024-10-14,0,0,0,110.0,5.0,,,,17.1,,,0,True,7566,2024년_딸기(설향),2024-09-01,2025-05-31,43,273,0.1575091575091575,early,"[30, 60)"
8386,PF_0022105,080400,9,2024-10-14,0,0,0,102.0,6.0,,,,14.5,,,0,True,7566,2024년_딸기(설향),2024-09-01,2025-05-31,43,273,0.1575091575091575,early,"[30, 60)"
8199,PF_0022105,080400,1,2024-10-21,0,0,0,105.0,7.0,,,,24.0,,,0,True,7566,2024년_딸기(설향),2024-09-01,2025-05-31,50,273,0.18315018315018314,early,"[30, 60)"
8226,PF_0022105,080400,2,2024-10-21,0,0,0,101.0,7.0,,,,23.1,,,0,True,7566,2024년_딸기(설향),2024-09-01,2025-05-31,50,273,0.18315018315018314,early,"[30, 60)"
8253,PF_0022105,080400,3,2024-10-21,0,0,0,106.0,7.0,,,,20.5,,,0,True,7566,2024년_딸기(설향),2024-09-01,2025-05-31,50,273,0.18315018315018314,early,"[30, 60)"
8269,PF_0022105,080400,4,2024-10-21,0,0,0,111.0,9.0,,,,23.8,,,0,True,7566,2024년_딸기(설향),2024-09-01,2025-05-31,50,273,0.18315018315018314,early,"[30, 60)"
8296,PF_0022105,080400,5,2024-10-21,0,0,0,98.0,7.0,,,,23.1,,,0,True,7566,2024년_딸기(설향),2024-09-01,2025-05-31,50,273,0.18315018315018314,early,"[30, 60)"
8306,PF_0022105,080400,6,2024-10-21,0,0,0,103.0,8.0,,,,17.6,,,0,True,7566,2024년_딸기(설향),2024-09-01,2025-05-31,50,273,0.18315018315018314,early,"[30, 60)"
8333,PF_0022105,080400,7,2024-10-21,0,0,0,127.0,9.0,,,,20.8,,,0,True,7566,2024년_딸기(설향),2024-09-01,2025-05-31,50,273,0.18315018315018314,early,"[30, 60)"
8360,PF_0022105,080400,8,2024-10-21,0,0,0,111.0,8.0,,,,17.5,,,0,True,7566,2024년_딸기(설향),2024-09-01,2025-05-31,50,273,0.18315018315018314,early,"[30, 60)"
8387,PF_0022105,080400,9,2024-10-21,0,0,0,117.0,7.0,,,,24.5,,,0,True,7566,2024년_딸기(설향),2024-09-01,2025-05-31,50,273,0.18315018315018314,early,"[30, 60)"
8200,PF_0022105,080400,1,2024-10-28,0,0,0,119.0,6.0,,,,18.6,,,0,True,7566,2024년_딸기(설향),2024-09-01,2025-05-31,57,273,0.2087912087912088,early,"[30, 60)"
8227,PF_0022105,080400,2,2024-10-28,0,0,0,110.0,8.0,,,,13.4,,,0,True,7566,2024년_딸기(설향),2024-09-01,2025-05-31,57,273,0.2087912087912088,early,"[30, 60)"
8254,PF_0022105,080400,3,2024-10-28,0,0,0,115.0,8.0,,,,22.2,,,0,True,7566,2024년_딸기(설향),2024-09-01,2025-05-31,57,273,0.2087912087912088,early,"[30, 60)"
8270,PF_0022105,080400,4,2024-10-28,0,0,0,96.0,6.0,,,,19.0,,,0,True,7566,2024년_딸기(설향),2024-09-01,2025-05-31,57,273,0.2087912087912088,early,"[30, 60)"
8297,PF_0022105,080400,5,2024-10-28,0,0,0,73.0,4.0,,,,11.1,,,0,True,7566,2024년_딸기(설향),2024-09-01,2025-05-31,57,273,0.2087912087912088,early,"[30, 60)"
8307,PF_0022105,080400,6,2024-10-28,0,0,0,123.0,5.0,,,,16.6,,,0,True,7566,2024년_딸기(설향),2024-09-01,2025-05-31,57,273,0.2087912087912088,early,"[30, 60)"
8334,PF_0022105,080400,7,2024-10-28,0,0,0,133.0,7.0,,,,17.5,,,0,True,7566,2024년_딸기(설향),2024-09-01,2025-05-31,57,273,0.2087912087912088,early,"[30, 60)"
8361,PF_0022105,080400,8,2024-10-28,0,0,0,102.0,5.0,,,,22.4,,,0,True,7566,2024년_딸기(설향),2024-09-01,2025-05-31,57,273,0.2087912087912088,early,"[30, 60)"
8388,PF_0022105,080400,9,2024-10-28,0,0,0,129.0,7.0,,,,21.4,,,0,True,7566,2024년_딸기(설향),2024-09-01,2025-05-31,57,273,0.2087912087912088,early,"[30, 60)"
8201,PF_0022105,080400,1,2024-11-07,0,0,0,112.0,5.0,,,,23.1,,,0,True,7566,2024년_딸기(설향),2024-09-01,2025-05-31,67,273,0.2454212454212454,early,"[60, 90)"
8228,PF_0022105,080400,2,2024-11-07,0,0,0,116.0,8.0,,,,23.8,,,0,True,7566,2024년_딸기(설향),2024-09-01,2025-05-31,67,273,0.2454212454212454,early,"[60, 90)"
8255,PF_0022105,080400,3,2024-11-07,0,0,0,99.0,8.0,,,,26.1,,,0,True,7566,2024년_딸기(설향),2024-09-01,2025-05-31,67,273,0.2454212454212454,early,"[60, 90)"
8271,PF_0022105,080400,4,2024-11-07,0,0,0,127.0,5.0,,,,18.4,,,0,True,7566,2024년_딸기(설향),2024-09-01,2025-05-31,67,273,0.2454212454212454,early,"[60, 90)"
8298,PF_0022105,080400,5,2024-11-07,3,0,0,59.0,3.0,,,,16.8,,,3,False,7566,2024년_딸기(설향),2024-09-01,2025-05-31,67,273,0.2454212454212454,early,"[60, 90)"
8308,PF_0022105,080400,6,2024-11-07,0,0,0,129.0,6.0,,,,21.0,,,0,True,7566,2024년_딸기(설향),2024-09-01,2025-05-31,67,273,0.2454212454212454,early,"[60, 90)"
8335,PF_0022105,080400,7,2024-11-07,0,0,0,140.0,7.0,,,,20.8,,,0,True,7566,2024년_딸기(설향),2024-09-01,2025-05-31,67,273,0.2454212454212454,early,"[60, 90)"
8362,PF_0022105,080400,8,2024-11-07,6,0,0,101.0,6.0,,,,22.0,,,6,False,7566,2024년_딸기(설향),2024-09-01,2025-05-31,67,273,0.2454212454212454,early,"[60, 90)"
8389,PF_0022105,080400,9,2024-11-07,0,0,0,130.0,6.0,,,,16.7,,,0,True,7566,2024년_딸기(설향),2024-09-01,2025-05-31,67,273,0.2454212454212454,early,"[60, 90)"
8202,PF_0022105,080400,1,2024-11-14,0,0,0,110.0,5.0,,,,22.5,,,0,True,7566,2024년_딸기(설향),2024-09-01,2025-05-31,74,273,0.27106227106227104,early,"[60, 90)"
8229,PF_0022105,080400,2,2024-11-14,0,0,0,119.0,9.0,,,,20.8,,,0,True,7566,2024년_딸기(설향),2024-09-01,2025-05-31,74,273,0.27106227106227104,early,"[60, 90)"
8256,PF_0022105,080400,3,2024-11-14,1,0,0,102.0,8.0,,,,27.8,,,1,False,7566,2024년_딸기(설향),2024-09-01,2025-05-31,74,273,0.27106227106227104,early,"[60, 90)"
8272,PF_0022105,080400,4,2024-11-14,0,0,0,128.0,6.0,,,,20.7,,,0,True,7566,2024년_딸기(설향),2024-09-01,2025-05-31,74,273,0.27106227106227104,early,"[60, 90)"
8299,PF_0022105,080400,5,2024-11-14,7,0,0,58.0,5.0,,,,12.2,,,7,False,7566,2024년_딸기(설향),2024-09-01,2025-05-31,74,273,0.27106227106227104,early,"[60, 90)"
8309,PF_0022105,080400,6,2024-11-14,0,0,0,133.0,7.0,,,,22.5,,,0,True,7566,2024년_딸기(설향),2024-09-01,2025-05-31,74,273,0.27106227106227104,early,"[60, 90)"
8336,PF_0022105,080400,7,2024-11-14,0,0,0,142.0,7.0,,,,21.7,,,0,True,7566,2024년_딸기(설향),2024-09-01,2025-05-31,74,273,0.27106227106227104,early,"[60, 90)"
8363,PF_0022105,080400,8,2024-11-14,9,0,0,98.0,7.0,,,,23.1,,,9,False,7566,2024년_딸기(설향),2024-09-01,2025-05-31,74,273,0.27106227106227104,early,"[60, 90)"
8390,PF_0022105,080400,9,2024-11-14,0,0,0,131.0,7.0,,,,23.5,,,0,True,7566,2024년_딸기(설향),2024-09-01,2025-05-31,74,273,0.27106227106227104,early,"[60, 90)"
8203,PF_0022105,080400,1,2024-11-22,0,0,0,112.0,6.0,,,,25.1,,,0,True,7566,2024년_딸기(설향),2024-09-01,2025-05-31,82,273,0.30036630036630035,early,"[60, 90)"
8230,PF_0022105,080400,2,2024-11-22,0,0,0,118.0,8.0,,,,24.5,,,0,True,7566,2024년_딸기(설향),2024-09-01,2025-05-31,82,273,0.30036630036630035,early,"[60, 90)"
8257,PF_0022105,080400,3,2024-11-22,2,0,0,96.0,9.0,,,,28.1,,,2,False,7566,2024년_딸기(설향),2024-09-01,2025-05-31,82,273,0.30036630036630035,early,"[60, 90)"
8273,PF_0022105,080400,4,2024-11-22,0,0,0,124.0,7.0,,,,21.5,,,0,True,7566,2024년_딸기(설향),2024-09-01,2025-05-31,82,273,0.30036630036630035,early,"[60, 90)"
8300,PF_0022105,080400,5,2024-11-22,9,0,0,59.0,5.0,,,,12.4,,,9,False,7566,2024년_딸기(설향),2024-09-01,2025-05-31,82,273,0.30036630036630035,early,"[60, 90)"
8310,PF_0022105,080400,6,2024-11-22,0,0,0,131.0,7.0,,,,29.3,,,0,True,7566,2024년_딸기(설향),2024-09-01,2025-05-31,82,273,0.30036630036630035,early,"[60, 90)"
8337,PF_0022105,080400,7,2024-11-22,0,0,0,136.0,9.0,,,,29.1,,,0,True,7566,2024년_딸기(설향),2024-09-01,2025-05-31,82,273,0.30036630036630035,early,"[60, 90)"
8364,PF_0022105,080400,8,2024-11-22,12,0,0,87.0,7.0,,,,23.1,,,12,False,7566,2024년_딸기(설향),2024-09-01,2025-05-31,82,273,0.30036630036630035,early,"[60, 90)"
8391,PF_0022105,080400,9,2024-11-22,0,0,0,134.0,10.0,,,,29.0,,,0,True,7566,2024년_딸기(설향),2024-09-01,2025-05-31,82,273,0.30036630036630035,early,"[60, 90)"
8204,PF_0022105,080400,1,2024-11-29,2,0,0,125.0,7.0,,,,23.7,,,2,False,7566,2024년_딸기(설향),2024-09-01,2025-05-31,89,273,0.326007326007326,early,"[60, 90)"
8231,PF_0022105,080400,2,2024-11-29,0,0,0,115.0,8.0,,,,26.5,,,0,True,7566,2024년_딸기(설향),2024-09-01,2025-05-31,89,273,0.326007326007326,early,"[60, 90)"
8258,PF_0022105,080400,3,2024-11-29,6,0,0,100.0,8.0,,,,25.4,,,6,False,7566,2024년_딸기(설향),2024-09-01,2025-05-31,89,273,0.326007326007326,early,"[60, 90)"
8274,PF_0022105,080400,4,2024-11-29,0,0,0,133.0,8.0,,,,20.2,,,0,True,7566,2024년_딸기(설향),2024-09-01,2025-05-31,89,273,0.326007326007326,early,"[60, 90)"
8301,PF_0022105,080400,5,2024-11-29,13,0,0,63.0,6.0,,,,14.3,,,13,False,7566,2024년_딸기(설향),2024-09-01,2025-05-31,89,273,0.326007326007326,early,"[60, 90)"
8311,PF_0022105,080400,6,2024-11-29,0,0,0,134.0,9.0,,,,27.6,,,0,True,7566,2024년_딸기(설향),2024-09-01,2025-05-31,89,273,0.326007326007326,early,"[60, 90)"
8338,PF_0022105,080400,7,2024-11-29,0,0,0,145.0,8.0,,,,27.3,,,0,True,7566,2024년_딸기(설향),2024-09-01,2025-05-31,89,273,0.326007326007326,early,"[60, 90)"
8365,PF_0022105,080400,8,2024-11-29,14,0,0,100.0,6.0,,,,19.6,,,14,False,7566,2024년_딸기(설향),2024-09-01,2025-05-31,89,273,0.326007326007326,early,"[60, 90)"
8392,PF_0022105,080400,9,2024-11-29,0,0,0,136.0,10.0,,,,23.7,,,0,True,7566,2024년_딸기(설향),2024-09-01,2025-05-31,89,273,0.326007326007326,early,"[60, 90)"
8205,PF_0022105,080400,1,2024-12-05,8,0,0,130.0,10.0,,,,22.9,,,8,False,7566,2024년_딸기(설향),2024-09-01,2025-05-31,95,273,0.34798534798534797,middle,"[90, 120)"
8232,PF_0022105,080400,2,2024-12-05,0,0,0,118.0,6.0,,,,27.6,,,0,True,7566,2024년_딸기(설향),2024-09-01,2025-05-31,95,273,0.34798534798534797,middle,"[90, 120)"
8259,PF_0022105,080400,3,2024-12-05,10,0,0,100.0,9.0,,,,17.4,,,10,False,7566,2024년_딸기(설향),2024-09-01,2025-05-31,95,273,0.34798534798534797,middle,"[90, 120)"
8275,PF_0022105,080400,4,2024-12-05,0,0,0,129.0,10.0,,,,33.3,,,0,True,7566,2024년_딸기(설향),2024-09-01,2025-05-31,95,273,0.34798534798534797,middle,"[90, 120)"
8302,PF_0022105,080400,5,2024-12-05,0,0,0,0.0,0.0,,,,0.0,,,0,True,7566,2024년_딸기(설향),2024-09-01,2025-05-31,95,273,0.34798534798534797,middle,"[90, 120)"
8312,PF_0022105,080400,6,2024-12-05,1,0,0,131.0,7.0,,,,29.1,,,1,False,7566,2024년_딸기(설향),2024-09-01,2025-05-31,95,273,0.34798534798534797,middle,"[90, 120)"
8339,PF_0022105,080400,7,2024-12-05,0,0,0,140.0,9.0,,,,28.8,,,0,True,7566,2024년_딸기(설향),2024-09-01,2025-05-31,95,273,0.34798534798534797,middle,"[90, 120)"
8366,PF_0022105,080400,8,2024-12-05,9,0,0,100.0,8.0,,,,23.7,,,9,False,7566,2024년_딸기(설향),2024-09-01,2025-05-31,95,273,0.34798534798534797,middle,"[90, 120)"
8393,PF_0022105,080400,9,2024-12-05,0,0,0,138.0,10.0,,,,40.8,,,0,True,7566,2024년_딸기(설향),2024-09-01,2025-05-31,95,273,0.34798534798534797,middle,"[90, 120)"
8206,PF_0022105,080400,1,2024-12-12,8,0,0,116.0,9.0,,,,29.3,,,8,False,7566,2024년_딸기(설향),2024-09-01,2025-05-31,102,273,0.37362637362637363,middle,"[90, 120)"
8233,PF_0022105,080400,2,2024-12-12,1,0,0,118.0,7.0,,,,17.6,,,1,False,7566,2024년_딸기(설향),2024-09-01,2025-05-31,102,273,0.37362637362637363,middle,"[90, 120)"
8260,PF_0022105,080400,3,2024-12-12,10,0,0,100.0,9.0,,,,26.8,,,10,False,7566,2024년_딸기(설향),2024-09-01,2025-05-31,102,273,0.37362637362637363,middle,"[90, 120)"
8276,PF_0022105,080400,4,2024-12-12,2,0,0,132.0,10.0,,,,31.7,,,2,False,7566,2024년_딸기(설향),2024-09-01,2025-05-31,102,273,0.37362637362637363,middle,"[90, 120)"
8313,PF_0022105,080400,6,2024-12-12,5,0,0,135.0,8.0,,,,30.5,,,5,False,7566,2024년_딸기(설향),2024-09-01,2025-05-31,102,273,0.37362637362637363,middle,"[90, 120)"
8340,PF_0022105,080400,7,2024-12-12,2,0,0,138.0,14.0,,,,32.8,,,2,False,7566,2024년_딸기(설향),2024-09-01,2025-05-31,102,273,0.37362637362637363,middle,"[90, 120)"
8367,PF_0022105,080400,8,2024-12-12,7,1,0,94.0,8.0,,,,25.7,,,8,False,7566,2024년_딸기(설향),2024-09-01,2025-05-31,102,273,0.37362637362637363,middle,"[90, 120)"
8394,PF_0022105,080400,9,2024-12-12,3,0,0,133.0,14.0,,,,35.1,,,3,False,7566,2024년_딸기(설향),2024-09-01,2025-05-31,102,273,0.37362637362637363,middle,"[90, 120)"
8207,PF_0022105,080400,1,2024-12-19,10,0,0,110.0,10.0,,,,28.1,,,10,False,7566,2024년_딸기(설향),2024-09-01,2025-05-31,109,273,0.3992673992673993,middle,"[90, 120)"
8234,PF_0022105,080400,2,2024-12-19,5,0,0,95.0,7.0,,,,21.9,,,5,False,7566,2024년_딸기(설향),2024-09-01,2025-05-31,109,273,0.3992673992673993,middle,"[90, 120)"
8261,PF_0022105,080400,3,2024-12-19,10,0,0,101.0,12.0,,,,22.2,,,10,False,7566,2024년_딸기(설향),2024-09-01,2025-05-31,109,273,0.3992673992673993,middle,"[90, 120)"
8277,PF_0022105,080400,4,2024-12-19,6,0,0,125.0,10.0,,,,34.5,,,6,False,7566,2024년_딸기(설향),2024-09-01,2025-05-31,109,273,0.3992673992673993,middle,"[90, 120)"
8314,PF_0022105,080400,6,2024-12-19,7,0,0,132.0,10.0,,,,36.8,,,7,False,7566,2024년_딸기(설향),2024-09-01,2025-05-31,109,273,0.3992673992673993,middle,"[90, 120)"
8341,PF_0022105,080400,7,2024-12-19,4,0,0,128.0,9.0,,,,37.0,,,4,False,7566,2024년_딸기(설향),2024-09-01,2025-05-31,109,273,0.3992673992673993,middle,"[90, 120)"
8368,PF_0022105,080400,8,2024-12-19,6,3,0,102.0,7.0,,,,17.3,,,9,False,7566,2024년_딸기(설향),2024-09-01,2025-05-31,109,273,0.3992673992673993,middle,"[90, 120)"
8395,PF_0022105,080400,9,2024-12-19,7,0,0,132.0,5.0,,,,24.7,,,7,False,7566,2024년_딸기(설향),2024-09-01,2025-05-31,109,273,0.3992673992673993,middle,"[90, 120)"
8208,PF_0022105,080400,1,2024-12-26,11,0,0,111.0,9.0,,,,26.1,,,11,False,7566,2024년_딸기(설향),2024-09-01,2025-05-31,116,273,0.4249084249084249,middle,"[90, 120)"
8235,PF_0022105,080400,2,2024-12-26,5,0,0,114.0,8.0,,,,13.7,,,5,False,7566,2024년_딸기(설향),2024-09-01,2025-05-31,116,273,0.4249084249084249,middle,"[90, 120)"
8262,PF_0022105,080400,3,2024-12-26,11,0,0,95.0,9.0,,,,18.6,,,11,False,7566,2024년_딸기(설향),2024-09-01,2025-05-31,116,273,0.4249084249084249,middle,"[90, 120)"
8278,PF_0022105,080400,4,2024-12-26,6,0,0,131.0,13.0,,,,34.7,,,6,False,7566,2024년_딸기(설향),2024-09-01,2025-05-31,116,273,0.4249084249084249,middle,"[90, 120)"
8315,PF_0022105,080400,6,2024-12-26,9,0,0,134.0,8.0,,,,25.8,,,9,False,7566,2024년_딸기(설향),2024-09-01,2025-05-31,116,273,0.4249084249084249,middle,"[90, 120)"
8342,PF_0022105,080400,7,2024-12-26,10,0,0,135.0,12.0,,,,44.1,,,10,False,7566,2024년_딸기(설향),2024-09-01,2025-05-31,116,273,0.4249084249084249,middle,"[90, 120)"
8369,PF_0022105,080400,8,2024-12-26,5,4,0,95.0,9.0,,,,21.8,,,9,False,7566,2024년_딸기(설향),2024-09-01,2025-05-31,116,273,0.4249084249084249,middle,"[90, 120)"
8396,PF_0022105,080400,9,2024-12-26,7,2,0,140.0,17.0,,,,39.2,,,9,False,7566,2024년_딸기(설향),2024-09-01,2025-05-31,116,273,0.4249084249084249,middle,"[90, 120)"
8209,PF_0022105,080400,1,2025-01-03,10,1,0,120.0,11.0,,,,29.7,,,11,False,7566,2024년_딸기(설향),2024-09-01,2025-05-31,124,273,0.4542124542124542,middle,"[120, 150)"
8236,PF_0022105,080400,2,2025-01-03,7,0,0,120.0,10.0,,,,22.9,,,7,False,7566,2024년_딸기(설향),2024-09-01,2025-05-31,124,273,0.4542124542124542,middle,"[120, 150)"
8263,PF_0022105,080400,3,2025-01-03,12,0,0,96.0,13.0,,,,20.3,,,12,False,7566,2024년_딸기(설향),2024-09-01,2025-05-31,124,273,0.4542124542124542,middle,"[120, 150)"
8279,PF_0022105,080400,4,2025-01-03,10,0,0,122.0,14.0,,,,34.5,,,10,False,7566,2024년_딸기(설향),2024-09-01,2025-05-31,124,273,0.4542124542124542,middle,"[120, 150)"
8316,PF_0022105,080400,6,2025-01-03,8,0,0,129.0,11.0,,,,31.0,,,8,False,7566,2024년_딸기(설향),2024-09-01,2025-05-31,124,273,0.4542124542124542,middle,"[120, 150)"
8343,PF_0022105,080400,7,2025-01-03,9,0,0,115.0,17.0,,,,35.1,,,9,False,7566,2024년_딸기(설향),2024-09-01,2025-05-31,124,273,0.4542124542124542,middle,"[120, 150)"
8370,PF_0022105,080400,8,2025-01-03,4,7,0,95.0,11.0,,,,23.4,,,11,False,7566,2024년_딸기(설향),2024-09-01,2025-05-31,124,273,0.4542124542124542,middle,"[120, 150)"
8397,PF_0022105,080400,9,2025-01-03,7,6,1,135.0,17.0,,,,35.1,,,14,False,7566,2024년_딸기(설향),2024-09-01,2025-05-31,124,273,0.4542124542124542,middle,"[120, 150)"
8210,PF_0022105,080400,1,2025-01-10,11,2,0,95.0,11.0,,,,29.8,,,13,False,7566,2024년_딸기(설향),2024-09-01,2025-05-31,131,273,0.47985347985347987,middle,"[120, 150)"
8237,PF_0022105,080400,2,2025-01-10,10,0,0,117.0,8.0,,,,23.8,,,10,False,7566,2024년_딸기(설향),2024-09-01,2025-05-31,131,273,0.47985347985347987,middle,"[120, 150)"
8264,PF_0022105,080400,3,2025-01-10,11,0,0,97.0,11.0,,,,19.8,,,11,False,7566,2024년_딸기(설향),2024-09-01,2025-05-31,131,273,0.47985347985347987,middle,"[120, 150)"
8280,PF_0022105,080400,4,2025-01-10,9,0,0,113.0,15.0,,,,29.8,,,9,False,7566,2024년_딸기(설향),2024-09-01,2025-05-31,131,273,0.47985347985347987,middle,"[120, 150)"
8317,PF_0022105,080400,6,2025-01-10,9,0,0,124.0,8.0,,,,31.3,,,9,False,7566,2024년_딸기(설향),2024-09-01,2025-05-31,131,273,0.47985347985347987,middle,"[120, 150)"
8344,PF_0022105,080400,7,2025-01-10,12,0,0,120.0,16.0,,,,33.3,,,12,False,7566,2024년_딸기(설향),2024-09-01,2025-05-31,131,273,0.47985347985347987,middle,"[120, 150)"
8371,PF_0022105,080400,8,2025-01-10,2,9,0,95.0,10.0,,,,22.5,,,11,False,7566,2024년_딸기(설향),2024-09-01,2025-05-31,131,273,0.47985347985347987,middle,"[120, 150)"
8398,PF_0022105,080400,9,2025-01-10,8,6,1,131.0,18.0,,,,41.9,,,15,False,7566,2024년_딸기(설향),2024-09-01,2025-05-31,131,273,0.47985347985347987,middle,"[120, 150)"
8211,PF_0022105,080400,1,2025-01-19,9,3,0,90.0,10.0,,,,26.6,,,12,False,7566,2024년_딸기(설향),2024-09-01,2025-05-31,140,273,0.5128205128205128,middle,"[120, 150)"
8238,PF_0022105,080400,2,2025-01-19,10,1,0,100.0,11.0,,,,19.6,,,11,False,7566,2024년_딸기(설향),2024-09-01,2025-05-31,140,273,0.5128205128205128,middle,"[120, 150)"
8265,PF_0022105,080400,3,2025-01-19,8,5,0,96.0,11.0,,,,15.1,,,13,False,7566,2024년_딸기(설향),2024-09-01,2025-05-31,140,273,0.5128205128205128,middle,"[120, 150)"
8281,PF_0022105,080400,4,2025-01-19,10,0,0,110.0,17.0,,,,38.3,,,10,False,7566,2024년_딸기(설향),2024-09-01,2025-05-31,140,273,0.5128205128205128,middle,"[120, 150)"
8318,PF_0022105,080400,6,2025-01-19,9,0,0,130.0,10.0,,,,33.1,,,9,False,7566,2024년_딸기(설향),2024-09-01,2025-05-31,140,273,0.5128205128205128,middle,"[120, 150)"
8345,PF_0022105,080400,7,2025-01-19,9,0,0,115.0,13.0,,,,31.2,,,9,False,7566,2024년_딸기(설향),2024-09-01,2025-05-31,140,273,0.5128205128205128,middle,"[120, 150)"
8372,PF_0022105,080400,8,2025-01-19,2,14,0,92.0,9.0,,,,18.7,,,16,False,7566,2024년_딸기(설향),2024-09-01,2025-05-31,140,273,0.5128205128205128,middle,"[120, 150)"
8399,PF_0022105,080400,9,2025-01-19,7,11,4,130.0,22.0,,,,22.8,,,22,False,7566,2024년_딸기(설향),2024-09-01,2025-05-31,140,273,0.5128205128205128,middle,"[120, 150)"
8212,PF_0022105,080400,1,2025-01-26,10,6,0,76.0,12.0,,,,30.4,,,16,False,7566,2024년_딸기(설향),2024-09-01,2025-05-31,147,273,0.5384615384615384,middle,"[120, 150)"
8239,PF_0022105,080400,2,2025-01-26,7,2,0,112.0,11.0,,,,32.5,,,9,False,7566,2024년_딸기(설향),2024-09-01,2025-05-31,147,273,0.5384615384615384,middle,"[120, 150)"
8282,PF_0022105,080400,4,2025-01-26,9,0,0,115.0,15.0,,,,40.6,,,9,False,7566,2024년_딸기(설향),2024-09-01,2025-05-31,147,273,0.5384615384615384,middle,"[120, 150)"
8319,PF_0022105,080400,6,2025-01-26,9,3,0,127.0,10.0,,,,25.6,,,12,False,7566,2024년_딸기(설향),2024-09-01,2025-05-31,147,273,0.5384615384615384,middle,"[120, 150)"
8346,PF_0022105,080400,7,2025-01-26,10,0,0,117.0,16.0,,,,46.7,,,10,False,7566,2024년_딸기(설향),2024-09-01,2025-05-31,147,273,0.5384615384615384,middle,"[120, 150)"
8373,PF_0022105,080400,8,2025-01-26,15,0,0,96.0,8.0,,,,19.5,,,15,False,7566,2024년_딸기(설향),2024-09-01,2025-05-31,147,273,0.5384615384615384,middle,"[120, 150)"
8400,PF_0022105,080400,9,2025-01-26,7,15,5,132.0,17.0,,,,30.9,,,27,False,7566,2024년_딸기(설향),2024-09-01,2025-05-31,147,273,0.5384615384615384,middle,"[120, 150)"
8213,PF_0022105,080400,1,2025-02-09,6,5,2,85.0,8.0,,,,31.9,,,13,False,7566,2024년_딸기(설향),2024-09-01,2025-05-31,161,273,0.5897435897435898,middle,"[150, 180)"
8240,PF_0022105,080400,2,2025-02-09,8,4,1,92.0,10.0,,,,27.9,,,13,False,7566,2024년_딸기(설향),2024-09-01,2025-05-31,161,273,0.5897435897435898,middle,"[150, 180)"
8283,PF_0022105,080400,4,2025-02-09,7,0,0,72.0,16.0,,,,44.2,,,7,False,7566,2024년_딸기(설향),2024-09-01,2025-05-31,161,273,0.5897435897435898,middle,"[150, 180)"
8320,PF_0022105,080400,6,2025-02-09,4,4,0,130.0,7.0,,,,19.2,,,8,False,7566,2024년_딸기(설향),2024-09-01,2025-05-31,161,273,0.5897435897435898,middle,"[150, 180)"
8347,PF_0022105,080400,7,2025-02-09,4,3,0,115.0,13.0,,,,35.6,,,7,False,7566,2024년_딸기(설향),2024-09-01,2025-05-31,161,273,0.5897435897435898,middle,"[150, 180)"
8374,PF_0022105,080400,8,2025-02-09,6,0,2,90.0,5.0,,,,19.8,,,8,False,7566,2024년_딸기(설향),2024-09-01,2025-05-31,161,273,0.5897435897435898,middle,"[150, 180)"
8401,PF_0022105,080400,9,2025-02-09,7,3,3,125.0,15.0,,,,45.4,,,13,False,7566,2024년_딸기(설향),2024-09-01,2025-05-31,161,273,0.5897435897435898,middle,"[150, 180)"
8214,PF_0022105,080400,1,2025-02-14,6,7,2,90.0,9.0,,,,32.5,,,15,False,7566,2024년_딸기(설향),2024-09-01,2025-05-31,166,273,0.608058608058608,middle,"[150, 180)"
8241,PF_0022105,080400,2,2025-02-14,8,5,2,110.0,6.0,,,,24.4,,,15,False,7566,2024년_딸기(설향),2024-09-01,2025-05-31,166,273,0.608058608058608,middle,"[150, 180)"
8284,PF_0022105,080400,4,2025-02-14,8,5,1,73.0,15.0,,,,34.1,,,14,False,7566,2024년_딸기(설향),2024-09-01,2025-05-31,166,273,0.608058608058608,middle,"[150, 180)"
8321,PF_0022105,080400,6,2025-02-14,6,6,3,121.0,6.0,,,,24.4,,,15,False,7566,2024년_딸기(설향),2024-09-01,2025-05-31,166,273,0.608058608058608,middle,"[150, 180)"
8348,PF_0022105,080400,7,2025-02-14,4,3,13,116.0,16.0,,,,22.7,,,20,False,7566,2024년_딸기(설향),2024-09-01,2025-05-31,166,273,0.608058608058608,middle,"[150, 180)"
8375,PF_0022105,080400,8,2025-02-14,6,0,3,95.0,7.0,,,,20.3,,,9,False,7566,2024년_딸기(설향),2024-09-01,2025-05-31,166,273,0.608058608058608,middle,"[150, 180)"
8402,PF_0022105,080400,9,2025-02-14,7,5,4,124.0,14.0,,,,31.3,,,16,False,7566,2024년_딸기(설향),2024-09-01,2025-05-31,166,273,0.608058608058608,middle,"[150, 180)"
8215,PF_0022105,080400,1,2025-02-22,3,5,5,90.0,10.0,,,,29.7,,,13,False,7566,2024년_딸기(설향),2024-09-01,2025-05-31,174,273,0.6373626373626373,middle,"[150, 180)"
8242,PF_0022105,080400,2,2025-02-22,4,5,5,115.0,10.0,,,,29.6,,,14,False,7566,2024년_딸기(설향),2024-09-01,2025-05-31,174,273,0.6373626373626373,middle,"[150, 180)"
8285,PF_0022105,080400,4,2025-02-22,6,3,1,76.0,17.0,,,,25.1,,,10,False,7566,2024년_딸기(설향),2024-09-01,2025-05-31,174,273,0.6373626373626373,middle,"[150, 180)"
8322,PF_0022105,080400,6,2025-02-22,4,7,3,125.0,7.0,,,,34.5,,,14,False,7566,2024년_딸기(설향),2024-09-01,2025-05-31,174,273,0.6373626373626373,middle,"[150, 180)"
8349,PF_0022105,080400,7,2025-02-22,5,4,3,120.0,13.0,,,,32.6,,,12,False,7566,2024년_딸기(설향),2024-09-01,2025-05-31,174,273,0.6373626373626373,middle,"[150, 180)"
8376,PF_0022105,080400,8,2025-02-22,4,0,5,90.0,7.0,,,,13.4,,,9,False,7566,2024년_딸기(설향),2024-09-01,2025-05-31,174,273,0.6373626373626373,middle,"[150, 180)"
8403,PF_0022105,080400,9,2025-02-22,3,3,7,132.0,15.0,,,,34.2,,,13,False,7566,2024년_딸기(설향),2024-09-01,2025-05-31,174,273,0.6373626373626373,middle,"[150, 180)"
8216,PF_0022105,080400,1,2025-02-25,3,5,4,90.0,9.0,,,,31.0,,,12,False,7566,2024년_딸기(설향),2024-09-01,2025-05-31,177,273,0.6483516483516484,middle,"[150, 180)"
8243,PF_0022105,080400,2,2025-02-25,4,5,5,113.0,8.0,,,,27.0,,,14,False,7566,2024년_딸기(설향),2024-09-01,2025-05-31,177,273,0.6483516483516484,middle,"[150, 180)"
8286,PF_0022105,080400,4,2025-02-25,6,3,1,74.0,16.0,,,,29.6,,,10,False,7566,2024년_딸기(설향),2024-09-01,2025-05-31,177,273,0.6483516483516484,middle,"[150, 180)"
8323,PF_0022105,080400,6,2025-02-25,1,6,3,123.0,6.0,,,,29.5,,,10,False,7566,2024년_딸기(설향),2024-09-01,2025-05-31,177,273,0.6483516483516484,middle,"[150, 180)"
8350,PF_0022105,080400,7,2025-02-25,7,6,5,118.0,14.0,,,,27.6,,,18,False,7566,2024년_딸기(설향),2024-09-01,2025-05-31,177,273,0.6483516483516484,middle,"[150, 180)"
8377,PF_0022105,080400,8,2025-02-25,4,0,7,92.0,7.0,,,,16.8,,,11,False,7566,2024년_딸기(설향),2024-09-01,2025-05-31,177,273,0.6483516483516484,middle,"[150, 180)"
8404,PF_0022105,080400,9,2025-02-25,3,3,3,128.0,15.0,,,,32.7,,,9,False,7566,2024년_딸기(설향),2024-09-01,2025-05-31,177,273,0.6483516483516484,middle,"[150, 180)"
8217,PF_0022105,080400,1,2025-03-05,6,5,1,91.0,8.0,,,,30.0,,,12,False,7566,2024년_딸기(설향),2024-09-01,2025-05-31,185,273,0.6776556776556777,late,"[180, 210)"
8244,PF_0022105,080400,2,2025-03-05,0,5,9,112.0,8.0,,,,26.0,,,14,False,7566,2024년_딸기(설향),2024-09-01,2025-05-31,185,273,0.6776556776556777,late,"[180, 210)"
8287,PF_0022105,080400,4,2025-03-05,0,3,7,74.0,15.0,,,,29.3,,,10,False,7566,2024년_딸기(설향),2024-09-01,2025-05-31,185,273,0.6776556776556777,late,"[180, 210)"
8324,PF_0022105,080400,6,2025-03-05,5,3,5,125.0,7.0,,,,30.1,,,13,False,7566,2024년_딸기(설향),2024-09-01,2025-05-31,185,273,0.6776556776556777,late,"[180, 210)"
8351,PF_0022105,080400,7,2025-03-05,7,2,1,119.0,13.0,,,,27.4,,,10,False,7566,2024년_딸기(설향),2024-09-01,2025-05-31,185,273,0.6776556776556777,late,"[180, 210)"
8378,PF_0022105,080400,8,2025-03-05,1,0,7,94.0,8.0,,,,16.9,,,8,False,7566,2024년_딸기(설향),2024-09-01,2025-05-31,185,273,0.6776556776556777,late,"[180, 210)"
8405,PF_0022105,080400,9,2025-03-05,6,5,2,127.0,14.0,,,,32.9,,,13,False,7566,2024년_딸기(설향),2024-09-01,2025-05-31,185,273,0.6776556776556777,late,"[180, 210)"
8218,PF_0022105,080400,1,2025-03-12,5,6,6,90.0,7.0,,,,28.5,,,17,False,7566,2024년_딸기(설향),2024-09-01,2025-05-31,192,273,0.7032967032967034,late,"[180, 210)"
8245,PF_0022105,080400,2,2025-03-12,0,5,12,111.0,7.0,,,,24.3,,,17,False,7566,2024년_딸기(설향),2024-09-01,2025-05-31,192,273,0.7032967032967034,late,"[180, 210)"
8288,PF_0022105,080400,4,2025-03-12,0,4,9,73.0,13.0,,,,28.7,,,13,False,7566,2024년_딸기(설향),2024-09-01,2025-05-31,192,273,0.7032967032967034,late,"[180, 210)"
8325,PF_0022105,080400,6,2025-03-12,5,4,8,122.0,7.0,,,,29.4,,,17,False,7566,2024년_딸기(설향),2024-09-01,2025-05-31,192,273,0.7032967032967034,late,"[180, 210)"
8352,PF_0022105,080400,7,2025-03-12,5,3,1,120.0,12.0,,,,26.7,,,9,False,7566,2024년_딸기(설향),2024-09-01,2025-05-31,192,273,0.7032967032967034,late,"[180, 210)"
8379,PF_0022105,080400,8,2025-03-12,0,0,10,91.0,7.0,,,,16.6,,,10,False,7566,2024년_딸기(설향),2024-09-01,2025-05-31,192,273,0.7032967032967034,late,"[180, 210)"
8406,PF_0022105,080400,9,2025-03-12,3,5,1,125.0,12.0,,,,32.1,,,9,False,7566,2024년_딸기(설향),2024-09-01,2025-05-31,192,273,0.7032967032967034,late,"[180, 210)"
8219,PF_0022105,080400,1,2025-03-18,6,9,5,108.0,7.0,,,,27.1,,,20,False,7566,2024년_딸기(설향),2024-09-01,2025-05-31,198,273,0.7252747252747253,late,"[180, 210)"
8246,PF_0022105,080400,2,2025-03-18,0,4,12,100.0,8.0,,,,23.2,,,16,False,7566,2024년_딸기(설향),2024-09-01,2025-05-31,198,273,0.7252747252747253,late,"[180, 210)"
8289,PF_0022105,080400,4,2025-03-18,0,7,12,87.0,12.0,,,,27.5,,,19,False,7566,2024년_딸기(설향),2024-09-01,2025-05-31,198,273,0.7252747252747253,late,"[180, 210)"
8326,PF_0022105,080400,6,2025-03-18,4,3,11,121.0,8.0,,,,26.3,,,18,False,7566,2024년_딸기(설향),2024-09-01,2025-05-31,198,273,0.7252747252747253,late,"[180, 210)"
8353,PF_0022105,080400,7,2025-03-18,3,3,2,118.0,11.0,,,,25.4,,,8,False,7566,2024년_딸기(설향),2024-09-01,2025-05-31,198,273,0.7252747252747253,late,"[180, 210)"
8380,PF_0022105,080400,8,2025-03-18,0,0,8,90.0,8.0,,,,15.3,,,8,False,7566,2024년_딸기(설향),2024-09-01,2025-05-31,198,273,0.7252747252747253,late,"[180, 210)"
8407,PF_0022105,080400,9,2025-03-18,0,7,3,125.0,11.0,,,,31.8,,,10,False,7566,2024년_딸기(설향),2024-09-01,2025-05-31,198,273,0.7252747252747253,late,"[180, 210)"
8220,PF_0022105,080400,1,2025-03-27,0,0,6,109.0,8.0,,,,27.4,,,6,False,7566,2024년_딸기(설향),2024-09-01,2025-05-31,207,273,0.7582417582417582,late,"[180, 210)"
8247,PF_0022105,080400,2,2025-03-27,0,2,11,101.0,9.0,,,,23.3,,,13,False,7566,2024년_딸기(설향),2024-09-01,2025-05-31,207,273,0.7582417582417582,late,"[180, 210)"
8290,PF_0022105,080400,4,2025-03-27,0,6,14,89.0,11.0,,,,27.8,,,20,False,7566,2024년_딸기(설향),2024-09-01,2025-05-31,207,273,0.7582417582417582,late,"[180, 210)"
8327,PF_0022105,080400,6,2025-03-27,0,3,11,122.0,9.0,,,,26.6,,,14,False,7566,2024년_딸기(설향),2024-09-01,2025-05-31,207,273,0.7582417582417582,late,"[180, 210)"
8354,PF_0022105,080400,7,2025-03-27,4,7,2,120.0,10.0,,,,25.6,,,13,False,7566,2024년_딸기(설향),2024-09-01,2025-05-31,207,273,0.7582417582417582,late,"[180, 210)"
8381,PF_0022105,080400,8,2025-03-27,0,0,0,91.0,9.0,,,,15.6,,,0,True,7566,2024년_딸기(설향),2024-09-01,2025-05-31,207,273,0.7582417582417582,late,"[180, 210)"
8408,PF_0022105,080400,9,2025-03-27,0,3,3,127.0,12.0,,,,32.0,,,6,False,7566,2024년_딸기(설향),2024-09-01,2025-05-31,207,273,0.7582417582417582,late,"[180, 210)"
8221,PF_0022105,080400,1,2025-04-02,0,0,4,110.0,9.0,,,,27.6,,,4,False,7566,2024년_딸기(설향),2024-09-01,2025-05-31,213,273,0.7802197802197802,late,"[210, 240)"
8248,PF_0022105,080400,2,2025-04-02,0,0,11,102.0,10.0,,,,23.9,,,11,False,7566,2024년_딸기(설향),2024-09-01,2025-05-31,213,273,0.7802197802197802,late,"[210, 240)"
8291,PF_0022105,080400,4,2025-04-02,0,5,12,92.0,10.0,,,,28.2,,,17,False,7566,2024년_딸기(설향),2024-09-01,2025-05-31,213,273,0.7802197802197802,late,"[210, 240)"
8328,PF_0022105,080400,6,2025-04-02,0,2,9,124.0,10.0,,,,26.9,,,11,False,7566,2024년_딸기(설향),2024-09-01,2025-05-31,213,273,0.7802197802197802,late,"[210, 240)"
8355,PF_0022105,080400,7,2025-04-02,0,0,4,122.0,10.0,,,,25.7,,,4,False,7566,2024년_딸기(설향),2024-09-01,2025-05-31,213,273,0.7802197802197802,late,"[210, 240)"
8382,PF_0022105,080400,8,2025-04-02,0,0,0,93.0,10.0,,,,15.9,,,0,True,7566,2024년_딸기(설향),2024-09-01,2025-05-31,213,273,0.7802197802197802,late,"[210, 240)"
8409,PF_0022105,080400,9,2025-04-02,0,3,3,128.0,11.0,,,,32.3,,,6,False,7566,2024년_딸기(설향),2024-09-01,2025-05-31,213,273,0.7802197802197802,late,"[210, 240)"
8222,PF_0022105,080400,1,2025-04-09,0,0,0,112.0,10.0,,,,27.3,,,0,True,7566,2024년_딸기(설향),2024-09-01,2025-05-31,220,273,0.8058608058608059,late,"[210, 240)"
8249,PF_0022105,080400,2,2025-04-09,0,0,9,104.0,11.0,,,,24.1,,,9,False,7566,2024년_딸기(설향),2024-09-01,2025-05-31,220,273,0.8058608058608059,late,"[210, 240)"
8292,PF_0022105,080400,4,2025-04-09,0,6,11,93.0,11.0,,,,27.9,,,17,False,7566,2024년_딸기(설향),2024-09-01,2025-05-31,220,273,0.8058608058608059,late,"[210, 240)"
8329,PF_0022105,080400,6,2025-04-09,0,0,7,126.0,11.0,,,,27.1,,,7,False,7566,2024년_딸기(설향),2024-09-01,2025-05-31,220,273,0.8058608058608059,late,"[210, 240)"
8356,PF_0022105,080400,7,2025-04-09,0,0,2,124.0,11.0,,,,25.6,,,2,False,7566,2024년_딸기(설향),2024-09-01,2025-05-31,220,273,0.8058608058608059,late,"[210, 240)"
8383,PF_0022105,080400,8,2025-04-09,0,0,0,95.0,10.0,,,,16.1,,,0,True,7566,2024년_딸기(설향),2024-09-01,2025-05-31,220,273,0.8058608058608059,late,"[210, 240)"
8410,PF_0022105,080400,9,2025-04-09,0,0,3,129.0,12.0,,,,32.0,,,3,False,7566,2024년_딸기(설향),2024-09-01,2025-05-31,220,273,0.8058608058608059,late,"[210, 240)"
27936,PF_0022105,080400,1,2026-01-12,4,6,1,67.0,10.0,,,,16.1,,,11,False,9021,2025년_딸기(설향),2025-09-22,2026-05-31,112,252,0.4444444444444444,middle,"[90, 120)"
27959,PF_0022105,080400,2,2026-01-12,4,7,1,83.0,5.0,,,,13.6,,,12,False,9021,2025년_딸기(설향),2025-09-22,2026-05-31,112,252,0.4444444444444444,middle,"[90, 120)"
27937,PF_0022105,080400,1,2026-01-19,4,8,2,67.0,10.0,,,,16.7,,,14,False,9021,2025년_딸기(설향),2025-09-22,2026-05-31,119,252,0.4722222222222222,middle,"[90, 120)"
27960,PF_0022105,080400,2,2026-01-19,4,7,2,66.0,7.0,,,,13.6,,,13,False,9021,2025년_딸기(설향),2025-09-22,2026-05-31,119,252,0.4722222222222222,middle,"[90, 120)"
27983,PF_0022105,080400,3,2026-01-19,3,9,1,65.0,12.0,,,,12.9,,,13,False,9021,2025년_딸기(설향),2025-09-22,2026-05-31,119,252,0.4722222222222222,middle,"[90, 120)"
28075,PF_0022105,080400,7,2026-01-19,5,11,1,79.0,11.0,,,,16.3,,,17,False,9021,2025년_딸기(설향),2025-09-22,2026-05-31,119,252,0.4722222222222222,middle,"[90, 120)"
27961,PF_0022105,080400,2,2026-01-26,4,7,3,80.0,7.0,,,,13.6,,,14,False,9021,2025년_딸기(설향),2025-09-22,2026-05-31,126,252,0.5,middle,"[120, 150)"
28076,PF_0022105,080400,7,2026-01-26,5,7,2,80.0,9.0,,,,16.3,,,14,False,9021,2025년_딸기(설향),2025-09-22,2026-05-31,126,252,0.5,middle,"[120, 150)"
27962,PF_0022105,080400,2,2026-02-02,1,7,4,65.0,8.0,,,,13.6,,,12,False,9021,2025년_딸기(설향),2025-09-22,2026-05-31,133,252,0.5277777777777778,middle,"[120, 150)"
28077,PF_0022105,080400,7,2026-02-02,2,7,4,80.0,9.0,,,,16.3,,,13,False,9021,2025년_딸기(설향),2025-09-22,2026-05-31,133,252,0.5277777777777778,middle,"[120, 150)"
28123,PF_0022105,080400,9,2026-02-02,4,6,1,96.0,7.0,,,,14.1,,,11,False,9021,2025년_딸기(설향),2025-09-22,2026-05-31,133,252,0.5277777777777778,middle,"[120, 150)"
28055,PF_0022105,080400,6,2026-02-10,1,7,1,91.0,5.0,,,,15.9,,,9,False,9021,2025년_딸기(설향),2025-09-22,2026-05-31,141,252,0.5595238095238095,middle,"[120, 150)"
28124,PF_0022105,080400,9,2026-02-10,3,7,2,94.0,8.0,,,,14.1,,,12,False,9021,2025년_딸기(설향),2025-09-22,2026-05-31,141,252,0.5595238095238095,middle,"[120, 150)"
27967,PF_0022105,080400,2,2026-03-11,0,0,4,36.0,9.0,,,,15.8,,,4,False,9021,2025년_딸기(설향),2025-09-22,2026-05-31,170,252,0.6746031746031746,late,"[150, 180)"
27946,PF_0022105,080400,1,2026-03-25,0,0,0,53.0,19.0,,,,17.6,,,0,True,9021,2025년_딸기(설향),2025-09-22,2026-05-31,184,252,0.7301587301587301,late,"[180, 210)"
27969,PF_0022105,080400,2,2026-03-25,0,0,2,33.0,10.0,,,,15.8,,,2,False,9021,2025년_딸기(설향),2025-09-22,2026-05-31,184,252,0.7301587301587301,late,"[180, 210)"
27992,PF_0022105,080400,3,2026-03-25,0,0,2,46.0,15.0,,,,15.6,,,2,False,9021,2025년_딸기(설향),2025-09-22,2026-05-31,184,252,0.7301587301587301,late,"[180, 210)"
28038,PF_0022105,080400,5,2026-03-25,0,2,9,60.0,13.0,,,,15.4,,,11,False,9021,2025년_딸기(설향),2025-09-22,2026-05-31,184,252,0.7301587301587301,late,"[180, 210)"
28061,PF_0022105,080400,6,2026-03-25,0,0,9,91.0,5.0,,,,15.9,,,9,False,9021,2025년_딸기(설향),2025-09-22,2026-05-31,184,252,0.7301587301587301,late,"[180, 210)"
28084,PF_0022105,080400,7,2026-03-25,0,0,10,42.0,11.0,,,,16.4,,,10,False,9021,2025년_딸기(설향),2025-09-22,2026-05-31,184,252,0.7301587301587301,late,"[180, 210)"
28107,PF_0022105,080400,8,2026-03-25,0,4,6,50.0,11.0,,,,14.7,,,10,False,9021,2025년_딸기(설향),2025-09-22,2026-05-31,184,252,0.7301587301587301,late,"[180, 210)"
28130,PF_0022105,080400,9,2026-03-25,0,2,9,60.0,13.0,,,,16.5,,,11,False,9021,2025년_딸기(설향),2025-09-22,2026-05-31,184,252,0.7301587301587301,late,"[180, 210)"
27947,PF_0022105,080400,1,2026-04-01,0,0,0,56.0,21.0,,,,17.6,,,0,True,9021,2025년_딸기(설향),2025-09-22,2026-05-31,191,252,0.7579365079365079,late,"[180, 210)"
27970,PF_0022105,080400,2,2026-04-01,0,0,0,33.0,10.0,,,,15.8,,,0,True,9021,2025년_딸기(설향),2025-09-22,2026-05-31,191,252,0.7579365079365079,late,"[180, 210)"
27993,PF_0022105,080400,3,2026-04-01,0,0,1,45.0,17.0,,,,15.9,,,1,False,9021,2025년_딸기(설향),2025-09-22,2026-05-31,191,252,0.7579365079365079,late,"[180, 210)"
28016,PF_0022105,080400,4,2026-04-01,0,3,1,45.0,10.0,,,,14.8,,,4,False,9021,2025년_딸기(설향),2025-09-22,2026-05-31,191,252,0.7579365079365079,late,"[180, 210)"
28039,PF_0022105,080400,5,2026-04-01,0,0,9,69.0,15.0,,,,15.4,,,9,False,9021,2025년_딸기(설향),2025-09-22,2026-05-31,191,252,0.7579365079365079,late,"[180, 210)"
28062,PF_0022105,080400,6,2026-04-01,0,0,9,91.0,5.0,,,,15.9,,,9,False,9021,2025년_딸기(설향),2025-09-22,2026-05-31,191,252,0.7579365079365079,late,"[180, 210)"
28085,PF_0022105,080400,7,2026-04-01,0,0,7,35.0,12.0,,,,16.4,,,7,False,9021,2025년_딸기(설향),2025-09-22,2026-05-31,191,252,0.7579365079365079,late,"[180, 210)"
28108,PF_0022105,080400,8,2026-04-01,0,2,6,48.0,11.0,,,,14.7,,,8,False,9021,2025년_딸기(설향),2025-09-22,2026-05-31,191,252,0.7579365079365079,late,"[180, 210)"
28131,PF_0022105,080400,9,2026-04-01,0,0,9,60.0,12.0,,,,16.5,,,9,False,9021,2025년_딸기(설향),2025-09-22,2026-05-31,191,252,0.7579365079365079,late,"[180, 210)"
27948,PF_0022105,080400,1,2026-04-08,0,0,0,54.0,23.0,,,,17.6,,,0,True,9021,2025년_딸기(설향),2025-09-22,2026-05-31,198,252,0.7857142857142857,late,"[180, 210)"
27971,PF_0022105,080400,2,2026-04-08,0,0,0,58.0,11.0,,,,15.8,,,0,True,9021,2025년_딸기(설향),2025-09-22,2026-05-31,198,252,0.7857142857142857,late,"[180, 210)"
27994,PF_0022105,080400,3,2026-04-08,0,0,0,50.0,18.0,,,,15.9,,,0,True,9021,2025년_딸기(설향),2025-09-22,2026-05-31,198,252,0.7857142857142857,late,"[180, 210)"
28017,PF_0022105,080400,4,2026-04-08,0,1,3,50.0,12.0,,,,14.8,,,4,False,9021,2025년_딸기(설향),2025-09-22,2026-05-31,198,252,0.7857142857142857,late,"[180, 210)"
28040,PF_0022105,080400,5,2026-04-08,0,0,8,72.0,15.0,,,,15.4,,,8,False,9021,2025년_딸기(설향),2025-09-22,2026-05-31,198,252,0.7857142857142857,late,"[180, 210)"
28063,PF_0022105,080400,6,2026-04-08,0,0,7,80.0,6.0,,,,15.9,,,7,False,9021,2025년_딸기(설향),2025-09-22,2026-05-31,198,252,0.7857142857142857,late,"[180, 210)"
28086,PF_0022105,080400,7,2026-04-08,0,0,5,65.0,14.0,,,,17.6,,,5,False,9021,2025년_딸기(설향),2025-09-22,2026-05-31,198,252,0.7857142857142857,late,"[180, 210)"
28109,PF_0022105,080400,8,2026-04-08,0,0,6,46.0,11.0,,,,14.7,,,6,False,9021,2025년_딸기(설향),2025-09-22,2026-05-31,198,252,0.7857142857142857,late,"[180, 210)"
28132,PF_0022105,080400,9,2026-04-08,0,0,6,50.0,14.0,,,,16.5,,,6,False,9021,2025년_딸기(설향),2025-09-22,2026-05-31,198,252,0.7857142857142857,late,"[180, 210)"
27949,PF_0022105,080400,1,2026-04-15,0,0,0,77.0,19.0,,,,17.6,,,0,True,9021,2025년_딸기(설향),2025-09-22,2026-05-31,205,252,0.8134920634920635,late,"[180, 210)"
27972,PF_0022105,080400,2,2026-04-15,0,0,0,77.0,6.0,,,,15.8,,,0,True,9021,2025년_딸기(설향),2025-09-22,2026-05-31,205,252,0.8134920634920635,late,"[180, 210)"
27995,PF_0022105,080400,3,2026-04-15,0,0,0,50.0,15.0,,,,15.9,,,0,True,9021,2025년_딸기(설향),2025-09-22,2026-05-31,205,252,0.8134920634920635,late,"[180, 210)"
28018,PF_0022105,080400,4,2026-04-15,0,0,3,49.0,9.0,,,,14.8,,,3,False,9021,2025년_딸기(설향),2025-09-22,2026-05-31,205,252,0.8134920634920635,late,"[180, 210)"
28041,PF_0022105,080400,5,2026-04-15,0,0,2,75.0,14.0,,,,15.4,,,2,False,9021,2025년_딸기(설향),2025-09-22,2026-05-31,205,252,0.8134920634920635,late,"[180, 210)"
28064,PF_0022105,080400,6,2026-04-15,0,0,3,90.0,4.0,,,,15.9,,,3,False,9021,2025년_딸기(설향),2025-09-22,2026-05-31,205,252,0.8134920634920635,late,"[180, 210)"
28087,PF_0022105,080400,7,2026-04-15,0,0,0,58.0,12.0,,,,17.6,,,0,True,9021,2025년_딸기(설향),2025-09-22,2026-05-31,205,252,0.8134920634920635,late,"[180, 210)"
28110,PF_0022105,080400,8,2026-04-15,0,0,2,47.0,12.0,,,,14.7,,,2,False,9021,2025년_딸기(설향),2025-09-22,2026-05-31,205,252,0.8134920634920635,late,"[180, 210)"
28133,PF_0022105,080400,9,2026-04-15,0,0,1,55.0,13.0,,,,16.5,,,1,False,9021,2025년_딸기(설향),2025-09-22,2026-05-31,205,252,0.8134920634920635,late,"[180, 210)"
27950,PF_0022105,080400,1,2026-04-22,0,0,0,94.0,22.0,,,,17.6,,,0,True,9021,2025년_딸기(설향),2025-09-22,2026-05-31,212,252,0.8412698412698413,late,"[210, 240)"
27973,PF_0022105,080400,2,2026-04-22,0,0,0,101.0,8.0,,,,15.8,,,0,True,9021,2025년_딸기(설향),2025-09-22,2026-05-31,212,252,0.8412698412698413,late,"[210, 240)"
27996,PF_0022105,080400,3,2026-04-22,0,0,0,50.0,17.0,,,,15.9,,,0,True,9021,2025년_딸기(설향),2025-09-22,2026-05-31,212,252,0.8412698412698413,late,"[210, 240)"
28019,PF_0022105,080400,4,2026-04-22,0,0,3,55.0,10.0,,,,14.8,,,3,False,9021,2025년_딸기(설향),2025-09-22,2026-05-31,212,252,0.8412698412698413,late,"[210, 240)"
28042,PF_0022105,080400,5,2026-04-22,0,0,0,77.0,14.0,,,,15.4,,,0,True,9021,2025년_딸기(설향),2025-09-22,2026-05-31,212,252,0.8412698412698413,late,"[210, 240)"
28065,PF_0022105,080400,6,2026-04-22,0,0,0,90.0,5.0,,,,15.9,,,0,True,9021,2025년_딸기(설향),2025-09-22,2026-05-31,212,252,0.8412698412698413,late,"[210, 240)"
28088,PF_0022105,080400,7,2026-04-22,0,0,0,59.0,12.0,,,,17.6,,,0,True,9021,2025년_딸기(설향),2025-09-22,2026-05-31,212,252,0.8412698412698413,late,"[210, 240)"
28111,PF_0022105,080400,8,2026-04-22,0,0,0,50.0,12.0,,,,14.7,,,0,True,9021,2025년_딸기(설향),2025-09-22,2026-05-31,212,252,0.8412698412698413,late,"[210, 240)"
28134,PF_0022105,080400,9,2026-04-22,0,0,0,70.0,14.0,,,,16.5,,,0,True,9021,2025년_딸기(설향),2025-09-22,2026-05-31,212,252,0.8412698412698413,late,"[210, 240)"
27951,PF_0022105,080400,1,2026-04-29,0,0,0,104.0,24.0,,,,17.6,,,0,True,9021,2025년_딸기(설향),2025-09-22,2026-05-31,219,252,0.8690476190476191,late,"[210, 240)"
27974,PF_0022105,080400,2,2026-04-29,0,0,0,59.0,7.0,,,,15.8,,,0,True,9021,2025년_딸기(설향),2025-09-22,2026-05-31,219,252,0.8690476190476191,late,"[210, 240)"
27997,PF_0022105,080400,3,2026-04-29,0,0,0,56.0,20.0,,,,15.9,,,0,True,9021,2025년_딸기(설향),2025-09-22,2026-05-31,219,252,0.8690476190476191,late,"[210, 240)"
28020,PF_0022105,080400,4,2026-04-29,0,0,3,60.0,11.0,,,,14.8,,,3,False,9021,2025년_딸기(설향),2025-09-22,2026-05-31,219,252,0.8690476190476191,late,"[210, 240)"
28043,PF_0022105,080400,5,2026-04-29,0,0,0,90.0,16.0,,,,15.4,,,0,True,9021,2025년_딸기(설향),2025-09-22,2026-05-31,219,252,0.8690476190476191,late,"[210, 240)"
28066,PF_0022105,080400,6,2026-04-29,0,0,0,90.0,6.0,,,,15.9,,,0,True,9021,2025년_딸기(설향),2025-09-22,2026-05-31,219,252,0.8690476190476191,late,"[210, 240)"
28089,PF_0022105,080400,7,2026-04-29,0,0,0,60.0,15.0,,,,17.6,,,0,True,9021,2025년_딸기(설향),2025-09-22,2026-05-31,219,252,0.8690476190476191,late,"[210, 240)"
28112,PF_0022105,080400,8,2026-04-29,0,0,0,52.0,14.0,,,,14.7,,,0,True,9021,2025년_딸기(설향),2025-09-22,2026-05-31,219,252,0.8690476190476191,late,"[210, 240)"
28135,PF_0022105,080400,9,2026-04-29,0,0,0,70.0,16.0,,,,16.5,,,0,True,9021,2025년_딸기(설향),2025-09-22,2026-05-31,219,252,0.8690476190476191,late,"[210, 240)"
27952,PF_0022105,080400,1,2026-05-06,0,0,0,105.0,25.0,,,,17.6,,,0,True,9021,2025년_딸기(설향),2025-09-22,2026-05-31,226,252,0.8968253968253969,late,"[210, 240)"
27975,PF_0022105,080400,2,2026-05-06,0,0,0,90.0,8.0,,,,15.8,,,0,True,9021,2025년_딸기(설향),2025-09-22,2026-05-31,226,252,0.8968253968253969,late,"[210, 240)"
27998,PF_0022105,080400,3,2026-05-06,0,0,0,80.0,26.0,,,,15.9,,,0,True,9021,2025년_딸기(설향),2025-09-22,2026-05-31,226,252,0.8968253968253969,late,"[210, 240)"
28021,PF_0022105,080400,4,2026-05-06,0,0,2,90.0,12.0,,,,15.3,,,2,False,9021,2025년_딸기(설향),2025-09-22,2026-05-31,226,252,0.8968253968253969,late,"[210, 240)"
28044,PF_0022105,080400,5,2026-05-06,0,0,0,103.0,17.0,,,,15.4,,,0,True,9021,2025년_딸기(설향),2025-09-22,2026-05-31,226,252,0.8968253968253969,late,"[210, 240)"
28067,PF_0022105,080400,6,2026-05-06,0,0,0,48.0,7.0,,,,15.9,,,0,True,9021,2025년_딸기(설향),2025-09-22,2026-05-31,226,252,0.8968253968253969,late,"[210, 240)"
28090,PF_0022105,080400,7,2026-05-06,0,0,0,70.0,16.0,,,,17.6,,,0,True,9021,2025년_딸기(설향),2025-09-22,2026-05-31,226,252,0.8968253968253969,late,"[210, 240)"
28113,PF_0022105,080400,8,2026-05-06,0,0,0,70.0,15.0,,,,14.7,,,0,True,9021,2025년_딸기(설향),2025-09-22,2026-05-31,226,252,0.8968253968253969,late,"[210, 240)"
28136,PF_0022105,080400,9,2026-05-06,0,0,0,70.0,17.0,,,,16.5,,,0,True,9021,2025년_딸기(설향),2025-09-22,2026-05-31,226,252,0.8968253968253969,late,"[210, 240)"
27953,PF_0022105,080400,1,2026-05-13,0,0,0,100.0,24.0,,,,17.6,,,0,True,9021,2025년_딸기(설향),2025-09-22,2026-05-31,233,252,0.9246031746031746,late,"[210, 240)"
27976,PF_0022105,080400,2,2026-05-13,0,0,0,120.0,10.0,,,,15.8,,,0,True,9021,2025년_딸기(설향),2025-09-22,2026-05-31,233,252,0.9246031746031746,late,"[210, 240)"
27999,PF_0022105,080400,3,2026-05-13,0,0,0,85.0,28.0,,,,15.9,,,0,True,9021,2025년_딸기(설향),2025-09-22,2026-05-31,233,252,0.9246031746031746,late,"[210, 240)"
28022,PF_0022105,080400,4,2026-05-13,0,0,1,90.0,12.0,,,,15.3,,,1,False,9021,2025년_딸기(설향),2025-09-22,2026-05-31,233,252,0.9246031746031746,late,"[210, 240)"
28045,PF_0022105,080400,5,2026-05-13,0,0,0,107.0,18.0,,,,15.4,,,0,True,9021,2025년_딸기(설향),2025-09-22,2026-05-31,233,252,0.9246031746031746,late,"[210, 240)"
28068,PF_0022105,080400,6,2026-05-13,0,0,0,48.0,9.0,,,,15.9,,,0,True,9021,2025년_딸기(설향),2025-09-22,2026-05-31,233,252,0.9246031746031746,late,"[210, 240)"
28091,PF_0022105,080400,7,2026-05-13,0,0,0,70.0,14.0,,,,17.6,,,0,True,9021,2025년_딸기(설향),2025-09-22,2026-05-31,233,252,0.9246031746031746,late,"[210, 240)"
28114,PF_0022105,080400,8,2026-05-13,0,0,0,69.0,16.0,,,,15.1,,,0,True,9021,2025년_딸기(설향),2025-09-22,2026-05-31,233,252,0.9246031746031746,late,"[210, 240)"
28137,PF_0022105,080400,9,2026-05-13,0,0,0,90.0,18.0,,,,16.5,,,0,True,9021,2025년_딸기(설향),2025-09-22,2026-05-31,233,252,0.9246031746031746,late,"[210, 240)"
27954,PF_0022105,080400,1,2026-05-20,0,0,0,100.0,24.0,,,,17.6,,,0,True,9021,2025년_딸기(설향),2025-09-22,2026-05-31,240,252,0.9523809523809523,late,"[240, 270)"
27977,PF_0022105,080400,2,2026-05-20,0,0,0,120.0,10.0,,,,15.8,,,0,True,9021,2025년_딸기(설향),2025-09-22,2026-05-31,240,252,0.9523809523809523,late,"[240, 270)"
28000,PF_0022105,080400,3,2026-05-20,0,0,0,90.0,29.0,,,,16.5,,,0,True,9021,2025년_딸기(설향),2025-09-22,2026-05-31,240,252,0.9523809523809523,late,"[240, 270)"
28023,PF_0022105,080400,4,2026-05-20,0,0,0,92.0,13.0,,,,15.3,,,0,True,9021,2025년_딸기(설향),2025-09-22,2026-05-31,240,252,0.9523809523809523,late,"[240, 270)"
28046,PF_0022105,080400,5,2026-05-20,0,0,0,105.0,19.0,,,,15.4,,,0,True,9021,2025년_딸기(설향),2025-09-22,2026-05-31,240,252,0.9523809523809523,late,"[240, 270)"
28069,PF_0022105,080400,6,2026-05-20,0,0,0,70.0,11.0,,,,15.9,,,0,True,9021,2025년_딸기(설향),2025-09-22,2026-05-31,240,252,0.9523809523809523,late,"[240, 270)"
28092,PF_0022105,080400,7,2026-05-20,0,0,0,70.0,14.0,,,,17.6,,,0,True,9021,2025년_딸기(설향),2025-09-22,2026-05-31,240,252,0.9523809523809523,late,"[240, 270)"
28115,PF_0022105,080400,8,2026-05-20,0,0,0,98.0,18.0,,,,15.1,,,0,True,9021,2025년_딸기(설향),2025-09-22,2026-05-31,240,252,0.9523809523809523,late,"[240, 270)"
28138,PF_0022105,080400,9,2026-05-20,0,0,0,90.0,18.0,,,,16.5,,,0,True,9021,2025년_딸기(설향),2025-09-22,2026-05-31,240,252,0.9523809523809523,late,"[240, 270)"
27955,PF_0022105,080400,1,2026-05-27,0,0,0,100.0,24.0,,,,17.6,,,0,True,9021,2025년_딸기(설향),2025-09-22,2026-05-31,247,252,0.9801587301587301,late,"[240, 270)"
27978,PF_0022105,080400,2,2026-05-27,0,0,0,120.0,10.0,,,,15.8,,,0,True,9021,2025년_딸기(설향),2025-09-22,2026-05-31,247,252,0.9801587301587301,late,"[240, 270)"
28001,PF_0022105,080400,3,2026-05-27,0,0,0,90.0,29.0,,,,16.5,,,0,True,9021,2025년_딸기(설향),2025-09-22,2026-05-31,247,252,0.9801587301587301,late,"[240, 270)"
28024,PF_0022105,080400,4,2026-05-27,0,0,0,92.0,13.0,,,,15.3,,,0,True,9021,2025년_딸기(설향),2025-09-22,2026-05-31,247,252,0.9801587301587301,late,"[240, 270)"
28047,PF_0022105,080400,5,2026-05-27,0,0,0,105.0,19.0,,,,15.4,,,0,True,9021,2025년_딸기(설향),2025-09-22,2026-05-31,247,252,0.9801587301587301,late,"[240, 270)"
28070,PF_0022105,080400,6,2026-05-27,0,0,0,70.0,11.0,,,,15.9,,,0,True,9021,2025년_딸기(설향),2025-09-22,2026-05-31,247,252,0.9801587301587301,late,"[240, 270)"
28093,PF_0022105,080400,7,2026-05-27,0,0,0,70.0,14.0,,,,17.6,,,0,True,9021,2025년_딸기(설향),2025-09-22,2026-05-31,247,252,0.9801587301587301,late,"[240, 270)"
28116,PF_0022105,080400,8,2026-05-27,0,0,0,98.0,18.0,,,,15.1,,,0,True,9021,2025년_딸기(설향),2025-09-22,2026-05-31,247,252,0.9801587301587301,late,"[240, 270)"
28139,PF_0022105,080400,9,2026-05-27,0,0,0,90.0,18.0,,,,16.5,,,0,True,9021,2025년_딸기(설향),2025-09-22,2026-05-31,247,252,0.9801587301587301,late,"[240, 270)"
8501,PF_0023621,080400,1,2024-09-24,0,0,0,87.0,5.0,,,,11.12,,,0,True,7565,2024년_딸기(설향),2024-09-15,2025-05-03,9,231,0.03896103896103896,early,"[0, 30)"
8520,PF_0023621,080400,2,2024-09-24,0,0,0,92.0,6.0,,,,10.49,,,0,True,7565,2024년_딸기(설향),2024-09-15,2025-05-03,9,231,0.03896103896103896,early,"[0, 30)"
8548,PF_0023621,080400,3,2024-09-24,0,0,0,95.0,6.0,,,,10.9,,,0,True,7565,2024년_딸기(설향),2024-09-15,2025-05-03,9,231,0.03896103896103896,early,"[0, 30)"
8574,PF_0023621,080400,4,2024-09-24,0,0,0,89.0,6.0,,,,11.74,,,0,True,7565,2024년_딸기(설향),2024-09-15,2025-05-03,9,231,0.03896103896103896,early,"[0, 30)"
8590,PF_0023621,080400,5,2024-09-24,0,0,0,93.0,5.0,,,,11.37,,,0,True,7565,2024년_딸기(설향),2024-09-15,2025-05-03,9,231,0.03896103896103896,early,"[0, 30)"
8616,PF_0023621,080400,6,2024-09-24,0,0,0,91.0,6.0,,,,10.34,,,0,True,7565,2024년_딸기(설향),2024-09-15,2025-05-03,9,231,0.03896103896103896,early,"[0, 30)"
8642,PF_0023621,080400,7,2024-09-24,0,0,0,84.0,5.0,,,,10.26,,,0,True,7565,2024년_딸기(설향),2024-09-15,2025-05-03,9,231,0.03896103896103896,early,"[0, 30)"
8666,PF_0023621,080400,8,2024-09-24,0,0,0,89.0,6.0,,,,10.91,,,0,True,7565,2024년_딸기(설향),2024-09-15,2025-05-03,9,231,0.03896103896103896,early,"[0, 30)"
8681,PF_0023621,080400,9,2024-09-24,0,0,0,100.0,5.0,,,,10.54,,,0,True,7565,2024년_딸기(설향),2024-09-15,2025-05-03,9,231,0.03896103896103896,early,"[0, 30)"
8502,PF_0023621,080400,1,2024-10-01,0,0,0,90.0,5.0,,,,11.2,,,0,True,7565,2024년_딸기(설향),2024-09-15,2025-05-03,16,231,0.06926406926406926,early,"[0, 30)"
8521,PF_0023621,080400,2,2024-10-01,0,0,0,99.0,6.0,,,,11.67,,,0,True,7565,2024년_딸기(설향),2024-09-15,2025-05-03,16,231,0.06926406926406926,early,"[0, 30)"
8549,PF_0023621,080400,3,2024-10-01,0,0,0,92.0,7.0,,,,11.8,,,0,True,7565,2024년_딸기(설향),2024-09-15,2025-05-03,16,231,0.06926406926406926,early,"[0, 30)"
8575,PF_0023621,080400,4,2024-10-01,0,0,0,96.0,5.0,,,,10.55,,,0,True,7565,2024년_딸기(설향),2024-09-15,2025-05-03,16,231,0.06926406926406926,early,"[0, 30)"
8591,PF_0023621,080400,5,2024-10-01,0,0,0,99.0,6.0,,,,11.81,,,0,True,7565,2024년_딸기(설향),2024-09-15,2025-05-03,16,231,0.06926406926406926,early,"[0, 30)"
8617,PF_0023621,080400,6,2024-10-01,0,0,0,103.0,5.0,,,,10.84,,,0,True,7565,2024년_딸기(설향),2024-09-15,2025-05-03,16,231,0.06926406926406926,early,"[0, 30)"
8643,PF_0023621,080400,7,2024-10-01,0,0,0,89.0,6.0,,,,11.37,,,0,True,7565,2024년_딸기(설향),2024-09-15,2025-05-03,16,231,0.06926406926406926,early,"[0, 30)"
8667,PF_0023621,080400,8,2024-10-01,0,0,0,93.0,6.0,,,,11.23,,,0,True,7565,2024년_딸기(설향),2024-09-15,2025-05-03,16,231,0.06926406926406926,early,"[0, 30)"
8682,PF_0023621,080400,9,2024-10-01,0,0,0,100.0,5.0,,,,11.26,,,0,True,7565,2024년_딸기(설향),2024-09-15,2025-05-03,16,231,0.06926406926406926,early,"[0, 30)"
8503,PF_0023621,080400,1,2024-10-08,0,0,0,92.0,6.0,,,,12.16,,,0,True,7565,2024년_딸기(설향),2024-09-15,2025-05-03,23,231,0.09956709956709957,early,"[0, 30)"
8522,PF_0023621,080400,2,2024-10-08,0,0,0,103.0,8.0,,,,12.73,,,0,True,7565,2024년_딸기(설향),2024-09-15,2025-05-03,23,231,0.09956709956709957,early,"[0, 30)"
8550,PF_0023621,080400,3,2024-10-08,0,0,0,108.0,8.0,,,,12.67,,,0,True,7565,2024년_딸기(설향),2024-09-15,2025-05-03,23,231,0.09956709956709957,early,"[0, 30)"
8576,PF_0023621,080400,4,2024-10-08,0,0,0,103.0,6.0,,,,11.21,,,0,True,7565,2024년_딸기(설향),2024-09-15,2025-05-03,23,231,0.09956709956709957,early,"[0, 30)"
8592,PF_0023621,080400,5,2024-10-08,0,0,0,102.0,5.0,,,,12.18,,,0,True,7565,2024년_딸기(설향),2024-09-15,2025-05-03,23,231,0.09956709956709957,early,"[0, 30)"
8618,PF_0023621,080400,6,2024-10-08,0,0,0,103.0,5.0,,,,11.62,,,0,True,7565,2024년_딸기(설향),2024-09-15,2025-05-03,23,231,0.09956709956709957,early,"[0, 30)"
8644,PF_0023621,080400,7,2024-10-08,0,0,0,85.0,4.0,,,,11.98,,,0,True,7565,2024년_딸기(설향),2024-09-15,2025-05-03,23,231,0.09956709956709957,early,"[0, 30)"
8668,PF_0023621,080400,8,2024-10-08,0,0,0,75.0,3.0,,,,11.69,,,0,True,7565,2024년_딸기(설향),2024-09-15,2025-05-03,23,231,0.09956709956709957,early,"[0, 30)"
8683,PF_0023621,080400,9,2024-10-08,0,0,0,65.0,4.0,,,,11.67,,,0,True,7565,2024년_딸기(설향),2024-09-15,2025-05-03,23,231,0.09956709956709957,early,"[0, 30)"
8504,PF_0023621,080400,1,2024-10-15,0,0,0,93.0,8.0,,,,13.65,,,0,True,7565,2024년_딸기(설향),2024-09-15,2025-05-03,30,231,0.12987012987012986,early,"[30, 60)"
8523,PF_0023621,080400,2,2024-10-15,0,0,0,105.0,6.0,,,,13.58,,,0,True,7565,2024년_딸기(설향),2024-09-15,2025-05-03,30,231,0.12987012987012986,early,"[30, 60)"
8551,PF_0023621,080400,3,2024-10-15,0,0,0,100.0,6.0,,,,13.25,,,0,True,7565,2024년_딸기(설향),2024-09-15,2025-05-03,30,231,0.12987012987012986,early,"[30, 60)"
8577,PF_0023621,080400,4,2024-10-15,0,0,0,108.0,6.0,,,,12.03,,,0,True,7565,2024년_딸기(설향),2024-09-15,2025-05-03,30,231,0.12987012987012986,early,"[30, 60)"
8593,PF_0023621,080400,5,2024-10-15,0,0,0,108.0,6.0,,,,12.96,,,0,True,7565,2024년_딸기(설향),2024-09-15,2025-05-03,30,231,0.12987012987012986,early,"[30, 60)"
8619,PF_0023621,080400,6,2024-10-15,0,0,0,110.0,6.0,,,,12.6,,,0,True,7565,2024년_딸기(설향),2024-09-15,2025-05-03,30,231,0.12987012987012986,early,"[30, 60)"
8645,PF_0023621,080400,7,2024-10-15,0,0,0,89.0,6.0,,,,12.34,,,0,True,7565,2024년_딸기(설향),2024-09-15,2025-05-03,30,231,0.12987012987012986,early,"[30, 60)"
8669,PF_0023621,080400,8,2024-10-15,0,0,0,85.0,6.0,,,,12.87,,,0,True,7565,2024년_딸기(설향),2024-09-15,2025-05-03,30,231,0.12987012987012986,early,"[30, 60)"
8684,PF_0023621,080400,9,2024-10-15,0,0,0,71.0,6.0,,,,12.25,,,0,True,7565,2024년_딸기(설향),2024-09-15,2025-05-03,30,231,0.12987012987012986,early,"[30, 60)"
8505,PF_0023621,080400,1,2024-10-22,0,0,0,95.0,10.0,,,,13.85,,,0,True,7565,2024년_딸기(설향),2024-09-15,2025-05-03,37,231,0.16017316017316016,early,"[30, 60)"
8524,PF_0023621,080400,2,2024-10-22,0,0,0,105.0,10.0,,,,13.9,,,0,True,7565,2024년_딸기(설향),2024-09-15,2025-05-03,37,231,0.16017316017316016,early,"[30, 60)"
8552,PF_0023621,080400,3,2024-10-22,0,0,0,106.0,11.0,,,,13.69,,,0,True,7565,2024년_딸기(설향),2024-09-15,2025-05-03,37,231,0.16017316017316016,early,"[30, 60)"
8578,PF_0023621,080400,4,2024-10-22,0,0,0,110.0,8.0,,,,13.4,,,0,True,7565,2024년_딸기(설향),2024-09-15,2025-05-03,37,231,0.16017316017316016,early,"[30, 60)"
8594,PF_0023621,080400,5,2024-10-22,0,0,0,110.0,8.0,,,,13.58,,,0,True,7565,2024년_딸기(설향),2024-09-15,2025-05-03,37,231,0.16017316017316016,early,"[30, 60)"
8620,PF_0023621,080400,6,2024-10-22,0,0,0,110.0,8.0,,,,13.0,,,0,True,7565,2024년_딸기(설향),2024-09-15,2025-05-03,37,231,0.16017316017316016,early,"[30, 60)"
8646,PF_0023621,080400,7,2024-10-22,0,0,0,92.0,10.0,,,,13.48,,,0,True,7565,2024년_딸기(설향),2024-09-15,2025-05-03,37,231,0.16017316017316016,early,"[30, 60)"
8670,PF_0023621,080400,8,2024-10-22,0,0,0,88.0,5.0,,,,13.57,,,0,True,7565,2024년_딸기(설향),2024-09-15,2025-05-03,37,231,0.16017316017316016,early,"[30, 60)"
8685,PF_0023621,080400,9,2024-10-22,0,0,0,75.0,6.0,,,,13.25,,,0,True,7565,2024년_딸기(설향),2024-09-15,2025-05-03,37,231,0.16017316017316016,early,"[30, 60)"
8506,PF_0023621,080400,1,2024-10-29,0,0,0,95.0,11.0,,,,14.2,,,0,True,7565,2024년_딸기(설향),2024-09-15,2025-05-03,44,231,0.19047619047619047,early,"[30, 60)"
8525,PF_0023621,080400,2,2024-10-29,0,0,0,105.0,11.0,,,,14.4,,,0,True,7565,2024년_딸기(설향),2024-09-15,2025-05-03,44,231,0.19047619047619047,early,"[30, 60)"
8553,PF_0023621,080400,3,2024-10-29,0,0,0,110.0,12.0,,,,14.5,,,0,True,7565,2024년_딸기(설향),2024-09-15,2025-05-03,44,231,0.19047619047619047,early,"[30, 60)"
8579,PF_0023621,080400,4,2024-10-29,0,0,0,114.0,11.0,,,,14.6,,,0,True,7565,2024년_딸기(설향),2024-09-15,2025-05-03,44,231,0.19047619047619047,early,"[30, 60)"
8595,PF_0023621,080400,5,2024-10-29,0,0,0,114.0,11.0,,,,14.8,,,0,True,7565,2024년_딸기(설향),2024-09-15,2025-05-03,44,231,0.19047619047619047,early,"[30, 60)"
8621,PF_0023621,080400,6,2024-10-29,0,0,0,119.0,12.0,,,,13.9,,,0,True,7565,2024년_딸기(설향),2024-09-15,2025-05-03,44,231,0.19047619047619047,early,"[30, 60)"
8647,PF_0023621,080400,7,2024-10-29,0,0,0,96.0,10.0,,,,13.78,,,0,True,7565,2024년_딸기(설향),2024-09-15,2025-05-03,44,231,0.19047619047619047,early,"[30, 60)"
8671,PF_0023621,080400,8,2024-10-29,0,0,0,89.0,7.0,,,,14.2,,,0,True,7565,2024년_딸기(설향),2024-09-15,2025-05-03,44,231,0.19047619047619047,early,"[30, 60)"
8686,PF_0023621,080400,9,2024-10-29,0,0,0,76.0,7.0,,,,13.9,,,0,True,7565,2024년_딸기(설향),2024-09-15,2025-05-03,44,231,0.19047619047619047,early,"[30, 60)"
8507,PF_0023621,080400,1,2024-11-05,0,0,0,132.0,8.0,,,,14.7,,,0,True,7565,2024년_딸기(설향),2024-09-15,2025-05-03,51,231,0.22077922077922077,early,"[30, 60)"
8526,PF_0023621,080400,2,2024-11-05,0,0,0,123.0,8.0,,,,14.5,,,0,True,7565,2024년_딸기(설향),2024-09-15,2025-05-03,51,231,0.22077922077922077,early,"[30, 60)"
8554,PF_0023621,080400,3,2024-11-05,0,0,0,135.0,9.0,,,,14.6,,,0,True,7565,2024년_딸기(설향),2024-09-15,2025-05-03,51,231,0.22077922077922077,early,"[30, 60)"
8580,PF_0023621,080400,4,2024-11-05,0,0,0,131.0,9.0,,,,14.8,,,0,True,7565,2024년_딸기(설향),2024-09-15,2025-05-03,51,231,0.22077922077922077,early,"[30, 60)"
8596,PF_0023621,080400,5,2024-11-05,0,0,0,143.0,10.0,,,,15.0,,,0,True,7565,2024년_딸기(설향),2024-09-15,2025-05-03,51,231,0.22077922077922077,early,"[30, 60)"
8622,PF_0023621,080400,6,2024-11-05,0,0,0,130.0,9.0,,,,14.5,,,0,True,7565,2024년_딸기(설향),2024-09-15,2025-05-03,51,231,0.22077922077922077,early,"[30, 60)"
8648,PF_0023621,080400,7,2024-11-05,0,0,0,121.0,9.0,,,,13.8,,,0,True,7565,2024년_딸기(설향),2024-09-15,2025-05-03,51,231,0.22077922077922077,early,"[30, 60)"
8672,PF_0023621,080400,8,2024-11-05,0,0,0,99.0,9.0,,,,15.5,,,0,True,7565,2024년_딸기(설향),2024-09-15,2025-05-03,51,231,0.22077922077922077,early,"[30, 60)"
8687,PF_0023621,080400,9,2024-11-05,0,0,0,70.0,6.0,,,,14.2,,,0,True,7565,2024년_딸기(설향),2024-09-15,2025-05-03,51,231,0.22077922077922077,early,"[30, 60)"
8508,PF_0023621,080400,1,2024-11-12,0,0,0,132.0,7.0,,,,14.8,,,0,True,7565,2024년_딸기(설향),2024-09-15,2025-05-03,58,231,0.2510822510822511,early,"[30, 60)"
8527,PF_0023621,080400,2,2024-11-12,0,0,0,125.0,7.0,,,,15.1,,,0,True,7565,2024년_딸기(설향),2024-09-15,2025-05-03,58,231,0.2510822510822511,early,"[30, 60)"
8555,PF_0023621,080400,3,2024-11-12,0,0,0,124.0,7.0,,,,15.2,,,0,True,7565,2024년_딸기(설향),2024-09-15,2025-05-03,58,231,0.2510822510822511,early,"[30, 60)"
8581,PF_0023621,080400,4,2024-11-12,0,0,0,133.0,7.0,,,,14.8,,,0,True,7565,2024년_딸기(설향),2024-09-15,2025-05-03,58,231,0.2510822510822511,early,"[30, 60)"
8597,PF_0023621,080400,5,2024-11-12,0,0,0,151.0,7.0,,,,15.0,,,0,True,7565,2024년_딸기(설향),2024-09-15,2025-05-03,58,231,0.2510822510822511,early,"[30, 60)"
8623,PF_0023621,080400,6,2024-11-12,0,0,0,136.0,7.0,,,,15.2,,,0,True,7565,2024년_딸기(설향),2024-09-15,2025-05-03,58,231,0.2510822510822511,early,"[30, 60)"
8649,PF_0023621,080400,7,2024-11-12,0,0,0,128.0,9.0,,,,14.4,,,0,True,7565,2024년_딸기(설향),2024-09-15,2025-05-03,58,231,0.2510822510822511,early,"[30, 60)"
8673,PF_0023621,080400,8,2024-11-12,0,0,0,107.0,5.0,,,,15.6,,,0,True,7565,2024년_딸기(설향),2024-09-15,2025-05-03,58,231,0.2510822510822511,early,"[30, 60)"
8688,PF_0023621,080400,9,2024-11-12,0,0,0,71.0,6.0,,,,14.4,,,0,True,7565,2024년_딸기(설향),2024-09-15,2025-05-03,58,231,0.2510822510822511,early,"[30, 60)"
8509,PF_0023621,080400,1,2024-11-19,0,0,0,140.0,8.0,,,,14.8,,,0,True,7565,2024년_딸기(설향),2024-09-15,2025-05-03,65,231,0.2813852813852814,early,"[60, 90)"
8528,PF_0023621,080400,2,2024-11-19,0,0,0,125.0,7.0,,,,15.1,,,0,True,7565,2024년_딸기(설향),2024-09-15,2025-05-03,65,231,0.2813852813852814,early,"[60, 90)"
8556,PF_0023621,080400,3,2024-11-19,0,0,0,124.0,9.0,,,,15.2,,,0,True,7565,2024년_딸기(설향),2024-09-15,2025-05-03,65,231,0.2813852813852814,early,"[60, 90)"
8582,PF_0023621,080400,4,2024-11-19,0,0,0,133.0,9.0,,,,14.8,,,0,True,7565,2024년_딸기(설향),2024-09-15,2025-05-03,65,231,0.2813852813852814,early,"[60, 90)"
8598,PF_0023621,080400,5,2024-11-19,0,0,0,152.0,8.0,,,,15.6,,,0,True,7565,2024년_딸기(설향),2024-09-15,2025-05-03,65,231,0.2813852813852814,early,"[60, 90)"
8624,PF_0023621,080400,6,2024-11-19,0,0,0,135.0,9.0,,,,15.3,,,0,True,7565,2024년_딸기(설향),2024-09-15,2025-05-03,65,231,0.2813852813852814,early,"[60, 90)"
8650,PF_0023621,080400,7,2024-11-19,0,0,0,129.0,7.0,,,,14.4,,,0,True,7565,2024년_딸기(설향),2024-09-15,2025-05-03,65,231,0.2813852813852814,early,"[60, 90)"
8674,PF_0023621,080400,8,2024-11-19,0,0,0,107.0,5.0,,,,15.6,,,0,True,7565,2024년_딸기(설향),2024-09-15,2025-05-03,65,231,0.2813852813852814,early,"[60, 90)"
8689,PF_0023621,080400,9,2024-11-19,0,0,0,71.0,6.0,,,,14.4,,,0,True,7565,2024년_딸기(설향),2024-09-15,2025-05-03,65,231,0.2813852813852814,early,"[60, 90)"
8510,PF_0023621,080400,1,2024-11-26,0,0,0,140.0,9.0,,,,14.8,,,0,True,7565,2024년_딸기(설향),2024-09-15,2025-05-03,72,231,0.3116883116883117,early,"[60, 90)"
8529,PF_0023621,080400,2,2024-11-26,0,0,0,125.0,10.0,,,,15.4,,,0,True,7565,2024년_딸기(설향),2024-09-15,2025-05-03,72,231,0.3116883116883117,early,"[60, 90)"
8557,PF_0023621,080400,3,2024-11-26,0,0,0,128.0,10.0,,,,15.4,,,0,True,7565,2024년_딸기(설향),2024-09-15,2025-05-03,72,231,0.3116883116883117,early,"[60, 90)"
8583,PF_0023621,080400,4,2024-11-26,0,0,0,133.0,10.0,,,,14.8,,,0,True,7565,2024년_딸기(설향),2024-09-15,2025-05-03,72,231,0.3116883116883117,early,"[60, 90)"
8599,PF_0023621,080400,5,2024-11-26,0,0,0,156.0,10.0,,,,15.9,,,0,True,7565,2024년_딸기(설향),2024-09-15,2025-05-03,72,231,0.3116883116883117,early,"[60, 90)"
8625,PF_0023621,080400,6,2024-11-26,0,0,0,135.0,11.0,,,,15.3,,,0,True,7565,2024년_딸기(설향),2024-09-15,2025-05-03,72,231,0.3116883116883117,early,"[60, 90)"
8651,PF_0023621,080400,7,2024-11-26,0,0,0,129.0,9.0,,,,14.4,,,0,True,7565,2024년_딸기(설향),2024-09-15,2025-05-03,72,231,0.3116883116883117,early,"[60, 90)"
8675,PF_0023621,080400,8,2024-11-26,0,0,0,107.0,7.0,,,,15.6,,,0,True,7565,2024년_딸기(설향),2024-09-15,2025-05-03,72,231,0.3116883116883117,early,"[60, 90)"
8690,PF_0023621,080400,9,2024-11-26,0,0,0,71.0,7.0,,,,14.4,,,0,True,7565,2024년_딸기(설향),2024-09-15,2025-05-03,72,231,0.3116883116883117,early,"[60, 90)"
8511,PF_0023621,080400,1,2024-12-03,0,0,0,140.0,10.0,,,,16.0,,,0,True,7565,2024년_딸기(설향),2024-09-15,2025-05-03,79,231,0.341991341991342,middle,"[60, 90)"
8530,PF_0023621,080400,2,2024-12-03,0,0,0,128.0,10.0,,,,16.6,,,0,True,7565,2024년_딸기(설향),2024-09-15,2025-05-03,79,231,0.341991341991342,middle,"[60, 90)"
8558,PF_0023621,080400,3,2024-12-03,0,0,0,128.0,11.0,,,,16.6,,,0,True,7565,2024년_딸기(설향),2024-09-15,2025-05-03,79,231,0.341991341991342,middle,"[60, 90)"
8584,PF_0023621,080400,4,2024-12-03,0,0,0,138.0,11.0,,,,16.0,,,0,True,7565,2024년_딸기(설향),2024-09-15,2025-05-03,79,231,0.341991341991342,middle,"[60, 90)"
8600,PF_0023621,080400,5,2024-12-03,0,0,0,156.0,11.0,,,,16.4,,,0,True,7565,2024년_딸기(설향),2024-09-15,2025-05-03,79,231,0.341991341991342,middle,"[60, 90)"
8626,PF_0023621,080400,6,2024-12-03,0,0,0,140.0,13.0,,,,17.0,,,0,True,7565,2024년_딸기(설향),2024-09-15,2025-05-03,79,231,0.341991341991342,middle,"[60, 90)"
8652,PF_0023621,080400,7,2024-12-03,0,0,0,129.0,11.0,,,,15.6,,,0,True,7565,2024년_딸기(설향),2024-09-15,2025-05-03,79,231,0.341991341991342,middle,"[60, 90)"
8676,PF_0023621,080400,8,2024-12-03,0,0,0,109.0,6.0,,,,16.0,,,0,True,7565,2024년_딸기(설향),2024-09-15,2025-05-03,79,231,0.341991341991342,middle,"[60, 90)"
8691,PF_0023621,080400,9,2024-12-03,0,0,0,86.0,7.0,,,,16.7,,,0,True,7565,2024년_딸기(설향),2024-09-15,2025-05-03,79,231,0.341991341991342,middle,"[60, 90)"
8512,PF_0023621,080400,1,2024-12-10,0,0,0,139.0,11.0,,,,17.6,,,0,True,7565,2024년_딸기(설향),2024-09-15,2025-05-03,86,231,0.3722943722943723,middle,"[60, 90)"
8531,PF_0023621,080400,2,2024-12-10,0,0,0,130.0,9.0,,,,16.9,,,0,True,7565,2024년_딸기(설향),2024-09-15,2025-05-03,86,231,0.3722943722943723,middle,"[60, 90)"
8559,PF_0023621,080400,3,2024-12-10,0,0,0,128.0,11.0,,,,18.4,,,0,True,7565,2024년_딸기(설향),2024-09-15,2025-05-03,86,231,0.3722943722943723,middle,"[60, 90)"
8585,PF_0023621,080400,4,2024-12-10,0,0,0,138.0,10.0,,,,17.7,,,0,True,7565,2024년_딸기(설향),2024-09-15,2025-05-03,86,231,0.3722943722943723,middle,"[60, 90)"
8601,PF_0023621,080400,5,2024-12-10,0,0,0,156.0,11.0,,,,17.5,,,0,True,7565,2024년_딸기(설향),2024-09-15,2025-05-03,86,231,0.3722943722943723,middle,"[60, 90)"
8627,PF_0023621,080400,6,2024-12-10,0,0,0,142.0,11.0,,,,17.5,,,0,True,7565,2024년_딸기(설향),2024-09-15,2025-05-03,86,231,0.3722943722943723,middle,"[60, 90)"
8653,PF_0023621,080400,7,2024-12-10,0,0,0,122.0,8.0,,,,17.3,,,0,True,7565,2024년_딸기(설향),2024-09-15,2025-05-03,86,231,0.3722943722943723,middle,"[60, 90)"
8677,PF_0023621,080400,8,2024-12-10,0,0,0,0.0,0.0,,,,0.0,,,0,True,7565,2024년_딸기(설향),2024-09-15,2025-05-03,86,231,0.3722943722943723,middle,"[60, 90)"
8692,PF_0023621,080400,9,2024-12-10,0,0,0,78.0,3.0,,,,15.7,,,0,True,7565,2024년_딸기(설향),2024-09-15,2025-05-03,86,231,0.3722943722943723,middle,"[60, 90)"
8513,PF_0023621,080400,1,2024-12-17,0,0,0,142.0,11.0,,,,18.5,,,0,True,7565,2024년_딸기(설향),2024-09-15,2025-05-03,93,231,0.4025974025974026,middle,"[90, 120)"
8532,PF_0023621,080400,2,2024-12-17,0,0,0,132.0,9.0,,,,17.6,,,0,True,7565,2024년_딸기(설향),2024-09-15,2025-05-03,93,231,0.4025974025974026,middle,"[90, 120)"
8560,PF_0023621,080400,3,2024-12-17,0,0,0,130.0,11.0,,,,19.0,,,0,True,7565,2024년_딸기(설향),2024-09-15,2025-05-03,93,231,0.4025974025974026,middle,"[90, 120)"
8586,PF_0023621,080400,4,2024-12-17,0,0,0,140.0,10.0,,,,18.2,,,0,True,7565,2024년_딸기(설향),2024-09-15,2025-05-03,93,231,0.4025974025974026,middle,"[90, 120)"
8602,PF_0023621,080400,5,2024-12-17,0,0,0,156.0,11.0,,,,18.3,,,0,True,7565,2024년_딸기(설향),2024-09-15,2025-05-03,93,231,0.4025974025974026,middle,"[90, 120)"
8628,PF_0023621,080400,6,2024-12-17,0,0,0,142.0,11.0,,,,18.6,,,0,True,7565,2024년_딸기(설향),2024-09-15,2025-05-03,93,231,0.4025974025974026,middle,"[90, 120)"
8654,PF_0023621,080400,7,2024-12-17,0,0,0,124.0,8.0,,,,18.9,,,0,True,7565,2024년_딸기(설향),2024-09-15,2025-05-03,93,231,0.4025974025974026,middle,"[90, 120)"
8678,PF_0023621,080400,8,2024-12-17,0,0,0,0.0,0.0,,,,0.0,,,0,True,7565,2024년_딸기(설향),2024-09-15,2025-05-03,93,231,0.4025974025974026,middle,"[90, 120)"
8693,PF_0023621,080400,9,2024-12-17,0,0,0,78.0,3.0,,,,17.0,,,0,True,7565,2024년_딸기(설향),2024-09-15,2025-05-03,93,231,0.4025974025974026,middle,"[90, 120)"
8514,PF_0023621,080400,1,2024-12-24,0,0,0,143.0,9.0,,,,18.5,,,0,True,7565,2024년_딸기(설향),2024-09-15,2025-05-03,100,231,0.4329004329004329,middle,"[90, 120)"
8533,PF_0023621,080400,2,2024-12-24,0,0,0,133.0,9.0,,,,18.1,,,0,True,7565,2024년_딸기(설향),2024-09-15,2025-05-03,100,231,0.4329004329004329,middle,"[90, 120)"
8561,PF_0023621,080400,3,2024-12-24,0,0,0,135.0,9.0,,,,19.2,,,0,True,7565,2024년_딸기(설향),2024-09-15,2025-05-03,100,231,0.4329004329004329,middle,"[90, 120)"
8587,PF_0023621,080400,4,2024-12-24,0,0,0,142.0,10.0,,,,18.8,,,0,True,7565,2024년_딸기(설향),2024-09-15,2025-05-03,100,231,0.4329004329004329,middle,"[90, 120)"
8603,PF_0023621,080400,5,2024-12-24,0,0,0,158.0,11.0,,,,19.1,,,0,True,7565,2024년_딸기(설향),2024-09-15,2025-05-03,100,231,0.4329004329004329,middle,"[90, 120)"
8629,PF_0023621,080400,6,2024-12-24,0,0,0,140.0,9.0,,,,18.6,,,0,True,7565,2024년_딸기(설향),2024-09-15,2025-05-03,100,231,0.4329004329004329,middle,"[90, 120)"
8655,PF_0023621,080400,7,2024-12-24,0,0,0,126.0,7.0,,,,18.9,,,0,True,7565,2024년_딸기(설향),2024-09-15,2025-05-03,100,231,0.4329004329004329,middle,"[90, 120)"
8679,PF_0023621,080400,8,2024-12-24,0,0,0,0.0,0.0,,,,0.0,,,0,True,7565,2024년_딸기(설향),2024-09-15,2025-05-03,100,231,0.4329004329004329,middle,"[90, 120)"
8694,PF_0023621,080400,9,2024-12-24,0,0,0,78.0,4.0,,,,17.0,,,0,True,7565,2024년_딸기(설향),2024-09-15,2025-05-03,100,231,0.4329004329004329,middle,"[90, 120)"
8515,PF_0023621,080400,1,2024-12-31,0,0,0,142.0,9.0,,,,19.3,,,0,True,7565,2024년_딸기(설향),2024-09-15,2025-05-03,107,231,0.46320346320346323,middle,"[90, 120)"
8534,PF_0023621,080400,2,2024-12-31,0,0,0,133.0,9.0,,,,18.4,,,0,True,7565,2024년_딸기(설향),2024-09-15,2025-05-03,107,231,0.46320346320346323,middle,"[90, 120)"
8562,PF_0023621,080400,3,2024-12-31,0,0,0,135.0,9.0,,,,19.7,,,0,True,7565,2024년_딸기(설향),2024-09-15,2025-05-03,107,231,0.46320346320346323,middle,"[90, 120)"
8588,PF_0023621,080400,4,2024-12-31,0,0,0,143.0,11.0,,,,19.2,,,0,True,7565,2024년_딸기(설향),2024-09-15,2025-05-03,107,231,0.46320346320346323,middle,"[90, 120)"
8604,PF_0023621,080400,5,2024-12-31,0,0,0,159.0,11.0,,,,20.9,,,0,True,7565,2024년_딸기(설향),2024-09-15,2025-05-03,107,231,0.46320346320346323,middle,"[90, 120)"
8630,PF_0023621,080400,6,2024-12-31,0,0,0,140.0,11.0,,,,18.6,,,0,True,7565,2024년_딸기(설향),2024-09-15,2025-05-03,107,231,0.46320346320346323,middle,"[90, 120)"
8656,PF_0023621,080400,7,2024-12-31,0,0,0,127.0,8.0,,,,19.4,,,0,True,7565,2024년_딸기(설향),2024-09-15,2025-05-03,107,231,0.46320346320346323,middle,"[90, 120)"
8680,PF_0023621,080400,8,2024-12-31,0,0,0,0.0,0.0,,,,0.0,,,0,True,7565,2024년_딸기(설향),2024-09-15,2025-05-03,107,231,0.46320346320346323,middle,"[90, 120)"
8695,PF_0023621,080400,9,2024-12-31,0,0,0,80.0,5.0,,,,18.4,,,0,True,7565,2024년_딸기(설향),2024-09-15,2025-05-03,107,231,0.46320346320346323,middle,"[90, 120)"
8516,PF_0023621,080400,1,2025-01-07,10,0,0,143.0,10.0,,,,19.9,,,10,False,7565,2024년_딸기(설향),2024-09-15,2025-05-03,114,231,0.4935064935064935,middle,"[90, 120)"
8535,PF_0023621,080400,2,2025-01-07,8,0,0,136.0,8.0,,,,20.0,,,8,False,7565,2024년_딸기(설향),2024-09-15,2025-05-03,114,231,0.4935064935064935,middle,"[90, 120)"
8563,PF_0023621,080400,3,2025-01-07,6,1,0,135.0,10.0,,,,20.9,,,7,False,7565,2024년_딸기(설향),2024-09-15,2025-05-03,114,231,0.4935064935064935,middle,"[90, 120)"
8589,PF_0023621,080400,4,2025-01-07,8,0,0,116.0,11.0,,,,20.2,,,8,False,7565,2024년_딸기(설향),2024-09-15,2025-05-03,114,231,0.4935064935064935,middle,"[90, 120)"
8605,PF_0023621,080400,5,2025-01-07,9,1,0,152.0,10.0,,,,21.7,,,10,False,7565,2024년_딸기(설향),2024-09-15,2025-05-03,114,231,0.4935064935064935,middle,"[90, 120)"
8631,PF_0023621,080400,6,2025-01-07,11,0,0,140.0,13.0,,,,20.5,,,11,False,7565,2024년_딸기(설향),2024-09-15,2025-05-03,114,231,0.4935064935064935,middle,"[90, 120)"
8657,PF_0023621,080400,7,2025-01-07,8,0,0,129.0,9.0,,,,19.4,,,8,False,7565,2024년_딸기(설향),2024-09-15,2025-05-03,114,231,0.4935064935064935,middle,"[90, 120)"
8696,PF_0023621,080400,9,2025-01-07,0,0,0,80.0,5.0,,,,18.4,,,0,True,7565,2024년_딸기(설향),2024-09-15,2025-05-03,114,231,0.4935064935064935,middle,"[90, 120)"
8517,PF_0023621,080400,1,2025-01-14,8,1,0,143.0,9.0,,,,20.3,,,9,False,7565,2024년_딸기(설향),2024-09-15,2025-05-03,121,231,0.5238095238095238,middle,"[120, 150)"
8536,PF_0023621,080400,2,2025-01-14,7,0,0,130.0,8.0,,,,22.1,,,7,False,7565,2024년_딸기(설향),2024-09-15,2025-05-03,121,231,0.5238095238095238,middle,"[120, 150)"
8564,PF_0023621,080400,3,2025-01-14,4,3,0,135.0,9.0,,,,21.5,,,7,False,7565,2024년_딸기(설향),2024-09-15,2025-05-03,121,231,0.5238095238095238,middle,"[120, 150)"
8606,PF_0023621,080400,5,2025-01-14,10,3,0,83.0,9.0,,,,22.4,,,13,False,7565,2024년_딸기(설향),2024-09-15,2025-05-03,121,231,0.5238095238095238,middle,"[120, 150)"
8632,PF_0023621,080400,6,2025-01-14,11,4,1,96.0,13.0,,,,21.3,,,16,False,7565,2024년_딸기(설향),2024-09-15,2025-05-03,121,231,0.5238095238095238,middle,"[120, 150)"
8658,PF_0023621,080400,7,2025-01-14,7,1,0,128.0,9.0,,,,19.7,,,8,False,7565,2024년_딸기(설향),2024-09-15,2025-05-03,121,231,0.5238095238095238,middle,"[120, 150)"
8697,PF_0023621,080400,9,2025-01-14,0,0,0,70.0,6.0,,,,21.4,,,0,True,7565,2024년_딸기(설향),2024-09-15,2025-05-03,121,231,0.5238095238095238,middle,"[120, 150)"
8518,PF_0023621,080400,1,2025-01-22,4,2,4,136.0,9.0,,,,21.4,,,10,False,7565,2024년_딸기(설향),2024-09-15,2025-05-03,129,231,0.5584415584415584,middle,"[120, 150)"
8537,PF_0023621,080400,2,2025-01-22,3,2,3,136.0,10.0,,,,22.1,,,8,False,7565,2024년_딸기(설향),2024-09-15,2025-05-03,129,231,0.5584415584415584,middle,"[120, 150)"
8565,PF_0023621,080400,3,2025-01-22,3,6,0,130.0,9.0,,,,21.9,,,9,False,7565,2024년_딸기(설향),2024-09-15,2025-05-03,129,231,0.5584415584415584,middle,"[120, 150)"
8607,PF_0023621,080400,5,2025-01-22,7,3,4,92.0,10.0,,,,22.9,,,14,False,7565,2024년_딸기(설향),2024-09-15,2025-05-03,129,231,0.5584415584415584,middle,"[120, 150)"
8633,PF_0023621,080400,6,2025-01-22,6,3,3,95.0,12.0,,,,21.3,,,12,False,7565,2024년_딸기(설향),2024-09-15,2025-05-03,129,231,0.5584415584415584,middle,"[120, 150)"
8659,PF_0023621,080400,7,2025-01-22,6,3,0,126.0,7.0,,,,21.5,,,9,False,7565,2024년_딸기(설향),2024-09-15,2025-05-03,129,231,0.5584415584415584,middle,"[120, 150)"
8698,PF_0023621,080400,9,2025-01-22,1,0,0,74.0,6.0,,,,22.5,,,1,False,7565,2024년_딸기(설향),2024-09-15,2025-05-03,129,231,0.5584415584415584,middle,"[120, 150)"
8519,PF_0023621,080400,1,2025-01-27,4,0,0,140.0,11.0,,,,21.6,,,4,False,7565,2024년_딸기(설향),2024-09-15,2025-05-03,134,231,0.5800865800865801,middle,"[120, 150)"
8538,PF_0023621,080400,2,2025-01-27,0,3,4,146.0,10.0,,,,22.5,,,7,False,7565,2024년_딸기(설향),2024-09-15,2025-05-03,134,231,0.5800865800865801,middle,"[120, 150)"
8566,PF_0023621,080400,3,2025-01-27,1,5,0,131.0,10.0,,,,22.1,,,6,False,7565,2024년_딸기(설향),2024-09-15,2025-05-03,134,231,0.5800865800865801,middle,"[120, 150)"
8608,PF_0023621,080400,5,2025-01-27,8,3,0,99.0,10.0,,,,23.4,,,11,False,7565,2024년_딸기(설향),2024-09-15,2025-05-03,134,231,0.5800865800865801,middle,"[120, 150)"
8634,PF_0023621,080400,6,2025-01-27,0,4,3,103.0,11.0,,,,21.6,,,7,False,7565,2024년_딸기(설향),2024-09-15,2025-05-03,134,231,0.5800865800865801,middle,"[120, 150)"
8660,PF_0023621,080400,7,2025-01-27,0,4,0,130.0,8.0,,,,22.0,,,4,False,7565,2024년_딸기(설향),2024-09-15,2025-05-03,134,231,0.5800865800865801,middle,"[120, 150)"
8699,PF_0023621,080400,9,2025-01-27,4,0,0,83.0,8.0,,,,22.9,,,4,False,7565,2024년_딸기(설향),2024-09-15,2025-05-03,134,231,0.5800865800865801,middle,"[120, 150)"
8539,PF_0023621,080400,2,2025-02-04,0,0,4,150.0,10.0,,,,22.6,,,4,False,7565,2024년_딸기(설향),2024-09-15,2025-05-03,142,231,0.6147186147186147,middle,"[120, 150)"
8567,PF_0023621,080400,3,2025-02-04,0,6,1,135.0,10.0,,,,22.6,,,7,False,7565,2024년_딸기(설향),2024-09-15,2025-05-03,142,231,0.6147186147186147,middle,"[120, 150)"
8609,PF_0023621,080400,5,2025-02-04,0,5,3,99.0,10.0,,,,23.4,,,8,False,7565,2024년_딸기(설향),2024-09-15,2025-05-03,142,231,0.6147186147186147,middle,"[120, 150)"
8635,PF_0023621,080400,6,2025-02-04,3,3,0,105.0,11.0,,,,21.9,,,6,False,7565,2024년_딸기(설향),2024-09-15,2025-05-03,142,231,0.6147186147186147,middle,"[120, 150)"
8661,PF_0023621,080400,7,2025-02-04,0,3,0,130.0,8.0,,,,22.2,,,3,False,7565,2024년_딸기(설향),2024-09-15,2025-05-03,142,231,0.6147186147186147,middle,"[120, 150)"
8700,PF_0023621,080400,9,2025-02-04,4,0,0,84.0,8.0,,,,22.9,,,4,False,7565,2024년_딸기(설향),2024-09-15,2025-05-03,142,231,0.6147186147186147,middle,"[120, 150)"
8540,PF_0023621,080400,2,2025-02-11,0,0,4,110.0,10.0,,,,22.6,,,4,False,7565,2024년_딸기(설향),2024-09-15,2025-05-03,149,231,0.645021645021645,middle,"[120, 150)"
8568,PF_0023621,080400,3,2025-02-11,0,6,2,136.0,10.0,,,,22.7,,,8,False,7565,2024년_딸기(설향),2024-09-15,2025-05-03,149,231,0.645021645021645,middle,"[120, 150)"
8610,PF_0023621,080400,5,2025-02-11,0,3,3,86.0,11.0,,,,23.4,,,6,False,7565,2024년_딸기(설향),2024-09-15,2025-05-03,149,231,0.645021645021645,middle,"[120, 150)"
8636,PF_0023621,080400,6,2025-02-11,0,1,3,96.0,11.0,,,,21.9,,,4,False,7565,2024년_딸기(설향),2024-09-15,2025-05-03,149,231,0.645021645021645,middle,"[120, 150)"
8662,PF_0023621,080400,7,2025-02-11,0,3,0,119.0,8.0,,,,22.2,,,3,False,7565,2024년_딸기(설향),2024-09-15,2025-05-03,149,231,0.645021645021645,middle,"[120, 150)"
8701,PF_0023621,080400,9,2025-02-11,4,0,0,89.0,7.0,,,,22.9,,,4,False,7565,2024년_딸기(설향),2024-09-15,2025-05-03,149,231,0.645021645021645,middle,"[120, 150)"
8541,PF_0023621,080400,2,2025-02-18,0,0,4,130.0,10.0,,,,22.8,,,4,False,7565,2024년_딸기(설향),2024-09-15,2025-05-03,156,231,0.6753246753246753,late,"[150, 180)"
8569,PF_0023621,080400,3,2025-02-18,0,4,3,132.0,10.0,,,,22.8,,,7,False,7565,2024년_딸기(설향),2024-09-15,2025-05-03,156,231,0.6753246753246753,late,"[150, 180)"
8611,PF_0023621,080400,5,2025-02-18,0,3,3,87.0,11.0,,,,23.5,,,6,False,7565,2024년_딸기(설향),2024-09-15,2025-05-03,156,231,0.6753246753246753,late,"[150, 180)"
8637,PF_0023621,080400,6,2025-02-18,0,0,3,98.0,11.0,,,,21.9,,,3,False,7565,2024년_딸기(설향),2024-09-15,2025-05-03,156,231,0.6753246753246753,late,"[150, 180)"
8663,PF_0023621,080400,7,2025-02-18,0,3,0,122.0,9.0,,,,22.2,,,3,False,7565,2024년_딸기(설향),2024-09-15,2025-05-03,156,231,0.6753246753246753,late,"[150, 180)"
8702,PF_0023621,080400,9,2025-02-18,4,0,0,70.0,7.0,,,,23.1,,,4,False,7565,2024년_딸기(설향),2024-09-15,2025-05-03,156,231,0.6753246753246753,late,"[150, 180)"
8542,PF_0023621,080400,2,2025-02-25,0,0,4,89.0,9.0,,,,23.0,,,4,False,7565,2024년_딸기(설향),2024-09-15,2025-05-03,163,231,0.7056277056277056,late,"[150, 180)"
8570,PF_0023621,080400,3,2025-02-25,0,2,3,135.0,11.0,,,,23.7,,,5,False,7565,2024년_딸기(설향),2024-09-15,2025-05-03,163,231,0.7056277056277056,late,"[150, 180)"
8612,PF_0023621,080400,5,2025-02-25,0,11,3,87.0,11.0,,,,24.2,,,14,False,7565,2024년_딸기(설향),2024-09-15,2025-05-03,163,231,0.7056277056277056,late,"[150, 180)"
8638,PF_0023621,080400,6,2025-02-25,0,0,2,81.0,11.0,,,,22.0,,,2,False,7565,2024년_딸기(설향),2024-09-15,2025-05-03,163,231,0.7056277056277056,late,"[150, 180)"
8664,PF_0023621,080400,7,2025-02-25,0,1,0,123.0,8.0,,,,22.6,,,1,False,7565,2024년_딸기(설향),2024-09-15,2025-05-03,163,231,0.7056277056277056,late,"[150, 180)"
8703,PF_0023621,080400,9,2025-02-25,3,0,0,67.0,0.0,,,,23.4,,,3,False,7565,2024년_딸기(설향),2024-09-15,2025-05-03,163,231,0.7056277056277056,late,"[150, 180)"
8543,PF_0023621,080400,2,2025-03-05,0,0,0,77.0,9.0,,,,23.0,,,0,True,7565,2024년_딸기(설향),2024-09-15,2025-05-03,171,231,0.7402597402597403,late,"[150, 180)"
8571,PF_0023621,080400,3,2025-03-05,0,2,2,135.0,11.0,,,,23.7,,,4,False,7565,2024년_딸기(설향),2024-09-15,2025-05-03,171,231,0.7402597402597403,late,"[150, 180)"
8613,PF_0023621,080400,5,2025-03-05,0,1,1,87.0,11.0,,,,24.2,,,2,False,7565,2024년_딸기(설향),2024-09-15,2025-05-03,171,231,0.7402597402597403,late,"[150, 180)"
8639,PF_0023621,080400,6,2025-03-05,0,0,2,81.0,11.0,,,,22.0,,,2,False,7565,2024년_딸기(설향),2024-09-15,2025-05-03,171,231,0.7402597402597403,late,"[150, 180)"
8665,PF_0023621,080400,7,2025-03-05,0,1,0,123.0,8.0,,,,22.6,,,1,False,7565,2024년_딸기(설향),2024-09-15,2025-05-03,171,231,0.7402597402597403,late,"[150, 180)"
8704,PF_0023621,080400,9,2025-03-05,3,0,0,67.0,7.0,,,,23.4,,,3,False,7565,2024년_딸기(설향),2024-09-15,2025-05-03,171,231,0.7402597402597403,late,"[150, 180)"
8544,PF_0023621,080400,2,2025-03-11,0,0,0,80.0,7.0,,,,23.2,,,0,True,7565,2024년_딸기(설향),2024-09-15,2025-05-03,177,231,0.7662337662337663,late,"[150, 180)"
8572,PF_0023621,080400,3,2025-03-11,0,0,0,0.0,0.0,,,,0.0,,,0,True,7565,2024년_딸기(설향),2024-09-15,2025-05-03,177,231,0.7662337662337663,late,"[150, 180)"
8614,PF_0023621,080400,5,2025-03-11,0,0,0,0.0,0.0,,,,0.0,,,0,True,7565,2024년_딸기(설향),2024-09-15,2025-05-03,177,231,0.7662337662337663,late,"[150, 180)"
8640,PF_0023621,080400,6,2025-03-11,0,0,0,0.0,0.0,,,,0.0,,,0,True,7565,2024년_딸기(설향),2024-09-15,2025-05-03,177,231,0.7662337662337663,late,"[150, 180)"
8705,PF_0023621,080400,9,2025-03-11,0,0,0,0.0,0.0,,,,0.0,,,0,True,7565,2024년_딸기(설향),2024-09-15,2025-05-03,177,231,0.7662337662337663,late,"[150, 180)"
8545,PF_0023621,080400,2,2025-03-18,0,0,0,0.0,0.0,,,,0.0,,,0,True,7565,2024년_딸기(설향),2024-09-15,2025-05-03,184,231,0.7965367965367965,late,"[180, 210)"
8546,PF_0023621,080400,2,2025-03-25,0,0,0,0.0,0.0,,,,0.0,,,0,True,7565,2024년_딸기(설향),2024-09-15,2025-05-03,191,231,0.8268398268398268,late,"[180, 210)"
8547,PF_0023621,080400,2,2025-04-08,0,0,0,0.0,0.0,,,,0.0,,,0,True,7565,2024년_딸기(설향),2024-09-15,2025-05-03,205,231,0.8874458874458875,late,"[180, 210)"
8573,PF_0023621,080400,3,2025-04-08,0,0,0,137.0,9.0,,,,24.2,,,0,True,7565,2024년_딸기(설향),2024-09-15,2025-05-03,205,231,0.8874458874458875,late,"[180, 210)"
8615,PF_0023621,080400,5,2025-04-08,0,0,0,127.0,11.0,,,,25.1,,,0,True,7565,2024년_딸기(설향),2024-09-15,2025-05-03,205,231,0.8874458874458875,late,"[180, 210)"
8641,PF_0023621,080400,6,2025-04-08,0,0,0,100.0,12.0,,,,23.0,,,0,True,7565,2024년_딸기(설향),2024-09-15,2025-05-03,205,231,0.8874458874458875,late,"[180, 210)"
9003,PF_0023732,080400,1,2024-10-02,0,0,0,90.0,5.0,,,,12.33,,,0,True,7564,"2024년_딸기(킹스베리,홍희)",2024-08-31,2025-06-15,32,289,0.11072664359861592,early,"[30, 60)"
9035,PF_0023732,080400,2,2024-10-02,0,0,0,78.0,4.0,,,,11.2,,,0,True,7564,"2024년_딸기(킹스베리,홍희)",2024-08-31,2025-06-15,32,289,0.11072664359861592,early,"[30, 60)"
9067,PF_0023732,080400,3,2024-10-02,0,0,0,98.0,4.0,,,,13.13,,,0,True,7564,"2024년_딸기(킹스베리,홍희)",2024-08-31,2025-06-15,32,289,0.11072664359861592,early,"[30, 60)"
9099,PF_0023732,080400,4,2024-10-02,0,0,0,84.0,5.0,,,,11.01,,,0,True,7564,"2024년_딸기(킹스베리,홍희)",2024-08-31,2025-06-15,32,289,0.11072664359861592,early,"[30, 60)"
9128,PF_0023732,080400,5,2024-10-02,0,0,0,88.0,4.0,,,,10.78,,,0,True,7564,"2024년_딸기(킹스베리,홍희)",2024-08-31,2025-06-15,32,289,0.11072664359861592,early,"[30, 60)"
9160,PF_0023732,080400,6,2024-10-02,0,0,0,78.0,4.0,,,,10.84,,,0,True,7564,"2024년_딸기(킹스베리,홍희)",2024-08-31,2025-06-15,32,289,0.11072664359861592,early,"[30, 60)"
9192,PF_0023732,080400,7,2024-10-02,0,0,0,91.0,4.0,,,,12.33,,,0,True,7564,"2024년_딸기(킹스베리,홍희)",2024-08-31,2025-06-15,32,289,0.11072664359861592,early,"[30, 60)"
9224,PF_0023732,080400,8,2024-10-02,0,0,0,85.0,3.0,,,,11.9,,,0,True,7564,"2024년_딸기(킹스베리,홍희)",2024-08-31,2025-06-15,32,289,0.11072664359861592,early,"[30, 60)"
9256,PF_0023732,080400,9,2024-10-02,0,0,0,88.0,3.0,,,,10.0,,,0,True,7564,"2024년_딸기(킹스베리,홍희)",2024-08-31,2025-06-15,32,289,0.11072664359861592,early,"[30, 60)"
9004,PF_0023732,080400,1,2024-10-08,0,0,0,95.0,5.0,,,,15.8,,,0,True,7564,"2024년_딸기(킹스베리,홍희)",2024-08-31,2025-06-15,38,289,0.1314878892733564,early,"[30, 60)"
9036,PF_0023732,080400,2,2024-10-08,0,0,0,81.0,5.0,,,,15.2,,,0,True,7564,"2024년_딸기(킹스베리,홍희)",2024-08-31,2025-06-15,38,289,0.1314878892733564,early,"[30, 60)"
9068,PF_0023732,080400,3,2024-10-08,0,0,0,101.0,6.0,,,,10.7,,,0,True,7564,"2024년_딸기(킹스베리,홍희)",2024-08-31,2025-06-15,38,289,0.1314878892733564,early,"[30, 60)"
9100,PF_0023732,080400,4,2024-10-08,0,0,0,81.0,5.0,,,,15.8,,,0,True,7564,"2024년_딸기(킹스베리,홍희)",2024-08-31,2025-06-15,38,289,0.1314878892733564,early,"[30, 60)"
9129,PF_0023732,080400,5,2024-10-08,0,0,0,90.0,6.0,,,,13.5,,,0,True,7564,"2024년_딸기(킹스베리,홍희)",2024-08-31,2025-06-15,38,289,0.1314878892733564,early,"[30, 60)"
9161,PF_0023732,080400,6,2024-10-08,0,0,0,89.0,7.0,,,,14.7,,,0,True,7564,"2024년_딸기(킹스베리,홍희)",2024-08-31,2025-06-15,38,289,0.1314878892733564,early,"[30, 60)"
9193,PF_0023732,080400,7,2024-10-08,0,0,0,99.0,5.0,,,,13.2,,,0,True,7564,"2024년_딸기(킹스베리,홍희)",2024-08-31,2025-06-15,38,289,0.1314878892733564,early,"[30, 60)"
9225,PF_0023732,080400,8,2024-10-08,0,0,0,92.0,5.0,,,,12.4,,,0,True,7564,"2024년_딸기(킹스베리,홍희)",2024-08-31,2025-06-15,38,289,0.1314878892733564,early,"[30, 60)"
9257,PF_0023732,080400,9,2024-10-08,0,0,0,91.0,5.0,,,,14.2,,,0,True,7564,"2024년_딸기(킹스베리,홍희)",2024-08-31,2025-06-15,38,289,0.1314878892733564,early,"[30, 60)"
9005,PF_0023732,080400,1,2024-10-16,0,0,0,101.0,6.0,,,,16.8,,,0,True,7564,"2024년_딸기(킹스베리,홍희)",2024-08-31,2025-06-15,46,289,0.15916955017301038,early,"[30, 60)"
9037,PF_0023732,080400,2,2024-10-16,0,0,0,82.0,6.0,,,,14.9,,,0,True,7564,"2024년_딸기(킹스베리,홍희)",2024-08-31,2025-06-15,46,289,0.15916955017301038,early,"[30, 60)"
9069,PF_0023732,080400,3,2024-10-16,0,0,0,105.0,7.0,,,,15.2,,,0,True,7564,"2024년_딸기(킹스베리,홍희)",2024-08-31,2025-06-15,46,289,0.15916955017301038,early,"[30, 60)"
9101,PF_0023732,080400,4,2024-10-16,0,0,0,77.0,8.0,,,,18.1,,,0,True,7564,"2024년_딸기(킹스베리,홍희)",2024-08-31,2025-06-15,46,289,0.15916955017301038,early,"[30, 60)"
9130,PF_0023732,080400,5,2024-10-16,0,0,0,90.0,8.0,,,,17.8,,,0,True,7564,"2024년_딸기(킹스베리,홍희)",2024-08-31,2025-06-15,46,289,0.15916955017301038,early,"[30, 60)"
9162,PF_0023732,080400,6,2024-10-16,1,0,0,82.0,8.0,,,,13.8,,,1,False,7564,"2024년_딸기(킹스베리,홍희)",2024-08-31,2025-06-15,46,289,0.15916955017301038,early,"[30, 60)"
9194,PF_0023732,080400,7,2024-10-16,0,0,0,104.0,6.0,,,,17.6,,,0,True,7564,"2024년_딸기(킹스베리,홍희)",2024-08-31,2025-06-15,46,289,0.15916955017301038,early,"[30, 60)"
9226,PF_0023732,080400,8,2024-10-16,0,0,0,102.0,6.0,,,,14.7,,,0,True,7564,"2024년_딸기(킹스베리,홍희)",2024-08-31,2025-06-15,46,289,0.15916955017301038,early,"[30, 60)"
9258,PF_0023732,080400,9,2024-10-16,0,0,0,95.0,5.0,,,,16.5,,,0,True,7564,"2024년_딸기(킹스베리,홍희)",2024-08-31,2025-06-15,46,289,0.15916955017301038,early,"[30, 60)"
9006,PF_0023732,080400,1,2024-10-22,0,0,0,106.0,5.0,,,,15.8,,,0,True,7564,"2024년_딸기(킹스베리,홍희)",2024-08-31,2025-06-15,52,289,0.17993079584775087,early,"[30, 60)"
9038,PF_0023732,080400,2,2024-10-22,0,0,0,91.0,5.0,,,,17.6,,,0,True,7564,"2024년_딸기(킹스베리,홍희)",2024-08-31,2025-06-15,52,289,0.17993079584775087,early,"[30, 60)"
9070,PF_0023732,080400,3,2024-10-22,0,0,0,107.0,6.0,,,,14.6,,,0,True,7564,"2024년_딸기(킹스베리,홍희)",2024-08-31,2025-06-15,52,289,0.17993079584775087,early,"[30, 60)"
9102,PF_0023732,080400,4,2024-10-22,0,0,0,98.0,6.0,,,,23.8,,,0,True,7564,"2024년_딸기(킹스베리,홍희)",2024-08-31,2025-06-15,52,289,0.17993079584775087,early,"[30, 60)"
9131,PF_0023732,080400,5,2024-10-22,0,0,0,92.0,5.0,,,,23.6,,,0,True,7564,"2024년_딸기(킹스베리,홍희)",2024-08-31,2025-06-15,52,289,0.17993079584775087,early,"[30, 60)"
9163,PF_0023732,080400,6,2024-10-22,2,0,0,92.0,4.0,,,,19.7,,,2,False,7564,"2024년_딸기(킹스베리,홍희)",2024-08-31,2025-06-15,52,289,0.17993079584775087,early,"[30, 60)"
9195,PF_0023732,080400,7,2024-10-22,0,0,0,96.0,5.0,,,,20.6,,,0,True,7564,"2024년_딸기(킹스베리,홍희)",2024-08-31,2025-06-15,52,289,0.17993079584775087,early,"[30, 60)"
9227,PF_0023732,080400,8,2024-10-22,0,0,0,95.0,5.0,,,,19.3,,,0,True,7564,"2024년_딸기(킹스베리,홍희)",2024-08-31,2025-06-15,52,289,0.17993079584775087,early,"[30, 60)"
9259,PF_0023732,080400,9,2024-10-22,0,0,0,100.0,5.0,,,,19.4,,,0,True,7564,"2024년_딸기(킹스베리,홍희)",2024-08-31,2025-06-15,52,289,0.17993079584775087,early,"[30, 60)"
9007,PF_0023732,080400,1,2024-10-28,0,0,0,109.0,5.0,,,,18.1,,,0,True,7564,"2024년_딸기(킹스베리,홍희)",2024-08-31,2025-06-15,58,289,0.20069204152249134,early,"[30, 60)"
9039,PF_0023732,080400,2,2024-10-28,0,0,0,92.0,6.0,,,,21.6,,,0,True,7564,"2024년_딸기(킹스베리,홍희)",2024-08-31,2025-06-15,58,289,0.20069204152249134,early,"[30, 60)"
9071,PF_0023732,080400,3,2024-10-28,0,0,0,112.0,6.0,,,,18.5,,,0,True,7564,"2024년_딸기(킹스베리,홍희)",2024-08-31,2025-06-15,58,289,0.20069204152249134,early,"[30, 60)"
9103,PF_0023732,080400,4,2024-10-28,0,0,0,98.0,7.0,,,,22.7,,,0,True,7564,"2024년_딸기(킹스베리,홍희)",2024-08-31,2025-06-15,58,289,0.20069204152249134,early,"[30, 60)"
9132,PF_0023732,080400,5,2024-10-28,0,0,0,93.0,6.0,,,,21.5,,,0,True,7564,"2024년_딸기(킹스베리,홍희)",2024-08-31,2025-06-15,58,289,0.20069204152249134,early,"[30, 60)"
9164,PF_0023732,080400,6,2024-10-28,5,0,0,88.0,5.0,,,,20.4,,,5,False,7564,"2024년_딸기(킹스베리,홍희)",2024-08-31,2025-06-15,58,289,0.20069204152249134,early,"[30, 60)"
9196,PF_0023732,080400,7,2024-10-28,0,0,0,99.0,5.0,,,,19.5,,,0,True,7564,"2024년_딸기(킹스베리,홍희)",2024-08-31,2025-06-15,58,289,0.20069204152249134,early,"[30, 60)"
9228,PF_0023732,080400,8,2024-10-28,1,0,0,88.0,6.0,,,,24.8,,,1,False,7564,"2024년_딸기(킹스베리,홍희)",2024-08-31,2025-06-15,58,289,0.20069204152249134,early,"[30, 60)"
9260,PF_0023732,080400,9,2024-10-28,0,0,0,107.0,6.0,,,,22.0,,,0,True,7564,"2024년_딸기(킹스베리,홍희)",2024-08-31,2025-06-15,58,289,0.20069204152249134,early,"[30, 60)"
9008,PF_0023732,080400,1,2024-11-06,0,0,0,115.0,5.0,,,,19.1,,,0,True,7564,"2024년_딸기(킹스베리,홍희)",2024-08-31,2025-06-15,67,289,0.23183391003460208,early,"[60, 90)"
9040,PF_0023732,080400,2,2024-11-06,0,0,0,103.0,6.0,,,,22.1,,,0,True,7564,"2024년_딸기(킹스베리,홍희)",2024-08-31,2025-06-15,67,289,0.23183391003460208,early,"[60, 90)"
9072,PF_0023732,080400,3,2024-11-06,0,0,0,102.0,8.0,,,,22.3,,,0,True,7564,"2024년_딸기(킹스베리,홍희)",2024-08-31,2025-06-15,67,289,0.23183391003460208,early,"[60, 90)"
9104,PF_0023732,080400,4,2024-11-06,0,0,0,101.0,9.0,,,,26.0,,,0,True,7564,"2024년_딸기(킹스베리,홍희)",2024-08-31,2025-06-15,67,289,0.23183391003460208,early,"[60, 90)"
9133,PF_0023732,080400,5,2024-11-06,0,0,0,102.0,7.0,,,,22.4,,,0,True,7564,"2024년_딸기(킹스베리,홍희)",2024-08-31,2025-06-15,67,289,0.23183391003460208,early,"[60, 90)"
9165,PF_0023732,080400,6,2024-11-06,10,0,0,91.0,6.0,,,,22.8,,,10,False,7564,"2024년_딸기(킹스베리,홍희)",2024-08-31,2025-06-15,67,289,0.23183391003460208,early,"[60, 90)"
9197,PF_0023732,080400,7,2024-11-06,1,0,0,93.0,6.0,,,,24.6,,,1,False,7564,"2024년_딸기(킹스베리,홍희)",2024-08-31,2025-06-15,67,289,0.23183391003460208,early,"[60, 90)"
9229,PF_0023732,080400,8,2024-11-06,2,1,0,104.0,6.0,,,,25.1,,,3,False,7564,"2024년_딸기(킹스베리,홍희)",2024-08-31,2025-06-15,67,289,0.23183391003460208,early,"[60, 90)"
9261,PF_0023732,080400,9,2024-11-06,0,0,0,108.0,7.0,,,,20.4,,,0,True,7564,"2024년_딸기(킹스베리,홍희)",2024-08-31,2025-06-15,67,289,0.23183391003460208,early,"[60, 90)"
9009,PF_0023732,080400,1,2024-11-12,0,0,0,115.0,6.0,,,,20.1,,,0,True,7564,"2024년_딸기(킹스베리,홍희)",2024-08-31,2025-06-15,73,289,0.25259515570934254,early,"[60, 90)"
9041,PF_0023732,080400,2,2024-11-12,0,0,0,105.0,6.0,,,,22.6,,,0,True,7564,"2024년_딸기(킹스베리,홍희)",2024-08-31,2025-06-15,73,289,0.25259515570934254,early,"[60, 90)"
9073,PF_0023732,080400,3,2024-11-12,0,0,0,107.0,8.0,,,,26.1,,,0,True,7564,"2024년_딸기(킹스베리,홍희)",2024-08-31,2025-06-15,73,289,0.25259515570934254,early,"[60, 90)"
9105,PF_0023732,080400,4,2024-11-12,0,0,0,112.0,9.0,,,,29.3,,,0,True,7564,"2024년_딸기(킹스베리,홍희)",2024-08-31,2025-06-15,73,289,0.25259515570934254,early,"[60, 90)"
9134,PF_0023732,080400,5,2024-11-12,0,0,0,118.0,7.0,,,,23.2,,,0,True,7564,"2024년_딸기(킹스베리,홍희)",2024-08-31,2025-06-15,73,289,0.25259515570934254,early,"[60, 90)"
9166,PF_0023732,080400,6,2024-11-12,13,0,0,95.0,6.0,,,,25.1,,,13,False,7564,"2024년_딸기(킹스베리,홍희)",2024-08-31,2025-06-15,73,289,0.25259515570934254,early,"[60, 90)"
9198,PF_0023732,080400,7,2024-11-12,3,0,0,126.0,6.0,,,,29.6,,,3,False,7564,"2024년_딸기(킹스베리,홍희)",2024-08-31,2025-06-15,73,289,0.25259515570934254,early,"[60, 90)"
9230,PF_0023732,080400,8,2024-11-12,3,4,0,111.0,6.0,,,,25.3,,,7,False,7564,"2024년_딸기(킹스베리,홍희)",2024-08-31,2025-06-15,73,289,0.25259515570934254,early,"[60, 90)"
9262,PF_0023732,080400,9,2024-11-12,0,0,0,110.0,7.0,,,,18.7,,,0,True,7564,"2024년_딸기(킹스베리,홍희)",2024-08-31,2025-06-15,73,289,0.25259515570934254,early,"[60, 90)"
9010,PF_0023732,080400,1,2024-11-19,0,0,0,120.0,7.0,,,,21.4,,,0,True,7564,"2024년_딸기(킹스베리,홍희)",2024-08-31,2025-06-15,80,289,0.2768166089965398,early,"[60, 90)"
9042,PF_0023732,080400,2,2024-11-19,0,0,0,110.0,7.0,,,,26.3,,,0,True,7564,"2024년_딸기(킹스베리,홍희)",2024-08-31,2025-06-15,80,289,0.2768166089965398,early,"[60, 90)"
9074,PF_0023732,080400,3,2024-11-19,0,0,0,107.0,11.0,,,,24.3,,,0,True,7564,"2024년_딸기(킹스베리,홍희)",2024-08-31,2025-06-15,80,289,0.2768166089965398,early,"[60, 90)"
9106,PF_0023732,080400,4,2024-11-19,0,0,0,113.0,10.0,,,,31.1,,,0,True,7564,"2024년_딸기(킹스베리,홍희)",2024-08-31,2025-06-15,80,289,0.2768166089965398,early,"[60, 90)"
9135,PF_0023732,080400,5,2024-11-19,0,0,0,108.0,9.0,,,,29.5,,,0,True,7564,"2024년_딸기(킹스베리,홍희)",2024-08-31,2025-06-15,80,289,0.2768166089965398,early,"[60, 90)"
9167,PF_0023732,080400,6,2024-11-19,9,0,0,96.0,7.0,,,,21.4,,,9,False,7564,"2024년_딸기(킹스베리,홍희)",2024-08-31,2025-06-15,80,289,0.2768166089965398,early,"[60, 90)"
9199,PF_0023732,080400,7,2024-11-19,7,0,0,94.0,7.0,,,,18.3,,,7,False,7564,"2024년_딸기(킹스베리,홍희)",2024-08-31,2025-06-15,80,289,0.2768166089965398,early,"[60, 90)"
9231,PF_0023732,080400,8,2024-11-19,4,5,0,111.0,7.0,,,,28.8,,,9,False,7564,"2024년_딸기(킹스베리,홍희)",2024-08-31,2025-06-15,80,289,0.2768166089965398,early,"[60, 90)"
9263,PF_0023732,080400,9,2024-11-19,0,0,0,113.0,8.0,,,,26.3,,,0,True,7564,"2024년_딸기(킹스베리,홍희)",2024-08-31,2025-06-15,80,289,0.2768166089965398,early,"[60, 90)"
9011,PF_0023732,080400,1,2024-11-27,1,0,0,113.0,6.0,,,,23.9,,,1,False,7564,"2024년_딸기(킹스베리,홍희)",2024-08-31,2025-06-15,88,289,0.3044982698961938,early,"[60, 90)"
9043,PF_0023732,080400,2,2024-11-27,1,0,0,91.0,6.0,,,,20.8,,,1,False,7564,"2024년_딸기(킹스베리,홍희)",2024-08-31,2025-06-15,88,289,0.3044982698961938,early,"[60, 90)"
9075,PF_0023732,080400,3,2024-11-27,6,0,0,106.0,5.0,,,,15.4,,,6,False,7564,"2024년_딸기(킹스베리,홍희)",2024-08-31,2025-06-15,88,289,0.3044982698961938,early,"[60, 90)"
9107,PF_0023732,080400,4,2024-11-27,0,0,0,111.0,7.0,,,,28.5,,,0,True,7564,"2024년_딸기(킹스베리,홍희)",2024-08-31,2025-06-15,88,289,0.3044982698961938,early,"[60, 90)"
9136,PF_0023732,080400,5,2024-11-27,2,0,0,103.0,6.0,,,,27.3,,,2,False,7564,"2024년_딸기(킹스베리,홍희)",2024-08-31,2025-06-15,88,289,0.3044982698961938,early,"[60, 90)"
9168,PF_0023732,080400,6,2024-11-27,7,0,0,105.0,6.0,,,,18.5,,,7,False,7564,"2024년_딸기(킹스베리,홍희)",2024-08-31,2025-06-15,88,289,0.3044982698961938,early,"[60, 90)"
9200,PF_0023732,080400,7,2024-11-27,10,0,0,98.0,5.0,,,,21.4,,,10,False,7564,"2024년_딸기(킹스베리,홍희)",2024-08-31,2025-06-15,88,289,0.3044982698961938,early,"[60, 90)"
9232,PF_0023732,080400,8,2024-11-27,0,8,0,102.0,5.0,,,,23.5,,,8,False,7564,"2024년_딸기(킹스베리,홍희)",2024-08-31,2025-06-15,88,289,0.3044982698961938,early,"[60, 90)"
9264,PF_0023732,080400,9,2024-11-27,0,0,0,99.0,6.0,,,,31.8,,,0,True,7564,"2024년_딸기(킹스베리,홍희)",2024-08-31,2025-06-15,88,289,0.3044982698961938,early,"[60, 90)"
9012,PF_0023732,080400,1,2024-12-05,5,0,0,133.0,5.0,,,,32.1,,,5,False,7564,"2024년_딸기(킹스베리,홍희)",2024-08-31,2025-06-15,96,289,0.33217993079584773,early,"[90, 120)"
9044,PF_0023732,080400,2,2024-12-05,2,0,0,92.0,7.0,,,,23.1,,,2,False,7564,"2024년_딸기(킹스베리,홍희)",2024-08-31,2025-06-15,96,289,0.33217993079584773,early,"[90, 120)"
9076,PF_0023732,080400,3,2024-12-05,0,0,0,118.0,8.0,,,,26.2,,,0,True,7564,"2024년_딸기(킹스베리,홍희)",2024-08-31,2025-06-15,96,289,0.33217993079584773,early,"[90, 120)"
9108,PF_0023732,080400,4,2024-12-05,0,0,0,115.0,9.0,,,,28.2,,,0,True,7564,"2024년_딸기(킹스베리,홍희)",2024-08-31,2025-06-15,96,289,0.33217993079584773,early,"[90, 120)"
9137,PF_0023732,080400,5,2024-12-05,8,0,0,113.0,6.0,,,,27.7,,,8,False,7564,"2024년_딸기(킹스베리,홍희)",2024-08-31,2025-06-15,96,289,0.33217993079584773,early,"[90, 120)"
9169,PF_0023732,080400,6,2024-12-05,5,0,0,102.0,6.0,,,,24.3,,,5,False,7564,"2024년_딸기(킹스베리,홍희)",2024-08-31,2025-06-15,96,289,0.33217993079584773,early,"[90, 120)"
9201,PF_0023732,080400,7,2024-12-05,14,0,0,95.0,6.0,,,,19.7,,,14,False,7564,"2024년_딸기(킹스베리,홍희)",2024-08-31,2025-06-15,96,289,0.33217993079584773,early,"[90, 120)"
9233,PF_0023732,080400,8,2024-12-05,0,5,3,118.0,5.0,,,,30.9,,,8,False,7564,"2024년_딸기(킹스베리,홍희)",2024-08-31,2025-06-15,96,289,0.33217993079584773,early,"[90, 120)"
9265,PF_0023732,080400,9,2024-12-05,0,0,0,119.0,9.0,,,,32.4,,,0,True,7564,"2024년_딸기(킹스베리,홍희)",2024-08-31,2025-06-15,96,289,0.33217993079584773,early,"[90, 120)"
9013,PF_0023732,080400,1,2024-12-10,8,0,0,121.0,6.0,,,,26.8,,,8,False,7564,"2024년_딸기(킹스베리,홍희)",2024-08-31,2025-06-15,101,289,0.3494809688581315,middle,"[90, 120)"
9045,PF_0023732,080400,2,2024-12-10,6,0,0,105.0,7.0,,,,24.6,,,6,False,7564,"2024년_딸기(킹스베리,홍희)",2024-08-31,2025-06-15,101,289,0.3494809688581315,middle,"[90, 120)"
9077,PF_0023732,080400,3,2024-12-10,0,0,0,106.0,10.0,,,,27.5,,,0,True,7564,"2024년_딸기(킹스베리,홍희)",2024-08-31,2025-06-15,101,289,0.3494809688581315,middle,"[90, 120)"
9109,PF_0023732,080400,4,2024-12-10,1,0,0,110.0,13.0,,,,29.6,,,1,False,7564,"2024년_딸기(킹스베리,홍희)",2024-08-31,2025-06-15,101,289,0.3494809688581315,middle,"[90, 120)"
9138,PF_0023732,080400,5,2024-12-10,13,0,0,95.0,6.0,,,,27.3,,,13,False,7564,"2024년_딸기(킹스베리,홍희)",2024-08-31,2025-06-15,101,289,0.3494809688581315,middle,"[90, 120)"
9170,PF_0023732,080400,6,2024-12-10,3,0,0,97.0,6.0,,,,26.2,,,3,False,7564,"2024년_딸기(킹스베리,홍희)",2024-08-31,2025-06-15,101,289,0.3494809688581315,middle,"[90, 120)"
9202,PF_0023732,080400,7,2024-12-10,2,0,0,100.0,6.0,,,,19.9,,,2,False,7564,"2024년_딸기(킹스베리,홍희)",2024-08-31,2025-06-15,101,289,0.3494809688581315,middle,"[90, 120)"
9234,PF_0023732,080400,8,2024-12-10,0,0,4,116.0,5.0,,,,27.6,,,4,False,7564,"2024년_딸기(킹스베리,홍희)",2024-08-31,2025-06-15,101,289,0.3494809688581315,middle,"[90, 120)"
9266,PF_0023732,080400,9,2024-12-10,1,0,0,118.0,7.0,,,,28.1,,,1,False,7564,"2024년_딸기(킹스베리,홍희)",2024-08-31,2025-06-15,101,289,0.3494809688581315,middle,"[90, 120)"
9014,PF_0023732,080400,1,2024-12-18,18,0,0,115.0,7.0,,,,27.7,,,18,False,7564,"2024년_딸기(킹스베리,홍희)",2024-08-31,2025-06-15,109,289,0.3771626297577855,middle,"[90, 120)"
9046,PF_0023732,080400,2,2024-12-18,11,0,0,110.0,7.0,,,,25.6,,,11,False,7564,"2024년_딸기(킹스베리,홍희)",2024-08-31,2025-06-15,109,289,0.3771626297577855,middle,"[90, 120)"
9078,PF_0023732,080400,3,2024-12-18,0,3,0,106.0,8.0,,,,35.2,,,3,False,7564,"2024년_딸기(킹스베리,홍희)",2024-08-31,2025-06-15,109,289,0.3771626297577855,middle,"[90, 120)"
9110,PF_0023732,080400,4,2024-12-18,1,0,0,107.0,7.0,,,,31.4,,,1,False,7564,"2024년_딸기(킹스베리,홍희)",2024-08-31,2025-06-15,109,289,0.3771626297577855,middle,"[90, 120)"
9139,PF_0023732,080400,5,2024-12-18,18,0,0,107.0,8.0,,,,35.2,,,18,False,7564,"2024년_딸기(킹스베리,홍희)",2024-08-31,2025-06-15,109,289,0.3771626297577855,middle,"[90, 120)"
9171,PF_0023732,080400,6,2024-12-18,4,0,0,95.0,14.0,,,,35.7,,,4,False,7564,"2024년_딸기(킹스베리,홍희)",2024-08-31,2025-06-15,109,289,0.3771626297577855,middle,"[90, 120)"
9203,PF_0023732,080400,7,2024-12-18,2,0,0,100.0,6.0,,,,22.1,,,2,False,7564,"2024년_딸기(킹스베리,홍희)",2024-08-31,2025-06-15,109,289,0.3771626297577855,middle,"[90, 120)"
9235,PF_0023732,080400,8,2024-12-18,0,0,4,115.0,6.0,,,,25.8,,,4,False,7564,"2024년_딸기(킹스베리,홍희)",2024-08-31,2025-06-15,109,289,0.3771626297577855,middle,"[90, 120)"
9267,PF_0023732,080400,9,2024-12-18,5,0,0,105.0,7.0,,,,37.6,,,5,False,7564,"2024년_딸기(킹스베리,홍희)",2024-08-31,2025-06-15,109,289,0.3771626297577855,middle,"[90, 120)"
9015,PF_0023732,080400,1,2024-12-24,13,0,0,80.0,6.0,,,,24.6,,,13,False,7564,"2024년_딸기(킹스베리,홍희)",2024-08-31,2025-06-15,115,289,0.39792387543252594,middle,"[90, 120)"
9047,PF_0023732,080400,2,2024-12-24,8,0,0,108.0,8.0,,,,25.8,,,8,False,7564,"2024년_딸기(킹스베리,홍희)",2024-08-31,2025-06-15,115,289,0.39792387543252594,middle,"[90, 120)"
9079,PF_0023732,080400,3,2024-12-24,0,4,0,107.0,14.0,,,,27.9,,,4,False,7564,"2024년_딸기(킹스베리,홍희)",2024-08-31,2025-06-15,115,289,0.39792387543252594,middle,"[90, 120)"
9111,PF_0023732,080400,4,2024-12-24,5,0,0,104.0,12.0,,,,33.4,,,5,False,7564,"2024년_딸기(킹스베리,홍희)",2024-08-31,2025-06-15,115,289,0.39792387543252594,middle,"[90, 120)"
9140,PF_0023732,080400,5,2024-12-24,15,0,0,108.0,8.0,,,,33.1,,,15,False,7564,"2024년_딸기(킹스베리,홍희)",2024-08-31,2025-06-15,115,289,0.39792387543252594,middle,"[90, 120)"
9172,PF_0023732,080400,6,2024-12-24,0,0,0,108.0,7.0,,,,29.8,,,0,True,7564,"2024년_딸기(킹스베리,홍희)",2024-08-31,2025-06-15,115,289,0.39792387543252594,middle,"[90, 120)"
9204,PF_0023732,080400,7,2024-12-24,1,0,0,94.0,7.0,,,,25.6,,,1,False,7564,"2024년_딸기(킹스베리,홍희)",2024-08-31,2025-06-15,115,289,0.39792387543252594,middle,"[90, 120)"
9236,PF_0023732,080400,8,2024-12-24,0,0,3,108.0,6.0,,,,27.2,,,3,False,7564,"2024년_딸기(킹스베리,홍희)",2024-08-31,2025-06-15,115,289,0.39792387543252594,middle,"[90, 120)"
9268,PF_0023732,080400,9,2024-12-24,7,0,0,102.0,8.0,,,,34.5,,,7,False,7564,"2024년_딸기(킹스베리,홍희)",2024-08-31,2025-06-15,115,289,0.39792387543252594,middle,"[90, 120)"
9016,PF_0023732,080400,1,2025-01-01,14,0,0,120.0,7.0,,,,25.9,,,14,False,7564,"2024년_딸기(킹스베리,홍희)",2024-08-31,2025-06-15,123,289,0.42560553633217996,middle,"[120, 150)"
9048,PF_0023732,080400,2,2025-01-01,8,0,0,114.0,5.0,,,,34.7,,,8,False,7564,"2024년_딸기(킹스베리,홍희)",2024-08-31,2025-06-15,123,289,0.42560553633217996,middle,"[120, 150)"
9080,PF_0023732,080400,3,2025-01-01,0,11,0,105.0,13.0,,,,32.6,,,11,False,7564,"2024년_딸기(킹스베리,홍희)",2024-08-31,2025-06-15,123,289,0.42560553633217996,middle,"[120, 150)"
9112,PF_0023732,080400,4,2025-01-01,11,0,0,84.0,15.0,,,,32.4,,,11,False,7564,"2024년_딸기(킹스베리,홍희)",2024-08-31,2025-06-15,123,289,0.42560553633217996,middle,"[120, 150)"
9141,PF_0023732,080400,5,2025-01-01,17,0,0,106.0,9.0,,,,32.9,,,17,False,7564,"2024년_딸기(킹스베리,홍희)",2024-08-31,2025-06-15,123,289,0.42560553633217996,middle,"[120, 150)"
9173,PF_0023732,080400,6,2025-01-01,0,10,0,109.0,11.0,,,,25.9,,,10,False,7564,"2024년_딸기(킹스베리,홍희)",2024-08-31,2025-06-15,123,289,0.42560553633217996,middle,"[120, 150)"
9205,PF_0023732,080400,7,2025-01-01,0,0,0,95.0,7.0,,,,31.5,,,0,True,7564,"2024년_딸기(킹스베리,홍희)",2024-08-31,2025-06-15,123,289,0.42560553633217996,middle,"[120, 150)"
9237,PF_0023732,080400,8,2025-01-01,0,0,1,111.0,5.0,,,,25.3,,,1,False,7564,"2024년_딸기(킹스베리,홍희)",2024-08-31,2025-06-15,123,289,0.42560553633217996,middle,"[120, 150)"
9269,PF_0023732,080400,9,2025-01-01,12,0,0,106.0,12.0,,,,26.6,,,12,False,7564,"2024년_딸기(킹스베리,홍희)",2024-08-31,2025-06-15,123,289,0.42560553633217996,middle,"[120, 150)"
9017,PF_0023732,080400,1,2025-01-07,12,0,0,85.0,7.0,,,,24.8,,,12,False,7564,"2024년_딸기(킹스베리,홍희)",2024-08-31,2025-06-15,129,289,0.4463667820069204,middle,"[120, 150)"
9049,PF_0023732,080400,2,2025-01-07,9,0,0,93.0,6.0,,,,30.6,,,9,False,7564,"2024년_딸기(킹스베리,홍희)",2024-08-31,2025-06-15,129,289,0.4463667820069204,middle,"[120, 150)"
9081,PF_0023732,080400,3,2025-01-07,0,10,0,105.0,12.0,,,,37.6,,,10,False,7564,"2024년_딸기(킹스베리,홍희)",2024-08-31,2025-06-15,129,289,0.4463667820069204,middle,"[120, 150)"
9113,PF_0023732,080400,4,2025-01-07,11,0,0,96.0,12.0,,,,26.7,,,11,False,7564,"2024년_딸기(킹스베리,홍희)",2024-08-31,2025-06-15,129,289,0.4463667820069204,middle,"[120, 150)"
9142,PF_0023732,080400,5,2025-01-07,17,0,0,102.0,7.0,,,,30.9,,,17,False,7564,"2024년_딸기(킹스베리,홍희)",2024-08-31,2025-06-15,129,289,0.4463667820069204,middle,"[120, 150)"
9174,PF_0023732,080400,6,2025-01-07,0,4,7,72.0,10.0,,,,28.9,,,11,False,7564,"2024년_딸기(킹스베리,홍희)",2024-08-31,2025-06-15,129,289,0.4463667820069204,middle,"[120, 150)"
9206,PF_0023732,080400,7,2025-01-07,0,1,0,103.0,7.0,,,,24.0,,,1,False,7564,"2024년_딸기(킹스베리,홍희)",2024-08-31,2025-06-15,129,289,0.4463667820069204,middle,"[120, 150)"
9238,PF_0023732,080400,8,2025-01-07,0,0,2,111.0,6.0,,,,25.7,,,2,False,7564,"2024년_딸기(킹스베리,홍희)",2024-08-31,2025-06-15,129,289,0.4463667820069204,middle,"[120, 150)"
9270,PF_0023732,080400,9,2025-01-07,12,0,0,88.0,8.0,,,,28.0,,,12,False,7564,"2024년_딸기(킹스베리,홍희)",2024-08-31,2025-06-15,129,289,0.4463667820069204,middle,"[120, 150)"
9018,PF_0023732,080400,1,2025-01-15,13,0,0,90.0,6.0,,,,26.1,,,13,False,7564,"2024년_딸기(킹스베리,홍희)",2024-08-31,2025-06-15,137,289,0.4740484429065744,middle,"[120, 150)"
9050,PF_0023732,080400,2,2025-01-15,9,0,0,95.0,9.0,,,,23.4,,,9,False,7564,"2024년_딸기(킹스베리,홍희)",2024-08-31,2025-06-15,137,289,0.4740484429065744,middle,"[120, 150)"
9082,PF_0023732,080400,3,2025-01-15,0,11,0,104.0,15.0,,,,34.7,,,11,False,7564,"2024년_딸기(킹스베리,홍희)",2024-08-31,2025-06-15,137,289,0.4740484429065744,middle,"[120, 150)"
9114,PF_0023732,080400,4,2025-01-15,11,0,0,97.0,13.0,,,,34.2,,,11,False,7564,"2024년_딸기(킹스베리,홍희)",2024-08-31,2025-06-15,137,289,0.4740484429065744,middle,"[120, 150)"
9143,PF_0023732,080400,5,2025-01-15,13,0,0,96.0,8.0,,,,34.6,,,13,False,7564,"2024년_딸기(킹스베리,홍희)",2024-08-31,2025-06-15,137,289,0.4740484429065744,middle,"[120, 150)"
9175,PF_0023732,080400,6,2025-01-15,0,3,7,110.0,11.0,,,,46.2,,,10,False,7564,"2024년_딸기(킹스베리,홍희)",2024-08-31,2025-06-15,137,289,0.4740484429065744,middle,"[120, 150)"
9207,PF_0023732,080400,7,2025-01-15,0,4,0,105.0,7.0,,,,32.5,,,4,False,7564,"2024년_딸기(킹스베리,홍희)",2024-08-31,2025-06-15,137,289,0.4740484429065744,middle,"[120, 150)"
9239,PF_0023732,080400,8,2025-01-15,0,0,4,115.0,7.0,,,,34.7,,,4,False,7564,"2024년_딸기(킹스베리,홍희)",2024-08-31,2025-06-15,137,289,0.4740484429065744,middle,"[120, 150)"
9271,PF_0023732,080400,9,2025-01-15,12,0,0,81.0,6.0,,,,32.3,,,12,False,7564,"2024년_딸기(킹스베리,홍희)",2024-08-31,2025-06-15,137,289,0.4740484429065744,middle,"[120, 150)"
9019,PF_0023732,080400,1,2025-01-27,9,0,0,115.0,9.0,,,,26.5,,,9,False,7564,"2024년_딸기(킹스베리,홍희)",2024-08-31,2025-06-15,149,289,0.5155709342560554,middle,"[120, 150)"
9051,PF_0023732,080400,2,2025-01-27,7,1,0,94.0,10.0,,,,31.8,,,8,False,7564,"2024년_딸기(킹스베리,홍희)",2024-08-31,2025-06-15,149,289,0.5155709342560554,middle,"[120, 150)"
9083,PF_0023732,080400,3,2025-01-27,0,11,1,103.0,15.0,,,,38.0,,,12,False,7564,"2024년_딸기(킹스베리,홍희)",2024-08-31,2025-06-15,149,289,0.5155709342560554,middle,"[120, 150)"
9115,PF_0023732,080400,4,2025-01-27,4,6,4,90.0,14.0,,,,42.6,,,14,False,7564,"2024년_딸기(킹스베리,홍희)",2024-08-31,2025-06-15,149,289,0.5155709342560554,middle,"[120, 150)"
9144,PF_0023732,080400,5,2025-01-27,9,5,0,105.0,9.0,,,,33.2,,,14,False,7564,"2024년_딸기(킹스베리,홍희)",2024-08-31,2025-06-15,149,289,0.5155709342560554,middle,"[120, 150)"
9176,PF_0023732,080400,6,2025-01-27,0,3,3,111.0,11.0,,,,28.4,,,6,False,7564,"2024년_딸기(킹스베리,홍희)",2024-08-31,2025-06-15,149,289,0.5155709342560554,middle,"[120, 150)"
9208,PF_0023732,080400,7,2025-01-27,0,6,4,96.0,9.0,,,,33.6,,,10,False,7564,"2024년_딸기(킹스베리,홍희)",2024-08-31,2025-06-15,149,289,0.5155709342560554,middle,"[120, 150)"
9240,PF_0023732,080400,8,2025-01-27,0,0,5,114.0,9.0,,,,35.6,,,5,False,7564,"2024년_딸기(킹스베리,홍희)",2024-08-31,2025-06-15,149,289,0.5155709342560554,middle,"[120, 150)"
9272,PF_0023732,080400,9,2025-01-27,11,1,1,81.0,10.0,,,,27.0,,,13,False,7564,"2024년_딸기(킹스베리,홍희)",2024-08-31,2025-06-15,149,289,0.5155709342560554,middle,"[120, 150)"
9020,PF_0023732,080400,1,2025-02-06,5,4,0,92.0,8.0,,,,29.1,,,9,False,7564,"2024년_딸기(킹스베리,홍희)",2024-08-31,2025-06-15,159,289,0.5501730103806228,middle,"[150, 180)"
9052,PF_0023732,080400,2,2025-02-06,3,6,0,97.0,12.0,,,,31.1,,,9,False,7564,"2024년_딸기(킹스베리,홍희)",2024-08-31,2025-06-15,159,289,0.5501730103806228,middle,"[150, 180)"
9084,PF_0023732,080400,3,2025-02-06,0,8,7,100.0,16.0,,,,33.5,,,15,False,7564,"2024년_딸기(킹스베리,홍희)",2024-08-31,2025-06-15,159,289,0.5501730103806228,middle,"[150, 180)"
9116,PF_0023732,080400,4,2025-02-06,7,5,2,70.0,15.0,,,,38.7,,,14,False,7564,"2024년_딸기(킹스베리,홍희)",2024-08-31,2025-06-15,159,289,0.5501730103806228,middle,"[150, 180)"
9145,PF_0023732,080400,5,2025-02-06,3,6,0,105.0,7.0,,,,25.6,,,9,False,7564,"2024년_딸기(킹스베리,홍희)",2024-08-31,2025-06-15,159,289,0.5501730103806228,middle,"[150, 180)"
9177,PF_0023732,080400,6,2025-02-06,0,1,2,110.0,14.0,,,,41.8,,,3,False,7564,"2024년_딸기(킹스베리,홍희)",2024-08-31,2025-06-15,159,289,0.5501730103806228,middle,"[150, 180)"
9209,PF_0023732,080400,7,2025-02-06,0,0,8,101.0,11.0,,,,28.2,,,8,False,7564,"2024년_딸기(킹스베리,홍희)",2024-08-31,2025-06-15,159,289,0.5501730103806228,middle,"[150, 180)"
9241,PF_0023732,080400,8,2025-02-06,0,0,5,112.0,8.0,,,,44.4,,,5,False,7564,"2024년_딸기(킹스베리,홍희)",2024-08-31,2025-06-15,159,289,0.5501730103806228,middle,"[150, 180)"
9273,PF_0023732,080400,9,2025-02-06,8,5,5,81.0,11.0,,,,27.4,,,18,False,7564,"2024년_딸기(킹스베리,홍희)",2024-08-31,2025-06-15,159,289,0.5501730103806228,middle,"[150, 180)"
9021,PF_0023732,080400,1,2025-02-11,3,8,0,93.0,8.0,,,,34.9,,,11,False,7564,"2024년_딸기(킹스베리,홍희)",2024-08-31,2025-06-15,164,289,0.5674740484429066,middle,"[150, 180)"
9053,PF_0023732,080400,2,2025-02-11,1,8,0,96.0,12.0,,,,28.2,,,9,False,7564,"2024년_딸기(킹스베리,홍희)",2024-08-31,2025-06-15,164,289,0.5674740484429066,middle,"[150, 180)"
9085,PF_0023732,080400,3,2025-02-11,0,8,8,103.0,16.0,,,,38.4,,,16,False,7564,"2024년_딸기(킹스베리,홍희)",2024-08-31,2025-06-15,164,289,0.5674740484429066,middle,"[150, 180)"
9117,PF_0023732,080400,4,2025-02-11,5,5,3,71.0,19.0,,,,39.1,,,13,False,7564,"2024년_딸기(킹스베리,홍희)",2024-08-31,2025-06-15,164,289,0.5674740484429066,middle,"[150, 180)"
9146,PF_0023732,080400,5,2025-02-11,1,6,0,98.0,6.0,,,,21.4,,,7,False,7564,"2024년_딸기(킹스베리,홍희)",2024-08-31,2025-06-15,164,289,0.5674740484429066,middle,"[150, 180)"
9178,PF_0023732,080400,6,2025-02-11,0,0,4,110.0,16.0,,,,33.6,,,4,False,7564,"2024년_딸기(킹스베리,홍희)",2024-08-31,2025-06-15,164,289,0.5674740484429066,middle,"[150, 180)"
9210,PF_0023732,080400,7,2025-02-11,0,0,7,101.0,10.0,,,,30.8,,,7,False,7564,"2024년_딸기(킹스베리,홍희)",2024-08-31,2025-06-15,164,289,0.5674740484429066,middle,"[150, 180)"
9242,PF_0023732,080400,8,2025-02-11,0,0,4,100.0,11.0,,,,39.2,,,4,False,7564,"2024년_딸기(킹스베리,홍희)",2024-08-31,2025-06-15,164,289,0.5674740484429066,middle,"[150, 180)"
9274,PF_0023732,080400,9,2025-02-11,8,6,9,82.0,10.0,,,,37.9,,,23,False,7564,"2024년_딸기(킹스베리,홍희)",2024-08-31,2025-06-15,164,289,0.5674740484429066,middle,"[150, 180)"
9022,PF_0023732,080400,1,2025-02-20,0,4,0,94.0,9.0,,,,27.2,,,4,False,7564,"2024년_딸기(킹스베리,홍희)",2024-08-31,2025-06-15,173,289,0.5986159169550173,middle,"[150, 180)"
9054,PF_0023732,080400,2,2025-02-20,0,4,0,97.0,11.0,,,,30.0,,,4,False,7564,"2024년_딸기(킹스베리,홍희)",2024-08-31,2025-06-15,173,289,0.5986159169550173,middle,"[150, 180)"
9086,PF_0023732,080400,3,2025-02-20,0,6,4,101.0,14.0,,,,41.1,,,10,False,7564,"2024년_딸기(킹스베리,홍희)",2024-08-31,2025-06-15,173,289,0.5986159169550173,middle,"[150, 180)"
9118,PF_0023732,080400,4,2025-02-20,0,5,3,76.0,14.0,,,,51.5,,,8,False,7564,"2024년_딸기(킹스베리,홍희)",2024-08-31,2025-06-15,173,289,0.5986159169550173,middle,"[150, 180)"
9147,PF_0023732,080400,5,2025-02-20,0,6,0,99.0,8.0,,,,36.8,,,6,False,7564,"2024년_딸기(킹스베리,홍희)",2024-08-31,2025-06-15,173,289,0.5986159169550173,middle,"[150, 180)"
9179,PF_0023732,080400,6,2025-02-20,0,0,4,66.0,15.0,,,,40.8,,,4,False,7564,"2024년_딸기(킹스베리,홍희)",2024-08-31,2025-06-15,173,289,0.5986159169550173,middle,"[150, 180)"
9211,PF_0023732,080400,7,2025-02-20,0,0,7,84.0,9.0,,,,30.8,,,7,False,7564,"2024년_딸기(킹스베리,홍희)",2024-08-31,2025-06-15,173,289,0.5986159169550173,middle,"[150, 180)"
9243,PF_0023732,080400,8,2025-02-20,0,0,4,78.0,8.0,,,,22.6,,,4,False,7564,"2024년_딸기(킹스베리,홍희)",2024-08-31,2025-06-15,173,289,0.5986159169550173,middle,"[150, 180)"
9275,PF_0023732,080400,9,2025-02-20,0,2,4,86.0,13.0,,,,28.6,,,6,False,7564,"2024년_딸기(킹스베리,홍희)",2024-08-31,2025-06-15,173,289,0.5986159169550173,middle,"[150, 180)"
9023,PF_0023732,080400,1,2025-02-28,0,4,0,71.0,8.0,,,,32.1,,,4,False,7564,"2024년_딸기(킹스베리,홍희)",2024-08-31,2025-06-15,181,289,0.6262975778546713,middle,"[180, 210)"
9055,PF_0023732,080400,2,2025-02-28,0,3,5,93.0,12.0,,,,31.2,,,8,False,7564,"2024년_딸기(킹스베리,홍희)",2024-08-31,2025-06-15,181,289,0.6262975778546713,middle,"[180, 210)"
9087,PF_0023732,080400,3,2025-02-28,0,0,0,90.0,10.0,,,,40.0,,,0,True,7564,"2024년_딸기(킹스베리,홍희)",2024-08-31,2025-06-15,181,289,0.6262975778546713,middle,"[180, 210)"
9119,PF_0023732,080400,4,2025-02-28,0,4,3,82.0,10.0,,,,40.8,,,7,False,7564,"2024년_딸기(킹스베리,홍희)",2024-08-31,2025-06-15,181,289,0.6262975778546713,middle,"[180, 210)"
9148,PF_0023732,080400,5,2025-02-28,0,3,3,72.0,8.0,,,,33.6,,,6,False,7564,"2024년_딸기(킹스베리,홍희)",2024-08-31,2025-06-15,181,289,0.6262975778546713,middle,"[180, 210)"
9180,PF_0023732,080400,6,2025-02-28,0,0,0,112.0,10.0,,,,33.4,,,0,True,7564,"2024년_딸기(킹스베리,홍희)",2024-08-31,2025-06-15,181,289,0.6262975778546713,middle,"[180, 210)"
9212,PF_0023732,080400,7,2025-02-28,0,0,3,95.0,4.0,,,,20.8,,,3,False,7564,"2024년_딸기(킹스베리,홍희)",2024-08-31,2025-06-15,181,289,0.6262975778546713,middle,"[180, 210)"
9244,PF_0023732,080400,8,2025-02-28,0,0,0,78.0,9.0,,,,31.7,,,0,True,7564,"2024년_딸기(킹스베리,홍희)",2024-08-31,2025-06-15,181,289,0.6262975778546713,middle,"[180, 210)"
9276,PF_0023732,080400,9,2025-02-28,0,3,3,70.0,12.0,,,,44.8,,,6,False,7564,"2024년_딸기(킹스베리,홍희)",2024-08-31,2025-06-15,181,289,0.6262975778546713,middle,"[180, 210)"
9024,PF_0023732,080400,1,2025-03-06,0,2,0,73.0,9.0,,,,32.3,,,2,False,7564,"2024년_딸기(킹스베리,홍희)",2024-08-31,2025-06-15,187,289,0.6470588235294118,middle,"[180, 210)"
9056,PF_0023732,080400,2,2025-03-06,0,0,7,95.0,12.0,,,,31.5,,,7,False,7564,"2024년_딸기(킹스베리,홍희)",2024-08-31,2025-06-15,187,289,0.6470588235294118,middle,"[180, 210)"
9088,PF_0023732,080400,3,2025-03-06,0,0,0,92.0,10.0,,,,39.8,,,0,True,7564,"2024년_딸기(킹스베리,홍희)",2024-08-31,2025-06-15,187,289,0.6470588235294118,middle,"[180, 210)"
9120,PF_0023732,080400,4,2025-03-06,0,0,7,81.0,10.0,,,,40.1,,,7,False,7564,"2024년_딸기(킹스베리,홍희)",2024-08-31,2025-06-15,187,289,0.6470588235294118,middle,"[180, 210)"
9149,PF_0023732,080400,5,2025-03-06,0,3,2,76.0,9.0,,,,34.2,,,5,False,7564,"2024년_딸기(킹스베리,홍희)",2024-08-31,2025-06-15,187,289,0.6470588235294118,middle,"[180, 210)"
9181,PF_0023732,080400,6,2025-03-06,0,0,0,111.0,10.0,,,,33.8,,,0,True,7564,"2024년_딸기(킹스베리,홍희)",2024-08-31,2025-06-15,187,289,0.6470588235294118,middle,"[180, 210)"
9213,PF_0023732,080400,7,2025-03-06,0,0,2,96.0,5.0,,,,20.2,,,2,False,7564,"2024년_딸기(킹스베리,홍희)",2024-08-31,2025-06-15,187,289,0.6470588235294118,middle,"[180, 210)"
9245,PF_0023732,080400,8,2025-03-06,0,0,0,80.0,8.0,,,,31.4,,,0,True,7564,"2024년_딸기(킹스베리,홍희)",2024-08-31,2025-06-15,187,289,0.6470588235294118,middle,"[180, 210)"
9277,PF_0023732,080400,9,2025-03-06,0,3,4,72.0,11.0,,,,44.2,,,7,False,7564,"2024년_딸기(킹스베리,홍희)",2024-08-31,2025-06-15,187,289,0.6470588235294118,middle,"[180, 210)"
9025,PF_0023732,080400,1,2025-03-14,0,0,0,102.0,6.0,,,,25.4,,,0,True,7564,"2024년_딸기(킹스베리,홍희)",2024-08-31,2025-06-15,195,289,0.6747404844290658,late,"[180, 210)"
9057,PF_0023732,080400,2,2025-03-14,0,0,2,71.0,8.0,,,,24.8,,,2,False,7564,"2024년_딸기(킹스베리,홍희)",2024-08-31,2025-06-15,195,289,0.6747404844290658,late,"[180, 210)"
9089,PF_0023732,080400,3,2025-03-14,0,0,0,83.0,9.0,,,,22.1,,,0,True,7564,"2024년_딸기(킹스베리,홍희)",2024-08-31,2025-06-15,195,289,0.6747404844290658,late,"[180, 210)"
9121,PF_0023732,080400,4,2025-03-14,0,0,3,103.0,10.0,,,,35.5,,,3,False,7564,"2024년_딸기(킹스베리,홍희)",2024-08-31,2025-06-15,195,289,0.6747404844290658,late,"[180, 210)"
9150,PF_0023732,080400,5,2025-03-14,0,0,3,90.0,10.0,,,,23.4,,,3,False,7564,"2024년_딸기(킹스베리,홍희)",2024-08-31,2025-06-15,195,289,0.6747404844290658,late,"[180, 210)"
9182,PF_0023732,080400,6,2025-03-14,0,0,0,92.0,9.0,,,,37.8,,,0,True,7564,"2024년_딸기(킹스베리,홍희)",2024-08-31,2025-06-15,195,289,0.6747404844290658,late,"[180, 210)"
9214,PF_0023732,080400,7,2025-03-14,0,0,3,108.0,9.0,,,,31.2,,,3,False,7564,"2024년_딸기(킹스베리,홍희)",2024-08-31,2025-06-15,195,289,0.6747404844290658,late,"[180, 210)"
9246,PF_0023732,080400,8,2025-03-14,0,0,0,101.0,6.0,,,,33.1,,,0,True,7564,"2024년_딸기(킹스베리,홍희)",2024-08-31,2025-06-15,195,289,0.6747404844290658,late,"[180, 210)"
9278,PF_0023732,080400,9,2025-03-14,0,1,2,91.0,7.0,,,,32.7,,,3,False,7564,"2024년_딸기(킹스베리,홍희)",2024-08-31,2025-06-15,195,289,0.6747404844290658,late,"[180, 210)"
9026,PF_0023732,080400,1,2025-03-20,0,0,0,103.0,7.0,,,,25.7,,,0,True,7564,"2024년_딸기(킹스베리,홍희)",2024-08-31,2025-06-15,201,289,0.6955017301038062,late,"[180, 210)"
9058,PF_0023732,080400,2,2025-03-20,0,0,0,70.0,9.0,,,,25.0,,,0,True,7564,"2024년_딸기(킹스베리,홍희)",2024-08-31,2025-06-15,201,289,0.6955017301038062,late,"[180, 210)"
9090,PF_0023732,080400,3,2025-03-20,0,0,0,82.0,11.0,,,,22.5,,,0,True,7564,"2024년_딸기(킹스베리,홍희)",2024-08-31,2025-06-15,201,289,0.6955017301038062,late,"[180, 210)"
9122,PF_0023732,080400,4,2025-03-20,0,0,0,104.0,10.0,,,,36.1,,,0,True,7564,"2024년_딸기(킹스베리,홍희)",2024-08-31,2025-06-15,201,289,0.6955017301038062,late,"[180, 210)"
9151,PF_0023732,080400,5,2025-03-20,0,0,3,91.0,8.0,,,,24.4,,,3,False,7564,"2024년_딸기(킹스베리,홍희)",2024-08-31,2025-06-15,201,289,0.6955017301038062,late,"[180, 210)"
9183,PF_0023732,080400,6,2025-03-20,0,0,0,93.0,10.0,,,,38.1,,,0,True,7564,"2024년_딸기(킹스베리,홍희)",2024-08-31,2025-06-15,201,289,0.6955017301038062,late,"[180, 210)"
9215,PF_0023732,080400,7,2025-03-20,0,0,3,110.0,9.0,,,,31.9,,,3,False,7564,"2024년_딸기(킹스베리,홍희)",2024-08-31,2025-06-15,201,289,0.6955017301038062,late,"[180, 210)"
9247,PF_0023732,080400,8,2025-03-20,0,0,0,104.0,6.0,,,,33.7,,,0,True,7564,"2024년_딸기(킹스베리,홍희)",2024-08-31,2025-06-15,201,289,0.6955017301038062,late,"[180, 210)"
9279,PF_0023732,080400,9,2025-03-20,0,0,0,95.0,7.0,,,,33.2,,,0,True,7564,"2024년_딸기(킹스베리,홍희)",2024-08-31,2025-06-15,201,289,0.6955017301038062,late,"[180, 210)"
9027,PF_0023732,080400,1,2025-03-28,0,0,2,105.0,8.0,,,,26.1,,,2,False,7564,"2024년_딸기(킹스베리,홍희)",2024-08-31,2025-06-15,209,289,0.7231833910034602,late,"[180, 210)"
9059,PF_0023732,080400,2,2025-03-28,0,0,0,71.0,10.0,,,,25.1,,,0,True,7564,"2024년_딸기(킹스베리,홍희)",2024-08-31,2025-06-15,209,289,0.7231833910034602,late,"[180, 210)"
9091,PF_0023732,080400,3,2025-03-28,0,0,0,84.0,11.0,,,,22.8,,,0,True,7564,"2024년_딸기(킹스베리,홍희)",2024-08-31,2025-06-15,209,289,0.7231833910034602,late,"[180, 210)"
9123,PF_0023732,080400,4,2025-03-28,0,0,0,105.0,11.0,,,,36.5,,,0,True,7564,"2024년_딸기(킹스베리,홍희)",2024-08-31,2025-06-15,209,289,0.7231833910034602,late,"[180, 210)"
9152,PF_0023732,080400,5,2025-03-28,0,0,0,92.0,9.0,,,,24.7,,,0,True,7564,"2024년_딸기(킹스베리,홍희)",2024-08-31,2025-06-15,209,289,0.7231833910034602,late,"[180, 210)"
9184,PF_0023732,080400,6,2025-03-28,0,0,0,94.0,10.0,,,,38.3,,,0,True,7564,"2024년_딸기(킹스베리,홍희)",2024-08-31,2025-06-15,209,289,0.7231833910034602,late,"[180, 210)"
9216,PF_0023732,080400,7,2025-03-28,0,0,0,112.0,10.0,,,,32.0,,,0,True,7564,"2024년_딸기(킹스베리,홍희)",2024-08-31,2025-06-15,209,289,0.7231833910034602,late,"[180, 210)"
9248,PF_0023732,080400,8,2025-03-28,0,0,0,105.0,7.0,,,,33.9,,,0,True,7564,"2024년_딸기(킹스베리,홍희)",2024-08-31,2025-06-15,209,289,0.7231833910034602,late,"[180, 210)"
9280,PF_0023732,080400,9,2025-03-28,0,0,0,97.0,7.0,,,,33.4,,,0,True,7564,"2024년_딸기(킹스베리,홍희)",2024-08-31,2025-06-15,209,289,0.7231833910034602,late,"[180, 210)"
9028,PF_0023732,080400,1,2025-04-04,0,0,2,106.0,9.0,,,,26.3,,,2,False,7564,"2024년_딸기(킹스베리,홍희)",2024-08-31,2025-06-15,216,289,0.7474048442906575,late,"[210, 240)"
9060,PF_0023732,080400,2,2025-04-04,0,0,0,69.0,11.0,,,,25.5,,,0,True,7564,"2024년_딸기(킹스베리,홍희)",2024-08-31,2025-06-15,216,289,0.7474048442906575,late,"[210, 240)"
9092,PF_0023732,080400,3,2025-04-04,0,0,0,86.0,11.0,,,,22.9,,,0,True,7564,"2024년_딸기(킹스베리,홍희)",2024-08-31,2025-06-15,216,289,0.7474048442906575,late,"[210, 240)"
9124,PF_0023732,080400,4,2025-04-04,0,0,0,106.0,11.0,,,,36.6,,,0,True,7564,"2024년_딸기(킹스베리,홍희)",2024-08-31,2025-06-15,216,289,0.7474048442906575,late,"[210, 240)"
9153,PF_0023732,080400,5,2025-04-04,0,0,0,91.0,10.0,,,,24.9,,,0,True,7564,"2024년_딸기(킹스베리,홍희)",2024-08-31,2025-06-15,216,289,0.7474048442906575,late,"[210, 240)"
9185,PF_0023732,080400,6,2025-04-04,0,0,0,95.0,11.0,,,,38.6,,,0,True,7564,"2024년_딸기(킹스베리,홍희)",2024-08-31,2025-06-15,216,289,0.7474048442906575,late,"[210, 240)"
9217,PF_0023732,080400,7,2025-04-04,0,0,0,113.0,10.0,,,,31.9,,,0,True,7564,"2024년_딸기(킹스베리,홍희)",2024-08-31,2025-06-15,216,289,0.7474048442906575,late,"[210, 240)"
9249,PF_0023732,080400,8,2025-04-04,0,0,0,104.0,8.0,,,,34.2,,,0,True,7564,"2024년_딸기(킹스베리,홍희)",2024-08-31,2025-06-15,216,289,0.7474048442906575,late,"[210, 240)"
9281,PF_0023732,080400,9,2025-04-04,0,0,0,99.0,8.0,,,,33.3,,,0,True,7564,"2024년_딸기(킹스베리,홍희)",2024-08-31,2025-06-15,216,289,0.7474048442906575,late,"[210, 240)"
9029,PF_0023732,080400,1,2025-04-10,0,0,0,105.0,10.0,,,,26.2,,,0,True,7564,"2024년_딸기(킹스베리,홍희)",2024-08-31,2025-06-15,222,289,0.7681660899653979,late,"[210, 240)"
9061,PF_0023732,080400,2,2025-04-10,0,0,0,70.0,10.0,,,,25.7,,,0,True,7564,"2024년_딸기(킹스베리,홍희)",2024-08-31,2025-06-15,222,289,0.7681660899653979,late,"[210, 240)"
9093,PF_0023732,080400,3,2025-04-10,0,0,0,87.0,12.0,,,,23.0,,,0,True,7564,"2024년_딸기(킹스베리,홍희)",2024-08-31,2025-06-15,222,289,0.7681660899653979,late,"[210, 240)"
9125,PF_0023732,080400,4,2025-04-10,0,0,0,108.0,10.0,,,,36.7,,,0,True,7564,"2024년_딸기(킹스베리,홍희)",2024-08-31,2025-06-15,222,289,0.7681660899653979,late,"[210, 240)"
9154,PF_0023732,080400,5,2025-04-10,0,0,0,92.0,11.0,,,,24.7,,,0,True,7564,"2024년_딸기(킹스베리,홍희)",2024-08-31,2025-06-15,222,289,0.7681660899653979,late,"[210, 240)"
9186,PF_0023732,080400,6,2025-04-10,0,0,0,93.0,12.0,,,,38.8,,,0,True,7564,"2024년_딸기(킹스베리,홍희)",2024-08-31,2025-06-15,222,289,0.7681660899653979,late,"[210, 240)"
9218,PF_0023732,080400,7,2025-04-10,0,0,0,114.0,11.0,,,,32.1,,,0,True,7564,"2024년_딸기(킹스베리,홍희)",2024-08-31,2025-06-15,222,289,0.7681660899653979,late,"[210, 240)"
9250,PF_0023732,080400,8,2025-04-10,0,0,0,105.0,9.0,,,,34.0,,,0,True,7564,"2024년_딸기(킹스베리,홍희)",2024-08-31,2025-06-15,222,289,0.7681660899653979,late,"[210, 240)"
9282,PF_0023732,080400,9,2025-04-10,0,0,0,101.0,10.0,,,,33.4,,,0,True,7564,"2024년_딸기(킹스베리,홍희)",2024-08-31,2025-06-15,222,289,0.7681660899653979,late,"[210, 240)"
9030,PF_0023732,080400,1,2025-04-19,0,0,0,106.0,10.0,,,,26.3,,,0,True,7564,"2024년_딸기(킹스베리,홍희)",2024-08-31,2025-06-15,231,289,0.7993079584775087,late,"[210, 240)"
9062,PF_0023732,080400,2,2025-04-19,0,0,0,70.0,11.0,,,,25.6,,,0,True,7564,"2024년_딸기(킹스베리,홍희)",2024-08-31,2025-06-15,231,289,0.7993079584775087,late,"[210, 240)"
9094,PF_0023732,080400,3,2025-04-19,0,0,0,87.0,12.0,,,,23.0,,,0,True,7564,"2024년_딸기(킹스베리,홍희)",2024-08-31,2025-06-15,231,289,0.7993079584775087,late,"[210, 240)"
9126,PF_0023732,080400,4,2025-04-19,0,0,0,107.0,11.0,,,,36.7,,,0,True,7564,"2024년_딸기(킹스베리,홍희)",2024-08-31,2025-06-15,231,289,0.7993079584775087,late,"[210, 240)"
9155,PF_0023732,080400,5,2025-04-19,0,0,0,92.0,12.0,,,,24.8,,,0,True,7564,"2024년_딸기(킹스베리,홍희)",2024-08-31,2025-06-15,231,289,0.7993079584775087,late,"[210, 240)"
9187,PF_0023732,080400,6,2025-04-19,0,0,0,94.0,11.0,,,,38.7,,,0,True,7564,"2024년_딸기(킹스베리,홍희)",2024-08-31,2025-06-15,231,289,0.7993079584775087,late,"[210, 240)"
9219,PF_0023732,080400,7,2025-04-19,0,0,0,114.0,11.0,,,,32.0,,,0,True,7564,"2024년_딸기(킹스베리,홍희)",2024-08-31,2025-06-15,231,289,0.7993079584775087,late,"[210, 240)"
9251,PF_0023732,080400,8,2025-04-19,0,0,0,105.0,10.0,,,,34.1,,,0,True,7564,"2024년_딸기(킹스베리,홍희)",2024-08-31,2025-06-15,231,289,0.7993079584775087,late,"[210, 240)"
9283,PF_0023732,080400,9,2025-04-19,0,0,0,100.0,11.0,,,,33.4,,,0,True,7564,"2024년_딸기(킹스베리,홍희)",2024-08-31,2025-06-15,231,289,0.7993079584775087,late,"[210, 240)"
9031,PF_0023732,080400,1,2025-04-26,0,0,0,95.0,9.0,,,,25.8,,,0,True,7564,"2024년_딸기(킹스베리,홍희)",2024-08-31,2025-06-15,238,289,0.8235294117647058,late,"[210, 240)"
9063,PF_0023732,080400,2,2025-04-26,0,0,0,75.0,11.0,,,,26.7,,,0,True,7564,"2024년_딸기(킹스베리,홍희)",2024-08-31,2025-06-15,238,289,0.8235294117647058,late,"[210, 240)"
9095,PF_0023732,080400,3,2025-04-26,0,0,0,106.0,12.0,,,,23.8,,,0,True,7564,"2024년_딸기(킹스베리,홍희)",2024-08-31,2025-06-15,238,289,0.8235294117647058,late,"[210, 240)"
9127,PF_0023732,080400,4,2025-04-26,0,0,0,105.0,12.0,,,,37.2,,,0,True,7564,"2024년_딸기(킹스베리,홍희)",2024-08-31,2025-06-15,238,289,0.8235294117647058,late,"[210, 240)"
9156,PF_0023732,080400,5,2025-04-26,0,0,0,125.0,12.0,,,,25.3,,,0,True,7564,"2024년_딸기(킹스베리,홍희)",2024-08-31,2025-06-15,238,289,0.8235294117647058,late,"[210, 240)"
9188,PF_0023732,080400,6,2025-04-26,0,0,0,122.0,11.0,,,,39.4,,,0,True,7564,"2024년_딸기(킹스베리,홍희)",2024-08-31,2025-06-15,238,289,0.8235294117647058,late,"[210, 240)"
9220,PF_0023732,080400,7,2025-04-26,0,0,0,123.0,10.0,,,,30.4,,,0,True,7564,"2024년_딸기(킹스베리,홍희)",2024-08-31,2025-06-15,238,289,0.8235294117647058,late,"[210, 240)"
9252,PF_0023732,080400,8,2025-04-26,0,0,0,112.0,11.0,,,,35.3,,,0,True,7564,"2024년_딸기(킹스베리,홍희)",2024-08-31,2025-06-15,238,289,0.8235294117647058,late,"[210, 240)"
9284,PF_0023732,080400,9,2025-04-26,0,0,0,117.0,11.0,,,,34.8,,,0,True,7564,"2024년_딸기(킹스베리,홍희)",2024-08-31,2025-06-15,238,289,0.8235294117647058,late,"[210, 240)"
9032,PF_0023732,080400,1,2025-04-30,0,0,0,58.0,8.0,,,,24.2,,,0,True,7564,"2024년_딸기(킹스베리,홍희)",2024-08-31,2025-06-15,242,289,0.8373702422145328,late,"[240, 270)"
9064,PF_0023732,080400,2,2025-04-30,0,0,0,118.0,10.0,,,,27.8,,,0,True,7564,"2024년_딸기(킹스베리,홍희)",2024-08-31,2025-06-15,242,289,0.8373702422145328,late,"[240, 270)"
9096,PF_0023732,080400,3,2025-04-30,0,0,0,100.0,11.0,,,,23.1,,,0,True,7564,"2024년_딸기(킹스베리,홍희)",2024-08-31,2025-06-15,242,289,0.8373702422145328,late,"[240, 270)"
9157,PF_0023732,080400,5,2025-04-30,0,0,0,126.0,12.0,,,,26.2,,,0,True,7564,"2024년_딸기(킹스베리,홍희)",2024-08-31,2025-06-15,242,289,0.8373702422145328,late,"[240, 270)"
9189,PF_0023732,080400,6,2025-04-30,0,0,0,120.0,12.0,,,,40.2,,,0,True,7564,"2024년_딸기(킹스베리,홍희)",2024-08-31,2025-06-15,242,289,0.8373702422145328,late,"[240, 270)"
9221,PF_0023732,080400,7,2025-04-30,0,0,0,135.0,9.0,,,,29.1,,,0,True,7564,"2024년_딸기(킹스베리,홍희)",2024-08-31,2025-06-15,242,289,0.8373702422145328,late,"[240, 270)"
9253,PF_0023732,080400,8,2025-04-30,0,0,0,116.0,11.0,,,,36.4,,,0,True,7564,"2024년_딸기(킹스베리,홍희)",2024-08-31,2025-06-15,242,289,0.8373702422145328,late,"[240, 270)"
9285,PF_0023732,080400,9,2025-04-30,0,0,0,117.0,11.0,,,,34.8,,,0,True,7564,"2024년_딸기(킹스베리,홍희)",2024-08-31,2025-06-15,242,289,0.8373702422145328,late,"[240, 270)"
9033,PF_0023732,080400,1,2025-05-21,0,0,0,90.0,6.0,,,,18.3,,,0,True,7564,"2024년_딸기(킹스베리,홍희)",2024-08-31,2025-06-15,263,289,0.9100346020761245,late,"[240, 270)"
9065,PF_0023732,080400,2,2025-05-21,0,0,0,128.0,11.0,,,,17.2,,,0,True,7564,"2024년_딸기(킹스베리,홍희)",2024-08-31,2025-06-15,263,289,0.9100346020761245,late,"[240, 270)"
9097,PF_0023732,080400,3,2025-05-21,0,0,0,118.0,7.0,,,,19.2,,,0,True,7564,"2024년_딸기(킹스베리,홍희)",2024-08-31,2025-06-15,263,289,0.9100346020761245,late,"[240, 270)"
9158,PF_0023732,080400,5,2025-05-21,0,0,0,117.0,5.0,,,,16.1,,,0,True,7564,"2024년_딸기(킹스베리,홍희)",2024-08-31,2025-06-15,263,289,0.9100346020761245,late,"[240, 270)"
9190,PF_0023732,080400,6,2025-05-21,0,0,0,91.0,6.0,,,,22.2,,,0,True,7564,"2024년_딸기(킹스베리,홍희)",2024-08-31,2025-06-15,263,289,0.9100346020761245,late,"[240, 270)"
9222,PF_0023732,080400,7,2025-05-21,0,0,0,115.0,8.0,,,,16.9,,,0,True,7564,"2024년_딸기(킹스베리,홍희)",2024-08-31,2025-06-15,263,289,0.9100346020761245,late,"[240, 270)"
9254,PF_0023732,080400,8,2025-05-21,0,0,0,123.0,8.0,,,,22.9,,,0,True,7564,"2024년_딸기(킹스베리,홍희)",2024-08-31,2025-06-15,263,289,0.9100346020761245,late,"[240, 270)"
9034,PF_0023732,080400,1,2025-05-28,0,0,0,75.0,3.0,,,,13.1,,,0,True,7564,"2024년_딸기(킹스베리,홍희)",2024-08-31,2025-06-15,270,289,0.9342560553633218,late,"[270, 300)"
9066,PF_0023732,080400,2,2025-05-28,0,0,0,132.0,3.0,,,,18.4,,,0,True,7564,"2024년_딸기(킹스베리,홍희)",2024-08-31,2025-06-15,270,289,0.9342560553633218,late,"[270, 300)"
9098,PF_0023732,080400,3,2025-05-28,0,0,0,125.0,3.0,,,,14.0,,,0,True,7564,"2024년_딸기(킹스베리,홍희)",2024-08-31,2025-06-15,270,289,0.9342560553633218,late,"[270, 300)"
9159,PF_0023732,080400,5,2025-05-28,0,0,0,114.0,3.0,,,,19.6,,,0,True,7564,"2024년_딸기(킹스베리,홍희)",2024-08-31,2025-06-15,270,289,0.9342560553633218,late,"[270, 300)"
9191,PF_0023732,080400,6,2025-05-28,0,0,0,90.0,3.0,,,,14.9,,,0,True,7564,"2024년_딸기(킹스베리,홍희)",2024-08-31,2025-06-15,270,289,0.9342560553633218,late,"[270, 300)"
9223,PF_0023732,080400,7,2025-05-28,0,0,0,103.0,3.0,,,,12.0,,,0,True,7564,"2024년_딸기(킹스베리,홍희)",2024-08-31,2025-06-15,270,289,0.9342560553633218,late,"[270, 300)"
9255,PF_0023732,080400,8,2025-05-28,0,0,0,100.0,3.0,,,,14.8,,,0,True,7564,"2024년_딸기(킹스베리,홍희)",2024-08-31,2025-06-15,270,289,0.9342560553633218,late,"[270, 300)"
28329,PF_0023732,080400,1,2026-04-01,0,0,0,98.0,13.0,,,,37.23,,,0,True,9011,2025년_딸기(킹스베리¸ 홍희),2025-08-30,2026-06-10,214,285,0.7508771929824561,late,"[210, 240)"
28352,PF_0023732,080400,2,2026-04-01,0,0,0,113.0,11.0,,,,34.65,,,0,True,9011,2025년_딸기(킹스베리¸ 홍희),2025-08-30,2026-06-10,214,285,0.7508771929824561,late,"[210, 240)"
28375,PF_0023732,080400,3,2026-04-01,0,0,0,106.0,11.0,,,,32.72,,,0,True,9011,2025년_딸기(킹스베리¸ 홍희),2025-08-30,2026-06-10,214,285,0.7508771929824561,late,"[210, 240)"
28398,PF_0023732,080400,4,2026-04-01,0,0,0,105.0,15.0,,,,34.72,,,0,True,9011,2025년_딸기(킹스베리¸ 홍희),2025-08-30,2026-06-10,214,285,0.7508771929824561,late,"[210, 240)"
28421,PF_0023732,080400,5,2026-04-01,0,0,3,84.0,10.0,,,,34.85,,,3,False,9011,2025년_딸기(킹스베리¸ 홍희),2025-08-30,2026-06-10,214,285,0.7508771929824561,late,"[210, 240)"
28444,PF_0023732,080400,6,2026-04-01,0,0,1,93.0,7.0,,,,34.67,,,1,False,9011,2025년_딸기(킹스베리¸ 홍희),2025-08-30,2026-06-10,214,285,0.7508771929824561,late,"[210, 240)"
28467,PF_0023732,080400,7,2026-04-01,0,0,3,119.0,12.0,,,,34.05,,,3,False,9011,2025년_딸기(킹스베리¸ 홍희),2025-08-30,2026-06-10,214,285,0.7508771929824561,late,"[210, 240)"
28490,PF_0023732,080400,8,2026-04-01,0,0,2,97.0,14.0,,,,33.82,,,2,False,9011,2025년_딸기(킹스베리¸ 홍희),2025-08-30,2026-06-10,214,285,0.7508771929824561,late,"[210, 240)"
28513,PF_0023732,080400,9,2026-04-01,0,0,0,110.0,10.0,,,,34.72,,,0,True,9011,2025년_딸기(킹스베리¸ 홍희),2025-08-30,2026-06-10,214,285,0.7508771929824561,late,"[210, 240)"
28330,PF_0023732,080400,1,2026-04-08,0,0,0,110.0,9.0,,,,37.25,,,0,True,9011,2025년_딸기(킹스베리¸ 홍희),2025-08-30,2026-06-10,221,285,0.775438596491228,late,"[210, 240)"
28353,PF_0023732,080400,2,2026-04-08,0,0,0,95.0,10.0,,,,34.66,,,0,True,9011,2025년_딸기(킹스베리¸ 홍희),2025-08-30,2026-06-10,221,285,0.775438596491228,late,"[210, 240)"
28376,PF_0023732,080400,3,2026-04-08,0,0,0,96.0,7.0,,,,32.74,,,0,True,9011,2025년_딸기(킹스베리¸ 홍희),2025-08-30,2026-06-10,221,285,0.775438596491228,late,"[210, 240)"
28399,PF_0023732,080400,4,2026-04-08,0,0,3,80.0,21.0,,,,34.75,,,3,False,9011,2025년_딸기(킹스베리¸ 홍희),2025-08-30,2026-06-10,221,285,0.775438596491228,late,"[210, 240)"
28422,PF_0023732,080400,5,2026-04-08,0,0,0,66.0,9.0,,,,34.87,,,0,True,9011,2025년_딸기(킹스베리¸ 홍희),2025-08-30,2026-06-10,221,285,0.775438596491228,late,"[210, 240)"
28445,PF_0023732,080400,6,2026-04-08,0,0,3,93.0,11.0,,,,34.68,,,3,False,9011,2025년_딸기(킹스베리¸ 홍희),2025-08-30,2026-06-10,221,285,0.775438596491228,late,"[210, 240)"
28468,PF_0023732,080400,7,2026-04-08,0,0,0,115.0,15.0,,,,34.06,,,0,True,9011,2025년_딸기(킹스베리¸ 홍희),2025-08-30,2026-06-10,221,285,0.775438596491228,late,"[210, 240)"
28491,PF_0023732,080400,8,2026-04-08,0,0,0,98.0,14.0,,,,33.87,,,0,True,9011,2025년_딸기(킹스베리¸ 홍희),2025-08-30,2026-06-10,221,285,0.775438596491228,late,"[210, 240)"
28514,PF_0023732,080400,9,2026-04-08,0,0,0,98.0,11.0,,,,34.75,,,0,True,9011,2025년_딸기(킹스베리¸ 홍희),2025-08-30,2026-06-10,221,285,0.775438596491228,late,"[210, 240)"
28331,PF_0023732,080400,1,2026-04-15,0,0,0,100.0,13.0,,,,37.26,,,0,True,9011,2025년_딸기(킹스베리¸ 홍희),2025-08-30,2026-06-10,228,285,0.8,late,"[210, 240)"
28354,PF_0023732,080400,2,2026-04-15,0,0,0,125.0,17.0,,,,34.68,,,0,True,9011,2025년_딸기(킹스베리¸ 홍희),2025-08-30,2026-06-10,228,285,0.8,late,"[210, 240)"
28377,PF_0023732,080400,3,2026-04-15,0,0,0,115.0,16.0,,,,32.74,,,0,True,9011,2025년_딸기(킹스베리¸ 홍희),2025-08-30,2026-06-10,228,285,0.8,late,"[210, 240)"
28400,PF_0023732,080400,4,2026-04-15,0,0,7,77.0,22.0,,,,34.77,,,7,False,9011,2025년_딸기(킹스베리¸ 홍희),2025-08-30,2026-06-10,228,285,0.8,late,"[210, 240)"
28423,PF_0023732,080400,5,2026-04-15,0,0,0,86.0,10.0,,,,34.88,,,0,True,9011,2025년_딸기(킹스베리¸ 홍희),2025-08-30,2026-06-10,228,285,0.8,late,"[210, 240)"
28446,PF_0023732,080400,6,2026-04-15,0,0,3,102.0,14.0,,,,34.68,,,3,False,9011,2025년_딸기(킹스베리¸ 홍희),2025-08-30,2026-06-10,228,285,0.8,late,"[210, 240)"
28469,PF_0023732,080400,7,2026-04-15,0,0,0,120.0,14.0,,,,34.09,,,0,True,9011,2025년_딸기(킹스베리¸ 홍희),2025-08-30,2026-06-10,228,285,0.8,late,"[210, 240)"
28492,PF_0023732,080400,8,2026-04-15,0,0,0,83.0,12.0,,,,33.88,,,0,True,9011,2025년_딸기(킹스베리¸ 홍희),2025-08-30,2026-06-10,228,285,0.8,late,"[210, 240)"
28515,PF_0023732,080400,9,2026-04-15,0,0,0,106.0,11.0,,,,34.79,,,0,True,9011,2025년_딸기(킹스베리¸ 홍희),2025-08-30,2026-06-10,228,285,0.8,late,"[210, 240)"
28332,PF_0023732,080400,1,2026-04-22,0,0,0,106.0,19.0,,,,37.28,,,0,True,9011,2025년_딸기(킹스베리¸ 홍희),2025-08-30,2026-06-10,235,285,0.8245614035087719,late,"[210, 240)"
28355,PF_0023732,080400,2,2026-04-22,0,0,0,110.0,17.0,,,,34.69,,,0,True,9011,2025년_딸기(킹스베리¸ 홍희),2025-08-30,2026-06-10,235,285,0.8245614035087719,late,"[210, 240)"
28378,PF_0023732,080400,3,2026-04-22,0,0,0,105.0,26.0,,,,32.77,,,0,True,9011,2025년_딸기(킹스베리¸ 홍희),2025-08-30,2026-06-10,235,285,0.8245614035087719,late,"[210, 240)"
28401,PF_0023732,080400,4,2026-04-22,0,0,7,90.0,24.0,,,,34.78,,,7,False,9011,2025년_딸기(킹스베리¸ 홍희),2025-08-30,2026-06-10,235,285,0.8245614035087719,late,"[210, 240)"
28424,PF_0023732,080400,5,2026-04-22,0,0,0,90.0,8.0,,,,34.9,,,0,True,9011,2025년_딸기(킹스베리¸ 홍희),2025-08-30,2026-06-10,235,285,0.8245614035087719,late,"[210, 240)"
28447,PF_0023732,080400,6,2026-04-22,0,0,3,97.0,14.0,,,,34.69,,,3,False,9011,2025년_딸기(킹스베리¸ 홍희),2025-08-30,2026-06-10,235,285,0.8245614035087719,late,"[210, 240)"
28470,PF_0023732,080400,7,2026-04-22,0,0,0,115.0,14.0,,,,34.12,,,0,True,9011,2025년_딸기(킹스베리¸ 홍희),2025-08-30,2026-06-10,235,285,0.8245614035087719,late,"[210, 240)"
28493,PF_0023732,080400,8,2026-04-22,0,0,0,107.0,17.0,,,,33.87,,,0,True,9011,2025년_딸기(킹스베리¸ 홍희),2025-08-30,2026-06-10,235,285,0.8245614035087719,late,"[210, 240)"
28516,PF_0023732,080400,9,2026-04-22,0,0,0,111.0,9.0,,,,34.84,,,0,True,9011,2025년_딸기(킹스베리¸ 홍희),2025-08-30,2026-06-10,235,285,0.8245614035087719,late,"[210, 240)"
28333,PF_0023732,080400,1,2026-04-29,0,0,0,108.0,19.0,,,,37.3,,,0,True,9011,2025년_딸기(킹스베리¸ 홍희),2025-08-30,2026-06-10,242,285,0.8491228070175438,late,"[240, 270)"
28356,PF_0023732,080400,2,2026-04-29,0,0,0,118.0,21.0,,,,34.73,,,0,True,9011,2025년_딸기(킹스베리¸ 홍희),2025-08-30,2026-06-10,242,285,0.8491228070175438,late,"[240, 270)"
28379,PF_0023732,080400,3,2026-04-29,0,0,0,123.0,21.0,,,,32.79,,,0,True,9011,2025년_딸기(킹스베리¸ 홍희),2025-08-30,2026-06-10,242,285,0.8491228070175438,late,"[240, 270)"
28402,PF_0023732,080400,4,2026-04-29,0,0,7,95.0,28.0,,,,34.93,,,7,False,9011,2025년_딸기(킹스베리¸ 홍희),2025-08-30,2026-06-10,242,285,0.8491228070175438,late,"[240, 270)"
28425,PF_0023732,080400,5,2026-04-29,0,0,2,106.0,10.0,,,,34.9,,,2,False,9011,2025년_딸기(킹스베리¸ 홍희),2025-08-30,2026-06-10,242,285,0.8491228070175438,late,"[240, 270)"
28448,PF_0023732,080400,6,2026-04-29,0,0,2,115.0,14.0,,,,34.81,,,2,False,9011,2025년_딸기(킹스베리¸ 홍희),2025-08-30,2026-06-10,242,285,0.8491228070175438,late,"[240, 270)"
28471,PF_0023732,080400,7,2026-04-29,0,0,0,110.0,14.0,,,,34.16,,,0,True,9011,2025년_딸기(킹스베리¸ 홍희),2025-08-30,2026-06-10,242,285,0.8491228070175438,late,"[240, 270)"
28494,PF_0023732,080400,8,2026-04-29,0,0,0,116.0,17.0,,,,33.93,,,0,True,9011,2025년_딸기(킹스베리¸ 홍희),2025-08-30,2026-06-10,242,285,0.8491228070175438,late,"[240, 270)"
28517,PF_0023732,080400,9,2026-04-29,0,0,0,114.0,11.0,,,,34.9,,,0,True,9011,2025년_딸기(킹스베리¸ 홍희),2025-08-30,2026-06-10,242,285,0.8491228070175438,late,"[240, 270)"
28334,PF_0023732,080400,1,2026-05-07,0,0,0,112.0,19.0,,,,38.14,,,0,True,9011,2025년_딸기(킹스베리¸ 홍희),2025-08-30,2026-06-10,250,285,0.8771929824561403,late,"[240, 270)"
28357,PF_0023732,080400,2,2026-05-07,0,0,0,125.0,21.0,,,,36.24,,,0,True,9011,2025년_딸기(킹스베리¸ 홍희),2025-08-30,2026-06-10,250,285,0.8771929824561403,late,"[240, 270)"
28380,PF_0023732,080400,3,2026-05-07,0,0,0,109.0,26.0,,,,34.29,,,0,True,9011,2025년_딸기(킹스베리¸ 홍희),2025-08-30,2026-06-10,250,285,0.8771929824561403,late,"[240, 270)"
28403,PF_0023732,080400,4,2026-05-07,0,0,4,96.0,30.0,,,,36.32,,,4,False,9011,2025년_딸기(킹스베리¸ 홍희),2025-08-30,2026-06-10,250,285,0.8771929824561403,late,"[240, 270)"
28426,PF_0023732,080400,5,2026-05-07,0,0,0,118.0,10.0,,,,34.97,,,0,True,9011,2025년_딸기(킹스베리¸ 홍희),2025-08-30,2026-06-10,250,285,0.8771929824561403,late,"[240, 270)"
28449,PF_0023732,080400,6,2026-05-07,0,0,0,103.0,14.0,,,,34.93,,,0,True,9011,2025년_딸기(킹스베리¸ 홍희),2025-08-30,2026-06-10,250,285,0.8771929824561403,late,"[240, 270)"
28472,PF_0023732,080400,7,2026-05-07,0,0,0,134.0,12.0,,,,34.82,,,0,True,9011,2025년_딸기(킹스베리¸ 홍희),2025-08-30,2026-06-10,250,285,0.8771929824561403,late,"[240, 270)"
28495,PF_0023732,080400,8,2026-05-07,0,0,0,112.0,17.0,,,,34.72,,,0,True,9011,2025년_딸기(킹스베리¸ 홍희),2025-08-30,2026-06-10,250,285,0.8771929824561403,late,"[240, 270)"
28518,PF_0023732,080400,9,2026-05-07,0,0,0,96.0,11.0,,,,35.16,,,0,True,9011,2025년_딸기(킹스베리¸ 홍희),2025-08-30,2026-06-10,250,285,0.8771929824561403,late,"[240, 270)"
28335,PF_0023732,080400,1,2026-05-14,0,0,0,115.0,16.0,,,,38.18,,,0,True,9011,2025년_딸기(킹스베리¸ 홍희),2025-08-30,2026-06-10,257,285,0.9017543859649123,late,"[240, 270)"
28358,PF_0023732,080400,2,2026-05-14,0,0,0,126.0,16.0,,,,36.25,,,0,True,9011,2025년_딸기(킹스베리¸ 홍희),2025-08-30,2026-06-10,257,285,0.9017543859649123,late,"[240, 270)"
28381,PF_0023732,080400,3,2026-05-14,0,0,0,88.0,14.0,,,,34.34,,,0,True,9011,2025년_딸기(킹스베리¸ 홍희),2025-08-30,2026-06-10,257,285,0.9017543859649123,late,"[240, 270)"
28404,PF_0023732,080400,4,2026-05-14,0,0,0,100.0,30.0,,,,36.37,,,0,True,9011,2025년_딸기(킹스베리¸ 홍희),2025-08-30,2026-06-10,257,285,0.9017543859649123,late,"[240, 270)"
28427,PF_0023732,080400,5,2026-05-14,0,0,0,105.0,9.0,,,,35.21,,,0,True,9011,2025년_딸기(킹스베리¸ 홍희),2025-08-30,2026-06-10,257,285,0.9017543859649123,late,"[240, 270)"
28450,PF_0023732,080400,6,2026-05-14,0,0,0,123.0,12.0,,,,35.08,,,0,True,9011,2025년_딸기(킹스베리¸ 홍희),2025-08-30,2026-06-10,257,285,0.9017543859649123,late,"[240, 270)"
28473,PF_0023732,080400,7,2026-05-14,0,0,0,134.0,17.0,,,,34.86,,,0,True,9011,2025년_딸기(킹스베리¸ 홍희),2025-08-30,2026-06-10,257,285,0.9017543859649123,late,"[240, 270)"
28496,PF_0023732,080400,8,2026-05-14,0,0,0,110.0,13.0,,,,34.73,,,0,True,9011,2025년_딸기(킹스베리¸ 홍희),2025-08-30,2026-06-10,257,285,0.9017543859649123,late,"[240, 270)"
28519,PF_0023732,080400,9,2026-05-14,0,0,0,109.0,9.0,,,,35.16,,,0,True,9011,2025년_딸기(킹스베리¸ 홍희),2025-08-30,2026-06-10,257,285,0.9017543859649123,late,"[240, 270)"
28336,PF_0023732,080400,1,2026-05-20,0,0,0,80.0,16.0,,,,38.2,,,0,True,9011,2025년_딸기(킹스베리¸ 홍희),2025-08-30,2026-06-10,263,285,0.9228070175438596,late,"[240, 270)"
28359,PF_0023732,080400,2,2026-05-20,0,0,0,77.0,18.0,,,,36.26,,,0,True,9011,2025년_딸기(킹스베리¸ 홍희),2025-08-30,2026-06-10,263,285,0.9228070175438596,late,"[240, 270)"
28382,PF_0023732,080400,3,2026-05-20,0,0,0,88.0,15.0,,,,34.35,,,0,True,9011,2025년_딸기(킹스베리¸ 홍희),2025-08-30,2026-06-10,263,285,0.9228070175438596,late,"[240, 270)"
28405,PF_0023732,080400,4,2026-05-20,0,0,0,87.0,31.0,,,,36.38,,,0,True,9011,2025년_딸기(킹스베리¸ 홍희),2025-08-30,2026-06-10,263,285,0.9228070175438596,late,"[240, 270)"
28428,PF_0023732,080400,5,2026-05-20,0,0,0,68.0,11.0,,,,35.24,,,0,True,9011,2025년_딸기(킹스베리¸ 홍희),2025-08-30,2026-06-10,263,285,0.9228070175438596,late,"[240, 270)"
28451,PF_0023732,080400,6,2026-05-20,0,0,0,64.0,14.0,,,,35.12,,,0,True,9011,2025년_딸기(킹스베리¸ 홍희),2025-08-30,2026-06-10,263,285,0.9228070175438596,late,"[240, 270)"
28474,PF_0023732,080400,7,2026-05-20,0,0,0,105.0,17.0,,,,34.89,,,0,True,9011,2025년_딸기(킹스베리¸ 홍희),2025-08-30,2026-06-10,263,285,0.9228070175438596,late,"[240, 270)"
28497,PF_0023732,080400,8,2026-05-20,0,0,0,110.0,13.0,,,,34.75,,,0,True,9011,2025년_딸기(킹스베리¸ 홍희),2025-08-30,2026-06-10,263,285,0.9228070175438596,late,"[240, 270)"
28520,PF_0023732,080400,9,2026-05-20,0,0,0,103.0,11.0,,,,35.16,,,0,True,9011,2025년_딸기(킹스베리¸ 홍희),2025-08-30,2026-06-10,263,285,0.9228070175438596,late,"[240, 270)"
28337,PF_0023732,080400,1,2026-05-27,0,0,0,92.0,17.0,,,,38.21,,,0,True,9011,2025년_딸기(킹스베리¸ 홍희),2025-08-30,2026-06-10,270,285,0.9473684210526315,late,"[270, 300)"
28360,PF_0023732,080400,2,2026-05-27,0,0,0,90.0,17.0,,,,36.28,,,0,True,9011,2025년_딸기(킹스베리¸ 홍희),2025-08-30,2026-06-10,270,285,0.9473684210526315,late,"[270, 300)"
28383,PF_0023732,080400,3,2026-05-27,0,0,0,83.0,15.0,,,,34.36,,,0,True,9011,2025년_딸기(킹스베리¸ 홍희),2025-08-30,2026-06-10,270,285,0.9473684210526315,late,"[270, 300)"
28406,PF_0023732,080400,4,2026-05-27,0,0,0,108.0,26.0,,,,36.38,,,0,True,9011,2025년_딸기(킹스베리¸ 홍희),2025-08-30,2026-06-10,270,285,0.9473684210526315,late,"[270, 300)"
28429,PF_0023732,080400,5,2026-05-27,0,0,0,102.0,13.0,,,,35.25,,,0,True,9011,2025년_딸기(킹스베리¸ 홍희),2025-08-30,2026-06-10,270,285,0.9473684210526315,late,"[270, 300)"
28452,PF_0023732,080400,6,2026-05-27,0,0,0,108.0,13.0,,,,35.14,,,0,True,9011,2025년_딸기(킹스베리¸ 홍희),2025-08-30,2026-06-10,270,285,0.9473684210526315,late,"[270, 300)"
28475,PF_0023732,080400,7,2026-05-27,0,0,0,108.0,15.0,,,,34.9,,,0,True,9011,2025년_딸기(킹스베리¸ 홍희),2025-08-30,2026-06-10,270,285,0.9473684210526315,late,"[270, 300)"
28498,PF_0023732,080400,8,2026-05-27,0,0,0,106.0,12.0,,,,34.77,,,0,True,9011,2025년_딸기(킹스베리¸ 홍희),2025-08-30,2026-06-10,270,285,0.9473684210526315,late,"[270, 300)"
28521,PF_0023732,080400,9,2026-05-27,0,0,0,118.0,12.0,,,,35.18,,,0,True,9011,2025년_딸기(킹스베리¸ 홍희),2025-08-30,2026-06-10,270,285,0.9473684210526315,late,"[270, 300)"
28338,PF_0023732,080400,1,2026-06-03,0,0,0,84.0,18.0,,,,38.21,,,0,True,9011,2025년_딸기(킹스베리¸ 홍희),2025-08-30,2026-06-10,277,285,0.9719298245614035,late,"[270, 300)"
28361,PF_0023732,080400,2,2026-06-03,0,0,0,85.0,18.0,,,,36.28,,,0,True,9011,2025년_딸기(킹스베리¸ 홍희),2025-08-30,2026-06-10,277,285,0.9719298245614035,late,"[270, 300)"
28384,PF_0023732,080400,3,2026-06-03,0,0,0,82.0,17.0,,,,34.36,,,0,True,9011,2025년_딸기(킹스베리¸ 홍희),2025-08-30,2026-06-10,277,285,0.9719298245614035,late,"[270, 300)"
28407,PF_0023732,080400,4,2026-06-03,0,0,0,62.0,28.0,,,,36.38,,,0,True,9011,2025년_딸기(킹스베리¸ 홍희),2025-08-30,2026-06-10,277,285,0.9719298245614035,late,"[270, 300)"
28430,PF_0023732,080400,5,2026-06-03,0,0,0,68.0,15.0,,,,35.25,,,0,True,9011,2025년_딸기(킹스베리¸ 홍희),2025-08-30,2026-06-10,277,285,0.9719298245614035,late,"[270, 300)"
28453,PF_0023732,080400,6,2026-06-03,0,0,0,76.0,14.0,,,,35.14,,,0,True,9011,2025년_딸기(킹스베리¸ 홍희),2025-08-30,2026-06-10,277,285,0.9719298245614035,late,"[270, 300)"
28476,PF_0023732,080400,7,2026-06-03,0,0,0,86.0,16.0,,,,34.9,,,0,True,9011,2025년_딸기(킹스베리¸ 홍희),2025-08-30,2026-06-10,277,285,0.9719298245614035,late,"[270, 300)"
28499,PF_0023732,080400,8,2026-06-03,0,0,0,88.0,14.0,,,,34.77,,,0,True,9011,2025년_딸기(킹스베리¸ 홍희),2025-08-30,2026-06-10,277,285,0.9719298245614035,late,"[270, 300)"
28522,PF_0023732,080400,9,2026-06-03,0,0,0,81.0,13.0,,,,35.18,,,0,True,9011,2025년_딸기(킹스베리¸ 홍희),2025-08-30,2026-06-10,277,285,0.9719298245614035,late,"[270, 300)"
9555,PF_0023743,080400,1,2024-10-02,0,0,0,52.0,6.0,,,,11.59,,,0,True,7559,2024년_딸기(홍희),2024-09-10,2025-05-31,22,264,0.08333333333333333,early,"[0, 30)"
9586,PF_0023743,080400,2,2024-10-02,0,0,0,46.0,5.0,,,,9.22,,,0,True,7559,2024년_딸기(홍희),2024-09-10,2025-05-31,22,264,0.08333333333333333,early,"[0, 30)"
9617,PF_0023743,080400,3,2024-10-02,0,0,0,46.0,4.0,,,,11.5,,,0,True,7559,2024년_딸기(홍희),2024-09-10,2025-05-31,22,264,0.08333333333333333,early,"[0, 30)"
9648,PF_0023743,080400,4,2024-10-02,0,0,0,45.0,5.0,,,,10.67,,,0,True,7559,2024년_딸기(홍희),2024-09-10,2025-05-31,22,264,0.08333333333333333,early,"[0, 30)"
9679,PF_0023743,080400,5,2024-10-02,0,0,0,57.0,7.0,,,,13.51,,,0,True,7559,2024년_딸기(홍희),2024-09-10,2025-05-31,22,264,0.08333333333333333,early,"[0, 30)"
9710,PF_0023743,080400,6,2024-10-02,0,0,0,50.0,6.0,,,,10.09,,,0,True,7559,2024년_딸기(홍희),2024-09-10,2025-05-31,22,264,0.08333333333333333,early,"[0, 30)"
9741,PF_0023743,080400,7,2024-10-02,0,0,0,48.0,6.0,,,,10.31,,,0,True,7559,2024년_딸기(홍희),2024-09-10,2025-05-31,22,264,0.08333333333333333,early,"[0, 30)"
9772,PF_0023743,080400,8,2024-10-02,0,0,0,31.0,5.0,,,,11.5,,,0,True,7559,2024년_딸기(홍희),2024-09-10,2025-05-31,22,264,0.08333333333333333,early,"[0, 30)"
9803,PF_0023743,080400,9,2024-10-02,0,0,0,43.0,6.0,,,,9.06,,,0,True,7559,2024년_딸기(홍희),2024-09-10,2025-05-31,22,264,0.08333333333333333,early,"[0, 30)"
9556,PF_0023743,080400,1,2024-10-08,0,0,0,56.0,4.0,,,,12.0,,,0,True,7559,2024년_딸기(홍희),2024-09-10,2025-05-31,28,264,0.10606060606060606,early,"[0, 30)"
9587,PF_0023743,080400,2,2024-10-08,0,0,0,52.0,4.0,,,,10.1,,,0,True,7559,2024년_딸기(홍희),2024-09-10,2025-05-31,28,264,0.10606060606060606,early,"[0, 30)"
9618,PF_0023743,080400,3,2024-10-08,0,0,0,61.0,4.0,,,,12.7,,,0,True,7559,2024년_딸기(홍희),2024-09-10,2025-05-31,28,264,0.10606060606060606,early,"[0, 30)"
9649,PF_0023743,080400,4,2024-10-08,0,0,0,65.0,3.0,,,,11.2,,,0,True,7559,2024년_딸기(홍희),2024-09-10,2025-05-31,28,264,0.10606060606060606,early,"[0, 30)"
9680,PF_0023743,080400,5,2024-10-08,0,0,0,66.0,4.0,,,,14.0,,,0,True,7559,2024년_딸기(홍희),2024-09-10,2025-05-31,28,264,0.10606060606060606,early,"[0, 30)"
9711,PF_0023743,080400,6,2024-10-08,0,0,0,55.0,4.0,,,,12.0,,,0,True,7559,2024년_딸기(홍희),2024-09-10,2025-05-31,28,264,0.10606060606060606,early,"[0, 30)"
9742,PF_0023743,080400,7,2024-10-08,0,0,0,62.0,4.0,,,,11.2,,,0,True,7559,2024년_딸기(홍희),2024-09-10,2025-05-31,28,264,0.10606060606060606,early,"[0, 30)"
9773,PF_0023743,080400,8,2024-10-08,0,0,0,35.0,4.0,,,,12.8,,,0,True,7559,2024년_딸기(홍희),2024-09-10,2025-05-31,28,264,0.10606060606060606,early,"[0, 30)"
9804,PF_0023743,080400,9,2024-10-08,0,0,0,58.0,3.0,,,,10.9,,,0,True,7559,2024년_딸기(홍희),2024-09-10,2025-05-31,28,264,0.10606060606060606,early,"[0, 30)"
9557,PF_0023743,080400,1,2024-10-15,0,0,0,105.0,5.0,,,,17.7,,,0,True,7559,2024년_딸기(홍희),2024-09-10,2025-05-31,35,264,0.13257575757575757,early,"[30, 60)"
9588,PF_0023743,080400,2,2024-10-15,0,0,0,82.0,4.0,,,,13.7,,,0,True,7559,2024년_딸기(홍희),2024-09-10,2025-05-31,35,264,0.13257575757575757,early,"[30, 60)"
9619,PF_0023743,080400,3,2024-10-15,0,0,0,78.0,4.0,,,,17.8,,,0,True,7559,2024년_딸기(홍희),2024-09-10,2025-05-31,35,264,0.13257575757575757,early,"[30, 60)"
9650,PF_0023743,080400,4,2024-10-15,0,0,0,75.0,3.0,,,,16.3,,,0,True,7559,2024년_딸기(홍희),2024-09-10,2025-05-31,35,264,0.13257575757575757,early,"[30, 60)"
9681,PF_0023743,080400,5,2024-10-15,0,0,0,98.0,4.0,,,,20.1,,,0,True,7559,2024년_딸기(홍희),2024-09-10,2025-05-31,35,264,0.13257575757575757,early,"[30, 60)"
9712,PF_0023743,080400,6,2024-10-15,0,0,0,85.0,5.0,,,,15.3,,,0,True,7559,2024년_딸기(홍희),2024-09-10,2025-05-31,35,264,0.13257575757575757,early,"[30, 60)"
9743,PF_0023743,080400,7,2024-10-15,0,0,0,91.0,4.0,,,,15.6,,,0,True,7559,2024년_딸기(홍희),2024-09-10,2025-05-31,35,264,0.13257575757575757,early,"[30, 60)"
9774,PF_0023743,080400,8,2024-10-15,0,0,0,65.0,5.0,,,,13.6,,,0,True,7559,2024년_딸기(홍희),2024-09-10,2025-05-31,35,264,0.13257575757575757,early,"[30, 60)"
9805,PF_0023743,080400,9,2024-10-15,0,0,0,102.0,6.0,,,,12.2,,,0,True,7559,2024년_딸기(홍희),2024-09-10,2025-05-31,35,264,0.13257575757575757,early,"[30, 60)"
9558,PF_0023743,080400,1,2024-10-22,0,0,0,99.0,5.0,,,,21.1,,,0,True,7559,2024년_딸기(홍희),2024-09-10,2025-05-31,42,264,0.1590909090909091,early,"[30, 60)"
9589,PF_0023743,080400,2,2024-10-22,0,0,0,84.0,5.0,,,,15.7,,,0,True,7559,2024년_딸기(홍희),2024-09-10,2025-05-31,42,264,0.1590909090909091,early,"[30, 60)"
9620,PF_0023743,080400,3,2024-10-22,0,0,0,92.0,6.0,,,,18.1,,,0,True,7559,2024년_딸기(홍희),2024-09-10,2025-05-31,42,264,0.1590909090909091,early,"[30, 60)"
9651,PF_0023743,080400,4,2024-10-22,0,0,0,95.0,3.0,,,,16.3,,,0,True,7559,2024년_딸기(홍희),2024-09-10,2025-05-31,42,264,0.1590909090909091,early,"[30, 60)"
9682,PF_0023743,080400,5,2024-10-22,0,0,0,103.0,5.0,,,,21.3,,,0,True,7559,2024년_딸기(홍희),2024-09-10,2025-05-31,42,264,0.1590909090909091,early,"[30, 60)"
9713,PF_0023743,080400,6,2024-10-22,0,0,0,88.0,5.0,,,,15.8,,,0,True,7559,2024년_딸기(홍희),2024-09-10,2025-05-31,42,264,0.1590909090909091,early,"[30, 60)"
9744,PF_0023743,080400,7,2024-10-22,0,0,0,92.0,6.0,,,,18.2,,,0,True,7559,2024년_딸기(홍희),2024-09-10,2025-05-31,42,264,0.1590909090909091,early,"[30, 60)"
9775,PF_0023743,080400,8,2024-10-22,0,0,0,89.0,5.0,,,,15.4,,,0,True,7559,2024년_딸기(홍희),2024-09-10,2025-05-31,42,264,0.1590909090909091,early,"[30, 60)"
9806,PF_0023743,080400,9,2024-10-22,0,0,0,103.0,6.0,,,,18.7,,,0,True,7559,2024년_딸기(홍희),2024-09-10,2025-05-31,42,264,0.1590909090909091,early,"[30, 60)"
9559,PF_0023743,080400,1,2024-10-29,1,0,0,103.0,6.0,,,,20.1,,,1,False,7559,2024년_딸기(홍희),2024-09-10,2025-05-31,49,264,0.1856060606060606,early,"[30, 60)"
9590,PF_0023743,080400,2,2024-10-29,1,0,0,92.0,6.0,,,,15.5,,,1,False,7559,2024년_딸기(홍희),2024-09-10,2025-05-31,49,264,0.1856060606060606,early,"[30, 60)"
9621,PF_0023743,080400,3,2024-10-29,0,0,0,114.0,7.0,,,,19.6,,,0,True,7559,2024년_딸기(홍희),2024-09-10,2025-05-31,49,264,0.1856060606060606,early,"[30, 60)"
9652,PF_0023743,080400,4,2024-10-29,1,0,0,109.0,3.0,,,,18.5,,,1,False,7559,2024년_딸기(홍희),2024-09-10,2025-05-31,49,264,0.1856060606060606,early,"[30, 60)"
9683,PF_0023743,080400,5,2024-10-29,1,0,0,98.0,6.0,,,,21.2,,,1,False,7559,2024년_딸기(홍희),2024-09-10,2025-05-31,49,264,0.1856060606060606,early,"[30, 60)"
9714,PF_0023743,080400,6,2024-10-29,1,0,0,95.0,5.0,,,,20.0,,,1,False,7559,2024년_딸기(홍희),2024-09-10,2025-05-31,49,264,0.1856060606060606,early,"[30, 60)"
9745,PF_0023743,080400,7,2024-10-29,1,0,0,100.0,6.0,,,,23.9,,,1,False,7559,2024년_딸기(홍희),2024-09-10,2025-05-31,49,264,0.1856060606060606,early,"[30, 60)"
9776,PF_0023743,080400,8,2024-10-29,0,0,0,100.0,6.0,,,,16.6,,,0,True,7559,2024년_딸기(홍희),2024-09-10,2025-05-31,49,264,0.1856060606060606,early,"[30, 60)"
9807,PF_0023743,080400,9,2024-10-29,0,0,0,120.0,8.0,,,,23.5,,,0,True,7559,2024년_딸기(홍희),2024-09-10,2025-05-31,49,264,0.1856060606060606,early,"[30, 60)"
9560,PF_0023743,080400,1,2024-11-05,3,0,0,119.0,5.0,,,,18.6,,,3,False,7559,2024년_딸기(홍희),2024-09-10,2025-05-31,56,264,0.21212121212121213,early,"[30, 60)"
9591,PF_0023743,080400,2,2024-11-05,3,0,0,92.0,5.0,,,,25.2,,,3,False,7559,2024년_딸기(홍희),2024-09-10,2025-05-31,56,264,0.21212121212121213,early,"[30, 60)"
9622,PF_0023743,080400,3,2024-11-05,1,0,0,117.0,4.0,,,,25.2,,,1,False,7559,2024년_딸기(홍희),2024-09-10,2025-05-31,56,264,0.21212121212121213,early,"[30, 60)"
9653,PF_0023743,080400,4,2024-11-05,3,0,0,108.0,3.0,,,,17.8,,,3,False,7559,2024년_딸기(홍희),2024-09-10,2025-05-31,56,264,0.21212121212121213,early,"[30, 60)"
9684,PF_0023743,080400,5,2024-11-05,4,0,0,110.0,4.0,,,,17.2,,,4,False,7559,2024년_딸기(홍희),2024-09-10,2025-05-31,56,264,0.21212121212121213,early,"[30, 60)"
9715,PF_0023743,080400,6,2024-11-05,3,0,0,98.0,4.0,,,,18.1,,,3,False,7559,2024년_딸기(홍희),2024-09-10,2025-05-31,56,264,0.21212121212121213,early,"[30, 60)"
9746,PF_0023743,080400,7,2024-11-05,5,0,0,99.0,4.0,,,,18.0,,,5,False,7559,2024년_딸기(홍희),2024-09-10,2025-05-31,56,264,0.21212121212121213,early,"[30, 60)"
9777,PF_0023743,080400,8,2024-11-05,1,0,0,104.0,3.0,,,,19.4,,,1,False,7559,2024년_딸기(홍희),2024-09-10,2025-05-31,56,264,0.21212121212121213,early,"[30, 60)"
9808,PF_0023743,080400,9,2024-11-05,3,0,0,111.0,7.0,,,,19.5,,,3,False,7559,2024년_딸기(홍희),2024-09-10,2025-05-31,56,264,0.21212121212121213,early,"[30, 60)"
9561,PF_0023743,080400,1,2024-11-11,5,0,0,120.0,7.0,,,,21.0,,,5,False,7559,2024년_딸기(홍희),2024-09-10,2025-05-31,62,264,0.23484848484848486,early,"[60, 90)"
9592,PF_0023743,080400,2,2024-11-11,7,0,0,110.0,5.0,,,,18.2,,,7,False,7559,2024년_딸기(홍희),2024-09-10,2025-05-31,62,264,0.23484848484848486,early,"[60, 90)"
9623,PF_0023743,080400,3,2024-11-11,4,3,0,120.0,5.0,,,,18.5,,,7,False,7559,2024년_딸기(홍희),2024-09-10,2025-05-31,62,264,0.23484848484848486,early,"[60, 90)"
9654,PF_0023743,080400,4,2024-11-11,6,0,0,104.0,3.0,,,,15.7,,,6,False,7559,2024년_딸기(홍희),2024-09-10,2025-05-31,62,264,0.23484848484848486,early,"[60, 90)"
9685,PF_0023743,080400,5,2024-11-11,6,0,0,114.0,5.0,,,,27.8,,,6,False,7559,2024년_딸기(홍희),2024-09-10,2025-05-31,62,264,0.23484848484848486,early,"[60, 90)"
9716,PF_0023743,080400,6,2024-11-11,4,0,0,112.0,5.0,,,,24.2,,,4,False,7559,2024년_딸기(홍희),2024-09-10,2025-05-31,62,264,0.23484848484848486,early,"[60, 90)"
9747,PF_0023743,080400,7,2024-11-11,7,0,0,98.0,7.0,,,,22.9,,,7,False,7559,2024년_딸기(홍희),2024-09-10,2025-05-31,62,264,0.23484848484848486,early,"[60, 90)"
9778,PF_0023743,080400,8,2024-11-11,3,0,0,108.0,4.0,,,,22.3,,,3,False,7559,2024년_딸기(홍희),2024-09-10,2025-05-31,62,264,0.23484848484848486,early,"[60, 90)"
9809,PF_0023743,080400,9,2024-11-11,3,0,0,118.0,9.0,,,,20.0,,,3,False,7559,2024년_딸기(홍희),2024-09-10,2025-05-31,62,264,0.23484848484848486,early,"[60, 90)"
9562,PF_0023743,080400,1,2024-11-19,10,0,0,123.0,9.0,,,,31.1,,,10,False,7559,2024년_딸기(홍희),2024-09-10,2025-05-31,70,264,0.26515151515151514,early,"[60, 90)"
9593,PF_0023743,080400,2,2024-11-19,11,0,0,102.0,7.0,,,,17.3,,,11,False,7559,2024년_딸기(홍희),2024-09-10,2025-05-31,70,264,0.26515151515151514,early,"[60, 90)"
9624,PF_0023743,080400,3,2024-11-19,5,5,0,122.0,9.0,,,,24.3,,,10,False,7559,2024년_딸기(홍희),2024-09-10,2025-05-31,70,264,0.26515151515151514,early,"[60, 90)"
9655,PF_0023743,080400,4,2024-11-19,10,0,0,106.0,4.0,,,,15.7,,,10,False,7559,2024년_딸기(홍희),2024-09-10,2025-05-31,70,264,0.26515151515151514,early,"[60, 90)"
9686,PF_0023743,080400,5,2024-11-19,9,0,0,112.0,7.0,,,,29.0,,,9,False,7559,2024년_딸기(홍희),2024-09-10,2025-05-31,70,264,0.26515151515151514,early,"[60, 90)"
9717,PF_0023743,080400,6,2024-11-19,7,0,0,115.0,6.0,,,,24.7,,,7,False,7559,2024년_딸기(홍희),2024-09-10,2025-05-31,70,264,0.26515151515151514,early,"[60, 90)"
9748,PF_0023743,080400,7,2024-11-19,9,0,0,103.0,8.0,,,,15.7,,,9,False,7559,2024년_딸기(홍희),2024-09-10,2025-05-31,70,264,0.26515151515151514,early,"[60, 90)"
9779,PF_0023743,080400,8,2024-11-19,6,0,0,105.0,7.0,,,,18.4,,,6,False,7559,2024년_딸기(홍희),2024-09-10,2025-05-31,70,264,0.26515151515151514,early,"[60, 90)"
9810,PF_0023743,080400,9,2024-11-19,7,0,0,123.0,10.0,,,,25.8,,,7,False,7559,2024년_딸기(홍희),2024-09-10,2025-05-31,70,264,0.26515151515151514,early,"[60, 90)"
9563,PF_0023743,080400,1,2024-11-26,13,0,0,117.0,10.0,,,,20.2,,,13,False,7559,2024년_딸기(홍희),2024-09-10,2025-05-31,77,264,0.2916666666666667,early,"[60, 90)"
9594,PF_0023743,080400,2,2024-11-26,13,0,0,125.0,8.0,,,,27.5,,,13,False,7559,2024년_딸기(홍희),2024-09-10,2025-05-31,77,264,0.2916666666666667,early,"[60, 90)"
9625,PF_0023743,080400,3,2024-11-26,12,0,0,127.0,10.0,,,,23.2,,,12,False,7559,2024년_딸기(홍희),2024-09-10,2025-05-31,77,264,0.2916666666666667,early,"[60, 90)"
9656,PF_0023743,080400,4,2024-11-26,14,0,0,116.0,5.0,,,,14.5,,,14,False,7559,2024년_딸기(홍희),2024-09-10,2025-05-31,77,264,0.2916666666666667,early,"[60, 90)"
9687,PF_0023743,080400,5,2024-11-26,13,0,0,125.0,9.0,,,,37.3,,,13,False,7559,2024년_딸기(홍희),2024-09-10,2025-05-31,77,264,0.2916666666666667,early,"[60, 90)"
9718,PF_0023743,080400,6,2024-11-26,10,0,0,111.0,8.0,,,,23.5,,,10,False,7559,2024년_딸기(홍희),2024-09-10,2025-05-31,77,264,0.2916666666666667,early,"[60, 90)"
9749,PF_0023743,080400,7,2024-11-26,11,0,0,122.0,11.0,,,,27.9,,,11,False,7559,2024년_딸기(홍희),2024-09-10,2025-05-31,77,264,0.2916666666666667,early,"[60, 90)"
9780,PF_0023743,080400,8,2024-11-26,9,0,0,108.0,8.0,,,,24.8,,,9,False,7559,2024년_딸기(홍희),2024-09-10,2025-05-31,77,264,0.2916666666666667,early,"[60, 90)"
9811,PF_0023743,080400,9,2024-11-26,9,0,0,130.0,11.0,,,,29.5,,,9,False,7559,2024년_딸기(홍희),2024-09-10,2025-05-31,77,264,0.2916666666666667,early,"[60, 90)"
9564,PF_0023743,080400,1,2024-12-02,9,0,0,141.0,10.0,,,,23.3,,,9,False,7559,2024년_딸기(홍희),2024-09-10,2025-05-31,83,264,0.3143939393939394,early,"[60, 90)"
9595,PF_0023743,080400,2,2024-12-02,9,0,0,121.0,9.0,,,,17.6,,,9,False,7559,2024년_딸기(홍희),2024-09-10,2025-05-31,83,264,0.3143939393939394,early,"[60, 90)"
9626,PF_0023743,080400,3,2024-12-02,11,0,0,127.0,10.0,,,,26.0,,,11,False,7559,2024년_딸기(홍희),2024-09-10,2025-05-31,83,264,0.3143939393939394,early,"[60, 90)"
9657,PF_0023743,080400,4,2024-12-02,8,0,0,131.0,5.0,,,,18.5,,,8,False,7559,2024년_딸기(홍희),2024-09-10,2025-05-31,83,264,0.3143939393939394,early,"[60, 90)"
9688,PF_0023743,080400,5,2024-12-02,9,0,0,132.0,9.0,,,,35.1,,,9,False,7559,2024년_딸기(홍희),2024-09-10,2025-05-31,83,264,0.3143939393939394,early,"[60, 90)"
9719,PF_0023743,080400,6,2024-12-02,5,0,0,122.0,11.0,,,,24.9,,,5,False,7559,2024년_딸기(홍희),2024-09-10,2025-05-31,83,264,0.3143939393939394,early,"[60, 90)"
9750,PF_0023743,080400,7,2024-12-02,10,0,0,124.0,9.0,,,,20.6,,,10,False,7559,2024년_딸기(홍희),2024-09-10,2025-05-31,83,264,0.3143939393939394,early,"[60, 90)"
9781,PF_0023743,080400,8,2024-12-02,5,0,0,127.0,7.0,,,,24.9,,,5,False,7559,2024년_딸기(홍희),2024-09-10,2025-05-31,83,264,0.3143939393939394,early,"[60, 90)"
9812,PF_0023743,080400,9,2024-12-02,7,0,0,129.0,10.0,,,,23.0,,,7,False,7559,2024년_딸기(홍희),2024-09-10,2025-05-31,83,264,0.3143939393939394,early,"[60, 90)"
9565,PF_0023743,080400,1,2024-12-09,8,0,0,122.0,11.0,,,,22.6,,,8,False,7559,2024년_딸기(홍희),2024-09-10,2025-05-31,90,264,0.3409090909090909,middle,"[90, 120)"
9596,PF_0023743,080400,2,2024-12-09,9,0,0,122.0,9.0,,,,26.0,,,9,False,7559,2024년_딸기(홍희),2024-09-10,2025-05-31,90,264,0.3409090909090909,middle,"[90, 120)"
9627,PF_0023743,080400,3,2024-12-09,11,0,2,132.0,10.0,,,,32.7,,,13,False,7559,2024년_딸기(홍희),2024-09-10,2025-05-31,90,264,0.3409090909090909,middle,"[90, 120)"
9658,PF_0023743,080400,4,2024-12-09,8,0,0,132.0,5.0,,,,19.7,,,8,False,7559,2024년_딸기(홍희),2024-09-10,2025-05-31,90,264,0.3409090909090909,middle,"[90, 120)"
9689,PF_0023743,080400,5,2024-12-09,10,0,0,138.0,9.0,,,,35.3,,,10,False,7559,2024년_딸기(홍희),2024-09-10,2025-05-31,90,264,0.3409090909090909,middle,"[90, 120)"
9720,PF_0023743,080400,6,2024-12-09,5,0,0,110.0,10.0,,,,27.6,,,5,False,7559,2024년_딸기(홍희),2024-09-10,2025-05-31,90,264,0.3409090909090909,middle,"[90, 120)"
9751,PF_0023743,080400,7,2024-12-09,9,0,0,110.0,10.0,,,,30.1,,,9,False,7559,2024년_딸기(홍희),2024-09-10,2025-05-31,90,264,0.3409090909090909,middle,"[90, 120)"
9782,PF_0023743,080400,8,2024-12-09,5,0,0,142.0,8.0,,,,26.1,,,5,False,7559,2024년_딸기(홍희),2024-09-10,2025-05-31,90,264,0.3409090909090909,middle,"[90, 120)"
9813,PF_0023743,080400,9,2024-12-09,6,0,0,133.0,13.0,,,,25.9,,,6,False,7559,2024년_딸기(홍희),2024-09-10,2025-05-31,90,264,0.3409090909090909,middle,"[90, 120)"
9566,PF_0023743,080400,1,2024-12-16,8,0,0,123.0,10.0,,,,23.1,,,8,False,7559,2024년_딸기(홍희),2024-09-10,2025-05-31,97,264,0.36742424242424243,middle,"[90, 120)"
9597,PF_0023743,080400,2,2024-12-16,9,0,0,126.0,7.0,,,,18.1,,,9,False,7559,2024년_딸기(홍희),2024-09-10,2025-05-31,97,264,0.36742424242424243,middle,"[90, 120)"
9628,PF_0023743,080400,3,2024-12-16,10,0,1,111.0,9.0,,,,30.1,,,11,False,7559,2024년_딸기(홍희),2024-09-10,2025-05-31,97,264,0.36742424242424243,middle,"[90, 120)"
9659,PF_0023743,080400,4,2024-12-16,8,0,0,131.0,5.0,,,,22.9,,,8,False,7559,2024년_딸기(홍희),2024-09-10,2025-05-31,97,264,0.36742424242424243,middle,"[90, 120)"
9690,PF_0023743,080400,5,2024-12-16,9,0,0,139.0,11.0,,,,31.9,,,9,False,7559,2024년_딸기(홍희),2024-09-10,2025-05-31,97,264,0.36742424242424243,middle,"[90, 120)"
9721,PF_0023743,080400,6,2024-12-16,4,0,0,111.0,9.0,,,,28.4,,,4,False,7559,2024년_딸기(홍희),2024-09-10,2025-05-31,97,264,0.36742424242424243,middle,"[90, 120)"
9752,PF_0023743,080400,7,2024-12-16,9,0,0,114.0,10.0,,,,30.1,,,9,False,7559,2024년_딸기(홍희),2024-09-10,2025-05-31,97,264,0.36742424242424243,middle,"[90, 120)"
9783,PF_0023743,080400,8,2024-12-16,5,0,0,147.0,10.0,,,,24.4,,,5,False,7559,2024년_딸기(홍희),2024-09-10,2025-05-31,97,264,0.36742424242424243,middle,"[90, 120)"
9814,PF_0023743,080400,9,2024-12-16,5,0,0,130.0,13.0,,,,30.4,,,5,False,7559,2024년_딸기(홍희),2024-09-10,2025-05-31,97,264,0.36742424242424243,middle,"[90, 120)"
9567,PF_0023743,080400,1,2024-12-23,4,0,0,150.0,12.0,,,,33.9,,,4,False,7559,2024년_딸기(홍희),2024-09-10,2025-05-31,104,264,0.3939393939393939,middle,"[90, 120)"
9598,PF_0023743,080400,2,2024-12-23,5,0,0,128.0,8.0,,,,24.4,,,5,False,7559,2024년_딸기(홍희),2024-09-10,2025-05-31,104,264,0.3939393939393939,middle,"[90, 120)"
9629,PF_0023743,080400,3,2024-12-23,5,0,3,110.0,10.0,,,,24.5,,,8,False,7559,2024년_딸기(홍희),2024-09-10,2025-05-31,104,264,0.3939393939393939,middle,"[90, 120)"
9660,PF_0023743,080400,4,2024-12-23,5,0,0,127.0,5.0,,,,20.2,,,5,False,7559,2024년_딸기(홍희),2024-09-10,2025-05-31,104,264,0.3939393939393939,middle,"[90, 120)"
9691,PF_0023743,080400,5,2024-12-23,4,0,0,125.0,11.0,,,,30.0,,,4,False,7559,2024년_딸기(홍희),2024-09-10,2025-05-31,104,264,0.3939393939393939,middle,"[90, 120)"
9722,PF_0023743,080400,6,2024-12-23,1,0,0,105.0,11.0,,,,26.4,,,1,False,7559,2024년_딸기(홍희),2024-09-10,2025-05-31,104,264,0.3939393939393939,middle,"[90, 120)"
9753,PF_0023743,080400,7,2024-12-23,4,0,0,127.0,9.0,,,,28.1,,,4,False,7559,2024년_딸기(홍희),2024-09-10,2025-05-31,104,264,0.3939393939393939,middle,"[90, 120)"
9784,PF_0023743,080400,8,2024-12-23,3,0,0,147.0,10.0,,,,32.3,,,3,False,7559,2024년_딸기(홍희),2024-09-10,2025-05-31,104,264,0.3939393939393939,middle,"[90, 120)"
9815,PF_0023743,080400,9,2024-12-23,4,1,0,130.0,11.0,,,,24.7,,,5,False,7559,2024년_딸기(홍희),2024-09-10,2025-05-31,104,264,0.3939393939393939,middle,"[90, 120)"
9568,PF_0023743,080400,1,2025-01-01,1,0,0,124.0,11.0,,,,38.4,,,1,False,7559,2024년_딸기(홍희),2024-09-10,2025-05-31,113,264,0.42803030303030304,middle,"[90, 120)"
9599,PF_0023743,080400,2,2025-01-01,3,0,0,123.0,8.0,,,,23.8,,,3,False,7559,2024년_딸기(홍희),2024-09-10,2025-05-31,113,264,0.42803030303030304,middle,"[90, 120)"
9630,PF_0023743,080400,3,2025-01-01,2,0,3,112.0,10.0,,,,34.1,,,5,False,7559,2024년_딸기(홍희),2024-09-10,2025-05-31,113,264,0.42803030303030304,middle,"[90, 120)"
9661,PF_0023743,080400,4,2025-01-01,5,0,0,130.0,6.0,,,,20.6,,,5,False,7559,2024년_딸기(홍희),2024-09-10,2025-05-31,113,264,0.42803030303030304,middle,"[90, 120)"
9692,PF_0023743,080400,5,2025-01-01,2,0,0,140.0,13.0,,,,30.1,,,2,False,7559,2024년_딸기(홍희),2024-09-10,2025-05-31,113,264,0.42803030303030304,middle,"[90, 120)"
9723,PF_0023743,080400,6,2025-01-01,1,0,0,119.0,11.0,,,,30.7,,,1,False,7559,2024년_딸기(홍희),2024-09-10,2025-05-31,113,264,0.42803030303030304,middle,"[90, 120)"
9754,PF_0023743,080400,7,2025-01-01,1,0,0,115.0,12.0,,,,26.5,,,1,False,7559,2024년_딸기(홍희),2024-09-10,2025-05-31,113,264,0.42803030303030304,middle,"[90, 120)"
9785,PF_0023743,080400,8,2025-01-01,4,0,0,143.0,11.0,,,,34.2,,,4,False,7559,2024년_딸기(홍희),2024-09-10,2025-05-31,113,264,0.42803030303030304,middle,"[90, 120)"
9816,PF_0023743,080400,9,2025-01-01,2,1,0,118.0,8.0,,,,35.5,,,3,False,7559,2024년_딸기(홍희),2024-09-10,2025-05-31,113,264,0.42803030303030304,middle,"[90, 120)"
9569,PF_0023743,080400,1,2025-01-07,0,0,0,146.0,12.0,,,,32.2,,,0,True,7559,2024년_딸기(홍희),2024-09-10,2025-05-31,119,264,0.45075757575757575,middle,"[90, 120)"
9600,PF_0023743,080400,2,2025-01-07,0,0,0,110.0,9.0,,,,27.1,,,0,True,7559,2024년_딸기(홍희),2024-09-10,2025-05-31,119,264,0.45075757575757575,middle,"[90, 120)"
9631,PF_0023743,080400,3,2025-01-07,1,0,4,120.0,9.0,,,,23.5,,,5,False,7559,2024년_딸기(홍희),2024-09-10,2025-05-31,119,264,0.45075757575757575,middle,"[90, 120)"
9662,PF_0023743,080400,4,2025-01-07,2,0,0,134.0,6.0,,,,18.2,,,2,False,7559,2024년_딸기(홍희),2024-09-10,2025-05-31,119,264,0.45075757575757575,middle,"[90, 120)"
9693,PF_0023743,080400,5,2025-01-07,1,0,0,122.0,16.0,,,,24.1,,,1,False,7559,2024년_딸기(홍희),2024-09-10,2025-05-31,119,264,0.45075757575757575,middle,"[90, 120)"
9724,PF_0023743,080400,6,2025-01-07,0,0,0,105.0,14.0,,,,34.5,,,0,True,7559,2024년_딸기(홍희),2024-09-10,2025-05-31,119,264,0.45075757575757575,middle,"[90, 120)"
9755,PF_0023743,080400,7,2025-01-07,1,0,0,122.0,10.0,,,,29.9,,,1,False,7559,2024년_딸기(홍희),2024-09-10,2025-05-31,119,264,0.45075757575757575,middle,"[90, 120)"
9786,PF_0023743,080400,8,2025-01-07,2,0,0,141.0,11.0,,,,28.1,,,2,False,7559,2024년_딸기(홍희),2024-09-10,2025-05-31,119,264,0.45075757575757575,middle,"[90, 120)"
9817,PF_0023743,080400,9,2025-01-07,0,7,0,128.0,13.0,,,,21.1,,,7,False,7559,2024년_딸기(홍희),2024-09-10,2025-05-31,119,264,0.45075757575757575,middle,"[90, 120)"
9570,PF_0023743,080400,1,2025-01-14,0,1,0,125.0,13.0,,,,23.5,,,1,False,7559,2024년_딸기(홍희),2024-09-10,2025-05-31,126,264,0.4772727272727273,middle,"[120, 150)"
9601,PF_0023743,080400,2,2025-01-14,0,0,0,128.0,9.0,,,,24.5,,,0,True,7559,2024년_딸기(홍희),2024-09-10,2025-05-31,126,264,0.4772727272727273,middle,"[120, 150)"
9632,PF_0023743,080400,3,2025-01-14,3,0,3,125.0,12.0,,,,32.6,,,6,False,7559,2024년_딸기(홍희),2024-09-10,2025-05-31,126,264,0.4772727272727273,middle,"[120, 150)"
9663,PF_0023743,080400,4,2025-01-14,1,1,0,130.0,7.0,,,,14.3,,,2,False,7559,2024년_딸기(홍희),2024-09-10,2025-05-31,126,264,0.4772727272727273,middle,"[120, 150)"
9694,PF_0023743,080400,5,2025-01-14,3,0,0,140.0,10.0,,,,22.9,,,3,False,7559,2024년_딸기(홍희),2024-09-10,2025-05-31,126,264,0.4772727272727273,middle,"[120, 150)"
9725,PF_0023743,080400,6,2025-01-14,0,2,0,116.0,13.0,,,,23.0,,,2,False,7559,2024년_딸기(홍희),2024-09-10,2025-05-31,126,264,0.4772727272727273,middle,"[120, 150)"
9756,PF_0023743,080400,7,2025-01-14,1,0,0,114.0,13.0,,,,31.8,,,1,False,7559,2024년_딸기(홍희),2024-09-10,2025-05-31,126,264,0.4772727272727273,middle,"[120, 150)"
9787,PF_0023743,080400,8,2025-01-14,1,3,0,139.0,13.0,,,,18.9,,,4,False,7559,2024년_딸기(홍희),2024-09-10,2025-05-31,126,264,0.4772727272727273,middle,"[120, 150)"
9818,PF_0023743,080400,9,2025-01-14,0,2,5,130.0,11.0,,,,33.9,,,7,False,7559,2024년_딸기(홍희),2024-09-10,2025-05-31,126,264,0.4772727272727273,middle,"[120, 150)"
9571,PF_0023743,080400,1,2025-01-22,0,8,0,119.0,19.0,,,,32.7,,,8,False,7559,2024년_딸기(홍희),2024-09-10,2025-05-31,134,264,0.5075757575757576,middle,"[120, 150)"
9602,PF_0023743,080400,2,2025-01-22,0,3,0,104.0,10.0,,,,20.1,,,3,False,7559,2024년_딸기(홍희),2024-09-10,2025-05-31,134,264,0.5075757575757576,middle,"[120, 150)"
9633,PF_0023743,080400,3,2025-01-22,0,0,10,117.0,13.0,,,,38.3,,,10,False,7559,2024년_딸기(홍희),2024-09-10,2025-05-31,134,264,0.5075757575757576,middle,"[120, 150)"
9664,PF_0023743,080400,4,2025-01-22,0,2,0,131.0,7.0,,,,19.9,,,2,False,7559,2024년_딸기(홍희),2024-09-10,2025-05-31,134,264,0.5075757575757576,middle,"[120, 150)"
9695,PF_0023743,080400,5,2025-01-22,7,1,0,138.0,18.0,,,,36.9,,,8,False,7559,2024년_딸기(홍희),2024-09-10,2025-05-31,134,264,0.5075757575757576,middle,"[120, 150)"
9726,PF_0023743,080400,6,2025-01-22,0,8,0,115.0,14.0,,,,38.2,,,8,False,7559,2024년_딸기(홍희),2024-09-10,2025-05-31,134,264,0.5075757575757576,middle,"[120, 150)"
9757,PF_0023743,080400,7,2025-01-22,1,0,0,115.0,11.0,,,,28.4,,,1,False,7559,2024년_딸기(홍희),2024-09-10,2025-05-31,134,264,0.5075757575757576,middle,"[120, 150)"
9788,PF_0023743,080400,8,2025-01-22,0,8,0,142.0,17.0,,,,35.4,,,8,False,7559,2024년_딸기(홍희),2024-09-10,2025-05-31,134,264,0.5075757575757576,middle,"[120, 150)"
9819,PF_0023743,080400,9,2025-01-22,0,0,20,126.0,9.0,,,,26.0,,,20,False,7559,2024년_딸기(홍희),2024-09-10,2025-05-31,134,264,0.5075757575757576,middle,"[120, 150)"
9572,PF_0023743,080400,1,2025-02-04,0,5,1,82.0,9.0,,,,20.3,,,6,False,7559,2024년_딸기(홍희),2024-09-10,2025-05-31,147,264,0.5568181818181818,middle,"[120, 150)"
9603,PF_0023743,080400,2,2025-02-04,0,5,1,125.0,12.0,,,,26.9,,,6,False,7559,2024년_딸기(홍희),2024-09-10,2025-05-31,147,264,0.5568181818181818,middle,"[120, 150)"
9634,PF_0023743,080400,3,2025-02-04,0,0,7,98.0,12.0,,,,38.8,,,7,False,7559,2024년_딸기(홍희),2024-09-10,2025-05-31,147,264,0.5568181818181818,middle,"[120, 150)"
9665,PF_0023743,080400,4,2025-02-04,0,2,0,101.0,9.0,,,,20.6,,,2,False,7559,2024년_딸기(홍희),2024-09-10,2025-05-31,147,264,0.5568181818181818,middle,"[120, 150)"
9696,PF_0023743,080400,5,2025-02-04,7,0,0,80.0,9.0,,,,23.3,,,7,False,7559,2024년_딸기(홍희),2024-09-10,2025-05-31,147,264,0.5568181818181818,middle,"[120, 150)"
9727,PF_0023743,080400,6,2025-02-04,0,9,6,81.0,6.0,,,,28.9,,,15,False,7559,2024년_딸기(홍희),2024-09-10,2025-05-31,147,264,0.5568181818181818,middle,"[120, 150)"
9758,PF_0023743,080400,7,2025-02-04,5,0,0,112.0,7.0,,,,32.5,,,5,False,7559,2024년_딸기(홍희),2024-09-10,2025-05-31,147,264,0.5568181818181818,middle,"[120, 150)"
9789,PF_0023743,080400,8,2025-02-04,0,2,3,109.0,7.0,,,,21.1,,,5,False,7559,2024년_딸기(홍희),2024-09-10,2025-05-31,147,264,0.5568181818181818,middle,"[120, 150)"
9820,PF_0023743,080400,9,2025-02-04,0,0,9,115.0,8.0,,,,13.4,,,9,False,7559,2024년_딸기(홍희),2024-09-10,2025-05-31,147,264,0.5568181818181818,middle,"[120, 150)"
9573,PF_0023743,080400,1,2025-02-11,0,5,3,111.0,15.0,,,,26.6,,,8,False,7559,2024년_딸기(홍희),2024-09-10,2025-05-31,154,264,0.5833333333333334,middle,"[150, 180)"
9604,PF_0023743,080400,2,2025-02-11,0,5,1,84.0,16.0,,,,38.6,,,6,False,7559,2024년_딸기(홍희),2024-09-10,2025-05-31,154,264,0.5833333333333334,middle,"[150, 180)"
9635,PF_0023743,080400,3,2025-02-11,0,0,7,56.0,19.0,,,,36.9,,,7,False,7559,2024년_딸기(홍희),2024-09-10,2025-05-31,154,264,0.5833333333333334,middle,"[150, 180)"
9666,PF_0023743,080400,4,2025-02-11,0,4,0,103.0,8.0,,,,19.0,,,4,False,7559,2024년_딸기(홍희),2024-09-10,2025-05-31,154,264,0.5833333333333334,middle,"[150, 180)"
9697,PF_0023743,080400,5,2025-02-11,5,0,2,125.0,15.0,,,,32.1,,,7,False,7559,2024년_딸기(홍희),2024-09-10,2025-05-31,154,264,0.5833333333333334,middle,"[150, 180)"
9728,PF_0023743,080400,6,2025-02-11,0,8,7,83.0,10.0,,,,25.4,,,15,False,7559,2024년_딸기(홍희),2024-09-10,2025-05-31,154,264,0.5833333333333334,middle,"[150, 180)"
9759,PF_0023743,080400,7,2025-02-11,6,1,0,120.0,15.0,,,,32.7,,,7,False,7559,2024년_딸기(홍희),2024-09-10,2025-05-31,154,264,0.5833333333333334,middle,"[150, 180)"
9790,PF_0023743,080400,8,2025-02-11,0,2,3,108.0,7.0,,,,28.0,,,5,False,7559,2024년_딸기(홍희),2024-09-10,2025-05-31,154,264,0.5833333333333334,middle,"[150, 180)"
9821,PF_0023743,080400,9,2025-02-11,0,0,9,130.0,16.0,,,,27.8,,,9,False,7559,2024년_딸기(홍희),2024-09-10,2025-05-31,154,264,0.5833333333333334,middle,"[150, 180)"
9574,PF_0023743,080400,1,2025-02-19,0,5,3,87.0,11.0,,,,35.7,,,8,False,7559,2024년_딸기(홍희),2024-09-10,2025-05-31,162,264,0.6136363636363636,middle,"[150, 180)"
9605,PF_0023743,080400,2,2025-02-19,0,0,5,81.0,13.0,,,,33.4,,,5,False,7559,2024년_딸기(홍희),2024-09-10,2025-05-31,162,264,0.6136363636363636,middle,"[150, 180)"
9636,PF_0023743,080400,3,2025-02-19,0,0,6,78.0,21.0,,,,48.8,,,6,False,7559,2024년_딸기(홍희),2024-09-10,2025-05-31,162,264,0.6136363636363636,middle,"[150, 180)"
9667,PF_0023743,080400,4,2025-02-19,0,5,1,65.0,6.0,,,,22.0,,,6,False,7559,2024년_딸기(홍희),2024-09-10,2025-05-31,162,264,0.6136363636363636,middle,"[150, 180)"
9698,PF_0023743,080400,5,2025-02-19,8,0,10,95.0,22.0,,,,38.4,,,18,False,7559,2024년_딸기(홍희),2024-09-10,2025-05-31,162,264,0.6136363636363636,middle,"[150, 180)"
9729,PF_0023743,080400,6,2025-02-19,0,8,12,92.0,7.0,,,,32.5,,,20,False,7559,2024년_딸기(홍희),2024-09-10,2025-05-31,162,264,0.6136363636363636,middle,"[150, 180)"
9760,PF_0023743,080400,7,2025-02-19,8,3,5,120.0,14.0,,,,31.6,,,16,False,7559,2024년_딸기(홍희),2024-09-10,2025-05-31,162,264,0.6136363636363636,middle,"[150, 180)"
9791,PF_0023743,080400,8,2025-02-19,0,0,5,111.0,9.0,,,,16.7,,,5,False,7559,2024년_딸기(홍희),2024-09-10,2025-05-31,162,264,0.6136363636363636,middle,"[150, 180)"
9822,PF_0023743,080400,9,2025-02-19,0,0,7,121.0,12.0,,,,31.3,,,7,False,7559,2024년_딸기(홍희),2024-09-10,2025-05-31,162,264,0.6136363636363636,middle,"[150, 180)"
9575,PF_0023743,080400,1,2025-02-28,0,0,6,135.0,13.0,,,,26.6,,,6,False,7559,2024년_딸기(홍희),2024-09-10,2025-05-31,171,264,0.6477272727272727,middle,"[150, 180)"
9606,PF_0023743,080400,2,2025-02-28,0,0,3,142.0,12.0,,,,39.0,,,3,False,7559,2024년_딸기(홍희),2024-09-10,2025-05-31,171,264,0.6477272727272727,middle,"[150, 180)"
9637,PF_0023743,080400,3,2025-02-28,0,0,5,90.0,18.0,,,,41.8,,,5,False,7559,2024년_딸기(홍희),2024-09-10,2025-05-31,171,264,0.6477272727272727,middle,"[150, 180)"
9668,PF_0023743,080400,4,2025-02-28,0,0,7,100.0,6.0,,,,21.9,,,7,False,7559,2024년_딸기(홍희),2024-09-10,2025-05-31,171,264,0.6477272727272727,middle,"[150, 180)"
9699,PF_0023743,080400,5,2025-02-28,0,0,5,65.0,13.0,,,,30.3,,,5,False,7559,2024년_딸기(홍희),2024-09-10,2025-05-31,171,264,0.6477272727272727,middle,"[150, 180)"
9730,PF_0023743,080400,6,2025-02-28,0,2,4,85.0,14.0,,,,41.1,,,6,False,7559,2024년_딸기(홍희),2024-09-10,2025-05-31,171,264,0.6477272727272727,middle,"[150, 180)"
9761,PF_0023743,080400,7,2025-02-28,4,2,6,82.0,20.0,,,,55.1,,,12,False,7559,2024년_딸기(홍희),2024-09-10,2025-05-31,171,264,0.6477272727272727,middle,"[150, 180)"
9792,PF_0023743,080400,8,2025-02-28,0,0,2,120.0,24.0,,,,49.8,,,2,False,7559,2024년_딸기(홍희),2024-09-10,2025-05-31,171,264,0.6477272727272727,middle,"[150, 180)"
9823,PF_0023743,080400,9,2025-02-28,0,0,0,90.0,12.0,,,,22.0,,,0,True,7559,2024년_딸기(홍희),2024-09-10,2025-05-31,171,264,0.6477272727272727,middle,"[150, 180)"
9576,PF_0023743,080400,1,2025-03-08,0,0,3,137.0,13.0,,,,26.5,,,3,False,7559,2024년_딸기(홍희),2024-09-10,2025-05-31,179,264,0.678030303030303,late,"[150, 180)"
9607,PF_0023743,080400,2,2025-03-08,0,0,0,145.0,13.0,,,,40.1,,,0,True,7559,2024년_딸기(홍희),2024-09-10,2025-05-31,179,264,0.678030303030303,late,"[150, 180)"
9638,PF_0023743,080400,3,2025-03-08,0,0,0,94.0,17.0,,,,41.1,,,0,True,7559,2024년_딸기(홍희),2024-09-10,2025-05-31,179,264,0.678030303030303,late,"[150, 180)"
9669,PF_0023743,080400,4,2025-03-08,0,0,7,98.0,7.0,,,,22.3,,,7,False,7559,2024년_딸기(홍희),2024-09-10,2025-05-31,179,264,0.678030303030303,late,"[150, 180)"
9700,PF_0023743,080400,5,2025-03-08,0,0,10,62.0,12.0,,,,29.7,,,10,False,7559,2024년_딸기(홍희),2024-09-10,2025-05-31,179,264,0.678030303030303,late,"[150, 180)"
9731,PF_0023743,080400,6,2025-03-08,0,0,5,84.0,14.0,,,,41.2,,,5,False,7559,2024년_딸기(홍희),2024-09-10,2025-05-31,179,264,0.678030303030303,late,"[150, 180)"
9762,PF_0023743,080400,7,2025-03-08,0,0,12,84.0,18.0,,,,51.2,,,12,False,7559,2024년_딸기(홍희),2024-09-10,2025-05-31,179,264,0.678030303030303,late,"[150, 180)"
9793,PF_0023743,080400,8,2025-03-08,0,0,0,115.0,23.0,,,,49.3,,,0,True,7559,2024년_딸기(홍희),2024-09-10,2025-05-31,179,264,0.678030303030303,late,"[150, 180)"
9824,PF_0023743,080400,9,2025-03-08,0,0,0,89.0,11.0,,,,21.1,,,0,True,7559,2024년_딸기(홍희),2024-09-10,2025-05-31,179,264,0.678030303030303,late,"[150, 180)"
9577,PF_0023743,080400,1,2025-03-14,0,0,3,72.0,13.0,,,,26.7,,,3,False,7559,2024년_딸기(홍희),2024-09-10,2025-05-31,185,264,0.7007575757575758,late,"[180, 210)"
9608,PF_0023743,080400,2,2025-03-14,0,0,0,87.0,13.0,,,,39.4,,,0,True,7559,2024년_딸기(홍희),2024-09-10,2025-05-31,185,264,0.7007575757575758,late,"[180, 210)"
9639,PF_0023743,080400,3,2025-03-14,0,0,0,90.0,17.0,,,,40.1,,,0,True,7559,2024년_딸기(홍희),2024-09-10,2025-05-31,185,264,0.7007575757575758,late,"[180, 210)"
9670,PF_0023743,080400,4,2025-03-14,0,0,4,128.0,7.0,,,,23.5,,,4,False,7559,2024년_딸기(홍희),2024-09-10,2025-05-31,185,264,0.7007575757575758,late,"[180, 210)"
9701,PF_0023743,080400,5,2025-03-14,0,0,2,110.0,12.0,,,,30.4,,,2,False,7559,2024년_딸기(홍희),2024-09-10,2025-05-31,185,264,0.7007575757575758,late,"[180, 210)"
9732,PF_0023743,080400,6,2025-03-14,0,0,3,97.0,14.0,,,,42.1,,,3,False,7559,2024년_딸기(홍희),2024-09-10,2025-05-31,185,264,0.7007575757575758,late,"[180, 210)"
9763,PF_0023743,080400,7,2025-03-14,0,0,0,98.0,18.0,,,,50.9,,,0,True,7559,2024년_딸기(홍희),2024-09-10,2025-05-31,185,264,0.7007575757575758,late,"[180, 210)"
9794,PF_0023743,080400,8,2025-03-14,0,0,0,95.0,23.0,,,,48.8,,,0,True,7559,2024년_딸기(홍희),2024-09-10,2025-05-31,185,264,0.7007575757575758,late,"[180, 210)"
9825,PF_0023743,080400,9,2025-03-14,0,0,0,120.0,11.0,,,,20.9,,,0,True,7559,2024년_딸기(홍희),2024-09-10,2025-05-31,185,264,0.7007575757575758,late,"[180, 210)"
9578,PF_0023743,080400,1,2025-03-20,0,0,0,73.0,12.0,,,,27.4,,,0,True,7559,2024년_딸기(홍희),2024-09-10,2025-05-31,191,264,0.7234848484848485,late,"[180, 210)"
9609,PF_0023743,080400,2,2025-03-20,0,0,0,89.0,15.0,,,,40.2,,,0,True,7559,2024년_딸기(홍희),2024-09-10,2025-05-31,191,264,0.7234848484848485,late,"[180, 210)"
9640,PF_0023743,080400,3,2025-03-20,0,0,0,89.0,18.0,,,,40.6,,,0,True,7559,2024년_딸기(홍희),2024-09-10,2025-05-31,191,264,0.7234848484848485,late,"[180, 210)"
9671,PF_0023743,080400,4,2025-03-20,0,0,0,129.0,9.0,,,,25.8,,,0,True,7559,2024년_딸기(홍희),2024-09-10,2025-05-31,191,264,0.7234848484848485,late,"[180, 210)"
9702,PF_0023743,080400,5,2025-03-20,0,0,0,104.0,13.0,,,,28.4,,,0,True,7559,2024년_딸기(홍희),2024-09-10,2025-05-31,191,264,0.7234848484848485,late,"[180, 210)"
9733,PF_0023743,080400,6,2025-03-20,0,0,0,102.0,14.0,,,,40.4,,,0,True,7559,2024년_딸기(홍희),2024-09-10,2025-05-31,191,264,0.7234848484848485,late,"[180, 210)"
9764,PF_0023743,080400,7,2025-03-20,0,0,0,100.0,17.0,,,,51.1,,,0,True,7559,2024년_딸기(홍희),2024-09-10,2025-05-31,191,264,0.7234848484848485,late,"[180, 210)"
9795,PF_0023743,080400,8,2025-03-20,0,0,0,96.0,25.0,,,,49.6,,,0,True,7559,2024년_딸기(홍희),2024-09-10,2025-05-31,191,264,0.7234848484848485,late,"[180, 210)"
9826,PF_0023743,080400,9,2025-03-20,0,0,0,123.0,8.0,,,,22.1,,,0,True,7559,2024년_딸기(홍희),2024-09-10,2025-05-31,191,264,0.7234848484848485,late,"[180, 210)"
9579,PF_0023743,080400,1,2025-03-28,0,0,0,74.0,13.0,,,,27.7,,,0,True,7559,2024년_딸기(홍희),2024-09-10,2025-05-31,199,264,0.7537878787878788,late,"[180, 210)"
9610,PF_0023743,080400,2,2025-03-28,0,0,0,90.0,14.0,,,,40.3,,,0,True,7559,2024년_딸기(홍희),2024-09-10,2025-05-31,199,264,0.7537878787878788,late,"[180, 210)"
9641,PF_0023743,080400,3,2025-03-28,0,0,0,90.0,17.0,,,,40.9,,,0,True,7559,2024년_딸기(홍희),2024-09-10,2025-05-31,199,264,0.7537878787878788,late,"[180, 210)"
9672,PF_0023743,080400,4,2025-03-28,0,0,0,130.0,10.0,,,,26.1,,,0,True,7559,2024년_딸기(홍희),2024-09-10,2025-05-31,199,264,0.7537878787878788,late,"[180, 210)"
9703,PF_0023743,080400,5,2025-03-28,0,0,0,106.0,12.0,,,,28.7,,,0,True,7559,2024년_딸기(홍희),2024-09-10,2025-05-31,199,264,0.7537878787878788,late,"[180, 210)"
9734,PF_0023743,080400,6,2025-03-28,0,0,0,103.0,13.0,,,,40.6,,,0,True,7559,2024년_딸기(홍희),2024-09-10,2025-05-31,199,264,0.7537878787878788,late,"[180, 210)"
9765,PF_0023743,080400,7,2025-03-28,0,0,0,102.0,16.0,,,,51.2,,,0,True,7559,2024년_딸기(홍희),2024-09-10,2025-05-31,199,264,0.7537878787878788,late,"[180, 210)"
9796,PF_0023743,080400,8,2025-03-28,0,0,0,97.0,23.0,,,,49.9,,,0,True,7559,2024년_딸기(홍희),2024-09-10,2025-05-31,199,264,0.7537878787878788,late,"[180, 210)"
9827,PF_0023743,080400,9,2025-03-28,0,0,0,124.0,9.0,,,,22.3,,,0,True,7559,2024년_딸기(홍희),2024-09-10,2025-05-31,199,264,0.7537878787878788,late,"[180, 210)"
9580,PF_0023743,080400,1,2025-04-04,0,0,0,75.0,13.0,,,,27.8,,,0,True,7559,2024년_딸기(홍희),2024-09-10,2025-05-31,206,264,0.7803030303030303,late,"[180, 210)"
9611,PF_0023743,080400,2,2025-04-04,0,0,0,90.0,14.0,,,,40.3,,,0,True,7559,2024년_딸기(홍희),2024-09-10,2025-05-31,206,264,0.7803030303030303,late,"[180, 210)"
9642,PF_0023743,080400,3,2025-04-04,0,0,0,92.0,16.0,,,,41.1,,,0,True,7559,2024년_딸기(홍희),2024-09-10,2025-05-31,206,264,0.7803030303030303,late,"[180, 210)"
9673,PF_0023743,080400,4,2025-04-04,0,0,0,131.0,11.0,,,,26.3,,,0,True,7559,2024년_딸기(홍희),2024-09-10,2025-05-31,206,264,0.7803030303030303,late,"[180, 210)"
9704,PF_0023743,080400,5,2025-04-04,0,0,0,106.0,13.0,,,,28.7,,,0,True,7559,2024년_딸기(홍희),2024-09-10,2025-05-31,206,264,0.7803030303030303,late,"[180, 210)"
9735,PF_0023743,080400,6,2025-04-04,0,0,0,104.0,13.0,,,,40.8,,,0,True,7559,2024년_딸기(홍희),2024-09-10,2025-05-31,206,264,0.7803030303030303,late,"[180, 210)"
9766,PF_0023743,080400,7,2025-04-04,0,0,0,102.0,15.0,,,,51.3,,,0,True,7559,2024년_딸기(홍희),2024-09-10,2025-05-31,206,264,0.7803030303030303,late,"[180, 210)"
9797,PF_0023743,080400,8,2025-04-04,0,0,0,99.0,22.0,,,,50.1,,,0,True,7559,2024년_딸기(홍희),2024-09-10,2025-05-31,206,264,0.7803030303030303,late,"[180, 210)"
9828,PF_0023743,080400,9,2025-04-04,0,0,0,125.0,10.0,,,,22.3,,,0,True,7559,2024년_딸기(홍희),2024-09-10,2025-05-31,206,264,0.7803030303030303,late,"[180, 210)"
9581,PF_0023743,080400,1,2025-04-10,0,0,0,76.0,14.0,,,,28.0,,,0,True,7559,2024년_딸기(홍희),2024-09-10,2025-05-31,212,264,0.803030303030303,late,"[210, 240)"
9612,PF_0023743,080400,2,2025-04-10,0,0,0,91.0,14.0,,,,40.2,,,0,True,7559,2024년_딸기(홍희),2024-09-10,2025-05-31,212,264,0.803030303030303,late,"[210, 240)"
9643,PF_0023743,080400,3,2025-04-10,0,0,0,93.0,15.0,,,,41.4,,,0,True,7559,2024년_딸기(홍희),2024-09-10,2025-05-31,212,264,0.803030303030303,late,"[210, 240)"
9674,PF_0023743,080400,4,2025-04-10,0,0,0,133.0,12.0,,,,26.0,,,0,True,7559,2024년_딸기(홍희),2024-09-10,2025-05-31,212,264,0.803030303030303,late,"[210, 240)"
9705,PF_0023743,080400,5,2025-04-10,0,0,0,107.0,13.0,,,,28.9,,,0,True,7559,2024년_딸기(홍희),2024-09-10,2025-05-31,212,264,0.803030303030303,late,"[210, 240)"
9736,PF_0023743,080400,6,2025-04-10,0,0,0,105.0,14.0,,,,41.1,,,0,True,7559,2024년_딸기(홍희),2024-09-10,2025-05-31,212,264,0.803030303030303,late,"[210, 240)"
9767,PF_0023743,080400,7,2025-04-10,0,0,0,104.0,14.0,,,,51.5,,,0,True,7559,2024년_딸기(홍희),2024-09-10,2025-05-31,212,264,0.803030303030303,late,"[210, 240)"
9798,PF_0023743,080400,8,2025-04-10,0,0,0,101.0,21.0,,,,50.0,,,0,True,7559,2024년_딸기(홍희),2024-09-10,2025-05-31,212,264,0.803030303030303,late,"[210, 240)"
9829,PF_0023743,080400,9,2025-04-10,0,0,0,126.0,12.0,,,,22.6,,,0,True,7559,2024년_딸기(홍희),2024-09-10,2025-05-31,212,264,0.803030303030303,late,"[210, 240)"
9582,PF_0023743,080400,1,2025-04-19,0,0,0,75.0,13.0,,,,27.8,,,0,True,7559,2024년_딸기(홍희),2024-09-10,2025-05-31,221,264,0.8371212121212122,late,"[210, 240)"
9613,PF_0023743,080400,2,2025-04-19,0,0,0,86.0,13.0,,,,39.7,,,0,True,7559,2024년_딸기(홍희),2024-09-10,2025-05-31,221,264,0.8371212121212122,late,"[210, 240)"
9644,PF_0023743,080400,3,2025-04-19,0,0,0,87.0,14.0,,,,40.9,,,0,True,7559,2024년_딸기(홍희),2024-09-10,2025-05-31,221,264,0.8371212121212122,late,"[210, 240)"
9675,PF_0023743,080400,4,2025-04-19,0,0,0,130.0,12.0,,,,25.8,,,0,True,7559,2024년_딸기(홍희),2024-09-10,2025-05-31,221,264,0.8371212121212122,late,"[210, 240)"
9706,PF_0023743,080400,5,2025-04-19,0,0,0,106.0,13.0,,,,28.5,,,0,True,7559,2024년_딸기(홍희),2024-09-10,2025-05-31,221,264,0.8371212121212122,late,"[210, 240)"
9737,PF_0023743,080400,6,2025-04-19,0,0,0,100.0,13.0,,,,40.8,,,0,True,7559,2024년_딸기(홍희),2024-09-10,2025-05-31,221,264,0.8371212121212122,late,"[210, 240)"
9768,PF_0023743,080400,7,2025-04-19,0,0,0,101.0,13.0,,,,51.0,,,0,True,7559,2024년_딸기(홍희),2024-09-10,2025-05-31,221,264,0.8371212121212122,late,"[210, 240)"
9799,PF_0023743,080400,8,2025-04-19,0,0,0,95.0,19.0,,,,49.4,,,0,True,7559,2024년_딸기(홍희),2024-09-10,2025-05-31,221,264,0.8371212121212122,late,"[210, 240)"
9830,PF_0023743,080400,9,2025-04-19,0,0,0,123.0,11.0,,,,22.8,,,0,True,7559,2024년_딸기(홍희),2024-09-10,2025-05-31,221,264,0.8371212121212122,late,"[210, 240)"
9583,PF_0023743,080400,1,2025-04-26,0,0,0,175.0,13.0,,,,27.4,,,0,True,7559,2024년_딸기(홍희),2024-09-10,2025-05-31,228,264,0.8636363636363636,late,"[210, 240)"
9614,PF_0023743,080400,2,2025-04-26,0,0,0,168.0,19.0,,,,40.1,,,0,True,7559,2024년_딸기(홍희),2024-09-10,2025-05-31,228,264,0.8636363636363636,late,"[210, 240)"
9645,PF_0023743,080400,3,2025-04-26,0,0,0,130.0,18.0,,,,39.2,,,0,True,7559,2024년_딸기(홍희),2024-09-10,2025-05-31,228,264,0.8636363636363636,late,"[210, 240)"
9676,PF_0023743,080400,4,2025-04-26,0,0,0,167.0,9.0,,,,25.1,,,0,True,7559,2024년_딸기(홍희),2024-09-10,2025-05-31,228,264,0.8636363636363636,late,"[210, 240)"
9707,PF_0023743,080400,5,2025-04-26,0,0,0,0.0,0.0,,,,0.0,,,0,True,7559,2024년_딸기(홍희),2024-09-10,2025-05-31,228,264,0.8636363636363636,late,"[210, 240)"
9738,PF_0023743,080400,6,2025-04-26,0,0,0,168.0,15.0,,,,41.3,,,0,True,7559,2024년_딸기(홍희),2024-09-10,2025-05-31,228,264,0.8636363636363636,late,"[210, 240)"
9769,PF_0023743,080400,7,2025-04-26,0,0,0,105.0,14.0,,,,42.8,,,0,True,7559,2024년_딸기(홍희),2024-09-10,2025-05-31,228,264,0.8636363636363636,late,"[210, 240)"
9800,PF_0023743,080400,8,2025-04-26,0,0,0,103.0,17.0,,,,44.1,,,0,True,7559,2024년_딸기(홍희),2024-09-10,2025-05-31,228,264,0.8636363636363636,late,"[210, 240)"
9831,PF_0023743,080400,9,2025-04-26,0,0,0,106.0,11.0,,,,22.1,,,0,True,7559,2024년_딸기(홍희),2024-09-10,2025-05-31,228,264,0.8636363636363636,late,"[210, 240)"
9584,PF_0023743,080400,1,2025-04-30,0,0,0,103.0,12.0,,,,25.7,,,0,True,7559,2024년_딸기(홍희),2024-09-10,2025-05-31,232,264,0.8787878787878788,late,"[210, 240)"
9615,PF_0023743,080400,2,2025-04-30,0,0,0,141.0,18.0,,,,39.1,,,0,True,7559,2024년_딸기(홍희),2024-09-10,2025-05-31,232,264,0.8787878787878788,late,"[210, 240)"
9646,PF_0023743,080400,3,2025-04-30,0,0,0,132.0,18.0,,,,39.8,,,0,True,7559,2024년_딸기(홍희),2024-09-10,2025-05-31,232,264,0.8787878787878788,late,"[210, 240)"
9677,PF_0023743,080400,4,2025-04-30,0,0,0,168.0,8.0,,,,25.8,,,0,True,7559,2024년_딸기(홍희),2024-09-10,2025-05-31,232,264,0.8787878787878788,late,"[210, 240)"
9708,PF_0023743,080400,5,2025-04-30,0,0,0,125.0,20.0,,,,29.1,,,0,True,7559,2024년_딸기(홍희),2024-09-10,2025-05-31,232,264,0.8787878787878788,late,"[210, 240)"
9739,PF_0023743,080400,6,2025-04-30,0,0,0,168.0,15.0,,,,41.8,,,0,True,7559,2024년_딸기(홍희),2024-09-10,2025-05-31,232,264,0.8787878787878788,late,"[210, 240)"
9770,PF_0023743,080400,7,2025-04-30,0,0,0,105.0,13.0,,,,41.9,,,0,True,7559,2024년_딸기(홍희),2024-09-10,2025-05-31,232,264,0.8787878787878788,late,"[210, 240)"
9801,PF_0023743,080400,8,2025-04-30,0,0,0,99.0,16.0,,,,43.2,,,0,True,7559,2024년_딸기(홍희),2024-09-10,2025-05-31,232,264,0.8787878787878788,late,"[210, 240)"
9832,PF_0023743,080400,9,2025-04-30,0,0,0,112.0,11.0,,,,22.3,,,0,True,7559,2024년_딸기(홍희),2024-09-10,2025-05-31,232,264,0.8787878787878788,late,"[210, 240)"
9585,PF_0023743,080400,1,2025-05-21,0,0,0,124.0,10.0,,,,18.1,,,0,True,7559,2024년_딸기(홍희),2024-09-10,2025-05-31,253,264,0.9583333333333334,late,"[240, 270)"
9616,PF_0023743,080400,2,2025-05-21,0,0,0,108.0,11.0,,,,21.4,,,0,True,7559,2024년_딸기(홍희),2024-09-10,2025-05-31,253,264,0.9583333333333334,late,"[240, 270)"
9647,PF_0023743,080400,3,2025-05-21,0,0,0,110.0,8.0,,,,17.1,,,0,True,7559,2024년_딸기(홍희),2024-09-10,2025-05-31,253,264,0.9583333333333334,late,"[240, 270)"
9678,PF_0023743,080400,4,2025-05-21,0,0,0,112.0,8.0,,,,16.7,,,0,True,7559,2024년_딸기(홍희),2024-09-10,2025-05-31,253,264,0.9583333333333334,late,"[240, 270)"
9709,PF_0023743,080400,5,2025-05-21,0,0,0,85.0,12.0,,,,13.5,,,0,True,7559,2024년_딸기(홍희),2024-09-10,2025-05-31,253,264,0.9583333333333334,late,"[240, 270)"
9740,PF_0023743,080400,6,2025-05-21,0,0,0,125.0,14.0,,,,21.4,,,0,True,7559,2024년_딸기(홍희),2024-09-10,2025-05-31,253,264,0.9583333333333334,late,"[240, 270)"
9771,PF_0023743,080400,7,2025-05-21,0,0,0,83.0,14.0,,,,25.0,,,0,True,7559,2024년_딸기(홍희),2024-09-10,2025-05-31,253,264,0.9583333333333334,late,"[240, 270)"
9802,PF_0023743,080400,8,2025-05-21,0,0,0,115.0,11.0,,,,17.7,,,0,True,7559,2024년_딸기(홍희),2024-09-10,2025-05-31,253,264,0.9583333333333334,late,"[240, 270)"
28613,PF_0023743,080400,3,2026-02-11,10,2,1,95.0,18.0,,,,25.2,,,13,False,9008,2025년_딸기(홍희),2025-09-07,2026-05-31,157,267,0.5880149812734082,middle,"[150, 180)"
28579,PF_0023743,080400,2,2026-02-20,8,9,6,78.0,18.0,,,,24.6,,,23,False,9008,2025년_딸기(홍희),2025-09-07,2026-05-31,166,267,0.6217228464419475,middle,"[150, 180)"
28614,PF_0023743,080400,3,2026-02-20,10,5,4,90.0,19.0,,,,25.9,,,19,False,9008,2025년_딸기(홍희),2025-09-07,2026-05-31,166,267,0.6217228464419475,middle,"[150, 180)"
28754,PF_0023743,080400,7,2026-02-20,11,4,4,100.0,17.0,,,,23.5,,,19,False,9008,2025년_딸기(홍희),2025-09-07,2026-05-31,166,267,0.6217228464419475,middle,"[150, 180)"
28580,PF_0023743,080400,2,2026-02-25,7,9,7,95.0,20.0,,,,25.6,,,23,False,9008,2025년_딸기(홍희),2025-09-07,2026-05-31,171,267,0.6404494382022472,middle,"[150, 180)"
28615,PF_0023743,080400,3,2026-02-25,9,5,2,90.0,18.0,,,,26.9,,,16,False,9008,2025년_딸기(홍희),2025-09-07,2026-05-31,171,267,0.6404494382022472,middle,"[150, 180)"
28755,PF_0023743,080400,7,2026-02-25,10,4,6,82.0,17.0,,,,24.1,,,20,False,9008,2025년_딸기(홍희),2025-09-07,2026-05-31,171,267,0.6404494382022472,middle,"[150, 180)"
28581,PF_0023743,080400,2,2026-03-05,5,7,7,87.0,18.0,,,,25.6,,,19,False,9008,2025년_딸기(홍희),2025-09-07,2026-05-31,179,267,0.6704119850187266,late,"[150, 180)"
28616,PF_0023743,080400,3,2026-03-05,5,3,2,90.0,20.0,,,,26.9,,,10,False,9008,2025년_딸기(홍희),2025-09-07,2026-05-31,179,267,0.6704119850187266,late,"[150, 180)"
28756,PF_0023743,080400,7,2026-03-05,6,4,2,91.0,16.0,,,,24.8,,,12,False,9008,2025년_딸기(홍희),2025-09-07,2026-05-31,179,267,0.6704119850187266,late,"[150, 180)"
28582,PF_0023743,080400,2,2026-03-12,1,4,7,82.0,20.0,,,,25.6,,,12,False,9008,2025년_딸기(홍희),2025-09-07,2026-05-31,186,267,0.6966292134831461,late,"[180, 210)"
28617,PF_0023743,080400,3,2026-03-12,2,3,2,75.0,19.0,,,,27.3,,,7,False,9008,2025년_딸기(홍희),2025-09-07,2026-05-31,186,267,0.6966292134831461,late,"[180, 210)"
28652,PF_0023743,080400,4,2026-03-12,0,3,0,83.0,19.0,,,,22.4,,,3,False,9008,2025년_딸기(홍희),2025-09-07,2026-05-31,186,267,0.6966292134831461,late,"[180, 210)"
28722,PF_0023743,080400,6,2026-03-12,0,1,1,60.0,11.0,,,,24.3,,,2,False,9008,2025년_딸기(홍희),2025-09-07,2026-05-31,186,267,0.6966292134831461,late,"[180, 210)"
28757,PF_0023743,080400,7,2026-03-12,0,4,2,93.0,17.0,,,,24.8,,,6,False,9008,2025년_딸기(홍희),2025-09-07,2026-05-31,186,267,0.6966292134831461,late,"[180, 210)"
28792,PF_0023743,080400,8,2026-03-12,0,2,5,80.0,13.0,,,,23.0,,,7,False,9008,2025년_딸기(홍희),2025-09-07,2026-05-31,186,267,0.6966292134831461,late,"[180, 210)"
28583,PF_0023743,080400,2,2026-03-19,1,2,6,75.0,18.0,,,,25.6,,,9,False,9008,2025년_딸기(홍희),2025-09-07,2026-05-31,193,267,0.7228464419475655,late,"[180, 210)"
28618,PF_0023743,080400,3,2026-03-19,0,3,2,98.0,17.0,,,,27.3,,,5,False,9008,2025년_딸기(홍희),2025-09-07,2026-05-31,193,267,0.7228464419475655,late,"[180, 210)"
28653,PF_0023743,080400,4,2026-03-19,0,0,2,93.0,17.0,,,,22.4,,,2,False,9008,2025년_딸기(홍희),2025-09-07,2026-05-31,193,267,0.7228464419475655,late,"[180, 210)"
28688,PF_0023743,080400,5,2026-03-19,0,1,1,88.0,17.0,,,,26.0,,,2,False,9008,2025년_딸기(홍희),2025-09-07,2026-05-31,193,267,0.7228464419475655,late,"[180, 210)"
28723,PF_0023743,080400,6,2026-03-19,0,0,1,62.0,11.0,,,,24.3,,,1,False,9008,2025년_딸기(홍희),2025-09-07,2026-05-31,193,267,0.7228464419475655,late,"[180, 210)"
28758,PF_0023743,080400,7,2026-03-19,0,3,2,90.0,15.0,,,,24.8,,,5,False,9008,2025년_딸기(홍희),2025-09-07,2026-05-31,193,267,0.7228464419475655,late,"[180, 210)"
28793,PF_0023743,080400,8,2026-03-19,0,0,0,93.0,12.0,,,,23.0,,,0,True,9008,2025년_딸기(홍희),2025-09-07,2026-05-31,193,267,0.7228464419475655,late,"[180, 210)"
28584,PF_0023743,080400,2,2026-03-26,0,0,6,85.0,15.0,,,,25.6,,,6,False,9008,2025년_딸기(홍희),2025-09-07,2026-05-31,200,267,0.7490636704119851,late,"[180, 210)"
28619,PF_0023743,080400,3,2026-03-26,0,2,1,80.0,13.0,,,,27.3,,,3,False,9008,2025년_딸기(홍희),2025-09-07,2026-05-31,200,267,0.7490636704119851,late,"[180, 210)"
28654,PF_0023743,080400,4,2026-03-26,0,0,4,83.0,17.0,,,,23.8,,,4,False,9008,2025년_딸기(홍희),2025-09-07,2026-05-31,200,267,0.7490636704119851,late,"[180, 210)"
28689,PF_0023743,080400,5,2026-03-26,0,0,4,81.0,16.0,,,,26.7,,,4,False,9008,2025년_딸기(홍희),2025-09-07,2026-05-31,200,267,0.7490636704119851,late,"[180, 210)"
28724,PF_0023743,080400,6,2026-03-26,0,0,1,81.0,5.0,,,,24.9,,,1,False,9008,2025년_딸기(홍희),2025-09-07,2026-05-31,200,267,0.7490636704119851,late,"[180, 210)"
28759,PF_0023743,080400,7,2026-03-26,0,2,1,125.0,14.0,,,,25.2,,,3,False,9008,2025년_딸기(홍희),2025-09-07,2026-05-31,200,267,0.7490636704119851,late,"[180, 210)"
28794,PF_0023743,080400,8,2026-03-26,0,0,0,92.0,13.0,,,,23.6,,,0,True,9008,2025년_딸기(홍희),2025-09-07,2026-05-31,200,267,0.7490636704119851,late,"[180, 210)"
28829,PF_0023743,080400,9,2026-03-26,0,2,1,100.0,11.0,,,,29.6,,,3,False,9008,2025년_딸기(홍희),2025-09-07,2026-05-31,200,267,0.7490636704119851,late,"[180, 210)"
28585,PF_0023743,080400,2,2026-04-02,0,0,1,85.0,8.0,,,,25.6,,,1,False,9008,2025년_딸기(홍희),2025-09-07,2026-05-31,207,267,0.7752808988764045,late,"[180, 210)"
28620,PF_0023743,080400,3,2026-04-02,0,0,0,100.0,10.0,,,,27.3,,,0,True,9008,2025년_딸기(홍희),2025-09-07,2026-05-31,207,267,0.7752808988764045,late,"[180, 210)"
28655,PF_0023743,080400,4,2026-04-02,0,0,6,103.0,8.0,,,,27.3,,,6,False,9008,2025년_딸기(홍희),2025-09-07,2026-05-31,207,267,0.7752808988764045,late,"[180, 210)"
28690,PF_0023743,080400,5,2026-04-02,0,0,7,83.0,11.0,,,,27.4,,,7,False,9008,2025년_딸기(홍희),2025-09-07,2026-05-31,207,267,0.7752808988764045,late,"[180, 210)"
28725,PF_0023743,080400,6,2026-04-02,0,0,0,65.0,4.0,,,,24.9,,,0,True,9008,2025년_딸기(홍희),2025-09-07,2026-05-31,207,267,0.7752808988764045,late,"[180, 210)"
28760,PF_0023743,080400,7,2026-04-02,0,0,0,93.0,9.0,,,,25.2,,,0,True,9008,2025년_딸기(홍희),2025-09-07,2026-05-31,207,267,0.7752808988764045,late,"[180, 210)"
28795,PF_0023743,080400,8,2026-04-02,0,0,0,93.0,7.0,,,,23.6,,,0,True,9008,2025년_딸기(홍희),2025-09-07,2026-05-31,207,267,0.7752808988764045,late,"[180, 210)"
28830,PF_0023743,080400,9,2026-04-02,0,0,3,106.0,4.0,,,,29.6,,,3,False,9008,2025년_딸기(홍희),2025-09-07,2026-05-31,207,267,0.7752808988764045,late,"[180, 210)"
28551,PF_0023743,080400,1,2026-04-09,0,1,1,90.0,4.0,,,,14.0,,,2,False,9008,2025년_딸기(홍희),2025-09-07,2026-05-31,214,267,0.8014981273408239,late,"[210, 240)"
28586,PF_0023743,080400,2,2026-04-09,0,0,0,96.0,9.0,,,,25.6,,,0,True,9008,2025년_딸기(홍희),2025-09-07,2026-05-31,214,267,0.8014981273408239,late,"[210, 240)"
28621,PF_0023743,080400,3,2026-04-09,0,0,0,103.0,12.0,,,,27.3,,,0,True,9008,2025년_딸기(홍희),2025-09-07,2026-05-31,214,267,0.8014981273408239,late,"[210, 240)"
28656,PF_0023743,080400,4,2026-04-09,0,0,3,100.0,9.0,,,,28.0,,,3,False,9008,2025년_딸기(홍희),2025-09-07,2026-05-31,214,267,0.8014981273408239,late,"[210, 240)"
28691,PF_0023743,080400,5,2026-04-09,0,0,3,72.0,11.0,,,,28.4,,,3,False,9008,2025년_딸기(홍희),2025-09-07,2026-05-31,214,267,0.8014981273408239,late,"[210, 240)"
28726,PF_0023743,080400,6,2026-04-09,0,0,0,85.0,6.0,,,,24.9,,,0,True,9008,2025년_딸기(홍희),2025-09-07,2026-05-31,214,267,0.8014981273408239,late,"[210, 240)"
28761,PF_0023743,080400,7,2026-04-09,0,0,0,128.0,10.0,,,,25.2,,,0,True,9008,2025년_딸기(홍희),2025-09-07,2026-05-31,214,267,0.8014981273408239,late,"[210, 240)"
28796,PF_0023743,080400,8,2026-04-09,0,0,0,103.0,9.0,,,,24.8,,,0,True,9008,2025년_딸기(홍희),2025-09-07,2026-05-31,214,267,0.8014981273408239,late,"[210, 240)"
28831,PF_0023743,080400,9,2026-04-09,0,0,4,108.0,5.0,,,,30.2,,,4,False,9008,2025년_딸기(홍희),2025-09-07,2026-05-31,214,267,0.8014981273408239,late,"[210, 240)"
28552,PF_0023743,080400,1,2026-04-16,0,0,3,92.0,4.0,,,,14.0,,,3,False,9008,2025년_딸기(홍희),2025-09-07,2026-05-31,221,267,0.8277153558052435,late,"[210, 240)"
28587,PF_0023743,080400,2,2026-04-16,0,0,0,88.0,9.0,,,,26.0,,,0,True,9008,2025년_딸기(홍희),2025-09-07,2026-05-31,221,267,0.8277153558052435,late,"[210, 240)"
28622,PF_0023743,080400,3,2026-04-16,0,0,0,105.0,14.0,,,,27.3,,,0,True,9008,2025년_딸기(홍희),2025-09-07,2026-05-31,221,267,0.8277153558052435,late,"[210, 240)"
28657,PF_0023743,080400,4,2026-04-16,0,0,3,110.0,10.0,,,,28.8,,,3,False,9008,2025년_딸기(홍희),2025-09-07,2026-05-31,221,267,0.8277153558052435,late,"[210, 240)"
28692,PF_0023743,080400,5,2026-04-16,0,0,3,85.0,13.0,,,,28.8,,,3,False,9008,2025년_딸기(홍희),2025-09-07,2026-05-31,221,267,0.8277153558052435,late,"[210, 240)"
28727,PF_0023743,080400,6,2026-04-16,0,0,0,84.0,7.0,,,,24.9,,,0,True,9008,2025년_딸기(홍희),2025-09-07,2026-05-31,221,267,0.8277153558052435,late,"[210, 240)"
28762,PF_0023743,080400,7,2026-04-16,0,0,0,145.0,12.0,,,,25.2,,,0,True,9008,2025년_딸기(홍희),2025-09-07,2026-05-31,221,267,0.8277153558052435,late,"[210, 240)"
28797,PF_0023743,080400,8,2026-04-16,0,0,0,123.0,10.0,,,,25.9,,,0,True,9008,2025년_딸기(홍희),2025-09-07,2026-05-31,221,267,0.8277153558052435,late,"[210, 240)"
28832,PF_0023743,080400,9,2026-04-16,0,0,4,113.0,6.0,,,,30.2,,,4,False,9008,2025년_딸기(홍희),2025-09-07,2026-05-31,221,267,0.8277153558052435,late,"[210, 240)"
28553,PF_0023743,080400,1,2026-04-23,0,0,2,102.0,4.0,,,,14.0,,,2,False,9008,2025년_딸기(홍희),2025-09-07,2026-05-31,228,267,0.8539325842696629,late,"[210, 240)"
28588,PF_0023743,080400,2,2026-04-23,0,0,0,93.0,11.0,,,,26.0,,,0,True,9008,2025년_딸기(홍희),2025-09-07,2026-05-31,228,267,0.8539325842696629,late,"[210, 240)"
28623,PF_0023743,080400,3,2026-04-23,0,0,0,110.0,17.0,,,,27.3,,,0,True,9008,2025년_딸기(홍희),2025-09-07,2026-05-31,228,267,0.8539325842696629,late,"[210, 240)"
28658,PF_0023743,080400,4,2026-04-23,0,0,0,125.0,11.0,,,,30.0,,,0,True,9008,2025년_딸기(홍희),2025-09-07,2026-05-31,228,267,0.8539325842696629,late,"[210, 240)"
28693,PF_0023743,080400,5,2026-04-23,0,0,2,84.0,18.0,,,,28.8,,,2,False,9008,2025년_딸기(홍희),2025-09-07,2026-05-31,228,267,0.8539325842696629,late,"[210, 240)"
28728,PF_0023743,080400,6,2026-04-23,0,0,0,115.0,8.0,,,,24.9,,,0,True,9008,2025년_딸기(홍희),2025-09-07,2026-05-31,228,267,0.8539325842696629,late,"[210, 240)"
28763,PF_0023743,080400,7,2026-04-23,0,0,0,117.0,12.0,,,,25.2,,,0,True,9008,2025년_딸기(홍희),2025-09-07,2026-05-31,228,267,0.8539325842696629,late,"[210, 240)"
28798,PF_0023743,080400,8,2026-04-23,0,0,0,115.0,12.0,,,,25.9,,,0,True,9008,2025년_딸기(홍희),2025-09-07,2026-05-31,228,267,0.8539325842696629,late,"[210, 240)"
28833,PF_0023743,080400,9,2026-04-23,0,0,2,97.0,6.0,,,,30.2,,,2,False,9008,2025년_딸기(홍희),2025-09-07,2026-05-31,228,267,0.8539325842696629,late,"[210, 240)"
28554,PF_0023743,080400,1,2026-04-30,0,0,2,103.0,5.0,,,,14.0,,,2,False,9008,2025년_딸기(홍희),2025-09-07,2026-05-31,235,267,0.8801498127340824,late,"[210, 240)"
28589,PF_0023743,080400,2,2026-04-30,0,0,0,95.0,12.0,,,,26.0,,,0,True,9008,2025년_딸기(홍희),2025-09-07,2026-05-31,235,267,0.8801498127340824,late,"[210, 240)"
28624,PF_0023743,080400,3,2026-04-30,0,0,0,110.0,17.0,,,,27.3,,,0,True,9008,2025년_딸기(홍희),2025-09-07,2026-05-31,235,267,0.8801498127340824,late,"[210, 240)"
28659,PF_0023743,080400,4,2026-04-30,0,0,0,128.0,13.0,,,,30.0,,,0,True,9008,2025년_딸기(홍희),2025-09-07,2026-05-31,235,267,0.8801498127340824,late,"[210, 240)"
28694,PF_0023743,080400,5,2026-04-30,0,0,0,82.0,18.0,,,,29.4,,,0,True,9008,2025년_딸기(홍희),2025-09-07,2026-05-31,235,267,0.8801498127340824,late,"[210, 240)"
28729,PF_0023743,080400,6,2026-04-30,0,0,0,120.0,10.0,,,,25.5,,,0,True,9008,2025년_딸기(홍희),2025-09-07,2026-05-31,235,267,0.8801498127340824,late,"[210, 240)"
28764,PF_0023743,080400,7,2026-04-30,0,0,0,149.0,14.0,,,,25.2,,,0,True,9008,2025년_딸기(홍희),2025-09-07,2026-05-31,235,267,0.8801498127340824,late,"[210, 240)"
28799,PF_0023743,080400,8,2026-04-30,0,0,0,120.0,11.0,,,,26.3,,,0,True,9008,2025년_딸기(홍희),2025-09-07,2026-05-31,235,267,0.8801498127340824,late,"[210, 240)"
28834,PF_0023743,080400,9,2026-04-30,0,0,0,117.0,7.0,,,,30.2,,,0,True,9008,2025년_딸기(홍희),2025-09-07,2026-05-31,235,267,0.8801498127340824,late,"[210, 240)"
28555,PF_0023743,080400,1,2026-05-07,0,0,1,103.0,5.0,,,,14.0,,,1,False,9008,2025년_딸기(홍희),2025-09-07,2026-05-31,242,267,0.9063670411985019,late,"[240, 270)"
28590,PF_0023743,080400,2,2026-05-07,0,0,0,90.0,12.0,,,,27.0,,,0,True,9008,2025년_딸기(홍희),2025-09-07,2026-05-31,242,267,0.9063670411985019,late,"[240, 270)"
28625,PF_0023743,080400,3,2026-05-07,0,0,0,115.0,22.0,,,,29.3,,,0,True,9008,2025년_딸기(홍희),2025-09-07,2026-05-31,242,267,0.9063670411985019,late,"[240, 270)"
28660,PF_0023743,080400,4,2026-05-07,0,0,0,125.0,14.0,,,,30.0,,,0,True,9008,2025년_딸기(홍희),2025-09-07,2026-05-31,242,267,0.9063670411985019,late,"[240, 270)"
28695,PF_0023743,080400,5,2026-05-07,0,0,0,95.0,20.0,,,,29.9,,,0,True,9008,2025년_딸기(홍희),2025-09-07,2026-05-31,242,267,0.9063670411985019,late,"[240, 270)"
28730,PF_0023743,080400,6,2026-05-07,0,0,0,115.0,11.0,,,,25.5,,,0,True,9008,2025년_딸기(홍희),2025-09-07,2026-05-31,242,267,0.9063670411985019,late,"[240, 270)"
28765,PF_0023743,080400,7,2026-05-07,0,0,0,148.0,15.0,,,,27.2,,,0,True,9008,2025년_딸기(홍희),2025-09-07,2026-05-31,242,267,0.9063670411985019,late,"[240, 270)"
28800,PF_0023743,080400,8,2026-05-07,0,0,0,120.0,12.0,,,,26.3,,,0,True,9008,2025년_딸기(홍희),2025-09-07,2026-05-31,242,267,0.9063670411985019,late,"[240, 270)"
28835,PF_0023743,080400,9,2026-05-07,0,0,0,137.0,8.0,,,,30.2,,,0,True,9008,2025년_딸기(홍희),2025-09-07,2026-05-31,242,267,0.9063670411985019,late,"[240, 270)"
28556,PF_0023743,080400,1,2026-05-14,0,0,0,125.0,6.0,,,,14.0,,,0,True,9008,2025년_딸기(홍희),2025-09-07,2026-05-31,249,267,0.9325842696629213,late,"[240, 270)"
28591,PF_0023743,080400,2,2026-05-14,0,0,0,110.0,14.0,,,,27.0,,,0,True,9008,2025년_딸기(홍희),2025-09-07,2026-05-31,249,267,0.9325842696629213,late,"[240, 270)"
28626,PF_0023743,080400,3,2026-05-14,0,0,0,115.0,20.0,,,,29.3,,,0,True,9008,2025년_딸기(홍희),2025-09-07,2026-05-31,249,267,0.9325842696629213,late,"[240, 270)"
28661,PF_0023743,080400,4,2026-05-14,0,0,0,138.0,15.0,,,,30.0,,,0,True,9008,2025년_딸기(홍희),2025-09-07,2026-05-31,249,267,0.9325842696629213,late,"[240, 270)"
28696,PF_0023743,080400,5,2026-05-14,0,0,0,100.0,22.0,,,,29.9,,,0,True,9008,2025년_딸기(홍희),2025-09-07,2026-05-31,249,267,0.9325842696629213,late,"[240, 270)"
28731,PF_0023743,080400,6,2026-05-14,0,0,0,120.0,12.0,,,,25.5,,,0,True,9008,2025년_딸기(홍희),2025-09-07,2026-05-31,249,267,0.9325842696629213,late,"[240, 270)"
28766,PF_0023743,080400,7,2026-05-14,0,0,0,153.0,13.0,,,,27.2,,,0,True,9008,2025년_딸기(홍희),2025-09-07,2026-05-31,249,267,0.9325842696629213,late,"[240, 270)"
28801,PF_0023743,080400,8,2026-05-14,0,0,0,123.0,11.0,,,,26.3,,,0,True,9008,2025년_딸기(홍희),2025-09-07,2026-05-31,249,267,0.9325842696629213,late,"[240, 270)"
28836,PF_0023743,080400,9,2026-05-14,0,0,0,139.0,8.0,,,,30.2,,,0,True,9008,2025년_딸기(홍희),2025-09-07,2026-05-31,249,267,0.9325842696629213,late,"[240, 270)"
28557,PF_0023743,080400,1,2026-05-21,0,0,0,125.0,6.0,,,,14.0,,,0,True,9008,2025년_딸기(홍희),2025-09-07,2026-05-31,256,267,0.9588014981273408,late,"[240, 270)"
28592,PF_0023743,080400,2,2026-05-21,0,0,0,110.0,14.0,,,,27.0,,,0,True,9008,2025년_딸기(홍희),2025-09-07,2026-05-31,256,267,0.9588014981273408,late,"[240, 270)"
28627,PF_0023743,080400,3,2026-05-21,0,0,0,135.0,21.0,,,,29.3,,,0,True,9008,2025년_딸기(홍희),2025-09-07,2026-05-31,256,267,0.9588014981273408,late,"[240, 270)"
28662,PF_0023743,080400,4,2026-05-21,0,0,0,130.0,16.0,,,,30.0,,,0,True,9008,2025년_딸기(홍희),2025-09-07,2026-05-31,256,267,0.9588014981273408,late,"[240, 270)"
28697,PF_0023743,080400,5,2026-05-21,0,0,0,120.0,23.0,,,,30.5,,,0,True,9008,2025년_딸기(홍희),2025-09-07,2026-05-31,256,267,0.9588014981273408,late,"[240, 270)"
28732,PF_0023743,080400,6,2026-05-21,0,0,0,108.0,14.0,,,,25.5,,,0,True,9008,2025년_딸기(홍희),2025-09-07,2026-05-31,256,267,0.9588014981273408,late,"[240, 270)"
28767,PF_0023743,080400,7,2026-05-21,0,0,0,145.0,14.0,,,,27.2,,,0,True,9008,2025년_딸기(홍희),2025-09-07,2026-05-31,256,267,0.9588014981273408,late,"[240, 270)"
28802,PF_0023743,080400,8,2026-05-21,0,0,0,148.0,13.0,,,,26.3,,,0,True,9008,2025년_딸기(홍희),2025-09-07,2026-05-31,256,267,0.9588014981273408,late,"[240, 270)"
28837,PF_0023743,080400,9,2026-05-21,0,0,0,139.0,8.0,,,,30.2,,,0,True,9008,2025년_딸기(홍희),2025-09-07,2026-05-31,256,267,0.9588014981273408,late,"[240, 270)"
10121,PF_0023923,080400,1,2024-10-03,0,0,0,60.0,8.0,,,,12.0,,,0,True,7562,2024년_딸기(킹스베리),2024-08-31,2025-06-15,33,289,0.11418685121107267,early,"[30, 60)"
10151,PF_0023923,080400,2,2024-10-03,0,0,0,81.0,7.0,,,,12.13,,,0,True,7562,2024년_딸기(킹스베리),2024-08-31,2025-06-15,33,289,0.11418685121107267,early,"[30, 60)"
10171,PF_0023923,080400,3,2024-10-03,0,0,0,70.0,7.0,,,,11.94,,,0,True,7562,2024년_딸기(킹스베리),2024-08-31,2025-06-15,33,289,0.11418685121107267,early,"[30, 60)"
10182,PF_0023923,080400,4,2024-10-03,0,0,0,83.0,6.0,,,,14.4,,,0,True,7562,2024년_딸기(킹스베리),2024-08-31,2025-06-15,33,289,0.11418685121107267,early,"[30, 60)"
10212,PF_0023923,080400,5,2024-10-03,0,0,0,60.0,9.0,,,,18.8,,,0,True,7562,2024년_딸기(킹스베리),2024-08-31,2025-06-15,33,289,0.11418685121107267,early,"[30, 60)"
10242,PF_0023923,080400,6,2024-10-03,0,0,0,55.0,8.0,,,,14.3,,,0,True,7562,2024년_딸기(킹스베리),2024-08-31,2025-06-15,33,289,0.11418685121107267,early,"[30, 60)"
10272,PF_0023923,080400,7,2024-10-03,0,0,0,75.0,8.0,,,,12.38,,,0,True,7562,2024년_딸기(킹스베리),2024-08-31,2025-06-15,33,289,0.11418685121107267,early,"[30, 60)"
10289,PF_0023923,080400,8,2024-10-03,0,0,0,85.0,10.0,,,,22.0,,,0,True,7562,2024년_딸기(킹스베리),2024-08-31,2025-06-15,33,289,0.11418685121107267,early,"[30, 60)"
10318,PF_0023923,080400,9,2024-10-03,0,0,0,70.0,9.0,,,,19.17,,,0,True,7562,2024년_딸기(킹스베리),2024-08-31,2025-06-15,33,289,0.11418685121107267,early,"[30, 60)"
10122,PF_0023923,080400,1,2024-10-08,0,0,0,63.0,9.0,,,,12.5,,,0,True,7562,2024년_딸기(킹스베리),2024-08-31,2025-06-15,38,289,0.1314878892733564,early,"[30, 60)"
10152,PF_0023923,080400,2,2024-10-08,0,0,0,92.0,8.0,,,,15.4,,,0,True,7562,2024년_딸기(킹스베리),2024-08-31,2025-06-15,38,289,0.1314878892733564,early,"[30, 60)"
10172,PF_0023923,080400,3,2024-10-08,0,0,0,84.0,8.0,,,,13.0,,,0,True,7562,2024년_딸기(킹스베리),2024-08-31,2025-06-15,38,289,0.1314878892733564,early,"[30, 60)"
10183,PF_0023923,080400,4,2024-10-08,0,0,0,82.0,6.0,,,,16.2,,,0,True,7562,2024년_딸기(킹스베리),2024-08-31,2025-06-15,38,289,0.1314878892733564,early,"[30, 60)"
10213,PF_0023923,080400,5,2024-10-08,0,0,0,76.0,9.0,,,,18.0,,,0,True,7562,2024년_딸기(킹스베리),2024-08-31,2025-06-15,38,289,0.1314878892733564,early,"[30, 60)"
10243,PF_0023923,080400,6,2024-10-08,0,0,0,78.0,8.0,,,,15.1,,,0,True,7562,2024년_딸기(킹스베리),2024-08-31,2025-06-15,38,289,0.1314878892733564,early,"[30, 60)"
10273,PF_0023923,080400,7,2024-10-08,0,0,0,88.0,5.0,,,,13.6,,,0,True,7562,2024년_딸기(킹스베리),2024-08-31,2025-06-15,38,289,0.1314878892733564,early,"[30, 60)"
10290,PF_0023923,080400,8,2024-10-08,0,0,0,99.0,5.0,,,,21.0,,,0,True,7562,2024년_딸기(킹스베리),2024-08-31,2025-06-15,38,289,0.1314878892733564,early,"[30, 60)"
10319,PF_0023923,080400,9,2024-10-08,0,0,0,90.0,5.0,,,,19.8,,,0,True,7562,2024년_딸기(킹스베리),2024-08-31,2025-06-15,38,289,0.1314878892733564,early,"[30, 60)"
10123,PF_0023923,080400,1,2024-10-15,0,0,0,68.0,4.0,,,,11.9,,,0,True,7562,2024년_딸기(킹스베리),2024-08-31,2025-06-15,45,289,0.15570934256055363,early,"[30, 60)"
10153,PF_0023923,080400,2,2024-10-15,0,0,0,106.0,5.0,,,,13.7,,,0,True,7562,2024년_딸기(킹스베리),2024-08-31,2025-06-15,45,289,0.15570934256055363,early,"[30, 60)"
10173,PF_0023923,080400,3,2024-10-15,0,0,0,85.0,5.0,,,,14.8,,,0,True,7562,2024년_딸기(킹스베리),2024-08-31,2025-06-15,45,289,0.15570934256055363,early,"[30, 60)"
10184,PF_0023923,080400,4,2024-10-15,0,0,0,88.0,4.0,,,,12.1,,,0,True,7562,2024년_딸기(킹스베리),2024-08-31,2025-06-15,45,289,0.15570934256055363,early,"[30, 60)"
10214,PF_0023923,080400,5,2024-10-15,0,0,0,86.0,10.0,,,,23.5,,,0,True,7562,2024년_딸기(킹스베리),2024-08-31,2025-06-15,45,289,0.15570934256055363,early,"[30, 60)"
10244,PF_0023923,080400,6,2024-10-15,0,0,0,77.0,9.0,,,,18.7,,,0,True,7562,2024년_딸기(킹스베리),2024-08-31,2025-06-15,45,289,0.15570934256055363,early,"[30, 60)"
10274,PF_0023923,080400,7,2024-10-15,0,0,0,67.0,6.0,,,,18.2,,,0,True,7562,2024년_딸기(킹스베리),2024-08-31,2025-06-15,45,289,0.15570934256055363,early,"[30, 60)"
10291,PF_0023923,080400,8,2024-10-15,0,0,0,95.0,6.0,,,,19.9,,,0,True,7562,2024년_딸기(킹스베리),2024-08-31,2025-06-15,45,289,0.15570934256055363,early,"[30, 60)"
10320,PF_0023923,080400,9,2024-10-15,0,0,0,86.0,6.0,,,,18.1,,,0,True,7562,2024년_딸기(킹스베리),2024-08-31,2025-06-15,45,289,0.15570934256055363,early,"[30, 60)"
10124,PF_0023923,080400,1,2024-10-22,0,0,0,63.0,5.0,,,,12.8,,,0,True,7562,2024년_딸기(킹스베리),2024-08-31,2025-06-15,52,289,0.17993079584775087,early,"[30, 60)"
10154,PF_0023923,080400,2,2024-10-22,0,0,0,104.0,5.0,,,,17.6,,,0,True,7562,2024년_딸기(킹스베리),2024-08-31,2025-06-15,52,289,0.17993079584775087,early,"[30, 60)"
10174,PF_0023923,080400,3,2024-10-22,0,0,0,70.0,6.0,,,,16.0,,,0,True,7562,2024년_딸기(킹스베리),2024-08-31,2025-06-15,52,289,0.17993079584775087,early,"[30, 60)"
10185,PF_0023923,080400,4,2024-10-22,0,0,0,85.0,4.0,,,,14.8,,,0,True,7562,2024년_딸기(킹스베리),2024-08-31,2025-06-15,52,289,0.17993079584775087,early,"[30, 60)"
10215,PF_0023923,080400,5,2024-10-22,0,0,0,86.0,4.0,,,,15.6,,,0,True,7562,2024년_딸기(킹스베리),2024-08-31,2025-06-15,52,289,0.17993079584775087,early,"[30, 60)"
10245,PF_0023923,080400,6,2024-10-22,0,0,0,90.0,3.0,,,,11.9,,,0,True,7562,2024년_딸기(킹스베리),2024-08-31,2025-06-15,52,289,0.17993079584775087,early,"[30, 60)"
10275,PF_0023923,080400,7,2024-10-22,0,0,0,100.0,5.0,,,,18.1,,,0,True,7562,2024년_딸기(킹스베리),2024-08-31,2025-06-15,52,289,0.17993079584775087,early,"[30, 60)"
10292,PF_0023923,080400,8,2024-10-22,0,0,0,96.0,7.0,,,,19.3,,,0,True,7562,2024년_딸기(킹스베리),2024-08-31,2025-06-15,52,289,0.17993079584775087,early,"[30, 60)"
10321,PF_0023923,080400,9,2024-10-22,0,0,0,84.0,7.0,,,,19.3,,,0,True,7562,2024년_딸기(킹스베리),2024-08-31,2025-06-15,52,289,0.17993079584775087,early,"[30, 60)"
10125,PF_0023923,080400,1,2024-10-29,0,0,0,70.0,4.0,,,,12.8,,,0,True,7562,2024년_딸기(킹스베리),2024-08-31,2025-06-15,59,289,0.2041522491349481,early,"[30, 60)"
10155,PF_0023923,080400,2,2024-10-29,0,0,0,105.0,4.0,,,,17.0,,,0,True,7562,2024년_딸기(킹스베리),2024-08-31,2025-06-15,59,289,0.2041522491349481,early,"[30, 60)"
10175,PF_0023923,080400,3,2024-10-29,0,0,0,100.0,4.0,,,,13.5,,,0,True,7562,2024년_딸기(킹스베리),2024-08-31,2025-06-15,59,289,0.2041522491349481,early,"[30, 60)"
10186,PF_0023923,080400,4,2024-10-29,0,0,0,83.0,4.0,,,,9.9,,,0,True,7562,2024년_딸기(킹스베리),2024-08-31,2025-06-15,59,289,0.2041522491349481,early,"[30, 60)"
10216,PF_0023923,080400,5,2024-10-29,0,0,0,88.0,5.0,,,,18.0,,,0,True,7562,2024년_딸기(킹스베리),2024-08-31,2025-06-15,59,289,0.2041522491349481,early,"[30, 60)"
10246,PF_0023923,080400,6,2024-10-29,0,0,0,92.0,4.0,,,,15.9,,,0,True,7562,2024년_딸기(킹스베리),2024-08-31,2025-06-15,59,289,0.2041522491349481,early,"[30, 60)"
10276,PF_0023923,080400,7,2024-10-29,0,0,0,100.0,5.0,,,,13.7,,,0,True,7562,2024년_딸기(킹스베리),2024-08-31,2025-06-15,59,289,0.2041522491349481,early,"[30, 60)"
10293,PF_0023923,080400,8,2024-10-29,0,0,0,114.0,5.0,,,,17.8,,,0,True,7562,2024년_딸기(킹스베리),2024-08-31,2025-06-15,59,289,0.2041522491349481,early,"[30, 60)"
10322,PF_0023923,080400,9,2024-10-29,0,0,0,106.0,4.0,,,,21.7,,,0,True,7562,2024년_딸기(킹스베리),2024-08-31,2025-06-15,59,289,0.2041522491349481,early,"[30, 60)"
10126,PF_0023923,080400,1,2024-11-05,0,0,0,73.0,5.0,,,,14.6,,,0,True,7562,2024년_딸기(킹스베리),2024-08-31,2025-06-15,66,289,0.22837370242214533,early,"[60, 90)"
10156,PF_0023923,080400,2,2024-11-05,0,0,0,105.0,5.0,,,,18.4,,,0,True,7562,2024년_딸기(킹스베리),2024-08-31,2025-06-15,66,289,0.22837370242214533,early,"[60, 90)"
10176,PF_0023923,080400,3,2024-11-05,0,0,0,103.0,5.0,,,,18.9,,,0,True,7562,2024년_딸기(킹스베리),2024-08-31,2025-06-15,66,289,0.22837370242214533,early,"[60, 90)"
10187,PF_0023923,080400,4,2024-11-05,0,0,0,67.0,5.0,,,,14.7,,,0,True,7562,2024년_딸기(킹스베리),2024-08-31,2025-06-15,66,289,0.22837370242214533,early,"[60, 90)"
10217,PF_0023923,080400,5,2024-11-05,0,0,0,88.0,6.0,,,,17.3,,,0,True,7562,2024년_딸기(킹스베리),2024-08-31,2025-06-15,66,289,0.22837370242214533,early,"[60, 90)"
10247,PF_0023923,080400,6,2024-11-05,0,0,0,115.0,5.0,,,,16.4,,,0,True,7562,2024년_딸기(킹스베리),2024-08-31,2025-06-15,66,289,0.22837370242214533,early,"[60, 90)"
10277,PF_0023923,080400,7,2024-11-05,0,0,0,89.0,6.0,,,,14.3,,,0,True,7562,2024년_딸기(킹스베리),2024-08-31,2025-06-15,66,289,0.22837370242214533,early,"[60, 90)"
10294,PF_0023923,080400,8,2024-11-05,0,0,0,115.0,6.0,,,,21.2,,,0,True,7562,2024년_딸기(킹스베리),2024-08-31,2025-06-15,66,289,0.22837370242214533,early,"[60, 90)"
10323,PF_0023923,080400,9,2024-11-05,0,0,0,105.0,5.0,,,,18.4,,,0,True,7562,2024년_딸기(킹스베리),2024-08-31,2025-06-15,66,289,0.22837370242214533,early,"[60, 90)"
10127,PF_0023923,080400,1,2024-11-12,0,0,0,76.0,4.0,,,,18.4,,,0,True,7562,2024년_딸기(킹스베리),2024-08-31,2025-06-15,73,289,0.25259515570934254,early,"[60, 90)"
10157,PF_0023923,080400,2,2024-11-12,0,0,0,104.0,5.0,,,,22.5,,,0,True,7562,2024년_딸기(킹스베리),2024-08-31,2025-06-15,73,289,0.25259515570934254,early,"[60, 90)"
10177,PF_0023923,080400,3,2024-11-12,0,0,0,104.0,5.0,,,,15.4,,,0,True,7562,2024년_딸기(킹스베리),2024-08-31,2025-06-15,73,289,0.25259515570934254,early,"[60, 90)"
10188,PF_0023923,080400,4,2024-11-12,0,0,0,71.0,7.0,,,,15.6,,,0,True,7562,2024년_딸기(킹스베리),2024-08-31,2025-06-15,73,289,0.25259515570934254,early,"[60, 90)"
10218,PF_0023923,080400,5,2024-11-12,0,0,0,89.0,6.0,,,,18.3,,,0,True,7562,2024년_딸기(킹스베리),2024-08-31,2025-06-15,73,289,0.25259515570934254,early,"[60, 90)"
10248,PF_0023923,080400,6,2024-11-12,0,0,0,93.0,5.0,,,,20.2,,,0,True,7562,2024년_딸기(킹스베리),2024-08-31,2025-06-15,73,289,0.25259515570934254,early,"[60, 90)"
10278,PF_0023923,080400,7,2024-11-12,0,0,0,70.0,3.0,,,,12.2,,,0,True,7562,2024년_딸기(킹스베리),2024-08-31,2025-06-15,73,289,0.25259515570934254,early,"[60, 90)"
10295,PF_0023923,080400,8,2024-11-12,0,0,0,118.0,6.0,,,,22.7,,,0,True,7562,2024년_딸기(킹스베리),2024-08-31,2025-06-15,73,289,0.25259515570934254,early,"[60, 90)"
10324,PF_0023923,080400,9,2024-11-12,0,0,0,110.0,5.0,,,,23.6,,,0,True,7562,2024년_딸기(킹스베리),2024-08-31,2025-06-15,73,289,0.25259515570934254,early,"[60, 90)"
10128,PF_0023923,080400,1,2024-11-19,0,0,0,74.0,5.0,,,,17.3,,,0,True,7562,2024년_딸기(킹스베리),2024-08-31,2025-06-15,80,289,0.2768166089965398,early,"[60, 90)"
10158,PF_0023923,080400,2,2024-11-19,0,0,0,101.0,6.0,,,,21.4,,,0,True,7562,2024년_딸기(킹스베리),2024-08-31,2025-06-15,80,289,0.2768166089965398,early,"[60, 90)"
10178,PF_0023923,080400,3,2024-11-19,0,0,0,101.0,7.0,,,,20.1,,,0,True,7562,2024년_딸기(킹스베리),2024-08-31,2025-06-15,80,289,0.2768166089965398,early,"[60, 90)"
10189,PF_0023923,080400,4,2024-11-19,0,0,0,70.0,6.0,,,,18.6,,,0,True,7562,2024년_딸기(킹스베리),2024-08-31,2025-06-15,80,289,0.2768166089965398,early,"[60, 90)"
10219,PF_0023923,080400,5,2024-11-19,0,0,0,87.0,6.0,,,,20.0,,,0,True,7562,2024년_딸기(킹스베리),2024-08-31,2025-06-15,80,289,0.2768166089965398,early,"[60, 90)"
10249,PF_0023923,080400,6,2024-11-19,0,0,0,110.0,6.0,,,,21.1,,,0,True,7562,2024년_딸기(킹스베리),2024-08-31,2025-06-15,80,289,0.2768166089965398,early,"[60, 90)"
10279,PF_0023923,080400,7,2024-11-19,0,0,0,0.0,0.0,,,,0.0,,,0,True,7562,2024년_딸기(킹스베리),2024-08-31,2025-06-15,80,289,0.2768166089965398,early,"[60, 90)"
10296,PF_0023923,080400,8,2024-11-19,0,0,0,113.0,7.0,,,,22.3,,,0,True,7562,2024년_딸기(킹스베리),2024-08-31,2025-06-15,80,289,0.2768166089965398,early,"[60, 90)"
10325,PF_0023923,080400,9,2024-11-19,0,0,0,105.0,6.0,,,,25.9,,,0,True,7562,2024년_딸기(킹스베리),2024-08-31,2025-06-15,80,289,0.2768166089965398,early,"[60, 90)"
10129,PF_0023923,080400,1,2024-11-26,2,0,0,87.0,7.0,,,,19.0,,,2,False,7562,2024년_딸기(킹스베리),2024-08-31,2025-06-15,87,289,0.30103806228373703,early,"[60, 90)"
10159,PF_0023923,080400,2,2024-11-26,1,0,0,83.0,6.0,,,,20.4,,,1,False,7562,2024년_딸기(킹스베리),2024-08-31,2025-06-15,87,289,0.30103806228373703,early,"[60, 90)"
10179,PF_0023923,080400,3,2024-11-26,3,0,0,106.0,7.0,,,,21.0,,,3,False,7562,2024년_딸기(킹스베리),2024-08-31,2025-06-15,87,289,0.30103806228373703,early,"[60, 90)"
10190,PF_0023923,080400,4,2024-11-26,0,0,0,82.0,8.0,,,,14.2,,,0,True,7562,2024년_딸기(킹스베리),2024-08-31,2025-06-15,87,289,0.30103806228373703,early,"[60, 90)"
10220,PF_0023923,080400,5,2024-11-26,1,0,0,88.0,7.0,,,,18.9,,,1,False,7562,2024년_딸기(킹스베리),2024-08-31,2025-06-15,87,289,0.30103806228373703,early,"[60, 90)"
10250,PF_0023923,080400,6,2024-11-26,2,0,0,101.0,7.0,,,,25.5,,,2,False,7562,2024년_딸기(킹스베리),2024-08-31,2025-06-15,87,289,0.30103806228373703,early,"[60, 90)"
10280,PF_0023923,080400,7,2024-11-26,0,0,0,92.0,4.0,,,,12.1,,,0,True,7562,2024년_딸기(킹스베리),2024-08-31,2025-06-15,87,289,0.30103806228373703,early,"[60, 90)"
10297,PF_0023923,080400,8,2024-11-26,1,0,0,75.0,7.0,,,,23.4,,,1,False,7562,2024년_딸기(킹스베리),2024-08-31,2025-06-15,87,289,0.30103806228373703,early,"[60, 90)"
10326,PF_0023923,080400,9,2024-11-26,2,0,0,97.0,5.0,,,,18.5,,,2,False,7562,2024년_딸기(킹스베리),2024-08-31,2025-06-15,87,289,0.30103806228373703,early,"[60, 90)"
10130,PF_0023923,080400,1,2024-12-03,5,0,0,91.0,8.0,,,,21.4,,,5,False,7562,2024년_딸기(킹스베리),2024-08-31,2025-06-15,94,289,0.32525951557093424,early,"[90, 120)"
10160,PF_0023923,080400,2,2024-12-03,4,0,0,105.0,12.0,,,,30.6,,,4,False,7562,2024년_딸기(킹스베리),2024-08-31,2025-06-15,94,289,0.32525951557093424,early,"[90, 120)"
10180,PF_0023923,080400,3,2024-12-03,7,0,0,107.0,6.0,,,,22.8,,,7,False,7562,2024년_딸기(킹스베리),2024-08-31,2025-06-15,94,289,0.32525951557093424,early,"[90, 120)"
10191,PF_0023923,080400,4,2024-12-03,0,0,0,106.0,10.0,,,,24.6,,,0,True,7562,2024년_딸기(킹스베리),2024-08-31,2025-06-15,94,289,0.32525951557093424,early,"[90, 120)"
10221,PF_0023923,080400,5,2024-12-03,6,0,0,103.0,7.0,,,,25.1,,,6,False,7562,2024년_딸기(킹스베리),2024-08-31,2025-06-15,94,289,0.32525951557093424,early,"[90, 120)"
10251,PF_0023923,080400,6,2024-12-03,7,0,0,110.0,9.0,,,,24.6,,,7,False,7562,2024년_딸기(킹스베리),2024-08-31,2025-06-15,94,289,0.32525951557093424,early,"[90, 120)"
10281,PF_0023923,080400,7,2024-12-03,0,0,0,91.0,5.0,,,,14.2,,,0,True,7562,2024년_딸기(킹스베리),2024-08-31,2025-06-15,94,289,0.32525951557093424,early,"[90, 120)"
10298,PF_0023923,080400,8,2024-12-03,4,0,0,88.0,8.0,,,,19.9,,,4,False,7562,2024년_딸기(킹스베리),2024-08-31,2025-06-15,94,289,0.32525951557093424,early,"[90, 120)"
10327,PF_0023923,080400,9,2024-12-03,6,0,0,95.0,6.0,,,,21.4,,,6,False,7562,2024년_딸기(킹스베리),2024-08-31,2025-06-15,94,289,0.32525951557093424,early,"[90, 120)"
10131,PF_0023923,080400,1,2024-12-09,9,0,0,94.0,8.0,,,,22.1,,,9,False,7562,2024년_딸기(킹스베리),2024-08-31,2025-06-15,100,289,0.3460207612456747,middle,"[90, 120)"
10161,PF_0023923,080400,2,2024-12-09,9,0,0,96.0,13.0,,,,31.8,,,9,False,7562,2024년_딸기(킹스베리),2024-08-31,2025-06-15,100,289,0.3460207612456747,middle,"[90, 120)"
10181,PF_0023923,080400,3,2024-12-09,10,0,0,107.0,8.0,,,,23.9,,,10,False,7562,2024년_딸기(킹스베리),2024-08-31,2025-06-15,100,289,0.3460207612456747,middle,"[90, 120)"
10192,PF_0023923,080400,4,2024-12-09,0,0,0,105.0,9.0,,,,26.2,,,0,True,7562,2024년_딸기(킹스베리),2024-08-31,2025-06-15,100,289,0.3460207612456747,middle,"[90, 120)"
10222,PF_0023923,080400,5,2024-12-09,9,0,0,91.0,8.0,,,,31.4,,,9,False,7562,2024년_딸기(킹스베리),2024-08-31,2025-06-15,100,289,0.3460207612456747,middle,"[90, 120)"
10252,PF_0023923,080400,6,2024-12-09,8,0,0,112.0,9.0,,,,31.5,,,8,False,7562,2024년_딸기(킹스베리),2024-08-31,2025-06-15,100,289,0.3460207612456747,middle,"[90, 120)"
10282,PF_0023923,080400,7,2024-12-09,0,0,0,79.0,6.0,,,,20.7,,,0,True,7562,2024년_딸기(킹스베리),2024-08-31,2025-06-15,100,289,0.3460207612456747,middle,"[90, 120)"
10299,PF_0023923,080400,8,2024-12-09,10,0,0,82.0,7.0,,,,18.3,,,10,False,7562,2024년_딸기(킹스베리),2024-08-31,2025-06-15,100,289,0.3460207612456747,middle,"[90, 120)"
10328,PF_0023923,080400,9,2024-12-09,9,0,0,108.0,7.0,,,,29.4,,,9,False,7562,2024년_딸기(킹스베리),2024-08-31,2025-06-15,100,289,0.3460207612456747,middle,"[90, 120)"
10132,PF_0023923,080400,1,2024-12-17,7,0,0,95.0,8.0,,,,24.1,,,7,False,7562,2024년_딸기(킹스베리),2024-08-31,2025-06-15,108,289,0.3737024221453287,middle,"[90, 120)"
10162,PF_0023923,080400,2,2024-12-17,8,0,0,110.0,12.0,,,,38.2,,,8,False,7562,2024년_딸기(킹스베리),2024-08-31,2025-06-15,108,289,0.3737024221453287,middle,"[90, 120)"
10193,PF_0023923,080400,4,2024-12-17,0,0,0,102.0,9.0,,,,23.5,,,0,True,7562,2024년_딸기(킹스베리),2024-08-31,2025-06-15,108,289,0.3737024221453287,middle,"[90, 120)"
10223,PF_0023923,080400,5,2024-12-17,8,0,0,92.0,8.0,,,,22.1,,,8,False,7562,2024년_딸기(킹스베리),2024-08-31,2025-06-15,108,289,0.3737024221453287,middle,"[90, 120)"
10253,PF_0023923,080400,6,2024-12-17,7,0,0,117.0,9.0,,,,26.5,,,7,False,7562,2024년_딸기(킹스베리),2024-08-31,2025-06-15,108,289,0.3737024221453287,middle,"[90, 120)"
10283,PF_0023923,080400,7,2024-12-17,0,0,0,88.0,6.0,,,,22.2,,,0,True,7562,2024년_딸기(킹스베리),2024-08-31,2025-06-15,108,289,0.3737024221453287,middle,"[90, 120)"
10300,PF_0023923,080400,8,2024-12-17,7,1,0,96.0,10.0,,,,30.1,,,8,False,7562,2024년_딸기(킹스베리),2024-08-31,2025-06-15,108,289,0.3737024221453287,middle,"[90, 120)"
10329,PF_0023923,080400,9,2024-12-17,7,0,0,91.0,5.0,,,,28.2,,,7,False,7562,2024년_딸기(킹스베리),2024-08-31,2025-06-15,108,289,0.3737024221453287,middle,"[90, 120)"
10133,PF_0023923,080400,1,2024-12-23,7,0,0,70.0,11.0,,,,24.2,,,7,False,7562,2024년_딸기(킹스베리),2024-08-31,2025-06-15,114,289,0.3944636678200692,middle,"[90, 120)"
10163,PF_0023923,080400,2,2024-12-23,8,1,0,112.0,18.0,,,,40.8,,,9,False,7562,2024년_딸기(킹스베리),2024-08-31,2025-06-15,114,289,0.3944636678200692,middle,"[90, 120)"
10194,PF_0023923,080400,4,2024-12-23,0,0,0,104.0,7.0,,,,30.7,,,0,True,7562,2024년_딸기(킹스베리),2024-08-31,2025-06-15,114,289,0.3944636678200692,middle,"[90, 120)"
10224,PF_0023923,080400,5,2024-12-23,8,0,0,99.0,7.0,,,,29.1,,,8,False,7562,2024년_딸기(킹스베리),2024-08-31,2025-06-15,114,289,0.3944636678200692,middle,"[90, 120)"
10254,PF_0023923,080400,6,2024-12-23,8,0,0,117.0,8.0,,,,30.8,,,8,False,7562,2024년_딸기(킹스베리),2024-08-31,2025-06-15,114,289,0.3944636678200692,middle,"[90, 120)"
10284,PF_0023923,080400,7,2024-12-23,0,0,0,88.0,6.0,,,,24.5,,,0,True,7562,2024년_딸기(킹스베리),2024-08-31,2025-06-15,114,289,0.3944636678200692,middle,"[90, 120)"
10301,PF_0023923,080400,8,2024-12-23,7,2,0,100.0,11.0,,,,23.5,,,9,False,7562,2024년_딸기(킹스베리),2024-08-31,2025-06-15,114,289,0.3944636678200692,middle,"[90, 120)"
10330,PF_0023923,080400,9,2024-12-23,7,0,0,97.0,8.0,,,,33.6,,,7,False,7562,2024년_딸기(킹스베리),2024-08-31,2025-06-15,114,289,0.3944636678200692,middle,"[90, 120)"
10134,PF_0023923,080400,1,2024-12-31,7,0,0,90.0,8.0,,,,24.2,,,7,False,7562,2024년_딸기(킹스베리),2024-08-31,2025-06-15,122,289,0.42214532871972316,middle,"[120, 150)"
10164,PF_0023923,080400,2,2024-12-31,8,3,0,110.0,14.0,,,,34.4,,,11,False,7562,2024년_딸기(킹스베리),2024-08-31,2025-06-15,122,289,0.42214532871972316,middle,"[120, 150)"
10195,PF_0023923,080400,4,2024-12-31,1,0,0,105.0,9.0,,,,34.1,,,1,False,7562,2024년_딸기(킹스베리),2024-08-31,2025-06-15,122,289,0.42214532871972316,middle,"[120, 150)"
10225,PF_0023923,080400,5,2024-12-31,8,0,0,101.0,8.0,,,,28.8,,,8,False,7562,2024년_딸기(킹스베리),2024-08-31,2025-06-15,122,289,0.42214532871972316,middle,"[120, 150)"
10255,PF_0023923,080400,6,2024-12-31,8,0,0,110.0,8.0,,,,31.4,,,8,False,7562,2024년_딸기(킹스베리),2024-08-31,2025-06-15,122,289,0.42214532871972316,middle,"[120, 150)"
10285,PF_0023923,080400,7,2024-12-31,0,0,0,83.0,8.0,,,,29.3,,,0,True,7562,2024년_딸기(킹스베리),2024-08-31,2025-06-15,122,289,0.42214532871972316,middle,"[120, 150)"
10302,PF_0023923,080400,8,2024-12-31,6,4,0,102.0,12.0,,,,27.8,,,10,False,7562,2024년_딸기(킹스베리),2024-08-31,2025-06-15,122,289,0.42214532871972316,middle,"[120, 150)"
10331,PF_0023923,080400,9,2024-12-31,7,0,0,97.0,7.0,,,,25.8,,,7,False,7562,2024년_딸기(킹스베리),2024-08-31,2025-06-15,122,289,0.42214532871972316,middle,"[120, 150)"
10135,PF_0023923,080400,1,2025-01-07,6,0,0,93.0,8.0,,,,24.0,,,6,False,7562,2024년_딸기(킹스베리),2024-08-31,2025-06-15,129,289,0.4463667820069204,middle,"[120, 150)"
10165,PF_0023923,080400,2,2025-01-07,5,0,0,75.0,8.0,,,,18.3,,,5,False,7562,2024년_딸기(킹스베리),2024-08-31,2025-06-15,129,289,0.4463667820069204,middle,"[120, 150)"
10196,PF_0023923,080400,4,2025-01-07,1,0,0,102.0,14.0,,,,28.4,,,1,False,7562,2024년_딸기(킹스베리),2024-08-31,2025-06-15,129,289,0.4463667820069204,middle,"[120, 150)"
10226,PF_0023923,080400,5,2025-01-07,8,0,0,95.0,8.0,,,,22.3,,,8,False,7562,2024년_딸기(킹스베리),2024-08-31,2025-06-15,129,289,0.4463667820069204,middle,"[120, 150)"
10256,PF_0023923,080400,6,2025-01-07,7,0,0,113.0,9.0,,,,29.7,,,7,False,7562,2024년_딸기(킹스베리),2024-08-31,2025-06-15,129,289,0.4463667820069204,middle,"[120, 150)"
10286,PF_0023923,080400,7,2025-01-07,0,0,0,91.0,9.0,,,,25.4,,,0,True,7562,2024년_딸기(킹스베리),2024-08-31,2025-06-15,129,289,0.4463667820069204,middle,"[120, 150)"
10303,PF_0023923,080400,8,2025-01-07,6,4,0,102.0,13.0,,,,31.2,,,10,False,7562,2024년_딸기(킹스베리),2024-08-31,2025-06-15,129,289,0.4463667820069204,middle,"[120, 150)"
10332,PF_0023923,080400,9,2025-01-07,7,0,0,99.0,7.0,,,,37.6,,,7,False,7562,2024년_딸기(킹스베리),2024-08-31,2025-06-15,129,289,0.4463667820069204,middle,"[120, 150)"
10136,PF_0023923,080400,1,2025-01-14,5,0,0,90.0,8.0,,,,21.5,,,5,False,7562,2024년_딸기(킹스베리),2024-08-31,2025-06-15,136,289,0.47058823529411764,middle,"[120, 150)"
10166,PF_0023923,080400,2,2025-01-14,5,0,0,83.0,10.0,,,,43.6,,,5,False,7562,2024년_딸기(킹스베리),2024-08-31,2025-06-15,136,289,0.47058823529411764,middle,"[120, 150)"
10197,PF_0023923,080400,4,2025-01-14,1,0,0,105.0,12.0,,,,25.4,,,1,False,7562,2024년_딸기(킹스베리),2024-08-31,2025-06-15,136,289,0.47058823529411764,middle,"[120, 150)"
10227,PF_0023923,080400,5,2025-01-14,4,0,0,100.0,9.0,,,,22.8,,,4,False,7562,2024년_딸기(킹스베리),2024-08-31,2025-06-15,136,289,0.47058823529411764,middle,"[120, 150)"
10257,PF_0023923,080400,6,2025-01-14,4,0,0,117.0,11.0,,,,24.2,,,4,False,7562,2024년_딸기(킹스베리),2024-08-31,2025-06-15,136,289,0.47058823529411764,middle,"[120, 150)"
10287,PF_0023923,080400,7,2025-01-14,0,0,0,90.0,10.0,,,,25.4,,,0,True,7562,2024년_딸기(킹스베리),2024-08-31,2025-06-15,136,289,0.47058823529411764,middle,"[120, 150)"
10304,PF_0023923,080400,8,2025-01-14,2,4,0,91.0,13.0,,,,19.9,,,6,False,7562,2024년_딸기(킹스베리),2024-08-31,2025-06-15,136,289,0.47058823529411764,middle,"[120, 150)"
10333,PF_0023923,080400,9,2025-01-14,4,5,0,100.0,7.0,,,,32.0,,,9,False,7562,2024년_딸기(킹스베리),2024-08-31,2025-06-15,136,289,0.47058823529411764,middle,"[120, 150)"
10137,PF_0023923,080400,1,2025-01-27,0,0,0,90.0,9.0,,,,26.4,,,0,True,7562,2024년_딸기(킹스베리),2024-08-31,2025-06-15,149,289,0.5155709342560554,middle,"[120, 150)"
10167,PF_0023923,080400,2,2025-01-27,4,0,0,78.0,14.0,,,,49.7,,,4,False,7562,2024년_딸기(킹스베리),2024-08-31,2025-06-15,149,289,0.5155709342560554,middle,"[120, 150)"
10198,PF_0023923,080400,4,2025-01-27,5,0,0,102.0,14.0,,,,29.2,,,5,False,7562,2024년_딸기(킹스베리),2024-08-31,2025-06-15,149,289,0.5155709342560554,middle,"[120, 150)"
10228,PF_0023923,080400,5,2025-01-27,0,0,0,102.0,7.0,,,,16.7,,,0,True,7562,2024년_딸기(킹스베리),2024-08-31,2025-06-15,149,289,0.5155709342560554,middle,"[120, 150)"
10258,PF_0023923,080400,6,2025-01-27,1,0,0,96.0,7.0,,,,24.0,,,1,False,7562,2024년_딸기(킹스베리),2024-08-31,2025-06-15,149,289,0.5155709342560554,middle,"[120, 150)"
10288,PF_0023923,080400,7,2025-01-27,0,0,0,99.0,7.0,,,,15.2,,,0,True,7562,2024년_딸기(킹스베리),2024-08-31,2025-06-15,149,289,0.5155709342560554,middle,"[120, 150)"
10305,PF_0023923,080400,8,2025-01-27,0,1,0,92.0,14.0,,,,29.8,,,1,False,7562,2024년_딸기(킹스베리),2024-08-31,2025-06-15,149,289,0.5155709342560554,middle,"[120, 150)"
10334,PF_0023923,080400,9,2025-01-27,0,5,0,101.0,8.0,,,,18.1,,,5,False,7562,2024년_딸기(킹스베리),2024-08-31,2025-06-15,149,289,0.5155709342560554,middle,"[120, 150)"
10138,PF_0023923,080400,1,2025-02-06,0,1,0,74.0,9.0,,,,18.2,,,1,False,7562,2024년_딸기(킹스베리),2024-08-31,2025-06-15,159,289,0.5501730103806228,middle,"[150, 180)"
10168,PF_0023923,080400,2,2025-02-06,4,0,0,68.0,8.0,,,,16.7,,,4,False,7562,2024년_딸기(킹스베리),2024-08-31,2025-06-15,159,289,0.5501730103806228,middle,"[150, 180)"
10199,PF_0023923,080400,4,2025-02-06,4,1,1,85.0,13.0,,,,31.0,,,6,False,7562,2024년_딸기(킹스베리),2024-08-31,2025-06-15,159,289,0.5501730103806228,middle,"[150, 180)"
10229,PF_0023923,080400,5,2025-02-06,0,0,0,105.0,10.0,,,,28.0,,,0,True,7562,2024년_딸기(킹스베리),2024-08-31,2025-06-15,159,289,0.5501730103806228,middle,"[150, 180)"
10259,PF_0023923,080400,6,2025-02-06,0,0,0,96.0,10.0,,,,24.4,,,0,True,7562,2024년_딸기(킹스베리),2024-08-31,2025-06-15,159,289,0.5501730103806228,middle,"[150, 180)"
10306,PF_0023923,080400,8,2025-02-06,0,2,0,97.0,9.0,,,,20.2,,,2,False,7562,2024년_딸기(킹스베리),2024-08-31,2025-06-15,159,289,0.5501730103806228,middle,"[150, 180)"
10335,PF_0023923,080400,9,2025-02-06,0,10,0,101.0,8.0,,,,20.5,,,10,False,7562,2024년_딸기(킹스베리),2024-08-31,2025-06-15,159,289,0.5501730103806228,middle,"[150, 180)"
10139,PF_0023923,080400,1,2025-02-11,0,2,0,65.0,10.0,,,,16.6,,,2,False,7562,2024년_딸기(킹스베리),2024-08-31,2025-06-15,164,289,0.5674740484429066,middle,"[150, 180)"
10169,PF_0023923,080400,2,2025-02-11,4,0,0,77.0,7.0,,,,15.6,,,4,False,7562,2024년_딸기(킹스베리),2024-08-31,2025-06-15,164,289,0.5674740484429066,middle,"[150, 180)"
10200,PF_0023923,080400,4,2025-02-11,5,3,2,82.0,16.0,,,,42.7,,,10,False,7562,2024년_딸기(킹스베리),2024-08-31,2025-06-15,164,289,0.5674740484429066,middle,"[150, 180)"
10230,PF_0023923,080400,5,2025-02-11,0,0,0,102.0,10.0,,,,29.5,,,0,True,7562,2024년_딸기(킹스베리),2024-08-31,2025-06-15,164,289,0.5674740484429066,middle,"[150, 180)"
10260,PF_0023923,080400,6,2025-02-11,0,0,0,71.0,7.0,,,,23.6,,,0,True,7562,2024년_딸기(킹스베리),2024-08-31,2025-06-15,164,289,0.5674740484429066,middle,"[150, 180)"
10307,PF_0023923,080400,8,2025-02-11,0,0,0,73.0,5.0,,,,20.2,,,0,True,7562,2024년_딸기(킹스베리),2024-08-31,2025-06-15,164,289,0.5674740484429066,middle,"[150, 180)"
10336,PF_0023923,080400,9,2025-02-11,0,5,0,103.0,9.0,,,,19.8,,,5,False,7562,2024년_딸기(킹스베리),2024-08-31,2025-06-15,164,289,0.5674740484429066,middle,"[150, 180)"
10140,PF_0023923,080400,1,2025-02-20,0,5,0,90.0,8.0,,,,17.5,,,5,False,7562,2024년_딸기(킹스베리),2024-08-31,2025-06-15,173,289,0.5986159169550173,middle,"[150, 180)"
10170,PF_0023923,080400,2,2025-02-20,0,0,0,80.0,7.0,,,,18.5,,,0,True,7562,2024년_딸기(킹스베리),2024-08-31,2025-06-15,173,289,0.5986159169550173,middle,"[150, 180)"
10201,PF_0023923,080400,4,2025-02-20,3,5,3,92.0,17.0,,,,28.5,,,11,False,7562,2024년_딸기(킹스베리),2024-08-31,2025-06-15,173,289,0.5986159169550173,middle,"[150, 180)"
10231,PF_0023923,080400,5,2025-02-20,0,3,0,88.0,11.0,,,,32.4,,,3,False,7562,2024년_딸기(킹스베리),2024-08-31,2025-06-15,173,289,0.5986159169550173,middle,"[150, 180)"
10261,PF_0023923,080400,6,2025-02-20,0,4,0,82.0,7.0,,,,26.2,,,4,False,7562,2024년_딸기(킹스베리),2024-08-31,2025-06-15,173,289,0.5986159169550173,middle,"[150, 180)"
10308,PF_0023923,080400,8,2025-02-20,0,0,1,101.0,5.0,,,,24.8,,,1,False,7562,2024년_딸기(킹스베리),2024-08-31,2025-06-15,173,289,0.5986159169550173,middle,"[150, 180)"
10337,PF_0023923,080400,9,2025-02-20,0,3,0,101.0,7.0,,,,17.0,,,3,False,7562,2024년_딸기(킹스베리),2024-08-31,2025-06-15,173,289,0.5986159169550173,middle,"[150, 180)"
10141,PF_0023923,080400,1,2025-02-28,0,3,0,95.0,10.0,,,,24.1,,,3,False,7562,2024년_딸기(킹스베리),2024-08-31,2025-06-15,181,289,0.6262975778546713,middle,"[180, 210)"
10202,PF_0023923,080400,4,2025-02-28,0,0,1,87.0,13.0,,,,34.5,,,1,False,7562,2024년_딸기(킹스베리),2024-08-31,2025-06-15,181,289,0.6262975778546713,middle,"[180, 210)"
10232,PF_0023923,080400,5,2025-02-28,0,5,0,103.0,10.0,,,,25.1,,,5,False,7562,2024년_딸기(킹스베리),2024-08-31,2025-06-15,181,289,0.6262975778546713,middle,"[180, 210)"
10262,PF_0023923,080400,6,2025-02-28,0,4,0,95.0,11.0,,,,17.2,,,4,False,7562,2024년_딸기(킹스베리),2024-08-31,2025-06-15,181,289,0.6262975778546713,middle,"[180, 210)"
10309,PF_0023923,080400,8,2025-02-28,0,0,5,90.0,7.0,,,,36.5,,,5,False,7562,2024년_딸기(킹스베리),2024-08-31,2025-06-15,181,289,0.6262975778546713,middle,"[180, 210)"
10338,PF_0023923,080400,9,2025-02-28,0,3,0,84.0,13.0,,,,41.4,,,3,False,7562,2024년_딸기(킹스베리),2024-08-31,2025-06-15,181,289,0.6262975778546713,middle,"[180, 210)"
10142,PF_0023923,080400,1,2025-03-06,0,0,11,96.0,10.0,,,,23.9,,,11,False,7562,2024년_딸기(킹스베리),2024-08-31,2025-06-15,187,289,0.6470588235294118,middle,"[180, 210)"
10203,PF_0023923,080400,4,2025-03-06,0,0,0,90.0,12.0,,,,35.2,,,0,True,7562,2024년_딸기(킹스베리),2024-08-31,2025-06-15,187,289,0.6470588235294118,middle,"[180, 210)"
10233,PF_0023923,080400,5,2025-03-06,0,0,3,101.0,11.0,,,,26.8,,,3,False,7562,2024년_딸기(킹스베리),2024-08-31,2025-06-15,187,289,0.6470588235294118,middle,"[180, 210)"
10263,PF_0023923,080400,6,2025-03-06,0,0,7,95.0,10.0,,,,17.0,,,7,False,7562,2024년_딸기(킹스베리),2024-08-31,2025-06-15,187,289,0.6470588235294118,middle,"[180, 210)"
10310,PF_0023923,080400,8,2025-03-06,0,0,5,93.0,8.0,,,,37.8,,,5,False,7562,2024년_딸기(킹스베리),2024-08-31,2025-06-15,187,289,0.6470588235294118,middle,"[180, 210)"
10339,PF_0023923,080400,9,2025-03-06,0,6,0,88.0,14.0,,,,41.9,,,6,False,7562,2024년_딸기(킹스베리),2024-08-31,2025-06-15,187,289,0.6470588235294118,middle,"[180, 210)"
10143,PF_0023923,080400,1,2025-03-14,0,0,0,125.0,11.0,,,,25.5,,,0,True,7562,2024년_딸기(킹스베리),2024-08-31,2025-06-15,195,289,0.6747404844290658,late,"[180, 210)"
10204,PF_0023923,080400,4,2025-03-14,0,0,0,100.0,10.0,,,,15.2,,,0,True,7562,2024년_딸기(킹스베리),2024-08-31,2025-06-15,195,289,0.6747404844290658,late,"[180, 210)"
10234,PF_0023923,080400,5,2025-03-14,0,0,3,115.0,7.0,,,,28.5,,,3,False,7562,2024년_딸기(킹스베리),2024-08-31,2025-06-15,195,289,0.6747404844290658,late,"[180, 210)"
10264,PF_0023923,080400,6,2025-03-14,0,0,4,120.0,9.0,,,,27.7,,,4,False,7562,2024년_딸기(킹스베리),2024-08-31,2025-06-15,195,289,0.6747404844290658,late,"[180, 210)"
10311,PF_0023923,080400,8,2025-03-14,0,0,2,118.0,9.0,,,,27.6,,,2,False,7562,2024년_딸기(킹스베리),2024-08-31,2025-06-15,195,289,0.6747404844290658,late,"[180, 210)"
10340,PF_0023923,080400,9,2025-03-14,0,4,4,111.0,14.0,,,,37.4,,,8,False,7562,2024년_딸기(킹스베리),2024-08-31,2025-06-15,195,289,0.6747404844290658,late,"[180, 210)"
10144,PF_0023923,080400,1,2025-03-20,0,0,0,124.0,11.0,,,,25.6,,,0,True,7562,2024년_딸기(킹스베리),2024-08-31,2025-06-15,201,289,0.6955017301038062,late,"[180, 210)"
10205,PF_0023923,080400,4,2025-03-20,0,0,0,101.0,10.0,,,,15.3,,,0,True,7562,2024년_딸기(킹스베리),2024-08-31,2025-06-15,201,289,0.6955017301038062,late,"[180, 210)"
10235,PF_0023923,080400,5,2025-03-20,0,0,4,117.0,9.0,,,,28.4,,,4,False,7562,2024년_딸기(킹스베리),2024-08-31,2025-06-15,201,289,0.6955017301038062,late,"[180, 210)"
10265,PF_0023923,080400,6,2025-03-20,0,0,2,122.0,9.0,,,,27.5,,,2,False,7562,2024년_딸기(킹스베리),2024-08-31,2025-06-15,201,289,0.6955017301038062,late,"[180, 210)"
10312,PF_0023923,080400,8,2025-03-20,0,0,3,117.0,11.0,,,,27.7,,,3,False,7562,2024년_딸기(킹스베리),2024-08-31,2025-06-15,201,289,0.6955017301038062,late,"[180, 210)"
10341,PF_0023923,080400,9,2025-03-20,0,3,2,110.0,15.0,,,,37.5,,,5,False,7562,2024년_딸기(킹스베리),2024-08-31,2025-06-15,201,289,0.6955017301038062,late,"[180, 210)"
10145,PF_0023923,080400,1,2025-03-28,0,0,0,126.0,12.0,,,,25.9,,,0,True,7562,2024년_딸기(킹스베리),2024-08-31,2025-06-15,209,289,0.7231833910034602,late,"[180, 210)"
10206,PF_0023923,080400,4,2025-03-28,0,0,0,103.0,11.0,,,,15.5,,,0,True,7562,2024년_딸기(킹스베리),2024-08-31,2025-06-15,209,289,0.7231833910034602,late,"[180, 210)"
10236,PF_0023923,080400,5,2025-03-28,0,0,0,119.0,10.0,,,,28.8,,,0,True,7562,2024년_딸기(킹스베리),2024-08-31,2025-06-15,209,289,0.7231833910034602,late,"[180, 210)"
10266,PF_0023923,080400,6,2025-03-28,0,0,3,124.0,10.0,,,,27.6,,,3,False,7562,2024년_딸기(킹스베리),2024-08-31,2025-06-15,209,289,0.7231833910034602,late,"[180, 210)"
10313,PF_0023923,080400,8,2025-03-28,0,0,0,118.0,12.0,,,,28.0,,,0,True,7562,2024년_딸기(킹스베리),2024-08-31,2025-06-15,209,289,0.7231833910034602,late,"[180, 210)"
10342,PF_0023923,080400,9,2025-03-28,0,0,3,111.0,13.0,,,,37.7,,,3,False,7562,2024년_딸기(킹스베리),2024-08-31,2025-06-15,209,289,0.7231833910034602,late,"[180, 210)"
10146,PF_0023923,080400,1,2025-04-04,0,0,0,127.0,13.0,,,,35.7,,,0,True,7562,2024년_딸기(킹스베리),2024-08-31,2025-06-15,216,289,0.7474048442906575,late,"[210, 240)"
10207,PF_0023923,080400,4,2025-04-04,0,0,0,104.0,12.0,,,,15.3,,,0,True,7562,2024년_딸기(킹스베리),2024-08-31,2025-06-15,216,289,0.7474048442906575,late,"[210, 240)"
10237,PF_0023923,080400,5,2025-04-04,0,0,0,121.0,11.0,,,,28.7,,,0,True,7562,2024년_딸기(킹스베리),2024-08-31,2025-06-15,216,289,0.7474048442906575,late,"[210, 240)"
10267,PF_0023923,080400,6,2025-04-04,0,0,0,125.0,12.0,,,,27.5,,,0,True,7562,2024년_딸기(킹스베리),2024-08-31,2025-06-15,216,289,0.7474048442906575,late,"[210, 240)"
10314,PF_0023923,080400,8,2025-04-04,0,0,0,120.0,12.0,,,,27.8,,,0,True,7562,2024년_딸기(킹스베리),2024-08-31,2025-06-15,216,289,0.7474048442906575,late,"[210, 240)"
10343,PF_0023923,080400,9,2025-04-04,0,0,0,113.0,14.0,,,,37.6,,,0,True,7562,2024년_딸기(킹스베리),2024-08-31,2025-06-15,216,289,0.7474048442906575,late,"[210, 240)"
10147,PF_0023923,080400,1,2025-04-10,0,0,0,128.0,12.0,,,,25.4,,,0,True,7562,2024년_딸기(킹스베리),2024-08-31,2025-06-15,222,289,0.7681660899653979,late,"[210, 240)"
10208,PF_0023923,080400,4,2025-04-10,0,0,0,107.0,13.0,,,,14.9,,,0,True,7562,2024년_딸기(킹스베리),2024-08-31,2025-06-15,222,289,0.7681660899653979,late,"[210, 240)"
10238,PF_0023923,080400,5,2025-04-10,0,0,0,123.0,12.0,,,,29.0,,,0,True,7562,2024년_딸기(킹스베리),2024-08-31,2025-06-15,222,289,0.7681660899653979,late,"[210, 240)"
10268,PF_0023923,080400,6,2025-04-10,0,0,0,127.0,13.0,,,,27.9,,,0,True,7562,2024년_딸기(킹스베리),2024-08-31,2025-06-15,222,289,0.7681660899653979,late,"[210, 240)"
10315,PF_0023923,080400,8,2025-04-10,0,0,0,123.0,13.0,,,,27.6,,,0,True,7562,2024년_딸기(킹스베리),2024-08-31,2025-06-15,222,289,0.7681660899653979,late,"[210, 240)"
10344,PF_0023923,080400,9,2025-04-10,0,0,0,114.0,14.0,,,,37.2,,,0,True,7562,2024년_딸기(킹스베리),2024-08-31,2025-06-15,222,289,0.7681660899653979,late,"[210, 240)"
10148,PF_0023923,080400,1,2025-04-19,0,0,0,128.0,11.0,,,,25.6,,,0,True,7562,2024년_딸기(킹스베리),2024-08-31,2025-06-15,231,289,0.7993079584775087,late,"[210, 240)"
10209,PF_0023923,080400,4,2025-04-19,0,0,0,106.0,12.0,,,,15.1,,,0,True,7562,2024년_딸기(킹스베리),2024-08-31,2025-06-15,231,289,0.7993079584775087,late,"[210, 240)"
10239,PF_0023923,080400,5,2025-04-19,0,0,0,122.0,11.0,,,,28.9,,,0,True,7562,2024년_딸기(킹스베리),2024-08-31,2025-06-15,231,289,0.7993079584775087,late,"[210, 240)"
10269,PF_0023923,080400,6,2025-04-19,0,0,0,126.0,12.0,,,,27.7,,,0,True,7562,2024년_딸기(킹스베리),2024-08-31,2025-06-15,231,289,0.7993079584775087,late,"[210, 240)"
10316,PF_0023923,080400,8,2025-04-19,0,0,0,122.0,12.0,,,,27.7,,,0,True,7562,2024년_딸기(킹스베리),2024-08-31,2025-06-15,231,289,0.7993079584775087,late,"[210, 240)"
10345,PF_0023923,080400,9,2025-04-19,0,0,0,114.0,12.0,,,,37.4,,,0,True,7562,2024년_딸기(킹스베리),2024-08-31,2025-06-15,231,289,0.7993079584775087,late,"[210, 240)"
10149,PF_0023923,080400,1,2025-04-26,0,0,0,113.0,10.0,,,,24.8,,,0,True,7562,2024년_딸기(킹스베리),2024-08-31,2025-06-15,238,289,0.8235294117647058,late,"[210, 240)"
10210,PF_0023923,080400,4,2025-04-26,0,0,0,104.0,12.0,,,,15.2,,,0,True,7562,2024년_딸기(킹스베리),2024-08-31,2025-06-15,238,289,0.8235294117647058,late,"[210, 240)"
10240,PF_0023923,080400,5,2025-04-26,0,0,0,99.0,10.0,,,,27.7,,,0,True,7562,2024년_딸기(킹스베리),2024-08-31,2025-06-15,238,289,0.8235294117647058,late,"[210, 240)"
10270,PF_0023923,080400,6,2025-04-26,0,0,0,143.0,11.0,,,,26.4,,,0,True,7562,2024년_딸기(킹스베리),2024-08-31,2025-06-15,238,289,0.8235294117647058,late,"[210, 240)"
10317,PF_0023923,080400,8,2025-04-26,0,0,0,90.0,11.0,,,,26.5,,,0,True,7562,2024년_딸기(킹스베리),2024-08-31,2025-06-15,238,289,0.8235294117647058,late,"[210, 240)"
10346,PF_0023923,080400,9,2025-04-26,0,0,0,138.0,11.0,,,,37.4,,,0,True,7562,2024년_딸기(킹스베리),2024-08-31,2025-06-15,238,289,0.8235294117647058,late,"[210, 240)"
10150,PF_0023923,080400,1,2025-04-30,0,0,0,147.0,9.0,,,,24.1,,,0,True,7562,2024년_딸기(킹스베리),2024-08-31,2025-06-15,242,289,0.8373702422145328,late,"[240, 270)"
10211,PF_0023923,080400,4,2025-04-30,0,0,0,122.0,12.0,,,,16.8,,,0,True,7562,2024년_딸기(킹스베리),2024-08-31,2025-06-15,242,289,0.8373702422145328,late,"[240, 270)"
10241,PF_0023923,080400,5,2025-04-30,0,0,0,103.0,10.0,,,,28.3,,,0,True,7562,2024년_딸기(킹스베리),2024-08-31,2025-06-15,242,289,0.8373702422145328,late,"[240, 270)"
10271,PF_0023923,080400,6,2025-04-30,0,0,0,141.0,11.0,,,,27.1,,,0,True,7562,2024년_딸기(킹스베리),2024-08-31,2025-06-15,242,289,0.8373702422145328,late,"[240, 270)"
10347,PF_0023923,080400,9,2025-04-30,0,0,0,125.0,10.0,,,,36.9,,,0,True,7562,2024년_딸기(킹스베리),2024-08-31,2025-06-15,242,289,0.8373702422145328,late,"[240, 270)"
28866,PF_0023923,080400,1,2026-04-09,0,0,0,107.0,10.0,,,,29.35,,,0,True,9036,2025년_딸기(킹스베리),2025-09-15,2026-06-15,206,274,0.7518248175182481,late,"[180, 210)"
28899,PF_0023923,080400,2,2026-04-09,0,0,1,110.0,12.0,,,,28.7,,,1,False,9036,2025년_딸기(킹스베리),2025-09-15,2026-06-15,206,274,0.7518248175182481,late,"[180, 210)"
28932,PF_0023923,080400,3,2026-04-09,0,0,0,125.0,16.0,,,,33.55,,,0,True,9036,2025년_딸기(킹스베리),2025-09-15,2026-06-15,206,274,0.7518248175182481,late,"[180, 210)"
28965,PF_0023923,080400,4,2026-04-09,0,0,2,132.0,13.0,,,,32.88,,,2,False,9036,2025년_딸기(킹스베리),2025-09-15,2026-06-15,206,274,0.7518248175182481,late,"[180, 210)"
28998,PF_0023923,080400,5,2026-04-09,0,0,0,149.0,14.0,,,,32.74,,,0,True,9036,2025년_딸기(킹스베리),2025-09-15,2026-06-15,206,274,0.7518248175182481,late,"[180, 210)"
29031,PF_0023923,080400,6,2026-04-09,0,0,0,100.0,12.0,,,,31.54,,,0,True,9036,2025년_딸기(킹스베리),2025-09-15,2026-06-15,206,274,0.7518248175182481,late,"[180, 210)"
29064,PF_0023923,080400,7,2026-04-09,0,0,0,119.0,16.0,,,,35.33,,,0,True,9036,2025년_딸기(킹스베리),2025-09-15,2026-06-15,206,274,0.7518248175182481,late,"[180, 210)"
29097,PF_0023923,080400,8,2026-04-09,0,0,0,149.0,11.0,,,,34.41,,,0,True,9036,2025년_딸기(킹스베리),2025-09-15,2026-06-15,206,274,0.7518248175182481,late,"[180, 210)"
29130,PF_0023923,080400,9,2026-04-09,0,0,1,123.0,14.0,,,,30.49,,,1,False,9036,2025년_딸기(킹스베리),2025-09-15,2026-06-15,206,274,0.7518248175182481,late,"[180, 210)"
28867,PF_0023923,080400,1,2026-04-16,0,0,0,97.0,10.0,,,,29.37,,,0,True,9036,2025년_딸기(킹스베리),2025-09-15,2026-06-15,213,274,0.7773722627737226,late,"[210, 240)"
28900,PF_0023923,080400,2,2026-04-16,0,0,0,107.0,10.0,,,,28.78,,,0,True,9036,2025년_딸기(킹스베리),2025-09-15,2026-06-15,213,274,0.7773722627737226,late,"[210, 240)"
28933,PF_0023923,080400,3,2026-04-16,0,0,0,126.0,17.0,,,,33.55,,,0,True,9036,2025년_딸기(킹스베리),2025-09-15,2026-06-15,213,274,0.7773722627737226,late,"[210, 240)"
28966,PF_0023923,080400,4,2026-04-16,0,0,0,124.0,8.0,,,,32.91,,,0,True,9036,2025년_딸기(킹스베리),2025-09-15,2026-06-15,213,274,0.7773722627737226,late,"[210, 240)"
28999,PF_0023923,080400,5,2026-04-16,0,0,0,130.0,13.0,,,,32.75,,,0,True,9036,2025년_딸기(킹스베리),2025-09-15,2026-06-15,213,274,0.7773722627737226,late,"[210, 240)"
29032,PF_0023923,080400,6,2026-04-16,0,0,0,104.0,15.0,,,,31.58,,,0,True,9036,2025년_딸기(킹스베리),2025-09-15,2026-06-15,213,274,0.7773722627737226,late,"[210, 240)"
29065,PF_0023923,080400,7,2026-04-16,0,0,0,90.0,10.0,,,,35.36,,,0,True,9036,2025년_딸기(킹스베리),2025-09-15,2026-06-15,213,274,0.7773722627737226,late,"[210, 240)"
29098,PF_0023923,080400,8,2026-04-16,0,0,0,104.0,13.0,,,,34.42,,,0,True,9036,2025년_딸기(킹스베리),2025-09-15,2026-06-15,213,274,0.7773722627737226,late,"[210, 240)"
29131,PF_0023923,080400,9,2026-04-16,0,0,0,134.0,7.0,,,,30.53,,,0,True,9036,2025년_딸기(킹스베리),2025-09-15,2026-06-15,213,274,0.7773722627737226,late,"[210, 240)"
28868,PF_0023923,080400,1,2026-04-23,0,0,0,97.0,16.0,,,,30.03,,,0,True,9036,2025년_딸기(킹스베리),2025-09-15,2026-06-15,220,274,0.8029197080291971,late,"[210, 240)"
28901,PF_0023923,080400,2,2026-04-23,0,0,0,100.0,13.0,,,,28.83,,,0,True,9036,2025년_딸기(킹스베리),2025-09-15,2026-06-15,220,274,0.8029197080291971,late,"[210, 240)"
28934,PF_0023923,080400,3,2026-04-23,0,0,0,135.0,16.0,,,,33.57,,,0,True,9036,2025년_딸기(킹스베리),2025-09-15,2026-06-15,220,274,0.8029197080291971,late,"[210, 240)"
28967,PF_0023923,080400,4,2026-04-23,0,0,0,114.0,9.0,,,,32.95,,,0,True,9036,2025년_딸기(킹스베리),2025-09-15,2026-06-15,220,274,0.8029197080291971,late,"[210, 240)"
29000,PF_0023923,080400,5,2026-04-23,0,0,0,145.0,12.0,,,,32.77,,,0,True,9036,2025년_딸기(킹스베리),2025-09-15,2026-06-15,220,274,0.8029197080291971,late,"[210, 240)"
29033,PF_0023923,080400,6,2026-04-23,0,0,0,113.0,15.0,,,,31.63,,,0,True,9036,2025년_딸기(킹스베리),2025-09-15,2026-06-15,220,274,0.8029197080291971,late,"[210, 240)"
29066,PF_0023923,080400,7,2026-04-23,0,0,0,97.0,11.0,,,,35.38,,,0,True,9036,2025년_딸기(킹스베리),2025-09-15,2026-06-15,220,274,0.8029197080291971,late,"[210, 240)"
29099,PF_0023923,080400,8,2026-04-23,0,0,0,122.0,13.0,,,,34.46,,,0,True,9036,2025년_딸기(킹스베리),2025-09-15,2026-06-15,220,274,0.8029197080291971,late,"[210, 240)"
29132,PF_0023923,080400,9,2026-04-23,0,0,0,138.0,11.0,,,,30.55,,,0,True,9036,2025년_딸기(킹스베리),2025-09-15,2026-06-15,220,274,0.8029197080291971,late,"[210, 240)"
28869,PF_0023923,080400,1,2026-04-30,0,0,0,103.0,14.0,,,,30.05,,,0,True,9036,2025년_딸기(킹스베리),2025-09-15,2026-06-15,227,274,0.8284671532846716,late,"[210, 240)"
28902,PF_0023923,080400,2,2026-04-30,0,0,0,110.0,12.0,,,,29.37,,,0,True,9036,2025년_딸기(킹스베리),2025-09-15,2026-06-15,227,274,0.8284671532846716,late,"[210, 240)"
28935,PF_0023923,080400,3,2026-04-30,0,0,0,124.0,25.0,,,,33.71,,,0,True,9036,2025년_딸기(킹스베리),2025-09-15,2026-06-15,227,274,0.8284671532846716,late,"[210, 240)"
28968,PF_0023923,080400,4,2026-04-30,0,0,0,125.0,17.0,,,,32.93,,,0,True,9036,2025년_딸기(킹스베리),2025-09-15,2026-06-15,227,274,0.8284671532846716,late,"[210, 240)"
29001,PF_0023923,080400,5,2026-04-30,0,0,0,128.0,16.0,,,,32.79,,,0,True,9036,2025년_딸기(킹스베리),2025-09-15,2026-06-15,227,274,0.8284671532846716,late,"[210, 240)"
29034,PF_0023923,080400,6,2026-04-30,0,0,0,102.0,12.0,,,,31.89,,,0,True,9036,2025년_딸기(킹스베리),2025-09-15,2026-06-15,227,274,0.8284671532846716,late,"[210, 240)"
29067,PF_0023923,080400,7,2026-04-30,0,0,0,82.0,12.0,,,,35.42,,,0,True,9036,2025년_딸기(킹스베리),2025-09-15,2026-06-15,227,274,0.8284671532846716,late,"[210, 240)"
29100,PF_0023923,080400,8,2026-04-30,0,0,0,123.0,9.0,,,,34.56,,,0,True,9036,2025년_딸기(킹스베리),2025-09-15,2026-06-15,227,274,0.8284671532846716,late,"[210, 240)"
29133,PF_0023923,080400,9,2026-04-30,0,0,0,112.0,7.0,,,,30.59,,,0,True,9036,2025년_딸기(킹스베리),2025-09-15,2026-06-15,227,274,0.8284671532846716,late,"[210, 240)"
28870,PF_0023923,080400,1,2026-05-07,0,0,0,113.0,15.0,,,,32.71,,,0,True,9036,2025년_딸기(킹스베리),2025-09-15,2026-06-15,234,274,0.8540145985401459,late,"[210, 240)"
28903,PF_0023923,080400,2,2026-05-07,0,0,0,120.0,12.0,,,,31.81,,,0,True,9036,2025년_딸기(킹스베리),2025-09-15,2026-06-15,234,274,0.8540145985401459,late,"[210, 240)"
28936,PF_0023923,080400,3,2026-05-07,0,0,0,140.0,25.0,,,,34.12,,,0,True,9036,2025년_딸기(킹스베리),2025-09-15,2026-06-15,234,274,0.8540145985401459,late,"[210, 240)"
28969,PF_0023923,080400,4,2026-05-07,0,0,0,120.0,13.0,,,,34.27,,,0,True,9036,2025년_딸기(킹스베리),2025-09-15,2026-06-15,234,274,0.8540145985401459,late,"[210, 240)"
29002,PF_0023923,080400,5,2026-05-07,0,0,0,,,,,,,,,0,True,9036,2025년_딸기(킹스베리),2025-09-15,2026-06-15,234,274,0.8540145985401459,late,"[210, 240)"
29035,PF_0023923,080400,6,2026-05-07,0,0,0,,,,,,,,,0,True,9036,2025년_딸기(킹스베리),2025-09-15,2026-06-15,234,274,0.8540145985401459,late,"[210, 240)"
29068,PF_0023923,080400,7,2026-05-07,0,0,0,108.0,12.0,,,,35.42,,,0,True,9036,2025년_딸기(킹스베리),2025-09-15,2026-06-15,234,274,0.8540145985401459,late,"[210, 240)"
29101,PF_0023923,080400,8,2026-05-07,0,0,0,113.0,10.0,,,,34.56,,,0,True,9036,2025년_딸기(킹스베리),2025-09-15,2026-06-15,234,274,0.8540145985401459,late,"[210, 240)"
29134,PF_0023923,080400,9,2026-05-07,0,0,0,,,,,,,,,0,True,9036,2025년_딸기(킹스베리),2025-09-15,2026-06-15,234,274,0.8540145985401459,late,"[210, 240)"
10843,PF_0024357,080400,1,2024-10-03,0,0,0,85.0,5.0,,,,13.5,,,0,True,7560,2024년_딸기(설향),2024-09-09,2025-05-31,24,265,0.09056603773584905,early,"[0, 30)"
10873,PF_0024357,080400,2,2024-10-03,0,0,0,75.0,5.0,,,,11.68,,,0,True,7560,2024년_딸기(설향),2024-09-09,2025-05-31,24,265,0.09056603773584905,early,"[0, 30)"
10903,PF_0024357,080400,3,2024-10-03,0,0,0,76.0,6.0,,,,13.0,,,0,True,7560,2024년_딸기(설향),2024-09-09,2025-05-31,24,265,0.09056603773584905,early,"[0, 30)"
10930,PF_0024357,080400,4,2024-10-03,0,0,0,92.0,5.0,,,,10.87,,,0,True,7560,2024년_딸기(설향),2024-09-09,2025-05-31,24,265,0.09056603773584905,early,"[0, 30)"
10960,PF_0024357,080400,5,2024-10-03,0,0,0,77.0,5.0,,,,14.3,,,0,True,7560,2024년_딸기(설향),2024-09-09,2025-05-31,24,265,0.09056603773584905,early,"[0, 30)"
10990,PF_0024357,080400,6,2024-10-03,0,0,0,87.0,5.0,,,,13.2,,,0,True,7560,2024년_딸기(설향),2024-09-09,2025-05-31,24,265,0.09056603773584905,early,"[0, 30)"
11020,PF_0024357,080400,7,2024-10-03,0,0,0,82.0,4.0,,,,11.0,,,0,True,7560,2024년_딸기(설향),2024-09-09,2025-05-31,24,265,0.09056603773584905,early,"[0, 30)"
11050,PF_0024357,080400,8,2024-10-03,0,0,0,73.0,5.0,,,,11.1,,,0,True,7560,2024년_딸기(설향),2024-09-09,2025-05-31,24,265,0.09056603773584905,early,"[0, 30)"
11072,PF_0024357,080400,9,2024-10-03,0,0,0,91.0,5.0,,,,11.6,,,0,True,7560,2024년_딸기(설향),2024-09-09,2025-05-31,24,265,0.09056603773584905,early,"[0, 30)"
10844,PF_0024357,080400,1,2024-10-08,0,0,0,91.0,3.0,,,,14.8,,,0,True,7560,2024년_딸기(설향),2024-09-09,2025-05-31,29,265,0.10943396226415095,early,"[0, 30)"
10874,PF_0024357,080400,2,2024-10-08,0,0,0,89.0,2.0,,,,12.7,,,0,True,7560,2024년_딸기(설향),2024-09-09,2025-05-31,29,265,0.10943396226415095,early,"[0, 30)"
10904,PF_0024357,080400,3,2024-10-08,0,0,0,97.0,3.0,,,,11.5,,,0,True,7560,2024년_딸기(설향),2024-09-09,2025-05-31,29,265,0.10943396226415095,early,"[0, 30)"
10931,PF_0024357,080400,4,2024-10-08,0,0,0,104.0,4.0,,,,14.1,,,0,True,7560,2024년_딸기(설향),2024-09-09,2025-05-31,29,265,0.10943396226415095,early,"[0, 30)"
10961,PF_0024357,080400,5,2024-10-08,0,0,0,94.0,2.0,,,,10.2,,,0,True,7560,2024년_딸기(설향),2024-09-09,2025-05-31,29,265,0.10943396226415095,early,"[0, 30)"
10991,PF_0024357,080400,6,2024-10-08,0,0,0,100.0,4.0,,,,11.9,,,0,True,7560,2024년_딸기(설향),2024-09-09,2025-05-31,29,265,0.10943396226415095,early,"[0, 30)"
11021,PF_0024357,080400,7,2024-10-08,0,0,0,91.0,2.0,,,,10.7,,,0,True,7560,2024년_딸기(설향),2024-09-09,2025-05-31,29,265,0.10943396226415095,early,"[0, 30)"
11051,PF_0024357,080400,8,2024-10-08,0,0,0,93.0,4.0,,,,9.4,,,0,True,7560,2024년_딸기(설향),2024-09-09,2025-05-31,29,265,0.10943396226415095,early,"[0, 30)"
11073,PF_0024357,080400,9,2024-10-08,0,0,0,98.0,4.0,,,,11.4,,,0,True,7560,2024년_딸기(설향),2024-09-09,2025-05-31,29,265,0.10943396226415095,early,"[0, 30)"
10845,PF_0024357,080400,1,2024-10-15,0,0,0,150.0,4.0,,,,16.8,,,0,True,7560,2024년_딸기(설향),2024-09-09,2025-05-31,36,265,0.13584905660377358,early,"[30, 60)"
10875,PF_0024357,080400,2,2024-10-15,0,0,0,92.0,3.0,,,,12.5,,,0,True,7560,2024년_딸기(설향),2024-09-09,2025-05-31,36,265,0.13584905660377358,early,"[30, 60)"
10905,PF_0024357,080400,3,2024-10-15,0,0,0,101.0,4.0,,,,10.9,,,0,True,7560,2024년_딸기(설향),2024-09-09,2025-05-31,36,265,0.13584905660377358,early,"[30, 60)"
10932,PF_0024357,080400,4,2024-10-15,0,0,0,45.0,6.0,,,,13.8,,,0,True,7560,2024년_딸기(설향),2024-09-09,2025-05-31,36,265,0.13584905660377358,early,"[30, 60)"
10962,PF_0024357,080400,5,2024-10-15,0,0,0,100.0,4.0,,,,11.3,,,0,True,7560,2024년_딸기(설향),2024-09-09,2025-05-31,36,265,0.13584905660377358,early,"[30, 60)"
10992,PF_0024357,080400,6,2024-10-15,0,0,0,107.0,5.0,,,,17.1,,,0,True,7560,2024년_딸기(설향),2024-09-09,2025-05-31,36,265,0.13584905660377358,early,"[30, 60)"
11022,PF_0024357,080400,7,2024-10-15,0,0,0,97.0,3.0,,,,17.3,,,0,True,7560,2024년_딸기(설향),2024-09-09,2025-05-31,36,265,0.13584905660377358,early,"[30, 60)"
11052,PF_0024357,080400,8,2024-10-15,0,0,0,110.0,5.0,,,,14.1,,,0,True,7560,2024년_딸기(설향),2024-09-09,2025-05-31,36,265,0.13584905660377358,early,"[30, 60)"
11074,PF_0024357,080400,9,2024-10-15,0,0,0,101.0,5.0,,,,17.5,,,0,True,7560,2024년_딸기(설향),2024-09-09,2025-05-31,36,265,0.13584905660377358,early,"[30, 60)"
10846,PF_0024357,080400,1,2024-10-22,0,0,0,100.0,4.0,,,,20.4,,,0,True,7560,2024년_딸기(설향),2024-09-09,2025-05-31,43,265,0.16226415094339622,early,"[30, 60)"
10876,PF_0024357,080400,2,2024-10-22,0,0,0,90.0,4.0,,,,17.2,,,0,True,7560,2024년_딸기(설향),2024-09-09,2025-05-31,43,265,0.16226415094339622,early,"[30, 60)"
10906,PF_0024357,080400,3,2024-10-22,0,0,0,107.0,5.0,,,,15.8,,,0,True,7560,2024년_딸기(설향),2024-09-09,2025-05-31,43,265,0.16226415094339622,early,"[30, 60)"
10933,PF_0024357,080400,4,2024-10-22,0,0,0,103.0,6.0,,,,19.4,,,0,True,7560,2024년_딸기(설향),2024-09-09,2025-05-31,43,265,0.16226415094339622,early,"[30, 60)"
10963,PF_0024357,080400,5,2024-10-22,0,0,0,94.0,4.0,,,,11.8,,,0,True,7560,2024년_딸기(설향),2024-09-09,2025-05-31,43,265,0.16226415094339622,early,"[30, 60)"
10993,PF_0024357,080400,6,2024-10-22,0,0,0,106.0,5.0,,,,18.6,,,0,True,7560,2024년_딸기(설향),2024-09-09,2025-05-31,43,265,0.16226415094339622,early,"[30, 60)"
11023,PF_0024357,080400,7,2024-10-22,0,0,0,103.0,4.0,,,,14.2,,,0,True,7560,2024년_딸기(설향),2024-09-09,2025-05-31,43,265,0.16226415094339622,early,"[30, 60)"
11053,PF_0024357,080400,8,2024-10-22,0,0,0,106.0,5.0,,,,19.6,,,0,True,7560,2024년_딸기(설향),2024-09-09,2025-05-31,43,265,0.16226415094339622,early,"[30, 60)"
11075,PF_0024357,080400,9,2024-10-22,0,0,0,94.0,5.0,,,,20.9,,,0,True,7560,2024년_딸기(설향),2024-09-09,2025-05-31,43,265,0.16226415094339622,early,"[30, 60)"
10847,PF_0024357,080400,1,2024-10-29,1,0,0,113.0,5.0,,,,13.8,,,1,False,7560,2024년_딸기(설향),2024-09-09,2025-05-31,50,265,0.18867924528301888,early,"[30, 60)"
10877,PF_0024357,080400,2,2024-10-29,1,0,0,103.0,5.0,,,,19.1,,,1,False,7560,2024년_딸기(설향),2024-09-09,2025-05-31,50,265,0.18867924528301888,early,"[30, 60)"
10907,PF_0024357,080400,3,2024-10-29,1,0,0,126.0,7.0,,,,15.6,,,1,False,7560,2024년_딸기(설향),2024-09-09,2025-05-31,50,265,0.18867924528301888,early,"[30, 60)"
10934,PF_0024357,080400,4,2024-10-29,1,0,0,120.0,7.0,,,,19.5,,,1,False,7560,2024년_딸기(설향),2024-09-09,2025-05-31,50,265,0.18867924528301888,early,"[30, 60)"
10964,PF_0024357,080400,5,2024-10-29,1,0,0,114.0,5.0,,,,15.8,,,1,False,7560,2024년_딸기(설향),2024-09-09,2025-05-31,50,265,0.18867924528301888,early,"[30, 60)"
10994,PF_0024357,080400,6,2024-10-29,0,0,0,118.0,7.0,,,,19.4,,,0,True,7560,2024년_딸기(설향),2024-09-09,2025-05-31,50,265,0.18867924528301888,early,"[30, 60)"
11024,PF_0024357,080400,7,2024-10-29,2,0,0,110.0,5.0,,,,17.5,,,2,False,7560,2024년_딸기(설향),2024-09-09,2025-05-31,50,265,0.18867924528301888,early,"[30, 60)"
11054,PF_0024357,080400,8,2024-10-29,1,0,0,117.0,6.0,,,,19.1,,,1,False,7560,2024년_딸기(설향),2024-09-09,2025-05-31,50,265,0.18867924528301888,early,"[30, 60)"
11076,PF_0024357,080400,9,2024-10-29,0,0,0,115.0,7.0,,,,20.9,,,0,True,7560,2024년_딸기(설향),2024-09-09,2025-05-31,50,265,0.18867924528301888,early,"[30, 60)"
10848,PF_0024357,080400,1,2024-11-05,6,0,0,121.0,6.0,,,,17.6,,,6,False,7560,2024년_딸기(설향),2024-09-09,2025-05-31,57,265,0.21509433962264152,early,"[30, 60)"
10878,PF_0024357,080400,2,2024-11-05,7,0,0,120.0,6.0,,,,19.4,,,7,False,7560,2024년_딸기(설향),2024-09-09,2025-05-31,57,265,0.21509433962264152,early,"[30, 60)"
10908,PF_0024357,080400,3,2024-11-05,7,0,0,131.0,8.0,,,,21.4,,,7,False,7560,2024년_딸기(설향),2024-09-09,2025-05-31,57,265,0.21509433962264152,early,"[30, 60)"
10935,PF_0024357,080400,4,2024-11-05,3,0,0,138.0,7.0,,,,20.0,,,3,False,7560,2024년_딸기(설향),2024-09-09,2025-05-31,57,265,0.21509433962264152,early,"[30, 60)"
10965,PF_0024357,080400,5,2024-11-05,5,0,0,122.0,6.0,,,,19.4,,,5,False,7560,2024년_딸기(설향),2024-09-09,2025-05-31,57,265,0.21509433962264152,early,"[30, 60)"
10995,PF_0024357,080400,6,2024-11-05,5,0,0,142.0,7.0,,,,20.3,,,5,False,7560,2024년_딸기(설향),2024-09-09,2025-05-31,57,265,0.21509433962264152,early,"[30, 60)"
11025,PF_0024357,080400,7,2024-11-05,4,0,0,128.0,6.0,,,,17.2,,,4,False,7560,2024년_딸기(설향),2024-09-09,2025-05-31,57,265,0.21509433962264152,early,"[30, 60)"
11055,PF_0024357,080400,8,2024-11-05,0,0,0,148.0,7.0,,,,19.9,,,0,True,7560,2024년_딸기(설향),2024-09-09,2025-05-31,57,265,0.21509433962264152,early,"[30, 60)"
11077,PF_0024357,080400,9,2024-11-05,3,0,0,105.0,9.0,,,,15.1,,,3,False,7560,2024년_딸기(설향),2024-09-09,2025-05-31,57,265,0.21509433962264152,early,"[30, 60)"
10849,PF_0024357,080400,1,2024-11-12,7,0,0,124.0,5.0,,,,24.2,,,7,False,7560,2024년_딸기(설향),2024-09-09,2025-05-31,64,265,0.24150943396226415,early,"[60, 90)"
10879,PF_0024357,080400,2,2024-11-12,11,0,0,122.0,6.0,,,,16.8,,,11,False,7560,2024년_딸기(설향),2024-09-09,2025-05-31,64,265,0.24150943396226415,early,"[60, 90)"
10909,PF_0024357,080400,3,2024-11-12,10,0,0,132.0,7.0,,,,17.2,,,10,False,7560,2024년_딸기(설향),2024-09-09,2025-05-31,64,265,0.24150943396226415,early,"[60, 90)"
10936,PF_0024357,080400,4,2024-11-12,6,0,0,151.0,7.0,,,,22.4,,,6,False,7560,2024년_딸기(설향),2024-09-09,2025-05-31,64,265,0.24150943396226415,early,"[60, 90)"
10966,PF_0024357,080400,5,2024-11-12,7,0,0,131.0,7.0,,,,19.1,,,7,False,7560,2024년_딸기(설향),2024-09-09,2025-05-31,64,265,0.24150943396226415,early,"[60, 90)"
10996,PF_0024357,080400,6,2024-11-12,8,0,0,125.0,8.0,,,,21.5,,,8,False,7560,2024년_딸기(설향),2024-09-09,2025-05-31,64,265,0.24150943396226415,early,"[60, 90)"
11026,PF_0024357,080400,7,2024-11-12,6,0,0,134.0,7.0,,,,21.4,,,6,False,7560,2024년_딸기(설향),2024-09-09,2025-05-31,64,265,0.24150943396226415,early,"[60, 90)"
11056,PF_0024357,080400,8,2024-11-12,8,0,0,143.0,7.0,,,,18.0,,,8,False,7560,2024년_딸기(설향),2024-09-09,2025-05-31,64,265,0.24150943396226415,early,"[60, 90)"
11078,PF_0024357,080400,9,2024-11-12,8,0,0,122.0,7.0,,,,25.6,,,8,False,7560,2024년_딸기(설향),2024-09-09,2025-05-31,64,265,0.24150943396226415,early,"[60, 90)"
10850,PF_0024357,080400,1,2024-11-19,11,0,0,130.0,8.0,,,,19.8,,,11,False,7560,2024년_딸기(설향),2024-09-09,2025-05-31,71,265,0.2679245283018868,early,"[60, 90)"
10880,PF_0024357,080400,2,2024-11-19,14,0,0,124.0,7.0,,,,15.5,,,14,False,7560,2024년_딸기(설향),2024-09-09,2025-05-31,71,265,0.2679245283018868,early,"[60, 90)"
10910,PF_0024357,080400,3,2024-11-19,12,0,0,135.0,9.0,,,,18.6,,,12,False,7560,2024년_딸기(설향),2024-09-09,2025-05-31,71,265,0.2679245283018868,early,"[60, 90)"
10937,PF_0024357,080400,4,2024-11-19,11,0,0,148.0,8.0,,,,26.8,,,11,False,7560,2024년_딸기(설향),2024-09-09,2025-05-31,71,265,0.2679245283018868,early,"[60, 90)"
10967,PF_0024357,080400,5,2024-11-19,11,0,0,136.0,8.0,,,,23.5,,,11,False,7560,2024년_딸기(설향),2024-09-09,2025-05-31,71,265,0.2679245283018868,early,"[60, 90)"
10997,PF_0024357,080400,6,2024-11-19,13,0,0,131.0,9.0,,,,25.5,,,13,False,7560,2024년_딸기(설향),2024-09-09,2025-05-31,71,265,0.2679245283018868,early,"[60, 90)"
11027,PF_0024357,080400,7,2024-11-19,7,0,0,136.0,8.0,,,,25.0,,,7,False,7560,2024년_딸기(설향),2024-09-09,2025-05-31,71,265,0.2679245283018868,early,"[60, 90)"
11057,PF_0024357,080400,8,2024-11-19,10,0,0,139.0,7.0,,,,26.4,,,10,False,7560,2024년_딸기(설향),2024-09-09,2025-05-31,71,265,0.2679245283018868,early,"[60, 90)"
11079,PF_0024357,080400,9,2024-11-19,13,0,0,127.0,8.0,,,,26.8,,,13,False,7560,2024년_딸기(설향),2024-09-09,2025-05-31,71,265,0.2679245283018868,early,"[60, 90)"
10851,PF_0024357,080400,1,2024-11-26,15,0,0,133.0,7.0,,,,20.3,,,15,False,7560,2024년_딸기(설향),2024-09-09,2025-05-31,78,265,0.2943396226415094,early,"[60, 90)"
10881,PF_0024357,080400,2,2024-11-26,13,0,0,119.0,6.0,,,,21.3,,,13,False,7560,2024년_딸기(설향),2024-09-09,2025-05-31,78,265,0.2943396226415094,early,"[60, 90)"
10911,PF_0024357,080400,3,2024-11-26,11,0,0,140.0,8.0,,,,21.0,,,11,False,7560,2024년_딸기(설향),2024-09-09,2025-05-31,78,265,0.2943396226415094,early,"[60, 90)"
10938,PF_0024357,080400,4,2024-11-26,14,0,0,157.0,8.0,,,,27.0,,,14,False,7560,2024년_딸기(설향),2024-09-09,2025-05-31,78,265,0.2943396226415094,early,"[60, 90)"
10968,PF_0024357,080400,5,2024-11-26,10,0,0,132.0,7.0,,,,20.4,,,10,False,7560,2024년_딸기(설향),2024-09-09,2025-05-31,78,265,0.2943396226415094,early,"[60, 90)"
10998,PF_0024357,080400,6,2024-11-26,13,0,0,137.0,6.0,,,,24.6,,,13,False,7560,2024년_딸기(설향),2024-09-09,2025-05-31,78,265,0.2943396226415094,early,"[60, 90)"
11028,PF_0024357,080400,7,2024-11-26,7,0,0,125.0,6.0,,,,21.3,,,7,False,7560,2024년_딸기(설향),2024-09-09,2025-05-31,78,265,0.2943396226415094,early,"[60, 90)"
11058,PF_0024357,080400,8,2024-11-26,13,0,0,154.0,9.0,,,,23.7,,,13,False,7560,2024년_딸기(설향),2024-09-09,2025-05-31,78,265,0.2943396226415094,early,"[60, 90)"
11080,PF_0024357,080400,9,2024-11-26,11,0,0,131.0,6.0,,,,21.1,,,11,False,7560,2024년_딸기(설향),2024-09-09,2025-05-31,78,265,0.2943396226415094,early,"[60, 90)"
10852,PF_0024357,080400,1,2024-12-03,12,0,0,136.0,7.0,,,,20.8,,,12,False,7560,2024년_딸기(설향),2024-09-09,2025-05-31,85,265,0.32075471698113206,early,"[60, 90)"
10882,PF_0024357,080400,2,2024-12-03,10,0,0,129.0,6.0,,,,17.9,,,10,False,7560,2024년_딸기(설향),2024-09-09,2025-05-31,85,265,0.32075471698113206,early,"[60, 90)"
10912,PF_0024357,080400,3,2024-12-03,10,0,0,120.0,8.0,,,,21.4,,,10,False,7560,2024년_딸기(설향),2024-09-09,2025-05-31,85,265,0.32075471698113206,early,"[60, 90)"
10939,PF_0024357,080400,4,2024-12-03,10,0,0,155.0,9.0,,,,32.7,,,10,False,7560,2024년_딸기(설향),2024-09-09,2025-05-31,85,265,0.32075471698113206,early,"[60, 90)"
10969,PF_0024357,080400,5,2024-12-03,8,0,0,134.0,8.0,,,,27.2,,,8,False,7560,2024년_딸기(설향),2024-09-09,2025-05-31,85,265,0.32075471698113206,early,"[60, 90)"
10999,PF_0024357,080400,6,2024-12-03,12,0,0,138.0,8.0,,,,30.1,,,12,False,7560,2024년_딸기(설향),2024-09-09,2025-05-31,85,265,0.32075471698113206,early,"[60, 90)"
11029,PF_0024357,080400,7,2024-12-03,5,0,0,125.0,7.0,,,,25.5,,,5,False,7560,2024년_딸기(설향),2024-09-09,2025-05-31,85,265,0.32075471698113206,early,"[60, 90)"
11059,PF_0024357,080400,8,2024-12-03,12,0,0,145.0,7.0,,,,30.1,,,12,False,7560,2024년_딸기(설향),2024-09-09,2025-05-31,85,265,0.32075471698113206,early,"[60, 90)"
11081,PF_0024357,080400,9,2024-12-03,9,0,0,132.0,7.0,,,,18.5,,,9,False,7560,2024년_딸기(설향),2024-09-09,2025-05-31,85,265,0.32075471698113206,early,"[60, 90)"
10853,PF_0024357,080400,1,2024-12-10,10,0,0,136.0,8.0,,,,26.8,,,10,False,7560,2024년_딸기(설향),2024-09-09,2025-05-31,92,265,0.3471698113207547,middle,"[90, 120)"
10883,PF_0024357,080400,2,2024-12-10,9,1,0,123.0,7.0,,,,21.3,,,10,False,7560,2024년_딸기(설향),2024-09-09,2025-05-31,92,265,0.3471698113207547,middle,"[90, 120)"
10913,PF_0024357,080400,3,2024-12-10,6,0,0,118.0,9.0,,,,27.5,,,6,False,7560,2024년_딸기(설향),2024-09-09,2025-05-31,92,265,0.3471698113207547,middle,"[90, 120)"
10940,PF_0024357,080400,4,2024-12-10,14,0,0,140.0,7.0,,,,30.3,,,14,False,7560,2024년_딸기(설향),2024-09-09,2025-05-31,92,265,0.3471698113207547,middle,"[90, 120)"
10970,PF_0024357,080400,5,2024-12-10,6,1,0,113.0,7.0,,,,30.6,,,7,False,7560,2024년_딸기(설향),2024-09-09,2025-05-31,92,265,0.3471698113207547,middle,"[90, 120)"
11000,PF_0024357,080400,6,2024-12-10,10,0,0,156.0,8.0,,,,29.5,,,10,False,7560,2024년_딸기(설향),2024-09-09,2025-05-31,92,265,0.3471698113207547,middle,"[90, 120)"
11030,PF_0024357,080400,7,2024-12-10,3,0,0,122.0,7.0,,,,23.1,,,3,False,7560,2024년_딸기(설향),2024-09-09,2025-05-31,92,265,0.3471698113207547,middle,"[90, 120)"
11060,PF_0024357,080400,8,2024-12-10,9,0,0,150.0,7.0,,,,29.8,,,9,False,7560,2024년_딸기(설향),2024-09-09,2025-05-31,92,265,0.3471698113207547,middle,"[90, 120)"
11082,PF_0024357,080400,9,2024-12-10,9,0,0,135.0,8.0,,,,19.7,,,9,False,7560,2024년_딸기(설향),2024-09-09,2025-05-31,92,265,0.3471698113207547,middle,"[90, 120)"
10854,PF_0024357,080400,1,2024-12-18,7,1,0,114.0,6.0,,,,18.7,,,8,False,7560,2024년_딸기(설향),2024-09-09,2025-05-31,100,265,0.37735849056603776,middle,"[90, 120)"
10884,PF_0024357,080400,2,2024-12-18,7,4,0,127.0,7.0,,,,22.4,,,11,False,7560,2024년_딸기(설향),2024-09-09,2025-05-31,100,265,0.37735849056603776,middle,"[90, 120)"
10914,PF_0024357,080400,3,2024-12-18,5,0,0,120.0,7.0,,,,24.5,,,5,False,7560,2024년_딸기(설향),2024-09-09,2025-05-31,100,265,0.37735849056603776,middle,"[90, 120)"
10941,PF_0024357,080400,4,2024-12-18,8,3,0,139.0,7.0,,,,27.6,,,11,False,7560,2024년_딸기(설향),2024-09-09,2025-05-31,100,265,0.37735849056603776,middle,"[90, 120)"
10971,PF_0024357,080400,5,2024-12-18,4,7,0,130.0,8.0,,,,26.4,,,11,False,7560,2024년_딸기(설향),2024-09-09,2025-05-31,100,265,0.37735849056603776,middle,"[90, 120)"
11001,PF_0024357,080400,6,2024-12-18,8,1,0,153.0,9.0,,,,28.5,,,9,False,7560,2024년_딸기(설향),2024-09-09,2025-05-31,100,265,0.37735849056603776,middle,"[90, 120)"
11031,PF_0024357,080400,7,2024-12-18,3,1,0,126.0,7.0,,,,25.3,,,4,False,7560,2024년_딸기(설향),2024-09-09,2025-05-31,100,265,0.37735849056603776,middle,"[90, 120)"
11061,PF_0024357,080400,8,2024-12-18,8,2,0,150.0,9.0,,,,20.5,,,10,False,7560,2024년_딸기(설향),2024-09-09,2025-05-31,100,265,0.37735849056603776,middle,"[90, 120)"
11083,PF_0024357,080400,9,2024-12-18,6,0,0,133.0,8.0,,,,21.1,,,6,False,7560,2024년_딸기(설향),2024-09-09,2025-05-31,100,265,0.37735849056603776,middle,"[90, 120)"
10855,PF_0024357,080400,1,2024-12-24,6,1,0,110.0,6.0,,,,17.7,,,7,False,7560,2024년_딸기(설향),2024-09-09,2025-05-31,106,265,0.4,middle,"[90, 120)"
10885,PF_0024357,080400,2,2024-12-24,5,4,0,120.0,6.0,,,,21.8,,,9,False,7560,2024년_딸기(설향),2024-09-09,2025-05-31,106,265,0.4,middle,"[90, 120)"
10915,PF_0024357,080400,3,2024-12-24,4,0,0,119.0,10.0,,,,25.9,,,4,False,7560,2024년_딸기(설향),2024-09-09,2025-05-31,106,265,0.4,middle,"[90, 120)"
10942,PF_0024357,080400,4,2024-12-24,6,0,0,135.0,9.0,,,,30.1,,,6,False,7560,2024년_딸기(설향),2024-09-09,2025-05-31,106,265,0.4,middle,"[90, 120)"
10972,PF_0024357,080400,5,2024-12-24,4,8,0,133.0,8.0,,,,24.8,,,12,False,7560,2024년_딸기(설향),2024-09-09,2025-05-31,106,265,0.4,middle,"[90, 120)"
11002,PF_0024357,080400,6,2024-12-24,8,4,0,140.0,9.0,,,,28.6,,,12,False,7560,2024년_딸기(설향),2024-09-09,2025-05-31,106,265,0.4,middle,"[90, 120)"
11032,PF_0024357,080400,7,2024-12-24,1,1,0,120.0,5.0,,,,28.5,,,2,False,7560,2024년_딸기(설향),2024-09-09,2025-05-31,106,265,0.4,middle,"[90, 120)"
11062,PF_0024357,080400,8,2024-12-24,5,5,0,146.0,7.0,,,,29.8,,,10,False,7560,2024년_딸기(설향),2024-09-09,2025-05-31,106,265,0.4,middle,"[90, 120)"
11084,PF_0024357,080400,9,2024-12-24,5,0,0,131.0,8.0,,,,25.3,,,5,False,7560,2024년_딸기(설향),2024-09-09,2025-05-31,106,265,0.4,middle,"[90, 120)"
10856,PF_0024357,080400,1,2025-01-01,2,2,0,139.0,6.0,,,,20.3,,,4,False,7560,2024년_딸기(설향),2024-09-09,2025-05-31,114,265,0.43018867924528303,middle,"[90, 120)"
10886,PF_0024357,080400,2,2025-01-01,0,6,0,125.0,8.0,,,,24.5,,,6,False,7560,2024년_딸기(설향),2024-09-09,2025-05-31,114,265,0.43018867924528303,middle,"[90, 120)"
10916,PF_0024357,080400,3,2025-01-01,1,0,0,140.0,9.0,,,,31.2,,,1,False,7560,2024년_딸기(설향),2024-09-09,2025-05-31,114,265,0.43018867924528303,middle,"[90, 120)"
10943,PF_0024357,080400,4,2025-01-01,6,0,3,126.0,10.0,,,,30.6,,,9,False,7560,2024년_딸기(설향),2024-09-09,2025-05-31,114,265,0.43018867924528303,middle,"[90, 120)"
10973,PF_0024357,080400,5,2025-01-01,12,0,0,136.0,9.0,,,,23.3,,,12,False,7560,2024년_딸기(설향),2024-09-09,2025-05-31,114,265,0.43018867924528303,middle,"[90, 120)"
11003,PF_0024357,080400,6,2025-01-01,3,9,0,134.0,9.0,,,,25.4,,,12,False,7560,2024년_딸기(설향),2024-09-09,2025-05-31,114,265,0.43018867924528303,middle,"[90, 120)"
11033,PF_0024357,080400,7,2025-01-01,0,5,0,128.0,9.0,,,,25.9,,,5,False,7560,2024년_딸기(설향),2024-09-09,2025-05-31,114,265,0.43018867924528303,middle,"[90, 120)"
11063,PF_0024357,080400,8,2025-01-01,2,10,0,152.0,8.0,,,,37.8,,,12,False,7560,2024년_딸기(설향),2024-09-09,2025-05-31,114,265,0.43018867924528303,middle,"[90, 120)"
11085,PF_0024357,080400,9,2025-01-01,3,0,0,133.0,9.0,,,,33.8,,,3,False,7560,2024년_딸기(설향),2024-09-09,2025-05-31,114,265,0.43018867924528303,middle,"[90, 120)"
10857,PF_0024357,080400,1,2025-01-07,0,4,0,128.0,8.0,,,,28.7,,,4,False,7560,2024년_딸기(설향),2024-09-09,2025-05-31,120,265,0.4528301886792453,middle,"[120, 150)"
10887,PF_0024357,080400,2,2025-01-07,0,6,0,127.0,9.0,,,,26.4,,,6,False,7560,2024년_딸기(설향),2024-09-09,2025-05-31,120,265,0.4528301886792453,middle,"[120, 150)"
10917,PF_0024357,080400,3,2025-01-07,1,0,0,135.0,11.0,,,,25.1,,,1,False,7560,2024년_딸기(설향),2024-09-09,2025-05-31,120,265,0.4528301886792453,middle,"[120, 150)"
10944,PF_0024357,080400,4,2025-01-07,3,0,7,135.0,9.0,,,,25.9,,,10,False,7560,2024년_딸기(설향),2024-09-09,2025-05-31,120,265,0.4528301886792453,middle,"[120, 150)"
10974,PF_0024357,080400,5,2025-01-07,12,0,0,131.0,8.0,,,,33.3,,,12,False,7560,2024년_딸기(설향),2024-09-09,2025-05-31,120,265,0.4528301886792453,middle,"[120, 150)"
11004,PF_0024357,080400,6,2025-01-07,1,10,0,129.0,10.0,,,,25.8,,,11,False,7560,2024년_딸기(설향),2024-09-09,2025-05-31,120,265,0.4528301886792453,middle,"[120, 150)"
11034,PF_0024357,080400,7,2025-01-07,0,10,0,115.0,9.0,,,,30.4,,,10,False,7560,2024년_딸기(설향),2024-09-09,2025-05-31,120,265,0.4528301886792453,middle,"[120, 150)"
11064,PF_0024357,080400,8,2025-01-07,0,12,0,125.0,9.0,,,,26.8,,,12,False,7560,2024년_딸기(설향),2024-09-09,2025-05-31,120,265,0.4528301886792453,middle,"[120, 150)"
11086,PF_0024357,080400,9,2025-01-07,1,0,0,135.0,8.0,,,,19.4,,,1,False,7560,2024년_딸기(설향),2024-09-09,2025-05-31,120,265,0.4528301886792453,middle,"[120, 150)"
10858,PF_0024357,080400,1,2025-01-15,0,4,0,130.0,10.0,,,,26.5,,,4,False,7560,2024년_딸기(설향),2024-09-09,2025-05-31,128,265,0.4830188679245283,middle,"[120, 150)"
10888,PF_0024357,080400,2,2025-01-15,0,6,0,125.0,8.0,,,,25.9,,,6,False,7560,2024년_딸기(설향),2024-09-09,2025-05-31,128,265,0.4830188679245283,middle,"[120, 150)"
10918,PF_0024357,080400,3,2025-01-15,4,0,0,141.0,12.0,,,,25.8,,,4,False,7560,2024년_딸기(설향),2024-09-09,2025-05-31,128,265,0.4830188679245283,middle,"[120, 150)"
10945,PF_0024357,080400,4,2025-01-15,11,0,5,152.0,9.0,,,,26.2,,,16,False,7560,2024년_딸기(설향),2024-09-09,2025-05-31,128,265,0.4830188679245283,middle,"[120, 150)"
10975,PF_0024357,080400,5,2025-01-15,13,0,0,137.0,8.0,,,,18.7,,,13,False,7560,2024년_딸기(설향),2024-09-09,2025-05-31,128,265,0.4830188679245283,middle,"[120, 150)"
11005,PF_0024357,080400,6,2025-01-15,0,9,0,140.0,11.0,,,,20.4,,,9,False,7560,2024년_딸기(설향),2024-09-09,2025-05-31,128,265,0.4830188679245283,middle,"[120, 150)"
11035,PF_0024357,080400,7,2025-01-15,0,10,0,122.0,9.0,,,,29.9,,,10,False,7560,2024년_딸기(설향),2024-09-09,2025-05-31,128,265,0.4830188679245283,middle,"[120, 150)"
11065,PF_0024357,080400,8,2025-01-15,0,12,0,155.0,9.0,,,,24.5,,,12,False,7560,2024년_딸기(설향),2024-09-09,2025-05-31,128,265,0.4830188679245283,middle,"[120, 150)"
11087,PF_0024357,080400,9,2025-01-15,4,0,0,135.0,9.0,,,,36.7,,,4,False,7560,2024년_딸기(설향),2024-09-09,2025-05-31,128,265,0.4830188679245283,middle,"[120, 150)"
10859,PF_0024357,080400,1,2025-01-27,0,6,0,117.0,12.0,,,,29.2,,,6,False,7560,2024년_딸기(설향),2024-09-09,2025-05-31,140,265,0.5283018867924528,middle,"[120, 150)"
10889,PF_0024357,080400,2,2025-01-27,0,5,0,107.0,8.0,,,,26.5,,,5,False,7560,2024년_딸기(설향),2024-09-09,2025-05-31,140,265,0.5283018867924528,middle,"[120, 150)"
10919,PF_0024357,080400,3,2025-01-27,15,0,0,121.0,12.0,,,,33.2,,,15,False,7560,2024년_딸기(설향),2024-09-09,2025-05-31,140,265,0.5283018867924528,middle,"[120, 150)"
10946,PF_0024357,080400,4,2025-01-27,10,0,8,120.0,10.0,,,,20.6,,,18,False,7560,2024년_딸기(설향),2024-09-09,2025-05-31,140,265,0.5283018867924528,middle,"[120, 150)"
10976,PF_0024357,080400,5,2025-01-27,6,0,3,111.0,10.0,,,,31.8,,,9,False,7560,2024년_딸기(설향),2024-09-09,2025-05-31,140,265,0.5283018867924528,middle,"[120, 150)"
11006,PF_0024357,080400,6,2025-01-27,0,9,0,136.0,14.0,,,,42.3,,,9,False,7560,2024년_딸기(설향),2024-09-09,2025-05-31,140,265,0.5283018867924528,middle,"[120, 150)"
11036,PF_0024357,080400,7,2025-01-27,0,10,0,92.0,12.0,,,,20.6,,,10,False,7560,2024년_딸기(설향),2024-09-09,2025-05-31,140,265,0.5283018867924528,middle,"[120, 150)"
11066,PF_0024357,080400,8,2025-01-27,0,10,1,135.0,9.0,,,,33.1,,,11,False,7560,2024년_딸기(설향),2024-09-09,2025-05-31,140,265,0.5283018867924528,middle,"[120, 150)"
11088,PF_0024357,080400,9,2025-01-27,10,3,0,132.0,9.0,,,,34.2,,,13,False,7560,2024년_딸기(설향),2024-09-09,2025-05-31,140,265,0.5283018867924528,middle,"[120, 150)"
10860,PF_0024357,080400,1,2025-02-06,0,5,1,127.0,7.0,,,,32.4,,,6,False,7560,2024년_딸기(설향),2024-09-09,2025-05-31,150,265,0.5660377358490566,middle,"[150, 180)"
10890,PF_0024357,080400,2,2025-02-06,0,7,0,110.0,7.0,,,,24.5,,,7,False,7560,2024년_딸기(설향),2024-09-09,2025-05-31,150,265,0.5660377358490566,middle,"[150, 180)"
10920,PF_0024357,080400,3,2025-02-06,16,3,0,125.0,9.0,,,,31.3,,,19,False,7560,2024년_딸기(설향),2024-09-09,2025-05-31,150,265,0.5660377358490566,middle,"[150, 180)"
10947,PF_0024357,080400,4,2025-02-06,0,0,17,128.0,10.0,,,,26.7,,,17,False,7560,2024년_딸기(설향),2024-09-09,2025-05-31,150,265,0.5660377358490566,middle,"[150, 180)"
10977,PF_0024357,080400,5,2025-02-06,6,0,2,77.0,9.0,,,,33.7,,,8,False,7560,2024년_딸기(설향),2024-09-09,2025-05-31,150,265,0.5660377358490566,middle,"[150, 180)"
11007,PF_0024357,080400,6,2025-02-06,0,7,6,141.0,13.0,,,,24.5,,,13,False,7560,2024년_딸기(설향),2024-09-09,2025-05-31,150,265,0.5660377358490566,middle,"[150, 180)"
11037,PF_0024357,080400,7,2025-02-06,0,7,6,131.0,11.0,,,,32.3,,,13,False,7560,2024년_딸기(설향),2024-09-09,2025-05-31,150,265,0.5660377358490566,middle,"[150, 180)"
11067,PF_0024357,080400,8,2025-02-06,0,6,1,127.0,7.0,,,,22.3,,,7,False,7560,2024년_딸기(설향),2024-09-09,2025-05-31,150,265,0.5660377358490566,middle,"[150, 180)"
11089,PF_0024357,080400,9,2025-02-06,15,1,0,100.0,7.0,,,,28.4,,,16,False,7560,2024년_딸기(설향),2024-09-09,2025-05-31,150,265,0.5660377358490566,middle,"[150, 180)"
10861,PF_0024357,080400,1,2025-02-11,0,3,3,125.0,9.0,,,,24.7,,,6,False,7560,2024년_딸기(설향),2024-09-09,2025-05-31,155,265,0.5849056603773585,middle,"[150, 180)"
10891,PF_0024357,080400,2,2025-02-11,0,7,0,106.0,7.0,,,,27.2,,,7,False,7560,2024년_딸기(설향),2024-09-09,2025-05-31,155,265,0.5849056603773585,middle,"[150, 180)"
10921,PF_0024357,080400,3,2025-02-11,9,4,0,77.0,10.0,,,,38.7,,,13,False,7560,2024년_딸기(설향),2024-09-09,2025-05-31,155,265,0.5849056603773585,middle,"[150, 180)"
10948,PF_0024357,080400,4,2025-02-11,0,0,6,117.0,9.0,,,,41.0,,,6,False,7560,2024년_딸기(설향),2024-09-09,2025-05-31,155,265,0.5849056603773585,middle,"[150, 180)"
10978,PF_0024357,080400,5,2025-02-11,5,0,3,83.0,12.0,,,,31.2,,,8,False,7560,2024년_딸기(설향),2024-09-09,2025-05-31,155,265,0.5849056603773585,middle,"[150, 180)"
11008,PF_0024357,080400,6,2025-02-11,0,5,6,139.0,11.0,,,,34.6,,,11,False,7560,2024년_딸기(설향),2024-09-09,2025-05-31,155,265,0.5849056603773585,middle,"[150, 180)"
11038,PF_0024357,080400,7,2025-02-11,0,6,6,113.0,13.0,,,,28.9,,,12,False,7560,2024년_딸기(설향),2024-09-09,2025-05-31,155,265,0.5849056603773585,middle,"[150, 180)"
11068,PF_0024357,080400,8,2025-02-11,0,7,1,125.0,6.0,,,,19.6,,,8,False,7560,2024년_딸기(설향),2024-09-09,2025-05-31,155,265,0.5849056603773585,middle,"[150, 180)"
11090,PF_0024357,080400,9,2025-02-11,13,3,0,101.0,10.0,,,,30.1,,,16,False,7560,2024년_딸기(설향),2024-09-09,2025-05-31,155,265,0.5849056603773585,middle,"[150, 180)"
10862,PF_0024357,080400,1,2025-02-20,0,2,5,110.0,11.0,,,,37.7,,,7,False,7560,2024년_딸기(설향),2024-09-09,2025-05-31,164,265,0.6188679245283019,middle,"[150, 180)"
10892,PF_0024357,080400,2,2025-02-20,0,7,0,110.0,7.0,,,,27.3,,,7,False,7560,2024년_딸기(설향),2024-09-09,2025-05-31,164,265,0.6188679245283019,middle,"[150, 180)"
10922,PF_0024357,080400,3,2025-02-20,4,3,1,83.0,14.0,,,,35.2,,,8,False,7560,2024년_딸기(설향),2024-09-09,2025-05-31,164,265,0.6188679245283019,middle,"[150, 180)"
10949,PF_0024357,080400,4,2025-02-20,0,0,4,133.0,12.0,,,,27.3,,,4,False,7560,2024년_딸기(설향),2024-09-09,2025-05-31,164,265,0.6188679245283019,middle,"[150, 180)"
10979,PF_0024357,080400,5,2025-02-20,5,0,1,84.0,9.0,,,,32.7,,,6,False,7560,2024년_딸기(설향),2024-09-09,2025-05-31,164,265,0.6188679245283019,middle,"[150, 180)"
11009,PF_0024357,080400,6,2025-02-20,0,0,9,75.0,10.0,,,,40.9,,,9,False,7560,2024년_딸기(설향),2024-09-09,2025-05-31,164,265,0.6188679245283019,middle,"[150, 180)"
11039,PF_0024357,080400,7,2025-02-20,0,0,6,96.0,13.0,,,,29.8,,,6,False,7560,2024년_딸기(설향),2024-09-09,2025-05-31,164,265,0.6188679245283019,middle,"[150, 180)"
11069,PF_0024357,080400,8,2025-02-20,0,7,0,129.0,8.0,,,,21.3,,,7,False,7560,2024년_딸기(설향),2024-09-09,2025-05-31,164,265,0.6188679245283019,middle,"[150, 180)"
11091,PF_0024357,080400,9,2025-02-20,4,3,4,70.0,12.0,,,,34.1,,,11,False,7560,2024년_딸기(설향),2024-09-09,2025-05-31,164,265,0.6188679245283019,middle,"[150, 180)"
10863,PF_0024357,080400,1,2025-02-28,0,0,0,105.0,7.0,,,,32.8,,,0,True,7560,2024년_딸기(설향),2024-09-09,2025-05-31,172,265,0.6490566037735849,middle,"[150, 180)"
10893,PF_0024357,080400,2,2025-02-28,0,6,2,105.0,9.0,,,,39.1,,,8,False,7560,2024년_딸기(설향),2024-09-09,2025-05-31,172,265,0.6490566037735849,middle,"[150, 180)"
10923,PF_0024357,080400,3,2025-02-28,0,2,4,88.0,8.0,,,,29.0,,,6,False,7560,2024년_딸기(설향),2024-09-09,2025-05-31,172,265,0.6490566037735849,middle,"[150, 180)"
10950,PF_0024357,080400,4,2025-02-28,0,0,4,80.0,5.0,,,,15.8,,,4,False,7560,2024년_딸기(설향),2024-09-09,2025-05-31,172,265,0.6490566037735849,middle,"[150, 180)"
10980,PF_0024357,080400,5,2025-02-28,3,0,4,86.0,11.0,,,,30.3,,,7,False,7560,2024년_딸기(설향),2024-09-09,2025-05-31,172,265,0.6490566037735849,middle,"[150, 180)"
11010,PF_0024357,080400,6,2025-02-28,0,0,5,86.0,8.0,,,,26.9,,,5,False,7560,2024년_딸기(설향),2024-09-09,2025-05-31,172,265,0.6490566037735849,middle,"[150, 180)"
11040,PF_0024357,080400,7,2025-02-28,0,0,5,98.0,9.0,,,,27.7,,,5,False,7560,2024년_딸기(설향),2024-09-09,2025-05-31,172,265,0.6490566037735849,middle,"[150, 180)"
11070,PF_0024357,080400,8,2025-02-28,0,4,0,131.0,6.0,,,,45.6,,,4,False,7560,2024년_딸기(설향),2024-09-09,2025-05-31,172,265,0.6490566037735849,middle,"[150, 180)"
11092,PF_0024357,080400,9,2025-02-28,0,7,4,80.0,8.0,,,,37.6,,,11,False,7560,2024년_딸기(설향),2024-09-09,2025-05-31,172,265,0.6490566037735849,middle,"[150, 180)"
10864,PF_0024357,080400,1,2025-03-06,0,0,0,107.0,9.0,,,,35.2,,,0,True,7560,2024년_딸기(설향),2024-09-09,2025-05-31,178,265,0.6716981132075471,late,"[150, 180)"
10894,PF_0024357,080400,2,2025-03-06,0,4,5,107.0,8.0,,,,33.2,,,9,False,7560,2024년_딸기(설향),2024-09-09,2025-05-31,178,265,0.6716981132075471,late,"[150, 180)"
10924,PF_0024357,080400,3,2025-03-06,0,0,4,85.0,11.0,,,,32.1,,,4,False,7560,2024년_딸기(설향),2024-09-09,2025-05-31,178,265,0.6716981132075471,late,"[150, 180)"
10951,PF_0024357,080400,4,2025-03-06,0,0,2,106.0,8.0,,,,22.5,,,2,False,7560,2024년_딸기(설향),2024-09-09,2025-05-31,178,265,0.6716981132075471,late,"[150, 180)"
10981,PF_0024357,080400,5,2025-03-06,0,0,4,85.0,10.0,,,,32.0,,,4,False,7560,2024년_딸기(설향),2024-09-09,2025-05-31,178,265,0.6716981132075471,late,"[150, 180)"
11011,PF_0024357,080400,6,2025-03-06,0,0,5,80.0,9.0,,,,35.9,,,5,False,7560,2024년_딸기(설향),2024-09-09,2025-05-31,178,265,0.6716981132075471,late,"[150, 180)"
11041,PF_0024357,080400,7,2025-03-06,0,0,5,97.0,11.0,,,,28.7,,,5,False,7560,2024년_딸기(설향),2024-09-09,2025-05-31,178,265,0.6716981132075471,late,"[150, 180)"
11071,PF_0024357,080400,8,2025-03-06,0,0,0,130.0,7.0,,,,33.4,,,0,True,7560,2024년_딸기(설향),2024-09-09,2025-05-31,178,265,0.6716981132075471,late,"[150, 180)"
11093,PF_0024357,080400,9,2025-03-06,0,0,6,78.0,10.0,,,,35.8,,,6,False,7560,2024년_딸기(설향),2024-09-09,2025-05-31,178,265,0.6716981132075471,late,"[150, 180)"
10865,PF_0024357,080400,1,2025-03-14,0,0,0,90.0,9.0,,,,38.2,,,0,True,7560,2024년_딸기(설향),2024-09-09,2025-05-31,186,265,0.7018867924528301,late,"[180, 210)"
10895,PF_0024357,080400,2,2025-03-14,0,0,2,95.0,8.0,,,,31.7,,,2,False,7560,2024년_딸기(설향),2024-09-09,2025-05-31,186,265,0.7018867924528301,late,"[180, 210)"
10925,PF_0024357,080400,3,2025-03-14,0,0,3,100.0,11.0,,,,25.6,,,3,False,7560,2024년_딸기(설향),2024-09-09,2025-05-31,186,265,0.7018867924528301,late,"[180, 210)"
10952,PF_0024357,080400,4,2025-03-14,0,0,0,78.0,6.0,,,,22.5,,,0,True,7560,2024년_딸기(설향),2024-09-09,2025-05-31,186,265,0.7018867924528301,late,"[180, 210)"
10982,PF_0024357,080400,5,2025-03-14,0,0,2,116.0,7.0,,,,27.3,,,2,False,7560,2024년_딸기(설향),2024-09-09,2025-05-31,186,265,0.7018867924528301,late,"[180, 210)"
11012,PF_0024357,080400,6,2025-03-14,0,0,2,128.0,10.0,,,,30.7,,,2,False,7560,2024년_딸기(설향),2024-09-09,2025-05-31,186,265,0.7018867924528301,late,"[180, 210)"
11042,PF_0024357,080400,7,2025-03-14,0,0,4,94.0,8.0,,,,34.3,,,4,False,7560,2024년_딸기(설향),2024-09-09,2025-05-31,186,265,0.7018867924528301,late,"[180, 210)"
11094,PF_0024357,080400,9,2025-03-14,0,0,4,95.0,14.0,,,,42.8,,,4,False,7560,2024년_딸기(설향),2024-09-09,2025-05-31,186,265,0.7018867924528301,late,"[180, 210)"
10866,PF_0024357,080400,1,2025-03-20,0,0,0,91.0,11.0,,,,38.4,,,0,True,7560,2024년_딸기(설향),2024-09-09,2025-05-31,192,265,0.7245283018867924,late,"[180, 210)"
10896,PF_0024357,080400,2,2025-03-20,0,0,4,96.0,10.0,,,,31.6,,,4,False,7560,2024년_딸기(설향),2024-09-09,2025-05-31,192,265,0.7245283018867924,late,"[180, 210)"
10926,PF_0024357,080400,3,2025-03-20,0,0,2,102.0,13.0,,,,25.1,,,2,False,7560,2024년_딸기(설향),2024-09-09,2025-05-31,192,265,0.7245283018867924,late,"[180, 210)"
10953,PF_0024357,080400,4,2025-03-20,0,0,0,80.0,8.0,,,,22.8,,,0,True,7560,2024년_딸기(설향),2024-09-09,2025-05-31,192,265,0.7245283018867924,late,"[180, 210)"
10983,PF_0024357,080400,5,2025-03-20,0,0,1,119.0,10.0,,,,27.8,,,1,False,7560,2024년_딸기(설향),2024-09-09,2025-05-31,192,265,0.7245283018867924,late,"[180, 210)"
11013,PF_0024357,080400,6,2025-03-20,0,0,1,132.0,12.0,,,,31.1,,,1,False,7560,2024년_딸기(설향),2024-09-09,2025-05-31,192,265,0.7245283018867924,late,"[180, 210)"
11043,PF_0024357,080400,7,2025-03-20,0,0,3,96.0,11.0,,,,34.9,,,3,False,7560,2024년_딸기(설향),2024-09-09,2025-05-31,192,265,0.7245283018867924,late,"[180, 210)"
11095,PF_0024357,080400,9,2025-03-20,0,0,3,92.0,17.0,,,,43.4,,,3,False,7560,2024년_딸기(설향),2024-09-09,2025-05-31,192,265,0.7245283018867924,late,"[180, 210)"
10867,PF_0024357,080400,1,2025-03-28,0,0,0,92.0,12.0,,,,38.8,,,0,True,7560,2024년_딸기(설향),2024-09-09,2025-05-31,200,265,0.7547169811320755,late,"[180, 210)"
10897,PF_0024357,080400,2,2025-03-28,0,0,4,97.0,11.0,,,,31.8,,,4,False,7560,2024년_딸기(설향),2024-09-09,2025-05-31,200,265,0.7547169811320755,late,"[180, 210)"
10927,PF_0024357,080400,3,2025-03-28,0,0,0,103.0,12.0,,,,25.7,,,0,True,7560,2024년_딸기(설향),2024-09-09,2025-05-31,200,265,0.7547169811320755,late,"[180, 210)"
10954,PF_0024357,080400,4,2025-03-28,0,0,0,82.0,9.0,,,,23.2,,,0,True,7560,2024년_딸기(설향),2024-09-09,2025-05-31,200,265,0.7547169811320755,late,"[180, 210)"
10984,PF_0024357,080400,5,2025-03-28,0,0,0,120.0,10.0,,,,28.0,,,0,True,7560,2024년_딸기(설향),2024-09-09,2025-05-31,200,265,0.7547169811320755,late,"[180, 210)"
11014,PF_0024357,080400,6,2025-03-28,0,0,0,133.0,12.0,,,,31.3,,,0,True,7560,2024년_딸기(설향),2024-09-09,2025-05-31,200,265,0.7547169811320755,late,"[180, 210)"
11044,PF_0024357,080400,7,2025-03-28,0,0,0,98.0,12.0,,,,35.5,,,0,True,7560,2024년_딸기(설향),2024-09-09,2025-05-31,200,265,0.7547169811320755,late,"[180, 210)"
11096,PF_0024357,080400,9,2025-03-28,0,0,0,93.0,15.0,,,,44.2,,,0,True,7560,2024년_딸기(설향),2024-09-09,2025-05-31,200,265,0.7547169811320755,late,"[180, 210)"
10868,PF_0024357,080400,1,2025-04-04,0,0,0,93.0,12.0,,,,38.7,,,0,True,7560,2024년_딸기(설향),2024-09-09,2025-05-31,207,265,0.7811320754716982,late,"[180, 210)"
10898,PF_0024357,080400,2,2025-04-04,0,0,0,98.0,12.0,,,,31.7,,,0,True,7560,2024년_딸기(설향),2024-09-09,2025-05-31,207,265,0.7811320754716982,late,"[180, 210)"
10928,PF_0024357,080400,3,2025-04-04,0,0,0,104.0,12.0,,,,25.6,,,0,True,7560,2024년_딸기(설향),2024-09-09,2025-05-31,207,265,0.7811320754716982,late,"[180, 210)"
10955,PF_0024357,080400,4,2025-04-04,0,0,0,83.0,10.0,,,,23.0,,,0,True,7560,2024년_딸기(설향),2024-09-09,2025-05-31,207,265,0.7811320754716982,late,"[180, 210)"
10985,PF_0024357,080400,5,2025-04-04,0,0,0,121.0,11.0,,,,27.9,,,0,True,7560,2024년_딸기(설향),2024-09-09,2025-05-31,207,265,0.7811320754716982,late,"[180, 210)"
11015,PF_0024357,080400,6,2025-04-04,0,0,0,135.0,13.0,,,,31.2,,,0,True,7560,2024년_딸기(설향),2024-09-09,2025-05-31,207,265,0.7811320754716982,late,"[180, 210)"
11045,PF_0024357,080400,7,2025-04-04,0,0,0,100.0,12.0,,,,35.4,,,0,True,7560,2024년_딸기(설향),2024-09-09,2025-05-31,207,265,0.7811320754716982,late,"[180, 210)"
11097,PF_0024357,080400,9,2025-04-04,0,0,0,95.0,16.0,,,,44.0,,,0,True,7560,2024년_딸기(설향),2024-09-09,2025-05-31,207,265,0.7811320754716982,late,"[180, 210)"
10869,PF_0024357,080400,1,2025-04-10,0,0,0,95.0,12.0,,,,38.9,,,0,True,7560,2024년_딸기(설향),2024-09-09,2025-05-31,213,265,0.8037735849056604,late,"[210, 240)"
10899,PF_0024357,080400,2,2025-04-10,0,0,0,101.0,12.0,,,,31.4,,,0,True,7560,2024년_딸기(설향),2024-09-09,2025-05-31,213,265,0.8037735849056604,late,"[210, 240)"
10929,PF_0024357,080400,3,2025-04-10,0,0,0,107.0,12.0,,,,25.9,,,0,True,7560,2024년_딸기(설향),2024-09-09,2025-05-31,213,265,0.8037735849056604,late,"[210, 240)"
10956,PF_0024357,080400,4,2025-04-10,0,0,0,86.0,10.0,,,,23.4,,,0,True,7560,2024년_딸기(설향),2024-09-09,2025-05-31,213,265,0.8037735849056604,late,"[210, 240)"
10986,PF_0024357,080400,5,2025-04-10,3,0,0,123.0,11.0,,,,28.3,,,3,False,7560,2024년_딸기(설향),2024-09-09,2025-05-31,213,265,0.8037735849056604,late,"[210, 240)"
11016,PF_0024357,080400,6,2025-04-10,0,0,0,137.0,13.0,,,,30.9,,,0,True,7560,2024년_딸기(설향),2024-09-09,2025-05-31,213,265,0.8037735849056604,late,"[210, 240)"
11046,PF_0024357,080400,7,2025-04-10,0,0,0,103.0,12.0,,,,35.5,,,0,True,7560,2024년_딸기(설향),2024-09-09,2025-05-31,213,265,0.8037735849056604,late,"[210, 240)"
11098,PF_0024357,080400,9,2025-04-10,0,0,0,97.0,16.0,,,,43.8,,,0,True,7560,2024년_딸기(설향),2024-09-09,2025-05-31,213,265,0.8037735849056604,late,"[210, 240)"
10870,PF_0024357,080400,1,2025-04-19,0,0,0,96.0,13.0,,,,35.4,,,0,True,7560,2024년_딸기(설향),2024-09-09,2025-05-31,222,265,0.8377358490566038,late,"[210, 240)"
10900,PF_0024357,080400,2,2025-04-19,0,0,0,104.0,13.0,,,,30.1,,,0,True,7560,2024년_딸기(설향),2024-09-09,2025-05-31,222,265,0.8377358490566038,late,"[210, 240)"
10957,PF_0024357,080400,4,2025-04-19,0,0,0,92.0,11.0,,,,22.4,,,0,True,7560,2024년_딸기(설향),2024-09-09,2025-05-31,222,265,0.8377358490566038,late,"[210, 240)"
10987,PF_0024357,080400,5,2025-04-19,0,0,0,121.0,12.0,,,,27.4,,,0,True,7560,2024년_딸기(설향),2024-09-09,2025-05-31,222,265,0.8377358490566038,late,"[210, 240)"
11017,PF_0024357,080400,6,2025-04-19,0,0,0,134.0,13.0,,,,28.6,,,0,True,7560,2024년_딸기(설향),2024-09-09,2025-05-31,222,265,0.8377358490566038,late,"[210, 240)"
11047,PF_0024357,080400,7,2025-04-19,0,0,0,101.0,13.0,,,,33.4,,,0,True,7560,2024년_딸기(설향),2024-09-09,2025-05-31,222,265,0.8377358490566038,late,"[210, 240)"
11099,PF_0024357,080400,9,2025-04-19,0,0,0,101.0,17.0,,,,40.1,,,0,True,7560,2024년_딸기(설향),2024-09-09,2025-05-31,222,265,0.8377358490566038,late,"[210, 240)"
10871,PF_0024357,080400,1,2025-04-26,0,0,0,190.0,15.0,,,,36.4,,,0,True,7560,2024년_딸기(설향),2024-09-09,2025-05-31,229,265,0.8641509433962264,late,"[210, 240)"
10901,PF_0024357,080400,2,2025-04-26,0,0,0,178.0,14.0,,,,32.2,,,0,True,7560,2024년_딸기(설향),2024-09-09,2025-05-31,229,265,0.8641509433962264,late,"[210, 240)"
10958,PF_0024357,080400,4,2025-04-26,0,0,0,128.0,13.0,,,,25.2,,,0,True,7560,2024년_딸기(설향),2024-09-09,2025-05-31,229,265,0.8641509433962264,late,"[210, 240)"
10988,PF_0024357,080400,5,2025-04-26,0,0,0,137.0,15.0,,,,28.3,,,0,True,7560,2024년_딸기(설향),2024-09-09,2025-05-31,229,265,0.8641509433962264,late,"[210, 240)"
11018,PF_0024357,080400,6,2025-04-26,0,0,0,145.0,16.0,,,,29.2,,,0,True,7560,2024년_딸기(설향),2024-09-09,2025-05-31,229,265,0.8641509433962264,late,"[210, 240)"
11048,PF_0024357,080400,7,2025-04-26,0,0,0,124.0,15.0,,,,35.2,,,0,True,7560,2024년_딸기(설향),2024-09-09,2025-05-31,229,265,0.8641509433962264,late,"[210, 240)"
11100,PF_0024357,080400,9,2025-04-26,0,0,0,123.0,18.0,,,,43.2,,,0,True,7560,2024년_딸기(설향),2024-09-09,2025-05-31,229,265,0.8641509433962264,late,"[210, 240)"
10872,PF_0024357,080400,1,2025-04-30,0,0,0,140.0,14.0,,,,34.2,,,0,True,7560,2024년_딸기(설향),2024-09-09,2025-05-31,233,265,0.879245283018868,late,"[210, 240)"
10902,PF_0024357,080400,2,2025-04-30,0,0,0,158.0,14.0,,,,31.1,,,0,True,7560,2024년_딸기(설향),2024-09-09,2025-05-31,233,265,0.879245283018868,late,"[210, 240)"
10959,PF_0024357,080400,4,2025-04-30,0,0,0,134.0,13.0,,,,24.8,,,0,True,7560,2024년_딸기(설향),2024-09-09,2025-05-31,233,265,0.879245283018868,late,"[210, 240)"
10989,PF_0024357,080400,5,2025-04-30,0,0,0,148.0,14.0,,,,27.5,,,0,True,7560,2024년_딸기(설향),2024-09-09,2025-05-31,233,265,0.879245283018868,late,"[210, 240)"
11019,PF_0024357,080400,6,2025-04-30,0,0,0,140.0,14.0,,,,28.1,,,0,True,7560,2024년_딸기(설향),2024-09-09,2025-05-31,233,265,0.879245283018868,late,"[210, 240)"
11049,PF_0024357,080400,7,2025-04-30,0,0,0,138.0,14.0,,,,33.2,,,0,True,7560,2024년_딸기(설향),2024-09-09,2025-05-31,233,265,0.879245283018868,late,"[210, 240)"
11101,PF_0024357,080400,9,2025-04-30,0,0,0,127.0,16.0,,,,40.8,,,0,True,7560,2024년_딸기(설향),2024-09-09,2025-05-31,233,265,0.879245283018868,late,"[210, 240)"
29161,PF_0024357,080400,1,2026-04-02,0,0,0,90.0,10.0,,,,21.0,,,0,True,9037,2025년_딸기(킹스베리),2025-09-17,2026-06-15,197,272,0.7242647058823529,late,"[180, 210)"
29192,PF_0024357,080400,2,2026-04-02,0,0,0,65.0,11.0,,,,22.4,,,0,True,9037,2025년_딸기(킹스베리),2025-09-17,2026-06-15,197,272,0.7242647058823529,late,"[180, 210)"
29223,PF_0024357,080400,3,2026-04-02,0,0,0,77.0,14.0,,,,21.2,,,0,True,9037,2025년_딸기(킹스베리),2025-09-17,2026-06-15,197,272,0.7242647058823529,late,"[180, 210)"
29254,PF_0024357,080400,4,2026-04-02,0,0,0,87.0,5.0,,,,19.5,,,0,True,9037,2025년_딸기(킹스베리),2025-09-17,2026-06-15,197,272,0.7242647058823529,late,"[180, 210)"
29285,PF_0024357,080400,5,2026-04-02,0,0,0,85.0,16.0,,,,23.0,,,0,True,9037,2025년_딸기(킹스베리),2025-09-17,2026-06-15,197,272,0.7242647058823529,late,"[180, 210)"
29316,PF_0024357,080400,6,2026-04-02,0,0,0,91.0,15.0,,,,22.3,,,0,True,9037,2025년_딸기(킹스베리),2025-09-17,2026-06-15,197,272,0.7242647058823529,late,"[180, 210)"
29347,PF_0024357,080400,7,2026-04-02,0,0,0,95.0,16.0,,,,21.5,,,0,True,9037,2025년_딸기(킹스베리),2025-09-17,2026-06-15,197,272,0.7242647058823529,late,"[180, 210)"
29378,PF_0024357,080400,8,2026-04-02,0,0,0,75.0,7.0,,,,17.3,,,0,True,9037,2025년_딸기(킹스베리),2025-09-17,2026-06-15,197,272,0.7242647058823529,late,"[180, 210)"
29409,PF_0024357,080400,9,2026-04-02,0,0,0,93.0,14.0,,,,23.0,,,0,True,9037,2025년_딸기(킹스베리),2025-09-17,2026-06-15,197,272,0.7242647058823529,late,"[180, 210)"
29162,PF_0024357,080400,1,2026-04-09,0,0,0,90.0,12.0,,,,21.0,,,0,True,9037,2025년_딸기(킹스베리),2025-09-17,2026-06-15,204,272,0.75,late,"[180, 210)"
29193,PF_0024357,080400,2,2026-04-09,0,0,0,92.0,10.0,,,,23.2,,,0,True,9037,2025년_딸기(킹스베리),2025-09-17,2026-06-15,204,272,0.75,late,"[180, 210)"
29224,PF_0024357,080400,3,2026-04-09,0,0,0,95.0,14.0,,,,21.2,,,0,True,9037,2025년_딸기(킹스베리),2025-09-17,2026-06-15,204,272,0.75,late,"[180, 210)"
29255,PF_0024357,080400,4,2026-04-09,0,0,0,96.0,5.0,,,,19.5,,,0,True,9037,2025년_딸기(킹스베리),2025-09-17,2026-06-15,204,272,0.75,late,"[180, 210)"
29286,PF_0024357,080400,5,2026-04-09,0,0,0,108.0,18.0,,,,23.0,,,0,True,9037,2025년_딸기(킹스베리),2025-09-17,2026-06-15,204,272,0.75,late,"[180, 210)"
29317,PF_0024357,080400,6,2026-04-09,0,0,0,93.0,9.0,,,,22.3,,,0,True,9037,2025년_딸기(킹스베리),2025-09-17,2026-06-15,204,272,0.75,late,"[180, 210)"
29348,PF_0024357,080400,7,2026-04-09,0,0,0,99.0,14.0,,,,21.5,,,0,True,9037,2025년_딸기(킹스베리),2025-09-17,2026-06-15,204,272,0.75,late,"[180, 210)"
29379,PF_0024357,080400,8,2026-04-09,0,0,0,63.0,6.0,,,,17.3,,,0,True,9037,2025년_딸기(킹스베리),2025-09-17,2026-06-15,204,272,0.75,late,"[180, 210)"
29410,PF_0024357,080400,9,2026-04-09,0,0,0,113.0,16.0,,,,23.0,,,0,True,9037,2025년_딸기(킹스베리),2025-09-17,2026-06-15,204,272,0.75,late,"[180, 210)"
29163,PF_0024357,080400,1,2026-04-16,0,0,0,100.0,13.0,,,,21.0,,,0,True,9037,2025년_딸기(킹스베리),2025-09-17,2026-06-15,211,272,0.7757352941176471,late,"[210, 240)"
29194,PF_0024357,080400,2,2026-04-16,0,0,0,92.0,10.0,,,,23.2,,,0,True,9037,2025년_딸기(킹스베리),2025-09-17,2026-06-15,211,272,0.7757352941176471,late,"[210, 240)"
29225,PF_0024357,080400,3,2026-04-16,0,0,0,98.0,15.0,,,,21.2,,,0,True,9037,2025년_딸기(킹스베리),2025-09-17,2026-06-15,211,272,0.7757352941176471,late,"[210, 240)"
29256,PF_0024357,080400,4,2026-04-16,0,0,0,94.0,5.0,,,,19.5,,,0,True,9037,2025년_딸기(킹스베리),2025-09-17,2026-06-15,211,272,0.7757352941176471,late,"[210, 240)"
29287,PF_0024357,080400,5,2026-04-16,0,0,0,110.0,20.0,,,,23.9,,,0,True,9037,2025년_딸기(킹스베리),2025-09-17,2026-06-15,211,272,0.7757352941176471,late,"[210, 240)"
29318,PF_0024357,080400,6,2026-04-16,0,0,0,75.0,8.0,,,,22.3,,,0,True,9037,2025년_딸기(킹스베리),2025-09-17,2026-06-15,211,272,0.7757352941176471,late,"[210, 240)"
29349,PF_0024357,080400,7,2026-04-16,0,0,0,102.0,15.0,,,,22.4,,,0,True,9037,2025년_딸기(킹스베리),2025-09-17,2026-06-15,211,272,0.7757352941176471,late,"[210, 240)"
29380,PF_0024357,080400,8,2026-04-16,0,0,0,71.0,8.0,,,,17.3,,,0,True,9037,2025년_딸기(킹스베리),2025-09-17,2026-06-15,211,272,0.7757352941176471,late,"[210, 240)"
29411,PF_0024357,080400,9,2026-04-16,0,0,0,108.0,17.0,,,,23.0,,,0,True,9037,2025년_딸기(킹스베리),2025-09-17,2026-06-15,211,272,0.7757352941176471,late,"[210, 240)"
29164,PF_0024357,080400,1,2026-04-23,0,0,0,87.0,20.0,,,,21.5,,,0,True,9037,2025년_딸기(킹스베리),2025-09-17,2026-06-15,218,272,0.8014705882352942,late,"[210, 240)"
29195,PF_0024357,080400,2,2026-04-23,0,0,0,70.0,10.0,,,,23.2,,,0,True,9037,2025년_딸기(킹스베리),2025-09-17,2026-06-15,218,272,0.8014705882352942,late,"[210, 240)"
29226,PF_0024357,080400,3,2026-04-23,0,0,0,110.0,16.0,,,,21.2,,,0,True,9037,2025년_딸기(킹스베리),2025-09-17,2026-06-15,218,272,0.8014705882352942,late,"[210, 240)"
29257,PF_0024357,080400,4,2026-04-23,0,0,0,65.0,4.0,,,,19.5,,,0,True,9037,2025년_딸기(킹스베리),2025-09-17,2026-06-15,218,272,0.8014705882352942,late,"[210, 240)"
29288,PF_0024357,080400,5,2026-04-23,0,0,0,110.0,22.0,,,,24.4,,,0,True,9037,2025년_딸기(킹스베리),2025-09-17,2026-06-15,218,272,0.8014705882352942,late,"[210, 240)"
29319,PF_0024357,080400,6,2026-04-23,0,0,0,75.0,10.0,,,,22.3,,,0,True,9037,2025년_딸기(킹스베리),2025-09-17,2026-06-15,218,272,0.8014705882352942,late,"[210, 240)"
29350,PF_0024357,080400,7,2026-04-23,0,0,0,104.0,17.0,,,,23.0,,,0,True,9037,2025년_딸기(킹스베리),2025-09-17,2026-06-15,218,272,0.8014705882352942,late,"[210, 240)"
29381,PF_0024357,080400,8,2026-04-23,0,0,0,71.0,8.0,,,,17.3,,,0,True,9037,2025년_딸기(킹스베리),2025-09-17,2026-06-15,218,272,0.8014705882352942,late,"[210, 240)"
29412,PF_0024357,080400,9,2026-04-23,0,0,0,108.0,17.0,,,,23.0,,,0,True,9037,2025년_딸기(킹스베리),2025-09-17,2026-06-15,218,272,0.8014705882352942,late,"[210, 240)"
29165,PF_0024357,080400,1,2026-04-30,0,0,0,93.0,22.0,,,,21.5,,,0,True,9037,2025년_딸기(킹스베리),2025-09-17,2026-06-15,225,272,0.8272058823529411,late,"[210, 240)"
29196,PF_0024357,080400,2,2026-04-30,0,0,0,70.0,10.0,,,,23.2,,,0,True,9037,2025년_딸기(킹스베리),2025-09-17,2026-06-15,225,272,0.8272058823529411,late,"[210, 240)"
29227,PF_0024357,080400,3,2026-04-30,0,0,0,110.0,16.0,,,,21.2,,,0,True,9037,2025년_딸기(킹스베리),2025-09-17,2026-06-15,225,272,0.8272058823529411,late,"[210, 240)"
29258,PF_0024357,080400,4,2026-04-30,0,0,0,65.0,4.0,,,,19.5,,,0,True,9037,2025년_딸기(킹스베리),2025-09-17,2026-06-15,225,272,0.8272058823529411,late,"[210, 240)"
29289,PF_0024357,080400,5,2026-04-30,0,0,0,110.0,22.0,,,,24.4,,,0,True,9037,2025년_딸기(킹스베리),2025-09-17,2026-06-15,225,272,0.8272058823529411,late,"[210, 240)"
29320,PF_0024357,080400,6,2026-04-30,0,0,0,75.0,10.0,,,,22.3,,,0,True,9037,2025년_딸기(킹스베리),2025-09-17,2026-06-15,225,272,0.8272058823529411,late,"[210, 240)"
29351,PF_0024357,080400,7,2026-04-30,0,0,0,104.0,17.0,,,,23.0,,,0,True,9037,2025년_딸기(킹스베리),2025-09-17,2026-06-15,225,272,0.8272058823529411,late,"[210, 240)"
29382,PF_0024357,080400,8,2026-04-30,0,0,0,71.0,8.0,,,,17.3,,,0,True,9037,2025년_딸기(킹스베리),2025-09-17,2026-06-15,225,272,0.8272058823529411,late,"[210, 240)"
29413,PF_0024357,080400,9,2026-04-30,0,0,0,108.0,17.0,,,,23.0,,,0,True,9037,2025년_딸기(킹스베리),2025-09-17,2026-06-15,225,272,0.8272058823529411,late,"[210, 240)"
11390,PF_0024365,080400,1,2024-10-03,0,0,0,67.0,6.0,,,,17.5,,,0,True,7561,2024년_딸기(킹스베리),2024-09-10,2025-05-20,23,253,0.09090909090909091,early,"[0, 30)"
11420,PF_0024365,080400,2,2024-10-03,0,0,0,76.0,5.0,,,,11.6,,,0,True,7561,2024년_딸기(킹스베리),2024-09-10,2025-05-20,23,253,0.09090909090909091,early,"[0, 30)"
11450,PF_0024365,080400,3,2024-10-03,0,0,0,80.0,6.0,,,,13.2,,,0,True,7561,2024년_딸기(킹스베리),2024-09-10,2025-05-20,23,253,0.09090909090909091,early,"[0, 30)"
11480,PF_0024365,080400,4,2024-10-03,0,0,0,65.0,8.0,,,,18.7,,,0,True,7561,2024년_딸기(킹스베리),2024-09-10,2025-05-20,23,253,0.09090909090909091,early,"[0, 30)"
11510,PF_0024365,080400,5,2024-10-03,0,0,0,85.0,7.0,,,,13.95,,,0,True,7561,2024년_딸기(킹스베리),2024-09-10,2025-05-20,23,253,0.09090909090909091,early,"[0, 30)"
11537,PF_0024365,080400,6,2024-10-03,0,0,0,55.0,7.0,,,,11.6,,,0,True,7561,2024년_딸기(킹스베리),2024-09-10,2025-05-20,23,253,0.09090909090909091,early,"[0, 30)"
11567,PF_0024365,080400,7,2024-10-03,0,0,0,70.0,8.0,,,,16.68,,,0,True,7561,2024년_딸기(킹스베리),2024-09-10,2025-05-20,23,253,0.09090909090909091,early,"[0, 30)"
11587,PF_0024365,080400,8,2024-10-03,0,0,0,78.0,7.0,,,,16.6,,,0,True,7561,2024년_딸기(킹스베리),2024-09-10,2025-05-20,23,253,0.09090909090909091,early,"[0, 30)"
11616,PF_0024365,080400,9,2024-10-03,0,0,0,67.0,7.0,,,,14.0,,,0,True,7561,2024년_딸기(킹스베리),2024-09-10,2025-05-20,23,253,0.09090909090909091,early,"[0, 30)"
11391,PF_0024365,080400,1,2024-10-08,0,0,0,76.0,6.0,,,,17.9,,,0,True,7561,2024년_딸기(킹스베리),2024-09-10,2025-05-20,28,253,0.11067193675889328,early,"[0, 30)"
11421,PF_0024365,080400,2,2024-10-08,0,0,0,84.0,4.0,,,,11.8,,,0,True,7561,2024년_딸기(킹스베리),2024-09-10,2025-05-20,28,253,0.11067193675889328,early,"[0, 30)"
11451,PF_0024365,080400,3,2024-10-08,0,0,0,86.0,6.0,,,,14.0,,,0,True,7561,2024년_딸기(킹스베리),2024-09-10,2025-05-20,28,253,0.11067193675889328,early,"[0, 30)"
11481,PF_0024365,080400,4,2024-10-08,0,0,0,77.0,3.0,,,,17.0,,,0,True,7561,2024년_딸기(킹스베리),2024-09-10,2025-05-20,28,253,0.11067193675889328,early,"[0, 30)"
11511,PF_0024365,080400,5,2024-10-08,0,0,0,85.0,5.0,,,,14.2,,,0,True,7561,2024년_딸기(킹스베리),2024-09-10,2025-05-20,28,253,0.11067193675889328,early,"[0, 30)"
11538,PF_0024365,080400,6,2024-10-08,0,0,0,56.0,5.0,,,,12.0,,,0,True,7561,2024년_딸기(킹스베리),2024-09-10,2025-05-20,28,253,0.11067193675889328,early,"[0, 30)"
11568,PF_0024365,080400,7,2024-10-08,0,0,0,72.0,6.0,,,,17.1,,,0,True,7561,2024년_딸기(킹스베리),2024-09-10,2025-05-20,28,253,0.11067193675889328,early,"[0, 30)"
11588,PF_0024365,080400,8,2024-10-08,0,0,0,79.0,5.0,,,,17.3,,,0,True,7561,2024년_딸기(킹스베리),2024-09-10,2025-05-20,28,253,0.11067193675889328,early,"[0, 30)"
11617,PF_0024365,080400,9,2024-10-08,0,0,0,79.0,5.0,,,,14.5,,,0,True,7561,2024년_딸기(킹스베리),2024-09-10,2025-05-20,28,253,0.11067193675889328,early,"[0, 30)"
11392,PF_0024365,080400,1,2024-10-15,0,0,0,91.0,7.0,,,,18.8,,,0,True,7561,2024년_딸기(킹스베리),2024-09-10,2025-05-20,35,253,0.1383399209486166,early,"[30, 60)"
11422,PF_0024365,080400,2,2024-10-15,0,0,0,93.0,5.0,,,,16.1,,,0,True,7561,2024년_딸기(킹스베리),2024-09-10,2025-05-20,35,253,0.1383399209486166,early,"[30, 60)"
11452,PF_0024365,080400,3,2024-10-15,0,0,0,94.0,8.0,,,,19.7,,,0,True,7561,2024년_딸기(킹스베리),2024-09-10,2025-05-20,35,253,0.1383399209486166,early,"[30, 60)"
11482,PF_0024365,080400,4,2024-10-15,0,0,0,91.0,4.0,,,,12.9,,,0,True,7561,2024년_딸기(킹스베리),2024-09-10,2025-05-20,35,253,0.1383399209486166,early,"[30, 60)"
11512,PF_0024365,080400,5,2024-10-15,0,0,0,91.0,6.0,,,,18.5,,,0,True,7561,2024년_딸기(킹스베리),2024-09-10,2025-05-20,35,253,0.1383399209486166,early,"[30, 60)"
11539,PF_0024365,080400,6,2024-10-15,0,0,0,87.0,6.0,,,,16.4,,,0,True,7561,2024년_딸기(킹스베리),2024-09-10,2025-05-20,35,253,0.1383399209486166,early,"[30, 60)"
11569,PF_0024365,080400,7,2024-10-15,0,0,0,90.0,7.0,,,,18.4,,,0,True,7561,2024년_딸기(킹스베리),2024-09-10,2025-05-20,35,253,0.1383399209486166,early,"[30, 60)"
11589,PF_0024365,080400,8,2024-10-15,0,0,0,76.0,6.0,,,,17.6,,,0,True,7561,2024년_딸기(킹스베리),2024-09-10,2025-05-20,35,253,0.1383399209486166,early,"[30, 60)"
11618,PF_0024365,080400,9,2024-10-15,0,0,0,69.0,6.0,,,,14.2,,,0,True,7561,2024년_딸기(킹스베리),2024-09-10,2025-05-20,35,253,0.1383399209486166,early,"[30, 60)"
11393,PF_0024365,080400,1,2024-10-22,0,0,0,105.0,7.0,,,,18.7,,,0,True,7561,2024년_딸기(킹스베리),2024-09-10,2025-05-20,42,253,0.16600790513833993,early,"[30, 60)"
11423,PF_0024365,080400,2,2024-10-22,0,0,0,100.0,6.0,,,,17.8,,,0,True,7561,2024년_딸기(킹스베리),2024-09-10,2025-05-20,42,253,0.16600790513833993,early,"[30, 60)"
11453,PF_0024365,080400,3,2024-10-22,0,0,0,103.0,9.0,,,,22.5,,,0,True,7561,2024년_딸기(킹스베리),2024-09-10,2025-05-20,42,253,0.16600790513833993,early,"[30, 60)"
11483,PF_0024365,080400,4,2024-10-22,0,0,0,96.0,5.0,,,,23.0,,,0,True,7561,2024년_딸기(킹스베리),2024-09-10,2025-05-20,42,253,0.16600790513833993,early,"[30, 60)"
11513,PF_0024365,080400,5,2024-10-22,0,0,0,99.0,6.0,,,,16.0,,,0,True,7561,2024년_딸기(킹스베리),2024-09-10,2025-05-20,42,253,0.16600790513833993,early,"[30, 60)"
11540,PF_0024365,080400,6,2024-10-22,0,0,0,95.0,6.0,,,,17.4,,,0,True,7561,2024년_딸기(킹스베리),2024-09-10,2025-05-20,42,253,0.16600790513833993,early,"[30, 60)"
11570,PF_0024365,080400,7,2024-10-22,0,0,0,98.0,7.0,,,,22.9,,,0,True,7561,2024년_딸기(킹스베리),2024-09-10,2025-05-20,42,253,0.16600790513833993,early,"[30, 60)"
11590,PF_0024365,080400,8,2024-10-22,0,0,0,100.0,6.0,,,,22.0,,,0,True,7561,2024년_딸기(킹스베리),2024-09-10,2025-05-20,42,253,0.16600790513833993,early,"[30, 60)"
11619,PF_0024365,080400,9,2024-10-22,0,0,0,89.0,7.0,,,,15.0,,,0,True,7561,2024년_딸기(킹스베리),2024-09-10,2025-05-20,42,253,0.16600790513833993,early,"[30, 60)"
11394,PF_0024365,080400,1,2024-10-29,2,0,0,110.0,7.0,,,,20.3,,,2,False,7561,2024년_딸기(킹스베리),2024-09-10,2025-05-20,49,253,0.19367588932806323,early,"[30, 60)"
11424,PF_0024365,080400,2,2024-10-29,3,0,0,77.0,7.0,,,,20.4,,,3,False,7561,2024년_딸기(킹스베리),2024-09-10,2025-05-20,49,253,0.19367588932806323,early,"[30, 60)"
11454,PF_0024365,080400,3,2024-10-29,0,0,0,112.0,11.0,,,,24.1,,,0,True,7561,2024년_딸기(킹스베리),2024-09-10,2025-05-20,49,253,0.19367588932806323,early,"[30, 60)"
11484,PF_0024365,080400,4,2024-10-29,2,1,0,95.0,4.0,,,,15.8,,,3,False,7561,2024년_딸기(킹스베리),2024-09-10,2025-05-20,49,253,0.19367588932806323,early,"[30, 60)"
11514,PF_0024365,080400,5,2024-10-29,1,0,0,102.0,6.0,,,,18.6,,,1,False,7561,2024년_딸기(킹스베리),2024-09-10,2025-05-20,49,253,0.19367588932806323,early,"[30, 60)"
11541,PF_0024365,080400,6,2024-10-29,0,0,0,103.0,6.0,,,,20.7,,,0,True,7561,2024년_딸기(킹스베리),2024-09-10,2025-05-20,49,253,0.19367588932806323,early,"[30, 60)"
11571,PF_0024365,080400,7,2024-10-29,0,0,0,106.0,7.0,,,,19.8,,,0,True,7561,2024년_딸기(킹스베리),2024-09-10,2025-05-20,49,253,0.19367588932806323,early,"[30, 60)"
11591,PF_0024365,080400,8,2024-10-29,0,0,0,109.0,8.0,,,,18.2,,,0,True,7561,2024년_딸기(킹스베리),2024-09-10,2025-05-20,49,253,0.19367588932806323,early,"[30, 60)"
11620,PF_0024365,080400,9,2024-10-29,0,0,0,98.0,7.0,,,,18.9,,,0,True,7561,2024년_딸기(킹스베리),2024-09-10,2025-05-20,49,253,0.19367588932806323,early,"[30, 60)"
11395,PF_0024365,080400,1,2024-11-05,5,0,0,100.0,6.0,,,,20.7,,,5,False,7561,2024년_딸기(킹스베리),2024-09-10,2025-05-20,56,253,0.22134387351778656,early,"[30, 60)"
11425,PF_0024365,080400,2,2024-11-05,7,0,0,84.0,4.0,,,,14.0,,,7,False,7561,2024년_딸기(킹스베리),2024-09-10,2025-05-20,56,253,0.22134387351778656,early,"[30, 60)"
11455,PF_0024365,080400,3,2024-11-05,3,0,0,110.0,12.0,,,,25.7,,,3,False,7561,2024년_딸기(킹스베리),2024-09-10,2025-05-20,56,253,0.22134387351778656,early,"[30, 60)"
11485,PF_0024365,080400,4,2024-11-05,4,3,0,93.0,8.0,,,,20.2,,,7,False,7561,2024년_딸기(킹스베리),2024-09-10,2025-05-20,56,253,0.22134387351778656,early,"[30, 60)"
11515,PF_0024365,080400,5,2024-11-05,4,0,0,99.0,7.0,,,,20.0,,,4,False,7561,2024년_딸기(킹스베리),2024-09-10,2025-05-20,56,253,0.22134387351778656,early,"[30, 60)"
11542,PF_0024365,080400,6,2024-11-05,4,0,0,94.0,9.0,,,,20.1,,,4,False,7561,2024년_딸기(킹스베리),2024-09-10,2025-05-20,56,253,0.22134387351778656,early,"[30, 60)"
11572,PF_0024365,080400,7,2024-11-05,1,0,0,88.0,7.0,,,,20.6,,,1,False,7561,2024년_딸기(킹스베리),2024-09-10,2025-05-20,56,253,0.22134387351778656,early,"[30, 60)"
11592,PF_0024365,080400,8,2024-11-05,1,0,0,101.0,9.0,,,,23.0,,,1,False,7561,2024년_딸기(킹스베리),2024-09-10,2025-05-20,56,253,0.22134387351778656,early,"[30, 60)"
11621,PF_0024365,080400,9,2024-11-05,1,0,0,97.0,6.0,,,,22.7,,,1,False,7561,2024년_딸기(킹스베리),2024-09-10,2025-05-20,56,253,0.22134387351778656,early,"[30, 60)"
11396,PF_0024365,080400,1,2024-11-12,7,0,0,95.0,9.0,,,,19.9,,,7,False,7561,2024년_딸기(킹스베리),2024-09-10,2025-05-20,63,253,0.2490118577075099,early,"[60, 90)"
11426,PF_0024365,080400,2,2024-11-12,7,0,0,101.0,10.0,,,,15.6,,,7,False,7561,2024년_딸기(킹스베리),2024-09-10,2025-05-20,63,253,0.2490118577075099,early,"[60, 90)"
11456,PF_0024365,080400,3,2024-11-12,8,0,0,116.0,14.0,,,,29.8,,,8,False,7561,2024년_딸기(킹스베리),2024-09-10,2025-05-20,63,253,0.2490118577075099,early,"[60, 90)"
11486,PF_0024365,080400,4,2024-11-12,5,3,0,96.0,3.0,,,,17.1,,,8,False,7561,2024년_딸기(킹스베리),2024-09-10,2025-05-20,63,253,0.2490118577075099,early,"[60, 90)"
11516,PF_0024365,080400,5,2024-11-12,5,0,0,107.0,6.0,,,,18.6,,,5,False,7561,2024년_딸기(킹스베리),2024-09-10,2025-05-20,63,253,0.2490118577075099,early,"[60, 90)"
11543,PF_0024365,080400,6,2024-11-12,6,0,0,95.0,7.0,,,,17.9,,,6,False,7561,2024년_딸기(킹스베리),2024-09-10,2025-05-20,63,253,0.2490118577075099,early,"[60, 90)"
11573,PF_0024365,080400,7,2024-11-12,4,0,0,101.0,9.0,,,,21.3,,,4,False,7561,2024년_딸기(킹스베리),2024-09-10,2025-05-20,63,253,0.2490118577075099,early,"[60, 90)"
11593,PF_0024365,080400,8,2024-11-12,4,0,0,101.0,11.0,,,,27.2,,,4,False,7561,2024년_딸기(킹스베리),2024-09-10,2025-05-20,63,253,0.2490118577075099,early,"[60, 90)"
11622,PF_0024365,080400,9,2024-11-12,4,0,0,93.0,7.0,,,,22.6,,,4,False,7561,2024년_딸기(킹스베리),2024-09-10,2025-05-20,63,253,0.2490118577075099,early,"[60, 90)"
11397,PF_0024365,080400,1,2024-11-19,7,0,0,102.0,5.0,,,,18.9,,,7,False,7561,2024년_딸기(킹스베리),2024-09-10,2025-05-20,70,253,0.2766798418972332,early,"[60, 90)"
11427,PF_0024365,080400,2,2024-11-19,7,0,0,104.0,6.0,,,,15.4,,,7,False,7561,2024년_딸기(킹스베리),2024-09-10,2025-05-20,70,253,0.2766798418972332,early,"[60, 90)"
11457,PF_0024365,080400,3,2024-11-19,8,0,0,131.0,12.0,,,,14.6,,,8,False,7561,2024년_딸기(킹스베리),2024-09-10,2025-05-20,70,253,0.2766798418972332,early,"[60, 90)"
11487,PF_0024365,080400,4,2024-11-19,5,3,0,94.0,4.0,,,,18.6,,,8,False,7561,2024년_딸기(킹스베리),2024-09-10,2025-05-20,70,253,0.2766798418972332,early,"[60, 90)"
11517,PF_0024365,080400,5,2024-11-19,6,0,0,106.0,6.0,,,,21.2,,,6,False,7561,2024년_딸기(킹스베리),2024-09-10,2025-05-20,70,253,0.2766798418972332,early,"[60, 90)"
11544,PF_0024365,080400,6,2024-11-19,8,0,0,106.0,5.0,,,,20.0,,,8,False,7561,2024년_딸기(킹스베리),2024-09-10,2025-05-20,70,253,0.2766798418972332,early,"[60, 90)"
11574,PF_0024365,080400,7,2024-11-19,2,0,0,102.0,8.0,,,,18.9,,,2,False,7561,2024년_딸기(킹스베리),2024-09-10,2025-05-20,70,253,0.2766798418972332,early,"[60, 90)"
11594,PF_0024365,080400,8,2024-11-19,9,0,0,113.0,8.0,,,,23.1,,,9,False,7561,2024년_딸기(킹스베리),2024-09-10,2025-05-20,70,253,0.2766798418972332,early,"[60, 90)"
11623,PF_0024365,080400,9,2024-11-19,6,0,0,100.0,8.0,,,,28.1,,,6,False,7561,2024년_딸기(킹스베리),2024-09-10,2025-05-20,70,253,0.2766798418972332,early,"[60, 90)"
11398,PF_0024365,080400,1,2024-11-26,5,0,0,102.0,6.0,,,,26.5,,,5,False,7561,2024년_딸기(킹스베리),2024-09-10,2025-05-20,77,253,0.30434782608695654,early,"[60, 90)"
11428,PF_0024365,080400,2,2024-11-26,4,1,0,91.0,9.0,,,,22.4,,,5,False,7561,2024년_딸기(킹스베리),2024-09-10,2025-05-20,77,253,0.30434782608695654,early,"[60, 90)"
11458,PF_0024365,080400,3,2024-11-26,8,0,0,113.0,12.0,,,,28.1,,,8,False,7561,2024년_딸기(킹스베리),2024-09-10,2025-05-20,77,253,0.30434782608695654,early,"[60, 90)"
11488,PF_0024365,080400,4,2024-11-26,5,3,0,67.0,6.0,,,,22.7,,,8,False,7561,2024년_딸기(킹스베리),2024-09-10,2025-05-20,77,253,0.30434782608695654,early,"[60, 90)"
11518,PF_0024365,080400,5,2024-11-26,6,0,0,103.0,5.0,,,,20.3,,,6,False,7561,2024년_딸기(킹스베리),2024-09-10,2025-05-20,77,253,0.30434782608695654,early,"[60, 90)"
11545,PF_0024365,080400,6,2024-11-26,8,0,0,81.0,6.0,,,,26.0,,,8,False,7561,2024년_딸기(킹스베리),2024-09-10,2025-05-20,77,253,0.30434782608695654,early,"[60, 90)"
11575,PF_0024365,080400,7,2024-11-26,5,0,0,104.0,8.0,,,,13.5,,,5,False,7561,2024년_딸기(킹스베리),2024-09-10,2025-05-20,77,253,0.30434782608695654,early,"[60, 90)"
11595,PF_0024365,080400,8,2024-11-26,8,0,0,115.0,6.0,,,,23.5,,,8,False,7561,2024년_딸기(킹스베리),2024-09-10,2025-05-20,77,253,0.30434782608695654,early,"[60, 90)"
11624,PF_0024365,080400,9,2024-11-26,6,0,0,101.0,7.0,,,,25.3,,,6,False,7561,2024년_딸기(킹스베리),2024-09-10,2025-05-20,77,253,0.30434782608695654,early,"[60, 90)"
11399,PF_0024365,080400,1,2024-12-03,5,1,0,105.0,8.0,,,,24.1,,,6,False,7561,2024년_딸기(킹스베리),2024-09-10,2025-05-20,84,253,0.33201581027667987,early,"[60, 90)"
11429,PF_0024365,080400,2,2024-12-03,3,4,0,89.0,6.0,,,,20.9,,,7,False,7561,2024년_딸기(킹스베리),2024-09-10,2025-05-20,84,253,0.33201581027667987,early,"[60, 90)"
11459,PF_0024365,080400,3,2024-12-03,5,2,2,136.0,14.0,,,,30.4,,,9,False,7561,2024년_딸기(킹스베리),2024-09-10,2025-05-20,84,253,0.33201581027667987,early,"[60, 90)"
11489,PF_0024365,080400,4,2024-12-03,5,3,0,68.0,6.0,,,,21.1,,,8,False,7561,2024년_딸기(킹스베리),2024-09-10,2025-05-20,84,253,0.33201581027667987,early,"[60, 90)"
11519,PF_0024365,080400,5,2024-12-03,6,0,0,100.0,7.0,,,,22.2,,,6,False,7561,2024년_딸기(킹스베리),2024-09-10,2025-05-20,84,253,0.33201581027667987,early,"[60, 90)"
11546,PF_0024365,080400,6,2024-12-03,8,1,0,111.0,7.0,,,,18.3,,,9,False,7561,2024년_딸기(킹스베리),2024-09-10,2025-05-20,84,253,0.33201581027667987,early,"[60, 90)"
11576,PF_0024365,080400,7,2024-12-03,5,0,0,106.0,10.0,,,,19.4,,,5,False,7561,2024년_딸기(킹스베리),2024-09-10,2025-05-20,84,253,0.33201581027667987,early,"[60, 90)"
11596,PF_0024365,080400,8,2024-12-03,9,2,0,98.0,9.0,,,,24.1,,,11,False,7561,2024년_딸기(킹스베리),2024-09-10,2025-05-20,84,253,0.33201581027667987,early,"[60, 90)"
11625,PF_0024365,080400,9,2024-12-03,5,0,0,91.0,9.0,,,,21.4,,,5,False,7561,2024년_딸기(킹스베리),2024-09-10,2025-05-20,84,253,0.33201581027667987,early,"[60, 90)"
11400,PF_0024365,080400,1,2024-12-10,2,3,0,106.0,9.0,,,,22.4,,,5,False,7561,2024년_딸기(킹스베리),2024-09-10,2025-05-20,91,253,0.35968379446640314,middle,"[90, 120)"
11430,PF_0024365,080400,2,2024-12-10,0,6,0,94.0,8.0,,,,23.1,,,6,False,7561,2024년_딸기(킹스베리),2024-09-10,2025-05-20,91,253,0.35968379446640314,middle,"[90, 120)"
11460,PF_0024365,080400,3,2024-12-10,0,3,6,117.0,16.0,,,,26.9,,,9,False,7561,2024년_딸기(킹스베리),2024-09-10,2025-05-20,91,253,0.35968379446640314,middle,"[90, 120)"
11490,PF_0024365,080400,4,2024-12-10,5,2,0,96.0,5.0,,,,26.8,,,7,False,7561,2024년_딸기(킹스베리),2024-09-10,2025-05-20,91,253,0.35968379446640314,middle,"[90, 120)"
11520,PF_0024365,080400,5,2024-12-10,5,1,0,105.0,8.0,,,,22.5,,,6,False,7561,2024년_딸기(킹스베리),2024-09-10,2025-05-20,91,253,0.35968379446640314,middle,"[90, 120)"
11547,PF_0024365,080400,6,2024-12-10,6,3,0,82.0,7.0,,,,20.3,,,9,False,7561,2024년_딸기(킹스베리),2024-09-10,2025-05-20,91,253,0.35968379446640314,middle,"[90, 120)"
11577,PF_0024365,080400,7,2024-12-10,5,1,0,92.0,10.0,,,,29.6,,,6,False,7561,2024년_딸기(킹스베리),2024-09-10,2025-05-20,91,253,0.35968379446640314,middle,"[90, 120)"
11597,PF_0024365,080400,8,2024-12-10,7,4,0,101.0,8.0,,,,22.1,,,11,False,7561,2024년_딸기(킹스베리),2024-09-10,2025-05-20,91,253,0.35968379446640314,middle,"[90, 120)"
11626,PF_0024365,080400,9,2024-12-10,3,0,0,93.0,11.0,,,,19.8,,,3,False,7561,2024년_딸기(킹스베리),2024-09-10,2025-05-20,91,253,0.35968379446640314,middle,"[90, 120)"
11401,PF_0024365,080400,1,2024-12-17,0,3,0,107.0,9.0,,,,29.7,,,3,False,7561,2024년_딸기(킹스베리),2024-09-10,2025-05-20,98,253,0.38735177865612647,middle,"[90, 120)"
11431,PF_0024365,080400,2,2024-12-17,0,12,0,81.0,7.0,,,,31.7,,,12,False,7561,2024년_딸기(킹스베리),2024-09-10,2025-05-20,98,253,0.38735177865612647,middle,"[90, 120)"
11461,PF_0024365,080400,3,2024-12-17,0,3,10,121.0,14.0,,,,45.5,,,13,False,7561,2024년_딸기(킹스베리),2024-09-10,2025-05-20,98,253,0.38735177865612647,middle,"[90, 120)"
11491,PF_0024365,080400,4,2024-12-17,0,7,0,74.0,11.0,,,,23.8,,,7,False,7561,2024년_딸기(킹스베리),2024-09-10,2025-05-20,98,253,0.38735177865612647,middle,"[90, 120)"
11521,PF_0024365,080400,5,2024-12-17,0,3,0,90.0,5.0,,,,18.5,,,3,False,7561,2024년_딸기(킹스베리),2024-09-10,2025-05-20,98,253,0.38735177865612647,middle,"[90, 120)"
11548,PF_0024365,080400,6,2024-12-17,0,0,0,90.0,13.0,,,,16.1,,,0,True,7561,2024년_딸기(킹스베리),2024-09-10,2025-05-20,98,253,0.38735177865612647,middle,"[90, 120)"
11578,PF_0024365,080400,7,2024-12-17,0,3,0,108.0,12.0,,,,27.1,,,3,False,7561,2024년_딸기(킹스베리),2024-09-10,2025-05-20,98,253,0.38735177865612647,middle,"[90, 120)"
11598,PF_0024365,080400,8,2024-12-17,5,6,0,118.0,10.0,,,,20.1,,,11,False,7561,2024년_딸기(킹스베리),2024-09-10,2025-05-20,98,253,0.38735177865612647,middle,"[90, 120)"
11627,PF_0024365,080400,9,2024-12-17,3,1,0,98.0,8.0,,,,22.2,,,4,False,7561,2024년_딸기(킹스베리),2024-09-10,2025-05-20,98,253,0.38735177865612647,middle,"[90, 120)"
11402,PF_0024365,080400,1,2024-12-23,0,6,0,105.0,8.0,,,,23.5,,,6,False,7561,2024년_딸기(킹스베리),2024-09-10,2025-05-20,104,253,0.41106719367588934,middle,"[90, 120)"
11432,PF_0024365,080400,2,2024-12-23,0,6,0,85.0,7.0,,,,29.3,,,6,False,7561,2024년_딸기(킹스베리),2024-09-10,2025-05-20,104,253,0.41106719367588934,middle,"[90, 120)"
11462,PF_0024365,080400,3,2024-12-23,0,5,6,107.0,15.0,,,,33.2,,,11,False,7561,2024년_딸기(킹스베리),2024-09-10,2025-05-20,104,253,0.41106719367588934,middle,"[90, 120)"
11492,PF_0024365,080400,4,2024-12-23,0,6,0,92.0,18.0,,,,22.6,,,6,False,7561,2024년_딸기(킹스베리),2024-09-10,2025-05-20,104,253,0.41106719367588934,middle,"[90, 120)"
11522,PF_0024365,080400,5,2024-12-23,0,2,0,90.0,6.0,,,,31.8,,,2,False,7561,2024년_딸기(킹스베리),2024-09-10,2025-05-20,104,253,0.41106719367588934,middle,"[90, 120)"
11549,PF_0024365,080400,6,2024-12-23,0,0,0,88.0,14.0,,,,39.6,,,0,True,7561,2024년_딸기(킹스베리),2024-09-10,2025-05-20,104,253,0.41106719367588934,middle,"[90, 120)"
11579,PF_0024365,080400,7,2024-12-23,0,2,1,94.0,12.0,,,,44.5,,,3,False,7561,2024년_딸기(킹스베리),2024-09-10,2025-05-20,104,253,0.41106719367588934,middle,"[90, 120)"
11599,PF_0024365,080400,8,2024-12-23,4,6,0,116.0,10.0,,,,32.1,,,10,False,7561,2024년_딸기(킹스베리),2024-09-10,2025-05-20,104,253,0.41106719367588934,middle,"[90, 120)"
11628,PF_0024365,080400,9,2024-12-23,0,2,0,101.0,11.0,,,,28.2,,,2,False,7561,2024년_딸기(킹스베리),2024-09-10,2025-05-20,104,253,0.41106719367588934,middle,"[90, 120)"
11403,PF_0024365,080400,1,2024-12-31,0,3,3,76.0,5.0,,,,28.2,,,6,False,7561,2024년_딸기(킹스베리),2024-09-10,2025-05-20,112,253,0.4426877470355731,middle,"[90, 120)"
11433,PF_0024365,080400,2,2024-12-31,0,6,0,80.0,8.0,,,,29.8,,,6,False,7561,2024년_딸기(킹스베리),2024-09-10,2025-05-20,112,253,0.4426877470355731,middle,"[90, 120)"
11463,PF_0024365,080400,3,2024-12-31,0,0,8,87.0,9.0,,,,29.9,,,8,False,7561,2024년_딸기(킹스베리),2024-09-10,2025-05-20,112,253,0.4426877470355731,middle,"[90, 120)"
11493,PF_0024365,080400,4,2024-12-31,0,6,0,77.0,11.0,,,,26.1,,,6,False,7561,2024년_딸기(킹스베리),2024-09-10,2025-05-20,112,253,0.4426877470355731,middle,"[90, 120)"
11523,PF_0024365,080400,5,2024-12-31,0,0,0,86.0,6.0,,,,18.2,,,0,True,7561,2024년_딸기(킹스베리),2024-09-10,2025-05-20,112,253,0.4426877470355731,middle,"[90, 120)"
11550,PF_0024365,080400,6,2024-12-31,0,0,2,90.0,18.0,,,,28.8,,,2,False,7561,2024년_딸기(킹스베리),2024-09-10,2025-05-20,112,253,0.4426877470355731,middle,"[90, 120)"
11580,PF_0024365,080400,7,2024-12-31,0,1,1,91.0,13.0,,,,35.7,,,2,False,7561,2024년_딸기(킹스베리),2024-09-10,2025-05-20,112,253,0.4426877470355731,middle,"[90, 120)"
11600,PF_0024365,080400,8,2024-12-31,0,9,0,110.0,10.0,,,,28.5,,,9,False,7561,2024년_딸기(킹스베리),2024-09-10,2025-05-20,112,253,0.4426877470355731,middle,"[90, 120)"
11629,PF_0024365,080400,9,2024-12-31,0,1,0,97.0,9.0,,,,29.3,,,1,False,7561,2024년_딸기(킹스베리),2024-09-10,2025-05-20,112,253,0.4426877470355731,middle,"[90, 120)"
11404,PF_0024365,080400,1,2025-01-07,0,0,7,91.0,5.0,,,,25.8,,,7,False,7561,2024년_딸기(킹스베리),2024-09-10,2025-05-20,119,253,0.47035573122529645,middle,"[90, 120)"
11434,PF_0024365,080400,2,2025-01-07,0,5,0,84.0,7.0,,,,30.3,,,5,False,7561,2024년_딸기(킹스베리),2024-09-10,2025-05-20,119,253,0.47035573122529645,middle,"[90, 120)"
11464,PF_0024365,080400,3,2025-01-07,0,0,6,84.0,6.0,,,,25.0,,,6,False,7561,2024년_딸기(킹스베리),2024-09-10,2025-05-20,119,253,0.47035573122529645,middle,"[90, 120)"
11494,PF_0024365,080400,4,2025-01-07,0,2,0,105.0,19.0,,,,24.7,,,2,False,7561,2024년_딸기(킹스베리),2024-09-10,2025-05-20,119,253,0.47035573122529645,middle,"[90, 120)"
11524,PF_0024365,080400,5,2025-01-07,0,0,0,71.0,4.0,,,,21.2,,,0,True,7561,2024년_딸기(킹스베리),2024-09-10,2025-05-20,119,253,0.47035573122529645,middle,"[90, 120)"
11551,PF_0024365,080400,6,2025-01-07,0,0,3,68.0,9.0,,,,23.8,,,3,False,7561,2024년_딸기(킹스베리),2024-09-10,2025-05-20,119,253,0.47035573122529645,middle,"[90, 120)"
11581,PF_0024365,080400,7,2025-01-07,0,0,3,91.0,18.0,,,,25.7,,,3,False,7561,2024년_딸기(킹스베리),2024-09-10,2025-05-20,119,253,0.47035573122529645,middle,"[90, 120)"
11601,PF_0024365,080400,8,2025-01-07,0,7,0,79.0,12.0,,,,24.7,,,7,False,7561,2024년_딸기(킹스베리),2024-09-10,2025-05-20,119,253,0.47035573122529645,middle,"[90, 120)"
11630,PF_0024365,080400,9,2025-01-07,0,0,4,95.0,8.0,,,,21.6,,,4,False,7561,2024년_딸기(킹스베리),2024-09-10,2025-05-20,119,253,0.47035573122529645,middle,"[90, 120)"
11405,PF_0024365,080400,1,2025-01-14,0,0,7,93.0,7.0,,,,33.0,,,7,False,7561,2024년_딸기(킹스베리),2024-09-10,2025-05-20,126,253,0.4980237154150198,middle,"[120, 150)"
11435,PF_0024365,080400,2,2025-01-14,0,3,2,81.0,6.0,,,,16.6,,,5,False,7561,2024년_딸기(킹스베리),2024-09-10,2025-05-20,126,253,0.4980237154150198,middle,"[120, 150)"
11465,PF_0024365,080400,3,2025-01-14,0,0,0,88.0,7.0,,,,24.8,,,0,True,7561,2024년_딸기(킹스베리),2024-09-10,2025-05-20,126,253,0.4980237154150198,middle,"[120, 150)"
11495,PF_0024365,080400,4,2025-01-14,0,0,1,109.0,5.0,,,,16.2,,,1,False,7561,2024년_딸기(킹스베리),2024-09-10,2025-05-20,126,253,0.4980237154150198,middle,"[120, 150)"
11525,PF_0024365,080400,5,2025-01-14,0,0,1,74.0,9.0,,,,22.2,,,1,False,7561,2024년_딸기(킹스베리),2024-09-10,2025-05-20,126,253,0.4980237154150198,middle,"[120, 150)"
11552,PF_0024365,080400,6,2025-01-14,0,0,1,70.0,9.0,,,,22.6,,,1,False,7561,2024년_딸기(킹스베리),2024-09-10,2025-05-20,126,253,0.4980237154150198,middle,"[120, 150)"
11582,PF_0024365,080400,7,2025-01-14,0,0,7,95.0,10.0,,,,31.3,,,7,False,7561,2024년_딸기(킹스베리),2024-09-10,2025-05-20,126,253,0.4980237154150198,middle,"[120, 150)"
11602,PF_0024365,080400,8,2025-01-14,0,5,1,100.0,12.0,,,,28.6,,,6,False,7561,2024년_딸기(킹스베리),2024-09-10,2025-05-20,126,253,0.4980237154150198,middle,"[120, 150)"
11631,PF_0024365,080400,9,2025-01-14,0,0,5,95.0,9.0,,,,27.3,,,5,False,7561,2024년_딸기(킹스베리),2024-09-10,2025-05-20,126,253,0.4980237154150198,middle,"[120, 150)"
11406,PF_0024365,080400,1,2025-01-27,0,0,4,96.0,8.0,,,,35.5,,,4,False,7561,2024년_딸기(킹스베리),2024-09-10,2025-05-20,139,253,0.549407114624506,middle,"[120, 150)"
11436,PF_0024365,080400,2,2025-01-27,0,0,5,70.0,6.0,,,,19.3,,,5,False,7561,2024년_딸기(킹스베리),2024-09-10,2025-05-20,139,253,0.549407114624506,middle,"[120, 150)"
11466,PF_0024365,080400,3,2025-01-27,0,0,0,82.0,7.0,,,,28.7,,,0,True,7561,2024년_딸기(킹스베리),2024-09-10,2025-05-20,139,253,0.549407114624506,middle,"[120, 150)"
11496,PF_0024365,080400,4,2025-01-27,0,0,2,72.0,7.0,,,,15.2,,,2,False,7561,2024년_딸기(킹스베리),2024-09-10,2025-05-20,139,253,0.549407114624506,middle,"[120, 150)"
11526,PF_0024365,080400,5,2025-01-27,0,0,3,65.0,5.0,,,,13.3,,,3,False,7561,2024년_딸기(킹스베리),2024-09-10,2025-05-20,139,253,0.549407114624506,middle,"[120, 150)"
11553,PF_0024365,080400,6,2025-01-27,0,0,0,71.0,11.0,,,,22.6,,,0,True,7561,2024년_딸기(킹스베리),2024-09-10,2025-05-20,139,253,0.549407114624506,middle,"[120, 150)"
11583,PF_0024365,080400,7,2025-01-27,0,0,3,92.0,9.0,,,,37.9,,,3,False,7561,2024년_딸기(킹스베리),2024-09-10,2025-05-20,139,253,0.549407114624506,middle,"[120, 150)"
11603,PF_0024365,080400,8,2025-01-27,0,6,0,81.0,9.0,,,,28.3,,,6,False,7561,2024년_딸기(킹스베리),2024-09-10,2025-05-20,139,253,0.549407114624506,middle,"[120, 150)"
11632,PF_0024365,080400,9,2025-01-27,0,0,3,94.0,8.0,,,,32.4,,,3,False,7561,2024년_딸기(킹스베리),2024-09-10,2025-05-20,139,253,0.549407114624506,middle,"[120, 150)"
11407,PF_0024365,080400,1,2025-02-06,0,0,0,96.0,8.0,,,,19.5,,,0,True,7561,2024년_딸기(킹스베리),2024-09-10,2025-05-20,149,253,0.5889328063241107,middle,"[120, 150)"
11437,PF_0024365,080400,2,2025-02-06,0,0,5,76.0,6.0,,,,22.3,,,5,False,7561,2024년_딸기(킹스베리),2024-09-10,2025-05-20,149,253,0.5889328063241107,middle,"[120, 150)"
11467,PF_0024365,080400,3,2025-02-06,0,0,0,92.0,10.0,,,,27.6,,,0,True,7561,2024년_딸기(킹스베리),2024-09-10,2025-05-20,149,253,0.5889328063241107,middle,"[120, 150)"
11497,PF_0024365,080400,4,2025-02-06,0,0,6,76.0,8.0,,,,17.2,,,6,False,7561,2024년_딸기(킹스베리),2024-09-10,2025-05-20,149,253,0.5889328063241107,middle,"[120, 150)"
11527,PF_0024365,080400,5,2025-02-06,0,0,8,68.0,5.0,,,,17.6,,,8,False,7561,2024년_딸기(킹스베리),2024-09-10,2025-05-20,149,253,0.5889328063241107,middle,"[120, 150)"
11554,PF_0024365,080400,6,2025-02-06,0,0,0,75.0,13.0,,,,28.0,,,0,True,7561,2024년_딸기(킹스베리),2024-09-10,2025-05-20,149,253,0.5889328063241107,middle,"[120, 150)"
11584,PF_0024365,080400,7,2025-02-06,0,0,2,79.0,12.0,,,,24.7,,,2,False,7561,2024년_딸기(킹스베리),2024-09-10,2025-05-20,149,253,0.5889328063241107,middle,"[120, 150)"
11604,PF_0024365,080400,8,2025-02-06,0,0,0,81.0,8.0,,,,28.2,,,0,True,7561,2024년_딸기(킹스베리),2024-09-10,2025-05-20,149,253,0.5889328063241107,middle,"[120, 150)"
11633,PF_0024365,080400,9,2025-02-06,0,0,2,54.0,9.0,,,,32.5,,,2,False,7561,2024년_딸기(킹스베리),2024-09-10,2025-05-20,149,253,0.5889328063241107,middle,"[120, 150)"
11408,PF_0024365,080400,1,2025-02-11,0,0,0,77.0,11.0,,,,29.6,,,0,True,7561,2024년_딸기(킹스베리),2024-09-10,2025-05-20,154,253,0.6086956521739131,middle,"[150, 180)"
11438,PF_0024365,080400,2,2025-02-11,0,0,5,80.0,6.0,,,,24.0,,,5,False,7561,2024년_딸기(킹스베리),2024-09-10,2025-05-20,154,253,0.6086956521739131,middle,"[150, 180)"
11468,PF_0024365,080400,3,2025-02-11,0,0,0,90.0,14.0,,,,36.4,,,0,True,7561,2024년_딸기(킹스베리),2024-09-10,2025-05-20,154,253,0.6086956521739131,middle,"[150, 180)"
11498,PF_0024365,080400,4,2025-02-11,0,0,5,62.0,6.0,,,,16.7,,,5,False,7561,2024년_딸기(킹스베리),2024-09-10,2025-05-20,154,253,0.6086956521739131,middle,"[150, 180)"
11528,PF_0024365,080400,5,2025-02-11,0,0,10,70.0,5.0,,,,24.2,,,10,False,7561,2024년_딸기(킹스베리),2024-09-10,2025-05-20,154,253,0.6086956521739131,middle,"[150, 180)"
11555,PF_0024365,080400,6,2025-02-11,0,0,0,75.0,14.0,,,,26.7,,,0,True,7561,2024년_딸기(킹스베리),2024-09-10,2025-05-20,154,253,0.6086956521739131,middle,"[150, 180)"
11585,PF_0024365,080400,7,2025-02-11,0,0,0,83.0,11.0,,,,27.6,,,0,True,7561,2024년_딸기(킹스베리),2024-09-10,2025-05-20,154,253,0.6086956521739131,middle,"[150, 180)"
11605,PF_0024365,080400,8,2025-02-11,0,0,0,79.0,13.0,,,,25.3,,,0,True,7561,2024년_딸기(킹스베리),2024-09-10,2025-05-20,154,253,0.6086956521739131,middle,"[150, 180)"
11634,PF_0024365,080400,9,2025-02-11,0,0,1,70.0,9.0,,,,21.8,,,1,False,7561,2024년_딸기(킹스베리),2024-09-10,2025-05-20,154,253,0.6086956521739131,middle,"[150, 180)"
11409,PF_0024365,080400,1,2025-02-20,0,0,0,83.0,8.0,,,,32.0,,,0,True,7561,2024년_딸기(킹스베리),2024-09-10,2025-05-20,163,253,0.6442687747035574,middle,"[150, 180)"
11439,PF_0024365,080400,2,2025-02-20,0,0,0,96.0,6.0,,,,18.7,,,0,True,7561,2024년_딸기(킹스베리),2024-09-10,2025-05-20,163,253,0.6442687747035574,middle,"[150, 180)"
11469,PF_0024365,080400,3,2025-02-20,0,0,0,84.0,7.0,,,,31.3,,,0,True,7561,2024년_딸기(킹스베리),2024-09-10,2025-05-20,163,253,0.6442687747035574,middle,"[150, 180)"
11499,PF_0024365,080400,4,2025-02-20,0,0,1,65.0,6.0,,,,22.0,,,1,False,7561,2024년_딸기(킹스베리),2024-09-10,2025-05-20,163,253,0.6442687747035574,middle,"[150, 180)"
11529,PF_0024365,080400,5,2025-02-20,0,0,5,78.0,8.0,,,,22.2,,,5,False,7561,2024년_딸기(킹스베리),2024-09-10,2025-05-20,163,253,0.6442687747035574,middle,"[150, 180)"
11556,PF_0024365,080400,6,2025-02-20,0,0,0,56.0,11.0,,,,27.7,,,0,True,7561,2024년_딸기(킹스베리),2024-09-10,2025-05-20,163,253,0.6442687747035574,middle,"[150, 180)"
11586,PF_0024365,080400,7,2025-02-20,0,0,0,77.0,6.0,,,,19.0,,,0,True,7561,2024년_딸기(킹스베리),2024-09-10,2025-05-20,163,253,0.6442687747035574,middle,"[150, 180)"
11606,PF_0024365,080400,8,2025-02-20,0,0,0,58.0,12.0,,,,27.4,,,0,True,7561,2024년_딸기(킹스베리),2024-09-10,2025-05-20,163,253,0.6442687747035574,middle,"[150, 180)"
11635,PF_0024365,080400,9,2025-02-20,0,0,0,60.0,10.0,,,,33.6,,,0,True,7561,2024년_딸기(킹스베리),2024-09-10,2025-05-20,163,253,0.6442687747035574,middle,"[150, 180)"
11410,PF_0024365,080400,1,2025-02-28,0,0,0,71.0,13.0,,,,25.0,,,0,True,7561,2024년_딸기(킹스베리),2024-09-10,2025-05-20,171,253,0.6758893280632411,late,"[150, 180)"
11440,PF_0024365,080400,2,2025-02-28,0,0,0,86.0,7.0,,,,20.2,,,0,True,7561,2024년_딸기(킹스베리),2024-09-10,2025-05-20,171,253,0.6758893280632411,late,"[150, 180)"
11470,PF_0024365,080400,3,2025-02-28,0,0,0,83.0,7.0,,,,36.5,,,0,True,7561,2024년_딸기(킹스베리),2024-09-10,2025-05-20,171,253,0.6758893280632411,late,"[150, 180)"
11500,PF_0024365,080400,4,2025-02-28,0,0,0,69.0,15.0,,,,29.4,,,0,True,7561,2024년_딸기(킹스베리),2024-09-10,2025-05-20,171,253,0.6758893280632411,late,"[150, 180)"
11530,PF_0024365,080400,5,2025-02-28,0,0,8,67.0,9.0,,,,22.8,,,8,False,7561,2024년_딸기(킹스베리),2024-09-10,2025-05-20,171,253,0.6758893280632411,late,"[150, 180)"
11557,PF_0024365,080400,6,2025-02-28,0,0,0,75.0,7.0,,,,19.1,,,0,True,7561,2024년_딸기(킹스베리),2024-09-10,2025-05-20,171,253,0.6758893280632411,late,"[150, 180)"
11607,PF_0024365,080400,8,2025-02-28,0,0,0,84.0,6.0,,,,25.4,,,0,True,7561,2024년_딸기(킹스베리),2024-09-10,2025-05-20,171,253,0.6758893280632411,late,"[150, 180)"
11636,PF_0024365,080400,9,2025-02-28,0,0,0,85.0,5.0,,,,16.5,,,0,True,7561,2024년_딸기(킹스베리),2024-09-10,2025-05-20,171,253,0.6758893280632411,late,"[150, 180)"
11411,PF_0024365,080400,1,2025-03-06,0,0,0,72.0,12.0,,,,24.7,,,0,True,7561,2024년_딸기(킹스베리),2024-09-10,2025-05-20,177,253,0.6996047430830039,late,"[150, 180)"
11441,PF_0024365,080400,2,2025-03-06,0,0,0,87.0,8.0,,,,20.0,,,0,True,7561,2024년_딸기(킹스베리),2024-09-10,2025-05-20,177,253,0.6996047430830039,late,"[150, 180)"
11471,PF_0024365,080400,3,2025-03-06,0,0,0,84.0,7.0,,,,37.2,,,0,True,7561,2024년_딸기(킹스베리),2024-09-10,2025-05-20,177,253,0.6996047430830039,late,"[150, 180)"
11501,PF_0024365,080400,4,2025-03-06,0,0,0,71.0,14.0,,,,30.5,,,0,True,7561,2024년_딸기(킹스베리),2024-09-10,2025-05-20,177,253,0.6996047430830039,late,"[150, 180)"
11531,PF_0024365,080400,5,2025-03-06,0,0,0,65.0,10.0,,,,23.5,,,0,True,7561,2024년_딸기(킹스베리),2024-09-10,2025-05-20,177,253,0.6996047430830039,late,"[150, 180)"
11558,PF_0024365,080400,6,2025-03-06,0,0,0,77.0,8.0,,,,20.4,,,0,True,7561,2024년_딸기(킹스베리),2024-09-10,2025-05-20,177,253,0.6996047430830039,late,"[150, 180)"
11608,PF_0024365,080400,8,2025-03-06,0,0,0,82.0,7.0,,,,26.3,,,0,True,7561,2024년_딸기(킹스베리),2024-09-10,2025-05-20,177,253,0.6996047430830039,late,"[150, 180)"
11637,PF_0024365,080400,9,2025-03-06,0,0,0,83.0,7.0,,,,17.2,,,0,True,7561,2024년_딸기(킹스베리),2024-09-10,2025-05-20,177,253,0.6996047430830039,late,"[150, 180)"
11412,PF_0024365,080400,1,2025-03-14,0,0,0,95.0,11.0,,,,25.4,,,0,True,7561,2024년_딸기(킹스베리),2024-09-10,2025-05-20,185,253,0.7312252964426877,late,"[180, 210)"
11442,PF_0024365,080400,2,2025-03-14,0,0,0,100.0,8.0,,,,21.1,,,0,True,7561,2024년_딸기(킹스베리),2024-09-10,2025-05-20,185,253,0.7312252964426877,late,"[180, 210)"
11472,PF_0024365,080400,3,2025-03-14,0,0,0,87.0,8.0,,,,38.0,,,0,True,7561,2024년_딸기(킹스베리),2024-09-10,2025-05-20,185,253,0.7312252964426877,late,"[180, 210)"
11502,PF_0024365,080400,4,2025-03-14,0,0,0,95.0,13.0,,,,31.2,,,0,True,7561,2024년_딸기(킹스베리),2024-09-10,2025-05-20,185,253,0.7312252964426877,late,"[180, 210)"
11532,PF_0024365,080400,5,2025-03-14,0,0,0,73.0,8.0,,,,25.2,,,0,True,7561,2024년_딸기(킹스베리),2024-09-10,2025-05-20,185,253,0.7312252964426877,late,"[180, 210)"
11559,PF_0024365,080400,6,2025-03-14,0,0,0,94.0,9.0,,,,21.1,,,0,True,7561,2024년_딸기(킹스베리),2024-09-10,2025-05-20,185,253,0.7312252964426877,late,"[180, 210)"
11609,PF_0024365,080400,8,2025-03-14,0,0,0,96.0,8.0,,,,25.3,,,0,True,7561,2024년_딸기(킹스베리),2024-09-10,2025-05-20,185,253,0.7312252964426877,late,"[180, 210)"
11638,PF_0024365,080400,9,2025-03-14,0,0,0,85.0,8.0,,,,18.4,,,0,True,7561,2024년_딸기(킹스베리),2024-09-10,2025-05-20,185,253,0.7312252964426877,late,"[180, 210)"
11413,PF_0024365,080400,1,2025-03-20,0,0,0,94.0,9.0,,,,25.8,,,0,True,7561,2024년_딸기(킹스베리),2024-09-10,2025-05-20,191,253,0.7549407114624506,late,"[180, 210)"
11443,PF_0024365,080400,2,2025-03-20,0,0,0,99.0,9.0,,,,22.1,,,0,True,7561,2024년_딸기(킹스베리),2024-09-10,2025-05-20,191,253,0.7549407114624506,late,"[180, 210)"
11473,PF_0024365,080400,3,2025-03-20,0,0,0,88.0,8.0,,,,40.1,,,0,True,7561,2024년_딸기(킹스베리),2024-09-10,2025-05-20,191,253,0.7549407114624506,late,"[180, 210)"
11503,PF_0024365,080400,4,2025-03-20,0,0,0,96.0,12.0,,,,32.5,,,0,True,7561,2024년_딸기(킹스베리),2024-09-10,2025-05-20,191,253,0.7549407114624506,late,"[180, 210)"
11533,PF_0024365,080400,5,2025-03-20,0,0,0,77.0,6.0,,,,26.9,,,0,True,7561,2024년_딸기(킹스베리),2024-09-10,2025-05-20,191,253,0.7549407114624506,late,"[180, 210)"
11560,PF_0024365,080400,6,2025-03-20,0,0,0,96.0,7.0,,,,23.3,,,0,True,7561,2024년_딸기(킹스베리),2024-09-10,2025-05-20,191,253,0.7549407114624506,late,"[180, 210)"
11610,PF_0024365,080400,8,2025-03-20,0,0,0,98.0,8.0,,,,26.8,,,0,True,7561,2024년_딸기(킹스베리),2024-09-10,2025-05-20,191,253,0.7549407114624506,late,"[180, 210)"
11639,PF_0024365,080400,9,2025-03-20,0,0,0,88.0,6.0,,,,20.4,,,0,True,7561,2024년_딸기(킹스베리),2024-09-10,2025-05-20,191,253,0.7549407114624506,late,"[180, 210)"
11414,PF_0024365,080400,1,2025-03-28,0,0,0,95.0,10.0,,,,26.2,,,0,True,7561,2024년_딸기(킹스베리),2024-09-10,2025-05-20,199,253,0.7865612648221344,late,"[180, 210)"
11444,PF_0024365,080400,2,2025-03-28,0,0,0,101.0,10.0,,,,22.4,,,0,True,7561,2024년_딸기(킹스베리),2024-09-10,2025-05-20,199,253,0.7865612648221344,late,"[180, 210)"
11474,PF_0024365,080400,3,2025-03-28,0,0,0,89.0,9.0,,,,40.4,,,0,True,7561,2024년_딸기(킹스베리),2024-09-10,2025-05-20,199,253,0.7865612648221344,late,"[180, 210)"
11504,PF_0024365,080400,4,2025-03-28,0,0,0,98.0,11.0,,,,32.9,,,0,True,7561,2024년_딸기(킹스베리),2024-09-10,2025-05-20,199,253,0.7865612648221344,late,"[180, 210)"
11534,PF_0024365,080400,5,2025-03-28,0,0,0,79.0,7.0,,,,27.1,,,0,True,7561,2024년_딸기(킹스베리),2024-09-10,2025-05-20,199,253,0.7865612648221344,late,"[180, 210)"
11561,PF_0024365,080400,6,2025-03-28,0,0,0,97.0,8.0,,,,23.6,,,0,True,7561,2024년_딸기(킹스베리),2024-09-10,2025-05-20,199,253,0.7865612648221344,late,"[180, 210)"
11611,PF_0024365,080400,8,2025-03-28,0,0,0,100.0,8.0,,,,27.2,,,0,True,7561,2024년_딸기(킹스베리),2024-09-10,2025-05-20,199,253,0.7865612648221344,late,"[180, 210)"
11640,PF_0024365,080400,9,2025-03-28,0,0,0,89.0,7.0,,,,20.6,,,0,True,7561,2024년_딸기(킹스베리),2024-09-10,2025-05-20,199,253,0.7865612648221344,late,"[180, 210)"
11415,PF_0024365,080400,1,2025-04-04,0,0,0,96.0,10.0,,,,26.0,,,0,True,7561,2024년_딸기(킹스베리),2024-09-10,2025-05-20,206,253,0.8142292490118577,late,"[180, 210)"
11445,PF_0024365,080400,2,2025-04-04,0,0,0,102.0,10.0,,,,22.2,,,0,True,7561,2024년_딸기(킹스베리),2024-09-10,2025-05-20,206,253,0.8142292490118577,late,"[180, 210)"
11475,PF_0024365,080400,3,2025-04-04,0,0,0,90.0,10.0,,,,40.2,,,0,True,7561,2024년_딸기(킹스베리),2024-09-10,2025-05-20,206,253,0.8142292490118577,late,"[180, 210)"
11505,PF_0024365,080400,4,2025-04-04,0,0,0,98.0,11.0,,,,32.7,,,0,True,7561,2024년_딸기(킹스베리),2024-09-10,2025-05-20,206,253,0.8142292490118577,late,"[180, 210)"
11535,PF_0024365,080400,5,2025-04-04,0,0,0,79.0,8.0,,,,27.0,,,0,True,7561,2024년_딸기(킹스베리),2024-09-10,2025-05-20,206,253,0.8142292490118577,late,"[180, 210)"
11562,PF_0024365,080400,6,2025-04-04,0,0,0,98.0,9.0,,,,23.4,,,0,True,7561,2024년_딸기(킹스베리),2024-09-10,2025-05-20,206,253,0.8142292490118577,late,"[180, 210)"
11612,PF_0024365,080400,8,2025-04-04,0,0,0,101.0,9.0,,,,26.4,,,0,True,7561,2024년_딸기(킹스베리),2024-09-10,2025-05-20,206,253,0.8142292490118577,late,"[180, 210)"
11641,PF_0024365,080400,9,2025-04-04,0,0,0,91.0,8.0,,,,20.5,,,0,True,7561,2024년_딸기(킹스베리),2024-09-10,2025-05-20,206,253,0.8142292490118577,late,"[180, 210)"
11416,PF_0024365,080400,1,2025-04-10,0,0,0,99.0,11.0,,,,26.1,,,0,True,7561,2024년_딸기(킹스베리),2024-09-10,2025-05-20,212,253,0.8379446640316206,late,"[210, 240)"
11446,PF_0024365,080400,2,2025-04-10,0,0,0,106.0,11.0,,,,22.5,,,0,True,7561,2024년_딸기(킹스베리),2024-09-10,2025-05-20,212,253,0.8379446640316206,late,"[210, 240)"
11476,PF_0024365,080400,3,2025-04-10,0,0,0,94.0,12.0,,,,40.3,,,0,True,7561,2024년_딸기(킹스베리),2024-09-10,2025-05-20,212,253,0.8379446640316206,late,"[210, 240)"
11506,PF_0024365,080400,4,2025-04-10,0,0,0,101.0,12.0,,,,33.1,,,0,True,7561,2024년_딸기(킹스베리),2024-09-10,2025-05-20,212,253,0.8379446640316206,late,"[210, 240)"
11536,PF_0024365,080400,5,2025-04-10,0,0,0,81.0,9.0,,,,27.1,,,0,True,7561,2024년_딸기(킹스베리),2024-09-10,2025-05-20,212,253,0.8379446640316206,late,"[210, 240)"
11563,PF_0024365,080400,6,2025-04-10,0,0,0,102.0,10.0,,,,23.5,,,0,True,7561,2024년_딸기(킹스베리),2024-09-10,2025-05-20,212,253,0.8379446640316206,late,"[210, 240)"
11613,PF_0024365,080400,8,2025-04-10,0,0,0,105.0,10.0,,,,26.7,,,0,True,7561,2024년_딸기(킹스베리),2024-09-10,2025-05-20,212,253,0.8379446640316206,late,"[210, 240)"
11642,PF_0024365,080400,9,2025-04-10,0,0,0,94.0,9.0,,,,20.7,,,0,True,7561,2024년_딸기(킹스베리),2024-09-10,2025-05-20,212,253,0.8379446640316206,late,"[210, 240)"
11417,PF_0024365,080400,1,2025-04-19,0,0,0,98.0,10.0,,,,25.7,,,0,True,7561,2024년_딸기(킹스베리),2024-09-10,2025-05-20,221,253,0.8735177865612648,late,"[210, 240)"
11447,PF_0024365,080400,2,2025-04-19,0,0,0,104.0,10.0,,,,22.1,,,0,True,7561,2024년_딸기(킹스베리),2024-09-10,2025-05-20,221,253,0.8735177865612648,late,"[210, 240)"
11477,PF_0024365,080400,3,2025-04-19,0,0,0,92.0,11.0,,,,39.1,,,0,True,7561,2024년_딸기(킹스베리),2024-09-10,2025-05-20,221,253,0.8735177865612648,late,"[210, 240)"
11507,PF_0024365,080400,4,2025-04-19,0,0,0,100.0,11.0,,,,30.2,,,0,True,7561,2024년_딸기(킹스베리),2024-09-10,2025-05-20,221,253,0.8735177865612648,late,"[210, 240)"
11564,PF_0024365,080400,6,2025-04-19,0,0,0,100.0,9.0,,,,21.0,,,0,True,7561,2024년_딸기(킹스베리),2024-09-10,2025-05-20,221,253,0.8735177865612648,late,"[210, 240)"
11614,PF_0024365,080400,8,2025-04-19,0,0,0,103.0,9.0,,,,25.4,,,0,True,7561,2024년_딸기(킹스베리),2024-09-10,2025-05-20,221,253,0.8735177865612648,late,"[210, 240)"
11643,PF_0024365,080400,9,2025-04-19,0,0,0,93.0,9.0,,,,19.8,,,0,True,7561,2024년_딸기(킹스베리),2024-09-10,2025-05-20,221,253,0.8735177865612648,late,"[210, 240)"
11418,PF_0024365,080400,1,2025-04-26,0,0,0,115.0,11.0,,,,26.6,,,0,True,7561,2024년_딸기(킹스베리),2024-09-10,2025-05-20,228,253,0.9011857707509882,late,"[210, 240)"
11448,PF_0024365,080400,2,2025-04-26,0,0,0,150.0,11.0,,,,24.3,,,0,True,7561,2024년_딸기(킹스베리),2024-09-10,2025-05-20,228,253,0.9011857707509882,late,"[210, 240)"
11478,PF_0024365,080400,3,2025-04-26,0,0,0,148.0,12.0,,,,41.6,,,0,True,7561,2024년_딸기(킹스베리),2024-09-10,2025-05-20,228,253,0.9011857707509882,late,"[210, 240)"
11508,PF_0024365,080400,4,2025-04-26,0,0,0,179.0,12.0,,,,35.1,,,0,True,7561,2024년_딸기(킹스베리),2024-09-10,2025-05-20,228,253,0.9011857707509882,late,"[210, 240)"
11565,PF_0024365,080400,6,2025-04-26,0,0,0,117.0,9.0,,,,21.7,,,0,True,7561,2024년_딸기(킹스베리),2024-09-10,2025-05-20,228,253,0.9011857707509882,late,"[210, 240)"
11615,PF_0024365,080400,8,2025-04-26,0,0,0,146.0,10.0,,,,29.0,,,0,True,7561,2024년_딸기(킹스베리),2024-09-10,2025-05-20,228,253,0.9011857707509882,late,"[210, 240)"
11644,PF_0024365,080400,9,2025-04-26,0,0,0,120.0,12.0,,,,23.8,,,0,True,7561,2024년_딸기(킹스베리),2024-09-10,2025-05-20,228,253,0.9011857707509882,late,"[210, 240)"
11419,PF_0024365,080400,1,2025-04-30,0,0,0,121.0,10.0,,,,25.1,,,0,True,7561,2024년_딸기(킹스베리),2024-09-10,2025-05-20,232,253,0.9169960474308301,late,"[210, 240)"
11449,PF_0024365,080400,2,2025-04-30,0,0,0,121.0,10.0,,,,22.9,,,0,True,7561,2024년_딸기(킹스베리),2024-09-10,2025-05-20,232,253,0.9169960474308301,late,"[210, 240)"
11479,PF_0024365,080400,3,2025-04-30,0,0,0,105.0,10.0,,,,37.4,,,0,True,7561,2024년_딸기(킹스베리),2024-09-10,2025-05-20,232,253,0.9169960474308301,late,"[210, 240)"
11509,PF_0024365,080400,4,2025-04-30,0,0,0,91.0,11.0,,,,33.8,,,0,True,7561,2024년_딸기(킹스베리),2024-09-10,2025-05-20,232,253,0.9169960474308301,late,"[210, 240)"
11566,PF_0024365,080400,6,2025-04-30,0,0,0,115.0,8.0,,,,21.0,,,0,True,7561,2024년_딸기(킹스베리),2024-09-10,2025-05-20,232,253,0.9169960474308301,late,"[210, 240)"
11645,PF_0024365,080400,9,2025-04-30,0,0,0,111.0,11.0,,,,22.1,,,0,True,7561,2024년_딸기(킹스베리),2024-09-10,2025-05-20,232,253,0.9169960474308301,late,"[210, 240)"
12144,PF_0024651,080400,1,2024-10-09,0,0,0,0.0,0.0,,,,0.0,,,0,True,7538,2024년_딸기(홍희),2024-09-15,2025-06-10,24,269,0.08921933085501858,early,"[0, 30)"
12176,PF_0024651,080400,2,2024-10-09,0,0,0,70.0,5.0,,,,8.1,,,0,True,7538,2024년_딸기(홍희),2024-09-15,2025-06-10,24,269,0.08921933085501858,early,"[0, 30)"
12208,PF_0024651,080400,3,2024-10-09,0,0,0,70.0,6.0,,,,12.3,,,0,True,7538,2024년_딸기(홍희),2024-09-15,2025-06-10,24,269,0.08921933085501858,early,"[0, 30)"
12240,PF_0024651,080400,4,2024-10-09,0,0,0,80.0,5.0,,,,5.1,,,0,True,7538,2024년_딸기(홍희),2024-09-15,2025-06-10,24,269,0.08921933085501858,early,"[0, 30)"
12272,PF_0024651,080400,5,2024-10-09,0,0,0,80.0,7.0,,,,11.9,,,0,True,7538,2024년_딸기(홍희),2024-09-15,2025-06-10,24,269,0.08921933085501858,early,"[0, 30)"
12304,PF_0024651,080400,6,2024-10-09,0,0,0,80.0,6.0,,,,11.7,,,0,True,7538,2024년_딸기(홍희),2024-09-15,2025-06-10,24,269,0.08921933085501858,early,"[0, 30)"
12336,PF_0024651,080400,7,2024-10-09,0,0,0,75.0,7.0,,,,8.4,,,0,True,7538,2024년_딸기(홍희),2024-09-15,2025-06-10,24,269,0.08921933085501858,early,"[0, 30)"
12368,PF_0024651,080400,8,2024-10-09,0,0,0,70.0,5.0,,,,13.4,,,0,True,7538,2024년_딸기(홍희),2024-09-15,2025-06-10,24,269,0.08921933085501858,early,"[0, 30)"
12400,PF_0024651,080400,9,2024-10-09,0,0,0,85.0,7.0,,,,8.5,,,0,True,7538,2024년_딸기(홍희),2024-09-15,2025-06-10,24,269,0.08921933085501858,early,"[0, 30)"
12145,PF_0024651,080400,1,2024-10-14,0,0,0,0.0,0.0,,,,0.0,,,0,True,7538,2024년_딸기(홍희),2024-09-15,2025-06-10,29,269,0.10780669144981413,early,"[0, 30)"
12177,PF_0024651,080400,2,2024-10-14,0,0,0,95.0,6.0,,,,14.9,,,0,True,7538,2024년_딸기(홍희),2024-09-15,2025-06-10,29,269,0.10780669144981413,early,"[0, 30)"
12209,PF_0024651,080400,3,2024-10-14,0,0,0,100.0,7.0,,,,14.5,,,0,True,7538,2024년_딸기(홍희),2024-09-15,2025-06-10,29,269,0.10780669144981413,early,"[0, 30)"
12241,PF_0024651,080400,4,2024-10-14,0,0,0,100.0,6.0,,,,12.7,,,0,True,7538,2024년_딸기(홍희),2024-09-15,2025-06-10,29,269,0.10780669144981413,early,"[0, 30)"
12273,PF_0024651,080400,5,2024-10-14,0,0,0,120.0,7.0,,,,11.4,,,0,True,7538,2024년_딸기(홍희),2024-09-15,2025-06-10,29,269,0.10780669144981413,early,"[0, 30)"
12305,PF_0024651,080400,6,2024-10-14,0,0,0,10.0,8.0,,,,8.4,,,0,True,7538,2024년_딸기(홍희),2024-09-15,2025-06-10,29,269,0.10780669144981413,early,"[0, 30)"
12337,PF_0024651,080400,7,2024-10-14,0,0,0,90.0,8.0,,,,8.9,,,0,True,7538,2024년_딸기(홍희),2024-09-15,2025-06-10,29,269,0.10780669144981413,early,"[0, 30)"
12369,PF_0024651,080400,8,2024-10-14,0,0,0,110.0,7.0,,,,10.8,,,0,True,7538,2024년_딸기(홍희),2024-09-15,2025-06-10,29,269,0.10780669144981413,early,"[0, 30)"
12401,PF_0024651,080400,9,2024-10-14,0,0,0,120.0,8.0,,,,11.1,,,0,True,7538,2024년_딸기(홍희),2024-09-15,2025-06-10,29,269,0.10780669144981413,early,"[0, 30)"
12146,PF_0024651,080400,1,2024-10-21,0,0,0,0.0,0.0,,,,0.0,,,0,True,7538,2024년_딸기(홍희),2024-09-15,2025-06-10,36,269,0.13382899628252787,early,"[30, 60)"
12178,PF_0024651,080400,2,2024-10-21,0,0,0,110.0,4.0,,,,10.2,,,0,True,7538,2024년_딸기(홍희),2024-09-15,2025-06-10,36,269,0.13382899628252787,early,"[30, 60)"
12210,PF_0024651,080400,3,2024-10-21,0,0,0,120.0,5.0,,,,13.4,,,0,True,7538,2024년_딸기(홍희),2024-09-15,2025-06-10,36,269,0.13382899628252787,early,"[30, 60)"
12242,PF_0024651,080400,4,2024-10-21,0,0,0,120.0,4.0,,,,8.2,,,0,True,7538,2024년_딸기(홍희),2024-09-15,2025-06-10,36,269,0.13382899628252787,early,"[30, 60)"
12274,PF_0024651,080400,5,2024-10-21,0,0,0,140.0,4.0,,,,14.9,,,0,True,7538,2024년_딸기(홍희),2024-09-15,2025-06-10,36,269,0.13382899628252787,early,"[30, 60)"
12306,PF_0024651,080400,6,2024-10-21,0,0,0,120.0,3.0,,,,10.5,,,0,True,7538,2024년_딸기(홍희),2024-09-15,2025-06-10,36,269,0.13382899628252787,early,"[30, 60)"
12338,PF_0024651,080400,7,2024-10-21,0,0,0,120.0,3.0,,,,10.0,,,0,True,7538,2024년_딸기(홍희),2024-09-15,2025-06-10,36,269,0.13382899628252787,early,"[30, 60)"
12370,PF_0024651,080400,8,2024-10-21,0,0,0,120.0,3.0,,,,7.8,,,0,True,7538,2024년_딸기(홍희),2024-09-15,2025-06-10,36,269,0.13382899628252787,early,"[30, 60)"
12402,PF_0024651,080400,9,2024-10-21,0,0,0,120.0,4.0,,,,6.8,,,0,True,7538,2024년_딸기(홍희),2024-09-15,2025-06-10,36,269,0.13382899628252787,early,"[30, 60)"
12147,PF_0024651,080400,1,2024-10-29,0,0,0,120.0,3.0,,,,6.6,,,0,True,7538,2024년_딸기(홍희),2024-09-15,2025-06-10,44,269,0.16356877323420074,early,"[30, 60)"
12179,PF_0024651,080400,2,2024-10-29,0,0,0,130.0,5.0,,,,12.5,,,0,True,7538,2024년_딸기(홍희),2024-09-15,2025-06-10,44,269,0.16356877323420074,early,"[30, 60)"
12211,PF_0024651,080400,3,2024-10-29,0,0,0,130.0,5.0,,,,14.3,,,0,True,7538,2024년_딸기(홍희),2024-09-15,2025-06-10,44,269,0.16356877323420074,early,"[30, 60)"
12243,PF_0024651,080400,4,2024-10-29,0,0,0,140.0,4.0,,,,13.3,,,0,True,7538,2024년_딸기(홍희),2024-09-15,2025-06-10,44,269,0.16356877323420074,early,"[30, 60)"
12275,PF_0024651,080400,5,2024-10-29,0,0,0,140.0,4.0,,,,10.5,,,0,True,7538,2024년_딸기(홍희),2024-09-15,2025-06-10,44,269,0.16356877323420074,early,"[30, 60)"
12307,PF_0024651,080400,6,2024-10-29,0,0,0,130.0,4.0,,,,10.8,,,0,True,7538,2024년_딸기(홍희),2024-09-15,2025-06-10,44,269,0.16356877323420074,early,"[30, 60)"
12339,PF_0024651,080400,7,2024-10-29,0,0,0,110.0,4.0,,,,10.1,,,0,True,7538,2024년_딸기(홍희),2024-09-15,2025-06-10,44,269,0.16356877323420074,early,"[30, 60)"
12371,PF_0024651,080400,8,2024-10-29,0,0,0,120.0,4.0,,,,12.8,,,0,True,7538,2024년_딸기(홍희),2024-09-15,2025-06-10,44,269,0.16356877323420074,early,"[30, 60)"
12403,PF_0024651,080400,9,2024-10-29,0,0,0,120.0,4.0,,,,10.7,,,0,True,7538,2024년_딸기(홍희),2024-09-15,2025-06-10,44,269,0.16356877323420074,early,"[30, 60)"
12148,PF_0024651,080400,1,2024-11-04,0,0,0,130.0,4.0,,,,16.6,,,0,True,7538,2024년_딸기(홍희),2024-09-15,2025-06-10,50,269,0.18587360594795538,early,"[30, 60)"
12180,PF_0024651,080400,2,2024-11-04,0,0,0,130.0,6.0,,,,19.3,,,0,True,7538,2024년_딸기(홍희),2024-09-15,2025-06-10,50,269,0.18587360594795538,early,"[30, 60)"
12212,PF_0024651,080400,3,2024-11-04,0,0,0,130.0,6.0,,,,15.2,,,0,True,7538,2024년_딸기(홍희),2024-09-15,2025-06-10,50,269,0.18587360594795538,early,"[30, 60)"
12244,PF_0024651,080400,4,2024-11-04,0,0,0,140.0,4.0,,,,18.5,,,0,True,7538,2024년_딸기(홍희),2024-09-15,2025-06-10,50,269,0.18587360594795538,early,"[30, 60)"
12276,PF_0024651,080400,5,2024-11-04,0,0,0,130.0,5.0,,,,16.0,,,0,True,7538,2024년_딸기(홍희),2024-09-15,2025-06-10,50,269,0.18587360594795538,early,"[30, 60)"
12308,PF_0024651,080400,6,2024-11-04,0,0,0,140.0,5.0,,,,13.0,,,0,True,7538,2024년_딸기(홍희),2024-09-15,2025-06-10,50,269,0.18587360594795538,early,"[30, 60)"
12340,PF_0024651,080400,7,2024-11-04,0,0,0,120.0,4.0,,,,11.7,,,0,True,7538,2024년_딸기(홍희),2024-09-15,2025-06-10,50,269,0.18587360594795538,early,"[30, 60)"
12372,PF_0024651,080400,8,2024-11-04,0,0,0,130.0,4.0,,,,12.5,,,0,True,7538,2024년_딸기(홍희),2024-09-15,2025-06-10,50,269,0.18587360594795538,early,"[30, 60)"
12404,PF_0024651,080400,9,2024-11-04,0,0,0,130.0,4.0,,,,12.8,,,0,True,7538,2024년_딸기(홍희),2024-09-15,2025-06-10,50,269,0.18587360594795538,early,"[30, 60)"
12149,PF_0024651,080400,1,2024-11-11,0,0,0,130.0,5.0,,,,14.7,,,0,True,7538,2024년_딸기(홍희),2024-09-15,2025-06-10,57,269,0.21189591078066913,early,"[30, 60)"
12181,PF_0024651,080400,2,2024-11-11,0,0,0,140.0,6.0,,,,18.2,,,0,True,7538,2024년_딸기(홍희),2024-09-15,2025-06-10,57,269,0.21189591078066913,early,"[30, 60)"
12213,PF_0024651,080400,3,2024-11-11,0,0,0,130.0,7.0,,,,13.8,,,0,True,7538,2024년_딸기(홍희),2024-09-15,2025-06-10,57,269,0.21189591078066913,early,"[30, 60)"
12245,PF_0024651,080400,4,2024-11-11,0,0,0,140.0,7.0,,,,12.5,,,0,True,7538,2024년_딸기(홍희),2024-09-15,2025-06-10,57,269,0.21189591078066913,early,"[30, 60)"
12277,PF_0024651,080400,5,2024-11-11,0,0,0,140.0,6.0,,,,12.1,,,0,True,7538,2024년_딸기(홍희),2024-09-15,2025-06-10,57,269,0.21189591078066913,early,"[30, 60)"
12309,PF_0024651,080400,6,2024-11-11,0,0,0,110.0,6.0,,,,10.6,,,0,True,7538,2024년_딸기(홍희),2024-09-15,2025-06-10,57,269,0.21189591078066913,early,"[30, 60)"
12341,PF_0024651,080400,7,2024-11-11,0,0,0,120.0,6.0,,,,12.2,,,0,True,7538,2024년_딸기(홍희),2024-09-15,2025-06-10,57,269,0.21189591078066913,early,"[30, 60)"
12373,PF_0024651,080400,8,2024-11-11,0,0,0,140.0,5.0,,,,10.7,,,0,True,7538,2024년_딸기(홍희),2024-09-15,2025-06-10,57,269,0.21189591078066913,early,"[30, 60)"
12405,PF_0024651,080400,9,2024-11-11,0,0,0,130.0,5.0,,,,7.0,,,0,True,7538,2024년_딸기(홍희),2024-09-15,2025-06-10,57,269,0.21189591078066913,early,"[30, 60)"
12150,PF_0024651,080400,1,2024-11-18,0,0,0,130.0,6.0,,,,14.7,,,0,True,7538,2024년_딸기(홍희),2024-09-15,2025-06-10,64,269,0.2379182156133829,early,"[60, 90)"
12182,PF_0024651,080400,2,2024-11-18,0,0,0,150.0,8.0,,,,22.0,,,0,True,7538,2024년_딸기(홍희),2024-09-15,2025-06-10,64,269,0.2379182156133829,early,"[60, 90)"
12214,PF_0024651,080400,3,2024-11-18,0,0,0,140.0,6.0,,,,18.7,,,0,True,7538,2024년_딸기(홍희),2024-09-15,2025-06-10,64,269,0.2379182156133829,early,"[60, 90)"
12246,PF_0024651,080400,4,2024-11-18,0,0,0,120.0,7.0,,,,16.9,,,0,True,7538,2024년_딸기(홍희),2024-09-15,2025-06-10,64,269,0.2379182156133829,early,"[60, 90)"
12278,PF_0024651,080400,5,2024-11-18,0,0,0,130.0,7.0,,,,20.1,,,0,True,7538,2024년_딸기(홍희),2024-09-15,2025-06-10,64,269,0.2379182156133829,early,"[60, 90)"
12310,PF_0024651,080400,6,2024-11-18,0,0,0,120.0,8.0,,,,12.6,,,0,True,7538,2024년_딸기(홍희),2024-09-15,2025-06-10,64,269,0.2379182156133829,early,"[60, 90)"
12342,PF_0024651,080400,7,2024-11-18,0,0,0,130.0,7.0,,,,12.6,,,0,True,7538,2024년_딸기(홍희),2024-09-15,2025-06-10,64,269,0.2379182156133829,early,"[60, 90)"
12374,PF_0024651,080400,8,2024-11-18,0,0,0,25.0,6.0,,,,14.4,,,0,True,7538,2024년_딸기(홍희),2024-09-15,2025-06-10,64,269,0.2379182156133829,early,"[60, 90)"
12406,PF_0024651,080400,9,2024-11-18,0,0,0,120.0,9.0,,,,17.6,,,0,True,7538,2024년_딸기(홍희),2024-09-15,2025-06-10,64,269,0.2379182156133829,early,"[60, 90)"
12151,PF_0024651,080400,1,2024-11-25,0,0,0,120.0,9.0,,,,17.4,,,0,True,7538,2024년_딸기(홍희),2024-09-15,2025-06-10,71,269,0.26394052044609667,early,"[60, 90)"
12183,PF_0024651,080400,2,2024-11-25,0,0,0,150.0,4.0,,,,16.7,,,0,True,7538,2024년_딸기(홍희),2024-09-15,2025-06-10,71,269,0.26394052044609667,early,"[60, 90)"
12215,PF_0024651,080400,3,2024-11-25,0,0,0,130.0,8.0,,,,15.5,,,0,True,7538,2024년_딸기(홍희),2024-09-15,2025-06-10,71,269,0.26394052044609667,early,"[60, 90)"
12247,PF_0024651,080400,4,2024-11-25,0,0,0,130.0,6.0,,,,16.5,,,0,True,7538,2024년_딸기(홍희),2024-09-15,2025-06-10,71,269,0.26394052044609667,early,"[60, 90)"
12279,PF_0024651,080400,5,2024-11-25,0,0,0,130.0,6.0,,,,16.0,,,0,True,7538,2024년_딸기(홍희),2024-09-15,2025-06-10,71,269,0.26394052044609667,early,"[60, 90)"
12311,PF_0024651,080400,6,2024-11-25,0,0,0,130.0,8.0,,,,20.5,,,0,True,7538,2024년_딸기(홍희),2024-09-15,2025-06-10,71,269,0.26394052044609667,early,"[60, 90)"
12343,PF_0024651,080400,7,2024-11-25,0,0,0,140.0,6.0,,,,20.4,,,0,True,7538,2024년_딸기(홍희),2024-09-15,2025-06-10,71,269,0.26394052044609667,early,"[60, 90)"
12375,PF_0024651,080400,8,2024-11-25,0,0,0,130.0,7.0,,,,18.3,,,0,True,7538,2024년_딸기(홍희),2024-09-15,2025-06-10,71,269,0.26394052044609667,early,"[60, 90)"
12407,PF_0024651,080400,9,2024-11-25,0,0,0,120.0,13.0,,,,14.9,,,0,True,7538,2024년_딸기(홍희),2024-09-15,2025-06-10,71,269,0.26394052044609667,early,"[60, 90)"
12152,PF_0024651,080400,1,2024-12-02,0,0,0,140.0,7.0,,,,21.1,,,0,True,7538,2024년_딸기(홍희),2024-09-15,2025-06-10,78,269,0.2899628252788104,early,"[60, 90)"
12184,PF_0024651,080400,2,2024-12-02,0,0,0,450.0,5.0,,,,21.7,,,0,True,7538,2024년_딸기(홍희),2024-09-15,2025-06-10,78,269,0.2899628252788104,early,"[60, 90)"
12216,PF_0024651,080400,3,2024-12-02,0,0,0,130.0,8.0,,,,22.8,,,0,True,7538,2024년_딸기(홍희),2024-09-15,2025-06-10,78,269,0.2899628252788104,early,"[60, 90)"
12248,PF_0024651,080400,4,2024-12-02,0,0,0,120.0,6.0,,,,21.8,,,0,True,7538,2024년_딸기(홍희),2024-09-15,2025-06-10,78,269,0.2899628252788104,early,"[60, 90)"
12280,PF_0024651,080400,5,2024-12-02,0,0,0,140.0,8.0,,,,22.4,,,0,True,7538,2024년_딸기(홍희),2024-09-15,2025-06-10,78,269,0.2899628252788104,early,"[60, 90)"
12312,PF_0024651,080400,6,2024-12-02,0,0,0,120.0,7.0,,,,25.9,,,0,True,7538,2024년_딸기(홍희),2024-09-15,2025-06-10,78,269,0.2899628252788104,early,"[60, 90)"
12344,PF_0024651,080400,7,2024-12-02,0,0,0,130.0,7.0,,,,26.1,,,0,True,7538,2024년_딸기(홍희),2024-09-15,2025-06-10,78,269,0.2899628252788104,early,"[60, 90)"
12376,PF_0024651,080400,8,2024-12-02,0,0,0,110.0,7.0,,,,27.5,,,0,True,7538,2024년_딸기(홍희),2024-09-15,2025-06-10,78,269,0.2899628252788104,early,"[60, 90)"
12408,PF_0024651,080400,9,2024-12-02,0,0,0,120.0,9.0,,,,21.0,,,0,True,7538,2024년_딸기(홍희),2024-09-15,2025-06-10,78,269,0.2899628252788104,early,"[60, 90)"
12153,PF_0024651,080400,1,2024-12-09,0,0,0,130.0,8.0,,,,20.6,,,0,True,7538,2024년_딸기(홍희),2024-09-15,2025-06-10,85,269,0.3159851301115242,early,"[60, 90)"
12185,PF_0024651,080400,2,2024-12-09,0,0,0,120.0,8.0,,,,22.3,,,0,True,7538,2024년_딸기(홍희),2024-09-15,2025-06-10,85,269,0.3159851301115242,early,"[60, 90)"
12217,PF_0024651,080400,3,2024-12-09,0,0,0,130.0,7.0,,,,17.8,,,0,True,7538,2024년_딸기(홍희),2024-09-15,2025-06-10,85,269,0.3159851301115242,early,"[60, 90)"
12249,PF_0024651,080400,4,2024-12-09,0,0,0,150.0,6.0,,,,19.4,,,0,True,7538,2024년_딸기(홍희),2024-09-15,2025-06-10,85,269,0.3159851301115242,early,"[60, 90)"
12281,PF_0024651,080400,5,2024-12-09,0,0,0,140.0,8.0,,,,17.0,,,0,True,7538,2024년_딸기(홍희),2024-09-15,2025-06-10,85,269,0.3159851301115242,early,"[60, 90)"
12313,PF_0024651,080400,6,2024-12-09,0,0,0,130.0,7.0,,,,19.9,,,0,True,7538,2024년_딸기(홍희),2024-09-15,2025-06-10,85,269,0.3159851301115242,early,"[60, 90)"
12345,PF_0024651,080400,7,2024-12-09,0,0,0,130.0,8.0,,,,17.2,,,0,True,7538,2024년_딸기(홍희),2024-09-15,2025-06-10,85,269,0.3159851301115242,early,"[60, 90)"
12377,PF_0024651,080400,8,2024-12-09,0,0,0,140.0,10.0,,,,22.1,,,0,True,7538,2024년_딸기(홍희),2024-09-15,2025-06-10,85,269,0.3159851301115242,early,"[60, 90)"
12409,PF_0024651,080400,9,2024-12-09,0,0,0,110.0,15.0,,,,21.7,,,0,True,7538,2024년_딸기(홍희),2024-09-15,2025-06-10,85,269,0.3159851301115242,early,"[60, 90)"
12154,PF_0024651,080400,1,2024-12-17,0,0,0,110.0,8.0,,,,17.3,,,0,True,7538,2024년_딸기(홍희),2024-09-15,2025-06-10,93,269,0.34572490706319703,middle,"[90, 120)"
12186,PF_0024651,080400,2,2024-12-17,0,0,0,140.0,9.0,,,,23.4,,,0,True,7538,2024년_딸기(홍희),2024-09-15,2025-06-10,93,269,0.34572490706319703,middle,"[90, 120)"
12218,PF_0024651,080400,3,2024-12-17,0,0,0,130.0,7.0,,,,17.5,,,0,True,7538,2024년_딸기(홍희),2024-09-15,2025-06-10,93,269,0.34572490706319703,middle,"[90, 120)"
12250,PF_0024651,080400,4,2024-12-17,0,0,0,150.0,7.0,,,,19.7,,,0,True,7538,2024년_딸기(홍희),2024-09-15,2025-06-10,93,269,0.34572490706319703,middle,"[90, 120)"
12282,PF_0024651,080400,5,2024-12-17,0,0,0,130.0,9.0,,,,13.9,,,0,True,7538,2024년_딸기(홍희),2024-09-15,2025-06-10,93,269,0.34572490706319703,middle,"[90, 120)"
12314,PF_0024651,080400,6,2024-12-17,0,0,0,120.0,6.0,,,,14.1,,,0,True,7538,2024년_딸기(홍희),2024-09-15,2025-06-10,93,269,0.34572490706319703,middle,"[90, 120)"
12346,PF_0024651,080400,7,2024-12-17,0,0,0,130.0,7.0,,,,14.3,,,0,True,7538,2024년_딸기(홍희),2024-09-15,2025-06-10,93,269,0.34572490706319703,middle,"[90, 120)"
12378,PF_0024651,080400,8,2024-12-17,0,0,0,130.0,7.0,,,,17.1,,,0,True,7538,2024년_딸기(홍희),2024-09-15,2025-06-10,93,269,0.34572490706319703,middle,"[90, 120)"
12410,PF_0024651,080400,9,2024-12-17,0,0,0,110.0,8.0,,,,22.4,,,0,True,7538,2024년_딸기(홍희),2024-09-15,2025-06-10,93,269,0.34572490706319703,middle,"[90, 120)"
12155,PF_0024651,080400,1,2024-12-23,0,0,0,120.0,10.0,,,,15.7,,,0,True,7538,2024년_딸기(홍희),2024-09-15,2025-06-10,99,269,0.3680297397769517,middle,"[90, 120)"
12187,PF_0024651,080400,2,2024-12-23,0,0,0,130.0,7.0,,,,18.7,,,0,True,7538,2024년_딸기(홍희),2024-09-15,2025-06-10,99,269,0.3680297397769517,middle,"[90, 120)"
12219,PF_0024651,080400,3,2024-12-23,0,0,0,120.0,6.0,,,,17.5,,,0,True,7538,2024년_딸기(홍희),2024-09-15,2025-06-10,99,269,0.3680297397769517,middle,"[90, 120)"
12251,PF_0024651,080400,4,2024-12-23,0,0,0,150.0,7.0,,,,19.6,,,0,True,7538,2024년_딸기(홍희),2024-09-15,2025-06-10,99,269,0.3680297397769517,middle,"[90, 120)"
12283,PF_0024651,080400,5,2024-12-23,0,0,0,110.0,7.0,,,,14.6,,,0,True,7538,2024년_딸기(홍희),2024-09-15,2025-06-10,99,269,0.3680297397769517,middle,"[90, 120)"
12315,PF_0024651,080400,6,2024-12-23,0,0,0,120.0,8.0,,,,19.7,,,0,True,7538,2024년_딸기(홍희),2024-09-15,2025-06-10,99,269,0.3680297397769517,middle,"[90, 120)"
12347,PF_0024651,080400,7,2024-12-23,0,0,0,130.0,7.0,,,,19.2,,,0,True,7538,2024년_딸기(홍희),2024-09-15,2025-06-10,99,269,0.3680297397769517,middle,"[90, 120)"
12379,PF_0024651,080400,8,2024-12-23,0,0,0,140.0,7.0,,,,19.7,,,0,True,7538,2024년_딸기(홍희),2024-09-15,2025-06-10,99,269,0.3680297397769517,middle,"[90, 120)"
12411,PF_0024651,080400,9,2024-12-23,0,0,0,110.0,9.0,,,,18.1,,,0,True,7538,2024년_딸기(홍희),2024-09-15,2025-06-10,99,269,0.3680297397769517,middle,"[90, 120)"
12156,PF_0024651,080400,1,2024-12-30,9,0,0,110.0,12.0,,,,12.8,,,9,False,7538,2024년_딸기(홍희),2024-09-15,2025-06-10,106,269,0.3940520446096654,middle,"[90, 120)"
12188,PF_0024651,080400,2,2024-12-30,9,0,0,130.0,7.0,,,,10.0,,,9,False,7538,2024년_딸기(홍희),2024-09-15,2025-06-10,106,269,0.3940520446096654,middle,"[90, 120)"
12220,PF_0024651,080400,3,2024-12-30,8,0,0,100.0,6.0,,,,17.9,,,8,False,7538,2024년_딸기(홍희),2024-09-15,2025-06-10,106,269,0.3940520446096654,middle,"[90, 120)"
12252,PF_0024651,080400,4,2024-12-30,12,0,0,110.0,8.0,,,,20.2,,,12,False,7538,2024년_딸기(홍희),2024-09-15,2025-06-10,106,269,0.3940520446096654,middle,"[90, 120)"
12284,PF_0024651,080400,5,2024-12-30,3,0,0,130.0,8.0,,,,19.2,,,3,False,7538,2024년_딸기(홍희),2024-09-15,2025-06-10,106,269,0.3940520446096654,middle,"[90, 120)"
12316,PF_0024651,080400,6,2024-12-30,4,0,0,105.0,6.0,,,,20.3,,,4,False,7538,2024년_딸기(홍희),2024-09-15,2025-06-10,106,269,0.3940520446096654,middle,"[90, 120)"
12348,PF_0024651,080400,7,2024-12-30,6,0,0,120.0,6.0,,,,23.5,,,6,False,7538,2024년_딸기(홍희),2024-09-15,2025-06-10,106,269,0.3940520446096654,middle,"[90, 120)"
12380,PF_0024651,080400,8,2024-12-30,3,0,0,110.0,6.0,,,,26.0,,,3,False,7538,2024년_딸기(홍희),2024-09-15,2025-06-10,106,269,0.3940520446096654,middle,"[90, 120)"
12412,PF_0024651,080400,9,2024-12-30,7,0,0,110.0,11.0,,,,21.5,,,7,False,7538,2024년_딸기(홍희),2024-09-15,2025-06-10,106,269,0.3940520446096654,middle,"[90, 120)"
12157,PF_0024651,080400,1,2025-01-06,9,0,0,125.0,8.0,,,,25.9,,,9,False,7538,2024년_딸기(홍희),2024-09-15,2025-06-10,113,269,0.4200743494423792,middle,"[90, 120)"
12189,PF_0024651,080400,2,2025-01-06,10,0,0,130.0,7.0,,,,19.7,,,10,False,7538,2024년_딸기(홍희),2024-09-15,2025-06-10,113,269,0.4200743494423792,middle,"[90, 120)"
12221,PF_0024651,080400,3,2025-01-06,6,0,0,100.0,5.0,,,,17.8,,,6,False,7538,2024년_딸기(홍희),2024-09-15,2025-06-10,113,269,0.4200743494423792,middle,"[90, 120)"
12253,PF_0024651,080400,4,2025-01-06,9,0,0,110.0,6.0,,,,21.4,,,9,False,7538,2024년_딸기(홍희),2024-09-15,2025-06-10,113,269,0.4200743494423792,middle,"[90, 120)"
12285,PF_0024651,080400,5,2025-01-06,1,0,0,140.0,6.0,,,,15.8,,,1,False,7538,2024년_딸기(홍희),2024-09-15,2025-06-10,113,269,0.4200743494423792,middle,"[90, 120)"
12317,PF_0024651,080400,6,2025-01-06,4,0,0,130.0,6.0,,,,20.9,,,4,False,7538,2024년_딸기(홍희),2024-09-15,2025-06-10,113,269,0.4200743494423792,middle,"[90, 120)"
12349,PF_0024651,080400,7,2025-01-06,5,0,0,120.0,6.0,,,,18.8,,,5,False,7538,2024년_딸기(홍희),2024-09-15,2025-06-10,113,269,0.4200743494423792,middle,"[90, 120)"
12381,PF_0024651,080400,8,2025-01-06,3,0,0,110.0,8.0,,,,24.6,,,3,False,7538,2024년_딸기(홍희),2024-09-15,2025-06-10,113,269,0.4200743494423792,middle,"[90, 120)"
12413,PF_0024651,080400,9,2025-01-06,5,0,0,110.0,12.0,,,,25.8,,,5,False,7538,2024년_딸기(홍희),2024-09-15,2025-06-10,113,269,0.4200743494423792,middle,"[90, 120)"
12158,PF_0024651,080400,1,2025-01-13,5,0,0,130.0,9.0,,,,29.1,,,5,False,7538,2024년_딸기(홍희),2024-09-15,2025-06-10,120,269,0.44609665427509293,middle,"[120, 150)"
12190,PF_0024651,080400,2,2025-01-13,9,0,0,150.0,6.0,,,,21.9,,,9,False,7538,2024년_딸기(홍희),2024-09-15,2025-06-10,120,269,0.44609665427509293,middle,"[120, 150)"
12222,PF_0024651,080400,3,2025-01-13,6,0,0,130.0,6.0,,,,21.9,,,6,False,7538,2024년_딸기(홍희),2024-09-15,2025-06-10,120,269,0.44609665427509293,middle,"[120, 150)"
12254,PF_0024651,080400,4,2025-01-13,12,0,0,150.0,5.0,,,,23.3,,,12,False,7538,2024년_딸기(홍희),2024-09-15,2025-06-10,120,269,0.44609665427509293,middle,"[120, 150)"
12286,PF_0024651,080400,5,2025-01-13,1,0,0,140.0,5.0,,,,21.5,,,1,False,7538,2024년_딸기(홍희),2024-09-15,2025-06-10,120,269,0.44609665427509293,middle,"[120, 150)"
12318,PF_0024651,080400,6,2025-01-13,0,0,0,130.0,7.0,,,,23.2,,,0,True,7538,2024년_딸기(홍희),2024-09-15,2025-06-10,120,269,0.44609665427509293,middle,"[120, 150)"
12350,PF_0024651,080400,7,2025-01-13,5,0,0,120.0,6.0,,,,22.6,,,5,False,7538,2024년_딸기(홍희),2024-09-15,2025-06-10,120,269,0.44609665427509293,middle,"[120, 150)"
12382,PF_0024651,080400,8,2025-01-13,2,0,0,110.0,10.0,,,,23.8,,,2,False,7538,2024년_딸기(홍희),2024-09-15,2025-06-10,120,269,0.44609665427509293,middle,"[120, 150)"
12414,PF_0024651,080400,9,2025-01-13,5,0,0,100.0,10.0,,,,20.2,,,5,False,7538,2024년_딸기(홍희),2024-09-15,2025-06-10,120,269,0.44609665427509293,middle,"[120, 150)"
12159,PF_0024651,080400,1,2025-01-20,4,2,0,100.0,12.0,,,,21.2,,,6,False,7538,2024년_딸기(홍희),2024-09-15,2025-06-10,127,269,0.4721189591078067,middle,"[120, 150)"
12191,PF_0024651,080400,2,2025-01-20,6,2,0,150.0,7.0,,,,12.8,,,8,False,7538,2024년_딸기(홍희),2024-09-15,2025-06-10,127,269,0.4721189591078067,middle,"[120, 150)"
12223,PF_0024651,080400,3,2025-01-20,3,2,0,110.0,6.0,,,,11.5,,,5,False,7538,2024년_딸기(홍희),2024-09-15,2025-06-10,127,269,0.4721189591078067,middle,"[120, 150)"
12255,PF_0024651,080400,4,2025-01-20,9,1,0,150.0,5.0,,,,15.9,,,10,False,7538,2024년_딸기(홍희),2024-09-15,2025-06-10,127,269,0.4721189591078067,middle,"[120, 150)"
12287,PF_0024651,080400,5,2025-01-20,0,1,0,140.0,5.0,,,,12.6,,,1,False,7538,2024년_딸기(홍희),2024-09-15,2025-06-10,127,269,0.4721189591078067,middle,"[120, 150)"
12319,PF_0024651,080400,6,2025-01-20,0,4,0,130.0,8.0,,,,21.1,,,4,False,7538,2024년_딸기(홍희),2024-09-15,2025-06-10,127,269,0.4721189591078067,middle,"[120, 150)"
12351,PF_0024651,080400,7,2025-01-20,3,2,0,130.0,8.0,,,,20.1,,,5,False,7538,2024년_딸기(홍희),2024-09-15,2025-06-10,127,269,0.4721189591078067,middle,"[120, 150)"
12383,PF_0024651,080400,8,2025-01-20,2,3,0,110.0,11.0,,,,25.5,,,5,False,7538,2024년_딸기(홍희),2024-09-15,2025-06-10,127,269,0.4721189591078067,middle,"[120, 150)"
12415,PF_0024651,080400,9,2025-01-20,3,0,0,100.0,15.0,,,,26.3,,,3,False,7538,2024년_딸기(홍희),2024-09-15,2025-06-10,127,269,0.4721189591078067,middle,"[120, 150)"
12160,PF_0024651,080400,1,2025-02-03,0,1,0,100.0,13.0,,,,31.0,,,1,False,7538,2024년_딸기(홍희),2024-09-15,2025-06-10,141,269,0.5241635687732342,middle,"[120, 150)"
12192,PF_0024651,080400,2,2025-02-03,1,0,0,110.0,8.0,,,,11.3,,,1,False,7538,2024년_딸기(홍희),2024-09-15,2025-06-10,141,269,0.5241635687732342,middle,"[120, 150)"
12224,PF_0024651,080400,3,2025-02-03,0,4,0,130.0,6.0,,,,22.2,,,4,False,7538,2024년_딸기(홍희),2024-09-15,2025-06-10,141,269,0.5241635687732342,middle,"[120, 150)"
12256,PF_0024651,080400,4,2025-02-03,3,0,0,110.0,6.0,,,,25.0,,,3,False,7538,2024년_딸기(홍희),2024-09-15,2025-06-10,141,269,0.5241635687732342,middle,"[120, 150)"
12288,PF_0024651,080400,5,2025-02-03,0,5,0,120.0,7.0,,,,24.3,,,5,False,7538,2024년_딸기(홍희),2024-09-15,2025-06-10,141,269,0.5241635687732342,middle,"[120, 150)"
12320,PF_0024651,080400,6,2025-02-03,0,6,0,100.0,10.0,,,,25.6,,,6,False,7538,2024년_딸기(홍희),2024-09-15,2025-06-10,141,269,0.5241635687732342,middle,"[120, 150)"
12352,PF_0024651,080400,7,2025-02-03,0,6,0,110.0,11.0,,,,20.2,,,6,False,7538,2024년_딸기(홍희),2024-09-15,2025-06-10,141,269,0.5241635687732342,middle,"[120, 150)"
12384,PF_0024651,080400,8,2025-02-03,0,6,0,110.0,11.0,,,,20.2,,,6,False,7538,2024년_딸기(홍희),2024-09-15,2025-06-10,141,269,0.5241635687732342,middle,"[120, 150)"
12416,PF_0024651,080400,9,2025-02-03,0,3,0,110.0,15.0,,,,25.1,,,3,False,7538,2024년_딸기(홍희),2024-09-15,2025-06-10,141,269,0.5241635687732342,middle,"[120, 150)"
12161,PF_0024651,080400,1,2025-02-10,0,4,0,100.0,10.0,,,,20.9,,,4,False,7538,2024년_딸기(홍희),2024-09-15,2025-06-10,148,269,0.550185873605948,middle,"[120, 150)"
12193,PF_0024651,080400,2,2025-02-10,0,3,0,110.0,6.0,,,,17.6,,,3,False,7538,2024년_딸기(홍희),2024-09-15,2025-06-10,148,269,0.550185873605948,middle,"[120, 150)"
12225,PF_0024651,080400,3,2025-02-10,0,5,0,100.0,5.0,,,,16.1,,,5,False,7538,2024년_딸기(홍희),2024-09-15,2025-06-10,148,269,0.550185873605948,middle,"[120, 150)"
12257,PF_0024651,080400,4,2025-02-10,0,2,0,100.0,4.0,,,,19.0,,,2,False,7538,2024년_딸기(홍희),2024-09-15,2025-06-10,148,269,0.550185873605948,middle,"[120, 150)"
12289,PF_0024651,080400,5,2025-02-10,0,4,0,100.0,7.0,,,,20.0,,,4,False,7538,2024년_딸기(홍희),2024-09-15,2025-06-10,148,269,0.550185873605948,middle,"[120, 150)"
12321,PF_0024651,080400,6,2025-02-10,0,6,0,120.0,11.0,,,,21.2,,,6,False,7538,2024년_딸기(홍희),2024-09-15,2025-06-10,148,269,0.550185873605948,middle,"[120, 150)"
12353,PF_0024651,080400,7,2025-02-10,0,3,0,90.0,6.0,,,,19.1,,,3,False,7538,2024년_딸기(홍희),2024-09-15,2025-06-10,148,269,0.550185873605948,middle,"[120, 150)"
12385,PF_0024651,080400,8,2025-02-10,0,3,0,110.0,11.0,,,,18.5,,,3,False,7538,2024년_딸기(홍희),2024-09-15,2025-06-10,148,269,0.550185873605948,middle,"[120, 150)"
12417,PF_0024651,080400,9,2025-02-10,0,5,0,90.0,12.0,,,,23.3,,,5,False,7538,2024년_딸기(홍희),2024-09-15,2025-06-10,148,269,0.550185873605948,middle,"[120, 150)"
12162,PF_0024651,080400,1,2025-02-17,0,1,0,130.0,12.0,,,,19.7,,,1,False,7538,2024년_딸기(홍희),2024-09-15,2025-06-10,155,269,0.5762081784386617,middle,"[150, 180)"
12194,PF_0024651,080400,2,2025-02-17,0,1,0,110.0,8.0,,,,18.3,,,1,False,7538,2024년_딸기(홍희),2024-09-15,2025-06-10,155,269,0.5762081784386617,middle,"[150, 180)"
12226,PF_0024651,080400,3,2025-02-17,0,2,0,100.0,7.0,,,,16.4,,,2,False,7538,2024년_딸기(홍희),2024-09-15,2025-06-10,155,269,0.5762081784386617,middle,"[150, 180)"
12258,PF_0024651,080400,4,2025-02-17,0,0,0,100.0,4.0,,,,19.3,,,0,True,7538,2024년_딸기(홍희),2024-09-15,2025-06-10,155,269,0.5762081784386617,middle,"[150, 180)"
12290,PF_0024651,080400,5,2025-02-17,0,3,0,120.0,9.0,,,,19.1,,,3,False,7538,2024년_딸기(홍희),2024-09-15,2025-06-10,155,269,0.5762081784386617,middle,"[150, 180)"
12322,PF_0024651,080400,6,2025-02-17,0,4,0,80.0,12.0,,,,18.7,,,4,False,7538,2024년_딸기(홍희),2024-09-15,2025-06-10,155,269,0.5762081784386617,middle,"[150, 180)"
12354,PF_0024651,080400,7,2025-02-17,0,4,0,90.0,7.0,,,,18.3,,,4,False,7538,2024년_딸기(홍희),2024-09-15,2025-06-10,155,269,0.5762081784386617,middle,"[150, 180)"
12386,PF_0024651,080400,8,2025-02-17,0,3,0,90.0,12.0,,,,20.9,,,3,False,7538,2024년_딸기(홍희),2024-09-15,2025-06-10,155,269,0.5762081784386617,middle,"[150, 180)"
12418,PF_0024651,080400,9,2025-02-17,0,3,0,100.0,14.0,,,,18.7,,,3,False,7538,2024년_딸기(홍희),2024-09-15,2025-06-10,155,269,0.5762081784386617,middle,"[150, 180)"
12163,PF_0024651,080400,1,2025-02-24,0,0,1,110.0,9.0,,,,18.4,,,1,False,7538,2024년_딸기(홍희),2024-09-15,2025-06-10,162,269,0.6022304832713755,middle,"[150, 180)"
12195,PF_0024651,080400,2,2025-02-24,0,1,1,95.0,10.0,,,,15.6,,,2,False,7538,2024년_딸기(홍희),2024-09-15,2025-06-10,162,269,0.6022304832713755,middle,"[150, 180)"
12227,PF_0024651,080400,3,2025-02-24,0,2,0,110.0,8.0,,,,14.2,,,2,False,7538,2024년_딸기(홍희),2024-09-15,2025-06-10,162,269,0.6022304832713755,middle,"[150, 180)"
12259,PF_0024651,080400,4,2025-02-24,0,3,0,95.0,8.0,,,,16.8,,,3,False,7538,2024년_딸기(홍희),2024-09-15,2025-06-10,162,269,0.6022304832713755,middle,"[150, 180)"
12291,PF_0024651,080400,5,2025-02-24,0,3,5,120.0,10.0,,,,14.2,,,8,False,7538,2024년_딸기(홍희),2024-09-15,2025-06-10,162,269,0.6022304832713755,middle,"[150, 180)"
12323,PF_0024651,080400,6,2025-02-24,0,1,0,90.0,10.0,,,,14.4,,,1,False,7538,2024년_딸기(홍희),2024-09-15,2025-06-10,162,269,0.6022304832713755,middle,"[150, 180)"
12355,PF_0024651,080400,7,2025-02-24,0,5,0,90.0,7.0,,,,16.5,,,5,False,7538,2024년_딸기(홍희),2024-09-15,2025-06-10,162,269,0.6022304832713755,middle,"[150, 180)"
12387,PF_0024651,080400,8,2025-02-24,0,2,0,80.0,13.0,,,,16.1,,,2,False,7538,2024년_딸기(홍희),2024-09-15,2025-06-10,162,269,0.6022304832713755,middle,"[150, 180)"
12419,PF_0024651,080400,9,2025-02-24,0,3,0,100.0,19.0,,,,17.1,,,3,False,7538,2024년_딸기(홍희),2024-09-15,2025-06-10,162,269,0.6022304832713755,middle,"[150, 180)"
12164,PF_0024651,080400,1,2025-03-03,0,3,1,100.0,15.0,,,,23.1,,,4,False,7538,2024년_딸기(홍희),2024-09-15,2025-06-10,169,269,0.6282527881040892,middle,"[150, 180)"
12196,PF_0024651,080400,2,2025-03-03,0,2,0,100.0,10.0,,,,19.2,,,2,False,7538,2024년_딸기(홍희),2024-09-15,2025-06-10,169,269,0.6282527881040892,middle,"[150, 180)"
12228,PF_0024651,080400,3,2025-03-03,0,2,0,80.0,8.0,,,,17.6,,,2,False,7538,2024년_딸기(홍희),2024-09-15,2025-06-10,169,269,0.6282527881040892,middle,"[150, 180)"
12260,PF_0024651,080400,4,2025-03-03,0,3,0,80.0,7.0,,,,18.1,,,3,False,7538,2024년_딸기(홍희),2024-09-15,2025-06-10,169,269,0.6282527881040892,middle,"[150, 180)"
12292,PF_0024651,080400,5,2025-03-03,0,5,2,120.0,7.0,,,,20.8,,,7,False,7538,2024년_딸기(홍희),2024-09-15,2025-06-10,169,269,0.6282527881040892,middle,"[150, 180)"
12324,PF_0024651,080400,6,2025-03-03,0,2,0,75.0,13.0,,,,20.1,,,2,False,7538,2024년_딸기(홍희),2024-09-15,2025-06-10,169,269,0.6282527881040892,middle,"[150, 180)"
12356,PF_0024651,080400,7,2025-03-03,0,2,3,80.0,6.0,,,,23.8,,,5,False,7538,2024년_딸기(홍희),2024-09-15,2025-06-10,169,269,0.6282527881040892,middle,"[150, 180)"
12388,PF_0024651,080400,8,2025-03-03,0,0,2,100.0,9.0,,,,19.1,,,2,False,7538,2024년_딸기(홍희),2024-09-15,2025-06-10,169,269,0.6282527881040892,middle,"[150, 180)"
12420,PF_0024651,080400,9,2025-03-03,0,1,0,95.0,22.0,,,,25.5,,,1,False,7538,2024년_딸기(홍희),2024-09-15,2025-06-10,169,269,0.6282527881040892,middle,"[150, 180)"
12165,PF_0024651,080400,1,2025-03-10,0,0,6,100.0,13.0,,,,21.1,,,6,False,7538,2024년_딸기(홍희),2024-09-15,2025-06-10,176,269,0.654275092936803,middle,"[150, 180)"
12197,PF_0024651,080400,2,2025-03-10,0,0,4,90.0,11.0,,,,20.5,,,4,False,7538,2024년_딸기(홍희),2024-09-15,2025-06-10,176,269,0.654275092936803,middle,"[150, 180)"
12229,PF_0024651,080400,3,2025-03-10,0,0,0,90.0,9.0,,,,13.1,,,0,True,7538,2024년_딸기(홍희),2024-09-15,2025-06-10,176,269,0.654275092936803,middle,"[150, 180)"
12261,PF_0024651,080400,4,2025-03-10,0,0,2,100.0,10.0,,,,20.7,,,2,False,7538,2024년_딸기(홍희),2024-09-15,2025-06-10,176,269,0.654275092936803,middle,"[150, 180)"
12293,PF_0024651,080400,5,2025-03-10,0,0,7,80.0,7.0,,,,20.2,,,7,False,7538,2024년_딸기(홍희),2024-09-15,2025-06-10,176,269,0.654275092936803,middle,"[150, 180)"
12325,PF_0024651,080400,6,2025-03-10,0,0,2,75.0,10.0,,,,19.0,,,2,False,7538,2024년_딸기(홍희),2024-09-15,2025-06-10,176,269,0.654275092936803,middle,"[150, 180)"
12357,PF_0024651,080400,7,2025-03-10,0,0,7,70.0,4.0,,,,21.6,,,7,False,7538,2024년_딸기(홍희),2024-09-15,2025-06-10,176,269,0.654275092936803,middle,"[150, 180)"
12389,PF_0024651,080400,8,2025-03-10,0,0,4,110.0,7.0,,,,20.1,,,4,False,7538,2024년_딸기(홍희),2024-09-15,2025-06-10,176,269,0.654275092936803,middle,"[150, 180)"
12421,PF_0024651,080400,9,2025-03-10,0,0,3,120.0,18.0,,,,22.2,,,3,False,7538,2024년_딸기(홍희),2024-09-15,2025-06-10,176,269,0.654275092936803,middle,"[150, 180)"
12166,PF_0024651,080400,1,2025-03-17,0,0,1,110.0,19.0,,,,16.2,,,1,False,7538,2024년_딸기(홍희),2024-09-15,2025-06-10,183,269,0.6802973977695167,late,"[180, 210)"
12198,PF_0024651,080400,2,2025-03-17,0,0,5,110.0,12.0,,,,21.5,,,5,False,7538,2024년_딸기(홍희),2024-09-15,2025-06-10,183,269,0.6802973977695167,late,"[180, 210)"
12230,PF_0024651,080400,3,2025-03-17,0,0,2,80.0,8.0,,,,19.9,,,2,False,7538,2024년_딸기(홍희),2024-09-15,2025-06-10,183,269,0.6802973977695167,late,"[180, 210)"
12262,PF_0024651,080400,4,2025-03-17,0,0,2,90.0,8.0,,,,20.6,,,2,False,7538,2024년_딸기(홍희),2024-09-15,2025-06-10,183,269,0.6802973977695167,late,"[180, 210)"
12294,PF_0024651,080400,5,2025-03-17,0,0,12,100.0,10.0,,,,19.9,,,12,False,7538,2024년_딸기(홍희),2024-09-15,2025-06-10,183,269,0.6802973977695167,late,"[180, 210)"
12326,PF_0024651,080400,6,2025-03-17,0,0,2,100.0,11.0,,,,25.0,,,2,False,7538,2024년_딸기(홍희),2024-09-15,2025-06-10,183,269,0.6802973977695167,late,"[180, 210)"
12358,PF_0024651,080400,7,2025-03-17,0,0,9,80.0,6.0,,,,17.7,,,9,False,7538,2024년_딸기(홍희),2024-09-15,2025-06-10,183,269,0.6802973977695167,late,"[180, 210)"
12390,PF_0024651,080400,8,2025-03-17,0,0,9,110.0,11.0,,,,16.3,,,9,False,7538,2024년_딸기(홍희),2024-09-15,2025-06-10,183,269,0.6802973977695167,late,"[180, 210)"
12422,PF_0024651,080400,9,2025-03-17,0,0,5,130.0,13.0,,,,21.8,,,5,False,7538,2024년_딸기(홍희),2024-09-15,2025-06-10,183,269,0.6802973977695167,late,"[180, 210)"
12167,PF_0024651,080400,1,2025-03-24,0,0,4,140.0,22.0,,,,34.3,,,4,False,7538,2024년_딸기(홍희),2024-09-15,2025-06-10,190,269,0.7063197026022305,late,"[180, 210)"
12199,PF_0024651,080400,2,2025-03-24,0,0,6,100.0,10.0,,,,20.8,,,6,False,7538,2024년_딸기(홍희),2024-09-15,2025-06-10,190,269,0.7063197026022305,late,"[180, 210)"
12231,PF_0024651,080400,3,2025-03-24,0,0,4,90.0,8.0,,,,18.2,,,4,False,7538,2024년_딸기(홍희),2024-09-15,2025-06-10,190,269,0.7063197026022305,late,"[180, 210)"
12263,PF_0024651,080400,4,2025-03-24,0,0,2,110.0,9.0,,,,23.0,,,2,False,7538,2024년_딸기(홍희),2024-09-15,2025-06-10,190,269,0.7063197026022305,late,"[180, 210)"
12295,PF_0024651,080400,5,2025-03-24,0,0,8,80.0,6.0,,,,19.1,,,8,False,7538,2024년_딸기(홍희),2024-09-15,2025-06-10,190,269,0.7063197026022305,late,"[180, 210)"
12327,PF_0024651,080400,6,2025-03-24,0,0,4,120.0,13.0,,,,20.3,,,4,False,7538,2024년_딸기(홍희),2024-09-15,2025-06-10,190,269,0.7063197026022305,late,"[180, 210)"
12359,PF_0024651,080400,7,2025-03-24,0,0,6,75.0,7.0,,,,20.5,,,6,False,7538,2024년_딸기(홍희),2024-09-15,2025-06-10,190,269,0.7063197026022305,late,"[180, 210)"
12391,PF_0024651,080400,8,2025-03-24,0,0,7,130.0,10.0,,,,19.9,,,7,False,7538,2024년_딸기(홍희),2024-09-15,2025-06-10,190,269,0.7063197026022305,late,"[180, 210)"
12423,PF_0024651,080400,9,2025-03-24,0,0,8,120.0,20.0,,,,31.1,,,8,False,7538,2024년_딸기(홍희),2024-09-15,2025-06-10,190,269,0.7063197026022305,late,"[180, 210)"
12168,PF_0024651,080400,1,2025-03-31,0,0,3,120.0,17.0,,,,23.1,,,3,False,7538,2024년_딸기(홍희),2024-09-15,2025-06-10,197,269,0.7323420074349443,late,"[180, 210)"
12200,PF_0024651,080400,2,2025-03-31,0,0,3,150.0,10.0,,,,23.3,,,3,False,7538,2024년_딸기(홍희),2024-09-15,2025-06-10,197,269,0.7323420074349443,late,"[180, 210)"
12232,PF_0024651,080400,3,2025-03-31,0,0,3,90.0,9.0,,,,16.7,,,3,False,7538,2024년_딸기(홍희),2024-09-15,2025-06-10,197,269,0.7323420074349443,late,"[180, 210)"
12264,PF_0024651,080400,4,2025-03-31,0,0,0,110.0,7.0,,,,19.6,,,0,True,7538,2024년_딸기(홍희),2024-09-15,2025-06-10,197,269,0.7323420074349443,late,"[180, 210)"
12296,PF_0024651,080400,5,2025-03-31,0,0,3,110.0,8.0,,,,17.7,,,3,False,7538,2024년_딸기(홍희),2024-09-15,2025-06-10,197,269,0.7323420074349443,late,"[180, 210)"
12328,PF_0024651,080400,6,2025-03-31,0,0,1,140.0,20.0,,,,18.4,,,1,False,7538,2024년_딸기(홍희),2024-09-15,2025-06-10,197,269,0.7323420074349443,late,"[180, 210)"
12360,PF_0024651,080400,7,2025-03-31,0,0,4,80.0,3.0,,,,16.2,,,4,False,7538,2024년_딸기(홍희),2024-09-15,2025-06-10,197,269,0.7323420074349443,late,"[180, 210)"
12392,PF_0024651,080400,8,2025-03-31,0,0,7,130.0,16.0,,,,15.8,,,7,False,7538,2024년_딸기(홍희),2024-09-15,2025-06-10,197,269,0.7323420074349443,late,"[180, 210)"
12424,PF_0024651,080400,9,2025-03-31,0,0,2,140.0,12.0,,,,21.5,,,2,False,7538,2024년_딸기(홍희),2024-09-15,2025-06-10,197,269,0.7323420074349443,late,"[180, 210)"
12169,PF_0024651,080400,1,2025-04-07,0,0,7,130.0,9.0,,,,21.2,,,7,False,7538,2024년_딸기(홍희),2024-09-15,2025-06-10,204,269,0.758364312267658,late,"[180, 210)"
12201,PF_0024651,080400,2,2025-04-07,0,0,6,145.0,8.0,,,,22.4,,,6,False,7538,2024년_딸기(홍희),2024-09-15,2025-06-10,204,269,0.758364312267658,late,"[180, 210)"
12233,PF_0024651,080400,3,2025-04-07,0,0,3,105.0,6.0,,,,20.6,,,3,False,7538,2024년_딸기(홍희),2024-09-15,2025-06-10,204,269,0.758364312267658,late,"[180, 210)"
12265,PF_0024651,080400,4,2025-04-07,0,0,0,120.0,15.0,,,,23.6,,,0,True,7538,2024년_딸기(홍희),2024-09-15,2025-06-10,204,269,0.758364312267658,late,"[180, 210)"
12297,PF_0024651,080400,5,2025-04-07,0,0,2,110.0,8.0,,,,19.5,,,2,False,7538,2024년_딸기(홍희),2024-09-15,2025-06-10,204,269,0.758364312267658,late,"[180, 210)"
12329,PF_0024651,080400,6,2025-04-07,0,0,3,140.0,18.0,,,,26.9,,,3,False,7538,2024년_딸기(홍희),2024-09-15,2025-06-10,204,269,0.758364312267658,late,"[180, 210)"
12361,PF_0024651,080400,7,2025-04-07,0,0,4,90.0,3.0,,,,23.4,,,4,False,7538,2024년_딸기(홍희),2024-09-15,2025-06-10,204,269,0.758364312267658,late,"[180, 210)"
12393,PF_0024651,080400,8,2025-04-07,0,0,2,110.0,7.0,,,,20.3,,,2,False,7538,2024년_딸기(홍희),2024-09-15,2025-06-10,204,269,0.758364312267658,late,"[180, 210)"
12425,PF_0024651,080400,9,2025-04-07,0,0,0,120.0,7.0,,,,16.4,,,0,True,7538,2024년_딸기(홍희),2024-09-15,2025-06-10,204,269,0.758364312267658,late,"[180, 210)"
12170,PF_0024651,080400,1,2025-04-14,0,0,0,150.0,11.0,,,,19.8,,,0,True,7538,2024년_딸기(홍희),2024-09-15,2025-06-10,211,269,0.7843866171003717,late,"[210, 240)"
12202,PF_0024651,080400,2,2025-04-14,0,0,0,120.0,8.0,,,,22.1,,,0,True,7538,2024년_딸기(홍희),2024-09-15,2025-06-10,211,269,0.7843866171003717,late,"[210, 240)"
12234,PF_0024651,080400,3,2025-04-14,0,0,0,140.0,6.0,,,,17.9,,,0,True,7538,2024년_딸기(홍희),2024-09-15,2025-06-10,211,269,0.7843866171003717,late,"[210, 240)"
12266,PF_0024651,080400,4,2025-04-14,0,0,0,100.0,15.0,,,,17.9,,,0,True,7538,2024년_딸기(홍희),2024-09-15,2025-06-10,211,269,0.7843866171003717,late,"[210, 240)"
12298,PF_0024651,080400,5,2025-04-14,0,0,0,130.0,11.0,,,,19.2,,,0,True,7538,2024년_딸기(홍희),2024-09-15,2025-06-10,211,269,0.7843866171003717,late,"[210, 240)"
12330,PF_0024651,080400,6,2025-04-14,0,0,0,90.0,7.0,,,,15.3,,,0,True,7538,2024년_딸기(홍희),2024-09-15,2025-06-10,211,269,0.7843866171003717,late,"[210, 240)"
12362,PF_0024651,080400,7,2025-04-14,0,0,3,90.0,3.0,,,,16.4,,,3,False,7538,2024년_딸기(홍희),2024-09-15,2025-06-10,211,269,0.7843866171003717,late,"[210, 240)"
12394,PF_0024651,080400,8,2025-04-14,0,0,0,120.0,11.0,,,,22.3,,,0,True,7538,2024년_딸기(홍희),2024-09-15,2025-06-10,211,269,0.7843866171003717,late,"[210, 240)"
12426,PF_0024651,080400,9,2025-04-14,0,0,0,100.0,8.0,,,,20.8,,,0,True,7538,2024년_딸기(홍희),2024-09-15,2025-06-10,211,269,0.7843866171003717,late,"[210, 240)"
12171,PF_0024651,080400,1,2025-04-21,0,0,0,140.0,21.0,,,,25.8,,,0,True,7538,2024년_딸기(홍희),2024-09-15,2025-06-10,218,269,0.8104089219330854,late,"[210, 240)"
12203,PF_0024651,080400,2,2025-04-21,0,0,0,150.0,11.0,,,,30.3,,,0,True,7538,2024년_딸기(홍희),2024-09-15,2025-06-10,218,269,0.8104089219330854,late,"[210, 240)"
12235,PF_0024651,080400,3,2025-04-21,0,0,0,140.0,9.0,,,,25.8,,,0,True,7538,2024년_딸기(홍희),2024-09-15,2025-06-10,218,269,0.8104089219330854,late,"[210, 240)"
12267,PF_0024651,080400,4,2025-04-21,0,0,0,120.0,13.0,,,,24.7,,,0,True,7538,2024년_딸기(홍희),2024-09-15,2025-06-10,218,269,0.8104089219330854,late,"[210, 240)"
12299,PF_0024651,080400,5,2025-04-21,0,0,0,110.0,12.0,,,,20.8,,,0,True,7538,2024년_딸기(홍희),2024-09-15,2025-06-10,218,269,0.8104089219330854,late,"[210, 240)"
12331,PF_0024651,080400,6,2025-04-21,0,0,0,80.0,6.0,,,,17.9,,,0,True,7538,2024년_딸기(홍희),2024-09-15,2025-06-10,218,269,0.8104089219330854,late,"[210, 240)"
12363,PF_0024651,080400,7,2025-04-21,0,0,0,90.0,3.0,,,,20.8,,,0,True,7538,2024년_딸기(홍희),2024-09-15,2025-06-10,218,269,0.8104089219330854,late,"[210, 240)"
12395,PF_0024651,080400,8,2025-04-21,0,0,0,120.0,7.0,,,,17.8,,,0,True,7538,2024년_딸기(홍희),2024-09-15,2025-06-10,218,269,0.8104089219330854,late,"[210, 240)"
12427,PF_0024651,080400,9,2025-04-21,0,0,0,130.0,13.0,,,,30.3,,,0,True,7538,2024년_딸기(홍희),2024-09-15,2025-06-10,218,269,0.8104089219330854,late,"[210, 240)"
12172,PF_0024651,080400,1,2025-04-28,0,0,0,150.0,11.0,,,,26.0,,,0,True,7538,2024년_딸기(홍희),2024-09-15,2025-06-10,225,269,0.8364312267657993,late,"[210, 240)"
12204,PF_0024651,080400,2,2025-04-28,0,0,0,150.0,13.0,,,,24.8,,,0,True,7538,2024년_딸기(홍희),2024-09-15,2025-06-10,225,269,0.8364312267657993,late,"[210, 240)"
12236,PF_0024651,080400,3,2025-04-28,0,0,0,140.0,7.0,,,,18.4,,,0,True,7538,2024년_딸기(홍희),2024-09-15,2025-06-10,225,269,0.8364312267657993,late,"[210, 240)"
12268,PF_0024651,080400,4,2025-04-28,0,0,0,110.0,15.0,,,,19.7,,,0,True,7538,2024년_딸기(홍희),2024-09-15,2025-06-10,225,269,0.8364312267657993,late,"[210, 240)"
12300,PF_0024651,080400,5,2025-04-28,0,0,0,120.0,8.0,,,,21.3,,,0,True,7538,2024년_딸기(홍희),2024-09-15,2025-06-10,225,269,0.8364312267657993,late,"[210, 240)"
12332,PF_0024651,080400,6,2025-04-28,0,0,0,90.0,10.0,,,,20.8,,,0,True,7538,2024년_딸기(홍희),2024-09-15,2025-06-10,225,269,0.8364312267657993,late,"[210, 240)"
12364,PF_0024651,080400,7,2025-04-28,0,0,0,95.0,5.0,,,,26.7,,,0,True,7538,2024년_딸기(홍희),2024-09-15,2025-06-10,225,269,0.8364312267657993,late,"[210, 240)"
12396,PF_0024651,080400,8,2025-04-28,0,0,0,70.0,4.0,,,,26.4,,,0,True,7538,2024년_딸기(홍희),2024-09-15,2025-06-10,225,269,0.8364312267657993,late,"[210, 240)"
12428,PF_0024651,080400,9,2025-04-28,0,0,0,90.0,7.0,,,,25.9,,,0,True,7538,2024년_딸기(홍희),2024-09-15,2025-06-10,225,269,0.8364312267657993,late,"[210, 240)"
12173,PF_0024651,080400,1,2025-05-24,0,0,0,140.0,21.0,,,,26.2,,,0,True,7538,2024년_딸기(홍희),2024-09-15,2025-06-10,251,269,0.9330855018587361,late,"[240, 270)"
12205,PF_0024651,080400,2,2025-05-24,0,0,0,150.0,12.0,,,,19.1,,,0,True,7538,2024년_딸기(홍희),2024-09-15,2025-06-10,251,269,0.9330855018587361,late,"[240, 270)"
12237,PF_0024651,080400,3,2025-05-24,0,0,0,140.0,11.0,,,,21.1,,,0,True,7538,2024년_딸기(홍희),2024-09-15,2025-06-10,251,269,0.9330855018587361,late,"[240, 270)"
12269,PF_0024651,080400,4,2025-05-24,0,0,0,120.0,18.0,,,,21.4,,,0,True,7538,2024년_딸기(홍희),2024-09-15,2025-06-10,251,269,0.9330855018587361,late,"[240, 270)"
12301,PF_0024651,080400,5,2025-05-24,0,0,0,120.0,14.0,,,,18.6,,,0,True,7538,2024년_딸기(홍희),2024-09-15,2025-06-10,251,269,0.9330855018587361,late,"[240, 270)"
12333,PF_0024651,080400,6,2025-05-24,0,0,0,80.0,15.0,,,,25.4,,,0,True,7538,2024년_딸기(홍희),2024-09-15,2025-06-10,251,269,0.9330855018587361,late,"[240, 270)"
12365,PF_0024651,080400,7,2025-05-24,0,0,0,140.0,14.0,,,,21.6,,,0,True,7538,2024년_딸기(홍희),2024-09-15,2025-06-10,251,269,0.9330855018587361,late,"[240, 270)"
12397,PF_0024651,080400,8,2025-05-24,0,0,0,120.0,11.0,,,,19.3,,,0,True,7538,2024년_딸기(홍희),2024-09-15,2025-06-10,251,269,0.9330855018587361,late,"[240, 270)"
12429,PF_0024651,080400,9,2025-05-24,0,0,0,120.0,13.0,,,,22.8,,,0,True,7538,2024년_딸기(홍희),2024-09-15,2025-06-10,251,269,0.9330855018587361,late,"[240, 270)"
12174,PF_0024651,080400,1,2025-05-29,0,0,0,140.0,21.0,,,,26.4,,,0,True,7538,2024년_딸기(홍희),2024-09-15,2025-06-10,256,269,0.9516728624535316,late,"[240, 270)"
12206,PF_0024651,080400,2,2025-05-29,0,0,0,110.0,12.0,,,,19.3,,,0,True,7538,2024년_딸기(홍희),2024-09-15,2025-06-10,256,269,0.9516728624535316,late,"[240, 270)"
12238,PF_0024651,080400,3,2025-05-29,0,0,0,110.0,11.0,,,,21.3,,,0,True,7538,2024년_딸기(홍희),2024-09-15,2025-06-10,256,269,0.9516728624535316,late,"[240, 270)"
12270,PF_0024651,080400,4,2025-05-29,0,0,0,120.0,18.0,,,,21.6,,,0,True,7538,2024년_딸기(홍희),2024-09-15,2025-06-10,256,269,0.9516728624535316,late,"[240, 270)"
12302,PF_0024651,080400,5,2025-05-29,0,0,0,110.0,14.0,,,,18.8,,,0,True,7538,2024년_딸기(홍희),2024-09-15,2025-06-10,256,269,0.9516728624535316,late,"[240, 270)"
12334,PF_0024651,080400,6,2025-05-29,0,0,0,80.0,15.0,,,,25.6,,,0,True,7538,2024년_딸기(홍희),2024-09-15,2025-06-10,256,269,0.9516728624535316,late,"[240, 270)"
12366,PF_0024651,080400,7,2025-05-29,0,0,0,140.0,14.0,,,,21.8,,,0,True,7538,2024년_딸기(홍희),2024-09-15,2025-06-10,256,269,0.9516728624535316,late,"[240, 270)"
12398,PF_0024651,080400,8,2025-05-29,0,0,0,120.0,11.0,,,,19.5,,,0,True,7538,2024년_딸기(홍희),2024-09-15,2025-06-10,256,269,0.9516728624535316,late,"[240, 270)"
12430,PF_0024651,080400,9,2025-05-29,0,0,0,120.0,13.0,,,,23.0,,,0,True,7538,2024년_딸기(홍희),2024-09-15,2025-06-10,256,269,0.9516728624535316,late,"[240, 270)"
12175,PF_0024651,080400,1,2025-06-05,0,0,0,110.0,21.0,,,,26.5,,,0,True,7538,2024년_딸기(홍희),2024-09-15,2025-06-10,263,269,0.9776951672862454,late,"[240, 270)"
12207,PF_0024651,080400,2,2025-06-05,0,0,0,120.0,12.0,,,,19.3,,,0,True,7538,2024년_딸기(홍희),2024-09-15,2025-06-10,263,269,0.9776951672862454,late,"[240, 270)"
12239,PF_0024651,080400,3,2025-06-05,0,0,0,120.0,11.0,,,,21.1,,,0,True,7538,2024년_딸기(홍희),2024-09-15,2025-06-10,263,269,0.9776951672862454,late,"[240, 270)"
12271,PF_0024651,080400,4,2025-06-05,0,0,0,120.0,18.0,,,,21.4,,,0,True,7538,2024년_딸기(홍희),2024-09-15,2025-06-10,263,269,0.9776951672862454,late,"[240, 270)"
12303,PF_0024651,080400,5,2025-06-05,0,0,0,120.0,14.0,,,,18.6,,,0,True,7538,2024년_딸기(홍희),2024-09-15,2025-06-10,263,269,0.9776951672862454,late,"[240, 270)"
12335,PF_0024651,080400,6,2025-06-05,0,0,0,100.0,15.0,,,,25.4,,,0,True,7538,2024년_딸기(홍희),2024-09-15,2025-06-10,263,269,0.9776951672862454,late,"[240, 270)"
12367,PF_0024651,080400,7,2025-06-05,0,0,0,130.0,14.0,,,,21.6,,,0,True,7538,2024년_딸기(홍희),2024-09-15,2025-06-10,263,269,0.9776951672862454,late,"[240, 270)"
12399,PF_0024651,080400,8,2025-06-05,0,0,0,100.0,11.0,,,,19.5,,,0,True,7538,2024년_딸기(홍희),2024-09-15,2025-06-10,263,269,0.9776951672862454,late,"[240, 270)"
12431,PF_0024651,080400,9,2025-06-05,0,0,0,110.0,13.0,,,,22.8,,,0,True,7538,2024년_딸기(홍희),2024-09-15,2025-06-10,263,269,0.9776951672862454,late,"[240, 270)"
12432,PF_0024654,080400,1,2024-10-07,0,0,0,85.0,4.0,,,,15.3,,,0,True,7527,2024년_딸기(금실),2024-09-15,2025-06-10,22,269,0.08178438661710037,early,"[0, 30)"
12464,PF_0024654,080400,2,2024-10-07,0,0,0,86.0,6.0,,,,13.3,,,0,True,7527,2024년_딸기(금실),2024-09-15,2025-06-10,22,269,0.08178438661710037,early,"[0, 30)"
12496,PF_0024654,080400,3,2024-10-07,0,0,0,80.0,6.0,,,,12.6,,,0,True,7527,2024년_딸기(금실),2024-09-15,2025-06-10,22,269,0.08178438661710037,early,"[0, 30)"
12528,PF_0024654,080400,4,2024-10-07,0,0,0,90.0,6.0,,,,12.8,,,0,True,7527,2024년_딸기(금실),2024-09-15,2025-06-10,22,269,0.08178438661710037,early,"[0, 30)"
12560,PF_0024654,080400,5,2024-10-07,0,0,0,90.0,6.0,,,,16.0,,,0,True,7527,2024년_딸기(금실),2024-09-15,2025-06-10,22,269,0.08178438661710037,early,"[0, 30)"
12592,PF_0024654,080400,6,2024-10-07,0,0,0,80.0,6.0,,,,11.6,,,0,True,7527,2024년_딸기(금실),2024-09-15,2025-06-10,22,269,0.08178438661710037,early,"[0, 30)"
12624,PF_0024654,080400,7,2024-10-07,0,0,0,80.0,7.0,,,,15.5,,,0,True,7527,2024년_딸기(금실),2024-09-15,2025-06-10,22,269,0.08178438661710037,early,"[0, 30)"
12656,PF_0024654,080400,8,2024-10-07,0,0,0,85.0,7.0,,,,14.3,,,0,True,7527,2024년_딸기(금실),2024-09-15,2025-06-10,22,269,0.08178438661710037,early,"[0, 30)"
12688,PF_0024654,080400,9,2024-10-07,0,0,0,80.0,6.0,,,,13.5,,,0,True,7527,2024년_딸기(금실),2024-09-15,2025-06-10,22,269,0.08178438661710037,early,"[0, 30)"
12433,PF_0024654,080400,1,2024-10-14,0,0,0,80.0,5.0,,,,11.7,,,0,True,7527,2024년_딸기(금실),2024-09-15,2025-06-10,29,269,0.10780669144981413,early,"[0, 30)"
12465,PF_0024654,080400,2,2024-10-14,0,0,0,100.0,4.0,,,,15.3,,,0,True,7527,2024년_딸기(금실),2024-09-15,2025-06-10,29,269,0.10780669144981413,early,"[0, 30)"
12497,PF_0024654,080400,3,2024-10-14,0,0,0,90.0,6.0,,,,13.7,,,0,True,7527,2024년_딸기(금실),2024-09-15,2025-06-10,29,269,0.10780669144981413,early,"[0, 30)"
12529,PF_0024654,080400,4,2024-10-14,0,0,0,105.0,4.0,,,,13.0,,,0,True,7527,2024년_딸기(금실),2024-09-15,2025-06-10,29,269,0.10780669144981413,early,"[0, 30)"
12561,PF_0024654,080400,5,2024-10-14,0,0,0,105.0,4.0,,,,16.9,,,0,True,7527,2024년_딸기(금실),2024-09-15,2025-06-10,29,269,0.10780669144981413,early,"[0, 30)"
12593,PF_0024654,080400,6,2024-10-14,0,0,0,95.0,5.0,,,,17.0,,,0,True,7527,2024년_딸기(금실),2024-09-15,2025-06-10,29,269,0.10780669144981413,early,"[0, 30)"
12625,PF_0024654,080400,7,2024-10-14,0,0,0,90.0,5.0,,,,14.1,,,0,True,7527,2024년_딸기(금실),2024-09-15,2025-06-10,29,269,0.10780669144981413,early,"[0, 30)"
12657,PF_0024654,080400,8,2024-10-14,0,0,0,110.0,7.0,,,,15.1,,,0,True,7527,2024년_딸기(금실),2024-09-15,2025-06-10,29,269,0.10780669144981413,early,"[0, 30)"
12689,PF_0024654,080400,9,2024-10-14,0,0,0,90.0,6.0,,,,15.4,,,0,True,7527,2024년_딸기(금실),2024-09-15,2025-06-10,29,269,0.10780669144981413,early,"[0, 30)"
12434,PF_0024654,080400,1,2024-10-21,0,0,0,120.0,8.0,,,,16.9,,,0,True,7527,2024년_딸기(금실),2024-09-15,2025-06-10,36,269,0.13382899628252787,early,"[30, 60)"
12466,PF_0024654,080400,2,2024-10-21,0,0,0,110.0,5.0,,,,14.2,,,0,True,7527,2024년_딸기(금실),2024-09-15,2025-06-10,36,269,0.13382899628252787,early,"[30, 60)"
12498,PF_0024654,080400,3,2024-10-21,0,0,0,110.0,7.0,,,,16.2,,,0,True,7527,2024년_딸기(금실),2024-09-15,2025-06-10,36,269,0.13382899628252787,early,"[30, 60)"
12530,PF_0024654,080400,4,2024-10-21,0,0,0,120.0,5.0,,,,15.7,,,0,True,7527,2024년_딸기(금실),2024-09-15,2025-06-10,36,269,0.13382899628252787,early,"[30, 60)"
12562,PF_0024654,080400,5,2024-10-21,0,0,0,115.0,4.0,,,,17.9,,,0,True,7527,2024년_딸기(금실),2024-09-15,2025-06-10,36,269,0.13382899628252787,early,"[30, 60)"
12594,PF_0024654,080400,6,2024-10-21,0,0,0,120.0,6.0,,,,19.9,,,0,True,7527,2024년_딸기(금실),2024-09-15,2025-06-10,36,269,0.13382899628252787,early,"[30, 60)"
12626,PF_0024654,080400,7,2024-10-21,0,0,0,105.0,8.0,,,,17.8,,,0,True,7527,2024년_딸기(금실),2024-09-15,2025-06-10,36,269,0.13382899628252787,early,"[30, 60)"
12658,PF_0024654,080400,8,2024-10-21,0,0,0,125.0,8.0,,,,17.1,,,0,True,7527,2024년_딸기(금실),2024-09-15,2025-06-10,36,269,0.13382899628252787,early,"[30, 60)"
12690,PF_0024654,080400,9,2024-10-21,0,0,0,120.0,6.0,,,,16.1,,,0,True,7527,2024년_딸기(금실),2024-09-15,2025-06-10,36,269,0.13382899628252787,early,"[30, 60)"
12435,PF_0024654,080400,1,2024-10-28,0,0,0,110.0,5.0,,,,19.0,,,0,True,7527,2024년_딸기(금실),2024-09-15,2025-06-10,43,269,0.15985130111524162,early,"[30, 60)"
12467,PF_0024654,080400,2,2024-10-28,0,0,0,130.0,5.0,,,,14.5,,,0,True,7527,2024년_딸기(금실),2024-09-15,2025-06-10,43,269,0.15985130111524162,early,"[30, 60)"
12499,PF_0024654,080400,3,2024-10-28,0,0,0,120.0,4.0,,,,15.9,,,0,True,7527,2024년_딸기(금실),2024-09-15,2025-06-10,43,269,0.15985130111524162,early,"[30, 60)"
12531,PF_0024654,080400,4,2024-10-28,0,0,0,130.0,5.0,,,,16.7,,,0,True,7527,2024년_딸기(금실),2024-09-15,2025-06-10,43,269,0.15985130111524162,early,"[30, 60)"
12563,PF_0024654,080400,5,2024-10-28,0,0,0,140.0,3.0,,,,19.5,,,0,True,7527,2024년_딸기(금실),2024-09-15,2025-06-10,43,269,0.15985130111524162,early,"[30, 60)"
12595,PF_0024654,080400,6,2024-10-28,0,0,0,110.0,4.0,,,,16.6,,,0,True,7527,2024년_딸기(금실),2024-09-15,2025-06-10,43,269,0.15985130111524162,early,"[30, 60)"
12627,PF_0024654,080400,7,2024-10-28,0,0,0,130.0,3.0,,,,14.6,,,0,True,7527,2024년_딸기(금실),2024-09-15,2025-06-10,43,269,0.15985130111524162,early,"[30, 60)"
12659,PF_0024654,080400,8,2024-10-28,0,0,0,110.0,4.0,,,,18.5,,,0,True,7527,2024년_딸기(금실),2024-09-15,2025-06-10,43,269,0.15985130111524162,early,"[30, 60)"
12691,PF_0024654,080400,9,2024-10-28,0,0,0,120.0,5.0,,,,16.3,,,0,True,7527,2024년_딸기(금실),2024-09-15,2025-06-10,43,269,0.15985130111524162,early,"[30, 60)"
12436,PF_0024654,080400,1,2024-11-04,0,0,0,120.0,5.0,,,,28.0,,,0,True,7527,2024년_딸기(금실),2024-09-15,2025-06-10,50,269,0.18587360594795538,early,"[30, 60)"
12468,PF_0024654,080400,2,2024-11-04,0,0,0,140.0,5.0,,,,29.3,,,0,True,7527,2024년_딸기(금실),2024-09-15,2025-06-10,50,269,0.18587360594795538,early,"[30, 60)"
12500,PF_0024654,080400,3,2024-11-04,0,0,0,130.0,5.0,,,,23.1,,,0,True,7527,2024년_딸기(금실),2024-09-15,2025-06-10,50,269,0.18587360594795538,early,"[30, 60)"
12532,PF_0024654,080400,4,2024-11-04,0,0,0,110.0,5.0,,,,27.8,,,0,True,7527,2024년_딸기(금실),2024-09-15,2025-06-10,50,269,0.18587360594795538,early,"[30, 60)"
12564,PF_0024654,080400,5,2024-11-04,0,0,0,140.0,3.0,,,,35.3,,,0,True,7527,2024년_딸기(금실),2024-09-15,2025-06-10,50,269,0.18587360594795538,early,"[30, 60)"
12596,PF_0024654,080400,6,2024-11-04,0,0,0,130.0,5.0,,,,37.6,,,0,True,7527,2024년_딸기(금실),2024-09-15,2025-06-10,50,269,0.18587360594795538,early,"[30, 60)"
12628,PF_0024654,080400,7,2024-11-04,0,0,0,130.0,4.0,,,,35.5,,,0,True,7527,2024년_딸기(금실),2024-09-15,2025-06-10,50,269,0.18587360594795538,early,"[30, 60)"
12660,PF_0024654,080400,8,2024-11-04,0,0,0,130.0,5.0,,,,38.6,,,0,True,7527,2024년_딸기(금실),2024-09-15,2025-06-10,50,269,0.18587360594795538,early,"[30, 60)"
12692,PF_0024654,080400,9,2024-11-04,0,0,0,140.0,4.0,,,,33.4,,,0,True,7527,2024년_딸기(금실),2024-09-15,2025-06-10,50,269,0.18587360594795538,early,"[30, 60)"
12437,PF_0024654,080400,1,2024-11-11,0,0,0,12.0,6.0,,,,19.8,,,0,True,7527,2024년_딸기(금실),2024-09-15,2025-06-10,57,269,0.21189591078066913,early,"[30, 60)"
12469,PF_0024654,080400,2,2024-11-11,0,0,0,14.0,6.0,,,,27.0,,,0,True,7527,2024년_딸기(금실),2024-09-15,2025-06-10,57,269,0.21189591078066913,early,"[30, 60)"
12501,PF_0024654,080400,3,2024-11-11,0,0,0,120.0,8.0,,,,31.5,,,0,True,7527,2024년_딸기(금실),2024-09-15,2025-06-10,57,269,0.21189591078066913,early,"[30, 60)"
12533,PF_0024654,080400,4,2024-11-11,0,0,0,13.0,6.0,,,,29.4,,,0,True,7527,2024년_딸기(금실),2024-09-15,2025-06-10,57,269,0.21189591078066913,early,"[30, 60)"
12565,PF_0024654,080400,5,2024-11-11,0,0,0,11.0,5.0,,,,30.0,,,0,True,7527,2024년_딸기(금실),2024-09-15,2025-06-10,57,269,0.21189591078066913,early,"[30, 60)"
12597,PF_0024654,080400,6,2024-11-11,0,0,0,130.0,5.0,,,,25.3,,,0,True,7527,2024년_딸기(금실),2024-09-15,2025-06-10,57,269,0.21189591078066913,early,"[30, 60)"
12629,PF_0024654,080400,7,2024-11-11,0,0,0,130.0,6.0,,,,25.6,,,0,True,7527,2024년_딸기(금실),2024-09-15,2025-06-10,57,269,0.21189591078066913,early,"[30, 60)"
12661,PF_0024654,080400,8,2024-11-11,0,0,0,12.0,5.0,,,,28.6,,,0,True,7527,2024년_딸기(금실),2024-09-15,2025-06-10,57,269,0.21189591078066913,early,"[30, 60)"
12693,PF_0024654,080400,9,2024-11-11,0,0,0,13.0,5.0,,,,25.3,,,0,True,7527,2024년_딸기(금실),2024-09-15,2025-06-10,57,269,0.21189591078066913,early,"[30, 60)"
12438,PF_0024654,080400,1,2024-11-18,0,0,0,120.0,6.0,,,,19.0,,,0,True,7527,2024년_딸기(금실),2024-09-15,2025-06-10,64,269,0.2379182156133829,early,"[60, 90)"
12470,PF_0024654,080400,2,2024-11-18,0,0,0,130.0,8.0,,,,20.6,,,0,True,7527,2024년_딸기(금실),2024-09-15,2025-06-10,64,269,0.2379182156133829,early,"[60, 90)"
12502,PF_0024654,080400,3,2024-11-18,0,0,0,110.0,9.0,,,,17.7,,,0,True,7527,2024년_딸기(금실),2024-09-15,2025-06-10,64,269,0.2379182156133829,early,"[60, 90)"
12534,PF_0024654,080400,4,2024-11-18,0,0,0,130.0,6.0,,,,15.0,,,0,True,7527,2024년_딸기(금실),2024-09-15,2025-06-10,64,269,0.2379182156133829,early,"[60, 90)"
12566,PF_0024654,080400,5,2024-11-18,0,0,0,120.0,5.0,,,,18.4,,,0,True,7527,2024년_딸기(금실),2024-09-15,2025-06-10,64,269,0.2379182156133829,early,"[60, 90)"
12598,PF_0024654,080400,6,2024-11-18,0,0,0,130.0,7.0,,,,20.3,,,0,True,7527,2024년_딸기(금실),2024-09-15,2025-06-10,64,269,0.2379182156133829,early,"[60, 90)"
12630,PF_0024654,080400,7,2024-11-18,0,0,0,130.0,5.0,,,,16.1,,,0,True,7527,2024년_딸기(금실),2024-09-15,2025-06-10,64,269,0.2379182156133829,early,"[60, 90)"
12662,PF_0024654,080400,8,2024-11-18,0,0,0,130.0,6.0,,,,17.0,,,0,True,7527,2024년_딸기(금실),2024-09-15,2025-06-10,64,269,0.2379182156133829,early,"[60, 90)"
12694,PF_0024654,080400,9,2024-11-18,0,0,0,135.0,6.0,,,,17.1,,,0,True,7527,2024년_딸기(금실),2024-09-15,2025-06-10,64,269,0.2379182156133829,early,"[60, 90)"
12439,PF_0024654,080400,1,2024-11-25,0,0,0,120.0,7.0,,,,19.4,,,0,True,7527,2024년_딸기(금실),2024-09-15,2025-06-10,71,269,0.26394052044609667,early,"[60, 90)"
12471,PF_0024654,080400,2,2024-11-25,0,0,0,130.0,6.0,,,,16.4,,,0,True,7527,2024년_딸기(금실),2024-09-15,2025-06-10,71,269,0.26394052044609667,early,"[60, 90)"
12503,PF_0024654,080400,3,2024-11-25,0,0,0,120.0,9.0,,,,18.1,,,0,True,7527,2024년_딸기(금실),2024-09-15,2025-06-10,71,269,0.26394052044609667,early,"[60, 90)"
12535,PF_0024654,080400,4,2024-11-25,0,0,0,110.0,7.0,,,,19.5,,,0,True,7527,2024년_딸기(금실),2024-09-15,2025-06-10,71,269,0.26394052044609667,early,"[60, 90)"
12567,PF_0024654,080400,5,2024-11-25,0,0,0,150.0,2.0,,,,15.5,,,0,True,7527,2024년_딸기(금실),2024-09-15,2025-06-10,71,269,0.26394052044609667,early,"[60, 90)"
12599,PF_0024654,080400,6,2024-11-25,0,0,0,120.0,10.0,,,,17.1,,,0,True,7527,2024년_딸기(금실),2024-09-15,2025-06-10,71,269,0.26394052044609667,early,"[60, 90)"
12631,PF_0024654,080400,7,2024-11-25,0,0,0,110.0,5.0,,,,14.5,,,0,True,7527,2024년_딸기(금실),2024-09-15,2025-06-10,71,269,0.26394052044609667,early,"[60, 90)"
12663,PF_0024654,080400,8,2024-11-25,0,0,0,120.0,7.0,,,,17.7,,,0,True,7527,2024년_딸기(금실),2024-09-15,2025-06-10,71,269,0.26394052044609667,early,"[60, 90)"
12695,PF_0024654,080400,9,2024-11-25,0,0,0,130.0,7.0,,,,13.3,,,0,True,7527,2024년_딸기(금실),2024-09-15,2025-06-10,71,269,0.26394052044609667,early,"[60, 90)"
12440,PF_0024654,080400,1,2024-12-02,0,0,0,110.0,7.0,,,,17.6,,,0,True,7527,2024년_딸기(금실),2024-09-15,2025-06-10,78,269,0.2899628252788104,early,"[60, 90)"
12472,PF_0024654,080400,2,2024-12-02,0,0,0,130.0,8.0,,,,22.1,,,0,True,7527,2024년_딸기(금실),2024-09-15,2025-06-10,78,269,0.2899628252788104,early,"[60, 90)"
12504,PF_0024654,080400,3,2024-12-02,0,0,0,120.0,10.0,,,,34.7,,,0,True,7527,2024년_딸기(금실),2024-09-15,2025-06-10,78,269,0.2899628252788104,early,"[60, 90)"
12536,PF_0024654,080400,4,2024-12-02,0,0,0,110.0,7.0,,,,25.4,,,0,True,7527,2024년_딸기(금실),2024-09-15,2025-06-10,78,269,0.2899628252788104,early,"[60, 90)"
12568,PF_0024654,080400,5,2024-12-02,0,0,0,140.0,3.0,,,,33.8,,,0,True,7527,2024년_딸기(금실),2024-09-15,2025-06-10,78,269,0.2899628252788104,early,"[60, 90)"
12600,PF_0024654,080400,6,2024-12-02,0,0,0,120.0,8.0,,,,32.3,,,0,True,7527,2024년_딸기(금실),2024-09-15,2025-06-10,78,269,0.2899628252788104,early,"[60, 90)"
12632,PF_0024654,080400,7,2024-12-02,0,0,0,110.0,6.0,,,,29.8,,,0,True,7527,2024년_딸기(금실),2024-09-15,2025-06-10,78,269,0.2899628252788104,early,"[60, 90)"
12664,PF_0024654,080400,8,2024-12-02,0,0,0,120.0,7.0,,,,34.1,,,0,True,7527,2024년_딸기(금실),2024-09-15,2025-06-10,78,269,0.2899628252788104,early,"[60, 90)"
12696,PF_0024654,080400,9,2024-12-02,0,0,0,140.0,7.0,,,,33.5,,,0,True,7527,2024년_딸기(금실),2024-09-15,2025-06-10,78,269,0.2899628252788104,early,"[60, 90)"
12441,PF_0024654,080400,1,2024-12-09,0,0,0,110.0,8.0,,,,24.8,,,0,True,7527,2024년_딸기(금실),2024-09-15,2025-06-10,85,269,0.3159851301115242,early,"[60, 90)"
12473,PF_0024654,080400,2,2024-12-09,0,0,0,130.0,8.0,,,,17.7,,,0,True,7527,2024년_딸기(금실),2024-09-15,2025-06-10,85,269,0.3159851301115242,early,"[60, 90)"
12505,PF_0024654,080400,3,2024-12-09,0,0,0,130.0,9.0,,,,19.6,,,0,True,7527,2024년_딸기(금실),2024-09-15,2025-06-10,85,269,0.3159851301115242,early,"[60, 90)"
12537,PF_0024654,080400,4,2024-12-09,0,0,0,130.0,8.0,,,,20.0,,,0,True,7527,2024년_딸기(금실),2024-09-15,2025-06-10,85,269,0.3159851301115242,early,"[60, 90)"
12569,PF_0024654,080400,5,2024-12-09,0,0,0,120.0,3.0,,,,16.8,,,0,True,7527,2024년_딸기(금실),2024-09-15,2025-06-10,85,269,0.3159851301115242,early,"[60, 90)"
12601,PF_0024654,080400,6,2024-12-09,0,0,0,130.0,11.0,,,,20.2,,,0,True,7527,2024년_딸기(금실),2024-09-15,2025-06-10,85,269,0.3159851301115242,early,"[60, 90)"
12633,PF_0024654,080400,7,2024-12-09,0,0,0,110.0,6.0,,,,23.1,,,0,True,7527,2024년_딸기(금실),2024-09-15,2025-06-10,85,269,0.3159851301115242,early,"[60, 90)"
12665,PF_0024654,080400,8,2024-12-09,0,0,0,120.0,7.0,,,,24.5,,,0,True,7527,2024년_딸기(금실),2024-09-15,2025-06-10,85,269,0.3159851301115242,early,"[60, 90)"
12697,PF_0024654,080400,9,2024-12-09,0,0,0,130.0,8.0,,,,23.2,,,0,True,7527,2024년_딸기(금실),2024-09-15,2025-06-10,85,269,0.3159851301115242,early,"[60, 90)"
12442,PF_0024654,080400,1,2024-12-16,0,0,0,100.0,8.0,,,,19.1,,,0,True,7527,2024년_딸기(금실),2024-09-15,2025-06-10,92,269,0.3420074349442379,middle,"[90, 120)"
12474,PF_0024654,080400,2,2024-12-16,0,0,0,130.0,8.0,,,,18.7,,,0,True,7527,2024년_딸기(금실),2024-09-15,2025-06-10,92,269,0.3420074349442379,middle,"[90, 120)"
12506,PF_0024654,080400,3,2024-12-16,0,0,0,120.0,9.0,,,,19.8,,,0,True,7527,2024년_딸기(금실),2024-09-15,2025-06-10,92,269,0.3420074349442379,middle,"[90, 120)"
12538,PF_0024654,080400,4,2024-12-16,0,0,0,130.0,8.0,,,,18.1,,,0,True,7527,2024년_딸기(금실),2024-09-15,2025-06-10,92,269,0.3420074349442379,middle,"[90, 120)"
12570,PF_0024654,080400,5,2024-12-16,0,0,0,140.0,3.0,,,,20.1,,,0,True,7527,2024년_딸기(금실),2024-09-15,2025-06-10,92,269,0.3420074349442379,middle,"[90, 120)"
12602,PF_0024654,080400,6,2024-12-16,0,0,0,130.0,11.0,,,,25.6,,,0,True,7527,2024년_딸기(금실),2024-09-15,2025-06-10,92,269,0.3420074349442379,middle,"[90, 120)"
12634,PF_0024654,080400,7,2024-12-16,0,0,0,120.0,6.0,,,,18.3,,,0,True,7527,2024년_딸기(금실),2024-09-15,2025-06-10,92,269,0.3420074349442379,middle,"[90, 120)"
12666,PF_0024654,080400,8,2024-12-16,0,0,0,120.0,8.0,,,,20.8,,,0,True,7527,2024년_딸기(금실),2024-09-15,2025-06-10,92,269,0.3420074349442379,middle,"[90, 120)"
12698,PF_0024654,080400,9,2024-12-16,0,0,0,110.0,8.0,,,,18.0,,,0,True,7527,2024년_딸기(금실),2024-09-15,2025-06-10,92,269,0.3420074349442379,middle,"[90, 120)"
12443,PF_0024654,080400,1,2024-12-23,0,0,0,110.0,8.0,,,,13.1,,,0,True,7527,2024년_딸기(금실),2024-09-15,2025-06-10,99,269,0.3680297397769517,middle,"[90, 120)"
12475,PF_0024654,080400,2,2024-12-23,0,0,0,110.0,9.0,,,,11.7,,,0,True,7527,2024년_딸기(금실),2024-09-15,2025-06-10,99,269,0.3680297397769517,middle,"[90, 120)"
12507,PF_0024654,080400,3,2024-12-23,0,0,0,120.0,11.0,,,,11.4,,,0,True,7527,2024년_딸기(금실),2024-09-15,2025-06-10,99,269,0.3680297397769517,middle,"[90, 120)"
12539,PF_0024654,080400,4,2024-12-23,0,0,0,120.0,8.0,,,,11.9,,,0,True,7527,2024년_딸기(금실),2024-09-15,2025-06-10,99,269,0.3680297397769517,middle,"[90, 120)"
12571,PF_0024654,080400,5,2024-12-23,0,0,0,140.0,3.0,,,,9.5,,,0,True,7527,2024년_딸기(금실),2024-09-15,2025-06-10,99,269,0.3680297397769517,middle,"[90, 120)"
12603,PF_0024654,080400,6,2024-12-23,0,0,0,130.0,11.0,,,,15.9,,,0,True,7527,2024년_딸기(금실),2024-09-15,2025-06-10,99,269,0.3680297397769517,middle,"[90, 120)"
12635,PF_0024654,080400,7,2024-12-23,0,0,0,100.0,6.0,,,,10.5,,,0,True,7527,2024년_딸기(금실),2024-09-15,2025-06-10,99,269,0.3680297397769517,middle,"[90, 120)"
12667,PF_0024654,080400,8,2024-12-23,0,0,0,120.0,8.0,,,,15.1,,,0,True,7527,2024년_딸기(금실),2024-09-15,2025-06-10,99,269,0.3680297397769517,middle,"[90, 120)"
12699,PF_0024654,080400,9,2024-12-23,0,0,0,150.0,7.0,,,,10.9,,,0,True,7527,2024년_딸기(금실),2024-09-15,2025-06-10,99,269,0.3680297397769517,middle,"[90, 120)"
12444,PF_0024654,080400,1,2024-12-30,4,0,0,110.0,8.0,,,,27.6,,,4,False,7527,2024년_딸기(금실),2024-09-15,2025-06-10,106,269,0.3940520446096654,middle,"[90, 120)"
12476,PF_0024654,080400,2,2024-12-30,6,0,0,130.0,10.0,,,,32.4,,,6,False,7527,2024년_딸기(금실),2024-09-15,2025-06-10,106,269,0.3940520446096654,middle,"[90, 120)"
12508,PF_0024654,080400,3,2024-12-30,7,0,0,120.0,9.0,,,,26.1,,,7,False,7527,2024년_딸기(금실),2024-09-15,2025-06-10,106,269,0.3940520446096654,middle,"[90, 120)"
12540,PF_0024654,080400,4,2024-12-30,4,0,0,110.0,8.0,,,,28.4,,,4,False,7527,2024년_딸기(금실),2024-09-15,2025-06-10,106,269,0.3940520446096654,middle,"[90, 120)"
12572,PF_0024654,080400,5,2024-12-30,4,0,0,140.0,3.0,,,,27.0,,,4,False,7527,2024년_딸기(금실),2024-09-15,2025-06-10,106,269,0.3940520446096654,middle,"[90, 120)"
12604,PF_0024654,080400,6,2024-12-30,6,0,0,130.0,11.0,,,,24.2,,,6,False,7527,2024년_딸기(금실),2024-09-15,2025-06-10,106,269,0.3940520446096654,middle,"[90, 120)"
12636,PF_0024654,080400,7,2024-12-30,8,0,0,110.0,6.0,,,,25.6,,,8,False,7527,2024년_딸기(금실),2024-09-15,2025-06-10,106,269,0.3940520446096654,middle,"[90, 120)"
12668,PF_0024654,080400,8,2024-12-30,5,0,0,110.0,9.0,,,,33.1,,,5,False,7527,2024년_딸기(금실),2024-09-15,2025-06-10,106,269,0.3940520446096654,middle,"[90, 120)"
12700,PF_0024654,080400,9,2024-12-30,4,0,0,110.0,9.0,,,,28.5,,,4,False,7527,2024년_딸기(금실),2024-09-15,2025-06-10,106,269,0.3940520446096654,middle,"[90, 120)"
12445,PF_0024654,080400,1,2025-01-06,5,0,0,110.0,8.0,,,,14.5,,,5,False,7527,2024년_딸기(금실),2024-09-15,2025-06-10,113,269,0.4200743494423792,middle,"[90, 120)"
12477,PF_0024654,080400,2,2025-01-06,6,0,0,130.0,9.0,,,,17.3,,,6,False,7527,2024년_딸기(금실),2024-09-15,2025-06-10,113,269,0.4200743494423792,middle,"[90, 120)"
12509,PF_0024654,080400,3,2025-01-06,6,0,0,120.0,12.0,,,,13.6,,,6,False,7527,2024년_딸기(금실),2024-09-15,2025-06-10,113,269,0.4200743494423792,middle,"[90, 120)"
12541,PF_0024654,080400,4,2025-01-06,3,0,0,120.0,8.0,,,,14.8,,,3,False,7527,2024년_딸기(금실),2024-09-15,2025-06-10,113,269,0.4200743494423792,middle,"[90, 120)"
12573,PF_0024654,080400,5,2025-01-06,2,0,0,115.0,3.0,,,,11.8,,,2,False,7527,2024년_딸기(금실),2024-09-15,2025-06-10,113,269,0.4200743494423792,middle,"[90, 120)"
12605,PF_0024654,080400,6,2025-01-06,5,0,0,120.0,11.0,,,,16.5,,,5,False,7527,2024년_딸기(금실),2024-09-15,2025-06-10,113,269,0.4200743494423792,middle,"[90, 120)"
12637,PF_0024654,080400,7,2025-01-06,6,0,0,110.0,5.0,,,,13.4,,,6,False,7527,2024년_딸기(금실),2024-09-15,2025-06-10,113,269,0.4200743494423792,middle,"[90, 120)"
12669,PF_0024654,080400,8,2025-01-06,5,0,0,120.0,9.0,,,,18.3,,,5,False,7527,2024년_딸기(금실),2024-09-15,2025-06-10,113,269,0.4200743494423792,middle,"[90, 120)"
12701,PF_0024654,080400,9,2025-01-06,4,0,0,130.0,9.0,,,,13.5,,,4,False,7527,2024년_딸기(금실),2024-09-15,2025-06-10,113,269,0.4200743494423792,middle,"[90, 120)"
12446,PF_0024654,080400,1,2025-01-13,2,0,0,110.0,8.0,,,,20.0,,,2,False,7527,2024년_딸기(금실),2024-09-15,2025-06-10,120,269,0.44609665427509293,middle,"[120, 150)"
12478,PF_0024654,080400,2,2025-01-13,1,0,0,135.0,9.0,,,,19.6,,,1,False,7527,2024년_딸기(금실),2024-09-15,2025-06-10,120,269,0.44609665427509293,middle,"[120, 150)"
12510,PF_0024654,080400,3,2025-01-13,2,0,0,120.0,11.0,,,,17.0,,,2,False,7527,2024년_딸기(금실),2024-09-15,2025-06-10,120,269,0.44609665427509293,middle,"[120, 150)"
12542,PF_0024654,080400,4,2025-01-13,0,0,0,110.0,8.0,,,,14.4,,,0,True,7527,2024년_딸기(금실),2024-09-15,2025-06-10,120,269,0.44609665427509293,middle,"[120, 150)"
12574,PF_0024654,080400,5,2025-01-13,0,0,0,140.0,3.0,,,,12.9,,,0,True,7527,2024년_딸기(금실),2024-09-15,2025-06-10,120,269,0.44609665427509293,middle,"[120, 150)"
12606,PF_0024654,080400,6,2025-01-13,3,0,0,125.0,12.0,,,,20.5,,,3,False,7527,2024년_딸기(금실),2024-09-15,2025-06-10,120,269,0.44609665427509293,middle,"[120, 150)"
12638,PF_0024654,080400,7,2025-01-13,2,0,0,110.0,6.0,,,,17.1,,,2,False,7527,2024년_딸기(금실),2024-09-15,2025-06-10,120,269,0.44609665427509293,middle,"[120, 150)"
12670,PF_0024654,080400,8,2025-01-13,7,0,0,120.0,11.0,,,,18.5,,,7,False,7527,2024년_딸기(금실),2024-09-15,2025-06-10,120,269,0.44609665427509293,middle,"[120, 150)"
12702,PF_0024654,080400,9,2025-01-13,3,0,0,140.0,9.0,,,,13.3,,,3,False,7527,2024년_딸기(금실),2024-09-15,2025-06-10,120,269,0.44609665427509293,middle,"[120, 150)"
12447,PF_0024654,080400,1,2025-01-20,0,0,0,110.0,9.0,,,,18.6,,,0,True,7527,2024년_딸기(금실),2024-09-15,2025-06-10,127,269,0.4721189591078067,middle,"[120, 150)"
12479,PF_0024654,080400,2,2025-01-20,0,1,0,130.0,10.0,,,,18.5,,,1,False,7527,2024년_딸기(금실),2024-09-15,2025-06-10,127,269,0.4721189591078067,middle,"[120, 150)"
12511,PF_0024654,080400,3,2025-01-20,1,0,0,120.0,11.0,,,,15.0,,,1,False,7527,2024년_딸기(금실),2024-09-15,2025-06-10,127,269,0.4721189591078067,middle,"[120, 150)"
12543,PF_0024654,080400,4,2025-01-20,0,0,0,110.0,9.0,,,,18.8,,,0,True,7527,2024년_딸기(금실),2024-09-15,2025-06-10,127,269,0.4721189591078067,middle,"[120, 150)"
12575,PF_0024654,080400,5,2025-01-20,0,0,0,140.0,3.0,,,,13.7,,,0,True,7527,2024년_딸기(금실),2024-09-15,2025-06-10,127,269,0.4721189591078067,middle,"[120, 150)"
12607,PF_0024654,080400,6,2025-01-20,0,0,0,130.0,13.0,,,,20.0,,,0,True,7527,2024년_딸기(금실),2024-09-15,2025-06-10,127,269,0.4721189591078067,middle,"[120, 150)"
12639,PF_0024654,080400,7,2025-01-20,0,0,0,110.0,7.0,,,,14.8,,,0,True,7527,2024년_딸기(금실),2024-09-15,2025-06-10,127,269,0.4721189591078067,middle,"[120, 150)"
12671,PF_0024654,080400,8,2025-01-20,7,3,0,120.0,12.0,,,,22.6,,,10,False,7527,2024년_딸기(금실),2024-09-15,2025-06-10,127,269,0.4721189591078067,middle,"[120, 150)"
12703,PF_0024654,080400,9,2025-01-20,0,1,0,140.0,10.0,,,,45.8,,,1,False,7527,2024년_딸기(금실),2024-09-15,2025-06-10,127,269,0.4721189591078067,middle,"[120, 150)"
12448,PF_0024654,080400,1,2025-02-03,0,0,0,110.0,9.0,,,,22.3,,,0,True,7527,2024년_딸기(금실),2024-09-15,2025-06-10,141,269,0.5241635687732342,middle,"[120, 150)"
12480,PF_0024654,080400,2,2025-02-03,0,1,0,130.0,7.0,,,,24.6,,,1,False,7527,2024년_딸기(금실),2024-09-15,2025-06-10,141,269,0.5241635687732342,middle,"[120, 150)"
12512,PF_0024654,080400,3,2025-02-03,0,0,0,120.0,13.0,,,,31.6,,,0,True,7527,2024년_딸기(금실),2024-09-15,2025-06-10,141,269,0.5241635687732342,middle,"[120, 150)"
12544,PF_0024654,080400,4,2025-02-03,0,0,0,110.0,8.0,,,,22.6,,,0,True,7527,2024년_딸기(금실),2024-09-15,2025-06-10,141,269,0.5241635687732342,middle,"[120, 150)"
12576,PF_0024654,080400,5,2025-02-03,0,3,0,140.0,10.0,,,,22.8,,,3,False,7527,2024년_딸기(금실),2024-09-15,2025-06-10,141,269,0.5241635687732342,middle,"[120, 150)"
12608,PF_0024654,080400,6,2025-02-03,0,0,0,125.0,11.0,,,,24.6,,,0,True,7527,2024년_딸기(금실),2024-09-15,2025-06-10,141,269,0.5241635687732342,middle,"[120, 150)"
12640,PF_0024654,080400,7,2025-02-03,0,0,0,110.0,7.0,,,,22.7,,,0,True,7527,2024년_딸기(금실),2024-09-15,2025-06-10,141,269,0.5241635687732342,middle,"[120, 150)"
12672,PF_0024654,080400,8,2025-02-03,0,6,0,120.0,10.0,,,,25.5,,,6,False,7527,2024년_딸기(금실),2024-09-15,2025-06-10,141,269,0.5241635687732342,middle,"[120, 150)"
12704,PF_0024654,080400,9,2025-02-03,0,6,0,140.0,9.0,,,,23.6,,,6,False,7527,2024년_딸기(금실),2024-09-15,2025-06-10,141,269,0.5241635687732342,middle,"[120, 150)"
12449,PF_0024654,080400,1,2025-02-10,0,0,0,110.0,10.0,,,,26.0,,,0,True,7527,2024년_딸기(금실),2024-09-15,2025-06-10,148,269,0.550185873605948,middle,"[120, 150)"
12481,PF_0024654,080400,2,2025-02-10,0,2,0,130.0,9.0,,,,25.8,,,2,False,7527,2024년_딸기(금실),2024-09-15,2025-06-10,148,269,0.550185873605948,middle,"[120, 150)"
12513,PF_0024654,080400,3,2025-02-10,0,0,0,120.0,15.0,,,,30.1,,,0,True,7527,2024년_딸기(금실),2024-09-15,2025-06-10,148,269,0.550185873605948,middle,"[120, 150)"
12545,PF_0024654,080400,4,2025-02-10,0,1,0,130.0,10.0,,,,25.7,,,1,False,7527,2024년_딸기(금실),2024-09-15,2025-06-10,148,269,0.550185873605948,middle,"[120, 150)"
12577,PF_0024654,080400,5,2025-02-10,0,4,0,150.0,10.0,,,,33.1,,,4,False,7527,2024년_딸기(금실),2024-09-15,2025-06-10,148,269,0.550185873605948,middle,"[120, 150)"
12609,PF_0024654,080400,6,2025-02-10,0,1,0,130.0,15.0,,,,35.3,,,1,False,7527,2024년_딸기(금실),2024-09-15,2025-06-10,148,269,0.550185873605948,middle,"[120, 150)"
12641,PF_0024654,080400,7,2025-02-10,0,0,0,110.0,8.0,,,,34.3,,,0,True,7527,2024년_딸기(금실),2024-09-15,2025-06-10,148,269,0.550185873605948,middle,"[120, 150)"
12673,PF_0024654,080400,8,2025-02-10,3,6,0,120.0,12.0,,,,36.7,,,9,False,7527,2024년_딸기(금실),2024-09-15,2025-06-10,148,269,0.550185873605948,middle,"[120, 150)"
12705,PF_0024654,080400,9,2025-02-10,0,7,0,140.0,8.0,,,,34.6,,,7,False,7527,2024년_딸기(금실),2024-09-15,2025-06-10,148,269,0.550185873605948,middle,"[120, 150)"
12450,PF_0024654,080400,1,2025-02-17,0,3,0,110.0,11.0,,,,21.0,,,3,False,7527,2024년_딸기(금실),2024-09-15,2025-06-10,155,269,0.5762081784386617,middle,"[150, 180)"
12482,PF_0024654,080400,2,2025-02-17,0,1,0,100.0,8.0,,,,16.2,,,1,False,7527,2024년_딸기(금실),2024-09-15,2025-06-10,155,269,0.5762081784386617,middle,"[150, 180)"
12514,PF_0024654,080400,3,2025-02-17,0,2,0,125.0,16.0,,,,17.8,,,2,False,7527,2024년_딸기(금실),2024-09-15,2025-06-10,155,269,0.5762081784386617,middle,"[150, 180)"
12546,PF_0024654,080400,4,2025-02-17,0,3,0,110.0,10.0,,,,16.2,,,3,False,7527,2024년_딸기(금실),2024-09-15,2025-06-10,155,269,0.5762081784386617,middle,"[150, 180)"
12578,PF_0024654,080400,5,2025-02-17,0,6,0,120.0,11.0,,,,17.7,,,6,False,7527,2024년_딸기(금실),2024-09-15,2025-06-10,155,269,0.5762081784386617,middle,"[150, 180)"
12610,PF_0024654,080400,6,2025-02-17,0,4,0,120.0,17.0,,,,15.6,,,4,False,7527,2024년_딸기(금실),2024-09-15,2025-06-10,155,269,0.5762081784386617,middle,"[150, 180)"
12642,PF_0024654,080400,7,2025-02-17,0,0,0,110.0,8.0,,,,18.1,,,0,True,7527,2024년_딸기(금실),2024-09-15,2025-06-10,155,269,0.5762081784386617,middle,"[150, 180)"
12674,PF_0024654,080400,8,2025-02-17,0,0,0,100.0,12.0,,,,17.7,,,0,True,7527,2024년_딸기(금실),2024-09-15,2025-06-10,155,269,0.5762081784386617,middle,"[150, 180)"
12706,PF_0024654,080400,9,2025-02-17,0,6,0,140.0,8.0,,,,17.2,,,6,False,7527,2024년_딸기(금실),2024-09-15,2025-06-10,155,269,0.5762081784386617,middle,"[150, 180)"
12451,PF_0024654,080400,1,2025-02-24,0,8,0,110.0,9.0,,,,18.2,,,8,False,7527,2024년_딸기(금실),2024-09-15,2025-06-10,162,269,0.6022304832713755,middle,"[150, 180)"
12483,PF_0024654,080400,2,2025-02-24,0,4,3,125.0,14.0,,,,18.4,,,7,False,7527,2024년_딸기(금실),2024-09-15,2025-06-10,162,269,0.6022304832713755,middle,"[150, 180)"
12515,PF_0024654,080400,3,2025-02-24,0,5,0,120.0,18.0,,,,22.5,,,5,False,7527,2024년_딸기(금실),2024-09-15,2025-06-10,162,269,0.6022304832713755,middle,"[150, 180)"
12547,PF_0024654,080400,4,2025-02-24,0,6,0,120.0,11.0,,,,17.2,,,6,False,7527,2024년_딸기(금실),2024-09-15,2025-06-10,162,269,0.6022304832713755,middle,"[150, 180)"
12579,PF_0024654,080400,5,2025-02-24,0,6,0,150.0,10.0,,,,19.8,,,6,False,7527,2024년_딸기(금실),2024-09-15,2025-06-10,162,269,0.6022304832713755,middle,"[150, 180)"
12611,PF_0024654,080400,6,2025-02-24,0,6,0,120.0,16.0,,,,19.9,,,6,False,7527,2024년_딸기(금실),2024-09-15,2025-06-10,162,269,0.6022304832713755,middle,"[150, 180)"
12643,PF_0024654,080400,7,2025-02-24,0,1,0,110.0,10.0,,,,19.8,,,1,False,7527,2024년_딸기(금실),2024-09-15,2025-06-10,162,269,0.6022304832713755,middle,"[150, 180)"
12675,PF_0024654,080400,8,2025-02-24,0,4,0,100.0,14.0,,,,18.6,,,4,False,7527,2024년_딸기(금실),2024-09-15,2025-06-10,162,269,0.6022304832713755,middle,"[150, 180)"
12707,PF_0024654,080400,9,2025-02-24,0,6,1,140.0,10.0,,,,16.2,,,7,False,7527,2024년_딸기(금실),2024-09-15,2025-06-10,162,269,0.6022304832713755,middle,"[150, 180)"
12452,PF_0024654,080400,1,2025-03-03,0,7,0,120.0,12.0,,,,20.4,,,7,False,7527,2024년_딸기(금실),2024-09-15,2025-06-10,169,269,0.6282527881040892,middle,"[150, 180)"
12484,PF_0024654,080400,2,2025-03-03,0,2,6,130.0,17.0,,,,20.4,,,8,False,7527,2024년_딸기(금실),2024-09-15,2025-06-10,169,269,0.6282527881040892,middle,"[150, 180)"
12516,PF_0024654,080400,3,2025-03-03,0,6,3,130.0,13.0,,,,16.3,,,9,False,7527,2024년_딸기(금실),2024-09-15,2025-06-10,169,269,0.6282527881040892,middle,"[150, 180)"
12548,PF_0024654,080400,4,2025-03-03,0,8,2,120.0,12.0,,,,15.7,,,10,False,7527,2024년_딸기(금실),2024-09-15,2025-06-10,169,269,0.6282527881040892,middle,"[150, 180)"
12580,PF_0024654,080400,5,2025-03-03,0,5,2,120.0,13.0,,,,22.4,,,7,False,7527,2024년_딸기(금실),2024-09-15,2025-06-10,169,269,0.6282527881040892,middle,"[150, 180)"
12612,PF_0024654,080400,6,2025-03-03,0,6,1,130.0,20.0,,,,22.0,,,7,False,7527,2024년_딸기(금실),2024-09-15,2025-06-10,169,269,0.6282527881040892,middle,"[150, 180)"
12644,PF_0024654,080400,7,2025-03-03,0,4,0,110.0,9.0,,,,17.6,,,4,False,7527,2024년_딸기(금실),2024-09-15,2025-06-10,169,269,0.6282527881040892,middle,"[150, 180)"
12676,PF_0024654,080400,8,2025-03-03,0,2,1,100.0,16.0,,,,17.1,,,3,False,7527,2024년_딸기(금실),2024-09-15,2025-06-10,169,269,0.6282527881040892,middle,"[150, 180)"
12708,PF_0024654,080400,9,2025-03-03,0,5,3,135.0,10.0,,,,16.3,,,8,False,7527,2024년_딸기(금실),2024-09-15,2025-06-10,169,269,0.6282527881040892,middle,"[150, 180)"
12453,PF_0024654,080400,1,2025-03-10,0,6,1,110.0,13.0,,,,19.1,,,7,False,7527,2024년_딸기(금실),2024-09-15,2025-06-10,176,269,0.654275092936803,middle,"[150, 180)"
12485,PF_0024654,080400,2,2025-03-10,0,0,6,130.0,15.0,,,,19.1,,,6,False,7527,2024년_딸기(금실),2024-09-15,2025-06-10,176,269,0.654275092936803,middle,"[150, 180)"
12517,PF_0024654,080400,3,2025-03-10,0,4,3,130.0,14.0,,,,20.6,,,7,False,7527,2024년_딸기(금실),2024-09-15,2025-06-10,176,269,0.654275092936803,middle,"[150, 180)"
12549,PF_0024654,080400,4,2025-03-10,0,6,2,120.0,11.0,,,,15.3,,,8,False,7527,2024년_딸기(금실),2024-09-15,2025-06-10,176,269,0.654275092936803,middle,"[150, 180)"
12581,PF_0024654,080400,5,2025-03-10,0,4,4,150.0,14.0,,,,21.9,,,8,False,7527,2024년_딸기(금실),2024-09-15,2025-06-10,176,269,0.654275092936803,middle,"[150, 180)"
12613,PF_0024654,080400,6,2025-03-10,0,10,0,120.0,17.0,,,,20.0,,,10,False,7527,2024년_딸기(금실),2024-09-15,2025-06-10,176,269,0.654275092936803,middle,"[150, 180)"
12645,PF_0024654,080400,7,2025-03-10,0,6,1,110.0,11.0,,,,23.1,,,7,False,7527,2024년_딸기(금실),2024-09-15,2025-06-10,176,269,0.654275092936803,middle,"[150, 180)"
12677,PF_0024654,080400,8,2025-03-10,0,0,1,100.0,17.0,,,,20.6,,,1,False,7527,2024년_딸기(금실),2024-09-15,2025-06-10,176,269,0.654275092936803,middle,"[150, 180)"
12709,PF_0024654,080400,9,2025-03-10,0,3,3,110.0,10.0,,,,19.9,,,6,False,7527,2024년_딸기(금실),2024-09-15,2025-06-10,176,269,0.654275092936803,middle,"[150, 180)"
12454,PF_0024654,080400,1,2025-03-17,0,5,3,110.0,15.0,,,,17.5,,,8,False,7527,2024년_딸기(금실),2024-09-15,2025-06-10,183,269,0.6802973977695167,late,"[180, 210)"
12486,PF_0024654,080400,2,2025-03-17,0,4,4,130.0,14.0,,,,19.0,,,8,False,7527,2024년_딸기(금실),2024-09-15,2025-06-10,183,269,0.6802973977695167,late,"[180, 210)"
12518,PF_0024654,080400,3,2025-03-17,0,3,3,130.0,16.0,,,,23.6,,,6,False,7527,2024년_딸기(금실),2024-09-15,2025-06-10,183,269,0.6802973977695167,late,"[180, 210)"
12550,PF_0024654,080400,4,2025-03-17,0,5,2,110.0,14.0,,,,23.0,,,7,False,7527,2024년_딸기(금실),2024-09-15,2025-06-10,183,269,0.6802973977695167,late,"[180, 210)"
12582,PF_0024654,080400,5,2025-03-17,0,2,4,150.0,13.0,,,,20.7,,,6,False,7527,2024년_딸기(금실),2024-09-15,2025-06-10,183,269,0.6802973977695167,late,"[180, 210)"
12614,PF_0024654,080400,6,2025-03-17,0,5,5,100.0,24.0,,,,21.0,,,10,False,7527,2024년_딸기(금실),2024-09-15,2025-06-10,183,269,0.6802973977695167,late,"[180, 210)"
12646,PF_0024654,080400,7,2025-03-17,0,0,6,110.0,13.0,,,,24.5,,,6,False,7527,2024년_딸기(금실),2024-09-15,2025-06-10,183,269,0.6802973977695167,late,"[180, 210)"
12678,PF_0024654,080400,8,2025-03-17,0,0,3,90.0,15.0,,,,18.4,,,3,False,7527,2024년_딸기(금실),2024-09-15,2025-06-10,183,269,0.6802973977695167,late,"[180, 210)"
12710,PF_0024654,080400,9,2025-03-17,0,1,3,140.0,12.0,,,,18.7,,,4,False,7527,2024년_딸기(금실),2024-09-15,2025-06-10,183,269,0.6802973977695167,late,"[180, 210)"
12455,PF_0024654,080400,1,2025-03-24,0,3,4,130.0,15.0,,,,22.6,,,7,False,7527,2024년_딸기(금실),2024-09-15,2025-06-10,190,269,0.7063197026022305,late,"[180, 210)"
12487,PF_0024654,080400,2,2025-03-24,0,2,4,130.0,19.0,,,,26.9,,,6,False,7527,2024년_딸기(금실),2024-09-15,2025-06-10,190,269,0.7063197026022305,late,"[180, 210)"
12519,PF_0024654,080400,3,2025-03-24,0,2,3,130.0,13.0,,,,21.3,,,5,False,7527,2024년_딸기(금실),2024-09-15,2025-06-10,190,269,0.7063197026022305,late,"[180, 210)"
12551,PF_0024654,080400,4,2025-03-24,0,2,2,110.0,11.0,,,,19.6,,,4,False,7527,2024년_딸기(금실),2024-09-15,2025-06-10,190,269,0.7063197026022305,late,"[180, 210)"
12583,PF_0024654,080400,5,2025-03-24,0,0,3,140.0,14.0,,,,24.4,,,3,False,7527,2024년_딸기(금실),2024-09-15,2025-06-10,190,269,0.7063197026022305,late,"[180, 210)"
12615,PF_0024654,080400,6,2025-03-24,0,2,4,100.0,21.0,,,,31.7,,,6,False,7527,2024년_딸기(금실),2024-09-15,2025-06-10,190,269,0.7063197026022305,late,"[180, 210)"
12647,PF_0024654,080400,7,2025-03-24,0,0,5,90.0,12.0,,,,24.1,,,5,False,7527,2024년_딸기(금실),2024-09-15,2025-06-10,190,269,0.7063197026022305,late,"[180, 210)"
12679,PF_0024654,080400,8,2025-03-24,0,0,2,90.0,13.0,,,,20.9,,,2,False,7527,2024년_딸기(금실),2024-09-15,2025-06-10,190,269,0.7063197026022305,late,"[180, 210)"
12711,PF_0024654,080400,9,2025-03-24,0,0,2,140.0,10.0,,,,18.7,,,2,False,7527,2024년_딸기(금실),2024-09-15,2025-06-10,190,269,0.7063197026022305,late,"[180, 210)"
12456,PF_0024654,080400,1,2025-03-31,0,0,2,115.0,14.0,,,,22.1,,,2,False,7527,2024년_딸기(금실),2024-09-15,2025-06-10,197,269,0.7323420074349443,late,"[180, 210)"
12488,PF_0024654,080400,2,2025-03-31,0,0,1,130.0,19.0,,,,21.5,,,1,False,7527,2024년_딸기(금실),2024-09-15,2025-06-10,197,269,0.7323420074349443,late,"[180, 210)"
12520,PF_0024654,080400,3,2025-03-31,0,0,0,110.0,13.0,,,,18.0,,,0,True,7527,2024년_딸기(금실),2024-09-15,2025-06-10,197,269,0.7323420074349443,late,"[180, 210)"
12552,PF_0024654,080400,4,2025-03-31,0,0,1,85.0,12.0,,,,24.3,,,1,False,7527,2024년_딸기(금실),2024-09-15,2025-06-10,197,269,0.7323420074349443,late,"[180, 210)"
12584,PF_0024654,080400,5,2025-03-31,0,0,0,150.0,14.0,,,,19.6,,,0,True,7527,2024년_딸기(금실),2024-09-15,2025-06-10,197,269,0.7323420074349443,late,"[180, 210)"
12616,PF_0024654,080400,6,2025-03-31,0,0,0,110.0,20.0,,,,21.6,,,0,True,7527,2024년_딸기(금실),2024-09-15,2025-06-10,197,269,0.7323420074349443,late,"[180, 210)"
12648,PF_0024654,080400,7,2025-03-31,0,0,0,90.0,12.0,,,,24.1,,,0,True,7527,2024년_딸기(금실),2024-09-15,2025-06-10,197,269,0.7323420074349443,late,"[180, 210)"
12680,PF_0024654,080400,8,2025-03-31,0,0,0,100.0,13.0,,,,21.6,,,0,True,7527,2024년_딸기(금실),2024-09-15,2025-06-10,197,269,0.7323420074349443,late,"[180, 210)"
12712,PF_0024654,080400,9,2025-03-31,0,0,0,140.0,10.0,,,,20.6,,,0,True,7527,2024년_딸기(금실),2024-09-15,2025-06-10,197,269,0.7323420074349443,late,"[180, 210)"
12457,PF_0024654,080400,1,2025-04-07,0,0,4,120.0,14.0,,,,19.6,,,4,False,7527,2024년_딸기(금실),2024-09-15,2025-06-10,204,269,0.758364312267658,late,"[180, 210)"
12489,PF_0024654,080400,2,2025-04-07,0,0,0,130.0,21.0,,,,21.7,,,0,True,7527,2024년_딸기(금실),2024-09-15,2025-06-10,204,269,0.758364312267658,late,"[180, 210)"
12521,PF_0024654,080400,3,2025-04-07,0,0,0,130.0,14.0,,,,18.5,,,0,True,7527,2024년_딸기(금실),2024-09-15,2025-06-10,204,269,0.758364312267658,late,"[180, 210)"
12553,PF_0024654,080400,4,2025-04-07,0,0,0,110.0,13.0,,,,20.6,,,0,True,7527,2024년_딸기(금실),2024-09-15,2025-06-10,204,269,0.758364312267658,late,"[180, 210)"
12585,PF_0024654,080400,5,2025-04-07,0,0,0,80.0,14.0,,,,21.5,,,0,True,7527,2024년_딸기(금실),2024-09-15,2025-06-10,204,269,0.758364312267658,late,"[180, 210)"
12617,PF_0024654,080400,6,2025-04-07,0,0,4,105.0,21.0,,,,21.7,,,4,False,7527,2024년_딸기(금실),2024-09-15,2025-06-10,204,269,0.758364312267658,late,"[180, 210)"
12649,PF_0024654,080400,7,2025-04-07,0,0,2,90.0,12.0,,,,21.1,,,2,False,7527,2024년_딸기(금실),2024-09-15,2025-06-10,204,269,0.758364312267658,late,"[180, 210)"
12681,PF_0024654,080400,8,2025-04-07,0,0,0,90.0,16.0,,,,21.0,,,0,True,7527,2024년_딸기(금실),2024-09-15,2025-06-10,204,269,0.758364312267658,late,"[180, 210)"
12713,PF_0024654,080400,9,2025-04-07,0,0,0,140.0,10.0,,,,21.0,,,0,True,7527,2024년_딸기(금실),2024-09-15,2025-06-10,204,269,0.758364312267658,late,"[180, 210)"
12458,PF_0024654,080400,1,2025-04-14,0,0,0,110.0,16.0,,,,17.5,,,0,True,7527,2024년_딸기(금실),2024-09-15,2025-06-10,211,269,0.7843866171003717,late,"[210, 240)"
12490,PF_0024654,080400,2,2025-04-14,0,0,0,95.0,25.0,,,,24.6,,,0,True,7527,2024년_딸기(금실),2024-09-15,2025-06-10,211,269,0.7843866171003717,late,"[210, 240)"
12522,PF_0024654,080400,3,2025-04-14,0,0,0,120.0,16.0,,,,19.8,,,0,True,7527,2024년_딸기(금실),2024-09-15,2025-06-10,211,269,0.7843866171003717,late,"[210, 240)"
12554,PF_0024654,080400,4,2025-04-14,0,0,0,90.0,17.0,,,,21.4,,,0,True,7527,2024년_딸기(금실),2024-09-15,2025-06-10,211,269,0.7843866171003717,late,"[210, 240)"
12586,PF_0024654,080400,5,2025-04-14,0,0,0,80.0,16.0,,,,22.8,,,0,True,7527,2024년_딸기(금실),2024-09-15,2025-06-10,211,269,0.7843866171003717,late,"[210, 240)"
12618,PF_0024654,080400,6,2025-04-14,0,0,0,100.0,22.0,,,,24.2,,,0,True,7527,2024년_딸기(금실),2024-09-15,2025-06-10,211,269,0.7843866171003717,late,"[210, 240)"
12650,PF_0024654,080400,7,2025-04-14,0,0,0,90.0,13.0,,,,22.1,,,0,True,7527,2024년_딸기(금실),2024-09-15,2025-06-10,211,269,0.7843866171003717,late,"[210, 240)"
12682,PF_0024654,080400,8,2025-04-14,0,0,0,70.0,20.0,,,,20.8,,,0,True,7527,2024년_딸기(금실),2024-09-15,2025-06-10,211,269,0.7843866171003717,late,"[210, 240)"
12714,PF_0024654,080400,9,2025-04-14,0,0,0,100.0,15.0,,,,21.6,,,0,True,7527,2024년_딸기(금실),2024-09-15,2025-06-10,211,269,0.7843866171003717,late,"[210, 240)"
12459,PF_0024654,080400,1,2025-04-21,0,0,0,110.0,18.0,,,,25.6,,,0,True,7527,2024년_딸기(금실),2024-09-15,2025-06-10,218,269,0.8104089219330854,late,"[210, 240)"
12491,PF_0024654,080400,2,2025-04-21,0,0,0,130.0,26.0,,,,21.6,,,0,True,7527,2024년_딸기(금실),2024-09-15,2025-06-10,218,269,0.8104089219330854,late,"[210, 240)"
12523,PF_0024654,080400,3,2025-04-21,0,0,0,80.0,12.0,,,,19.7,,,0,True,7527,2024년_딸기(금실),2024-09-15,2025-06-10,218,269,0.8104089219330854,late,"[210, 240)"
12555,PF_0024654,080400,4,2025-04-21,0,0,0,80.0,20.0,,,,22.3,,,0,True,7527,2024년_딸기(금실),2024-09-15,2025-06-10,218,269,0.8104089219330854,late,"[210, 240)"
12587,PF_0024654,080400,5,2025-04-21,0,0,0,95.0,17.0,,,,23.2,,,0,True,7527,2024년_딸기(금실),2024-09-15,2025-06-10,218,269,0.8104089219330854,late,"[210, 240)"
12619,PF_0024654,080400,6,2025-04-21,0,0,0,100.0,24.0,,,,25.3,,,0,True,7527,2024년_딸기(금실),2024-09-15,2025-06-10,218,269,0.8104089219330854,late,"[210, 240)"
12651,PF_0024654,080400,7,2025-04-21,0,0,0,100.0,14.0,,,,17.2,,,0,True,7527,2024년_딸기(금실),2024-09-15,2025-06-10,218,269,0.8104089219330854,late,"[210, 240)"
12683,PF_0024654,080400,8,2025-04-21,0,0,0,70.0,18.0,,,,23.6,,,0,True,7527,2024년_딸기(금실),2024-09-15,2025-06-10,218,269,0.8104089219330854,late,"[210, 240)"
12715,PF_0024654,080400,9,2025-04-21,0,0,0,130.0,18.0,,,,19.6,,,0,True,7527,2024년_딸기(금실),2024-09-15,2025-06-10,218,269,0.8104089219330854,late,"[210, 240)"
12460,PF_0024654,080400,1,2025-04-28,0,0,0,115.0,20.0,,,,25.1,,,0,True,7527,2024년_딸기(금실),2024-09-15,2025-06-10,225,269,0.8364312267657993,late,"[210, 240)"
12492,PF_0024654,080400,2,2025-04-28,0,0,0,110.0,23.0,,,,25.1,,,0,True,7527,2024년_딸기(금실),2024-09-15,2025-06-10,225,269,0.8364312267657993,late,"[210, 240)"
12524,PF_0024654,080400,3,2025-04-28,0,0,0,80.0,17.0,,,,25.0,,,0,True,7527,2024년_딸기(금실),2024-09-15,2025-06-10,225,269,0.8364312267657993,late,"[210, 240)"
12556,PF_0024654,080400,4,2025-04-28,0,0,0,110.0,19.0,,,,23.4,,,0,True,7527,2024년_딸기(금실),2024-09-15,2025-06-10,225,269,0.8364312267657993,late,"[210, 240)"
12588,PF_0024654,080400,5,2025-04-28,0,0,0,110.0,26.0,,,,23.0,,,0,True,7527,2024년_딸기(금실),2024-09-15,2025-06-10,225,269,0.8364312267657993,late,"[210, 240)"
12620,PF_0024654,080400,6,2025-04-28,0,0,0,70.0,21.0,,,,29.9,,,0,True,7527,2024년_딸기(금실),2024-09-15,2025-06-10,225,269,0.8364312267657993,late,"[210, 240)"
12652,PF_0024654,080400,7,2025-04-28,0,0,0,100.0,14.0,,,,23.9,,,0,True,7527,2024년_딸기(금실),2024-09-15,2025-06-10,225,269,0.8364312267657993,late,"[210, 240)"
12684,PF_0024654,080400,8,2025-04-28,0,0,0,80.0,18.0,,,,19.1,,,0,True,7527,2024년_딸기(금실),2024-09-15,2025-06-10,225,269,0.8364312267657993,late,"[210, 240)"
12716,PF_0024654,080400,9,2025-04-28,0,0,0,130.0,18.0,,,,21.1,,,0,True,7527,2024년_딸기(금실),2024-09-15,2025-06-10,225,269,0.8364312267657993,late,"[210, 240)"
12461,PF_0024654,080400,1,2025-05-23,0,0,0,100.0,20.0,,,,24.2,,,0,True,7527,2024년_딸기(금실),2024-09-15,2025-06-10,250,269,0.929368029739777,late,"[240, 270)"
12493,PF_0024654,080400,2,2025-05-23,0,0,0,110.0,23.0,,,,25.7,,,0,True,7527,2024년_딸기(금실),2024-09-15,2025-06-10,250,269,0.929368029739777,late,"[240, 270)"
12525,PF_0024654,080400,3,2025-05-23,0,0,0,105.0,23.0,,,,27.4,,,0,True,7527,2024년_딸기(금실),2024-09-15,2025-06-10,250,269,0.929368029739777,late,"[240, 270)"
12557,PF_0024654,080400,4,2025-05-23,0,0,0,110.0,22.0,,,,20.1,,,0,True,7527,2024년_딸기(금실),2024-09-15,2025-06-10,250,269,0.929368029739777,late,"[240, 270)"
12589,PF_0024654,080400,5,2025-05-23,0,0,0,100.0,32.0,,,,30.4,,,0,True,7527,2024년_딸기(금실),2024-09-15,2025-06-10,250,269,0.929368029739777,late,"[240, 270)"
12621,PF_0024654,080400,6,2025-05-23,0,0,0,80.0,26.0,,,,24.6,,,0,True,7527,2024년_딸기(금실),2024-09-15,2025-06-10,250,269,0.929368029739777,late,"[240, 270)"
12653,PF_0024654,080400,7,2025-05-23,0,0,0,130.0,20.0,,,,25.1,,,0,True,7527,2024년_딸기(금실),2024-09-15,2025-06-10,250,269,0.929368029739777,late,"[240, 270)"
12685,PF_0024654,080400,8,2025-05-23,0,0,0,120.0,18.0,,,,22.5,,,0,True,7527,2024년_딸기(금실),2024-09-15,2025-06-10,250,269,0.929368029739777,late,"[240, 270)"
12717,PF_0024654,080400,9,2025-05-23,0,0,0,120.0,21.0,,,,20.1,,,0,True,7527,2024년_딸기(금실),2024-09-15,2025-06-10,250,269,0.929368029739777,late,"[240, 270)"
12462,PF_0024654,080400,1,2025-05-29,0,0,0,110.0,20.0,,,,24.0,,,0,True,7527,2024년_딸기(금실),2024-09-15,2025-06-10,256,269,0.9516728624535316,late,"[240, 270)"
12494,PF_0024654,080400,2,2025-05-29,0,0,0,140.0,23.0,,,,25.5,,,0,True,7527,2024년_딸기(금실),2024-09-15,2025-06-10,256,269,0.9516728624535316,late,"[240, 270)"
12526,PF_0024654,080400,3,2025-05-29,0,0,0,100.0,23.0,,,,27.2,,,0,True,7527,2024년_딸기(금실),2024-09-15,2025-06-10,256,269,0.9516728624535316,late,"[240, 270)"
12558,PF_0024654,080400,4,2025-05-29,0,0,0,120.0,22.0,,,,20.3,,,0,True,7527,2024년_딸기(금실),2024-09-15,2025-06-10,256,269,0.9516728624535316,late,"[240, 270)"
12590,PF_0024654,080400,5,2025-05-29,0,0,0,135.0,32.0,,,,30.1,,,0,True,7527,2024년_딸기(금실),2024-09-15,2025-06-10,256,269,0.9516728624535316,late,"[240, 270)"
12622,PF_0024654,080400,6,2025-05-29,0,0,0,120.0,26.0,,,,24.2,,,0,True,7527,2024년_딸기(금실),2024-09-15,2025-06-10,256,269,0.9516728624535316,late,"[240, 270)"
12654,PF_0024654,080400,7,2025-05-29,0,0,0,130.0,20.0,,,,25.0,,,0,True,7527,2024년_딸기(금실),2024-09-15,2025-06-10,256,269,0.9516728624535316,late,"[240, 270)"
12686,PF_0024654,080400,8,2025-05-29,0,0,0,100.0,18.0,,,,22.3,,,0,True,7527,2024년_딸기(금실),2024-09-15,2025-06-10,256,269,0.9516728624535316,late,"[240, 270)"
12718,PF_0024654,080400,9,2025-05-29,0,0,0,140.0,21.0,,,,20.1,,,0,True,7527,2024년_딸기(금실),2024-09-15,2025-06-10,256,269,0.9516728624535316,late,"[240, 270)"
12463,PF_0024654,080400,1,2025-06-05,0,0,0,110.0,20.0,,,,23.8,,,0,True,7527,2024년_딸기(금실),2024-09-15,2025-06-10,263,269,0.9776951672862454,late,"[240, 270)"
12495,PF_0024654,080400,2,2025-06-05,0,0,0,140.0,23.0,,,,25.3,,,0,True,7527,2024년_딸기(금실),2024-09-15,2025-06-10,263,269,0.9776951672862454,late,"[240, 270)"
12527,PF_0024654,080400,3,2025-06-05,0,0,0,110.0,23.0,,,,27.0,,,0,True,7527,2024년_딸기(금실),2024-09-15,2025-06-10,263,269,0.9776951672862454,late,"[240, 270)"
12559,PF_0024654,080400,4,2025-06-05,0,0,0,120.0,22.0,,,,20.1,,,0,True,7527,2024년_딸기(금실),2024-09-15,2025-06-10,263,269,0.9776951672862454,late,"[240, 270)"
12591,PF_0024654,080400,5,2025-06-05,0,0,0,110.0,32.0,,,,29.9,,,0,True,7527,2024년_딸기(금실),2024-09-15,2025-06-10,263,269,0.9776951672862454,late,"[240, 270)"
12623,PF_0024654,080400,6,2025-06-05,0,0,0,90.0,26.0,,,,24.0,,,0,True,7527,2024년_딸기(금실),2024-09-15,2025-06-10,263,269,0.9776951672862454,late,"[240, 270)"
12655,PF_0024654,080400,7,2025-06-05,0,0,0,140.0,20.0,,,,24.8,,,0,True,7527,2024년_딸기(금실),2024-09-15,2025-06-10,263,269,0.9776951672862454,late,"[240, 270)"
12687,PF_0024654,080400,8,2025-06-05,0,0,0,110.0,18.0,,,,22.1,,,0,True,7527,2024년_딸기(금실),2024-09-15,2025-06-10,263,269,0.9776951672862454,late,"[240, 270)"
12719,PF_0024654,080400,9,2025-06-05,0,0,0,110.0,21.0,,,,19.9,,,0,True,7527,2024년_딸기(금실),2024-09-15,2025-06-10,263,269,0.9776951672862454,late,"[240, 270)"
12720,PF_0024655,080400,1,2024-10-09,0,0,0,0.0,0.0,,,,0.0,,,0,True,7533,2024년_딸기(홍희),2024-09-15,2025-06-30,24,289,0.08304498269896193,early,"[0, 30)"
12752,PF_0024655,080400,2,2024-10-09,0,0,0,100.0,7.0,,,,10.0,,,0,True,7533,2024년_딸기(홍희),2024-09-15,2025-06-30,24,289,0.08304498269896193,early,"[0, 30)"
12784,PF_0024655,080400,3,2024-10-09,0,0,0,110.0,7.0,,,,8.9,,,0,True,7533,2024년_딸기(홍희),2024-09-15,2025-06-30,24,289,0.08304498269896193,early,"[0, 30)"
12816,PF_0024655,080400,4,2024-10-09,0,0,0,85.0,8.0,,,,6.0,,,0,True,7533,2024년_딸기(홍희),2024-09-15,2025-06-30,24,289,0.08304498269896193,early,"[0, 30)"
12848,PF_0024655,080400,5,2024-10-09,0,0,0,100.0,8.0,,,,8.2,,,0,True,7533,2024년_딸기(홍희),2024-09-15,2025-06-30,24,289,0.08304498269896193,early,"[0, 30)"
12880,PF_0024655,080400,6,2024-10-09,0,0,0,105.0,7.0,,,,9.7,,,0,True,7533,2024년_딸기(홍희),2024-09-15,2025-06-30,24,289,0.08304498269896193,early,"[0, 30)"
12912,PF_0024655,080400,7,2024-10-09,0,0,0,110.0,7.0,,,,8.5,,,0,True,7533,2024년_딸기(홍희),2024-09-15,2025-06-30,24,289,0.08304498269896193,early,"[0, 30)"
12944,PF_0024655,080400,8,2024-10-09,0,0,0,100.0,9.0,,,,7.7,,,0,True,7533,2024년_딸기(홍희),2024-09-15,2025-06-30,24,289,0.08304498269896193,early,"[0, 30)"
12976,PF_0024655,080400,9,2024-10-09,0,0,0,100.0,8.0,,,,7.6,,,0,True,7533,2024년_딸기(홍희),2024-09-15,2025-06-30,24,289,0.08304498269896193,early,"[0, 30)"
12721,PF_0024655,080400,1,2024-10-14,0,0,0,0.0,0.0,,,,0.0,,,0,True,7533,2024년_딸기(홍희),2024-09-15,2025-06-30,29,289,0.10034602076124567,early,"[0, 30)"
12753,PF_0024655,080400,2,2024-10-14,0,0,0,110.0,10.0,,,,16.2,,,0,True,7533,2024년_딸기(홍희),2024-09-15,2025-06-30,29,289,0.10034602076124567,early,"[0, 30)"
12785,PF_0024655,080400,3,2024-10-14,0,0,0,130.0,13.0,,,,18.2,,,0,True,7533,2024년_딸기(홍희),2024-09-15,2025-06-30,29,289,0.10034602076124567,early,"[0, 30)"
12817,PF_0024655,080400,4,2024-10-14,0,0,0,100.0,9.0,,,,14.5,,,0,True,7533,2024년_딸기(홍희),2024-09-15,2025-06-30,29,289,0.10034602076124567,early,"[0, 30)"
12849,PF_0024655,080400,5,2024-10-14,0,0,0,120.0,10.0,,,,13.2,,,0,True,7533,2024년_딸기(홍희),2024-09-15,2025-06-30,29,289,0.10034602076124567,early,"[0, 30)"
12881,PF_0024655,080400,6,2024-10-14,0,0,0,130.0,10.0,,,,13.0,,,0,True,7533,2024년_딸기(홍희),2024-09-15,2025-06-30,29,289,0.10034602076124567,early,"[0, 30)"
12913,PF_0024655,080400,7,2024-10-14,0,0,0,130.0,8.0,,,,13.6,,,0,True,7533,2024년_딸기(홍희),2024-09-15,2025-06-30,29,289,0.10034602076124567,early,"[0, 30)"
12945,PF_0024655,080400,8,2024-10-14,0,0,0,130.0,12.0,,,,12.3,,,0,True,7533,2024년_딸기(홍희),2024-09-15,2025-06-30,29,289,0.10034602076124567,early,"[0, 30)"
12977,PF_0024655,080400,9,2024-10-14,0,0,0,130.0,12.0,,,,15.9,,,0,True,7533,2024년_딸기(홍희),2024-09-15,2025-06-30,29,289,0.10034602076124567,early,"[0, 30)"
12722,PF_0024655,080400,1,2024-10-22,0,0,0,0.0,0.0,,,,0.0,,,0,True,7533,2024년_딸기(홍희),2024-09-15,2025-06-30,37,289,0.12802768166089964,early,"[30, 60)"
12754,PF_0024655,080400,2,2024-10-22,0,0,0,130.0,4.0,,,,16.1,,,0,True,7533,2024년_딸기(홍희),2024-09-15,2025-06-30,37,289,0.12802768166089964,early,"[30, 60)"
12786,PF_0024655,080400,3,2024-10-22,0,0,0,120.0,3.0,,,,10.8,,,0,True,7533,2024년_딸기(홍희),2024-09-15,2025-06-30,37,289,0.12802768166089964,early,"[30, 60)"
12818,PF_0024655,080400,4,2024-10-22,0,0,0,130.0,5.0,,,,8.8,,,0,True,7533,2024년_딸기(홍희),2024-09-15,2025-06-30,37,289,0.12802768166089964,early,"[30, 60)"
12850,PF_0024655,080400,5,2024-10-22,0,0,0,130.0,5.0,,,,9.4,,,0,True,7533,2024년_딸기(홍희),2024-09-15,2025-06-30,37,289,0.12802768166089964,early,"[30, 60)"
12882,PF_0024655,080400,6,2024-10-22,0,0,0,140.0,4.0,,,,10.2,,,0,True,7533,2024년_딸기(홍희),2024-09-15,2025-06-30,37,289,0.12802768166089964,early,"[30, 60)"
12914,PF_0024655,080400,7,2024-10-22,0,0,0,140.0,5.0,,,,9.7,,,0,True,7533,2024년_딸기(홍희),2024-09-15,2025-06-30,37,289,0.12802768166089964,early,"[30, 60)"
12946,PF_0024655,080400,8,2024-10-22,0,0,0,130.0,5.0,,,,10.6,,,0,True,7533,2024년_딸기(홍희),2024-09-15,2025-06-30,37,289,0.12802768166089964,early,"[30, 60)"
12978,PF_0024655,080400,9,2024-10-22,0,0,0,140.0,6.0,,,,9.5,,,0,True,7533,2024년_딸기(홍희),2024-09-15,2025-06-30,37,289,0.12802768166089964,early,"[30, 60)"
12723,PF_0024655,080400,1,2024-10-29,0,0,0,140.0,5.0,,,,12.6,,,0,True,7533,2024년_딸기(홍희),2024-09-15,2025-06-30,44,289,0.1522491349480969,early,"[30, 60)"
12755,PF_0024655,080400,2,2024-10-29,0,0,0,120.0,4.0,,,,12.6,,,0,True,7533,2024년_딸기(홍희),2024-09-15,2025-06-30,44,289,0.1522491349480969,early,"[30, 60)"
12787,PF_0024655,080400,3,2024-10-29,0,0,0,120.0,5.0,,,,9.9,,,0,True,7533,2024년_딸기(홍희),2024-09-15,2025-06-30,44,289,0.1522491349480969,early,"[30, 60)"
12819,PF_0024655,080400,4,2024-10-29,0,0,0,140.0,5.0,,,,11.3,,,0,True,7533,2024년_딸기(홍희),2024-09-15,2025-06-30,44,289,0.1522491349480969,early,"[30, 60)"
12851,PF_0024655,080400,5,2024-10-29,0,0,0,120.0,4.0,,,,10.2,,,0,True,7533,2024년_딸기(홍희),2024-09-15,2025-06-30,44,289,0.1522491349480969,early,"[30, 60)"
12883,PF_0024655,080400,6,2024-10-29,0,0,0,120.0,5.0,,,,12.0,,,0,True,7533,2024년_딸기(홍희),2024-09-15,2025-06-30,44,289,0.1522491349480969,early,"[30, 60)"
12915,PF_0024655,080400,7,2024-10-29,0,0,0,140.0,6.0,,,,13.4,,,0,True,7533,2024년_딸기(홍희),2024-09-15,2025-06-30,44,289,0.1522491349480969,early,"[30, 60)"
12947,PF_0024655,080400,8,2024-10-29,0,0,0,130.0,5.0,,,,10.7,,,0,True,7533,2024년_딸기(홍희),2024-09-15,2025-06-30,44,289,0.1522491349480969,early,"[30, 60)"
12979,PF_0024655,080400,9,2024-10-29,0,0,0,130.0,6.0,,,,14.2,,,0,True,7533,2024년_딸기(홍희),2024-09-15,2025-06-30,44,289,0.1522491349480969,early,"[30, 60)"
12724,PF_0024655,080400,1,2024-11-04,0,0,0,15.0,6.0,,,,17.3,,,0,True,7533,2024년_딸기(홍희),2024-09-15,2025-06-30,50,289,0.17301038062283736,early,"[30, 60)"
12756,PF_0024655,080400,2,2024-11-04,0,0,0,14.0,4.0,,,,15.9,,,0,True,7533,2024년_딸기(홍희),2024-09-15,2025-06-30,50,289,0.17301038062283736,early,"[30, 60)"
12788,PF_0024655,080400,3,2024-11-04,0,0,0,13.0,5.0,,,,13.7,,,0,True,7533,2024년_딸기(홍희),2024-09-15,2025-06-30,50,289,0.17301038062283736,early,"[30, 60)"
12820,PF_0024655,080400,4,2024-11-04,0,0,0,14.0,5.0,,,,15.4,,,0,True,7533,2024년_딸기(홍희),2024-09-15,2025-06-30,50,289,0.17301038062283736,early,"[30, 60)"
12852,PF_0024655,080400,5,2024-11-04,0,0,0,13.0,4.0,,,,15.3,,,0,True,7533,2024년_딸기(홍희),2024-09-15,2025-06-30,50,289,0.17301038062283736,early,"[30, 60)"
12884,PF_0024655,080400,6,2024-11-04,0,0,0,14.0,5.0,,,,18.0,,,0,True,7533,2024년_딸기(홍희),2024-09-15,2025-06-30,50,289,0.17301038062283736,early,"[30, 60)"
12916,PF_0024655,080400,7,2024-11-04,0,0,0,14.0,6.0,,,,16.5,,,0,True,7533,2024년_딸기(홍희),2024-09-15,2025-06-30,50,289,0.17301038062283736,early,"[30, 60)"
12948,PF_0024655,080400,8,2024-11-04,0,0,0,12.0,5.0,,,,14.3,,,0,True,7533,2024년_딸기(홍희),2024-09-15,2025-06-30,50,289,0.17301038062283736,early,"[30, 60)"
12980,PF_0024655,080400,9,2024-11-04,0,0,0,16.0,6.0,,,,25.8,,,0,True,7533,2024년_딸기(홍희),2024-09-15,2025-06-30,50,289,0.17301038062283736,early,"[30, 60)"
12725,PF_0024655,080400,1,2024-11-11,0,0,0,15.0,7.0,,,,15.4,,,0,True,7533,2024년_딸기(홍희),2024-09-15,2025-06-30,57,289,0.1972318339100346,early,"[30, 60)"
12757,PF_0024655,080400,2,2024-11-11,0,0,0,14.0,6.0,,,,15.7,,,0,True,7533,2024년_딸기(홍희),2024-09-15,2025-06-30,57,289,0.1972318339100346,early,"[30, 60)"
12789,PF_0024655,080400,3,2024-11-11,0,0,0,13.0,6.0,,,,13.6,,,0,True,7533,2024년_딸기(홍희),2024-09-15,2025-06-30,57,289,0.1972318339100346,early,"[30, 60)"
12821,PF_0024655,080400,4,2024-11-11,0,0,0,14.0,6.0,,,,12.5,,,0,True,7533,2024년_딸기(홍희),2024-09-15,2025-06-30,57,289,0.1972318339100346,early,"[30, 60)"
12853,PF_0024655,080400,5,2024-11-11,0,0,0,12.0,5.0,,,,11.2,,,0,True,7533,2024년_딸기(홍희),2024-09-15,2025-06-30,57,289,0.1972318339100346,early,"[30, 60)"
12885,PF_0024655,080400,6,2024-11-11,0,0,0,15.0,7.0,,,,11.3,,,0,True,7533,2024년_딸기(홍희),2024-09-15,2025-06-30,57,289,0.1972318339100346,early,"[30, 60)"
12917,PF_0024655,080400,7,2024-11-11,0,0,0,14.0,7.0,,,,8.5,,,0,True,7533,2024년_딸기(홍희),2024-09-15,2025-06-30,57,289,0.1972318339100346,early,"[30, 60)"
12949,PF_0024655,080400,8,2024-11-11,0,0,0,13.0,4.0,,,,9.1,,,0,True,7533,2024년_딸기(홍희),2024-09-15,2025-06-30,57,289,0.1972318339100346,early,"[30, 60)"
12981,PF_0024655,080400,9,2024-11-11,0,0,0,16.0,6.0,,,,11.7,,,0,True,7533,2024년_딸기(홍희),2024-09-15,2025-06-30,57,289,0.1972318339100346,early,"[30, 60)"
12726,PF_0024655,080400,1,2024-11-18,0,0,0,160.0,8.0,,,,18.3,,,0,True,7533,2024년_딸기(홍희),2024-09-15,2025-06-30,64,289,0.22145328719723184,early,"[60, 90)"
12758,PF_0024655,080400,2,2024-11-18,0,0,0,120.0,7.0,,,,21.1,,,0,True,7533,2024년_딸기(홍희),2024-09-15,2025-06-30,64,289,0.22145328719723184,early,"[60, 90)"
12790,PF_0024655,080400,3,2024-11-18,0,0,0,130.0,7.0,,,,12.8,,,0,True,7533,2024년_딸기(홍희),2024-09-15,2025-06-30,64,289,0.22145328719723184,early,"[60, 90)"
12822,PF_0024655,080400,4,2024-11-18,0,0,0,110.0,7.0,,,,11.7,,,0,True,7533,2024년_딸기(홍희),2024-09-15,2025-06-30,64,289,0.22145328719723184,early,"[60, 90)"
12854,PF_0024655,080400,5,2024-11-18,0,0,0,120.0,7.0,,,,13.3,,,0,True,7533,2024년_딸기(홍희),2024-09-15,2025-06-30,64,289,0.22145328719723184,early,"[60, 90)"
12886,PF_0024655,080400,6,2024-11-18,0,0,0,150.0,10.0,,,,10.1,,,0,True,7533,2024년_딸기(홍희),2024-09-15,2025-06-30,64,289,0.22145328719723184,early,"[60, 90)"
12918,PF_0024655,080400,7,2024-11-18,0,0,0,140.0,6.0,,,,9.3,,,0,True,7533,2024년_딸기(홍희),2024-09-15,2025-06-30,64,289,0.22145328719723184,early,"[60, 90)"
12950,PF_0024655,080400,8,2024-11-18,0,0,0,140.0,7.0,,,,16.6,,,0,True,7533,2024년_딸기(홍희),2024-09-15,2025-06-30,64,289,0.22145328719723184,early,"[60, 90)"
12982,PF_0024655,080400,9,2024-11-18,0,0,0,140.0,9.0,,,,22.6,,,0,True,7533,2024년_딸기(홍희),2024-09-15,2025-06-30,64,289,0.22145328719723184,early,"[60, 90)"
12727,PF_0024655,080400,1,2024-11-25,0,0,0,110.0,8.0,,,,18.9,,,0,True,7533,2024년_딸기(홍희),2024-09-15,2025-06-30,71,289,0.24567474048442905,early,"[60, 90)"
12759,PF_0024655,080400,2,2024-11-25,0,0,0,140.0,7.0,,,,22.3,,,0,True,7533,2024년_딸기(홍희),2024-09-15,2025-06-30,71,289,0.24567474048442905,early,"[60, 90)"
12791,PF_0024655,080400,3,2024-11-25,0,0,0,140.0,7.0,,,,18.6,,,0,True,7533,2024년_딸기(홍희),2024-09-15,2025-06-30,71,289,0.24567474048442905,early,"[60, 90)"
12823,PF_0024655,080400,4,2024-11-25,0,0,0,120.0,5.0,,,,13.1,,,0,True,7533,2024년_딸기(홍희),2024-09-15,2025-06-30,71,289,0.24567474048442905,early,"[60, 90)"
12855,PF_0024655,080400,5,2024-11-25,0,0,0,120.0,8.0,,,,9.2,,,0,True,7533,2024년_딸기(홍희),2024-09-15,2025-06-30,71,289,0.24567474048442905,early,"[60, 90)"
12887,PF_0024655,080400,6,2024-11-25,0,0,0,120.0,10.0,,,,11.6,,,0,True,7533,2024년_딸기(홍희),2024-09-15,2025-06-30,71,289,0.24567474048442905,early,"[60, 90)"
12919,PF_0024655,080400,7,2024-11-25,0,0,0,130.0,8.0,,,,14.9,,,0,True,7533,2024년_딸기(홍희),2024-09-15,2025-06-30,71,289,0.24567474048442905,early,"[60, 90)"
12951,PF_0024655,080400,8,2024-11-25,0,0,0,110.0,6.0,,,,12.5,,,0,True,7533,2024년_딸기(홍희),2024-09-15,2025-06-30,71,289,0.24567474048442905,early,"[60, 90)"
12983,PF_0024655,080400,9,2024-11-25,0,0,0,160.0,7.0,,,,19.3,,,0,True,7533,2024년_딸기(홍희),2024-09-15,2025-06-30,71,289,0.24567474048442905,early,"[60, 90)"
12728,PF_0024655,080400,1,2024-12-02,0,0,0,110.0,9.0,,,,17.3,,,0,True,7533,2024년_딸기(홍희),2024-09-15,2025-06-30,78,289,0.2698961937716263,early,"[60, 90)"
12760,PF_0024655,080400,2,2024-12-02,0,0,0,110.0,7.0,,,,21.9,,,0,True,7533,2024년_딸기(홍희),2024-09-15,2025-06-30,78,289,0.2698961937716263,early,"[60, 90)"
12792,PF_0024655,080400,3,2024-12-02,0,0,0,140.0,8.0,,,,20.8,,,0,True,7533,2024년_딸기(홍희),2024-09-15,2025-06-30,78,289,0.2698961937716263,early,"[60, 90)"
12824,PF_0024655,080400,4,2024-12-02,0,0,0,130.0,5.0,,,,17.5,,,0,True,7533,2024년_딸기(홍희),2024-09-15,2025-06-30,78,289,0.2698961937716263,early,"[60, 90)"
12856,PF_0024655,080400,5,2024-12-02,0,0,0,130.0,9.0,,,,21.7,,,0,True,7533,2024년_딸기(홍희),2024-09-15,2025-06-30,78,289,0.2698961937716263,early,"[60, 90)"
12888,PF_0024655,080400,6,2024-12-02,0,0,0,120.0,10.0,,,,24.1,,,0,True,7533,2024년_딸기(홍희),2024-09-15,2025-06-30,78,289,0.2698961937716263,early,"[60, 90)"
12920,PF_0024655,080400,7,2024-12-02,0,0,0,130.0,7.0,,,,21.4,,,0,True,7533,2024년_딸기(홍희),2024-09-15,2025-06-30,78,289,0.2698961937716263,early,"[60, 90)"
12952,PF_0024655,080400,8,2024-12-02,0,0,0,100.0,7.0,,,,16.6,,,0,True,7533,2024년_딸기(홍희),2024-09-15,2025-06-30,78,289,0.2698961937716263,early,"[60, 90)"
12984,PF_0024655,080400,9,2024-12-02,0,0,0,120.0,11.0,,,,25.6,,,0,True,7533,2024년_딸기(홍희),2024-09-15,2025-06-30,78,289,0.2698961937716263,early,"[60, 90)"
12729,PF_0024655,080400,1,2024-12-09,0,0,0,100.0,8.0,,,,20.4,,,0,True,7533,2024년_딸기(홍희),2024-09-15,2025-06-30,85,289,0.29411764705882354,early,"[60, 90)"
12761,PF_0024655,080400,2,2024-12-09,0,0,0,110.0,9.0,,,,15.8,,,0,True,7533,2024년_딸기(홍희),2024-09-15,2025-06-30,85,289,0.29411764705882354,early,"[60, 90)"
12793,PF_0024655,080400,3,2024-12-09,0,0,0,140.0,6.0,,,,23.5,,,0,True,7533,2024년_딸기(홍희),2024-09-15,2025-06-30,85,289,0.29411764705882354,early,"[60, 90)"
12825,PF_0024655,080400,4,2024-12-09,0,0,0,120.0,4.0,,,,18.7,,,0,True,7533,2024년_딸기(홍희),2024-09-15,2025-06-30,85,289,0.29411764705882354,early,"[60, 90)"
12857,PF_0024655,080400,5,2024-12-09,0,0,0,130.0,8.0,,,,14.8,,,0,True,7533,2024년_딸기(홍희),2024-09-15,2025-06-30,85,289,0.29411764705882354,early,"[60, 90)"
12889,PF_0024655,080400,6,2024-12-09,0,0,0,130.0,9.0,,,,20.1,,,0,True,7533,2024년_딸기(홍희),2024-09-15,2025-06-30,85,289,0.29411764705882354,early,"[60, 90)"
12921,PF_0024655,080400,7,2024-12-09,0,0,0,150.0,7.0,,,,17.0,,,0,True,7533,2024년_딸기(홍희),2024-09-15,2025-06-30,85,289,0.29411764705882354,early,"[60, 90)"
12953,PF_0024655,080400,8,2024-12-09,0,0,0,140.0,6.0,,,,15.4,,,0,True,7533,2024년_딸기(홍희),2024-09-15,2025-06-30,85,289,0.29411764705882354,early,"[60, 90)"
12985,PF_0024655,080400,9,2024-12-09,0,0,0,120.0,9.0,,,,19.6,,,0,True,7533,2024년_딸기(홍희),2024-09-15,2025-06-30,85,289,0.29411764705882354,early,"[60, 90)"
12730,PF_0024655,080400,1,2024-12-17,0,0,0,100.0,9.0,,,,18.6,,,0,True,7533,2024년_딸기(홍희),2024-09-15,2025-06-30,93,289,0.3217993079584775,early,"[90, 120)"
12762,PF_0024655,080400,2,2024-12-17,0,0,0,120.0,8.0,,,,25.1,,,0,True,7533,2024년_딸기(홍희),2024-09-15,2025-06-30,93,289,0.3217993079584775,early,"[90, 120)"
12794,PF_0024655,080400,3,2024-12-17,0,0,0,100.0,5.0,,,,23.8,,,0,True,7533,2024년_딸기(홍희),2024-09-15,2025-06-30,93,289,0.3217993079584775,early,"[90, 120)"
12826,PF_0024655,080400,4,2024-12-17,0,0,0,120.0,5.0,,,,19.1,,,0,True,7533,2024년_딸기(홍희),2024-09-15,2025-06-30,93,289,0.3217993079584775,early,"[90, 120)"
12858,PF_0024655,080400,5,2024-12-17,0,0,0,140.0,5.0,,,,17.0,,,0,True,7533,2024년_딸기(홍희),2024-09-15,2025-06-30,93,289,0.3217993079584775,early,"[90, 120)"
12890,PF_0024655,080400,6,2024-12-17,0,0,0,120.0,10.0,,,,25.5,,,0,True,7533,2024년_딸기(홍희),2024-09-15,2025-06-30,93,289,0.3217993079584775,early,"[90, 120)"
12922,PF_0024655,080400,7,2024-12-17,0,0,0,100.0,7.0,,,,19.4,,,0,True,7533,2024년_딸기(홍희),2024-09-15,2025-06-30,93,289,0.3217993079584775,early,"[90, 120)"
12954,PF_0024655,080400,8,2024-12-17,0,0,0,130.0,7.0,,,,16.7,,,0,True,7533,2024년_딸기(홍희),2024-09-15,2025-06-30,93,289,0.3217993079584775,early,"[90, 120)"
12986,PF_0024655,080400,9,2024-12-17,0,0,0,120.0,9.0,,,,25.5,,,0,True,7533,2024년_딸기(홍희),2024-09-15,2025-06-30,93,289,0.3217993079584775,early,"[90, 120)"
12731,PF_0024655,080400,1,2024-12-23,0,0,0,100.0,9.0,,,,17.2,,,0,True,7533,2024년_딸기(홍희),2024-09-15,2025-06-30,99,289,0.34256055363321797,middle,"[90, 120)"
12763,PF_0024655,080400,2,2024-12-23,0,0,0,100.0,10.0,,,,15.1,,,0,True,7533,2024년_딸기(홍희),2024-09-15,2025-06-30,99,289,0.34256055363321797,middle,"[90, 120)"
12795,PF_0024655,080400,3,2024-12-23,0,0,0,90.0,5.0,,,,21.3,,,0,True,7533,2024년_딸기(홍희),2024-09-15,2025-06-30,99,289,0.34256055363321797,middle,"[90, 120)"
12827,PF_0024655,080400,4,2024-12-23,0,0,0,120.0,5.0,,,,15.6,,,0,True,7533,2024년_딸기(홍희),2024-09-15,2025-06-30,99,289,0.34256055363321797,middle,"[90, 120)"
12859,PF_0024655,080400,5,2024-12-23,0,0,0,130.0,7.0,,,,12.0,,,0,True,7533,2024년_딸기(홍희),2024-09-15,2025-06-30,99,289,0.34256055363321797,middle,"[90, 120)"
12891,PF_0024655,080400,6,2024-12-23,0,0,0,130.0,12.0,,,,17.6,,,0,True,7533,2024년_딸기(홍희),2024-09-15,2025-06-30,99,289,0.34256055363321797,middle,"[90, 120)"
12923,PF_0024655,080400,7,2024-12-23,0,0,0,100.0,5.0,,,,16.2,,,0,True,7533,2024년_딸기(홍희),2024-09-15,2025-06-30,99,289,0.34256055363321797,middle,"[90, 120)"
12955,PF_0024655,080400,8,2024-12-23,0,0,0,140.0,6.0,,,,17.7,,,0,True,7533,2024년_딸기(홍희),2024-09-15,2025-06-30,99,289,0.34256055363321797,middle,"[90, 120)"
12987,PF_0024655,080400,9,2024-12-23,0,0,0,120.0,8.0,,,,20.2,,,0,True,7533,2024년_딸기(홍희),2024-09-15,2025-06-30,99,289,0.34256055363321797,middle,"[90, 120)"
12732,PF_0024655,080400,1,2024-12-30,4,0,0,100.0,10.0,,,,23.4,,,4,False,7533,2024년_딸기(홍희),2024-09-15,2025-06-30,106,289,0.36678200692041524,middle,"[90, 120)"
12764,PF_0024655,080400,2,2024-12-30,5,0,0,100.0,11.0,,,,27.5,,,5,False,7533,2024년_딸기(홍희),2024-09-15,2025-06-30,106,289,0.36678200692041524,middle,"[90, 120)"
12796,PF_0024655,080400,3,2024-12-30,3,0,0,95.0,4.0,,,,25.9,,,3,False,7533,2024년_딸기(홍희),2024-09-15,2025-06-30,106,289,0.36678200692041524,middle,"[90, 120)"
12828,PF_0024655,080400,4,2024-12-30,5,0,0,130.0,5.0,,,,23.4,,,5,False,7533,2024년_딸기(홍희),2024-09-15,2025-06-30,106,289,0.36678200692041524,middle,"[90, 120)"
12860,PF_0024655,080400,5,2024-12-30,3,0,0,130.0,7.0,,,,18.9,,,3,False,7533,2024년_딸기(홍희),2024-09-15,2025-06-30,106,289,0.36678200692041524,middle,"[90, 120)"
12892,PF_0024655,080400,6,2024-12-30,9,0,0,90.0,12.0,,,,15.7,,,9,False,7533,2024년_딸기(홍희),2024-09-15,2025-06-30,106,289,0.36678200692041524,middle,"[90, 120)"
12924,PF_0024655,080400,7,2024-12-30,5,0,0,150.0,8.0,,,,11.0,,,5,False,7533,2024년_딸기(홍희),2024-09-15,2025-06-30,106,289,0.36678200692041524,middle,"[90, 120)"
12956,PF_0024655,080400,8,2024-12-30,6,0,0,140.0,7.0,,,,9.0,,,6,False,7533,2024년_딸기(홍희),2024-09-15,2025-06-30,106,289,0.36678200692041524,middle,"[90, 120)"
12988,PF_0024655,080400,9,2024-12-30,3,0,0,120.0,9.0,,,,21.4,,,3,False,7533,2024년_딸기(홍희),2024-09-15,2025-06-30,106,289,0.36678200692041524,middle,"[90, 120)"
12733,PF_0024655,080400,1,2025-01-06,4,0,0,110.0,8.0,,,,17.4,,,4,False,7533,2024년_딸기(홍희),2024-09-15,2025-06-30,113,289,0.39100346020761245,middle,"[90, 120)"
12765,PF_0024655,080400,2,2025-01-06,4,0,0,100.0,11.0,,,,16.4,,,4,False,7533,2024년_딸기(홍희),2024-09-15,2025-06-30,113,289,0.39100346020761245,middle,"[90, 120)"
12797,PF_0024655,080400,3,2025-01-06,3,0,0,95.0,7.0,,,,22.8,,,3,False,7533,2024년_딸기(홍희),2024-09-15,2025-06-30,113,289,0.39100346020761245,middle,"[90, 120)"
12829,PF_0024655,080400,4,2025-01-06,5,0,0,130.0,6.0,,,,16.2,,,5,False,7533,2024년_딸기(홍희),2024-09-15,2025-06-30,113,289,0.39100346020761245,middle,"[90, 120)"
12861,PF_0024655,080400,5,2025-01-06,3,0,0,130.0,8.0,,,,15.0,,,3,False,7533,2024년_딸기(홍희),2024-09-15,2025-06-30,113,289,0.39100346020761245,middle,"[90, 120)"
12893,PF_0024655,080400,6,2025-01-06,4,0,0,130.0,13.0,,,,21.7,,,4,False,7533,2024년_딸기(홍희),2024-09-15,2025-06-30,113,289,0.39100346020761245,middle,"[90, 120)"
12925,PF_0024655,080400,7,2025-01-06,5,0,0,105.0,7.0,,,,22.9,,,5,False,7533,2024년_딸기(홍희),2024-09-15,2025-06-30,113,289,0.39100346020761245,middle,"[90, 120)"
12957,PF_0024655,080400,8,2025-01-06,6,0,0,110.0,7.0,,,,21.6,,,6,False,7533,2024년_딸기(홍희),2024-09-15,2025-06-30,113,289,0.39100346020761245,middle,"[90, 120)"
12989,PF_0024655,080400,9,2025-01-06,4,0,0,110.0,10.0,,,,29.1,,,4,False,7533,2024년_딸기(홍희),2024-09-15,2025-06-30,113,289,0.39100346020761245,middle,"[90, 120)"
12734,PF_0024655,080400,1,2025-01-13,1,0,0,110.0,11.0,,,,17.2,,,1,False,7533,2024년_딸기(홍희),2024-09-15,2025-06-30,120,289,0.41522491349480967,middle,"[120, 150)"
12766,PF_0024655,080400,2,2025-01-13,5,0,0,110.0,9.0,,,,14.8,,,5,False,7533,2024년_딸기(홍희),2024-09-15,2025-06-30,120,289,0.41522491349480967,middle,"[120, 150)"
12798,PF_0024655,080400,3,2025-01-13,2,0,0,100.0,7.0,,,,20.0,,,2,False,7533,2024년_딸기(홍희),2024-09-15,2025-06-30,120,289,0.41522491349480967,middle,"[120, 150)"
12830,PF_0024655,080400,4,2025-01-13,3,0,0,130.0,7.0,,,,21.3,,,3,False,7533,2024년_딸기(홍희),2024-09-15,2025-06-30,120,289,0.41522491349480967,middle,"[120, 150)"
12862,PF_0024655,080400,5,2025-01-13,0,0,0,140.0,10.0,,,,18.2,,,0,True,7533,2024년_딸기(홍희),2024-09-15,2025-06-30,120,289,0.41522491349480967,middle,"[120, 150)"
12894,PF_0024655,080400,6,2025-01-13,4,0,0,130.0,16.0,,,,16.2,,,4,False,7533,2024년_딸기(홍희),2024-09-15,2025-06-30,120,289,0.41522491349480967,middle,"[120, 150)"
12926,PF_0024655,080400,7,2025-01-13,5,0,0,90.0,8.0,,,,22.3,,,5,False,7533,2024년_딸기(홍희),2024-09-15,2025-06-30,120,289,0.41522491349480967,middle,"[120, 150)"
12958,PF_0024655,080400,8,2025-01-13,4,0,0,130.0,8.0,,,,19.6,,,4,False,7533,2024년_딸기(홍희),2024-09-15,2025-06-30,120,289,0.41522491349480967,middle,"[120, 150)"
12990,PF_0024655,080400,9,2025-01-13,3,0,0,120.0,14.0,,,,23.4,,,3,False,7533,2024년_딸기(홍희),2024-09-15,2025-06-30,120,289,0.41522491349480967,middle,"[120, 150)"
12735,PF_0024655,080400,1,2025-01-20,0,1,0,100.0,13.0,,,,14.8,,,1,False,7533,2024년_딸기(홍희),2024-09-15,2025-06-30,127,289,0.43944636678200694,middle,"[120, 150)"
12767,PF_0024655,080400,2,2025-01-20,0,4,0,130.0,8.0,,,,18.3,,,4,False,7533,2024년_딸기(홍희),2024-09-15,2025-06-30,127,289,0.43944636678200694,middle,"[120, 150)"
12799,PF_0024655,080400,3,2025-01-20,2,3,0,120.0,8.0,,,,21.3,,,5,False,7533,2024년_딸기(홍희),2024-09-15,2025-06-30,127,289,0.43944636678200694,middle,"[120, 150)"
12831,PF_0024655,080400,4,2025-01-20,2,0,0,120.0,8.0,,,,20.6,,,2,False,7533,2024년_딸기(홍희),2024-09-15,2025-06-30,127,289,0.43944636678200694,middle,"[120, 150)"
12863,PF_0024655,080400,5,2025-01-20,0,3,0,140.0,9.0,,,,18.2,,,3,False,7533,2024년_딸기(홍희),2024-09-15,2025-06-30,127,289,0.43944636678200694,middle,"[120, 150)"
12895,PF_0024655,080400,6,2025-01-20,0,2,0,100.0,7.0,,,,19.1,,,2,False,7533,2024년_딸기(홍희),2024-09-15,2025-06-30,127,289,0.43944636678200694,middle,"[120, 150)"
12927,PF_0024655,080400,7,2025-01-20,4,0,0,90.0,9.0,,,,14.3,,,4,False,7533,2024년_딸기(홍희),2024-09-15,2025-06-30,127,289,0.43944636678200694,middle,"[120, 150)"
12959,PF_0024655,080400,8,2025-01-20,3,0,0,140.0,9.0,,,,16.2,,,3,False,7533,2024년_딸기(홍희),2024-09-15,2025-06-30,127,289,0.43944636678200694,middle,"[120, 150)"
12991,PF_0024655,080400,9,2025-01-20,2,0,0,160.0,13.0,,,,23.6,,,2,False,7533,2024년_딸기(홍희),2024-09-15,2025-06-30,127,289,0.43944636678200694,middle,"[120, 150)"
12736,PF_0024655,080400,1,2025-02-03,0,4,0,80.0,4.0,,,,24.2,,,4,False,7533,2024년_딸기(홍희),2024-09-15,2025-06-30,141,289,0.48788927335640137,middle,"[120, 150)"
12768,PF_0024655,080400,2,2025-02-03,0,4,0,110.0,9.0,,,,28.3,,,4,False,7533,2024년_딸기(홍희),2024-09-15,2025-06-30,141,289,0.48788927335640137,middle,"[120, 150)"
12800,PF_0024655,080400,3,2025-02-03,0,4,0,70.0,6.0,,,,30.7,,,4,False,7533,2024년_딸기(홍희),2024-09-15,2025-06-30,141,289,0.48788927335640137,middle,"[120, 150)"
12832,PF_0024655,080400,4,2025-02-03,0,6,0,100.0,6.0,,,,26.8,,,6,False,7533,2024년_딸기(홍희),2024-09-15,2025-06-30,141,289,0.48788927335640137,middle,"[120, 150)"
12864,PF_0024655,080400,5,2025-02-03,0,4,0,100.0,8.0,,,,24.6,,,4,False,7533,2024년_딸기(홍희),2024-09-15,2025-06-30,141,289,0.48788927335640137,middle,"[120, 150)"
12896,PF_0024655,080400,6,2025-02-03,0,2,0,90.0,7.0,,,,21.1,,,2,False,7533,2024년_딸기(홍희),2024-09-15,2025-06-30,141,289,0.48788927335640137,middle,"[120, 150)"
12928,PF_0024655,080400,7,2025-02-03,0,2,0,85.0,5.0,,,,23.2,,,2,False,7533,2024년_딸기(홍희),2024-09-15,2025-06-30,141,289,0.48788927335640137,middle,"[120, 150)"
12960,PF_0024655,080400,8,2025-02-03,0,3,0,100.0,7.0,,,,26.2,,,3,False,7533,2024년_딸기(홍희),2024-09-15,2025-06-30,141,289,0.48788927335640137,middle,"[120, 150)"
12992,PF_0024655,080400,9,2025-02-03,0,4,0,100.0,8.0,,,,31.3,,,4,False,7533,2024년_딸기(홍희),2024-09-15,2025-06-30,141,289,0.48788927335640137,middle,"[120, 150)"
12737,PF_0024655,080400,1,2025-02-10,0,4,0,95.0,12.0,,,,29.1,,,4,False,7533,2024년_딸기(홍희),2024-09-15,2025-06-30,148,289,0.5121107266435986,middle,"[120, 150)"
12769,PF_0024655,080400,2,2025-02-10,0,2,0,105.0,13.0,,,,12.3,,,2,False,7533,2024년_딸기(홍희),2024-09-15,2025-06-30,148,289,0.5121107266435986,middle,"[120, 150)"
12801,PF_0024655,080400,3,2025-02-10,0,5,0,100.0,9.0,,,,25.0,,,5,False,7533,2024년_딸기(홍희),2024-09-15,2025-06-30,148,289,0.5121107266435986,middle,"[120, 150)"
12833,PF_0024655,080400,4,2025-02-10,0,7,0,95.0,6.0,,,,18.0,,,7,False,7533,2024년_딸기(홍희),2024-09-15,2025-06-30,148,289,0.5121107266435986,middle,"[120, 150)"
12865,PF_0024655,080400,5,2025-02-10,0,3,0,100.0,10.0,,,,15.5,,,3,False,7533,2024년_딸기(홍희),2024-09-15,2025-06-30,148,289,0.5121107266435986,middle,"[120, 150)"
12897,PF_0024655,080400,6,2025-02-10,0,2,0,95.0,8.0,,,,17.9,,,2,False,7533,2024년_딸기(홍희),2024-09-15,2025-06-30,148,289,0.5121107266435986,middle,"[120, 150)"
12929,PF_0024655,080400,7,2025-02-10,0,4,0,85.0,6.0,,,,17.4,,,4,False,7533,2024년_딸기(홍희),2024-09-15,2025-06-30,148,289,0.5121107266435986,middle,"[120, 150)"
12961,PF_0024655,080400,8,2025-02-10,0,2,0,105.0,9.0,,,,21.4,,,2,False,7533,2024년_딸기(홍희),2024-09-15,2025-06-30,148,289,0.5121107266435986,middle,"[120, 150)"
12993,PF_0024655,080400,9,2025-02-10,0,4,0,100.0,7.0,,,,22.0,,,4,False,7533,2024년_딸기(홍희),2024-09-15,2025-06-30,148,289,0.5121107266435986,middle,"[120, 150)"
12738,PF_0024655,080400,1,2025-02-17,0,5,0,120.0,13.0,,,,18.2,,,5,False,7533,2024년_딸기(홍희),2024-09-15,2025-06-30,155,289,0.5363321799307958,middle,"[150, 180)"
12770,PF_0024655,080400,2,2025-02-17,0,2,0,80.0,13.0,,,,22.0,,,2,False,7533,2024년_딸기(홍희),2024-09-15,2025-06-30,155,289,0.5363321799307958,middle,"[150, 180)"
12802,PF_0024655,080400,3,2025-02-17,0,4,0,85.0,7.0,,,,23.1,,,4,False,7533,2024년_딸기(홍희),2024-09-15,2025-06-30,155,289,0.5363321799307958,middle,"[150, 180)"
12834,PF_0024655,080400,4,2025-02-17,0,7,0,80.0,7.0,,,,19.6,,,7,False,7533,2024년_딸기(홍희),2024-09-15,2025-06-30,155,289,0.5363321799307958,middle,"[150, 180)"
12866,PF_0024655,080400,5,2025-02-17,0,3,0,100.0,9.0,,,,14.8,,,3,False,7533,2024년_딸기(홍희),2024-09-15,2025-06-30,155,289,0.5363321799307958,middle,"[150, 180)"
12898,PF_0024655,080400,6,2025-02-17,0,3,0,100.0,7.0,,,,18.7,,,3,False,7533,2024년_딸기(홍희),2024-09-15,2025-06-30,155,289,0.5363321799307958,middle,"[150, 180)"
12930,PF_0024655,080400,7,2025-02-17,0,4,0,70.0,6.0,,,,18.0,,,4,False,7533,2024년_딸기(홍희),2024-09-15,2025-06-30,155,289,0.5363321799307958,middle,"[150, 180)"
12962,PF_0024655,080400,8,2025-02-17,0,3,0,80.0,8.0,,,,21.7,,,3,False,7533,2024년_딸기(홍희),2024-09-15,2025-06-30,155,289,0.5363321799307958,middle,"[150, 180)"
12994,PF_0024655,080400,9,2025-02-17,0,4,0,90.0,9.0,,,,23.3,,,4,False,7533,2024년_딸기(홍희),2024-09-15,2025-06-30,155,289,0.5363321799307958,middle,"[150, 180)"
12739,PF_0024655,080400,1,2025-02-24,0,2,0,120.0,19.0,,,,18.6,,,2,False,7533,2024년_딸기(홍희),2024-09-15,2025-06-30,162,289,0.5605536332179931,middle,"[150, 180)"
12771,PF_0024655,080400,2,2025-02-24,0,3,0,95.0,14.0,,,,22.7,,,3,False,7533,2024년_딸기(홍희),2024-09-15,2025-06-30,162,289,0.5605536332179931,middle,"[150, 180)"
12803,PF_0024655,080400,3,2025-02-24,0,4,0,80.0,7.0,,,,15.1,,,4,False,7533,2024년_딸기(홍희),2024-09-15,2025-06-30,162,289,0.5605536332179931,middle,"[150, 180)"
12835,PF_0024655,080400,4,2025-02-24,0,5,0,90.0,9.0,,,,16.0,,,5,False,7533,2024년_딸기(홍희),2024-09-15,2025-06-30,162,289,0.5605536332179931,middle,"[150, 180)"
12867,PF_0024655,080400,5,2025-02-24,0,4,0,90.0,8.0,,,,15.7,,,4,False,7533,2024년_딸기(홍희),2024-09-15,2025-06-30,162,289,0.5605536332179931,middle,"[150, 180)"
12899,PF_0024655,080400,6,2025-02-24,0,2,0,120.0,5.0,,,,15.3,,,2,False,7533,2024년_딸기(홍희),2024-09-15,2025-06-30,162,289,0.5605536332179931,middle,"[150, 180)"
12931,PF_0024655,080400,7,2025-02-24,0,2,0,80.0,6.0,,,,21.4,,,2,False,7533,2024년_딸기(홍희),2024-09-15,2025-06-30,162,289,0.5605536332179931,middle,"[150, 180)"
12963,PF_0024655,080400,8,2025-02-24,0,4,0,80.0,8.0,,,,17.1,,,4,False,7533,2024년_딸기(홍희),2024-09-15,2025-06-30,162,289,0.5605536332179931,middle,"[150, 180)"
12995,PF_0024655,080400,9,2025-02-24,0,2,0,95.0,13.0,,,,15.4,,,2,False,7533,2024년_딸기(홍희),2024-09-15,2025-06-30,162,289,0.5605536332179931,middle,"[150, 180)"
12740,PF_0024655,080400,1,2025-03-03,0,2,0,130.0,20.0,,,,20.0,,,2,False,7533,2024년_딸기(홍희),2024-09-15,2025-06-30,169,289,0.5847750865051903,middle,"[150, 180)"
12772,PF_0024655,080400,2,2025-03-03,0,3,1,100.0,17.0,,,,26.0,,,4,False,7533,2024년_딸기(홍희),2024-09-15,2025-06-30,169,289,0.5847750865051903,middle,"[150, 180)"
12804,PF_0024655,080400,3,2025-03-03,0,2,2,90.0,7.0,,,,25.8,,,4,False,7533,2024년_딸기(홍희),2024-09-15,2025-06-30,169,289,0.5847750865051903,middle,"[150, 180)"
12836,PF_0024655,080400,4,2025-03-03,0,5,0,100.0,9.0,,,,25.6,,,5,False,7533,2024년_딸기(홍희),2024-09-15,2025-06-30,169,289,0.5847750865051903,middle,"[150, 180)"
12868,PF_0024655,080400,5,2025-03-03,0,5,0,80.0,9.0,,,,15.2,,,5,False,7533,2024년_딸기(홍희),2024-09-15,2025-06-30,169,289,0.5847750865051903,middle,"[150, 180)"
12900,PF_0024655,080400,6,2025-03-03,0,2,0,130.0,5.0,,,,17.8,,,2,False,7533,2024년_딸기(홍희),2024-09-15,2025-06-30,169,289,0.5847750865051903,middle,"[150, 180)"
12932,PF_0024655,080400,7,2025-03-03,0,2,2,80.0,5.0,,,,24.8,,,4,False,7533,2024년_딸기(홍희),2024-09-15,2025-06-30,169,289,0.5847750865051903,middle,"[150, 180)"
12964,PF_0024655,080400,8,2025-03-03,0,5,0,100.0,8.0,,,,25.4,,,5,False,7533,2024년_딸기(홍희),2024-09-15,2025-06-30,169,289,0.5847750865051903,middle,"[150, 180)"
12996,PF_0024655,080400,9,2025-03-03,0,5,0,100.0,7.0,,,,18.4,,,5,False,7533,2024년_딸기(홍희),2024-09-15,2025-06-30,169,289,0.5847750865051903,middle,"[150, 180)"
12741,PF_0024655,080400,1,2025-03-10,0,0,4,110.0,15.0,,,,17.0,,,4,False,7533,2024년_딸기(홍희),2024-09-15,2025-06-30,176,289,0.6089965397923875,middle,"[150, 180)"
12773,PF_0024655,080400,2,2025-03-10,0,0,6,100.0,18.0,,,,18.5,,,6,False,7533,2024년_딸기(홍희),2024-09-15,2025-06-30,176,289,0.6089965397923875,middle,"[150, 180)"
12805,PF_0024655,080400,3,2025-03-10,0,0,3,90.0,10.0,,,,19.0,,,3,False,7533,2024년_딸기(홍희),2024-09-15,2025-06-30,176,289,0.6089965397923875,middle,"[150, 180)"
12837,PF_0024655,080400,4,2025-03-10,0,0,2,100.0,9.0,,,,17.0,,,2,False,7533,2024년_딸기(홍희),2024-09-15,2025-06-30,176,289,0.6089965397923875,middle,"[150, 180)"
12869,PF_0024655,080400,5,2025-03-10,0,0,8,100.0,11.0,,,,17.8,,,8,False,7533,2024년_딸기(홍희),2024-09-15,2025-06-30,176,289,0.6089965397923875,middle,"[150, 180)"
12901,PF_0024655,080400,6,2025-03-10,0,0,2,130.0,7.0,,,,19.0,,,2,False,7533,2024년_딸기(홍희),2024-09-15,2025-06-30,176,289,0.6089965397923875,middle,"[150, 180)"
12933,PF_0024655,080400,7,2025-03-10,0,0,4,90.0,5.0,,,,14.5,,,4,False,7533,2024년_딸기(홍희),2024-09-15,2025-06-30,176,289,0.6089965397923875,middle,"[150, 180)"
12965,PF_0024655,080400,8,2025-03-10,0,0,6,110.0,10.0,,,,17.1,,,6,False,7533,2024년_딸기(홍희),2024-09-15,2025-06-30,176,289,0.6089965397923875,middle,"[150, 180)"
12997,PF_0024655,080400,9,2025-03-10,0,0,1,120.0,10.0,,,,19.6,,,1,False,7533,2024년_딸기(홍희),2024-09-15,2025-06-30,176,289,0.6089965397923875,middle,"[150, 180)"
12742,PF_0024655,080400,1,2025-03-17,0,0,4,120.0,22.0,,,,22.0,,,4,False,7533,2024년_딸기(홍희),2024-09-15,2025-06-30,183,289,0.6332179930795848,middle,"[180, 210)"
12774,PF_0024655,080400,2,2025-03-17,0,0,3,110.0,20.0,,,,26.5,,,3,False,7533,2024년_딸기(홍희),2024-09-15,2025-06-30,183,289,0.6332179930795848,middle,"[180, 210)"
12806,PF_0024655,080400,3,2025-03-17,0,0,3,100.0,11.0,,,,25.0,,,3,False,7533,2024년_딸기(홍희),2024-09-15,2025-06-30,183,289,0.6332179930795848,middle,"[180, 210)"
12838,PF_0024655,080400,4,2025-03-17,0,0,3,110.0,10.0,,,,22.1,,,3,False,7533,2024년_딸기(홍희),2024-09-15,2025-06-30,183,289,0.6332179930795848,middle,"[180, 210)"
12870,PF_0024655,080400,5,2025-03-17,0,0,6,110.0,9.0,,,,17.0,,,6,False,7533,2024년_딸기(홍희),2024-09-15,2025-06-30,183,289,0.6332179930795848,middle,"[180, 210)"
12902,PF_0024655,080400,6,2025-03-17,0,0,2,130.0,8.0,,,,14.7,,,2,False,7533,2024년_딸기(홍희),2024-09-15,2025-06-30,183,289,0.6332179930795848,middle,"[180, 210)"
12934,PF_0024655,080400,7,2025-03-17,0,0,5,110.0,5.0,,,,18.3,,,5,False,7533,2024년_딸기(홍희),2024-09-15,2025-06-30,183,289,0.6332179930795848,middle,"[180, 210)"
12966,PF_0024655,080400,8,2025-03-17,0,0,3,90.0,10.0,,,,18.7,,,3,False,7533,2024년_딸기(홍희),2024-09-15,2025-06-30,183,289,0.6332179930795848,middle,"[180, 210)"
12998,PF_0024655,080400,9,2025-03-17,0,0,3,100.0,10.0,,,,18.8,,,3,False,7533,2024년_딸기(홍희),2024-09-15,2025-06-30,183,289,0.6332179930795848,middle,"[180, 210)"
12743,PF_0024655,080400,1,2025-03-24,0,0,3,120.0,14.0,,,,19.7,,,3,False,7533,2024년_딸기(홍희),2024-09-15,2025-06-30,190,289,0.657439446366782,middle,"[180, 210)"
12775,PF_0024655,080400,2,2025-03-24,0,0,3,90.0,21.0,,,,20.0,,,3,False,7533,2024년_딸기(홍희),2024-09-15,2025-06-30,190,289,0.657439446366782,middle,"[180, 210)"
12807,PF_0024655,080400,3,2025-03-24,0,0,1,90.0,15.0,,,,21.8,,,1,False,7533,2024년_딸기(홍희),2024-09-15,2025-06-30,190,289,0.657439446366782,middle,"[180, 210)"
12839,PF_0024655,080400,4,2025-03-24,0,0,3,110.0,5.0,,,,16.3,,,3,False,7533,2024년_딸기(홍희),2024-09-15,2025-06-30,190,289,0.657439446366782,middle,"[180, 210)"
12871,PF_0024655,080400,5,2025-03-24,0,0,6,120.0,13.0,,,,17.9,,,6,False,7533,2024년_딸기(홍희),2024-09-15,2025-06-30,190,289,0.657439446366782,middle,"[180, 210)"
12903,PF_0024655,080400,6,2025-03-24,0,0,5,120.0,11.0,,,,16.7,,,5,False,7533,2024년_딸기(홍희),2024-09-15,2025-06-30,190,289,0.657439446366782,middle,"[180, 210)"
12935,PF_0024655,080400,7,2025-03-24,0,0,5,80.0,6.0,,,,24.7,,,5,False,7533,2024년_딸기(홍희),2024-09-15,2025-06-30,190,289,0.657439446366782,middle,"[180, 210)"
12967,PF_0024655,080400,8,2025-03-24,0,0,5,110.0,9.0,,,,24.1,,,5,False,7533,2024년_딸기(홍희),2024-09-15,2025-06-30,190,289,0.657439446366782,middle,"[180, 210)"
12999,PF_0024655,080400,9,2025-03-24,0,0,6,95.0,12.0,,,,22.2,,,6,False,7533,2024년_딸기(홍희),2024-09-15,2025-06-30,190,289,0.657439446366782,middle,"[180, 210)"
12744,PF_0024655,080400,1,2025-03-31,0,0,2,90.0,13.0,,,,24.1,,,2,False,7533,2024년_딸기(홍희),2024-09-15,2025-06-30,197,289,0.6816608996539792,late,"[180, 210)"
12776,PF_0024655,080400,2,2025-03-31,0,0,3,90.0,12.0,,,,23.4,,,3,False,7533,2024년_딸기(홍희),2024-09-15,2025-06-30,197,289,0.6816608996539792,late,"[180, 210)"
12808,PF_0024655,080400,3,2025-03-31,0,0,3,100.0,7.0,,,,23.0,,,3,False,7533,2024년_딸기(홍희),2024-09-15,2025-06-30,197,289,0.6816608996539792,late,"[180, 210)"
12840,PF_0024655,080400,4,2025-03-31,0,0,1,80.0,15.0,,,,20.7,,,1,False,7533,2024년_딸기(홍희),2024-09-15,2025-06-30,197,289,0.6816608996539792,late,"[180, 210)"
12872,PF_0024655,080400,5,2025-03-31,0,0,0,130.0,7.0,,,,19.7,,,0,True,7533,2024년_딸기(홍희),2024-09-15,2025-06-30,197,289,0.6816608996539792,late,"[180, 210)"
12904,PF_0024655,080400,6,2025-03-31,0,0,1,130.0,11.0,,,,20.4,,,1,False,7533,2024년_딸기(홍희),2024-09-15,2025-06-30,197,289,0.6816608996539792,late,"[180, 210)"
12936,PF_0024655,080400,7,2025-03-31,0,0,1,90.0,9.0,,,,21.2,,,1,False,7533,2024년_딸기(홍희),2024-09-15,2025-06-30,197,289,0.6816608996539792,late,"[180, 210)"
12968,PF_0024655,080400,8,2025-03-31,0,0,4,120.0,13.0,,,,22.3,,,4,False,7533,2024년_딸기(홍희),2024-09-15,2025-06-30,197,289,0.6816608996539792,late,"[180, 210)"
13000,PF_0024655,080400,9,2025-03-31,0,0,1,110.0,11.0,,,,23.4,,,1,False,7533,2024년_딸기(홍희),2024-09-15,2025-06-30,197,289,0.6816608996539792,late,"[180, 210)"
12745,PF_0024655,080400,1,2025-04-07,0,0,0,95.0,8.0,,,,29.5,,,0,True,7533,2024년_딸기(홍희),2024-09-15,2025-06-30,204,289,0.7058823529411765,late,"[180, 210)"
12777,PF_0024655,080400,2,2025-04-07,0,0,0,90.0,7.0,,,,33.5,,,0,True,7533,2024년_딸기(홍희),2024-09-15,2025-06-30,204,289,0.7058823529411765,late,"[180, 210)"
12809,PF_0024655,080400,3,2025-04-07,0,0,0,120.0,8.0,,,,30.3,,,0,True,7533,2024년_딸기(홍희),2024-09-15,2025-06-30,204,289,0.7058823529411765,late,"[180, 210)"
12841,PF_0024655,080400,4,2025-04-07,0,0,0,90.0,8.0,,,,31.1,,,0,True,7533,2024년_딸기(홍희),2024-09-15,2025-06-30,204,289,0.7058823529411765,late,"[180, 210)"
12873,PF_0024655,080400,5,2025-04-07,0,0,0,120.0,3.0,,,,32.5,,,0,True,7533,2024년_딸기(홍희),2024-09-15,2025-06-30,204,289,0.7058823529411765,late,"[180, 210)"
12905,PF_0024655,080400,6,2025-04-07,0,0,0,150.0,7.0,,,,28.2,,,0,True,7533,2024년_딸기(홍희),2024-09-15,2025-06-30,204,289,0.7058823529411765,late,"[180, 210)"
12937,PF_0024655,080400,7,2025-04-07,0,0,0,80.0,9.0,,,,25.7,,,0,True,7533,2024년_딸기(홍희),2024-09-15,2025-06-30,204,289,0.7058823529411765,late,"[180, 210)"
12969,PF_0024655,080400,8,2025-04-07,0,0,0,110.0,7.0,,,,25.7,,,0,True,7533,2024년_딸기(홍희),2024-09-15,2025-06-30,204,289,0.7058823529411765,late,"[180, 210)"
13001,PF_0024655,080400,9,2025-04-07,0,0,0,100.0,7.0,,,,21.1,,,0,True,7533,2024년_딸기(홍희),2024-09-15,2025-06-30,204,289,0.7058823529411765,late,"[180, 210)"
12746,PF_0024655,080400,1,2025-04-14,0,0,0,100.0,11.0,,,,21.0,,,0,True,7533,2024년_딸기(홍희),2024-09-15,2025-06-30,211,289,0.7301038062283737,late,"[210, 240)"
12778,PF_0024655,080400,2,2025-04-14,0,0,0,95.0,9.0,,,,21.3,,,0,True,7533,2024년_딸기(홍희),2024-09-15,2025-06-30,211,289,0.7301038062283737,late,"[210, 240)"
12810,PF_0024655,080400,3,2025-04-14,0,0,0,110.0,5.0,,,,16.9,,,0,True,7533,2024년_딸기(홍희),2024-09-15,2025-06-30,211,289,0.7301038062283737,late,"[210, 240)"
12842,PF_0024655,080400,4,2025-04-14,0,0,0,100.0,10.0,,,,23.5,,,0,True,7533,2024년_딸기(홍희),2024-09-15,2025-06-30,211,289,0.7301038062283737,late,"[210, 240)"
12874,PF_0024655,080400,5,2025-04-14,0,0,0,100.0,4.0,,,,20.1,,,0,True,7533,2024년_딸기(홍희),2024-09-15,2025-06-30,211,289,0.7301038062283737,late,"[210, 240)"
12906,PF_0024655,080400,6,2025-04-14,0,0,0,150.0,7.0,,,,16.8,,,0,True,7533,2024년_딸기(홍희),2024-09-15,2025-06-30,211,289,0.7301038062283737,late,"[210, 240)"
12938,PF_0024655,080400,7,2025-04-14,0,0,0,90.0,10.0,,,,17.8,,,0,True,7533,2024년_딸기(홍희),2024-09-15,2025-06-30,211,289,0.7301038062283737,late,"[210, 240)"
12970,PF_0024655,080400,8,2025-04-14,0,0,0,120.0,9.0,,,,16.2,,,0,True,7533,2024년_딸기(홍희),2024-09-15,2025-06-30,211,289,0.7301038062283737,late,"[210, 240)"
13002,PF_0024655,080400,9,2025-04-14,0,0,0,110.0,8.0,,,,17.0,,,0,True,7533,2024년_딸기(홍희),2024-09-15,2025-06-30,211,289,0.7301038062283737,late,"[210, 240)"
12747,PF_0024655,080400,1,2025-04-21,0,0,0,100.0,8.0,,,,14.5,,,0,True,7533,2024년_딸기(홍희),2024-09-15,2025-06-30,218,289,0.754325259515571,late,"[210, 240)"
12779,PF_0024655,080400,2,2025-04-21,0,0,0,120.0,8.0,,,,22.3,,,0,True,7533,2024년_딸기(홍희),2024-09-15,2025-06-30,218,289,0.754325259515571,late,"[210, 240)"
12811,PF_0024655,080400,3,2025-04-21,0,0,0,90.0,6.0,,,,13.4,,,0,True,7533,2024년_딸기(홍희),2024-09-15,2025-06-30,218,289,0.754325259515571,late,"[210, 240)"
12843,PF_0024655,080400,4,2025-04-21,0,0,0,100.0,8.0,,,,18.0,,,0,True,7533,2024년_딸기(홍희),2024-09-15,2025-06-30,218,289,0.754325259515571,late,"[210, 240)"
12875,PF_0024655,080400,5,2025-04-21,0,0,0,120.0,3.0,,,,14.1,,,0,True,7533,2024년_딸기(홍희),2024-09-15,2025-06-30,218,289,0.754325259515571,late,"[210, 240)"
12907,PF_0024655,080400,6,2025-04-21,0,0,0,130.0,7.0,,,,17.8,,,0,True,7533,2024년_딸기(홍희),2024-09-15,2025-06-30,218,289,0.754325259515571,late,"[210, 240)"
12939,PF_0024655,080400,7,2025-04-21,0,0,0,90.0,9.0,,,,15.6,,,0,True,7533,2024년_딸기(홍희),2024-09-15,2025-06-30,218,289,0.754325259515571,late,"[210, 240)"
12971,PF_0024655,080400,8,2025-04-21,0,0,0,60.0,5.0,,,,12.1,,,0,True,7533,2024년_딸기(홍희),2024-09-15,2025-06-30,218,289,0.754325259515571,late,"[210, 240)"
13003,PF_0024655,080400,9,2025-04-21,0,0,0,110.0,5.0,,,,19.2,,,0,True,7533,2024년_딸기(홍희),2024-09-15,2025-06-30,218,289,0.754325259515571,late,"[210, 240)"
12748,PF_0024655,080400,1,2025-04-28,0,0,0,100.0,9.0,,,,15.7,,,0,True,7533,2024년_딸기(홍희),2024-09-15,2025-06-30,225,289,0.7785467128027682,late,"[210, 240)"
12780,PF_0024655,080400,2,2025-04-28,0,0,0,120.0,8.0,,,,21.5,,,0,True,7533,2024년_딸기(홍희),2024-09-15,2025-06-30,225,289,0.7785467128027682,late,"[210, 240)"
12812,PF_0024655,080400,3,2025-04-28,0,0,0,80.0,6.0,,,,19.0,,,0,True,7533,2024년_딸기(홍희),2024-09-15,2025-06-30,225,289,0.7785467128027682,late,"[210, 240)"
12844,PF_0024655,080400,4,2025-04-28,0,0,0,100.0,10.0,,,,24.1,,,0,True,7533,2024년_딸기(홍희),2024-09-15,2025-06-30,225,289,0.7785467128027682,late,"[210, 240)"
12876,PF_0024655,080400,5,2025-04-28,0,0,0,130.0,3.0,,,,20.8,,,0,True,7533,2024년_딸기(홍희),2024-09-15,2025-06-30,225,289,0.7785467128027682,late,"[210, 240)"
12908,PF_0024655,080400,6,2025-04-28,0,0,0,120.0,6.0,,,,21.4,,,0,True,7533,2024년_딸기(홍희),2024-09-15,2025-06-30,225,289,0.7785467128027682,late,"[210, 240)"
12940,PF_0024655,080400,7,2025-04-28,0,0,0,60.0,14.0,,,,21.2,,,0,True,7533,2024년_딸기(홍희),2024-09-15,2025-06-30,225,289,0.7785467128027682,late,"[210, 240)"
12972,PF_0024655,080400,8,2025-04-28,0,0,0,70.0,5.0,,,,15.2,,,0,True,7533,2024년_딸기(홍희),2024-09-15,2025-06-30,225,289,0.7785467128027682,late,"[210, 240)"
13004,PF_0024655,080400,9,2025-04-28,0,0,0,110.0,6.0,,,,16.3,,,0,True,7533,2024년_딸기(홍희),2024-09-15,2025-06-30,225,289,0.7785467128027682,late,"[210, 240)"
12749,PF_0024655,080400,1,2025-05-24,0,0,0,120.0,18.0,,,,25.7,,,0,True,7533,2024년_딸기(홍희),2024-09-15,2025-06-30,251,289,0.8685121107266436,late,"[240, 270)"
12781,PF_0024655,080400,2,2025-05-24,0,0,0,110.0,13.0,,,,21.8,,,0,True,7533,2024년_딸기(홍희),2024-09-15,2025-06-30,251,289,0.8685121107266436,late,"[240, 270)"
12813,PF_0024655,080400,3,2025-05-24,0,0,0,120.0,8.0,,,,20.6,,,0,True,7533,2024년_딸기(홍희),2024-09-15,2025-06-30,251,289,0.8685121107266436,late,"[240, 270)"
12845,PF_0024655,080400,4,2025-05-24,0,0,0,100.0,6.0,,,,21.2,,,0,True,7533,2024년_딸기(홍희),2024-09-15,2025-06-30,251,289,0.8685121107266436,late,"[240, 270)"
12877,PF_0024655,080400,5,2025-05-24,0,0,0,130.0,8.0,,,,28.0,,,0,True,7533,2024년_딸기(홍희),2024-09-15,2025-06-30,251,289,0.8685121107266436,late,"[240, 270)"
12909,PF_0024655,080400,6,2025-05-24,0,0,0,140.0,10.0,,,,22.2,,,0,True,7533,2024년_딸기(홍희),2024-09-15,2025-06-30,251,289,0.8685121107266436,late,"[240, 270)"
12941,PF_0024655,080400,7,2025-05-24,0,0,0,110.0,26.0,,,,26.2,,,0,True,7533,2024년_딸기(홍희),2024-09-15,2025-06-30,251,289,0.8685121107266436,late,"[240, 270)"
12973,PF_0024655,080400,8,2025-05-24,0,0,0,80.0,8.0,,,,21.7,,,0,True,7533,2024년_딸기(홍희),2024-09-15,2025-06-30,251,289,0.8685121107266436,late,"[240, 270)"
13005,PF_0024655,080400,9,2025-05-24,0,0,0,110.0,13.0,,,,25.4,,,0,True,7533,2024년_딸기(홍희),2024-09-15,2025-06-30,251,289,0.8685121107266436,late,"[240, 270)"
12750,PF_0024655,080400,1,2025-05-29,0,0,0,110.0,18.0,,,,25.7,,,0,True,7533,2024년_딸기(홍희),2024-09-15,2025-06-30,256,289,0.8858131487889274,late,"[240, 270)"
12782,PF_0024655,080400,2,2025-05-29,0,0,0,120.0,13.0,,,,21.6,,,0,True,7533,2024년_딸기(홍희),2024-09-15,2025-06-30,256,289,0.8858131487889274,late,"[240, 270)"
12814,PF_0024655,080400,3,2025-05-29,0,0,0,110.0,6.0,,,,21.4,,,0,True,7533,2024년_딸기(홍희),2024-09-15,2025-06-30,256,289,0.8858131487889274,late,"[240, 270)"
12846,PF_0024655,080400,4,2025-05-29,0,0,0,90.0,8.0,,,,28.2,,,0,True,7533,2024년_딸기(홍희),2024-09-15,2025-06-30,256,289,0.8858131487889274,late,"[240, 270)"
12878,PF_0024655,080400,5,2025-05-29,0,0,0,140.0,8.0,,,,20.8,,,0,True,7533,2024년_딸기(홍희),2024-09-15,2025-06-30,256,289,0.8858131487889274,late,"[240, 270)"
12910,PF_0024655,080400,6,2025-05-29,0,0,0,140.0,10.0,,,,22.4,,,0,True,7533,2024년_딸기(홍희),2024-09-15,2025-06-30,256,289,0.8858131487889274,late,"[240, 270)"
12942,PF_0024655,080400,7,2025-05-29,0,0,0,130.0,26.0,,,,26.4,,,0,True,7533,2024년_딸기(홍희),2024-09-15,2025-06-30,256,289,0.8858131487889274,late,"[240, 270)"
12974,PF_0024655,080400,8,2025-05-29,0,0,0,90.0,8.0,,,,21.9,,,0,True,7533,2024년_딸기(홍희),2024-09-15,2025-06-30,256,289,0.8858131487889274,late,"[240, 270)"
13006,PF_0024655,080400,9,2025-05-29,0,0,0,90.0,13.0,,,,25.6,,,0,True,7533,2024년_딸기(홍희),2024-09-15,2025-06-30,256,289,0.8858131487889274,late,"[240, 270)"
12751,PF_0024655,080400,1,2025-06-05,0,0,0,120.0,18.0,,,,25.5,,,0,True,7533,2024년_딸기(홍희),2024-09-15,2025-06-30,263,289,0.9100346020761245,late,"[240, 270)"
12783,PF_0024655,080400,2,2025-06-05,0,0,0,120.0,13.0,,,,21.4,,,0,True,7533,2024년_딸기(홍희),2024-09-15,2025-06-30,263,289,0.9100346020761245,late,"[240, 270)"
12815,PF_0024655,080400,3,2025-06-05,0,0,0,115.0,6.0,,,,21.2,,,0,True,7533,2024년_딸기(홍희),2024-09-15,2025-06-30,263,289,0.9100346020761245,late,"[240, 270)"
12847,PF_0024655,080400,4,2025-06-05,0,0,0,90.0,8.0,,,,28.2,,,0,True,7533,2024년_딸기(홍희),2024-09-15,2025-06-30,263,289,0.9100346020761245,late,"[240, 270)"
12879,PF_0024655,080400,5,2025-06-05,0,0,0,150.0,8.0,,,,20.5,,,0,True,7533,2024년_딸기(홍희),2024-09-15,2025-06-30,263,289,0.9100346020761245,late,"[240, 270)"
12911,PF_0024655,080400,6,2025-06-05,0,0,0,145.0,10.0,,,,22.1,,,0,True,7533,2024년_딸기(홍희),2024-09-15,2025-06-30,263,289,0.9100346020761245,late,"[240, 270)"
12943,PF_0024655,080400,7,2025-06-05,0,0,0,130.0,26.0,,,,26.2,,,0,True,7533,2024년_딸기(홍희),2024-09-15,2025-06-30,263,289,0.9100346020761245,late,"[240, 270)"
12975,PF_0024655,080400,8,2025-06-05,0,0,0,90.0,8.0,,,,21.7,,,0,True,7533,2024년_딸기(홍희),2024-09-15,2025-06-30,263,289,0.9100346020761245,late,"[240, 270)"
13007,PF_0024655,080400,9,2025-06-05,0,0,0,90.0,13.0,,,,25.5,,,0,True,7533,2024년_딸기(홍희),2024-09-15,2025-06-30,263,289,0.9100346020761245,late,"[240, 270)"
13147,PF_0024657,080400,1,2025-06-05,0,0,0,110.0,13.0,,,,26.6,,,0,True,7543,2024년_딸기(설향),2024-09-15,2025-06-30,263,289,0.9100346020761245,late,"[240, 270)"
13179,PF_0024657,080400,2,2025-06-05,0,0,0,110.0,17.0,,,,24.1,,,0,True,7543,2024년_딸기(설향),2024-09-15,2025-06-30,263,289,0.9100346020761245,late,"[240, 270)"
13211,PF_0024657,080400,3,2025-06-05,0,0,0,130.0,12.0,,,,29.5,,,0,True,7543,2024년_딸기(설향),2024-09-15,2025-06-30,263,289,0.9100346020761245,late,"[240, 270)"
13243,PF_0024657,080400,4,2025-06-05,0,0,0,110.0,13.0,,,,26.8,,,0,True,7543,2024년_딸기(설향),2024-09-15,2025-06-30,263,289,0.9100346020761245,late,"[240, 270)"
13275,PF_0024657,080400,5,2025-06-05,0,0,0,120.0,9.0,,,,15.6,,,0,True,7543,2024년_딸기(설향),2024-09-15,2025-06-30,263,289,0.9100346020761245,late,"[240, 270)"
13307,PF_0024657,080400,6,2025-06-05,0,0,0,90.0,14.0,,,,22.0,,,0,True,7543,2024년_딸기(설향),2024-09-15,2025-06-30,263,289,0.9100346020761245,late,"[240, 270)"
13339,PF_0024657,080400,7,2025-06-05,0,0,0,110.0,15.0,,,,14.7,,,0,True,7543,2024년_딸기(설향),2024-09-15,2025-06-30,263,289,0.9100346020761245,late,"[240, 270)"
13371,PF_0024657,080400,8,2025-06-05,0,0,0,110.0,18.0,,,,26.0,,,0,True,7543,2024년_딸기(설향),2024-09-15,2025-06-30,263,289,0.9100346020761245,late,"[240, 270)"
13403,PF_0024657,080400,9,2025-06-05,0,0,0,100.0,14.0,,,,17.5,,,0,True,7543,2024년_딸기(설향),2024-09-15,2025-06-30,263,289,0.9100346020761245,late,"[240, 270)"
13404,PF_0024688,080400,1,2024-10-03,0,0,0,52.0,7.0,,,,9.4,,,0,True,7558,2024년_딸기(설향),2024-09-01,2025-06-30,32,303,0.10561056105610561,early,"[30, 60)"
13435,PF_0024688,080400,2,2024-10-03,0,0,0,77.0,7.0,,,,9.9,,,0,True,7558,2024년_딸기(설향),2024-09-01,2025-06-30,32,303,0.10561056105610561,early,"[30, 60)"
13466,PF_0024688,080400,3,2024-10-03,0,0,0,39.0,6.0,,,,9.4,,,0,True,7558,2024년_딸기(설향),2024-09-01,2025-06-30,32,303,0.10561056105610561,early,"[30, 60)"
13497,PF_0024688,080400,4,2024-10-03,0,0,0,59.0,6.0,,,,13.5,,,0,True,7558,2024년_딸기(설향),2024-09-01,2025-06-30,32,303,0.10561056105610561,early,"[30, 60)"
13528,PF_0024688,080400,5,2024-10-03,0,0,0,38.0,7.0,,,,12.5,,,0,True,7558,2024년_딸기(설향),2024-09-01,2025-06-30,32,303,0.10561056105610561,early,"[30, 60)"
13559,PF_0024688,080400,6,2024-10-03,0,0,0,58.0,5.0,,,,12.0,,,0,True,7558,2024년_딸기(설향),2024-09-01,2025-06-30,32,303,0.10561056105610561,early,"[30, 60)"
13590,PF_0024688,080400,7,2024-10-03,0,0,0,70.0,6.0,,,,9.5,,,0,True,7558,2024년_딸기(설향),2024-09-01,2025-06-30,32,303,0.10561056105610561,early,"[30, 60)"
13621,PF_0024688,080400,8,2024-10-03,0,0,0,47.0,8.0,,,,11.1,,,0,True,7558,2024년_딸기(설향),2024-09-01,2025-06-30,32,303,0.10561056105610561,early,"[30, 60)"
13650,PF_0024688,080400,9,2024-10-03,0,0,0,76.0,6.0,,,,12.2,,,0,True,7558,2024년_딸기(설향),2024-09-01,2025-06-30,32,303,0.10561056105610561,early,"[30, 60)"
13405,PF_0024688,080400,1,2024-10-08,0,0,0,48.0,6.0,,,,10.5,,,0,True,7558,2024년_딸기(설향),2024-09-01,2025-06-30,37,303,0.12211221122112212,early,"[30, 60)"
13436,PF_0024688,080400,2,2024-10-08,0,0,0,88.0,8.0,,,,11.0,,,0,True,7558,2024년_딸기(설향),2024-09-01,2025-06-30,37,303,0.12211221122112212,early,"[30, 60)"
13467,PF_0024688,080400,3,2024-10-08,0,0,0,38.0,5.0,,,,10.8,,,0,True,7558,2024년_딸기(설향),2024-09-01,2025-06-30,37,303,0.12211221122112212,early,"[30, 60)"
13498,PF_0024688,080400,4,2024-10-08,0,0,0,60.0,7.0,,,,13.0,,,0,True,7558,2024년_딸기(설향),2024-09-01,2025-06-30,37,303,0.12211221122112212,early,"[30, 60)"
13529,PF_0024688,080400,5,2024-10-08,0,0,0,52.0,7.0,,,,13.7,,,0,True,7558,2024년_딸기(설향),2024-09-01,2025-06-30,37,303,0.12211221122112212,early,"[30, 60)"
13560,PF_0024688,080400,6,2024-10-08,0,0,0,51.0,6.0,,,,12.4,,,0,True,7558,2024년_딸기(설향),2024-09-01,2025-06-30,37,303,0.12211221122112212,early,"[30, 60)"
13591,PF_0024688,080400,7,2024-10-08,0,0,0,70.0,6.0,,,,10.6,,,0,True,7558,2024년_딸기(설향),2024-09-01,2025-06-30,37,303,0.12211221122112212,early,"[30, 60)"
13622,PF_0024688,080400,8,2024-10-08,0,0,0,75.0,8.0,,,,12.0,,,0,True,7558,2024년_딸기(설향),2024-09-01,2025-06-30,37,303,0.12211221122112212,early,"[30, 60)"
13651,PF_0024688,080400,9,2024-10-08,0,0,0,75.0,6.0,,,,12.8,,,0,True,7558,2024년_딸기(설향),2024-09-01,2025-06-30,37,303,0.12211221122112212,early,"[30, 60)"
13406,PF_0024688,080400,1,2024-10-15,0,0,0,63.0,8.0,,,,938.0,,,0,True,7558,2024년_딸기(설향),2024-09-01,2025-06-30,44,303,0.14521452145214522,early,"[30, 60)"
13437,PF_0024688,080400,2,2024-10-15,0,0,0,102.0,9.0,,,,13.0,,,0,True,7558,2024년_딸기(설향),2024-09-01,2025-06-30,44,303,0.14521452145214522,early,"[30, 60)"
13468,PF_0024688,080400,3,2024-10-15,0,0,0,63.0,6.0,,,,9.4,,,0,True,7558,2024년_딸기(설향),2024-09-01,2025-06-30,44,303,0.14521452145214522,early,"[30, 60)"
13499,PF_0024688,080400,4,2024-10-15,0,0,0,88.0,7.0,,,,13.9,,,0,True,7558,2024년_딸기(설향),2024-09-01,2025-06-30,44,303,0.14521452145214522,early,"[30, 60)"
13530,PF_0024688,080400,5,2024-10-15,0,0,0,70.0,8.0,,,,14.4,,,0,True,7558,2024년_딸기(설향),2024-09-01,2025-06-30,44,303,0.14521452145214522,early,"[30, 60)"
13561,PF_0024688,080400,6,2024-10-15,0,0,0,71.0,6.0,,,,10.1,,,0,True,7558,2024년_딸기(설향),2024-09-01,2025-06-30,44,303,0.14521452145214522,early,"[30, 60)"
13592,PF_0024688,080400,7,2024-10-15,0,0,0,73.0,7.0,,,,9.6,,,0,True,7558,2024년_딸기(설향),2024-09-01,2025-06-30,44,303,0.14521452145214522,early,"[30, 60)"
13623,PF_0024688,080400,8,2024-10-15,0,0,0,91.0,9.0,,,,10.2,,,0,True,7558,2024년_딸기(설향),2024-09-01,2025-06-30,44,303,0.14521452145214522,early,"[30, 60)"
13652,PF_0024688,080400,9,2024-10-15,0,0,0,93.0,8.0,,,,14.8,,,0,True,7558,2024년_딸기(설향),2024-09-01,2025-06-30,44,303,0.14521452145214522,early,"[30, 60)"
13407,PF_0024688,080400,1,2024-10-22,0,0,0,69.0,5.0,,,,10.6,,,0,True,7558,2024년_딸기(설향),2024-09-01,2025-06-30,51,303,0.16831683168316833,early,"[30, 60)"
13438,PF_0024688,080400,2,2024-10-22,0,0,0,105.0,8.0,,,,12.7,,,0,True,7558,2024년_딸기(설향),2024-09-01,2025-06-30,51,303,0.16831683168316833,early,"[30, 60)"
13469,PF_0024688,080400,3,2024-10-22,0,0,0,71.0,6.0,,,,12.0,,,0,True,7558,2024년_딸기(설향),2024-09-01,2025-06-30,51,303,0.16831683168316833,early,"[30, 60)"
13500,PF_0024688,080400,4,2024-10-22,0,0,0,96.0,6.0,,,,16.2,,,0,True,7558,2024년_딸기(설향),2024-09-01,2025-06-30,51,303,0.16831683168316833,early,"[30, 60)"
13531,PF_0024688,080400,5,2024-10-22,0,0,0,72.0,5.0,,,,11.9,,,0,True,7558,2024년_딸기(설향),2024-09-01,2025-06-30,51,303,0.16831683168316833,early,"[30, 60)"
13562,PF_0024688,080400,6,2024-10-22,0,0,0,80.0,5.0,,,,10.5,,,0,True,7558,2024년_딸기(설향),2024-09-01,2025-06-30,51,303,0.16831683168316833,early,"[30, 60)"
13593,PF_0024688,080400,7,2024-10-22,0,0,0,85.0,7.0,,,,12.5,,,0,True,7558,2024년_딸기(설향),2024-09-01,2025-06-30,51,303,0.16831683168316833,early,"[30, 60)"
13624,PF_0024688,080400,8,2024-10-22,0,0,0,95.0,10.0,,,,15.0,,,0,True,7558,2024년_딸기(설향),2024-09-01,2025-06-30,51,303,0.16831683168316833,early,"[30, 60)"
13653,PF_0024688,080400,9,2024-10-22,0,0,0,92.0,7.0,,,,11.3,,,0,True,7558,2024년_딸기(설향),2024-09-01,2025-06-30,51,303,0.16831683168316833,early,"[30, 60)"
13408,PF_0024688,080400,1,2024-10-29,0,0,0,80.0,6.0,,,,11.8,,,0,True,7558,2024년_딸기(설향),2024-09-01,2025-06-30,58,303,0.19141914191419143,early,"[30, 60)"
13439,PF_0024688,080400,2,2024-10-29,0,0,0,105.0,9.0,,,,14.9,,,0,True,7558,2024년_딸기(설향),2024-09-01,2025-06-30,58,303,0.19141914191419143,early,"[30, 60)"
13470,PF_0024688,080400,3,2024-10-29,0,0,0,88.0,6.0,,,,10.3,,,0,True,7558,2024년_딸기(설향),2024-09-01,2025-06-30,58,303,0.19141914191419143,early,"[30, 60)"
13501,PF_0024688,080400,4,2024-10-29,0,0,0,96.0,7.0,,,,12.5,,,0,True,7558,2024년_딸기(설향),2024-09-01,2025-06-30,58,303,0.19141914191419143,early,"[30, 60)"
13532,PF_0024688,080400,5,2024-10-29,0,0,0,80.0,6.0,,,,13.2,,,0,True,7558,2024년_딸기(설향),2024-09-01,2025-06-30,58,303,0.19141914191419143,early,"[30, 60)"
13563,PF_0024688,080400,6,2024-10-29,0,0,0,79.0,6.0,,,,10.9,,,0,True,7558,2024년_딸기(설향),2024-09-01,2025-06-30,58,303,0.19141914191419143,early,"[30, 60)"
13594,PF_0024688,080400,7,2024-10-29,0,0,0,85.0,6.0,,,,10.1,,,0,True,7558,2024년_딸기(설향),2024-09-01,2025-06-30,58,303,0.19141914191419143,early,"[30, 60)"
13625,PF_0024688,080400,8,2024-10-29,0,0,0,97.0,7.0,,,,19.6,,,0,True,7558,2024년_딸기(설향),2024-09-01,2025-06-30,58,303,0.19141914191419143,early,"[30, 60)"
13654,PF_0024688,080400,9,2024-10-29,0,0,0,95.0,6.0,,,,15.0,,,0,True,7558,2024년_딸기(설향),2024-09-01,2025-06-30,58,303,0.19141914191419143,early,"[30, 60)"
13409,PF_0024688,080400,1,2024-11-05,0,0,0,86.0,8.0,,,,14.8,,,0,True,7558,2024년_딸기(설향),2024-09-01,2025-06-30,65,303,0.2145214521452145,early,"[60, 90)"
13440,PF_0024688,080400,2,2024-11-05,0,0,0,110.0,8.0,,,,18.1,,,0,True,7558,2024년_딸기(설향),2024-09-01,2025-06-30,65,303,0.2145214521452145,early,"[60, 90)"
13471,PF_0024688,080400,3,2024-11-05,0,0,0,88.0,5.0,,,,14.8,,,0,True,7558,2024년_딸기(설향),2024-09-01,2025-06-30,65,303,0.2145214521452145,early,"[60, 90)"
13502,PF_0024688,080400,4,2024-11-05,0,0,0,96.0,8.0,,,,13.7,,,0,True,7558,2024년_딸기(설향),2024-09-01,2025-06-30,65,303,0.2145214521452145,early,"[60, 90)"
13533,PF_0024688,080400,5,2024-11-05,0,0,0,90.0,4.0,,,,16.7,,,0,True,7558,2024년_딸기(설향),2024-09-01,2025-06-30,65,303,0.2145214521452145,early,"[60, 90)"
13564,PF_0024688,080400,6,2024-11-05,1,0,0,99.0,6.0,,,,14.9,,,1,False,7558,2024년_딸기(설향),2024-09-01,2025-06-30,65,303,0.2145214521452145,early,"[60, 90)"
13595,PF_0024688,080400,7,2024-11-05,0,0,0,85.0,5.0,,,,15.0,,,0,True,7558,2024년_딸기(설향),2024-09-01,2025-06-30,65,303,0.2145214521452145,early,"[60, 90)"
13626,PF_0024688,080400,8,2024-11-05,0,0,0,100.0,7.0,,,,12.8,,,0,True,7558,2024년_딸기(설향),2024-09-01,2025-06-30,65,303,0.2145214521452145,early,"[60, 90)"
13655,PF_0024688,080400,9,2024-11-05,0,0,0,94.0,6.0,,,,16.7,,,0,True,7558,2024년_딸기(설향),2024-09-01,2025-06-30,65,303,0.2145214521452145,early,"[60, 90)"
13410,PF_0024688,080400,1,2024-11-11,3,0,0,87.0,5.0,,,,15.1,,,3,False,7558,2024년_딸기(설향),2024-09-01,2025-06-30,71,303,0.23432343234323433,early,"[60, 90)"
13441,PF_0024688,080400,2,2024-11-11,0,0,0,104.0,7.0,,,,22.2,,,0,True,7558,2024년_딸기(설향),2024-09-01,2025-06-30,71,303,0.23432343234323433,early,"[60, 90)"
13472,PF_0024688,080400,3,2024-11-11,2,0,0,88.0,7.0,,,,16.9,,,2,False,7558,2024년_딸기(설향),2024-09-01,2025-06-30,71,303,0.23432343234323433,early,"[60, 90)"
13503,PF_0024688,080400,4,2024-11-11,3,0,0,99.0,7.0,,,,14.5,,,3,False,7558,2024년_딸기(설향),2024-09-01,2025-06-30,71,303,0.23432343234323433,early,"[60, 90)"
13534,PF_0024688,080400,5,2024-11-11,1,0,0,78.0,5.0,,,,17.4,,,1,False,7558,2024년_딸기(설향),2024-09-01,2025-06-30,71,303,0.23432343234323433,early,"[60, 90)"
13565,PF_0024688,080400,6,2024-11-11,3,0,0,95.0,5.0,,,,17.9,,,3,False,7558,2024년_딸기(설향),2024-09-01,2025-06-30,71,303,0.23432343234323433,early,"[60, 90)"
13596,PF_0024688,080400,7,2024-11-11,0,0,0,85.0,6.0,,,,17.0,,,0,True,7558,2024년_딸기(설향),2024-09-01,2025-06-30,71,303,0.23432343234323433,early,"[60, 90)"
13627,PF_0024688,080400,8,2024-11-11,1,0,0,97.0,9.0,,,,17.3,,,1,False,7558,2024년_딸기(설향),2024-09-01,2025-06-30,71,303,0.23432343234323433,early,"[60, 90)"
13656,PF_0024688,080400,9,2024-11-11,1,0,0,94.0,6.0,,,,15.6,,,1,False,7558,2024년_딸기(설향),2024-09-01,2025-06-30,71,303,0.23432343234323433,early,"[60, 90)"
13411,PF_0024688,080400,1,2024-11-19,5,0,0,92.0,6.0,,,,14.5,,,5,False,7558,2024년_딸기(설향),2024-09-01,2025-06-30,79,303,0.2607260726072607,early,"[60, 90)"
13442,PF_0024688,080400,2,2024-11-19,0,0,0,102.0,9.0,,,,25.9,,,0,True,7558,2024년_딸기(설향),2024-09-01,2025-06-30,79,303,0.2607260726072607,early,"[60, 90)"
13473,PF_0024688,080400,3,2024-11-19,6,0,0,91.0,7.0,,,,16.1,,,6,False,7558,2024년_딸기(설향),2024-09-01,2025-06-30,79,303,0.2607260726072607,early,"[60, 90)"
13504,PF_0024688,080400,4,2024-11-19,7,0,0,108.0,10.0,,,,17.3,,,7,False,7558,2024년_딸기(설향),2024-09-01,2025-06-30,79,303,0.2607260726072607,early,"[60, 90)"
13535,PF_0024688,080400,5,2024-11-19,7,0,0,104.0,9.0,,,,17.5,,,7,False,7558,2024년_딸기(설향),2024-09-01,2025-06-30,79,303,0.2607260726072607,early,"[60, 90)"
13566,PF_0024688,080400,6,2024-11-19,7,0,0,96.0,8.0,,,,22.6,,,7,False,7558,2024년_딸기(설향),2024-09-01,2025-06-30,79,303,0.2607260726072607,early,"[60, 90)"
13597,PF_0024688,080400,7,2024-11-19,3,0,0,86.0,8.0,,,,19.4,,,3,False,7558,2024년_딸기(설향),2024-09-01,2025-06-30,79,303,0.2607260726072607,early,"[60, 90)"
13628,PF_0024688,080400,8,2024-11-19,4,0,0,99.0,9.0,,,,25.7,,,4,False,7558,2024년_딸기(설향),2024-09-01,2025-06-30,79,303,0.2607260726072607,early,"[60, 90)"
13657,PF_0024688,080400,9,2024-11-19,5,0,0,94.0,9.0,,,,24.9,,,5,False,7558,2024년_딸기(설향),2024-09-01,2025-06-30,79,303,0.2607260726072607,early,"[60, 90)"
13412,PF_0024688,080400,1,2024-11-26,13,0,0,105.0,7.0,,,,13.8,,,13,False,7558,2024년_딸기(설향),2024-09-01,2025-06-30,86,303,0.2838283828382838,early,"[60, 90)"
13443,PF_0024688,080400,2,2024-11-26,0,0,0,128.0,10.0,,,,13.4,,,0,True,7558,2024년_딸기(설향),2024-09-01,2025-06-30,86,303,0.2838283828382838,early,"[60, 90)"
13474,PF_0024688,080400,3,2024-11-26,8,0,0,106.0,8.0,,,,18.8,,,8,False,7558,2024년_딸기(설향),2024-09-01,2025-06-30,86,303,0.2838283828382838,early,"[60, 90)"
13505,PF_0024688,080400,4,2024-11-26,9,0,0,104.0,10.0,,,,15.4,,,9,False,7558,2024년_딸기(설향),2024-09-01,2025-06-30,86,303,0.2838283828382838,early,"[60, 90)"
13536,PF_0024688,080400,5,2024-11-26,10,0,0,98.0,12.0,,,,22.5,,,10,False,7558,2024년_딸기(설향),2024-09-01,2025-06-30,86,303,0.2838283828382838,early,"[60, 90)"
13567,PF_0024688,080400,6,2024-11-26,8,0,0,120.0,8.0,,,,31.9,,,8,False,7558,2024년_딸기(설향),2024-09-01,2025-06-30,86,303,0.2838283828382838,early,"[60, 90)"
13598,PF_0024688,080400,7,2024-11-26,6,0,0,88.0,8.0,,,,26.5,,,6,False,7558,2024년_딸기(설향),2024-09-01,2025-06-30,86,303,0.2838283828382838,early,"[60, 90)"
13629,PF_0024688,080400,8,2024-11-26,7,0,0,104.0,9.0,,,,32.2,,,7,False,7558,2024년_딸기(설향),2024-09-01,2025-06-30,86,303,0.2838283828382838,early,"[60, 90)"
13658,PF_0024688,080400,9,2024-11-26,7,0,0,102.0,10.0,,,,24.1,,,7,False,7558,2024년_딸기(설향),2024-09-01,2025-06-30,86,303,0.2838283828382838,early,"[60, 90)"
13413,PF_0024688,080400,1,2024-12-02,5,0,0,102.0,7.0,,,,16.0,,,5,False,7558,2024년_딸기(설향),2024-09-01,2025-06-30,92,303,0.30363036303630364,early,"[90, 120)"
13444,PF_0024688,080400,2,2024-12-02,1,0,0,131.0,13.0,,,,31.0,,,1,False,7558,2024년_딸기(설향),2024-09-01,2025-06-30,92,303,0.30363036303630364,early,"[90, 120)"
13475,PF_0024688,080400,3,2024-12-02,8,0,0,92.0,7.0,,,,15.2,,,8,False,7558,2024년_딸기(설향),2024-09-01,2025-06-30,92,303,0.30363036303630364,early,"[90, 120)"
13506,PF_0024688,080400,4,2024-12-02,9,0,0,104.0,8.0,,,,17.1,,,9,False,7558,2024년_딸기(설향),2024-09-01,2025-06-30,92,303,0.30363036303630364,early,"[90, 120)"
13537,PF_0024688,080400,5,2024-12-02,11,0,0,95.0,10.0,,,,21.6,,,11,False,7558,2024년_딸기(설향),2024-09-01,2025-06-30,92,303,0.30363036303630364,early,"[90, 120)"
13568,PF_0024688,080400,6,2024-12-02,8,0,0,119.0,9.0,,,,31.4,,,8,False,7558,2024년_딸기(설향),2024-09-01,2025-06-30,92,303,0.30363036303630364,early,"[90, 120)"
13599,PF_0024688,080400,7,2024-12-02,7,0,0,89.0,8.0,,,,31.0,,,7,False,7558,2024년_딸기(설향),2024-09-01,2025-06-30,92,303,0.30363036303630364,early,"[90, 120)"
13630,PF_0024688,080400,8,2024-12-02,8,0,0,98.0,9.0,,,,26.6,,,8,False,7558,2024년_딸기(설향),2024-09-01,2025-06-30,92,303,0.30363036303630364,early,"[90, 120)"
13659,PF_0024688,080400,9,2024-12-02,7,0,0,103.0,8.0,,,,25.7,,,7,False,7558,2024년_딸기(설향),2024-09-01,2025-06-30,92,303,0.30363036303630364,early,"[90, 120)"
13414,PF_0024688,080400,1,2024-12-09,6,0,0,95.0,7.0,,,,14.9,,,6,False,7558,2024년_딸기(설향),2024-09-01,2025-06-30,99,303,0.32673267326732675,early,"[90, 120)"
13445,PF_0024688,080400,2,2024-12-09,6,0,0,109.0,10.0,,,,31.1,,,6,False,7558,2024년_딸기(설향),2024-09-01,2025-06-30,99,303,0.32673267326732675,early,"[90, 120)"
13476,PF_0024688,080400,3,2024-12-09,6,0,0,100.0,7.0,,,,22.6,,,6,False,7558,2024년_딸기(설향),2024-09-01,2025-06-30,99,303,0.32673267326732675,early,"[90, 120)"
13507,PF_0024688,080400,4,2024-12-09,8,2,0,107.0,9.0,,,,30.3,,,10,False,7558,2024년_딸기(설향),2024-09-01,2025-06-30,99,303,0.32673267326732675,early,"[90, 120)"
13538,PF_0024688,080400,5,2024-12-09,12,0,0,95.0,10.0,,,,26.7,,,12,False,7558,2024년_딸기(설향),2024-09-01,2025-06-30,99,303,0.32673267326732675,early,"[90, 120)"
13569,PF_0024688,080400,6,2024-12-09,6,1,0,96.0,8.0,,,,24.5,,,7,False,7558,2024년_딸기(설향),2024-09-01,2025-06-30,99,303,0.32673267326732675,early,"[90, 120)"
13600,PF_0024688,080400,7,2024-12-09,6,0,0,91.0,7.0,,,,24.4,,,6,False,7558,2024년_딸기(설향),2024-09-01,2025-06-30,99,303,0.32673267326732675,early,"[90, 120)"
13631,PF_0024688,080400,8,2024-12-09,9,0,0,101.0,11.0,,,,32.8,,,9,False,7558,2024년_딸기(설향),2024-09-01,2025-06-30,99,303,0.32673267326732675,early,"[90, 120)"
13660,PF_0024688,080400,9,2024-12-09,7,0,0,105.0,10.0,,,,28.4,,,7,False,7558,2024년_딸기(설향),2024-09-01,2025-06-30,99,303,0.32673267326732675,early,"[90, 120)"
13415,PF_0024688,080400,1,2024-12-16,2,3,0,100.0,7.0,,,,16.4,,,5,False,7558,2024년_딸기(설향),2024-09-01,2025-06-30,106,303,0.34983498349834985,middle,"[90, 120)"
13446,PF_0024688,080400,2,2024-12-16,12,0,0,110.0,13.0,,,,50.2,,,12,False,7558,2024년_딸기(설향),2024-09-01,2025-06-30,106,303,0.34983498349834985,middle,"[90, 120)"
13477,PF_0024688,080400,3,2024-12-16,4,2,0,101.0,8.0,,,,18.1,,,6,False,7558,2024년_딸기(설향),2024-09-01,2025-06-30,106,303,0.34983498349834985,middle,"[90, 120)"
13508,PF_0024688,080400,4,2024-12-16,4,3,0,109.0,10.0,,,,19.8,,,7,False,7558,2024년_딸기(설향),2024-09-01,2025-06-30,106,303,0.34983498349834985,middle,"[90, 120)"
13539,PF_0024688,080400,5,2024-12-16,6,1,0,100.0,13.0,,,,29.4,,,7,False,7558,2024년_딸기(설향),2024-09-01,2025-06-30,106,303,0.34983498349834985,middle,"[90, 120)"
13570,PF_0024688,080400,6,2024-12-16,3,3,0,102.0,10.0,,,,28.8,,,6,False,7558,2024년_딸기(설향),2024-09-01,2025-06-30,106,303,0.34983498349834985,middle,"[90, 120)"
13601,PF_0024688,080400,7,2024-12-16,6,0,0,103.0,10.0,,,,30.7,,,6,False,7558,2024년_딸기(설향),2024-09-01,2025-06-30,106,303,0.34983498349834985,middle,"[90, 120)"
13632,PF_0024688,080400,8,2024-12-16,5,2,0,97.0,12.0,,,,25.1,,,7,False,7558,2024년_딸기(설향),2024-09-01,2025-06-30,106,303,0.34983498349834985,middle,"[90, 120)"
13661,PF_0024688,080400,9,2024-12-16,6,0,0,105.0,12.0,,,,29.5,,,6,False,7558,2024년_딸기(설향),2024-09-01,2025-06-30,106,303,0.34983498349834985,middle,"[90, 120)"
13416,PF_0024688,080400,1,2024-12-23,2,3,0,90.0,8.0,,,,18.0,,,5,False,7558,2024년_딸기(설향),2024-09-01,2025-06-30,113,303,0.37293729372937295,middle,"[90, 120)"
13447,PF_0024688,080400,2,2024-12-23,10,0,0,114.0,11.0,,,,47.8,,,10,False,7558,2024년_딸기(설향),2024-09-01,2025-06-30,113,303,0.37293729372937295,middle,"[90, 120)"
13478,PF_0024688,080400,3,2024-12-23,2,4,0,105.0,9.0,,,,18.1,,,6,False,7558,2024년_딸기(설향),2024-09-01,2025-06-30,113,303,0.37293729372937295,middle,"[90, 120)"
13509,PF_0024688,080400,4,2024-12-23,0,6,0,110.0,15.0,,,,38.9,,,6,False,7558,2024년_딸기(설향),2024-09-01,2025-06-30,113,303,0.37293729372937295,middle,"[90, 120)"
13540,PF_0024688,080400,5,2024-12-23,4,5,0,96.0,16.0,,,,13.3,,,9,False,7558,2024년_딸기(설향),2024-09-01,2025-06-30,113,303,0.37293729372937295,middle,"[90, 120)"
13571,PF_0024688,080400,6,2024-12-23,0,6,0,95.0,12.0,,,,33.2,,,6,False,7558,2024년_딸기(설향),2024-09-01,2025-06-30,113,303,0.37293729372937295,middle,"[90, 120)"
13602,PF_0024688,080400,7,2024-12-23,3,6,0,106.0,10.0,,,,27.6,,,9,False,7558,2024년_딸기(설향),2024-09-01,2025-06-30,113,303,0.37293729372937295,middle,"[90, 120)"
13633,PF_0024688,080400,8,2024-12-23,4,8,0,100.0,13.0,,,,25.9,,,12,False,7558,2024년_딸기(설향),2024-09-01,2025-06-30,113,303,0.37293729372937295,middle,"[90, 120)"
13662,PF_0024688,080400,9,2024-12-23,4,0,0,75.0,11.0,,,,33.3,,,4,False,7558,2024년_딸기(설향),2024-09-01,2025-06-30,113,303,0.37293729372937295,middle,"[90, 120)"
13417,PF_0024688,080400,1,2025-01-01,0,3,0,109.0,7.0,,,,21.8,,,3,False,7558,2024년_딸기(설향),2024-09-01,2025-06-30,122,303,0.40264026402640263,middle,"[120, 150)"
13448,PF_0024688,080400,2,2025-01-01,11,3,0,111.0,16.0,,,,32.9,,,14,False,7558,2024년_딸기(설향),2024-09-01,2025-06-30,122,303,0.40264026402640263,middle,"[120, 150)"
13479,PF_0024688,080400,3,2025-01-01,0,5,0,100.0,9.0,,,,23.5,,,5,False,7558,2024년_딸기(설향),2024-09-01,2025-06-30,122,303,0.40264026402640263,middle,"[120, 150)"
13510,PF_0024688,080400,4,2025-01-01,0,2,0,100.0,13.0,,,,29.3,,,2,False,7558,2024년_딸기(설향),2024-09-01,2025-06-30,122,303,0.40264026402640263,middle,"[120, 150)"
13541,PF_0024688,080400,5,2025-01-01,4,3,5,83.0,19.0,,,,33.6,,,12,False,7558,2024년_딸기(설향),2024-09-01,2025-06-30,122,303,0.40264026402640263,middle,"[120, 150)"
13572,PF_0024688,080400,6,2025-01-01,0,1,0,70.0,12.0,,,,26.9,,,1,False,7558,2024년_딸기(설향),2024-09-01,2025-06-30,122,303,0.40264026402640263,middle,"[120, 150)"
13603,PF_0024688,080400,7,2025-01-01,5,3,0,106.0,11.0,,,,25.2,,,8,False,7558,2024년_딸기(설향),2024-09-01,2025-06-30,122,303,0.40264026402640263,middle,"[120, 150)"
13634,PF_0024688,080400,8,2025-01-01,7,4,0,100.0,10.0,,,,37.5,,,11,False,7558,2024년_딸기(설향),2024-09-01,2025-06-30,122,303,0.40264026402640263,middle,"[120, 150)"
13663,PF_0024688,080400,9,2025-01-01,1,1,3,96.0,14.0,,,,31.4,,,5,False,7558,2024년_딸기(설향),2024-09-01,2025-06-30,122,303,0.40264026402640263,middle,"[120, 150)"
13418,PF_0024688,080400,1,2025-01-07,0,2,0,87.0,6.0,,,,21.4,,,2,False,7558,2024년_딸기(설향),2024-09-01,2025-06-30,128,303,0.42244224422442245,middle,"[120, 150)"
13449,PF_0024688,080400,2,2025-01-07,10,5,2,72.0,15.0,,,,35.9,,,17,False,7558,2024년_딸기(설향),2024-09-01,2025-06-30,128,303,0.42244224422442245,middle,"[120, 150)"
13480,PF_0024688,080400,3,2025-01-07,0,5,0,102.0,8.0,,,,23.0,,,5,False,7558,2024년_딸기(설향),2024-09-01,2025-06-30,128,303,0.42244224422442245,middle,"[120, 150)"
13511,PF_0024688,080400,4,2025-01-07,0,5,0,100.0,15.0,,,,43.9,,,5,False,7558,2024년_딸기(설향),2024-09-01,2025-06-30,128,303,0.42244224422442245,middle,"[120, 150)"
13542,PF_0024688,080400,5,2025-01-07,5,3,3,85.0,19.0,,,,38.2,,,11,False,7558,2024년_딸기(설향),2024-09-01,2025-06-30,128,303,0.42244224422442245,middle,"[120, 150)"
13573,PF_0024688,080400,6,2025-01-07,0,1,0,73.0,12.0,,,,35.6,,,1,False,7558,2024년_딸기(설향),2024-09-01,2025-06-30,128,303,0.42244224422442245,middle,"[120, 150)"
13604,PF_0024688,080400,7,2025-01-07,5,3,0,99.0,12.0,,,,37.5,,,8,False,7558,2024년_딸기(설향),2024-09-01,2025-06-30,128,303,0.42244224422442245,middle,"[120, 150)"
13635,PF_0024688,080400,8,2025-01-07,7,4,1,90.0,12.0,,,,34.5,,,12,False,7558,2024년_딸기(설향),2024-09-01,2025-06-30,128,303,0.42244224422442245,middle,"[120, 150)"
13664,PF_0024688,080400,9,2025-01-07,0,3,5,84.0,15.0,,,,40.9,,,8,False,7558,2024년_딸기(설향),2024-09-01,2025-06-30,128,303,0.42244224422442245,middle,"[120, 150)"
13419,PF_0024688,080400,1,2025-01-14,0,1,2,76.0,7.0,,,,13.8,,,3,False,7558,2024년_딸기(설향),2024-09-01,2025-06-30,135,303,0.44554455445544555,middle,"[120, 150)"
13450,PF_0024688,080400,2,2025-01-14,9,0,5,101.0,15.0,,,,51.9,,,14,False,7558,2024년_딸기(설향),2024-09-01,2025-06-30,135,303,0.44554455445544555,middle,"[120, 150)"
13481,PF_0024688,080400,3,2025-01-14,0,4,0,98.0,9.0,,,,24.5,,,4,False,7558,2024년_딸기(설향),2024-09-01,2025-06-30,135,303,0.44554455445544555,middle,"[120, 150)"
13512,PF_0024688,080400,4,2025-01-14,0,4,4,107.0,13.0,,,,16.7,,,8,False,7558,2024년_딸기(설향),2024-09-01,2025-06-30,135,303,0.44554455445544555,middle,"[120, 150)"
13543,PF_0024688,080400,5,2025-01-14,3,3,5,83.0,18.0,,,,34.1,,,11,False,7558,2024년_딸기(설향),2024-09-01,2025-06-30,135,303,0.44554455445544555,middle,"[120, 150)"
13574,PF_0024688,080400,6,2025-01-14,0,5,0,78.0,7.0,,,,16.2,,,5,False,7558,2024년_딸기(설향),2024-09-01,2025-06-30,135,303,0.44554455445544555,middle,"[120, 150)"
13605,PF_0024688,080400,7,2025-01-14,5,3,0,103.0,10.0,,,,23.8,,,8,False,7558,2024년_딸기(설향),2024-09-01,2025-06-30,135,303,0.44554455445544555,middle,"[120, 150)"
13636,PF_0024688,080400,8,2025-01-14,0,7,3,90.0,12.0,,,,34.3,,,10,False,7558,2024년_딸기(설향),2024-09-01,2025-06-30,135,303,0.44554455445544555,middle,"[120, 150)"
13665,PF_0024688,080400,9,2025-01-14,0,0,6,85.0,8.0,,,,12.5,,,6,False,7558,2024년_딸기(설향),2024-09-01,2025-06-30,135,303,0.44554455445544555,middle,"[120, 150)"
13420,PF_0024688,080400,1,2025-01-22,0,0,5,78.0,7.0,,,,26.4,,,5,False,7558,2024년_딸기(설향),2024-09-01,2025-06-30,143,303,0.47194719471947194,middle,"[120, 150)"
13451,PF_0024688,080400,2,2025-01-22,0,0,3,75.0,5.0,,,,12.9,,,3,False,7558,2024년_딸기(설향),2024-09-01,2025-06-30,143,303,0.47194719471947194,middle,"[120, 150)"
13482,PF_0024688,080400,3,2025-01-22,0,3,2,100.0,10.0,,,,23.8,,,5,False,7558,2024년_딸기(설향),2024-09-01,2025-06-30,143,303,0.47194719471947194,middle,"[120, 150)"
13513,PF_0024688,080400,4,2025-01-22,0,3,1,76.0,16.0,,,,22.6,,,4,False,7558,2024년_딸기(설향),2024-09-01,2025-06-30,143,303,0.47194719471947194,middle,"[120, 150)"
13544,PF_0024688,080400,5,2025-01-22,3,3,6,81.0,23.0,,,,28.9,,,12,False,7558,2024년_딸기(설향),2024-09-01,2025-06-30,143,303,0.47194719471947194,middle,"[120, 150)"
13575,PF_0024688,080400,6,2025-01-22,0,3,1,87.0,13.0,,,,29.8,,,4,False,7558,2024년_딸기(설향),2024-09-01,2025-06-30,143,303,0.47194719471947194,middle,"[120, 150)"
13606,PF_0024688,080400,7,2025-01-22,5,3,3,97.0,12.0,,,,23.3,,,11,False,7558,2024년_딸기(설향),2024-09-01,2025-06-30,143,303,0.47194719471947194,middle,"[120, 150)"
13637,PF_0024688,080400,8,2025-01-22,0,8,5,87.0,10.0,,,,33.9,,,13,False,7558,2024년_딸기(설향),2024-09-01,2025-06-30,143,303,0.47194719471947194,middle,"[120, 150)"
13666,PF_0024688,080400,9,2025-01-22,0,0,5,96.0,13.0,,,,43.8,,,5,False,7558,2024년_딸기(설향),2024-09-01,2025-06-30,143,303,0.47194719471947194,middle,"[120, 150)"
13421,PF_0024688,080400,1,2025-02-04,0,0,11,99.0,7.0,,,,14.9,,,11,False,7558,2024년_딸기(설향),2024-09-01,2025-06-30,156,303,0.5148514851485149,middle,"[150, 180)"
13452,PF_0024688,080400,2,2025-02-04,0,0,3,79.0,7.0,,,,26.2,,,3,False,7558,2024년_딸기(설향),2024-09-01,2025-06-30,156,303,0.5148514851485149,middle,"[150, 180)"
13483,PF_0024688,080400,3,2025-02-04,0,0,4,83.0,9.0,,,,23.4,,,4,False,7558,2024년_딸기(설향),2024-09-01,2025-06-30,156,303,0.5148514851485149,middle,"[150, 180)"
13514,PF_0024688,080400,4,2025-02-04,0,0,5,108.0,10.0,,,,23.7,,,5,False,7558,2024년_딸기(설향),2024-09-01,2025-06-30,156,303,0.5148514851485149,middle,"[150, 180)"
13545,PF_0024688,080400,5,2025-02-04,0,2,3,91.0,9.0,,,,22.7,,,5,False,7558,2024년_딸기(설향),2024-09-01,2025-06-30,156,303,0.5148514851485149,middle,"[150, 180)"
13576,PF_0024688,080400,6,2025-02-04,0,0,9,80.0,8.0,,,,20.2,,,9,False,7558,2024년_딸기(설향),2024-09-01,2025-06-30,156,303,0.5148514851485149,middle,"[150, 180)"
13607,PF_0024688,080400,7,2025-02-04,0,0,0,103.0,11.0,,,,18.9,,,0,True,7558,2024년_딸기(설향),2024-09-01,2025-06-30,156,303,0.5148514851485149,middle,"[150, 180)"
13638,PF_0024688,080400,8,2025-02-04,0,0,5,81.0,13.0,,,,26.0,,,5,False,7558,2024년_딸기(설향),2024-09-01,2025-06-30,156,303,0.5148514851485149,middle,"[150, 180)"
13667,PF_0024688,080400,9,2025-02-04,0,0,0,100.0,9.0,,,,28.2,,,0,True,7558,2024년_딸기(설향),2024-09-01,2025-06-30,156,303,0.5148514851485149,middle,"[150, 180)"
13422,PF_0024688,080400,1,2025-02-11,0,0,3,87.0,9.0,,,,17.3,,,3,False,7558,2024년_딸기(설향),2024-09-01,2025-06-30,163,303,0.5379537953795379,middle,"[150, 180)"
13453,PF_0024688,080400,2,2025-02-11,0,0,0,80.0,8.0,,,,22.2,,,0,True,7558,2024년_딸기(설향),2024-09-01,2025-06-30,163,303,0.5379537953795379,middle,"[150, 180)"
13484,PF_0024688,080400,3,2025-02-11,0,0,4,86.0,6.0,,,,24.9,,,4,False,7558,2024년_딸기(설향),2024-09-01,2025-06-30,163,303,0.5379537953795379,middle,"[150, 180)"
13515,PF_0024688,080400,4,2025-02-11,0,0,8,74.0,12.0,,,,23.7,,,8,False,7558,2024년_딸기(설향),2024-09-01,2025-06-30,163,303,0.5379537953795379,middle,"[150, 180)"
13546,PF_0024688,080400,5,2025-02-11,0,3,4,91.0,13.0,,,,26.3,,,7,False,7558,2024년_딸기(설향),2024-09-01,2025-06-30,163,303,0.5379537953795379,middle,"[150, 180)"
13577,PF_0024688,080400,6,2025-02-11,0,0,9,80.0,13.0,,,,19.9,,,9,False,7558,2024년_딸기(설향),2024-09-01,2025-06-30,163,303,0.5379537953795379,middle,"[150, 180)"
13608,PF_0024688,080400,7,2025-02-11,0,0,0,82.0,8.0,,,,22.7,,,0,True,7558,2024년_딸기(설향),2024-09-01,2025-06-30,163,303,0.5379537953795379,middle,"[150, 180)"
13639,PF_0024688,080400,8,2025-02-11,0,0,5,83.0,4.0,,,,21.6,,,5,False,7558,2024년_딸기(설향),2024-09-01,2025-06-30,163,303,0.5379537953795379,middle,"[150, 180)"
13668,PF_0024688,080400,9,2025-02-11,0,0,0,89.0,10.0,,,,31.1,,,0,True,7558,2024년_딸기(설향),2024-09-01,2025-06-30,163,303,0.5379537953795379,middle,"[150, 180)"
13423,PF_0024688,080400,1,2025-02-19,0,0,3,88.0,9.0,,,,15.3,,,3,False,7558,2024년_딸기(설향),2024-09-01,2025-06-30,171,303,0.5643564356435643,middle,"[150, 180)"
13454,PF_0024688,080400,2,2025-02-19,0,0,0,73.0,6.0,,,,12.2,,,0,True,7558,2024년_딸기(설향),2024-09-01,2025-06-30,171,303,0.5643564356435643,middle,"[150, 180)"
13485,PF_0024688,080400,3,2025-02-19,0,0,4,92.0,8.0,,,,20.2,,,4,False,7558,2024년_딸기(설향),2024-09-01,2025-06-30,171,303,0.5643564356435643,middle,"[150, 180)"
13516,PF_0024688,080400,4,2025-02-19,0,0,11,78.0,9.0,,,,16.0,,,11,False,7558,2024년_딸기(설향),2024-09-01,2025-06-30,171,303,0.5643564356435643,middle,"[150, 180)"
13547,PF_0024688,080400,5,2025-02-19,0,0,4,98.0,16.0,,,,41.6,,,4,False,7558,2024년_딸기(설향),2024-09-01,2025-06-30,171,303,0.5643564356435643,middle,"[150, 180)"
13578,PF_0024688,080400,6,2025-02-19,0,0,4,72.0,7.0,,,,17.7,,,4,False,7558,2024년_딸기(설향),2024-09-01,2025-06-30,171,303,0.5643564356435643,middle,"[150, 180)"
13609,PF_0024688,080400,7,2025-02-19,0,0,0,101.0,8.0,,,,25.2,,,0,True,7558,2024년_딸기(설향),2024-09-01,2025-06-30,171,303,0.5643564356435643,middle,"[150, 180)"
13640,PF_0024688,080400,8,2025-02-19,0,0,5,89.0,4.0,,,,12.3,,,5,False,7558,2024년_딸기(설향),2024-09-01,2025-06-30,171,303,0.5643564356435643,middle,"[150, 180)"
13669,PF_0024688,080400,9,2025-02-19,0,0,0,78.0,11.0,,,,20.3,,,0,True,7558,2024년_딸기(설향),2024-09-01,2025-06-30,171,303,0.5643564356435643,middle,"[150, 180)"
13424,PF_0024688,080400,1,2025-02-28,0,0,0,98.0,5.0,,,,18.5,,,0,True,7558,2024년_딸기(설향),2024-09-01,2025-06-30,180,303,0.594059405940594,middle,"[180, 210)"
13455,PF_0024688,080400,2,2025-02-28,0,0,0,92.0,14.0,,,,23.8,,,0,True,7558,2024년_딸기(설향),2024-09-01,2025-06-30,180,303,0.594059405940594,middle,"[180, 210)"
13486,PF_0024688,080400,3,2025-02-28,0,0,0,98.0,9.0,,,,16.0,,,0,True,7558,2024년_딸기(설향),2024-09-01,2025-06-30,180,303,0.594059405940594,middle,"[180, 210)"
13517,PF_0024688,080400,4,2025-02-28,0,0,9,99.0,7.0,,,,29.5,,,9,False,7558,2024년_딸기(설향),2024-09-01,2025-06-30,180,303,0.594059405940594,middle,"[180, 210)"
13548,PF_0024688,080400,5,2025-02-28,0,0,0,78.0,6.0,,,,12.4,,,0,True,7558,2024년_딸기(설향),2024-09-01,2025-06-30,180,303,0.594059405940594,middle,"[180, 210)"
13579,PF_0024688,080400,6,2025-02-28,0,0,2,74.0,10.0,,,,29.0,,,2,False,7558,2024년_딸기(설향),2024-09-01,2025-06-30,180,303,0.594059405940594,middle,"[180, 210)"
13610,PF_0024688,080400,7,2025-02-28,0,0,0,115.0,10.0,,,,21.4,,,0,True,7558,2024년_딸기(설향),2024-09-01,2025-06-30,180,303,0.594059405940594,middle,"[180, 210)"
13641,PF_0024688,080400,8,2025-02-28,0,0,0,60.0,6.0,,,,25.6,,,0,True,7558,2024년_딸기(설향),2024-09-01,2025-06-30,180,303,0.594059405940594,middle,"[180, 210)"
13670,PF_0024688,080400,9,2025-02-28,0,0,0,81.0,12.0,,,,28.7,,,0,True,7558,2024년_딸기(설향),2024-09-01,2025-06-30,180,303,0.594059405940594,middle,"[180, 210)"
13425,PF_0024688,080400,1,2025-03-08,30,0,0,100.0,6.0,,,,18.8,,,30,False,7558,2024년_딸기(설향),2024-09-01,2025-06-30,188,303,0.6204620462046204,middle,"[180, 210)"
13456,PF_0024688,080400,2,2025-03-08,0,0,0,93.0,13.0,,,,22.7,,,0,True,7558,2024년_딸기(설향),2024-09-01,2025-06-30,188,303,0.6204620462046204,middle,"[180, 210)"
13487,PF_0024688,080400,3,2025-03-08,0,0,0,97.0,9.0,,,,16.2,,,0,True,7558,2024년_딸기(설향),2024-09-01,2025-06-30,188,303,0.6204620462046204,middle,"[180, 210)"
13518,PF_0024688,080400,4,2025-03-08,0,0,4,98.0,7.0,,,,29.4,,,4,False,7558,2024년_딸기(설향),2024-09-01,2025-06-30,188,303,0.6204620462046204,middle,"[180, 210)"
13549,PF_0024688,080400,5,2025-03-08,0,0,0,77.0,7.0,,,,12.8,,,0,True,7558,2024년_딸기(설향),2024-09-01,2025-06-30,188,303,0.6204620462046204,middle,"[180, 210)"
13580,PF_0024688,080400,6,2025-03-08,0,0,0,76.0,11.0,,,,29.5,,,0,True,7558,2024년_딸기(설향),2024-09-01,2025-06-30,188,303,0.6204620462046204,middle,"[180, 210)"
13611,PF_0024688,080400,7,2025-03-08,0,0,0,116.0,10.0,,,,21.7,,,0,True,7558,2024년_딸기(설향),2024-09-01,2025-06-30,188,303,0.6204620462046204,middle,"[180, 210)"
13642,PF_0024688,080400,8,2025-03-08,0,0,0,62.0,7.0,,,,25.9,,,0,True,7558,2024년_딸기(설향),2024-09-01,2025-06-30,188,303,0.6204620462046204,middle,"[180, 210)"
13671,PF_0024688,080400,9,2025-03-08,0,0,0,84.0,11.0,,,,28.0,,,0,True,7558,2024년_딸기(설향),2024-09-01,2025-06-30,188,303,0.6204620462046204,middle,"[180, 210)"
13426,PF_0024688,080400,1,2025-03-14,0,0,0,100.0,7.0,,,,19.1,,,0,True,7558,2024년_딸기(설향),2024-09-01,2025-06-30,194,303,0.6402640264026402,middle,"[180, 210)"
13457,PF_0024688,080400,2,2025-03-14,0,0,0,101.0,12.0,,,,23.2,,,0,True,7558,2024년_딸기(설향),2024-09-01,2025-06-30,194,303,0.6402640264026402,middle,"[180, 210)"
13488,PF_0024688,080400,3,2025-03-14,0,0,0,56.0,10.0,,,,16.4,,,0,True,7558,2024년_딸기(설향),2024-09-01,2025-06-30,194,303,0.6402640264026402,middle,"[180, 210)"
13519,PF_0024688,080400,4,2025-03-14,0,0,3,90.0,8.0,,,,29.7,,,3,False,7558,2024년_딸기(설향),2024-09-01,2025-06-30,194,303,0.6402640264026402,middle,"[180, 210)"
13550,PF_0024688,080400,5,2025-03-14,0,0,0,96.0,9.0,,,,13.5,,,0,True,7558,2024년_딸기(설향),2024-09-01,2025-06-30,194,303,0.6402640264026402,middle,"[180, 210)"
13581,PF_0024688,080400,6,2025-03-14,0,0,0,95.0,10.0,,,,30.2,,,0,True,7558,2024년_딸기(설향),2024-09-01,2025-06-30,194,303,0.6402640264026402,middle,"[180, 210)"
13612,PF_0024688,080400,7,2025-03-14,0,0,0,104.0,10.0,,,,22.4,,,0,True,7558,2024년_딸기(설향),2024-09-01,2025-06-30,194,303,0.6402640264026402,middle,"[180, 210)"
13643,PF_0024688,080400,8,2025-03-14,0,0,0,100.0,8.0,,,,26.4,,,0,True,7558,2024년_딸기(설향),2024-09-01,2025-06-30,194,303,0.6402640264026402,middle,"[180, 210)"
13672,PF_0024688,080400,9,2025-03-14,0,0,0,75.0,10.0,,,,28.3,,,0,True,7558,2024년_딸기(설향),2024-09-01,2025-06-30,194,303,0.6402640264026402,middle,"[180, 210)"
13427,PF_0024688,080400,1,2025-03-20,0,0,0,103.0,7.0,,,,19.7,,,0,True,7558,2024년_딸기(설향),2024-09-01,2025-06-30,200,303,0.6600660066006601,middle,"[180, 210)"
13458,PF_0024688,080400,2,2025-03-20,0,0,0,102.0,13.0,,,,23.4,,,0,True,7558,2024년_딸기(설향),2024-09-01,2025-06-30,200,303,0.6600660066006601,middle,"[180, 210)"
13489,PF_0024688,080400,3,2025-03-20,0,0,0,57.0,10.0,,,,16.5,,,0,True,7558,2024년_딸기(설향),2024-09-01,2025-06-30,200,303,0.6600660066006601,middle,"[180, 210)"
13520,PF_0024688,080400,4,2025-03-20,0,0,0,88.0,10.0,,,,30.3,,,0,True,7558,2024년_딸기(설향),2024-09-01,2025-06-30,200,303,0.6600660066006601,middle,"[180, 210)"
13551,PF_0024688,080400,5,2025-03-20,0,0,0,94.0,11.0,,,,14.4,,,0,True,7558,2024년_딸기(설향),2024-09-01,2025-06-30,200,303,0.6600660066006601,middle,"[180, 210)"
13582,PF_0024688,080400,6,2025-03-20,0,0,0,93.0,12.0,,,,30.3,,,0,True,7558,2024년_딸기(설향),2024-09-01,2025-06-30,200,303,0.6600660066006601,middle,"[180, 210)"
13613,PF_0024688,080400,7,2025-03-20,0,0,0,101.0,10.0,,,,22.8,,,0,True,7558,2024년_딸기(설향),2024-09-01,2025-06-30,200,303,0.6600660066006601,middle,"[180, 210)"
13644,PF_0024688,080400,8,2025-03-20,0,0,0,99.0,7.0,,,,26.7,,,0,True,7558,2024년_딸기(설향),2024-09-01,2025-06-30,200,303,0.6600660066006601,middle,"[180, 210)"
13673,PF_0024688,080400,9,2025-03-20,0,0,0,77.0,11.0,,,,28.6,,,0,True,7558,2024년_딸기(설향),2024-09-01,2025-06-30,200,303,0.6600660066006601,middle,"[180, 210)"
13428,PF_0024688,080400,1,2025-03-28,0,0,0,105.0,8.0,,,,19.9,,,0,True,7558,2024년_딸기(설향),2024-09-01,2025-06-30,208,303,0.6864686468646864,late,"[180, 210)"
13459,PF_0024688,080400,2,2025-03-28,0,0,0,104.0,12.0,,,,23.6,,,0,True,7558,2024년_딸기(설향),2024-09-01,2025-06-30,208,303,0.6864686468646864,late,"[180, 210)"
13490,PF_0024688,080400,3,2025-03-28,0,0,0,58.0,11.0,,,,16.7,,,0,True,7558,2024년_딸기(설향),2024-09-01,2025-06-30,208,303,0.6864686468646864,late,"[180, 210)"
13521,PF_0024688,080400,4,2025-03-28,0,0,0,90.0,11.0,,,,30.6,,,0,True,7558,2024년_딸기(설향),2024-09-01,2025-06-30,208,303,0.6864686468646864,late,"[180, 210)"
13552,PF_0024688,080400,5,2025-03-28,0,0,0,96.0,12.0,,,,14.8,,,0,True,7558,2024년_딸기(설향),2024-09-01,2025-06-30,208,303,0.6864686468646864,late,"[180, 210)"
13583,PF_0024688,080400,6,2025-03-28,0,0,0,94.0,11.0,,,,30.7,,,0,True,7558,2024년_딸기(설향),2024-09-01,2025-06-30,208,303,0.6864686468646864,late,"[180, 210)"
13614,PF_0024688,080400,7,2025-03-28,0,0,0,102.0,11.0,,,,23.2,,,0,True,7558,2024년_딸기(설향),2024-09-01,2025-06-30,208,303,0.6864686468646864,late,"[180, 210)"
13645,PF_0024688,080400,8,2025-03-28,0,0,0,101.0,8.0,,,,27.0,,,0,True,7558,2024년_딸기(설향),2024-09-01,2025-06-30,208,303,0.6864686468646864,late,"[180, 210)"
13674,PF_0024688,080400,9,2025-03-28,0,0,0,79.0,10.0,,,,29.1,,,0,True,7558,2024년_딸기(설향),2024-09-01,2025-06-30,208,303,0.6864686468646864,late,"[180, 210)"
13429,PF_0024688,080400,1,2025-04-04,0,0,0,106.0,9.0,,,,20.1,,,0,True,7558,2024년_딸기(설향),2024-09-01,2025-06-30,215,303,0.7095709570957096,late,"[210, 240)"
13460,PF_0024688,080400,2,2025-04-04,0,0,0,106.0,12.0,,,,23.7,,,0,True,7558,2024년_딸기(설향),2024-09-01,2025-06-30,215,303,0.7095709570957096,late,"[210, 240)"
13491,PF_0024688,080400,3,2025-04-04,0,0,0,59.0,12.0,,,,16.8,,,0,True,7558,2024년_딸기(설향),2024-09-01,2025-06-30,215,303,0.7095709570957096,late,"[210, 240)"
13522,PF_0024688,080400,4,2025-04-04,0,0,0,90.0,11.0,,,,30.7,,,0,True,7558,2024년_딸기(설향),2024-09-01,2025-06-30,215,303,0.7095709570957096,late,"[210, 240)"
13553,PF_0024688,080400,5,2025-04-04,0,0,0,97.0,12.0,,,,14.9,,,0,True,7558,2024년_딸기(설향),2024-09-01,2025-06-30,215,303,0.7095709570957096,late,"[210, 240)"
13584,PF_0024688,080400,6,2025-04-04,0,0,0,95.0,13.0,,,,30.9,,,0,True,7558,2024년_딸기(설향),2024-09-01,2025-06-30,215,303,0.7095709570957096,late,"[210, 240)"
13615,PF_0024688,080400,7,2025-04-04,0,0,0,103.0,11.0,,,,23.4,,,0,True,7558,2024년_딸기(설향),2024-09-01,2025-06-30,215,303,0.7095709570957096,late,"[210, 240)"
13646,PF_0024688,080400,8,2025-04-04,0,0,0,103.0,9.0,,,,27.2,,,0,True,7558,2024년_딸기(설향),2024-09-01,2025-06-30,215,303,0.7095709570957096,late,"[210, 240)"
13675,PF_0024688,080400,9,2025-04-04,0,0,0,80.0,11.0,,,,29.2,,,0,True,7558,2024년_딸기(설향),2024-09-01,2025-06-30,215,303,0.7095709570957096,late,"[210, 240)"
13430,PF_0024688,080400,1,2025-04-10,0,0,0,104.0,9.0,,,,19.8,,,0,True,7558,2024년_딸기(설향),2024-09-01,2025-06-30,221,303,0.7293729372937293,late,"[210, 240)"
13461,PF_0024688,080400,2,2025-04-10,0,0,0,105.0,12.0,,,,23.9,,,0,True,7558,2024년_딸기(설향),2024-09-01,2025-06-30,221,303,0.7293729372937293,late,"[210, 240)"
13492,PF_0024688,080400,3,2025-04-10,0,0,0,61.0,12.0,,,,16.7,,,0,True,7558,2024년_딸기(설향),2024-09-01,2025-06-30,221,303,0.7293729372937293,late,"[210, 240)"
13523,PF_0024688,080400,4,2025-04-10,0,0,0,88.0,11.0,,,,30.8,,,0,True,7558,2024년_딸기(설향),2024-09-01,2025-06-30,221,303,0.7293729372937293,late,"[210, 240)"
13554,PF_0024688,080400,5,2025-04-10,0,0,0,98.0,12.0,,,,15.0,,,0,True,7558,2024년_딸기(설향),2024-09-01,2025-06-30,221,303,0.7293729372937293,late,"[210, 240)"
13585,PF_0024688,080400,6,2025-04-10,0,0,0,97.0,13.0,,,,31.0,,,0,True,7558,2024년_딸기(설향),2024-09-01,2025-06-30,221,303,0.7293729372937293,late,"[210, 240)"
13616,PF_0024688,080400,7,2025-04-10,0,0,0,105.0,11.0,,,,23.3,,,0,True,7558,2024년_딸기(설향),2024-09-01,2025-06-30,221,303,0.7293729372937293,late,"[210, 240)"
13647,PF_0024688,080400,8,2025-04-10,0,0,0,104.0,9.0,,,,27.4,,,0,True,7558,2024년_딸기(설향),2024-09-01,2025-06-30,221,303,0.7293729372937293,late,"[210, 240)"
13676,PF_0024688,080400,9,2025-04-10,0,0,0,78.0,11.0,,,,29.1,,,0,True,7558,2024년_딸기(설향),2024-09-01,2025-06-30,221,303,0.7293729372937293,late,"[210, 240)"
13431,PF_0024688,080400,1,2025-04-19,0,0,0,98.0,10.0,,,,19.5,,,0,True,7558,2024년_딸기(설향),2024-09-01,2025-06-30,230,303,0.759075907590759,late,"[210, 240)"
13462,PF_0024688,080400,2,2025-04-19,0,0,0,100.0,11.0,,,,23.7,,,0,True,7558,2024년_딸기(설향),2024-09-01,2025-06-30,230,303,0.759075907590759,late,"[210, 240)"
13493,PF_0024688,080400,3,2025-04-19,0,0,0,58.0,11.0,,,,16.6,,,0,True,7558,2024년_딸기(설향),2024-09-01,2025-06-30,230,303,0.759075907590759,late,"[210, 240)"
13524,PF_0024688,080400,4,2025-04-19,0,0,0,82.0,12.0,,,,30.6,,,0,True,7558,2024년_딸기(설향),2024-09-01,2025-06-30,230,303,0.759075907590759,late,"[210, 240)"
13555,PF_0024688,080400,5,2025-04-19,0,0,0,92.0,12.0,,,,14.6,,,0,True,7558,2024년_딸기(설향),2024-09-01,2025-06-30,230,303,0.759075907590759,late,"[210, 240)"
13586,PF_0024688,080400,6,2025-04-19,0,0,0,96.0,12.0,,,,30.8,,,0,True,7558,2024년_딸기(설향),2024-09-01,2025-06-30,230,303,0.759075907590759,late,"[210, 240)"
13617,PF_0024688,080400,7,2025-04-19,0,0,0,102.0,12.0,,,,23.0,,,0,True,7558,2024년_딸기(설향),2024-09-01,2025-06-30,230,303,0.759075907590759,late,"[210, 240)"
13648,PF_0024688,080400,8,2025-04-19,0,0,0,100.0,10.0,,,,27.0,,,0,True,7558,2024년_딸기(설향),2024-09-01,2025-06-30,230,303,0.759075907590759,late,"[210, 240)"
13677,PF_0024688,080400,9,2025-04-19,0,0,0,73.0,12.0,,,,28.5,,,0,True,7558,2024년_딸기(설향),2024-09-01,2025-06-30,230,303,0.759075907590759,late,"[210, 240)"
13432,PF_0024688,080400,1,2025-04-26,0,0,0,149.0,9.0,,,,18.2,,,0,True,7558,2024년_딸기(설향),2024-09-01,2025-06-30,237,303,0.7821782178217822,late,"[210, 240)"
13463,PF_0024688,080400,2,2025-04-26,0,0,0,100.0,10.0,,,,22.1,,,0,True,7558,2024년_딸기(설향),2024-09-01,2025-06-30,237,303,0.7821782178217822,late,"[210, 240)"
13494,PF_0024688,080400,3,2025-04-26,0,0,0,84.0,10.0,,,,14.1,,,0,True,7558,2024년_딸기(설향),2024-09-01,2025-06-30,237,303,0.7821782178217822,late,"[210, 240)"
13525,PF_0024688,080400,4,2025-04-26,0,0,0,127.0,11.0,,,,28.4,,,0,True,7558,2024년_딸기(설향),2024-09-01,2025-06-30,237,303,0.7821782178217822,late,"[210, 240)"
13556,PF_0024688,080400,5,2025-04-26,0,0,0,100.0,12.0,,,,15.6,,,0,True,7558,2024년_딸기(설향),2024-09-01,2025-06-30,237,303,0.7821782178217822,late,"[210, 240)"
13587,PF_0024688,080400,6,2025-04-26,0,0,0,82.0,11.0,,,,28.9,,,0,True,7558,2024년_딸기(설향),2024-09-01,2025-06-30,237,303,0.7821782178217822,late,"[210, 240)"
13618,PF_0024688,080400,7,2025-04-26,0,0,0,138.0,10.0,,,,21.5,,,0,True,7558,2024년_딸기(설향),2024-09-01,2025-06-30,237,303,0.7821782178217822,late,"[210, 240)"
13649,PF_0024688,080400,8,2025-04-26,0,0,0,100.0,9.0,,,,25.8,,,0,True,7558,2024년_딸기(설향),2024-09-01,2025-06-30,237,303,0.7821782178217822,late,"[210, 240)"
13678,PF_0024688,080400,9,2025-04-26,0,0,0,76.0,10.0,,,,26.7,,,0,True,7558,2024년_딸기(설향),2024-09-01,2025-06-30,237,303,0.7821782178217822,late,"[210, 240)"
13433,PF_0024688,080400,1,2025-04-30,0,0,0,102.0,9.0,,,,16.9,,,0,True,7558,2024년_딸기(설향),2024-09-01,2025-06-30,241,303,0.7953795379537953,late,"[240, 270)"
13464,PF_0024688,080400,2,2025-04-30,0,0,0,96.0,9.0,,,,21.5,,,0,True,7558,2024년_딸기(설향),2024-09-01,2025-06-30,241,303,0.7953795379537953,late,"[240, 270)"
13495,PF_0024688,080400,3,2025-04-30,0,0,0,98.0,10.0,,,,14.6,,,0,True,7558,2024년_딸기(설향),2024-09-01,2025-06-30,241,303,0.7953795379537953,late,"[240, 270)"
13526,PF_0024688,080400,4,2025-04-30,0,0,0,100.0,10.0,,,,27.8,,,0,True,7558,2024년_딸기(설향),2024-09-01,2025-06-30,241,303,0.7953795379537953,late,"[240, 270)"
13557,PF_0024688,080400,5,2025-04-30,0,0,0,96.0,12.0,,,,16.2,,,0,True,7558,2024년_딸기(설향),2024-09-01,2025-06-30,241,303,0.7953795379537953,late,"[240, 270)"
13588,PF_0024688,080400,6,2025-04-30,0,0,0,83.0,11.0,,,,30.1,,,0,True,7558,2024년_딸기(설향),2024-09-01,2025-06-30,241,303,0.7953795379537953,late,"[240, 270)"
13619,PF_0024688,080400,7,2025-04-30,0,0,0,110.0,9.0,,,,19.7,,,0,True,7558,2024년_딸기(설향),2024-09-01,2025-06-30,241,303,0.7953795379537953,late,"[240, 270)"
13679,PF_0024688,080400,9,2025-04-30,0,0,0,108.0,9.0,,,,25.6,,,0,True,7558,2024년_딸기(설향),2024-09-01,2025-06-30,241,303,0.7953795379537953,late,"[240, 270)"
13434,PF_0024688,080400,1,2025-05-21,0,0,0,100.0,8.0,,,,18.5,,,0,True,7558,2024년_딸기(설향),2024-09-01,2025-06-30,262,303,0.8646864686468647,late,"[240, 270)"
13465,PF_0024688,080400,2,2025-05-21,0,0,0,75.0,15.0,,,,15.4,,,0,True,7558,2024년_딸기(설향),2024-09-01,2025-06-30,262,303,0.8646864686468647,late,"[240, 270)"
13496,PF_0024688,080400,3,2025-05-21,0,0,0,87.0,5.0,,,,13.5,,,0,True,7558,2024년_딸기(설향),2024-09-01,2025-06-30,262,303,0.8646864686468647,late,"[240, 270)"
13527,PF_0024688,080400,4,2025-05-21,0,0,0,117.0,12.0,,,,31.6,,,0,True,7558,2024년_딸기(설향),2024-09-01,2025-06-30,262,303,0.8646864686468647,late,"[240, 270)"
13558,PF_0024688,080400,5,2025-05-21,0,0,0,84.0,10.0,,,,13.3,,,0,True,7558,2024년_딸기(설향),2024-09-01,2025-06-30,262,303,0.8646864686468647,late,"[240, 270)"
13589,PF_0024688,080400,6,2025-05-21,0,0,0,83.0,10.0,,,,14.0,,,0,True,7558,2024년_딸기(설향),2024-09-01,2025-06-30,262,303,0.8646864686468647,late,"[240, 270)"
13620,PF_0024688,080400,7,2025-05-21,0,0,0,80.0,13.0,,,,15.7,,,0,True,7558,2024년_딸기(설향),2024-09-01,2025-06-30,262,303,0.8646864686468647,late,"[240, 270)"
13680,PF_0024688,080400,9,2025-05-21,0,0,0,74.0,9.0,,,,10.9,,,0,True,7558,2024년_딸기(설향),2024-09-01,2025-06-30,262,303,0.8646864686468647,late,"[240, 270)"
30122,PF_0024688,080400,1,2026-03-19,0,0,0,100.0,7.0,,,,16.8,,,0,True,9042,2025년_딸기(설향),2025-09-14,2026-05-31,186,260,0.7153846153846154,late,"[180, 210)"
30156,PF_0024688,080400,2,2026-03-19,0,0,0,72.0,8.0,,,,16.6,,,0,True,9042,2025년_딸기(설향),2025-09-14,2026-05-31,186,260,0.7153846153846154,late,"[180, 210)"
30190,PF_0024688,080400,3,2026-03-19,0,0,0,65.0,5.0,,,,13.3,,,0,True,9042,2025년_딸기(설향),2025-09-14,2026-05-31,186,260,0.7153846153846154,late,"[180, 210)"
30219,PF_0024688,080400,4,2026-03-19,0,0,0,116.0,6.0,,,,15.2,,,0,True,9042,2025년_딸기(설향),2025-09-14,2026-05-31,186,260,0.7153846153846154,late,"[180, 210)"
30251,PF_0024688,080400,5,2026-03-19,0,0,3,67.0,9.0,,,,14.8,,,3,False,9042,2025년_딸기(설향),2025-09-14,2026-05-31,186,260,0.7153846153846154,late,"[180, 210)"
30283,PF_0024688,080400,6,2026-03-19,0,0,0,97.0,9.0,,,,15.0,,,0,True,9042,2025년_딸기(설향),2025-09-14,2026-05-31,186,260,0.7153846153846154,late,"[180, 210)"
30315,PF_0024688,080400,7,2026-03-19,0,0,0,110.0,8.0,,,,18.0,,,0,True,9042,2025년_딸기(설향),2025-09-14,2026-05-31,186,260,0.7153846153846154,late,"[180, 210)"
30349,PF_0024688,080400,8,2026-03-19,0,0,0,121.0,20.0,,,,20.2,,,0,True,9042,2025년_딸기(설향),2025-09-14,2026-05-31,186,260,0.7153846153846154,late,"[180, 210)"
30383,PF_0024688,080400,9,2026-03-19,0,0,0,105.0,16.0,,,,22.0,,,0,True,9042,2025년_딸기(설향),2025-09-14,2026-05-31,186,260,0.7153846153846154,late,"[180, 210)"
30123,PF_0024688,080400,1,2026-03-26,0,0,0,105.0,8.0,,,,16.8,,,0,True,9042,2025년_딸기(설향),2025-09-14,2026-05-31,193,260,0.7423076923076923,late,"[180, 210)"
30157,PF_0024688,080400,2,2026-03-26,0,0,0,85.0,10.0,,,,16.6,,,0,True,9042,2025년_딸기(설향),2025-09-14,2026-05-31,193,260,0.7423076923076923,late,"[180, 210)"
30191,PF_0024688,080400,3,2026-03-26,0,0,0,65.0,5.0,,,,13.3,,,0,True,9042,2025년_딸기(설향),2025-09-14,2026-05-31,193,260,0.7423076923076923,late,"[180, 210)"
30220,PF_0024688,080400,4,2026-03-26,0,0,0,118.0,6.0,,,,15.2,,,0,True,9042,2025년_딸기(설향),2025-09-14,2026-05-31,193,260,0.7423076923076923,late,"[180, 210)"
30252,PF_0024688,080400,5,2026-03-26,0,0,2,67.0,9.0,,,,14.8,,,2,False,9042,2025년_딸기(설향),2025-09-14,2026-05-31,193,260,0.7423076923076923,late,"[180, 210)"
30284,PF_0024688,080400,6,2026-03-26,0,0,0,95.0,10.0,,,,16.1,,,0,True,9042,2025년_딸기(설향),2025-09-14,2026-05-31,193,260,0.7423076923076923,late,"[180, 210)"
30316,PF_0024688,080400,7,2026-03-26,0,0,0,98.0,9.0,,,,18.8,,,0,True,9042,2025년_딸기(설향),2025-09-14,2026-05-31,193,260,0.7423076923076923,late,"[180, 210)"
30350,PF_0024688,080400,8,2026-03-26,0,0,0,125.0,22.0,,,,20.2,,,0,True,9042,2025년_딸기(설향),2025-09-14,2026-05-31,193,260,0.7423076923076923,late,"[180, 210)"
30384,PF_0024688,080400,9,2026-03-26,0,0,0,105.0,19.0,,,,24.1,,,0,True,9042,2025년_딸기(설향),2025-09-14,2026-05-31,193,260,0.7423076923076923,late,"[180, 210)"
30124,PF_0024688,080400,1,2026-04-02,0,0,0,100.0,8.0,,,,16.8,,,0,True,9042,2025년_딸기(설향),2025-09-14,2026-05-31,200,260,0.7692307692307693,late,"[180, 210)"
30158,PF_0024688,080400,2,2026-04-02,0,0,0,85.0,11.0,,,,16.6,,,0,True,9042,2025년_딸기(설향),2025-09-14,2026-05-31,200,260,0.7692307692307693,late,"[180, 210)"
30192,PF_0024688,080400,3,2026-04-02,0,0,0,50.0,6.0,,,,13.3,,,0,True,9042,2025년_딸기(설향),2025-09-14,2026-05-31,200,260,0.7692307692307693,late,"[180, 210)"
30221,PF_0024688,080400,4,2026-04-02,0,0,0,105.0,7.0,,,,15.2,,,0,True,9042,2025년_딸기(설향),2025-09-14,2026-05-31,200,260,0.7692307692307693,late,"[180, 210)"
30253,PF_0024688,080400,5,2026-04-02,0,0,0,68.0,9.0,,,,14.8,,,0,True,9042,2025년_딸기(설향),2025-09-14,2026-05-31,200,260,0.7692307692307693,late,"[180, 210)"
30285,PF_0024688,080400,6,2026-04-02,0,0,0,103.0,11.0,,,,16.6,,,0,True,9042,2025년_딸기(설향),2025-09-14,2026-05-31,200,260,0.7692307692307693,late,"[180, 210)"
30317,PF_0024688,080400,7,2026-04-02,0,0,0,100.0,9.0,,,,18.8,,,0,True,9042,2025년_딸기(설향),2025-09-14,2026-05-31,200,260,0.7692307692307693,late,"[180, 210)"
30351,PF_0024688,080400,8,2026-04-02,0,0,0,120.0,21.0,,,,20.2,,,0,True,9042,2025년_딸기(설향),2025-09-14,2026-05-31,200,260,0.7692307692307693,late,"[180, 210)"
30385,PF_0024688,080400,9,2026-04-02,0,0,0,110.0,22.0,,,,24.1,,,0,True,9042,2025년_딸기(설향),2025-09-14,2026-05-31,200,260,0.7692307692307693,late,"[180, 210)"
30125,PF_0024688,080400,1,2026-04-09,0,0,0,105.0,9.0,,,,17.8,,,0,True,9042,2025년_딸기(설향),2025-09-14,2026-05-31,207,260,0.7961538461538461,late,"[180, 210)"
30159,PF_0024688,080400,2,2026-04-09,0,0,0,91.0,13.0,,,,16.6,,,0,True,9042,2025년_딸기(설향),2025-09-14,2026-05-31,207,260,0.7961538461538461,late,"[180, 210)"
30193,PF_0024688,080400,3,2026-04-09,0,0,0,53.0,6.0,,,,13.3,,,0,True,9042,2025년_딸기(설향),2025-09-14,2026-05-31,207,260,0.7961538461538461,late,"[180, 210)"
30222,PF_0024688,080400,4,2026-04-09,0,0,0,105.0,7.0,,,,15.2,,,0,True,9042,2025년_딸기(설향),2025-09-14,2026-05-31,207,260,0.7961538461538461,late,"[180, 210)"
30254,PF_0024688,080400,5,2026-04-09,0,0,0,68.0,10.0,,,,14.8,,,0,True,9042,2025년_딸기(설향),2025-09-14,2026-05-31,207,260,0.7961538461538461,late,"[180, 210)"
30286,PF_0024688,080400,6,2026-04-09,0,0,0,103.0,11.0,,,,16.6,,,0,True,9042,2025년_딸기(설향),2025-09-14,2026-05-31,207,260,0.7961538461538461,late,"[180, 210)"
30318,PF_0024688,080400,7,2026-04-09,0,0,0,103.0,11.0,,,,18.8,,,0,True,9042,2025년_딸기(설향),2025-09-14,2026-05-31,207,260,0.7961538461538461,late,"[180, 210)"
30352,PF_0024688,080400,8,2026-04-09,0,0,0,100.0,24.0,,,,20.2,,,0,True,9042,2025년_딸기(설향),2025-09-14,2026-05-31,207,260,0.7961538461538461,late,"[180, 210)"
30386,PF_0024688,080400,9,2026-04-09,0,0,0,105.0,25.0,,,,24.9,,,0,True,9042,2025년_딸기(설향),2025-09-14,2026-05-31,207,260,0.7961538461538461,late,"[180, 210)"
30126,PF_0024688,080400,1,2026-04-16,0,0,0,105.0,9.0,,,,17.8,,,0,True,9042,2025년_딸기(설향),2025-09-14,2026-05-31,214,260,0.823076923076923,late,"[210, 240)"
30160,PF_0024688,080400,2,2026-04-16,0,0,0,100.0,13.0,,,,16.6,,,0,True,9042,2025년_딸기(설향),2025-09-14,2026-05-31,214,260,0.823076923076923,late,"[210, 240)"
30194,PF_0024688,080400,3,2026-04-16,0,0,0,50.0,3.0,,,,13.3,,,0,True,9042,2025년_딸기(설향),2025-09-14,2026-05-31,214,260,0.823076923076923,late,"[210, 240)"
30223,PF_0024688,080400,4,2026-04-16,0,0,0,91.0,7.0,,,,15.6,,,0,True,9042,2025년_딸기(설향),2025-09-14,2026-05-31,214,260,0.823076923076923,late,"[210, 240)"
30255,PF_0024688,080400,5,2026-04-16,0,0,0,65.0,10.0,,,,14.8,,,0,True,9042,2025년_딸기(설향),2025-09-14,2026-05-31,214,260,0.823076923076923,late,"[210, 240)"
30287,PF_0024688,080400,6,2026-04-16,0,0,0,107.0,13.0,,,,17.2,,,0,True,9042,2025년_딸기(설향),2025-09-14,2026-05-31,214,260,0.823076923076923,late,"[210, 240)"
30319,PF_0024688,080400,7,2026-04-16,0,0,0,93.0,12.0,,,,19.4,,,0,True,9042,2025년_딸기(설향),2025-09-14,2026-05-31,214,260,0.823076923076923,late,"[210, 240)"
30353,PF_0024688,080400,8,2026-04-16,0,0,0,123.0,23.0,,,,20.2,,,0,True,9042,2025년_딸기(설향),2025-09-14,2026-05-31,214,260,0.823076923076923,late,"[210, 240)"
30387,PF_0024688,080400,9,2026-04-16,0,0,0,105.0,24.0,,,,24.9,,,0,True,9042,2025년_딸기(설향),2025-09-14,2026-05-31,214,260,0.823076923076923,late,"[210, 240)"
30127,PF_0024688,080400,1,2026-04-23,0,0,0,91.0,7.0,,,,17.8,,,0,True,9042,2025년_딸기(설향),2025-09-14,2026-05-31,221,260,0.85,late,"[210, 240)"
30161,PF_0024688,080400,2,2026-04-23,0,0,0,103.0,9.0,,,,16.6,,,0,True,9042,2025년_딸기(설향),2025-09-14,2026-05-31,221,260,0.85,late,"[210, 240)"
30224,PF_0024688,080400,4,2026-04-23,0,0,0,110.0,6.0,,,,15.9,,,0,True,9042,2025년_딸기(설향),2025-09-14,2026-05-31,221,260,0.85,late,"[210, 240)"
30256,PF_0024688,080400,5,2026-04-23,0,0,0,65.0,6.0,,,,14.8,,,0,True,9042,2025년_딸기(설향),2025-09-14,2026-05-31,221,260,0.85,late,"[210, 240)"
30288,PF_0024688,080400,6,2026-04-23,0,0,0,110.0,8.0,,,,18.2,,,0,True,9042,2025년_딸기(설향),2025-09-14,2026-05-31,221,260,0.85,late,"[210, 240)"
30320,PF_0024688,080400,7,2026-04-23,0,0,0,93.0,7.0,,,,19.4,,,0,True,9042,2025년_딸기(설향),2025-09-14,2026-05-31,221,260,0.85,late,"[210, 240)"
30354,PF_0024688,080400,8,2026-04-23,0,0,0,98.0,19.0,,,,20.2,,,0,True,9042,2025년_딸기(설향),2025-09-14,2026-05-31,221,260,0.85,late,"[210, 240)"
30388,PF_0024688,080400,9,2026-04-23,0,0,0,94.0,20.0,,,,25.2,,,0,True,9042,2025년_딸기(설향),2025-09-14,2026-05-31,221,260,0.85,late,"[210, 240)"
30128,PF_0024688,080400,1,2026-04-30,0,0,0,95.0,8.0,,,,17.8,,,0,True,9042,2025년_딸기(설향),2025-09-14,2026-05-31,228,260,0.8769230769230769,late,"[210, 240)"
30162,PF_0024688,080400,2,2026-04-30,0,0,0,103.0,11.0,,,,16.6,,,0,True,9042,2025년_딸기(설향),2025-09-14,2026-05-31,228,260,0.8769230769230769,late,"[210, 240)"
30225,PF_0024688,080400,4,2026-04-30,0,0,0,105.0,7.0,,,,15.9,,,0,True,9042,2025년_딸기(설향),2025-09-14,2026-05-31,228,260,0.8769230769230769,late,"[210, 240)"
30257,PF_0024688,080400,5,2026-04-30,0,0,0,80.0,7.0,,,,15.0,,,0,True,9042,2025년_딸기(설향),2025-09-14,2026-05-31,228,260,0.8769230769230769,late,"[210, 240)"
30289,PF_0024688,080400,6,2026-04-30,0,0,0,95.0,11.0,,,,18.2,,,0,True,9042,2025년_딸기(설향),2025-09-14,2026-05-31,228,260,0.8769230769230769,late,"[210, 240)"
30321,PF_0024688,080400,7,2026-04-30,0,0,0,93.0,7.0,,,,19.9,,,0,True,9042,2025년_딸기(설향),2025-09-14,2026-05-31,228,260,0.8769230769230769,late,"[210, 240)"
30355,PF_0024688,080400,8,2026-04-30,0,0,0,115.0,19.0,,,,20.2,,,0,True,9042,2025년_딸기(설향),2025-09-14,2026-05-31,228,260,0.8769230769230769,late,"[210, 240)"
30389,PF_0024688,080400,9,2026-04-30,0,0,0,94.0,20.0,,,,25.2,,,0,True,9042,2025년_딸기(설향),2025-09-14,2026-05-31,228,260,0.8769230769230769,late,"[210, 240)"
30129,PF_0024688,080400,1,2026-05-07,0,0,0,95.0,8.0,,,,18.9,,,0,True,9042,2025년_딸기(설향),2025-09-14,2026-05-31,235,260,0.9038461538461539,late,"[210, 240)"
30163,PF_0024688,080400,2,2026-05-07,0,0,0,110.0,11.0,,,,16.6,,,0,True,9042,2025년_딸기(설향),2025-09-14,2026-05-31,235,260,0.9038461538461539,late,"[210, 240)"
30226,PF_0024688,080400,4,2026-05-07,0,0,0,108.0,7.0,,,,16.9,,,0,True,9042,2025년_딸기(설향),2025-09-14,2026-05-31,235,260,0.9038461538461539,late,"[210, 240)"
30258,PF_0024688,080400,5,2026-05-07,0,0,0,96.0,10.0,,,,16.9,,,0,True,9042,2025년_딸기(설향),2025-09-14,2026-05-31,235,260,0.9038461538461539,late,"[210, 240)"
30290,PF_0024688,080400,6,2026-05-07,0,0,0,95.0,11.0,,,,18.2,,,0,True,9042,2025년_딸기(설향),2025-09-14,2026-05-31,235,260,0.9038461538461539,late,"[210, 240)"
30322,PF_0024688,080400,7,2026-05-07,0,0,0,93.0,7.0,,,,19.9,,,0,True,9042,2025년_딸기(설향),2025-09-14,2026-05-31,235,260,0.9038461538461539,late,"[210, 240)"
30356,PF_0024688,080400,8,2026-05-07,0,0,0,115.0,19.0,,,,20.2,,,0,True,9042,2025년_딸기(설향),2025-09-14,2026-05-31,235,260,0.9038461538461539,late,"[210, 240)"
30390,PF_0024688,080400,9,2026-05-07,0,0,0,94.0,21.0,,,,25.2,,,0,True,9042,2025년_딸기(설향),2025-09-14,2026-05-31,235,260,0.9038461538461539,late,"[210, 240)"
30130,PF_0024688,080400,1,2026-05-14,0,0,0,115.0,9.0,,,,20.5,,,0,True,9042,2025년_딸기(설향),2025-09-14,2026-05-31,242,260,0.9307692307692308,late,"[240, 270)"
30164,PF_0024688,080400,2,2026-05-14,0,0,0,110.0,13.0,,,,16.6,,,0,True,9042,2025년_딸기(설향),2025-09-14,2026-05-31,242,260,0.9307692307692308,late,"[240, 270)"
30323,PF_0024688,080400,7,2026-05-14,0,0,0,111.0,8.0,,,,19.9,,,0,True,9042,2025년_딸기(설향),2025-09-14,2026-05-31,242,260,0.9307692307692308,late,"[240, 270)"
30357,PF_0024688,080400,8,2026-05-14,0,0,0,100.0,21.0,,,,20.2,,,0,True,9042,2025년_딸기(설향),2025-09-14,2026-05-31,242,260,0.9307692307692308,late,"[240, 270)"
30391,PF_0024688,080400,9,2026-05-14,0,0,0,95.0,22.0,,,,25.2,,,0,True,9042,2025년_딸기(설향),2025-09-14,2026-05-31,242,260,0.9307692307692308,late,"[240, 270)"
30131,PF_0024688,080400,1,2026-05-21,0,0,0,115.0,9.0,,,,20.5,,,0,True,9042,2025년_딸기(설향),2025-09-14,2026-05-31,249,260,0.9576923076923077,late,"[240, 270)"
30165,PF_0024688,080400,2,2026-05-21,0,0,0,110.0,13.0,,,,16.6,,,0,True,9042,2025년_딸기(설향),2025-09-14,2026-05-31,249,260,0.9576923076923077,late,"[240, 270)"
30324,PF_0024688,080400,7,2026-05-21,0,0,0,111.0,8.0,,,,19.9,,,0,True,9042,2025년_딸기(설향),2025-09-14,2026-05-31,249,260,0.9576923076923077,late,"[240, 270)"
30358,PF_0024688,080400,8,2026-05-21,0,0,0,100.0,21.0,,,,20.2,,,0,True,9042,2025년_딸기(설향),2025-09-14,2026-05-31,249,260,0.9576923076923077,late,"[240, 270)"
30392,PF_0024688,080400,9,2026-05-21,0,0,0,95.0,22.0,,,,25.2,,,0,True,9042,2025년_딸기(설향),2025-09-14,2026-05-31,249,260,0.9576923076923077,late,"[240, 270)"
15954,PF_0024700,080400,1,2024-10-08,0,0,0,120.0,8.0,,,,12.0,,,0,True,7546,2024년_딸기(설향),2024-09-10,2025-05-31,28,264,0.10606060606060606,early,"[0, 30)"
15981,PF_0024700,080400,2,2024-10-08,0,0,0,120.0,8.0,,,,10.17,,,0,True,7546,2024년_딸기(설향),2024-09-10,2025-05-31,28,264,0.10606060606060606,early,"[0, 30)"
16008,PF_0024700,080400,3,2024-10-08,0,0,0,189.0,8.0,,,,10.6,,,0,True,7546,2024년_딸기(설향),2024-09-10,2025-05-31,28,264,0.10606060606060606,early,"[0, 30)"
16035,PF_0024700,080400,4,2024-10-08,0,0,0,100.0,7.0,,,,10.66,,,0,True,7546,2024년_딸기(설향),2024-09-10,2025-05-31,28,264,0.10606060606060606,early,"[0, 30)"
16062,PF_0024700,080400,5,2024-10-08,0,0,0,100.0,6.0,,,,12.85,,,0,True,7546,2024년_딸기(설향),2024-09-10,2025-05-31,28,264,0.10606060606060606,early,"[0, 30)"
16089,PF_0024700,080400,6,2024-10-08,0,0,0,105.0,7.0,,,,10.6,,,0,True,7546,2024년_딸기(설향),2024-09-10,2025-05-31,28,264,0.10606060606060606,early,"[0, 30)"
16116,PF_0024700,080400,7,2024-10-08,0,0,0,101.0,8.0,,,,10.2,,,0,True,7546,2024년_딸기(설향),2024-09-10,2025-05-31,28,264,0.10606060606060606,early,"[0, 30)"
16143,PF_0024700,080400,8,2024-10-08,0,0,0,110.0,6.0,,,,10.17,,,0,True,7546,2024년_딸기(설향),2024-09-10,2025-05-31,28,264,0.10606060606060606,early,"[0, 30)"
16170,PF_0024700,080400,9,2024-10-08,0,0,0,113.0,7.0,,,,14.96,,,0,True,7546,2024년_딸기(설향),2024-09-10,2025-05-31,28,264,0.10606060606060606,early,"[0, 30)"
15955,PF_0024700,080400,1,2024-10-15,0,0,0,131.0,8.0,,,,12.8,,,0,True,7546,2024년_딸기(설향),2024-09-10,2025-05-31,35,264,0.13257575757575757,early,"[30, 60)"
15982,PF_0024700,080400,2,2024-10-15,0,0,0,122.0,9.0,,,,10.82,,,0,True,7546,2024년_딸기(설향),2024-09-10,2025-05-31,35,264,0.13257575757575757,early,"[30, 60)"
16009,PF_0024700,080400,3,2024-10-15,0,0,0,106.0,9.0,,,,11.67,,,0,True,7546,2024년_딸기(설향),2024-09-10,2025-05-31,35,264,0.13257575757575757,early,"[30, 60)"
16036,PF_0024700,080400,4,2024-10-15,0,0,0,104.0,8.0,,,,11.4,,,0,True,7546,2024년_딸기(설향),2024-09-10,2025-05-31,35,264,0.13257575757575757,early,"[30, 60)"
16063,PF_0024700,080400,5,2024-10-15,0,0,0,102.0,8.0,,,,12.5,,,0,True,7546,2024년_딸기(설향),2024-09-10,2025-05-31,35,264,0.13257575757575757,early,"[30, 60)"
16090,PF_0024700,080400,6,2024-10-15,0,0,0,110.0,8.0,,,,11.26,,,0,True,7546,2024년_딸기(설향),2024-09-10,2025-05-31,35,264,0.13257575757575757,early,"[30, 60)"
16117,PF_0024700,080400,7,2024-10-15,0,0,0,104.0,8.0,,,,11.1,,,0,True,7546,2024년_딸기(설향),2024-09-10,2025-05-31,35,264,0.13257575757575757,early,"[30, 60)"
16144,PF_0024700,080400,8,2024-10-15,0,0,0,115.0,8.0,,,,12.32,,,0,True,7546,2024년_딸기(설향),2024-09-10,2025-05-31,35,264,0.13257575757575757,early,"[30, 60)"
16171,PF_0024700,080400,9,2024-10-15,0,0,0,121.0,8.0,,,,15.3,,,0,True,7546,2024년_딸기(설향),2024-09-10,2025-05-31,35,264,0.13257575757575757,early,"[30, 60)"
15956,PF_0024700,080400,1,2024-10-22,0,0,0,132.0,11.0,,,,13.6,,,0,True,7546,2024년_딸기(설향),2024-09-10,2025-05-31,42,264,0.1590909090909091,early,"[30, 60)"
15983,PF_0024700,080400,2,2024-10-22,0,0,0,124.0,10.0,,,,11.2,,,0,True,7546,2024년_딸기(설향),2024-09-10,2025-05-31,42,264,0.1590909090909091,early,"[30, 60)"
16010,PF_0024700,080400,3,2024-10-22,0,0,0,117.0,12.0,,,,12.4,,,0,True,7546,2024년_딸기(설향),2024-09-10,2025-05-31,42,264,0.1590909090909091,early,"[30, 60)"
16037,PF_0024700,080400,4,2024-10-22,0,0,0,111.0,10.0,,,,12.4,,,0,True,7546,2024년_딸기(설향),2024-09-10,2025-05-31,42,264,0.1590909090909091,early,"[30, 60)"
16064,PF_0024700,080400,5,2024-10-22,0,0,0,109.0,11.0,,,,12.5,,,0,True,7546,2024년_딸기(설향),2024-09-10,2025-05-31,42,264,0.1590909090909091,early,"[30, 60)"
16091,PF_0024700,080400,6,2024-10-22,0,0,0,112.0,11.0,,,,12.8,,,0,True,7546,2024년_딸기(설향),2024-09-10,2025-05-31,42,264,0.1590909090909091,early,"[30, 60)"
16118,PF_0024700,080400,7,2024-10-22,0,0,0,109.0,12.0,,,,12.6,,,0,True,7546,2024년_딸기(설향),2024-09-10,2025-05-31,42,264,0.1590909090909091,early,"[30, 60)"
16145,PF_0024700,080400,8,2024-10-22,0,0,0,123.0,12.0,,,,13.9,,,0,True,7546,2024년_딸기(설향),2024-09-10,2025-05-31,42,264,0.1590909090909091,early,"[30, 60)"
16172,PF_0024700,080400,9,2024-10-22,0,0,0,130.0,12.0,,,,15.8,,,0,True,7546,2024년_딸기(설향),2024-09-10,2025-05-31,42,264,0.1590909090909091,early,"[30, 60)"
15957,PF_0024700,080400,1,2024-10-29,0,0,0,133.0,16.0,,,,14.2,,,0,True,7546,2024년_딸기(설향),2024-09-10,2025-05-31,49,264,0.1856060606060606,early,"[30, 60)"
15984,PF_0024700,080400,2,2024-10-29,0,0,0,134.0,15.0,,,,13.0,,,0,True,7546,2024년_딸기(설향),2024-09-10,2025-05-31,49,264,0.1856060606060606,early,"[30, 60)"
16011,PF_0024700,080400,3,2024-10-29,0,0,0,124.0,15.0,,,,13.2,,,0,True,7546,2024년_딸기(설향),2024-09-10,2025-05-31,49,264,0.1856060606060606,early,"[30, 60)"
16038,PF_0024700,080400,4,2024-10-29,0,0,0,115.0,16.0,,,,12.9,,,0,True,7546,2024년_딸기(설향),2024-09-10,2025-05-31,49,264,0.1856060606060606,early,"[30, 60)"
16065,PF_0024700,080400,5,2024-10-29,0,0,0,110.0,14.0,,,,14.3,,,0,True,7546,2024년_딸기(설향),2024-09-10,2025-05-31,49,264,0.1856060606060606,early,"[30, 60)"
16092,PF_0024700,080400,6,2024-10-29,0,0,0,122.0,15.0,,,,13.2,,,0,True,7546,2024년_딸기(설향),2024-09-10,2025-05-31,49,264,0.1856060606060606,early,"[30, 60)"
16119,PF_0024700,080400,7,2024-10-29,0,0,0,110.0,16.0,,,,13.3,,,0,True,7546,2024년_딸기(설향),2024-09-10,2025-05-31,49,264,0.1856060606060606,early,"[30, 60)"
16146,PF_0024700,080400,8,2024-10-29,0,0,0,124.0,12.0,,,,14.1,,,0,True,7546,2024년_딸기(설향),2024-09-10,2025-05-31,49,264,0.1856060606060606,early,"[30, 60)"
16173,PF_0024700,080400,9,2024-10-29,0,0,0,131.0,12.0,,,,15.8,,,0,True,7546,2024년_딸기(설향),2024-09-10,2025-05-31,49,264,0.1856060606060606,early,"[30, 60)"
15958,PF_0024700,080400,1,2024-11-05,0,0,0,140.0,10.0,,,,14.7,,,0,True,7546,2024년_딸기(설향),2024-09-10,2025-05-31,56,264,0.21212121212121213,early,"[30, 60)"
15985,PF_0024700,080400,2,2024-11-05,0,0,0,144.0,9.0,,,,13.7,,,0,True,7546,2024년_딸기(설향),2024-09-10,2025-05-31,56,264,0.21212121212121213,early,"[30, 60)"
16012,PF_0024700,080400,3,2024-11-05,0,0,0,112.0,9.0,,,,14.1,,,0,True,7546,2024년_딸기(설향),2024-09-10,2025-05-31,56,264,0.21212121212121213,early,"[30, 60)"
16039,PF_0024700,080400,4,2024-11-05,0,0,0,124.0,7.0,,,,12.9,,,0,True,7546,2024년_딸기(설향),2024-09-10,2025-05-31,56,264,0.21212121212121213,early,"[30, 60)"
16066,PF_0024700,080400,5,2024-11-05,0,0,0,131.0,10.0,,,,14.8,,,0,True,7546,2024년_딸기(설향),2024-09-10,2025-05-31,56,264,0.21212121212121213,early,"[30, 60)"
16093,PF_0024700,080400,6,2024-11-05,0,0,0,138.0,9.0,,,,13.8,,,0,True,7546,2024년_딸기(설향),2024-09-10,2025-05-31,56,264,0.21212121212121213,early,"[30, 60)"
16120,PF_0024700,080400,7,2024-11-05,0,0,0,140.0,8.0,,,,13.9,,,0,True,7546,2024년_딸기(설향),2024-09-10,2025-05-31,56,264,0.21212121212121213,early,"[30, 60)"
16147,PF_0024700,080400,8,2024-11-05,0,0,0,137.0,10.0,,,,14.1,,,0,True,7546,2024년_딸기(설향),2024-09-10,2025-05-31,56,264,0.21212121212121213,early,"[30, 60)"
16174,PF_0024700,080400,9,2024-11-05,0,0,0,140.0,10.0,,,,16.0,,,0,True,7546,2024년_딸기(설향),2024-09-10,2025-05-31,56,264,0.21212121212121213,early,"[30, 60)"
15959,PF_0024700,080400,1,2024-11-12,0,0,0,130.0,9.0,,,,14.8,,,0,True,7546,2024년_딸기(설향),2024-09-10,2025-05-31,63,264,0.23863636363636365,early,"[60, 90)"
15986,PF_0024700,080400,2,2024-11-12,0,0,0,150.0,8.0,,,,13.8,,,0,True,7546,2024년_딸기(설향),2024-09-10,2025-05-31,63,264,0.23863636363636365,early,"[60, 90)"
16013,PF_0024700,080400,3,2024-11-12,0,0,0,113.0,8.0,,,,15.5,,,0,True,7546,2024년_딸기(설향),2024-09-10,2025-05-31,63,264,0.23863636363636365,early,"[60, 90)"
16040,PF_0024700,080400,4,2024-11-12,0,0,0,132.0,8.0,,,,12.9,,,0,True,7546,2024년_딸기(설향),2024-09-10,2025-05-31,63,264,0.23863636363636365,early,"[60, 90)"
16067,PF_0024700,080400,5,2024-11-12,0,0,0,136.0,9.0,,,,15.8,,,0,True,7546,2024년_딸기(설향),2024-09-10,2025-05-31,63,264,0.23863636363636365,early,"[60, 90)"
16094,PF_0024700,080400,6,2024-11-12,0,0,0,145.0,8.0,,,,14.8,,,0,True,7546,2024년_딸기(설향),2024-09-10,2025-05-31,63,264,0.23863636363636365,early,"[60, 90)"
16121,PF_0024700,080400,7,2024-11-12,0,0,0,149.0,6.0,,,,14.3,,,0,True,7546,2024년_딸기(설향),2024-09-10,2025-05-31,63,264,0.23863636363636365,early,"[60, 90)"
16148,PF_0024700,080400,8,2024-11-12,0,0,0,148.0,8.0,,,,14.1,,,0,True,7546,2024년_딸기(설향),2024-09-10,2025-05-31,63,264,0.23863636363636365,early,"[60, 90)"
16175,PF_0024700,080400,9,2024-11-12,0,0,0,150.0,8.0,,,,16.2,,,0,True,7546,2024년_딸기(설향),2024-09-10,2025-05-31,63,264,0.23863636363636365,early,"[60, 90)"
15960,PF_0024700,080400,1,2024-11-19,0,0,0,136.0,8.0,,,,15.0,,,0,True,7546,2024년_딸기(설향),2024-09-10,2025-05-31,70,264,0.26515151515151514,early,"[60, 90)"
15987,PF_0024700,080400,2,2024-11-19,0,0,0,140.0,7.0,,,,13.8,,,0,True,7546,2024년_딸기(설향),2024-09-10,2025-05-31,70,264,0.26515151515151514,early,"[60, 90)"
16014,PF_0024700,080400,3,2024-11-19,0,0,0,115.0,8.0,,,,15.5,,,0,True,7546,2024년_딸기(설향),2024-09-10,2025-05-31,70,264,0.26515151515151514,early,"[60, 90)"
16041,PF_0024700,080400,4,2024-11-19,0,0,0,135.0,8.0,,,,13.1,,,0,True,7546,2024년_딸기(설향),2024-09-10,2025-05-31,70,264,0.26515151515151514,early,"[60, 90)"
16068,PF_0024700,080400,5,2024-11-19,0,0,0,134.0,8.0,,,,15.8,,,0,True,7546,2024년_딸기(설향),2024-09-10,2025-05-31,70,264,0.26515151515151514,early,"[60, 90)"
16095,PF_0024700,080400,6,2024-11-19,0,0,0,138.0,9.0,,,,14.8,,,0,True,7546,2024년_딸기(설향),2024-09-10,2025-05-31,70,264,0.26515151515151514,early,"[60, 90)"
16122,PF_0024700,080400,7,2024-11-19,0,0,0,140.0,9.0,,,,14.5,,,0,True,7546,2024년_딸기(설향),2024-09-10,2025-05-31,70,264,0.26515151515151514,early,"[60, 90)"
16149,PF_0024700,080400,8,2024-11-19,0,0,0,140.0,9.0,,,,14.1,,,0,True,7546,2024년_딸기(설향),2024-09-10,2025-05-31,70,264,0.26515151515151514,early,"[60, 90)"
16176,PF_0024700,080400,9,2024-11-19,0,0,0,150.0,8.0,,,,16.2,,,0,True,7546,2024년_딸기(설향),2024-09-10,2025-05-31,70,264,0.26515151515151514,early,"[60, 90)"
15961,PF_0024700,080400,1,2024-11-26,0,0,0,136.0,9.0,,,,15.0,,,0,True,7546,2024년_딸기(설향),2024-09-10,2025-05-31,77,264,0.2916666666666667,early,"[60, 90)"
15988,PF_0024700,080400,2,2024-11-26,0,0,0,140.0,10.0,,,,13.8,,,0,True,7546,2024년_딸기(설향),2024-09-10,2025-05-31,77,264,0.2916666666666667,early,"[60, 90)"
16015,PF_0024700,080400,3,2024-11-26,0,0,0,120.0,10.0,,,,15.5,,,0,True,7546,2024년_딸기(설향),2024-09-10,2025-05-31,77,264,0.2916666666666667,early,"[60, 90)"
16042,PF_0024700,080400,4,2024-11-26,0,0,0,135.0,10.0,,,,13.2,,,0,True,7546,2024년_딸기(설향),2024-09-10,2025-05-31,77,264,0.2916666666666667,early,"[60, 90)"
16069,PF_0024700,080400,5,2024-11-26,0,0,0,134.0,10.0,,,,16.1,,,0,True,7546,2024년_딸기(설향),2024-09-10,2025-05-31,77,264,0.2916666666666667,early,"[60, 90)"
16096,PF_0024700,080400,6,2024-11-26,0,0,0,138.0,9.0,,,,14.8,,,0,True,7546,2024년_딸기(설향),2024-09-10,2025-05-31,77,264,0.2916666666666667,early,"[60, 90)"
16123,PF_0024700,080400,7,2024-11-26,0,0,0,120.0,8.0,,,,14.7,,,0,True,7546,2024년_딸기(설향),2024-09-10,2025-05-31,77,264,0.2916666666666667,early,"[60, 90)"
16150,PF_0024700,080400,8,2024-11-26,0,0,0,150.0,10.0,,,,14.1,,,0,True,7546,2024년_딸기(설향),2024-09-10,2025-05-31,77,264,0.2916666666666667,early,"[60, 90)"
16177,PF_0024700,080400,9,2024-11-26,0,0,0,150.0,8.0,,,,16.2,,,0,True,7546,2024년_딸기(설향),2024-09-10,2025-05-31,77,264,0.2916666666666667,early,"[60, 90)"
15962,PF_0024700,080400,1,2024-12-03,0,0,0,112.0,9.0,,,,16.2,,,0,True,7546,2024년_딸기(설향),2024-09-10,2025-05-31,84,264,0.3181818181818182,early,"[60, 90)"
15989,PF_0024700,080400,2,2024-12-03,0,0,0,140.0,7.0,,,,14.1,,,0,True,7546,2024년_딸기(설향),2024-09-10,2025-05-31,84,264,0.3181818181818182,early,"[60, 90)"
16016,PF_0024700,080400,3,2024-12-03,0,0,0,120.0,9.0,,,,15.9,,,0,True,7546,2024년_딸기(설향),2024-09-10,2025-05-31,84,264,0.3181818181818182,early,"[60, 90)"
16043,PF_0024700,080400,4,2024-12-03,0,0,0,115.0,7.0,,,,15.0,,,0,True,7546,2024년_딸기(설향),2024-09-10,2025-05-31,84,264,0.3181818181818182,early,"[60, 90)"
16070,PF_0024700,080400,5,2024-12-03,0,0,0,135.0,8.0,,,,17.0,,,0,True,7546,2024년_딸기(설향),2024-09-10,2025-05-31,84,264,0.3181818181818182,early,"[60, 90)"
16097,PF_0024700,080400,6,2024-12-03,0,0,0,145.0,10.0,,,,16.0,,,0,True,7546,2024년_딸기(설향),2024-09-10,2025-05-31,84,264,0.3181818181818182,early,"[60, 90)"
16124,PF_0024700,080400,7,2024-12-03,0,0,0,120.0,9.0,,,,16.2,,,0,True,7546,2024년_딸기(설향),2024-09-10,2025-05-31,84,264,0.3181818181818182,early,"[60, 90)"
16151,PF_0024700,080400,8,2024-12-03,0,0,0,150.0,9.0,,,,16.8,,,0,True,7546,2024년_딸기(설향),2024-09-10,2025-05-31,84,264,0.3181818181818182,early,"[60, 90)"
16178,PF_0024700,080400,9,2024-12-03,0,0,0,152.0,10.0,,,,17.6,,,0,True,7546,2024년_딸기(설향),2024-09-10,2025-05-31,84,264,0.3181818181818182,early,"[60, 90)"
15963,PF_0024700,080400,1,2024-12-10,0,0,0,116.0,11.0,,,,16.2,,,0,True,7546,2024년_딸기(설향),2024-09-10,2025-05-31,91,264,0.3446969696969697,middle,"[90, 120)"
15990,PF_0024700,080400,2,2024-12-10,0,0,0,143.0,9.0,,,,14.6,,,0,True,7546,2024년_딸기(설향),2024-09-10,2025-05-31,91,264,0.3446969696969697,middle,"[90, 120)"
16017,PF_0024700,080400,3,2024-12-10,0,0,0,120.0,10.0,,,,15.9,,,0,True,7546,2024년_딸기(설향),2024-09-10,2025-05-31,91,264,0.3446969696969697,middle,"[90, 120)"
16044,PF_0024700,080400,4,2024-12-10,0,0,0,110.0,10.0,,,,16.2,,,0,True,7546,2024년_딸기(설향),2024-09-10,2025-05-31,91,264,0.3446969696969697,middle,"[90, 120)"
16071,PF_0024700,080400,5,2024-12-10,0,0,0,136.0,10.0,,,,17.0,,,0,True,7546,2024년_딸기(설향),2024-09-10,2025-05-31,91,264,0.3446969696969697,middle,"[90, 120)"
16098,PF_0024700,080400,6,2024-12-10,0,0,0,149.0,11.0,,,,17.5,,,0,True,7546,2024년_딸기(설향),2024-09-10,2025-05-31,91,264,0.3446969696969697,middle,"[90, 120)"
16125,PF_0024700,080400,7,2024-12-10,0,0,0,121.0,10.0,,,,17.3,,,0,True,7546,2024년_딸기(설향),2024-09-10,2025-05-31,91,264,0.3446969696969697,middle,"[90, 120)"
16152,PF_0024700,080400,8,2024-12-10,0,0,0,150.0,10.0,,,,17.4,,,0,True,7546,2024년_딸기(설향),2024-09-10,2025-05-31,91,264,0.3446969696969697,middle,"[90, 120)"
16179,PF_0024700,080400,9,2024-12-10,0,0,0,159.0,11.0,,,,17.6,,,0,True,7546,2024년_딸기(설향),2024-09-10,2025-05-31,91,264,0.3446969696969697,middle,"[90, 120)"
15964,PF_0024700,080400,1,2024-12-17,0,0,0,120.0,11.0,,,,17.0,,,0,True,7546,2024년_딸기(설향),2024-09-10,2025-05-31,98,264,0.3712121212121212,middle,"[90, 120)"
15991,PF_0024700,080400,2,2024-12-17,0,0,0,143.0,9.0,,,,15.2,,,0,True,7546,2024년_딸기(설향),2024-09-10,2025-05-31,98,264,0.3712121212121212,middle,"[90, 120)"
16018,PF_0024700,080400,3,2024-12-17,0,0,0,110.0,10.0,,,,16.3,,,0,True,7546,2024년_딸기(설향),2024-09-10,2025-05-31,98,264,0.3712121212121212,middle,"[90, 120)"
16045,PF_0024700,080400,4,2024-12-17,0,0,0,113.0,10.0,,,,17.0,,,0,True,7546,2024년_딸기(설향),2024-09-10,2025-05-31,98,264,0.3712121212121212,middle,"[90, 120)"
16072,PF_0024700,080400,5,2024-12-17,0,0,0,140.0,10.0,,,,17.5,,,0,True,7546,2024년_딸기(설향),2024-09-10,2025-05-31,98,264,0.3712121212121212,middle,"[90, 120)"
16099,PF_0024700,080400,6,2024-12-17,0,0,0,149.0,11.0,,,,18.1,,,0,True,7546,2024년_딸기(설향),2024-09-10,2025-05-31,98,264,0.3712121212121212,middle,"[90, 120)"
16126,PF_0024700,080400,7,2024-12-17,0,0,0,121.0,10.0,,,,17.9,,,0,True,7546,2024년_딸기(설향),2024-09-10,2025-05-31,98,264,0.3712121212121212,middle,"[90, 120)"
16153,PF_0024700,080400,8,2024-12-17,0,0,0,150.0,10.0,,,,18.3,,,0,True,7546,2024년_딸기(설향),2024-09-10,2025-05-31,98,264,0.3712121212121212,middle,"[90, 120)"
16180,PF_0024700,080400,9,2024-12-17,0,0,0,159.0,11.0,,,,19.0,,,0,True,7546,2024년_딸기(설향),2024-09-10,2025-05-31,98,264,0.3712121212121212,middle,"[90, 120)"
15965,PF_0024700,080400,1,2024-12-24,0,0,0,105.0,16.0,,,,19.3,,,0,True,7546,2024년_딸기(설향),2024-09-10,2025-05-31,105,264,0.3977272727272727,middle,"[90, 120)"
15992,PF_0024700,080400,2,2024-12-24,0,0,0,126.0,12.0,,,,16.9,,,0,True,7546,2024년_딸기(설향),2024-09-10,2025-05-31,105,264,0.3977272727272727,middle,"[90, 120)"
16019,PF_0024700,080400,3,2024-12-24,0,0,0,122.0,14.0,,,,17.4,,,0,True,7546,2024년_딸기(설향),2024-09-10,2025-05-31,105,264,0.3977272727272727,middle,"[90, 120)"
16046,PF_0024700,080400,4,2024-12-24,0,0,0,110.0,11.0,,,,17.9,,,0,True,7546,2024년_딸기(설향),2024-09-10,2025-05-31,105,264,0.3977272727272727,middle,"[90, 120)"
16073,PF_0024700,080400,5,2024-12-24,0,0,0,132.0,15.0,,,,18.3,,,0,True,7546,2024년_딸기(설향),2024-09-10,2025-05-31,105,264,0.3977272727272727,middle,"[90, 120)"
16100,PF_0024700,080400,6,2024-12-24,0,0,0,140.0,9.0,,,,18.2,,,0,True,7546,2024년_딸기(설향),2024-09-10,2025-05-31,105,264,0.3977272727272727,middle,"[90, 120)"
16127,PF_0024700,080400,7,2024-12-24,0,0,0,123.0,11.0,,,,18.4,,,0,True,7546,2024년_딸기(설향),2024-09-10,2025-05-31,105,264,0.3977272727272727,middle,"[90, 120)"
16154,PF_0024700,080400,8,2024-12-24,0,0,0,152.0,7.0,,,,18.3,,,0,True,7546,2024년_딸기(설향),2024-09-10,2025-05-31,105,264,0.3977272727272727,middle,"[90, 120)"
16181,PF_0024700,080400,9,2024-12-24,0,0,0,160.0,12.0,,,,19.0,,,0,True,7546,2024년_딸기(설향),2024-09-10,2025-05-31,105,264,0.3977272727272727,middle,"[90, 120)"
15966,PF_0024700,080400,1,2024-12-31,0,0,0,115.0,18.0,,,,19.6,,,0,True,7546,2024년_딸기(설향),2024-09-10,2025-05-31,112,264,0.42424242424242425,middle,"[90, 120)"
15993,PF_0024700,080400,2,2024-12-31,0,0,0,135.0,15.0,,,,17.0,,,0,True,7546,2024년_딸기(설향),2024-09-10,2025-05-31,112,264,0.42424242424242425,middle,"[90, 120)"
16020,PF_0024700,080400,3,2024-12-31,0,0,0,122.0,16.0,,,,18.0,,,0,True,7546,2024년_딸기(설향),2024-09-10,2025-05-31,112,264,0.42424242424242425,middle,"[90, 120)"
16047,PF_0024700,080400,4,2024-12-31,0,0,0,114.0,13.0,,,,18.1,,,0,True,7546,2024년_딸기(설향),2024-09-10,2025-05-31,112,264,0.42424242424242425,middle,"[90, 120)"
16074,PF_0024700,080400,5,2024-12-31,0,0,0,140.0,13.0,,,,18.6,,,0,True,7546,2024년_딸기(설향),2024-09-10,2025-05-31,112,264,0.42424242424242425,middle,"[90, 120)"
16101,PF_0024700,080400,6,2024-12-31,0,0,0,142.0,12.0,,,,18.7,,,0,True,7546,2024년_딸기(설향),2024-09-10,2025-05-31,112,264,0.42424242424242425,middle,"[90, 120)"
16128,PF_0024700,080400,7,2024-12-31,0,0,0,134.0,11.0,,,,18.4,,,0,True,7546,2024년_딸기(설향),2024-09-10,2025-05-31,112,264,0.42424242424242425,middle,"[90, 120)"
16155,PF_0024700,080400,8,2024-12-31,0,0,0,152.0,7.0,,,,20.0,,,0,True,7546,2024년_딸기(설향),2024-09-10,2025-05-31,112,264,0.42424242424242425,middle,"[90, 120)"
16182,PF_0024700,080400,9,2024-12-31,0,0,0,160.0,12.0,,,,19.8,,,0,True,7546,2024년_딸기(설향),2024-09-10,2025-05-31,112,264,0.42424242424242425,middle,"[90, 120)"
15967,PF_0024700,080400,1,2025-01-07,6,0,0,115.0,18.0,,,,19.6,,,6,False,7546,2024년_딸기(설향),2024-09-10,2025-05-31,119,264,0.45075757575757575,middle,"[90, 120)"
15994,PF_0024700,080400,2,2025-01-07,7,0,0,135.0,15.0,,,,17.0,,,7,False,7546,2024년_딸기(설향),2024-09-10,2025-05-31,119,264,0.45075757575757575,middle,"[90, 120)"
16021,PF_0024700,080400,3,2025-01-07,10,0,0,122.0,16.0,,,,18.0,,,10,False,7546,2024년_딸기(설향),2024-09-10,2025-05-31,119,264,0.45075757575757575,middle,"[90, 120)"
16048,PF_0024700,080400,4,2025-01-07,7,0,0,114.0,13.0,,,,18.1,,,7,False,7546,2024년_딸기(설향),2024-09-10,2025-05-31,119,264,0.45075757575757575,middle,"[90, 120)"
16075,PF_0024700,080400,5,2025-01-07,2,0,0,140.0,13.0,,,,19.0,,,2,False,7546,2024년_딸기(설향),2024-09-10,2025-05-31,119,264,0.45075757575757575,middle,"[90, 120)"
16102,PF_0024700,080400,6,2025-01-07,3,0,0,142.0,12.0,,,,18.7,,,3,False,7546,2024년_딸기(설향),2024-09-10,2025-05-31,119,264,0.45075757575757575,middle,"[90, 120)"
16129,PF_0024700,080400,7,2025-01-07,8,0,0,134.0,11.0,,,,18.4,,,8,False,7546,2024년_딸기(설향),2024-09-10,2025-05-31,119,264,0.45075757575757575,middle,"[90, 120)"
16156,PF_0024700,080400,8,2025-01-07,9,1,0,152.0,7.0,,,,20.0,,,10,False,7546,2024년_딸기(설향),2024-09-10,2025-05-31,119,264,0.45075757575757575,middle,"[90, 120)"
16183,PF_0024700,080400,9,2025-01-07,7,2,0,160.0,12.0,,,,20.0,,,9,False,7546,2024년_딸기(설향),2024-09-10,2025-05-31,119,264,0.45075757575757575,middle,"[90, 120)"
15968,PF_0024700,080400,1,2025-01-14,0,2,0,122.0,10.0,,,,21.0,,,2,False,7546,2024년_딸기(설향),2024-09-10,2025-05-31,126,264,0.4772727272727273,middle,"[120, 150)"
15995,PF_0024700,080400,2,2025-01-14,7,0,0,80.0,10.0,,,,17.2,,,7,False,7546,2024년_딸기(설향),2024-09-10,2025-05-31,126,264,0.4772727272727273,middle,"[120, 150)"
16022,PF_0024700,080400,3,2025-01-14,10,1,0,132.0,12.0,,,,18.6,,,11,False,7546,2024년_딸기(설향),2024-09-10,2025-05-31,126,264,0.4772727272727273,middle,"[120, 150)"
16049,PF_0024700,080400,4,2025-01-14,8,2,1,105.0,10.0,,,,18.3,,,11,False,7546,2024년_딸기(설향),2024-09-10,2025-05-31,126,264,0.4772727272727273,middle,"[120, 150)"
16076,PF_0024700,080400,5,2025-01-14,9,2,0,152.0,13.0,,,,20.0,,,11,False,7546,2024년_딸기(설향),2024-09-10,2025-05-31,126,264,0.4772727272727273,middle,"[120, 150)"
16103,PF_0024700,080400,6,2025-01-14,0,0,0,117.0,9.0,,,,19.2,,,0,True,7546,2024년_딸기(설향),2024-09-10,2025-05-31,126,264,0.4772727272727273,middle,"[120, 150)"
16130,PF_0024700,080400,7,2025-01-14,10,2,0,77.0,9.0,,,,20.4,,,12,False,7546,2024년_딸기(설향),2024-09-10,2025-05-31,126,264,0.4772727272727273,middle,"[120, 150)"
16157,PF_0024700,080400,8,2025-01-14,0,6,0,109.0,8.0,,,,20.7,,,6,False,7546,2024년_딸기(설향),2024-09-10,2025-05-31,126,264,0.4772727272727273,middle,"[120, 150)"
16184,PF_0024700,080400,9,2025-01-14,0,2,0,122.0,10.0,,,,21.0,,,2,False,7546,2024년_딸기(설향),2024-09-10,2025-05-31,126,264,0.4772727272727273,middle,"[120, 150)"
15969,PF_0024700,080400,1,2025-01-22,0,0,0,112.0,13.0,,,,22.9,,,0,True,7546,2024년_딸기(설향),2024-09-10,2025-05-31,134,264,0.5075757575757576,middle,"[120, 150)"
15996,PF_0024700,080400,2,2025-01-22,2,6,3,77.0,15.0,,,,17.8,,,11,False,7546,2024년_딸기(설향),2024-09-10,2025-05-31,134,264,0.5075757575757576,middle,"[120, 150)"
16023,PF_0024700,080400,3,2025-01-22,7,5,3,119.0,14.0,,,,19.8,,,15,False,7546,2024년_딸기(설향),2024-09-10,2025-05-31,134,264,0.5075757575757576,middle,"[120, 150)"
16050,PF_0024700,080400,4,2025-01-22,4,5,1,120.0,13.0,,,,20.0,,,10,False,7546,2024년_딸기(설향),2024-09-10,2025-05-31,134,264,0.5075757575757576,middle,"[120, 150)"
16077,PF_0024700,080400,5,2025-01-22,12,3,0,165.0,16.0,,,,22.0,,,15,False,7546,2024년_딸기(설향),2024-09-10,2025-05-31,134,264,0.5075757575757576,middle,"[120, 150)"
16104,PF_0024700,080400,6,2025-01-22,0,0,0,96.0,9.0,,,,21.8,,,0,True,7546,2024년_딸기(설향),2024-09-10,2025-05-31,134,264,0.5075757575757576,middle,"[120, 150)"
16131,PF_0024700,080400,7,2025-01-22,4,6,4,82.0,9.0,,,,20.4,,,14,False,7546,2024년_딸기(설향),2024-09-10,2025-05-31,134,264,0.5075757575757576,middle,"[120, 150)"
16158,PF_0024700,080400,8,2025-01-22,0,6,0,109.0,12.0,,,,22.9,,,6,False,7546,2024년_딸기(설향),2024-09-10,2025-05-31,134,264,0.5075757575757576,middle,"[120, 150)"
16185,PF_0024700,080400,9,2025-01-22,0,6,0,145.0,9.0,,,,21.8,,,6,False,7546,2024년_딸기(설향),2024-09-10,2025-05-31,134,264,0.5075757575757576,middle,"[120, 150)"
15970,PF_0024700,080400,1,2025-01-27,0,0,1,120.0,10.0,,,,23.2,,,1,False,7546,2024년_딸기(설향),2024-09-10,2025-05-31,139,264,0.5265151515151515,middle,"[120, 150)"
15997,PF_0024700,080400,2,2025-01-27,0,1,7,88.0,15.0,,,,18.2,,,8,False,7546,2024년_딸기(설향),2024-09-10,2025-05-31,139,264,0.5265151515151515,middle,"[120, 150)"
16024,PF_0024700,080400,3,2025-01-27,4,5,5,123.0,14.0,,,,20.4,,,14,False,7546,2024년_딸기(설향),2024-09-10,2025-05-31,139,264,0.5265151515151515,middle,"[120, 150)"
16051,PF_0024700,080400,4,2025-01-27,0,5,3,123.0,13.0,,,,20.5,,,8,False,7546,2024년_딸기(설향),2024-09-10,2025-05-31,139,264,0.5265151515151515,middle,"[120, 150)"
16078,PF_0024700,080400,5,2025-01-27,7,7,0,100.0,16.0,,,,22.0,,,14,False,7546,2024년_딸기(설향),2024-09-10,2025-05-31,139,264,0.5265151515151515,middle,"[120, 150)"
16105,PF_0024700,080400,6,2025-01-27,0,5,0,100.0,9.0,,,,22.2,,,5,False,7546,2024년_딸기(설향),2024-09-10,2025-05-31,139,264,0.5265151515151515,middle,"[120, 150)"
16132,PF_0024700,080400,7,2025-01-27,0,0,0,91.0,9.0,,,,21.0,,,0,True,7546,2024년_딸기(설향),2024-09-10,2025-05-31,139,264,0.5265151515151515,middle,"[120, 150)"
16159,PF_0024700,080400,8,2025-01-27,0,7,1,112.0,12.0,,,,23.0,,,8,False,7546,2024년_딸기(설향),2024-09-10,2025-05-31,139,264,0.5265151515151515,middle,"[120, 150)"
16186,PF_0024700,080400,9,2025-01-27,0,7,0,148.0,9.0,,,,22.1,,,7,False,7546,2024년_딸기(설향),2024-09-10,2025-05-31,139,264,0.5265151515151515,middle,"[120, 150)"
15971,PF_0024700,080400,1,2025-02-04,0,3,1,124.0,10.0,,,,23.6,,,4,False,7546,2024년_딸기(설향),2024-09-10,2025-05-31,147,264,0.5568181818181818,middle,"[120, 150)"
15998,PF_0024700,080400,2,2025-02-04,0,0,7,89.0,15.0,,,,19.7,,,7,False,7546,2024년_딸기(설향),2024-09-10,2025-05-31,147,264,0.5568181818181818,middle,"[120, 150)"
16025,PF_0024700,080400,3,2025-02-04,2,5,11,125.0,14.0,,,,20.6,,,18,False,7546,2024년_딸기(설향),2024-09-10,2025-05-31,147,264,0.5568181818181818,middle,"[120, 150)"
16052,PF_0024700,080400,4,2025-02-04,0,10,2,125.0,13.0,,,,21.4,,,12,False,7546,2024년_딸기(설향),2024-09-10,2025-05-31,147,264,0.5568181818181818,middle,"[120, 150)"
16079,PF_0024700,080400,5,2025-02-04,0,12,3,159.0,16.0,,,,24.0,,,15,False,7546,2024년_딸기(설향),2024-09-10,2025-05-31,147,264,0.5568181818181818,middle,"[120, 150)"
16106,PF_0024700,080400,6,2025-02-04,0,5,4,100.0,9.0,,,,23.3,,,9,False,7546,2024년_딸기(설향),2024-09-10,2025-05-31,147,264,0.5568181818181818,middle,"[120, 150)"
16133,PF_0024700,080400,7,2025-02-04,0,0,6,95.0,9.0,,,,21.2,,,6,False,7546,2024년_딸기(설향),2024-09-10,2025-05-31,147,264,0.5568181818181818,middle,"[120, 150)"
16160,PF_0024700,080400,8,2025-02-04,0,7,2,110.0,12.0,,,,23.4,,,9,False,7546,2024년_딸기(설향),2024-09-10,2025-05-31,147,264,0.5568181818181818,middle,"[120, 150)"
16187,PF_0024700,080400,9,2025-02-04,0,7,1,148.0,9.0,,,,23.0,,,8,False,7546,2024년_딸기(설향),2024-09-10,2025-05-31,147,264,0.5568181818181818,middle,"[120, 150)"
15972,PF_0024700,080400,1,2025-02-11,0,5,4,125.0,12.0,,,,23.6,,,9,False,7546,2024년_딸기(설향),2024-09-10,2025-05-31,154,264,0.5833333333333334,middle,"[150, 180)"
15999,PF_0024700,080400,2,2025-02-11,0,0,7,89.0,15.0,,,,20.5,,,7,False,7546,2024년_딸기(설향),2024-09-10,2025-05-31,154,264,0.5833333333333334,middle,"[150, 180)"
16026,PF_0024700,080400,3,2025-02-11,2,7,12,131.0,16.0,,,,22.5,,,21,False,7546,2024년_딸기(설향),2024-09-10,2025-05-31,154,264,0.5833333333333334,middle,"[150, 180)"
16053,PF_0024700,080400,4,2025-02-11,0,10,6,126.0,15.0,,,,21.8,,,16,False,7546,2024년_딸기(설향),2024-09-10,2025-05-31,154,264,0.5833333333333334,middle,"[150, 180)"
16080,PF_0024700,080400,5,2025-02-11,0,20,22,162.0,16.0,,,,24.0,,,42,False,7546,2024년_딸기(설향),2024-09-10,2025-05-31,154,264,0.5833333333333334,middle,"[150, 180)"
16107,PF_0024700,080400,6,2025-02-11,0,10,5,102.0,10.0,,,,23.8,,,15,False,7546,2024년_딸기(설향),2024-09-10,2025-05-31,154,264,0.5833333333333334,middle,"[150, 180)"
16134,PF_0024700,080400,7,2025-02-11,0,0,10,95.0,12.0,,,,21.7,,,10,False,7546,2024년_딸기(설향),2024-09-10,2025-05-31,154,264,0.5833333333333334,middle,"[150, 180)"
16161,PF_0024700,080400,8,2025-02-11,0,14,1,109.0,15.0,,,,23.4,,,15,False,7546,2024년_딸기(설향),2024-09-10,2025-05-31,154,264,0.5833333333333334,middle,"[150, 180)"
16188,PF_0024700,080400,9,2025-02-11,0,4,4,148.0,9.0,,,,23.0,,,8,False,7546,2024년_딸기(설향),2024-09-10,2025-05-31,154,264,0.5833333333333334,middle,"[150, 180)"
15973,PF_0024700,080400,1,2025-02-18,0,3,3,100.0,12.0,,,,23.6,,,6,False,7546,2024년_딸기(설향),2024-09-10,2025-05-31,161,264,0.6098484848484849,middle,"[150, 180)"
16000,PF_0024700,080400,2,2025-02-18,0,7,7,86.0,12.0,,,,21.2,,,14,False,7546,2024년_딸기(설향),2024-09-10,2025-05-31,161,264,0.6098484848484849,middle,"[150, 180)"
16027,PF_0024700,080400,3,2025-02-18,0,0,8,133.0,12.0,,,,23.0,,,8,False,7546,2024년_딸기(설향),2024-09-10,2025-05-31,161,264,0.6098484848484849,middle,"[150, 180)"
16054,PF_0024700,080400,4,2025-02-18,0,4,8,122.0,11.0,,,,22.1,,,12,False,7546,2024년_딸기(설향),2024-09-10,2025-05-31,161,264,0.6098484848484849,middle,"[150, 180)"
16081,PF_0024700,080400,5,2025-02-18,0,23,17,67.0,12.0,,,,24.0,,,40,False,7546,2024년_딸기(설향),2024-09-10,2025-05-31,161,264,0.6098484848484849,middle,"[150, 180)"
16108,PF_0024700,080400,6,2025-02-18,0,7,5,85.0,10.0,,,,23.9,,,12,False,7546,2024년_딸기(설향),2024-09-10,2025-05-31,161,264,0.6098484848484849,middle,"[150, 180)"
16135,PF_0024700,080400,7,2025-02-18,0,0,10,77.0,12.0,,,,21.8,,,10,False,7546,2024년_딸기(설향),2024-09-10,2025-05-31,161,264,0.6098484848484849,middle,"[150, 180)"
16162,PF_0024700,080400,8,2025-02-18,0,3,1,110.0,10.0,,,,23.5,,,4,False,7546,2024년_딸기(설향),2024-09-10,2025-05-31,161,264,0.6098484848484849,middle,"[150, 180)"
16189,PF_0024700,080400,9,2025-02-18,0,3,3,150.0,9.0,,,,23.4,,,6,False,7546,2024년_딸기(설향),2024-09-10,2025-05-31,161,264,0.6098484848484849,middle,"[150, 180)"
15974,PF_0024700,080400,1,2025-02-25,0,3,6,97.0,9.0,,,,23.7,,,9,False,7546,2024년_딸기(설향),2024-09-10,2025-05-31,168,264,0.6363636363636364,middle,"[150, 180)"
16001,PF_0024700,080400,2,2025-02-25,0,0,5,78.0,11.0,,,,21.2,,,5,False,7546,2024년_딸기(설향),2024-09-10,2025-05-31,168,264,0.6363636363636364,middle,"[150, 180)"
16028,PF_0024700,080400,3,2025-02-25,0,0,6,135.0,13.0,,,,23.0,,,6,False,7546,2024년_딸기(설향),2024-09-10,2025-05-31,168,264,0.6363636363636364,middle,"[150, 180)"
16055,PF_0024700,080400,4,2025-02-25,0,0,9,129.0,11.0,,,,22.8,,,9,False,7546,2024년_딸기(설향),2024-09-10,2025-05-31,168,264,0.6363636363636364,middle,"[150, 180)"
16082,PF_0024700,080400,5,2025-02-25,0,27,14,74.0,11.0,,,,24.0,,,41,False,7546,2024년_딸기(설향),2024-09-10,2025-05-31,168,264,0.6363636363636364,middle,"[150, 180)"
16109,PF_0024700,080400,6,2025-02-25,0,9,11,89.0,13.0,,,,24.2,,,20,False,7546,2024년_딸기(설향),2024-09-10,2025-05-31,168,264,0.6363636363636364,middle,"[150, 180)"
16136,PF_0024700,080400,7,2025-02-25,0,0,15,83.0,12.0,,,,21.9,,,15,False,7546,2024년_딸기(설향),2024-09-10,2025-05-31,168,264,0.6363636363636364,middle,"[150, 180)"
16163,PF_0024700,080400,8,2025-02-25,0,3,2,101.0,0.0,,,,23.8,,,5,False,7546,2024년_딸기(설향),2024-09-10,2025-05-31,168,264,0.6363636363636364,middle,"[150, 180)"
16190,PF_0024700,080400,9,2025-02-25,0,0,3,151.0,0.0,,,,23.6,,,3,False,7546,2024년_딸기(설향),2024-09-10,2025-05-31,168,264,0.6363636363636364,middle,"[150, 180)"
15975,PF_0024700,080400,1,2025-03-05,0,2,6,130.0,12.0,,,,23.7,,,8,False,7546,2024년_딸기(설향),2024-09-10,2025-05-31,176,264,0.6666666666666666,late,"[150, 180)"
16002,PF_0024700,080400,2,2025-03-05,0,0,3,78.0,12.0,,,,21.4,,,3,False,7546,2024년_딸기(설향),2024-09-10,2025-05-31,176,264,0.6666666666666666,late,"[150, 180)"
16029,PF_0024700,080400,3,2025-03-05,0,0,5,132.0,14.0,,,,23.4,,,5,False,7546,2024년_딸기(설향),2024-09-10,2025-05-31,176,264,0.6666666666666666,late,"[150, 180)"
16056,PF_0024700,080400,4,2025-03-05,0,0,3,115.0,12.0,,,,22.8,,,3,False,7546,2024년_딸기(설향),2024-09-10,2025-05-31,176,264,0.6666666666666666,late,"[150, 180)"
16083,PF_0024700,080400,5,2025-03-05,0,6,14,80.0,15.0,,,,24.0,,,20,False,7546,2024년_딸기(설향),2024-09-10,2025-05-31,176,264,0.6666666666666666,late,"[150, 180)"
16110,PF_0024700,080400,6,2025-03-05,0,3,8,89.0,13.0,,,,24.8,,,11,False,7546,2024년_딸기(설향),2024-09-10,2025-05-31,176,264,0.6666666666666666,late,"[150, 180)"
16137,PF_0024700,080400,7,2025-03-05,0,0,3,85.0,12.0,,,,22.4,,,3,False,7546,2024년_딸기(설향),2024-09-10,2025-05-31,176,264,0.6666666666666666,late,"[150, 180)"
16164,PF_0024700,080400,8,2025-03-05,0,3,2,113.0,11.0,,,,23.8,,,5,False,7546,2024년_딸기(설향),2024-09-10,2025-05-31,176,264,0.6666666666666666,late,"[150, 180)"
16191,PF_0024700,080400,9,2025-03-05,0,0,3,151.0,12.0,,,,23.6,,,3,False,7546,2024년_딸기(설향),2024-09-10,2025-05-31,176,264,0.6666666666666666,late,"[150, 180)"
15976,PF_0024700,080400,1,2025-03-11,0,0,6,93.0,14.0,,,,23.9,,,6,False,7546,2024년_딸기(설향),2024-09-10,2025-05-31,182,264,0.6893939393939394,late,"[180, 210)"
16003,PF_0024700,080400,2,2025-03-11,0,0,3,79.0,13.0,,,,21.4,,,3,False,7546,2024년_딸기(설향),2024-09-10,2025-05-31,182,264,0.6893939393939394,late,"[180, 210)"
16030,PF_0024700,080400,3,2025-03-11,0,0,3,134.0,16.0,,,,24.0,,,3,False,7546,2024년_딸기(설향),2024-09-10,2025-05-31,182,264,0.6893939393939394,late,"[180, 210)"
16057,PF_0024700,080400,4,2025-03-11,0,0,1,115.0,14.0,,,,23.2,,,1,False,7546,2024년_딸기(설향),2024-09-10,2025-05-31,182,264,0.6893939393939394,late,"[180, 210)"
16084,PF_0024700,080400,5,2025-03-11,0,4,9,80.0,16.0,,,,24.0,,,13,False,7546,2024년_딸기(설향),2024-09-10,2025-05-31,182,264,0.6893939393939394,late,"[180, 210)"
16111,PF_0024700,080400,6,2025-03-11,3,10,0,92.0,14.0,,,,25.8,,,13,False,7546,2024년_딸기(설향),2024-09-10,2025-05-31,182,264,0.6893939393939394,late,"[180, 210)"
16138,PF_0024700,080400,7,2025-03-11,0,0,0,86.0,13.0,,,,22.4,,,0,True,7546,2024년_딸기(설향),2024-09-10,2025-05-31,182,264,0.6893939393939394,late,"[180, 210)"
16165,PF_0024700,080400,8,2025-03-11,0,3,2,117.0,12.0,,,,23.8,,,5,False,7546,2024년_딸기(설향),2024-09-10,2025-05-31,182,264,0.6893939393939394,late,"[180, 210)"
16192,PF_0024700,080400,9,2025-03-11,0,0,3,141.0,12.0,,,,23.8,,,3,False,7546,2024년_딸기(설향),2024-09-10,2025-05-31,182,264,0.6893939393939394,late,"[180, 210)"
15977,PF_0024700,080400,1,2025-03-18,0,0,0,96.0,18.0,,,,23.9,,,0,True,7546,2024년_딸기(설향),2024-09-10,2025-05-31,189,264,0.7159090909090909,late,"[180, 210)"
16004,PF_0024700,080400,2,2025-03-18,0,0,0,82.0,15.0,,,,22.3,,,0,True,7546,2024년_딸기(설향),2024-09-10,2025-05-31,189,264,0.7159090909090909,late,"[180, 210)"
16031,PF_0024700,080400,3,2025-03-18,0,0,2,116.0,18.0,,,,24.0,,,2,False,7546,2024년_딸기(설향),2024-09-10,2025-05-31,189,264,0.7159090909090909,late,"[180, 210)"
16058,PF_0024700,080400,4,2025-03-18,0,0,0,116.0,17.0,,,,23.5,,,0,True,7546,2024년_딸기(설향),2024-09-10,2025-05-31,189,264,0.7159090909090909,late,"[180, 210)"
16085,PF_0024700,080400,5,2025-03-18,0,3,6,80.0,16.0,,,,24.0,,,9,False,7546,2024년_딸기(설향),2024-09-10,2025-05-31,189,264,0.7159090909090909,late,"[180, 210)"
16112,PF_0024700,080400,6,2025-03-18,0,0,7,82.0,17.0,,,,26.0,,,7,False,7546,2024년_딸기(설향),2024-09-10,2025-05-31,189,264,0.7159090909090909,late,"[180, 210)"
16139,PF_0024700,080400,7,2025-03-18,0,0,0,112.0,15.0,,,,22.4,,,0,True,7546,2024년_딸기(설향),2024-09-10,2025-05-31,189,264,0.7159090909090909,late,"[180, 210)"
16166,PF_0024700,080400,8,2025-03-18,0,3,2,117.0,14.0,,,,23.8,,,5,False,7546,2024년_딸기(설향),2024-09-10,2025-05-31,189,264,0.7159090909090909,late,"[180, 210)"
16193,PF_0024700,080400,9,2025-03-18,0,0,0,142.0,12.0,,,,24.0,,,0,True,7546,2024년_딸기(설향),2024-09-10,2025-05-31,189,264,0.7159090909090909,late,"[180, 210)"
15978,PF_0024700,080400,1,2025-03-25,0,0,0,0.0,0.0,,,,0.0,,,0,True,7546,2024년_딸기(설향),2024-09-10,2025-05-31,196,264,0.7424242424242424,late,"[180, 210)"
16005,PF_0024700,080400,2,2025-03-25,0,0,0,81.0,12.0,,,,22.3,,,0,True,7546,2024년_딸기(설향),2024-09-10,2025-05-31,196,264,0.7424242424242424,late,"[180, 210)"
16032,PF_0024700,080400,3,2025-03-25,0,0,0,0.0,0.0,,,,0.0,,,0,True,7546,2024년_딸기(설향),2024-09-10,2025-05-31,196,264,0.7424242424242424,late,"[180, 210)"
16059,PF_0024700,080400,4,2025-03-25,0,0,0,0.0,11.0,,,,0.0,,,0,True,7546,2024년_딸기(설향),2024-09-10,2025-05-31,196,264,0.7424242424242424,late,"[180, 210)"
16086,PF_0024700,080400,5,2025-03-25,0,0,0,0.0,0.0,,,,0.0,,,0,True,7546,2024년_딸기(설향),2024-09-10,2025-05-31,196,264,0.7424242424242424,late,"[180, 210)"
16113,PF_0024700,080400,6,2025-03-25,0,0,0,0.0,0.0,,,,0.0,,,0,True,7546,2024년_딸기(설향),2024-09-10,2025-05-31,196,264,0.7424242424242424,late,"[180, 210)"
16140,PF_0024700,080400,7,2025-03-25,0,0,0,80.0,11.0,,,,22.8,,,0,True,7546,2024년_딸기(설향),2024-09-10,2025-05-31,196,264,0.7424242424242424,late,"[180, 210)"
16167,PF_0024700,080400,8,2025-03-25,0,2,3,106.0,11.0,,,,23.8,,,5,False,7546,2024년_딸기(설향),2024-09-10,2025-05-31,196,264,0.7424242424242424,late,"[180, 210)"
16194,PF_0024700,080400,9,2025-03-25,0,0,0,90.0,10.0,,,,24.0,,,0,True,7546,2024년_딸기(설향),2024-09-10,2025-05-31,196,264,0.7424242424242424,late,"[180, 210)"
15979,PF_0024700,080400,1,2025-04-01,0,0,0,0.0,0.0,,,,0.0,,,0,True,7546,2024년_딸기(설향),2024-09-10,2025-05-31,203,264,0.7689393939393939,late,"[180, 210)"
16006,PF_0024700,080400,2,2025-04-01,0,0,0,78.0,14.0,,,,22.6,,,0,True,7546,2024년_딸기(설향),2024-09-10,2025-05-31,203,264,0.7689393939393939,late,"[180, 210)"
16033,PF_0024700,080400,3,2025-04-01,0,0,0,0.0,0.0,,,,0.0,,,0,True,7546,2024년_딸기(설향),2024-09-10,2025-05-31,203,264,0.7689393939393939,late,"[180, 210)"
16060,PF_0024700,080400,4,2025-04-01,0,0,0,0.0,12.0,,,,0.0,,,0,True,7546,2024년_딸기(설향),2024-09-10,2025-05-31,203,264,0.7689393939393939,late,"[180, 210)"
16087,PF_0024700,080400,5,2025-04-01,0,0,0,0.0,0.0,,,,0.0,,,0,True,7546,2024년_딸기(설향),2024-09-10,2025-05-31,203,264,0.7689393939393939,late,"[180, 210)"
16114,PF_0024700,080400,6,2025-04-01,0,0,0,0.0,0.0,,,,0.0,,,0,True,7546,2024년_딸기(설향),2024-09-10,2025-05-31,203,264,0.7689393939393939,late,"[180, 210)"
16141,PF_0024700,080400,7,2025-04-01,0,0,0,0.0,0.0,,,,0.0,,,0,True,7546,2024년_딸기(설향),2024-09-10,2025-05-31,203,264,0.7689393939393939,late,"[180, 210)"
16168,PF_0024700,080400,8,2025-04-01,0,0,0,0.0,0.0,,,,0.0,,,0,True,7546,2024년_딸기(설향),2024-09-10,2025-05-31,203,264,0.7689393939393939,late,"[180, 210)"
16195,PF_0024700,080400,9,2025-04-01,0,0,0,91.0,12.0,,,,24.0,,,0,True,7546,2024년_딸기(설향),2024-09-10,2025-05-31,203,264,0.7689393939393939,late,"[180, 210)"
15980,PF_0024700,080400,1,2025-04-08,0,0,0,0.0,0.0,,,,0.0,,,0,True,7546,2024년_딸기(설향),2024-09-10,2025-05-31,210,264,0.7954545454545454,late,"[210, 240)"
16007,PF_0024700,080400,2,2025-04-08,0,0,0,79.0,13.0,,,,22.6,,,0,True,7546,2024년_딸기(설향),2024-09-10,2025-05-31,210,264,0.7954545454545454,late,"[210, 240)"
16034,PF_0024700,080400,3,2025-04-08,0,0,0,0.0,0.0,,,,0.0,,,0,True,7546,2024년_딸기(설향),2024-09-10,2025-05-31,210,264,0.7954545454545454,late,"[210, 240)"
16061,PF_0024700,080400,4,2025-04-08,0,0,0,0.0,12.0,,,,0.0,,,0,True,7546,2024년_딸기(설향),2024-09-10,2025-05-31,210,264,0.7954545454545454,late,"[210, 240)"
16088,PF_0024700,080400,5,2025-04-08,0,0,0,0.0,0.0,,,,0.0,,,0,True,7546,2024년_딸기(설향),2024-09-10,2025-05-31,210,264,0.7954545454545454,late,"[210, 240)"
16115,PF_0024700,080400,6,2025-04-08,0,0,0,0.0,0.0,,,,0.0,,,0,True,7546,2024년_딸기(설향),2024-09-10,2025-05-31,210,264,0.7954545454545454,late,"[210, 240)"
16142,PF_0024700,080400,7,2025-04-08,0,0,0,0.0,0.0,,,,0.0,,,0,True,7546,2024년_딸기(설향),2024-09-10,2025-05-31,210,264,0.7954545454545454,late,"[210, 240)"
16169,PF_0024700,080400,8,2025-04-08,0,0,0,0.0,0.0,,,,0.0,,,0,True,7546,2024년_딸기(설향),2024-09-10,2025-05-31,210,264,0.7954545454545454,late,"[210, 240)"
16196,PF_0024700,080400,9,2025-04-08,0,0,0,0.0,0.0,,,,0.0,,,0,True,7546,2024년_딸기(설향),2024-09-10,2025-05-31,210,264,0.7954545454545454,late,"[210, 240)"
31359,PF_0024806,080400,1,2026-04-01,0,0,3,92.0,12.0,,,,29.08,,,3,False,9046,2025년_딸기(킴스베리),2025-09-08,2026-05-30,205,265,0.7735849056603774,late,"[180, 210)"
31431,PF_0024806,080400,3,2026-04-01,0,0,2,94.0,9.0,,,,36.21,,,2,False,9046,2025년_딸기(킴스베리),2025-09-08,2026-05-30,205,265,0.7735849056603774,late,"[180, 210)"
31467,PF_0024806,080400,4,2026-04-01,0,0,0,80.0,10.0,,,,32.89,,,0,True,9046,2025년_딸기(킴스베리),2025-09-08,2026-05-30,205,265,0.7735849056603774,late,"[180, 210)"
31503,PF_0024806,080400,5,2026-04-01,0,0,1,104.0,7.0,,,,35.03,,,1,False,9046,2025년_딸기(킴스베리),2025-09-08,2026-05-30,205,265,0.7735849056603774,late,"[180, 210)"
31539,PF_0024806,080400,6,2026-04-01,0,0,0,88.0,10.0,,,,39.47,,,0,True,9046,2025년_딸기(킴스베리),2025-09-08,2026-05-30,205,265,0.7735849056603774,late,"[180, 210)"
31611,PF_0024806,080400,8,2026-04-01,0,0,0,97.0,10.0,,,,39.78,,,0,True,9046,2025년_딸기(킴스베리),2025-09-08,2026-05-30,205,265,0.7735849056603774,late,"[180, 210)"
31647,PF_0024806,080400,9,2026-04-01,0,0,0,100.0,8.0,,,,33.74,,,0,True,9046,2025년_딸기(킴스베리),2025-09-08,2026-05-30,205,265,0.7735849056603774,late,"[180, 210)"
31360,PF_0024806,080400,1,2026-04-08,0,0,3,120.0,7.0,,,,29.1,,,3,False,9046,2025년_딸기(킴스베리),2025-09-08,2026-05-30,212,265,0.8,late,"[210, 240)"
31396,PF_0024806,080400,2,2026-04-08,0,0,1,92.0,7.0,,,,34.55,,,1,False,9046,2025년_딸기(킴스베리),2025-09-08,2026-05-30,212,265,0.8,late,"[210, 240)"
31432,PF_0024806,080400,3,2026-04-08,0,0,1,107.0,9.0,,,,36.23,,,1,False,9046,2025년_딸기(킴스베리),2025-09-08,2026-05-30,212,265,0.8,late,"[210, 240)"
31468,PF_0024806,080400,4,2026-04-08,0,0,0,85.0,9.0,,,,32.9,,,0,True,9046,2025년_딸기(킴스베리),2025-09-08,2026-05-30,212,265,0.8,late,"[210, 240)"
31504,PF_0024806,080400,5,2026-04-08,0,0,0,110.0,5.0,,,,35.06,,,0,True,9046,2025년_딸기(킴스베리),2025-09-08,2026-05-30,212,265,0.8,late,"[210, 240)"
31540,PF_0024806,080400,6,2026-04-08,0,0,0,92.0,5.0,,,,39.48,,,0,True,9046,2025년_딸기(킴스베리),2025-09-08,2026-05-30,212,265,0.8,late,"[210, 240)"
31612,PF_0024806,080400,8,2026-04-08,0,0,0,90.0,11.0,,,,39.78,,,0,True,9046,2025년_딸기(킴스베리),2025-09-08,2026-05-30,212,265,0.8,late,"[210, 240)"
31648,PF_0024806,080400,9,2026-04-08,0,0,0,109.0,10.0,,,,33.77,,,0,True,9046,2025년_딸기(킴스베리),2025-09-08,2026-05-30,212,265,0.8,late,"[210, 240)"
31361,PF_0024806,080400,1,2026-04-15,0,0,3,118.0,10.0,,,,30.15,,,3,False,9046,2025년_딸기(킴스베리),2025-09-08,2026-05-30,219,265,0.8264150943396227,late,"[210, 240)"
31397,PF_0024806,080400,2,2026-04-15,0,0,2,101.0,11.0,,,,34.56,,,2,False,9046,2025년_딸기(킴스베리),2025-09-08,2026-05-30,219,265,0.8264150943396227,late,"[210, 240)"
31433,PF_0024806,080400,3,2026-04-15,0,0,0,110.0,9.0,,,,36.27,,,0,True,9046,2025년_딸기(킴스베리),2025-09-08,2026-05-30,219,265,0.8264150943396227,late,"[210, 240)"
31469,PF_0024806,080400,4,2026-04-15,0,0,0,95.0,9.0,,,,33.21,,,0,True,9046,2025년_딸기(킴스베리),2025-09-08,2026-05-30,219,265,0.8264150943396227,late,"[210, 240)"
31505,PF_0024806,080400,5,2026-04-15,0,0,0,111.0,6.0,,,,35.02,,,0,True,9046,2025년_딸기(킴스베리),2025-09-08,2026-05-30,219,265,0.8264150943396227,late,"[210, 240)"
31541,PF_0024806,080400,6,2026-04-15,0,0,0,100.0,6.0,,,,39.53,,,0,True,9046,2025년_딸기(킴스베리),2025-09-08,2026-05-30,219,265,0.8264150943396227,late,"[210, 240)"
31613,PF_0024806,080400,8,2026-04-15,0,0,0,98.0,11.0,,,,39.79,,,0,True,9046,2025년_딸기(킴스베리),2025-09-08,2026-05-30,219,265,0.8264150943396227,late,"[210, 240)"
31649,PF_0024806,080400,9,2026-04-15,0,0,0,104.0,10.0,,,,33.78,,,0,True,9046,2025년_딸기(킴스베리),2025-09-08,2026-05-30,219,265,0.8264150943396227,late,"[210, 240)"
31362,PF_0024806,080400,1,2026-04-22,0,0,3,125.0,11.0,,,,30.17,,,3,False,9046,2025년_딸기(킴스베리),2025-09-08,2026-05-30,226,265,0.8528301886792453,late,"[210, 240)"
31398,PF_0024806,080400,2,2026-04-22,0,0,6,115.0,11.0,,,,34.55,,,6,False,9046,2025년_딸기(킴스베리),2025-09-08,2026-05-30,226,265,0.8528301886792453,late,"[210, 240)"
31434,PF_0024806,080400,3,2026-04-22,0,0,0,115.0,9.0,,,,36.29,,,0,True,9046,2025년_딸기(킴스베리),2025-09-08,2026-05-30,226,265,0.8528301886792453,late,"[210, 240)"
31470,PF_0024806,080400,4,2026-04-22,0,0,0,107.0,11.0,,,,33.23,,,0,True,9046,2025년_딸기(킴스베리),2025-09-08,2026-05-30,226,265,0.8528301886792453,late,"[210, 240)"
31506,PF_0024806,080400,5,2026-04-22,0,0,0,124.0,6.0,,,,35.06,,,0,True,9046,2025년_딸기(킴스베리),2025-09-08,2026-05-30,226,265,0.8528301886792453,late,"[210, 240)"
31542,PF_0024806,080400,6,2026-04-22,0,0,0,110.0,5.0,,,,39.54,,,0,True,9046,2025년_딸기(킴스베리),2025-09-08,2026-05-30,226,265,0.8528301886792453,late,"[210, 240)"
31614,PF_0024806,080400,8,2026-04-22,0,0,0,106.0,13.0,,,,39.8,,,0,True,9046,2025년_딸기(킴스베리),2025-09-08,2026-05-30,226,265,0.8528301886792453,late,"[210, 240)"
31650,PF_0024806,080400,9,2026-04-22,0,0,0,118.0,9.0,,,,33.79,,,0,True,9046,2025년_딸기(킴스베리),2025-09-08,2026-05-30,226,265,0.8528301886792453,late,"[210, 240)"
31363,PF_0024806,080400,1,2026-04-29,0,0,2,125.0,11.0,,,,30.17,,,2,False,9046,2025년_딸기(킴스베리),2025-09-08,2026-05-30,233,265,0.879245283018868,late,"[210, 240)"
31399,PF_0024806,080400,2,2026-04-29,0,0,9,120.0,13.0,,,,34.58,,,9,False,9046,2025년_딸기(킴스베리),2025-09-08,2026-05-30,233,265,0.879245283018868,late,"[210, 240)"
31435,PF_0024806,080400,3,2026-04-29,0,0,0,120.0,9.0,,,,36.3,,,0,True,9046,2025년_딸기(킴스베리),2025-09-08,2026-05-30,233,265,0.879245283018868,late,"[210, 240)"
31471,PF_0024806,080400,4,2026-04-29,0,0,0,107.0,12.0,,,,33.28,,,0,True,9046,2025년_딸기(킴스베리),2025-09-08,2026-05-30,233,265,0.879245283018868,late,"[210, 240)"
31507,PF_0024806,080400,5,2026-04-29,0,0,0,140.0,8.0,,,,35.06,,,0,True,9046,2025년_딸기(킴스베리),2025-09-08,2026-05-30,233,265,0.879245283018868,late,"[210, 240)"
31543,PF_0024806,080400,6,2026-04-29,0,0,0,122.0,7.0,,,,39.54,,,0,True,9046,2025년_딸기(킴스베리),2025-09-08,2026-05-30,233,265,0.879245283018868,late,"[210, 240)"
31615,PF_0024806,080400,8,2026-04-29,0,0,0,110.0,14.0,,,,39.84,,,0,True,9046,2025년_딸기(킴스베리),2025-09-08,2026-05-30,233,265,0.879245283018868,late,"[210, 240)"
31651,PF_0024806,080400,9,2026-04-29,0,0,0,128.0,9.0,,,,33.82,,,0,True,9046,2025년_딸기(킴스베리),2025-09-08,2026-05-30,233,265,0.879245283018868,late,"[210, 240)"
31364,PF_0024806,080400,1,2026-05-05,0,0,0,130.0,12.0,,,,33.83,,,0,True,9046,2025년_딸기(킴스베리),2025-09-08,2026-05-30,239,265,0.9018867924528302,late,"[210, 240)"
31400,PF_0024806,080400,2,2026-05-05,0,0,11,118.0,13.0,,,,34.73,,,11,False,9046,2025년_딸기(킴스베리),2025-09-08,2026-05-30,239,265,0.9018867924528302,late,"[210, 240)"
31436,PF_0024806,080400,3,2026-05-05,0,0,0,121.0,9.0,,,,36.32,,,0,True,9046,2025년_딸기(킴스베리),2025-09-08,2026-05-30,239,265,0.9018867924528302,late,"[210, 240)"
31472,PF_0024806,080400,4,2026-05-05,0,0,0,105.0,17.0,,,,34.81,,,0,True,9046,2025년_딸기(킴스베리),2025-09-08,2026-05-30,239,265,0.9018867924528302,late,"[210, 240)"
31508,PF_0024806,080400,5,2026-05-05,0,0,0,144.0,9.0,,,,35.29,,,0,True,9046,2025년_딸기(킴스베리),2025-09-08,2026-05-30,239,265,0.9018867924528302,late,"[210, 240)"
31544,PF_0024806,080400,6,2026-05-05,0,0,0,126.0,9.0,,,,39.58,,,0,True,9046,2025년_딸기(킴스베리),2025-09-08,2026-05-30,239,265,0.9018867924528302,late,"[210, 240)"
31616,PF_0024806,080400,8,2026-05-05,0,0,0,104.0,15.0,,,,40.03,,,0,True,9046,2025년_딸기(킴스베리),2025-09-08,2026-05-30,239,265,0.9018867924528302,late,"[210, 240)"
31652,PF_0024806,080400,9,2026-05-05,0,0,0,108.0,11.0,,,,35.62,,,0,True,9046,2025년_딸기(킴스베리),2025-09-08,2026-05-30,239,265,0.9018867924528302,late,"[210, 240)"
31365,PF_0024806,080400,1,2026-05-14,0,0,0,133.0,13.0,,,,34.28,,,0,True,9046,2025년_딸기(킴스베리),2025-09-08,2026-05-30,248,265,0.9358490566037736,late,"[240, 270)"
31401,PF_0024806,080400,2,2026-05-14,0,0,0,123.0,14.0,,,,35.22,,,0,True,9046,2025년_딸기(킴스베리),2025-09-08,2026-05-30,248,265,0.9358490566037736,late,"[240, 270)"
31437,PF_0024806,080400,3,2026-05-14,0,0,0,115.0,10.0,,,,36.39,,,0,True,9046,2025년_딸기(킴스베리),2025-09-08,2026-05-30,248,265,0.9358490566037736,late,"[240, 270)"
31473,PF_0024806,080400,4,2026-05-14,0,0,0,125.0,13.0,,,,35.09,,,0,True,9046,2025년_딸기(킴스베리),2025-09-08,2026-05-30,248,265,0.9358490566037736,late,"[240, 270)"
31509,PF_0024806,080400,5,2026-05-14,0,0,0,122.0,7.0,,,,37.06,,,0,True,9046,2025년_딸기(킴스베리),2025-09-08,2026-05-30,248,265,0.9358490566037736,late,"[240, 270)"
31545,PF_0024806,080400,6,2026-05-14,0,0,0,88.0,8.0,,,,39.61,,,0,True,9046,2025년_딸기(킴스베리),2025-09-08,2026-05-30,248,265,0.9358490566037736,late,"[240, 270)"
31617,PF_0024806,080400,8,2026-05-14,0,0,0,105.0,16.0,,,,40.68,,,0,True,9046,2025년_딸기(킴스베리),2025-09-08,2026-05-30,248,265,0.9358490566037736,late,"[240, 270)"
31653,PF_0024806,080400,9,2026-05-14,0,0,0,127.0,12.0,,,,35.97,,,0,True,9046,2025년_딸기(킴스베리),2025-09-08,2026-05-30,248,265,0.9358490566037736,late,"[240, 270)"
31366,PF_0024806,080400,1,2026-05-20,0,0,0,135.0,14.0,,,,34.29,,,0,True,9046,2025년_딸기(킴스베리),2025-09-08,2026-05-30,254,265,0.9584905660377359,late,"[240, 270)"
31402,PF_0024806,080400,2,2026-05-20,0,0,0,106.0,11.0,,,,35.25,,,0,True,9046,2025년_딸기(킴스베리),2025-09-08,2026-05-30,254,265,0.9584905660377359,late,"[240, 270)"
31438,PF_0024806,080400,3,2026-05-20,0,0,0,108.0,12.0,,,,36.39,,,0,True,9046,2025년_딸기(킴스베리),2025-09-08,2026-05-30,254,265,0.9584905660377359,late,"[240, 270)"
31474,PF_0024806,080400,4,2026-05-20,0,0,0,102.0,10.0,,,,35.13,,,0,True,9046,2025년_딸기(킴스베리),2025-09-08,2026-05-30,254,265,0.9584905660377359,late,"[240, 270)"
31510,PF_0024806,080400,5,2026-05-20,0,0,0,100.0,8.0,,,,37.07,,,0,True,9046,2025년_딸기(킴스베리),2025-09-08,2026-05-30,254,265,0.9584905660377359,late,"[240, 270)"
31546,PF_0024806,080400,6,2026-05-20,0,0,0,97.0,8.0,,,,39.62,,,0,True,9046,2025년_딸기(킴스베리),2025-09-08,2026-05-30,254,265,0.9584905660377359,late,"[240, 270)"
31618,PF_0024806,080400,8,2026-05-20,0,0,0,87.0,12.0,,,,40.69,,,0,True,9046,2025년_딸기(킴스베리),2025-09-08,2026-05-30,254,265,0.9584905660377359,late,"[240, 270)"
31654,PF_0024806,080400,9,2026-05-20,0,0,0,112.0,12.0,,,,35.98,,,0,True,9046,2025년_딸기(킴스베리),2025-09-08,2026-05-30,254,265,0.9584905660377359,late,"[240, 270)"
17130,PF_0025103,080400,1,2024-10-08,0,0,0,70.0,5.0,,,,14.7,,,0,True,7521,2024년_딸기(금실),2024-09-15,2025-06-10,23,269,0.08550185873605948,early,"[0, 30)"
17162,PF_0025103,080400,2,2024-10-08,0,0,0,80.0,5.0,,,,13.5,,,0,True,7521,2024년_딸기(금실),2024-09-15,2025-06-10,23,269,0.08550185873605948,early,"[0, 30)"
17194,PF_0025103,080400,3,2024-10-08,0,0,0,75.0,5.0,,,,12.3,,,0,True,7521,2024년_딸기(금실),2024-09-15,2025-06-10,23,269,0.08550185873605948,early,"[0, 30)"
17226,PF_0025103,080400,4,2024-10-08,0,0,0,80.0,6.0,,,,11.9,,,0,True,7521,2024년_딸기(금실),2024-09-15,2025-06-10,23,269,0.08550185873605948,early,"[0, 30)"
17258,PF_0025103,080400,5,2024-10-08,0,0,0,65.0,6.0,,,,10.8,,,0,True,7521,2024년_딸기(금실),2024-09-15,2025-06-10,23,269,0.08550185873605948,early,"[0, 30)"
17290,PF_0025103,080400,6,2024-10-08,0,0,0,70.0,5.0,,,,8.8,,,0,True,7521,2024년_딸기(금실),2024-09-15,2025-06-10,23,269,0.08550185873605948,early,"[0, 30)"
17322,PF_0025103,080400,7,2024-10-08,0,0,0,50.0,7.0,,,,6.5,,,0,True,7521,2024년_딸기(금실),2024-09-15,2025-06-10,23,269,0.08550185873605948,early,"[0, 30)"
17354,PF_0025103,080400,8,2024-10-08,0,0,0,80.0,7.0,,,,7.9,,,0,True,7521,2024년_딸기(금실),2024-09-15,2025-06-10,23,269,0.08550185873605948,early,"[0, 30)"
17386,PF_0025103,080400,9,2024-10-08,0,0,0,65.0,7.0,,,,11.1,,,0,True,7521,2024년_딸기(금실),2024-09-15,2025-06-10,23,269,0.08550185873605948,early,"[0, 30)"
17131,PF_0025103,080400,1,2024-10-15,0,0,0,60.0,7.0,,,,8.2,,,0,True,7521,2024년_딸기(금실),2024-09-15,2025-06-10,30,269,0.11152416356877323,early,"[30, 60)"
17163,PF_0025103,080400,2,2024-10-15,0,0,0,110.0,7.0,,,,8.5,,,0,True,7521,2024년_딸기(금실),2024-09-15,2025-06-10,30,269,0.11152416356877323,early,"[30, 60)"
17195,PF_0025103,080400,3,2024-10-15,0,0,0,110.0,6.0,,,,8.8,,,0,True,7521,2024년_딸기(금실),2024-09-15,2025-06-10,30,269,0.11152416356877323,early,"[30, 60)"
17227,PF_0025103,080400,4,2024-10-15,0,0,0,120.0,7.0,,,,16.2,,,0,True,7521,2024년_딸기(금실),2024-09-15,2025-06-10,30,269,0.11152416356877323,early,"[30, 60)"
17259,PF_0025103,080400,5,2024-10-15,0,0,0,110.0,7.0,,,,11.5,,,0,True,7521,2024년_딸기(금실),2024-09-15,2025-06-10,30,269,0.11152416356877323,early,"[30, 60)"
17291,PF_0025103,080400,6,2024-10-15,0,0,0,120.0,6.0,,,,13.6,,,0,True,7521,2024년_딸기(금실),2024-09-15,2025-06-10,30,269,0.11152416356877323,early,"[30, 60)"
17323,PF_0025103,080400,7,2024-10-15,0,0,0,100.0,6.0,,,,12.4,,,0,True,7521,2024년_딸기(금실),2024-09-15,2025-06-10,30,269,0.11152416356877323,early,"[30, 60)"
17355,PF_0025103,080400,8,2024-10-15,0,0,0,110.0,7.0,,,,11.5,,,0,True,7521,2024년_딸기(금실),2024-09-15,2025-06-10,30,269,0.11152416356877323,early,"[30, 60)"
17387,PF_0025103,080400,9,2024-10-15,0,0,0,90.0,7.0,,,,14.5,,,0,True,7521,2024년_딸기(금실),2024-09-15,2025-06-10,30,269,0.11152416356877323,early,"[30, 60)"
17132,PF_0025103,080400,1,2024-10-22,0,0,0,100.0,4.0,,,,10.8,,,0,True,7521,2024년_딸기(금실),2024-09-15,2025-06-10,37,269,0.137546468401487,early,"[30, 60)"
17164,PF_0025103,080400,2,2024-10-22,0,0,0,110.0,4.0,,,,11.5,,,0,True,7521,2024년_딸기(금실),2024-09-15,2025-06-10,37,269,0.137546468401487,early,"[30, 60)"
17196,PF_0025103,080400,3,2024-10-22,0,0,0,120.0,4.0,,,,9.8,,,0,True,7521,2024년_딸기(금실),2024-09-15,2025-06-10,37,269,0.137546468401487,early,"[30, 60)"
17228,PF_0025103,080400,4,2024-10-22,0,0,0,120.0,5.0,,,,10.5,,,0,True,7521,2024년_딸기(금실),2024-09-15,2025-06-10,37,269,0.137546468401487,early,"[30, 60)"
17260,PF_0025103,080400,5,2024-10-22,0,0,0,120.0,4.0,,,,8.9,,,0,True,7521,2024년_딸기(금실),2024-09-15,2025-06-10,37,269,0.137546468401487,early,"[30, 60)"
17292,PF_0025103,080400,6,2024-10-22,0,0,0,120.0,4.0,,,,9.5,,,0,True,7521,2024년_딸기(금실),2024-09-15,2025-06-10,37,269,0.137546468401487,early,"[30, 60)"
17324,PF_0025103,080400,7,2024-10-22,0,0,0,110.0,4.0,,,,9.5,,,0,True,7521,2024년_딸기(금실),2024-09-15,2025-06-10,37,269,0.137546468401487,early,"[30, 60)"
17356,PF_0025103,080400,8,2024-10-22,0,0,0,120.0,3.0,,,,7.8,,,0,True,7521,2024년_딸기(금실),2024-09-15,2025-06-10,37,269,0.137546468401487,early,"[30, 60)"
17388,PF_0025103,080400,9,2024-10-22,0,0,0,100.0,5.0,,,,9.5,,,0,True,7521,2024년_딸기(금실),2024-09-15,2025-06-10,37,269,0.137546468401487,early,"[30, 60)"
17133,PF_0025103,080400,1,2024-10-28,0,0,0,100.0,4.0,,,,7.5,,,0,True,7521,2024년_딸기(금실),2024-09-15,2025-06-10,43,269,0.15985130111524162,early,"[30, 60)"
17165,PF_0025103,080400,2,2024-10-28,0,0,0,110.0,4.0,,,,11.7,,,0,True,7521,2024년_딸기(금실),2024-09-15,2025-06-10,43,269,0.15985130111524162,early,"[30, 60)"
17197,PF_0025103,080400,3,2024-10-28,0,0,0,120.0,5.0,,,,11.1,,,0,True,7521,2024년_딸기(금실),2024-09-15,2025-06-10,43,269,0.15985130111524162,early,"[30, 60)"
17229,PF_0025103,080400,4,2024-10-28,0,0,0,120.0,5.0,,,,10.6,,,0,True,7521,2024년_딸기(금실),2024-09-15,2025-06-10,43,269,0.15985130111524162,early,"[30, 60)"
17261,PF_0025103,080400,5,2024-10-28,0,0,0,115.0,5.0,,,,8.5,,,0,True,7521,2024년_딸기(금실),2024-09-15,2025-06-10,43,269,0.15985130111524162,early,"[30, 60)"
17293,PF_0025103,080400,6,2024-10-28,0,0,0,125.0,5.0,,,,10.8,,,0,True,7521,2024년_딸기(금실),2024-09-15,2025-06-10,43,269,0.15985130111524162,early,"[30, 60)"
17325,PF_0025103,080400,7,2024-10-28,0,0,0,100.0,5.0,,,,10.4,,,0,True,7521,2024년_딸기(금실),2024-09-15,2025-06-10,43,269,0.15985130111524162,early,"[30, 60)"
17357,PF_0025103,080400,8,2024-10-28,0,0,0,120.0,4.0,,,,6.0,,,0,True,7521,2024년_딸기(금실),2024-09-15,2025-06-10,43,269,0.15985130111524162,early,"[30, 60)"
17389,PF_0025103,080400,9,2024-10-28,0,0,0,90.0,6.0,,,,10.5,,,0,True,7521,2024년_딸기(금실),2024-09-15,2025-06-10,43,269,0.15985130111524162,early,"[30, 60)"
17134,PF_0025103,080400,1,2024-11-05,0,0,0,100.0,5.0,,,,13.0,,,0,True,7521,2024년_딸기(금실),2024-09-15,2025-06-10,51,269,0.1895910780669145,early,"[30, 60)"
17166,PF_0025103,080400,2,2024-11-05,0,0,0,100.0,5.0,,,,16.1,,,0,True,7521,2024년_딸기(금실),2024-09-15,2025-06-10,51,269,0.1895910780669145,early,"[30, 60)"
17198,PF_0025103,080400,3,2024-11-05,0,0,0,120.0,5.0,,,,14.5,,,0,True,7521,2024년_딸기(금실),2024-09-15,2025-06-10,51,269,0.1895910780669145,early,"[30, 60)"
17230,PF_0025103,080400,4,2024-11-05,0,0,0,120.0,6.0,,,,16.1,,,0,True,7521,2024년_딸기(금실),2024-09-15,2025-06-10,51,269,0.1895910780669145,early,"[30, 60)"
17262,PF_0025103,080400,5,2024-11-05,0,0,0,110.0,5.0,,,,14.6,,,0,True,7521,2024년_딸기(금실),2024-09-15,2025-06-10,51,269,0.1895910780669145,early,"[30, 60)"
17294,PF_0025103,080400,6,2024-11-05,0,0,0,110.0,5.0,,,,16.0,,,0,True,7521,2024년_딸기(금실),2024-09-15,2025-06-10,51,269,0.1895910780669145,early,"[30, 60)"
17326,PF_0025103,080400,7,2024-11-05,0,0,0,100.0,5.0,,,,13.4,,,0,True,7521,2024년_딸기(금실),2024-09-15,2025-06-10,51,269,0.1895910780669145,early,"[30, 60)"
17358,PF_0025103,080400,8,2024-11-05,0,0,0,105.0,4.0,,,,13.4,,,0,True,7521,2024년_딸기(금실),2024-09-15,2025-06-10,51,269,0.1895910780669145,early,"[30, 60)"
17390,PF_0025103,080400,9,2024-11-05,0,0,0,90.0,6.0,,,,15.6,,,0,True,7521,2024년_딸기(금실),2024-09-15,2025-06-10,51,269,0.1895910780669145,early,"[30, 60)"
17135,PF_0025103,080400,1,2024-11-12,0,0,0,110.0,6.0,,,,15.6,,,0,True,7521,2024년_딸기(금실),2024-09-15,2025-06-10,58,269,0.21561338289962825,early,"[30, 60)"
17167,PF_0025103,080400,2,2024-11-12,0,0,0,110.0,6.0,,,,15.9,,,0,True,7521,2024년_딸기(금실),2024-09-15,2025-06-10,58,269,0.21561338289962825,early,"[30, 60)"
17199,PF_0025103,080400,3,2024-11-12,0,0,0,130.0,6.0,,,,15.0,,,0,True,7521,2024년_딸기(금실),2024-09-15,2025-06-10,58,269,0.21561338289962825,early,"[30, 60)"
17231,PF_0025103,080400,4,2024-11-12,0,0,0,120.0,7.0,,,,16.2,,,0,True,7521,2024년_딸기(금실),2024-09-15,2025-06-10,58,269,0.21561338289962825,early,"[30, 60)"
17263,PF_0025103,080400,5,2024-11-12,0,0,0,120.0,6.0,,,,12.0,,,0,True,7521,2024년_딸기(금실),2024-09-15,2025-06-10,58,269,0.21561338289962825,early,"[30, 60)"
17295,PF_0025103,080400,6,2024-11-12,0,0,0,140.0,6.0,,,,11.9,,,0,True,7521,2024년_딸기(금실),2024-09-15,2025-06-10,58,269,0.21561338289962825,early,"[30, 60)"
17327,PF_0025103,080400,7,2024-11-12,0,0,0,110.0,7.0,,,,10.9,,,0,True,7521,2024년_딸기(금실),2024-09-15,2025-06-10,58,269,0.21561338289962825,early,"[30, 60)"
17359,PF_0025103,080400,8,2024-11-12,0,0,0,110.0,5.0,,,,13.6,,,0,True,7521,2024년_딸기(금실),2024-09-15,2025-06-10,58,269,0.21561338289962825,early,"[30, 60)"
17391,PF_0025103,080400,9,2024-11-12,0,0,0,90.0,7.0,,,,14.8,,,0,True,7521,2024년_딸기(금실),2024-09-15,2025-06-10,58,269,0.21561338289962825,early,"[30, 60)"
17136,PF_0025103,080400,1,2024-11-19,0,0,0,110.0,7.0,,,,13.7,,,0,True,7521,2024년_딸기(금실),2024-09-15,2025-06-10,65,269,0.241635687732342,early,"[60, 90)"
17168,PF_0025103,080400,2,2024-11-19,0,0,0,110.0,5.0,,,,18.9,,,0,True,7521,2024년_딸기(금실),2024-09-15,2025-06-10,65,269,0.241635687732342,early,"[60, 90)"
17200,PF_0025103,080400,3,2024-11-19,0,0,0,140.0,6.0,,,,17.3,,,0,True,7521,2024년_딸기(금실),2024-09-15,2025-06-10,65,269,0.241635687732342,early,"[60, 90)"
17232,PF_0025103,080400,4,2024-11-19,0,0,0,140.0,7.0,,,,16.1,,,0,True,7521,2024년_딸기(금실),2024-09-15,2025-06-10,65,269,0.241635687732342,early,"[60, 90)"
17264,PF_0025103,080400,5,2024-11-19,0,0,0,130.0,6.0,,,,18.9,,,0,True,7521,2024년_딸기(금실),2024-09-15,2025-06-10,65,269,0.241635687732342,early,"[60, 90)"
17296,PF_0025103,080400,6,2024-11-19,0,0,0,140.0,7.0,,,,18.0,,,0,True,7521,2024년_딸기(금실),2024-09-15,2025-06-10,65,269,0.241635687732342,early,"[60, 90)"
17328,PF_0025103,080400,7,2024-11-19,0,0,0,110.0,6.0,,,,16.8,,,0,True,7521,2024년_딸기(금실),2024-09-15,2025-06-10,65,269,0.241635687732342,early,"[60, 90)"
17360,PF_0025103,080400,8,2024-11-19,0,0,0,110.0,6.0,,,,12.7,,,0,True,7521,2024년_딸기(금실),2024-09-15,2025-06-10,65,269,0.241635687732342,early,"[60, 90)"
17392,PF_0025103,080400,9,2024-11-19,0,0,0,100.0,7.0,,,,17.3,,,0,True,7521,2024년_딸기(금실),2024-09-15,2025-06-10,65,269,0.241635687732342,early,"[60, 90)"
17137,PF_0025103,080400,1,2024-11-26,0,0,0,110.0,6.0,,,,15.6,,,0,True,7521,2024년_딸기(금실),2024-09-15,2025-06-10,72,269,0.26765799256505574,early,"[60, 90)"
17169,PF_0025103,080400,2,2024-11-26,0,0,0,120.0,6.0,,,,20.0,,,0,True,7521,2024년_딸기(금실),2024-09-15,2025-06-10,72,269,0.26765799256505574,early,"[60, 90)"
17201,PF_0025103,080400,3,2024-11-26,0,0,0,140.0,6.0,,,,16.5,,,0,True,7521,2024년_딸기(금실),2024-09-15,2025-06-10,72,269,0.26765799256505574,early,"[60, 90)"
17233,PF_0025103,080400,4,2024-11-26,0,0,0,140.0,7.0,,,,20.2,,,0,True,7521,2024년_딸기(금실),2024-09-15,2025-06-10,72,269,0.26765799256505574,early,"[60, 90)"
17265,PF_0025103,080400,5,2024-11-26,0,0,0,130.0,5.0,,,,18.4,,,0,True,7521,2024년_딸기(금실),2024-09-15,2025-06-10,72,269,0.26765799256505574,early,"[60, 90)"
17297,PF_0025103,080400,6,2024-11-26,0,0,0,130.0,7.0,,,,19.4,,,0,True,7521,2024년_딸기(금실),2024-09-15,2025-06-10,72,269,0.26765799256505574,early,"[60, 90)"
17329,PF_0025103,080400,7,2024-11-26,0,0,0,130.0,7.0,,,,17.0,,,0,True,7521,2024년_딸기(금실),2024-09-15,2025-06-10,72,269,0.26765799256505574,early,"[60, 90)"
17361,PF_0025103,080400,8,2024-11-26,0,0,0,110.0,6.0,,,,14.2,,,0,True,7521,2024년_딸기(금실),2024-09-15,2025-06-10,72,269,0.26765799256505574,early,"[60, 90)"
17393,PF_0025103,080400,9,2024-11-26,0,0,0,90.0,7.0,,,,17.4,,,0,True,7521,2024년_딸기(금실),2024-09-15,2025-06-10,72,269,0.26765799256505574,early,"[60, 90)"
17138,PF_0025103,080400,1,2024-12-03,0,0,0,110.0,7.0,,,,15.3,,,0,True,7521,2024년_딸기(금실),2024-09-15,2025-06-10,79,269,0.2936802973977695,early,"[60, 90)"
17170,PF_0025103,080400,2,2024-12-03,0,0,0,120.0,7.0,,,,19.2,,,0,True,7521,2024년_딸기(금실),2024-09-15,2025-06-10,79,269,0.2936802973977695,early,"[60, 90)"
17202,PF_0025103,080400,3,2024-12-03,0,0,0,120.0,7.0,,,,16.4,,,0,True,7521,2024년_딸기(금실),2024-09-15,2025-06-10,79,269,0.2936802973977695,early,"[60, 90)"
17234,PF_0025103,080400,4,2024-12-03,0,0,0,150.0,7.0,,,,20.3,,,0,True,7521,2024년_딸기(금실),2024-09-15,2025-06-10,79,269,0.2936802973977695,early,"[60, 90)"
17266,PF_0025103,080400,5,2024-12-03,0,0,0,130.0,5.0,,,,18.5,,,0,True,7521,2024년_딸기(금실),2024-09-15,2025-06-10,79,269,0.2936802973977695,early,"[60, 90)"
17298,PF_0025103,080400,6,2024-12-03,0,0,0,140.0,7.0,,,,19.3,,,0,True,7521,2024년_딸기(금실),2024-09-15,2025-06-10,79,269,0.2936802973977695,early,"[60, 90)"
17330,PF_0025103,080400,7,2024-12-03,0,0,0,130.0,6.0,,,,16.2,,,0,True,7521,2024년_딸기(금실),2024-09-15,2025-06-10,79,269,0.2936802973977695,early,"[60, 90)"
17362,PF_0025103,080400,8,2024-12-03,0,0,0,120.0,6.0,,,,14.4,,,0,True,7521,2024년_딸기(금실),2024-09-15,2025-06-10,79,269,0.2936802973977695,early,"[60, 90)"
17394,PF_0025103,080400,9,2024-12-03,0,0,0,100.0,7.0,,,,19.0,,,0,True,7521,2024년_딸기(금실),2024-09-15,2025-06-10,79,269,0.2936802973977695,early,"[60, 90)"
17139,PF_0025103,080400,1,2024-12-10,0,0,0,120.0,7.0,,,,14.5,,,0,True,7521,2024년_딸기(금실),2024-09-15,2025-06-10,86,269,0.31970260223048325,early,"[60, 90)"
17171,PF_0025103,080400,2,2024-12-10,0,0,0,120.0,8.0,,,,22.4,,,0,True,7521,2024년_딸기(금실),2024-09-15,2025-06-10,86,269,0.31970260223048325,early,"[60, 90)"
17203,PF_0025103,080400,3,2024-12-10,0,0,0,130.0,7.0,,,,22.5,,,0,True,7521,2024년_딸기(금실),2024-09-15,2025-06-10,86,269,0.31970260223048325,early,"[60, 90)"
17235,PF_0025103,080400,4,2024-12-10,0,0,0,140.0,8.0,,,,22.4,,,0,True,7521,2024년_딸기(금실),2024-09-15,2025-06-10,86,269,0.31970260223048325,early,"[60, 90)"
17267,PF_0025103,080400,5,2024-12-10,0,0,0,130.0,6.0,,,,19.8,,,0,True,7521,2024년_딸기(금실),2024-09-15,2025-06-10,86,269,0.31970260223048325,early,"[60, 90)"
17299,PF_0025103,080400,6,2024-12-10,0,0,0,130.0,7.0,,,,24.1,,,0,True,7521,2024년_딸기(금실),2024-09-15,2025-06-10,86,269,0.31970260223048325,early,"[60, 90)"
17331,PF_0025103,080400,7,2024-12-10,0,0,0,100.0,7.0,,,,18.9,,,0,True,7521,2024년_딸기(금실),2024-09-15,2025-06-10,86,269,0.31970260223048325,early,"[60, 90)"
17363,PF_0025103,080400,8,2024-12-10,0,0,0,110.0,6.0,,,,19.2,,,0,True,7521,2024년_딸기(금실),2024-09-15,2025-06-10,86,269,0.31970260223048325,early,"[60, 90)"
17395,PF_0025103,080400,9,2024-12-10,0,0,0,100.0,6.0,,,,23.0,,,0,True,7521,2024년_딸기(금실),2024-09-15,2025-06-10,86,269,0.31970260223048325,early,"[60, 90)"
17140,PF_0025103,080400,1,2024-12-16,0,0,0,110.0,8.0,,,,16.3,,,0,True,7521,2024년_딸기(금실),2024-09-15,2025-06-10,92,269,0.3420074349442379,middle,"[90, 120)"
17172,PF_0025103,080400,2,2024-12-16,0,0,0,130.0,8.0,,,,19.2,,,0,True,7521,2024년_딸기(금실),2024-09-15,2025-06-10,92,269,0.3420074349442379,middle,"[90, 120)"
17204,PF_0025103,080400,3,2024-12-16,0,0,0,120.0,8.0,,,,16.8,,,0,True,7521,2024년_딸기(금실),2024-09-15,2025-06-10,92,269,0.3420074349442379,middle,"[90, 120)"
17236,PF_0025103,080400,4,2024-12-16,0,0,0,150.0,7.0,,,,18.3,,,0,True,7521,2024년_딸기(금실),2024-09-15,2025-06-10,92,269,0.3420074349442379,middle,"[90, 120)"
17268,PF_0025103,080400,5,2024-12-16,0,0,0,130.0,6.0,,,,15.7,,,0,True,7521,2024년_딸기(금실),2024-09-15,2025-06-10,92,269,0.3420074349442379,middle,"[90, 120)"
17300,PF_0025103,080400,6,2024-12-16,0,0,0,130.0,8.0,,,,16.5,,,0,True,7521,2024년_딸기(금실),2024-09-15,2025-06-10,92,269,0.3420074349442379,middle,"[90, 120)"
17332,PF_0025103,080400,7,2024-12-16,0,0,0,100.0,8.0,,,,15.6,,,0,True,7521,2024년_딸기(금실),2024-09-15,2025-06-10,92,269,0.3420074349442379,middle,"[90, 120)"
17364,PF_0025103,080400,8,2024-12-16,0,0,0,110.0,7.0,,,,15.0,,,0,True,7521,2024년_딸기(금실),2024-09-15,2025-06-10,92,269,0.3420074349442379,middle,"[90, 120)"
17396,PF_0025103,080400,9,2024-12-16,0,0,0,100.0,8.0,,,,18.8,,,0,True,7521,2024년_딸기(금실),2024-09-15,2025-06-10,92,269,0.3420074349442379,middle,"[90, 120)"
17141,PF_0025103,080400,1,2024-12-24,0,0,0,110.0,8.0,,,,15.6,,,0,True,7521,2024년_딸기(금실),2024-09-15,2025-06-10,100,269,0.37174721189591076,middle,"[90, 120)"
17173,PF_0025103,080400,2,2024-12-24,0,0,0,120.0,8.0,,,,19.6,,,0,True,7521,2024년_딸기(금실),2024-09-15,2025-06-10,100,269,0.37174721189591076,middle,"[90, 120)"
17205,PF_0025103,080400,3,2024-12-24,0,0,0,120.0,8.0,,,,16.3,,,0,True,7521,2024년_딸기(금실),2024-09-15,2025-06-10,100,269,0.37174721189591076,middle,"[90, 120)"
17237,PF_0025103,080400,4,2024-12-24,0,0,0,120.0,7.0,,,,17.1,,,0,True,7521,2024년_딸기(금실),2024-09-15,2025-06-10,100,269,0.37174721189591076,middle,"[90, 120)"
17269,PF_0025103,080400,5,2024-12-24,0,0,0,130.0,6.0,,,,15.8,,,0,True,7521,2024년_딸기(금실),2024-09-15,2025-06-10,100,269,0.37174721189591076,middle,"[90, 120)"
17301,PF_0025103,080400,6,2024-12-24,0,0,0,140.0,7.0,,,,19.6,,,0,True,7521,2024년_딸기(금실),2024-09-15,2025-06-10,100,269,0.37174721189591076,middle,"[90, 120)"
17333,PF_0025103,080400,7,2024-12-24,0,0,0,120.0,8.0,,,,20.0,,,0,True,7521,2024년_딸기(금실),2024-09-15,2025-06-10,100,269,0.37174721189591076,middle,"[90, 120)"
17365,PF_0025103,080400,8,2024-12-24,0,0,0,110.0,7.0,,,,19.7,,,0,True,7521,2024년_딸기(금실),2024-09-15,2025-06-10,100,269,0.37174721189591076,middle,"[90, 120)"
17397,PF_0025103,080400,9,2024-12-24,0,0,0,100.0,8.0,,,,22.4,,,0,True,7521,2024년_딸기(금실),2024-09-15,2025-06-10,100,269,0.37174721189591076,middle,"[90, 120)"
17142,PF_0025103,080400,1,2024-12-31,5,0,0,105.0,6.0,,,,17.4,,,5,False,7521,2024년_딸기(금실),2024-09-15,2025-06-10,107,269,0.39776951672862454,middle,"[90, 120)"
17174,PF_0025103,080400,2,2024-12-31,4,0,0,110.0,9.0,,,,19.5,,,4,False,7521,2024년_딸기(금실),2024-09-15,2025-06-10,107,269,0.39776951672862454,middle,"[90, 120)"
17206,PF_0025103,080400,3,2024-12-31,6,0,0,120.0,7.0,,,,17.5,,,6,False,7521,2024년_딸기(금실),2024-09-15,2025-06-10,107,269,0.39776951672862454,middle,"[90, 120)"
17238,PF_0025103,080400,4,2024-12-31,4,0,0,105.0,7.0,,,,21.8,,,4,False,7521,2024년_딸기(금실),2024-09-15,2025-06-10,107,269,0.39776951672862454,middle,"[90, 120)"
17270,PF_0025103,080400,5,2024-12-31,5,0,0,140.0,6.0,,,,20.1,,,5,False,7521,2024년_딸기(금실),2024-09-15,2025-06-10,107,269,0.39776951672862454,middle,"[90, 120)"
17302,PF_0025103,080400,6,2024-12-31,5,0,0,130.0,9.0,,,,24.5,,,5,False,7521,2024년_딸기(금실),2024-09-15,2025-06-10,107,269,0.39776951672862454,middle,"[90, 120)"
17334,PF_0025103,080400,7,2024-12-31,6,0,0,120.0,8.0,,,,17.3,,,6,False,7521,2024년_딸기(금실),2024-09-15,2025-06-10,107,269,0.39776951672862454,middle,"[90, 120)"
17366,PF_0025103,080400,8,2024-12-31,6,0,0,110.0,7.0,,,,16.1,,,6,False,7521,2024년_딸기(금실),2024-09-15,2025-06-10,107,269,0.39776951672862454,middle,"[90, 120)"
17398,PF_0025103,080400,9,2024-12-31,5,0,0,105.0,9.0,,,,19.7,,,5,False,7521,2024년_딸기(금실),2024-09-15,2025-06-10,107,269,0.39776951672862454,middle,"[90, 120)"
17143,PF_0025103,080400,1,2025-01-07,2,0,0,110.0,10.0,,,,17.5,,,2,False,7521,2024년_딸기(금실),2024-09-15,2025-06-10,114,269,0.42379182156133827,middle,"[90, 120)"
17175,PF_0025103,080400,2,2025-01-07,4,0,0,120.0,10.0,,,,20.8,,,4,False,7521,2024년_딸기(금실),2024-09-15,2025-06-10,114,269,0.42379182156133827,middle,"[90, 120)"
17207,PF_0025103,080400,3,2025-01-07,3,0,0,120.0,9.0,,,,16.9,,,3,False,7521,2024년_딸기(금실),2024-09-15,2025-06-10,114,269,0.42379182156133827,middle,"[90, 120)"
17239,PF_0025103,080400,4,2025-01-07,2,0,0,110.0,9.0,,,,17.6,,,2,False,7521,2024년_딸기(금실),2024-09-15,2025-06-10,114,269,0.42379182156133827,middle,"[90, 120)"
17271,PF_0025103,080400,5,2025-01-07,3,0,0,130.0,7.0,,,,14.9,,,3,False,7521,2024년_딸기(금실),2024-09-15,2025-06-10,114,269,0.42379182156133827,middle,"[90, 120)"
17303,PF_0025103,080400,6,2025-01-07,4,0,0,130.0,8.0,,,,21.3,,,4,False,7521,2024년_딸기(금실),2024-09-15,2025-06-10,114,269,0.42379182156133827,middle,"[90, 120)"
17335,PF_0025103,080400,7,2025-01-07,6,0,0,90.0,10.0,,,,16.5,,,6,False,7521,2024년_딸기(금실),2024-09-15,2025-06-10,114,269,0.42379182156133827,middle,"[90, 120)"
17367,PF_0025103,080400,8,2025-01-07,6,0,0,120.0,8.0,,,,15.1,,,6,False,7521,2024년_딸기(금실),2024-09-15,2025-06-10,114,269,0.42379182156133827,middle,"[90, 120)"
17399,PF_0025103,080400,9,2025-01-07,4,0,0,110.0,9.0,,,,18.0,,,4,False,7521,2024년_딸기(금실),2024-09-15,2025-06-10,114,269,0.42379182156133827,middle,"[90, 120)"
17144,PF_0025103,080400,1,2025-01-14,0,0,0,110.0,10.0,,,,16.7,,,0,True,7521,2024년_딸기(금실),2024-09-15,2025-06-10,121,269,0.44981412639405205,middle,"[120, 150)"
17176,PF_0025103,080400,2,2025-01-14,0,0,0,120.0,11.0,,,,18.1,,,0,True,7521,2024년_딸기(금실),2024-09-15,2025-06-10,121,269,0.44981412639405205,middle,"[120, 150)"
17208,PF_0025103,080400,3,2025-01-14,0,0,0,140.0,9.0,,,,18.5,,,0,True,7521,2024년_딸기(금실),2024-09-15,2025-06-10,121,269,0.44981412639405205,middle,"[120, 150)"
17240,PF_0025103,080400,4,2025-01-14,0,0,0,150.0,10.0,,,,17.8,,,0,True,7521,2024년_딸기(금실),2024-09-15,2025-06-10,121,269,0.44981412639405205,middle,"[120, 150)"
17272,PF_0025103,080400,5,2025-01-14,1,0,0,130.0,7.0,,,,19.5,,,1,False,7521,2024년_딸기(금실),2024-09-15,2025-06-10,121,269,0.44981412639405205,middle,"[120, 150)"
17304,PF_0025103,080400,6,2025-01-14,4,0,0,140.0,8.0,,,,24.0,,,4,False,7521,2024년_딸기(금실),2024-09-15,2025-06-10,121,269,0.44981412639405205,middle,"[120, 150)"
17336,PF_0025103,080400,7,2025-01-14,4,0,0,90.0,8.0,,,,23.2,,,4,False,7521,2024년_딸기(금실),2024-09-15,2025-06-10,121,269,0.44981412639405205,middle,"[120, 150)"
17368,PF_0025103,080400,8,2025-01-14,4,0,0,120.0,7.0,,,,20.7,,,4,False,7521,2024년_딸기(금실),2024-09-15,2025-06-10,121,269,0.44981412639405205,middle,"[120, 150)"
17400,PF_0025103,080400,9,2025-01-14,3,0,0,110.0,11.0,,,,22.1,,,3,False,7521,2024년_딸기(금실),2024-09-15,2025-06-10,121,269,0.44981412639405205,middle,"[120, 150)"
17145,PF_0025103,080400,1,2025-01-21,0,2,0,110.0,9.0,,,,17.0,,,2,False,7521,2024년_딸기(금실),2024-09-15,2025-06-10,128,269,0.4758364312267658,middle,"[120, 150)"
17177,PF_0025103,080400,2,2025-01-21,0,3,0,130.0,9.0,,,,20.3,,,3,False,7521,2024년_딸기(금실),2024-09-15,2025-06-10,128,269,0.4758364312267658,middle,"[120, 150)"
17209,PF_0025103,080400,3,2025-01-21,0,7,0,120.0,9.0,,,,18.2,,,7,False,7521,2024년_딸기(금실),2024-09-15,2025-06-10,128,269,0.4758364312267658,middle,"[120, 150)"
17241,PF_0025103,080400,4,2025-01-21,0,3,0,150.0,10.0,,,,18.2,,,3,False,7521,2024년_딸기(금실),2024-09-15,2025-06-10,128,269,0.4758364312267658,middle,"[120, 150)"
17273,PF_0025103,080400,5,2025-01-21,0,0,0,130.0,7.0,,,,11.0,,,0,True,7521,2024년_딸기(금실),2024-09-15,2025-06-10,128,269,0.4758364312267658,middle,"[120, 150)"
17305,PF_0025103,080400,6,2025-01-21,0,3,0,140.0,9.0,,,,14.0,,,3,False,7521,2024년_딸기(금실),2024-09-15,2025-06-10,128,269,0.4758364312267658,middle,"[120, 150)"
17337,PF_0025103,080400,7,2025-01-21,0,3,0,100.0,8.0,,,,11.7,,,3,False,7521,2024년_딸기(금실),2024-09-15,2025-06-10,128,269,0.4758364312267658,middle,"[120, 150)"
17369,PF_0025103,080400,8,2025-01-21,0,2,0,120.0,9.0,,,,10.7,,,2,False,7521,2024년_딸기(금실),2024-09-15,2025-06-10,128,269,0.4758364312267658,middle,"[120, 150)"
17401,PF_0025103,080400,9,2025-01-21,0,1,0,110.0,11.0,,,,12.3,,,1,False,7521,2024년_딸기(금실),2024-09-15,2025-06-10,128,269,0.4758364312267658,middle,"[120, 150)"
17146,PF_0025103,080400,1,2025-02-04,0,5,0,110.0,7.0,,,,18.2,,,5,False,7521,2024년_딸기(금실),2024-09-15,2025-06-10,142,269,0.5278810408921933,middle,"[120, 150)"
17178,PF_0025103,080400,2,2025-02-04,0,8,0,110.0,8.0,,,,18.1,,,8,False,7521,2024년_딸기(금실),2024-09-15,2025-06-10,142,269,0.5278810408921933,middle,"[120, 150)"
17210,PF_0025103,080400,3,2025-02-04,0,6,0,150.0,7.0,,,,16.5,,,6,False,7521,2024년_딸기(금실),2024-09-15,2025-06-10,142,269,0.5278810408921933,middle,"[120, 150)"
17242,PF_0025103,080400,4,2025-02-04,0,8,0,110.0,8.0,,,,20.0,,,8,False,7521,2024년_딸기(금실),2024-09-15,2025-06-10,142,269,0.5278810408921933,middle,"[120, 150)"
17274,PF_0025103,080400,5,2025-02-04,0,0,0,135.0,7.0,,,,20.5,,,0,True,7521,2024년_딸기(금실),2024-09-15,2025-06-10,142,269,0.5278810408921933,middle,"[120, 150)"
17306,PF_0025103,080400,6,2025-02-04,0,5,0,120.0,8.0,,,,18.1,,,5,False,7521,2024년_딸기(금실),2024-09-15,2025-06-10,142,269,0.5278810408921933,middle,"[120, 150)"
17338,PF_0025103,080400,7,2025-02-04,0,5,0,120.0,8.0,,,,18.1,,,5,False,7521,2024년_딸기(금실),2024-09-15,2025-06-10,142,269,0.5278810408921933,middle,"[120, 150)"
17370,PF_0025103,080400,8,2025-02-04,0,3,0,120.0,9.0,,,,15.9,,,3,False,7521,2024년_딸기(금실),2024-09-15,2025-06-10,142,269,0.5278810408921933,middle,"[120, 150)"
17402,PF_0025103,080400,9,2025-02-04,0,6,0,105.0,12.0,,,,20.1,,,6,False,7521,2024년_딸기(금실),2024-09-15,2025-06-10,142,269,0.5278810408921933,middle,"[120, 150)"
17147,PF_0025103,080400,1,2025-02-12,0,5,0,110.0,10.0,,,,14.7,,,5,False,7521,2024년_딸기(금실),2024-09-15,2025-06-10,150,269,0.5576208178438662,middle,"[150, 180)"
17179,PF_0025103,080400,2,2025-02-12,0,5,0,110.0,10.0,,,,16.3,,,5,False,7521,2024년_딸기(금실),2024-09-15,2025-06-10,150,269,0.5576208178438662,middle,"[150, 180)"
17211,PF_0025103,080400,3,2025-02-12,0,5,0,110.0,8.0,,,,15.4,,,5,False,7521,2024년_딸기(금실),2024-09-15,2025-06-10,150,269,0.5576208178438662,middle,"[150, 180)"
17243,PF_0025103,080400,4,2025-02-12,0,8,0,140.0,9.0,,,,16.5,,,8,False,7521,2024년_딸기(금실),2024-09-15,2025-06-10,150,269,0.5576208178438662,middle,"[150, 180)"
17275,PF_0025103,080400,5,2025-02-12,0,2,0,135.0,10.0,,,,14.7,,,2,False,7521,2024년_딸기(금실),2024-09-15,2025-06-10,150,269,0.5576208178438662,middle,"[150, 180)"
17307,PF_0025103,080400,6,2025-02-12,0,6,0,130.0,10.0,,,,17.9,,,6,False,7521,2024년_딸기(금실),2024-09-15,2025-06-10,150,269,0.5576208178438662,middle,"[150, 180)"
17339,PF_0025103,080400,7,2025-02-12,0,4,0,100.0,8.0,,,,15.4,,,4,False,7521,2024년_딸기(금실),2024-09-15,2025-06-10,150,269,0.5576208178438662,middle,"[150, 180)"
17371,PF_0025103,080400,8,2025-02-12,0,3,0,90.0,9.0,,,,12.8,,,3,False,7521,2024년_딸기(금실),2024-09-15,2025-06-10,150,269,0.5576208178438662,middle,"[150, 180)"
17403,PF_0025103,080400,9,2025-02-12,0,5,0,105.0,10.0,,,,15.4,,,5,False,7521,2024년_딸기(금실),2024-09-15,2025-06-10,150,269,0.5576208178438662,middle,"[150, 180)"
17148,PF_0025103,080400,1,2025-02-19,0,4,0,115.0,9.0,,,,16.4,,,4,False,7521,2024년_딸기(금실),2024-09-15,2025-06-10,157,269,0.5836431226765799,middle,"[150, 180)"
17180,PF_0025103,080400,2,2025-02-19,0,3,0,130.0,10.0,,,,17.4,,,3,False,7521,2024년_딸기(금실),2024-09-15,2025-06-10,157,269,0.5836431226765799,middle,"[150, 180)"
17212,PF_0025103,080400,3,2025-02-19,0,4,0,130.0,9.0,,,,15.9,,,4,False,7521,2024년_딸기(금실),2024-09-15,2025-06-10,157,269,0.5836431226765799,middle,"[150, 180)"
17244,PF_0025103,080400,4,2025-02-19,0,6,0,150.0,9.0,,,,19.9,,,6,False,7521,2024년_딸기(금실),2024-09-15,2025-06-10,157,269,0.5836431226765799,middle,"[150, 180)"
17276,PF_0025103,080400,5,2025-02-19,0,4,0,140.0,10.0,,,,15.1,,,4,False,7521,2024년_딸기(금실),2024-09-15,2025-06-10,157,269,0.5836431226765799,middle,"[150, 180)"
17308,PF_0025103,080400,6,2025-02-19,0,4,0,135.0,8.0,,,,17.4,,,4,False,7521,2024년_딸기(금실),2024-09-15,2025-06-10,157,269,0.5836431226765799,middle,"[150, 180)"
17340,PF_0025103,080400,7,2025-02-19,0,3,0,120.0,10.0,,,,15.8,,,3,False,7521,2024년_딸기(금실),2024-09-15,2025-06-10,157,269,0.5836431226765799,middle,"[150, 180)"
17372,PF_0025103,080400,8,2025-02-19,0,2,0,110.0,9.0,,,,14.8,,,2,False,7521,2024년_딸기(금실),2024-09-15,2025-06-10,157,269,0.5836431226765799,middle,"[150, 180)"
17404,PF_0025103,080400,9,2025-02-19,0,4,0,110.0,12.0,,,,16.4,,,4,False,7521,2024년_딸기(금실),2024-09-15,2025-06-10,157,269,0.5836431226765799,middle,"[150, 180)"
17149,PF_0025103,080400,1,2025-02-25,0,3,6,110.0,9.0,,,,15.9,,,9,False,7521,2024년_딸기(금실),2024-09-15,2025-06-10,163,269,0.6059479553903345,middle,"[150, 180)"
17181,PF_0025103,080400,2,2025-02-25,0,3,5,110.0,9.0,,,,17.8,,,8,False,7521,2024년_딸기(금실),2024-09-15,2025-06-10,163,269,0.6059479553903345,middle,"[150, 180)"
17213,PF_0025103,080400,3,2025-02-25,0,2,2,120.0,9.0,,,,16.5,,,4,False,7521,2024년_딸기(금실),2024-09-15,2025-06-10,163,269,0.6059479553903345,middle,"[150, 180)"
17245,PF_0025103,080400,4,2025-02-25,0,6,4,150.0,9.0,,,,18.4,,,10,False,7521,2024년_딸기(금실),2024-09-15,2025-06-10,163,269,0.6059479553903345,middle,"[150, 180)"
17277,PF_0025103,080400,5,2025-02-25,0,6,0,130.0,13.0,,,,19.4,,,6,False,7521,2024년_딸기(금실),2024-09-15,2025-06-10,163,269,0.6059479553903345,middle,"[150, 180)"
17309,PF_0025103,080400,6,2025-02-25,0,3,3,140.0,10.0,,,,17.5,,,6,False,7521,2024년_딸기(금실),2024-09-15,2025-06-10,163,269,0.6059479553903345,middle,"[150, 180)"
17341,PF_0025103,080400,7,2025-02-25,0,2,1,100.0,9.0,,,,15.1,,,3,False,7521,2024년_딸기(금실),2024-09-15,2025-06-10,163,269,0.6059479553903345,middle,"[150, 180)"
17373,PF_0025103,080400,8,2025-02-25,0,1,1,90.0,9.0,,,,16.8,,,2,False,7521,2024년_딸기(금실),2024-09-15,2025-06-10,163,269,0.6059479553903345,middle,"[150, 180)"
17405,PF_0025103,080400,9,2025-02-25,0,4,1,110.0,12.0,,,,17.6,,,5,False,7521,2024년_딸기(금실),2024-09-15,2025-06-10,163,269,0.6059479553903345,middle,"[150, 180)"
17150,PF_0025103,080400,1,2025-03-04,0,2,3,110.0,8.0,,,,17.0,,,5,False,7521,2024년_딸기(금실),2024-09-15,2025-06-10,170,269,0.6319702602230484,middle,"[150, 180)"
17182,PF_0025103,080400,2,2025-03-04,0,1,5,110.0,11.0,,,,20.0,,,6,False,7521,2024년_딸기(금실),2024-09-15,2025-06-10,170,269,0.6319702602230484,middle,"[150, 180)"
17214,PF_0025103,080400,3,2025-03-04,0,0,3,120.0,100.0,,,,17.5,,,3,False,7521,2024년_딸기(금실),2024-09-15,2025-06-10,170,269,0.6319702602230484,middle,"[150, 180)"
17246,PF_0025103,080400,4,2025-03-04,0,2,4,110.0,10.0,,,,16.0,,,6,False,7521,2024년_딸기(금실),2024-09-15,2025-06-10,170,269,0.6319702602230484,middle,"[150, 180)"
17278,PF_0025103,080400,5,2025-03-04,0,8,1,130.0,13.0,,,,18.8,,,9,False,7521,2024년_딸기(금실),2024-09-15,2025-06-10,170,269,0.6319702602230484,middle,"[150, 180)"
17310,PF_0025103,080400,6,2025-03-04,0,1,3,130.0,11.0,,,,19.5,,,4,False,7521,2024년_딸기(금실),2024-09-15,2025-06-10,170,269,0.6319702602230484,middle,"[150, 180)"
17342,PF_0025103,080400,7,2025-03-04,0,0,3,90.0,9.0,,,,16.3,,,3,False,7521,2024년_딸기(금실),2024-09-15,2025-06-10,170,269,0.6319702602230484,middle,"[150, 180)"
17374,PF_0025103,080400,8,2025-03-04,0,0,2,90.0,10.0,,,,16.4,,,2,False,7521,2024년_딸기(금실),2024-09-15,2025-06-10,170,269,0.6319702602230484,middle,"[150, 180)"
17406,PF_0025103,080400,9,2025-03-04,0,2,3,100.0,14.0,,,,17.3,,,5,False,7521,2024년_딸기(금실),2024-09-15,2025-06-10,170,269,0.6319702602230484,middle,"[150, 180)"
17151,PF_0025103,080400,1,2025-03-11,0,0,3,110.0,13.0,,,,18.2,,,3,False,7521,2024년_딸기(금실),2024-09-15,2025-06-10,177,269,0.6579925650557621,middle,"[150, 180)"
17183,PF_0025103,080400,2,2025-03-11,0,0,2,110.0,11.0,,,,19.2,,,2,False,7521,2024년_딸기(금실),2024-09-15,2025-06-10,177,269,0.6579925650557621,middle,"[150, 180)"
17215,PF_0025103,080400,3,2025-03-11,0,0,3,150.0,9.0,,,,16.8,,,3,False,7521,2024년_딸기(금실),2024-09-15,2025-06-10,177,269,0.6579925650557621,middle,"[150, 180)"
17247,PF_0025103,080400,4,2025-03-11,0,0,3,150.0,9.0,,,,19.7,,,3,False,7521,2024년_딸기(금실),2024-09-15,2025-06-10,177,269,0.6579925650557621,middle,"[150, 180)"
17279,PF_0025103,080400,5,2025-03-11,0,0,3,135.0,13.0,,,,18.6,,,3,False,7521,2024년_딸기(금실),2024-09-15,2025-06-10,177,269,0.6579925650557621,middle,"[150, 180)"
17311,PF_0025103,080400,6,2025-03-11,0,0,3,140.0,11.0,,,,18.1,,,3,False,7521,2024년_딸기(금실),2024-09-15,2025-06-10,177,269,0.6579925650557621,middle,"[150, 180)"
17343,PF_0025103,080400,7,2025-03-11,0,0,2,95.0,10.0,,,,15.8,,,2,False,7521,2024년_딸기(금실),2024-09-15,2025-06-10,177,269,0.6579925650557621,middle,"[150, 180)"
17375,PF_0025103,080400,8,2025-03-11,0,0,2,100.0,10.0,,,,16.7,,,2,False,7521,2024년_딸기(금실),2024-09-15,2025-06-10,177,269,0.6579925650557621,middle,"[150, 180)"
17407,PF_0025103,080400,9,2025-03-11,0,0,1,95.0,14.0,,,,19.9,,,1,False,7521,2024년_딸기(금실),2024-09-15,2025-06-10,177,269,0.6579925650557621,middle,"[150, 180)"
17152,PF_0025103,080400,1,2025-03-18,0,0,3,110.0,9.0,,,,15.3,,,3,False,7521,2024년_딸기(금실),2024-09-15,2025-06-10,184,269,0.6840148698884758,late,"[180, 210)"
17184,PF_0025103,080400,2,2025-03-18,0,0,1,130.0,11.0,,,,19.2,,,1,False,7521,2024년_딸기(금실),2024-09-15,2025-06-10,184,269,0.6840148698884758,late,"[180, 210)"
17216,PF_0025103,080400,3,2025-03-18,0,0,2,130.0,9.0,,,,17.5,,,2,False,7521,2024년_딸기(금실),2024-09-15,2025-06-10,184,269,0.6840148698884758,late,"[180, 210)"
17248,PF_0025103,080400,4,2025-03-18,0,0,1,150.0,10.0,,,,17.5,,,1,False,7521,2024년_딸기(금실),2024-09-15,2025-06-10,184,269,0.6840148698884758,late,"[180, 210)"
17280,PF_0025103,080400,5,2025-03-18,0,0,3,140.0,17.0,,,,23.4,,,3,False,7521,2024년_딸기(금실),2024-09-15,2025-06-10,184,269,0.6840148698884758,late,"[180, 210)"
17312,PF_0025103,080400,6,2025-03-18,0,0,2,130.0,12.0,,,,17.6,,,2,False,7521,2024년_딸기(금실),2024-09-15,2025-06-10,184,269,0.6840148698884758,late,"[180, 210)"
17344,PF_0025103,080400,7,2025-03-18,0,0,2,100.0,14.0,,,,16.3,,,2,False,7521,2024년_딸기(금실),2024-09-15,2025-06-10,184,269,0.6840148698884758,late,"[180, 210)"
17376,PF_0025103,080400,8,2025-03-18,0,0,2,120.0,10.0,,,,17.2,,,2,False,7521,2024년_딸기(금실),2024-09-15,2025-06-10,184,269,0.6840148698884758,late,"[180, 210)"
17408,PF_0025103,080400,9,2025-03-18,0,0,0,100.0,14.0,,,,19.2,,,0,True,7521,2024년_딸기(금실),2024-09-15,2025-06-10,184,269,0.6840148698884758,late,"[180, 210)"
17153,PF_0025103,080400,1,2025-03-25,0,0,1,110.0,12.0,,,,18.0,,,1,False,7521,2024년_딸기(금실),2024-09-15,2025-06-10,191,269,0.7100371747211895,late,"[180, 210)"
17185,PF_0025103,080400,2,2025-03-25,0,0,0,110.0,11.0,,,,22.0,,,0,True,7521,2024년_딸기(금실),2024-09-15,2025-06-10,191,269,0.7100371747211895,late,"[180, 210)"
17217,PF_0025103,080400,3,2025-03-25,0,0,0,120.0,9.0,,,,16.8,,,0,True,7521,2024년_딸기(금실),2024-09-15,2025-06-10,191,269,0.7100371747211895,late,"[180, 210)"
17249,PF_0025103,080400,4,2025-03-25,0,0,0,110.0,11.0,,,,19.5,,,0,True,7521,2024년_딸기(금실),2024-09-15,2025-06-10,191,269,0.7100371747211895,late,"[180, 210)"
17281,PF_0025103,080400,5,2025-03-25,0,0,1,130.0,17.0,,,,19.4,,,1,False,7521,2024년_딸기(금실),2024-09-15,2025-06-10,191,269,0.7100371747211895,late,"[180, 210)"
17313,PF_0025103,080400,6,2025-03-25,0,0,0,130.0,12.0,,,,21.2,,,0,True,7521,2024년_딸기(금실),2024-09-15,2025-06-10,191,269,0.7100371747211895,late,"[180, 210)"
17345,PF_0025103,080400,7,2025-03-25,0,0,2,110.0,13.0,,,,17.8,,,2,False,7521,2024년_딸기(금실),2024-09-15,2025-06-10,191,269,0.7100371747211895,late,"[180, 210)"
17377,PF_0025103,080400,8,2025-03-25,0,0,2,90.0,11.0,,,,17.5,,,2,False,7521,2024년_딸기(금실),2024-09-15,2025-06-10,191,269,0.7100371747211895,late,"[180, 210)"
17409,PF_0025103,080400,9,2025-03-25,0,0,0,110.0,16.0,,,,22.1,,,0,True,7521,2024년_딸기(금실),2024-09-15,2025-06-10,191,269,0.7100371747211895,late,"[180, 210)"
17154,PF_0025103,080400,1,2025-04-01,0,0,0,120.0,11.0,,,,19.1,,,0,True,7521,2024년_딸기(금실),2024-09-15,2025-06-10,198,269,0.7360594795539034,late,"[180, 210)"
17186,PF_0025103,080400,2,2025-04-01,0,0,0,110.0,10.0,,,,18.7,,,0,True,7521,2024년_딸기(금실),2024-09-15,2025-06-10,198,269,0.7360594795539034,late,"[180, 210)"
17218,PF_0025103,080400,3,2025-04-01,0,0,0,80.0,9.0,,,,17.5,,,0,True,7521,2024년_딸기(금실),2024-09-15,2025-06-10,198,269,0.7360594795539034,late,"[180, 210)"
17250,PF_0025103,080400,4,2025-04-01,0,0,0,110.0,11.0,,,,19.0,,,0,True,7521,2024년_딸기(금실),2024-09-15,2025-06-10,198,269,0.7360594795539034,late,"[180, 210)"
17282,PF_0025103,080400,5,2025-04-01,0,0,0,90.0,16.0,,,,18.6,,,0,True,7521,2024년_딸기(금실),2024-09-15,2025-06-10,198,269,0.7360594795539034,late,"[180, 210)"
17314,PF_0025103,080400,6,2025-04-01,0,0,0,120.0,14.0,,,,19.7,,,0,True,7521,2024년_딸기(금실),2024-09-15,2025-06-10,198,269,0.7360594795539034,late,"[180, 210)"
17346,PF_0025103,080400,7,2025-04-01,0,0,0,80.0,15.0,,,,19.4,,,0,True,7521,2024년_딸기(금실),2024-09-15,2025-06-10,198,269,0.7360594795539034,late,"[180, 210)"
17378,PF_0025103,080400,8,2025-04-01,0,0,0,90.0,13.0,,,,19.0,,,0,True,7521,2024년_딸기(금실),2024-09-15,2025-06-10,198,269,0.7360594795539034,late,"[180, 210)"
17410,PF_0025103,080400,9,2025-04-01,0,0,0,110.0,20.0,,,,19.5,,,0,True,7521,2024년_딸기(금실),2024-09-15,2025-06-10,198,269,0.7360594795539034,late,"[180, 210)"
17155,PF_0025103,080400,1,2025-04-08,0,0,0,65.0,6.0,,,,18.6,,,0,True,7521,2024년_딸기(금실),2024-09-15,2025-06-10,205,269,0.7620817843866171,late,"[180, 210)"
17187,PF_0025103,080400,2,2025-04-08,0,0,0,80.0,5.0,,,,19.9,,,0,True,7521,2024년_딸기(금실),2024-09-15,2025-06-10,205,269,0.7620817843866171,late,"[180, 210)"
17219,PF_0025103,080400,3,2025-04-08,0,0,0,80.0,6.0,,,,15.0,,,0,True,7521,2024년_딸기(금실),2024-09-15,2025-06-10,205,269,0.7620817843866171,late,"[180, 210)"
17251,PF_0025103,080400,4,2025-04-08,0,0,0,70.0,7.0,,,,25.4,,,0,True,7521,2024년_딸기(금실),2024-09-15,2025-06-10,205,269,0.7620817843866171,late,"[180, 210)"
17283,PF_0025103,080400,5,2025-04-08,0,0,0,90.0,14.0,,,,22.0,,,0,True,7521,2024년_딸기(금실),2024-09-15,2025-06-10,205,269,0.7620817843866171,late,"[180, 210)"
17315,PF_0025103,080400,6,2025-04-08,0,0,0,70.0,9.0,,,,26.8,,,0,True,7521,2024년_딸기(금실),2024-09-15,2025-06-10,205,269,0.7620817843866171,late,"[180, 210)"
17347,PF_0025103,080400,7,2025-04-08,0,0,0,90.0,6.0,,,,22.2,,,0,True,7521,2024년_딸기(금실),2024-09-15,2025-06-10,205,269,0.7620817843866171,late,"[180, 210)"
17379,PF_0025103,080400,8,2025-04-08,0,0,0,70.0,8.0,,,,25.3,,,0,True,7521,2024년_딸기(금실),2024-09-15,2025-06-10,205,269,0.7620817843866171,late,"[180, 210)"
17411,PF_0025103,080400,9,2025-04-08,0,0,0,80.0,9.0,,,,25.4,,,0,True,7521,2024년_딸기(금실),2024-09-15,2025-06-10,205,269,0.7620817843866171,late,"[180, 210)"
17156,PF_0025103,080400,1,2025-04-15,0,0,0,60.0,9.0,,,,19.3,,,0,True,7521,2024년_딸기(금실),2024-09-15,2025-06-10,212,269,0.7881040892193308,late,"[210, 240)"
17188,PF_0025103,080400,2,2025-04-15,0,0,0,90.0,5.0,,,,19.4,,,0,True,7521,2024년_딸기(금실),2024-09-15,2025-06-10,212,269,0.7881040892193308,late,"[210, 240)"
17220,PF_0025103,080400,3,2025-04-15,0,0,0,75.0,7.0,,,,17.7,,,0,True,7521,2024년_딸기(금실),2024-09-15,2025-06-10,212,269,0.7881040892193308,late,"[210, 240)"
17252,PF_0025103,080400,4,2025-04-15,0,0,0,80.0,10.0,,,,20.4,,,0,True,7521,2024년_딸기(금실),2024-09-15,2025-06-10,212,269,0.7881040892193308,late,"[210, 240)"
17284,PF_0025103,080400,5,2025-04-15,0,0,0,90.0,17.0,,,,19.0,,,0,True,7521,2024년_딸기(금실),2024-09-15,2025-06-10,212,269,0.7881040892193308,late,"[210, 240)"
17316,PF_0025103,080400,6,2025-04-15,0,0,0,95.0,11.0,,,,20.9,,,0,True,7521,2024년_딸기(금실),2024-09-15,2025-06-10,212,269,0.7881040892193308,late,"[210, 240)"
17348,PF_0025103,080400,7,2025-04-15,0,0,0,80.0,7.0,,,,14.8,,,0,True,7521,2024년_딸기(금실),2024-09-15,2025-06-10,212,269,0.7881040892193308,late,"[210, 240)"
17380,PF_0025103,080400,8,2025-04-15,0,0,0,100.0,19.0,,,,31.7,,,0,True,7521,2024년_딸기(금실),2024-09-15,2025-06-10,212,269,0.7881040892193308,late,"[210, 240)"
17412,PF_0025103,080400,9,2025-04-15,0,0,0,70.0,15.0,,,,21.5,,,0,True,7521,2024년_딸기(금실),2024-09-15,2025-06-10,212,269,0.7881040892193308,late,"[210, 240)"
17157,PF_0025103,080400,1,2025-04-22,0,0,0,90.0,15.0,,,,16.2,,,0,True,7521,2024년_딸기(금실),2024-09-15,2025-06-10,219,269,0.8141263940520446,late,"[210, 240)"
17189,PF_0025103,080400,2,2025-04-22,0,0,0,100.0,8.0,,,,16.4,,,0,True,7521,2024년_딸기(금실),2024-09-15,2025-06-10,219,269,0.8141263940520446,late,"[210, 240)"
17221,PF_0025103,080400,3,2025-04-22,0,0,0,90.0,7.0,,,,18.5,,,0,True,7521,2024년_딸기(금실),2024-09-15,2025-06-10,219,269,0.8141263940520446,late,"[210, 240)"
17253,PF_0025103,080400,4,2025-04-22,0,0,0,85.0,8.0,,,,19.2,,,0,True,7521,2024년_딸기(금실),2024-09-15,2025-06-10,219,269,0.8141263940520446,late,"[210, 240)"
17285,PF_0025103,080400,5,2025-04-22,0,0,0,100.0,11.0,,,,21.9,,,0,True,7521,2024년_딸기(금실),2024-09-15,2025-06-10,219,269,0.8141263940520446,late,"[210, 240)"
17317,PF_0025103,080400,6,2025-04-22,0,0,0,90.0,12.0,,,,18.9,,,0,True,7521,2024년_딸기(금실),2024-09-15,2025-06-10,219,269,0.8141263940520446,late,"[210, 240)"
17349,PF_0025103,080400,7,2025-04-22,0,0,0,90.0,7.0,,,,16.1,,,0,True,7521,2024년_딸기(금실),2024-09-15,2025-06-10,219,269,0.8141263940520446,late,"[210, 240)"
17381,PF_0025103,080400,8,2025-04-22,0,0,0,80.0,12.0,,,,21.0,,,0,True,7521,2024년_딸기(금실),2024-09-15,2025-06-10,219,269,0.8141263940520446,late,"[210, 240)"
17413,PF_0025103,080400,9,2025-04-22,0,0,0,90.0,26.0,,,,18.9,,,0,True,7521,2024년_딸기(금실),2024-09-15,2025-06-10,219,269,0.8141263940520446,late,"[210, 240)"
17158,PF_0025103,080400,1,2025-04-28,0,0,0,90.0,16.0,,,,22.6,,,0,True,7521,2024년_딸기(금실),2024-09-15,2025-06-10,225,269,0.8364312267657993,late,"[210, 240)"
17190,PF_0025103,080400,2,2025-04-28,0,0,0,100.0,11.0,,,,19.3,,,0,True,7521,2024년_딸기(금실),2024-09-15,2025-06-10,225,269,0.8364312267657993,late,"[210, 240)"
17222,PF_0025103,080400,3,2025-04-28,0,0,0,100.0,9.0,,,,20.9,,,0,True,7521,2024년_딸기(금실),2024-09-15,2025-06-10,225,269,0.8364312267657993,late,"[210, 240)"
17254,PF_0025103,080400,4,2025-04-28,0,0,0,110.0,11.0,,,,23.6,,,0,True,7521,2024년_딸기(금실),2024-09-15,2025-06-10,225,269,0.8364312267657993,late,"[210, 240)"
17286,PF_0025103,080400,5,2025-04-28,0,0,0,110.0,12.0,,,,23.9,,,0,True,7521,2024년_딸기(금실),2024-09-15,2025-06-10,225,269,0.8364312267657993,late,"[210, 240)"
17318,PF_0025103,080400,6,2025-04-28,0,0,0,110.0,13.0,,,,25.4,,,0,True,7521,2024년_딸기(금실),2024-09-15,2025-06-10,225,269,0.8364312267657993,late,"[210, 240)"
17350,PF_0025103,080400,7,2025-04-28,0,0,0,110.0,7.0,,,,23.2,,,0,True,7521,2024년_딸기(금실),2024-09-15,2025-06-10,225,269,0.8364312267657993,late,"[210, 240)"
17382,PF_0025103,080400,8,2025-04-28,0,0,0,90.0,10.0,,,,26.7,,,0,True,7521,2024년_딸기(금실),2024-09-15,2025-06-10,225,269,0.8364312267657993,late,"[210, 240)"
17414,PF_0025103,080400,9,2025-04-28,0,0,0,80.0,26.0,,,,24.5,,,0,True,7521,2024년_딸기(금실),2024-09-15,2025-06-10,225,269,0.8364312267657993,late,"[210, 240)"
17159,PF_0025103,080400,1,2025-05-22,0,0,0,110.0,18.0,,,,22.6,,,0,True,7521,2024년_딸기(금실),2024-09-15,2025-06-10,249,269,0.9256505576208178,late,"[240, 270)"
17191,PF_0025103,080400,2,2025-05-22,0,0,0,130.0,7.0,,,,17.0,,,0,True,7521,2024년_딸기(금실),2024-09-15,2025-06-10,249,269,0.9256505576208178,late,"[240, 270)"
17223,PF_0025103,080400,3,2025-05-22,0,0,0,140.0,10.0,,,,23.3,,,0,True,7521,2024년_딸기(금실),2024-09-15,2025-06-10,249,269,0.9256505576208178,late,"[240, 270)"
17255,PF_0025103,080400,4,2025-05-22,0,0,0,140.0,16.0,,,,31.5,,,0,True,7521,2024년_딸기(금실),2024-09-15,2025-06-10,249,269,0.9256505576208178,late,"[240, 270)"
17287,PF_0025103,080400,5,2025-05-22,0,0,0,150.0,13.0,,,,22.5,,,0,True,7521,2024년_딸기(금실),2024-09-15,2025-06-10,249,269,0.9256505576208178,late,"[240, 270)"
17319,PF_0025103,080400,6,2025-05-22,0,0,0,140.0,12.0,,,,28.7,,,0,True,7521,2024년_딸기(금실),2024-09-15,2025-06-10,249,269,0.9256505576208178,late,"[240, 270)"
17351,PF_0025103,080400,7,2025-05-22,0,0,0,130.0,8.0,,,,24.7,,,0,True,7521,2024년_딸기(금실),2024-09-15,2025-06-10,249,269,0.9256505576208178,late,"[240, 270)"
17383,PF_0025103,080400,8,2025-05-22,0,0,0,120.0,17.0,,,,21.2,,,0,True,7521,2024년_딸기(금실),2024-09-15,2025-06-10,249,269,0.9256505576208178,late,"[240, 270)"
17415,PF_0025103,080400,9,2025-05-22,0,0,0,110.0,15.0,,,,27.9,,,0,True,7521,2024년_딸기(금실),2024-09-15,2025-06-10,249,269,0.9256505576208178,late,"[240, 270)"
17160,PF_0025103,080400,1,2025-05-29,0,0,0,110.0,18.0,,,,22.6,,,0,True,7521,2024년_딸기(금실),2024-09-15,2025-06-10,256,269,0.9516728624535316,late,"[240, 270)"
17192,PF_0025103,080400,2,2025-05-29,0,0,0,130.0,7.0,,,,17.0,,,0,True,7521,2024년_딸기(금실),2024-09-15,2025-06-10,256,269,0.9516728624535316,late,"[240, 270)"
17224,PF_0025103,080400,3,2025-05-29,0,0,0,150.0,10.0,,,,23.3,,,0,True,7521,2024년_딸기(금실),2024-09-15,2025-06-10,256,269,0.9516728624535316,late,"[240, 270)"
17256,PF_0025103,080400,4,2025-05-29,0,0,0,120.0,16.0,,,,31.5,,,0,True,7521,2024년_딸기(금실),2024-09-15,2025-06-10,256,269,0.9516728624535316,late,"[240, 270)"
17288,PF_0025103,080400,5,2025-05-29,0,0,0,150.0,13.0,,,,22.5,,,0,True,7521,2024년_딸기(금실),2024-09-15,2025-06-10,256,269,0.9516728624535316,late,"[240, 270)"
17320,PF_0025103,080400,6,2025-05-29,0,0,0,130.0,12.0,,,,28.7,,,0,True,7521,2024년_딸기(금실),2024-09-15,2025-06-10,256,269,0.9516728624535316,late,"[240, 270)"
17352,PF_0025103,080400,7,2025-05-29,0,0,0,120.0,8.0,,,,24.7,,,0,True,7521,2024년_딸기(금실),2024-09-15,2025-06-10,256,269,0.9516728624535316,late,"[240, 270)"
17384,PF_0025103,080400,8,2025-05-29,0,0,0,120.0,17.0,,,,21.2,,,0,True,7521,2024년_딸기(금실),2024-09-15,2025-06-10,256,269,0.9516728624535316,late,"[240, 270)"
17416,PF_0025103,080400,9,2025-05-29,0,0,0,110.0,15.0,,,,27.9,,,0,True,7521,2024년_딸기(금실),2024-09-15,2025-06-10,256,269,0.9516728624535316,late,"[240, 270)"
17161,PF_0025103,080400,1,2025-06-05,0,0,0,110.0,18.0,,,,22.4,,,0,True,7521,2024년_딸기(금실),2024-09-15,2025-06-10,263,269,0.9776951672862454,late,"[240, 270)"
17193,PF_0025103,080400,2,2025-06-05,0,0,0,140.0,7.0,,,,16.8,,,0,True,7521,2024년_딸기(금실),2024-09-15,2025-06-10,263,269,0.9776951672862454,late,"[240, 270)"
17225,PF_0025103,080400,3,2025-06-05,0,0,0,120.0,10.0,,,,23.1,,,0,True,7521,2024년_딸기(금실),2024-09-15,2025-06-10,263,269,0.9776951672862454,late,"[240, 270)"
17257,PF_0025103,080400,4,2025-06-05,0,0,0,130.0,16.0,,,,31.0,,,0,True,7521,2024년_딸기(금실),2024-09-15,2025-06-10,263,269,0.9776951672862454,late,"[240, 270)"
17289,PF_0025103,080400,5,2025-06-05,0,0,0,150.0,13.0,,,,22.3,,,0,True,7521,2024년_딸기(금실),2024-09-15,2025-06-10,263,269,0.9776951672862454,late,"[240, 270)"
17321,PF_0025103,080400,6,2025-06-05,0,0,0,130.0,12.0,,,,28.5,,,0,True,7521,2024년_딸기(금실),2024-09-15,2025-06-10,263,269,0.9776951672862454,late,"[240, 270)"
17353,PF_0025103,080400,7,2025-06-05,0,0,0,130.0,8.0,,,,24.3,,,0,True,7521,2024년_딸기(금실),2024-09-15,2025-06-10,263,269,0.9776951672862454,late,"[240, 270)"
17385,PF_0025103,080400,8,2025-06-05,0,0,0,120.0,17.0,,,,21.0,,,0,True,7521,2024년_딸기(금실),2024-09-15,2025-06-10,263,269,0.9776951672862454,late,"[240, 270)"
17417,PF_0025103,080400,9,2025-06-05,0,0,0,120.0,15.0,,,,27.6,,,0,True,7521,2024년_딸기(금실),2024-09-15,2025-06-10,263,269,0.9776951672862454,late,"[240, 270)"
17603,PF_0025106,080400,1,2024-10-07,0,0,0,50.0,6.0,,,,9.0,,,0,True,7518,2024년_딸기(설향),2024-09-17,2025-06-30,20,287,0.06968641114982578,early,"[0, 30)"
17634,PF_0025106,080400,2,2024-10-07,0,0,0,50.0,7.0,,,,12.1,,,0,True,7518,2024년_딸기(설향),2024-09-17,2025-06-30,20,287,0.06968641114982578,early,"[0, 30)"
17665,PF_0025106,080400,3,2024-10-07,0,0,0,50.0,5.0,,,,10.0,,,0,True,7518,2024년_딸기(설향),2024-09-17,2025-06-30,20,287,0.06968641114982578,early,"[0, 30)"
17696,PF_0025106,080400,4,2024-10-07,0,0,0,55.0,8.0,,,,14.2,,,0,True,7518,2024년_딸기(설향),2024-09-17,2025-06-30,20,287,0.06968641114982578,early,"[0, 30)"
17727,PF_0025106,080400,5,2024-10-07,0,0,0,60.0,5.0,,,,9.5,,,0,True,7518,2024년_딸기(설향),2024-09-17,2025-06-30,20,287,0.06968641114982578,early,"[0, 30)"
17758,PF_0025106,080400,6,2024-10-07,0,0,0,55.0,5.0,,,,11.4,,,0,True,7518,2024년_딸기(설향),2024-09-17,2025-06-30,20,287,0.06968641114982578,early,"[0, 30)"
17789,PF_0025106,080400,7,2024-10-07,0,0,0,40.0,9.0,,,,11.4,,,0,True,7518,2024년_딸기(설향),2024-09-17,2025-06-30,20,287,0.06968641114982578,early,"[0, 30)"
17820,PF_0025106,080400,8,2024-10-07,0,0,0,45.0,9.0,,,,10.9,,,0,True,7518,2024년_딸기(설향),2024-09-17,2025-06-30,20,287,0.06968641114982578,early,"[0, 30)"
17851,PF_0025106,080400,9,2024-10-07,0,0,0,55.0,7.0,,,,13.6,,,0,True,7518,2024년_딸기(설향),2024-09-17,2025-06-30,20,287,0.06968641114982578,early,"[0, 30)"
17604,PF_0025106,080400,1,2024-10-14,0,0,0,70.0,7.0,,,,10.3,,,0,True,7518,2024년_딸기(설향),2024-09-17,2025-06-30,27,287,0.09407665505226481,early,"[0, 30)"
17635,PF_0025106,080400,2,2024-10-14,0,0,0,70.0,6.0,,,,11.0,,,0,True,7518,2024년_딸기(설향),2024-09-17,2025-06-30,27,287,0.09407665505226481,early,"[0, 30)"
17666,PF_0025106,080400,3,2024-10-14,0,0,0,50.0,5.0,,,,11.8,,,0,True,7518,2024년_딸기(설향),2024-09-17,2025-06-30,27,287,0.09407665505226481,early,"[0, 30)"
17697,PF_0025106,080400,4,2024-10-14,0,0,0,75.0,10.0,,,,18.2,,,0,True,7518,2024년_딸기(설향),2024-09-17,2025-06-30,27,287,0.09407665505226481,early,"[0, 30)"
17728,PF_0025106,080400,5,2024-10-14,0,0,0,60.0,6.0,,,,15.7,,,0,True,7518,2024년_딸기(설향),2024-09-17,2025-06-30,27,287,0.09407665505226481,early,"[0, 30)"
17759,PF_0025106,080400,6,2024-10-14,0,0,0,80.0,7.0,,,,12.1,,,0,True,7518,2024년_딸기(설향),2024-09-17,2025-06-30,27,287,0.09407665505226481,early,"[0, 30)"
17790,PF_0025106,080400,7,2024-10-14,0,0,0,80.0,9.0,,,,11.8,,,0,True,7518,2024년_딸기(설향),2024-09-17,2025-06-30,27,287,0.09407665505226481,early,"[0, 30)"
17821,PF_0025106,080400,8,2024-10-14,0,0,0,75.0,8.0,,,,12.6,,,0,True,7518,2024년_딸기(설향),2024-09-17,2025-06-30,27,287,0.09407665505226481,early,"[0, 30)"
17852,PF_0025106,080400,9,2024-10-14,0,0,0,80.0,8.0,,,,12.5,,,0,True,7518,2024년_딸기(설향),2024-09-17,2025-06-30,27,287,0.09407665505226481,early,"[0, 30)"
17605,PF_0025106,080400,1,2024-10-21,0,0,0,90.0,5.0,,,,10.2,,,0,True,7518,2024년_딸기(설향),2024-09-17,2025-06-30,34,287,0.11846689895470383,early,"[30, 60)"
17636,PF_0025106,080400,2,2024-10-21,0,0,0,90.0,4.0,,,,12.8,,,0,True,7518,2024년_딸기(설향),2024-09-17,2025-06-30,34,287,0.11846689895470383,early,"[30, 60)"
17667,PF_0025106,080400,3,2024-10-21,0,0,0,80.0,5.0,,,,11.7,,,0,True,7518,2024년_딸기(설향),2024-09-17,2025-06-30,34,287,0.11846689895470383,early,"[30, 60)"
17698,PF_0025106,080400,4,2024-10-21,0,0,0,90.0,5.0,,,,11.3,,,0,True,7518,2024년_딸기(설향),2024-09-17,2025-06-30,34,287,0.11846689895470383,early,"[30, 60)"
17729,PF_0025106,080400,5,2024-10-21,0,0,0,80.0,4.0,,,,8.6,,,0,True,7518,2024년_딸기(설향),2024-09-17,2025-06-30,34,287,0.11846689895470383,early,"[30, 60)"
17760,PF_0025106,080400,6,2024-10-21,0,0,0,110.0,4.0,,,,9.7,,,0,True,7518,2024년_딸기(설향),2024-09-17,2025-06-30,34,287,0.11846689895470383,early,"[30, 60)"
17791,PF_0025106,080400,7,2024-10-21,0,0,0,95.0,5.0,,,,8.5,,,0,True,7518,2024년_딸기(설향),2024-09-17,2025-06-30,34,287,0.11846689895470383,early,"[30, 60)"
17822,PF_0025106,080400,8,2024-10-21,0,0,0,90.0,5.0,,,,13.0,,,0,True,7518,2024년_딸기(설향),2024-09-17,2025-06-30,34,287,0.11846689895470383,early,"[30, 60)"
17853,PF_0025106,080400,9,2024-10-21,0,0,0,100.0,6.0,,,,16.1,,,0,True,7518,2024년_딸기(설향),2024-09-17,2025-06-30,34,287,0.11846689895470383,early,"[30, 60)"
17606,PF_0025106,080400,1,2024-10-29,0,0,0,90.0,5.0,,,,11.6,,,0,True,7518,2024년_딸기(설향),2024-09-17,2025-06-30,42,287,0.14634146341463414,early,"[30, 60)"
17637,PF_0025106,080400,2,2024-10-29,0,0,0,90.0,4.0,,,,9.4,,,0,True,7518,2024년_딸기(설향),2024-09-17,2025-06-30,42,287,0.14634146341463414,early,"[30, 60)"
17668,PF_0025106,080400,3,2024-10-29,0,0,0,90.0,6.0,,,,6.8,,,0,True,7518,2024년_딸기(설향),2024-09-17,2025-06-30,42,287,0.14634146341463414,early,"[30, 60)"
17699,PF_0025106,080400,4,2024-10-29,0,0,0,110.0,5.0,,,,10.7,,,0,True,7518,2024년_딸기(설향),2024-09-17,2025-06-30,42,287,0.14634146341463414,early,"[30, 60)"
17730,PF_0025106,080400,5,2024-10-29,0,0,0,90.0,5.0,,,,8.6,,,0,True,7518,2024년_딸기(설향),2024-09-17,2025-06-30,42,287,0.14634146341463414,early,"[30, 60)"
17761,PF_0025106,080400,6,2024-10-29,0,0,0,120.0,5.0,,,,10.9,,,0,True,7518,2024년_딸기(설향),2024-09-17,2025-06-30,42,287,0.14634146341463414,early,"[30, 60)"
17792,PF_0025106,080400,7,2024-10-29,0,0,0,90.0,5.0,,,,10.4,,,0,True,7518,2024년_딸기(설향),2024-09-17,2025-06-30,42,287,0.14634146341463414,early,"[30, 60)"
17823,PF_0025106,080400,8,2024-10-29,0,0,0,100.0,5.0,,,,7.8,,,0,True,7518,2024년_딸기(설향),2024-09-17,2025-06-30,42,287,0.14634146341463414,early,"[30, 60)"
17854,PF_0025106,080400,9,2024-10-29,0,0,0,100.0,6.0,,,,10.4,,,0,True,7518,2024년_딸기(설향),2024-09-17,2025-06-30,42,287,0.14634146341463414,early,"[30, 60)"
17607,PF_0025106,080400,1,2024-11-11,0,0,0,100.0,6.0,,,,25.0,,,0,True,7518,2024년_딸기(설향),2024-09-17,2025-06-30,55,287,0.1916376306620209,early,"[30, 60)"
17638,PF_0025106,080400,2,2024-11-11,0,0,0,105.0,6.0,,,,21.7,,,0,True,7518,2024년_딸기(설향),2024-09-17,2025-06-30,55,287,0.1916376306620209,early,"[30, 60)"
17669,PF_0025106,080400,3,2024-11-11,0,0,0,120.0,6.0,,,,26.8,,,0,True,7518,2024년_딸기(설향),2024-09-17,2025-06-30,55,287,0.1916376306620209,early,"[30, 60)"
17700,PF_0025106,080400,4,2024-11-11,0,0,0,120.0,7.0,,,,24.1,,,0,True,7518,2024년_딸기(설향),2024-09-17,2025-06-30,55,287,0.1916376306620209,early,"[30, 60)"
17731,PF_0025106,080400,5,2024-11-11,0,0,0,120.0,7.0,,,,24.5,,,0,True,7518,2024년_딸기(설향),2024-09-17,2025-06-30,55,287,0.1916376306620209,early,"[30, 60)"
17762,PF_0025106,080400,6,2024-11-11,0,0,0,140.0,6.0,,,,22.4,,,0,True,7518,2024년_딸기(설향),2024-09-17,2025-06-30,55,287,0.1916376306620209,early,"[30, 60)"
17793,PF_0025106,080400,7,2024-11-11,0,0,0,120.0,6.0,,,,22.7,,,0,True,7518,2024년_딸기(설향),2024-09-17,2025-06-30,55,287,0.1916376306620209,early,"[30, 60)"
17824,PF_0025106,080400,8,2024-11-11,0,0,0,100.0,8.0,,,,22.7,,,0,True,7518,2024년_딸기(설향),2024-09-17,2025-06-30,55,287,0.1916376306620209,early,"[30, 60)"
17855,PF_0025106,080400,9,2024-11-11,0,0,0,110.0,7.0,,,,17.9,,,0,True,7518,2024년_딸기(설향),2024-09-17,2025-06-30,55,287,0.1916376306620209,early,"[30, 60)"
17608,PF_0025106,080400,1,2024-11-18,0,0,0,100.0,6.0,,,,11.9,,,0,True,7518,2024년_딸기(설향),2024-09-17,2025-06-30,62,287,0.21602787456445993,early,"[60, 90)"
17639,PF_0025106,080400,2,2024-11-18,0,0,0,110.0,6.0,,,,14.7,,,0,True,7518,2024년_딸기(설향),2024-09-17,2025-06-30,62,287,0.21602787456445993,early,"[60, 90)"
17670,PF_0025106,080400,3,2024-11-18,0,0,0,120.0,8.0,,,,10.8,,,0,True,7518,2024년_딸기(설향),2024-09-17,2025-06-30,62,287,0.21602787456445993,early,"[60, 90)"
17701,PF_0025106,080400,4,2024-11-18,0,0,0,130.0,8.0,,,,7.0,,,0,True,7518,2024년_딸기(설향),2024-09-17,2025-06-30,62,287,0.21602787456445993,early,"[60, 90)"
17732,PF_0025106,080400,5,2024-11-18,0,0,0,120.0,8.0,,,,17.9,,,0,True,7518,2024년_딸기(설향),2024-09-17,2025-06-30,62,287,0.21602787456445993,early,"[60, 90)"
17763,PF_0025106,080400,6,2024-11-18,0,0,0,150.0,7.0,,,,16.1,,,0,True,7518,2024년_딸기(설향),2024-09-17,2025-06-30,62,287,0.21602787456445993,early,"[60, 90)"
17794,PF_0025106,080400,7,2024-11-18,0,0,0,130.0,7.0,,,,15.6,,,0,True,7518,2024년_딸기(설향),2024-09-17,2025-06-30,62,287,0.21602787456445993,early,"[60, 90)"
17825,PF_0025106,080400,8,2024-11-18,0,0,0,100.0,7.0,,,,14.8,,,0,True,7518,2024년_딸기(설향),2024-09-17,2025-06-30,62,287,0.21602787456445993,early,"[60, 90)"
17856,PF_0025106,080400,9,2024-11-18,0,0,0,110.0,9.0,,,,15.2,,,0,True,7518,2024년_딸기(설향),2024-09-17,2025-06-30,62,287,0.21602787456445993,early,"[60, 90)"
17609,PF_0025106,080400,1,2024-11-25,0,0,0,110.0,8.0,,,,18.8,,,0,True,7518,2024년_딸기(설향),2024-09-17,2025-06-30,69,287,0.24041811846689895,early,"[60, 90)"
17640,PF_0025106,080400,2,2024-11-25,0,0,0,110.0,7.0,,,,17.0,,,0,True,7518,2024년_딸기(설향),2024-09-17,2025-06-30,69,287,0.24041811846689895,early,"[60, 90)"
17671,PF_0025106,080400,3,2024-11-25,0,0,0,130.0,8.0,,,,17.3,,,0,True,7518,2024년_딸기(설향),2024-09-17,2025-06-30,69,287,0.24041811846689895,early,"[60, 90)"
17702,PF_0025106,080400,4,2024-11-25,0,0,0,120.0,9.0,,,,16.5,,,0,True,7518,2024년_딸기(설향),2024-09-17,2025-06-30,69,287,0.24041811846689895,early,"[60, 90)"
17733,PF_0025106,080400,5,2024-11-25,0,0,0,100.0,8.0,,,,14.4,,,0,True,7518,2024년_딸기(설향),2024-09-17,2025-06-30,69,287,0.24041811846689895,early,"[60, 90)"
17764,PF_0025106,080400,6,2024-11-25,0,0,0,150.0,8.0,,,,17.8,,,0,True,7518,2024년_딸기(설향),2024-09-17,2025-06-30,69,287,0.24041811846689895,early,"[60, 90)"
17795,PF_0025106,080400,7,2024-11-25,0,0,0,130.0,7.0,,,,17.1,,,0,True,7518,2024년_딸기(설향),2024-09-17,2025-06-30,69,287,0.24041811846689895,early,"[60, 90)"
17826,PF_0025106,080400,8,2024-11-25,0,0,0,110.0,7.0,,,,14.8,,,0,True,7518,2024년_딸기(설향),2024-09-17,2025-06-30,69,287,0.24041811846689895,early,"[60, 90)"
17857,PF_0025106,080400,9,2024-11-25,0,0,0,120.0,8.0,,,,14.1,,,0,True,7518,2024년_딸기(설향),2024-09-17,2025-06-30,69,287,0.24041811846689895,early,"[60, 90)"
17610,PF_0025106,080400,1,2024-12-02,0,0,0,100.0,8.0,,,,13.1,,,0,True,7518,2024년_딸기(설향),2024-09-17,2025-06-30,76,287,0.26480836236933797,early,"[60, 90)"
17641,PF_0025106,080400,2,2024-12-02,0,0,0,110.0,8.0,,,,15.7,,,0,True,7518,2024년_딸기(설향),2024-09-17,2025-06-30,76,287,0.26480836236933797,early,"[60, 90)"
17672,PF_0025106,080400,3,2024-12-02,0,0,0,130.0,8.0,,,,15.7,,,0,True,7518,2024년_딸기(설향),2024-09-17,2025-06-30,76,287,0.26480836236933797,early,"[60, 90)"
17703,PF_0025106,080400,4,2024-12-02,0,0,0,120.0,10.0,,,,13.8,,,0,True,7518,2024년_딸기(설향),2024-09-17,2025-06-30,76,287,0.26480836236933797,early,"[60, 90)"
17734,PF_0025106,080400,5,2024-12-02,0,0,0,110.0,8.0,,,,14.5,,,0,True,7518,2024년_딸기(설향),2024-09-17,2025-06-30,76,287,0.26480836236933797,early,"[60, 90)"
17765,PF_0025106,080400,6,2024-12-02,0,0,0,150.0,8.0,,,,13.1,,,0,True,7518,2024년_딸기(설향),2024-09-17,2025-06-30,76,287,0.26480836236933797,early,"[60, 90)"
17796,PF_0025106,080400,7,2024-12-02,0,0,0,120.0,7.0,,,,10.3,,,0,True,7518,2024년_딸기(설향),2024-09-17,2025-06-30,76,287,0.26480836236933797,early,"[60, 90)"
17827,PF_0025106,080400,8,2024-12-02,0,0,0,110.0,8.0,,,,11.8,,,0,True,7518,2024년_딸기(설향),2024-09-17,2025-06-30,76,287,0.26480836236933797,early,"[60, 90)"
17858,PF_0025106,080400,9,2024-12-02,0,0,0,110.0,7.0,,,,12.1,,,0,True,7518,2024년_딸기(설향),2024-09-17,2025-06-30,76,287,0.26480836236933797,early,"[60, 90)"
17611,PF_0025106,080400,1,2024-12-09,0,0,0,100.0,5.0,,,,10.5,,,0,True,7518,2024년_딸기(설향),2024-09-17,2025-06-30,83,287,0.289198606271777,early,"[60, 90)"
17642,PF_0025106,080400,2,2024-12-09,0,0,0,100.0,8.0,,,,12.3,,,0,True,7518,2024년_딸기(설향),2024-09-17,2025-06-30,83,287,0.289198606271777,early,"[60, 90)"
17673,PF_0025106,080400,3,2024-12-09,0,0,0,130.0,6.0,,,,10.6,,,0,True,7518,2024년_딸기(설향),2024-09-17,2025-06-30,83,287,0.289198606271777,early,"[60, 90)"
17704,PF_0025106,080400,4,2024-12-09,0,0,0,130.0,6.0,,,,10.6,,,0,True,7518,2024년_딸기(설향),2024-09-17,2025-06-30,83,287,0.289198606271777,early,"[60, 90)"
17735,PF_0025106,080400,5,2024-12-09,0,0,0,100.0,7.0,,,,12.0,,,0,True,7518,2024년_딸기(설향),2024-09-17,2025-06-30,83,287,0.289198606271777,early,"[60, 90)"
17766,PF_0025106,080400,6,2024-12-09,0,0,0,110.0,7.0,,,,12.4,,,0,True,7518,2024년_딸기(설향),2024-09-17,2025-06-30,83,287,0.289198606271777,early,"[60, 90)"
17797,PF_0025106,080400,7,2024-12-09,0,0,0,120.0,4.0,,,,11.2,,,0,True,7518,2024년_딸기(설향),2024-09-17,2025-06-30,83,287,0.289198606271777,early,"[60, 90)"
17828,PF_0025106,080400,8,2024-12-09,0,0,0,110.0,6.0,,,,11.2,,,0,True,7518,2024년_딸기(설향),2024-09-17,2025-06-30,83,287,0.289198606271777,early,"[60, 90)"
17859,PF_0025106,080400,9,2024-12-09,0,0,0,130.0,6.0,,,,11.2,,,0,True,7518,2024년_딸기(설향),2024-09-17,2025-06-30,83,287,0.289198606271777,early,"[60, 90)"
17612,PF_0025106,080400,1,2024-12-17,0,0,0,100.0,5.0,,,,18.7,,,0,True,7518,2024년_딸기(설향),2024-09-17,2025-06-30,91,287,0.3170731707317073,early,"[90, 120)"
17643,PF_0025106,080400,2,2024-12-17,0,0,0,100.0,8.0,,,,15.9,,,0,True,7518,2024년_딸기(설향),2024-09-17,2025-06-30,91,287,0.3170731707317073,early,"[90, 120)"
17674,PF_0025106,080400,3,2024-12-17,0,0,0,130.0,7.0,,,,16.7,,,0,True,7518,2024년_딸기(설향),2024-09-17,2025-06-30,91,287,0.3170731707317073,early,"[90, 120)"
17705,PF_0025106,080400,4,2024-12-17,0,0,0,110.0,6.0,,,,18.9,,,0,True,7518,2024년_딸기(설향),2024-09-17,2025-06-30,91,287,0.3170731707317073,early,"[90, 120)"
17736,PF_0025106,080400,5,2024-12-17,0,0,0,110.0,8.0,,,,15.8,,,0,True,7518,2024년_딸기(설향),2024-09-17,2025-06-30,91,287,0.3170731707317073,early,"[90, 120)"
17767,PF_0025106,080400,6,2024-12-17,0,0,0,120.0,8.0,,,,14.0,,,0,True,7518,2024년_딸기(설향),2024-09-17,2025-06-30,91,287,0.3170731707317073,early,"[90, 120)"
17798,PF_0025106,080400,7,2024-12-17,0,0,0,120.0,4.0,,,,17.1,,,0,True,7518,2024년_딸기(설향),2024-09-17,2025-06-30,91,287,0.3170731707317073,early,"[90, 120)"
17829,PF_0025106,080400,8,2024-12-17,0,0,0,110.0,5.0,,,,12.5,,,0,True,7518,2024년_딸기(설향),2024-09-17,2025-06-30,91,287,0.3170731707317073,early,"[90, 120)"
17860,PF_0025106,080400,9,2024-12-17,0,0,0,125.0,7.0,,,,13.0,,,0,True,7518,2024년_딸기(설향),2024-09-17,2025-06-30,91,287,0.3170731707317073,early,"[90, 120)"
17613,PF_0025106,080400,1,2024-12-23,8,0,0,110.0,5.0,,,,18.1,,,8,False,7518,2024년_딸기(설향),2024-09-17,2025-06-30,97,287,0.33797909407665505,middle,"[90, 120)"
17644,PF_0025106,080400,2,2024-12-23,6,0,0,105.0,9.0,,,,14.6,,,6,False,7518,2024년_딸기(설향),2024-09-17,2025-06-30,97,287,0.33797909407665505,middle,"[90, 120)"
17675,PF_0025106,080400,3,2024-12-23,4,0,0,120.0,7.0,,,,17.2,,,4,False,7518,2024년_딸기(설향),2024-09-17,2025-06-30,97,287,0.33797909407665505,middle,"[90, 120)"
17706,PF_0025106,080400,4,2024-12-23,6,0,0,110.0,7.0,,,,16.1,,,6,False,7518,2024년_딸기(설향),2024-09-17,2025-06-30,97,287,0.33797909407665505,middle,"[90, 120)"
17737,PF_0025106,080400,5,2024-12-23,11,0,0,110.0,8.0,,,,14.4,,,11,False,7518,2024년_딸기(설향),2024-09-17,2025-06-30,97,287,0.33797909407665505,middle,"[90, 120)"
17768,PF_0025106,080400,6,2024-12-23,11,0,0,110.0,8.0,,,,20.6,,,11,False,7518,2024년_딸기(설향),2024-09-17,2025-06-30,97,287,0.33797909407665505,middle,"[90, 120)"
17799,PF_0025106,080400,7,2024-12-23,17,0,0,125.0,4.0,,,,15.4,,,17,False,7518,2024년_딸기(설향),2024-09-17,2025-06-30,97,287,0.33797909407665505,middle,"[90, 120)"
17830,PF_0025106,080400,8,2024-12-23,8,0,0,110.0,7.0,,,,14.7,,,8,False,7518,2024년_딸기(설향),2024-09-17,2025-06-30,97,287,0.33797909407665505,middle,"[90, 120)"
17861,PF_0025106,080400,9,2024-12-23,9,0,0,120.0,9.0,,,,17.5,,,9,False,7518,2024년_딸기(설향),2024-09-17,2025-06-30,97,287,0.33797909407665505,middle,"[90, 120)"
17614,PF_0025106,080400,1,2024-12-30,7,0,0,105.0,6.0,,,,20.9,,,7,False,7518,2024년_딸기(설향),2024-09-17,2025-06-30,104,287,0.3623693379790941,middle,"[90, 120)"
17645,PF_0025106,080400,2,2024-12-30,5,0,0,100.0,9.0,,,,22.8,,,5,False,7518,2024년_딸기(설향),2024-09-17,2025-06-30,104,287,0.3623693379790941,middle,"[90, 120)"
17676,PF_0025106,080400,3,2024-12-30,4,0,0,130.0,8.0,,,,22.7,,,4,False,7518,2024년_딸기(설향),2024-09-17,2025-06-30,104,287,0.3623693379790941,middle,"[90, 120)"
17707,PF_0025106,080400,4,2024-12-30,5,0,0,110.0,8.0,,,,22.6,,,5,False,7518,2024년_딸기(설향),2024-09-17,2025-06-30,104,287,0.3623693379790941,middle,"[90, 120)"
17738,PF_0025106,080400,5,2024-12-30,13,0,0,105.0,9.0,,,,21.5,,,13,False,7518,2024년_딸기(설향),2024-09-17,2025-06-30,104,287,0.3623693379790941,middle,"[90, 120)"
17769,PF_0025106,080400,6,2024-12-30,12,0,0,115.0,9.0,,,,25.6,,,12,False,7518,2024년_딸기(설향),2024-09-17,2025-06-30,104,287,0.3623693379790941,middle,"[90, 120)"
17800,PF_0025106,080400,7,2024-12-30,14,0,0,120.0,4.0,,,,24.2,,,14,False,7518,2024년_딸기(설향),2024-09-17,2025-06-30,104,287,0.3623693379790941,middle,"[90, 120)"
17831,PF_0025106,080400,8,2024-12-30,6,0,0,110.0,7.0,,,,18.8,,,6,False,7518,2024년_딸기(설향),2024-09-17,2025-06-30,104,287,0.3623693379790941,middle,"[90, 120)"
17862,PF_0025106,080400,9,2024-12-30,9,0,0,110.0,6.0,,,,22.0,,,9,False,7518,2024년_딸기(설향),2024-09-17,2025-06-30,104,287,0.3623693379790941,middle,"[90, 120)"
17615,PF_0025106,080400,1,2025-01-06,4,0,0,110.0,7.0,,,,16.3,,,4,False,7518,2024년_딸기(설향),2024-09-17,2025-06-30,111,287,0.3867595818815331,middle,"[90, 120)"
17646,PF_0025106,080400,2,2025-01-06,4,0,0,100.0,10.0,,,,17.6,,,4,False,7518,2024년_딸기(설향),2024-09-17,2025-06-30,111,287,0.3867595818815331,middle,"[90, 120)"
17677,PF_0025106,080400,3,2025-01-06,2,0,0,130.0,8.0,,,,18.7,,,2,False,7518,2024년_딸기(설향),2024-09-17,2025-06-30,111,287,0.3867595818815331,middle,"[90, 120)"
17708,PF_0025106,080400,4,2025-01-06,3,0,0,120.0,8.0,,,,21.8,,,3,False,7518,2024년_딸기(설향),2024-09-17,2025-06-30,111,287,0.3867595818815331,middle,"[90, 120)"
17739,PF_0025106,080400,5,2025-01-06,13,0,0,110.0,8.0,,,,21.2,,,13,False,7518,2024년_딸기(설향),2024-09-17,2025-06-30,111,287,0.3867595818815331,middle,"[90, 120)"
17770,PF_0025106,080400,6,2025-01-06,12,0,0,110.0,10.0,,,,23.8,,,12,False,7518,2024년_딸기(설향),2024-09-17,2025-06-30,111,287,0.3867595818815331,middle,"[90, 120)"
17801,PF_0025106,080400,7,2025-01-06,14,0,0,130.0,4.0,,,,20.1,,,14,False,7518,2024년_딸기(설향),2024-09-17,2025-06-30,111,287,0.3867595818815331,middle,"[90, 120)"
17832,PF_0025106,080400,8,2025-01-06,6,0,0,110.0,6.0,,,,21.1,,,6,False,7518,2024년_딸기(설향),2024-09-17,2025-06-30,111,287,0.3867595818815331,middle,"[90, 120)"
17863,PF_0025106,080400,9,2025-01-06,8,0,0,130.0,7.0,,,,22.3,,,8,False,7518,2024년_딸기(설향),2024-09-17,2025-06-30,111,287,0.3867595818815331,middle,"[90, 120)"
17616,PF_0025106,080400,1,2025-01-13,5,0,0,110.0,7.0,,,,13.6,,,5,False,7518,2024년_딸기(설향),2024-09-17,2025-06-30,118,287,0.41114982578397213,middle,"[90, 120)"
17647,PF_0025106,080400,2,2025-01-13,3,0,0,105.0,11.0,,,,16.0,,,3,False,7518,2024년_딸기(설향),2024-09-17,2025-06-30,118,287,0.41114982578397213,middle,"[90, 120)"
17678,PF_0025106,080400,3,2025-01-13,0,0,0,130.0,9.0,,,,20.8,,,0,True,7518,2024년_딸기(설향),2024-09-17,2025-06-30,118,287,0.41114982578397213,middle,"[90, 120)"
17709,PF_0025106,080400,4,2025-01-13,3,0,0,110.0,9.0,,,,15.2,,,3,False,7518,2024년_딸기(설향),2024-09-17,2025-06-30,118,287,0.41114982578397213,middle,"[90, 120)"
17740,PF_0025106,080400,5,2025-01-13,12,0,0,110.0,8.0,,,,13.7,,,12,False,7518,2024년_딸기(설향),2024-09-17,2025-06-30,118,287,0.41114982578397213,middle,"[90, 120)"
17771,PF_0025106,080400,6,2025-01-13,11,0,0,115.0,10.0,,,,19.6,,,11,False,7518,2024년_딸기(설향),2024-09-17,2025-06-30,118,287,0.41114982578397213,middle,"[90, 120)"
17802,PF_0025106,080400,7,2025-01-13,12,0,0,130.0,4.0,,,,13.5,,,12,False,7518,2024년_딸기(설향),2024-09-17,2025-06-30,118,287,0.41114982578397213,middle,"[90, 120)"
17833,PF_0025106,080400,8,2025-01-13,3,0,0,110.0,6.0,,,,12.6,,,3,False,7518,2024년_딸기(설향),2024-09-17,2025-06-30,118,287,0.41114982578397213,middle,"[90, 120)"
17864,PF_0025106,080400,9,2025-01-13,7,0,0,130.0,7.0,,,,11.5,,,7,False,7518,2024년_딸기(설향),2024-09-17,2025-06-30,118,287,0.41114982578397213,middle,"[90, 120)"
17617,PF_0025106,080400,1,2025-01-20,2,0,0,110.0,7.0,,,,19.1,,,2,False,7518,2024년_딸기(설향),2024-09-17,2025-06-30,125,287,0.4355400696864111,middle,"[120, 150)"
17648,PF_0025106,080400,2,2025-01-20,0,7,0,100.0,11.0,,,,16.7,,,7,False,7518,2024년_딸기(설향),2024-09-17,2025-06-30,125,287,0.4355400696864111,middle,"[120, 150)"
17679,PF_0025106,080400,3,2025-01-20,0,6,0,130.0,9.0,,,,17.6,,,6,False,7518,2024년_딸기(설향),2024-09-17,2025-06-30,125,287,0.4355400696864111,middle,"[120, 150)"
17710,PF_0025106,080400,4,2025-01-20,0,5,0,110.0,9.0,,,,16.6,,,5,False,7518,2024년_딸기(설향),2024-09-17,2025-06-30,125,287,0.4355400696864111,middle,"[120, 150)"
17741,PF_0025106,080400,5,2025-01-20,9,4,0,110.0,9.0,,,,13.8,,,13,False,7518,2024년_딸기(설향),2024-09-17,2025-06-30,125,287,0.4355400696864111,middle,"[120, 150)"
17772,PF_0025106,080400,6,2025-01-20,10,2,0,120.0,11.0,,,,21.7,,,12,False,7518,2024년_딸기(설향),2024-09-17,2025-06-30,125,287,0.4355400696864111,middle,"[120, 150)"
17803,PF_0025106,080400,7,2025-01-20,10,0,0,120.0,4.0,,,,15.5,,,10,False,7518,2024년_딸기(설향),2024-09-17,2025-06-30,125,287,0.4355400696864111,middle,"[120, 150)"
17834,PF_0025106,080400,8,2025-01-20,1,1,0,120.0,8.0,,,,14.9,,,2,False,7518,2024년_딸기(설향),2024-09-17,2025-06-30,125,287,0.4355400696864111,middle,"[120, 150)"
17865,PF_0025106,080400,9,2025-01-20,4,4,0,130.0,8.0,,,,16.6,,,8,False,7518,2024년_딸기(설향),2024-09-17,2025-06-30,125,287,0.4355400696864111,middle,"[120, 150)"
17618,PF_0025106,080400,1,2025-02-03,2,0,0,110.0,10.0,,,,18.1,,,2,False,7518,2024년_딸기(설향),2024-09-17,2025-06-30,139,287,0.4843205574912892,middle,"[120, 150)"
17649,PF_0025106,080400,2,2025-02-03,3,0,0,105.0,12.0,,,,18.1,,,3,False,7518,2024년_딸기(설향),2024-09-17,2025-06-30,139,287,0.4843205574912892,middle,"[120, 150)"
17680,PF_0025106,080400,3,2025-02-03,0,5,0,130.0,12.0,,,,21.8,,,5,False,7518,2024년_딸기(설향),2024-09-17,2025-06-30,139,287,0.4843205574912892,middle,"[120, 150)"
17711,PF_0025106,080400,4,2025-02-03,0,3,0,110.0,10.0,,,,18.1,,,3,False,7518,2024년_딸기(설향),2024-09-17,2025-06-30,139,287,0.4843205574912892,middle,"[120, 150)"
17742,PF_0025106,080400,5,2025-02-03,4,4,0,110.0,11.0,,,,16.5,,,8,False,7518,2024년_딸기(설향),2024-09-17,2025-06-30,139,287,0.4843205574912892,middle,"[120, 150)"
17773,PF_0025106,080400,6,2025-02-03,1,0,0,120.0,11.0,,,,20.3,,,1,False,7518,2024년_딸기(설향),2024-09-17,2025-06-30,139,287,0.4843205574912892,middle,"[120, 150)"
17804,PF_0025106,080400,7,2025-02-03,6,0,0,120.0,4.0,,,,14.7,,,6,False,7518,2024년_딸기(설향),2024-09-17,2025-06-30,139,287,0.4843205574912892,middle,"[120, 150)"
17835,PF_0025106,080400,8,2025-02-03,2,0,0,110.0,10.0,,,,19.5,,,2,False,7518,2024년_딸기(설향),2024-09-17,2025-06-30,139,287,0.4843205574912892,middle,"[120, 150)"
17866,PF_0025106,080400,9,2025-02-03,3,0,0,110.0,9.0,,,,22.2,,,3,False,7518,2024년_딸기(설향),2024-09-17,2025-06-30,139,287,0.4843205574912892,middle,"[120, 150)"
17619,PF_0025106,080400,1,2025-02-10,0,2,0,110.0,12.0,,,,17.5,,,2,False,7518,2024년_딸기(설향),2024-09-17,2025-06-30,146,287,0.5087108013937283,middle,"[120, 150)"
17650,PF_0025106,080400,2,2025-02-10,0,3,0,100.0,12.0,,,,18.4,,,3,False,7518,2024년_딸기(설향),2024-09-17,2025-06-30,146,287,0.5087108013937283,middle,"[120, 150)"
17681,PF_0025106,080400,3,2025-02-10,0,5,0,140.0,12.0,,,,18.4,,,5,False,7518,2024년_딸기(설향),2024-09-17,2025-06-30,146,287,0.5087108013937283,middle,"[120, 150)"
17712,PF_0025106,080400,4,2025-02-10,0,3,0,120.0,10.0,,,,21.5,,,3,False,7518,2024년_딸기(설향),2024-09-17,2025-06-30,146,287,0.5087108013937283,middle,"[120, 150)"
17743,PF_0025106,080400,5,2025-02-10,0,6,0,110.0,8.0,,,,15.1,,,6,False,7518,2024년_딸기(설향),2024-09-17,2025-06-30,146,287,0.5087108013937283,middle,"[120, 150)"
17774,PF_0025106,080400,6,2025-02-10,0,1,0,110.0,12.0,,,,15.6,,,1,False,7518,2024년_딸기(설향),2024-09-17,2025-06-30,146,287,0.5087108013937283,middle,"[120, 150)"
17805,PF_0025106,080400,7,2025-02-10,1,0,0,120.0,4.0,,,,15.1,,,1,False,7518,2024년_딸기(설향),2024-09-17,2025-06-30,146,287,0.5087108013937283,middle,"[120, 150)"
17836,PF_0025106,080400,8,2025-02-10,0,2,0,115.0,13.0,,,,14.2,,,2,False,7518,2024년_딸기(설향),2024-09-17,2025-06-30,146,287,0.5087108013937283,middle,"[120, 150)"
17867,PF_0025106,080400,9,2025-02-10,0,2,0,120.0,9.0,,,,17.8,,,2,False,7518,2024년_딸기(설향),2024-09-17,2025-06-30,146,287,0.5087108013937283,middle,"[120, 150)"
17620,PF_0025106,080400,1,2025-02-17,0,1,0,105.0,13.0,,,,18.3,,,1,False,7518,2024년_딸기(설향),2024-09-17,2025-06-30,153,287,0.5331010452961672,middle,"[150, 180)"
17651,PF_0025106,080400,2,2025-02-17,0,2,0,110.0,16.0,,,,15.1,,,2,False,7518,2024년_딸기(설향),2024-09-17,2025-06-30,153,287,0.5331010452961672,middle,"[150, 180)"
17682,PF_0025106,080400,3,2025-02-17,0,4,0,120.0,17.0,,,,17.0,,,4,False,7518,2024년_딸기(설향),2024-09-17,2025-06-30,153,287,0.5331010452961672,middle,"[150, 180)"
17713,PF_0025106,080400,4,2025-02-17,0,2,0,110.0,12.0,,,,18.0,,,2,False,7518,2024년_딸기(설향),2024-09-17,2025-06-30,153,287,0.5331010452961672,middle,"[150, 180)"
17744,PF_0025106,080400,5,2025-02-17,0,4,0,110.0,11.0,,,,17.7,,,4,False,7518,2024년_딸기(설향),2024-09-17,2025-06-30,153,287,0.5331010452961672,middle,"[150, 180)"
17775,PF_0025106,080400,6,2025-02-17,0,1,0,120.0,12.0,,,,16.7,,,1,False,7518,2024년_딸기(설향),2024-09-17,2025-06-30,153,287,0.5331010452961672,middle,"[150, 180)"
17806,PF_0025106,080400,7,2025-02-17,0,2,0,130.0,4.0,,,,13.8,,,2,False,7518,2024년_딸기(설향),2024-09-17,2025-06-30,153,287,0.5331010452961672,middle,"[150, 180)"
17837,PF_0025106,080400,8,2025-02-17,0,2,0,110.0,10.0,,,,14.6,,,2,False,7518,2024년_딸기(설향),2024-09-17,2025-06-30,153,287,0.5331010452961672,middle,"[150, 180)"
17868,PF_0025106,080400,9,2025-02-17,0,1,0,130.0,11.0,,,,17.4,,,1,False,7518,2024년_딸기(설향),2024-09-17,2025-06-30,153,287,0.5331010452961672,middle,"[150, 180)"
17621,PF_0025106,080400,1,2025-02-24,0,0,5,80.0,8.0,,,,11.6,,,5,False,7518,2024년_딸기(설향),2024-09-17,2025-06-30,160,287,0.5574912891986062,middle,"[150, 180)"
17652,PF_0025106,080400,2,2025-02-24,0,0,5,110.0,10.0,,,,11.6,,,5,False,7518,2024년_딸기(설향),2024-09-17,2025-06-30,160,287,0.5574912891986062,middle,"[150, 180)"
17683,PF_0025106,080400,3,2025-02-24,0,0,5,130.0,10.0,,,,14.7,,,5,False,7518,2024년_딸기(설향),2024-09-17,2025-06-30,160,287,0.5574912891986062,middle,"[150, 180)"
17714,PF_0025106,080400,4,2025-02-24,0,1,0,120.0,9.0,,,,12.2,,,1,False,7518,2024년_딸기(설향),2024-09-17,2025-06-30,160,287,0.5574912891986062,middle,"[150, 180)"
17745,PF_0025106,080400,5,2025-02-24,0,2,1,110.0,8.0,,,,11.9,,,3,False,7518,2024년_딸기(설향),2024-09-17,2025-06-30,160,287,0.5574912891986062,middle,"[150, 180)"
17776,PF_0025106,080400,6,2025-02-24,0,0,0,80.0,7.0,,,,12.3,,,0,True,7518,2024년_딸기(설향),2024-09-17,2025-06-30,160,287,0.5574912891986062,middle,"[150, 180)"
17807,PF_0025106,080400,7,2025-02-24,0,1,0,120.0,9.0,,,,10.5,,,1,False,7518,2024년_딸기(설향),2024-09-17,2025-06-30,160,287,0.5574912891986062,middle,"[150, 180)"
17838,PF_0025106,080400,8,2025-02-24,0,1,0,105.0,9.0,,,,10.2,,,1,False,7518,2024년_딸기(설향),2024-09-17,2025-06-30,160,287,0.5574912891986062,middle,"[150, 180)"
17869,PF_0025106,080400,9,2025-02-24,0,0,2,80.0,6.0,,,,14.3,,,2,False,7518,2024년_딸기(설향),2024-09-17,2025-06-30,160,287,0.5574912891986062,middle,"[150, 180)"
17622,PF_0025106,080400,1,2025-03-03,0,0,6,80.0,12.0,,,,15.4,,,6,False,7518,2024년_딸기(설향),2024-09-17,2025-06-30,167,287,0.5818815331010453,middle,"[150, 180)"
17653,PF_0025106,080400,2,2025-03-03,0,0,4,105.0,14.0,,,,17.0,,,4,False,7518,2024년_딸기(설향),2024-09-17,2025-06-30,167,287,0.5818815331010453,middle,"[150, 180)"
17684,PF_0025106,080400,3,2025-03-03,0,0,6,140.0,13.0,,,,17.4,,,6,False,7518,2024년_딸기(설향),2024-09-17,2025-06-30,167,287,0.5818815331010453,middle,"[150, 180)"
17715,PF_0025106,080400,4,2025-03-03,0,0,5,110.0,11.0,,,,18.8,,,5,False,7518,2024년_딸기(설향),2024-09-17,2025-06-30,167,287,0.5818815331010453,middle,"[150, 180)"
17746,PF_0025106,080400,5,2025-03-03,0,0,3,90.0,10.0,,,,15.4,,,3,False,7518,2024년_딸기(설향),2024-09-17,2025-06-30,167,287,0.5818815331010453,middle,"[150, 180)"
17777,PF_0025106,080400,6,2025-03-03,0,0,1,85.0,10.0,,,,17.4,,,1,False,7518,2024년_딸기(설향),2024-09-17,2025-06-30,167,287,0.5818815331010453,middle,"[150, 180)"
17808,PF_0025106,080400,7,2025-03-03,0,0,1,120.0,11.0,,,,17.1,,,1,False,7518,2024년_딸기(설향),2024-09-17,2025-06-30,167,287,0.5818815331010453,middle,"[150, 180)"
17839,PF_0025106,080400,8,2025-03-03,0,0,4,110.0,10.0,,,,16.0,,,4,False,7518,2024년_딸기(설향),2024-09-17,2025-06-30,167,287,0.5818815331010453,middle,"[150, 180)"
17870,PF_0025106,080400,9,2025-03-03,0,0,4,80.0,7.0,,,,20.6,,,4,False,7518,2024년_딸기(설향),2024-09-17,2025-06-30,167,287,0.5818815331010453,middle,"[150, 180)"
17623,PF_0025106,080400,1,2025-03-10,0,0,13,70.0,12.0,,,,14.3,,,13,False,7518,2024년_딸기(설향),2024-09-17,2025-06-30,174,287,0.6062717770034843,middle,"[150, 180)"
17654,PF_0025106,080400,2,2025-03-10,0,0,11,100.0,13.0,,,,16.1,,,11,False,7518,2024년_딸기(설향),2024-09-17,2025-06-30,174,287,0.6062717770034843,middle,"[150, 180)"
17685,PF_0025106,080400,3,2025-03-10,0,0,15,130.0,12.0,,,,18.1,,,15,False,7518,2024년_딸기(설향),2024-09-17,2025-06-30,174,287,0.6062717770034843,middle,"[150, 180)"
17716,PF_0025106,080400,4,2025-03-10,0,0,7,100.0,11.0,,,,23.3,,,7,False,7518,2024년_딸기(설향),2024-09-17,2025-06-30,174,287,0.6062717770034843,middle,"[150, 180)"
17747,PF_0025106,080400,5,2025-03-10,0,0,5,115.0,13.0,,,,14.0,,,5,False,7518,2024년_딸기(설향),2024-09-17,2025-06-30,174,287,0.6062717770034843,middle,"[150, 180)"
17778,PF_0025106,080400,6,2025-03-10,0,0,3,90.0,11.0,,,,20.0,,,3,False,7518,2024년_딸기(설향),2024-09-17,2025-06-30,174,287,0.6062717770034843,middle,"[150, 180)"
17809,PF_0025106,080400,7,2025-03-10,0,0,4,120.0,14.0,,,,18.6,,,4,False,7518,2024년_딸기(설향),2024-09-17,2025-06-30,174,287,0.6062717770034843,middle,"[150, 180)"
17840,PF_0025106,080400,8,2025-03-10,0,0,6,110.0,10.0,,,,15.5,,,6,False,7518,2024년_딸기(설향),2024-09-17,2025-06-30,174,287,0.6062717770034843,middle,"[150, 180)"
17871,PF_0025106,080400,9,2025-03-10,0,0,0,0.0,0.0,,,,0.0,,,0,True,7518,2024년_딸기(설향),2024-09-17,2025-06-30,174,287,0.6062717770034843,middle,"[150, 180)"
17624,PF_0025106,080400,1,2025-03-17,0,0,5,80.0,13.0,,,,18.0,,,5,False,7518,2024년_딸기(설향),2024-09-17,2025-06-30,181,287,0.6306620209059234,middle,"[180, 210)"
17655,PF_0025106,080400,2,2025-03-17,0,0,11,110.0,12.0,,,,15.8,,,11,False,7518,2024년_딸기(설향),2024-09-17,2025-06-30,181,287,0.6306620209059234,middle,"[180, 210)"
17686,PF_0025106,080400,3,2025-03-17,0,0,10,130.0,15.0,,,,18.6,,,10,False,7518,2024년_딸기(설향),2024-09-17,2025-06-30,181,287,0.6306620209059234,middle,"[180, 210)"
17717,PF_0025106,080400,4,2025-03-17,0,0,6,120.0,14.0,,,,14.7,,,6,False,7518,2024년_딸기(설향),2024-09-17,2025-06-30,181,287,0.6306620209059234,middle,"[180, 210)"
17748,PF_0025106,080400,5,2025-03-17,0,0,5,90.0,11.0,,,,17.4,,,5,False,7518,2024년_딸기(설향),2024-09-17,2025-06-30,181,287,0.6306620209059234,middle,"[180, 210)"
17779,PF_0025106,080400,6,2025-03-17,0,0,5,85.0,14.0,,,,17.3,,,5,False,7518,2024년_딸기(설향),2024-09-17,2025-06-30,181,287,0.6306620209059234,middle,"[180, 210)"
17810,PF_0025106,080400,7,2025-03-17,0,0,6,125.0,12.0,,,,17.3,,,6,False,7518,2024년_딸기(설향),2024-09-17,2025-06-30,181,287,0.6306620209059234,middle,"[180, 210)"
17841,PF_0025106,080400,8,2025-03-17,0,0,6,110.0,12.0,,,,12.2,,,6,False,7518,2024년_딸기(설향),2024-09-17,2025-06-30,181,287,0.6306620209059234,middle,"[180, 210)"
17872,PF_0025106,080400,9,2025-03-17,0,0,7,130.0,8.0,,,,13.8,,,7,False,7518,2024년_딸기(설향),2024-09-17,2025-06-30,181,287,0.6306620209059234,middle,"[180, 210)"
17625,PF_0025106,080400,1,2025-03-24,0,0,4,90.0,14.0,,,,20.2,,,4,False,7518,2024년_딸기(설향),2024-09-17,2025-06-30,188,287,0.6550522648083623,middle,"[180, 210)"
17656,PF_0025106,080400,2,2025-03-24,0,0,6,110.0,18.0,,,,16.4,,,6,False,7518,2024년_딸기(설향),2024-09-17,2025-06-30,188,287,0.6550522648083623,middle,"[180, 210)"
17687,PF_0025106,080400,3,2025-03-24,0,0,11,130.0,16.0,,,,17.7,,,11,False,7518,2024년_딸기(설향),2024-09-17,2025-06-30,188,287,0.6550522648083623,middle,"[180, 210)"
17718,PF_0025106,080400,4,2025-03-24,0,0,5,120.0,11.0,,,,15.0,,,5,False,7518,2024년_딸기(설향),2024-09-17,2025-06-30,188,287,0.6550522648083623,middle,"[180, 210)"
17749,PF_0025106,080400,5,2025-03-24,0,0,3,110.0,12.0,,,,18.1,,,3,False,7518,2024년_딸기(설향),2024-09-17,2025-06-30,188,287,0.6550522648083623,middle,"[180, 210)"
17780,PF_0025106,080400,6,2025-03-24,0,0,2,90.0,16.0,,,,19.4,,,2,False,7518,2024년_딸기(설향),2024-09-17,2025-06-30,188,287,0.6550522648083623,middle,"[180, 210)"
17811,PF_0025106,080400,7,2025-03-24,0,0,3,120.0,12.0,,,,21.0,,,3,False,7518,2024년_딸기(설향),2024-09-17,2025-06-30,188,287,0.6550522648083623,middle,"[180, 210)"
17842,PF_0025106,080400,8,2025-03-24,0,0,6,110.0,12.0,,,,16.4,,,6,False,7518,2024년_딸기(설향),2024-09-17,2025-06-30,188,287,0.6550522648083623,middle,"[180, 210)"
17873,PF_0025106,080400,9,2025-03-24,0,0,4,130.0,9.0,,,,18.0,,,4,False,7518,2024년_딸기(설향),2024-09-17,2025-06-30,188,287,0.6550522648083623,middle,"[180, 210)"
17626,PF_0025106,080400,1,2025-03-31,0,0,1,80.0,10.0,,,,19.2,,,1,False,7518,2024년_딸기(설향),2024-09-17,2025-06-30,195,287,0.6794425087108014,late,"[180, 210)"
17657,PF_0025106,080400,2,2025-03-31,0,0,2,80.0,17.0,,,,19.0,,,2,False,7518,2024년_딸기(설향),2024-09-17,2025-06-30,195,287,0.6794425087108014,late,"[180, 210)"
17688,PF_0025106,080400,3,2025-03-31,0,0,4,70.0,13.0,,,,19.7,,,4,False,7518,2024년_딸기(설향),2024-09-17,2025-06-30,195,287,0.6794425087108014,late,"[180, 210)"
17719,PF_0025106,080400,4,2025-03-31,0,0,0,110.0,14.0,,,,15.1,,,0,True,7518,2024년_딸기(설향),2024-09-17,2025-06-30,195,287,0.6794425087108014,late,"[180, 210)"
17750,PF_0025106,080400,5,2025-03-31,0,0,1,70.0,15.0,,,,16.8,,,1,False,7518,2024년_딸기(설향),2024-09-17,2025-06-30,195,287,0.6794425087108014,late,"[180, 210)"
17781,PF_0025106,080400,6,2025-03-31,0,0,1,95.0,19.0,,,,19.1,,,1,False,7518,2024년_딸기(설향),2024-09-17,2025-06-30,195,287,0.6794425087108014,late,"[180, 210)"
17812,PF_0025106,080400,7,2025-03-31,0,0,0,120.0,20.0,,,,22.1,,,0,True,7518,2024년_딸기(설향),2024-09-17,2025-06-30,195,287,0.6794425087108014,late,"[180, 210)"
17843,PF_0025106,080400,8,2025-03-31,0,0,6,75.0,10.0,,,,16.1,,,6,False,7518,2024년_딸기(설향),2024-09-17,2025-06-30,195,287,0.6794425087108014,late,"[180, 210)"
17874,PF_0025106,080400,9,2025-03-31,0,0,0,130.0,13.0,,,,17.1,,,0,True,7518,2024년_딸기(설향),2024-09-17,2025-06-30,195,287,0.6794425087108014,late,"[180, 210)"
17627,PF_0025106,080400,1,2025-04-07,0,0,0,80.0,17.0,,,,21.3,,,0,True,7518,2024년_딸기(설향),2024-09-17,2025-06-30,202,287,0.7038327526132404,late,"[180, 210)"
17658,PF_0025106,080400,2,2025-04-07,0,0,0,75.0,11.0,,,,19.6,,,0,True,7518,2024년_딸기(설향),2024-09-17,2025-06-30,202,287,0.7038327526132404,late,"[180, 210)"
17689,PF_0025106,080400,3,2025-04-07,0,0,0,80.0,10.0,,,,22.2,,,0,True,7518,2024년_딸기(설향),2024-09-17,2025-06-30,202,287,0.7038327526132404,late,"[180, 210)"
17720,PF_0025106,080400,4,2025-04-07,0,0,6,100.0,11.0,,,,20.9,,,6,False,7518,2024년_딸기(설향),2024-09-17,2025-06-30,202,287,0.7038327526132404,late,"[180, 210)"
17751,PF_0025106,080400,5,2025-04-07,0,0,0,80.0,5.0,,,,25.3,,,0,True,7518,2024년_딸기(설향),2024-09-17,2025-06-30,202,287,0.7038327526132404,late,"[180, 210)"
17782,PF_0025106,080400,6,2025-04-07,0,0,0,85.0,9.0,,,,27.9,,,0,True,7518,2024년_딸기(설향),2024-09-17,2025-06-30,202,287,0.7038327526132404,late,"[180, 210)"
17813,PF_0025106,080400,7,2025-04-07,0,0,4,110.0,10.0,,,,29.8,,,4,False,7518,2024년_딸기(설향),2024-09-17,2025-06-30,202,287,0.7038327526132404,late,"[180, 210)"
17844,PF_0025106,080400,8,2025-04-07,0,0,2,80.0,5.0,,,,24.5,,,2,False,7518,2024년_딸기(설향),2024-09-17,2025-06-30,202,287,0.7038327526132404,late,"[180, 210)"
17875,PF_0025106,080400,9,2025-04-07,0,0,2,90.0,6.0,,,,26.7,,,2,False,7518,2024년_딸기(설향),2024-09-17,2025-06-30,202,287,0.7038327526132404,late,"[180, 210)"
17628,PF_0025106,080400,1,2025-04-14,0,0,0,80.0,7.0,,,,20.6,,,0,True,7518,2024년_딸기(설향),2024-09-17,2025-06-30,209,287,0.7282229965156795,late,"[180, 210)"
17659,PF_0025106,080400,2,2025-04-14,0,0,0,75.0,12.0,,,,16.0,,,0,True,7518,2024년_딸기(설향),2024-09-17,2025-06-30,209,287,0.7282229965156795,late,"[180, 210)"
17690,PF_0025106,080400,3,2025-04-14,0,0,0,75.0,9.0,,,,19.5,,,0,True,7518,2024년_딸기(설향),2024-09-17,2025-06-30,209,287,0.7282229965156795,late,"[180, 210)"
17721,PF_0025106,080400,4,2025-04-14,0,0,0,95.0,11.0,,,,15.6,,,0,True,7518,2024년_딸기(설향),2024-09-17,2025-06-30,209,287,0.7282229965156795,late,"[180, 210)"
17752,PF_0025106,080400,5,2025-04-14,0,0,0,95.0,7.0,,,,16.4,,,0,True,7518,2024년_딸기(설향),2024-09-17,2025-06-30,209,287,0.7282229965156795,late,"[180, 210)"
17783,PF_0025106,080400,6,2025-04-14,0,0,0,85.0,10.0,,,,19.6,,,0,True,7518,2024년_딸기(설향),2024-09-17,2025-06-30,209,287,0.7282229965156795,late,"[180, 210)"
17814,PF_0025106,080400,7,2025-04-14,0,0,0,100.0,14.0,,,,21.8,,,0,True,7518,2024년_딸기(설향),2024-09-17,2025-06-30,209,287,0.7282229965156795,late,"[180, 210)"
17845,PF_0025106,080400,8,2025-04-14,0,0,0,80.0,6.0,,,,16.2,,,0,True,7518,2024년_딸기(설향),2024-09-17,2025-06-30,209,287,0.7282229965156795,late,"[180, 210)"
17876,PF_0025106,080400,9,2025-04-14,0,0,0,95.0,8.0,,,,18.6,,,0,True,7518,2024년_딸기(설향),2024-09-17,2025-06-30,209,287,0.7282229965156795,late,"[180, 210)"
17629,PF_0025106,080400,1,2025-04-21,0,0,0,90.0,7.0,,,,19.1,,,0,True,7518,2024년_딸기(설향),2024-09-17,2025-06-30,216,287,0.7526132404181185,late,"[210, 240)"
17660,PF_0025106,080400,2,2025-04-21,0,0,0,90.0,15.0,,,,13.8,,,0,True,7518,2024년_딸기(설향),2024-09-17,2025-06-30,216,287,0.7526132404181185,late,"[210, 240)"
17691,PF_0025106,080400,3,2025-04-21,0,0,0,90.0,17.0,,,,15.1,,,0,True,7518,2024년_딸기(설향),2024-09-17,2025-06-30,216,287,0.7526132404181185,late,"[210, 240)"
17722,PF_0025106,080400,4,2025-04-21,0,0,0,100.0,12.0,,,,12.1,,,0,True,7518,2024년_딸기(설향),2024-09-17,2025-06-30,216,287,0.7526132404181185,late,"[210, 240)"
17753,PF_0025106,080400,5,2025-04-21,0,0,0,100.0,7.0,,,,13.3,,,0,True,7518,2024년_딸기(설향),2024-09-17,2025-06-30,216,287,0.7526132404181185,late,"[210, 240)"
17784,PF_0025106,080400,6,2025-04-21,0,0,0,90.0,12.0,,,,17.0,,,0,True,7518,2024년_딸기(설향),2024-09-17,2025-06-30,216,287,0.7526132404181185,late,"[210, 240)"
17815,PF_0025106,080400,7,2025-04-21,0,0,0,90.0,18.0,,,,17.4,,,0,True,7518,2024년_딸기(설향),2024-09-17,2025-06-30,216,287,0.7526132404181185,late,"[210, 240)"
17846,PF_0025106,080400,8,2025-04-21,0,0,0,60.0,9.0,,,,13.2,,,0,True,7518,2024년_딸기(설향),2024-09-17,2025-06-30,216,287,0.7526132404181185,late,"[210, 240)"
17877,PF_0025106,080400,9,2025-04-21,0,0,0,100.0,13.0,,,,12.8,,,0,True,7518,2024년_딸기(설향),2024-09-17,2025-06-30,216,287,0.7526132404181185,late,"[210, 240)"
17630,PF_0025106,080400,1,2025-04-28,0,0,0,100.0,8.0,,,,15.5,,,0,True,7518,2024년_딸기(설향),2024-09-17,2025-06-30,223,287,0.7770034843205574,late,"[210, 240)"
17661,PF_0025106,080400,2,2025-04-28,0,0,0,90.0,15.0,,,,16.1,,,0,True,7518,2024년_딸기(설향),2024-09-17,2025-06-30,223,287,0.7770034843205574,late,"[210, 240)"
17692,PF_0025106,080400,3,2025-04-28,0,0,0,70.0,14.0,,,,16.4,,,0,True,7518,2024년_딸기(설향),2024-09-17,2025-06-30,223,287,0.7770034843205574,late,"[210, 240)"
17723,PF_0025106,080400,4,2025-04-28,0,0,0,100.0,15.0,,,,16.8,,,0,True,7518,2024년_딸기(설향),2024-09-17,2025-06-30,223,287,0.7770034843205574,late,"[210, 240)"
17754,PF_0025106,080400,5,2025-04-28,0,0,0,120.0,9.0,,,,15.9,,,0,True,7518,2024년_딸기(설향),2024-09-17,2025-06-30,223,287,0.7770034843205574,late,"[210, 240)"
17785,PF_0025106,080400,6,2025-04-28,0,0,0,80.0,14.0,,,,19.2,,,0,True,7518,2024년_딸기(설향),2024-09-17,2025-06-30,223,287,0.7770034843205574,late,"[210, 240)"
17816,PF_0025106,080400,7,2025-04-28,0,0,0,100.0,20.0,,,,21.0,,,0,True,7518,2024년_딸기(설향),2024-09-17,2025-06-30,223,287,0.7770034843205574,late,"[210, 240)"
17847,PF_0025106,080400,8,2025-04-28,0,0,0,70.0,8.0,,,,16.1,,,0,True,7518,2024년_딸기(설향),2024-09-17,2025-06-30,223,287,0.7770034843205574,late,"[210, 240)"
17878,PF_0025106,080400,9,2025-04-28,0,0,0,100.0,10.0,,,,17.5,,,0,True,7518,2024년_딸기(설향),2024-09-17,2025-06-30,223,287,0.7770034843205574,late,"[210, 240)"
17631,PF_0025106,080400,1,2025-05-23,0,0,0,100.0,10.0,,,,23.5,,,0,True,7518,2024년_딸기(설향),2024-09-17,2025-06-30,248,287,0.8641114982578397,late,"[240, 270)"
17662,PF_0025106,080400,2,2025-05-23,0,0,0,80.0,3.0,,,,17.1,,,0,True,7518,2024년_딸기(설향),2024-09-17,2025-06-30,248,287,0.8641114982578397,late,"[240, 270)"
17693,PF_0025106,080400,3,2025-05-23,0,0,0,80.0,22.0,,,,18.0,,,0,True,7518,2024년_딸기(설향),2024-09-17,2025-06-30,248,287,0.8641114982578397,late,"[240, 270)"
17724,PF_0025106,080400,4,2025-05-23,0,0,0,110.0,16.0,,,,16.6,,,0,True,7518,2024년_딸기(설향),2024-09-17,2025-06-30,248,287,0.8641114982578397,late,"[240, 270)"
17755,PF_0025106,080400,5,2025-05-23,0,0,0,90.0,8.0,,,,15.1,,,0,True,7518,2024년_딸기(설향),2024-09-17,2025-06-30,248,287,0.8641114982578397,late,"[240, 270)"
17786,PF_0025106,080400,6,2025-05-23,0,0,0,90.0,20.0,,,,16.4,,,0,True,7518,2024년_딸기(설향),2024-09-17,2025-06-30,248,287,0.8641114982578397,late,"[240, 270)"
17817,PF_0025106,080400,7,2025-05-23,0,0,0,110.0,17.0,,,,20.8,,,0,True,7518,2024년_딸기(설향),2024-09-17,2025-06-30,248,287,0.8641114982578397,late,"[240, 270)"
17848,PF_0025106,080400,8,2025-05-23,0,0,0,70.0,4.0,,,,14.3,,,0,True,7518,2024년_딸기(설향),2024-09-17,2025-06-30,248,287,0.8641114982578397,late,"[240, 270)"
17879,PF_0025106,080400,9,2025-05-23,0,0,0,90.0,8.0,,,,15.8,,,0,True,7518,2024년_딸기(설향),2024-09-17,2025-06-30,248,287,0.8641114982578397,late,"[240, 270)"
17632,PF_0025106,080400,1,2025-05-29,0,0,0,95.0,10.0,,,,23.1,,,0,True,7518,2024년_딸기(설향),2024-09-17,2025-06-30,254,287,0.8850174216027874,late,"[240, 270)"
17663,PF_0025106,080400,2,2025-05-29,0,0,0,80.0,3.0,,,,17.4,,,0,True,7518,2024년_딸기(설향),2024-09-17,2025-06-30,254,287,0.8850174216027874,late,"[240, 270)"
17694,PF_0025106,080400,3,2025-05-29,0,0,0,80.0,22.0,,,,18.2,,,0,True,7518,2024년_딸기(설향),2024-09-17,2025-06-30,254,287,0.8850174216027874,late,"[240, 270)"
17725,PF_0025106,080400,4,2025-05-29,0,0,0,120.0,16.0,,,,16.8,,,0,True,7518,2024년_딸기(설향),2024-09-17,2025-06-30,254,287,0.8850174216027874,late,"[240, 270)"
17756,PF_0025106,080400,5,2025-05-29,0,0,0,110.0,8.0,,,,15.3,,,0,True,7518,2024년_딸기(설향),2024-09-17,2025-06-30,254,287,0.8850174216027874,late,"[240, 270)"
17787,PF_0025106,080400,6,2025-05-29,0,0,0,100.0,20.0,,,,16.6,,,0,True,7518,2024년_딸기(설향),2024-09-17,2025-06-30,254,287,0.8850174216027874,late,"[240, 270)"
17818,PF_0025106,080400,7,2025-05-29,0,0,0,120.0,17.0,,,,20.6,,,0,True,7518,2024년_딸기(설향),2024-09-17,2025-06-30,254,287,0.8850174216027874,late,"[240, 270)"
17849,PF_0025106,080400,8,2025-05-29,0,0,0,70.0,4.0,,,,14.5,,,0,True,7518,2024년_딸기(설향),2024-09-17,2025-06-30,254,287,0.8850174216027874,late,"[240, 270)"
17880,PF_0025106,080400,9,2025-05-29,0,0,0,100.0,8.0,,,,16.0,,,0,True,7518,2024년_딸기(설향),2024-09-17,2025-06-30,254,287,0.8850174216027874,late,"[240, 270)"
17633,PF_0025106,080400,1,2025-06-05,0,0,0,90.0,10.0,,,,23.0,,,0,True,7518,2024년_딸기(설향),2024-09-17,2025-06-30,261,287,0.9094076655052264,late,"[240, 270)"
17664,PF_0025106,080400,2,2025-06-05,0,0,0,80.0,3.0,,,,17.4,,,0,True,7518,2024년_딸기(설향),2024-09-17,2025-06-30,261,287,0.9094076655052264,late,"[240, 270)"
17695,PF_0025106,080400,3,2025-06-05,0,0,0,90.0,22.0,,,,18.0,,,0,True,7518,2024년_딸기(설향),2024-09-17,2025-06-30,261,287,0.9094076655052264,late,"[240, 270)"
17726,PF_0025106,080400,4,2025-06-05,0,0,0,120.0,16.0,,,,16.6,,,0,True,7518,2024년_딸기(설향),2024-09-17,2025-06-30,261,287,0.9094076655052264,late,"[240, 270)"
17757,PF_0025106,080400,5,2025-06-05,0,0,0,120.0,8.0,,,,15.1,,,0,True,7518,2024년_딸기(설향),2024-09-17,2025-06-30,261,287,0.9094076655052264,late,"[240, 270)"
17788,PF_0025106,080400,6,2025-06-05,0,0,0,80.0,20.0,,,,16.5,,,0,True,7518,2024년_딸기(설향),2024-09-17,2025-06-30,261,287,0.9094076655052264,late,"[240, 270)"
17819,PF_0025106,080400,7,2025-06-05,0,0,0,110.0,17.0,,,,20.4,,,0,True,7518,2024년_딸기(설향),2024-09-17,2025-06-30,261,287,0.9094076655052264,late,"[240, 270)"
17850,PF_0025106,080400,8,2025-06-05,0,0,0,80.0,4.0,,,,14.3,,,0,True,7518,2024년_딸기(설향),2024-09-17,2025-06-30,261,287,0.9094076655052264,late,"[240, 270)"
17881,PF_0025106,080400,9,2025-06-05,0,0,0,100.0,8.0,,,,16.0,,,0,True,7518,2024년_딸기(설향),2024-09-17,2025-06-30,261,287,0.9094076655052264,late,"[240, 270)"
32430,PF_0026933,080400,1,2026-05-26,0,0,0,123.0,16.0,,,,27.4,,,0,True,10659,2025년_딸기,2025-08-28,2026-06-10,271,287,0.9442508710801394,late,"[270, 300)"
32459,PF_0026933,080400,2,2026-05-26,0,0,0,150.0,24.0,,,,33.9,,,0,True,10659,2025년_딸기,2025-08-28,2026-06-10,271,287,0.9442508710801394,late,"[270, 300)"
32488,PF_0026933,080400,3,2026-05-26,0,0,0,143.0,26.0,,,,22.9,,,0,True,10659,2025년_딸기,2025-08-28,2026-06-10,271,287,0.9442508710801394,late,"[270, 300)"
32517,PF_0026933,080400,4,2026-05-26,0,0,0,143.0,20.0,,,,25.0,,,0,True,10659,2025년_딸기,2025-08-28,2026-06-10,271,287,0.9442508710801394,late,"[270, 300)"
32546,PF_0026933,080400,5,2026-05-26,0,0,0,127.0,25.0,,,,23.0,,,0,True,10659,2025년_딸기,2025-08-28,2026-06-10,271,287,0.9442508710801394,late,"[270, 300)"
32575,PF_0026933,080400,6,2026-05-26,0,0,0,160.0,30.0,,,,24.4,,,0,True,10659,2025년_딸기,2025-08-28,2026-06-10,271,287,0.9442508710801394,late,"[270, 300)"
32604,PF_0026933,080400,7,2026-05-26,0,0,0,138.0,24.0,,,,29.9,,,0,True,10659,2025년_딸기,2025-08-28,2026-06-10,271,287,0.9442508710801394,late,"[270, 300)"
32633,PF_0026933,080400,8,2026-05-26,0,0,0,145.0,16.0,,,,22.3,,,0,True,10659,2025년_딸기,2025-08-28,2026-06-10,271,287,0.9442508710801394,late,"[270, 300)"
32662,PF_0026933,080400,9,2026-05-26,0,0,0,143.0,43.0,,,,23.4,,,0,True,10659,2025년_딸기,2025-08-28,2026-06-10,271,287,0.9442508710801394,late,"[270, 300)"
32431,PF_0026933,080400,1,2026-06-02,0,0,0,136.0,18.0,,,,27.4,,,0,True,10659,2025년_딸기,2025-08-28,2026-06-10,278,287,0.9686411149825784,late,"[270, 300)"
32460,PF_0026933,080400,2,2026-06-02,0,0,0,126.0,26.0,,,,33.9,,,0,True,10659,2025년_딸기,2025-08-28,2026-06-10,278,287,0.9686411149825784,late,"[270, 300)"
32489,PF_0026933,080400,3,2026-06-02,0,0,0,130.0,27.0,,,,22.9,,,0,True,10659,2025년_딸기,2025-08-28,2026-06-10,278,287,0.9686411149825784,late,"[270, 300)"
32518,PF_0026933,080400,4,2026-06-02,0,0,0,157.0,22.0,,,,25.0,,,0,True,10659,2025년_딸기,2025-08-28,2026-06-10,278,287,0.9686411149825784,late,"[270, 300)"
32547,PF_0026933,080400,5,2026-06-02,0,0,0,133.0,27.0,,,,23.0,,,0,True,10659,2025년_딸기,2025-08-28,2026-06-10,278,287,0.9686411149825784,late,"[270, 300)"
32576,PF_0026933,080400,6,2026-06-02,0,0,0,155.0,33.0,,,,24.4,,,0,True,10659,2025년_딸기,2025-08-28,2026-06-10,278,287,0.9686411149825784,late,"[270, 300)"
32605,PF_0026933,080400,7,2026-06-02,0,0,0,138.0,24.0,,,,29.9,,,0,True,10659,2025년_딸기,2025-08-28,2026-06-10,278,287,0.9686411149825784,late,"[270, 300)"
32634,PF_0026933,080400,8,2026-06-02,0,0,0,157.0,17.0,,,,22.3,,,0,True,10659,2025년_딸기,2025-08-28,2026-06-10,278,287,0.9686411149825784,late,"[270, 300)"
32663,PF_0026933,080400,9,2026-06-02,0,0,0,125.0,44.0,,,,23.4,,,0,True,10659,2025년_딸기,2025-08-28,2026-06-10,278,287,0.9686411149825784,late,"[270, 300)"
