target_id,facility_id,crop_sn,sample_num,reason,n
tomato_first,PF_0002529_01,46,1,no_next_observation,1
tomato_first,PF_0002529_01,46,2,no_next_observation,1
tomato_first,PF_0002529_01,46,3,no_next_observation,1
tomato_first,PF_0002529_01,46,4,no_next_observation,1
tomato_first,PF_0002529_01,46,5,no_next_observation,1
tomato_first,PF_0002529_01,46,6,no_next_observation,1
tomato_first,PF_0002529_01,46,7,no_next_observation,1
tomato_first,PF_0002529_01,46,8,no_next_observation,1
tomato_first,PF_0002529_01,46,9,no_next_observation,1
tomato_first,PF_0020209_01,80,1,no_next_observation,1
tomato_first,PF_0020209_01,80,2,no_next_observation,1
tomato_first,PF_0020209_01,80,3,no_next_observation,1
tomato_first,PF_0020209_01,80,4,no_next_observation,1
tomato_first,PF_0020209_01,80,5,no_next_observation,1
tomato_first,PF_0020209_01,80,6,no_next_observation,1
tomato_first,PF_0020209_01,80,7,no_next_observation,1
tomato_first,PF_0020209_01,80,8,no_next_observation,1
tomato_first,PF_0020209_01,80,9,no_next_observation,1
tomato_first,PF_0020209_01,81,2,no_next_observation,1
tomato_first,PF_0020209_01,81,4,no_next_observation,1
tomato_first,PF_0020209_01,81,8,no_next_observation,1
tomato_first,PF_0024689_01,163,1,no_next_observation,1
tomato_first,PF_0024689_01,163,2,no_next_observation,1
tomato_first,PF_0024689_01,163,3,no_next_observation,1
tomato_first,PF_0024689_01,163,4,no_next_observation,1
tomato_first,PF_0024689_01,163,5,no_next_observation,1
tomato_first,PF_0024689_01,163,6,no_next_observation,1
tomato_first,PF_0024689_01,163,7,no_next_observation,1
tomato_first,PF_0024689_01,163,8,no_next_observation,1
tomato_first,PF_0024689_01,163,9,no_next_observation,1
tomato_first,PF_0024693_01,171,1,no_next_observation,1
tomato_first,PF_0024693_01,171,2,no_next_observation,1
tomato_first,PF_0024693_01,171,3,no_next_observation,1
tomato_first,PF_0024693_01,171,4,no_next_observation,1
tomato_first,PF_0024693_01,171,5,no_next_observation,1
tomato_first,PF_0024693_01,171,6,no_next_observation,1
tomato_first,PF_0024693_01,171,7,no_next_observation,1
tomato_first,PF_0024693_01,171,8,no_next_observation,1
tomato_first,PF_0024693_01,171,9,no_next_observation,1
tomato_first,PF_0024693_01,172,1,no_next_observation,1
tomato_first,PF_0024696_01,175,1,no_next_observation,1
tomato_first,PF_0024696_01,175,2,no_next_observation,1
tomato_first,PF_0024696_01,175,3,no_next_observation,1
tomato_first,PF_0024696_01,175,4,no_next_observation,1
tomato_first,PF_0024696_01,175,5,no_next_observation,1
tomato_first,PF_0024696_01,175,6,no_next_observation,1
tomato_first,PF_0024696_01,175,7,no_next_observation,1
tomato_first,PF_0024696_01,175,8,no_next_observation,1
tomato_first,PF_0024696_01,175,9,no_next_observation,1
tomato_first,PF_0024696_01,176,1,no_next_observation,1
tomato_first,PF_0024696_01,176,2,no_next_observation,1
tomato_first,PF_0024696_01,176,3,no_next_observation,1
tomato_first,PF_0024696_01,176,4,no_next_observation,1
tomato_first,PF_0024696_01,176,5,no_next_observation,1
tomato_first,PF_0024696_01,176,6,no_next_observation,1
tomato_first,PF_0024696_01,176,7,no_next_observation,1
tomato_first,PF_0024696_01,176,8,no_next_observation,1
tomato_first,PF_0024696_01,176,9,no_next_observation,1
tomato_first,PF_0024697_01,177,1,no_next_observation,1
tomato_first,PF_0024697_01,177,2,no_next_observation,1
tomato_first,PF_0024697_01,177,3,no_next_observation,1
tomato_first,PF_0024697_01,177,4,no_next_observation,1
tomato_first,PF_0024697_01,177,5,no_next_observation,1
tomato_first,PF_0024697_01,177,6,no_next_observation,1
tomato_first,PF_0024697_01,177,7,no_next_observation,1
tomato_first,PF_0024697_01,177,8,no_next_observation,1
tomato_first,PF_0024697_01,177,9,no_next_observation,1
tomato_first,PF_0024697_01,178,1,no_next_observation,1
tomato_first,PF_0024697_01,178,2,no_next_observation,1
tomato_first,PF_0024697_01,178,3,no_next_observation,1
tomato_first,PF_0024697_01,178,4,no_next_observation,1
tomato_first,PF_0024697_01,178,5,no_next_observation,1
tomato_first,PF_0024697_01,178,6,no_next_observation,1
tomato_first,PF_0024697_01,178,7,no_next_observation,1
tomato_first,PF_0024697_01,178,8,no_next_observation,1
tomato_first,PF_0024697_01,178,9,no_next_observation,1
tomato_first,PF_0024698_01,179,1,no_next_observation,1
tomato_first,PF_0024698_01,179,2,no_next_observation,1
tomato_first,PF_0024698_01,179,3,no_next_observation,1
tomato_first,PF_0024698_01,179,4,no_next_observation,1
tomato_first,PF_0024698_01,179,5,no_next_observation,1
tomato_first,PF_0024698_01,179,6,no_next_observation,1
tomato_first,PF_0024698_01,179,7,no_next_observation,1
tomato_first,PF_0024698_01,179,8,no_next_observation,1
tomato_first,PF_0024698_01,179,9,no_next_observation,1
tomato_first,PF_0024698_01,180,1,no_next_observation,1
tomato_first,PF_0024698_01,180,2,no_next_observation,1
tomato_first,PF_0024698_01,180,3,no_next_observation,1
tomato_first,PF_0024698_01,180,4,no_next_observation,1
tomato_first,PF_0024698_01,180,6,no_next_observation,1
tomato_first,PF_0024698_01,180,7,no_next_observation,1
tomato_first,PF_0024698_01,180,9,no_next_observation,1
tomato_first,PF_0025101_01,194,1,no_next_observation,1
tomato_first,PF_0025101_01,194,2,no_next_observation,1
tomato_first,PF_0025101_01,194,3,no_next_observation,1
tomato_first,PF_0025101_01,194,4,no_next_observation,1
tomato_first,PF_0025101_01,194,5,no_next_observation,1
tomato_first,PF_0025101_01,194,6,no_next_observation,1
tomato_first,PF_0025101_01,194,7,no_next_observation,1
tomato_first,PF_0025101_01,194,8,no_next_observation,1
tomato_first,PF_0025101_01,194,9,no_next_observation,1
tomato_first,PF_0025101_01,195,1,no_next_observation,1
tomato_first,PF_0025101_01,195,3,no_next_observation,1
tomato_first,PF_0025101_01,195,4,no_next_observation,1
tomato_first,PF_0025101_01,195,5,no_next_observation,1
tomato_first,PF_0025101_01,195,6,no_next_observation,1
tomato_first,PF_0025101_01,195,8,no_next_observation,1
tomato_first,PF_0025101_01,195,9,no_next_observation,1
tomato_first,PF_0025108_01,205,1,no_next_observation,1
tomato_first,PF_0025108_01,205,2,no_next_observation,1
tomato_first,PF_0025108_01,205,3,no_next_observation,1
tomato_first,PF_0025108_01,205,4,no_next_observation,1
tomato_first,PF_0025108_01,205,5,no_next_observation,1
tomato_first,PF_0025108_01,205,6,no_next_observation,1
tomato_first,PF_0025108_01,205,7,no_next_observation,1
tomato_first,PF_0025108_01,205,8,no_next_observation,1
tomato_first,PF_0025108_01,205,9,no_next_observation,1
tomato_first,PF_0025108_01,206,1,no_next_observation,1
tomato_first,PF_0025108_01,206,2,no_next_observation,1
tomato_first,PF_0025108_01,206,3,no_next_observation,1
tomato_first,PF_0025108_01,206,4,no_next_observation,1
tomato_first,PF_0025108_01,206,5,no_next_observation,1
tomato_first,PF_0025108_01,206,6,no_next_observation,1
tomato_first,PF_0025108_01,206,7,no_next_observation,1
tomato_first,PF_0025108_01,206,8,no_next_observation,1
tomato_first,PF_0025108_01,206,9,no_next_observation,1
tomato_first,PF_0025108_01,207,1,no_next_observation,1
tomato_first,PF_0025108_01,207,2,no_next_observation,1
tomato_first,PF_0025108_01,207,3,no_next_observation,1
tomato_first,PF_0025108_01,207,5,no_next_observation,1
tomato_first,PF_0025108_01,207,6,no_next_observation,1
tomato_first,PF_0025108_01,207,7,no_next_observation,1
tomato_first,PF_0025108_01,207,8,no_next_observation,1
tomato_first,PF_0026456_01,208,1,no_next_observation,1
tomato_first,PF_0026456_01,208,2,no_next_observation,1
tomato_first,PF_0026456_01,208,3,no_next_observation,1
tomato_first,PF_0026456_01,208,4,no_next_observation,1
tomato_first,PF_0026456_01,208,5,no_next_observation,1
tomato_first,PF_0026456_01,208,6,no_next_observation,1
tomato_first,PF_0026456_01,208,7,no_next_observation,1
tomato_first,PF_0026456_01,208,8,no_next_observation,1
tomato_first,PF_0026456_01,208,9,no_next_observation,1
tomato_second,PF_0002529_01,46,1,no_next_observation,1
tomato_second,PF_0002529_01,46,2,no_next_observation,1
tomato_second,PF_0002529_01,46,3,no_next_observation,1
tomato_second,PF_0002529_01,46,4,no_next_observation,1
tomato_second,PF_0002529_01,46,5,no_next_observation,1
tomato_second,PF_0002529_01,46,6,no_next_observation,1
tomato_second,PF_0002529_01,46,7,no_next_observation,1
tomato_second,PF_0002529_01,46,8,no_next_observation,1
tomato_second,PF_0002529_01,46,9,no_next_observation,1
tomato_second,PF_0020209_01,80,1,no_next_observation,1
tomato_second,PF_0020209_01,80,2,no_next_observation,1
tomato_second,PF_0020209_01,80,3,no_next_observation,1
tomato_second,PF_0020209_01,80,4,no_next_observation,1
tomato_second,PF_0020209_01,80,5,no_next_observation,1
tomato_second,PF_0020209_01,80,6,no_next_observation,1
tomato_second,PF_0020209_01,80,7,no_next_observation,1
tomato_second,PF_0020209_01,80,8,no_next_observation,1
tomato_second,PF_0020209_01,80,9,no_next_observation,1
tomato_second,PF_0020209_01,81,2,no_next_observation,1
tomato_second,PF_0020209_01,81,4,no_next_observation,1
tomato_second,PF_0020209_01,81,8,no_next_observation,1
tomato_second,PF_0024689_01,163,1,no_next_observation,1
tomato_second,PF_0024689_01,163,2,no_next_observation,1
tomato_second,PF_0024689_01,163,3,no_next_observation,1
tomato_second,PF_0024689_01,163,4,no_next_observation,1
tomato_second,PF_0024689_01,163,5,no_next_observation,1
tomato_second,PF_0024689_01,163,6,no_next_observation,1
tomato_second,PF_0024689_01,163,7,no_next_observation,1
tomato_second,PF_0024689_01,163,8,no_next_observation,1
tomato_second,PF_0024689_01,163,9,no_next_observation,1
tomato_second,PF_0024693_01,171,1,no_next_observation,1
tomato_second,PF_0024693_01,171,2,no_next_observation,1
tomato_second,PF_0024693_01,171,3,no_next_observation,1
tomato_second,PF_0024693_01,171,4,no_next_observation,1
tomato_second,PF_0024693_01,171,5,no_next_observation,1
tomato_second,PF_0024693_01,171,6,no_next_observation,1
tomato_second,PF_0024693_01,171,7,no_next_observation,1
tomato_second,PF_0024693_01,171,8,no_next_observation,1
tomato_second,PF_0024693_01,171,9,no_next_observation,1
tomato_second,PF_0024693_01,172,1,no_next_observation,1
tomato_second,PF_0024696_01,175,1,no_next_observation,1
tomato_second,PF_0024696_01,175,2,no_next_observation,1
tomato_second,PF_0024696_01,175,3,no_next_observation,1
tomato_second,PF_0024696_01,175,4,no_next_observation,1
tomato_second,PF_0024696_01,175,5,no_next_observation,1
tomato_second,PF_0024696_01,175,6,no_next_observation,1
tomato_second,PF_0024696_01,175,7,no_next_observation,1
tomato_second,PF_0024696_01,175,8,no_next_observation,1
tomato_second,PF_0024696_01,175,9,no_next_observation,1
tomato_second,PF_0024696_01,176,1,no_next_observation,1
tomato_second,PF_0024696_01,176,2,no_next_observation,1
tomato_second,PF_0024696_01,176,3,no_next_observation,1
tomato_second,PF_0024696_01,176,4,no_next_observation,1
tomato_second,PF_0024696_01,176,5,no_next_observation,1
tomato_second,PF_0024696_01,176,6,no_next_observation,1
tomato_second,PF_0024696_01,176,7,no_next_observation,1
tomato_second,PF_0024696_01,176,8,current_target_missing,1
tomato_second,PF_0024696_01,176,8,no_next_observation,1
tomato_second,PF_0024696_01,176,9,no_next_observation,1
tomato_second,PF_0024697_01,177,1,no_next_observation,1
tomato_second,PF_0024697_01,177,2,no_next_observation,1
tomato_second,PF_0024697_01,177,3,no_next_observation,1
tomato_second,PF_0024697_01,177,4,no_next_observation,1
tomato_second,PF_0024697_01,177,5,no_next_observation,1
tomato_second,PF_0024697_01,177,6,no_next_observation,1
tomato_second,PF_0024697_01,177,7,no_next_observation,1
tomato_second,PF_0024697_01,177,8,no_next_observation,1
tomato_second,PF_0024697_01,177,9,no_next_observation,1
tomato_second,PF_0024697_01,178,1,no_next_observation,1
tomato_second,PF_0024697_01,178,2,current_target_missing,1
tomato_second,PF_0024697_01,178,2,no_next_observation,1
tomato_second,PF_0024697_01,178,3,current_target_missing,1
tomato_second,PF_0024697_01,178,3,no_next_observation,1
tomato_second,PF_0024697_01,178,4,no_next_observation,1
tomato_second,PF_0024697_01,178,5,current_target_missing,1
tomato_second,PF_0024697_01,178,5,no_next_observation,1
tomato_second,PF_0024697_01,178,6,current_target_missing,1
tomato_second,PF_0024697_01,178,6,no_next_observation,1
tomato_second,PF_0024697_01,178,7,no_next_observation,1
tomato_second,PF_0024697_01,178,8,no_next_observation,1
tomato_second,PF_0024697_01,178,9,current_target_missing,1
tomato_second,PF_0024697_01,178,9,no_next_observation,1
tomato_second,PF_0024698_01,179,1,no_next_observation,1
tomato_second,PF_0024698_01,179,2,no_next_observation,1
tomato_second,PF_0024698_01,179,3,no_next_observation,1
tomato_second,PF_0024698_01,179,4,no_next_observation,1
tomato_second,PF_0024698_01,179,5,no_next_observation,1
tomato_second,PF_0024698_01,179,6,no_next_observation,1
tomato_second,PF_0024698_01,179,7,no_next_observation,1
tomato_second,PF_0024698_01,179,8,no_next_observation,1
tomato_second,PF_0024698_01,179,9,no_next_observation,1
tomato_second,PF_0024698_01,180,1,no_next_observation,1
tomato_second,PF_0024698_01,180,2,no_next_observation,1
tomato_second,PF_0024698_01,180,3,no_next_observation,1
tomato_second,PF_0024698_01,180,4,no_next_observation,1
tomato_second,PF_0024698_01,180,6,no_next_observation,1
tomato_second,PF_0024698_01,180,7,no_next_observation,1
tomato_second,PF_0024698_01,180,9,no_next_observation,1
tomato_second,PF_0025101_01,194,1,no_next_observation,1
tomato_second,PF_0025101_01,194,2,no_next_observation,1
tomato_second,PF_0025101_01,194,3,no_next_observation,1
tomato_second,PF_0025101_01,194,4,no_next_observation,1
tomato_second,PF_0025101_01,194,5,no_next_observation,1
tomato_second,PF_0025101_01,194,6,no_next_observation,1
tomato_second,PF_0025101_01,194,7,no_next_observation,1
tomato_second,PF_0025101_01,194,8,no_next_observation,1
tomato_second,PF_0025101_01,194,9,no_next_observation,1
tomato_second,PF_0025101_01,195,1,no_next_observation,1
tomato_second,PF_0025101_01,195,3,current_target_missing,1
tomato_second,PF_0025101_01,195,4,current_target_missing,2
tomato_second,PF_0025101_01,195,5,current_target_missing,1
tomato_second,PF_0025101_01,195,6,no_next_observation,1
tomato_second,PF_0025101_01,195,8,current_target_missing,1
tomato_second,PF_0025101_01,195,9,current_target_missing,1
tomato_second,PF_0025108_01,205,1,no_next_observation,1
tomato_second,PF_0025108_01,205,2,no_next_observation,1
tomato_second,PF_0025108_01,205,3,no_next_observation,1
tomato_second,PF_0025108_01,205,4,no_next_observation,1
tomato_second,PF_0025108_01,205,5,no_next_observation,1
tomato_second,PF_0025108_01,205,6,no_next_observation,1
tomato_second,PF_0025108_01,205,7,no_next_observation,1
tomato_second,PF_0025108_01,205,8,no_next_observation,1
tomato_second,PF_0025108_01,205,9,no_next_observation,1
tomato_second,PF_0025108_01,206,1,no_next_observation,1
tomato_second,PF_0025108_01,206,2,no_next_observation,1
tomato_second,PF_0025108_01,206,3,no_next_observation,1
tomato_second,PF_0025108_01,206,4,no_next_observation,1
tomato_second,PF_0025108_01,206,5,no_next_observation,1
tomato_second,PF_0025108_01,206,6,no_next_observation,1
tomato_second,PF_0025108_01,206,7,no_next_observation,1
tomato_second,PF_0025108_01,206,8,no_next_observation,1
tomato_second,PF_0025108_01,206,9,no_next_observation,1
tomato_second,PF_0025108_01,207,1,no_next_observation,1
tomato_second,PF_0025108_01,207,2,current_target_missing,1
tomato_second,PF_0025108_01,207,3,no_next_observation,1
tomato_second,PF_0025108_01,207,5,no_next_observation,1
tomato_second,PF_0025108_01,207,6,current_target_missing,1
tomato_second,PF_0025108_01,207,7,no_next_observation,1
tomato_second,PF_0025108_01,207,8,no_next_observation,1
tomato_second,PF_0026456_01,208,1,no_next_observation,1
tomato_second,PF_0026456_01,208,2,no_next_observation,1
tomato_second,PF_0026456_01,208,3,no_next_observation,1
tomato_second,PF_0026456_01,208,4,no_next_observation,1
tomato_second,PF_0026456_01,208,5,no_next_observation,1
tomato_second,PF_0026456_01,208,6,no_next_observation,1
tomato_second,PF_0026456_01,208,7,no_next_observation,1
tomato_second,PF_0026456_01,208,8,no_next_observation,1
tomato_second,PF_0026456_01,208,9,no_next_observation,1
tomato_sum123,PF_0002529_01,46,1,no_next_observation,1
tomato_sum123,PF_0002529_01,46,2,no_next_observation,1
tomato_sum123,PF_0002529_01,46,3,no_next_observation,1
tomato_sum123,PF_0002529_01,46,4,no_next_observation,1
tomato_sum123,PF_0002529_01,46,5,no_next_observation,1
tomato_sum123,PF_0002529_01,46,6,no_next_observation,1
tomato_sum123,PF_0002529_01,46,7,no_next_observation,1
tomato_sum123,PF_0002529_01,46,8,no_next_observation,1
tomato_sum123,PF_0002529_01,46,9,no_next_observation,1
tomato_sum123,PF_0020209_01,80,1,no_next_observation,1
tomato_sum123,PF_0020209_01,80,2,no_next_observation,1
tomato_sum123,PF_0020209_01,80,3,no_next_observation,1
tomato_sum123,PF_0020209_01,80,4,no_next_observation,1
tomato_sum123,PF_0020209_01,80,5,no_next_observation,1
tomato_sum123,PF_0020209_01,80,6,no_next_observation,1
tomato_sum123,PF_0020209_01,80,7,no_next_observation,1
tomato_sum123,PF_0020209_01,80,8,no_next_observation,1
tomato_sum123,PF_0020209_01,80,9,no_next_observation,1
tomato_sum123,PF_0020209_01,81,2,no_next_observation,1
tomato_sum123,PF_0020209_01,81,4,no_next_observation,1
tomato_sum123,PF_0020209_01,81,8,no_next_observation,1
tomato_sum123,PF_0024689_01,163,1,no_next_observation,1
tomato_sum123,PF_0024689_01,163,2,no_next_observation,1
tomato_sum123,PF_0024689_01,163,3,no_next_observation,1
tomato_sum123,PF_0024689_01,163,4,no_next_observation,1
tomato_sum123,PF_0024689_01,163,5,no_next_observation,1
tomato_sum123,PF_0024689_01,163,6,no_next_observation,1
tomato_sum123,PF_0024689_01,163,7,no_next_observation,1
tomato_sum123,PF_0024689_01,163,8,no_next_observation,1
tomato_sum123,PF_0024689_01,163,9,no_next_observation,1
tomato_sum123,PF_0024693_01,171,1,no_next_observation,1
tomato_sum123,PF_0024693_01,171,2,no_next_observation,1
tomato_sum123,PF_0024693_01,171,3,no_next_observation,1
tomato_sum123,PF_0024693_01,171,4,no_next_observation,1
tomato_sum123,PF_0024693_01,171,5,no_next_observation,1
tomato_sum123,PF_0024693_01,171,6,no_next_observation,1
tomato_sum123,PF_0024693_01,171,7,no_next_observation,1
tomato_sum123,PF_0024693_01,171,8,no_next_observation,1
tomato_sum123,PF_0024693_01,171,9,no_next_observation,1
tomato_sum123,PF_0024693_01,172,1,no_next_observation,1
tomato_sum123,PF_0024696_01,175,1,no_next_observation,1
tomato_sum123,PF_0024696_01,175,2,no_next_observation,1
tomato_sum123,PF_0024696_01,175,3,no_next_observation,1
tomato_sum123,PF_0024696_01,175,4,no_next_observation,1
tomato_sum123,PF_0024696_01,175,5,no_next_observation,1
tomato_sum123,PF_0024696_01,175,6,no_next_observation,1
tomato_sum123,PF_0024696_01,175,7,no_next_observation,1
tomato_sum123,PF_0024696_01,175,8,no_next_observation,1
tomato_sum123,PF_0024696_01,175,9,no_next_observation,1
tomato_sum123,PF_0024696_01,176,1,no_next_observation,1
tomato_sum123,PF_0024696_01,176,2,no_next_observation,1
tomato_sum123,PF_0024696_01,176,3,no_next_observation,1
tomato_sum123,PF_0024696_01,176,4,no_next_observation,1
tomato_sum123,PF_0024696_01,176,5,no_next_observation,1
tomato_sum123,PF_0024696_01,176,6,no_next_observation,1
tomato_sum123,PF_0024696_01,176,7,no_next_observation,1
tomato_sum123,PF_0024696_01,176,8,no_next_observation,1
tomato_sum123,PF_0024696_01,176,9,no_next_observation,1
tomato_sum123,PF_0024697_01,177,1,no_next_observation,1
tomato_sum123,PF_0024697_01,177,2,no_next_observation,1
tomato_sum123,PF_0024697_01,177,3,no_next_observation,1
tomato_sum123,PF_0024697_01,177,4,no_next_observation,1
tomato_sum123,PF_0024697_01,177,5,no_next_observation,1
tomato_sum123,PF_0024697_01,177,6,no_next_observation,1
tomato_sum123,PF_0024697_01,177,7,no_next_observation,1
tomato_sum123,PF_0024697_01,177,8,no_next_observation,1
tomato_sum123,PF_0024697_01,177,9,no_next_observation,1
tomato_sum123,PF_0024697_01,178,1,no_next_observation,1
tomato_sum123,PF_0024697_01,178,2,no_next_observation,1
tomato_sum123,PF_0024697_01,178,3,no_next_observation,1
tomato_sum123,PF_0024697_01,178,4,no_next_observation,1
tomato_sum123,PF_0024697_01,178,5,no_next_observation,1
tomato_sum123,PF_0024697_01,178,6,no_next_observation,1
tomato_sum123,PF_0024697_01,178,7,no_next_observation,1
tomato_sum123,PF_0024697_01,178,8,no_next_observation,1
tomato_sum123,PF_0024697_01,178,9,no_next_observation,1
tomato_sum123,PF_0024698_01,179,1,no_next_observation,1
tomato_sum123,PF_0024698_01,179,2,no_next_observation,1
tomato_sum123,PF_0024698_01,179,3,no_next_observation,1
tomato_sum123,PF_0024698_01,179,4,no_next_observation,1
tomato_sum123,PF_0024698_01,179,5,no_next_observation,1
tomato_sum123,PF_0024698_01,179,6,no_next_observation,1
tomato_sum123,PF_0024698_01,179,7,no_next_observation,1
tomato_sum123,PF_0024698_01,179,8,no_next_observation,1
tomato_sum123,PF_0024698_01,179,9,no_next_observation,1
tomato_sum123,PF_0024698_01,180,1,no_next_observation,1
tomato_sum123,PF_0024698_01,180,2,no_next_observation,1
tomato_sum123,PF_0024698_01,180,3,no_next_observation,1
tomato_sum123,PF_0024698_01,180,4,no_next_observation,1
tomato_sum123,PF_0024698_01,180,6,no_next_observation,1
tomato_sum123,PF_0024698_01,180,7,no_next_observation,1
tomato_sum123,PF_0024698_01,180,9,no_next_observation,1
tomato_sum123,PF_0025101_01,194,1,no_next_observation,1
tomato_sum123,PF_0025101_01,194,2,no_next_observation,1
tomato_sum123,PF_0025101_01,194,3,no_next_observation,1
tomato_sum123,PF_0025101_01,194,4,no_next_observation,1
tomato_sum123,PF_0025101_01,194,5,no_next_observation,1
tomato_sum123,PF_0025101_01,194,6,no_next_observation,1
tomato_sum123,PF_0025101_01,194,7,no_next_observation,1
tomato_sum123,PF_0025101_01,194,8,no_next_observation,1
tomato_sum123,PF_0025101_01,194,9,no_next_observation,1
tomato_sum123,PF_0025101_01,195,1,no_next_observation,1
tomato_sum123,PF_0025101_01,195,3,no_next_observation,1
tomato_sum123,PF_0025101_01,195,4,no_next_observation,1
tomato_sum123,PF_0025101_01,195,5,no_next_observation,1
tomato_sum123,PF_0025101_01,195,6,no_next_observation,1
tomato_sum123,PF_0025101_01,195,8,no_next_observation,1
tomato_sum123,PF_0025101_01,195,9,no_next_observation,1
tomato_sum123,PF_0025108_01,205,1,no_next_observation,1
tomato_sum123,PF_0025108_01,205,2,no_next_observation,1
tomato_sum123,PF_0025108_01,205,3,no_next_observation,1
tomato_sum123,PF_0025108_01,205,4,no_next_observation,1
tomato_sum123,PF_0025108_01,205,5,no_next_observation,1
tomato_sum123,PF_0025108_01,205,6,no_next_observation,1
tomato_sum123,PF_0025108_01,205,7,no_next_observation,1
tomato_sum123,PF_0025108_01,205,8,no_next_observation,1
tomato_sum123,PF_0025108_01,205,9,no_next_observation,1
tomato_sum123,PF_0025108_01,206,1,no_next_observation,1
tomato_sum123,PF_0025108_01,206,2,no_next_observation,1
tomato_sum123,PF_0025108_01,206,3,no_next_observation,1
tomato_sum123,PF_0025108_01,206,4,no_next_observation,1
tomato_sum123,PF_0025108_01,206,5,no_next_observation,1
tomato_sum123,PF_0025108_01,206,6,no_next_observation,1
tomato_sum123,PF_0025108_01,206,7,no_next_observation,1
tomato_sum123,PF_0025108_01,206,8,no_next_observation,1
tomato_sum123,PF_0025108_01,206,9,no_next_observation,1
tomato_sum123,PF_0025108_01,207,1,no_next_observation,1
tomato_sum123,PF_0025108_01,207,2,no_next_observation,1
tomato_sum123,PF_0025108_01,207,3,no_next_observation,1
tomato_sum123,PF_0025108_01,207,5,no_next_observation,1
tomato_sum123,PF_0025108_01,207,6,no_next_observation,1
tomato_sum123,PF_0025108_01,207,7,no_next_observation,1
tomato_sum123,PF_0025108_01,207,8,no_next_observation,1
tomato_sum123,PF_0026456_01,208,1,no_next_observation,1
tomato_sum123,PF_0026456_01,208,2,no_next_observation,1
tomato_sum123,PF_0026456_01,208,3,no_next_observation,1
tomato_sum123,PF_0026456_01,208,4,no_next_observation,1
tomato_sum123,PF_0026456_01,208,5,no_next_observation,1
tomato_sum123,PF_0026456_01,208,6,no_next_observation,1
tomato_sum123,PF_0026456_01,208,7,no_next_observation,1
tomato_sum123,PF_0026456_01,208,8,no_next_observation,1
tomato_sum123,PF_0026456_01,208,9,no_next_observation,1
tomato_third,PF_0002529_01,46,1,no_next_observation,1
tomato_third,PF_0002529_01,46,2,no_next_observation,1
tomato_third,PF_0002529_01,46,3,no_next_observation,1
tomato_third,PF_0002529_01,46,4,no_next_observation,1
tomato_third,PF_0002529_01,46,5,no_next_observation,1
tomato_third,PF_0002529_01,46,6,no_next_observation,1
tomato_third,PF_0002529_01,46,7,no_next_observation,1
tomato_third,PF_0002529_01,46,8,no_next_observation,1
tomato_third,PF_0002529_01,46,9,no_next_observation,1
tomato_third,PF_0020209_01,80,1,no_next_observation,1
tomato_third,PF_0020209_01,80,2,no_next_observation,1
tomato_third,PF_0020209_01,80,3,no_next_observation,1
tomato_third,PF_0020209_01,80,4,no_next_observation,1
tomato_third,PF_0020209_01,80,5,no_next_observation,1
tomato_third,PF_0020209_01,80,6,no_next_observation,1
tomato_third,PF_0020209_01,80,7,no_next_observation,1
tomato_third,PF_0020209_01,80,8,no_next_observation,1
tomato_third,PF_0020209_01,80,9,no_next_observation,1
tomato_third,PF_0020209_01,81,2,no_next_observation,1
tomato_third,PF_0020209_01,81,4,no_next_observation,1
tomato_third,PF_0020209_01,81,8,no_next_observation,1
tomato_third,PF_0024689_01,163,1,no_next_observation,1
tomato_third,PF_0024689_01,163,2,no_next_observation,1
tomato_third,PF_0024689_01,163,3,no_next_observation,1
tomato_third,PF_0024689_01,163,4,no_next_observation,1
tomato_third,PF_0024689_01,163,5,no_next_observation,1
tomato_third,PF_0024689_01,163,6,no_next_observation,1
tomato_third,PF_0024689_01,163,7,no_next_observation,1
tomato_third,PF_0024689_01,163,8,no_next_observation,1
tomato_third,PF_0024689_01,163,9,no_next_observation,1
tomato_third,PF_0024693_01,171,1,no_next_observation,1
tomato_third,PF_0024693_01,171,2,no_next_observation,1
tomato_third,PF_0024693_01,171,3,no_next_observation,1
tomato_third,PF_0024693_01,171,4,no_next_observation,1
tomato_third,PF_0024693_01,171,5,no_next_observation,1
tomato_third,PF_0024693_01,171,6,no_next_observation,1
tomato_third,PF_0024693_01,171,7,no_next_observation,1
tomato_third,PF_0024693_01,171,8,no_next_observation,1
tomato_third,PF_0024693_01,171,9,no_next_observation,1
tomato_third,PF_0024693_01,172,1,no_next_observation,1
tomato_third,PF_0024696_01,175,1,no_next_observation,1
tomato_third,PF_0024696_01,175,2,no_next_observation,1
tomato_third,PF_0024696_01,175,3,no_next_observation,1
tomato_third,PF_0024696_01,175,4,no_next_observation,1
tomato_third,PF_0024696_01,175,5,no_next_observation,1
tomato_third,PF_0024696_01,175,6,no_next_observation,1
tomato_third,PF_0024696_01,175,7,no_next_observation,1
tomato_third,PF_0024696_01,175,8,no_next_observation,1
tomato_third,PF_0024696_01,175,9,no_next_observation,1
tomato_third,PF_0024696_01,176,1,current_target_missing,1
tomato_third,PF_0024696_01,176,1,no_next_observation,1
tomato_third,PF_0024696_01,176,2,current_target_missing,1
tomato_third,PF_0024696_01,176,2,no_next_observation,1
tomato_third,PF_0024696_01,176,3,current_target_missing,1
tomato_third,PF_0024696_01,176,3,no_next_observation,1
tomato_third,PF_0024696_01,176,4,current_target_missing,1
tomato_third,PF_0024696_01,176,4,no_next_observation,1
tomato_third,PF_0024696_01,176,5,current_target_missing,1
tomato_third,PF_0024696_01,176,5,no_next_observation,1
tomato_third,PF_0024696_01,176,6,current_target_missing,1
tomato_third,PF_0024696_01,176,6,no_next_observation,1
tomato_third,PF_0024696_01,176,7,current_target_missing,1
tomato_third,PF_0024696_01,176,7,no_next_observation,1
tomato_third,PF_0024696_01,176,8,current_target_missing,2
tomato_third,PF_0024696_01,176,8,no_next_observation,1
tomato_third,PF_0024696_01,176,9,current_target_missing,1
tomato_third,PF_0024696_01,176,9,no_next_observation,1
tomato_third,PF_0024697_01,177,1,no_next_observation,1
tomato_third,PF_0024697_01,177,2,no_next_observation,1
tomato_third,PF_0024697_01,177,3,no_next_observation,1
tomato_third,PF_0024697_01,177,4,no_next_observation,1
tomato_third,PF_0024697_01,177,5,no_next_observation,1
tomato_third,PF_0024697_01,177,6,no_next_observation,1
tomato_third,PF_0024697_01,177,7,no_next_observation,1
tomato_third,PF_0024697_01,177,8,no_next_observation,1
tomato_third,PF_0024697_01,177,9,no_next_observation,1
tomato_third,PF_0024697_01,178,1,current_target_missing,1
tomato_third,PF_0024697_01,178,1,no_next_observation,1
tomato_third,PF_0024697_01,178,2,current_target_missing,2
tomato_third,PF_0024697_01,178,2,no_next_observation,1
tomato_third,PF_0024697_01,178,3,current_target_missing,2
tomato_third,PF_0024697_01,178,3,no_next_observation,1
tomato_third,PF_0024697_01,178,4,current_target_missing,1
tomato_third,PF_0024697_01,178,4,no_next_observation,1
tomato_third,PF_0024697_01,178,5,current_target_missing,2
tomato_third,PF_0024697_01,178,5,no_next_observation,1
tomato_third,PF_0024697_01,178,6,current_target_missing,2
tomato_third,PF_0024697_01,178,6,no_next_observation,1
tomato_third,PF_0024697_01,178,7,current_target_missing,1
tomato_third,PF_0024697_01,178,7,no_next_observation,1
tomato_third,PF_0024697_01,178,8,current_target_missing,1
tomato_third,PF_0024697_01,178,8,no_next_observation,1
tomato_third,PF_0024697_01,178,9,current_target_missing,2
tomato_third,PF_0024697_01,178,9,no_next_observation,1
tomato_third,PF_0024698_01,179,1,no_next_observation,1
tomato_third,PF_0024698_01,179,2,no_next_observation,1
tomato_third,PF_0024698_01,179,3,no_next_observation,1
tomato_third,PF_0024698_01,179,4,no_next_observation,1
tomato_third,PF_0024698_01,179,5,no_next_observation,1
tomato_third,PF_0024698_01,179,6,no_next_observation,1
tomato_third,PF_0024698_01,179,7,no_next_observation,1
tomato_third,PF_0024698_01,179,8,no_next_observation,1
tomato_third,PF_0024698_01,179,9,no_next_observation,1
tomato_third,PF_0024698_01,180,1,current_target_missing,2
tomato_third,PF_0024698_01,180,2,current_target_missing,2
tomato_third,PF_0024698_01,180,3,current_target_missing,2
tomato_third,PF_0024698_01,180,4,current_target_missing,1
tomato_third,PF_0024698_01,180,4,no_next_observation,1
tomato_third,PF_0024698_01,180,6,current_target_missing,1
tomato_third,PF_0024698_01,180,6,no_next_observation,1
tomato_third,PF_0024698_01,180,7,current_target_missing,1
tomato_third,PF_0024698_01,180,9,current_target_missing,2
tomato_third,PF_0025101_01,194,1,no_next_observation,1
tomato_third,PF_0025101_01,194,2,no_next_observation,1
tomato_third,PF_0025101_01,194,3,no_next_observation,1
tomato_third,PF_0025101_01,194,4,no_next_observation,1
tomato_third,PF_0025101_01,194,5,no_next_observation,1
tomato_third,PF_0025101_01,194,6,no_next_observation,1
tomato_third,PF_0025101_01,194,7,no_next_observation,1
tomato_third,PF_0025101_01,194,8,no_next_observation,1
tomato_third,PF_0025101_01,194,9,no_next_observation,1
tomato_third,PF_0025101_01,195,1,current_target_missing,1
tomato_third,PF_0025101_01,195,3,current_target_missing,1
tomato_third,PF_0025101_01,195,4,current_target_missing,2
tomato_third,PF_0025101_01,195,5,current_target_missing,1
tomato_third,PF_0025101_01,195,6,current_target_missing,1
tomato_third,PF_0025101_01,195,8,current_target_missing,1
tomato_third,PF_0025101_01,195,9,current_target_missing,1
tomato_third,PF_0025108_01,205,1,no_next_observation,1
tomato_third,PF_0025108_01,205,2,no_next_observation,1
tomato_third,PF_0025108_01,205,3,no_next_observation,1
tomato_third,PF_0025108_01,205,4,no_next_observation,1
tomato_third,PF_0025108_01,205,5,no_next_observation,1
tomato_third,PF_0025108_01,205,6,no_next_observation,1
tomato_third,PF_0025108_01,205,7,no_next_observation,1
tomato_third,PF_0025108_01,205,8,no_next_observation,1
tomato_third,PF_0025108_01,205,9,no_next_observation,1
tomato_third,PF_0025108_01,206,1,current_target_missing,1
tomato_third,PF_0025108_01,206,1,no_next_observation,1
tomato_third,PF_0025108_01,206,2,current_target_missing,1
tomato_third,PF_0025108_01,206,2,no_next_observation,1
tomato_third,PF_0025108_01,206,3,current_target_missing,1
tomato_third,PF_0025108_01,206,3,no_next_observation,1
tomato_third,PF_0025108_01,206,4,current_target_missing,1
tomato_third,PF_0025108_01,206,4,no_next_observation,1
tomato_third,PF_0025108_01,206,5,current_target_missing,1
tomato_third,PF_0025108_01,206,5,no_next_observation,1
tomato_third,PF_0025108_01,206,6,current_target_missing,1
tomato_third,PF_0025108_01,206,6,no_next_observation,1
tomato_third,PF_0025108_01,206,7,current_target_missing,1
tomato_third,PF_0025108_01,206,7,no_next_observation,1
tomato_third,PF_0025108_01,206,8,current_target_missing,1
tomato_third,PF_0025108_01,206,8,no_next_observation,1
tomato_third,PF_0025108_01,206,9,current_target_missing,1
tomato_third,PF_0025108_01,206,9,no_next_observation,1
tomato_third,PF_0025108_01,207,1,current_target_missing,1
tomato_third,PF_0025108_01,207,2,current_target_missing,1
tomato_third,PF_0025108_01,207,3,current_target_missing,1
tomato_third,PF_0025108_01,207,5,current_target_missing,1
tomato_third,PF_0025108_01,207,6,current_target_missing,1
tomato_third,PF_0025108_01,207,7,current_target_missing,1
tomato_third,PF_0025108_01,207,8,current_target_missing,1
tomato_third,PF_0026456_01,208,1,current_target_missing,1
tomato_third,PF_0026456_01,208,1,no_next_observation,1
tomato_third,PF_0026456_01,208,2,current_target_missing,1
tomato_third,PF_0026456_01,208,2,no_next_observation,1
tomato_third,PF_0026456_01,208,3,current_target_missing,1
tomato_third,PF_0026456_01,208,3,no_next_observation,1
tomato_third,PF_0026456_01,208,4,current_target_missing,1
tomato_third,PF_0026456_01,208,4,no_next_observation,1
tomato_third,PF_0026456_01,208,5,current_target_missing,1
tomato_third,PF_0026456_01,208,5,no_next_observation,1
tomato_third,PF_0026456_01,208,6,current_target_missing,2
tomato_third,PF_0026456_01,208,6,no_next_observation,1
tomato_third,PF_0026456_01,208,7,current_target_missing,1
tomato_third,PF_0026456_01,208,7,no_next_observation,1
tomato_third,PF_0026456_01,208,8,current_target_missing,1
tomato_third,PF_0026456_01,208,8,no_next_observation,1
tomato_third,PF_0026456_01,208,9,current_target_missing,1
tomato_third,PF_0026456_01,208,9,no_next_observation,1
strawberry_first,PF_0000574_01,PF_0000574|7579|2024-09-01,1,no_next_observation,1
strawberry_first,PF_0000574_01,PF_0000574|7579|2024-09-01,2,no_next_observation,1
strawberry_first,PF_0000574_01,PF_0000574|7579|2024-09-01,3,no_next_observation,1
strawberry_first,PF_0000574_01,PF_0000574|7579|2024-09-01,4,no_next_observation,1
strawberry_first,PF_0000574_01,PF_0000574|7579|2024-09-01,5,no_next_observation,1
strawberry_first,PF_0000574_01,PF_0000574|7579|2024-09-01,6,no_next_observation,1
strawberry_first,PF_0000574_01,PF_0000574|7579|2024-09-01,7,no_next_observation,1
strawberry_first,PF_0000574_01,PF_0000574|7579|2024-09-01,8,no_next_observation,1
strawberry_first,PF_0000574_01,PF_0000574|7579|2024-09-01,9,no_next_observation,1
strawberry_first,PF_0000778_01,PF_0000778|7578|2024-09-15,1,no_next_observation,1
strawberry_first,PF_0000778_01,PF_0000778|7578|2024-09-15,2,no_next_observation,1
strawberry_first,PF_0000778_01,PF_0000778|7578|2024-09-15,3,no_next_observation,1
strawberry_first,PF_0000778_01,PF_0000778|7578|2024-09-15,4,no_next_observation,1
strawberry_first,PF_0000778_01,PF_0000778|7578|2024-09-15,5,no_next_observation,1
strawberry_first,PF_0000778_01,PF_0000778|7578|2024-09-15,6,no_next_observation,1
strawberry_first,PF_0000778_01,PF_0000778|7578|2024-09-15,7,no_next_observation,1
strawberry_first,PF_0000778_01,PF_0000778|7578|2024-09-15,8,no_next_observation,1
strawberry_first,PF_0000778_01,PF_0000778|7578|2024-09-15,9,no_next_observation,1
strawberry_first,PF_0002037_01,PF_0002037|7532|2024-09-20,1,no_next_observation,1
strawberry_first,PF_0002037_01,PF_0002037|7532|2024-09-20,2,no_next_observation,1
strawberry_first,PF_0002037_01,PF_0002037|7532|2024-09-20,3,no_next_observation,1
strawberry_first,PF_0002037_01,PF_0002037|7532|2024-09-20,4,no_next_observation,1
strawberry_first,PF_0002037_01,PF_0002037|7532|2024-09-20,5,no_next_observation,1
strawberry_first,PF_0002037_01,PF_0002037|7532|2024-09-20,6,no_next_observation,1
strawberry_first,PF_0002037_01,PF_0002037|7532|2024-09-20,7,no_next_observation,1
strawberry_first,PF_0002037_01,PF_0002037|7532|2024-09-20,8,no_next_observation,1
strawberry_first,PF_0002037_01,PF_0002037|7532|2024-09-20,9,no_next_observation,1
strawberry_first,PF_0002037_01,PF_0002037|9035|2025-09-15,1,no_next_observation,1
strawberry_first,PF_0002037_01,PF_0002037|9035|2025-09-15,2,no_next_observation,1
strawberry_first,PF_0002037_01,PF_0002037|9035|2025-09-15,4,no_next_observation,1
strawberry_first,PF_0002037_01,PF_0002037|9035|2025-09-15,5,no_next_observation,1
strawberry_first,PF_0002037_01,PF_0002037|9035|2025-09-15,6,no_next_observation,1
strawberry_first,PF_0002037_01,PF_0002037|9035|2025-09-15,7,no_next_observation,1
strawberry_first,PF_0002037_01,PF_0002037|9035|2025-09-15,9,no_next_observation,1
strawberry_first,PF_0021351_01,PF_0021351|7540|2024-09-07,1,no_next_observation,1
strawberry_first,PF_0021351_01,PF_0021351|7540|2024-09-07,2,no_next_observation,1
strawberry_first,PF_0021351_01,PF_0021351|7540|2024-09-07,3,no_next_observation,1
strawberry_first,PF_0021351_01,PF_0021351|7540|2024-09-07,4,no_next_observation,1
strawberry_first,PF_0021351_01,PF_0021351|7540|2024-09-07,5,no_next_observation,1
strawberry_first,PF_0021351_01,PF_0021351|7540|2024-09-07,6,no_next_observation,1
strawberry_first,PF_0021351_01,PF_0021351|7540|2024-09-07,7,no_next_observation,1
strawberry_first,PF_0021351_01,PF_0021351|7540|2024-09-07,8,no_next_observation,1
strawberry_first,PF_0021351_01,PF_0021351|7540|2024-09-07,9,no_next_observation,1
strawberry_first,PF_0021351_01,PF_0021351|9028|2025-09-10,1,no_next_observation,1
strawberry_first,PF_0021351_01,PF_0021351|9028|2025-09-10,2,no_next_observation,1
strawberry_first,PF_0021351_01,PF_0021351|9028|2025-09-10,3,no_next_observation,1
strawberry_first,PF_0021351_01,PF_0021351|9028|2025-09-10,4,no_next_observation,1
strawberry_first,PF_0021351_01,PF_0021351|9028|2025-09-10,5,no_next_observation,1
strawberry_first,PF_0021351_01,PF_0021351|9028|2025-09-10,6,no_next_observation,1
strawberry_first,PF_0021351_01,PF_0021351|9028|2025-09-10,7,no_next_observation,1
strawberry_first,PF_0021351_01,PF_0021351|9028|2025-09-10,8,no_next_observation,1
strawberry_first,PF_0022105_01,PF_0022105|7566|2024-09-01,1,no_next_observation,1
strawberry_first,PF_0022105_01,PF_0022105|7566|2024-09-01,2,no_next_observation,1
strawberry_first,PF_0022105_01,PF_0022105|7566|2024-09-01,3,no_next_observation,1
strawberry_first,PF_0022105_01,PF_0022105|7566|2024-09-01,4,no_next_observation,1
strawberry_first,PF_0022105_01,PF_0022105|7566|2024-09-01,5,no_next_observation,1
strawberry_first,PF_0022105_01,PF_0022105|7566|2024-09-01,6,no_next_observation,1
strawberry_first,PF_0022105_01,PF_0022105|7566|2024-09-01,7,no_next_observation,1
strawberry_first,PF_0022105_01,PF_0022105|7566|2024-09-01,8,no_next_observation,1
strawberry_first,PF_0022105_01,PF_0022105|7566|2024-09-01,9,no_next_observation,1
strawberry_first,PF_0022105_01,PF_0022105|9021|2025-09-22,1,no_next_observation,1
strawberry_first,PF_0022105_01,PF_0022105|9021|2025-09-22,2,no_next_observation,1
strawberry_first,PF_0022105_01,PF_0022105|9021|2025-09-22,3,no_next_observation,1
strawberry_first,PF_0022105_01,PF_0022105|9021|2025-09-22,4,no_next_observation,1
strawberry_first,PF_0022105_01,PF_0022105|9021|2025-09-22,5,no_next_observation,1
strawberry_first,PF_0022105_01,PF_0022105|9021|2025-09-22,6,no_next_observation,1
strawberry_first,PF_0022105_01,PF_0022105|9021|2025-09-22,7,no_next_observation,1
strawberry_first,PF_0022105_01,PF_0022105|9021|2025-09-22,8,no_next_observation,1
strawberry_first,PF_0022105_01,PF_0022105|9021|2025-09-22,9,no_next_observation,1
strawberry_first,PF_0023621_01,PF_0023621|7565|2024-09-15,1,no_next_observation,1
strawberry_first,PF_0023621_01,PF_0023621|7565|2024-09-15,2,no_next_observation,1
strawberry_first,PF_0023621_01,PF_0023621|7565|2024-09-15,3,no_next_observation,1
strawberry_first,PF_0023621_01,PF_0023621|7565|2024-09-15,4,no_next_observation,1
strawberry_first,PF_0023621_01,PF_0023621|7565|2024-09-15,5,no_next_observation,1
strawberry_first,PF_0023621_01,PF_0023621|7565|2024-09-15,6,no_next_observation,1
strawberry_first,PF_0023621_01,PF_0023621|7565|2024-09-15,7,no_next_observation,1
strawberry_first,PF_0023621_01,PF_0023621|7565|2024-09-15,8,no_next_observation,1
strawberry_first,PF_0023621_01,PF_0023621|7565|2024-09-15,9,no_next_observation,1
strawberry_first,PF_0023732_01,PF_0023732|7564|2024-08-31,1,no_next_observation,1
strawberry_first,PF_0023732_01,PF_0023732|7564|2024-08-31,2,no_next_observation,1
strawberry_first,PF_0023732_01,PF_0023732|7564|2024-08-31,3,no_next_observation,1
strawberry_first,PF_0023732_01,PF_0023732|7564|2024-08-31,4,no_next_observation,1
strawberry_first,PF_0023732_01,PF_0023732|7564|2024-08-31,5,no_next_observation,1
strawberry_first,PF_0023732_01,PF_0023732|7564|2024-08-31,6,no_next_observation,1
strawberry_first,PF_0023732_01,PF_0023732|7564|2024-08-31,7,no_next_observation,1
strawberry_first,PF_0023732_01,PF_0023732|7564|2024-08-31,8,no_next_observation,1
strawberry_first,PF_0023732_01,PF_0023732|7564|2024-08-31,9,no_next_observation,1
strawberry_first,PF_0023732_01,PF_0023732|9011|2025-08-30,1,no_next_observation,1
strawberry_first,PF_0023732_01,PF_0023732|9011|2025-08-30,2,no_next_observation,1
strawberry_first,PF_0023732_01,PF_0023732|9011|2025-08-30,3,no_next_observation,1
strawberry_first,PF_0023732_01,PF_0023732|9011|2025-08-30,4,no_next_observation,1
strawberry_first,PF_0023732_01,PF_0023732|9011|2025-08-30,5,no_next_observation,1
strawberry_first,PF_0023732_01,PF_0023732|9011|2025-08-30,6,no_next_observation,1
strawberry_first,PF_0023732_01,PF_0023732|9011|2025-08-30,7,no_next_observation,1
strawberry_first,PF_0023732_01,PF_0023732|9011|2025-08-30,8,no_next_observation,1
strawberry_first,PF_0023732_01,PF_0023732|9011|2025-08-30,9,no_next_observation,1
strawberry_first,PF_0023743_01,PF_0023743|7559|2024-09-10,1,no_next_observation,1
strawberry_first,PF_0023743_01,PF_0023743|7559|2024-09-10,2,no_next_observation,1
strawberry_first,PF_0023743_01,PF_0023743|7559|2024-09-10,3,no_next_observation,1
strawberry_first,PF_0023743_01,PF_0023743|7559|2024-09-10,4,no_next_observation,1
strawberry_first,PF_0023743_01,PF_0023743|7559|2024-09-10,5,no_next_observation,1
strawberry_first,PF_0023743_01,PF_0023743|7559|2024-09-10,6,no_next_observation,1
strawberry_first,PF_0023743_01,PF_0023743|7559|2024-09-10,7,no_next_observation,1
strawberry_first,PF_0023743_01,PF_0023743|7559|2024-09-10,8,no_next_observation,1
strawberry_first,PF_0023743_01,PF_0023743|7559|2024-09-10,9,no_next_observation,1
strawberry_first,PF_0023743_01,PF_0023743|9008|2025-09-07,1,no_next_observation,1
strawberry_first,PF_0023743_01,PF_0023743|9008|2025-09-07,2,no_next_observation,1
strawberry_first,PF_0023743_01,PF_0023743|9008|2025-09-07,3,no_next_observation,1
strawberry_first,PF_0023743_01,PF_0023743|9008|2025-09-07,4,no_next_observation,1
strawberry_first,PF_0023743_01,PF_0023743|9008|2025-09-07,5,no_next_observation,1
strawberry_first,PF_0023743_01,PF_0023743|9008|2025-09-07,6,no_next_observation,1
strawberry_first,PF_0023743_01,PF_0023743|9008|2025-09-07,7,no_next_observation,1
strawberry_first,PF_0023743_01,PF_0023743|9008|2025-09-07,8,no_next_observation,1
strawberry_first,PF_0023743_01,PF_0023743|9008|2025-09-07,9,no_next_observation,1
strawberry_first,PF_0023923_01,PF_0023923|7562|2024-08-31,1,no_next_observation,1
strawberry_first,PF_0023923_01,PF_0023923|7562|2024-08-31,2,no_next_observation,1
strawberry_first,PF_0023923_01,PF_0023923|7562|2024-08-31,3,no_next_observation,1
strawberry_first,PF_0023923_01,PF_0023923|7562|2024-08-31,4,no_next_observation,1
strawberry_first,PF_0023923_01,PF_0023923|7562|2024-08-31,5,no_next_observation,1
strawberry_first,PF_0023923_01,PF_0023923|7562|2024-08-31,6,no_next_observation,1
strawberry_first,PF_0023923_01,PF_0023923|7562|2024-08-31,7,no_next_observation,1
strawberry_first,PF_0023923_01,PF_0023923|7562|2024-08-31,8,no_next_observation,1
strawberry_first,PF_0023923_01,PF_0023923|7562|2024-08-31,9,no_next_observation,1
strawberry_first,PF_0023923_01,PF_0023923|9036|2025-09-15,1,no_next_observation,1
strawberry_first,PF_0023923_01,PF_0023923|9036|2025-09-15,2,no_next_observation,1
strawberry_first,PF_0023923_01,PF_0023923|9036|2025-09-15,3,no_next_observation,1
strawberry_first,PF_0023923_01,PF_0023923|9036|2025-09-15,4,no_next_observation,1
strawberry_first,PF_0023923_01,PF_0023923|9036|2025-09-15,5,no_next_observation,1
strawberry_first,PF_0023923_01,PF_0023923|9036|2025-09-15,6,no_next_observation,1
strawberry_first,PF_0023923_01,PF_0023923|9036|2025-09-15,7,no_next_observation,1
strawberry_first,PF_0023923_01,PF_0023923|9036|2025-09-15,8,no_next_observation,1
strawberry_first,PF_0023923_01,PF_0023923|9036|2025-09-15,9,no_next_observation,1
strawberry_first,PF_0024357_01,PF_0024357|7560|2024-09-09,1,no_next_observation,1
strawberry_first,PF_0024357_01,PF_0024357|7560|2024-09-09,2,no_next_observation,1
strawberry_first,PF_0024357_01,PF_0024357|7560|2024-09-09,3,no_next_observation,1
strawberry_first,PF_0024357_01,PF_0024357|7560|2024-09-09,4,no_next_observation,1
strawberry_first,PF_0024357_01,PF_0024357|7560|2024-09-09,5,no_next_observation,1
strawberry_first,PF_0024357_01,PF_0024357|7560|2024-09-09,6,no_next_observation,1
strawberry_first,PF_0024357_01,PF_0024357|7560|2024-09-09,7,no_next_observation,1
strawberry_first,PF_0024357_01,PF_0024357|7560|2024-09-09,8,no_next_observation,1
strawberry_first,PF_0024357_01,PF_0024357|7560|2024-09-09,9,no_next_observation,1
strawberry_first,PF_0024357_01,PF_0024357|9037|2025-09-17,1,no_next_observation,1
strawberry_first,PF_0024357_01,PF_0024357|9037|2025-09-17,2,no_next_observation,1
strawberry_first,PF_0024357_01,PF_0024357|9037|2025-09-17,3,no_next_observation,1
strawberry_first,PF_0024357_01,PF_0024357|9037|2025-09-17,4,no_next_observation,1
strawberry_first,PF_0024357_01,PF_0024357|9037|2025-09-17,5,no_next_observation,1
strawberry_first,PF_0024357_01,PF_0024357|9037|2025-09-17,6,no_next_observation,1
strawberry_first,PF_0024357_01,PF_0024357|9037|2025-09-17,7,no_next_observation,1
strawberry_first,PF_0024357_01,PF_0024357|9037|2025-09-17,8,no_next_observation,1
strawberry_first,PF_0024357_01,PF_0024357|9037|2025-09-17,9,no_next_observation,1
strawberry_first,PF_0024365_01,PF_0024365|7561|2024-09-10,1,no_next_observation,1
strawberry_first,PF_0024365_01,PF_0024365|7561|2024-09-10,2,no_next_observation,1
strawberry_first,PF_0024365_01,PF_0024365|7561|2024-09-10,3,no_next_observation,1
strawberry_first,PF_0024365_01,PF_0024365|7561|2024-09-10,4,no_next_observation,1
strawberry_first,PF_0024365_01,PF_0024365|7561|2024-09-10,5,no_next_observation,1
strawberry_first,PF_0024365_01,PF_0024365|7561|2024-09-10,6,no_next_observation,1
strawberry_first,PF_0024365_01,PF_0024365|7561|2024-09-10,7,no_next_observation,1
strawberry_first,PF_0024365_01,PF_0024365|7561|2024-09-10,8,no_next_observation,1
strawberry_first,PF_0024365_01,PF_0024365|7561|2024-09-10,9,no_next_observation,1
strawberry_first,PF_0024651_01,PF_0024651|7538|2024-09-15,1,no_next_observation,1
strawberry_first,PF_0024651_01,PF_0024651|7538|2024-09-15,2,no_next_observation,1
strawberry_first,PF_0024651_01,PF_0024651|7538|2024-09-15,3,no_next_observation,1
strawberry_first,PF_0024651_01,PF_0024651|7538|2024-09-15,4,no_next_observation,1
strawberry_first,PF_0024651_01,PF_0024651|7538|2024-09-15,5,no_next_observation,1
strawberry_first,PF_0024651_01,PF_0024651|7538|2024-09-15,6,no_next_observation,1
strawberry_first,PF_0024651_01,PF_0024651|7538|2024-09-15,7,no_next_observation,1
strawberry_first,PF_0024651_01,PF_0024651|7538|2024-09-15,8,no_next_observation,1
strawberry_first,PF_0024651_01,PF_0024651|7538|2024-09-15,9,no_next_observation,1
strawberry_first,PF_0024654_01,PF_0024654|7527|2024-09-15,1,no_next_observation,1
strawberry_first,PF_0024654_01,PF_0024654|7527|2024-09-15,2,no_next_observation,1
strawberry_first,PF_0024654_01,PF_0024654|7527|2024-09-15,3,no_next_observation,1
strawberry_first,PF_0024654_01,PF_0024654|7527|2024-09-15,4,no_next_observation,1
strawberry_first,PF_0024654_01,PF_0024654|7527|2024-09-15,5,no_next_observation,1
strawberry_first,PF_0024654_01,PF_0024654|7527|2024-09-15,6,no_next_observation,1
strawberry_first,PF_0024654_01,PF_0024654|7527|2024-09-15,7,no_next_observation,1
strawberry_first,PF_0024654_01,PF_0024654|7527|2024-09-15,8,no_next_observation,1
strawberry_first,PF_0024654_01,PF_0024654|7527|2024-09-15,9,no_next_observation,1
strawberry_first,PF_0024655_01,PF_0024655|7533|2024-09-15,1,no_next_observation,1
strawberry_first,PF_0024655_01,PF_0024655|7533|2024-09-15,2,no_next_observation,1
strawberry_first,PF_0024655_01,PF_0024655|7533|2024-09-15,3,no_next_observation,1
strawberry_first,PF_0024655_01,PF_0024655|7533|2024-09-15,4,no_next_observation,1
strawberry_first,PF_0024655_01,PF_0024655|7533|2024-09-15,5,no_next_observation,1
strawberry_first,PF_0024655_01,PF_0024655|7533|2024-09-15,6,no_next_observation,1
strawberry_first,PF_0024655_01,PF_0024655|7533|2024-09-15,7,no_next_observation,1
strawberry_first,PF_0024655_01,PF_0024655|7533|2024-09-15,8,no_next_observation,1
strawberry_first,PF_0024655_01,PF_0024655|7533|2024-09-15,9,no_next_observation,1
strawberry_first,PF_0024688_01,PF_0024688|7558|2024-09-01,1,no_next_observation,1
strawberry_first,PF_0024688_01,PF_0024688|7558|2024-09-01,2,no_next_observation,1
strawberry_first,PF_0024688_01,PF_0024688|7558|2024-09-01,3,no_next_observation,1
strawberry_first,PF_0024688_01,PF_0024688|7558|2024-09-01,4,no_next_observation,1
strawberry_first,PF_0024688_01,PF_0024688|7558|2024-09-01,5,no_next_observation,1
strawberry_first,PF_0024688_01,PF_0024688|7558|2024-09-01,6,no_next_observation,1
strawberry_first,PF_0024688_01,PF_0024688|7558|2024-09-01,7,no_next_observation,1
strawberry_first,PF_0024688_01,PF_0024688|7558|2024-09-01,8,no_next_observation,1
strawberry_first,PF_0024688_01,PF_0024688|7558|2024-09-01,9,no_next_observation,1
strawberry_first,PF_0024688_01,PF_0024688|9042|2025-09-14,1,no_next_observation,1
strawberry_first,PF_0024688_01,PF_0024688|9042|2025-09-14,2,no_next_observation,1
strawberry_first,PF_0024688_01,PF_0024688|9042|2025-09-14,3,no_next_observation,1
strawberry_first,PF_0024688_01,PF_0024688|9042|2025-09-14,4,no_next_observation,1
strawberry_first,PF_0024688_01,PF_0024688|9042|2025-09-14,5,no_next_observation,1
strawberry_first,PF_0024688_01,PF_0024688|9042|2025-09-14,6,no_next_observation,1
strawberry_first,PF_0024688_01,PF_0024688|9042|2025-09-14,7,no_next_observation,1
strawberry_first,PF_0024688_01,PF_0024688|9042|2025-09-14,8,no_next_observation,1
strawberry_first,PF_0024688_01,PF_0024688|9042|2025-09-14,9,no_next_observation,1
strawberry_first,PF_0024700_01,PF_0024700|7546|2024-09-10,1,no_next_observation,1
strawberry_first,PF_0024700_01,PF_0024700|7546|2024-09-10,2,no_next_observation,1
strawberry_first,PF_0024700_01,PF_0024700|7546|2024-09-10,3,no_next_observation,1
strawberry_first,PF_0024700_01,PF_0024700|7546|2024-09-10,4,no_next_observation,1
strawberry_first,PF_0024700_01,PF_0024700|7546|2024-09-10,5,no_next_observation,1
strawberry_first,PF_0024700_01,PF_0024700|7546|2024-09-10,6,no_next_observation,1
strawberry_first,PF_0024700_01,PF_0024700|7546|2024-09-10,7,no_next_observation,1
strawberry_first,PF_0024700_01,PF_0024700|7546|2024-09-10,8,no_next_observation,1
strawberry_first,PF_0024700_01,PF_0024700|7546|2024-09-10,9,no_next_observation,1
strawberry_first,PF_0024806_01,PF_0024806|9046|2025-09-08,1,no_next_observation,1
strawberry_first,PF_0024806_01,PF_0024806|9046|2025-09-08,2,no_next_observation,1
strawberry_first,PF_0024806_01,PF_0024806|9046|2025-09-08,3,no_next_observation,1
strawberry_first,PF_0024806_01,PF_0024806|9046|2025-09-08,4,no_next_observation,1
strawberry_first,PF_0024806_01,PF_0024806|9046|2025-09-08,5,no_next_observation,1
strawberry_first,PF_0024806_01,PF_0024806|9046|2025-09-08,6,no_next_observation,1
strawberry_first,PF_0024806_01,PF_0024806|9046|2025-09-08,8,no_next_observation,1
strawberry_first,PF_0024806_01,PF_0024806|9046|2025-09-08,9,no_next_observation,1
strawberry_first,PF_0025103_01,PF_0025103|7521|2024-09-15,1,no_next_observation,1
strawberry_first,PF_0025103_01,PF_0025103|7521|2024-09-15,2,no_next_observation,1
strawberry_first,PF_0025103_01,PF_0025103|7521|2024-09-15,3,no_next_observation,1
strawberry_first,PF_0025103_01,PF_0025103|7521|2024-09-15,4,no_next_observation,1
strawberry_first,PF_0025103_01,PF_0025103|7521|2024-09-15,5,no_next_observation,1
strawberry_first,PF_0025103_01,PF_0025103|7521|2024-09-15,6,no_next_observation,1
strawberry_first,PF_0025103_01,PF_0025103|7521|2024-09-15,7,no_next_observation,1
strawberry_first,PF_0025103_01,PF_0025103|7521|2024-09-15,8,no_next_observation,1
strawberry_first,PF_0025103_01,PF_0025103|7521|2024-09-15,9,no_next_observation,1
strawberry_first,PF_0025106_01,PF_0025106|7518|2024-09-17,1,no_next_observation,1
strawberry_first,PF_0025106_01,PF_0025106|7518|2024-09-17,2,no_next_observation,1
strawberry_first,PF_0025106_01,PF_0025106|7518|2024-09-17,3,no_next_observation,1
strawberry_first,PF_0025106_01,PF_0025106|7518|2024-09-17,4,no_next_observation,1
strawberry_first,PF_0025106_01,PF_0025106|7518|2024-09-17,5,no_next_observation,1
strawberry_first,PF_0025106_01,PF_0025106|7518|2024-09-17,6,no_next_observation,1
strawberry_first,PF_0025106_01,PF_0025106|7518|2024-09-17,7,no_next_observation,1
strawberry_first,PF_0025106_01,PF_0025106|7518|2024-09-17,8,no_next_observation,1
strawberry_first,PF_0025106_01,PF_0025106|7518|2024-09-17,9,no_next_observation,1
strawberry_first,PF_0026933_01,PF_0026933|10659|2025-08-28,1,no_next_observation,1
strawberry_first,PF_0026933_01,PF_0026933|10659|2025-08-28,2,no_next_observation,1
strawberry_first,PF_0026933_01,PF_0026933|10659|2025-08-28,3,no_next_observation,1
strawberry_first,PF_0026933_01,PF_0026933|10659|2025-08-28,4,no_next_observation,1
strawberry_first,PF_0026933_01,PF_0026933|10659|2025-08-28,5,no_next_observation,1
strawberry_first,PF_0026933_01,PF_0026933|10659|2025-08-28,6,no_next_observation,1
strawberry_first,PF_0026933_01,PF_0026933|10659|2025-08-28,7,no_next_observation,1
strawberry_first,PF_0026933_01,PF_0026933|10659|2025-08-28,8,no_next_observation,1
strawberry_first,PF_0026933_01,PF_0026933|10659|2025-08-28,9,no_next_observation,1
strawberry_second,PF_0000574_01,PF_0000574|7579|2024-09-01,1,no_next_observation,1
strawberry_second,PF_0000574_01,PF_0000574|7579|2024-09-01,2,no_next_observation,1
strawberry_second,PF_0000574_01,PF_0000574|7579|2024-09-01,3,no_next_observation,1
strawberry_second,PF_0000574_01,PF_0000574|7579|2024-09-01,4,no_next_observation,1
strawberry_second,PF_0000574_01,PF_0000574|7579|2024-09-01,5,no_next_observation,1
strawberry_second,PF_0000574_01,PF_0000574|7579|2024-09-01,6,no_next_observation,1
strawberry_second,PF_0000574_01,PF_0000574|7579|2024-09-01,7,no_next_observation,1
strawberry_second,PF_0000574_01,PF_0000574|7579|2024-09-01,8,no_next_observation,1
strawberry_second,PF_0000574_01,PF_0000574|7579|2024-09-01,9,no_next_observation,1
strawberry_second,PF_0000778_01,PF_0000778|7578|2024-09-15,1,no_next_observation,1
strawberry_second,PF_0000778_01,PF_0000778|7578|2024-09-15,2,no_next_observation,1
strawberry_second,PF_0000778_01,PF_0000778|7578|2024-09-15,3,no_next_observation,1
strawberry_second,PF_0000778_01,PF_0000778|7578|2024-09-15,4,no_next_observation,1
strawberry_second,PF_0000778_01,PF_0000778|7578|2024-09-15,5,no_next_observation,1
strawberry_second,PF_0000778_01,PF_0000778|7578|2024-09-15,6,no_next_observation,1
strawberry_second,PF_0000778_01,PF_0000778|7578|2024-09-15,7,no_next_observation,1
strawberry_second,PF_0000778_01,PF_0000778|7578|2024-09-15,8,no_next_observation,1
strawberry_second,PF_0000778_01,PF_0000778|7578|2024-09-15,9,no_next_observation,1
strawberry_second,PF_0002037_01,PF_0002037|7532|2024-09-20,1,no_next_observation,1
strawberry_second,PF_0002037_01,PF_0002037|7532|2024-09-20,2,no_next_observation,1
strawberry_second,PF_0002037_01,PF_0002037|7532|2024-09-20,3,no_next_observation,1
strawberry_second,PF_0002037_01,PF_0002037|7532|2024-09-20,4,no_next_observation,1
strawberry_second,PF_0002037_01,PF_0002037|7532|2024-09-20,5,no_next_observation,1
strawberry_second,PF_0002037_01,PF_0002037|7532|2024-09-20,6,no_next_observation,1
strawberry_second,PF_0002037_01,PF_0002037|7532|2024-09-20,7,no_next_observation,1
strawberry_second,PF_0002037_01,PF_0002037|7532|2024-09-20,8,no_next_observation,1
strawberry_second,PF_0002037_01,PF_0002037|7532|2024-09-20,9,no_next_observation,1
strawberry_second,PF_0002037_01,PF_0002037|9035|2025-09-15,1,no_next_observation,1
strawberry_second,PF_0002037_01,PF_0002037|9035|2025-09-15,2,no_next_observation,1
strawberry_second,PF_0002037_01,PF_0002037|9035|2025-09-15,4,no_next_observation,1
strawberry_second,PF_0002037_01,PF_0002037|9035|2025-09-15,5,no_next_observation,1
strawberry_second,PF_0002037_01,PF_0002037|9035|2025-09-15,6,no_next_observation,1
strawberry_second,PF_0002037_01,PF_0002037|9035|2025-09-15,7,no_next_observation,1
strawberry_second,PF_0002037_01,PF_0002037|9035|2025-09-15,9,no_next_observation,1
strawberry_second,PF_0021351_01,PF_0021351|7540|2024-09-07,1,no_next_observation,1
strawberry_second,PF_0021351_01,PF_0021351|7540|2024-09-07,2,no_next_observation,1
strawberry_second,PF_0021351_01,PF_0021351|7540|2024-09-07,3,no_next_observation,1
strawberry_second,PF_0021351_01,PF_0021351|7540|2024-09-07,4,no_next_observation,1
strawberry_second,PF_0021351_01,PF_0021351|7540|2024-09-07,5,no_next_observation,1
strawberry_second,PF_0021351_01,PF_0021351|7540|2024-09-07,6,no_next_observation,1
strawberry_second,PF_0021351_01,PF_0021351|7540|2024-09-07,7,no_next_observation,1
strawberry_second,PF_0021351_01,PF_0021351|7540|2024-09-07,8,no_next_observation,1
strawberry_second,PF_0021351_01,PF_0021351|7540|2024-09-07,9,no_next_observation,1
strawberry_second,PF_0021351_01,PF_0021351|9028|2025-09-10,1,no_next_observation,1
strawberry_second,PF_0021351_01,PF_0021351|9028|2025-09-10,2,no_next_observation,1
strawberry_second,PF_0021351_01,PF_0021351|9028|2025-09-10,3,no_next_observation,1
strawberry_second,PF_0021351_01,PF_0021351|9028|2025-09-10,4,no_next_observation,1
strawberry_second,PF_0021351_01,PF_0021351|9028|2025-09-10,5,no_next_observation,1
strawberry_second,PF_0021351_01,PF_0021351|9028|2025-09-10,6,no_next_observation,1
strawberry_second,PF_0021351_01,PF_0021351|9028|2025-09-10,7,no_next_observation,1
strawberry_second,PF_0021351_01,PF_0021351|9028|2025-09-10,8,no_next_observation,1
strawberry_second,PF_0022105_01,PF_0022105|7566|2024-09-01,1,no_next_observation,1
strawberry_second,PF_0022105_01,PF_0022105|7566|2024-09-01,2,no_next_observation,1
strawberry_second,PF_0022105_01,PF_0022105|7566|2024-09-01,3,no_next_observation,1
strawberry_second,PF_0022105_01,PF_0022105|7566|2024-09-01,4,no_next_observation,1
strawberry_second,PF_0022105_01,PF_0022105|7566|2024-09-01,5,no_next_observation,1
strawberry_second,PF_0022105_01,PF_0022105|7566|2024-09-01,6,no_next_observation,1
strawberry_second,PF_0022105_01,PF_0022105|7566|2024-09-01,7,no_next_observation,1
strawberry_second,PF_0022105_01,PF_0022105|7566|2024-09-01,8,no_next_observation,1
strawberry_second,PF_0022105_01,PF_0022105|7566|2024-09-01,9,no_next_observation,1
strawberry_second,PF_0022105_01,PF_0022105|9021|2025-09-22,1,no_next_observation,1
strawberry_second,PF_0022105_01,PF_0022105|9021|2025-09-22,2,no_next_observation,1
strawberry_second,PF_0022105_01,PF_0022105|9021|2025-09-22,3,no_next_observation,1
strawberry_second,PF_0022105_01,PF_0022105|9021|2025-09-22,4,no_next_observation,1
strawberry_second,PF_0022105_01,PF_0022105|9021|2025-09-22,5,no_next_observation,1
strawberry_second,PF_0022105_01,PF_0022105|9021|2025-09-22,6,no_next_observation,1
strawberry_second,PF_0022105_01,PF_0022105|9021|2025-09-22,7,no_next_observation,1
strawberry_second,PF_0022105_01,PF_0022105|9021|2025-09-22,8,no_next_observation,1
strawberry_second,PF_0022105_01,PF_0022105|9021|2025-09-22,9,no_next_observation,1
strawberry_second,PF_0023621_01,PF_0023621|7565|2024-09-15,1,no_next_observation,1
strawberry_second,PF_0023621_01,PF_0023621|7565|2024-09-15,2,no_next_observation,1
strawberry_second,PF_0023621_01,PF_0023621|7565|2024-09-15,3,no_next_observation,1
strawberry_second,PF_0023621_01,PF_0023621|7565|2024-09-15,4,no_next_observation,1
strawberry_second,PF_0023621_01,PF_0023621|7565|2024-09-15,5,no_next_observation,1
strawberry_second,PF_0023621_01,PF_0023621|7565|2024-09-15,6,no_next_observation,1
strawberry_second,PF_0023621_01,PF_0023621|7565|2024-09-15,7,no_next_observation,1
strawberry_second,PF_0023621_01,PF_0023621|7565|2024-09-15,8,no_next_observation,1
strawberry_second,PF_0023621_01,PF_0023621|7565|2024-09-15,9,no_next_observation,1
strawberry_second,PF_0023732_01,PF_0023732|7564|2024-08-31,1,no_next_observation,1
strawberry_second,PF_0023732_01,PF_0023732|7564|2024-08-31,2,no_next_observation,1
strawberry_second,PF_0023732_01,PF_0023732|7564|2024-08-31,3,no_next_observation,1
strawberry_second,PF_0023732_01,PF_0023732|7564|2024-08-31,4,no_next_observation,1
strawberry_second,PF_0023732_01,PF_0023732|7564|2024-08-31,5,no_next_observation,1
strawberry_second,PF_0023732_01,PF_0023732|7564|2024-08-31,6,no_next_observation,1
strawberry_second,PF_0023732_01,PF_0023732|7564|2024-08-31,7,no_next_observation,1
strawberry_second,PF_0023732_01,PF_0023732|7564|2024-08-31,8,no_next_observation,1
strawberry_second,PF_0023732_01,PF_0023732|7564|2024-08-31,9,no_next_observation,1
strawberry_second,PF_0023732_01,PF_0023732|9011|2025-08-30,1,no_next_observation,1
strawberry_second,PF_0023732_01,PF_0023732|9011|2025-08-30,2,no_next_observation,1
strawberry_second,PF_0023732_01,PF_0023732|9011|2025-08-30,3,no_next_observation,1
strawberry_second,PF_0023732_01,PF_0023732|9011|2025-08-30,4,no_next_observation,1
strawberry_second,PF_0023732_01,PF_0023732|9011|2025-08-30,5,no_next_observation,1
strawberry_second,PF_0023732_01,PF_0023732|9011|2025-08-30,6,no_next_observation,1
strawberry_second,PF_0023732_01,PF_0023732|9011|2025-08-30,7,no_next_observation,1
strawberry_second,PF_0023732_01,PF_0023732|9011|2025-08-30,8,no_next_observation,1
strawberry_second,PF_0023732_01,PF_0023732|9011|2025-08-30,9,no_next_observation,1
strawberry_second,PF_0023743_01,PF_0023743|7559|2024-09-10,1,no_next_observation,1
strawberry_second,PF_0023743_01,PF_0023743|7559|2024-09-10,2,no_next_observation,1
strawberry_second,PF_0023743_01,PF_0023743|7559|2024-09-10,3,no_next_observation,1
strawberry_second,PF_0023743_01,PF_0023743|7559|2024-09-10,4,no_next_observation,1
strawberry_second,PF_0023743_01,PF_0023743|7559|2024-09-10,5,no_next_observation,1
strawberry_second,PF_0023743_01,PF_0023743|7559|2024-09-10,6,no_next_observation,1
strawberry_second,PF_0023743_01,PF_0023743|7559|2024-09-10,7,no_next_observation,1
strawberry_second,PF_0023743_01,PF_0023743|7559|2024-09-10,8,no_next_observation,1
strawberry_second,PF_0023743_01,PF_0023743|7559|2024-09-10,9,no_next_observation,1
strawberry_second,PF_0023743_01,PF_0023743|9008|2025-09-07,1,no_next_observation,1
strawberry_second,PF_0023743_01,PF_0023743|9008|2025-09-07,2,no_next_observation,1
strawberry_second,PF_0023743_01,PF_0023743|9008|2025-09-07,3,no_next_observation,1
strawberry_second,PF_0023743_01,PF_0023743|9008|2025-09-07,4,no_next_observation,1
strawberry_second,PF_0023743_01,PF_0023743|9008|2025-09-07,5,no_next_observation,1
strawberry_second,PF_0023743_01,PF_0023743|9008|2025-09-07,6,no_next_observation,1
strawberry_second,PF_0023743_01,PF_0023743|9008|2025-09-07,7,no_next_observation,1
strawberry_second,PF_0023743_01,PF_0023743|9008|2025-09-07,8,no_next_observation,1
strawberry_second,PF_0023743_01,PF_0023743|9008|2025-09-07,9,no_next_observation,1
strawberry_second,PF_0023923_01,PF_0023923|7562|2024-08-31,1,no_next_observation,1
strawberry_second,PF_0023923_01,PF_0023923|7562|2024-08-31,2,no_next_observation,1
strawberry_second,PF_0023923_01,PF_0023923|7562|2024-08-31,3,no_next_observation,1
strawberry_second,PF_0023923_01,PF_0023923|7562|2024-08-31,4,no_next_observation,1
strawberry_second,PF_0023923_01,PF_0023923|7562|2024-08-31,5,no_next_observation,1
strawberry_second,PF_0023923_01,PF_0023923|7562|2024-08-31,6,no_next_observation,1
strawberry_second,PF_0023923_01,PF_0023923|7562|2024-08-31,7,no_next_observation,1
strawberry_second,PF_0023923_01,PF_0023923|7562|2024-08-31,8,no_next_observation,1
strawberry_second,PF_0023923_01,PF_0023923|7562|2024-08-31,9,no_next_observation,1
strawberry_second,PF_0023923_01,PF_0023923|9036|2025-09-15,1,no_next_observation,1
strawberry_second,PF_0023923_01,PF_0023923|9036|2025-09-15,2,no_next_observation,1
strawberry_second,PF_0023923_01,PF_0023923|9036|2025-09-15,3,no_next_observation,1
strawberry_second,PF_0023923_01,PF_0023923|9036|2025-09-15,4,no_next_observation,1
strawberry_second,PF_0023923_01,PF_0023923|9036|2025-09-15,5,no_next_observation,1
strawberry_second,PF_0023923_01,PF_0023923|9036|2025-09-15,6,no_next_observation,1
strawberry_second,PF_0023923_01,PF_0023923|9036|2025-09-15,7,no_next_observation,1
strawberry_second,PF_0023923_01,PF_0023923|9036|2025-09-15,8,no_next_observation,1
strawberry_second,PF_0023923_01,PF_0023923|9036|2025-09-15,9,no_next_observation,1
strawberry_second,PF_0024357_01,PF_0024357|7560|2024-09-09,1,no_next_observation,1
strawberry_second,PF_0024357_01,PF_0024357|7560|2024-09-09,2,no_next_observation,1
strawberry_second,PF_0024357_01,PF_0024357|7560|2024-09-09,3,no_next_observation,1
strawberry_second,PF_0024357_01,PF_0024357|7560|2024-09-09,4,no_next_observation,1
strawberry_second,PF_0024357_01,PF_0024357|7560|2024-09-09,5,no_next_observation,1
strawberry_second,PF_0024357_01,PF_0024357|7560|2024-09-09,6,no_next_observation,1
strawberry_second,PF_0024357_01,PF_0024357|7560|2024-09-09,7,no_next_observation,1
strawberry_second,PF_0024357_01,PF_0024357|7560|2024-09-09,8,no_next_observation,1
strawberry_second,PF_0024357_01,PF_0024357|7560|2024-09-09,9,no_next_observation,1
strawberry_second,PF_0024357_01,PF_0024357|9037|2025-09-17,1,no_next_observation,1
strawberry_second,PF_0024357_01,PF_0024357|9037|2025-09-17,2,no_next_observation,1
strawberry_second,PF_0024357_01,PF_0024357|9037|2025-09-17,3,no_next_observation,1
strawberry_second,PF_0024357_01,PF_0024357|9037|2025-09-17,4,no_next_observation,1
strawberry_second,PF_0024357_01,PF_0024357|9037|2025-09-17,5,no_next_observation,1
strawberry_second,PF_0024357_01,PF_0024357|9037|2025-09-17,6,no_next_observation,1
strawberry_second,PF_0024357_01,PF_0024357|9037|2025-09-17,7,no_next_observation,1
strawberry_second,PF_0024357_01,PF_0024357|9037|2025-09-17,8,no_next_observation,1
strawberry_second,PF_0024357_01,PF_0024357|9037|2025-09-17,9,no_next_observation,1
strawberry_second,PF_0024365_01,PF_0024365|7561|2024-09-10,1,no_next_observation,1
strawberry_second,PF_0024365_01,PF_0024365|7561|2024-09-10,2,no_next_observation,1
strawberry_second,PF_0024365_01,PF_0024365|7561|2024-09-10,3,no_next_observation,1
strawberry_second,PF_0024365_01,PF_0024365|7561|2024-09-10,4,no_next_observation,1
strawberry_second,PF_0024365_01,PF_0024365|7561|2024-09-10,5,no_next_observation,1
strawberry_second,PF_0024365_01,PF_0024365|7561|2024-09-10,6,no_next_observation,1
strawberry_second,PF_0024365_01,PF_0024365|7561|2024-09-10,7,no_next_observation,1
strawberry_second,PF_0024365_01,PF_0024365|7561|2024-09-10,8,no_next_observation,1
strawberry_second,PF_0024365_01,PF_0024365|7561|2024-09-10,9,no_next_observation,1
strawberry_second,PF_0024651_01,PF_0024651|7538|2024-09-15,1,no_next_observation,1
strawberry_second,PF_0024651_01,PF_0024651|7538|2024-09-15,2,no_next_observation,1
strawberry_second,PF_0024651_01,PF_0024651|7538|2024-09-15,3,no_next_observation,1
strawberry_second,PF_0024651_01,PF_0024651|7538|2024-09-15,4,no_next_observation,1
strawberry_second,PF_0024651_01,PF_0024651|7538|2024-09-15,5,no_next_observation,1
strawberry_second,PF_0024651_01,PF_0024651|7538|2024-09-15,6,no_next_observation,1
strawberry_second,PF_0024651_01,PF_0024651|7538|2024-09-15,7,no_next_observation,1
strawberry_second,PF_0024651_01,PF_0024651|7538|2024-09-15,8,no_next_observation,1
strawberry_second,PF_0024651_01,PF_0024651|7538|2024-09-15,9,no_next_observation,1
strawberry_second,PF_0024654_01,PF_0024654|7527|2024-09-15,1,no_next_observation,1
strawberry_second,PF_0024654_01,PF_0024654|7527|2024-09-15,2,no_next_observation,1
strawberry_second,PF_0024654_01,PF_0024654|7527|2024-09-15,3,no_next_observation,1
strawberry_second,PF_0024654_01,PF_0024654|7527|2024-09-15,4,no_next_observation,1
strawberry_second,PF_0024654_01,PF_0024654|7527|2024-09-15,5,no_next_observation,1
strawberry_second,PF_0024654_01,PF_0024654|7527|2024-09-15,6,no_next_observation,1
strawberry_second,PF_0024654_01,PF_0024654|7527|2024-09-15,7,no_next_observation,1
strawberry_second,PF_0024654_01,PF_0024654|7527|2024-09-15,8,no_next_observation,1
strawberry_second,PF_0024654_01,PF_0024654|7527|2024-09-15,9,no_next_observation,1
strawberry_second,PF_0024655_01,PF_0024655|7533|2024-09-15,1,no_next_observation,1
strawberry_second,PF_0024655_01,PF_0024655|7533|2024-09-15,2,no_next_observation,1
strawberry_second,PF_0024655_01,PF_0024655|7533|2024-09-15,3,no_next_observation,1
strawberry_second,PF_0024655_01,PF_0024655|7533|2024-09-15,4,no_next_observation,1
strawberry_second,PF_0024655_01,PF_0024655|7533|2024-09-15,5,no_next_observation,1
strawberry_second,PF_0024655_01,PF_0024655|7533|2024-09-15,6,no_next_observation,1
strawberry_second,PF_0024655_01,PF_0024655|7533|2024-09-15,7,no_next_observation,1
strawberry_second,PF_0024655_01,PF_0024655|7533|2024-09-15,8,no_next_observation,1
strawberry_second,PF_0024655_01,PF_0024655|7533|2024-09-15,9,no_next_observation,1
strawberry_second,PF_0024688_01,PF_0024688|7558|2024-09-01,1,no_next_observation,1
strawberry_second,PF_0024688_01,PF_0024688|7558|2024-09-01,2,no_next_observation,1
strawberry_second,PF_0024688_01,PF_0024688|7558|2024-09-01,3,no_next_observation,1
strawberry_second,PF_0024688_01,PF_0024688|7558|2024-09-01,4,no_next_observation,1
strawberry_second,PF_0024688_01,PF_0024688|7558|2024-09-01,5,no_next_observation,1
strawberry_second,PF_0024688_01,PF_0024688|7558|2024-09-01,6,no_next_observation,1
strawberry_second,PF_0024688_01,PF_0024688|7558|2024-09-01,7,no_next_observation,1
strawberry_second,PF_0024688_01,PF_0024688|7558|2024-09-01,8,no_next_observation,1
strawberry_second,PF_0024688_01,PF_0024688|7558|2024-09-01,9,no_next_observation,1
strawberry_second,PF_0024688_01,PF_0024688|9042|2025-09-14,1,no_next_observation,1
strawberry_second,PF_0024688_01,PF_0024688|9042|2025-09-14,2,no_next_observation,1
strawberry_second,PF_0024688_01,PF_0024688|9042|2025-09-14,3,no_next_observation,1
strawberry_second,PF_0024688_01,PF_0024688|9042|2025-09-14,4,no_next_observation,1
strawberry_second,PF_0024688_01,PF_0024688|9042|2025-09-14,5,no_next_observation,1
strawberry_second,PF_0024688_01,PF_0024688|9042|2025-09-14,6,no_next_observation,1
strawberry_second,PF_0024688_01,PF_0024688|9042|2025-09-14,7,no_next_observation,1
strawberry_second,PF_0024688_01,PF_0024688|9042|2025-09-14,8,no_next_observation,1
strawberry_second,PF_0024688_01,PF_0024688|9042|2025-09-14,9,no_next_observation,1
strawberry_second,PF_0024700_01,PF_0024700|7546|2024-09-10,1,no_next_observation,1
strawberry_second,PF_0024700_01,PF_0024700|7546|2024-09-10,2,no_next_observation,1
strawberry_second,PF_0024700_01,PF_0024700|7546|2024-09-10,3,no_next_observation,1
strawberry_second,PF_0024700_01,PF_0024700|7546|2024-09-10,4,no_next_observation,1
strawberry_second,PF_0024700_01,PF_0024700|7546|2024-09-10,5,no_next_observation,1
strawberry_second,PF_0024700_01,PF_0024700|7546|2024-09-10,6,no_next_observation,1
strawberry_second,PF_0024700_01,PF_0024700|7546|2024-09-10,7,no_next_observation,1
strawberry_second,PF_0024700_01,PF_0024700|7546|2024-09-10,8,no_next_observation,1
strawberry_second,PF_0024700_01,PF_0024700|7546|2024-09-10,9,no_next_observation,1
strawberry_second,PF_0024806_01,PF_0024806|9046|2025-09-08,1,no_next_observation,1
strawberry_second,PF_0024806_01,PF_0024806|9046|2025-09-08,2,no_next_observation,1
strawberry_second,PF_0024806_01,PF_0024806|9046|2025-09-08,3,no_next_observation,1
strawberry_second,PF_0024806_01,PF_0024806|9046|2025-09-08,4,no_next_observation,1
strawberry_second,PF_0024806_01,PF_0024806|9046|2025-09-08,5,no_next_observation,1
strawberry_second,PF_0024806_01,PF_0024806|9046|2025-09-08,6,no_next_observation,1
strawberry_second,PF_0024806_01,PF_0024806|9046|2025-09-08,8,no_next_observation,1
strawberry_second,PF_0024806_01,PF_0024806|9046|2025-09-08,9,no_next_observation,1
strawberry_second,PF_0025103_01,PF_0025103|7521|2024-09-15,1,no_next_observation,1
strawberry_second,PF_0025103_01,PF_0025103|7521|2024-09-15,2,no_next_observation,1
strawberry_second,PF_0025103_01,PF_0025103|7521|2024-09-15,3,no_next_observation,1
strawberry_second,PF_0025103_01,PF_0025103|7521|2024-09-15,4,no_next_observation,1
strawberry_second,PF_0025103_01,PF_0025103|7521|2024-09-15,5,no_next_observation,1
strawberry_second,PF_0025103_01,PF_0025103|7521|2024-09-15,6,no_next_observation,1
strawberry_second,PF_0025103_01,PF_0025103|7521|2024-09-15,7,no_next_observation,1
strawberry_second,PF_0025103_01,PF_0025103|7521|2024-09-15,8,no_next_observation,1
strawberry_second,PF_0025103_01,PF_0025103|7521|2024-09-15,9,no_next_observation,1
strawberry_second,PF_0025106_01,PF_0025106|7518|2024-09-17,1,no_next_observation,1
strawberry_second,PF_0025106_01,PF_0025106|7518|2024-09-17,2,no_next_observation,1
strawberry_second,PF_0025106_01,PF_0025106|7518|2024-09-17,3,no_next_observation,1
strawberry_second,PF_0025106_01,PF_0025106|7518|2024-09-17,4,no_next_observation,1
strawberry_second,PF_0025106_01,PF_0025106|7518|2024-09-17,5,no_next_observation,1
strawberry_second,PF_0025106_01,PF_0025106|7518|2024-09-17,6,no_next_observation,1
strawberry_second,PF_0025106_01,PF_0025106|7518|2024-09-17,7,no_next_observation,1
strawberry_second,PF_0025106_01,PF_0025106|7518|2024-09-17,8,no_next_observation,1
strawberry_second,PF_0025106_01,PF_0025106|7518|2024-09-17,9,no_next_observation,1
strawberry_second,PF_0026933_01,PF_0026933|10659|2025-08-28,1,no_next_observation,1
strawberry_second,PF_0026933_01,PF_0026933|10659|2025-08-28,2,no_next_observation,1
strawberry_second,PF_0026933_01,PF_0026933|10659|2025-08-28,3,no_next_observation,1
strawberry_second,PF_0026933_01,PF_0026933|10659|2025-08-28,4,no_next_observation,1
strawberry_second,PF_0026933_01,PF_0026933|10659|2025-08-28,5,no_next_observation,1
strawberry_second,PF_0026933_01,PF_0026933|10659|2025-08-28,6,no_next_observation,1
strawberry_second,PF_0026933_01,PF_0026933|10659|2025-08-28,7,no_next_observation,1
strawberry_second,PF_0026933_01,PF_0026933|10659|2025-08-28,8,no_next_observation,1
strawberry_second,PF_0026933_01,PF_0026933|10659|2025-08-28,9,no_next_observation,1
strawberry_sum123,PF_0000574_01,PF_0000574|7579|2024-09-01,1,no_next_observation,1
strawberry_sum123,PF_0000574_01,PF_0000574|7579|2024-09-01,2,no_next_observation,1
strawberry_sum123,PF_0000574_01,PF_0000574|7579|2024-09-01,3,no_next_observation,1
strawberry_sum123,PF_0000574_01,PF_0000574|7579|2024-09-01,4,no_next_observation,1
strawberry_sum123,PF_0000574_01,PF_0000574|7579|2024-09-01,5,no_next_observation,1
strawberry_sum123,PF_0000574_01,PF_0000574|7579|2024-09-01,6,no_next_observation,1
strawberry_sum123,PF_0000574_01,PF_0000574|7579|2024-09-01,7,no_next_observation,1
strawberry_sum123,PF_0000574_01,PF_0000574|7579|2024-09-01,8,no_next_observation,1
strawberry_sum123,PF_0000574_01,PF_0000574|7579|2024-09-01,9,no_next_observation,1
strawberry_sum123,PF_0000778_01,PF_0000778|7578|2024-09-15,1,no_next_observation,1
strawberry_sum123,PF_0000778_01,PF_0000778|7578|2024-09-15,2,no_next_observation,1
strawberry_sum123,PF_0000778_01,PF_0000778|7578|2024-09-15,3,no_next_observation,1
strawberry_sum123,PF_0000778_01,PF_0000778|7578|2024-09-15,4,no_next_observation,1
strawberry_sum123,PF_0000778_01,PF_0000778|7578|2024-09-15,5,no_next_observation,1
strawberry_sum123,PF_0000778_01,PF_0000778|7578|2024-09-15,6,no_next_observation,1
strawberry_sum123,PF_0000778_01,PF_0000778|7578|2024-09-15,7,no_next_observation,1
strawberry_sum123,PF_0000778_01,PF_0000778|7578|2024-09-15,8,no_next_observation,1
strawberry_sum123,PF_0000778_01,PF_0000778|7578|2024-09-15,9,no_next_observation,1
strawberry_sum123,PF_0002037_01,PF_0002037|7532|2024-09-20,1,no_next_observation,1
strawberry_sum123,PF_0002037_01,PF_0002037|7532|2024-09-20,2,no_next_observation,1
strawberry_sum123,PF_0002037_01,PF_0002037|7532|2024-09-20,3,no_next_observation,1
strawberry_sum123,PF_0002037_01,PF_0002037|7532|2024-09-20,4,no_next_observation,1
strawberry_sum123,PF_0002037_01,PF_0002037|7532|2024-09-20,5,no_next_observation,1
strawberry_sum123,PF_0002037_01,PF_0002037|7532|2024-09-20,6,no_next_observation,1
strawberry_sum123,PF_0002037_01,PF_0002037|7532|2024-09-20,7,no_next_observation,1
strawberry_sum123,PF_0002037_01,PF_0002037|7532|2024-09-20,8,no_next_observation,1
strawberry_sum123,PF_0002037_01,PF_0002037|7532|2024-09-20,9,no_next_observation,1
strawberry_sum123,PF_0002037_01,PF_0002037|9035|2025-09-15,1,no_next_observation,1
strawberry_sum123,PF_0002037_01,PF_0002037|9035|2025-09-15,2,no_next_observation,1
strawberry_sum123,PF_0002037_01,PF_0002037|9035|2025-09-15,4,no_next_observation,1
strawberry_sum123,PF_0002037_01,PF_0002037|9035|2025-09-15,5,no_next_observation,1
strawberry_sum123,PF_0002037_01,PF_0002037|9035|2025-09-15,6,no_next_observation,1
strawberry_sum123,PF_0002037_01,PF_0002037|9035|2025-09-15,7,no_next_observation,1
strawberry_sum123,PF_0002037_01,PF_0002037|9035|2025-09-15,9,no_next_observation,1
strawberry_sum123,PF_0021351_01,PF_0021351|7540|2024-09-07,1,no_next_observation,1
strawberry_sum123,PF_0021351_01,PF_0021351|7540|2024-09-07,2,no_next_observation,1
strawberry_sum123,PF_0021351_01,PF_0021351|7540|2024-09-07,3,no_next_observation,1
strawberry_sum123,PF_0021351_01,PF_0021351|7540|2024-09-07,4,no_next_observation,1
strawberry_sum123,PF_0021351_01,PF_0021351|7540|2024-09-07,5,no_next_observation,1
strawberry_sum123,PF_0021351_01,PF_0021351|7540|2024-09-07,6,no_next_observation,1
strawberry_sum123,PF_0021351_01,PF_0021351|7540|2024-09-07,7,no_next_observation,1
strawberry_sum123,PF_0021351_01,PF_0021351|7540|2024-09-07,8,no_next_observation,1
strawberry_sum123,PF_0021351_01,PF_0021351|7540|2024-09-07,9,no_next_observation,1
strawberry_sum123,PF_0021351_01,PF_0021351|9028|2025-09-10,1,no_next_observation,1
strawberry_sum123,PF_0021351_01,PF_0021351|9028|2025-09-10,2,no_next_observation,1
strawberry_sum123,PF_0021351_01,PF_0021351|9028|2025-09-10,3,no_next_observation,1
strawberry_sum123,PF_0021351_01,PF_0021351|9028|2025-09-10,4,no_next_observation,1
strawberry_sum123,PF_0021351_01,PF_0021351|9028|2025-09-10,5,no_next_observation,1
strawberry_sum123,PF_0021351_01,PF_0021351|9028|2025-09-10,6,no_next_observation,1
strawberry_sum123,PF_0021351_01,PF_0021351|9028|2025-09-10,7,no_next_observation,1
strawberry_sum123,PF_0021351_01,PF_0021351|9028|2025-09-10,8,no_next_observation,1
strawberry_sum123,PF_0022105_01,PF_0022105|7566|2024-09-01,1,no_next_observation,1
strawberry_sum123,PF_0022105_01,PF_0022105|7566|2024-09-01,2,no_next_observation,1
strawberry_sum123,PF_0022105_01,PF_0022105|7566|2024-09-01,3,no_next_observation,1
strawberry_sum123,PF_0022105_01,PF_0022105|7566|2024-09-01,4,no_next_observation,1
strawberry_sum123,PF_0022105_01,PF_0022105|7566|2024-09-01,5,no_next_observation,1
strawberry_sum123,PF_0022105_01,PF_0022105|7566|2024-09-01,6,no_next_observation,1
strawberry_sum123,PF_0022105_01,PF_0022105|7566|2024-09-01,7,no_next_observation,1
strawberry_sum123,PF_0022105_01,PF_0022105|7566|2024-09-01,8,no_next_observation,1
strawberry_sum123,PF_0022105_01,PF_0022105|7566|2024-09-01,9,no_next_observation,1
strawberry_sum123,PF_0022105_01,PF_0022105|9021|2025-09-22,1,no_next_observation,1
strawberry_sum123,PF_0022105_01,PF_0022105|9021|2025-09-22,2,no_next_observation,1
strawberry_sum123,PF_0022105_01,PF_0022105|9021|2025-09-22,3,no_next_observation,1
strawberry_sum123,PF_0022105_01,PF_0022105|9021|2025-09-22,4,no_next_observation,1
strawberry_sum123,PF_0022105_01,PF_0022105|9021|2025-09-22,5,no_next_observation,1
strawberry_sum123,PF_0022105_01,PF_0022105|9021|2025-09-22,6,no_next_observation,1
strawberry_sum123,PF_0022105_01,PF_0022105|9021|2025-09-22,7,no_next_observation,1
strawberry_sum123,PF_0022105_01,PF_0022105|9021|2025-09-22,8,no_next_observation,1
strawberry_sum123,PF_0022105_01,PF_0022105|9021|2025-09-22,9,no_next_observation,1
strawberry_sum123,PF_0023621_01,PF_0023621|7565|2024-09-15,1,no_next_observation,1
strawberry_sum123,PF_0023621_01,PF_0023621|7565|2024-09-15,2,no_next_observation,1
strawberry_sum123,PF_0023621_01,PF_0023621|7565|2024-09-15,3,no_next_observation,1
strawberry_sum123,PF_0023621_01,PF_0023621|7565|2024-09-15,4,no_next_observation,1
strawberry_sum123,PF_0023621_01,PF_0023621|7565|2024-09-15,5,no_next_observation,1
strawberry_sum123,PF_0023621_01,PF_0023621|7565|2024-09-15,6,no_next_observation,1
strawberry_sum123,PF_0023621_01,PF_0023621|7565|2024-09-15,7,no_next_observation,1
strawberry_sum123,PF_0023621_01,PF_0023621|7565|2024-09-15,8,no_next_observation,1
strawberry_sum123,PF_0023621_01,PF_0023621|7565|2024-09-15,9,no_next_observation,1
strawberry_sum123,PF_0023732_01,PF_0023732|7564|2024-08-31,1,no_next_observation,1
strawberry_sum123,PF_0023732_01,PF_0023732|7564|2024-08-31,2,no_next_observation,1
strawberry_sum123,PF_0023732_01,PF_0023732|7564|2024-08-31,3,no_next_observation,1
strawberry_sum123,PF_0023732_01,PF_0023732|7564|2024-08-31,4,no_next_observation,1
strawberry_sum123,PF_0023732_01,PF_0023732|7564|2024-08-31,5,no_next_observation,1
strawberry_sum123,PF_0023732_01,PF_0023732|7564|2024-08-31,6,no_next_observation,1
strawberry_sum123,PF_0023732_01,PF_0023732|7564|2024-08-31,7,no_next_observation,1
strawberry_sum123,PF_0023732_01,PF_0023732|7564|2024-08-31,8,no_next_observation,1
strawberry_sum123,PF_0023732_01,PF_0023732|7564|2024-08-31,9,no_next_observation,1
strawberry_sum123,PF_0023732_01,PF_0023732|9011|2025-08-30,1,no_next_observation,1
strawberry_sum123,PF_0023732_01,PF_0023732|9011|2025-08-30,2,no_next_observation,1
strawberry_sum123,PF_0023732_01,PF_0023732|9011|2025-08-30,3,no_next_observation,1
strawberry_sum123,PF_0023732_01,PF_0023732|9011|2025-08-30,4,no_next_observation,1
strawberry_sum123,PF_0023732_01,PF_0023732|9011|2025-08-30,5,no_next_observation,1
strawberry_sum123,PF_0023732_01,PF_0023732|9011|2025-08-30,6,no_next_observation,1
strawberry_sum123,PF_0023732_01,PF_0023732|9011|2025-08-30,7,no_next_observation,1
strawberry_sum123,PF_0023732_01,PF_0023732|9011|2025-08-30,8,no_next_observation,1
strawberry_sum123,PF_0023732_01,PF_0023732|9011|2025-08-30,9,no_next_observation,1
strawberry_sum123,PF_0023743_01,PF_0023743|7559|2024-09-10,1,no_next_observation,1
strawberry_sum123,PF_0023743_01,PF_0023743|7559|2024-09-10,2,no_next_observation,1
strawberry_sum123,PF_0023743_01,PF_0023743|7559|2024-09-10,3,no_next_observation,1
strawberry_sum123,PF_0023743_01,PF_0023743|7559|2024-09-10,4,no_next_observation,1
strawberry_sum123,PF_0023743_01,PF_0023743|7559|2024-09-10,5,no_next_observation,1
strawberry_sum123,PF_0023743_01,PF_0023743|7559|2024-09-10,6,no_next_observation,1
strawberry_sum123,PF_0023743_01,PF_0023743|7559|2024-09-10,7,no_next_observation,1
strawberry_sum123,PF_0023743_01,PF_0023743|7559|2024-09-10,8,no_next_observation,1
strawberry_sum123,PF_0023743_01,PF_0023743|7559|2024-09-10,9,no_next_observation,1
strawberry_sum123,PF_0023743_01,PF_0023743|9008|2025-09-07,1,no_next_observation,1
strawberry_sum123,PF_0023743_01,PF_0023743|9008|2025-09-07,2,no_next_observation,1
strawberry_sum123,PF_0023743_01,PF_0023743|9008|2025-09-07,3,no_next_observation,1
strawberry_sum123,PF_0023743_01,PF_0023743|9008|2025-09-07,4,no_next_observation,1
strawberry_sum123,PF_0023743_01,PF_0023743|9008|2025-09-07,5,no_next_observation,1
strawberry_sum123,PF_0023743_01,PF_0023743|9008|2025-09-07,6,no_next_observation,1
strawberry_sum123,PF_0023743_01,PF_0023743|9008|2025-09-07,7,no_next_observation,1
strawberry_sum123,PF_0023743_01,PF_0023743|9008|2025-09-07,8,no_next_observation,1
strawberry_sum123,PF_0023743_01,PF_0023743|9008|2025-09-07,9,no_next_observation,1
strawberry_sum123,PF_0023923_01,PF_0023923|7562|2024-08-31,1,no_next_observation,1
strawberry_sum123,PF_0023923_01,PF_0023923|7562|2024-08-31,2,no_next_observation,1
strawberry_sum123,PF_0023923_01,PF_0023923|7562|2024-08-31,3,no_next_observation,1
strawberry_sum123,PF_0023923_01,PF_0023923|7562|2024-08-31,4,no_next_observation,1
strawberry_sum123,PF_0023923_01,PF_0023923|7562|2024-08-31,5,no_next_observation,1
strawberry_sum123,PF_0023923_01,PF_0023923|7562|2024-08-31,6,no_next_observation,1
strawberry_sum123,PF_0023923_01,PF_0023923|7562|2024-08-31,7,no_next_observation,1
strawberry_sum123,PF_0023923_01,PF_0023923|7562|2024-08-31,8,no_next_observation,1
strawberry_sum123,PF_0023923_01,PF_0023923|7562|2024-08-31,9,no_next_observation,1
strawberry_sum123,PF_0023923_01,PF_0023923|9036|2025-09-15,1,no_next_observation,1
strawberry_sum123,PF_0023923_01,PF_0023923|9036|2025-09-15,2,no_next_observation,1
strawberry_sum123,PF_0023923_01,PF_0023923|9036|2025-09-15,3,no_next_observation,1
strawberry_sum123,PF_0023923_01,PF_0023923|9036|2025-09-15,4,no_next_observation,1
strawberry_sum123,PF_0023923_01,PF_0023923|9036|2025-09-15,5,no_next_observation,1
strawberry_sum123,PF_0023923_01,PF_0023923|9036|2025-09-15,6,no_next_observation,1
strawberry_sum123,PF_0023923_01,PF_0023923|9036|2025-09-15,7,no_next_observation,1
strawberry_sum123,PF_0023923_01,PF_0023923|9036|2025-09-15,8,no_next_observation,1
strawberry_sum123,PF_0023923_01,PF_0023923|9036|2025-09-15,9,no_next_observation,1
strawberry_sum123,PF_0024357_01,PF_0024357|7560|2024-09-09,1,no_next_observation,1
strawberry_sum123,PF_0024357_01,PF_0024357|7560|2024-09-09,2,no_next_observation,1
strawberry_sum123,PF_0024357_01,PF_0024357|7560|2024-09-09,3,no_next_observation,1
strawberry_sum123,PF_0024357_01,PF_0024357|7560|2024-09-09,4,no_next_observation,1
strawberry_sum123,PF_0024357_01,PF_0024357|7560|2024-09-09,5,no_next_observation,1
strawberry_sum123,PF_0024357_01,PF_0024357|7560|2024-09-09,6,no_next_observation,1
strawberry_sum123,PF_0024357_01,PF_0024357|7560|2024-09-09,7,no_next_observation,1
strawberry_sum123,PF_0024357_01,PF_0024357|7560|2024-09-09,8,no_next_observation,1
strawberry_sum123,PF_0024357_01,PF_0024357|7560|2024-09-09,9,no_next_observation,1
strawberry_sum123,PF_0024357_01,PF_0024357|9037|2025-09-17,1,no_next_observation,1
strawberry_sum123,PF_0024357_01,PF_0024357|9037|2025-09-17,2,no_next_observation,1
strawberry_sum123,PF_0024357_01,PF_0024357|9037|2025-09-17,3,no_next_observation,1
strawberry_sum123,PF_0024357_01,PF_0024357|9037|2025-09-17,4,no_next_observation,1
strawberry_sum123,PF_0024357_01,PF_0024357|9037|2025-09-17,5,no_next_observation,1
strawberry_sum123,PF_0024357_01,PF_0024357|9037|2025-09-17,6,no_next_observation,1
strawberry_sum123,PF_0024357_01,PF_0024357|9037|2025-09-17,7,no_next_observation,1
strawberry_sum123,PF_0024357_01,PF_0024357|9037|2025-09-17,8,no_next_observation,1
strawberry_sum123,PF_0024357_01,PF_0024357|9037|2025-09-17,9,no_next_observation,1
strawberry_sum123,PF_0024365_01,PF_0024365|7561|2024-09-10,1,no_next_observation,1
strawberry_sum123,PF_0024365_01,PF_0024365|7561|2024-09-10,2,no_next_observation,1
strawberry_sum123,PF_0024365_01,PF_0024365|7561|2024-09-10,3,no_next_observation,1
strawberry_sum123,PF_0024365_01,PF_0024365|7561|2024-09-10,4,no_next_observation,1
strawberry_sum123,PF_0024365_01,PF_0024365|7561|2024-09-10,5,no_next_observation,1
strawberry_sum123,PF_0024365_01,PF_0024365|7561|2024-09-10,6,no_next_observation,1
strawberry_sum123,PF_0024365_01,PF_0024365|7561|2024-09-10,7,no_next_observation,1
strawberry_sum123,PF_0024365_01,PF_0024365|7561|2024-09-10,8,no_next_observation,1
strawberry_sum123,PF_0024365_01,PF_0024365|7561|2024-09-10,9,no_next_observation,1
strawberry_sum123,PF_0024651_01,PF_0024651|7538|2024-09-15,1,no_next_observation,1
strawberry_sum123,PF_0024651_01,PF_0024651|7538|2024-09-15,2,no_next_observation,1
strawberry_sum123,PF_0024651_01,PF_0024651|7538|2024-09-15,3,no_next_observation,1
strawberry_sum123,PF_0024651_01,PF_0024651|7538|2024-09-15,4,no_next_observation,1
strawberry_sum123,PF_0024651_01,PF_0024651|7538|2024-09-15,5,no_next_observation,1
strawberry_sum123,PF_0024651_01,PF_0024651|7538|2024-09-15,6,no_next_observation,1
strawberry_sum123,PF_0024651_01,PF_0024651|7538|2024-09-15,7,no_next_observation,1
strawberry_sum123,PF_0024651_01,PF_0024651|7538|2024-09-15,8,no_next_observation,1
strawberry_sum123,PF_0024651_01,PF_0024651|7538|2024-09-15,9,no_next_observation,1
strawberry_sum123,PF_0024654_01,PF_0024654|7527|2024-09-15,1,no_next_observation,1
strawberry_sum123,PF_0024654_01,PF_0024654|7527|2024-09-15,2,no_next_observation,1
strawberry_sum123,PF_0024654_01,PF_0024654|7527|2024-09-15,3,no_next_observation,1
strawberry_sum123,PF_0024654_01,PF_0024654|7527|2024-09-15,4,no_next_observation,1
strawberry_sum123,PF_0024654_01,PF_0024654|7527|2024-09-15,5,no_next_observation,1
strawberry_sum123,PF_0024654_01,PF_0024654|7527|2024-09-15,6,no_next_observation,1
strawberry_sum123,PF_0024654_01,PF_0024654|7527|2024-09-15,7,no_next_observation,1
strawberry_sum123,PF_0024654_01,PF_0024654|7527|2024-09-15,8,no_next_observation,1
strawberry_sum123,PF_0024654_01,PF_0024654|7527|2024-09-15,9,no_next_observation,1
strawberry_sum123,PF_0024655_01,PF_0024655|7533|2024-09-15,1,no_next_observation,1
strawberry_sum123,PF_0024655_01,PF_0024655|7533|2024-09-15,2,no_next_observation,1
strawberry_sum123,PF_0024655_01,PF_0024655|7533|2024-09-15,3,no_next_observation,1
strawberry_sum123,PF_0024655_01,PF_0024655|7533|2024-09-15,4,no_next_observation,1
strawberry_sum123,PF_0024655_01,PF_0024655|7533|2024-09-15,5,no_next_observation,1
strawberry_sum123,PF_0024655_01,PF_0024655|7533|2024-09-15,6,no_next_observation,1
strawberry_sum123,PF_0024655_01,PF_0024655|7533|2024-09-15,7,no_next_observation,1
strawberry_sum123,PF_0024655_01,PF_0024655|7533|2024-09-15,8,no_next_observation,1
strawberry_sum123,PF_0024655_01,PF_0024655|7533|2024-09-15,9,no_next_observation,1
strawberry_sum123,PF_0024688_01,PF_0024688|7558|2024-09-01,1,no_next_observation,1
strawberry_sum123,PF_0024688_01,PF_0024688|7558|2024-09-01,2,no_next_observation,1
strawberry_sum123,PF_0024688_01,PF_0024688|7558|2024-09-01,3,no_next_observation,1
strawberry_sum123,PF_0024688_01,PF_0024688|7558|2024-09-01,4,no_next_observation,1
strawberry_sum123,PF_0024688_01,PF_0024688|7558|2024-09-01,5,no_next_observation,1
strawberry_sum123,PF_0024688_01,PF_0024688|7558|2024-09-01,6,no_next_observation,1
strawberry_sum123,PF_0024688_01,PF_0024688|7558|2024-09-01,7,no_next_observation,1
strawberry_sum123,PF_0024688_01,PF_0024688|7558|2024-09-01,8,no_next_observation,1
strawberry_sum123,PF_0024688_01,PF_0024688|7558|2024-09-01,9,no_next_observation,1
strawberry_sum123,PF_0024688_01,PF_0024688|9042|2025-09-14,1,no_next_observation,1
strawberry_sum123,PF_0024688_01,PF_0024688|9042|2025-09-14,2,no_next_observation,1
strawberry_sum123,PF_0024688_01,PF_0024688|9042|2025-09-14,3,no_next_observation,1
strawberry_sum123,PF_0024688_01,PF_0024688|9042|2025-09-14,4,no_next_observation,1
strawberry_sum123,PF_0024688_01,PF_0024688|9042|2025-09-14,5,no_next_observation,1
strawberry_sum123,PF_0024688_01,PF_0024688|9042|2025-09-14,6,no_next_observation,1
strawberry_sum123,PF_0024688_01,PF_0024688|9042|2025-09-14,7,no_next_observation,1
strawberry_sum123,PF_0024688_01,PF_0024688|9042|2025-09-14,8,no_next_observation,1
strawberry_sum123,PF_0024688_01,PF_0024688|9042|2025-09-14,9,no_next_observation,1
strawberry_sum123,PF_0024700_01,PF_0024700|7546|2024-09-10,1,no_next_observation,1
strawberry_sum123,PF_0024700_01,PF_0024700|7546|2024-09-10,2,no_next_observation,1
strawberry_sum123,PF_0024700_01,PF_0024700|7546|2024-09-10,3,no_next_observation,1
strawberry_sum123,PF_0024700_01,PF_0024700|7546|2024-09-10,4,no_next_observation,1
strawberry_sum123,PF_0024700_01,PF_0024700|7546|2024-09-10,5,no_next_observation,1
strawberry_sum123,PF_0024700_01,PF_0024700|7546|2024-09-10,6,no_next_observation,1
strawberry_sum123,PF_0024700_01,PF_0024700|7546|2024-09-10,7,no_next_observation,1
strawberry_sum123,PF_0024700_01,PF_0024700|7546|2024-09-10,8,no_next_observation,1
strawberry_sum123,PF_0024700_01,PF_0024700|7546|2024-09-10,9,no_next_observation,1
strawberry_sum123,PF_0024806_01,PF_0024806|9046|2025-09-08,1,no_next_observation,1
strawberry_sum123,PF_0024806_01,PF_0024806|9046|2025-09-08,2,no_next_observation,1
strawberry_sum123,PF_0024806_01,PF_0024806|9046|2025-09-08,3,no_next_observation,1
strawberry_sum123,PF_0024806_01,PF_0024806|9046|2025-09-08,4,no_next_observation,1
strawberry_sum123,PF_0024806_01,PF_0024806|9046|2025-09-08,5,no_next_observation,1
strawberry_sum123,PF_0024806_01,PF_0024806|9046|2025-09-08,6,no_next_observation,1
strawberry_sum123,PF_0024806_01,PF_0024806|9046|2025-09-08,8,no_next_observation,1
strawberry_sum123,PF_0024806_01,PF_0024806|9046|2025-09-08,9,no_next_observation,1
strawberry_sum123,PF_0025103_01,PF_0025103|7521|2024-09-15,1,no_next_observation,1
strawberry_sum123,PF_0025103_01,PF_0025103|7521|2024-09-15,2,no_next_observation,1
strawberry_sum123,PF_0025103_01,PF_0025103|7521|2024-09-15,3,no_next_observation,1
strawberry_sum123,PF_0025103_01,PF_0025103|7521|2024-09-15,4,no_next_observation,1
strawberry_sum123,PF_0025103_01,PF_0025103|7521|2024-09-15,5,no_next_observation,1
strawberry_sum123,PF_0025103_01,PF_0025103|7521|2024-09-15,6,no_next_observation,1
strawberry_sum123,PF_0025103_01,PF_0025103|7521|2024-09-15,7,no_next_observation,1
strawberry_sum123,PF_0025103_01,PF_0025103|7521|2024-09-15,8,no_next_observation,1
strawberry_sum123,PF_0025103_01,PF_0025103|7521|2024-09-15,9,no_next_observation,1
strawberry_sum123,PF_0025106_01,PF_0025106|7518|2024-09-17,1,no_next_observation,1
strawberry_sum123,PF_0025106_01,PF_0025106|7518|2024-09-17,2,no_next_observation,1
strawberry_sum123,PF_0025106_01,PF_0025106|7518|2024-09-17,3,no_next_observation,1
strawberry_sum123,PF_0025106_01,PF_0025106|7518|2024-09-17,4,no_next_observation,1
strawberry_sum123,PF_0025106_01,PF_0025106|7518|2024-09-17,5,no_next_observation,1
strawberry_sum123,PF_0025106_01,PF_0025106|7518|2024-09-17,6,no_next_observation,1
strawberry_sum123,PF_0025106_01,PF_0025106|7518|2024-09-17,7,no_next_observation,1
strawberry_sum123,PF_0025106_01,PF_0025106|7518|2024-09-17,8,no_next_observation,1
strawberry_sum123,PF_0025106_01,PF_0025106|7518|2024-09-17,9,no_next_observation,1
strawberry_sum123,PF_0026933_01,PF_0026933|10659|2025-08-28,1,no_next_observation,1
strawberry_sum123,PF_0026933_01,PF_0026933|10659|2025-08-28,2,no_next_observation,1
strawberry_sum123,PF_0026933_01,PF_0026933|10659|2025-08-28,3,no_next_observation,1
strawberry_sum123,PF_0026933_01,PF_0026933|10659|2025-08-28,4,no_next_observation,1
strawberry_sum123,PF_0026933_01,PF_0026933|10659|2025-08-28,5,no_next_observation,1
strawberry_sum123,PF_0026933_01,PF_0026933|10659|2025-08-28,6,no_next_observation,1
strawberry_sum123,PF_0026933_01,PF_0026933|10659|2025-08-28,7,no_next_observation,1
strawberry_sum123,PF_0026933_01,PF_0026933|10659|2025-08-28,8,no_next_observation,1
strawberry_sum123,PF_0026933_01,PF_0026933|10659|2025-08-28,9,no_next_observation,1
strawberry_third,PF_0000574_01,PF_0000574|7579|2024-09-01,1,no_next_observation,1
strawberry_third,PF_0000574_01,PF_0000574|7579|2024-09-01,2,no_next_observation,1
strawberry_third,PF_0000574_01,PF_0000574|7579|2024-09-01,3,no_next_observation,1
strawberry_third,PF_0000574_01,PF_0000574|7579|2024-09-01,4,no_next_observation,1
strawberry_third,PF_0000574_01,PF_0000574|7579|2024-09-01,5,no_next_observation,1
strawberry_third,PF_0000574_01,PF_0000574|7579|2024-09-01,6,no_next_observation,1
strawberry_third,PF_0000574_01,PF_0000574|7579|2024-09-01,7,no_next_observation,1
strawberry_third,PF_0000574_01,PF_0000574|7579|2024-09-01,8,no_next_observation,1
strawberry_third,PF_0000574_01,PF_0000574|7579|2024-09-01,9,no_next_observation,1
strawberry_third,PF_0000778_01,PF_0000778|7578|2024-09-15,1,no_next_observation,1
strawberry_third,PF_0000778_01,PF_0000778|7578|2024-09-15,2,no_next_observation,1
strawberry_third,PF_0000778_01,PF_0000778|7578|2024-09-15,3,no_next_observation,1
strawberry_third,PF_0000778_01,PF_0000778|7578|2024-09-15,4,no_next_observation,1
strawberry_third,PF_0000778_01,PF_0000778|7578|2024-09-15,5,no_next_observation,1
strawberry_third,PF_0000778_01,PF_0000778|7578|2024-09-15,6,no_next_observation,1
strawberry_third,PF_0000778_01,PF_0000778|7578|2024-09-15,7,no_next_observation,1
strawberry_third,PF_0000778_01,PF_0000778|7578|2024-09-15,8,no_next_observation,1
strawberry_third,PF_0000778_01,PF_0000778|7578|2024-09-15,9,no_next_observation,1
strawberry_third,PF_0002037_01,PF_0002037|7532|2024-09-20,1,no_next_observation,1
strawberry_third,PF_0002037_01,PF_0002037|7532|2024-09-20,2,no_next_observation,1
strawberry_third,PF_0002037_01,PF_0002037|7532|2024-09-20,3,no_next_observation,1
strawberry_third,PF_0002037_01,PF_0002037|7532|2024-09-20,4,no_next_observation,1
strawberry_third,PF_0002037_01,PF_0002037|7532|2024-09-20,5,no_next_observation,1
strawberry_third,PF_0002037_01,PF_0002037|7532|2024-09-20,6,no_next_observation,1
strawberry_third,PF_0002037_01,PF_0002037|7532|2024-09-20,7,no_next_observation,1
strawberry_third,PF_0002037_01,PF_0002037|7532|2024-09-20,8,no_next_observation,1
strawberry_third,PF_0002037_01,PF_0002037|7532|2024-09-20,9,no_next_observation,1
strawberry_third,PF_0002037_01,PF_0002037|9035|2025-09-15,1,no_next_observation,1
strawberry_third,PF_0002037_01,PF_0002037|9035|2025-09-15,2,no_next_observation,1
strawberry_third,PF_0002037_01,PF_0002037|9035|2025-09-15,4,no_next_observation,1
strawberry_third,PF_0002037_01,PF_0002037|9035|2025-09-15,5,no_next_observation,1
strawberry_third,PF_0002037_01,PF_0002037|9035|2025-09-15,6,no_next_observation,1
strawberry_third,PF_0002037_01,PF_0002037|9035|2025-09-15,7,no_next_observation,1
strawberry_third,PF_0002037_01,PF_0002037|9035|2025-09-15,9,no_next_observation,1
strawberry_third,PF_0021351_01,PF_0021351|7540|2024-09-07,1,no_next_observation,1
strawberry_third,PF_0021351_01,PF_0021351|7540|2024-09-07,2,no_next_observation,1
strawberry_third,PF_0021351_01,PF_0021351|7540|2024-09-07,3,no_next_observation,1
strawberry_third,PF_0021351_01,PF_0021351|7540|2024-09-07,4,no_next_observation,1
strawberry_third,PF_0021351_01,PF_0021351|7540|2024-09-07,5,no_next_observation,1
strawberry_third,PF_0021351_01,PF_0021351|7540|2024-09-07,6,no_next_observation,1
strawberry_third,PF_0021351_01,PF_0021351|7540|2024-09-07,7,no_next_observation,1
strawberry_third,PF_0021351_01,PF_0021351|7540|2024-09-07,8,no_next_observation,1
strawberry_third,PF_0021351_01,PF_0021351|7540|2024-09-07,9,no_next_observation,1
strawberry_third,PF_0021351_01,PF_0021351|9028|2025-09-10,1,no_next_observation,1
strawberry_third,PF_0021351_01,PF_0021351|9028|2025-09-10,2,no_next_observation,1
strawberry_third,PF_0021351_01,PF_0021351|9028|2025-09-10,3,no_next_observation,1
strawberry_third,PF_0021351_01,PF_0021351|9028|2025-09-10,4,no_next_observation,1
strawberry_third,PF_0021351_01,PF_0021351|9028|2025-09-10,5,no_next_observation,1
strawberry_third,PF_0021351_01,PF_0021351|9028|2025-09-10,6,no_next_observation,1
strawberry_third,PF_0021351_01,PF_0021351|9028|2025-09-10,7,no_next_observation,1
strawberry_third,PF_0021351_01,PF_0021351|9028|2025-09-10,8,no_next_observation,1
strawberry_third,PF_0022105_01,PF_0022105|7566|2024-09-01,1,no_next_observation,1
strawberry_third,PF_0022105_01,PF_0022105|7566|2024-09-01,2,no_next_observation,1
strawberry_third,PF_0022105_01,PF_0022105|7566|2024-09-01,3,no_next_observation,1
strawberry_third,PF_0022105_01,PF_0022105|7566|2024-09-01,4,no_next_observation,1
strawberry_third,PF_0022105_01,PF_0022105|7566|2024-09-01,5,no_next_observation,1
strawberry_third,PF_0022105_01,PF_0022105|7566|2024-09-01,6,no_next_observation,1
strawberry_third,PF_0022105_01,PF_0022105|7566|2024-09-01,7,no_next_observation,1
strawberry_third,PF_0022105_01,PF_0022105|7566|2024-09-01,8,no_next_observation,1
strawberry_third,PF_0022105_01,PF_0022105|7566|2024-09-01,9,no_next_observation,1
strawberry_third,PF_0022105_01,PF_0022105|9021|2025-09-22,1,no_next_observation,1
strawberry_third,PF_0022105_01,PF_0022105|9021|2025-09-22,2,no_next_observation,1
strawberry_third,PF_0022105_01,PF_0022105|9021|2025-09-22,3,no_next_observation,1
strawberry_third,PF_0022105_01,PF_0022105|9021|2025-09-22,4,no_next_observation,1
strawberry_third,PF_0022105_01,PF_0022105|9021|2025-09-22,5,no_next_observation,1
strawberry_third,PF_0022105_01,PF_0022105|9021|2025-09-22,6,no_next_observation,1
strawberry_third,PF_0022105_01,PF_0022105|9021|2025-09-22,7,no_next_observation,1
strawberry_third,PF_0022105_01,PF_0022105|9021|2025-09-22,8,no_next_observation,1
strawberry_third,PF_0022105_01,PF_0022105|9021|2025-09-22,9,no_next_observation,1
strawberry_third,PF_0023621_01,PF_0023621|7565|2024-09-15,1,no_next_observation,1
strawberry_third,PF_0023621_01,PF_0023621|7565|2024-09-15,2,no_next_observation,1
strawberry_third,PF_0023621_01,PF_0023621|7565|2024-09-15,3,no_next_observation,1
strawberry_third,PF_0023621_01,PF_0023621|7565|2024-09-15,4,no_next_observation,1
strawberry_third,PF_0023621_01,PF_0023621|7565|2024-09-15,5,no_next_observation,1
strawberry_third,PF_0023621_01,PF_0023621|7565|2024-09-15,6,no_next_observation,1
strawberry_third,PF_0023621_01,PF_0023621|7565|2024-09-15,7,no_next_observation,1
strawberry_third,PF_0023621_01,PF_0023621|7565|2024-09-15,8,no_next_observation,1
strawberry_third,PF_0023621_01,PF_0023621|7565|2024-09-15,9,no_next_observation,1
strawberry_third,PF_0023732_01,PF_0023732|7564|2024-08-31,1,no_next_observation,1
strawberry_third,PF_0023732_01,PF_0023732|7564|2024-08-31,2,no_next_observation,1
strawberry_third,PF_0023732_01,PF_0023732|7564|2024-08-31,3,no_next_observation,1
strawberry_third,PF_0023732_01,PF_0023732|7564|2024-08-31,4,no_next_observation,1
strawberry_third,PF_0023732_01,PF_0023732|7564|2024-08-31,5,no_next_observation,1
strawberry_third,PF_0023732_01,PF_0023732|7564|2024-08-31,6,no_next_observation,1
strawberry_third,PF_0023732_01,PF_0023732|7564|2024-08-31,7,no_next_observation,1
strawberry_third,PF_0023732_01,PF_0023732|7564|2024-08-31,8,no_next_observation,1
strawberry_third,PF_0023732_01,PF_0023732|7564|2024-08-31,9,no_next_observation,1
strawberry_third,PF_0023732_01,PF_0023732|9011|2025-08-30,1,no_next_observation,1
strawberry_third,PF_0023732_01,PF_0023732|9011|2025-08-30,2,no_next_observation,1
strawberry_third,PF_0023732_01,PF_0023732|9011|2025-08-30,3,no_next_observation,1
strawberry_third,PF_0023732_01,PF_0023732|9011|2025-08-30,4,no_next_observation,1
strawberry_third,PF_0023732_01,PF_0023732|9011|2025-08-30,5,no_next_observation,1
strawberry_third,PF_0023732_01,PF_0023732|9011|2025-08-30,6,no_next_observation,1
strawberry_third,PF_0023732_01,PF_0023732|9011|2025-08-30,7,no_next_observation,1
strawberry_third,PF_0023732_01,PF_0023732|9011|2025-08-30,8,no_next_observation,1
strawberry_third,PF_0023732_01,PF_0023732|9011|2025-08-30,9,no_next_observation,1
strawberry_third,PF_0023743_01,PF_0023743|7559|2024-09-10,1,no_next_observation,1
strawberry_third,PF_0023743_01,PF_0023743|7559|2024-09-10,2,no_next_observation,1
strawberry_third,PF_0023743_01,PF_0023743|7559|2024-09-10,3,no_next_observation,1
strawberry_third,PF_0023743_01,PF_0023743|7559|2024-09-10,4,no_next_observation,1
strawberry_third,PF_0023743_01,PF_0023743|7559|2024-09-10,5,no_next_observation,1
strawberry_third,PF_0023743_01,PF_0023743|7559|2024-09-10,6,no_next_observation,1
strawberry_third,PF_0023743_01,PF_0023743|7559|2024-09-10,7,no_next_observation,1
strawberry_third,PF_0023743_01,PF_0023743|7559|2024-09-10,8,no_next_observation,1
strawberry_third,PF_0023743_01,PF_0023743|7559|2024-09-10,9,no_next_observation,1
strawberry_third,PF_0023743_01,PF_0023743|9008|2025-09-07,1,no_next_observation,1
strawberry_third,PF_0023743_01,PF_0023743|9008|2025-09-07,2,no_next_observation,1
strawberry_third,PF_0023743_01,PF_0023743|9008|2025-09-07,3,no_next_observation,1
strawberry_third,PF_0023743_01,PF_0023743|9008|2025-09-07,4,no_next_observation,1
strawberry_third,PF_0023743_01,PF_0023743|9008|2025-09-07,5,no_next_observation,1
strawberry_third,PF_0023743_01,PF_0023743|9008|2025-09-07,6,no_next_observation,1
strawberry_third,PF_0023743_01,PF_0023743|9008|2025-09-07,7,no_next_observation,1
strawberry_third,PF_0023743_01,PF_0023743|9008|2025-09-07,8,no_next_observation,1
strawberry_third,PF_0023743_01,PF_0023743|9008|2025-09-07,9,no_next_observation,1
strawberry_third,PF_0023923_01,PF_0023923|7562|2024-08-31,1,no_next_observation,1
strawberry_third,PF_0023923_01,PF_0023923|7562|2024-08-31,2,no_next_observation,1
strawberry_third,PF_0023923_01,PF_0023923|7562|2024-08-31,3,no_next_observation,1
strawberry_third,PF_0023923_01,PF_0023923|7562|2024-08-31,4,no_next_observation,1
strawberry_third,PF_0023923_01,PF_0023923|7562|2024-08-31,5,no_next_observation,1
strawberry_third,PF_0023923_01,PF_0023923|7562|2024-08-31,6,no_next_observation,1
strawberry_third,PF_0023923_01,PF_0023923|7562|2024-08-31,7,no_next_observation,1
strawberry_third,PF_0023923_01,PF_0023923|7562|2024-08-31,8,no_next_observation,1
strawberry_third,PF_0023923_01,PF_0023923|7562|2024-08-31,9,no_next_observation,1
strawberry_third,PF_0023923_01,PF_0023923|9036|2025-09-15,1,no_next_observation,1
strawberry_third,PF_0023923_01,PF_0023923|9036|2025-09-15,2,no_next_observation,1
strawberry_third,PF_0023923_01,PF_0023923|9036|2025-09-15,3,no_next_observation,1
strawberry_third,PF_0023923_01,PF_0023923|9036|2025-09-15,4,no_next_observation,1
strawberry_third,PF_0023923_01,PF_0023923|9036|2025-09-15,5,no_next_observation,1
strawberry_third,PF_0023923_01,PF_0023923|9036|2025-09-15,6,no_next_observation,1
strawberry_third,PF_0023923_01,PF_0023923|9036|2025-09-15,7,no_next_observation,1
strawberry_third,PF_0023923_01,PF_0023923|9036|2025-09-15,8,no_next_observation,1
strawberry_third,PF_0023923_01,PF_0023923|9036|2025-09-15,9,no_next_observation,1
strawberry_third,PF_0024357_01,PF_0024357|7560|2024-09-09,1,no_next_observation,1
strawberry_third,PF_0024357_01,PF_0024357|7560|2024-09-09,2,no_next_observation,1
strawberry_third,PF_0024357_01,PF_0024357|7560|2024-09-09,3,no_next_observation,1
strawberry_third,PF_0024357_01,PF_0024357|7560|2024-09-09,4,no_next_observation,1
strawberry_third,PF_0024357_01,PF_0024357|7560|2024-09-09,5,no_next_observation,1
strawberry_third,PF_0024357_01,PF_0024357|7560|2024-09-09,6,no_next_observation,1
strawberry_third,PF_0024357_01,PF_0024357|7560|2024-09-09,7,no_next_observation,1
strawberry_third,PF_0024357_01,PF_0024357|7560|2024-09-09,8,no_next_observation,1
strawberry_third,PF_0024357_01,PF_0024357|7560|2024-09-09,9,no_next_observation,1
strawberry_third,PF_0024357_01,PF_0024357|9037|2025-09-17,1,no_next_observation,1
strawberry_third,PF_0024357_01,PF_0024357|9037|2025-09-17,2,no_next_observation,1
strawberry_third,PF_0024357_01,PF_0024357|9037|2025-09-17,3,no_next_observation,1
strawberry_third,PF_0024357_01,PF_0024357|9037|2025-09-17,4,no_next_observation,1
strawberry_third,PF_0024357_01,PF_0024357|9037|2025-09-17,5,no_next_observation,1
strawberry_third,PF_0024357_01,PF_0024357|9037|2025-09-17,6,no_next_observation,1
strawberry_third,PF_0024357_01,PF_0024357|9037|2025-09-17,7,no_next_observation,1
strawberry_third,PF_0024357_01,PF_0024357|9037|2025-09-17,8,no_next_observation,1
strawberry_third,PF_0024357_01,PF_0024357|9037|2025-09-17,9,no_next_observation,1
strawberry_third,PF_0024365_01,PF_0024365|7561|2024-09-10,1,no_next_observation,1
strawberry_third,PF_0024365_01,PF_0024365|7561|2024-09-10,2,no_next_observation,1
strawberry_third,PF_0024365_01,PF_0024365|7561|2024-09-10,3,no_next_observation,1
strawberry_third,PF_0024365_01,PF_0024365|7561|2024-09-10,4,no_next_observation,1
strawberry_third,PF_0024365_01,PF_0024365|7561|2024-09-10,5,no_next_observation,1
strawberry_third,PF_0024365_01,PF_0024365|7561|2024-09-10,6,no_next_observation,1
strawberry_third,PF_0024365_01,PF_0024365|7561|2024-09-10,7,no_next_observation,1
strawberry_third,PF_0024365_01,PF_0024365|7561|2024-09-10,8,no_next_observation,1
strawberry_third,PF_0024365_01,PF_0024365|7561|2024-09-10,9,no_next_observation,1
strawberry_third,PF_0024651_01,PF_0024651|7538|2024-09-15,1,no_next_observation,1
strawberry_third,PF_0024651_01,PF_0024651|7538|2024-09-15,2,no_next_observation,1
strawberry_third,PF_0024651_01,PF_0024651|7538|2024-09-15,3,no_next_observation,1
strawberry_third,PF_0024651_01,PF_0024651|7538|2024-09-15,4,no_next_observation,1
strawberry_third,PF_0024651_01,PF_0024651|7538|2024-09-15,5,no_next_observation,1
strawberry_third,PF_0024651_01,PF_0024651|7538|2024-09-15,6,no_next_observation,1
strawberry_third,PF_0024651_01,PF_0024651|7538|2024-09-15,7,no_next_observation,1
strawberry_third,PF_0024651_01,PF_0024651|7538|2024-09-15,8,no_next_observation,1
strawberry_third,PF_0024651_01,PF_0024651|7538|2024-09-15,9,no_next_observation,1
strawberry_third,PF_0024654_01,PF_0024654|7527|2024-09-15,1,no_next_observation,1
strawberry_third,PF_0024654_01,PF_0024654|7527|2024-09-15,2,no_next_observation,1
strawberry_third,PF_0024654_01,PF_0024654|7527|2024-09-15,3,no_next_observation,1
strawberry_third,PF_0024654_01,PF_0024654|7527|2024-09-15,4,no_next_observation,1
strawberry_third,PF_0024654_01,PF_0024654|7527|2024-09-15,5,no_next_observation,1
strawberry_third,PF_0024654_01,PF_0024654|7527|2024-09-15,6,no_next_observation,1
strawberry_third,PF_0024654_01,PF_0024654|7527|2024-09-15,7,no_next_observation,1
strawberry_third,PF_0024654_01,PF_0024654|7527|2024-09-15,8,no_next_observation,1
strawberry_third,PF_0024654_01,PF_0024654|7527|2024-09-15,9,no_next_observation,1
strawberry_third,PF_0024655_01,PF_0024655|7533|2024-09-15,1,no_next_observation,1
strawberry_third,PF_0024655_01,PF_0024655|7533|2024-09-15,2,no_next_observation,1
strawberry_third,PF_0024655_01,PF_0024655|7533|2024-09-15,3,no_next_observation,1
strawberry_third,PF_0024655_01,PF_0024655|7533|2024-09-15,4,no_next_observation,1
strawberry_third,PF_0024655_01,PF_0024655|7533|2024-09-15,5,no_next_observation,1
strawberry_third,PF_0024655_01,PF_0024655|7533|2024-09-15,6,no_next_observation,1
strawberry_third,PF_0024655_01,PF_0024655|7533|2024-09-15,7,no_next_observation,1
strawberry_third,PF_0024655_01,PF_0024655|7533|2024-09-15,8,no_next_observation,1
strawberry_third,PF_0024655_01,PF_0024655|7533|2024-09-15,9,no_next_observation,1
strawberry_third,PF_0024688_01,PF_0024688|7558|2024-09-01,1,no_next_observation,1
strawberry_third,PF_0024688_01,PF_0024688|7558|2024-09-01,2,no_next_observation,1
strawberry_third,PF_0024688_01,PF_0024688|7558|2024-09-01,3,no_next_observation,1
strawberry_third,PF_0024688_01,PF_0024688|7558|2024-09-01,4,no_next_observation,1
strawberry_third,PF_0024688_01,PF_0024688|7558|2024-09-01,5,no_next_observation,1
strawberry_third,PF_0024688_01,PF_0024688|7558|2024-09-01,6,no_next_observation,1
strawberry_third,PF_0024688_01,PF_0024688|7558|2024-09-01,7,no_next_observation,1
strawberry_third,PF_0024688_01,PF_0024688|7558|2024-09-01,8,no_next_observation,1
strawberry_third,PF_0024688_01,PF_0024688|7558|2024-09-01,9,no_next_observation,1
strawberry_third,PF_0024688_01,PF_0024688|9042|2025-09-14,1,no_next_observation,1
strawberry_third,PF_0024688_01,PF_0024688|9042|2025-09-14,2,no_next_observation,1
strawberry_third,PF_0024688_01,PF_0024688|9042|2025-09-14,3,no_next_observation,1
strawberry_third,PF_0024688_01,PF_0024688|9042|2025-09-14,4,no_next_observation,1
strawberry_third,PF_0024688_01,PF_0024688|9042|2025-09-14,5,no_next_observation,1
strawberry_third,PF_0024688_01,PF_0024688|9042|2025-09-14,6,no_next_observation,1
strawberry_third,PF_0024688_01,PF_0024688|9042|2025-09-14,7,no_next_observation,1
strawberry_third,PF_0024688_01,PF_0024688|9042|2025-09-14,8,no_next_observation,1
strawberry_third,PF_0024688_01,PF_0024688|9042|2025-09-14,9,no_next_observation,1
strawberry_third,PF_0024700_01,PF_0024700|7546|2024-09-10,1,no_next_observation,1
strawberry_third,PF_0024700_01,PF_0024700|7546|2024-09-10,2,no_next_observation,1
strawberry_third,PF_0024700_01,PF_0024700|7546|2024-09-10,3,no_next_observation,1
strawberry_third,PF_0024700_01,PF_0024700|7546|2024-09-10,4,no_next_observation,1
strawberry_third,PF_0024700_01,PF_0024700|7546|2024-09-10,5,no_next_observation,1
strawberry_third,PF_0024700_01,PF_0024700|7546|2024-09-10,6,no_next_observation,1
strawberry_third,PF_0024700_01,PF_0024700|7546|2024-09-10,7,no_next_observation,1
strawberry_third,PF_0024700_01,PF_0024700|7546|2024-09-10,8,no_next_observation,1
strawberry_third,PF_0024700_01,PF_0024700|7546|2024-09-10,9,no_next_observation,1
strawberry_third,PF_0024806_01,PF_0024806|9046|2025-09-08,1,no_next_observation,1
strawberry_third,PF_0024806_01,PF_0024806|9046|2025-09-08,2,no_next_observation,1
strawberry_third,PF_0024806_01,PF_0024806|9046|2025-09-08,3,no_next_observation,1
strawberry_third,PF_0024806_01,PF_0024806|9046|2025-09-08,4,no_next_observation,1
strawberry_third,PF_0024806_01,PF_0024806|9046|2025-09-08,5,no_next_observation,1
strawberry_third,PF_0024806_01,PF_0024806|9046|2025-09-08,6,no_next_observation,1
strawberry_third,PF_0024806_01,PF_0024806|9046|2025-09-08,8,no_next_observation,1
strawberry_third,PF_0024806_01,PF_0024806|9046|2025-09-08,9,no_next_observation,1
strawberry_third,PF_0025103_01,PF_0025103|7521|2024-09-15,1,no_next_observation,1
strawberry_third,PF_0025103_01,PF_0025103|7521|2024-09-15,2,no_next_observation,1
strawberry_third,PF_0025103_01,PF_0025103|7521|2024-09-15,3,no_next_observation,1
strawberry_third,PF_0025103_01,PF_0025103|7521|2024-09-15,4,no_next_observation,1
strawberry_third,PF_0025103_01,PF_0025103|7521|2024-09-15,5,no_next_observation,1
strawberry_third,PF_0025103_01,PF_0025103|7521|2024-09-15,6,no_next_observation,1
strawberry_third,PF_0025103_01,PF_0025103|7521|2024-09-15,7,no_next_observation,1
strawberry_third,PF_0025103_01,PF_0025103|7521|2024-09-15,8,no_next_observation,1
strawberry_third,PF_0025103_01,PF_0025103|7521|2024-09-15,9,no_next_observation,1
strawberry_third,PF_0025106_01,PF_0025106|7518|2024-09-17,1,no_next_observation,1
strawberry_third,PF_0025106_01,PF_0025106|7518|2024-09-17,2,no_next_observation,1
strawberry_third,PF_0025106_01,PF_0025106|7518|2024-09-17,3,no_next_observation,1
strawberry_third,PF_0025106_01,PF_0025106|7518|2024-09-17,4,no_next_observation,1
strawberry_third,PF_0025106_01,PF_0025106|7518|2024-09-17,5,no_next_observation,1
strawberry_third,PF_0025106_01,PF_0025106|7518|2024-09-17,6,no_next_observation,1
strawberry_third,PF_0025106_01,PF_0025106|7518|2024-09-17,7,no_next_observation,1
strawberry_third,PF_0025106_01,PF_0025106|7518|2024-09-17,8,no_next_observation,1
strawberry_third,PF_0025106_01,PF_0025106|7518|2024-09-17,9,no_next_observation,1
strawberry_third,PF_0026933_01,PF_0026933|10659|2025-08-28,1,no_next_observation,1
strawberry_third,PF_0026933_01,PF_0026933|10659|2025-08-28,2,no_next_observation,1
strawberry_third,PF_0026933_01,PF_0026933|10659|2025-08-28,3,no_next_observation,1
strawberry_third,PF_0026933_01,PF_0026933|10659|2025-08-28,4,no_next_observation,1
strawberry_third,PF_0026933_01,PF_0026933|10659|2025-08-28,5,no_next_observation,1
strawberry_third,PF_0026933_01,PF_0026933|10659|2025-08-28,6,no_next_observation,1
strawberry_third,PF_0026933_01,PF_0026933|10659|2025-08-28,7,no_next_observation,1
strawberry_third,PF_0026933_01,PF_0026933|10659|2025-08-28,8,no_next_observation,1
strawberry_third,PF_0026933_01,PF_0026933|10659|2025-08-28,9,no_next_observation,1
