target,split,model,group_id,seed,variant,n,run_id,rmse,mae,r2,ccc,bias,p90_ae,within1
tomato_first,validation,poisson,VG_Flower_first_4b510f16_V2,52,raw,339,RUN_V2_f00686d8817fc08954af30aa,0.4162041057851835,0.09141498790493449,0.4363096389858715,0.49343430823722,-0.04864905010167081,0.04572706297039986,0.9734513274336283
tomato_first,validation,poisson,VG_Flower_first_4b510f16_V2,52,bounded,339,RUN_V2_f00686d8817fc08954af30aa,0.4162041057851835,0.09141498790493449,0.4363096389858715,0.49343430823722,-0.04864905010167081,0.04572706297039986,0.9734513274336283
tomato_first,validation,poisson,VG_Flower_first_4b510f16_V2,42,raw,339,RUN_V2_5a932b9246791cda5b1921aa,0.4162041057851835,0.09141498790493449,0.4363096389858715,0.49343430823722,-0.04864905010167081,0.04572706297039986,0.9734513274336283
tomato_first,validation,poisson,VG_Flower_first_4b510f16_V2,42,bounded,339,RUN_V2_5a932b9246791cda5b1921aa,0.4162041057851835,0.09141498790493449,0.4363096389858715,0.49343430823722,-0.04864905010167081,0.04572706297039986,0.9734513274336283
tomato_first,validation,poisson,VG_Flower_first_4b510f16_V2,62,raw,339,RUN_V2_23cfeabe2ee9dc378ef045d3,0.4162041057851835,0.09141498790493449,0.4363096389858715,0.49343430823722,-0.04864905010167081,0.04572706297039986,0.9734513274336283
tomato_first,validation,poisson,VG_Flower_first_4b510f16_V2,62,bounded,339,RUN_V2_23cfeabe2ee9dc378ef045d3,0.4162041057851835,0.09141498790493449,0.4363096389858715,0.49343430823722,-0.04864905010167081,0.04572706297039986,0.9734513274336283
tomato_first,validation,poisson,VG_Flower_first_4b510f16_V2,82,raw,339,RUN_V2_debdf3d9ec06b2a016311576,0.4162041057851835,0.09141498790493449,0.4363096389858715,0.49343430823722,-0.04864905010167081,0.04572706297039986,0.9734513274336283
tomato_first,validation,poisson,VG_Flower_first_4b510f16_V2,82,bounded,339,RUN_V2_debdf3d9ec06b2a016311576,0.4162041057851835,0.09141498790493449,0.4363096389858715,0.49343430823722,-0.04864905010167081,0.04572706297039986,0.9734513274336283
tomato_first,validation,poisson,VG_Flower_first_4b510f16_V2,72,raw,339,RUN_V2_7704f9eb538822b8a6e4018d,0.4162041057851835,0.09141498790493449,0.4363096389858715,0.49343430823722,-0.04864905010167081,0.04572706297039986,0.9734513274336283
tomato_first,validation,poisson,VG_Flower_first_4b510f16_V2,72,bounded,339,RUN_V2_7704f9eb538822b8a6e4018d,0.4162041057851835,0.09141498790493449,0.4363096389858715,0.49343430823722,-0.04864905010167081,0.04572706297039986,0.9734513274336283
tomato_first,validation,random_forest,VG_Flower_first_d0edfb3a_V2,52,raw,339,RUN_V2_e128f510ec94796e91afd9c3,0.3492072597724102,0.06567219141371786,0.6031792113820946,0.6713906318344887,-0.04902277884451261,0.004,0.9734513274336283
tomato_first,validation,random_forest,VG_Flower_first_d0edfb3a_V2,52,bounded,339,RUN_V2_e128f510ec94796e91afd9c3,0.3492072597724102,0.06567219141371786,0.6031792113820946,0.6713906318344887,-0.04902277884451261,0.004,0.9734513274336283
tomato_first,validation,random_forest,VG_Flower_first_d0edfb3a_V2,82,raw,339,RUN_V2_915b9868ea54ccf2bec5d139,0.3480703126627457,0.06528195479806072,0.6057589389622478,0.6741558170444218,-0.04912860352982136,0.0072303030303030305,0.9734513274336283
tomato_first,validation,random_forest,VG_Flower_first_d0edfb3a_V2,82,bounded,339,RUN_V2_915b9868ea54ccf2bec5d139,0.3480703126627457,0.06528195479806072,0.6057589389622478,0.6741558170444218,-0.04912860352982136,0.0072303030303030305,0.9734513274336283
tomato_first,validation,random_forest,VG_Flower_first_d0edfb3a_V2,42,raw,339,RUN_V2_ce956ddc3244823aecf325bc,0.35870060167359724,0.06808014000376984,0.581310472162605,0.6490100527705145,-0.05203549541928361,0.004821349206349206,0.9734513274336283
tomato_first,validation,random_forest,VG_Flower_first_d0edfb3a_V2,42,bounded,339,RUN_V2_ce956ddc3244823aecf325bc,0.35870060167359724,0.06808014000376984,0.581310472162605,0.6490100527705145,-0.05203549541928361,0.004821349206349206,0.9734513274336283
tomato_first,validation,random_forest,VG_Flower_first_d0edfb3a_V2,62,raw,339,RUN_V2_95a6e97c74891d9b1d5d70c9,0.3547940914467218,0.06716140639280742,0.5903804787208536,0.6580281471287112,-0.0500394198777704,0.00654920634920635,0.9734513274336283
tomato_first,validation,random_forest,VG_Flower_first_d0edfb3a_V2,62,bounded,339,RUN_V2_95a6e97c74891d9b1d5d70c9,0.3547940914467218,0.06716140639280742,0.5903804787208536,0.6580281471287112,-0.0500394198777704,0.00654920634920635,0.9734513274336283
tomato_first,validation,random_forest,VG_Flower_first_d0edfb3a_V2,72,raw,339,RUN_V2_f53a5ac719a75e0c3d05f00d,0.3520127674159222,0.06565452380581285,0.5967775358859052,0.6645933655287829,-0.05081621551919573,0.006428743961352658,0.9734513274336283
tomato_first,validation,random_forest,VG_Flower_first_d0edfb3a_V2,72,bounded,339,RUN_V2_f53a5ac719a75e0c3d05f00d,0.3520127674159222,0.06565452380581285,0.5967775358859052,0.6645933655287829,-0.05081621551919573,0.006428743961352658,0.9734513274336283
tomato_first,validation,catboost,VG_Flower_first_0fe0650e_V2,62,raw,339,RUN_V2_b9341efc13f8fa900a5d93eb,0.34257428065640444,0.07656365553347774,0.61811078181701,0.6843340089447459,-0.043448695872873755,0.08570051347001238,0.9734513274336283
tomato_first,validation,catboost,VG_Flower_first_0fe0650e_V2,62,bounded,339,RUN_V2_b9341efc13f8fa900a5d93eb,0.34257158899310575,0.0763020052182653,0.6181167829280829,0.6842902122081048,-0.04318704555766129,0.08570051347001238,0.9734513274336283
tomato_first,validation,catboost,VG_Flower_first_0fe0650e_V2,82,raw,339,RUN_V2_842caf8ebcb0c152bbb50f6a,0.3437680963946474,0.07876750197367786,0.6154445002962357,0.6811144938019984,-0.04141437789100936,0.07445305914736254,0.9734513274336283
tomato_first,validation,catboost,VG_Flower_first_0fe0650e_V2,82,bounded,339,RUN_V2_842caf8ebcb0c152bbb50f6a,0.3437659435806209,0.07833865567541587,0.6154493167634422,0.6810388210917548,-0.04098553159274734,0.07445305914736254,0.9734513274336283
tomato_first,validation,catboost,VG_Flower_first_0fe0650e_V2,52,raw,339,RUN_V2_bf2eef8bfb5d101152bb7a72,0.336377379860093,0.07259892937120004,0.631801974635168,0.6990475822287118,-0.04488474375212598,0.06439970675323761,0.9734513274336283
tomato_first,validation,catboost,VG_Flower_first_0fe0650e_V2,52,bounded,339,RUN_V2_bf2eef8bfb5d101152bb7a72,0.33637472046502626,0.07210610288551503,0.631807796549483,0.6989671004350125,-0.04439191726644095,0.06439970675323761,0.9734513274336283
tomato_first,validation,catboost,VG_Flower_first_0fe0650e_V2,72,raw,339,RUN_V2_776c41ca995c364d36038876,0.3425254760922781,0.07251556765236924,0.6182195851351286,0.6840335427613317,-0.04855985897688531,0.03548024734296737,0.9734513274336283
tomato_first,validation,catboost,VG_Flower_first_0fe0650e_V2,72,bounded,339,RUN_V2_776c41ca995c364d36038876,0.342519252014422,0.07166426952051531,0.618233459778637,0.6838874699314827,-0.04770856084503138,0.03548024734296737,0.9734513274336283
tomato_first,validation,catboost,VG_Flower_first_0fe0650e_V2,42,raw,339,RUN_V2_6715e3e5d5e2cabc9efeb932,0.3470872495467858,0.07638474326183264,0.6079827226577321,0.6754179986225043,-0.04739964400794574,0.046315192170820835,0.9734513274336283
tomato_first,validation,catboost,VG_Flower_first_0fe0650e_V2,42,bounded,339,RUN_V2_6715e3e5d5e2cabc9efeb932,0.34708090906991673,0.07573284614871094,0.6079970450148897,0.67530488153661,-0.04674774689482402,0.046315192170820835,0.9734513274336283
tomato_first,validation,mlp,VG_Flower_first_d0edfb3a_V2,62,raw,339,RUN_V2_9676228fd8a56ce9517c9dda,0.31332418094137987,0.06396807926352573,0.6805405685708799,0.7607915602644033,-0.024970019521922487,0.08564326167106628,0.9823008849557522
tomato_first,validation,mlp,VG_Flower_first_d0edfb3a_V2,62,bounded,339,RUN_V2_9676228fd8a56ce9517c9dda,0.3133236949532366,0.06377640556115492,0.6805415595788198,0.7607683945354609,-0.024778345819551684,0.08564326167106628,0.9823008849557522
tomato_first,validation,mlp,VG_Flower_first_d0edfb3a_V2,42,raw,339,RUN_V2_8eea62e7dfcf770b617ebce7,0.32084365470882525,0.0698317906278073,0.6650231473897175,0.7462852886703926,-0.024612508428483587,0.0888727530837059,0.9793510324483776
tomato_first,validation,mlp,VG_Flower_first_d0edfb3a_V2,42,bounded,339,RUN_V2_8eea62e7dfcf770b617ebce7,0.32083763476204974,0.06915456578575052,0.6650357175239625,0.7462024201339856,-0.023935283586426822,0.0888727530837059,0.9793510324483776
tomato_first,validation,mlp,VG_Flower_first_d0edfb3a_V2,82,raw,339,RUN_V2_7dfcf6bdbd847aff12294d54,0.3070011402370469,0.06500847152486487,0.6933041741426278,0.772196097235371,-0.021673373432945363,0.08307044953107834,0.9823008849557522
tomato_first,validation,mlp,VG_Flower_first_d0edfb3a_V2,82,bounded,339,RUN_V2_7dfcf6bdbd847aff12294d54,0.3070010951463772,0.06494967398236459,0.6933042642342748,0.7721892727267001,-0.021614575890445076,0.08307044953107834,0.9823008849557522
tomato_first,validation,mlp,VG_Flower_first_d0edfb3a_V2,72,raw,339,RUN_V2_be14c0763ae344578c6ff2f9,0.3261093295380902,0.06160570821205599,0.6539376637483045,0.7291564629581673,-0.038302377223484986,0.04527651518583298,0.9793510324483776
tomato_first,validation,mlp,VG_Flower_first_d0edfb3a_V2,72,bounded,339,RUN_V2_be14c0763ae344578c6ff2f9,0.32610303665975493,0.060751594355807896,0.6539510194359195,0.7290388997860904,-0.03744826336723689,0.04527651518583298,0.9793510324483776
tomato_first,validation,mlp,VG_Flower_first_d0edfb3a_V2,52,raw,339,RUN_V2_983c238f10e9f2a0503055b9,0.31372489992239266,0.061900206712406994,0.679722914999219,0.7542175331877422,-0.03024304406525111,0.05372103303670883,0.9823008849557522
tomato_first,validation,mlp,VG_Flower_first_d0edfb3a_V2,52,bounded,339,RUN_V2_983c238f10e9f2a0503055b9,0.31372486289130247,0.06186482528977338,0.6797229906081931,0.75421296462342,-0.030207662642617494,0.05372103303670883,0.9823008849557522
tomato_first,validation,tabm,VG_Flower_first_d0edfb3a_V2,42,raw,339,RUN_V2_bb98c3c39989f7b589a95208,0.2854252819852831,0.06131449026834483,0.7348981454907861,0.8109010379962319,-0.018119816040925153,0.08931464701890945,0.9823008849557522
tomato_first,validation,tabm,VG_Flower_first_d0edfb3a_V2,42,bounded,339,RUN_V2_bb98c3c39989f7b589a95208,0.285422821283456,0.0608220201213693,0.7349027164510127,0.8108577614128526,-0.017627345893949622,0.08931464701890945,0.9823008849557522
tomato_first,validation,tabm,VG_Flower_first_d0edfb3a_V2,82,raw,339,RUN_V2_2d48fd319efc5f8b002cd175,0.3011670361985242,0.07962627966880007,0.7048500198341361,0.8175228981022093,0.01371160622927907,0.12184107303619385,0.976401179941003
tomato_first,validation,tabm,VG_Flower_first_d0edfb3a_V2,82,bounded,339,RUN_V2_2d48fd319efc5f8b002cd175,0.3011670361985242,0.07962627966880007,0.7048500198341361,0.8175228981022093,0.01371160622927907,0.12184107303619385,0.976401179941003
tomato_first,validation,tabm,VG_Flower_first_d0edfb3a_V2,52,raw,339,RUN_V2_71db1a9bc620c60200acfa61,0.3161006863788072,0.0666590359489156,0.6748537376831408,0.7676705420544045,-0.025055482040590726,0.08615760505199432,0.9793510324483776
tomato_first,validation,tabm,VG_Flower_first_d0edfb3a_V2,52,bounded,339,RUN_V2_71db1a9bc620c60200acfa61,0.31606304191139967,0.0638028066495439,0.674931176483959,0.767384895481403,-0.02219925274121902,0.08615760505199432,0.9793510324483776
tomato_first,validation,tabm,VG_Flower_first_d0edfb3a_V2,72,raw,339,RUN_V2_4c4e2474759a8073f284db04,0.30824607310915714,0.06250427428194787,0.690811741226514,0.7639770846134261,-0.036871594231600455,0.07476145774126053,0.9793510324483776
tomato_first,validation,tabm,VG_Flower_first_d0edfb3a_V2,72,bounded,339,RUN_V2_4c4e2474759a8073f284db04,0.30820179515439405,0.05854684381215534,0.6909005614364991,0.7635351440646608,-0.03291416376180793,0.07476145774126053,0.9793510324483776
tomato_first,validation,tabm,VG_Flower_first_d0edfb3a_V2,62,raw,339,RUN_V2_22e1983f8b84403b4b420ddf,0.3176650305802154,0.0673044810502908,0.6716275550601647,0.7457730000839442,-0.029531993963659513,0.08274862170219421,0.9793510324483776
tomato_first,validation,tabm,VG_Flower_first_d0edfb3a_V2,62,bounded,339,RUN_V2_22e1983f8b84403b4b420ddf,0.31766227633988237,0.06682223294570405,0.6716332491884084,0.7457106707942094,-0.029049745859072756,0.08274862170219421,0.9793510324483776
tomato_first,validation,tft,VG_Flower_first_4b510f16_V2,62,raw,339,RUN_V2_bc8bd23401c19703ab02b80b,0.3300278788890045,0.07933699238528896,0.6455710855309068,0.7249961427310253,-0.07545304261038085,0.031531552970409396,0.976401179941003
tomato_first,validation,tft,VG_Flower_first_4b510f16_V2,62,bounded,339,RUN_V2_bc8bd23401c19703ab02b80b,0.3290814296590934,0.0555459005994431,0.647601022979839,0.7225965587786806,-0.051661950824535,0.0,0.976401179941003
tomato_first,validation,tft,VG_Flower_first_4b510f16_V2,82,raw,339,RUN_V2_ab5c0c48dd6db4c16dbe516c,0.3557444748470522,0.07306750676976544,0.5881830520782587,0.6893536435682542,-0.05606209343865206,0.02120592594146728,0.9734513274336283
tomato_first,validation,tft,VG_Flower_first_4b510f16_V2,82,bounded,339,RUN_V2_ab5c0c48dd6db4c16dbe516c,0.35553620690961935,0.06298124860521614,0.5886651012242698,0.6879629915322727,-0.04597583527410277,0.002926743030548084,0.9734513274336283
tomato_first,validation,tft,VG_Flower_first_4b510f16_V2,52,raw,339,RUN_V2_45c1dc966b4b0a33796e3276,0.3454466216383761,0.10124964735149282,0.6116799742311265,0.7022858532974224,-0.005246663207853087,0.09547082334756851,0.9734513274336283
tomato_first,validation,tft,VG_Flower_first_4b510f16_V2,52,bounded,339,RUN_V2_45c1dc966b4b0a33796e3276,0.3454466216383761,0.10124964735149282,0.6116799742311265,0.7022858532974224,-0.005246663207853087,0.09547082334756851,0.9734513274336283
tomato_first,validation,tft,VG_Flower_first_4b510f16_V2,72,raw,339,RUN_V2_53247e28c04479557a07eab3,0.3074039997343801,0.08801216561797798,0.6924987283170593,0.7660173129945077,-0.009598544455383379,0.04798639565706253,0.976401179941003
tomato_first,validation,tft,VG_Flower_first_4b510f16_V2,72,bounded,339,RUN_V2_53247e28c04479557a07eab3,0.3073357383974588,0.08800168418954607,0.6926352790280841,0.7661199058967397,-0.009588063026951478,0.04798639565706253,0.976401179941003
tomato_first,validation,tft,VG_Flower_first_4b510f16_V2,42,raw,339,RUN_V2_2344efd7e9cd014035b52baf,0.2782921037543985,0.055163589012218434,0.7479831052984576,0.8224760596279366,-0.034071214354231646,0.031390897929668427,0.9852507374631269
tomato_first,validation,tft,VG_Flower_first_4b510f16_V2,42,bounded,339,RUN_V2_2344efd7e9cd014035b52baf,0.27790954408942475,0.053859676616293845,0.7486755089314168,0.8228478981073701,-0.03276730195830705,0.031390897929668427,0.9852507374631269
tomato_first,validation,persistence,PERSISTENCE,42,raw,339,RUN_V2_4eb9be5b8c4b919305fd3344,0.41005071993639275,0.06784660766961652,0.4528542303771662,0.7440696149719871,0.008849557522123894,0.0,0.9823008849557522
tomato_first,validation,persistence,PERSISTENCE,42,bounded,339,RUN_V2_4eb9be5b8c4b919305fd3344,0.41005071993639275,0.06784660766961652,0.4528542303771662,0.7440696149719871,0.008849557522123894,0.0,0.9823008849557522
tomato_first,test,poisson,VG_Flower_first_4b510f16_V2,52,raw,323,RUN_V2_fb2d8220903b687b19e30545,0.3184926802517375,0.11544912245164946,-0.16577242268509762,0.38220054572947876,0.06378369918093085,0.2585236519575122,0.9721362229102167
tomato_first,test,poisson,VG_Flower_first_4b510f16_V2,52,bounded,323,RUN_V2_fb2d8220903b687b19e30545,0.3184926802517375,0.11544912245164946,-0.16577242268509762,0.38220054572947876,0.06378369918093085,0.2585236519575122,0.9721362229102167
tomato_first,test,poisson,VG_Flower_first_4b510f16_V2,72,raw,323,RUN_V2_48c50c28e966fd824476fb10,0.3184926802517375,0.11544912245164946,-0.16577242268509762,0.38220054572947876,0.06378369918093085,0.2585236519575122,0.9721362229102167
tomato_first,test,poisson,VG_Flower_first_4b510f16_V2,72,bounded,323,RUN_V2_48c50c28e966fd824476fb10,0.3184926802517375,0.11544912245164946,-0.16577242268509762,0.38220054572947876,0.06378369918093085,0.2585236519575122,0.9721362229102167
tomato_first,test,poisson,VG_Flower_first_4b510f16_V2,82,raw,323,RUN_V2_ec5cb76dffb684d7b09e1608,0.3184926802517375,0.11544912245164946,-0.16577242268509762,0.38220054572947876,0.06378369918093085,0.2585236519575122,0.9721362229102167
tomato_first,test,poisson,VG_Flower_first_4b510f16_V2,82,bounded,323,RUN_V2_ec5cb76dffb684d7b09e1608,0.3184926802517375,0.11544912245164946,-0.16577242268509762,0.38220054572947876,0.06378369918093085,0.2585236519575122,0.9721362229102167
tomato_first,test,poisson,VG_Flower_first_4b510f16_V2,42,raw,323,RUN_V2_d33bf184c3b0570b0f6467c0,0.3184926802517375,0.11544912245164946,-0.16577242268509762,0.38220054572947876,0.06378369918093085,0.2585236519575122,0.9721362229102167
tomato_first,test,poisson,VG_Flower_first_4b510f16_V2,42,bounded,323,RUN_V2_d33bf184c3b0570b0f6467c0,0.3184926802517375,0.11544912245164946,-0.16577242268509762,0.38220054572947876,0.06378369918093085,0.2585236519575122,0.9721362229102167
tomato_first,test,poisson,VG_Flower_first_4b510f16_V2,62,raw,323,RUN_V2_091ad5eb2aa4f075719c3031,0.3184926802517375,0.11544912245164946,-0.16577242268509762,0.38220054572947876,0.06378369918093085,0.2585236519575122,0.9721362229102167
tomato_first,test,poisson,VG_Flower_first_4b510f16_V2,62,bounded,323,RUN_V2_091ad5eb2aa4f075719c3031,0.3184926802517375,0.11544912245164946,-0.16577242268509762,0.38220054572947876,0.06378369918093085,0.2585236519575122,0.9721362229102167
tomato_first,test,random_forest,VG_Flower_first_d0edfb3a_V2,62,raw,323,RUN_V2_36643cdd1705171c3a174d2c,0.303708544612627,0.09422718083676028,-0.06005619287267572,0.4152256494978715,0.041822188954567366,0.27521022363257686,0.9721362229102167
tomato_first,test,random_forest,VG_Flower_first_d0edfb3a_V2,62,bounded,323,RUN_V2_36643cdd1705171c3a174d2c,0.303708544612627,0.09422718083676028,-0.06005619287267572,0.4152256494978715,0.041822188954567366,0.27521022363257686,0.9721362229102167
tomato_first,test,random_forest,VG_Flower_first_d0edfb3a_V2,42,raw,323,RUN_V2_2ec724c82a8a0245fb70d5e4,0.2953503317861666,0.09146932182960268,-0.0025124907299651777,0.40736785824599314,0.03430405148494306,0.2615351370851372,0.9721362229102167
tomato_first,test,random_forest,VG_Flower_first_d0edfb3a_V2,42,bounded,323,RUN_V2_2ec724c82a8a0245fb70d5e4,0.2953503317861666,0.09146932182960268,-0.0025124907299651777,0.40736785824599314,0.03430405148494306,0.2615351370851372,0.9721362229102167
tomato_first,test,random_forest,VG_Flower_first_d0edfb3a_V2,52,raw,323,RUN_V2_5278fd8d4fda45b207561b85,0.30759297159437443,0.0951937298977615,-0.08734580112625312,0.407065557466465,0.04229898934448366,0.28639932851543065,0.9721362229102167
tomato_first,test,random_forest,VG_Flower_first_d0edfb3a_V2,52,bounded,323,RUN_V2_5278fd8d4fda45b207561b85,0.30759297159437443,0.0951937298977615,-0.08734580112625312,0.407065557466465,0.04229898934448366,0.28639932851543065,0.9721362229102167
tomato_first,test,random_forest,VG_Flower_first_d0edfb3a_V2,72,raw,323,RUN_V2_bdbc4ae6804c8f64115b7af4,0.3008449009446406,0.09160327206790464,-0.04016006592225696,0.40706111494745045,0.035981216501101324,0.2295118326118327,0.9721362229102167
tomato_first,test,random_forest,VG_Flower_first_d0edfb3a_V2,72,bounded,323,RUN_V2_bdbc4ae6804c8f64115b7af4,0.3008449009446406,0.09160327206790464,-0.04016006592225696,0.40706111494745045,0.035981216501101324,0.2295118326118327,0.9721362229102167
tomato_first,test,random_forest,VG_Flower_first_d0edfb3a_V2,82,raw,323,RUN_V2_5373e030b9d0037aeec34fb8,0.3006047535487374,0.09258776430817102,-0.03850012730874197,0.40946434969409995,0.03783578857854334,0.2673992496392499,0.9721362229102167
tomato_first,test,random_forest,VG_Flower_first_d0edfb3a_V2,82,bounded,323,RUN_V2_5373e030b9d0037aeec34fb8,0.3006047535487374,0.09258776430817102,-0.03850012730874197,0.40946434969409995,0.03783578857854334,0.2673992496392499,0.9721362229102167
tomato_first,test,catboost,VG_Flower_first_0fe0650e_V2,52,raw,323,RUN_V2_9b47e483650595cfd948cee4,0.30094292411313794,0.10561553207337367,-0.040837999273785286,0.4362974699358239,0.049514347084725616,0.2636315958296611,0.9721362229102167
tomato_first,test,catboost,VG_Flower_first_0fe0650e_V2,52,bounded,323,RUN_V2_9b47e483650595cfd948cee4,0.3009067389254745,0.10282557780379642,-0.040587714910667705,0.43532430102176484,0.05230430135430287,0.2636315958296611,0.9721362229102167
tomato_first,test,catboost,VG_Flower_first_0fe0650e_V2,72,raw,323,RUN_V2_edad75b17d9af52f3de32524,0.30547372328335515,0.1092496505446685,-0.07241426685215102,0.41766021953666094,0.05270224355054344,0.2644674849649301,0.9721362229102167
tomato_first,test,catboost,VG_Flower_first_0fe0650e_V2,72,bounded,323,RUN_V2_edad75b17d9af52f3de32524,0.3054497720876861,0.10701381470743011,-0.07224610445372592,0.41684177543935297,0.05493807938778182,0.2644674849649301,0.9721362229102167
tomato_first,test,catboost,VG_Flower_first_0fe0650e_V2,62,raw,323,RUN_V2_3fd35a725c065a9cb5f80a2c,0.31075167606792414,0.11578080916199218,-0.10979260270912095,0.4181718787926617,0.061650805071898136,0.38690719564427245,0.9721362229102167
tomato_first,test,catboost,VG_Flower_first_0fe0650e_V2,62,bounded,323,RUN_V2_3fd35a725c065a9cb5f80a2c,0.3107288043664157,0.11347329987389615,-0.10962924454891754,0.417354931478969,0.06395831435999416,0.38690719564427245,0.9721362229102167
tomato_first,test,catboost,VG_Flower_first_0fe0650e_V2,82,raw,323,RUN_V2_5276e51cdfbd46e89f0d341b,0.32148412980742286,0.11791732733877375,-0.18777435313031177,0.37545755254014196,0.0590348780585068,0.28644329487892595,0.9659442724458205
tomato_first,test,catboost,VG_Flower_first_0fe0650e_V2,82,bounded,323,RUN_V2_5276e51cdfbd46e89f0d341b,0.3214721619077999,0.11622396198790923,-0.18768592015138164,0.37480155755516087,0.060728243409371344,0.28644329487892595,0.9659442724458205
tomato_first,test,catboost,VG_Flower_first_0fe0650e_V2,42,raw,323,RUN_V2_8aa8be082612787dc94fe00a,0.3072010908998191,0.10698276058954935,-0.0845769576863089,0.38809283643793674,0.047237616508927646,0.25929358853320095,0.9721362229102167
tomato_first,test,catboost,VG_Flower_first_0fe0650e_V2,42,bounded,323,RUN_V2_8aa8be082612787dc94fe00a,0.3071907017236558,0.10551981289371773,-0.08450360071670793,0.3874972939386975,0.04870056420475927,0.25929358853320095,0.9721362229102167
tomato_first,test,mlp,VG_Flower_first_d0edfb3a_V2,72,raw,323,RUN_V2_a39bb94bc21557f9098996b5,0.42512590411971474,0.13204166913785664,-1.0770645970563169,0.37192810842956314,0.09459879571837214,0.3696605980396273,0.934984520123839
tomato_first,test,mlp,VG_Flower_first_d0edfb3a_V2,72,bounded,323,RUN_V2_a39bb94bc21557f9098996b5,0.42497683291230964,0.12983448205850212,-1.0756081991371365,0.37176065157496035,0.09680598279772666,0.3696605980396273,0.9380804953560371
tomato_first,test,mlp,VG_Flower_first_d0edfb3a_V2,82,raw,323,RUN_V2_642c48f9e30b653836a74cb7,0.45371484706612336,0.1536648429053671,-1.3658153669378699,0.38589850688240707,0.12725311043692447,0.5942426800727856,0.9380804953560371
tomato_first,test,mlp,VG_Flower_first_d0edfb3a_V2,82,bounded,323,RUN_V2_642c48f9e30b653836a74cb7,0.453712133288771,0.1534058017189104,-1.365787066003909,0.38585138480750064,0.12751215162338117,0.5942426800727856,0.9380804953560371
tomato_first,test,mlp,VG_Flower_first_d0edfb3a_V2,42,raw,323,RUN_V2_14b61bf74af7f10787e2dfc5,0.42483679032956856,0.14551021466060504,-1.0742404745100753,0.3910020139976013,0.108218604352775,0.5505682229995728,0.9442724458204335
tomato_first,test,mlp,VG_Flower_first_d0edfb3a_V2,42,bounded,323,RUN_V2_14b61bf74af7f10787e2dfc5,0.42479432670243755,0.14147253436016224,-1.0738258429424508,0.39017496123898493,0.1122562846532178,0.5505682229995728,0.9442724458204335
tomato_first,test,mlp,VG_Flower_first_d0edfb3a_V2,52,raw,323,RUN_V2_7a241f32df9570539b8716e6,0.42563854417898583,0.14619038577534652,-1.082076893398276,0.38901124274324095,0.10681681874159135,0.5784362554550171,0.9411764705882353
tomato_first,test,mlp,VG_Flower_first_d0edfb3a_V2,52,bounded,323,RUN_V2_7a241f32df9570539b8716e6,0.42558971656292,0.1414633699038265,-1.0815992250979063,0.3880387101049349,0.11154383461311136,0.5784362554550171,0.9411764705882353
tomato_first,test,mlp,VG_Flower_first_d0edfb3a_V2,62,raw,323,RUN_V2_9d8ed6c587438bf93142feae,0.46012756719876236,0.15726651840673142,-1.433163950143625,0.3488906108480225,0.1245179172063206,0.5990021228790283,0.9256965944272446
tomato_first,test,mlp,VG_Flower_first_d0edfb3a_V2,62,bounded,323,RUN_V2_9d8ed6c587438bf93142feae,0.4601178570481954,0.15588168122866206,-1.433061256279148,0.3486081693018598,0.12590275438438997,0.5990021228790283,0.9256965944272446
tomato_first,test,tabm,VG_Flower_first_d0edfb3a_V2,42,raw,323,RUN_V2_f71c1e1360ce7e08be3185cd,0.45321300204974446,0.1530127931925419,-1.3605846981605638,0.38665450708571075,0.12434109835452963,0.48520903587341374,0.9411764705882353
tomato_first,test,tabm,VG_Flower_first_d0edfb3a_V2,42,bounded,323,RUN_V2_f71c1e1360ce7e08be3185cd,0.45319647902170623,0.1518997883517151,-1.3604125791084494,0.3864571459295958,0.12545410319535644,0.48520903587341374,0.9411764705882353
tomato_first,test,tabm,VG_Flower_first_d0edfb3a_V2,62,raw,323,RUN_V2_b4f755b01ea0bac1f1621240,0.4397855059563052,0.15362001612624615,-1.2227810756490762,0.37399485554289913,0.11912463690552878,0.40125397443771366,0.9442724458204335
tomato_first,test,tabm,VG_Flower_first_d0edfb3a_V2,62,bounded,323,RUN_V2_b4f755b01ea0bac1f1621240,0.4397755011977277,0.15186367025069067,-1.2226799439165434,0.37363068567503116,0.12088098278108425,0.40125397443771366,0.9442724458204335
tomato_first,test,tabm,VG_Flower_first_d0edfb3a_V2,52,raw,323,RUN_V2_2dc444f0251d43ba90fc9feb,0.5283359328233626,0.18258533539861763,-2.2080059382172017,0.2597324517890477,0.1337422791784831,0.4560893416404727,0.9318885448916409
tomato_first,test,tabm,VG_Flower_first_d0edfb3a_V2,52,bounded,323,RUN_V2_2dc444f0251d43ba90fc9feb,0.528237603658446,0.17502415562538723,-2.2068119585089563,0.2582379355393108,0.1413034589517135,0.4560893416404727,0.9318885448916409
tomato_first,test,tabm,VG_Flower_first_d0edfb3a_V2,82,raw,323,RUN_V2_8e1eebd62f9376be14d04ddb,0.5689397448526814,0.20585777535140745,-2.7200383202183724,0.2602090944580066,0.17655033440164783,0.4980001151561737,0.9318885448916409
tomato_first,test,tabm,VG_Flower_first_d0edfb3a_V2,82,bounded,323,RUN_V2_8e1eebd62f9376be14d04ddb,0.5689385737352891,0.20579354402871555,-2.720023005425788,0.2601984551097694,0.17661456572433973,0.4980001151561737,0.9318885448916409
tomato_first,test,tabm,VG_Flower_first_d0edfb3a_V2,72,raw,323,RUN_V2_aaa66962247fe7207efa3168,0.41587313187891106,0.13714904688016133,-0.9876348018386085,0.3929667280499791,0.10031358911526092,0.37453489303588927,0.9442724458204335
tomato_first,test,tabm,VG_Flower_first_d0edfb3a_V2,72,bounded,323,RUN_V2_aaa66962247fe7207efa3168,0.41583375195083777,0.13504041379228257,-0.9872583927675884,0.3925386072660109,0.10242222220313969,0.37453489303588927,0.9442724458204335
tomato_first,test,tft,VG_Flower_first_4b510f16_V2,52,raw,323,RUN_V2_bc49255cbe3e65f503beedb8,0.46968946758797003,0.1768428513278533,-1.5353417577254032,0.3457903356575339,0.15036118646432003,0.4623241424560547,0.9287925696594427
tomato_first,test,tft,VG_Flower_first_4b510f16_V2,52,bounded,323,RUN_V2_bc49255cbe3e65f503beedb8,0.4696620720998185,0.17627456918035866,-1.5350460095586826,0.34570064943099,0.15092946861181467,0.4623241424560547,0.9287925696594427
tomato_first,test,tft,VG_Flower_first_4b510f16_V2,72,raw,323,RUN_V2_3d45028af3088d9de17d51be,0.5105746434277542,0.19330448623827368,-1.995941657266533,0.31202223067679746,0.15628924528742352,0.5459485530853279,0.9195046439628483
tomato_first,test,tft,VG_Flower_first_4b510f16_V2,72,bounded,323,RUN_V2_3d45028af3088d9de17d51be,0.5101012358937768,0.19128052510851676,-1.9903885267228842,0.31269504746259774,0.15831320641718044,0.5459485530853279,0.9226006191950464
tomato_first,test,tft,VG_Flower_first_4b510f16_V2,82,raw,323,RUN_V2_bfa458370b2785e7b579b43a,0.4579447337750233,0.1432814049093347,-1.4101329739756627,0.3404479665730243,0.08221650169729817,0.2939242720603943,0.9380804953560371
tomato_first,test,tft,VG_Flower_first_4b510f16_V2,82,bounded,323,RUN_V2_bfa458370b2785e7b579b43a,0.4576295713778652,0.12995058067442833,-1.4068167576162205,0.3378322554231113,0.09554732593220454,0.2939242720603943,0.9380804953560371
tomato_first,test,tft,VG_Flower_first_4b510f16_V2,62,raw,323,RUN_V2_d722bd6b87d7833b9131150a,0.4295269565550466,0.14161555892312122,-1.120292200603866,0.32847283400256644,0.05817775860797879,0.11398840844631197,0.9318885448916409
tomato_first,test,tft,VG_Flower_first_4b510f16_V2,62,bounded,323,RUN_V2_d722bd6b87d7833b9131150a,0.4287543477916913,0.12079206709937415,-1.112671337704981,0.32417140549606344,0.07900125043172586,0.11398840844631197,0.934984520123839
tomato_first,test,tft,VG_Flower_first_4b510f16_V2,42,raw,323,RUN_V2_61c0bc95bc8537bd103c1899,0.42829488344075584,0.131702590802967,-1.1081457763540326,0.3916023634973547,0.09235389356504284,0.19348886013031028,0.9473684210526315
tomato_first,test,tft,VG_Flower_first_4b510f16_V2,42,bounded,323,RUN_V2_61c0bc95bc8537bd103c1899,0.4279634799159056,0.12801891008259342,-1.1048845809921493,0.3911875664674048,0.09603757428541641,0.19348886013031028,0.9473684210526315
tomato_first,test,persistence,PERSISTENCE,42,raw,323,RUN_V2_f74c1a25bf925324875ddb73,0.6044212747739616,0.15479876160990713,-3.1985018726591763,0.28825396825396826,0.13003095975232198,0.0,0.9628482972136223
tomato_first,test,persistence,PERSISTENCE,42,bounded,323,RUN_V2_f74c1a25bf925324875ddb73,0.6044212747739616,0.15479876160990713,-3.1985018726591763,0.28825396825396826,0.13003095975232198,0.0,0.9628482972136223
tomato_second,validation,poisson,VG_Flower_second_107ba7eb_V2,62,raw,336,RUN_V2_90128e3175891e5f83ab8631,0.3465185081576565,0.12814125699722873,0.5088407305771476,0.6810252421649772,0.015619851155428304,0.09021809697151184,0.9732142857142857
tomato_second,validation,poisson,VG_Flower_second_107ba7eb_V2,62,bounded,336,RUN_V2_90128e3175891e5f83ab8631,0.3465185081576565,0.12814125699722873,0.5088407305771476,0.6810252421649772,0.015619851155428304,0.09021809697151184,0.9732142857142857
tomato_second,validation,poisson,VG_Flower_second_107ba7eb_V2,42,raw,336,RUN_V2_8dbc7ad5072a1cfb53e5f3ff,0.3465185081576565,0.12814125699722873,0.5088407305771476,0.6810252421649772,0.015619851155428304,0.09021809697151184,0.9732142857142857
tomato_second,validation,poisson,VG_Flower_second_107ba7eb_V2,42,bounded,336,RUN_V2_8dbc7ad5072a1cfb53e5f3ff,0.3465185081576565,0.12814125699722873,0.5088407305771476,0.6810252421649772,0.015619851155428304,0.09021809697151184,0.9732142857142857
tomato_second,validation,poisson,VG_Flower_second_107ba7eb_V2,72,raw,336,RUN_V2_b406a710a437da99a5ee5094,0.3465185081576565,0.12814125699722873,0.5088407305771476,0.6810252421649772,0.015619851155428304,0.09021809697151184,0.9732142857142857
tomato_second,validation,poisson,VG_Flower_second_107ba7eb_V2,72,bounded,336,RUN_V2_b406a710a437da99a5ee5094,0.3465185081576565,0.12814125699722873,0.5088407305771476,0.6810252421649772,0.015619851155428304,0.09021809697151184,0.9732142857142857
tomato_second,validation,poisson,VG_Flower_second_107ba7eb_V2,82,raw,336,RUN_V2_76dcd4a112fd0ab99fc14035,0.3465185081576565,0.12814125699722873,0.5088407305771476,0.6810252421649772,0.015619851155428304,0.09021809697151184,0.9732142857142857
tomato_second,validation,poisson,VG_Flower_second_107ba7eb_V2,82,bounded,336,RUN_V2_76dcd4a112fd0ab99fc14035,0.3465185081576565,0.12814125699722873,0.5088407305771476,0.6810252421649772,0.015619851155428304,0.09021809697151184,0.9732142857142857
tomato_second,validation,poisson,VG_Flower_second_107ba7eb_V2,52,raw,336,RUN_V2_0baaf9a0641ca1571d68e46f,0.3465185081576565,0.12814125699722873,0.5088407305771476,0.6810252421649772,0.015619851155428304,0.09021809697151184,0.9732142857142857
tomato_second,validation,poisson,VG_Flower_second_107ba7eb_V2,52,bounded,336,RUN_V2_0baaf9a0641ca1571d68e46f,0.3465185081576565,0.12814125699722873,0.5088407305771476,0.6810252421649772,0.015619851155428304,0.09021809697151184,0.9732142857142857
tomato_second,validation,random_forest,VG_Flower_second_0fe0650e_V2,72,raw,336,RUN_V2_de42ce2b51c988fac77154c7,0.2646274414951778,0.07487848780544333,0.713556330560954,0.8621515631816553,0.012791460355257744,0.1441661753055924,0.9851190476190477
tomato_second,validation,random_forest,VG_Flower_second_0fe0650e_V2,72,bounded,336,RUN_V2_de42ce2b51c988fac77154c7,0.2646274414951778,0.07487848780544333,0.713556330560954,0.8621515631816553,0.012791460355257744,0.1441661753055924,0.9851190476190477
tomato_second,validation,random_forest,VG_Flower_second_0fe0650e_V2,82,raw,336,RUN_V2_8540f9e84e81e5cd099541a7,0.2648406871674714,0.07310741544252189,0.713094492711993,0.8629239978304518,0.011290374281822977,0.10971585394896739,0.9851190476190477
tomato_second,validation,random_forest,VG_Flower_second_0fe0650e_V2,82,bounded,336,RUN_V2_8540f9e84e81e5cd099541a7,0.2648406871674714,0.07310741544252189,0.713094492711993,0.8629239978304518,0.011290374281822977,0.10971585394896739,0.9851190476190477
tomato_second,validation,random_forest,VG_Flower_second_0fe0650e_V2,42,raw,336,RUN_V2_3552a02985959ca68827b351,0.26949884364682447,0.0751073356552804,0.7029132485880931,0.8616708612133334,0.01523645166317828,0.1020814524493505,0.9851190476190477
tomato_second,validation,random_forest,VG_Flower_second_0fe0650e_V2,42,bounded,336,RUN_V2_3552a02985959ca68827b351,0.26949884364682447,0.0751073356552804,0.7029132485880931,0.8616708612133334,0.01523645166317828,0.1020814524493505,0.9851190476190477
tomato_second,validation,random_forest,VG_Flower_second_0fe0650e_V2,62,raw,336,RUN_V2_4ee1a2fbd60fd3467f1aba8c,0.2667062989130366,0.07643146047567123,0.7090381709260846,0.8567045532184249,0.012730894731841379,0.12116129656221336,0.9851190476190477
tomato_second,validation,random_forest,VG_Flower_second_0fe0650e_V2,62,bounded,336,RUN_V2_4ee1a2fbd60fd3467f1aba8c,0.2667062989130366,0.07643146047567123,0.7090381709260846,0.8567045532184249,0.012730894731841379,0.12116129656221336,0.9851190476190477
tomato_second,validation,random_forest,VG_Flower_second_0fe0650e_V2,52,raw,336,RUN_V2_1ca6971eddae8a8759669b8d,0.26023870067629684,0.07358314754515498,0.7229786530653489,0.8655188737635612,0.011608791760248847,0.11520964758201077,0.9851190476190477
tomato_second,validation,random_forest,VG_Flower_second_0fe0650e_V2,52,bounded,336,RUN_V2_1ca6971eddae8a8759669b8d,0.26023870067629684,0.07358314754515498,0.7229786530653489,0.8655188737635612,0.011608791760248847,0.11520964758201077,0.9851190476190477
tomato_second,validation,catboost,VG_Flower_second_0fe0650e_V2,82,raw,336,RUN_V2_eeee3d68dc0a660d7e4d588c,0.254472120874193,0.0898954132109244,0.7351195585551344,0.832498153835362,0.0009912586672641925,0.1362517440494791,0.9821428571428571
tomato_second,validation,catboost,VG_Flower_second_0fe0650e_V2,82,bounded,336,RUN_V2_eeee3d68dc0a660d7e4d588c,0.25445851051432933,0.08932262683768026,0.7351478918885246,0.8324598773864,0.0015640450405083196,0.1362517440494791,0.9821428571428571
tomato_second,validation,catboost,VG_Flower_second_0fe0650e_V2,42,raw,336,RUN_V2_c1eb5bf87467476bfbcfc497,0.24133445146896737,0.07446108381056415,0.7617635988180418,0.8650401487458473,-0.0013849682432346068,0.12909950750555418,0.9851190476190477
tomato_second,validation,catboost,VG_Flower_second_0fe0650e_V2,42,bounded,336,RUN_V2_c1eb5bf87467476bfbcfc497,0.24133021146831476,0.07416835755747744,0.7617719698866308,0.8650248009558617,-0.0010922419901479052,0.12909950750555418,0.9880952380952381
tomato_second,validation,catboost,VG_Flower_second_0fe0650e_V2,72,raw,336,RUN_V2_6acc4ff2c875cd321b3a38e4,0.251459707906586,0.08005654885692562,0.7413536904078347,0.8504945442194406,-0.0012815594805994342,0.1495886244024959,0.9702380952380952
tomato_second,validation,catboost,VG_Flower_second_0fe0650e_V2,72,bounded,336,RUN_V2_6acc4ff2c875cd321b3a38e4,0.25139590001467804,0.07951792523072047,0.7414849367375045,0.8505288415114154,-0.0007429358543942922,0.1495886244024959,0.9821428571428571
tomato_second,validation,catboost,VG_Flower_second_0fe0650e_V2,62,raw,336,RUN_V2_ab33cf471e9cae596684e2b8,0.24847066826948647,0.0840857156766786,0.747466075003216,0.8564950283599487,0.005859847168971843,0.2006360234978296,0.9851190476190477
tomato_second,validation,catboost,VG_Flower_second_0fe0650e_V2,62,bounded,336,RUN_V2_ab33cf471e9cae596684e2b8,0.24846233236402696,0.08363049789164746,0.7474830191650917,0.8564707311525775,0.006315064954002967,0.2006360234978296,0.9851190476190477
tomato_second,validation,catboost,VG_Flower_second_0fe0650e_V2,52,raw,336,RUN_V2_3070d4e8ca29a0709f628eaa,0.24004702500661249,0.07986465991560972,0.764298618169455,0.8577582834203193,-0.0018892421885041177,0.10395168249971766,0.9851190476190477
tomato_second,validation,catboost,VG_Flower_second_0fe0650e_V2,52,bounded,336,RUN_V2_3070d4e8ca29a0709f628eaa,0.24004680035786252,0.07980751957298342,0.7642990593329813,0.8577542123648403,-0.0018321018458778275,0.10395168249971766,0.9851190476190477
tomato_second,validation,mlp,VG_Flower_second_0fe0650e_V2,62,raw,336,RUN_V2_91667a87a1888e23423f970c,0.2821625505203208,0.06931913261567908,0.6743371513691411,0.8493382782344329,-0.0005908217170231399,0.01698770746588707,0.9821428571428571
tomato_second,validation,mlp,VG_Flower_second_0fe0650e_V2,62,bounded,336,RUN_V2_91667a87a1888e23423f970c,0.28213459198262963,0.06829649344130996,0.674401685843447,0.8493011418976742,0.00043181745734597953,0.014417063444852829,0.9821428571428571
tomato_second,validation,mlp,VG_Flower_second_0fe0650e_V2,52,raw,336,RUN_V2_1bd2d53dd88fda10f9e71a58,0.2820235726130079,0.06636104435615596,0.6746578799337051,0.8485064796957975,-0.008247758173162029,0.026026420295238495,0.9821428571428571
tomato_second,validation,mlp,VG_Flower_second_0fe0650e_V2,52,bounded,336,RUN_V2_1bd2d53dd88fda10f9e71a58,0.2819936704598574,0.06503560409570734,0.6747268664660833,0.8484548477990159,-0.006922317912713403,0.026026420295238495,0.9851190476190477
tomato_second,validation,mlp,VG_Flower_second_0fe0650e_V2,82,raw,336,RUN_V2_984887c471b55b8cf4dbb857,0.2745845865065768,0.06251550947074845,0.6915947356770169,0.8510285517652677,-0.008155373708827287,0.003724502632394433,0.9821428571428571
tomato_second,validation,mlp,VG_Flower_second_0fe0650e_V2,82,bounded,336,RUN_V2_984887c471b55b8cf4dbb857,0.27458444695449286,0.06249661991092753,0.6915950491584614,0.8510274891914662,-0.008136484149006373,0.003724502632394433,0.9821428571428571
tomato_second,validation,mlp,VG_Flower_second_0fe0650e_V2,72,raw,336,RUN_V2_f7ddbc4148c7d1d631cbf5f4,0.30321289674974333,0.07522611954759452,0.6239333584406408,0.8385806395170253,0.009341003689249712,0.018640711903572083,0.9791666666666666
tomato_second,validation,mlp,VG_Flower_second_0fe0650e_V2,72,bounded,336,RUN_V2_f7ddbc4148c7d1d631cbf5f4,0.3032121682673521,0.07509401032058079,0.6239351654719391,0.8385732664746565,0.00947311291626344,0.018640711903572083,0.9791666666666666
tomato_second,validation,mlp,VG_Flower_second_0fe0650e_V2,42,raw,336,RUN_V2_ffd8f30773777ec85bded419,0.2865141262354337,0.06637736981169187,0.6642147994081185,0.8401755137478272,-0.008659346115088002,0.010439724661409855,0.9791666666666666
tomato_second,validation,mlp,VG_Flower_second_0fe0650e_V2,42,bounded,336,RUN_V2_ffd8f30773777ec85bded419,0.2865119897957782,0.06607979199283623,0.6642198070644811,0.8401576719219446,-0.008361768296232358,0.010439724661409855,0.9791666666666666
tomato_second,validation,tabm,VG_Flower_second_0fe0650e_V2,82,raw,336,RUN_V2_f0f1a29ba0eec5d2f346415f,0.29726333663410714,0.08627147752641966,0.638546720776185,0.8435783296022047,0.022556311973381697,0.062166810035705566,0.9821428571428571
tomato_second,validation,tabm,VG_Flower_second_0fe0650e_V2,82,bounded,336,RUN_V2_f0f1a29ba0eec5d2f346415f,0.2972434046265602,0.08519933517007823,0.638595191253805,0.8435323902271483,0.023628454329723138,0.062166810035705566,0.9821428571428571
tomato_second,validation,tabm,VG_Flower_second_0fe0650e_V2,62,raw,336,RUN_V2_e049947bdfa62133036ae7c5,0.2494349469838907,0.08265864853525445,0.7455021763284067,0.8683929680222481,-0.03309035064497342,0.05749955773353577,0.9642857142857143
tomato_second,validation,tabm,VG_Flower_second_0fe0650e_V2,62,bounded,336,RUN_V2_e049947bdfa62133036ae7c5,0.24690544867633824,0.060415944270235264,0.7506376852549177,0.8695144026093344,-0.010847646379954227,0.0408110823482275,0.9791666666666666
tomato_second,validation,tabm,VG_Flower_second_0fe0650e_V2,52,raw,336,RUN_V2_cdcfccc6937082fbf08acf55,0.28022393927265554,0.10307332672389402,0.6787967428786562,0.7670023882187852,-0.0007558494856181953,0.153652161359787,0.9851190476190477
tomato_second,validation,tabm,VG_Flower_second_0fe0650e_V2,52,bounded,336,RUN_V2_cdcfccc6937082fbf08acf55,0.28022393927265554,0.10307332672389402,0.6787967428786562,0.7670023882187852,-0.0007558494856181953,0.153652161359787,0.9851190476190477
tomato_second,validation,tabm,VG_Flower_second_0fe0650e_V2,72,raw,336,RUN_V2_ca1f6ff8c3a295029c73dc9b,0.26233969642309024,0.07667711610944632,0.7184876215945517,0.8412402676451948,-0.027733498460812762,0.10049592703580856,0.9791666666666666
tomato_second,validation,tabm,VG_Flower_second_0fe0650e_V2,72,bounded,336,RUN_V2_ca1f6ff8c3a295029c73dc9b,0.25831523999023265,0.06464881204980581,0.7270585268299661,0.8445972060572347,-0.015705194401172257,0.03426307067275047,0.9851190476190477
tomato_second,validation,tabm,VG_Flower_second_0fe0650e_V2,42,raw,336,RUN_V2_88b9c3ec13499e6f825be81e,0.28126787402764925,0.08488877602143302,0.6763990902782626,0.85057372917754,0.015022530092946476,0.07317647337913513,0.9791666666666666
tomato_second,validation,tabm,VG_Flower_second_0fe0650e_V2,42,bounded,336,RUN_V2_88b9c3ec13499e6f825be81e,0.2809567285554983,0.08281838376673736,0.6771146449216174,0.8507572763457804,0.017092922347642127,0.07317647337913513,0.9821428571428571
tomato_second,validation,tft,VG_Flower_second_0fe0650e_V2,42,raw,336,RUN_V2_4c6d15ba41f64454f3681356,0.2565089924856331,0.07074067923462107,0.7308622220738448,0.8803549980431319,-0.010427422954567842,0.03505365550518036,0.9702380952380952
tomato_second,validation,tft,VG_Flower_second_0fe0650e_V2,42,bounded,336,RUN_V2_4c6d15ba41f64454f3681356,0.2549381960505231,0.060391146556607316,0.7341483931990884,0.8812891320121554,-7.789027655408496e-05,0.029638707637786865,0.9851190476190477
tomato_second,validation,tft,VG_Flower_second_0fe0650e_V2,72,raw,336,RUN_V2_f5127c98ec2d1cbea2b406f2,0.2821187142536339,0.07557362706090014,0.6744383322985138,0.846714705103588,0.00033191717895013947,0.03537369892001152,0.9821428571428571
tomato_second,validation,tft,VG_Flower_second_0fe0650e_V2,72,bounded,336,RUN_V2_f5127c98ec2d1cbea2b406f2,0.2820427166161974,0.07233976852148771,0.6746137094275348,0.8465798556443257,0.0035657757183625584,0.03537369892001152,0.9821428571428571
tomato_second,validation,tft,VG_Flower_second_0fe0650e_V2,82,raw,336,RUN_V2_6e9743c1171fb74aa9f05df7,0.31871409766839337,0.08207602209101121,0.5844990503031932,0.6941856071597242,-0.05525173836698135,0.03660742938518524,0.9821428571428571
tomato_second,validation,tft,VG_Flower_second_0fe0650e_V2,82,bounded,336,RUN_V2_6e9743c1171fb74aa9f05df7,0.31838993111566977,0.07291489515808366,0.5853438388683514,0.6928102598175796,-0.04609061143405381,0.03615838289260864,0.9821428571428571
tomato_second,validation,tft,VG_Flower_second_0fe0650e_V2,52,raw,336,RUN_V2_a033668e9b81fe3c3ada1af3,0.2819437647021313,0.11796215623395429,0.6748419865377839,0.8504729231441831,-0.0652778010172326,0.11830002814531326,0.9672619047619048
tomato_second,validation,tft,VG_Flower_second_0fe0650e_V2,52,bounded,336,RUN_V2_a033668e9b81fe3c3ada1af3,0.27142182834700784,0.060726115790506206,0.6986584512340815,0.857000777403014,-0.00804176057378451,0.0,0.9821428571428571
tomato_second,validation,tft,VG_Flower_second_0fe0650e_V2,62,raw,336,RUN_V2_3c3176055bc272cd52bf11a6,0.2545370189582425,0.07944730273447931,0.7349844362862786,0.8676782571046036,0.010264882208069875,0.07391956448554993,0.9821428571428571
tomato_second,validation,tft,VG_Flower_second_0fe0650e_V2,62,bounded,336,RUN_V2_3c3176055bc272cd52bf11a6,0.2544703176012695,0.07777583165582092,0.735123312601228,0.8676415982070342,0.011936353286728263,0.07391956448554993,0.9821428571428571
tomato_second,validation,persistence,PERSISTENCE,42,raw,336,RUN_V2_f1e33082d886368ce0d29a71,0.41904085492376286,0.09821428571428571,0.2817391304347825,0.6762054096432774,0.01488095238095238,0.0,0.9732142857142857
tomato_second,validation,persistence,PERSISTENCE,42,bounded,336,RUN_V2_f1e33082d886368ce0d29a71,0.41904085492376286,0.09821428571428571,0.2817391304347825,0.6762054096432774,0.01488095238095238,0.0,0.9732142857142857
tomato_second,test,poisson,VG_Flower_second_107ba7eb_V2,62,raw,300,RUN_V2_8cabb872d61451acf9efacaa,0.4598016552382412,0.17910759470115106,-1.319305289417891,0.3244381914131112,0.1517388846601049,0.2120841875672341,0.95
tomato_second,test,poisson,VG_Flower_second_107ba7eb_V2,62,bounded,300,RUN_V2_8cabb872d61451acf9efacaa,0.4598016552382412,0.17910759470115106,-1.319305289417891,0.3244381914131112,0.1517388846601049,0.2120841875672341,0.95
tomato_second,test,poisson,VG_Flower_second_107ba7eb_V2,82,raw,300,RUN_V2_24fed2bf3959fe7457ee56ca,0.4598016552382412,0.17910759470115106,-1.319305289417891,0.3244381914131112,0.1517388846601049,0.2120841875672341,0.95
tomato_second,test,poisson,VG_Flower_second_107ba7eb_V2,82,bounded,300,RUN_V2_24fed2bf3959fe7457ee56ca,0.4598016552382412,0.17910759470115106,-1.319305289417891,0.3244381914131112,0.1517388846601049,0.2120841875672341,0.95
tomato_second,test,poisson,VG_Flower_second_107ba7eb_V2,52,raw,300,RUN_V2_2100a4535549a66332c81df2,0.4598016552382412,0.17910759470115106,-1.319305289417891,0.3244381914131112,0.1517388846601049,0.2120841875672341,0.95
tomato_second,test,poisson,VG_Flower_second_107ba7eb_V2,52,bounded,300,RUN_V2_2100a4535549a66332c81df2,0.4598016552382412,0.17910759470115106,-1.319305289417891,0.3244381914131112,0.1517388846601049,0.2120841875672341,0.95
tomato_second,test,poisson,VG_Flower_second_107ba7eb_V2,42,raw,300,RUN_V2_6ec884922b32ae93885bc9ca,0.4598016552382412,0.17910759470115106,-1.319305289417891,0.3244381914131112,0.1517388846601049,0.2120841875672341,0.95
tomato_second,test,poisson,VG_Flower_second_107ba7eb_V2,42,bounded,300,RUN_V2_6ec884922b32ae93885bc9ca,0.4598016552382412,0.17910759470115106,-1.319305289417891,0.3244381914131112,0.1517388846601049,0.2120841875672341,0.95
tomato_second,test,poisson,VG_Flower_second_107ba7eb_V2,72,raw,300,RUN_V2_0dcbde0ad0193e8639371ccf,0.4598016552382412,0.17910759470115106,-1.319305289417891,0.3244381914131112,0.1517388846601049,0.2120841875672341,0.95
tomato_second,test,poisson,VG_Flower_second_107ba7eb_V2,72,bounded,300,RUN_V2_0dcbde0ad0193e8639371ccf,0.4598016552382412,0.17910759470115106,-1.319305289417891,0.3244381914131112,0.1517388846601049,0.2120841875672341,0.95
tomato_second,test,random_forest,VG_Flower_second_0fe0650e_V2,62,raw,300,RUN_V2_cfe5ab96b3cb639b01efaeb7,0.5137314012176397,0.13497375440844653,-1.8952700796847348,0.35453367756940557,0.10996155764660022,0.10429634477447827,0.9366666666666666
tomato_second,test,random_forest,VG_Flower_second_0fe0650e_V2,62,bounded,300,RUN_V2_cfe5ab96b3cb639b01efaeb7,0.5137314012176397,0.13497375440844653,-1.8952700796847348,0.35453367756940557,0.10996155764660022,0.10429634477447827,0.9366666666666666
tomato_second,test,random_forest,VG_Flower_second_0fe0650e_V2,72,raw,300,RUN_V2_d80402487aca6ff4fd90ccbc,0.5234887362230106,0.13905515148584238,-2.006294627707561,0.34400623263993624,0.11348372845746955,0.13685279452633237,0.9366666666666666
tomato_second,test,random_forest,VG_Flower_second_0fe0650e_V2,72,bounded,300,RUN_V2_d80402487aca6ff4fd90ccbc,0.5234887362230106,0.13905515148584238,-2.006294627707561,0.34400623263993624,0.11348372845746955,0.13685279452633237,0.9366666666666666
tomato_second,test,random_forest,VG_Flower_second_0fe0650e_V2,52,raw,300,RUN_V2_afa41805b9fb210cde466b16,0.5312336392786241,0.13847587492840668,-2.095907624952343,0.34736783532230814,0.11381200770293709,0.08009169096362152,0.9333333333333333
tomato_second,test,random_forest,VG_Flower_second_0fe0650e_V2,52,bounded,300,RUN_V2_afa41805b9fb210cde466b16,0.5312336392786241,0.13847587492840668,-2.095907624952343,0.34736783532230814,0.11381200770293709,0.08009169096362152,0.9333333333333333
tomato_second,test,random_forest,VG_Flower_second_0fe0650e_V2,82,raw,300,RUN_V2_7388e24e933c7b7899e77467,0.5080964437606751,0.13294457843621477,-1.832103809678454,0.3570302520350512,0.10788193082259208,0.10299589207144248,0.9366666666666666
tomato_second,test,random_forest,VG_Flower_second_0fe0650e_V2,82,bounded,300,RUN_V2_7388e24e933c7b7899e77467,0.5080964437606751,0.13294457843621477,-1.832103809678454,0.3570302520350512,0.10788193082259208,0.10299589207144248,0.9366666666666666
tomato_second,test,random_forest,VG_Flower_second_0fe0650e_V2,42,raw,300,RUN_V2_6491fd6ed87e59cdd3e3bc0b,0.5384822473574816,0.13903094470721716,-2.180970473515939,0.3311607876554847,0.113210610445932,0.08771419739963032,0.94
tomato_second,test,random_forest,VG_Flower_second_0fe0650e_V2,42,bounded,300,RUN_V2_6491fd6ed87e59cdd3e3bc0b,0.5384822473574816,0.13903094470721716,-2.180970473515939,0.3311607876554847,0.113210610445932,0.08771419739963032,0.94
tomato_second,test,catboost,VG_Flower_second_0fe0650e_V2,72,raw,300,RUN_V2_6ea085658230a2350a2b8977,0.37563083293629734,0.1322339422646472,-0.5478872548412346,0.42608241318171014,0.09330441762555551,0.30771579655122144,0.9566666666666667
tomato_second,test,catboost,VG_Flower_second_0fe0650e_V2,72,bounded,300,RUN_V2_6ea085658230a2350a2b8977,0.37555822992178944,0.1277124090794944,-0.5472889524108837,0.4251900610740522,0.0978259508107083,0.30771579655122144,0.9566666666666667
tomato_second,test,catboost,VG_Flower_second_0fe0650e_V2,82,raw,300,RUN_V2_da59289e0d155068d45b65a8,0.3631608715013976,0.1163563835078611,-0.44682151061298314,0.42046169857234134,0.0793356810425149,0.23855814841212727,0.96
tomato_second,test,catboost,VG_Flower_second_0fe0650e_V2,82,bounded,300,RUN_V2_da59289e0d155068d45b65a8,0.36311717012649175,0.11388942943991798,-0.44647332175285714,0.41993337272123527,0.08180263511045802,0.23855814841212727,0.96
tomato_second,test,catboost,VG_Flower_second_0fe0650e_V2,42,raw,300,RUN_V2_54825ce9425cef0958bd6d93,0.3559481880770426,0.13325447097791976,-0.3899220055557866,0.37604907332898707,0.09030442370586998,0.42274839527013036,0.9566666666666667
tomato_second,test,catboost,VG_Flower_second_0fe0650e_V2,42,bounded,300,RUN_V2_54825ce9425cef0958bd6d93,0.3559180875480305,0.13090569134295657,-0.38968693977892177,0.37541439658770276,0.09265320334083317,0.42274839527013036,0.9566666666666667
tomato_second,test,catboost,VG_Flower_second_0fe0650e_V2,52,raw,300,RUN_V2_51f617dd579be6c58d313f55,0.4350141540732653,0.1344449991335594,-1.075982238172486,0.3610192360880241,0.09928662781374123,0.23438567644518557,0.9533333333333334
tomato_second,test,catboost,VG_Flower_second_0fe0650e_V2,52,bounded,300,RUN_V2_51f617dd579be6c58d313f55,0.4349973123931,0.13216639950776776,-1.0758214969563413,0.36057790597358697,0.10156522743953292,0.23438567644518557,0.9533333333333334
tomato_second,test,catboost,VG_Flower_second_0fe0650e_V2,62,raw,300,RUN_V2_ebe0a510b929a21bcde19986,0.3580814956773302,0.11895931143715482,-0.4066323962928142,0.39184510035249925,0.07798492863394682,0.39663870245575705,0.9533333333333334
tomato_second,test,catboost,VG_Flower_second_0fe0650e_V2,62,bounded,300,RUN_V2_ebe0a510b929a21bcde19986,0.35806039581605803,0.11712933316900527,-0.4064666302627613,0.3913801132716124,0.07981490690209635,0.39663870245575705,0.9533333333333334
tomato_second,test,mlp,VG_Flower_second_0fe0650e_V2,72,raw,300,RUN_V2_8566ed365650c0dea940bd7e,0.3627140311332819,0.10896483902509013,-0.443263305008043,0.420433161641806,0.05963740849867463,0.16608469635248224,0.96
tomato_second,test,mlp,VG_Flower_second_0fe0650e_V2,72,bounded,300,RUN_V2_8566ed365650c0dea940bd7e,0.3627140311332819,0.10896483902509013,-0.443263305008043,0.420433161641806,0.05963740849867463,0.16608469635248224,0.96
tomato_second,test,mlp,VG_Flower_second_0fe0650e_V2,82,raw,300,RUN_V2_ff24f45fe8ec55595dc007d2,0.3580172499211186,0.10187049337507537,-0.40612769523369874,0.3977755009612894,0.04381603483886769,0.18522785604000092,0.9466666666666667
tomato_second,test,mlp,VG_Flower_second_0fe0650e_V2,82,bounded,300,RUN_V2_ff24f45fe8ec55595dc007d2,0.35572517570568085,0.09944693780348947,-0.3881808942924643,0.40446399981214504,0.04623959041045358,0.18522785604000092,0.9566666666666667
tomato_second,test,mlp,VG_Flower_second_0fe0650e_V2,52,raw,300,RUN_V2_e0159eb0cd939470bf05a46f,0.3411930599479736,0.10158730134367942,-0.2770774468673254,0.39707481371758996,0.04537073453267415,0.23525985330343252,0.96
tomato_second,test,mlp,VG_Flower_second_0fe0650e_V2,52,bounded,300,RUN_V2_e0159eb0cd939470bf05a46f,0.34118927618548844,0.10094254915912947,-0.27704912195977305,0.39689215157886465,0.04601548671722412,0.23525985330343252,0.96
tomato_second,test,mlp,VG_Flower_second_0fe0650e_V2,62,raw,300,RUN_V2_6fa4764bb8f492b5d307821e,0.3355339247645006,0.10154827427119016,-0.2350647635431815,0.4640665435731027,0.046492391092081864,0.17630179524421724,0.9566666666666667
tomato_second,test,mlp,VG_Flower_second_0fe0650e_V2,62,bounded,300,RUN_V2_6fa4764bb8f492b5d307821e,0.33502856660343266,0.09846962490429481,-0.23134722569863064,0.4648758141743018,0.04957104045897722,0.17630179524421724,0.9633333333333334
tomato_second,test,mlp,VG_Flower_second_0fe0650e_V2,42,raw,300,RUN_V2_547d12b7ac720ad763c878a2,0.3341265434063553,0.09282415825252732,-0.2247256497782928,0.43653170241021794,0.03819935470819473,0.1286144107580185,0.96
tomato_second,test,mlp,VG_Flower_second_0fe0650e_V2,42,bounded,300,RUN_V2_547d12b7ac720ad763c878a2,0.3341188659815889,0.09235878655066093,-0.22466936792224113,0.4364194537588064,0.03866472641006112,0.1286144107580185,0.96
tomato_second,test,tabm,VG_Flower_second_0fe0650e_V2,52,raw,300,RUN_V2_ec86d5f32785eae71123362b,0.3711288343566795,0.16383396801073105,-0.5110062228407228,0.29261853802059024,0.11018452303328861,0.7289429903030396,0.9666666666666667
tomato_second,test,tabm,VG_Flower_second_0fe0650e_V2,52,bounded,300,RUN_V2_ec86d5f32785eae71123362b,0.3711288343566795,0.16383396801073105,-0.5110062228407228,0.29261853802059024,0.11018452303328861,0.7289429903030396,0.9666666666666667
tomato_second,test,tabm,VG_Flower_second_0fe0650e_V2,42,raw,300,RUN_V2_b82fbf9efbaeb4c3f67d86dc,0.49007296676100365,0.2109961266675964,-1.6347435577150002,0.32065919000427123,0.17445548622403295,0.9390679597854614,0.9033333333333333
tomato_second,test,tabm,VG_Flower_second_0fe0650e_V2,42,bounded,300,RUN_V2_b82fbf9efbaeb4c3f67d86dc,0.4900043307724411,0.20769996743494024,-1.6340056040732946,0.3201284885727753,0.1777516454566891,0.9390679597854614,0.9033333333333333
tomato_second,test,tabm,VG_Flower_second_0fe0650e_V2,62,raw,300,RUN_V2_04cfa5ae2ce9ce8d74892bea,0.4346458164249715,0.19517075086478144,-1.0724681516596424,0.36033420879507055,0.11666263198014348,0.7775242090225227,0.9466666666666667
tomato_second,test,tabm,VG_Flower_second_0fe0650e_V2,62,bounded,300,RUN_V2_04cfa5ae2ce9ce8d74892bea,0.43366159183222286,0.17456832766532898,-1.0630928645467055,0.3571824954405615,0.13726505517959595,0.7775242090225227,0.9466666666666667
tomato_second,test,tabm,VG_Flower_second_0fe0650e_V2,72,raw,300,RUN_V2_92bcfa0d1404c751da6568d3,0.34173423429518285,0.13422439166344702,-0.28113186494860365,0.43969214030827286,0.08074029911619922,0.4998205006122589,0.9666666666666667
tomato_second,test,tabm,VG_Flower_second_0fe0650e_V2,72,bounded,300,RUN_V2_92bcfa0d1404c751da6568d3,0.341507031239218,0.13015639810512464,-0.2794289023310803,0.4389971489667142,0.0848082926745216,0.4998205006122589,0.9666666666666667
tomato_second,test,tabm,VG_Flower_second_0fe0650e_V2,82,raw,300,RUN_V2_6516bd10435b0a6c5985e5e9,0.4657157891356673,0.19499715007143095,-1.379352469834613,0.34886583024045503,0.15993012082219746,0.868981009721756,0.9466666666666667
tomato_second,test,tabm,VG_Flower_second_0fe0650e_V2,82,bounded,300,RUN_V2_6516bd10435b0a6c5985e5e9,0.4656831623072675,0.19317311430194725,-1.3790190991083273,0.348564686830523,0.16175415659168113,0.868981009721756,0.9466666666666667
tomato_second,test,tft,VG_Flower_second_0fe0650e_V2,62,raw,300,RUN_V2_410f56070f4df238556d0d7f,0.6790315839905228,0.23086684446160993,-4.0582094447953505,0.14769911265007235,0.17784511717036366,0.6622374176979068,0.9366666666666666
tomato_second,test,tft,VG_Flower_second_0fe0650e_V2,62,bounded,300,RUN_V2_410f56070f4df238556d0d7f,0.6790161047054734,0.22882025556017954,-4.05797883233124,0.14740380074587814,0.17989170607179403,0.6622374176979068,0.9366666666666666
tomato_second,test,tft,VG_Flower_second_0fe0650e_V2,72,raw,300,RUN_V2_6304f374019900b79d35f066,0.507960984374755,0.16333982413013776,-1.8305939234796824,0.26106415176679276,0.1184222633143266,0.4091677844524392,0.9466666666666667
tomato_second,test,tft,VG_Flower_second_0fe0650e_V2,72,bounded,300,RUN_V2_6304f374019900b79d35f066,0.5079130655210364,0.15968583072225254,-1.8300598965660537,0.2603780798879863,0.12207625672221184,0.4091677844524392,0.9466666666666667
tomato_second,test,tft,VG_Flower_second_0fe0650e_V2,42,raw,300,RUN_V2_63316961e6c7c3db8e2b2e38,0.8590055042562877,0.3486430848141511,-7.094848984743287,0.12390995133509038,0.30135156735777857,1.9603915214538579,0.8533333333333334
tomato_second,test,tft,VG_Flower_second_0fe0650e_V2,42,bounded,300,RUN_V2_63316961e6c7c3db8e2b2e38,0.8589130228456093,0.34252418115735056,-7.093106079137055,0.1233387892001048,0.30747047101457914,1.9603915214538579,0.8533333333333334
tomato_second,test,tft,VG_Flower_second_0fe0650e_V2,82,raw,300,RUN_V2_ee77f2fb3021acd22a48cdc0,0.34953721516875425,0.138234051267306,-0.34030519635708445,0.2586004030375409,0.04113741258780162,0.48057804703712487,0.97
tomato_second,test,tft,VG_Flower_second_0fe0650e_V2,82,bounded,300,RUN_V2_ee77f2fb3021acd22a48cdc0,0.34880466452314607,0.12068588137626649,-0.3346931325425895,0.2519477942288778,0.05868558247884115,0.48057804703712487,0.97
tomato_second,test,tft,VG_Flower_second_0fe0650e_V2,52,raw,300,RUN_V2_6263b3f2498616a19ddd1fc8,0.6170227981887809,0.2832291699697574,-3.1765653356440984,0.19013678663595995,0.11124198026955127,0.916256529092789,0.92
tomato_second,test,tft,VG_Flower_second_0fe0650e_V2,52,bounded,300,RUN_V2_6263b3f2498616a19ddd1fc8,0.6122899063973872,0.2169676661491394,-3.1127381341846556,0.18161836974663056,0.17750348409016928,0.916256529092789,0.92
tomato_second,test,persistence,PERSISTENCE,42,raw,300,RUN_V2_dca64d63dac9b3efcbbe1377,0.4242640687119285,0.11333333333333333,-0.9746465138956608,0.4515167930660888,0.08,0.0,0.9733333333333334
tomato_second,test,persistence,PERSISTENCE,42,bounded,300,RUN_V2_dca64d63dac9b3efcbbe1377,0.4242640687119285,0.11333333333333333,-0.9746465138956608,0.4515167930660888,0.08,0.0,0.9733333333333334
tomato_third,validation,poisson,VG_Flower_third_0fe0650e_V2,42,raw,336,RUN_V2_5055f6bec86ab00531913c43,0.4090907201354898,0.1648540621030233,0.48500191859757613,0.6917921391035198,-0.06256337246824321,0.9140833616256714,0.9702380952380952
tomato_third,validation,poisson,VG_Flower_third_0fe0650e_V2,42,bounded,336,RUN_V2_5055f6bec86ab00531913c43,0.4090907201354898,0.1648540621030233,0.48500191859757613,0.6917921391035198,-0.06256337246824321,0.9140833616256714,0.9702380952380952
tomato_third,validation,poisson,VG_Flower_third_0fe0650e_V2,62,raw,336,RUN_V2_05ab3ccb57d3e5ed513e5479,0.4090907201354898,0.1648540621030233,0.48500191859757613,0.6917921391035198,-0.06256337246824321,0.9140833616256714,0.9702380952380952
tomato_third,validation,poisson,VG_Flower_third_0fe0650e_V2,62,bounded,336,RUN_V2_05ab3ccb57d3e5ed513e5479,0.4090907201354898,0.1648540621030233,0.48500191859757613,0.6917921391035198,-0.06256337246824321,0.9140833616256714,0.9702380952380952
tomato_third,validation,poisson,VG_Flower_third_0fe0650e_V2,82,raw,336,RUN_V2_220886fca014fc23309266ff,0.4090907201354898,0.1648540621030233,0.48500191859757613,0.6917921391035198,-0.06256337246824321,0.9140833616256714,0.9702380952380952
tomato_third,validation,poisson,VG_Flower_third_0fe0650e_V2,82,bounded,336,RUN_V2_220886fca014fc23309266ff,0.4090907201354898,0.1648540621030233,0.48500191859757613,0.6917921391035198,-0.06256337246824321,0.9140833616256714,0.9702380952380952
tomato_third,validation,poisson,VG_Flower_third_0fe0650e_V2,52,raw,336,RUN_V2_f8bbfe79d05987c3b32b9435,0.4090907201354898,0.1648540621030233,0.48500191859757613,0.6917921391035198,-0.06256337246824321,0.9140833616256714,0.9702380952380952
tomato_third,validation,poisson,VG_Flower_third_0fe0650e_V2,52,bounded,336,RUN_V2_f8bbfe79d05987c3b32b9435,0.4090907201354898,0.1648540621030233,0.48500191859757613,0.6917921391035198,-0.06256337246824321,0.9140833616256714,0.9702380952380952
tomato_third,validation,poisson,VG_Flower_third_0fe0650e_V2,72,raw,336,RUN_V2_f18f513011f7bd36ad4c3c7c,0.4090907201354898,0.1648540621030233,0.48500191859757613,0.6917921391035198,-0.06256337246824321,0.9140833616256714,0.9702380952380952
tomato_third,validation,poisson,VG_Flower_third_0fe0650e_V2,72,bounded,336,RUN_V2_f18f513011f7bd36ad4c3c7c,0.4090907201354898,0.1648540621030233,0.48500191859757613,0.6917921391035198,-0.06256337246824321,0.9140833616256714,0.9702380952380952
tomato_third,validation,random_forest,VG_Flower_third_0fe0650e_V2,82,raw,336,RUN_V2_ec8705ebeb5e618f1f32ca81,0.3967328069105449,0.14929260828077007,0.5156463409585876,0.701322808408645,-0.06598797949088556,0.5422754532637386,0.9732142857142857
tomato_third,validation,random_forest,VG_Flower_third_0fe0650e_V2,82,bounded,336,RUN_V2_ec8705ebeb5e618f1f32ca81,0.3967328069105449,0.14929260828077007,0.5156463409585876,0.701322808408645,-0.06598797949088556,0.5422754532637386,0.9732142857142857
tomato_third,validation,random_forest,VG_Flower_third_0fe0650e_V2,62,raw,336,RUN_V2_fa7f1a1be9bc08c45ae61798,0.39019243160925027,0.148207097688224,0.5314844197531141,0.7159300256007132,-0.05855608972508733,0.5757686138136386,0.9732142857142857
tomato_third,validation,random_forest,VG_Flower_third_0fe0650e_V2,62,bounded,336,RUN_V2_fa7f1a1be9bc08c45ae61798,0.39019243160925027,0.148207097688224,0.5314844197531141,0.7159300256007132,-0.05855608972508733,0.5757686138136386,0.9732142857142857
tomato_third,validation,random_forest,VG_Flower_third_0fe0650e_V2,72,raw,336,RUN_V2_695fcda9ad3bd23e00b849d9,0.39579033232588445,0.14764533874709995,0.5179448591950082,0.7009051671113592,-0.06894897486147256,0.5563641821469769,0.9702380952380952
tomato_third,validation,random_forest,VG_Flower_third_0fe0650e_V2,72,bounded,336,RUN_V2_695fcda9ad3bd23e00b849d9,0.39579033232588445,0.14764533874709995,0.5179448591950082,0.7009051671113592,-0.06894897486147256,0.5563641821469769,0.9702380952380952
tomato_third,validation,random_forest,VG_Flower_third_0fe0650e_V2,52,raw,336,RUN_V2_ea5082e310a3c9f05a10e42b,0.3891553291217144,0.14682246642914598,0.5339716690851348,0.7165738941895976,-0.05714703194663614,0.5279684885189433,0.9732142857142857
tomato_third,validation,random_forest,VG_Flower_third_0fe0650e_V2,52,bounded,336,RUN_V2_ea5082e310a3c9f05a10e42b,0.3891553291217144,0.14682246642914598,0.5339716690851348,0.7165738941895976,-0.05714703194663614,0.5279684885189433,0.9732142857142857
tomato_third,validation,random_forest,VG_Flower_third_0fe0650e_V2,42,raw,336,RUN_V2_6370838ebe08deaa25fd442f,0.3921044956274578,0.1469553719582957,0.5268814257578533,0.7089583906284604,-0.06484434223996938,0.5385084238910709,0.9732142857142857
tomato_third,validation,random_forest,VG_Flower_third_0fe0650e_V2,42,bounded,336,RUN_V2_6370838ebe08deaa25fd442f,0.3921044956274578,0.1469553719582957,0.5268814257578533,0.7089583906284604,-0.06484434223996938,0.5385084238910709,0.9732142857142857
tomato_third,validation,catboost,VG_Flower_third_0fe0650e_V2,42,raw,336,RUN_V2_80332a71420b9c558023e641,0.3975551104644126,0.16948007294458522,0.5136364315719222,0.6720477572917956,-0.06029088339559933,0.7158966630981112,0.9642857142857143
tomato_third,validation,catboost,VG_Flower_third_0fe0650e_V2,42,bounded,336,RUN_V2_80332a71420b9c558023e641,0.39681615869858267,0.16725590793873618,0.515442798504917,0.6726653231950581,-0.058066718389750305,0.7158966630981112,0.9732142857142857
tomato_third,validation,catboost,VG_Flower_third_0fe0650e_V2,72,raw,336,RUN_V2_be5942573579cff84bb2c31c,0.39089011480977576,0.1703465738598995,0.5298074641912683,0.6814893165297614,-0.03731335248215784,0.5395829381675001,0.9732142857142857
tomato_third,validation,catboost,VG_Flower_third_0fe0650e_V2,72,bounded,336,RUN_V2_be5942573579cff84bb2c31c,0.3908900846021772,0.17033228948289217,0.5298075368632867,0.6814857934701423,-0.0372990681051505,0.5395829381675001,0.9732142857142857
tomato_third,validation,catboost,VG_Flower_third_0fe0650e_V2,52,raw,336,RUN_V2_41feb20074a52334ebaa6996,0.3935544108836906,0.1682199493382594,0.5233759819252302,0.6867802715810843,-0.05101870689360552,0.5027807431856979,0.9672619047619048
tomato_third,validation,catboost,VG_Flower_third_0fe0650e_V2,52,bounded,336,RUN_V2_41feb20074a52334ebaa6996,0.3931793018062618,0.16723479288035772,0.524284119593023,0.6871327627301913,-0.05003355043570382,0.5027807431856979,0.9732142857142857
tomato_third,validation,catboost,VG_Flower_third_0fe0650e_V2,62,raw,336,RUN_V2_89f87d9dfa5ba8647acbcee6,0.3866545769437771,0.17578508279932567,0.5399419165302994,0.6936004757160297,-0.03144167275231694,0.6138787048449016,0.9672619047619048
tomato_third,validation,catboost,VG_Flower_third_0fe0650e_V2,62,bounded,336,RUN_V2_89f87d9dfa5ba8647acbcee6,0.38658292895679086,0.17536396904614632,0.5401124003861928,0.693609692011467,-0.0310205589991376,0.6138787048449016,0.9702380952380952
tomato_third,validation,catboost,VG_Flower_third_0fe0650e_V2,82,raw,336,RUN_V2_0ef9ac259c0186f640cc38b9,0.4019896429001639,0.17479197936332871,0.5027256221850995,0.6797062042312948,-0.04621884097799582,0.6148093086875017,0.9583333333333334
tomato_third,validation,catboost,VG_Flower_third_0fe0650e_V2,82,bounded,336,RUN_V2_0ef9ac259c0186f640cc38b9,0.4018848473144606,0.1739058134783005,0.5029848595459643,0.6796519778953262,-0.045332675092967616,0.6148093086875017,0.9702380952380952
tomato_third,validation,mlp,VG_Flower_third_8e22b3ec_V2,52,raw,336,RUN_V2_472f988cc74496f5aa0b481c,0.41075313520860185,0.17046283156655373,0.4808078360973387,0.6926271652758325,-0.049399625177362134,0.8515848219394684,0.9583333333333334
tomato_third,validation,mlp,VG_Flower_third_8e22b3ec_V2,52,bounded,336,RUN_V2_472f988cc74496f5aa0b481c,0.4106165338524285,0.1703210284800402,0.48115310703769065,0.6928012325653764,-0.04925782209084857,0.8515848219394684,0.9642857142857143
tomato_third,validation,mlp,VG_Flower_third_8e22b3ec_V2,82,raw,336,RUN_V2_70e50676bbedfcf18b073fbf,0.43030334205281845,0.1481742386683999,0.43020872684974787,0.7061777770331266,-0.06824661018548622,0.9015961214900017,0.9553571428571429
tomato_third,validation,mlp,VG_Flower_third_8e22b3ec_V2,82,bounded,336,RUN_V2_70e50676bbedfcf18b073fbf,0.42951296364476943,0.1472665413304986,0.43229998236542855,0.7070911813470127,-0.0673389128475849,0.9015961214900017,0.9642857142857143
tomato_third,validation,mlp,VG_Flower_third_8e22b3ec_V2,62,raw,336,RUN_V2_e350189e3b381c1197c2c81c,0.432018175711187,0.15810016431801377,0.4256582429979603,0.712208891902091,-0.05613629620832702,0.9089773185551167,0.9553571428571429
tomato_third,validation,mlp,VG_Flower_third_8e22b3ec_V2,62,bounded,336,RUN_V2_e350189e3b381c1197c2c81c,0.43177122224399517,0.157272676388467,0.4263146744058369,0.7123953780836366,-0.05530880827878025,0.9089773185551167,0.9642857142857143
tomato_third,validation,mlp,VG_Flower_third_8e22b3ec_V2,72,raw,336,RUN_V2_d3f978cc8df5b07e2abcdcdc,0.413114526558947,0.16935111035681552,0.4748210770449759,0.6991913165257635,-0.04944754993942167,0.8277852237224579,0.9583333333333334
tomato_third,validation,mlp,VG_Flower_third_8e22b3ec_V2,72,bounded,336,RUN_V2_d3f978cc8df5b07e2abcdcdc,0.4120833604054435,0.16738371466774316,0.47743958026200495,0.7002783680304042,-0.047480154250349314,0.8277852237224579,0.9672619047619048
tomato_third,validation,mlp,VG_Flower_third_8e22b3ec_V2,42,raw,336,RUN_V2_2ae5de27b2aeb57bc27c05f7,0.4180139307129222,0.17660432348826102,0.4622903066125449,0.6961104667921658,-0.04032300878316164,0.8894203491508961,0.9613095238095238
tomato_third,validation,mlp,VG_Flower_third_8e22b3ec_V2,42,bounded,336,RUN_V2_2ae5de27b2aeb57bc27c05f7,0.4176071905631295,0.17621255346706935,0.46333621298252947,0.6966177419428773,-0.039931238761969974,0.8894203491508961,0.9613095238095238
tomato_third,validation,tabm,VG_Flower_third_82f2bce0_V2,82,raw,336,RUN_V2_9de03c94a5c21e571a037bba,0.4091367004249802,0.2002851138046632,0.4848861443183603,0.6860836858934761,-0.020612030533985012,0.8209259957075119,0.9732142857142857
tomato_third,validation,tabm,VG_Flower_third_82f2bce0_V2,82,bounded,336,RUN_V2_9de03c94a5c21e571a037bba,0.4091306721636635,0.20008813682389223,0.48490132368530636,0.686046542192345,-0.02041505355321403,0.8209259957075119,0.9732142857142857
tomato_third,validation,tabm,VG_Flower_third_82f2bce0_V2,42,raw,336,RUN_V2_564d23af51a3fd139c1d3e2b,0.4377984246351607,0.19037544781444704,0.4101864520574463,0.6051623972558648,-0.12118248317260406,0.8101539351046085,0.9166666666666666
tomato_third,validation,tabm,VG_Flower_third_82f2bce0_V2,42,bounded,336,RUN_V2_564d23af51a3fd139c1d3e2b,0.42863377088530835,0.16300112544143172,0.43462171396388216,0.6115699322098268,-0.09380816079958874,0.8101539351046085,0.9672619047619048
tomato_third,validation,tabm,VG_Flower_third_82f2bce0_V2,62,raw,336,RUN_V2_d9564eb82a68003ebabffa11,0.40792523654366974,0.20826176785132183,0.48793215768568565,0.6593317443032759,-0.026027262403485588,0.6698284149169922,0.9672619047619048
tomato_third,validation,tabm,VG_Flower_third_82f2bce0_V2,62,bounded,336,RUN_V2_d9564eb82a68003ebabffa11,0.40780651841430915,0.20735589879526137,0.4882301676385732,0.6592857254500658,-0.02512139334742512,0.6698284149169922,0.9732142857142857
tomato_third,validation,tabm,VG_Flower_third_82f2bce0_V2,72,raw,336,RUN_V2_f0a1fa333843aabe08d526c9,0.41312230735457284,0.19617559940282567,0.47480129391906,0.6681063332259406,-0.05117484292852515,0.8109039068222046,0.9553571428571429
tomato_third,validation,tabm,VG_Flower_third_82f2bce0_V2,72,bounded,336,RUN_V2_f0a1fa333843aabe08d526c9,0.41074253958946166,0.18898790758075415,0.48083462148741785,0.6699384082876324,-0.04398715110645363,0.8109039068222046,0.9732142857142857
tomato_third,validation,tabm,VG_Flower_third_82f2bce0_V2,52,raw,336,RUN_V2_d92cec30527ce445ed78cdbf,0.4337222328343779,0.2098365013648401,0.42111842760732077,0.6027788693206919,-0.12215177339246674,0.9943846287205815,0.8988095238095238
tomato_third,validation,tabm,VG_Flower_third_82f2bce0_V2,52,bounded,336,RUN_V2_d92cec30527ce445ed78cdbf,0.41184324619522944,0.17061099636235408,0.47804837760086283,0.62659191522568,-0.08292626838998071,0.9927537562325597,0.9642857142857143
tomato_third,validation,tft,VG_Flower_third_8e22b3ec_V2,52,raw,336,RUN_V2_cb111bdf7cf47bae4849cc83,0.4283023212624169,0.14935372663395746,0.43549575599781787,0.5646625897749973,-0.11715216353713047,0.7201876938343048,0.9404761904761905
tomato_third,validation,tft,VG_Flower_third_8e22b3ec_V2,52,bounded,336,RUN_V2_cb111bdf7cf47bae4849cc83,0.4276137252648316,0.14480896422728187,0.43730944165114805,0.5640067261569233,-0.11260740113045488,0.7201876938343048,0.9583333333333334
tomato_third,validation,tft,VG_Flower_third_8e22b3ec_V2,82,raw,336,RUN_V2_b00d78adf5a2895f5562420d,0.41094555519706927,0.2396410499655065,0.48032128424066445,0.574005789693694,0.005728802333275477,0.6827621757984161,0.9672619047619048
tomato_third,validation,tft,VG_Flower_third_8e22b3ec_V2,82,bounded,336,RUN_V2_b00d78adf5a2895f5562420d,0.41094508619799835,0.23959314965066456,0.4803224704255141,0.5739870446857244,0.0057767026481174285,0.6827621757984161,0.9672619047619048
tomato_third,validation,tft,VG_Flower_third_8e22b3ec_V2,62,raw,336,RUN_V2_ca2270d0bc1469ef5fdfdfcf,0.39455781647731636,0.15619228476481067,0.5209424842352393,0.6735505645346432,-0.08012492990209943,0.7693498134613037,0.9642857142857143
tomato_third,validation,tft,VG_Flower_third_8e22b3ec_V2,62,bounded,336,RUN_V2_ca2270d0bc1469ef5fdfdfcf,0.39404852511317234,0.1542298797008005,0.5221784115549938,0.6738467059526663,-0.07816252483808923,0.7693498134613037,0.9702380952380952
tomato_third,validation,tft,VG_Flower_third_8e22b3ec_V2,72,raw,336,RUN_V2_2a5e46f91b28c035db4b6bb6,0.408153689296288,0.18295044106032168,0.4873584443919553,0.6160982854056728,-0.0605592421655144,0.8472218364477158,0.9702380952380952
tomato_third,validation,tft,VG_Flower_third_8e22b3ec_V2,72,bounded,336,RUN_V2_2a5e46f91b28c035db4b6bb6,0.408153689296288,0.18295044106032168,0.4873584443919553,0.6160982854056728,-0.0605592421655144,0.8472218364477158,0.9702380952380952
tomato_third,validation,tft,VG_Flower_third_8e22b3ec_V2,42,raw,336,RUN_V2_9caba7ceed4d321795fac0b4,0.4437820943218651,0.1738487630195561,0.39395355811905697,0.5596202719749338,-0.11300280202357542,0.9367039650678635,0.9255952380952381
tomato_third,validation,tft,VG_Flower_third_8e22b3ec_V2,42,bounded,336,RUN_V2_9caba7ceed4d321795fac0b4,0.43051768578284777,0.1620068558979602,0.42964093388591984,0.5800694173595585,-0.10116089490197953,0.9367039650678635,0.9702380952380952
tomato_third,validation,persistence,PERSISTENCE,42,raw,336,RUN_V2_a051a863d89c2d4faacda7b6,0.5146658647908878,0.16964285714285715,0.18488838008013742,0.5821596244131456,0.002976190476190476,1.0,0.9583333333333334
tomato_third,validation,persistence,PERSISTENCE,42,bounded,336,RUN_V2_a051a863d89c2d4faacda7b6,0.5146658647908878,0.16964285714285715,0.18488838008013742,0.5821596244131456,0.002976190476190476,1.0,0.9583333333333334
tomato_third,test,poisson,VG_Flower_third_0fe0650e_V2,82,raw,286,RUN_V2_71b453dcdcf6fb6ccbdc1726,1.1266505856557196,0.4579792993104124,-16.031998159840306,0.05054612728082141,0.40617438846013765,2.4772841930389404,0.8531468531468531
tomato_third,test,poisson,VG_Flower_third_0fe0650e_V2,82,bounded,286,RUN_V2_71b453dcdcf6fb6ccbdc1726,1.1266505856557196,0.4579792993104124,-16.031998159840306,0.05054612728082141,0.40617438846013765,2.4772841930389404,0.8531468531468531
tomato_third,test,poisson,VG_Flower_third_0fe0650e_V2,42,raw,286,RUN_V2_dcdad0f7c6bc9db7be074309,1.1266505856557196,0.4579792993104124,-16.031998159840306,0.05054612728082141,0.40617438846013765,2.4772841930389404,0.8531468531468531
tomato_third,test,poisson,VG_Flower_third_0fe0650e_V2,42,bounded,286,RUN_V2_dcdad0f7c6bc9db7be074309,1.1266505856557196,0.4579792993104124,-16.031998159840306,0.05054612728082141,0.40617438846013765,2.4772841930389404,0.8531468531468531
tomato_third,test,poisson,VG_Flower_third_0fe0650e_V2,52,raw,286,RUN_V2_498a5f60ac47641b2a06e008,1.1266505856557196,0.4579792993104124,-16.031998159840306,0.05054612728082141,0.40617438846013765,2.4772841930389404,0.8531468531468531
tomato_third,test,poisson,VG_Flower_third_0fe0650e_V2,52,bounded,286,RUN_V2_498a5f60ac47641b2a06e008,1.1266505856557196,0.4579792993104124,-16.031998159840306,0.05054612728082141,0.40617438846013765,2.4772841930389404,0.8531468531468531
tomato_third,test,poisson,VG_Flower_third_0fe0650e_V2,72,raw,286,RUN_V2_d24d963575a8a518ea7844f1,1.1266505856557196,0.4579792993104124,-16.031998159840306,0.05054612728082141,0.40617438846013765,2.4772841930389404,0.8531468531468531
tomato_third,test,poisson,VG_Flower_third_0fe0650e_V2,72,bounded,286,RUN_V2_d24d963575a8a518ea7844f1,1.1266505856557196,0.4579792993104124,-16.031998159840306,0.05054612728082141,0.40617438846013765,2.4772841930389404,0.8531468531468531
tomato_third,test,poisson,VG_Flower_third_0fe0650e_V2,62,raw,286,RUN_V2_b833c094f40cce516579d764,1.1266505856557196,0.4579792993104124,-16.031998159840306,0.05054612728082141,0.40617438846013765,2.4772841930389404,0.8531468531468531
tomato_third,test,poisson,VG_Flower_third_0fe0650e_V2,62,bounded,286,RUN_V2_b833c094f40cce516579d764,1.1266505856557196,0.4579792993104124,-16.031998159840306,0.05054612728082141,0.40617438846013765,2.4772841930389404,0.8531468531468531
tomato_third,test,random_forest,VG_Flower_third_0fe0650e_V2,82,raw,286,RUN_V2_082e74dc2d33fb706e3899ea,0.428533637104002,0.10737384500629173,-1.464092130362121,0.3714437220633148,0.06742091749492625,0.32055585473253634,0.9755244755244755
tomato_third,test,random_forest,VG_Flower_third_0fe0650e_V2,82,bounded,286,RUN_V2_082e74dc2d33fb706e3899ea,0.428533637104002,0.10737384500629173,-1.464092130362121,0.3714437220633148,0.06742091749492625,0.32055585473253634,0.9755244755244755
tomato_third,test,random_forest,VG_Flower_third_0fe0650e_V2,62,raw,286,RUN_V2_e764dc94119578c9529c06c9,0.43848470744678886,0.10933005948613878,-1.5798592400619214,0.3669636769577569,0.06877447375500362,0.2371620047597115,0.9685314685314685
tomato_third,test,random_forest,VG_Flower_third_0fe0650e_V2,62,bounded,286,RUN_V2_e764dc94119578c9529c06c9,0.43848470744678886,0.10933005948613878,-1.5798592400619214,0.3669636769577569,0.06877447375500362,0.2371620047597115,0.9685314685314685
tomato_third,test,random_forest,VG_Flower_third_0fe0650e_V2,52,raw,286,RUN_V2_b1277f55a1e9ed5da68f32db,0.4387981312705803,0.10647248860952176,-1.583548665573498,0.3628985708222935,0.06552570223741234,0.21764844114396523,0.9685314685314685
tomato_third,test,random_forest,VG_Flower_third_0fe0650e_V2,52,bounded,286,RUN_V2_b1277f55a1e9ed5da68f32db,0.4387981312705803,0.10647248860952176,-1.583548665573498,0.3628985708222935,0.06552570223741234,0.21764844114396523,0.9685314685314685
tomato_third,test,random_forest,VG_Flower_third_0fe0650e_V2,72,raw,286,RUN_V2_7903697ba3f579457cfd60d6,0.43546618431081424,0.10789291961258457,-1.5444620614973235,0.3576572430905109,0.06480634483618904,0.2912157201158585,0.9755244755244755
tomato_third,test,random_forest,VG_Flower_third_0fe0650e_V2,72,bounded,286,RUN_V2_7903697ba3f579457cfd60d6,0.43546618431081424,0.10789291961258457,-1.5444620614973235,0.3576572430905109,0.06480634483618904,0.2912157201158585,0.9755244755244755
tomato_third,test,random_forest,VG_Flower_third_0fe0650e_V2,42,raw,286,RUN_V2_8f01ed139636edbb0ed9cfb9,0.447415245203203,0.10994816253743048,-1.6860164259457444,0.34923426125014095,0.06606111904642381,0.26744637076906097,0.9685314685314685
tomato_third,test,random_forest,VG_Flower_third_0fe0650e_V2,42,bounded,286,RUN_V2_8f01ed139636edbb0ed9cfb9,0.447415245203203,0.10994816253743048,-1.6860164259457444,0.34923426125014095,0.06606111904642381,0.26744637076906097,0.9685314685314685
tomato_third,test,catboost,VG_Flower_third_0fe0650e_V2,42,raw,286,RUN_V2_4a9a607cab0b83ec7e899376,0.34045747511154406,0.12090116840799313,-0.5552952870445476,0.3070059840464865,0.04419111058556166,0.3008855324972276,0.972027972027972
tomato_third,test,catboost,VG_Flower_third_0fe0650e_V2,42,bounded,286,RUN_V2_4a9a607cab0b83ec7e899376,0.34021630137700737,0.11302289446472673,-0.5530925830685589,0.3040953913128371,0.05206938452882806,0.3008855324972276,0.972027972027972
tomato_third,test,catboost,VG_Flower_third_0fe0650e_V2,62,raw,286,RUN_V2_bfd6c9bd23a56e155e044f18,0.40225747344191826,0.1514358707032715,-1.1711776059353776,0.25413462857007896,0.08378647872647106,0.42565605995842204,0.9440559440559441
tomato_third,test,catboost,VG_Flower_third_0fe0650e_V2,62,bounded,286,RUN_V2_bfd6c9bd23a56e155e044f18,0.4021091772182342,0.14582871712733705,-1.169577048525924,0.2523816355969366,0.08939363230240552,0.42565605995842204,0.9440559440559441
tomato_third,test,catboost,VG_Flower_third_0fe0650e_V2,72,raw,286,RUN_V2_413abe487695a2b5b85e4f4c,0.3810949501063735,0.1404511400404358,-0.9487381883327102,0.3148402072212346,0.07635102705374333,0.5062226262906069,0.9755244755244755
tomato_third,test,catboost,VG_Flower_third_0fe0650e_V2,72,bounded,286,RUN_V2_413abe487695a2b5b85e4f4c,0.3809588952079702,0.1340376018052571,-0.9473469967249613,0.3129581256463399,0.08276456528892201,0.5062226262906069,0.9755244755244755
tomato_third,test,catboost,VG_Flower_third_0fe0650e_V2,52,raw,286,RUN_V2_949299a1d6cbb1c7211f7682,0.32898856286957384,0.11394029846411274,-0.45227448820852767,0.2914221671718047,0.04709655281772685,0.29323683267687206,0.972027972027972
tomato_third,test,catboost,VG_Flower_third_0fe0650e_V2,52,bounded,286,RUN_V2_949299a1d6cbb1c7211f7682,0.32897674286721795,0.11289636752259344,-0.45217013455348476,0.29096256603045395,0.048140483759246136,0.29323683267687206,0.972027972027972
tomato_third,test,catboost,VG_Flower_third_0fe0650e_V2,82,raw,286,RUN_V2_81438932b277c3ecc303e92f,0.3225785435689529,0.1300168178885282,-0.3962335243120376,0.31900658680654487,0.06513482641049313,0.41578858942738556,0.965034965034965
tomato_third,test,catboost,VG_Flower_third_0fe0650e_V2,82,bounded,286,RUN_V2_81438932b277c3ecc303e92f,0.3225214083652284,0.12675755054337143,-0.39573896555328436,0.3176583056739457,0.06839409375564992,0.41578858942738556,0.965034965034965
tomato_third,test,mlp,VG_Flower_third_8e22b3ec_V2,52,raw,286,RUN_V2_4c25ebfd5df6a7aa7746ebd8,0.5555446927301146,0.22784459166280874,-3.1411895931992104,0.2791857436216179,0.19040344199621595,0.8301970362663269,0.9335664335664335
tomato_third,test,mlp,VG_Flower_third_8e22b3ec_V2,52,bounded,286,RUN_V2_4c25ebfd5df6a7aa7746ebd8,0.5555446927301146,0.22784459166280874,-3.1411895931992104,0.2791857436216179,0.19040344199621595,0.8301970362663269,0.9335664335664335
tomato_third,test,mlp,VG_Flower_third_8e22b3ec_V2,62,raw,286,RUN_V2_d98f0533a7e9c41645365fb0,0.6396627271284123,0.2450076988963345,-4.490213059814624,0.24633644795877763,0.2066579339993219,0.9891925724223256,0.9055944055944056
tomato_third,test,mlp,VG_Flower_third_8e22b3ec_V2,62,bounded,286,RUN_V2_d98f0533a7e9c41645365fb0,0.6396585522987945,0.24463253314574282,-4.490141395081568,0.24628787956401904,0.20703309974991357,0.9891925724223256,0.9055944055944056
tomato_third,test,mlp,VG_Flower_third_8e22b3ec_V2,82,raw,286,RUN_V2_0d49cbad2ed82477eea5e2f1,0.6103504711008186,0.21294385309402758,-3.99856882393051,0.27410608338508385,0.17536156129586947,0.8652237951755524,0.9300699300699301
tomato_third,test,mlp,VG_Flower_third_8e22b3ec_V2,82,bounded,286,RUN_V2_0d49cbad2ed82477eea5e2f1,0.6103417012361145,0.21235339770783912,-3.9984251803701643,0.27403002619024397,0.17595201668205795,0.8652237951755524,0.9300699300699301
tomato_third,test,mlp,VG_Flower_third_8e22b3ec_V2,72,raw,286,RUN_V2_09c6d3d98781fd6bf2a290ac,0.5745941243591647,0.24122762821380284,-3.4300585827036674,0.2751938982704544,0.20249467449249714,0.9141297340393066,0.9370629370629371
tomato_third,test,mlp,VG_Flower_third_8e22b3ec_V2,72,bounded,286,RUN_V2_09c6d3d98781fd6bf2a290ac,0.5745650930184534,0.2401050356952669,-3.4296109370156502,0.27503912660675195,0.20361726701103308,0.9141297340393066,0.9370629370629371
tomato_third,test,mlp,VG_Flower_third_8e22b3ec_V2,42,raw,286,RUN_V2_85822772a378611b61efa06a,0.571498522966534,0.23663148969099237,-3.3824536596362638,0.2780626509294936,0.19938770100682765,0.85728919506073,0.9370629370629371
tomato_third,test,mlp,VG_Flower_third_8e22b3ec_V2,42,bounded,286,RUN_V2_85822772a378611b61efa06a,0.5714929368557627,0.23633266034555603,-3.3823679874920156,0.2780198861634888,0.19968653035226402,0.85728919506073,0.9370629370629371
tomato_third,test,tabm,VG_Flower_third_82f2bce0_V2,52,raw,286,RUN_V2_6a99a06b045aebd2f8d536f3,0.4882878808580522,0.23211485857039793,-2.199182376226467,0.11875085218759307,0.11094189933142982,0.8041731715202332,0.9335664335664335
tomato_third,test,tabm,VG_Flower_third_82f2bce0_V2,52,bounded,286,RUN_V2_6a99a06b045aebd2f8d536f3,0.48445693416384494,0.20434696818018086,-2.1491798275225222,0.11135549092910137,0.13870978972164694,0.8041731715202332,0.9335664335664335
tomato_third,test,tabm,VG_Flower_third_82f2bce0_V2,62,raw,286,RUN_V2_83351eba2a25268ace73ebce,0.6041868997792781,0.3325741784679671,-3.8981233398472748,0.10173660956292266,0.2755573056475422,1.330521821975708,0.8601398601398601
tomato_third,test,tabm,VG_Flower_third_82f2bce0_V2,62,bounded,286,RUN_V2_83351eba2a25268ace73ebce,0.6041802374942031,0.3320700692866076,-3.898015318590552,0.10162952072303738,0.27606141482890173,1.330521821975708,0.8601398601398601
tomato_third,test,tabm,VG_Flower_third_82f2bce0_V2,72,raw,286,RUN_V2_458bfceeaf6bd4c228912c74,0.5781107566187378,0.2649663451784681,-3.484450227973819,0.11022654083382458,0.1773603739777834,1.2822341322898865,0.8706293706293706
tomato_third,test,tabm,VG_Flower_third_82f2bce0_V2,72,bounded,286,RUN_V2_458bfceeaf6bd4c228912c74,0.5774320950703206,0.2515559210246624,-3.4739275469221536,0.10733042816589991,0.1907707981315891,1.2822341322898865,0.8706293706293706
tomato_third,test,tabm,VG_Flower_third_82f2bce0_V2,82,raw,286,RUN_V2_2e414f22aa83b99b27e66de7,0.7158265534756588,0.3469817118354506,-5.875475151023308,0.05395704687357203,0.25984032933398354,1.6365294456481934,0.8496503496503497
tomato_third,test,tabm,VG_Flower_third_82f2bce0_V2,82,bounded,286,RUN_V2_2e414f22aa83b99b27e66de7,0.7151798957605705,0.33553997115264617,-5.863058537535271,0.05208561740547633,0.271282070016788,1.6365294456481934,0.8496503496503497
tomato_third,test,tabm,VG_Flower_third_82f2bce0_V2,42,raw,286,RUN_V2_cb7e1f875418b2212f5c44f6,0.486575332041972,0.2249423958991257,-2.1767810489958292,0.05164843418912517,0.08275631653271955,0.8789829462766647,0.9055944055944056
tomato_third,test,tabm,VG_Flower_third_82f2bce0_V2,42,bounded,286,RUN_V2_cb7e1f875418b2212f5c44f6,0.48352556429266,0.19470097921818,-2.137082852109857,0.04075534146393678,0.11299773321366524,0.8789829462766647,0.9055944055944056
tomato_third,test,tft,VG_Flower_third_8e22b3ec_V2,72,raw,286,RUN_V2_a3b867e3f62e5a5535831202,0.5908290773855045,0.2778073622213377,-3.683934674601928,0.14673129415449548,0.22501978986746782,1.1584337949752808,0.8671328671328671
tomato_third,test,tft,VG_Flower_third_8e22b3ec_V2,72,bounded,286,RUN_V2_a3b867e3f62e5a5535831202,0.5908290773855045,0.2778073622213377,-3.683934674601928,0.14673129415449548,0.22501978986746782,1.1584337949752808,0.8671328671328671
tomato_third,test,tft,VG_Flower_third_8e22b3ec_V2,42,raw,286,RUN_V2_e6b0f8d900cfc2c5f9e3ec2d,0.5233642682305714,0.2191266646230971,-2.675320738727299,0.23903612518756343,0.16802924126386642,0.8332815170288086,0.9300699300699301
tomato_third,test,tft,VG_Flower_third_8e22b3ec_V2,42,bounded,286,RUN_V2_e6b0f8d900cfc2c5f9e3ec2d,0.5231701342629551,0.21678427612031256,-2.672594636435765,0.23868581448618204,0.17037162976665096,0.8332815170288086,0.9300699300699301
tomato_third,test,tft,VG_Flower_third_8e22b3ec_V2,52,raw,286,RUN_V2_ca981263d298f95c6b90db36,0.4027941853019949,0.1557437410721412,-1.176975256677911,0.3040383936376999,0.09521335478012379,0.7144179940223694,0.9615384615384616
tomato_third,test,tft,VG_Flower_third_8e22b3ec_V2,52,bounded,286,RUN_V2_ca981263d298f95c6b90db36,0.4023238568526102,0.15166498006849022,-1.1718942716378873,0.30345366563329434,0.09929211578377477,0.7144179940223694,0.9755244755244755
tomato_third,test,tft,VG_Flower_third_8e22b3ec_V2,82,raw,286,RUN_V2_c448c569f687ad4acfa37baf,0.4588193696348622,0.282680819553512,-1.8246887205427518,0.21466153310989775,0.2311795819159988,0.8492961674928665,0.9335664335664335
tomato_third,test,tft,VG_Flower_third_8e22b3ec_V2,82,bounded,286,RUN_V2_c448c569f687ad4acfa37baf,0.45867601111205963,0.28200266187216017,-1.8229238432654773,0.21457228299322204,0.23185773959735057,0.8492961674928665,0.9335664335664335
tomato_third,test,tft,VG_Flower_third_8e22b3ec_V2,62,raw,286,RUN_V2_895fd2b6c237f411821d89a1,0.6201583894801206,0.2623634800653566,-4.160506795959749,0.16290332446670205,0.2101605189768793,0.9606268294155598,0.916083916083916
tomato_third,test,tft,VG_Flower_third_8e22b3ec_V2,62,bounded,286,RUN_V2_895fd2b6c237f411821d89a1,0.6201541499889445,0.26220917788991976,-4.160436240280371,0.16287766385140295,0.21031482115231612,0.9606268294155598,0.916083916083916
tomato_third,test,persistence,PERSISTENCE,42,raw,286,RUN_V2_a7aaf0f743ef89817faaa508,0.45033010425376047,0.11888111888111888,-1.7211286089238844,0.34589905362776024,0.06993006993006994,0.0,0.972027972027972
tomato_third,test,persistence,PERSISTENCE,42,bounded,286,RUN_V2_a7aaf0f743ef89817faaa508,0.45033010425376047,0.11888111888111888,-1.7211286089238844,0.34589905362776024,0.06993006993006994,0.0,0.972027972027972
tomato_sum123,validation,poisson,VG_Flower_sum123_97629b8f_V2,52,raw,324,RUN_V2_18c709c52ed7c0a97abe544d,0.4584928680446684,0.2325051006067682,-0.0012524672404969905,0.0,-0.016216008843463144,0.11958646029233932,0.9660493827160493
tomato_sum123,validation,poisson,VG_Flower_sum123_97629b8f_V2,52,bounded,324,RUN_V2_18c709c52ed7c0a97abe544d,0.4584928680446684,0.2325051006067682,-0.0012524672404969905,0.0,-0.016216008843463144,0.11958646029233932,0.9660493827160493
tomato_sum123,validation,poisson,VG_Flower_sum123_97629b8f_V2,72,raw,324,RUN_V2_d1c52843ee03978275a12e97,0.4584928680446684,0.2325051006067682,-0.0012524672404969905,0.0,-0.016216008843463144,0.11958646029233932,0.9660493827160493
tomato_sum123,validation,poisson,VG_Flower_sum123_97629b8f_V2,72,bounded,324,RUN_V2_d1c52843ee03978275a12e97,0.4584928680446684,0.2325051006067682,-0.0012524672404969905,0.0,-0.016216008843463144,0.11958646029233932,0.9660493827160493
tomato_sum123,validation,poisson,VG_Flower_sum123_97629b8f_V2,42,raw,324,RUN_V2_bdc172cad9e09f4ec05bb43f,0.4584928680446684,0.2325051006067682,-0.0012524672404969905,0.0,-0.016216008843463144,0.11958646029233932,0.9660493827160493
tomato_sum123,validation,poisson,VG_Flower_sum123_97629b8f_V2,42,bounded,324,RUN_V2_bdc172cad9e09f4ec05bb43f,0.4584928680446684,0.2325051006067682,-0.0012524672404969905,0.0,-0.016216008843463144,0.11958646029233932,0.9660493827160493
tomato_sum123,validation,poisson,VG_Flower_sum123_97629b8f_V2,82,raw,324,RUN_V2_3acc4f6710e960bf0339aee1,0.4584928680446684,0.2325051006067682,-0.0012524672404969905,0.0,-0.016216008843463144,0.11958646029233932,0.9660493827160493
tomato_sum123,validation,poisson,VG_Flower_sum123_97629b8f_V2,82,bounded,324,RUN_V2_3acc4f6710e960bf0339aee1,0.4584928680446684,0.2325051006067682,-0.0012524672404969905,0.0,-0.016216008843463144,0.11958646029233932,0.9660493827160493
tomato_sum123,validation,poisson,VG_Flower_sum123_97629b8f_V2,62,raw,324,RUN_V2_dbf1adead29bb58d774696c3,0.4584928680446684,0.2325051006067682,-0.0012524672404969905,0.0,-0.016216008843463144,0.11958646029233932,0.9660493827160493
tomato_sum123,validation,poisson,VG_Flower_sum123_97629b8f_V2,62,bounded,324,RUN_V2_dbf1adead29bb58d774696c3,0.4584928680446684,0.2325051006067682,-0.0012524672404969905,0.0,-0.016216008843463144,0.11958646029233932,0.9660493827160493
tomato_sum123,validation,random_forest,VG_Flower_sum123_0fe0650e_V2,52,raw,324,RUN_V2_03039d49288306f16985e8eb,0.44689336011436165,0.14989339632231669,0.04876847641586046,0.13105510698290412,-0.08681186883865011,0.4619153506827966,0.9660493827160493
tomato_sum123,validation,random_forest,VG_Flower_sum123_0fe0650e_V2,52,bounded,324,RUN_V2_03039d49288306f16985e8eb,0.44689336011436165,0.14989339632231669,0.04876847641586046,0.13105510698290412,-0.08681186883865011,0.4619153506827966,0.9660493827160493
tomato_sum123,validation,random_forest,VG_Flower_sum123_0fe0650e_V2,82,raw,324,RUN_V2_4e64f16172ff661be2a903f6,0.45262625521330374,0.15035482576281314,0.024206513941099184,0.10217882192646854,-0.09420301732240983,0.4930016242291407,0.9660493827160493
tomato_sum123,validation,random_forest,VG_Flower_sum123_0fe0650e_V2,82,bounded,324,RUN_V2_4e64f16172ff661be2a903f6,0.45262625521330374,0.15035482576281314,0.024206513941099184,0.10217882192646854,-0.09420301732240983,0.4930016242291407,0.9660493827160493
tomato_sum123,validation,random_forest,VG_Flower_sum123_0fe0650e_V2,72,raw,324,RUN_V2_ebc9b53a204349184e855390,0.4497737320177865,0.1533996565442503,0.03646697198064952,0.12075382228737347,-0.08504290218044451,0.513853222944213,0.9660493827160493
tomato_sum123,validation,random_forest,VG_Flower_sum123_0fe0650e_V2,72,bounded,324,RUN_V2_ebc9b53a204349184e855390,0.4497737320177865,0.1533996565442503,0.03646697198064952,0.12075382228737347,-0.08504290218044451,0.513853222944213,0.9660493827160493
tomato_sum123,validation,random_forest,VG_Flower_sum123_0fe0650e_V2,62,raw,324,RUN_V2_91a49d8c692973d2a6ef8962,0.45095472025787703,0.15106096103394637,0.03140035721111767,0.11397055961550444,-0.09063536224382901,0.5114621922887469,0.9660493827160493
tomato_sum123,validation,random_forest,VG_Flower_sum123_0fe0650e_V2,62,bounded,324,RUN_V2_91a49d8c692973d2a6ef8962,0.45095472025787703,0.15106096103394637,0.03140035721111767,0.11397055961550444,-0.09063536224382901,0.5114621922887469,0.9660493827160493
tomato_sum123,validation,random_forest,VG_Flower_sum123_0fe0650e_V2,42,raw,324,RUN_V2_93d86936a557d0d125d5ad4e,0.4555949027871783,0.1510363111840741,0.011364631550660365,0.08980566693565654,-0.09629609592125567,0.48781331134743094,0.9660493827160493
tomato_sum123,validation,random_forest,VG_Flower_sum123_0fe0650e_V2,42,bounded,324,RUN_V2_93d86936a557d0d125d5ad4e,0.4555949027871783,0.1510363111840741,0.011364631550660365,0.08980566693565654,-0.09629609592125567,0.48781331134743094,0.9660493827160493
tomato_sum123,validation,catboost,VG_Flower_sum123_ae68a4cd_V2,52,raw,324,RUN_V2_f0a423a9dc2fe6c38f638c67,0.45209847053916885,0.16908124203765976,0.026480834434876477,0.10709667571701198,-0.09587906423451355,0.5532691874118459,0.9660493827160493
tomato_sum123,validation,catboost,VG_Flower_sum123_ae68a4cd_V2,52,bounded,324,RUN_V2_f0a423a9dc2fe6c38f638c67,0.4513381544261817,0.1589217573102159,0.02975251065444806,0.09789283378577586,-0.08571957950706965,0.5532691874118459,0.9660493827160493
tomato_sum123,validation,catboost,VG_Flower_sum123_ae68a4cd_V2,62,raw,324,RUN_V2_79a676155b11447c44d5b4a9,0.43764526061025844,0.17537644563417992,0.08773105793303182,0.1564119758766757,-0.06808191772027776,0.5084987720012657,0.9660493827160493
tomato_sum123,validation,catboost,VG_Flower_sum123_ae68a4cd_V2,62,bounded,324,RUN_V2_79a676155b11447c44d5b4a9,0.43647475564041943,0.16884621220490934,0.09260435355727159,0.1534569937998715,-0.061551684291007186,0.5084987720012657,0.9660493827160493
tomato_sum123,validation,catboost,VG_Flower_sum123_ae68a4cd_V2,82,raw,324,RUN_V2_dd5a8feb98d9a056ef95bed8,0.45760807099003936,0.17006530913078763,0.002608227169719979,0.07918528419242984,-0.09569211699469106,0.5247579772287558,0.9660493827160493
tomato_sum123,validation,catboost,VG_Flower_sum123_ae68a4cd_V2,82,bounded,324,RUN_V2_dd5a8feb98d9a056ef95bed8,0.45700726766098515,0.16183322003396547,0.005225501472502114,0.07138042722814687,-0.08746002789786889,0.5247579772287558,0.9660493827160493
tomato_sum123,validation,catboost,VG_Flower_sum123_ae68a4cd_V2,72,raw,324,RUN_V2_6e08678af25bc93e9498c4a0,0.4455339803534936,0.1745863856075029,0.05454667012035974,0.12471528451357149,-0.0823318578705658,0.4759502122486935,0.9660493827160493
tomato_sum123,validation,catboost,VG_Flower_sum123_ae68a4cd_V2,72,bounded,324,RUN_V2_6e08678af25bc93e9498c4a0,0.4446750895426456,0.16567589643065056,0.05818840563391292,0.11733677672187645,-0.07342136869371349,0.4759502122486935,0.9660493827160493
tomato_sum123,validation,catboost,VG_Flower_sum123_ae68a4cd_V2,42,raw,324,RUN_V2_d3263d2942595a3b5d562a7a,0.45609593085084504,0.17805452540804076,0.009188986360796236,0.08012902904114616,-0.07958313886409912,0.5949711803730172,0.9660493827160493
tomato_sum123,validation,catboost,VG_Flower_sum123_ae68a4cd_V2,42,bounded,324,RUN_V2_d3263d2942595a3b5d562a7a,0.4553950103800765,0.17180649811584126,0.01223196939515192,0.07519921613269684,-0.0733351115718996,0.5949711803730172,0.9660493827160493
tomato_sum123,validation,mlp,VG_Flower_sum123_8e22b3ec_V2,42,raw,324,RUN_V2_7f8ca57916da50b127e73dd1,0.44204545948157614,0.20347381631533304,0.06929446163560737,0.13087211787537986,-0.025111253683765728,0.5028597593307491,0.9598765432098766
tomato_sum123,validation,mlp,VG_Flower_sum123_8e22b3ec_V2,42,bounded,324,RUN_V2_7f8ca57916da50b127e73dd1,0.4420086897216974,0.2025965193723455,0.06944928913186532,0.1299688286122627,-0.02423395674077817,0.5028597593307491,0.9598765432098766
tomato_sum123,validation,mlp,VG_Flower_sum123_8e22b3ec_V2,82,raw,324,RUN_V2_e59cb592e8abbed8b89e18df,0.4484235046818135,0.17974777247204823,0.04224336907811155,0.12392669025608186,-0.053363098601960104,0.5204436928033829,0.9598765432098766
tomato_sum123,validation,mlp,VG_Flower_sum123_8e22b3ec_V2,82,bounded,324,RUN_V2_e59cb592e8abbed8b89e18df,0.4484214626441088,0.17954158301200765,0.04225209195137203,0.12371387437257836,-0.05315690914191949,0.5204436928033829,0.9598765432098766
tomato_sum123,validation,mlp,VG_Flower_sum123_8e22b3ec_V2,72,raw,324,RUN_V2_0e17ec2afe2f96917132a615,0.45319117504969464,0.21258237333623348,0.021769231115268406,0.09773616473879358,-0.022845686091409054,0.5257553040981282,0.9506172839506173
tomato_sum123,validation,mlp,VG_Flower_sum123_8e22b3ec_V2,72,bounded,324,RUN_V2_0e17ec2afe2f96917132a615,0.45198757199083806,0.21036808369796217,0.02695837916413102,0.09981275349002867,-0.02063139645313775,0.5257553040981282,0.9598765432098766
tomato_sum123,validation,mlp,VG_Flower_sum123_8e22b3ec_V2,52,raw,324,RUN_V2_9a828dc7828e05a7b5994432,0.440696555689128,0.1438838340755966,0.07496589983182089,0.21081025212130058,-0.09514989632607242,0.44443956017494196,0.9475308641975309
tomato_sum123,validation,mlp,VG_Flower_sum123_8e22b3ec_V2,52,bounded,324,RUN_V2_9a828dc7828e05a7b5994432,0.43957761648294724,0.13563960438801181,0.07965730434187168,0.20732142039461726,-0.08690566663848764,0.44443956017494196,0.9598765432098766
tomato_sum123,validation,mlp,VG_Flower_sum123_8e22b3ec_V2,62,raw,324,RUN_V2_2eb74298e66874ac8ff62033,0.44939427008020066,0.1655121206558873,0.03809209968436145,0.12580336292629826,-0.07473338099288536,0.590962365269661,0.9537037037037037
tomato_sum123,validation,mlp,VG_Flower_sum123_8e22b3ec_V2,62,bounded,324,RUN_V2_2eb74298e66874ac8ff62033,0.44922604926116555,0.16390624673416218,0.0388121028532914,0.12457900935566688,-0.07312750707116024,0.590962365269661,0.9598765432098766
tomato_sum123,validation,tabm,VG_Flower_sum123_8e22b3ec_V2,52,raw,324,RUN_V2_00475f4e23b11e6fb878de53,0.47604878015799834,0.18616538959768036,-0.07939734010232558,0.10845692872682933,-0.15235187390813443,0.6433908253908157,0.9382716049382716
tomato_sum123,validation,tabm,VG_Flower_sum123_8e22b3ec_V2,52,bounded,324,RUN_V2_00475f4e23b11e6fb878de53,0.46555377037319223,0.14044012542078158,-0.032328997681414284,0.09466417725681939,-0.10662660973123562,0.6433908253908157,0.9598765432098766
tomato_sum123,validation,tabm,VG_Flower_sum123_8e22b3ec_V2,82,raw,324,RUN_V2_b2de6073c42b64eb8c494e98,0.4472840904029693,0.21049459843125976,0.04710437717701654,0.13996718686517584,-0.00991619126526294,0.508768510818481,0.9598765432098766
tomato_sum123,validation,tabm,VG_Flower_sum123_8e22b3ec_V2,82,bounded,324,RUN_V2_b2de6073c42b64eb8c494e98,0.4472840904029693,0.21049459843125976,0.04710437717701654,0.13996718686517584,-0.00991619126526294,0.508768510818481,0.9598765432098766
tomato_sum123,validation,tabm,VG_Flower_sum123_8e22b3ec_V2,62,raw,324,RUN_V2_d858026f69b4d59378855174,0.46558612245996617,0.14638197520190138,-0.032472479100224216,0.10819542473497866,-0.09959511152600846,0.5365317434072494,0.9598765432098766
tomato_sum123,validation,tabm,VG_Flower_sum123_8e22b3ec_V2,62,bounded,324,RUN_V2_d858026f69b4d59378855174,0.4652651652479145,0.14414972789947772,-0.031049475912292568,0.10693575623023904,-0.09736286422358481,0.5365317434072494,0.9598765432098766
tomato_sum123,validation,tabm,VG_Flower_sum123_8e22b3ec_V2,42,raw,324,RUN_V2_726ac74032e5daa9c77f2026,0.4578326383271604,0.20161470431650494,0.0016290636136266912,0.13728871475257198,-0.025629400925273882,0.41083856821060183,0.9537037037037037
tomato_sum123,validation,tabm,VG_Flower_sum123_8e22b3ec_V2,42,bounded,324,RUN_V2_726ac74032e5daa9c77f2026,0.45609187715018423,0.19834690242660818,0.009206598591646409,0.14024689238403779,-0.02236159903537712,0.41083856821060183,0.9567901234567902
tomato_sum123,validation,tabm,VG_Flower_sum123_8e22b3ec_V2,72,raw,324,RUN_V2_e504669ccd3e1abc5ce9f1a1,0.45828651027116246,0.22823422280266698,-0.0003513856861487863,0.1346650961652447,0.013558301660749648,0.46962795555591563,0.9567901234567902
tomato_sum123,validation,tabm,VG_Flower_sum123_8e22b3ec_V2,72,bounded,324,RUN_V2_e504669ccd3e1abc5ce9f1a1,0.45828651027116246,0.22823422280266698,-0.0003513856861487863,0.1346650961652447,0.013558301660749648,0.46962795555591563,0.9567901234567902
tomato_sum123,validation,tft,VG_Flower_sum123_6ca978e8_V2,72,raw,324,RUN_V2_c3036d5b684d67e838c6f077,0.45975432191782795,0.24954686589814998,-0.00676954890863235,0.31071175177374255,0.08392383415757874,0.49971033930778475,0.9598765432098766
tomato_sum123,validation,tft,VG_Flower_sum123_6ca978e8_V2,72,bounded,324,RUN_V2_c3036d5b684d67e838c6f077,0.45975432191782795,0.24954686589814998,-0.00676954890863235,0.31071175177374255,0.08392383415757874,0.49971033930778475,0.9598765432098766
tomato_sum123,validation,tft,VG_Flower_sum123_6ca978e8_V2,52,raw,324,RUN_V2_1d57795e096d7fabc0caf003,0.47606008296023217,0.2264513102716502,-0.07944859686427952,0.26449432432832487,-0.17114626085040746,0.31722032129764555,0.941358024691358
tomato_sum123,validation,tft,VG_Flower_sum123_6ca978e8_V2,52,bounded,324,RUN_V2_1d57795e096d7fabc0caf003,0.45345760547213615,0.13247902486703278,0.02061869216624712,0.24522112453675063,-0.07717397544579005,0.31722032129764555,0.9629629629629629
tomato_sum123,validation,tft,VG_Flower_sum123_6ca978e8_V2,42,raw,324,RUN_V2_c23d0b2fc1baaf2b5c5516b1,0.43562119467450566,0.21649391268506463,0.09614985156957412,0.250204664990184,0.02420302360881994,0.47134635448455786,0.9598765432098766
tomato_sum123,validation,tft,VG_Flower_sum123_6ca978e8_V2,42,bounded,324,RUN_V2_c23d0b2fc1baaf2b5c5516b1,0.43562119467450566,0.21649391268506463,0.09614985156957412,0.250204664990184,0.02420302360881994,0.47134635448455786,0.9598765432098766
tomato_sum123,validation,tft,VG_Flower_sum123_6ca978e8_V2,62,raw,324,RUN_V2_5711c15a089bea521cddc229,0.43831750304302675,0.20857234264689464,0.08492633479340417,0.1370833115602176,-0.02304636661745148,0.4918445765972135,0.9629629629629629
tomato_sum123,validation,tft,VG_Flower_sum123_6ca978e8_V2,62,bounded,324,RUN_V2_5711c15a089bea521cddc229,0.4382173840121594,0.20705927896922754,0.08534432323581065,0.13568650101799953,-0.02153330293978438,0.4918445765972135,0.9660493827160493
tomato_sum123,validation,tft,VG_Flower_sum123_6ca978e8_V2,82,raw,324,RUN_V2_d330c6241c45ff538af50893,0.45144117089367564,0.15766547997424632,0.029309548433036015,0.2580855997986116,-0.04636493233250983,0.4534669697284686,0.9629629629629629
tomato_sum123,validation,tft,VG_Flower_sum123_6ca978e8_V2,82,bounded,324,RUN_V2_d330c6241c45ff538af50893,0.45144011229837555,0.15756207483786125,0.02931410081864605,0.25801063472635155,-0.046261527196124745,0.4534669697284686,0.9629629629629629
tomato_sum123,validation,persistence,PERSISTENCE,42,raw,324,RUN_V2_ba424d0a66ce16fd6b70b593,0.5414885747116092,0.1574074074074074,-0.39655172413793127,0.3388607268665694,0.015432098765432098,0.6999999999999886,0.9567901234567902
tomato_sum123,validation,persistence,PERSISTENCE,42,bounded,324,RUN_V2_ba424d0a66ce16fd6b70b593,0.5414885747116092,0.1574074074074074,-0.39655172413793127,0.3388607268665694,0.015432098765432098,0.6999999999999886,0.9567901234567902
tomato_sum123,test,poisson,VG_Flower_sum123_97629b8f_V2,82,raw,286,RUN_V2_d858227247d19bbf43ecae23,1.9542437170026565,0.4671959620151486,-50.244181015637594,0.09078062224108463,0.4103471349690344,0.1530989706516266,0.965034965034965
tomato_sum123,test,poisson,VG_Flower_sum123_97629b8f_V2,82,bounded,286,RUN_V2_d858227247d19bbf43ecae23,1.9542437170026565,0.4671959620151486,-50.244181015637594,0.09078062224108463,0.4103471349690344,0.1530989706516266,0.965034965034965
tomato_sum123,test,poisson,VG_Flower_sum123_97629b8f_V2,42,raw,286,RUN_V2_865d87682d43c0e3eb7b4017,1.9542437170026565,0.4671959620151486,-50.244181015637594,0.09078062224108463,0.4103471349690344,0.1530989706516266,0.965034965034965
tomato_sum123,test,poisson,VG_Flower_sum123_97629b8f_V2,42,bounded,286,RUN_V2_865d87682d43c0e3eb7b4017,1.9542437170026565,0.4671959620151486,-50.244181015637594,0.09078062224108463,0.4103471349690344,0.1530989706516266,0.965034965034965
tomato_sum123,test,poisson,VG_Flower_sum123_97629b8f_V2,72,raw,286,RUN_V2_7902a73b7f839df8a8473ee2,1.9542437170026565,0.4671959620151486,-50.244181015637594,0.09078062224108463,0.4103471349690344,0.1530989706516266,0.965034965034965
tomato_sum123,test,poisson,VG_Flower_sum123_97629b8f_V2,72,bounded,286,RUN_V2_7902a73b7f839df8a8473ee2,1.9542437170026565,0.4671959620151486,-50.244181015637594,0.09078062224108463,0.4103471349690344,0.1530989706516266,0.965034965034965
tomato_sum123,test,poisson,VG_Flower_sum123_97629b8f_V2,52,raw,286,RUN_V2_f1fbba151225a8df1c64a0d8,1.9542437170026565,0.4671959620151486,-50.244181015637594,0.09078062224108463,0.4103471349690344,0.1530989706516266,0.965034965034965
tomato_sum123,test,poisson,VG_Flower_sum123_97629b8f_V2,52,bounded,286,RUN_V2_f1fbba151225a8df1c64a0d8,1.9542437170026565,0.4671959620151486,-50.244181015637594,0.09078062224108463,0.4103471349690344,0.1530989706516266,0.965034965034965
tomato_sum123,test,poisson,VG_Flower_sum123_97629b8f_V2,62,raw,286,RUN_V2_421765e63ed2b99dd82fef36,1.9542437170026565,0.4671959620151486,-50.244181015637594,0.09078062224108463,0.4103471349690344,0.1530989706516266,0.965034965034965
tomato_sum123,test,poisson,VG_Flower_sum123_97629b8f_V2,62,bounded,286,RUN_V2_421765e63ed2b99dd82fef36,1.9542437170026565,0.4671959620151486,-50.244181015637594,0.09078062224108463,0.4103471349690344,0.1530989706516266,0.965034965034965
tomato_sum123,test,random_forest,VG_Flower_sum123_0fe0650e_V2,72,raw,286,RUN_V2_7a6d4d9af6d9152c0efab530,1.350648575216315,0.24338832503686883,-23.47776931186597,0.12837924887574903,0.20211952966005714,0.054335906937906145,0.9685314685314685
tomato_sum123,test,random_forest,VG_Flower_sum123_0fe0650e_V2,72,bounded,286,RUN_V2_7a6d4d9af6d9152c0efab530,1.350648575216315,0.24338832503686883,-23.47776931186597,0.12837924887574903,0.20211952966005714,0.054335906937906145,0.9685314685314685
tomato_sum123,test,random_forest,VG_Flower_sum123_0fe0650e_V2,42,raw,286,RUN_V2_c23de08fa5ef958b39a8db29,1.4196404711973885,0.25397746662169307,-26.04231400952827,0.12199951690707679,0.21233543976214825,0.06540840816949306,0.9685314685314685
tomato_sum123,test,random_forest,VG_Flower_sum123_0fe0650e_V2,42,bounded,286,RUN_V2_c23de08fa5ef958b39a8db29,1.4196404711973885,0.25397746662169307,-26.04231400952827,0.12199951690707679,0.21233543976214825,0.06540840816949306,0.9685314685314685
tomato_sum123,test,random_forest,VG_Flower_sum123_0fe0650e_V2,52,raw,286,RUN_V2_1d5a469ea91b347fc19b3b67,1.3500143432026723,0.24334526598495962,-23.454786368383086,0.1278151090445342,0.20143022223672027,0.05727048277407462,0.9685314685314685
tomato_sum123,test,random_forest,VG_Flower_sum123_0fe0650e_V2,52,bounded,286,RUN_V2_1d5a469ea91b347fc19b3b67,1.3500143432026723,0.24334526598495962,-23.454786368383086,0.1278151090445342,0.20143022223672027,0.05727048277407462,0.9685314685314685
tomato_sum123,test,random_forest,VG_Flower_sum123_0fe0650e_V2,62,raw,286,RUN_V2_a16bf4077f84657bfa5ac674,1.3663567342358698,0.24683560156641007,-24.050437269977234,0.12688293516382912,0.20591968650523548,0.0683009499887926,0.9685314685314685
tomato_sum123,test,random_forest,VG_Flower_sum123_0fe0650e_V2,62,bounded,286,RUN_V2_a16bf4077f84657bfa5ac674,1.3663567342358698,0.24683560156641007,-24.050437269977234,0.12688293516382912,0.20591968650523548,0.0683009499887926,0.9685314685314685
tomato_sum123,test,random_forest,VG_Flower_sum123_0fe0650e_V2,82,raw,286,RUN_V2_b76c2e48463c7706aec50416,1.3372032793900186,0.24227505598351035,-22.992857460828827,0.1293619016067602,0.19972008353856965,0.07745393210698728,0.9685314685314685
tomato_sum123,test,random_forest,VG_Flower_sum123_0fe0650e_V2,82,bounded,286,RUN_V2_b76c2e48463c7706aec50416,1.3372032793900186,0.24227505598351035,-22.992857460828827,0.1293619016067602,0.19972008353856965,0.07745393210698728,0.9685314685314685
tomato_sum123,test,catboost,VG_Flower_sum123_ae68a4cd_V2,72,raw,286,RUN_V2_e94897855963ac7ae85ef987,0.2672146057995068,0.10044990667853505,0.041907383264549125,0.38301137001604246,-0.006238679852504414,0.11570109791411459,0.972027972027972
tomato_sum123,test,catboost,VG_Flower_sum123_ae68a4cd_V2,72,bounded,286,RUN_V2_e94897855963ac7ae85ef987,0.26496640320500425,0.07819462240073699,0.05796133397280934,0.3751250036806036,0.016016604425293655,0.11490445806207275,0.972027972027972
tomato_sum123,test,catboost,VG_Flower_sum123_ae68a4cd_V2,52,raw,286,RUN_V2_449c323364f74c30e71edb65,0.2760032234740302,0.09913784867401253,-0.022151844027143097,0.34930041117421967,-0.0019581915604061496,0.12045579546839909,0.972027972027972
tomato_sum123,test,catboost,VG_Flower_sum123_ae68a4cd_V2,52,bounded,286,RUN_V2_449c323364f74c30e71edb65,0.27399825886390944,0.08088570376848994,-0.007355388976654886,0.3440165172266716,0.016293953345116432,0.12045579546839909,0.972027972027972
tomato_sum123,test,catboost,VG_Flower_sum123_ae68a4cd_V2,42,raw,286,RUN_V2_dc52062e44226034befee18d,0.26904523138038205,0.09198011467697954,0.028735074362353563,0.3887081456611293,-0.002694492851463606,0.11518239676132938,0.972027972027972
tomato_sum123,test,catboost,VG_Flower_sum123_ae68a4cd_V2,42,bounded,286,RUN_V2_dc52062e44226034befee18d,0.26767420545585496,0.07545886441209633,0.038608778236162156,0.38265345379182264,0.013826757413419606,0.11518239676132938,0.972027972027972
tomato_sum123,test,catboost,VG_Flower_sum123_ae68a4cd_V2,82,raw,286,RUN_V2_9222b123979cac990fe23b40,0.2786437125900051,0.11710638657006761,-0.041803000232896625,0.34539244154175386,0.015418282050141577,0.20251557394612443,0.972027972027972
tomato_sum123,test,catboost,VG_Flower_sum123_ae68a4cd_V2,82,bounded,286,RUN_V2_9222b123979cac990fe23b40,0.2768853499606085,0.09819581195345424,-0.02869602927783066,0.3378389941930042,0.03432885666675495,0.20251557394612443,0.972027972027972
tomato_sum123,test,catboost,VG_Flower_sum123_ae68a4cd_V2,62,raw,286,RUN_V2_008f22a15e4c9eb85e730c88,0.2614255069328057,0.0984281648469122,0.08297109366168165,0.40288912735990945,-0.005457756312002245,0.12266689033504535,0.972027972027972
tomato_sum123,test,catboost,VG_Flower_sum123_ae68a4cd_V2,62,bounded,286,RUN_V2_008f22a15e4c9eb85e730c88,0.25929041968636546,0.07701402432606846,0.09788885296299288,0.3956628195185758,0.01595638420884152,0.12266689033504535,0.972027972027972
tomato_sum123,test,mlp,VG_Flower_sum123_8e22b3ec_V2,82,raw,286,RUN_V2_3659d7e306ff32e472e57ec7,1.1659196677022363,0.3247860607306857,-17.239980291480986,0.1867098755312528,0.3146372402829307,0.46901410818099976,0.9545454545454546
tomato_sum123,test,mlp,VG_Flower_sum123_8e22b3ec_V2,82,bounded,286,RUN_V2_3659d7e306ff32e472e57ec7,1.1659195073064301,0.32473501409371414,-17.239975272925722,0.18670748558732295,0.31468828691990225,0.46901410818099976,0.9545454545454546
tomato_sum123,test,mlp,VG_Flower_sum123_8e22b3ec_V2,72,raw,286,RUN_V2_4cb4f25a50be622adf3ecb92,0.9016031437059727,0.2790691439531275,-9.907317184720695,0.24039456742895027,0.2521933648422673,0.24387292563915253,0.9545454545454546
tomato_sum123,test,mlp,VG_Flower_sum123_8e22b3ec_V2,72,bounded,286,RUN_V2_4cb4f25a50be622adf3ecb92,0.9009407969504066,0.27216099851302333,-9.891297337071785,0.2401823294595349,0.25910151028237144,0.19315141439437866,0.9545454545454546
tomato_sum123,test,mlp,VG_Flower_sum123_8e22b3ec_V2,42,raw,286,RUN_V2_0cb1963532831a77ac747d8c,0.7417162439482274,0.24799563115710146,-6.381807041790217,0.2791616251072898,0.20933719120033972,0.21556293964385986,0.951048951048951
tomato_sum123,test,mlp,VG_Flower_sum123_8e22b3ec_V2,42,bounded,286,RUN_V2_0cb1963532831a77ac747d8c,0.7402080716826683,0.23721126823887959,-6.351817896927152,0.2794192484905951,0.22012155411856157,0.12485223636031151,0.9545454545454546
tomato_sum123,test,mlp,VG_Flower_sum123_8e22b3ec_V2,62,raw,286,RUN_V2_bfdb412796948f0c8f7c6eeb,0.9313681638537419,0.24129999002402688,-10.639381024696391,0.2347512215594879,0.20262261371330156,0.20839278399944305,0.951048951048951
tomato_sum123,test,mlp,VG_Flower_sum123_8e22b3ec_V2,62,bounded,286,RUN_V2_bfdb412796948f0c8f7c6eeb,0.9300057379233024,0.22874987535048408,-10.605353243693814,0.23505247283192063,0.21517272838684437,0.10498037189245224,0.9545454545454546
tomato_sum123,test,mlp,VG_Flower_sum123_8e22b3ec_V2,52,raw,286,RUN_V2_deec8f751911e01f3b78bd14,0.7488564429271859,0.20901984070147667,-6.52461439878618,0.2870355508580614,0.15457227607290228,0.3083280920982361,0.9475524475524476
tomato_sum123,test,mlp,VG_Flower_sum123_8e22b3ec_V2,52,bounded,286,RUN_V2_deec8f751911e01f3b78bd14,0.7472579490995186,0.18884043437200826,-6.492524904545583,0.2865533556535912,0.17475168240237068,0.3083280920982361,0.951048951048951
tomato_sum123,test,tabm,VG_Flower_sum123_8e22b3ec_V2,62,raw,286,RUN_V2_8e9b2ab1aebcadfe38cb6113,1.0425358863002867,0.24261414788181443,-13.583747432286764,0.217039968276182,0.20865540874640007,0.21503271907567978,0.951048951048951
tomato_sum123,test,tabm,VG_Flower_sum123_8e22b3ec_V2,62,bounded,286,RUN_V2_8e9b2ab1aebcadfe38cb6113,1.0412189864789552,0.22949349882009512,-13.546927204146566,0.21728114768869078,0.2217760578081194,0.15425218641757965,0.9545454545454546
tomato_sum123,test,tabm,VG_Flower_sum123_8e22b3ec_V2,72,raw,286,RUN_V2_267d0cd438e93c9a596479e9,1.8236092891639502,0.4737939389188077,-43.62217133690794,0.12327145548551502,0.45926233147225387,0.2008301466703415,0.9475524475524476
tomato_sum123,test,tabm,VG_Flower_sum123_8e22b3ec_V2,72,bounded,286,RUN_V2_267d0cd438e93c9a596479e9,1.8233850174649027,0.4694351805895046,-43.611196535596925,0.12319938014834655,0.463621089801557,0.19578423351049423,0.9475524475524476
tomato_sum123,test,tabm,VG_Flower_sum123_8e22b3ec_V2,52,raw,286,RUN_V2_e799cb37ce3efacc030a38b7,1.1247246106719428,0.2770789173053955,-15.97381656430855,0.2012391282376042,0.18012970420564492,0.08828504756093025,0.951048951048951
tomato_sum123,test,tabm,VG_Flower_sum123_8e22b3ec_V2,52,bounded,286,RUN_V2_e799cb37ce3efacc030a38b7,1.1236983605003144,0.23381252543531827,-15.942855322993761,0.1994133400981422,0.22339609607572217,0.058572436682879925,0.9545454545454546
tomato_sum123,test,tabm,VG_Flower_sum123_8e22b3ec_V2,82,raw,286,RUN_V2_95148619b667ad96da7d1007,1.0381768402077673,0.35762891153824494,-13.462047400209213,0.20913248509806207,0.35400067760863085,0.6861319243907928,0.9545454545454546
tomato_sum123,test,tabm,VG_Flower_sum123_8e22b3ec_V2,82,bounded,286,RUN_V2_95148619b667ad96da7d1007,1.0381768402077673,0.35762891153824494,-13.462047400209213,0.20913248509806207,0.35400067760863085,0.6861319243907928,0.9545454545454546
tomato_sum123,test,tabm,VG_Flower_sum123_8e22b3ec_V2,42,raw,286,RUN_V2_621a89b81856df3f71707852,1.2385663514987286,0.4086339297733706,-19.583805162644072,0.18143711007977634,0.21733084377194462,0.9071290493011475,0.9405594405594405
tomato_sum123,test,tabm,VG_Flower_sum123_8e22b3ec_V2,42,bounded,286,RUN_V2_621a89b81856df3f71707852,1.2045723595128581,0.3164788902691611,-18.469414663821688,0.18878551195001247,0.3094858832761541,0.08393704891204834,0.9440559440559441
tomato_sum123,test,tft,VG_Flower_sum123_6ca978e8_V2,72,raw,286,RUN_V2_f1809eb07b920431080b139a,0.5295003378331885,0.2500194889994768,-2.762006927950069,0.3725622080273656,0.23859268755137503,0.14708340913057327,0.951048951048951
tomato_sum123,test,tft,VG_Flower_sum123_6ca978e8_V2,72,bounded,286,RUN_V2_f1809eb07b920431080b139a,0.5295003378331885,0.2500194889994768,-2.762006927950069,0.3725622080273656,0.23859268755137503,0.14708340913057327,0.951048951048951
tomato_sum123,test,tft,VG_Flower_sum123_6ca978e8_V2,62,raw,286,RUN_V2_f450d3a3af98f25ce70bcd67,0.4117278172377963,0.18098407861340296,-1.274613056379164,0.3930473668572639,0.15325148687600257,0.3213041126728058,0.972027972027972
tomato_sum123,test,tft,VG_Flower_sum123_6ca978e8_V2,62,bounded,286,RUN_V2_f450d3a3af98f25ce70bcd67,0.4117180068859706,0.18041617108079103,-1.2745046620100382,0.392937884726672,0.15381939440861447,0.3213041126728058,0.972027972027972
tomato_sum123,test,tft,VG_Flower_sum123_6ca978e8_V2,52,raw,286,RUN_V2_e955be784fc1f663a3892a32,0.522919434402226,0.22397144164864,-2.6690757109383183,0.41126419152203436,0.034125315194780174,0.13161376118659973,0.951048951048951
tomato_sum123,test,tft,VG_Flower_sum123_6ca978e8_V2,52,bounded,286,RUN_V2_e955be784fc1f663a3892a32,0.5135737876109502,0.13421623658883822,-2.539099779711485,0.4085969382366955,0.12388052025458196,0.06022454798221588,0.951048951048951
tomato_sum123,test,tft,VG_Flower_sum123_6ca978e8_V2,42,raw,286,RUN_V2_2774d3877e1f069bdd4459e1,0.5231678994460107,0.21708889795350028,-2.672563260182973,0.3585785477857471,0.20229340287355277,0.13760894536972046,0.951048951048951
tomato_sum123,test,tft,VG_Flower_sum123_6ca978e8_V2,42,bounded,286,RUN_V2_2774d3877e1f069bdd4459e1,0.5231678994460107,0.21708889795350028,-2.672563260182973,0.3585785477857471,0.20229340287355277,0.13760894536972046,0.951048951048951
tomato_sum123,test,tft,VG_Flower_sum123_6ca978e8_V2,82,raw,286,RUN_V2_c85f4214b47a7fc373fb6deb,0.4952581902785253,0.1497789183436157,-2.291170947408952,0.4233639388957631,0.13839431000235197,0.04619234800338745,0.951048951048951
tomato_sum123,test,tft,VG_Flower_sum123_6ca978e8_V2,82,bounded,286,RUN_V2_c85f4214b47a7fc373fb6deb,0.4952536578963703,0.1494841561294519,-2.291110709026195,0.4233292839690685,0.13868907221651577,0.04619234800338745,0.951048951048951
tomato_sum123,test,persistence,PERSISTENCE,42,raw,286,RUN_V2_76991b8c4d1fd0e0cabf9814,0.7409123085433585,0.1853146853146853,-6.365813648293963,0.2884219200659251,0.17832167832167833,0.0,0.9545454545454546
tomato_sum123,test,persistence,PERSISTENCE,42,bounded,286,RUN_V2_76991b8c4d1fd0e0cabf9814,0.7409123085433585,0.1853146853146853,-6.365813648293963,0.2884219200659251,0.17832167832167833,0.0,0.9545454545454546
strawberry_first,validation,poisson,VG_Fruit_first_8862f2b1_V2,52,raw,780,RUN_V2_248c54ddf7f8e455d70ba0da,1.3549948227240232,0.7596278407706473,0.6598997281673764,0.7846258541989961,0.08673554002426756,1.8875789642333984,0.7846153846153846
strawberry_first,validation,poisson,VG_Fruit_first_8862f2b1_V2,52,bounded,780,RUN_V2_248c54ddf7f8e455d70ba0da,1.3549948227240232,0.7596278407706473,0.6598997281673764,0.7846258541989961,0.08673554002426756,1.8875789642333984,0.7846153846153846
strawberry_first,validation,poisson,VG_Fruit_first_8862f2b1_V2,72,raw,780,RUN_V2_6845d120b7d8ca711d6dbb9d,1.3549948227240232,0.7596278407706473,0.6598997281673764,0.7846258541989961,0.08673554002426756,1.8875789642333984,0.7846153846153846
strawberry_first,validation,poisson,VG_Fruit_first_8862f2b1_V2,72,bounded,780,RUN_V2_6845d120b7d8ca711d6dbb9d,1.3549948227240232,0.7596278407706473,0.6598997281673764,0.7846258541989961,0.08673554002426756,1.8875789642333984,0.7846153846153846
strawberry_first,validation,poisson,VG_Fruit_first_8862f2b1_V2,62,raw,780,RUN_V2_5e4e56dd0e43ce441e60d9ec,1.3549948227240232,0.7596278407706473,0.6598997281673764,0.7846258541989961,0.08673554002426756,1.8875789642333984,0.7846153846153846
strawberry_first,validation,poisson,VG_Fruit_first_8862f2b1_V2,62,bounded,780,RUN_V2_5e4e56dd0e43ce441e60d9ec,1.3549948227240232,0.7596278407706473,0.6598997281673764,0.7846258541989961,0.08673554002426756,1.8875789642333984,0.7846153846153846
strawberry_first,validation,poisson,VG_Fruit_first_8862f2b1_V2,82,raw,780,RUN_V2_69d4f448eee72a76749dbde5,1.3549948227240232,0.7596278407706473,0.6598997281673764,0.7846258541989961,0.08673554002426756,1.8875789642333984,0.7846153846153846
strawberry_first,validation,poisson,VG_Fruit_first_8862f2b1_V2,82,bounded,780,RUN_V2_69d4f448eee72a76749dbde5,1.3549948227240232,0.7596278407706473,0.6598997281673764,0.7846258541989961,0.08673554002426756,1.8875789642333984,0.7846153846153846
strawberry_first,validation,poisson,VG_Fruit_first_8862f2b1_V2,42,raw,780,RUN_V2_c35f47d61ad2be58fa62abb0,1.3549948227240232,0.7596278407706473,0.6598997281673764,0.7846258541989961,0.08673554002426756,1.8875789642333984,0.7846153846153846
strawberry_first,validation,poisson,VG_Fruit_first_8862f2b1_V2,42,bounded,780,RUN_V2_c35f47d61ad2be58fa62abb0,1.3549948227240232,0.7596278407706473,0.6598997281673764,0.7846258541989961,0.08673554002426756,1.8875789642333984,0.7846153846153846
strawberry_first,validation,random_forest,VG_Fruit_first_6e61b2c4_V2,52,raw,780,RUN_V2_535b2a2855f2158f4b5fb7f3,1.3122370642314165,0.6152544011065589,0.6810252483648818,0.8277354848389818,0.08822679480834206,1.8386138798335758,0.8371794871794872
strawberry_first,validation,random_forest,VG_Fruit_first_6e61b2c4_V2,52,bounded,780,RUN_V2_535b2a2855f2158f4b5fb7f3,1.3122370642314165,0.6152544011065589,0.6810252483648818,0.8277354848389818,0.08822679480834206,1.8386138798335758,0.8371794871794872
strawberry_first,validation,random_forest,VG_Fruit_first_6e61b2c4_V2,62,raw,780,RUN_V2_721179c3418a48cc523fac71,1.3137091395509397,0.6163880302122668,0.6803091914161001,0.8271893612794183,0.08680541351846753,1.8380213854383753,0.8371794871794872
strawberry_first,validation,random_forest,VG_Fruit_first_6e61b2c4_V2,62,bounded,780,RUN_V2_721179c3418a48cc523fac71,1.3137091395509397,0.6163880302122668,0.6803091914161001,0.8271893612794183,0.08680541351846753,1.8380213854383753,0.8371794871794872
strawberry_first,validation,random_forest,VG_Fruit_first_6e61b2c4_V2,72,raw,780,RUN_V2_c3d187c59229292931a002db,1.3116119087965745,0.6168541932418783,0.6813290978832154,0.8272078507415982,0.08662781092042175,1.8380048915097518,0.8371794871794872
strawberry_first,validation,random_forest,VG_Fruit_first_6e61b2c4_V2,72,bounded,780,RUN_V2_c3d187c59229292931a002db,1.3116119087965745,0.6168541932418783,0.6813290978832154,0.8272078507415982,0.08662781092042175,1.8380048915097518,0.8371794871794872
strawberry_first,validation,random_forest,VG_Fruit_first_6e61b2c4_V2,82,raw,780,RUN_V2_2252a5d563ba5a8211b7dc7c,1.310427423240811,0.6180406549736241,0.6819044062347204,0.8279298789840459,0.08827222074673632,1.8357510498539509,0.8371794871794872
strawberry_first,validation,random_forest,VG_Fruit_first_6e61b2c4_V2,82,bounded,780,RUN_V2_2252a5d563ba5a8211b7dc7c,1.310427423240811,0.6180406549736241,0.6819044062347204,0.8279298789840459,0.08827222074673632,1.8357510498539509,0.8371794871794872
strawberry_first,validation,random_forest,VG_Fruit_first_6e61b2c4_V2,42,raw,780,RUN_V2_93fdf169b33015e7162514e0,1.3145791149078698,0.6181092295594401,0.6798856346219363,0.8266652880502856,0.08805295115827841,1.8358866116951227,0.8371794871794872
strawberry_first,validation,random_forest,VG_Fruit_first_6e61b2c4_V2,42,bounded,780,RUN_V2_93fdf169b33015e7162514e0,1.3145791149078698,0.6181092295594401,0.6798856346219363,0.8266652880502856,0.08805295115827841,1.8358866116951227,0.8371794871794872
strawberry_first,validation,catboost,VG_Fruit_first_6e61b2c4_V2,82,raw,780,RUN_V2_e5b6dac8a5f939cdfd2b661a,1.3031834939254032,0.622525565158045,0.6854114957165758,0.8339935227216841,0.08737496410680812,1.9492716556871699,0.8435897435897436
strawberry_first,validation,catboost,VG_Fruit_first_6e61b2c4_V2,82,bounded,780,RUN_V2_e5b6dac8a5f939cdfd2b661a,1.303171852052787,0.6217717028701409,0.685417116387727,0.8339711192683887,0.08812882639471223,1.9492716556871699,0.8435897435897436
strawberry_first,validation,catboost,VG_Fruit_first_6e61b2c4_V2,42,raw,780,RUN_V2_ec3a317f75b4a36dcd63740f,1.297756622196792,0.619242470185034,0.6880261340078317,0.8345602301558893,0.08009323610378993,2.0072243913609804,0.841025641025641
strawberry_first,validation,catboost,VG_Fruit_first_6e61b2c4_V2,42,bounded,780,RUN_V2_ec3a317f75b4a36dcd63740f,1.2977247127750091,0.6181948416281117,0.6880414755335362,0.8345323951846844,0.08114086466071244,2.0072243913609804,0.841025641025641
strawberry_first,validation,catboost,VG_Fruit_first_6e61b2c4_V2,72,raw,780,RUN_V2_7121c8c860f8c2fd2bc3f0cf,1.2932908307872015,0.6149009230881392,0.690169545269415,0.836446306335603,0.08325023197223763,1.989972150733412,0.8423076923076923
strawberry_first,validation,catboost,VG_Fruit_first_6e61b2c4_V2,72,bounded,780,RUN_V2_7121c8c860f8c2fd2bc3f0cf,1.2932727066604537,0.6139668259973293,0.6901782291121381,0.8364197597018216,0.08418432906304742,1.989972150733412,0.8423076923076923
strawberry_first,validation,catboost,VG_Fruit_first_6e61b2c4_V2,52,raw,780,RUN_V2_4d8140d1787d7725ac5e4ce5,1.2993399642096768,0.6208138782828067,0.6872644154360649,0.8348127438847528,0.08354456044629596,1.9318935604018148,0.841025641025641
strawberry_first,validation,catboost,VG_Fruit_first_6e61b2c4_V2,52,bounded,780,RUN_V2_4d8140d1787d7725ac5e4ce5,1.2992919696821472,0.6193072233399958,0.6872875184265476,0.8347734046408043,0.0850512153891068,1.9318935604018148,0.841025641025641
strawberry_first,validation,catboost,VG_Fruit_first_6e61b2c4_V2,62,raw,780,RUN_V2_f5e7c2431bca589938ac6892,1.2961255344042983,0.6169386290510918,0.6888098510421659,0.8353718385652797,0.0809276737278039,1.9995675066119858,0.8384615384615385
strawberry_first,validation,catboost,VG_Fruit_first_6e61b2c4_V2,62,bounded,780,RUN_V2_f5e7c2431bca589938ac6892,1.2961149567303014,0.6161948361123466,0.6888149302639351,0.8353496807529909,0.08167146666654908,1.9995675066119858,0.8384615384615385
strawberry_first,validation,mlp,VG_Fruit_first_6e61b2c4_V2,82,raw,780,RUN_V2_0233588f6c647663b7093043,1.2989501533184813,0.5891636645278105,0.6874520329244924,0.8352900038506561,0.05534013892786625,1.8936073064804086,0.8448717948717949
strawberry_first,validation,mlp,VG_Fruit_first_6e61b2c4_V2,82,bounded,780,RUN_V2_0233588f6c647663b7093043,1.2988894955806969,0.5867660713596986,0.6874812226665734,0.8352244345889714,0.0577377320959782,1.8936073064804086,0.8448717948717949
strawberry_first,validation,mlp,VG_Fruit_first_6e61b2c4_V2,52,raw,780,RUN_V2_82b50c0d520ec80d6948ce3b,1.2999654071675377,0.6355033443285487,0.6869632696998189,0.8364959359436351,0.13156457953632641,1.9118027210235595,0.8423076923076923
strawberry_first,validation,mlp,VG_Fruit_first_6e61b2c4_V2,52,bounded,780,RUN_V2_82b50c0d520ec80d6948ce3b,1.2999580375440338,0.6349013613345913,0.686966818957812,0.8364781209158386,0.13216656253028375,1.9118027210235595,0.8423076923076923
strawberry_first,validation,mlp,VG_Fruit_first_6e61b2c4_V2,62,raw,780,RUN_V2_3ccf2c4f9c5340fa753dbb2c,1.2870242533628586,0.581565277144695,0.6931648075566713,0.8391170661623429,0.05655089572836191,1.9002684712409976,0.841025641025641
strawberry_first,validation,mlp,VG_Fruit_first_6e61b2c4_V2,62,bounded,780,RUN_V2_3ccf2c4f9c5340fa753dbb2c,1.286788895394141,0.5767877499644573,0.6932770191243406,0.8390145383353763,0.06132842290859956,1.9002684712409976,0.841025641025641
strawberry_first,validation,mlp,VG_Fruit_first_6e61b2c4_V2,42,raw,780,RUN_V2_f99601235c992c61720f4be9,1.2989713813462442,0.5737226018968683,0.6874418172420513,0.8365930500181199,0.04545272337989165,1.8771973997354507,0.8423076923076923
strawberry_first,validation,mlp,VG_Fruit_first_6e61b2c4_V2,42,bounded,780,RUN_V2_f99601235c992c61720f4be9,1.2988296647880482,0.5713172404334331,0.6875100131303966,0.8365454547594675,0.04785808484332684,1.8771973997354507,0.8423076923076923
strawberry_first,validation,mlp,VG_Fruit_first_6e61b2c4_V2,72,raw,780,RUN_V2_f255d79843af2bff5f6486e7,1.262784109356348,0.5745728431365047,0.7046139891617633,0.8397328594437936,0.01867231244746691,1.8653976172208786,0.841025641025641
strawberry_first,validation,mlp,VG_Fruit_first_6e61b2c4_V2,72,bounded,780,RUN_V2_f255d79843af2bff5f6486e7,1.262543866939147,0.5697650014064632,0.7047263717904562,0.8396264843992984,0.023480154177508292,1.8653976172208786,0.841025641025641
strawberry_first,validation,tabm,VG_Fruit_first_89fd3023_V2,62,raw,780,RUN_V2_4d844c094aa84635d6e3760f,1.3627038568011278,0.5990078174986709,0.6560188234859575,0.8300341926556677,0.12890998034093243,1.8326433658599854,0.8333333333333334
strawberry_first,validation,tabm,VG_Fruit_first_89fd3023_V2,62,bounded,780,RUN_V2_4d844c094aa84635d6e3760f,1.3626676009381022,0.5977238131424364,0.6560371270497902,0.8300010754854976,0.13019398469716692,1.8326433658599854,0.8333333333333334
strawberry_first,validation,tabm,VG_Fruit_first_89fd3023_V2,42,raw,780,RUN_V2_0240d36bb3a8425763a480b4,1.3600083048457448,0.6359924964296321,0.6573783295393505,0.8264035400945725,0.214868289583291,1.7071241974830635,0.8397435897435898
strawberry_first,validation,tabm,VG_Fruit_first_89fd3023_V2,42,bounded,780,RUN_V2_0240d36bb3a8425763a480b4,1.3600083048457448,0.6359924964296321,0.6573783295393505,0.8264035400945725,0.214868289583291,1.7071241974830635,0.8397435897435898
strawberry_first,validation,tabm,VG_Fruit_first_89fd3023_V2,72,raw,780,RUN_V2_1ed8ca0e11dc3f1043531ef4,1.2426021179435442,0.5341339864194966,0.7139803397600915,0.8348780038218185,-0.023924998038758836,1.5945427417755127,0.8217948717948718
strawberry_first,validation,tabm,VG_Fruit_first_89fd3023_V2,72,bounded,780,RUN_V2_1ed8ca0e11dc3f1043531ef4,1.2425962687863383,0.5335284754156302,0.7139830324482739,0.8348575580899076,-0.023319487034892426,1.5945427417755127,0.8217948717948718
strawberry_first,validation,tabm,VG_Fruit_first_89fd3023_V2,82,raw,780,RUN_V2_829c6af3a7f4f1a811d2b843,1.3734066403109462,0.5629889997629783,0.6505942939214422,0.8249624091624542,0.04177574174812971,1.753611278533937,0.8128205128205128
strawberry_first,validation,tabm,VG_Fruit_first_89fd3023_V2,82,bounded,780,RUN_V2_829c6af3a7f4f1a811d2b843,1.371707899901355,0.5415157629105334,0.6514581058468789,0.824665048869522,0.06324897860057462,1.753611278533937,0.8192307692307692
strawberry_first,validation,tabm,VG_Fruit_first_89fd3023_V2,52,raw,780,RUN_V2_beac196d0dce4bead242d8fd,1.3421556673142725,0.586575609843175,0.6663143837361267,0.8335087211471445,0.14213063506146845,1.8207673072814945,0.8205128205128205
strawberry_first,validation,tabm,VG_Fruit_first_89fd3023_V2,52,bounded,780,RUN_V2_beac196d0dce4bead242d8fd,1.3420488441165057,0.5824611622840166,0.6663674982099917,0.8334049729181171,0.14624508262062685,1.8207673072814945,0.8217948717948718
strawberry_first,validation,tft,VG_Fruit_first_6e61b2c4_V2,62,raw,780,RUN_V2_7502a5aea4852ebf70384df7,1.3375413050035736,0.5287466582579491,0.6686048773456917,0.8291566381873267,-0.06338040714080517,1.9154450893402108,0.8448717948717949
strawberry_first,validation,tft,VG_Fruit_first_6e61b2c4_V2,62,bounded,780,RUN_V2_7502a5aea4852ebf70384df7,1.334690858164553,0.5022394381272487,0.6700158507901387,0.8289241209817745,-0.03687318701010484,1.9154450893402108,0.8448717948717949
strawberry_first,validation,tft,VG_Fruit_first_6e61b2c4_V2,42,raw,780,RUN_V2_c73a095a5dedd5afd029955b,1.3192012010896497,0.5730648541297668,0.6776306203550475,0.8293165887002022,0.048376218707133566,1.8648189470171928,0.8448717948717949
strawberry_first,validation,tft,VG_Fruit_first_6e61b2c4_V2,42,bounded,780,RUN_V2_c73a095a5dedd5afd029955b,1.3191917132046482,0.5723245101479384,0.6776352573923707,0.8292934211955687,0.04911656268896201,1.8648189470171928,0.8448717948717949
strawberry_first,validation,tft,VG_Fruit_first_6e61b2c4_V2,52,raw,780,RUN_V2_adc6f05ed207d13988a7e8f4,1.3247809627676237,0.563175164678922,0.6748978327556681,0.808540150966286,-0.13037585973357543,2.0489866733551025,0.8307692307692308
strawberry_first,validation,tft,VG_Fruit_first_6e61b2c4_V2,52,bounded,780,RUN_V2_adc6f05ed207d13988a7e8f4,1.324670643117683,0.5601120997124758,0.6749519755384796,0.8084357712848562,-0.12731279476712912,2.0489866733551025,0.8307692307692308
strawberry_first,validation,tft,VG_Fruit_first_6e61b2c4_V2,72,raw,780,RUN_V2_4c4249392c2d2165fb44b738,1.2822869584498204,0.617791986809327,0.6954194560381441,0.8453623816996912,0.1442290939963781,1.768687754869461,0.8487179487179487
strawberry_first,validation,tft,VG_Fruit_first_6e61b2c4_V2,72,bounded,780,RUN_V2_4c4249392c2d2165fb44b738,1.281601755060449,0.6062693438468836,0.6957448806387398,0.8451608373455672,0.1557517369588216,1.768687754869461,0.8487179487179487
strawberry_first,validation,tft,VG_Fruit_first_6e61b2c4_V2,82,raw,780,RUN_V2_f4fb20bd9d3ea0a0e32f82cf,1.2736807055925388,0.632091456403335,0.6994942078766837,0.8240930701701398,-0.014063768146129755,1.819872093200684,0.8358974358974359
strawberry_first,validation,tft,VG_Fruit_first_6e61b2c4_V2,82,bounded,780,RUN_V2_f4fb20bd9d3ea0a0e32f82cf,1.2697346247618304,0.6215771273351632,0.701353360180282,0.8247179864926606,-0.0035494390779580824,1.819872093200684,0.8358974358974359
strawberry_first,validation,persistence,PERSISTENCE,42,raw,780,RUN_V2_60fa7f1c50d7c353a4e4cae1,1.4623479539636037,0.5333333333333333,0.6038741801802515,0.80004555317134,-0.01282051282051282,2.0,0.8641025641025641
strawberry_first,validation,persistence,PERSISTENCE,42,bounded,780,RUN_V2_60fa7f1c50d7c353a4e4cae1,1.4623479539636037,0.5333333333333333,0.6038741801802515,0.80004555317134,-0.01282051282051282,2.0,0.8641025641025641
strawberry_first,test,poisson,VG_Fruit_first_8862f2b1_V2,82,raw,785,RUN_V2_2442aea02a1aa4a455219ee7,2.426732487614118,1.0145330565418027,0.3358810312829338,0.7224903394763567,0.2565905515223172,2.300888252258302,0.8420382165605096
strawberry_first,test,poisson,VG_Fruit_first_8862f2b1_V2,82,bounded,785,RUN_V2_2442aea02a1aa4a455219ee7,2.123501933963136,0.9827862954870531,0.4914807496854827,0.7628013082924404,0.2248437904675675,2.300888252258302,0.8420382165605096
strawberry_first,test,poisson,VG_Fruit_first_8862f2b1_V2,62,raw,785,RUN_V2_ba6feed1a88312cce878f6f7,2.426732487614118,1.0145330565418027,0.3358810312829338,0.7224903394763567,0.2565905515223172,2.300888252258302,0.8420382165605096
strawberry_first,test,poisson,VG_Fruit_first_8862f2b1_V2,62,bounded,785,RUN_V2_ba6feed1a88312cce878f6f7,2.123501933963136,0.9827862954870531,0.4914807496854827,0.7628013082924404,0.2248437904675675,2.300888252258302,0.8420382165605096
strawberry_first,test,poisson,VG_Fruit_first_8862f2b1_V2,42,raw,785,RUN_V2_2d4ae613f30aeec18d0e4307,2.426732487614118,1.0145330565418027,0.3358810312829338,0.7224903394763567,0.2565905515223172,2.300888252258302,0.8420382165605096
strawberry_first,test,poisson,VG_Fruit_first_8862f2b1_V2,42,bounded,785,RUN_V2_2d4ae613f30aeec18d0e4307,2.123501933963136,0.9827862954870531,0.4914807496854827,0.7628013082924404,0.2248437904675675,2.300888252258302,0.8420382165605096
strawberry_first,test,poisson,VG_Fruit_first_8862f2b1_V2,72,raw,785,RUN_V2_75cd2048753fa6452d9ae482,2.426732487614118,1.0145330565418027,0.3358810312829338,0.7224903394763567,0.2565905515223172,2.300888252258302,0.8420382165605096
strawberry_first,test,poisson,VG_Fruit_first_8862f2b1_V2,72,bounded,785,RUN_V2_75cd2048753fa6452d9ae482,2.123501933963136,0.9827862954870531,0.4914807496854827,0.7628013082924404,0.2248437904675675,2.300888252258302,0.8420382165605096
strawberry_first,test,poisson,VG_Fruit_first_8862f2b1_V2,52,raw,785,RUN_V2_801b8b62cb058d6e29f3fd13,2.426732487614118,1.0145330565418027,0.3358810312829338,0.7224903394763567,0.2565905515223172,2.300888252258302,0.8420382165605096
strawberry_first,test,poisson,VG_Fruit_first_8862f2b1_V2,52,bounded,785,RUN_V2_801b8b62cb058d6e29f3fd13,2.123501933963136,0.9827862954870531,0.4914807496854827,0.7628013082924404,0.2248437904675675,2.300888252258302,0.8420382165605096
strawberry_first,test,random_forest,VG_Fruit_first_6e61b2c4_V2,62,raw,785,RUN_V2_3786eb4ffc2ace825ac2b17c,1.7873224228304003,0.7422114598214684,0.6397467694495713,0.7882634991481813,0.02949958388411639,2.0008588022339517,0.8509554140127389
strawberry_first,test,random_forest,VG_Fruit_first_6e61b2c4_V2,62,bounded,785,RUN_V2_3786eb4ffc2ace825ac2b17c,1.7873224228304003,0.7422114598214684,0.6397467694495713,0.7882634991481813,0.02949958388411639,2.0008588022339517,0.8509554140127389
strawberry_first,test,random_forest,VG_Fruit_first_6e61b2c4_V2,72,raw,785,RUN_V2_e96eb2cb6cfe350c4dcb6ff0,1.790192521828581,0.744199918801272,0.6385888445042648,0.7869230208352427,0.028336576428197355,2.047379091319508,0.8496815286624204
strawberry_first,test,random_forest,VG_Fruit_first_6e61b2c4_V2,72,bounded,785,RUN_V2_e96eb2cb6cfe350c4dcb6ff0,1.790192521828581,0.744199918801272,0.6385888445042648,0.7869230208352427,0.028336576428197355,2.047379091319508,0.8496815286624204
strawberry_first,test,random_forest,VG_Fruit_first_6e61b2c4_V2,52,raw,785,RUN_V2_0b3b59df2e1949fed5b0c852,1.7918920809926377,0.7436757023750885,0.6379022912929564,0.7868838130876732,0.0283454625167424,2.06058897733977,0.8509554140127389
strawberry_first,test,random_forest,VG_Fruit_first_6e61b2c4_V2,52,bounded,785,RUN_V2_0b3b59df2e1949fed5b0c852,1.7918920809926377,0.7436757023750885,0.6379022912929564,0.7868838130876732,0.0283454625167424,2.06058897733977,0.8509554140127389
strawberry_first,test,random_forest,VG_Fruit_first_6e61b2c4_V2,82,raw,785,RUN_V2_7e69f71eb33348a334e0c8f6,1.7920802553092992,0.7457928510645363,0.6378262364151774,0.7868673279198509,0.03213234987229014,2.0634441259010763,0.8535031847133758
strawberry_first,test,random_forest,VG_Fruit_first_6e61b2c4_V2,82,bounded,785,RUN_V2_7e69f71eb33348a334e0c8f6,1.7920802553092992,0.7457928510645363,0.6378262364151774,0.7868673279198509,0.03213234987229014,2.0634441259010763,0.8535031847133758
strawberry_first,test,random_forest,VG_Fruit_first_6e61b2c4_V2,42,raw,785,RUN_V2_49c7957289fc0c3d7aca26cf,1.7894995426152758,0.7452572998576988,0.6388685931243545,0.7876400308239371,0.03171656301031572,2.102366284739485,0.8496815286624204
strawberry_first,test,random_forest,VG_Fruit_first_6e61b2c4_V2,42,bounded,785,RUN_V2_49c7957289fc0c3d7aca26cf,1.7894995426152758,0.7452572998576988,0.6388685931243545,0.7876400308239371,0.03171656301031572,2.102366284739485,0.8496815286624204
strawberry_first,test,catboost,VG_Fruit_first_6e61b2c4_V2,62,raw,785,RUN_V2_28741a067dd1030a3c904f67,1.7685930367687237,0.7184947145899848,0.6472574111687568,0.7933636755671678,0.01337198386278245,1.9209586253291278,0.8598726114649682
strawberry_first,test,catboost,VG_Fruit_first_6e61b2c4_V2,62,bounded,785,RUN_V2_28741a067dd1030a3c904f67,1.7685869207187725,0.7178706516991417,0.647259850834093,0.7933462723295794,0.013996046753625573,1.9209586253291278,0.8598726114649682
strawberry_first,test,catboost,VG_Fruit_first_6e61b2c4_V2,82,raw,785,RUN_V2_5134e4a2199b87bccfbf2819,1.7591974665557744,0.7213154629630034,0.650995313983084,0.7940363263980289,0.007485355119480916,1.937425333236382,0.8585987261146497
strawberry_first,test,catboost,VG_Fruit_first_6e61b2c4_V2,82,bounded,785,RUN_V2_5134e4a2199b87bccfbf2819,1.7591874913078296,0.7205365062966768,0.6509992719223974,0.7940149467773047,0.008264311785807684,1.937425333236382,0.8585987261146497
strawberry_first,test,catboost,VG_Fruit_first_6e61b2c4_V2,42,raw,785,RUN_V2_4bede5a280aff08bdea0cb9d,1.7715916345056189,0.7243649686074803,0.6460602676944244,0.7918691354987234,0.01535879618184689,1.936932606525686,0.8573248407643312
strawberry_first,test,catboost,VG_Fruit_first_6e61b2c4_V2,42,bounded,785,RUN_V2_4bede5a280aff08bdea0cb9d,1.7715762883604629,0.7233935543585867,0.6460663995668914,0.7918428148791367,0.016330210430740528,1.936932606525686,0.8573248407643312
strawberry_first,test,catboost,VG_Fruit_first_6e61b2c4_V2,72,raw,785,RUN_V2_5591044e548f8559f583803b,1.7598998232978331,0.7189476845861794,0.6507165792396189,0.7955450299458466,0.017527259729654826,2.027372457416128,0.8585987261146497
strawberry_first,test,catboost,VG_Fruit_first_6e61b2c4_V2,72,bounded,785,RUN_V2_5591044e548f8559f583803b,1.7598874877422432,0.7182470395211131,0.6507214756432622,0.7955267333881362,0.018227904794721042,2.027372457416128,0.8585987261146497
strawberry_first,test,catboost,VG_Fruit_first_6e61b2c4_V2,52,raw,785,RUN_V2_8a3390498277c47ca0703786,1.7781684694388769,0.725837271730144,0.643427466766481,0.789908297399099,0.010435579610219207,1.9653003881318258,0.8611464968152867
strawberry_first,test,catboost,VG_Fruit_first_6e61b2c4_V2,52,bounded,785,RUN_V2_8a3390498277c47ca0703786,1.7781376871021324,0.7246613907957521,0.6434398120993052,0.7898783225148357,0.011611460544611119,1.9653003881318258,0.8611464968152867
strawberry_first,test,mlp,VG_Fruit_first_6e61b2c4_V2,72,raw,785,RUN_V2_c0a87d139fb7b8b0c92efe70,1.6551692991769893,0.660094207634402,0.6910509096583688,0.8191037157850442,-0.053222810220756346,1.9708830833435063,0.8624203821656051
strawberry_first,test,mlp,VG_Fruit_first_6e61b2c4_V2,72,bounded,785,RUN_V2_c0a87d139fb7b8b0c92efe70,1.6549988072122832,0.6556187306287562,0.6911145534494954,0.8190178671215207,-0.04874733321511062,1.9708830833435063,0.8624203821656051
strawberry_first,test,mlp,VG_Fruit_first_6e61b2c4_V2,62,raw,785,RUN_V2_7a6a19cae68231f97940fc7c,1.6509064835235043,0.6510920727328889,0.692640229965755,0.8246760211737288,-0.02645251735760148,2.006545829772949,0.8636942675159236
strawberry_first,test,mlp,VG_Fruit_first_6e61b2c4_V2,62,bounded,785,RUN_V2_7a6a19cae68231f97940fc7c,1.6507199885741364,0.6464394686328377,0.6927096679474714,0.8245944592361388,-0.021799913257550284,2.006545829772949,0.8636942675159236
strawberry_first,test,mlp,VG_Fruit_first_6e61b2c4_V2,42,raw,785,RUN_V2_f67081e30b1ddec711e56db8,1.6539853746900068,0.6373116129617782,0.6914927273950475,0.8243874090675269,-0.035989715500622035,1.9891936302185063,0.867515923566879
strawberry_first,test,mlp,VG_Fruit_first_6e61b2c4_V2,42,bounded,785,RUN_V2_f67081e30b1ddec711e56db8,1.6539048483065935,0.6354303712677803,0.6915227668023407,0.8243553531244399,-0.0341084738066242,1.9891936302185063,0.867515923566879
strawberry_first,test,mlp,VG_Fruit_first_6e61b2c4_V2,52,raw,785,RUN_V2_d98b703f26b0cba6a024d153,1.6531910664574607,0.7095672757904621,0.691788970673775,0.8257518046374751,0.06645255672988619,1.9053126335144048,0.8636942675159236
strawberry_first,test,mlp,VG_Fruit_first_6e61b2c4_V2,52,bounded,785,RUN_V2_d98b703f26b0cba6a024d153,1.6531877028466062,0.7091852706756182,0.6917902248553758,0.8257431559325394,0.06683456184473008,1.9053126335144048,0.8636942675159236
strawberry_first,test,mlp,VG_Fruit_first_6e61b2c4_V2,82,raw,785,RUN_V2_5c7b43976424ecbea8e22a86,1.6559394457761292,0.6581909399977914,0.6907633361190096,0.8223866863953041,-0.018972752551743938,2.0365207672119148,0.8649681528662421
strawberry_first,test,mlp,VG_Fruit_first_6e61b2c4_V2,82,bounded,785,RUN_V2_5c7b43976424ecbea8e22a86,1.6558986478456985,0.65611097311518,0.690778573464212,0.8223418062443532,-0.016892785669132403,2.0365207672119148,0.8649681528662421
strawberry_first,test,tabm,VG_Fruit_first_89fd3023_V2,52,raw,785,RUN_V2_e4d6de34b8daefafc274c233,1.6113993102010378,0.7200283845566261,0.7071748171540582,0.831194620552823,0.08245777356064624,1.8444117546081544,0.7910828025477707
strawberry_first,test,tabm,VG_Fruit_first_89fd3023_V2,52,bounded,785,RUN_V2_e4d6de34b8daefafc274c233,1.6113075779026118,0.7175871392996732,0.7072081555852154,0.8311522893259494,0.08489901881759904,1.8444117546081544,0.7910828025477707
strawberry_first,test,tabm,VG_Fruit_first_89fd3023_V2,72,raw,785,RUN_V2_2dae41efe6ce33f5be701468,1.6975236770710478,0.7440972156009998,0.6750371182160069,0.7827182006123733,-0.13480291027801147,2.188664388656618,0.7757961783439491
strawberry_first,test,tabm,VG_Fruit_first_89fd3023_V2,72,bounded,785,RUN_V2_2dae41efe6ce33f5be701468,1.697409640488109,0.7408872966666463,0.6750807775915877,0.7826265722863854,-0.13159299134365787,2.188664388656618,0.7757961783439491
strawberry_first,test,tabm,VG_Fruit_first_89fd3023_V2,82,raw,785,RUN_V2_312176114a0b2d05cf39661a,1.6155218199578667,0.6617024703230115,0.7056746069352519,0.8213878646342602,-0.09448072997331144,1.7458341598510763,0.8076433121019109
strawberry_first,test,tabm,VG_Fruit_first_89fd3023_V2,82,bounded,785,RUN_V2_312176114a0b2d05cf39661a,1.6146605501349758,0.6439771177597154,0.7059883458208007,0.8210824039640645,-0.0767553774100153,1.7458341598510763,0.8114649681528663
strawberry_first,test,tabm,VG_Fruit_first_89fd3023_V2,42,raw,785,RUN_V2_c827694679f68dea9835b88a,1.620732730414944,0.7408461079001427,0.7037728353209644,0.8272780616077645,0.10026759291720239,1.8260499238967907,0.8050955414012739
strawberry_first,test,tabm,VG_Fruit_first_89fd3023_V2,42,bounded,785,RUN_V2_c827694679f68dea9835b88a,1.620732730408078,0.7408459395265123,0.703772835323474,0.8272780574482932,0.10026776129083269,1.8260499238967907,0.8050955414012739
strawberry_first,test,tabm,VG_Fruit_first_89fd3023_V2,62,raw,785,RUN_V2_c81fee076030e8330490af99,1.610026583229798,0.6976047420447135,0.7076735114356141,0.8294450327517553,0.011900652761149938,1.8117529243230832,0.8280254777070064
strawberry_first,test,tabm,VG_Fruit_first_89fd3023_V2,62,bounded,785,RUN_V2_c81fee076030e8330490af99,1.6096657130978993,0.6941552720548716,0.7078045404225233,0.8294320098248162,0.01535012275099185,1.8117529243230832,0.8280254777070064
strawberry_first,test,tft,VG_Fruit_first_6e61b2c4_V2,52,raw,785,RUN_V2_140422dd21ed5dcb35919b48,1.764799840266878,0.6555535402647249,0.6487688805259633,0.7732701196595272,-0.20460684136220603,2.3297163963317873,0.8573248407643312
strawberry_first,test,tft,VG_Fruit_first_6e61b2c4_V2,52,bounded,785,RUN_V2_140422dd21ed5dcb35919b48,1.7646834821062576,0.6524738831504895,0.6488151942877756,0.7731825947339003,-0.2015271842479706,2.3297163963317873,0.8573248407643312
strawberry_first,test,tft,VG_Fruit_first_6e61b2c4_V2,62,raw,785,RUN_V2_aedec7527c593cc7ead9b1ce,1.821756221018071,0.6461623608686362,0.6257320840946219,0.7710597694558595,-0.19968231946799406,2.3522535324096685,0.8611464968152867
strawberry_first,test,tft,VG_Fruit_first_6e61b2c4_V2,62,bounded,785,RUN_V2_aedec7527c593cc7ead9b1ce,1.8207912631307548,0.626445255271948,0.6261284676771877,0.7705676267032328,-0.17996521387130593,2.3522535324096685,0.8611464968152867
strawberry_first,test,tft,VG_Fruit_first_6e61b2c4_V2,42,raw,785,RUN_V2_7b3a94f1d0b102e3c0257004,1.8100840813103356,0.7108542366961764,0.6305126498606644,0.7739434117464932,-0.06633216334376366,2.036517143249512,0.8598726114649682
strawberry_first,test,tft,VG_Fruit_first_6e61b2c4_V2,42,bounded,785,RUN_V2_7b3a94f1d0b102e3c0257004,1.8100586021216574,0.7094976987049079,0.6305230517770694,0.773902293616689,-0.06497562535249504,2.036517143249512,0.8598726114649682
strawberry_first,test,tft,VG_Fruit_first_6e61b2c4_V2,82,raw,785,RUN_V2_5aca24420f1cdec1c382a23e,1.783375463464462,0.7668750816279916,0.6413361131985941,0.7565425896440873,-0.1460960084275835,2.443474960327154,0.8598726114649682
strawberry_first,test,tft,VG_Fruit_first_6e61b2c4_V2,82,bounded,785,RUN_V2_5aca24420f1cdec1c382a23e,1.7827000207020651,0.7572569974478642,0.6416077453419717,0.7562916312092669,-0.1364779242474562,2.443474960327154,0.8598726114649682
strawberry_first,test,tft,VG_Fruit_first_6e61b2c4_V2,72,raw,785,RUN_V2_7452e7aafb0983c94325f3ab,1.773330163068922,0.7562867935296077,0.6453652584750197,0.7782283935909327,-0.0106586185230571,2.1277002334594735,0.8611464968152867
strawberry_first,test,tft,VG_Fruit_first_6e61b2c4_V2,72,bounded,785,RUN_V2_7452e7aafb0983c94325f3ab,1.7729668227903708,0.7482838574488452,0.6455105668761305,0.7780265111327616,-0.002655682442294564,2.1277002334594735,0.8611464968152867
strawberry_first,test,persistence,PERSISTENCE,42,raw,785,RUN_V2_912adac211955ad30741bd68,1.8879436459256624,0.6471337579617834,0.5980425061864812,0.7982402572612859,-0.015286624203821656,3.0,0.867515923566879
strawberry_first,test,persistence,PERSISTENCE,42,bounded,785,RUN_V2_912adac211955ad30741bd68,1.8879436459256624,0.6471337579617834,0.5980425061864812,0.7982402572612859,-0.015286624203821656,3.0,0.867515923566879
strawberry_second,validation,poisson,VG_Fruit_second_8862f2b1_V2,82,raw,780,RUN_V2_61457cb2991c05ebe8a1fdaf,1.2339564525883187,0.6671671009121033,0.409234133969579,0.5961809735209956,0.0005889639544945497,1.7078677654266359,0.8538461538461538
strawberry_second,validation,poisson,VG_Fruit_second_8862f2b1_V2,82,bounded,780,RUN_V2_61457cb2991c05ebe8a1fdaf,1.206998256643061,0.6639576860631887,0.4347650427858418,0.6030679710739189,-0.0026204508944199637,1.7078677654266359,0.8538461538461538
strawberry_second,validation,poisson,VG_Fruit_second_8862f2b1_V2,62,raw,780,RUN_V2_6ef4872008cd470b587fe555,1.2339564525883187,0.6671671009121033,0.409234133969579,0.5961809735209956,0.0005889639544945497,1.7078677654266359,0.8538461538461538
strawberry_second,validation,poisson,VG_Fruit_second_8862f2b1_V2,62,bounded,780,RUN_V2_6ef4872008cd470b587fe555,1.206998256643061,0.6639576860631887,0.4347650427858418,0.6030679710739189,-0.0026204508944199637,1.7078677654266359,0.8538461538461538
strawberry_second,validation,poisson,VG_Fruit_second_8862f2b1_V2,52,raw,780,RUN_V2_e4fab14613f95d873f0d31ae,1.2339564525883187,0.6671671009121033,0.409234133969579,0.5961809735209956,0.0005889639544945497,1.7078677654266359,0.8538461538461538
strawberry_second,validation,poisson,VG_Fruit_second_8862f2b1_V2,52,bounded,780,RUN_V2_e4fab14613f95d873f0d31ae,1.206998256643061,0.6639576860631887,0.4347650427858418,0.6030679710739189,-0.0026204508944199637,1.7078677654266359,0.8538461538461538
strawberry_second,validation,poisson,VG_Fruit_second_8862f2b1_V2,42,raw,780,RUN_V2_a8f83ed8705afa63fd1403c2,1.2339564525883187,0.6671671009121033,0.409234133969579,0.5961809735209956,0.0005889639544945497,1.7078677654266359,0.8538461538461538
strawberry_second,validation,poisson,VG_Fruit_second_8862f2b1_V2,42,bounded,780,RUN_V2_a8f83ed8705afa63fd1403c2,1.206998256643061,0.6639576860631887,0.4347650427858418,0.6030679710739189,-0.0026204508944199637,1.7078677654266359,0.8538461538461538
strawberry_second,validation,poisson,VG_Fruit_second_8862f2b1_V2,72,raw,780,RUN_V2_b99b18b4a06b93031792686a,1.2339564525883187,0.6671671009121033,0.409234133969579,0.5961809735209956,0.0005889639544945497,1.7078677654266359,0.8538461538461538
strawberry_second,validation,poisson,VG_Fruit_second_8862f2b1_V2,72,bounded,780,RUN_V2_b99b18b4a06b93031792686a,1.206998256643061,0.6639576860631887,0.4347650427858418,0.6030679710739189,-0.0026204508944199637,1.7078677654266359,0.8538461538461538
strawberry_second,validation,random_forest,VG_Fruit_second_6e61b2c4_V2,82,raw,780,RUN_V2_0d8af16056097c6b4e871ff7,0.939929181653127,0.389839087448789,0.6572274827082573,0.8022569662469236,0.059724845540442155,1.0661596666153335,0.8897435897435897
strawberry_second,validation,random_forest,VG_Fruit_second_6e61b2c4_V2,82,bounded,780,RUN_V2_0d8af16056097c6b4e871ff7,0.939929181653127,0.389839087448789,0.6572274827082573,0.8022569662469236,0.059724845540442155,1.0661596666153335,0.8897435897435897
strawberry_second,validation,random_forest,VG_Fruit_second_6e61b2c4_V2,72,raw,780,RUN_V2_a0eacc7e2679eb56dff4108c,0.9425087826633304,0.3916914767063756,0.6553434478283279,0.8012875451293248,0.059583556416892364,1.0754593012024818,0.8871794871794871
strawberry_second,validation,random_forest,VG_Fruit_second_6e61b2c4_V2,72,bounded,780,RUN_V2_a0eacc7e2679eb56dff4108c,0.9425087826633304,0.3916914767063756,0.6553434478283279,0.8012875451293248,0.059583556416892364,1.0754593012024818,0.8871794871794871
strawberry_second,validation,random_forest,VG_Fruit_second_6e61b2c4_V2,52,raw,780,RUN_V2_f0636ba203a58a9bc010d8d4,0.9408071230068731,0.39056908598730683,0.6565868499508221,0.8017576246532303,0.05819598486634557,1.0853944367897532,0.8923076923076924
strawberry_second,validation,random_forest,VG_Fruit_second_6e61b2c4_V2,52,bounded,780,RUN_V2_f0636ba203a58a9bc010d8d4,0.9408071230068731,0.39056908598730683,0.6565868499508221,0.8017576246532303,0.05819598486634557,1.0853944367897532,0.8923076923076924
strawberry_second,validation,random_forest,VG_Fruit_second_6e61b2c4_V2,62,raw,780,RUN_V2_5f99ee13c2c44fdca0be2853,0.9409174677228315,0.391305559603445,0.6565062892326815,0.8018513931129966,0.05969413809733075,1.0943988207485427,0.8897435897435897
strawberry_second,validation,random_forest,VG_Fruit_second_6e61b2c4_V2,62,bounded,780,RUN_V2_5f99ee13c2c44fdca0be2853,0.9409174677228315,0.391305559603445,0.6565062892326815,0.8018513931129966,0.05969413809733075,1.0943988207485427,0.8897435897435897
strawberry_second,validation,random_forest,VG_Fruit_second_6e61b2c4_V2,42,raw,780,RUN_V2_154c05893066d38b004c7342,0.9415418638576651,0.39124950004798165,0.6560502507037688,0.8012830173717679,0.059062473600168995,1.068831590071131,0.8871794871794871
strawberry_second,validation,random_forest,VG_Fruit_second_6e61b2c4_V2,42,bounded,780,RUN_V2_154c05893066d38b004c7342,0.9415418638576651,0.39124950004798165,0.6560502507037688,0.8012830173717679,0.059062473600168995,1.068831590071131,0.8871794871794871
strawberry_second,validation,catboost,VG_Fruit_second_57cc70e0_V2,42,raw,780,RUN_V2_8aba1dcb041e96d1f6b8022b,0.9450633013665402,0.4181230291300763,0.6534726435256646,0.7887363258857192,0.05884963024075043,1.0698453269575623,0.8935897435897436
strawberry_second,validation,catboost,VG_Fruit_second_57cc70e0_V2,42,bounded,780,RUN_V2_8aba1dcb041e96d1f6b8022b,0.9450633013665402,0.4181230291300763,0.6534726435256646,0.7887363258857192,0.05884963024075043,1.0698453269575623,0.8935897435897436
strawberry_second,validation,catboost,VG_Fruit_second_57cc70e0_V2,72,raw,780,RUN_V2_9d495077b3efe115be8a02c5,0.9447008571347694,0.41628075032039624,0.6537383881743062,0.7912228455075508,0.06492933769758584,1.069887577400719,0.8923076923076924
strawberry_second,validation,catboost,VG_Fruit_second_57cc70e0_V2,72,bounded,780,RUN_V2_9d495077b3efe115be8a02c5,0.9447008571347694,0.41628075032039624,0.6537383881743062,0.7912228455075508,0.06492933769758584,1.069887577400719,0.8923076923076924
strawberry_second,validation,catboost,VG_Fruit_second_57cc70e0_V2,62,raw,780,RUN_V2_26b5dd29a349e37ce20b4cfb,0.942848765590544,0.4175849371746845,0.6550947531109435,0.7914139029324578,0.0635536196346586,1.1092802732182054,0.8923076923076924
strawberry_second,validation,catboost,VG_Fruit_second_57cc70e0_V2,62,bounded,780,RUN_V2_26b5dd29a349e37ce20b4cfb,0.942848765590544,0.4175849371746845,0.6550947531109435,0.7914139029324578,0.0635536196346586,1.1092802732182054,0.8923076923076924
strawberry_second,validation,catboost,VG_Fruit_second_57cc70e0_V2,52,raw,780,RUN_V2_e551c3f797090eec20922910,0.9389844368944033,0.4145284715488713,0.6579161937295598,0.7916722763336377,0.05836898215226736,1.101000954060259,0.8884615384615384
strawberry_second,validation,catboost,VG_Fruit_second_57cc70e0_V2,52,bounded,780,RUN_V2_e551c3f797090eec20922910,0.9389844368944033,0.4145284715488713,0.6579161937295598,0.7916722763336377,0.05836898215226736,1.101000954060259,0.8884615384615384
strawberry_second,validation,catboost,VG_Fruit_second_57cc70e0_V2,82,raw,780,RUN_V2_ddb9b0a5c8fbfeb2cc516dc2,0.9429153516822202,0.4150379663189704,0.655046035428578,0.7904087199326578,0.059634104745402504,1.025271805964774,0.8961538461538462
strawberry_second,validation,catboost,VG_Fruit_second_57cc70e0_V2,82,bounded,780,RUN_V2_ddb9b0a5c8fbfeb2cc516dc2,0.9429153516822202,0.4150379663189704,0.655046035428578,0.7904087199326578,0.059634104745402504,1.025271805964774,0.8961538461538462
strawberry_second,validation,mlp,VG_Fruit_second_74085953_V2,62,raw,780,RUN_V2_457923be3d478cad6341329d,0.919616839842495,0.39621675236819265,0.6718823758047405,0.806689094907697,0.06298805803108291,1.030572068691255,0.8974358974358975
strawberry_second,validation,mlp,VG_Fruit_second_74085953_V2,62,bounded,780,RUN_V2_457923be3d478cad6341329d,0.9196146602440082,0.39586937977717473,0.6718839311564886,0.8066709012503137,0.06333543062210083,1.030572068691255,0.8974358974358975
strawberry_second,validation,mlp,VG_Fruit_second_74085953_V2,52,raw,780,RUN_V2_d9ace9847ef8c8fb6229f753,0.9205138300013147,0.3740002885604134,0.671241974704089,0.8156996690711508,0.05319973652083904,1.0042512089014053,0.8987179487179487
strawberry_second,validation,mlp,VG_Fruit_second_74085953_V2,52,bounded,780,RUN_V2_d9ace9847ef8c8fb6229f753,0.9203935752993477,0.36847950498549603,0.6713278661153479,0.8154665864339463,0.05872052009575642,1.0,0.9012820512820513
strawberry_second,validation,mlp,VG_Fruit_second_74085953_V2,72,raw,780,RUN_V2_0f0c595e724aff88f08bec6c,0.9285554202023928,0.38707592274802616,0.6654728378458259,0.7806904078998665,-0.03901463745591732,1.1710794687271122,0.8871794871794871
strawberry_second,validation,mlp,VG_Fruit_second_74085953_V2,72,bounded,780,RUN_V2_0f0c595e724aff88f08bec6c,0.9285486960046201,0.3864498010955942,0.6654776828310687,0.7806498031471184,-0.038388515803485346,1.1710794687271122,0.8871794871794871
strawberry_second,validation,mlp,VG_Fruit_second_74085953_V2,82,raw,780,RUN_V2_185fb237d4b784760b5d4e7f,0.9162066012707624,0.39982058976788837,0.6743113975383856,0.8054005467582308,0.05892547206678547,1.1054476261138924,0.8910256410256411
strawberry_second,validation,mlp,VG_Fruit_second_74085953_V2,82,bounded,780,RUN_V2_185fb237d4b784760b5d4e7f,0.9161900056378044,0.39876722795052977,0.6743231960989853,0.8053476005702037,0.05997883388414406,1.1054476261138924,0.8910256410256411
strawberry_second,validation,mlp,VG_Fruit_second_74085953_V2,42,raw,780,RUN_V2_069d4cf4673014f2645236f9,0.9148807133259679,0.37483430058241657,0.6752533556782625,0.8069456143503863,0.0043573722768670475,1.0205409795045852,0.8948717948717949
strawberry_second,validation,mlp,VG_Fruit_second_74085953_V2,42,bounded,780,RUN_V2_069d4cf4673014f2645236f9,0.9146017028456249,0.36500973569659084,0.675451400952622,0.8065096848141433,0.01418193716269273,1.001366996765137,0.9
strawberry_second,validation,tabm,VG_Fruit_second_6e61b2c4_V2,82,raw,780,RUN_V2_3810e0fc945becc562bcaa49,0.9316288691004723,0.3928272070482564,0.6632546531930171,0.8101787489125666,0.0769320909292079,1.0958605289459231,0.8923076923076924
strawberry_second,validation,tabm,VG_Fruit_second_6e61b2c4_V2,82,bounded,780,RUN_V2_3810e0fc945becc562bcaa49,0.9316288063573931,0.3928149644930202,0.6632546985510775,0.8101781427857837,0.0769443334844441,1.0958605289459231,0.8923076923076924
strawberry_second,validation,tabm,VG_Fruit_second_6e61b2c4_V2,52,raw,780,RUN_V2_37f8e72cab9fb8607b947216,0.9346277387577109,0.38930450804077854,0.6610832289812849,0.8112788521342212,0.07179202774109748,1.061498856544495,0.8974358974358975
strawberry_second,validation,tabm,VG_Fruit_second_6e61b2c4_V2,52,bounded,780,RUN_V2_37f8e72cab9fb8607b947216,0.9346277357128817,0.3893018067677099,0.6610832311895302,0.811278717296361,0.07179472901416609,1.061498856544495,0.8974358974358975
strawberry_second,validation,tabm,VG_Fruit_second_6e61b2c4_V2,72,raw,780,RUN_V2_c905d940cd0bfb4528907eb6,0.9792515192567791,0.4394186213099135,0.6279474927928999,0.7300936068149371,-0.0740487591112749,1.2302282810211183,0.8769230769230769
strawberry_second,validation,tabm,VG_Fruit_second_6e61b2c4_V2,72,bounded,780,RUN_V2_c905d940cd0bfb4528907eb6,0.9792429871587814,0.4389608908898364,0.6279539760600898,0.7300541469716886,-0.07359102869119782,1.2302282810211183,0.8769230769230769
strawberry_second,validation,tabm,VG_Fruit_second_6e61b2c4_V2,42,raw,780,RUN_V2_09b23a70b46cdaa2148ce774,0.9181964300976952,0.4310929864167403,0.6728951922715709,0.8021307323752698,0.04726908832597427,1.0298224925994874,0.8987179487179487
strawberry_second,validation,tabm,VG_Fruit_second_6e61b2c4_V2,42,bounded,780,RUN_V2_09b23a70b46cdaa2148ce774,0.9172863624788373,0.4222472809541684,0.6735432888175892,0.8019379923913607,0.05611479378854617,1.0298224925994874,0.8987179487179487
strawberry_second,validation,tabm,VG_Fruit_second_6e61b2c4_V2,62,raw,780,RUN_V2_0e1f2a55d9682d414d46c7ad,0.9381098433466867,0.35336710829765366,0.6585531477495283,0.8145975441578189,0.03822351556557876,1.1102847099304214,0.8935897435897436
strawberry_second,validation,tabm,VG_Fruit_second_6e61b2c4_V2,62,bounded,780,RUN_V2_0e1f2a55d9682d414d46c7ad,0.9379260599328805,0.34919776887370224,0.6586869191234095,0.814455700042742,0.04239285498953019,1.1102847099304214,0.8935897435897436
strawberry_second,validation,tft,VG_Fruit_second_74085953_V2,42,raw,780,RUN_V2_d0770f118ccf6850d0d3dcbb,0.9325452480815536,0.4213145708999573,0.6625918610972039,0.80005999444064,-0.004820571706081048,1.1075665950775149,0.8666666666666667
strawberry_second,validation,tft,VG_Fruit_second_74085953_V2,42,bounded,780,RUN_V2_d0770f118ccf6850d0d3dcbb,0.9297985450940481,0.3800532002479602,0.6645765264279482,0.798706707136235,0.036440798945916,1.1075665950775149,0.8743589743589744
strawberry_second,validation,tft,VG_Fruit_second_74085953_V2,62,raw,780,RUN_V2_47ebfa706bdfec9d1b94ff5c,0.9257855711619922,0.3868973915393536,0.6674656273470461,0.8013054104973909,0.00924975268351726,1.0759788990020758,0.8935897435897436
strawberry_second,validation,tft,VG_Fruit_second_74085953_V2,62,bounded,780,RUN_V2_47ebfa706bdfec9d1b94ff5c,0.9253783083813949,0.37472350713916314,0.6677581337095944,0.800751827342351,0.021423637083707713,1.0759788990020758,0.8935897435897436
strawberry_second,validation,tft,VG_Fruit_second_74085953_V2,72,raw,780,RUN_V2_838a608ce6385e332d91c395,0.968470519772042,0.401861761806485,0.6360945681102246,0.8007321881584677,0.09786017924929276,1.0848711967468265,0.8794871794871795
strawberry_second,validation,tft,VG_Fruit_second_74085953_V2,72,bounded,780,RUN_V2_838a608ce6385e332d91c395,0.9683934180670641,0.39720818539364977,0.6361525081544761,0.8005143413114436,0.10251375566212795,1.0848711967468265,0.8794871794871795
strawberry_second,validation,tft,VG_Fruit_second_74085953_V2,82,raw,780,RUN_V2_8a62aa32fcbcfd6769acf6af,0.9402713383704706,0.390579806936857,0.656977882486635,0.8052243568297969,0.07895752826992136,1.0353846907615667,0.8935897435897436
strawberry_second,validation,tft,VG_Fruit_second_74085953_V2,82,bounded,780,RUN_V2_8a62aa32fcbcfd6769acf6af,0.9402458737612304,0.38918971924278406,0.6569964618169759,0.8051592590522187,0.08034761596399431,1.0353846907615667,0.8935897435897436
strawberry_second,validation,tft,VG_Fruit_second_74085953_V2,52,raw,780,RUN_V2_40e07f86c9cbd5c28c8eea8a,0.94663404447923,0.378797915768929,0.6523197942098893,0.8044570147081912,-0.015361039187663642,1.1299233436584477,0.882051282051282
strawberry_second,validation,tft,VG_Fruit_second_74085953_V2,52,bounded,780,RUN_V2_40e07f86c9cbd5c28c8eea8a,0.9450934306791294,0.34506840220628643,0.6534505480798751,0.8031989119528544,0.01836847437497897,1.1299233436584477,0.8871794871794871
strawberry_second,validation,persistence,PERSISTENCE,42,raw,780,RUN_V2_5f30820f5a3ba348f563192e,1.053687055181191,0.3717948717948718,0.569236381121345,0.7846181905606726,0.0,2.0,0.8987179487179487
strawberry_second,validation,persistence,PERSISTENCE,42,bounded,780,RUN_V2_5f30820f5a3ba348f563192e,1.053687055181191,0.3717948717948718,0.569236381121345,0.7846181905606726,0.0,2.0,0.8987179487179487
strawberry_second,test,poisson,VG_Fruit_second_8862f2b1_V2,42,raw,785,RUN_V2_d1627083e902be4c2ff9facf,7.118474188878998,1.261509697129772,-7.095176978612324,0.3127532931446425,0.44919844765192385,2.053603649139405,0.8356687898089172
strawberry_second,test,poisson,VG_Fruit_second_8862f2b1_V2,42,bounded,785,RUN_V2_d1627083e902be4c2ff9facf,1.7567749859144253,0.8567880470851424,0.5069570007160558,0.6904970458554994,-0.012966269615349496,2.053603649139405,0.8356687898089172
strawberry_second,test,poisson,VG_Fruit_second_8862f2b1_V2,62,raw,785,RUN_V2_fb65a17feb498345bbda3280,7.118474188878998,1.261509697129772,-7.095176978612324,0.3127532931446425,0.44919844765192385,2.053603649139405,0.8356687898089172
strawberry_second,test,poisson,VG_Fruit_second_8862f2b1_V2,62,bounded,785,RUN_V2_fb65a17feb498345bbda3280,1.7567749859144253,0.8567880470851424,0.5069570007160558,0.6904970458554994,-0.012966269615349496,2.053603649139405,0.8356687898089172
strawberry_second,test,poisson,VG_Fruit_second_8862f2b1_V2,72,raw,785,RUN_V2_f8a60b4c3e2e21059dcf1feb,7.118474188878998,1.261509697129772,-7.095176978612324,0.3127532931446425,0.44919844765192385,2.053603649139405,0.8356687898089172
strawberry_second,test,poisson,VG_Fruit_second_8862f2b1_V2,72,bounded,785,RUN_V2_f8a60b4c3e2e21059dcf1feb,1.7567749859144253,0.8567880470851424,0.5069570007160558,0.6904970458554994,-0.012966269615349496,2.053603649139405,0.8356687898089172
strawberry_second,test,poisson,VG_Fruit_second_8862f2b1_V2,52,raw,785,RUN_V2_25a171363ffd73e3803609a0,7.118474188878998,1.261509697129772,-7.095176978612324,0.3127532931446425,0.44919844765192385,2.053603649139405,0.8356687898089172
strawberry_second,test,poisson,VG_Fruit_second_8862f2b1_V2,52,bounded,785,RUN_V2_25a171363ffd73e3803609a0,1.7567749859144253,0.8567880470851424,0.5069570007160558,0.6904970458554994,-0.012966269615349496,2.053603649139405,0.8356687898089172
strawberry_second,test,poisson,VG_Fruit_second_8862f2b1_V2,82,raw,785,RUN_V2_769a34ec08f44380dd923de8,7.118474188878998,1.261509697129772,-7.095176978612324,0.3127532931446425,0.44919844765192385,2.053603649139405,0.8356687898089172
strawberry_second,test,poisson,VG_Fruit_second_8862f2b1_V2,82,bounded,785,RUN_V2_769a34ec08f44380dd923de8,1.7567749859144253,0.8567880470851424,0.5069570007160558,0.6904970458554994,-0.012966269615349496,2.053603649139405,0.8356687898089172
strawberry_second,test,random_forest,VG_Fruit_second_6e61b2c4_V2,52,raw,785,RUN_V2_8ab974c7dae588253be9934a,1.6336289528294468,0.5786495191037635,0.5736567787817128,0.7017465607043146,-0.10993533483967757,1.7484916218072957,0.8624203821656051
strawberry_second,test,random_forest,VG_Fruit_second_6e61b2c4_V2,52,bounded,785,RUN_V2_8ab974c7dae588253be9934a,1.6336289528294468,0.5786495191037635,0.5736567787817128,0.7017465607043146,-0.10993533483967757,1.7484916218072957,0.8624203821656051
strawberry_second,test,random_forest,VG_Fruit_second_6e61b2c4_V2,72,raw,785,RUN_V2_316cc33ac7d74e0f05b48158,1.6343606006452047,0.5800789791772439,0.5732748035011819,0.7016661616320269,-0.10875755537200515,1.7490839877888495,0.8624203821656051
strawberry_second,test,random_forest,VG_Fruit_second_6e61b2c4_V2,72,bounded,785,RUN_V2_316cc33ac7d74e0f05b48158,1.6343606006452047,0.5800789791772439,0.5732748035011819,0.7016661616320269,-0.10875755537200515,1.7490839877888495,0.8624203821656051
strawberry_second,test,random_forest,VG_Fruit_second_6e61b2c4_V2,82,raw,785,RUN_V2_704355bb45ca933eb6dd2ab4,1.6382619474577989,0.5799884425052467,0.5712351190005385,0.6994754970288918,-0.10997119522394604,1.7047110009043194,0.8624203821656051
strawberry_second,test,random_forest,VG_Fruit_second_6e61b2c4_V2,82,bounded,785,RUN_V2_704355bb45ca933eb6dd2ab4,1.6382619474577989,0.5799884425052467,0.5712351190005385,0.6994754970288918,-0.10997119522394604,1.7047110009043194,0.8624203821656051
strawberry_second,test,random_forest,VG_Fruit_second_6e61b2c4_V2,62,raw,785,RUN_V2_f959b17c01873de576f44f8b,1.6366474644940212,0.579867019068814,0.5720797855130197,0.7006972557201815,-0.10890812465415635,1.738616145919164,0.8611464968152867
strawberry_second,test,random_forest,VG_Fruit_second_6e61b2c4_V2,62,bounded,785,RUN_V2_f959b17c01873de576f44f8b,1.6366474644940212,0.579867019068814,0.5720797855130197,0.7006972557201815,-0.10890812465415635,1.738616145919164,0.8611464968152867
strawberry_second,test,random_forest,VG_Fruit_second_6e61b2c4_V2,42,raw,785,RUN_V2_fefabc9c9465511086607030,1.6389749945940315,0.5803115849321926,0.5708618012844172,0.6990512512990567,-0.1096904716432819,1.6402110643247232,0.8611464968152867
strawberry_second,test,random_forest,VG_Fruit_second_6e61b2c4_V2,42,bounded,785,RUN_V2_fefabc9c9465511086607030,1.6389749945940315,0.5803115849321926,0.5708618012844172,0.6990512512990567,-0.1096904716432819,1.6402110643247232,0.8611464968152867
strawberry_second,test,catboost,VG_Fruit_second_57cc70e0_V2,52,raw,785,RUN_V2_f9bac823498690e1a43f97a4,1.7338971406065864,0.5887089849241517,0.5197148273363512,0.6408312210809888,-0.1508607038103847,1.5295319214519263,0.8624203821656051
strawberry_second,test,catboost,VG_Fruit_second_57cc70e0_V2,52,bounded,785,RUN_V2_f9bac823498690e1a43f97a4,1.7338971406065864,0.5887089849241517,0.5197148273363512,0.6408312210809888,-0.1508607038103847,1.5295319214519263,0.8624203821656051
strawberry_second,test,catboost,VG_Fruit_second_57cc70e0_V2,62,raw,785,RUN_V2_3d4991e3ed4503064bbe981a,1.7357221384980406,0.5876468521815975,0.5187032555502257,0.6407137763665443,-0.15284179404846512,1.4341973739439793,0.8598726114649682
strawberry_second,test,catboost,VG_Fruit_second_57cc70e0_V2,62,bounded,785,RUN_V2_3d4991e3ed4503064bbe981a,1.7357221384980406,0.5876468521815975,0.5187032555502257,0.6407137763665443,-0.15284179404846512,1.4341973739439793,0.8598726114649682
strawberry_second,test,catboost,VG_Fruit_second_57cc70e0_V2,72,raw,785,RUN_V2_a95de6dd8a733544d38db4c6,1.7353407914112375,0.5894203081057521,0.5189147190614063,0.6399292870078884,-0.154088986095451,1.568323324703363,0.8611464968152867
strawberry_second,test,catboost,VG_Fruit_second_57cc70e0_V2,72,bounded,785,RUN_V2_a95de6dd8a733544d38db4c6,1.7353407914112375,0.5894203081057521,0.5189147190614063,0.6399292870078884,-0.154088986095451,1.568323324703363,0.8611464968152867
strawberry_second,test,catboost,VG_Fruit_second_57cc70e0_V2,42,raw,785,RUN_V2_8dec99c0c1d2b9639d938f5f,1.725924823529182,0.5844620905696576,0.5241212974933861,0.644585519589148,-0.14944829338093593,1.4638090635216043,0.8636942675159236
strawberry_second,test,catboost,VG_Fruit_second_57cc70e0_V2,42,bounded,785,RUN_V2_8dec99c0c1d2b9639d938f5f,1.725924823529182,0.5844620905696576,0.5241212974933861,0.644585519589148,-0.14944829338093593,1.4638090635216043,0.8636942675159236
strawberry_second,test,catboost,VG_Fruit_second_57cc70e0_V2,82,raw,785,RUN_V2_452651cad7f269aac1649d9c,1.7243958970137372,0.5848841139539697,0.5249640471753623,0.6454585260866477,-0.14907420708841004,1.5227371368363913,0.8662420382165605
strawberry_second,test,catboost,VG_Fruit_second_57cc70e0_V2,82,bounded,785,RUN_V2_452651cad7f269aac1649d9c,1.7243958970137372,0.5848841139539697,0.5249640471753623,0.6454585260866477,-0.14907420708841004,1.5227371368363913,0.8662420382165605
strawberry_second,test,mlp,VG_Fruit_second_74085953_V2,42,raw,785,RUN_V2_bf056c1be53ae0e33c7fa3ab,1.4783703929102336,0.5229894094097955,0.6508443843908962,0.7651263573677674,-0.1290451105684042,1.477527379989624,0.8662420382165605
strawberry_second,test,mlp,VG_Fruit_second_74085953_V2,42,bounded,785,RUN_V2_bf056c1be53ae0e33c7fa3ab,1.4782265835043127,0.5144375711109987,0.650912309749386,0.764780060711213,-0.12049327226960735,1.477527379989624,0.867515923566879
strawberry_second,test,mlp,VG_Fruit_second_74085953_V2,82,raw,785,RUN_V2_49243fdb6de40d210654cd5c,1.4874148607740318,0.5584182405458752,0.6465591435040574,0.7571526618229497,-0.08609622287486864,1.4336464881896978,0.8662420382165605
strawberry_second,test,mlp,VG_Fruit_second_74085953_V2,82,bounded,785,RUN_V2_49243fdb6de40d210654cd5c,1.4874065424551925,0.5575334184559857,0.646563096705806,0.7571126467759351,-0.0852114007849792,1.4336464881896978,0.8662420382165605
strawberry_second,test,mlp,VG_Fruit_second_74085953_V2,52,raw,785,RUN_V2_c73df8ddc0401db8e5470b4b,1.4721024114114958,0.52414169808387,0.6537988017087624,0.78085902113142,-0.05920170666590618,1.5070832073688507,0.8649681528662421
strawberry_second,test,mlp,VG_Fruit_second_74085953_V2,52,bounded,785,RUN_V2_c73df8ddc0401db8e5470b4b,1.4720481699322523,0.5188848517360581,0.6538243136826677,0.7806638990092464,-0.053944860318094305,1.5070832073688507,0.8662420382165605
strawberry_second,test,mlp,VG_Fruit_second_74085953_V2,62,raw,785,RUN_V2_c1edeba3b0145e586556ce51,1.4875041715796598,0.5517810443594198,0.6465166980019317,0.7597360866458416,-0.07969494082365826,1.4409170627594001,0.8662420382165605
strawberry_second,test,mlp,VG_Fruit_second_74085953_V2,62,bounded,785,RUN_V2_c1edeba3b0145e586556ce51,1.4875030447025592,0.5515119964245019,0.6465172335729844,0.75972384417211,-0.07942589288874037,1.4409170627594001,0.8662420382165605
strawberry_second,test,mlp,VG_Fruit_second_74085953_V2,72,raw,785,RUN_V2_f75490a36b8f180a17616eb4,1.5470425222325366,0.5472765860094386,0.6176535867986006,0.7221428986004108,-0.19585994861687825,1.5405648946762085,0.8611464968152867
strawberry_second,test,mlp,VG_Fruit_second_74085953_V2,72,bounded,785,RUN_V2_f75490a36b8f180a17616eb4,1.547039064402933,0.5465262097015882,0.6176552959788589,0.722100619546222,-0.1951095723090278,1.5405648946762085,0.8611464968152867
strawberry_second,test,tabm,VG_Fruit_second_6e61b2c4_V2,62,raw,785,RUN_V2_8259475109daa52396395277,1.515613024430884,0.5123536634929241,0.6330311710507341,0.7590578879048098,-0.13092412416152893,1.5023233413696289,0.8649681528662421
strawberry_second,test,tabm,VG_Fruit_second_6e61b2c4_V2,62,bounded,785,RUN_V2_8259475109daa52396395277,1.5147851838414956,0.5078085865398312,0.6334319444935055,0.7591049504378614,-0.12637904720843599,1.5023233413696289,0.8649681528662421
strawberry_second,test,tabm,VG_Fruit_second_6e61b2c4_V2,72,raw,785,RUN_V2_4a911786f71cde96639b2f52,1.6965633511851395,0.6469092239702868,0.5401748925694418,0.6333066224855909,-0.2631814754704476,1.8576273620128632,0.8509554140127389
strawberry_second,test,tabm,VG_Fruit_second_6e61b2c4_V2,72,bounded,785,RUN_V2_4a911786f71cde96639b2f52,1.6965587826801751,0.6465093297219485,0.5401773689997575,0.6332745529232937,-0.2627815812221094,1.8576273620128632,0.8509554140127389
strawberry_second,test,tabm,VG_Fruit_second_6e61b2c4_V2,42,raw,785,RUN_V2_4bc0222707d47f3adfce19ee,1.5204352780966393,0.613480998580433,0.6306922732409662,0.7450371903102204,-0.10984925880648527,1.7088913917541506,0.8662420382165605
strawberry_second,test,tabm,VG_Fruit_second_6e61b2c4_V2,42,bounded,785,RUN_V2_4bc0222707d47f3adfce19ee,1.5186861093540676,0.6039450749043067,0.6315415168227415,0.7450864750966486,-0.10031333513035896,1.7088913917541506,0.8662420382165605
strawberry_second,test,tabm,VG_Fruit_second_6e61b2c4_V2,52,raw,785,RUN_V2_89820a0edd288eaf1684ccbc,1.502898370791398,0.5688072545062395,0.6391624330161768,0.7707013901797725,-0.03843687576046036,1.5789111614227302,0.867515923566879
strawberry_second,test,tabm,VG_Fruit_second_6e61b2c4_V2,52,bounded,785,RUN_V2_89820a0edd288eaf1684ccbc,1.502898370791398,0.5688072545062395,0.6391624330161768,0.7707013901797725,-0.03843687576046036,1.5789111614227302,0.867515923566879
strawberry_second,test,tabm,VG_Fruit_second_6e61b2c4_V2,82,raw,785,RUN_V2_da6655a5fbac480c7752e134,1.5136684294408684,0.57449327554008,0.6339722397031415,0.7571739160896463,-0.05356630787822851,1.5901678085327158,0.8662420382165605
strawberry_second,test,tabm,VG_Fruit_second_6e61b2c4_V2,82,bounded,785,RUN_V2_da6655a5fbac480c7752e134,1.5136684294408684,0.57449327554008,0.6339722397031415,0.7571739160896463,-0.05356630787822851,1.5901678085327158,0.8662420382165605
strawberry_second,test,tft,VG_Fruit_second_74085953_V2,52,raw,785,RUN_V2_5f998fb903e1db81b92b0b73,1.7500947078696971,0.570708511228774,0.5106995427467202,0.6489254447426279,-0.21218207563943925,1.525281715393067,0.8598726114649682
strawberry_second,test,tft,VG_Fruit_second_74085953_V2,52,bounded,785,RUN_V2_5f998fb903e1db81b92b0b73,1.7488265098874338,0.536393819170393,0.5114084244064216,0.6468449845157991,-0.17786738358105825,1.525281715393067,0.8611464968152867
strawberry_second,test,tft,VG_Fruit_second_74085953_V2,42,raw,785,RUN_V2_d50f107d4f8b9382b3c953b0,1.7351830654737244,0.5986464523016267,0.5190021672202555,0.6458694502070574,-0.20633064768496592,1.3280221939086916,0.8547770700636943
strawberry_second,test,tft,VG_Fruit_second_74085953_V2,42,bounded,785,RUN_V2_d50f107d4f8b9382b3c953b0,1.7340318111085864,0.5573512046010631,0.5196402176543531,0.6430898109265317,-0.16503539998440225,1.3280221939086916,0.8560509554140128
strawberry_second,test,tft,VG_Fruit_second_74085953_V2,72,raw,785,RUN_V2_d18f6a1c684828afe46bc71a,1.7256308069644009,0.5759909902266256,0.5242834184639851,0.6554146258257648,-0.11046638575613878,1.4441103935241704,0.8535031847133758
strawberry_second,test,tft,VG_Fruit_second_74085953_V2,72,bounded,785,RUN_V2_d18f6a1c684828afe46bc71a,1.7256022414886172,0.5723051514785001,0.5242991680182473,0.6551597907198772,-0.10678054700801327,1.4441103935241704,0.8535031847133758
strawberry_second,test,tft,VG_Fruit_second_74085953_V2,62,raw,785,RUN_V2_8fb2420e8684576ddfe19404,1.7312664667861712,0.5635275600632285,0.5211711019071392,0.6425405805485966,-0.2127001289159629,1.4358558893203737,0.8560509554140128
strawberry_second,test,tft,VG_Fruit_second_74085953_V2,62,bounded,785,RUN_V2_8fb2420e8684576ddfe19404,1.73104739866947,0.5503637470447333,0.5212922727498172,0.6415952377992606,-0.1995363158974678,1.4358558893203737,0.8573248407643312
strawberry_second,test,tft,VG_Fruit_second_74085953_V2,82,raw,785,RUN_V2_aac83b6061a1f582f5e1cadb,1.7257873922511608,0.5616858839063318,0.5241970806486305,0.6531584460860383,-0.14219568995106371,1.5002665519714355,0.8573248407643312
strawberry_second,test,tft,VG_Fruit_second_74085953_V2,82,bounded,785,RUN_V2_aac83b6061a1f582f5e1cadb,1.7257622047091439,0.5595295956963376,0.524210969055305,0.6530096614813288,-0.1400394017410696,1.5002665519714355,0.8573248407643312
strawberry_second,test,persistence,PERSISTENCE,42,raw,785,RUN_V2_1e79d65d75feed96ab0b0f0c,1.73131517330016,0.5464968152866242,0.5211441593019006,0.7605911649293123,-0.0012738853503184713,2.0,0.8802547770700637
strawberry_second,test,persistence,PERSISTENCE,42,bounded,785,RUN_V2_1e79d65d75feed96ab0b0f0c,1.6649247797702433,0.5477707006369427,0.5571651893926628,0.7552295439499499,-0.033121019108280254,2.0,0.8802547770700637
strawberry_third,validation,poisson,VG_Fruit_third_8862f2b1_V2,62,raw,780,RUN_V2_fd6a4e387582f99341c23f12,1.1429101642908104,0.6187543710836998,0.3090238373013019,0.44473402034647636,0.14876391230485378,0.8819907426834123,0.9064102564102564
strawberry_third,validation,poisson,VG_Fruit_third_8862f2b1_V2,62,bounded,780,RUN_V2_fd6a4e387582f99341c23f12,1.1429101642908104,0.6187543710836998,0.3090238373013019,0.44473402034647636,0.14876391230485378,0.8819907426834123,0.9064102564102564
strawberry_third,validation,poisson,VG_Fruit_third_8862f2b1_V2,82,raw,780,RUN_V2_0edd265d98c95f059de11956,1.1429101642908104,0.6187543710836998,0.3090238373013019,0.44473402034647636,0.14876391230485378,0.8819907426834123,0.9064102564102564
strawberry_third,validation,poisson,VG_Fruit_third_8862f2b1_V2,82,bounded,780,RUN_V2_0edd265d98c95f059de11956,1.1429101642908104,0.6187543710836998,0.3090238373013019,0.44473402034647636,0.14876391230485378,0.8819907426834123,0.9064102564102564
strawberry_third,validation,poisson,VG_Fruit_third_8862f2b1_V2,52,raw,780,RUN_V2_5ab9069ecb08b3cf060123ad,1.1429101642908104,0.6187543710836998,0.3090238373013019,0.44473402034647636,0.14876391230485378,0.8819907426834123,0.9064102564102564
strawberry_third,validation,poisson,VG_Fruit_third_8862f2b1_V2,52,bounded,780,RUN_V2_5ab9069ecb08b3cf060123ad,1.1429101642908104,0.6187543710836998,0.3090238373013019,0.44473402034647636,0.14876391230485378,0.8819907426834123,0.9064102564102564
strawberry_third,validation,poisson,VG_Fruit_third_8862f2b1_V2,72,raw,780,RUN_V2_06cd26048457429a9bc9d01e,1.1429101642908104,0.6187543710836998,0.3090238373013019,0.44473402034647636,0.14876391230485378,0.8819907426834123,0.9064102564102564
strawberry_third,validation,poisson,VG_Fruit_third_8862f2b1_V2,72,bounded,780,RUN_V2_06cd26048457429a9bc9d01e,1.1429101642908104,0.6187543710836998,0.3090238373013019,0.44473402034647636,0.14876391230485378,0.8819907426834123,0.9064102564102564
strawberry_third,validation,poisson,VG_Fruit_third_8862f2b1_V2,42,raw,780,RUN_V2_0ccd522f1ef5c36f5a286b82,1.1429101642908104,0.6187543710836998,0.3090238373013019,0.44473402034647636,0.14876391230485378,0.8819907426834123,0.9064102564102564
strawberry_third,validation,poisson,VG_Fruit_third_8862f2b1_V2,42,bounded,780,RUN_V2_0ccd522f1ef5c36f5a286b82,1.1429101642908104,0.6187543710836998,0.3090238373013019,0.44473402034647636,0.14876391230485378,0.8819907426834123,0.9064102564102564
strawberry_third,validation,random_forest,VG_Fruit_third_89fd3023_V2,82,raw,780,RUN_V2_1681b34809bed9c7e07ad336,0.9746790146440609,0.39116048839751033,0.4974698692263756,0.7238890305589712,0.13982543203780878,1.1367083669054925,0.8923076923076924
strawberry_third,validation,random_forest,VG_Fruit_third_89fd3023_V2,82,bounded,780,RUN_V2_1681b34809bed9c7e07ad336,0.9746790146440609,0.39116048839751033,0.4974698692263756,0.7238890305589712,0.13982543203780878,1.1367083669054925,0.8923076923076924
strawberry_third,validation,random_forest,VG_Fruit_third_89fd3023_V2,52,raw,780,RUN_V2_7663fa213bfdeb5b36fd6a26,0.9777170458191624,0.39166783581524395,0.49433225876753417,0.7235928329585501,0.14028416585382134,1.166115213668763,0.8910256410256411
strawberry_third,validation,random_forest,VG_Fruit_third_89fd3023_V2,52,bounded,780,RUN_V2_7663fa213bfdeb5b36fd6a26,0.9777170458191624,0.39166783581524395,0.49433225876753417,0.7235928329585501,0.14028416585382134,1.166115213668763,0.8910256410256411
strawberry_third,validation,random_forest,VG_Fruit_third_89fd3023_V2,42,raw,780,RUN_V2_5b164aa7c0929bb17008e4cc,0.976919978423922,0.3935575427211587,0.495156396959041,0.7239004413362241,0.14298312248250503,1.1904782616007343,0.8935897435897436
strawberry_third,validation,random_forest,VG_Fruit_third_89fd3023_V2,42,bounded,780,RUN_V2_5b164aa7c0929bb17008e4cc,0.976919978423922,0.3935575427211587,0.495156396959041,0.7239004413362241,0.14298312248250503,1.1904782616007343,0.8935897435897436
strawberry_third,validation,random_forest,VG_Fruit_third_89fd3023_V2,72,raw,780,RUN_V2_c6477770593a98f98dc5b6c3,0.9751740747257048,0.3921346873805662,0.49695924822232385,0.7232375366584464,0.13932010189076563,1.194126616806894,0.8923076923076924
strawberry_third,validation,random_forest,VG_Fruit_third_89fd3023_V2,72,bounded,780,RUN_V2_c6477770593a98f98dc5b6c3,0.9751740747257048,0.3921346873805662,0.49695924822232385,0.7232375366584464,0.13932010189076563,1.194126616806894,0.8923076923076924
strawberry_third,validation,random_forest,VG_Fruit_third_89fd3023_V2,62,raw,780,RUN_V2_ab00142b93c77a46f87efb7d,0.9725383752084371,0.39031744534357593,0.49967480953313836,0.7239280964604774,0.13828606510229072,1.165897568387676,0.8935897435897436
strawberry_third,validation,random_forest,VG_Fruit_third_89fd3023_V2,62,bounded,780,RUN_V2_ab00142b93c77a46f87efb7d,0.9725383752084371,0.39031744534357593,0.49967480953313836,0.7239280964604774,0.13828606510229072,1.165897568387676,0.8935897435897436
strawberry_third,validation,catboost,VG_Fruit_third_bfa2aa29_V2,62,raw,780,RUN_V2_7a1f24881d7f870f18e550d0,0.9678096941331145,0.40410842323889007,0.504528348739668,0.7163364277762002,0.13627440513161737,1.0118620818715849,0.8987179487179487
strawberry_third,validation,catboost,VG_Fruit_third_bfa2aa29_V2,62,bounded,780,RUN_V2_7a1f24881d7f870f18e550d0,0.9677887787942728,0.40371620850632295,0.5045497637876024,0.7163176484048529,0.1366666198641845,1.0118620818715849,0.8987179487179487
strawberry_third,validation,catboost,VG_Fruit_third_bfa2aa29_V2,52,raw,780,RUN_V2_a3805733b1232d29b8a6ebed,0.9642860641564056,0.4005665439948693,0.5081296364444894,0.7159197557318792,0.12976442601392849,1.0095536764335524,0.8974358974358975
strawberry_third,validation,catboost,VG_Fruit_third_bfa2aa29_V2,52,bounded,780,RUN_V2_a3805733b1232d29b8a6ebed,0.9642843110753551,0.4004070947001102,0.5081314248926727,0.7159091755031194,0.12992387530868751,1.0095536764335524,0.8974358974358975
strawberry_third,validation,catboost,VG_Fruit_third_bfa2aa29_V2,42,raw,780,RUN_V2_31ebbbfbe3a916b5192c3024,0.9629887449854263,0.39993941780421743,0.5094522389953735,0.7161643391180784,0.12728186591536758,1.0377461285968312,0.8961538461538462
strawberry_third,validation,catboost,VG_Fruit_third_bfa2aa29_V2,42,bounded,780,RUN_V2_31ebbbfbe3a916b5192c3024,0.962986280798788,0.3998295215342531,0.5094547495121327,0.7161575701371956,0.12739176218533185,1.0377461285968312,0.8961538461538462
strawberry_third,validation,catboost,VG_Fruit_third_bfa2aa29_V2,72,raw,780,RUN_V2_3080a1964083cfc291982166,0.956871909867297,0.3994404843329292,0.5156642949315213,0.7221554289051062,0.1348802719780356,1.036329360642561,0.8987179487179487
strawberry_third,validation,catboost,VG_Fruit_third_bfa2aa29_V2,72,bounded,780,RUN_V2_3080a1964083cfc291982166,0.9568633086875726,0.3992358123209669,0.51567300213607,0.7221449204783629,0.13508494398999796,1.036329360642561,0.8987179487179487
strawberry_third,validation,catboost,VG_Fruit_third_bfa2aa29_V2,82,raw,780,RUN_V2_d403e1bec14c6761386ccf3c,0.9611633070906782,0.40074573511465483,0.5113102373514571,0.7190312900862607,0.13142308460343344,1.0523505041387486,0.8974358974358975
strawberry_third,validation,catboost,VG_Fruit_third_bfa2aa29_V2,82,bounded,780,RUN_V2_d403e1bec14c6761386ccf3c,0.9611541267838173,0.400469770733377,0.5113195724988203,0.7190158595143815,0.1316990489847114,1.0523505041387486,0.8974358974358975
strawberry_third,validation,mlp,VG_Fruit_third_bfa2aa29_V2,72,raw,780,RUN_V2_4a943e1cea5bcc454e7a0d08,0.9960606452083073,0.3750206276201285,0.47517992646566287,0.6977395257384198,0.07332491058951769,0.9191492915153506,0.9076923076923077
strawberry_third,validation,mlp,VG_Fruit_third_bfa2aa29_V2,72,bounded,780,RUN_V2_4a943e1cea5bcc454e7a0d08,0.9959604695334578,0.3722022725030398,0.47528548542244087,0.6975695330186628,0.0761432657066064,0.9191492915153506,0.9076923076923077
strawberry_third,validation,mlp,VG_Fruit_third_bfa2aa29_V2,52,raw,780,RUN_V2_b2c46deb8543d25a5a6ff872,1.001905318724089,0.3943902815095125,0.46900278969659603,0.6857644327573488,0.09375294125041901,1.1480725288391116,0.8948717948717949
strawberry_third,validation,mlp,VG_Fruit_third_bfa2aa29_V2,52,bounded,780,RUN_V2_b2c46deb8543d25a5a6ff872,1.001860212586954,0.3925391450046729,0.4690505999904271,0.6856348266415694,0.09560407775525863,1.1480725288391116,0.8948717948717949
strawberry_third,validation,mlp,VG_Fruit_third_bfa2aa29_V2,82,raw,780,RUN_V2_789f2f87c3c2509729a4eed7,0.9728043127320666,0.35036382966030105,0.4994011474601123,0.6992792253060945,0.02028156786870498,0.9496166557073596,0.9025641025641026
strawberry_third,validation,mlp,VG_Fruit_third_bfa2aa29_V2,82,bounded,780,RUN_V2_789f2f87c3c2509729a4eed7,0.9725641394357575,0.33997573471890813,0.4996483002189238,0.6985690583794535,0.030669662810097902,0.9496166557073596,0.9025641025641026
strawberry_third,validation,mlp,VG_Fruit_third_bfa2aa29_V2,42,raw,780,RUN_V2_5b5465ba56da4d6141b81dfd,0.9891542891628926,0.4117736819462898,0.48243255397228435,0.6921567994012892,0.122549836566815,1.1535102725028994,0.8730769230769231
strawberry_third,validation,mlp,VG_Fruit_third_bfa2aa29_V2,42,bounded,780,RUN_V2_5b5465ba56da4d6141b81dfd,0.9891373751076242,0.41083686901972843,0.4824502541220732,0.6920898513470887,0.12348664949337641,1.1535102725028994,0.8730769230769231
strawberry_third,validation,mlp,VG_Fruit_third_bfa2aa29_V2,62,raw,780,RUN_V2_bcfc5b87f0372de1508f7c94,1.0459460785908843,0.4068399488543853,0.4212946900626152,0.7036792129289093,0.14368373927397607,1.1306364297866827,0.8858974358974359
strawberry_third,validation,mlp,VG_Fruit_third_bfa2aa29_V2,62,bounded,780,RUN_V2_bcfc5b87f0372de1508f7c94,1.0457286711974454,0.40036735357000275,0.42153524115759433,0.7033404360354781,0.15015633455835856,1.1306364297866827,0.8858974358974359
strawberry_third,validation,tabm,VG_Fruit_third_89fd3023_V2,42,raw,780,RUN_V2_8061502c5dd14de2017429de,0.9927615215835986,0.44409166323498656,0.4786507570584252,0.7152557713331656,-0.034620925022336914,1.045323494821788,0.8961538461538462
strawberry_third,validation,tabm,VG_Fruit_third_89fd3023_V2,42,bounded,780,RUN_V2_8061502c5dd14de2017429de,0.981805771512374,0.34148662253163564,0.49009410045394963,0.7132441653503623,0.06798411568101399,1.0,0.9012820512820513
strawberry_third,validation,tabm,VG_Fruit_third_89fd3023_V2,52,raw,780,RUN_V2_a5e795cfefd7f9f9ada82aa9,1.01198695976115,0.42372534026941044,0.45826273873638523,0.7169685863270556,0.17872105335625701,1.195346724987031,0.8743589743589744
strawberry_third,validation,tabm,VG_Fruit_third_89fd3023_V2,52,bounded,780,RUN_V2_a5e795cfefd7f9f9ada82aa9,1.011840260961301,0.41709670352104766,0.4584197890720695,0.716602734784142,0.18534969010461982,1.195346724987031,0.8743589743589744
strawberry_third,validation,tabm,VG_Fruit_third_89fd3023_V2,82,raw,780,RUN_V2_ce23adc300febdf59fe7f56f,0.9652395128440208,0.3873478888271329,0.507156470863676,0.6934883671733295,0.014578344056812617,0.9814880132675171,0.9012820512820513
strawberry_third,validation,tabm,VG_Fruit_third_89fd3023_V2,82,bounded,780,RUN_V2_ce23adc300febdf59fe7f56f,0.9636000225375642,0.35595646703568024,0.50882927012345,0.6916330228736198,0.045969765848265245,0.9814880132675171,0.9025641025641026
strawberry_third,validation,tabm,VG_Fruit_third_89fd3023_V2,72,raw,780,RUN_V2_230276e38c20148b34f9b964,0.9325901403174364,0.37267964858657276,0.5399336022890775,0.704715494364269,0.0021786868094633787,0.9814368486404419,0.9115384615384615
strawberry_third,validation,tabm,VG_Fruit_third_89fd3023_V2,72,bounded,780,RUN_V2_230276e38c20148b34f9b964,0.931545625664022,0.34506126190893927,0.5409635874108327,0.702936322213252,0.029797073487096874,0.9814368486404419,0.9128205128205128
strawberry_third,validation,tabm,VG_Fruit_third_89fd3023_V2,62,raw,780,RUN_V2_e4ba91d895b7dafe12381664,0.9821287100226097,0.37570764813572166,0.48975860571980356,0.7165838835333708,0.09170656967430543,0.914299488067627,0.9051282051282051
strawberry_third,validation,tabm,VG_Fruit_third_89fd3023_V2,62,bounded,780,RUN_V2_e4ba91d895b7dafe12381664,0.9818731979328739,0.3641268800251568,0.49002406152940114,0.71590341691508,0.10328733778487031,0.914299488067627,0.9051282051282051
strawberry_third,validation,tft,VG_Fruit_third_bfa2aa29_V2,62,raw,780,RUN_V2_63d293199cbc8921c1e567c7,0.9866457241924514,0.421339006206164,0.4850544001769238,0.7305813056328317,0.15966973188213812,1.2810155391693117,0.8641025641025641
strawberry_third,validation,tft,VG_Fruit_third_bfa2aa29_V2,62,bounded,780,RUN_V2_63d293199cbc8921c1e567c7,0.9860587871227463,0.40596789123538213,0.4856668809394781,0.7298752513388945,0.17504084685291998,1.2810155391693117,0.8641025641025641
strawberry_third,validation,tft,VG_Fruit_third_bfa2aa29_V2,52,raw,780,RUN_V2_65c0a36b77e640040f460886,0.9372168679829702,0.3847500156515684,0.5353573538301092,0.7258617872116766,0.07391449981010877,1.1160620331764228,0.8846153846153846
strawberry_third,validation,tft,VG_Fruit_third_bfa2aa29_V2,52,bounded,780,RUN_V2_65c0a36b77e640040f460886,0.936353030107455,0.3661871747328685,0.5362134863963615,0.724942846367717,0.09247734072880867,1.1160620331764228,0.8846153846153846
strawberry_third,validation,tft,VG_Fruit_third_bfa2aa29_V2,82,raw,780,RUN_V2_cb8dfaa1368bed53b0e51e4d,0.9839870689415441,0.398731383934426,0.4878258473610636,0.7080333054205692,0.007510713124886537,1.235303521156311,0.8871794871794871
strawberry_third,validation,tft,VG_Fruit_third_bfa2aa29_V2,82,bounded,780,RUN_V2_cb8dfaa1368bed53b0e51e4d,0.981338855354799,0.3493430296341196,0.490578975767899,0.7055940591937063,0.056899067425192934,1.235303521156311,0.8884615384615384
strawberry_third,validation,tft,VG_Fruit_third_bfa2aa29_V2,42,raw,780,RUN_V2_385520422501bbe8694b2751,0.9585118187927052,0.4240087812527632,0.5140027411677994,0.7396344903418519,-0.02686649644986177,1.0200152277946477,0.8923076923076924
strawberry_third,validation,tft,VG_Fruit_third_bfa2aa29_V2,42,bounded,780,RUN_V2_385520422501bbe8694b2751,0.950211764113966,0.33188469662116127,0.5223831048870666,0.7374486053504227,0.0652575881817402,1.0179399251937866,0.8935897435897436
strawberry_third,validation,tft,VG_Fruit_third_bfa2aa29_V2,72,raw,780,RUN_V2_6d2141363dd00905a460d199,0.9693203755031038,0.4119719626238713,0.5029803502547459,0.7308087472739283,0.015222307294607162,1.0632199823856354,0.8897435897435897
strawberry_third,validation,tft,VG_Fruit_third_bfa2aa29_V2,72,bounded,780,RUN_V2_6d2141363dd00905a460d199,0.9636016842352525,0.34434870682083646,0.5088275761052867,0.7290262694192283,0.08284556309764202,1.04854970574379,0.8948717948717949
strawberry_third,validation,persistence,PERSISTENCE,42,raw,780,RUN_V2_6e528eb03dc2b72119608b8c,1.1832159566199232,0.3487179487179487,0.25942864297271906,0.6300565582264813,0.005128205128205128,1.0,0.9179487179487179
strawberry_third,validation,persistence,PERSISTENCE,42,bounded,780,RUN_V2_6e528eb03dc2b72119608b8c,1.1832159566199232,0.3487179487179487,0.25942864297271906,0.6300565582264813,0.005128205128205128,1.0,0.9179487179487179
strawberry_third,test,poisson,VG_Fruit_third_8862f2b1_V2,62,raw,785,RUN_V2_b3e1dcd5194c8ad46483d876,2.637168795004602,0.9660090745444511,-0.35084184171208865,0.5486927659982476,0.051555570808185895,2.090506029129029,0.824203821656051
strawberry_third,test,poisson,VG_Fruit_third_8862f2b1_V2,62,bounded,785,RUN_V2_b3e1dcd5194c8ad46483d876,1.7548384964539419,0.8591045259480263,0.4018598517276961,0.6429376041622276,-0.055348977788238767,2.090506029129029,0.824203821656051
strawberry_third,test,poisson,VG_Fruit_third_8862f2b1_V2,82,raw,785,RUN_V2_aef39bd02bcabcb1e600adfc,2.637168795004602,0.9660090745444511,-0.35084184171208865,0.5486927659982476,0.051555570808185895,2.090506029129029,0.824203821656051
strawberry_third,test,poisson,VG_Fruit_third_8862f2b1_V2,82,bounded,785,RUN_V2_aef39bd02bcabcb1e600adfc,1.7548384964539419,0.8591045259480263,0.4018598517276961,0.6429376041622276,-0.055348977788238767,2.090506029129029,0.824203821656051
strawberry_third,test,poisson,VG_Fruit_third_8862f2b1_V2,52,raw,785,RUN_V2_9791fd210467bf4b705df832,2.637168795004602,0.9660090745444511,-0.35084184171208865,0.5486927659982476,0.051555570808185895,2.090506029129029,0.824203821656051
strawberry_third,test,poisson,VG_Fruit_third_8862f2b1_V2,52,bounded,785,RUN_V2_9791fd210467bf4b705df832,1.7548384964539419,0.8591045259480263,0.4018598517276961,0.6429376041622276,-0.055348977788238767,2.090506029129029,0.824203821656051
strawberry_third,test,poisson,VG_Fruit_third_8862f2b1_V2,42,raw,785,RUN_V2_9c2c71cd26eada07a8493e67,2.637168795004602,0.9660090745444511,-0.35084184171208865,0.5486927659982476,0.051555570808185895,2.090506029129029,0.824203821656051
strawberry_third,test,poisson,VG_Fruit_third_8862f2b1_V2,42,bounded,785,RUN_V2_9c2c71cd26eada07a8493e67,1.7548384964539419,0.8591045259480263,0.4018598517276961,0.6429376041622276,-0.055348977788238767,2.090506029129029,0.824203821656051
strawberry_third,test,poisson,VG_Fruit_third_8862f2b1_V2,72,raw,785,RUN_V2_8a5b56b511b529650f24b542,2.637168795004602,0.9660090745444511,-0.35084184171208865,0.5486927659982476,0.051555570808185895,2.090506029129029,0.824203821656051
strawberry_third,test,poisson,VG_Fruit_third_8862f2b1_V2,72,bounded,785,RUN_V2_8a5b56b511b529650f24b542,1.7548384964539419,0.8591045259480263,0.4018598517276961,0.6429376041622276,-0.055348977788238767,2.090506029129029,0.824203821656051
strawberry_third,test,random_forest,VG_Fruit_third_89fd3023_V2,72,raw,785,RUN_V2_31686f524dd86bff8b23c168,1.4606299801022622,0.5488713176450933,0.585610188638874,0.7270507476409142,-0.0768788532205918,1.9299889870720532,0.8573248407643312
strawberry_third,test,random_forest,VG_Fruit_third_89fd3023_V2,72,bounded,785,RUN_V2_31686f524dd86bff8b23c168,1.4606299801022622,0.5488713176450933,0.585610188638874,0.7270507476409142,-0.0768788532205918,1.9299889870720532,0.8573248407643312
strawberry_third,test,random_forest,VG_Fruit_third_89fd3023_V2,62,raw,785,RUN_V2_19cea778e104b6811b0ac945,1.462532894725659,0.5497813693889418,0.5845297478638496,0.7263654567357507,-0.07739539180938028,1.9432333924945908,0.8535031847133758
strawberry_third,test,random_forest,VG_Fruit_third_89fd3023_V2,62,bounded,785,RUN_V2_19cea778e104b6811b0ac945,1.462532894725659,0.5497813693889418,0.5845297478638496,0.7263654567357507,-0.07739539180938028,1.9432333924945908,0.8535031847133758
strawberry_third,test,random_forest,VG_Fruit_third_89fd3023_V2,52,raw,785,RUN_V2_860ddea815f152fe4442556a,1.4621983901217208,0.5500434591614042,0.5847197754790157,0.7269122527534134,-0.07661078766121404,1.959919456722822,0.8547770700636943
strawberry_third,test,random_forest,VG_Fruit_third_89fd3023_V2,52,bounded,785,RUN_V2_860ddea815f152fe4442556a,1.4621983901217208,0.5500434591614042,0.5847197754790157,0.7269122527534134,-0.07661078766121404,1.959919456722822,0.8547770700636943
strawberry_third,test,random_forest,VG_Fruit_third_89fd3023_V2,82,raw,785,RUN_V2_01b7aa91d762372841a3739d,1.461312569094127,0.5489569344046223,0.5852227886529391,0.7273935709770026,-0.0758898631995654,1.9473158117697014,0.8598726114649682
strawberry_third,test,random_forest,VG_Fruit_third_89fd3023_V2,82,bounded,785,RUN_V2_01b7aa91d762372841a3739d,1.461312569094127,0.5489569344046223,0.5852227886529391,0.7273935709770026,-0.0758898631995654,1.9473158117697014,0.8598726114649682
strawberry_third,test,random_forest,VG_Fruit_third_89fd3023_V2,42,raw,785,RUN_V2_4259c758e0a1d56f64694847,1.4653179566834078,0.5506022173983389,0.5829459036644613,0.725620419667064,-0.07731108922115601,1.9563357841775901,0.8535031847133758
strawberry_third,test,random_forest,VG_Fruit_third_89fd3023_V2,42,bounded,785,RUN_V2_4259c758e0a1d56f64694847,1.4653179566834078,0.5506022173983389,0.5829459036644613,0.725620419667064,-0.07731108922115601,1.9563357841775901,0.8535031847133758
strawberry_third,test,catboost,VG_Fruit_third_bfa2aa29_V2,42,raw,785,RUN_V2_9e640f78356b2c70f8aabc67,1.4613611498322996,0.5681678899541336,0.585195209997321,0.7225320283323938,-0.05848827420159505,1.8900788670806186,0.8509554140127389
strawberry_third,test,catboost,VG_Fruit_third_bfa2aa29_V2,42,bounded,785,RUN_V2_9e640f78356b2c70f8aabc67,1.4613611498322996,0.5681678899541336,0.585195209997321,0.7225320283323938,-0.05848827420159505,1.8900788670806186,0.8509554140127389
strawberry_third,test,catboost,VG_Fruit_third_bfa2aa29_V2,82,raw,785,RUN_V2_53daf2ec6240fd6aac96b32c,1.4637946396390769,0.5670559182108036,0.5838125761631696,0.719496254449315,-0.06896949409122886,1.8615326401340435,0.8509554140127389
strawberry_third,test,catboost,VG_Fruit_third_bfa2aa29_V2,82,bounded,785,RUN_V2_53daf2ec6240fd6aac96b32c,1.4637941530559355,0.5669698974159262,0.5838128528546466,0.719490899873692,-0.06888347329635142,1.8615326401340435,0.8509554140127389
strawberry_third,test,catboost,VG_Fruit_third_bfa2aa29_V2,72,raw,785,RUN_V2_fe3a90f5a0d295fb39ed8140,1.4613961240213098,0.5722750619169068,0.5851753550357597,0.7210552651823536,-0.06613725545938001,1.9008859258237512,0.8509554140127389
strawberry_third,test,catboost,VG_Fruit_third_bfa2aa29_V2,72,bounded,785,RUN_V2_fe3a90f5a0d295fb39ed8140,1.4613957430970048,0.5721894676175345,0.5851755712902937,0.7210499512967913,-0.06605166116000775,1.9008859258237512,0.8509554140127389
strawberry_third,test,catboost,VG_Fruit_third_bfa2aa29_V2,52,raw,785,RUN_V2_9f25b1de8a3a88d4b6b82be4,1.4684372703244566,0.5675601871303305,0.5811683956454777,0.7177333240349864,-0.06828660851923644,1.8745878145125392,0.8585987261146497
strawberry_third,test,catboost,VG_Fruit_third_bfa2aa29_V2,52,bounded,785,RUN_V2_9f25b1de8a3a88d4b6b82be4,1.4684370348541844,0.5675010037010398,0.5811685299683881,0.7177295892228701,-0.06822742508994585,1.8745878145125392,0.8585987261146497
strawberry_third,test,catboost,VG_Fruit_third_bfa2aa29_V2,62,raw,785,RUN_V2_68502fb0f34f962de66ef17b,1.4622955917891713,0.5696655136812754,0.5846645609852151,0.7202503469538356,-0.06566378679025363,1.8278778760920185,0.8484076433121019
strawberry_third,test,catboost,VG_Fruit_third_bfa2aa29_V2,62,bounded,785,RUN_V2_68502fb0f34f962de66ef17b,1.4622944838449075,0.5695692205897985,0.5846651903632226,0.7202445285258939,-0.06556749369877665,1.8278778760920185,0.8484076433121019
strawberry_third,test,mlp,VG_Fruit_third_bfa2aa29_V2,62,raw,785,RUN_V2_5ff51a20daa962907dc9b26e,1.4264503322969795,0.5525597225186551,0.604777230721717,0.771193247032927,-0.02348199869701817,1.8423077106475845,0.8356687898089172
strawberry_third,test,mlp,VG_Fruit_third_bfa2aa29_V2,62,bounded,785,RUN_V2_5ff51a20daa962907dc9b26e,1.4261972423814733,0.5456698176255271,0.6049174641687751,0.7709518727907241,-0.016592093803890193,1.8423077106475845,0.8356687898089172
strawberry_third,test,mlp,VG_Fruit_third_bfa2aa29_V2,82,raw,785,RUN_V2_4cd32a5212fc942271cb9b64,1.465160238072643,0.5541692504932166,0.5830356775629436,0.7298261107972628,-0.17078938576256394,1.9644438207149515,0.8407643312101911
strawberry_third,test,mlp,VG_Fruit_third_bfa2aa29_V2,82,bounded,785,RUN_V2_4cd32a5212fc942271cb9b64,1.4649505551357818,0.54349580794383,0.583155014745639,0.7292548000545505,-0.16011594321317735,1.9644438207149515,0.8407643312101911
strawberry_third,test,mlp,VG_Fruit_third_bfa2aa29_V2,42,raw,785,RUN_V2_035997b61f33b331702290e3,1.4552625862341366,0.5763943963891761,0.5886501189816515,0.7291294477114764,-0.09935944172891842,1.981668305397034,0.8331210191082803
strawberry_third,test,mlp,VG_Fruit_third_bfa2aa29_V2,42,bounded,785,RUN_V2_035997b61f33b331702290e3,1.4552468365330238,0.5753316019703248,0.5886590226704873,0.7290697295315861,-0.09829664731006714,1.981668305397034,0.8331210191082803
strawberry_third,test,mlp,VG_Fruit_third_bfa2aa29_V2,72,raw,785,RUN_V2_8e69e3e7809d3a6e6a4a7317,1.4349862969937386,0.5584055085660545,0.6000330044912654,0.7472604130385138,-0.09769272137979033,1.964900541305542,0.8445859872611465
strawberry_third,test,mlp,VG_Fruit_third_bfa2aa29_V2,72,bounded,785,RUN_V2_8e69e3e7809d3a6e6a4a7317,1.4349020426997396,0.5562813294920952,0.6000799707202731,0.7471680505661199,-0.09556854230583094,1.964900541305542,0.8445859872611465
strawberry_third,test,mlp,VG_Fruit_third_bfa2aa29_V2,52,raw,785,RUN_V2_2e417d72a7ab5edf98f72231,1.451492793596907,0.5570292312723056,0.590778525570377,0.734335645707713,-0.10747004560414393,1.9435652285814293,0.8496815286624204
strawberry_third,test,mlp,VG_Fruit_third_bfa2aa29_V2,52,bounded,785,RUN_V2_2e417d72a7ab5edf98f72231,1.4514776013885575,0.5561340236075365,0.5907870918483394,0.7342876116838065,-0.10657483793937476,1.9435652285814293,0.8496815286624204
strawberry_third,test,tabm,VG_Fruit_third_89fd3023_V2,82,raw,785,RUN_V2_697153cf0eccdddce26f9f67,1.5269718511671877,0.5872663899307038,0.5471121077433888,0.6925842848315339,-0.2255265227358812,1.9953405380249034,0.8407643312101911
strawberry_third,test,tabm,VG_Fruit_third_89fd3023_V2,82,bounded,785,RUN_V2_697153cf0eccdddce26f9f67,1.5257874713589035,0.5541745210481677,0.5478143908292795,0.6905934089902267,-0.19243465385334507,1.9953405380249034,0.8407643312101911
strawberry_third,test,tabm,VG_Fruit_third_89fd3023_V2,52,raw,785,RUN_V2_6080b49e32eaec345732b470,1.4514591877990903,0.5778766980382857,0.5907974744139304,0.7510431425979066,-0.02990748170217511,1.8560116171836858,0.8369426751592357
strawberry_third,test,tabm,VG_Fruit_third_89fd3023_V2,52,bounded,785,RUN_V2_6080b49e32eaec345732b470,1.4514078932207173,0.5742350737332919,0.5908263963433988,0.7508701112064194,-0.02626585739718121,1.8560116171836858,0.8369426751592357
strawberry_third,test,tabm,VG_Fruit_third_89fd3023_V2,42,raw,785,RUN_V2_3919665ba0bc57eae85147cf,1.493607243501484,0.651167623494651,0.5666872480024003,0.732295974207066,-0.24523341749219377,1.8897041320800783,0.8382165605095542
strawberry_third,test,tabm,VG_Fruit_third_89fd3023_V2,42,bounded,785,RUN_V2_3919665ba0bc57eae85147cf,1.483191341032221,0.534237239310506,0.5727097229629714,0.728732304062253,-0.1283030333080489,1.8897041320800783,0.845859872611465
strawberry_third,test,tabm,VG_Fruit_third_89fd3023_V2,72,raw,785,RUN_V2_fdba62821296b85c70a08040,1.5189580436153256,0.5946181339982921,0.5518532988386854,0.6859184293173359,-0.26838677818619994,2.1116337776184095,0.8420382165605096
strawberry_third,test,tabm,VG_Fruit_third_89fd3023_V2,72,bounded,785,RUN_V2_fdba62821296b85c70a08040,1.5179835284115484,0.563079688944231,0.5524281477371806,0.6838600058744987,-0.23684833313213888,2.1116337776184095,0.8420382165605096
strawberry_third,test,tabm,VG_Fruit_third_89fd3023_V2,62,raw,785,RUN_V2_681843e71405d061612cedee,1.471650211783773,0.5592674537116935,0.579333583046896,0.7311562522889707,-0.0836200463923679,1.897330957651139,0.8445859872611465
strawberry_third,test,tabm,VG_Fruit_third_89fd3023_V2,62,bounded,785,RUN_V2_681843e71405d061612cedee,1.4716337358062712,0.5574872496401428,0.5793430022031172,0.7310581132398194,-0.08183984232081729,1.897330957651139,0.8445859872611465
strawberry_third,test,tft,VG_Fruit_third_bfa2aa29_V2,52,raw,785,RUN_V2_639c44209797a88c996a19c9,1.4614564358711029,0.5684676563663847,0.5851411146850014,0.7139945201667219,-0.18210877271214868,1.8533757686614991,0.8280254777070064
strawberry_third,test,tft,VG_Fruit_third_bfa2aa29_V2,52,bounded,785,RUN_V2_639c44209797a88c996a19c9,1.4605885740301694,0.547543079534154,0.5856336826263119,0.7128656688167497,-0.161184195879918,1.8533757686614991,0.8280254777070064
strawberry_third,test,tft,VG_Fruit_third_bfa2aa29_V2,72,raw,785,RUN_V2_5dc2dd1fa7a5636752d7c388,1.4607446213052686,0.6077479557057095,0.5855451372412516,0.7274620657822727,-0.23092904491409375,1.8858340740203863,0.8471337579617835
strawberry_third,test,tft,VG_Fruit_third_bfa2aa29_V2,72,bounded,785,RUN_V2_5dc2dd1fa7a5636752d7c388,1.455554386039597,0.531930348277092,0.5884851400281721,0.7243680237334105,-0.1551114374854762,1.8858340740203863,0.8484076433121019
strawberry_third,test,tft,VG_Fruit_third_bfa2aa29_V2,42,raw,785,RUN_V2_8ef90f9e761a44efbe201800,1.4908638048981606,0.6357584323852685,0.5682775926936083,0.7160961824263588,-0.27503322112332484,2.045174813270569,0.8331210191082803
strawberry_third,test,tft,VG_Fruit_third_bfa2aa29_V2,42,bounded,785,RUN_V2_8ef90f9e761a44efbe201800,1.4853328303644708,0.5472458851185574,0.5714749555690031,0.7120516060846999,-0.18652067385661375,2.0415460944175723,0.8331210191082803
strawberry_third,test,tft,VG_Fruit_third_bfa2aa29_V2,82,raw,785,RUN_V2_7029290050846c71fcee2490,1.4535956584171321,0.5796473207011534,0.5895919391784833,0.7309993660169513,-0.16726365116703662,1.938073325157166,0.8369426751592357
strawberry_third,test,tft,VG_Fruit_third_bfa2aa29_V2,82,bounded,785,RUN_V2_7029290050846c71fcee2490,1.4514574426413251,0.5289789528390215,0.5907984584202899,0.7285659123915716,-0.11659528330490468,1.938073325157166,0.8369426751592357
strawberry_third,test,tft,VG_Fruit_third_bfa2aa29_V2,62,raw,785,RUN_V2_742f44612110e4154d4d9c50,1.449648001856679,0.5795217453674146,0.5918180741740534,0.7420704179560151,-0.022650096522774665,1.9004858493804933,0.821656050955414
strawberry_third,test,tft,VG_Fruit_third_bfa2aa29_V2,62,bounded,785,RUN_V2_742f44612110e4154d4d9c50,1.4493261258422607,0.5667723983336406,0.5919993173243895,0.7414523442489634,-0.009900749489000648,1.9004858493804933,0.821656050955414
strawberry_third,test,persistence,PERSISTENCE,42,raw,785,RUN_V2_866d91b5fe3085a2dd82ffc8,1.5716436282654906,0.5312101910828025,0.520225899161751,0.7603312343693683,0.011464968152866241,2.0,0.8726114649681529
strawberry_third,test,persistence,PERSISTENCE,42,bounded,785,RUN_V2_866d91b5fe3085a2dd82ffc8,1.5651458490065455,0.5286624203821656,0.524184839653454,0.7599193281993938,0.008917197452229299,2.0,0.8726114649681529
strawberry_sum123,validation,poisson,VG_Fruit_sum123_b684d32d_V2,52,raw,780,RUN_V2_4acf26118b13ce407c413d6e,1.9871740833622746,1.3842089908054243,0.5706326249157128,0.7148533197967978,-0.013576278644494521,3.100779438018799,0.5756410256410256
strawberry_sum123,validation,poisson,VG_Fruit_sum123_b684d32d_V2,52,bounded,780,RUN_V2_4acf26118b13ce407c413d6e,1.9871740833622746,1.3842089908054243,0.5706326249157128,0.7148533197967978,-0.013576278644494521,3.100779438018799,0.5756410256410256
strawberry_sum123,validation,poisson,VG_Fruit_sum123_b684d32d_V2,62,raw,780,RUN_V2_9c8a1ebb1a0c1fc1fdad85b8,1.9871740833622746,1.3842089908054243,0.5706326249157128,0.7148533197967978,-0.013576278644494521,3.100779438018799,0.5756410256410256
strawberry_sum123,validation,poisson,VG_Fruit_sum123_b684d32d_V2,62,bounded,780,RUN_V2_9c8a1ebb1a0c1fc1fdad85b8,1.9871740833622746,1.3842089908054243,0.5706326249157128,0.7148533197967978,-0.013576278644494521,3.100779438018799,0.5756410256410256
strawberry_sum123,validation,poisson,VG_Fruit_sum123_b684d32d_V2,82,raw,780,RUN_V2_0074ff19f81c7b92398c3008,1.9871740833622746,1.3842089908054243,0.5706326249157128,0.7148533197967978,-0.013576278644494521,3.100779438018799,0.5756410256410256
strawberry_sum123,validation,poisson,VG_Fruit_sum123_b684d32d_V2,82,bounded,780,RUN_V2_0074ff19f81c7b92398c3008,1.9871740833622746,1.3842089908054243,0.5706326249157128,0.7148533197967978,-0.013576278644494521,3.100779438018799,0.5756410256410256
strawberry_sum123,validation,poisson,VG_Fruit_sum123_b684d32d_V2,72,raw,780,RUN_V2_79c3cec21cb6ecf4997ffb14,1.9871740833622746,1.3842089908054243,0.5706326249157128,0.7148533197967978,-0.013576278644494521,3.100779438018799,0.5756410256410256
strawberry_sum123,validation,poisson,VG_Fruit_sum123_b684d32d_V2,72,bounded,780,RUN_V2_79c3cec21cb6ecf4997ffb14,1.9871740833622746,1.3842089908054243,0.5706326249157128,0.7148533197967978,-0.013576278644494521,3.100779438018799,0.5756410256410256
strawberry_sum123,validation,poisson,VG_Fruit_sum123_b684d32d_V2,42,raw,780,RUN_V2_c2e5f7db2382f4a4504bd526,1.9871740833622746,1.3842089908054243,0.5706326249157128,0.7148533197967978,-0.013576278644494521,3.100779438018799,0.5756410256410256
strawberry_sum123,validation,poisson,VG_Fruit_sum123_b684d32d_V2,42,bounded,780,RUN_V2_c2e5f7db2382f4a4504bd526,1.9871740833622746,1.3842089908054243,0.5706326249157128,0.7148533197967978,-0.013576278644494521,3.100779438018799,0.5756410256410256
strawberry_sum123,validation,random_forest,VG_Fruit_sum123_74085953_V2,52,raw,780,RUN_V2_bd509ac7c9bfef6184f44778,1.7471493875725324,0.9969916746046477,0.6680923260596936,0.8207740826973126,0.24107499557511938,2.8176475881057703,0.717948717948718
strawberry_sum123,validation,random_forest,VG_Fruit_sum123_74085953_V2,52,bounded,780,RUN_V2_bd509ac7c9bfef6184f44778,1.7471493875725324,0.9969916746046477,0.6680923260596936,0.8207740826973126,0.24107499557511938,2.8176475881057703,0.717948717948718
strawberry_sum123,validation,random_forest,VG_Fruit_sum123_74085953_V2,72,raw,780,RUN_V2_ebbe9fc2a6b68b0dc6b25349,1.744987725593542,0.9953975204234424,0.6689131240496828,0.8212268684091095,0.24585041436260618,2.808095576657786,0.7192307692307692
strawberry_sum123,validation,random_forest,VG_Fruit_sum123_74085953_V2,72,bounded,780,RUN_V2_ebbe9fc2a6b68b0dc6b25349,1.744987725593542,0.9953975204234424,0.6689131240496828,0.8212268684091095,0.24585041436260618,2.808095576657786,0.7192307692307692
strawberry_sum123,validation,random_forest,VG_Fruit_sum123_74085953_V2,62,raw,780,RUN_V2_6dbdac77632a2c1eb43238fd,1.750872230966276,1.001185427482317,0.6666763546981065,0.8201792133133016,0.24392828045759987,2.8166045209102246,0.7166666666666667
strawberry_sum123,validation,random_forest,VG_Fruit_sum123_74085953_V2,62,bounded,780,RUN_V2_6dbdac77632a2c1eb43238fd,1.750872230966276,1.001185427482317,0.6666763546981065,0.8201792133133016,0.24392828045759987,2.8166045209102246,0.7166666666666667
strawberry_sum123,validation,random_forest,VG_Fruit_sum123_74085953_V2,42,raw,780,RUN_V2_a7e69c0adb3394b4f3a5d78e,1.7503466501809806,0.9987852193203967,0.6668764403536065,0.8199306312234967,0.2401777854981743,2.815857263284066,0.7205128205128205
strawberry_sum123,validation,random_forest,VG_Fruit_sum123_74085953_V2,42,bounded,780,RUN_V2_a7e69c0adb3394b4f3a5d78e,1.7503466501809806,0.9987852193203967,0.6668764403536065,0.8199306312234967,0.2401777854981743,2.815857263284066,0.7205128205128205
strawberry_sum123,validation,random_forest,VG_Fruit_sum123_74085953_V2,82,raw,780,RUN_V2_5049c4de203497439c55d650,1.7465541006374297,0.9962864943746733,0.6683184620085528,0.8203921619300399,0.2400672349592308,2.815644130690361,0.7230769230769231
strawberry_sum123,validation,random_forest,VG_Fruit_sum123_74085953_V2,82,bounded,780,RUN_V2_5049c4de203497439c55d650,1.7465541006374297,0.9962864943746733,0.6683184620085528,0.8203921619300399,0.2400672349592308,2.815644130690361,0.7230769230769231
strawberry_sum123,validation,catboost,VG_Fruit_sum123_89fd3023_V2,72,raw,780,RUN_V2_cc686f942cf46e7affd58616,1.7586437989326134,1.1134929635622812,0.6637107511474521,0.8044333450289304,0.21718791231431347,2.7219585982383987,0.6846153846153846
strawberry_sum123,validation,catboost,VG_Fruit_sum123_89fd3023_V2,72,bounded,780,RUN_V2_cc686f942cf46e7affd58616,1.7586437989326134,1.1134929635622812,0.6637107511474521,0.8044333450289304,0.21718791231431347,2.7219585982383987,0.6846153846153846
strawberry_sum123,validation,catboost,VG_Fruit_sum123_89fd3023_V2,82,raw,780,RUN_V2_e91bc95fe171b57aca83ead9,1.751481963149064,1.1054591335604573,0.6664441578095539,0.8061452598283478,0.21372359425263326,2.65388648188206,0.6846153846153846
strawberry_sum123,validation,catboost,VG_Fruit_sum123_89fd3023_V2,82,bounded,780,RUN_V2_e91bc95fe171b57aca83ead9,1.751481963149064,1.1054591335604573,0.6664441578095539,0.8061452598283478,0.21372359425263326,2.65388648188206,0.6846153846153846
strawberry_sum123,validation,catboost,VG_Fruit_sum123_89fd3023_V2,62,raw,780,RUN_V2_15f9e6454a724bdc7b28f049,1.7598487059135943,1.1118537254091683,0.663249786771306,0.805127613834821,0.2274155926003997,2.7118476934213627,0.6820512820512821
strawberry_sum123,validation,catboost,VG_Fruit_sum123_89fd3023_V2,62,bounded,780,RUN_V2_15f9e6454a724bdc7b28f049,1.7598487059135943,1.1118537254091683,0.663249786771306,0.805127613834821,0.2274155926003997,2.7118476934213627,0.6820512820512821
strawberry_sum123,validation,catboost,VG_Fruit_sum123_89fd3023_V2,52,raw,780,RUN_V2_88528bcd839d2d273f9ed100,1.7572125683040989,1.1167317633037988,0.6642578905089791,0.8056339233136749,0.22200634502264796,2.770122622273268,0.6846153846153846
strawberry_sum123,validation,catboost,VG_Fruit_sum123_89fd3023_V2,52,bounded,780,RUN_V2_88528bcd839d2d273f9ed100,1.7572125683040989,1.1167317633037988,0.6642578905089791,0.8056339233136749,0.22200634502264796,2.770122622273268,0.6846153846153846
strawberry_sum123,validation,catboost,VG_Fruit_sum123_89fd3023_V2,42,raw,780,RUN_V2_70a29b2a701cde7f8a0bec89,1.7542617187271834,1.1056021155975055,0.6653845528472455,0.8068383513934679,0.22695428460674877,2.741517529681063,0.6884615384615385
strawberry_sum123,validation,catboost,VG_Fruit_sum123_89fd3023_V2,42,bounded,780,RUN_V2_70a29b2a701cde7f8a0bec89,1.7542617187271834,1.1056021155975055,0.6653845528472455,0.8068383513934679,0.22695428460674877,2.741517529681063,0.6884615384615385
strawberry_sum123,validation,mlp,VG_Fruit_sum123_89fd3023_V2,82,raw,780,RUN_V2_d9c7cd58f7334ed7f531a1e6,1.7300057430337819,0.9892632890874759,0.6745739590043105,0.816140998350102,0.06700504963787703,2.772557620704175,0.6846153846153846
strawberry_sum123,validation,mlp,VG_Fruit_sum123_89fd3023_V2,82,bounded,780,RUN_V2_d9c7cd58f7334ed7f531a1e6,1.7299878206936519,0.9878756748273586,0.6745807016015608,0.8160800690356738,0.06839266389799424,2.772557620704175,0.6846153846153846
strawberry_sum123,validation,mlp,VG_Fruit_sum123_89fd3023_V2,42,raw,780,RUN_V2_19e88b38d6d2176a19275aee,1.8010930163514733,1.0049285599627555,0.647280477702201,0.8191951419607104,0.2733533559892422,2.858273136615754,0.708974358974359
strawberry_sum123,validation,mlp,VG_Fruit_sum123_89fd3023_V2,42,bounded,780,RUN_V2_19e88b38d6d2176a19275aee,1.8010480144255632,1.0018572624486226,0.6472981035098235,0.8190760375510421,0.2764246535033752,2.858273136615754,0.708974358974359
strawberry_sum123,validation,mlp,VG_Fruit_sum123_89fd3023_V2,62,raw,780,RUN_V2_e52f035ed42f53c5a9e836a4,1.714288210532372,0.9565215938652937,0.6804602508305753,0.8152007114281,-0.06031037866114042,2.705097275972367,0.6871794871794872
strawberry_sum123,validation,mlp,VG_Fruit_sum123_89fd3023_V2,62,bounded,780,RUN_V2_e52f035ed42f53c5a9e836a4,1.7141891934132298,0.9498971427193819,0.6804971629337571,0.8149031639353956,-0.05368592751522859,2.705097275972367,0.6871794871794872
strawberry_sum123,validation,mlp,VG_Fruit_sum123_89fd3023_V2,52,raw,780,RUN_V2_c06742c96e7e00eb21bd6f35,1.7049307792382078,0.9640441597081147,0.6839391414719974,0.8175829402440525,0.018090916807070756,2.652816987037661,0.6858974358974359
strawberry_sum123,validation,mlp,VG_Fruit_sum123_89fd3023_V2,52,bounded,780,RUN_V2_c06742c96e7e00eb21bd6f35,1.7048469728705296,0.9602045106009031,0.6839702128349296,0.8174178970907215,0.021930565914282434,2.652816987037661,0.6858974358974359
strawberry_sum123,validation,mlp,VG_Fruit_sum123_89fd3023_V2,72,raw,780,RUN_V2_c2772a4155e33bdf66113300,1.8003965469820642,0.9834190176370052,0.6475532130289272,0.8176206838165841,0.2113218681456951,2.824394249916077,0.7064102564102565
strawberry_sum123,validation,mlp,VG_Fruit_sum123_89fd3023_V2,72,bounded,780,RUN_V2_c2772a4155e33bdf66113300,1.8003931890785008,0.982731205998705,0.6475545277184274,0.8175924061669068,0.21200967978399535,2.824394249916077,0.7064102564102565
strawberry_sum123,validation,tabm,VG_Fruit_sum123_89fd3023_V2,72,raw,780,RUN_V2_d599852a70d6f08836899166,1.7257714722161934,0.9523900079134947,0.676165000774135,0.8116549570801214,-0.20198489936689537,2.8119993820786475,0.7064102564102565
strawberry_sum123,validation,tabm,VG_Fruit_sum123_89fd3023_V2,72,bounded,780,RUN_V2_d599852a70d6f08836899166,1.7249539041645618,0.9314227203719126,0.6764717556840639,0.8107762614634837,-0.1810176118253133,2.8119993820786475,0.7076923076923077
strawberry_sum123,validation,tabm,VG_Fruit_sum123_89fd3023_V2,82,raw,780,RUN_V2_a935ecc822474faa976548de,1.7946702864087762,1.0638977623804329,0.6497916006132076,0.8031339688542335,0.1721885918564975,2.6219601631164555,0.6435897435897436
strawberry_sum123,validation,tabm,VG_Fruit_sum123_89fd3023_V2,82,bounded,780,RUN_V2_a935ecc822474faa976548de,1.794592656870836,1.0582302080201678,0.6498218969060126,0.802868706754128,0.17785614621676266,2.6219601631164555,0.6435897435897436
strawberry_sum123,validation,tabm,VG_Fruit_sum123_89fd3023_V2,62,raw,780,RUN_V2_3f220d2a2b113edb90f7a822,1.8009278378796214,1.00933661865166,0.6473451706409487,0.8196222171429103,0.23655327265031445,2.8536186933517462,0.6705128205128205
strawberry_sum123,validation,tabm,VG_Fruit_sum123_89fd3023_V2,62,bounded,780,RUN_V2_3f220d2a2b113edb90f7a822,1.7996324022276202,0.996511406195947,0.6478523284765012,0.8193452163426506,0.24937848510602728,2.8536186933517462,0.6756410256410257
strawberry_sum123,validation,tabm,VG_Fruit_sum123_89fd3023_V2,42,raw,780,RUN_V2_5ecc0625a6ef072edd9fad7f,1.7546329813597548,1.0351500105399352,0.6652429053881534,0.8210971074085398,0.2688861232346449,2.755797663331032,0.6628205128205128
strawberry_sum123,validation,tabm,VG_Fruit_sum123_89fd3023_V2,42,bounded,780,RUN_V2_5ecc0625a6ef072edd9fad7f,1.7546129497865872,1.0329629387515478,0.6652505487791394,0.8210075443945706,0.27107319502303234,2.755797663331032,0.6628205128205128
strawberry_sum123,validation,tabm,VG_Fruit_sum123_89fd3023_V2,52,raw,780,RUN_V2_9fcc3107832ea7a21d34a5ca,1.7122349625849447,1.0619451603923853,0.6812252347106252,0.8026248659279759,0.03717623046384408,2.6269709110260013,0.6653846153846154
strawberry_sum123,validation,tabm,VG_Fruit_sum123_89fd3023_V2,52,bounded,780,RUN_V2_9fcc3107832ea7a21d34a5ca,1.7122293832985138,1.061616072517175,0.6812273121507706,0.8026080351523309,0.0375053183390544,2.6269709110260013,0.6653846153846154
strawberry_sum123,validation,tft,VG_Fruit_sum123_6e61b2c4_V2,82,raw,780,RUN_V2_515a63855f95c3231e2c0989,1.889062858266366,1.094346274378208,0.6119836450366667,0.8065007274180057,0.29238579626648853,3.047940611839295,0.6871794871794872
strawberry_sum123,validation,tft,VG_Fruit_sum123_6e61b2c4_V2,82,bounded,780,RUN_V2_515a63855f95c3231e2c0989,1.8890615712925898,1.0938890564900179,0.6119841737291888,0.8064813433131525,0.2928430141546787,3.047940611839295,0.6871794871794872
strawberry_sum123,validation,tft,VG_Fruit_sum123_6e61b2c4_V2,72,raw,780,RUN_V2_cb18b31bc0e94dd51d35f756,1.7450117781509673,1.0013198588521053,0.6689039967178819,0.8122126135038434,-0.03177858021778938,2.927289156615734,0.6782051282051282
strawberry_sum123,validation,tft,VG_Fruit_sum123_6e61b2c4_V2,72,bounded,780,RUN_V2_cb18b31bc0e94dd51d35f756,1.7438963769015827,0.9927218334797101,0.669327130672154,0.8120371685941175,-0.023180554845394233,2.927289156615734,0.6833333333333333
strawberry_sum123,validation,tft,VG_Fruit_sum123_6e61b2c4_V2,42,raw,780,RUN_V2_d70794aa196cf2cc4ce1243d,1.8129067450427234,1.0084474501701501,0.6426381870770348,0.8107126058361247,0.07610029799815936,2.9312588930130006,0.7115384615384616
strawberry_sum123,validation,tft,VG_Fruit_sum123_6e61b2c4_V2,42,bounded,780,RUN_V2_d70794aa196cf2cc4ce1243d,1.8124115684064444,0.996588213245074,0.6428333797464083,0.8102683241790033,0.08795953492323558,2.9312588930130006,0.7115384615384616
strawberry_sum123,validation,tft,VG_Fruit_sum123_6e61b2c4_V2,52,raw,780,RUN_V2_5af40556c28f783fc473ff8f,1.8015288875728492,1.0417771279429777,0.6471097381674269,0.8176204076242247,0.22286395885241336,3.038573586940767,0.7076923076923077
strawberry_sum123,validation,tft,VG_Fruit_sum123_6e61b2c4_V2,52,bounded,780,RUN_V2_5af40556c28f783fc473ff8f,1.801516507084048,1.0411849956099803,0.6471145884242866,0.8175976660872963,0.22345609118541082,3.038573586940767,0.7076923076923077
strawberry_sum123,validation,tft,VG_Fruit_sum123_6e61b2c4_V2,62,raw,780,RUN_V2_4a45777ccadf8fad23d3ad32,1.8090841308899355,1.0665595774180614,0.6441436325444487,0.7991793761742556,0.11981013635985362,2.919329546391964,0.7051282051282052
strawberry_sum123,validation,tft,VG_Fruit_sum123_6e61b2c4_V2,62,bounded,780,RUN_V2_4a45777ccadf8fad23d3ad32,1.8090841308899355,1.0665595774180614,0.6441436325444487,0.7991793761742556,0.11981013635985362,2.919329546391964,0.7051282051282052
strawberry_sum123,validation,persistence,PERSISTENCE,42,raw,780,RUN_V2_122bad8f75bc465eed13966b,1.9374844912530664,0.9512820512820512,0.5918369535320998,0.7949251738723554,-0.007692307692307693,3.0,0.7717948717948718
strawberry_sum123,validation,persistence,PERSISTENCE,42,bounded,780,RUN_V2_122bad8f75bc465eed13966b,1.9374844912530664,0.9512820512820512,0.5918369535320998,0.7949251738723554,-0.007692307692307693,3.0,0.7717948717948718
strawberry_sum123,test,poisson,VG_Fruit_sum123_b684d32d_V2,52,raw,785,RUN_V2_2096e1a9a9c27cb54edf7290,39.841813738677715,4.453329943129971,-61.37613300402871,0.10954068925259565,3.1910731401792756,4.903872299194337,0.535031847133758
strawberry_sum123,test,poisson,VG_Fruit_sum123_b684d32d_V2,52,bounded,785,RUN_V2_2096e1a9a9c27cb54edf7290,4.710551417065878,2.1368801132508906,0.12806573882277128,0.7096720607972343,0.8746233103001952,4.903872299194337,0.535031847133758
strawberry_sum123,test,poisson,VG_Fruit_sum123_b684d32d_V2,72,raw,785,RUN_V2_50f5b06aae6b8c7663b523e0,39.841813738677715,4.453329943129971,-61.37613300402871,0.10954068925259565,3.1910731401792756,4.903872299194337,0.535031847133758
strawberry_sum123,test,poisson,VG_Fruit_sum123_b684d32d_V2,72,bounded,785,RUN_V2_50f5b06aae6b8c7663b523e0,4.710551417065878,2.1368801132508906,0.12806573882277128,0.7096720607972343,0.8746233103001952,4.903872299194337,0.535031847133758
strawberry_sum123,test,poisson,VG_Fruit_sum123_b684d32d_V2,62,raw,785,RUN_V2_a8eecfa98bab8dfe12cc54ef,39.841813738677715,4.453329943129971,-61.37613300402871,0.10954068925259565,3.1910731401792756,4.903872299194337,0.535031847133758
strawberry_sum123,test,poisson,VG_Fruit_sum123_b684d32d_V2,62,bounded,785,RUN_V2_a8eecfa98bab8dfe12cc54ef,4.710551417065878,2.1368801132508906,0.12806573882277128,0.7096720607972343,0.8746233103001952,4.903872299194337,0.535031847133758
strawberry_sum123,test,poisson,VG_Fruit_sum123_b684d32d_V2,42,raw,785,RUN_V2_6788e786944af6e328c4bcf6,39.841813738677715,4.453329943129971,-61.37613300402871,0.10954068925259565,3.1910731401792756,4.903872299194337,0.535031847133758
strawberry_sum123,test,poisson,VG_Fruit_sum123_b684d32d_V2,42,bounded,785,RUN_V2_6788e786944af6e328c4bcf6,4.710551417065878,2.1368801132508906,0.12806573882277128,0.7096720607972343,0.8746233103001952,4.903872299194337,0.535031847133758
strawberry_sum123,test,poisson,VG_Fruit_sum123_b684d32d_V2,82,raw,785,RUN_V2_547f3ad7f46232bcb4d8c8c8,39.841813738677715,4.453329943129971,-61.37613300402871,0.10954068925259565,3.1910731401792756,4.903872299194337,0.535031847133758
strawberry_sum123,test,poisson,VG_Fruit_sum123_b684d32d_V2,82,bounded,785,RUN_V2_547f3ad7f46232bcb4d8c8c8,4.710551417065878,2.1368801132508906,0.12806573882277128,0.7096720607972343,0.8746233103001952,4.903872299194337,0.535031847133758
strawberry_sum123,test,random_forest,VG_Fruit_sum123_74085953_V2,52,raw,785,RUN_V2_c74518b997e3401c090f1a79,2.926010933436227,1.386774719673906,0.6635719991978977,0.7819045544799089,-0.13696648833279593,3.720066225437895,0.6840764331210191
strawberry_sum123,test,random_forest,VG_Fruit_sum123_74085953_V2,52,bounded,785,RUN_V2_c74518b997e3401c090f1a79,2.926010933436227,1.386774719673906,0.6635719991978977,0.7819045544799089,-0.13696648833279593,3.720066225437895,0.6840764331210191
strawberry_sum123,test,random_forest,VG_Fruit_sum123_74085953_V2,42,raw,785,RUN_V2_e30eaec6d0116114998c4e08,2.928599528577275,1.387718146790104,0.6629764709288626,0.7808859747898488,-0.1441442587874399,3.729394837870139,0.6840764331210191
strawberry_sum123,test,random_forest,VG_Fruit_sum123_74085953_V2,42,bounded,785,RUN_V2_e30eaec6d0116114998c4e08,2.928599528577275,1.387718146790104,0.6629764709288626,0.7808859747898488,-0.1441442587874399,3.729394837870139,0.6840764331210191
strawberry_sum123,test,random_forest,VG_Fruit_sum123_74085953_V2,62,raw,785,RUN_V2_852672d83035db00b9e5b5d5,2.9244433541198314,1.3879833867758307,0.6639323781021719,0.7818879483853451,-0.14060537694718278,3.7449431544020606,0.6840764331210191
strawberry_sum123,test,random_forest,VG_Fruit_sum123_74085953_V2,62,bounded,785,RUN_V2_852672d83035db00b9e5b5d5,2.9244433541198314,1.3879833867758307,0.6639323781021719,0.7818879483853451,-0.14060537694718278,3.7449431544020606,0.6840764331210191
strawberry_sum123,test,random_forest,VG_Fruit_sum123_74085953_V2,72,raw,785,RUN_V2_50a7e9eb9fbdac0ce60bedf9,2.92033257855914,1.3843214733875102,0.6648765082770036,0.782606674582555,-0.13873352114587598,3.711573005751963,0.6802547770700637
strawberry_sum123,test,random_forest,VG_Fruit_sum123_74085953_V2,72,bounded,785,RUN_V2_50a7e9eb9fbdac0ce60bedf9,2.92033257855914,1.3843214733875102,0.6648765082770036,0.782606674582555,-0.13873352114587598,3.711573005751963,0.6802547770700637
strawberry_sum123,test,random_forest,VG_Fruit_sum123_74085953_V2,82,raw,785,RUN_V2_d2ad0fe5ccc4ccf07b67af75,2.9272901912999374,1.3858481415974786,0.6632777608942885,0.7811619142430888,-0.14686425314578175,3.7401855678055704,0.6828025477707006
strawberry_sum123,test,random_forest,VG_Fruit_sum123_74085953_V2,82,bounded,785,RUN_V2_d2ad0fe5ccc4ccf07b67af75,2.9272901912999374,1.3858481415974786,0.6632777608942885,0.7811619142430888,-0.14686425314578175,3.7401855678055704,0.6828025477707006
strawberry_sum123,test,catboost,VG_Fruit_sum123_89fd3023_V2,72,raw,785,RUN_V2_0a2c91c6cefbf6014497a978,3.0328641833999694,1.4978817984718198,0.6385517134509673,0.7500610109498065,-0.2432968579405461,4.060737135735181,0.7006369426751592
strawberry_sum123,test,catboost,VG_Fruit_sum123_89fd3023_V2,72,bounded,785,RUN_V2_0a2c91c6cefbf6014497a978,3.0328641833999694,1.4978817984718198,0.6385517134509673,0.7500610109498065,-0.2432968579405461,4.060737135735181,0.7006369426751592
strawberry_sum123,test,catboost,VG_Fruit_sum123_89fd3023_V2,62,raw,785,RUN_V2_8c6dcded1834303def42b7e9,3.028168180517038,1.4893069530528509,0.6396701599218952,0.7519713418262011,-0.22866827986749777,4.031632989573863,0.7019108280254777
strawberry_sum123,test,catboost,VG_Fruit_sum123_89fd3023_V2,62,bounded,785,RUN_V2_8c6dcded1834303def42b7e9,3.028168180517038,1.4893069530528509,0.6396701599218952,0.7519713418262011,-0.22866827986749777,4.031632989573863,0.7019108280254777
strawberry_sum123,test,catboost,VG_Fruit_sum123_89fd3023_V2,42,raw,785,RUN_V2_8a8c4f1f6bb1886c0a486352,2.9932613346691843,1.4868382104877418,0.6479295972241461,0.757963823302026,-0.22996294781591362,4.068344234084151,0.7019108280254777
strawberry_sum123,test,catboost,VG_Fruit_sum123_89fd3023_V2,42,bounded,785,RUN_V2_8a8c4f1f6bb1886c0a486352,2.9932613346691843,1.4868382104877418,0.6479295972241461,0.757963823302026,-0.22996294781591362,4.068344234084151,0.7019108280254777
strawberry_sum123,test,catboost,VG_Fruit_sum123_89fd3023_V2,82,raw,785,RUN_V2_7a1ade3409dc02a186096781,2.993669334994923,1.4866445992363013,0.6478336118671719,0.7574592422035786,-0.2334661759327417,3.953870943382885,0.7006369426751592
strawberry_sum123,test,catboost,VG_Fruit_sum123_89fd3023_V2,82,bounded,785,RUN_V2_7a1ade3409dc02a186096781,2.993669334994923,1.4866445992363013,0.6478336118671719,0.7574592422035786,-0.2334661759327417,3.953870943382885,0.7006369426751592
strawberry_sum123,test,catboost,VG_Fruit_sum123_89fd3023_V2,52,raw,785,RUN_V2_9827a407292672b0e31526d7,3.024472120464303,1.4924802922919564,0.6405492312793812,0.7520894953090562,-0.2310534477799428,4.004322124479552,0.6980891719745222
strawberry_sum123,test,catboost,VG_Fruit_sum123_89fd3023_V2,52,bounded,785,RUN_V2_9827a407292672b0e31526d7,3.024472120464303,1.4924802922919564,0.6405492312793812,0.7520894953090562,-0.2310534477799428,4.004322124479552,0.6980891719745222
strawberry_sum123,test,mlp,VG_Fruit_sum123_89fd3023_V2,52,raw,785,RUN_V2_4e57052343bfb4a89361b9c3,2.723847491140739,1.3745607539536846,0.7084548500816934,0.8111260284432823,-0.3860372712467886,4.053722763061525,0.6267515923566879
strawberry_sum123,test,mlp,VG_Fruit_sum123_89fd3023_V2,52,bounded,785,RUN_V2_4e57052343bfb4a89361b9c3,2.7237701214709333,1.3710522522402417,0.708471412265662,0.8110392167838046,-0.38252876953334564,4.053722763061525,0.6267515923566879
strawberry_sum123,test,mlp,VG_Fruit_sum123_89fd3023_V2,42,raw,785,RUN_V2_a85302a415ff4483ced3c9a7,2.654761110878404,1.352545375315247,0.7230565233543698,0.8407245215696272,0.010614198446273804,4.063833332061769,0.6624203821656051
strawberry_sum123,test,mlp,VG_Fruit_sum123_89fd3023_V2,42,bounded,785,RUN_V2_a85302a415ff4483ced3c9a7,2.6544923006231005,1.3492796201614816,0.7231126048430928,0.8406889365847844,0.013879953600039147,4.063833332061769,0.6624203821656051
strawberry_sum123,test,mlp,VG_Fruit_sum123_89fd3023_V2,62,raw,785,RUN_V2_b0bb79a76cdb2120e8e921f8,2.758992521497112,1.375412821086349,0.7008828651346319,0.805284835209463,-0.47262584718928974,4.2687075614929215,0.6318471337579618
strawberry_sum123,test,mlp,VG_Fruit_sum123_89fd3023_V2,62,bounded,785,RUN_V2_b0bb79a76cdb2120e8e921f8,2.758821314183123,1.369726262996151,0.700919986983928,0.8051462773041653,-0.46693928909909194,4.2687075614929215,0.6331210191082802
strawberry_sum123,test,mlp,VG_Fruit_sum123_89fd3023_V2,72,raw,785,RUN_V2_fdd9290fb79e51cc92536c4d,2.6265157430872037,1.2799595947952787,0.7289182615079148,0.8423589880406123,-0.10313433386907456,3.8423798561096216,0.6878980891719745
strawberry_sum123,test,mlp,VG_Fruit_sum123_89fd3023_V2,72,bounded,785,RUN_V2_fdd9290fb79e51cc92536c4d,2.626396972827591,1.2791086085188161,0.7289427774245507,0.842355653088529,-0.10228334759261198,3.8423798561096216,0.6878980891719745
strawberry_sum123,test,mlp,VG_Fruit_sum123_89fd3023_V2,82,raw,785,RUN_V2_eb3b5aacd1dc07380844971b,2.673707169285857,1.3731163946496454,0.7190895297319001,0.8214851475444735,-0.28547537169259063,4.054062938690188,0.6382165605095541
strawberry_sum123,test,mlp,VG_Fruit_sum123_89fd3023_V2,82,bounded,785,RUN_V2_eb3b5aacd1dc07380844971b,2.6736888307600357,1.372020757255281,0.7190933831578139,0.8214595249572193,-0.28437973429822616,4.054062938690188,0.6382165605095541
strawberry_sum123,test,tabm,VG_Fruit_sum123_89fd3023_V2,52,raw,785,RUN_V2_5690fba93cea22c3ba26988b,2.8197263289003285,1.5164800872753381,0.6875689670417298,0.7875766386590108,-0.412808514030496,4.12832660675049,0.6025477707006369
strawberry_sum123,test,tabm,VG_Fruit_sum123_89fd3023_V2,52,bounded,785,RUN_V2_5690fba93cea22c3ba26988b,2.819718688663016,1.515434369644162,0.6875706601450478,0.787543730621888,-0.41176279639932,4.12832660675049,0.6025477707006369
strawberry_sum123,test,tabm,VG_Fruit_sum123_89fd3023_V2,72,raw,785,RUN_V2_65a46a5f02cf0bbdf9a25b3a,2.734359458006547,1.3398817260708114,0.7062002255557829,0.822541380664423,-0.33344828440528956,3.8297569274902363,0.6573248407643312
strawberry_sum123,test,tabm,VG_Fruit_sum123_89fd3023_V2,72,bounded,785,RUN_V2_65a46a5f02cf0bbdf9a25b3a,2.7339002386944546,1.3247321715400477,0.7062989010979017,0.8222273299433283,-0.31829872987452584,3.8297569274902363,0.6585987261146496
strawberry_sum123,test,tabm,VG_Fruit_sum123_89fd3023_V2,42,raw,785,RUN_V2_a93adc9cb9f4669e29d5ad6d,2.794912906666966,1.4320260447823698,0.6930435213398775,0.7963497469764175,-0.4616457183981777,4.162738204002381,0.6140127388535032
strawberry_sum123,test,tabm,VG_Fruit_sum123_89fd3023_V2,42,bounded,785,RUN_V2_a93adc9cb9f4669e29d5ad6d,2.7944134120954986,1.4246793018499757,0.693153227365984,0.7961964117949589,-0.4542989754657836,4.162738204002381,0.6152866242038216
strawberry_sum123,test,tabm,VG_Fruit_sum123_89fd3023_V2,62,raw,785,RUN_V2_a224246e77d17b0f3ea8dc20,2.6700376720293257,1.3093311797068188,0.7198600650075224,0.8328022673409039,-0.23207142860599003,4.0695034027099615,0.6535031847133758
strawberry_sum123,test,tabm,VG_Fruit_sum123_89fd3023_V2,62,bounded,785,RUN_V2_a224246e77d17b0f3ea8dc20,2.6698651173698984,1.303248022767199,0.7198962726532654,0.8326864624753021,-0.22598827166637037,4.0695034027099615,0.6547770700636942
strawberry_sum123,test,tabm,VG_Fruit_sum123_89fd3023_V2,82,raw,785,RUN_V2_2484c5b2356dec194bb340db,2.650228250923877,1.4083947200049307,0.7240014477563205,0.829382379139505,-0.02037678152429545,3.736420822143555,0.6038216560509554
strawberry_sum123,test,tabm,VG_Fruit_sum123_89fd3023_V2,82,bounded,785,RUN_V2_2484c5b2356dec194bb340db,2.6501766854954973,1.407791915417287,0.7240121878464376,0.8293746838528282,-0.019773976936651644,3.736420822143555,0.6038216560509554
strawberry_sum123,test,tft,VG_Fruit_sum123_6e61b2c4_V2,62,raw,785,RUN_V2_be6ec6bf9245c0be596c0062,3.051929156659057,1.482893536140205,0.6339932100953664,0.753681292041654,-0.28650400980262997,4.218965101242066,0.6993630573248407
strawberry_sum123,test,tft,VG_Fruit_sum123_6e61b2c4_V2,62,bounded,785,RUN_V2_be6ec6bf9245c0be596c0062,3.051929156659057,1.482893536140205,0.6339932100953664,0.753681292041654,-0.28650400980262997,4.218965101242066,0.6993630573248407
strawberry_sum123,test,tft,VG_Fruit_sum123_6e61b2c4_V2,42,raw,785,RUN_V2_f7afef0a5c9cd016646404b6,3.0321439909590007,1.3767950215916724,0.6387233541185255,0.7685829321465883,-0.30293015006241525,3.989576244354249,0.6980891719745222
strawberry_sum123,test,tft,VG_Fruit_sum123_6e61b2c4_V2,42,bounded,785,RUN_V2_f7afef0a5c9cd016646404b6,3.031902043437811,1.36696243551886,0.6387810073841951,0.768285693277648,-0.29309756398960285,3.989576244354249,0.6993630573248407
strawberry_sum123,test,tft,VG_Fruit_sum123_6e61b2c4_V2,72,raw,785,RUN_V2_0f80c9d0289e722fbc140a5d,3.066249892974496,1.3909096459484405,0.6305502833971854,0.7534026032196576,-0.4536478209837227,4.098549890518189,0.6942675159235668
strawberry_sum123,test,tft,VG_Fruit_sum123_6e61b2c4_V2,72,bounded,785,RUN_V2_0f80c9d0289e722fbc140a5d,3.065978693600538,1.3817870621278787,0.6306156336487408,0.7530998752911486,-0.444525237163161,4.098549890518189,0.6968152866242038
strawberry_sum123,test,tft,VG_Fruit_sum123_6e61b2c4_V2,52,raw,785,RUN_V2_046f7aa103bd5473984a1f7d,2.9713296456590923,1.3940044812715737,0.6530699507927715,0.7812012554523812,-0.15048832228988598,3.945760440826418,0.710828025477707
strawberry_sum123,test,tft,VG_Fruit_sum123_6e61b2c4_V2,52,bounded,785,RUN_V2_046f7aa103bd5473984a1f7d,2.9713095467738038,1.393091325737109,0.6530746442361186,0.7811753568894351,-0.14957516675542115,3.945760440826418,0.710828025477707
strawberry_sum123,test,tft,VG_Fruit_sum123_6e61b2c4_V2,82,raw,785,RUN_V2_c02585cbf85c2bafea7201aa,2.9884104993229954,1.4263569722509688,0.6490697928280262,0.7781769817460693,-0.0775651520984188,3.896999549865723,0.7121019108280254
strawberry_sum123,test,tft,VG_Fruit_sum123_6e61b2c4_V2,82,bounded,785,RUN_V2_c02585cbf85c2bafea7201aa,2.9884097653735955,1.425947528773812,0.649069965203932,0.7781642141466233,-0.07715570862126199,3.896999549865723,0.7121019108280254
strawberry_sum123,test,persistence,PERSISTENCE,42,raw,785,RUN_V2_72ff34030074e3b7a3a2fb01,2.9096807450674995,1.2713375796178343,0.6673167573805086,0.8335116468864463,-0.005095541401273885,4.0,0.7515923566878981
strawberry_sum123,test,persistence,PERSISTENCE,42,bounded,785,RUN_V2_72ff34030074e3b7a3a2fb01,2.9096807450674995,1.2713375796178343,0.6673167573805086,0.8335116468864463,-0.005095541401273885,4.0,0.7515923566878981
