user_id,meas_date,sample_num,row_count,value_version_count,status,source_sns,target_versions
PF_0000574,2024-10-02,1,1,1,unique,1381,0/0/0
PF_0000574,2024-10-02,2,1,1,unique,1414,0/0/0
PF_0000574,2024-10-02,3,1,1,unique,1447,0/0/0
PF_0000574,2024-10-02,4,1,1,unique,1480,0/0/0
PF_0000574,2024-10-02,5,1,1,unique,1513,0/0/0
PF_0000574,2024-10-02,6,1,1,unique,1546,0/0/0
PF_0000574,2024-10-02,7,1,1,unique,1579,0/0/0
PF_0000574,2024-10-02,8,1,1,unique,1612,0/0/0
PF_0000574,2024-10-02,9,1,1,unique,1645,0/0/0
PF_0000574,2024-10-07,1,1,1,unique,1382,0/0/0
PF_0000574,2024-10-07,2,1,1,unique,1415,0/0/0
PF_0000574,2024-10-07,3,1,1,unique,1448,0/0/0
PF_0000574,2024-10-07,4,1,1,unique,1481,0/0/0
PF_0000574,2024-10-07,5,1,1,unique,1514,0/0/0
PF_0000574,2024-10-07,6,1,1,unique,1547,0/0/0
PF_0000574,2024-10-07,7,1,1,unique,1580,0/0/0
PF_0000574,2024-10-07,8,1,1,unique,1613,0/0/0
PF_0000574,2024-10-07,9,1,1,unique,1646,0/0/0
PF_0000574,2024-10-14,1,1,1,unique,1383,0/0/0
PF_0000574,2024-10-14,2,1,1,unique,1416,0/0/0
PF_0000574,2024-10-14,3,1,1,unique,1449,0/0/0
PF_0000574,2024-10-14,4,1,1,unique,1482,0/0/0
PF_0000574,2024-10-14,5,1,1,unique,1515,0/0/0
PF_0000574,2024-10-14,6,1,1,unique,1548,0/0/0
PF_0000574,2024-10-14,7,1,1,unique,1581,0/0/0
PF_0000574,2024-10-14,8,1,1,unique,1614,0/0/0
PF_0000574,2024-10-14,9,1,1,unique,1647,0/0/0
PF_0000574,2024-10-21,1,1,1,unique,1384,0/0/0
PF_0000574,2024-10-21,2,1,1,unique,1417,0/0/0
PF_0000574,2024-10-21,3,1,1,unique,1450,0/0/0
PF_0000574,2024-10-21,4,1,1,unique,1483,0/0/0
PF_0000574,2024-10-21,5,1,1,unique,1516,0/0/0
PF_0000574,2024-10-21,6,1,1,unique,1549,0/0/0
PF_0000574,2024-10-21,7,1,1,unique,1582,0/0/0
PF_0000574,2024-10-21,8,1,1,unique,1615,0/0/0
PF_0000574,2024-10-21,9,1,1,unique,1648,0/0/0
PF_0000574,2024-10-28,1,1,1,unique,1385,0/0/0
PF_0000574,2024-10-28,2,1,1,unique,1418,0/0/0
PF_0000574,2024-10-28,3,1,1,unique,1451,0/0/0
PF_0000574,2024-10-28,4,1,1,unique,1484,0/0/0
PF_0000574,2024-10-28,5,1,1,unique,1517,0/0/0
PF_0000574,2024-10-28,6,1,1,unique,1550,0/0/0
PF_0000574,2024-10-28,7,1,1,unique,1583,0/0/0
PF_0000574,2024-10-28,8,1,1,unique,1616,0/0/0
PF_0000574,2024-10-28,9,1,1,unique,1649,0/0/0
PF_0000574,2024-11-04,1,1,1,unique,1386,0/0/0
PF_0000574,2024-11-04,2,1,1,unique,1419,0/0/0
PF_0000574,2024-11-04,3,1,1,unique,1452,0/0/0
PF_0000574,2024-11-04,4,1,1,unique,1485,0/0/0
PF_0000574,2024-11-04,5,1,1,unique,1518,0/0/0
PF_0000574,2024-11-04,6,1,1,unique,1551,0/0/0
PF_0000574,2024-11-04,7,1,1,unique,1584,0/0/0
PF_0000574,2024-11-04,8,1,1,unique,1617,0/0/0
PF_0000574,2024-11-04,9,1,1,unique,1650,0/0/0
PF_0000574,2024-11-11,1,1,1,unique,1387,0/0/0
PF_0000574,2024-11-11,2,1,1,unique,1420,0/0/0
PF_0000574,2024-11-11,3,1,1,unique,1453,0/0/0
PF_0000574,2024-11-11,4,1,1,unique,1486,0/0/0
PF_0000574,2024-11-11,5,1,1,unique,1519,0/0/0
PF_0000574,2024-11-11,6,1,1,unique,1552,0/0/0
PF_0000574,2024-11-11,7,1,1,unique,1585,0/0/0
PF_0000574,2024-11-11,8,1,1,unique,1618,0/0/0
PF_0000574,2024-11-11,9,1,1,unique,1651,0/0/0
PF_0000574,2024-11-18,1,1,1,unique,1388,0/0/0
PF_0000574,2024-11-18,2,1,1,unique,1421,0/0/0
PF_0000574,2024-11-18,3,1,1,unique,1454,0/0/0
PF_0000574,2024-11-18,4,1,1,unique,1487,0/0/0
PF_0000574,2024-11-18,5,1,1,unique,1520,0/0/0
PF_0000574,2024-11-18,6,1,1,unique,1553,0/0/0
PF_0000574,2024-11-18,7,1,1,unique,1586,0/0/0
PF_0000574,2024-11-18,8,1,1,unique,1619,0/0/0
PF_0000574,2024-11-18,9,1,1,unique,1652,0/0/0
PF_0000574,2024-11-25,1,1,1,unique,1389,0/0/0
PF_0000574,2024-11-25,2,1,1,unique,1422,0/0/0
PF_0000574,2024-11-25,3,1,1,unique,1455,0/0/0
PF_0000574,2024-11-25,4,1,1,unique,1488,0/0/0
PF_0000574,2024-11-25,5,1,1,unique,1521,0/0/0
PF_0000574,2024-11-25,6,1,1,unique,1554,0/0/0
PF_0000574,2024-11-25,7,1,1,unique,1587,0/0/0
PF_0000574,2024-11-25,8,1,1,unique,1620,0/0/0
PF_0000574,2024-11-25,9,1,1,unique,1653,0/0/0
PF_0000574,2024-12-02,1,1,1,unique,1390,0/0/0
PF_0000574,2024-12-02,2,1,1,unique,1423,0/0/0
PF_0000574,2024-12-02,3,1,1,unique,1456,0/0/0
PF_0000574,2024-12-02,4,1,1,unique,1489,0/0/0
PF_0000574,2024-12-02,5,1,1,unique,1522,0/0/0
PF_0000574,2024-12-02,6,1,1,unique,1555,0/0/0
PF_0000574,2024-12-02,7,1,1,unique,1588,0/0/0
PF_0000574,2024-12-02,8,1,1,unique,1621,0/0/0
PF_0000574,2024-12-02,9,1,1,unique,1654,0/0/0
PF_0000574,2024-12-09,1,1,1,unique,1391,0/0/0
PF_0000574,2024-12-09,2,1,1,unique,1424,0/0/0
PF_0000574,2024-12-09,3,1,1,unique,1457,0/0/0
PF_0000574,2024-12-09,4,1,1,unique,1490,0/0/0
PF_0000574,2024-12-09,5,1,1,unique,1523,0/0/0
PF_0000574,2024-12-09,6,1,1,unique,1556,0/0/0
PF_0000574,2024-12-09,7,1,1,unique,1589,0/0/0
PF_0000574,2024-12-09,8,1,1,unique,1622,0/0/0
PF_0000574,2024-12-09,9,1,1,unique,1655,0/0/0
PF_0000574,2024-12-16,1,1,1,unique,1392,0/0/0
PF_0000574,2024-12-16,2,1,1,unique,1425,0/0/0
PF_0000574,2024-12-16,3,1,1,unique,1458,0/0/0
PF_0000574,2024-12-16,4,1,1,unique,1491,0/0/0
PF_0000574,2024-12-16,5,1,1,unique,1524,0/0/0
PF_0000574,2024-12-16,6,1,1,unique,1557,0/0/0
PF_0000574,2024-12-16,7,1,1,unique,1590,0/0/0
PF_0000574,2024-12-16,8,1,1,unique,1623,0/0/0
PF_0000574,2024-12-16,9,1,1,unique,1656,0/0/0
PF_0000574,2024-12-23,1,1,1,unique,1393,0/0/0
PF_0000574,2024-12-23,2,1,1,unique,1426,0/0/0
PF_0000574,2024-12-23,3,1,1,unique,1459,0/0/0
PF_0000574,2024-12-23,4,1,1,unique,1492,0/0/0
PF_0000574,2024-12-23,5,1,1,unique,1525,0/0/0
PF_0000574,2024-12-23,6,1,1,unique,1558,0/0/0
PF_0000574,2024-12-23,7,1,1,unique,1591,0/0/0
PF_0000574,2024-12-23,8,1,1,unique,1624,0/0/0
PF_0000574,2024-12-23,9,1,1,unique,1657,0/0/0
PF_0000574,2024-12-30,1,1,1,unique,1394,1/0/0
PF_0000574,2024-12-30,2,1,1,unique,1427,3/0/0
PF_0000574,2024-12-30,3,1,1,unique,1460,2/0/0
PF_0000574,2024-12-30,4,1,1,unique,1493,1/0/0
PF_0000574,2024-12-30,5,1,1,unique,1526,1/0/0
PF_0000574,2024-12-30,6,1,1,unique,1559,2/0/0
PF_0000574,2024-12-30,7,1,1,unique,1592,1/0/0
PF_0000574,2024-12-30,8,1,1,unique,1625,1/0/0
PF_0000574,2024-12-30,9,1,1,unique,1658,1/0/0
PF_0000574,2025-01-06,1,1,1,unique,1395,0/0/0
PF_0000574,2025-01-06,2,1,1,unique,1428,0/0/0
PF_0000574,2025-01-06,3,1,1,unique,1461,0/0/0
PF_0000574,2025-01-06,4,1,1,unique,1494,0/0/0
PF_0000574,2025-01-06,5,1,1,unique,1527,0/0/0
PF_0000574,2025-01-06,6,1,1,unique,1560,0/0/0
PF_0000574,2025-01-06,7,1,1,unique,1593,0/0/0
PF_0000574,2025-01-06,8,1,1,unique,1626,0/0/0
PF_0000574,2025-01-06,9,1,1,unique,1659,0/0/0
PF_0000574,2025-01-13,1,1,1,unique,1396,0/0/0
PF_0000574,2025-01-13,2,1,1,unique,1429,0/0/0
PF_0000574,2025-01-13,3,1,1,unique,1462,0/0/0
PF_0000574,2025-01-13,4,1,1,unique,1495,0/0/0
PF_0000574,2025-01-13,5,1,1,unique,1528,0/0/0
PF_0000574,2025-01-13,6,1,1,unique,1561,0/0/0
PF_0000574,2025-01-13,7,1,1,unique,1594,0/0/0
PF_0000574,2025-01-13,8,1,1,unique,1627,0/0/0
PF_0000574,2025-01-13,9,1,1,unique,1660,0/0/0
PF_0000574,2025-01-20,1,1,1,unique,1397,0/1/0
PF_0000574,2025-01-20,2,1,1,unique,1430,0/2/0
PF_0000574,2025-01-20,3,1,1,unique,1463,0/0/0
PF_0000574,2025-01-20,4,1,1,unique,1496,0/0/0
PF_0000574,2025-01-20,5,1,1,unique,1529,0/2/0
PF_0000574,2025-01-20,6,1,1,unique,1562,0/0/0
PF_0000574,2025-01-20,7,1,1,unique,1595,0/1/0
PF_0000574,2025-01-20,8,1,1,unique,1628,0/2/0
PF_0000574,2025-01-20,9,1,1,unique,1661,0/2/0
PF_0000574,2025-02-03,1,1,1,unique,1398,0/3/0
PF_0000574,2025-02-03,2,1,1,unique,1431,0/2/0
PF_0000574,2025-02-03,3,1,1,unique,1464,0/1/0
PF_0000574,2025-02-03,4,1,1,unique,1497,0/1/0
PF_0000574,2025-02-03,5,1,1,unique,1530,0/5/0
PF_0000574,2025-02-03,6,1,1,unique,1563,0/2/0
PF_0000574,2025-02-03,7,1,1,unique,1596,0/6/0
PF_0000574,2025-02-03,8,1,1,unique,1629,0/7/0
PF_0000574,2025-02-03,9,1,1,unique,1662,0/6/0
PF_0000574,2025-02-10,1,1,1,unique,1399,0/6/0
PF_0000574,2025-02-10,2,1,1,unique,1432,0/5/0
PF_0000574,2025-02-10,3,1,1,unique,1465,0/4/0
PF_0000574,2025-02-10,4,1,1,unique,1498,0/0/0
PF_0000574,2025-02-10,5,1,1,unique,1531,0/3/0
PF_0000574,2025-02-10,6,1,1,unique,1564,0/3/0
PF_0000574,2025-02-10,7,1,1,unique,1597,0/6/0
PF_0000574,2025-02-10,8,1,1,unique,1630,0/6/0
PF_0000574,2025-02-10,9,1,1,unique,1663,0/7/0
PF_0000574,2025-02-17,1,1,1,unique,1400,0/7/0
PF_0000574,2025-02-17,2,1,1,unique,1433,0/5/0
PF_0000574,2025-02-17,3,1,1,unique,1466,0/9/0
PF_0000574,2025-02-17,4,1,1,unique,1499,0/2/0
PF_0000574,2025-02-17,5,1,1,unique,1532,0/3/0
PF_0000574,2025-02-17,6,1,1,unique,1565,0/6/0
PF_0000574,2025-02-17,7,1,1,unique,1598,0/5/0
PF_0000574,2025-02-17,8,1,1,unique,1631,0/6/0
PF_0000574,2025-02-17,9,1,1,unique,1664,0/6/0
PF_0000574,2025-02-24,1,1,1,unique,1401,0/6/5
PF_0000574,2025-02-24,2,1,1,unique,1434,0/4/0
PF_0000574,2025-02-24,3,1,1,unique,1467,0/7/0
PF_0000574,2025-02-24,4,1,1,unique,1500,0/4/0
PF_0000574,2025-02-24,5,1,1,unique,1533,0/5/0
PF_0000574,2025-02-24,6,1,1,unique,1566,0/6/0
PF_0000574,2025-02-24,7,1,1,unique,1599,0/7/0
PF_0000574,2025-02-24,8,1,1,unique,1632,0/4/0
PF_0000574,2025-02-24,9,1,1,unique,1665,0/3/0
PF_0000574,2025-03-03,1,1,1,unique,1402,0/6/6
PF_0000574,2025-03-03,2,1,1,unique,1435,0/3/3
PF_0000574,2025-03-03,3,1,1,unique,1468,0/3/1
PF_0000574,2025-03-03,4,1,1,unique,1501,0/0/3
PF_0000574,2025-03-03,5,1,1,unique,1534,0/2/3
PF_0000574,2025-03-03,6,1,1,unique,1567,0/4/3
PF_0000574,2025-03-03,7,1,1,unique,1600,0/5/3
PF_0000574,2025-03-03,8,1,1,unique,1633,0/3/2
PF_0000574,2025-03-03,9,1,1,unique,1666,0/3/3
PF_0000574,2025-03-10,1,1,1,unique,1403,0/4/5
PF_0000574,2025-03-10,2,1,1,unique,1436,0/2/3
PF_0000574,2025-03-10,3,1,1,unique,1469,0/3/3
PF_0000574,2025-03-10,4,1,1,unique,1502,0/0/3
PF_0000574,2025-03-10,5,1,1,unique,1535,0/2/3
PF_0000574,2025-03-10,6,1,1,unique,1568,0/4/5
PF_0000574,2025-03-10,7,1,1,unique,1601,0/3/3
PF_0000574,2025-03-10,8,1,1,unique,1634,0/3/3
PF_0000574,2025-03-10,9,1,1,unique,1667,0/2/3
PF_0000574,2025-03-17,1,1,1,unique,1404,0/0/3
PF_0000574,2025-03-17,2,1,1,unique,1437,0/0/3
PF_0000574,2025-03-17,3,1,1,unique,1470,0/0/3
PF_0000574,2025-03-17,4,1,1,unique,1503,0/0/3
PF_0000574,2025-03-17,5,1,1,unique,1536,0/0/3
PF_0000574,2025-03-17,6,1,1,unique,1569,0/0/4
PF_0000574,2025-03-17,7,1,1,unique,1602,0/0/3
PF_0000574,2025-03-17,8,1,1,unique,1635,0/0/3
PF_0000574,2025-03-17,9,1,1,unique,1668,0/0/3
PF_0000574,2025-03-24,1,1,1,unique,1405,0/0/3
PF_0000574,2025-03-24,2,1,1,unique,1438,0/0/3
PF_0000574,2025-03-24,3,1,1,unique,1471,0/0/3
PF_0000574,2025-03-24,4,1,1,unique,1504,0/0/2
PF_0000574,2025-03-24,5,1,1,unique,1537,0/0/2
PF_0000574,2025-03-24,6,1,1,unique,1570,0/0/3
PF_0000574,2025-03-24,7,1,1,unique,1603,0/0/2
PF_0000574,2025-03-24,8,1,1,unique,1636,0/0/3
PF_0000574,2025-03-24,9,1,1,unique,1669,0/0/3
PF_0000574,2025-03-31,1,1,1,unique,1406,0/0/0
PF_0000574,2025-03-31,2,1,1,unique,1439,0/0/0
PF_0000574,2025-03-31,3,1,1,unique,1472,0/0/0
PF_0000574,2025-03-31,4,1,1,unique,1505,0/0/1
PF_0000574,2025-03-31,5,1,1,unique,1538,0/0/1
PF_0000574,2025-03-31,6,1,1,unique,1571,0/0/1
PF_0000574,2025-03-31,7,1,1,unique,1604,0/0/0
PF_0000574,2025-03-31,8,1,1,unique,1637,0/0/0
PF_0000574,2025-03-31,9,1,1,unique,1670,0/0/0
PF_0000574,2025-04-07,1,1,1,unique,1407,0/0/0
PF_0000574,2025-04-07,2,1,1,unique,1440,0/0/0
PF_0000574,2025-04-07,3,1,1,unique,1473,0/0/0
PF_0000574,2025-04-07,4,1,1,unique,1506,0/0/0
PF_0000574,2025-04-07,5,1,1,unique,1539,0/0/0
PF_0000574,2025-04-07,6,1,1,unique,1572,0/0/0
PF_0000574,2025-04-07,7,1,1,unique,1605,0/0/0
PF_0000574,2025-04-07,8,1,1,unique,1638,0/0/0
PF_0000574,2025-04-07,9,1,1,unique,1671,0/0/0
PF_0000574,2025-04-14,1,1,1,unique,1408,0/0/0
PF_0000574,2025-04-14,2,1,1,unique,1441,0/0/0
PF_0000574,2025-04-14,3,1,1,unique,1474,0/0/0
PF_0000574,2025-04-14,4,1,1,unique,1507,0/0/0
PF_0000574,2025-04-14,5,1,1,unique,1540,0/0/0
PF_0000574,2025-04-14,6,1,1,unique,1573,0/0/0
PF_0000574,2025-04-14,7,1,1,unique,1606,0/0/0
PF_0000574,2025-04-14,8,1,1,unique,1639,0/0/0
PF_0000574,2025-04-14,9,1,1,unique,1672,0/0/0
PF_0000574,2025-04-21,1,1,1,unique,1409,0/0/0
PF_0000574,2025-04-21,2,1,1,unique,1442,0/0/0
PF_0000574,2025-04-21,3,1,1,unique,1475,0/0/0
PF_0000574,2025-04-21,4,1,1,unique,1508,0/0/0
PF_0000574,2025-04-21,5,1,1,unique,1541,0/0/0
PF_0000574,2025-04-21,6,1,1,unique,1574,0/0/0
PF_0000574,2025-04-21,7,1,1,unique,1607,0/0/0
PF_0000574,2025-04-21,8,1,1,unique,1640,0/0/0
PF_0000574,2025-04-21,9,1,1,unique,1673,0/0/0
PF_0000574,2025-04-28,1,1,1,unique,1410,0/0/0
PF_0000574,2025-04-28,2,1,1,unique,1443,0/0/0
PF_0000574,2025-04-28,3,1,1,unique,1476,0/0/0
PF_0000574,2025-04-28,4,1,1,unique,1509,0/0/0
PF_0000574,2025-04-28,5,1,1,unique,1542,0/0/0
PF_0000574,2025-04-28,6,1,1,unique,1575,0/0/0
PF_0000574,2025-04-28,7,1,1,unique,1608,0/0/0
PF_0000574,2025-04-28,8,1,1,unique,1641,0/0/0
PF_0000574,2025-04-28,9,1,1,unique,1674,0/0/0
PF_0000574,2025-05-23,1,1,1,unique,1411,0/0/0
PF_0000574,2025-05-23,2,1,1,unique,1444,0/0/0
PF_0000574,2025-05-23,3,1,1,unique,1477,0/0/0
PF_0000574,2025-05-23,4,1,1,unique,1510,0/0/0
PF_0000574,2025-05-23,5,1,1,unique,1543,0/0/0
PF_0000574,2025-05-23,6,1,1,unique,1576,0/0/0
PF_0000574,2025-05-23,7,1,1,unique,1609,0/0/0
PF_0000574,2025-05-23,8,1,1,unique,1642,0/0/0
PF_0000574,2025-05-23,9,1,1,unique,1675,0/0/0
PF_0000574,2025-05-29,1,1,1,unique,1412,0/0/0
PF_0000574,2025-05-29,2,1,1,unique,1445,0/0/0
PF_0000574,2025-05-29,3,1,1,unique,1478,0/0/0
PF_0000574,2025-05-29,4,1,1,unique,1511,0/0/0
PF_0000574,2025-05-29,5,1,1,unique,1544,0/0/0
PF_0000574,2025-05-29,6,1,1,unique,1577,0/0/0
PF_0000574,2025-05-29,7,1,1,unique,1610,0/0/0
PF_0000574,2025-05-29,8,1,1,unique,1643,0/0/0
PF_0000574,2025-05-29,9,1,1,unique,1676,0/0/0
PF_0000574,2025-06-05,1,1,1,unique,1413,0/0/0
PF_0000574,2025-06-05,2,1,1,unique,1446,0/0/0
PF_0000574,2025-06-05,3,1,1,unique,1479,0/0/0
PF_0000574,2025-06-05,4,1,1,unique,1512,0/0/0
PF_0000574,2025-06-05,5,1,1,unique,1545,0/0/0
PF_0000574,2025-06-05,6,1,1,unique,1578,0/0/0
PF_0000574,2025-06-05,7,1,1,unique,1611,0/0/0
PF_0000574,2025-06-05,8,1,1,unique,1644,0/0/0
PF_0000574,2025-06-05,9,1,1,unique,1677,0/0/0
PF_0000778,2024-10-07,1,1,1,unique,1958,0/0/0
PF_0000778,2024-10-07,2,1,1,unique,1990,0/0/0
PF_0000778,2024-10-07,3,1,1,unique,2022,0/0/0
PF_0000778,2024-10-07,4,1,1,unique,2054,0/0/0
PF_0000778,2024-10-07,5,1,1,unique,2086,0/0/0
PF_0000778,2024-10-07,6,1,1,unique,2118,0/0/0
PF_0000778,2024-10-07,7,1,1,unique,2150,0/0/0
PF_0000778,2024-10-07,8,1,1,unique,2182,0/0/0
PF_0000778,2024-10-07,9,1,1,unique,2214,0/0/0
PF_0000778,2024-10-14,1,1,1,unique,1959,0/0/0
PF_0000778,2024-10-14,2,1,1,unique,1991,0/0/0
PF_0000778,2024-10-14,3,1,1,unique,2023,0/0/0
PF_0000778,2024-10-14,4,1,1,unique,2055,0/0/0
PF_0000778,2024-10-14,5,1,1,unique,2087,0/0/0
PF_0000778,2024-10-14,6,1,1,unique,2119,0/0/0
PF_0000778,2024-10-14,7,1,1,unique,2151,0/0/0
PF_0000778,2024-10-14,8,1,1,unique,2183,0/0/0
PF_0000778,2024-10-14,9,1,1,unique,2215,0/0/0
PF_0000778,2024-10-21,1,1,1,unique,1960,0/0/0
PF_0000778,2024-10-21,2,1,1,unique,1992,0/0/0
PF_0000778,2024-10-21,3,1,1,unique,2024,0/0/0
PF_0000778,2024-10-21,4,1,1,unique,2056,0/0/0
PF_0000778,2024-10-21,5,1,1,unique,2088,0/0/0
PF_0000778,2024-10-21,6,1,1,unique,2120,0/0/0
PF_0000778,2024-10-21,7,1,1,unique,2152,0/0/0
PF_0000778,2024-10-21,8,1,1,unique,2184,0/0/0
PF_0000778,2024-10-21,9,1,1,unique,2216,0/0/0
PF_0000778,2024-10-28,1,1,1,unique,1961,0/0/0
PF_0000778,2024-10-28,2,1,1,unique,1993,0/0/0
PF_0000778,2024-10-28,3,1,1,unique,2025,0/0/0
PF_0000778,2024-10-28,4,1,1,unique,2057,0/0/0
PF_0000778,2024-10-28,5,1,1,unique,2089,0/0/0
PF_0000778,2024-10-28,6,1,1,unique,2121,0/0/0
PF_0000778,2024-10-28,7,1,1,unique,2153,0/0/0
PF_0000778,2024-10-28,8,1,1,unique,2185,0/0/0
PF_0000778,2024-10-28,9,1,1,unique,2217,0/0/0
PF_0000778,2024-11-04,1,1,1,unique,1962,0/0/0
PF_0000778,2024-11-04,2,1,1,unique,1994,0/0/0
PF_0000778,2024-11-04,3,1,1,unique,2026,0/0/0
PF_0000778,2024-11-04,4,1,1,unique,2058,0/0/0
PF_0000778,2024-11-04,5,1,1,unique,2090,0/0/0
PF_0000778,2024-11-04,6,1,1,unique,2122,0/0/0
PF_0000778,2024-11-04,7,1,1,unique,2154,0/0/0
PF_0000778,2024-11-04,8,1,1,unique,2186,0/0/0
PF_0000778,2024-11-04,9,1,1,unique,2218,0/0/0
PF_0000778,2024-11-11,1,1,1,unique,1963,0/0/0
PF_0000778,2024-11-11,2,1,1,unique,1995,0/0/0
PF_0000778,2024-11-11,3,1,1,unique,2027,0/0/0
PF_0000778,2024-11-11,4,1,1,unique,2059,0/0/0
PF_0000778,2024-11-11,5,1,1,unique,2091,0/0/0
PF_0000778,2024-11-11,6,1,1,unique,2123,0/0/0
PF_0000778,2024-11-11,7,1,1,unique,2155,0/0/0
PF_0000778,2024-11-11,8,1,1,unique,2187,0/0/0
PF_0000778,2024-11-11,9,1,1,unique,2219,0/0/0
PF_0000778,2024-11-18,1,1,1,unique,1964,6/0/0
PF_0000778,2024-11-18,2,1,1,unique,1996,5/0/0
PF_0000778,2024-11-18,3,1,1,unique,2028,7/0/0
PF_0000778,2024-11-18,4,1,1,unique,2060,8/0/0
PF_0000778,2024-11-18,5,1,1,unique,2092,8/0/0
PF_0000778,2024-11-18,6,1,1,unique,2124,0/0/0
PF_0000778,2024-11-18,7,1,1,unique,2156,0/0/0
PF_0000778,2024-11-18,8,1,1,unique,2188,5/0/0
PF_0000778,2024-11-18,9,1,1,unique,2220,1/0/0
PF_0000778,2024-11-25,1,1,1,unique,1965,0/0/0
PF_0000778,2024-11-25,2,1,1,unique,1997,0/0/0
PF_0000778,2024-11-25,3,1,1,unique,2029,0/0/0
PF_0000778,2024-11-25,4,1,1,unique,2061,0/0/0
PF_0000778,2024-11-25,5,1,1,unique,2093,0/0/0
PF_0000778,2024-11-25,6,1,1,unique,2125,0/0/0
PF_0000778,2024-11-25,7,1,1,unique,2157,0/0/0
PF_0000778,2024-11-25,8,1,1,unique,2189,0/0/0
PF_0000778,2024-11-25,9,1,1,unique,2221,0/0/0
PF_0000778,2024-12-02,1,1,1,unique,1966,0/0/0
PF_0000778,2024-12-02,2,1,1,unique,1998,0/0/0
PF_0000778,2024-12-02,3,1,1,unique,2030,0/0/0
PF_0000778,2024-12-02,4,1,1,unique,2062,0/0/0
PF_0000778,2024-12-02,5,1,1,unique,2094,0/0/0
PF_0000778,2024-12-02,6,1,1,unique,2126,0/0/0
PF_0000778,2024-12-02,7,1,1,unique,2158,0/0/0
PF_0000778,2024-12-02,8,1,1,unique,2190,0/0/0
PF_0000778,2024-12-02,9,1,1,unique,2222,0/0/0
PF_0000778,2024-12-09,1,1,1,unique,1967,0/0/0
PF_0000778,2024-12-09,2,1,1,unique,1999,0/0/0
PF_0000778,2024-12-09,3,1,1,unique,2031,0/0/0
PF_0000778,2024-12-09,4,1,1,unique,2063,0/0/0
PF_0000778,2024-12-09,5,1,1,unique,2095,0/0/0
PF_0000778,2024-12-09,6,1,1,unique,2127,0/0/0
PF_0000778,2024-12-09,7,1,1,unique,2159,0/0/0
PF_0000778,2024-12-09,8,1,1,unique,2191,0/0/0
PF_0000778,2024-12-09,9,1,1,unique,2223,0/0/0
PF_0000778,2024-12-16,1,1,1,unique,1968,0/0/0
PF_0000778,2024-12-16,2,1,1,unique,2000,0/0/0
PF_0000778,2024-12-16,3,1,1,unique,2032,0/0/0
PF_0000778,2024-12-16,4,1,1,unique,2064,0/0/0
PF_0000778,2024-12-16,5,1,1,unique,2096,0/0/0
PF_0000778,2024-12-16,6,1,1,unique,2128,0/0/0
PF_0000778,2024-12-16,7,1,1,unique,2160,0/0/0
PF_0000778,2024-12-16,8,1,1,unique,2192,0/0/0
PF_0000778,2024-12-16,9,1,1,unique,2224,0/0/0
PF_0000778,2024-12-23,1,1,1,unique,1969,0/0/0
PF_0000778,2024-12-23,2,1,1,unique,2001,0/0/0
PF_0000778,2024-12-23,3,1,1,unique,2033,0/0/0
PF_0000778,2024-12-23,4,1,1,unique,2065,0/0/0
PF_0000778,2024-12-23,5,1,1,unique,2097,0/0/0
PF_0000778,2024-12-23,6,1,1,unique,2129,0/0/0
PF_0000778,2024-12-23,7,1,1,unique,2161,0/0/0
PF_0000778,2024-12-23,8,1,1,unique,2193,0/0/0
PF_0000778,2024-12-23,9,1,1,unique,2225,0/0/0
PF_0000778,2024-12-30,1,1,1,unique,1970,2/0/0
PF_0000778,2024-12-30,2,1,1,unique,2002,3/0/0
PF_0000778,2024-12-30,3,1,1,unique,2034,4/0/0
PF_0000778,2024-12-30,4,1,1,unique,2066,3/0/0
PF_0000778,2024-12-30,5,1,1,unique,2098,5/0/0
PF_0000778,2024-12-30,6,1,1,unique,2130,6/0/0
PF_0000778,2024-12-30,7,1,1,unique,2162,8/0/0
PF_0000778,2024-12-30,8,1,1,unique,2194,0/0/0
PF_0000778,2024-12-30,9,1,1,unique,2226,2/0/0
PF_0000778,2025-01-06,1,1,1,unique,1971,0/0/0
PF_0000778,2025-01-06,2,1,1,unique,2003,1/0/0
PF_0000778,2025-01-06,3,1,1,unique,2035,2/0/0
PF_0000778,2025-01-06,4,1,1,unique,2067,1/0/0
PF_0000778,2025-01-06,5,1,1,unique,2099,2/0/0
PF_0000778,2025-01-06,6,1,1,unique,2131,9/0/0
PF_0000778,2025-01-06,7,1,1,unique,2163,8/0/0
PF_0000778,2025-01-06,8,1,1,unique,2195,0/0/0
PF_0000778,2025-01-06,9,1,1,unique,2227,2/0/0
PF_0000778,2025-01-13,1,1,1,unique,1972,0/0/0
PF_0000778,2025-01-13,2,1,1,unique,2004,0/1/0
PF_0000778,2025-01-13,3,1,1,unique,2036,1/0/0
PF_0000778,2025-01-13,4,1,1,unique,2068,0/1/0
PF_0000778,2025-01-13,5,1,1,unique,2100,2/0/0
PF_0000778,2025-01-13,6,1,1,unique,2132,9/0/0
PF_0000778,2025-01-13,7,1,1,unique,2164,10/0/0
PF_0000778,2025-01-13,8,1,1,unique,2196,0/1/0
PF_0000778,2025-01-13,9,1,1,unique,2228,2/0/0
PF_0000778,2025-01-20,1,1,1,unique,1973,0/0/0
PF_0000778,2025-01-20,2,1,1,unique,2005,0/1/0
PF_0000778,2025-01-20,3,1,1,unique,2037,0/0/0
PF_0000778,2025-01-20,4,1,1,unique,2069,0/2/0
PF_0000778,2025-01-20,5,1,1,unique,2101,0/2/0
PF_0000778,2025-01-20,6,1,1,unique,2133,6/0/0
PF_0000778,2025-01-20,7,1,1,unique,2165,7/0/0
PF_0000778,2025-01-20,8,1,1,unique,2197,0/1/0
PF_0000778,2025-01-20,9,1,1,unique,2229,0/1/0
PF_0000778,2025-02-03,1,1,1,unique,1974,0/1/0
PF_0000778,2025-02-03,2,1,1,unique,2006,0/3/0
PF_0000778,2025-02-03,3,1,1,unique,2038,0/0/0
PF_0000778,2025-02-03,4,1,1,unique,2070,0/4/0
PF_0000778,2025-02-03,5,1,1,unique,2102,0/3/0
PF_0000778,2025-02-03,6,1,1,unique,2134,5/0/0
PF_0000778,2025-02-03,7,1,1,unique,2166,7/0/0
PF_0000778,2025-02-03,8,1,1,unique,2198,0/4/0
PF_0000778,2025-02-03,9,1,1,unique,2230,0/2/0
PF_0000778,2025-02-10,1,1,1,unique,1975,0/3/0
PF_0000778,2025-02-10,2,1,1,unique,2007,0/4/0
PF_0000778,2025-02-10,3,1,1,unique,2039,0/0/0
PF_0000778,2025-02-10,4,1,1,unique,2071,0/4/0
PF_0000778,2025-02-10,5,1,1,unique,2103,0/4/0
PF_0000778,2025-02-10,6,1,1,unique,2135,3/0/0
PF_0000778,2025-02-10,7,1,1,unique,2167,2/3/0
PF_0000778,2025-02-10,8,1,1,unique,2199,0/4/0
PF_0000778,2025-02-10,9,1,1,unique,2231,0/3/0
PF_0000778,2025-02-17,1,1,1,unique,1976,0/6/0
PF_0000778,2025-02-17,2,1,1,unique,2008,0/3/0
PF_0000778,2025-02-17,3,1,1,unique,2040,0/1/0
PF_0000778,2025-02-17,4,1,1,unique,2072,0/3/0
PF_0000778,2025-02-17,5,1,1,unique,2104,0/5/0
PF_0000778,2025-02-17,6,1,1,unique,2136,0/3/0
PF_0000778,2025-02-17,7,1,1,unique,2168,0/6/0
PF_0000778,2025-02-17,8,1,1,unique,2200,0/4/0
PF_0000778,2025-02-17,9,1,1,unique,2232,0/3/0
PF_0000778,2025-02-24,1,1,1,unique,1977,0/6/0
PF_0000778,2025-02-24,2,1,1,unique,2009,0/3/0
PF_0000778,2025-02-24,3,1,1,unique,2041,0/2/0
PF_0000778,2025-02-24,4,1,1,unique,2073,0/3/0
PF_0000778,2025-02-24,5,1,1,unique,2105,0/8/0
PF_0000778,2025-02-24,6,1,1,unique,2137,0/4/0
PF_0000778,2025-02-24,7,1,1,unique,2169,0/6/0
PF_0000778,2025-02-24,8,1,1,unique,2201,0/3/2
PF_0000778,2025-02-24,9,1,1,unique,2233,0/2/0
PF_0000778,2025-03-03,1,1,1,unique,1978,0/5/1
PF_0000778,2025-03-03,2,1,1,unique,2010,0/1/1
PF_0000778,2025-03-03,3,1,1,unique,2042,0/6/0
PF_0000778,2025-03-03,4,1,1,unique,2074,0/0/2
PF_0000778,2025-03-03,5,1,1,unique,2106,0/11/3
PF_0000778,2025-03-03,6,1,1,unique,2138,0/0/6
PF_0000778,2025-03-03,7,1,1,unique,2170,0/7/0
PF_0000778,2025-03-03,8,1,1,unique,2202,0/3/3
PF_0000778,2025-03-03,9,1,1,unique,2234,0/2/0
PF_0000778,2025-03-10,1,1,1,unique,1979,0/5/2
PF_0000778,2025-03-10,2,1,1,unique,2011,0/1/1
PF_0000778,2025-03-10,3,1,1,unique,2043,0/5/1
PF_0000778,2025-03-10,4,1,1,unique,2075,0/0/2
PF_0000778,2025-03-10,5,1,1,unique,2107,0/7/4
PF_0000778,2025-03-10,6,1,1,unique,2139,0/4/0
PF_0000778,2025-03-10,7,1,1,unique,2171,0/3/0
PF_0000778,2025-03-10,8,1,1,unique,2203,0/2/0
PF_0000778,2025-03-10,9,1,1,unique,2235,0/0/0
PF_0000778,2025-03-17,1,1,1,unique,1980,0/3/4
PF_0000778,2025-03-17,2,1,1,unique,2012,0/0/3
PF_0000778,2025-03-17,3,1,1,unique,2044,0/5/2
PF_0000778,2025-03-17,4,1,1,unique,2076,0/0/2
PF_0000778,2025-03-17,5,1,1,unique,2108,0/3/4
PF_0000778,2025-03-17,6,1,1,unique,2140,0/3/1
PF_0000778,2025-03-17,7,1,1,unique,2172,0/1/1
PF_0000778,2025-03-17,8,1,1,unique,2204,0/2/1
PF_0000778,2025-03-17,9,1,1,unique,2236,0/0/1
PF_0000778,2025-03-24,1,1,1,unique,1981,0/0/8
PF_0000778,2025-03-24,2,1,1,unique,2013,0/0/3
PF_0000778,2025-03-24,3,1,1,unique,2045,0/0/5
PF_0000778,2025-03-24,4,1,1,unique,2077,0/0/2
PF_0000778,2025-03-24,5,1,1,unique,2109,0/0/5
PF_0000778,2025-03-24,6,1,1,unique,2141,0/0/1
PF_0000778,2025-03-24,7,1,1,unique,2173,0/0/2
PF_0000778,2025-03-24,8,1,1,unique,2205,0/0/2
PF_0000778,2025-03-24,9,1,1,unique,2237,0/0/1
PF_0000778,2025-03-31,1,1,1,unique,1982,0/0/4
PF_0000778,2025-03-31,2,1,1,unique,2014,0/0/0
PF_0000778,2025-03-31,3,1,1,unique,2046,0/0/4
PF_0000778,2025-03-31,4,1,1,unique,2078,0/0/0
PF_0000778,2025-03-31,5,1,1,unique,2110,0/0/0
PF_0000778,2025-03-31,6,1,1,unique,2142,0/0/0
PF_0000778,2025-03-31,7,1,1,unique,2174,0/0/0
PF_0000778,2025-03-31,8,1,1,unique,2206,0/0/0
PF_0000778,2025-03-31,9,1,1,unique,2238,0/0/1
PF_0000778,2025-04-07,1,1,1,unique,1983,0/0/0
PF_0000778,2025-04-07,2,1,1,unique,2015,0/0/0
PF_0000778,2025-04-07,3,1,1,unique,2047,0/0/0
PF_0000778,2025-04-07,4,1,1,unique,2079,0/0/0
PF_0000778,2025-04-07,5,1,1,unique,2111,0/0/0
PF_0000778,2025-04-07,6,1,1,unique,2143,0/0/0
PF_0000778,2025-04-07,7,1,1,unique,2175,0/0/0
PF_0000778,2025-04-07,8,1,1,unique,2207,0/0/0
PF_0000778,2025-04-07,9,1,1,unique,2239,0/0/0
PF_0000778,2025-04-14,1,1,1,unique,1984,0/0/0
PF_0000778,2025-04-14,2,1,1,unique,2016,0/0/0
PF_0000778,2025-04-14,3,1,1,unique,2048,0/0/0
PF_0000778,2025-04-14,4,1,1,unique,2080,0/0/0
PF_0000778,2025-04-14,5,1,1,unique,2112,0/0/0
PF_0000778,2025-04-14,6,1,1,unique,2144,0/0/0
PF_0000778,2025-04-14,7,1,1,unique,2176,0/0/0
PF_0000778,2025-04-14,8,1,1,unique,2208,0/0/0
PF_0000778,2025-04-14,9,1,1,unique,2240,0/0/0
PF_0000778,2025-04-21,1,1,1,unique,1985,0/0/0
PF_0000778,2025-04-21,2,1,1,unique,2017,0/0/0
PF_0000778,2025-04-21,3,1,1,unique,2049,0/0/0
PF_0000778,2025-04-21,4,1,1,unique,2081,0/0/0
PF_0000778,2025-04-21,5,1,1,unique,2113,0/0/0
PF_0000778,2025-04-21,6,1,1,unique,2145,0/0/0
PF_0000778,2025-04-21,7,1,1,unique,2177,0/0/0
PF_0000778,2025-04-21,8,1,1,unique,2209,0/0/0
PF_0000778,2025-04-21,9,1,1,unique,2241,0/0/0
PF_0000778,2025-04-28,1,1,1,unique,1986,0/0/0
PF_0000778,2025-04-28,2,1,1,unique,2018,0/0/0
PF_0000778,2025-04-28,3,1,1,unique,2050,0/0/0
PF_0000778,2025-04-28,4,1,1,unique,2082,0/0/0
PF_0000778,2025-04-28,5,1,1,unique,2114,0/0/0
PF_0000778,2025-04-28,6,1,1,unique,2146,0/0/0
PF_0000778,2025-04-28,7,1,1,unique,2178,0/0/0
PF_0000778,2025-04-28,8,1,1,unique,2210,0/0/0
PF_0000778,2025-04-28,9,1,1,unique,2242,0/0/0
PF_0000778,2025-05-23,1,1,1,unique,1987,0/0/0
PF_0000778,2025-05-23,2,1,1,unique,2019,0/0/0
PF_0000778,2025-05-23,3,1,1,unique,2051,0/0/0
PF_0000778,2025-05-23,4,1,1,unique,2083,0/0/0
PF_0000778,2025-05-23,5,1,1,unique,2115,0/0/0
PF_0000778,2025-05-23,6,1,1,unique,2147,0/0/0
PF_0000778,2025-05-23,7,1,1,unique,2179,0/0/0
PF_0000778,2025-05-23,8,1,1,unique,2211,0/0/0
PF_0000778,2025-05-23,9,1,1,unique,2243,0/0/0
PF_0000778,2025-05-29,1,1,1,unique,1988,0/0/0
PF_0000778,2025-05-29,2,1,1,unique,2020,0/0/0
PF_0000778,2025-05-29,3,1,1,unique,2052,0/0/0
PF_0000778,2025-05-29,4,1,1,unique,2084,0/0/0
PF_0000778,2025-05-29,5,1,1,unique,2116,0/0/0
PF_0000778,2025-05-29,6,1,1,unique,2148,0/0/0
PF_0000778,2025-05-29,7,1,1,unique,2180,0/0/0
PF_0000778,2025-05-29,8,1,1,unique,2212,0/0/0
PF_0000778,2025-05-29,9,1,1,unique,2244,0/0/0
PF_0000778,2025-06-05,1,1,1,unique,1989,0/0/0
PF_0000778,2025-06-05,2,1,1,unique,2021,0/0/0
PF_0000778,2025-06-05,3,1,1,unique,2053,0/0/0
PF_0000778,2025-06-05,4,1,1,unique,2085,0/0/0
PF_0000778,2025-06-05,5,1,1,unique,2117,0/0/0
PF_0000778,2025-06-05,6,1,1,unique,2149,0/0/0
PF_0000778,2025-06-05,7,1,1,unique,2181,0/0/0
PF_0000778,2025-06-05,8,1,1,unique,2213,0/0/0
PF_0000778,2025-06-05,9,1,1,unique,2245,0/0/0
PF_0002037,2024-10-01,1,1,1,unique,3538,0/0/0
PF_0002037,2024-10-01,2,1,1,unique,3569,0/0/0
PF_0002037,2024-10-01,3,1,1,unique,3600,0/0/0
PF_0002037,2024-10-01,4,1,1,unique,3631,0/0/0
PF_0002037,2024-10-01,5,1,1,unique,3662,0/0/0
PF_0002037,2024-10-01,6,1,1,unique,3693,0/0/0
PF_0002037,2024-10-01,7,1,1,unique,3724,0/0/0
PF_0002037,2024-10-01,8,1,1,unique,3755,0/0/0
PF_0002037,2024-10-01,9,1,1,unique,3786,0/0/0
PF_0002037,2024-10-10,1,1,1,unique,3539,0/0/0
PF_0002037,2024-10-10,2,1,1,unique,3570,0/0/0
PF_0002037,2024-10-10,3,1,1,unique,3601,0/0/0
PF_0002037,2024-10-10,4,1,1,unique,3632,0/0/0
PF_0002037,2024-10-10,5,1,1,unique,3663,0/0/0
PF_0002037,2024-10-10,6,1,1,unique,3694,0/0/0
PF_0002037,2024-10-10,7,1,1,unique,3725,0/0/0
PF_0002037,2024-10-10,8,1,1,unique,3756,0/0/0
PF_0002037,2024-10-10,9,1,1,unique,3787,0/0/0
PF_0002037,2024-10-14,1,1,1,unique,3540,0/0/0
PF_0002037,2024-10-14,2,1,1,unique,3571,0/0/0
PF_0002037,2024-10-14,3,1,1,unique,3602,0/0/0
PF_0002037,2024-10-14,4,1,1,unique,3633,0/0/0
PF_0002037,2024-10-14,5,1,1,unique,3664,0/0/0
PF_0002037,2024-10-14,6,1,1,unique,3695,0/0/0
PF_0002037,2024-10-14,7,1,1,unique,3726,0/0/0
PF_0002037,2024-10-14,8,1,1,unique,3757,0/0/0
PF_0002037,2024-10-14,9,1,1,unique,3788,0/0/0
PF_0002037,2024-10-21,1,1,1,unique,3541,0/0/0
PF_0002037,2024-10-21,2,1,1,unique,3572,0/0/0
PF_0002037,2024-10-21,3,1,1,unique,3603,0/0/0
PF_0002037,2024-10-21,4,1,1,unique,3634,0/0/0
PF_0002037,2024-10-21,5,1,1,unique,3665,0/0/0
PF_0002037,2024-10-21,6,1,1,unique,3696,0/0/0
PF_0002037,2024-10-21,7,1,1,unique,3727,0/0/0
PF_0002037,2024-10-21,8,1,1,unique,3758,0/0/0
PF_0002037,2024-10-21,9,1,1,unique,3789,0/0/0
PF_0002037,2024-10-28,1,1,1,unique,3542,0/0/0
PF_0002037,2024-10-28,2,1,1,unique,3573,0/0/0
PF_0002037,2024-10-28,3,1,1,unique,3604,0/0/0
PF_0002037,2024-10-28,4,1,1,unique,3635,0/0/0
PF_0002037,2024-10-28,5,1,1,unique,3666,0/0/0
PF_0002037,2024-10-28,6,1,1,unique,3697,0/0/0
PF_0002037,2024-10-28,7,1,1,unique,3728,0/0/0
PF_0002037,2024-10-28,8,1,1,unique,3759,0/0/0
PF_0002037,2024-10-28,9,1,1,unique,3790,0/0/0
PF_0002037,2024-11-07,1,1,1,unique,3543,0/0/0
PF_0002037,2024-11-07,2,1,1,unique,3574,0/0/0
PF_0002037,2024-11-07,3,1,1,unique,3605,0/0/0
PF_0002037,2024-11-07,4,1,1,unique,3636,0/0/0
PF_0002037,2024-11-07,5,1,1,unique,3667,0/0/0
PF_0002037,2024-11-07,6,1,1,unique,3698,0/0/0
PF_0002037,2024-11-07,7,1,1,unique,3729,0/0/0
PF_0002037,2024-11-07,8,1,1,unique,3760,0/0/0
PF_0002037,2024-11-07,9,1,1,unique,3791,0/0/0
PF_0002037,2024-11-14,1,1,1,unique,3544,2/0/0
PF_0002037,2024-11-14,2,1,1,unique,3575,3/2/0
PF_0002037,2024-11-14,3,1,1,unique,3606,1/0/0
PF_0002037,2024-11-14,4,1,1,unique,3637,0/0/0
PF_0002037,2024-11-14,5,1,1,unique,3668,1/0/0
PF_0002037,2024-11-14,6,1,1,unique,3699,3/0/0
PF_0002037,2024-11-14,7,1,1,unique,3730,1/0/0
PF_0002037,2024-11-14,8,1,1,unique,3761,2/1/0
PF_0002037,2024-11-14,9,1,1,unique,3792,4/0/0
PF_0002037,2024-11-21,1,1,1,unique,3545,5/0/0
PF_0002037,2024-11-21,2,1,1,unique,3576,6/4/0
PF_0002037,2024-11-21,3,1,1,unique,3607,3/0/0
PF_0002037,2024-11-21,4,1,1,unique,3638,1/0/0
PF_0002037,2024-11-21,5,1,1,unique,3669,3/0/0
PF_0002037,2024-11-21,6,1,1,unique,3700,4/0/0
PF_0002037,2024-11-21,7,1,1,unique,3731,4/0/0
PF_0002037,2024-11-21,8,1,1,unique,3762,3/3/0
PF_0002037,2024-11-21,9,1,1,unique,3793,8/0/0
PF_0002037,2024-11-29,1,1,1,unique,3546,7/0/0
PF_0002037,2024-11-29,2,1,1,unique,3577,4/3/0
PF_0002037,2024-11-29,3,1,1,unique,3608,5/0/0
PF_0002037,2024-11-29,4,1,1,unique,3639,3/0/0
PF_0002037,2024-11-29,5,1,1,unique,3670,7/0/0
PF_0002037,2024-11-29,6,1,1,unique,3701,5/0/0
PF_0002037,2024-11-29,7,1,1,unique,3732,7/0/0
PF_0002037,2024-11-29,8,1,1,unique,3763,4/6/0
PF_0002037,2024-11-29,9,1,1,unique,3794,11/0/0
PF_0002037,2024-12-05,1,1,1,unique,3547,7/0/0
PF_0002037,2024-12-05,2,1,1,unique,3578,7/0/0
PF_0002037,2024-12-05,3,1,1,unique,3609,6/0/0
PF_0002037,2024-12-05,4,1,1,unique,3640,4/0/0
PF_0002037,2024-12-05,5,1,1,unique,3671,6/0/0
PF_0002037,2024-12-05,6,1,1,unique,3702,5/0/0
PF_0002037,2024-12-05,7,1,1,unique,3733,6/0/0
PF_0002037,2024-12-05,8,1,1,unique,3764,7/0/0
PF_0002037,2024-12-05,9,1,1,unique,3795,7/0/0
PF_0002037,2024-12-12,1,1,1,unique,3548,7/0/0
PF_0002037,2024-12-12,2,1,1,unique,3579,4/0/0
PF_0002037,2024-12-12,3,1,1,unique,3610,0/0/0
PF_0002037,2024-12-12,4,1,1,unique,3641,4/0/0
PF_0002037,2024-12-12,5,1,1,unique,3672,7/0/0
PF_0002037,2024-12-12,6,1,1,unique,3703,0/0/0
PF_0002037,2024-12-12,7,1,1,unique,3734,6/2/0
PF_0002037,2024-12-12,8,1,1,unique,3765,4/0/0
PF_0002037,2024-12-12,9,1,1,unique,3796,0/0/0
PF_0002037,2024-12-19,1,1,1,unique,3549,7/4/0
PF_0002037,2024-12-19,2,1,1,unique,3580,7/0/0
PF_0002037,2024-12-19,3,1,1,unique,3611,7/0/0
PF_0002037,2024-12-19,4,1,1,unique,3642,5/0/0
PF_0002037,2024-12-19,5,1,1,unique,3673,7/0/0
PF_0002037,2024-12-19,6,1,1,unique,3704,5/0/0
PF_0002037,2024-12-19,7,1,1,unique,3735,6/4/0
PF_0002037,2024-12-19,8,1,1,unique,3766,7/0/0
PF_0002037,2024-12-19,9,1,1,unique,3797,7/0/0
PF_0002037,2024-12-24,1,1,1,unique,3550,6/4/0
PF_0002037,2024-12-24,2,1,1,unique,3581,4/0/8
PF_0002037,2024-12-24,3,1,1,unique,3612,6/0/0
PF_0002037,2024-12-24,4,1,1,unique,3643,6/0/0
PF_0002037,2024-12-24,5,1,1,unique,3674,7/0/0
PF_0002037,2024-12-24,6,1,1,unique,3705,5/0/0
PF_0002037,2024-12-24,7,1,1,unique,3736,6/5/0
PF_0002037,2024-12-24,8,1,1,unique,3767,3/0/4
PF_0002037,2024-12-24,9,1,1,unique,3798,7/0/0
PF_0002037,2025-01-03,1,1,1,unique,3551,6/0/0
PF_0002037,2025-01-03,2,1,1,unique,3582,6/0/0
PF_0002037,2025-01-03,3,1,1,unique,3613,6/0/0
PF_0002037,2025-01-03,4,1,1,unique,3644,8/0/0
PF_0002037,2025-01-03,5,1,1,unique,3675,6/0/0
PF_0002037,2025-01-03,6,1,1,unique,3706,3/0/0
PF_0002037,2025-01-03,7,1,1,unique,3737,6/5/0
PF_0002037,2025-01-03,8,1,1,unique,3768,6/0/0
PF_0002037,2025-01-03,9,1,1,unique,3799,4/1/0
PF_0002037,2025-01-10,1,1,1,unique,3552,4/0/3
PF_0002037,2025-01-10,2,1,1,unique,3583,0/0/0
PF_0002037,2025-01-10,3,1,1,unique,3614,4/1/0
PF_0002037,2025-01-10,4,1,1,unique,3645,4/4/0
PF_0002037,2025-01-10,5,1,1,unique,3676,6/1/0
PF_0002037,2025-01-10,6,1,1,unique,3707,0/3/0
PF_0002037,2025-01-10,7,1,1,unique,3738,7/5/0
PF_0002037,2025-01-10,8,1,1,unique,3769,0/0/0
PF_0002037,2025-01-10,9,1,1,unique,3800,5/2/0
PF_0002037,2025-01-19,1,1,1,unique,3553,0/0/2
PF_0002037,2025-01-19,2,1,1,unique,3584,0/0/0
PF_0002037,2025-01-19,3,1,1,unique,3615,0/3/2
PF_0002037,2025-01-19,4,1,1,unique,3646,0/2/4
PF_0002037,2025-01-19,5,1,1,unique,3677,0/4/2
PF_0002037,2025-01-19,6,1,1,unique,3708,0/1/0
PF_0002037,2025-01-19,7,1,1,unique,3739,2/5/1
PF_0002037,2025-01-19,8,1,1,unique,3770,0/0/0
PF_0002037,2025-01-19,9,1,1,unique,3801,0/3/0
PF_0002037,2025-01-26,1,1,1,unique,3554,0/0/1
PF_0002037,2025-01-26,2,1,1,unique,3585,0/0/0
PF_0002037,2025-01-26,3,1,1,unique,3616,0/0/0
PF_0002037,2025-01-26,4,1,1,unique,3647,0/1/4
PF_0002037,2025-01-26,5,1,1,unique,3678,0/1/4
PF_0002037,2025-01-26,6,1,1,unique,3709,0/0/3
PF_0002037,2025-01-26,7,1,1,unique,3740,0/5/2
PF_0002037,2025-01-26,8,1,1,unique,3771,0/0/0
PF_0002037,2025-01-26,9,1,1,unique,3802,0/3/0
PF_0002037,2025-02-09,1,1,1,unique,3555,0/0/0
PF_0002037,2025-02-09,2,1,1,unique,3586,0/0/0
PF_0002037,2025-02-09,3,1,1,unique,3617,0/0/0
PF_0002037,2025-02-09,4,1,1,unique,3648,0/1/1
PF_0002037,2025-02-09,5,1,1,unique,3679,0/0/3
PF_0002037,2025-02-09,6,1,1,unique,3710,0/0/5
PF_0002037,2025-02-09,7,1,1,unique,3741,0/4/3
PF_0002037,2025-02-09,8,1,1,unique,3772,0/0/0
PF_0002037,2025-02-09,9,1,1,unique,3803,0/3/0
PF_0002037,2025-02-14,1,1,1,unique,3556,0/0/0
PF_0002037,2025-02-14,2,1,1,unique,3587,0/0/0
PF_0002037,2025-02-14,3,1,1,unique,3618,0/0/0
PF_0002037,2025-02-14,4,1,1,unique,3649,0/0/5
PF_0002037,2025-02-14,5,1,1,unique,3680,0/0/4
PF_0002037,2025-02-14,6,1,1,unique,3711,0/0/0
PF_0002037,2025-02-14,7,1,1,unique,3742,0/0/2
PF_0002037,2025-02-14,8,1,1,unique,3773,0/0/0
PF_0002037,2025-02-14,9,1,1,unique,3804,0/0/3
PF_0002037,2025-02-22,1,1,1,unique,3557,0/0/0
PF_0002037,2025-02-22,2,1,1,unique,3588,0/0/0
PF_0002037,2025-02-22,3,1,1,unique,3619,0/0/0
PF_0002037,2025-02-22,4,1,1,unique,3650,0/0/0
PF_0002037,2025-02-22,5,1,1,unique,3681,0/0/0
PF_0002037,2025-02-22,6,1,1,unique,3712,0/0/0
PF_0002037,2025-02-22,7,1,1,unique,3743,0/0/0
PF_0002037,2025-02-22,8,1,1,unique,3774,0/0/0
PF_0002037,2025-02-22,9,1,1,unique,3805,0/0/0
PF_0002037,2025-02-25,1,2,2,conflict_duplicate,"3558,3559",1/0/0;0/0/0
PF_0002037,2025-02-25,2,2,2,conflict_duplicate,"3589,3590",4/0/0;0/0/0
PF_0002037,2025-02-25,3,2,2,conflict_duplicate,"3620,3621",0/0/0;6/5/0
PF_0002037,2025-02-25,4,2,2,conflict_duplicate,"3651,3652",3/0/0;0/0/0
PF_0002037,2025-02-25,5,2,2,conflict_duplicate,"3682,3683",0/0/0;4/0/0
PF_0002037,2025-02-25,6,2,2,conflict_duplicate,"3713,3714",5/1/0;0/0/0
PF_0002037,2025-02-25,7,2,2,conflict_duplicate,"3744,3745",4/0/0;0/0/0
PF_0002037,2025-02-25,8,2,2,conflict_duplicate,"3775,3776",4/0/0;0/0/0
PF_0002037,2025-02-25,9,2,2,conflict_duplicate,"3806,3807",0/0/0;3/1/0
PF_0002037,2025-03-05,1,1,1,unique,3560,0/0/0
PF_0002037,2025-03-05,2,1,1,unique,3591,0/0/0
PF_0002037,2025-03-05,3,1,1,unique,3622,0/0/0
PF_0002037,2025-03-05,4,1,1,unique,3653,0/0/0
PF_0002037,2025-03-05,5,1,1,unique,3684,0/0/0
PF_0002037,2025-03-05,6,1,1,unique,3715,0/0/0
PF_0002037,2025-03-05,7,1,1,unique,3746,0/0/0
PF_0002037,2025-03-05,8,1,1,unique,3777,0/0/0
PF_0002037,2025-03-05,9,1,1,unique,3808,0/0/0
PF_0002037,2025-03-12,1,1,1,unique,3561,0/0/0
PF_0002037,2025-03-12,2,1,1,unique,3592,0/0/0
PF_0002037,2025-03-12,3,1,1,unique,3623,0/0/0
PF_0002037,2025-03-12,4,1,1,unique,3654,0/0/0
PF_0002037,2025-03-12,5,1,1,unique,3685,0/0/0
PF_0002037,2025-03-12,6,1,1,unique,3716,0/0/0
PF_0002037,2025-03-12,7,1,1,unique,3747,0/0/0
PF_0002037,2025-03-12,8,1,1,unique,3778,0/0/0
PF_0002037,2025-03-12,9,1,1,unique,3809,0/0/0
PF_0002037,2025-03-18,1,1,1,unique,3562,0/0/0
PF_0002037,2025-03-18,2,1,1,unique,3593,0/0/0
PF_0002037,2025-03-18,3,1,1,unique,3624,0/0/0
PF_0002037,2025-03-18,4,1,1,unique,3655,0/0/0
PF_0002037,2025-03-18,5,1,1,unique,3686,0/0/0
PF_0002037,2025-03-18,6,1,1,unique,3717,0/0/0
PF_0002037,2025-03-18,7,1,1,unique,3748,0/0/0
PF_0002037,2025-03-18,8,1,1,unique,3779,0/0/0
PF_0002037,2025-03-18,9,1,1,unique,3810,0/0/0
PF_0002037,2025-03-27,1,1,1,unique,3563,0/0/0
PF_0002037,2025-03-27,2,1,1,unique,3594,0/0/0
PF_0002037,2025-03-27,3,1,1,unique,3625,0/0/0
PF_0002037,2025-03-27,4,1,1,unique,3656,0/0/0
PF_0002037,2025-03-27,5,1,1,unique,3687,0/0/0
PF_0002037,2025-03-27,6,1,1,unique,3718,0/0/0
PF_0002037,2025-03-27,7,1,1,unique,3749,0/0/0
PF_0002037,2025-03-27,8,1,1,unique,3780,0/0/0
PF_0002037,2025-03-27,9,1,1,unique,3811,0/0/0
PF_0002037,2025-04-02,1,1,1,unique,3564,0/0/0
PF_0002037,2025-04-02,2,1,1,unique,3595,0/0/0
PF_0002037,2025-04-02,3,1,1,unique,3626,0/0/0
PF_0002037,2025-04-02,4,1,1,unique,3657,0/0/0
PF_0002037,2025-04-02,5,1,1,unique,3688,0/0/0
PF_0002037,2025-04-02,6,1,1,unique,3719,0/0/0
PF_0002037,2025-04-02,7,1,1,unique,3750,0/0/0
PF_0002037,2025-04-02,8,1,1,unique,3781,0/0/0
PF_0002037,2025-04-02,9,1,1,unique,3812,0/0/0
PF_0002037,2025-04-09,1,1,1,unique,3565,0/0/0
PF_0002037,2025-04-09,2,1,1,unique,3596,0/0/0
PF_0002037,2025-04-09,3,1,1,unique,3627,0/0/0
PF_0002037,2025-04-09,4,1,1,unique,3658,0/0/0
PF_0002037,2025-04-09,5,1,1,unique,3689,0/0/0
PF_0002037,2025-04-09,6,1,1,unique,3720,0/0/0
PF_0002037,2025-04-09,7,1,1,unique,3751,0/0/0
PF_0002037,2025-04-09,8,1,1,unique,3782,0/0/0
PF_0002037,2025-04-09,9,1,1,unique,3813,0/0/0
PF_0002037,2025-04-18,1,1,1,unique,3566,0/0/0
PF_0002037,2025-04-18,2,1,1,unique,3597,0/0/0
PF_0002037,2025-04-18,3,1,1,unique,3628,4/0/0
PF_0002037,2025-04-18,4,1,1,unique,3659,0/0/0
PF_0002037,2025-04-18,5,1,1,unique,3690,0/0/0
PF_0002037,2025-04-18,6,1,1,unique,3721,0/0/0
PF_0002037,2025-04-18,7,1,1,unique,3752,0/0/0
PF_0002037,2025-04-18,8,1,1,unique,3783,0/0/0
PF_0002037,2025-04-18,9,1,1,unique,3814,0/0/0
PF_0002037,2025-04-24,1,1,1,unique,3567,0/0/0
PF_0002037,2025-04-24,2,1,1,unique,3598,0/0/0
PF_0002037,2025-04-24,3,1,1,unique,3629,0/0/0
PF_0002037,2025-04-24,4,1,1,unique,3660,0/0/0
PF_0002037,2025-04-24,5,1,1,unique,3691,0/0/0
PF_0002037,2025-04-24,6,1,1,unique,3722,0/0/0
PF_0002037,2025-04-24,7,1,1,unique,3753,0/0/0
PF_0002037,2025-04-24,8,1,1,unique,3784,0/0/0
PF_0002037,2025-04-24,9,1,1,unique,3815,0/0/0
PF_0002037,2025-04-29,1,1,1,unique,3568,0/0/0
PF_0002037,2025-04-29,2,1,1,unique,3599,0/0/0
PF_0002037,2025-04-29,3,1,1,unique,3630,0/0/0
PF_0002037,2025-04-29,4,1,1,unique,3661,0/0/0
PF_0002037,2025-04-29,5,1,1,unique,3692,0/0/0
PF_0002037,2025-04-29,6,1,1,unique,3723,0/0/0
PF_0002037,2025-04-29,7,1,1,unique,3754,0/0/0
PF_0002037,2025-04-29,8,1,1,unique,3785,0/0/0
PF_0002037,2025-04-29,9,1,1,unique,3816,0/0/0
PF_0002037,2026-03-31,1,1,1,unique,26444,0/0/0
PF_0002037,2026-03-31,2,1,1,unique,26472,0/0/0
PF_0002037,2026-03-31,4,1,1,unique,26528,0/0/0
PF_0002037,2026-03-31,5,1,1,unique,26556,0/0/0
PF_0002037,2026-03-31,6,1,1,unique,26584,0/0/0
PF_0002037,2026-03-31,7,1,1,unique,26612,0/0/0
PF_0002037,2026-03-31,9,1,1,unique,26653,0/0/0
PF_0002037,2026-04-07,1,1,1,unique,26445,0/0/0
PF_0002037,2026-04-07,2,1,1,unique,26473,0/0/0
PF_0002037,2026-04-07,4,1,1,unique,26529,0/0/0
PF_0002037,2026-04-07,5,1,1,unique,26557,0/0/0
PF_0002037,2026-04-07,6,1,1,unique,26585,0/0/0
PF_0002037,2026-04-07,7,1,1,unique,26613,0/0/0
PF_0002037,2026-04-07,9,1,1,unique,26654,0/0/0
PF_0002037,2026-04-14,1,1,1,unique,26446,0/0/0
PF_0002037,2026-04-14,2,1,1,unique,26474,0/0/0
PF_0002037,2026-04-14,4,1,1,unique,26530,0/0/0
PF_0002037,2026-04-14,5,1,1,unique,26558,0/0/0
PF_0002037,2026-04-14,6,1,1,unique,26586,0/0/0
PF_0002037,2026-04-14,7,1,1,unique,26614,0/0/0
PF_0002037,2026-04-14,9,1,1,unique,26655,0/0/0
PF_0002037,2026-04-21,1,1,1,unique,26447,0/0/0
PF_0002037,2026-04-21,2,1,1,unique,26475,0/0/0
PF_0002037,2026-04-21,4,1,1,unique,26531,0/0/0
PF_0002037,2026-04-21,5,1,1,unique,26559,0/0/0
PF_0002037,2026-04-21,6,1,1,unique,26587,0/0/0
PF_0002037,2026-04-21,7,1,1,unique,26615,0/0/0
PF_0002037,2026-04-21,9,1,1,unique,26656,0/0/0
PF_0002037,2026-04-27,1,1,1,unique,26448,0/0/0
PF_0002037,2026-04-27,2,1,1,unique,26476,0/0/0
PF_0002037,2026-04-27,4,1,1,unique,26532,0/0/0
PF_0002037,2026-04-27,5,1,1,unique,26560,0/0/0
PF_0002037,2026-04-27,6,1,1,unique,26588,0/0/0
PF_0002037,2026-04-27,7,1,1,unique,26616,0/0/0
PF_0002037,2026-04-27,9,1,1,unique,26657,0/0/0
PF_0002037,2026-05-05,1,1,1,unique,26449,0/0/0
PF_0002037,2026-05-05,2,1,1,unique,26477,0/0/0
PF_0002037,2026-05-05,4,1,1,unique,26533,0/0/0
PF_0002037,2026-05-05,5,1,1,unique,26561,0/0/0
PF_0002037,2026-05-05,6,1,1,unique,26589,0/0/0
PF_0002037,2026-05-05,7,1,1,unique,26617,0/0/0
PF_0002037,2026-05-05,9,1,1,unique,26658,0/0/0
PF_0002037,2026-05-12,1,1,1,unique,26450,0/0/0
PF_0002037,2026-05-12,2,1,1,unique,26478,0/0/0
PF_0002037,2026-05-12,4,1,1,unique,26534,0/0/0
PF_0002037,2026-05-12,5,1,1,unique,26562,0/0/0
PF_0002037,2026-05-12,6,1,1,unique,26590,0/0/0
PF_0002037,2026-05-12,7,1,1,unique,26618,0/0/0
PF_0002037,2026-05-12,9,1,1,unique,26659,0/0/0
PF_0002037,2026-05-19,1,1,1,unique,26451,0/0/0
PF_0002037,2026-05-19,2,1,1,unique,26479,0/0/0
PF_0002037,2026-05-19,4,1,1,unique,26535,0/0/0
PF_0002037,2026-05-19,5,1,1,unique,26563,0/0/0
PF_0002037,2026-05-19,6,1,1,unique,26591,0/0/0
PF_0002037,2026-05-19,7,1,1,unique,26619,0/0/0
PF_0002037,2026-05-19,9,1,1,unique,26660,0/0/0
PF_0002037,2026-05-26,1,1,1,unique,26452,0/0/0
PF_0002037,2026-05-26,2,1,1,unique,26480,0/0/0
PF_0002037,2026-05-26,3,1,1,unique,26508,0/1/1
PF_0002037,2026-05-26,4,1,1,unique,26536,0/0/0
PF_0002037,2026-05-26,5,1,1,unique,26564,0/0/0
PF_0002037,2026-05-26,6,1,1,unique,26592,0/0/0
PF_0002037,2026-05-26,7,1,1,unique,26620,0/0/0
PF_0002037,2026-05-26,9,1,1,unique,26661,0/0/0
PF_0021351,2024-10-01,1,1,1,unique,7283,0/0/0
PF_0021351,2024-10-01,2,1,1,unique,7313,0/0/0
PF_0021351,2024-10-01,3,1,1,unique,7320,0/0/0
PF_0021351,2024-10-01,4,1,1,unique,7350,0/0/0
PF_0021351,2024-10-01,5,1,1,unique,7380,0/0/0
PF_0021351,2024-10-01,6,1,1,unique,7410,0/0/0
PF_0021351,2024-10-01,7,1,1,unique,7440,0/0/0
PF_0021351,2024-10-01,8,1,1,unique,7470,0/0/0
PF_0021351,2024-10-01,9,1,1,unique,7500,0/0/0
PF_0021351,2024-10-07,1,1,1,unique,7284,0/0/0
PF_0021351,2024-10-07,2,1,1,unique,7314,0/0/0
PF_0021351,2024-10-07,3,1,1,unique,7321,0/0/0
PF_0021351,2024-10-07,4,1,1,unique,7351,0/0/0
PF_0021351,2024-10-07,5,1,1,unique,7381,0/0/0
PF_0021351,2024-10-07,6,1,1,unique,7411,0/0/0
PF_0021351,2024-10-07,7,1,1,unique,7441,0/0/0
PF_0021351,2024-10-07,8,1,1,unique,7471,0/0/0
PF_0021351,2024-10-07,9,1,1,unique,7501,0/0/0
PF_0021351,2024-10-14,1,1,1,unique,7285,0/0/0
PF_0021351,2024-10-14,2,1,1,unique,7315,0/0/0
PF_0021351,2024-10-14,3,1,1,unique,7322,0/0/0
PF_0021351,2024-10-14,4,1,1,unique,7352,0/0/0
PF_0021351,2024-10-14,5,1,1,unique,7382,0/0/0
PF_0021351,2024-10-14,6,1,1,unique,7412,0/0/0
PF_0021351,2024-10-14,7,1,1,unique,7442,0/0/0
PF_0021351,2024-10-14,8,1,1,unique,7472,0/0/0
PF_0021351,2024-10-14,9,1,1,unique,7502,0/0/0
PF_0021351,2024-10-21,1,1,1,unique,7286,0/0/0
PF_0021351,2024-10-21,2,1,1,unique,7316,0/0/0
PF_0021351,2024-10-21,3,1,1,unique,7323,0/0/0
PF_0021351,2024-10-21,4,1,1,unique,7353,0/0/0
PF_0021351,2024-10-21,5,1,1,unique,7383,0/0/0
PF_0021351,2024-10-21,6,1,1,unique,7413,0/0/0
PF_0021351,2024-10-21,7,1,1,unique,7443,1/0/0
PF_0021351,2024-10-21,8,1,1,unique,7473,0/0/0
PF_0021351,2024-10-21,9,1,1,unique,7503,0/0/0
PF_0021351,2024-10-28,1,1,1,unique,7287,1/0/0
PF_0021351,2024-10-28,2,1,1,unique,7317,0/0/0
PF_0021351,2024-10-28,3,1,1,unique,7324,0/0/0
PF_0021351,2024-10-28,4,1,1,unique,7354,0/0/0
PF_0021351,2024-10-28,5,1,1,unique,7384,0/0/0
PF_0021351,2024-10-28,6,1,1,unique,7414,0/0/0
PF_0021351,2024-10-28,7,1,1,unique,7444,2/1/0
PF_0021351,2024-10-28,8,1,1,unique,7474,1/0/0
PF_0021351,2024-10-28,9,1,1,unique,7504,1/0/0
PF_0021351,2024-11-07,1,1,1,unique,7288,6/0/0
PF_0021351,2024-11-07,2,1,1,unique,7318,3/1/0
PF_0021351,2024-11-07,3,1,1,unique,7325,0/0/0
PF_0021351,2024-11-07,4,1,1,unique,7355,0/0/0
PF_0021351,2024-11-07,5,1,1,unique,7385,0/0/0
PF_0021351,2024-11-07,6,1,1,unique,7415,2/0/0
PF_0021351,2024-11-07,7,1,1,unique,7445,4/4/0
PF_0021351,2024-11-07,8,1,1,unique,7475,5/0/0
PF_0021351,2024-11-07,9,1,1,unique,7505,3/0/0
PF_0021351,2024-11-14,1,1,1,unique,7289,7/0/0
PF_0021351,2024-11-14,3,1,1,unique,7326,0/0/0
PF_0021351,2024-11-14,4,1,1,unique,7356,0/0/0
PF_0021351,2024-11-14,5,1,1,unique,7386,0/0/0
PF_0021351,2024-11-14,6,1,1,unique,7416,5/0/0
PF_0021351,2024-11-14,7,1,1,unique,7446,5/7/0
PF_0021351,2024-11-14,8,1,1,unique,7476,9/0/0
PF_0021351,2024-11-14,9,1,1,unique,7506,7/0/0
PF_0021351,2024-11-22,1,1,1,unique,7290,7/0/0
PF_0021351,2024-11-22,3,1,1,unique,7327,0/0/0
PF_0021351,2024-11-22,4,1,1,unique,7357,0/0/0
PF_0021351,2024-11-22,5,1,1,unique,7387,0/0/0
PF_0021351,2024-11-22,6,1,1,unique,7417,7/0/0
PF_0021351,2024-11-22,7,1,1,unique,7447,6/5/0
PF_0021351,2024-11-22,8,1,1,unique,7477,9/0/0
PF_0021351,2024-11-22,9,1,1,unique,7507,10/0/0
PF_0021351,2024-11-29,1,1,1,unique,7291,6/0/0
PF_0021351,2024-11-29,3,1,1,unique,7328,0/0/0
PF_0021351,2024-11-29,4,1,1,unique,7358,0/0/0
PF_0021351,2024-11-29,5,1,1,unique,7388,0/0/0
PF_0021351,2024-11-29,6,1,1,unique,7418,9/0/0
PF_0021351,2024-11-29,7,1,1,unique,7448,6/7/0
PF_0021351,2024-11-29,8,1,1,unique,7478,9/0/0
PF_0021351,2024-11-29,9,1,1,unique,7508,13/0/0
PF_0021351,2024-12-05,1,1,1,unique,7292,4/0/0
PF_0021351,2024-12-05,2,1,1,unique,7319,0/0/0
PF_0021351,2024-12-05,3,1,1,unique,7329,0/0/0
PF_0021351,2024-12-05,4,1,1,unique,7359,0/0/0
PF_0021351,2024-12-05,5,1,1,unique,7389,0/0/0
PF_0021351,2024-12-05,6,1,1,unique,7419,9/0/0
PF_0021351,2024-12-05,7,1,1,unique,7449,0/7/0
PF_0021351,2024-12-05,8,1,1,unique,7479,7/0/0
PF_0021351,2024-12-05,9,1,1,unique,7509,14/0/0
PF_0021351,2024-12-12,1,1,1,unique,7293,5/0/0
PF_0021351,2024-12-12,3,1,1,unique,7330,0/0/0
PF_0021351,2024-12-12,4,1,1,unique,7360,4/0/0
PF_0021351,2024-12-12,5,1,1,unique,7390,0/0/0
PF_0021351,2024-12-12,6,1,1,unique,7420,8/0/0
PF_0021351,2024-12-12,7,1,1,unique,7450,0/8/0
PF_0021351,2024-12-12,8,1,1,unique,7480,9/1/0
PF_0021351,2024-12-12,9,1,1,unique,7510,14/0/0
PF_0021351,2024-12-19,1,1,1,unique,7294,0/0/0
PF_0021351,2024-12-19,3,1,1,unique,7331,1/0/0
PF_0021351,2024-12-19,4,1,1,unique,7361,9/0/0
PF_0021351,2024-12-19,5,1,1,unique,7391,0/0/0
PF_0021351,2024-12-19,6,1,1,unique,7421,5/0/0
PF_0021351,2024-12-19,7,1,1,unique,7451,0/6/0
PF_0021351,2024-12-19,8,1,1,unique,7481,7/0/0
PF_0021351,2024-12-19,9,1,1,unique,7511,15/0/0
PF_0021351,2024-12-26,1,1,1,unique,7295,0/0/0
PF_0021351,2024-12-26,3,1,1,unique,7332,1/0/0
PF_0021351,2024-12-26,4,1,1,unique,7362,9/0/0
PF_0021351,2024-12-26,5,1,1,unique,7392,1/0/0
PF_0021351,2024-12-26,6,1,1,unique,7422,5/1/0
PF_0021351,2024-12-26,7,1,1,unique,7452,0/4/0
PF_0021351,2024-12-26,8,1,1,unique,7482,3/0/0
PF_0021351,2024-12-26,9,1,1,unique,7512,10/0/0
PF_0021351,2025-01-03,1,1,1,unique,7296,0/0/0
PF_0021351,2025-01-03,3,1,1,unique,7333,3/0/0
PF_0021351,2025-01-03,4,1,1,unique,7363,10/1/0
PF_0021351,2025-01-03,5,1,1,unique,7393,3/0/0
PF_0021351,2025-01-03,6,1,1,unique,7423,0/5/0
PF_0021351,2025-01-03,7,1,1,unique,7453,0/3/0
PF_0021351,2025-01-03,8,1,1,unique,7483,5/0/0
PF_0021351,2025-01-03,9,1,1,unique,7513,9/0/0
PF_0021351,2025-01-10,1,1,1,unique,7297,0/1/0
PF_0021351,2025-01-10,3,1,1,unique,7334,5/0/0
PF_0021351,2025-01-10,4,1,1,unique,7364,16/2/0
PF_0021351,2025-01-10,5,1,1,unique,7394,6/0/0
PF_0021351,2025-01-10,6,1,1,unique,7424,0/2/2
PF_0021351,2025-01-10,7,1,1,unique,7454,0/2/3
PF_0021351,2025-01-10,8,1,1,unique,7484,6/0/0
PF_0021351,2025-01-10,9,1,1,unique,7514,6/0/0
PF_0021351,2025-01-19,1,1,1,unique,7298,0/2/0
PF_0021351,2025-01-19,3,1,1,unique,7335,7/0/0
PF_0021351,2025-01-19,4,1,1,unique,7365,14/4/0
PF_0021351,2025-01-19,5,1,1,unique,7395,13/0/0
PF_0021351,2025-01-19,6,1,1,unique,7425,0/1/6
PF_0021351,2025-01-19,7,1,1,unique,7455,0/0/5
PF_0021351,2025-01-19,8,1,1,unique,7485,7/0/1
PF_0021351,2025-01-19,9,1,1,unique,7515,6/1/0
PF_0021351,2025-01-26,1,1,1,unique,7299,0/4/0
PF_0021351,2025-01-26,3,1,1,unique,7336,11/2/0
PF_0021351,2025-01-26,4,1,1,unique,7366,15/11/0
PF_0021351,2025-01-26,5,1,1,unique,7396,11/3/0
PF_0021351,2025-01-26,6,1,1,unique,7426,0/0/10
PF_0021351,2025-01-26,7,1,1,unique,7456,0/0/7
PF_0021351,2025-01-26,8,1,1,unique,7486,7/0/2
PF_0021351,2025-01-26,9,1,1,unique,7516,2/2/0
PF_0021351,2025-02-09,1,1,1,unique,7300,5/0/0
PF_0021351,2025-02-09,3,1,1,unique,7337,4/2/0
PF_0021351,2025-02-09,4,1,1,unique,7367,0/5/0
PF_0021351,2025-02-09,5,1,1,unique,7397,15/0/0
PF_0021351,2025-02-09,6,1,1,unique,7427,0/0/6
PF_0021351,2025-02-09,7,1,1,unique,7457,0/0/11
PF_0021351,2025-02-09,8,1,1,unique,7487,6/0/5
PF_0021351,2025-02-09,9,1,1,unique,7517,1/7/0
PF_0021351,2025-02-14,1,1,1,unique,7301,0/10/0
PF_0021351,2025-02-14,3,1,1,unique,7338,4/3/1
PF_0021351,2025-02-14,4,1,1,unique,7368,0/4/0
PF_0021351,2025-02-14,5,1,1,unique,7398,21/0/0
PF_0021351,2025-02-14,6,1,1,unique,7428,0/0/6
PF_0021351,2025-02-14,7,1,1,unique,7458,0/0/4
PF_0021351,2025-02-14,8,1,1,unique,7488,0/0/10
PF_0021351,2025-02-14,9,1,1,unique,7518,0/4/0
PF_0021351,2025-02-22,1,1,1,unique,7302,0/6/4
PF_0021351,2025-02-22,3,1,1,unique,7339,2/3/3
PF_0021351,2025-02-22,4,1,1,unique,7369,0/3/1
PF_0021351,2025-02-22,5,1,1,unique,7399,5/0/7
PF_0021351,2025-02-22,6,1,1,unique,7429,0/0/4
PF_0021351,2025-02-22,7,1,1,unique,7459,0/0/3
PF_0021351,2025-02-22,8,1,1,unique,7489,0/0/2
PF_0021351,2025-02-22,9,1,1,unique,7519,0/4/1
PF_0021351,2025-02-25,1,1,1,unique,7303,0/5/6
PF_0021351,2025-02-25,3,1,1,unique,7340,0/3/3
PF_0021351,2025-02-25,4,1,1,unique,7370,0/2/2
PF_0021351,2025-02-25,5,1,1,unique,7400,6/0/5
PF_0021351,2025-02-25,6,1,1,unique,7430,0/0/4
PF_0021351,2025-02-25,7,1,1,unique,7460,0/0/2
PF_0021351,2025-02-25,8,1,1,unique,7490,0/0/2
PF_0021351,2025-02-25,9,1,1,unique,7520,0/0/4
PF_0021351,2025-03-05,1,1,1,unique,7304,0/5/6
PF_0021351,2025-03-05,3,1,1,unique,7341,0/0/8
PF_0021351,2025-03-05,4,1,1,unique,7371,0/0/10
PF_0021351,2025-03-05,5,1,1,unique,7401,0/0/2
PF_0021351,2025-03-05,6,1,1,unique,7431,0/0/0
PF_0021351,2025-03-05,7,1,1,unique,7461,0/0/1
PF_0021351,2025-03-05,8,1,1,unique,7491,0/0/0
PF_0021351,2025-03-05,9,1,1,unique,7521,0/0/4
PF_0021351,2025-03-12,1,1,1,unique,7305,0/0/3
PF_0021351,2025-03-12,3,1,1,unique,7342,0/0/2
PF_0021351,2025-03-12,4,1,1,unique,7372,0/0/6
PF_0021351,2025-03-12,5,1,1,unique,7402,0/0/4
PF_0021351,2025-03-12,6,1,1,unique,7432,0/0/0
PF_0021351,2025-03-12,7,1,1,unique,7462,0/0/0
PF_0021351,2025-03-12,8,1,1,unique,7492,0/0/0
PF_0021351,2025-03-12,9,1,1,unique,7522,0/0/2
PF_0021351,2025-03-18,1,1,1,unique,7306,0/0/6
PF_0021351,2025-03-18,3,1,1,unique,7343,0/0/0
PF_0021351,2025-03-18,4,1,1,unique,7373,0/0/0
PF_0021351,2025-03-18,5,1,1,unique,7403,0/0/9
PF_0021351,2025-03-18,6,1,1,unique,7433,0/0/0
PF_0021351,2025-03-18,7,1,1,unique,7463,0/0/0
PF_0021351,2025-03-18,8,1,1,unique,7493,0/0/0
PF_0021351,2025-03-18,9,1,1,unique,7523,0/0/0
PF_0021351,2025-03-27,1,1,1,unique,7307,0/0/0
PF_0021351,2025-03-27,3,1,1,unique,7344,0/0/0
PF_0021351,2025-03-27,4,1,1,unique,7374,0/0/0
PF_0021351,2025-03-27,5,1,1,unique,7404,0/0/10
PF_0021351,2025-03-27,6,1,1,unique,7434,0/0/10
PF_0021351,2025-03-27,7,1,1,unique,7464,0/0/0
PF_0021351,2025-03-27,8,1,1,unique,7494,0/0/0
PF_0021351,2025-03-27,9,1,1,unique,7524,0/0/0
PF_0021351,2025-04-02,1,1,1,unique,7308,0/0/0
PF_0021351,2025-04-02,3,1,1,unique,7345,0/0/0
PF_0021351,2025-04-02,4,1,1,unique,7375,0/0/0
PF_0021351,2025-04-02,5,1,1,unique,7405,0/0/9
PF_0021351,2025-04-02,6,1,1,unique,7435,0/0/0
PF_0021351,2025-04-02,7,1,1,unique,7465,0/0/0
PF_0021351,2025-04-02,8,1,1,unique,7495,0/0/0
PF_0021351,2025-04-02,9,1,1,unique,7525,0/0/0
PF_0021351,2025-04-09,1,1,1,unique,7309,0/0/0
PF_0021351,2025-04-09,3,1,1,unique,7346,0/0/0
PF_0021351,2025-04-09,4,1,1,unique,7376,0/0/0
PF_0021351,2025-04-09,5,1,1,unique,7406,0/0/7
PF_0021351,2025-04-09,6,1,1,unique,7436,0/0/0
PF_0021351,2025-04-09,7,1,1,unique,7466,0/0/0
PF_0021351,2025-04-09,8,1,1,unique,7496,0/0/0
PF_0021351,2025-04-09,9,1,1,unique,7526,0/0/0
PF_0021351,2025-04-18,1,1,1,unique,7310,0/0/0
PF_0021351,2025-04-18,3,1,1,unique,7347,0/0/0
PF_0021351,2025-04-18,4,1,1,unique,7377,0/0/0
PF_0021351,2025-04-18,5,1,1,unique,7407,0/0/0
PF_0021351,2025-04-18,6,1,1,unique,7437,0/0/0
PF_0021351,2025-04-18,7,1,1,unique,7467,0/0/0
PF_0021351,2025-04-18,8,1,1,unique,7497,0/0/0
PF_0021351,2025-04-18,9,1,1,unique,7527,0/0/0
PF_0021351,2025-04-25,1,1,1,unique,7311,0/0/0
PF_0021351,2025-04-25,3,1,1,unique,7348,0/0/0
PF_0021351,2025-04-25,4,1,1,unique,7378,0/0/0
PF_0021351,2025-04-25,5,1,1,unique,7408,0/0/0
PF_0021351,2025-04-25,6,1,1,unique,7438,0/0/0
PF_0021351,2025-04-25,7,1,1,unique,7468,0/0/0
PF_0021351,2025-04-25,8,1,1,unique,7498,0/0/0
PF_0021351,2025-04-25,9,1,1,unique,7528,0/0/0
PF_0021351,2025-04-29,1,1,1,unique,7312,0/0/0
PF_0021351,2025-04-29,3,1,1,unique,7349,0/0/0
PF_0021351,2025-04-29,4,1,1,unique,7379,0/0/0
PF_0021351,2025-04-29,5,1,1,unique,7409,0/0/0
PF_0021351,2025-04-29,6,1,1,unique,7439,0/0/0
PF_0021351,2025-04-29,7,1,1,unique,7469,0/0/0
PF_0021351,2025-04-29,8,1,1,unique,7499,0/0/0
PF_0021351,2025-04-29,9,1,1,unique,7529,0/0/0
PF_0021351,2025-12-08,1,1,1,unique,27583,6/4/1
PF_0021351,2025-12-15,1,1,1,unique,27584,5/4/2
PF_0021351,2025-12-22,1,1,1,unique,27585,6/6/4
PF_0021351,2025-12-29,1,1,1,unique,27586,2/3/2
PF_0021351,2026-01-05,1,1,1,unique,27587,1/2/2
PF_0021351,2026-01-12,1,1,1,unique,27588,1/2/2
PF_0021351,2026-03-04,1,1,1,unique,27595,0/0/0
PF_0021351,2026-03-04,2,1,1,unique,27623,0/0/6
PF_0021351,2026-03-04,3,1,1,unique,27647,0/0/2
PF_0021351,2026-03-04,4,1,1,unique,27675,0/0/3
PF_0021351,2026-03-04,5,1,1,unique,27702,0/0/4
PF_0021351,2026-03-04,8,1,1,unique,27786,0/1/3
PF_0021351,2026-03-04,9,1,1,unique,27814,0/2/1
PF_0021351,2026-03-11,1,1,1,unique,27597,0/0/0
PF_0021351,2026-03-11,2,1,1,unique,27625,0/0/1
PF_0021351,2026-03-11,3,1,1,unique,27648,0/0/0
PF_0021351,2026-03-11,4,1,1,unique,27676,0/0/1
PF_0021351,2026-03-11,5,1,1,unique,27704,0/0/1
PF_0021351,2026-03-11,8,1,1,unique,27788,0/0/3
PF_0021351,2026-03-18,1,1,1,unique,27598,0/0/0
PF_0021351,2026-03-18,2,1,1,unique,27626,0/0/0
PF_0021351,2026-03-18,3,1,1,unique,27649,0/0/0
PF_0021351,2026-03-18,4,1,1,unique,27677,0/0/0
PF_0021351,2026-03-18,5,1,1,unique,27705,0/0/1
PF_0021351,2026-03-18,6,1,1,unique,27733,0/1/1
PF_0021351,2026-03-18,8,1,1,unique,27789,0/0/3
PF_0021351,2026-03-25,1,1,1,unique,27599,0/0/0
PF_0021351,2026-03-25,2,1,1,unique,27627,0/0/0
PF_0021351,2026-03-25,3,1,1,unique,27650,0/0/0
PF_0021351,2026-03-25,4,1,1,unique,27678,0/0/0
PF_0021351,2026-03-25,5,1,1,unique,27706,0/0/0
PF_0021351,2026-03-25,6,1,1,unique,27734,0/1/2
PF_0021351,2026-03-25,8,1,1,unique,27790,0/0/3
PF_0021351,2026-04-01,1,1,1,unique,27600,0/0/0
PF_0021351,2026-04-01,2,1,1,unique,27628,0/0/0
PF_0021351,2026-04-01,3,1,1,unique,27651,0/0/0
PF_0021351,2026-04-01,4,1,1,unique,27679,0/0/0
PF_0021351,2026-04-01,5,1,1,unique,27707,0/0/0
PF_0021351,2026-04-01,6,1,1,unique,27735,0/0/3
PF_0021351,2026-04-01,7,1,1,unique,27763,1/9/1
PF_0021351,2026-04-01,8,1,1,unique,27791,0/0/2
PF_0021351,2026-04-08,1,1,1,unique,27601,0/0/0
PF_0021351,2026-04-08,2,1,1,unique,27629,0/0/0
PF_0021351,2026-04-08,3,1,1,unique,27652,0/0/0
PF_0021351,2026-04-08,4,1,1,unique,27680,0/0/0
PF_0021351,2026-04-08,5,1,1,unique,27708,0/0/0
PF_0021351,2026-04-08,6,1,1,unique,27736,0/0/3
PF_0021351,2026-04-08,7,1,1,unique,27764,0/9/3
PF_0021351,2026-04-08,8,1,1,unique,27792,0/0/0
PF_0021351,2026-04-15,1,1,1,unique,27602,0/0/0
PF_0021351,2026-04-15,2,1,1,unique,27630,0/0/0
PF_0021351,2026-04-15,3,1,1,unique,27653,0/0/0
PF_0021351,2026-04-15,4,1,1,unique,27681,0/0/0
PF_0021351,2026-04-15,5,1,1,unique,27709,0/0/0
PF_0021351,2026-04-15,6,1,1,unique,27737,0/0/4
PF_0021351,2026-04-15,7,1,1,unique,27765,0/9/6
PF_0021351,2026-04-15,8,1,1,unique,27793,0/0/0
PF_0021351,2026-04-22,1,1,1,unique,27603,0/0/0
PF_0021351,2026-04-22,3,1,1,unique,27654,0/0/0
PF_0021351,2026-04-22,4,1,1,unique,27682,0/0/0
PF_0021351,2026-04-22,5,1,1,unique,27710,0/0/0
PF_0021351,2026-04-22,6,1,1,unique,27738,0/0/4
PF_0021351,2026-04-22,7,1,1,unique,27766,0/6/9
PF_0021351,2026-04-22,8,1,1,unique,27794,0/0/0
PF_0021351,2026-04-29,1,1,1,unique,27604,0/0/0
PF_0021351,2026-04-29,3,1,1,unique,27655,0/0/0
PF_0021351,2026-04-29,4,1,1,unique,27683,0/0/0
PF_0021351,2026-04-29,5,1,1,unique,27711,0/0/0
PF_0021351,2026-04-29,6,1,1,unique,27739,0/0/3
PF_0021351,2026-04-29,7,1,1,unique,27767,0/3/10
PF_0021351,2026-04-29,8,1,1,unique,27795,0/0/0
PF_0021351,2026-05-06,1,1,1,unique,27605,0/0/0
PF_0021351,2026-05-06,3,1,1,unique,27656,0/0/0
PF_0021351,2026-05-06,4,1,1,unique,27684,0/0/0
PF_0021351,2026-05-06,5,1,1,unique,27712,0/0/0
PF_0021351,2026-05-06,6,1,1,unique,27740,0/0/3
PF_0021351,2026-05-06,7,1,1,unique,27768,0/2/9
PF_0021351,2026-05-06,8,1,1,unique,27796,0/0/0
PF_0021351,2026-05-13,1,1,1,unique,27606,0/0/0
PF_0021351,2026-05-13,3,1,1,unique,27657,0/0/0
PF_0021351,2026-05-13,4,1,1,unique,27685,0/0/0
PF_0021351,2026-05-13,5,1,1,unique,27713,0/0/0
PF_0021351,2026-05-13,6,1,1,unique,27741,0/0/3
PF_0021351,2026-05-13,7,1,1,unique,27769,0/2/7
PF_0021351,2026-05-13,8,1,1,unique,27797,0/0/0
PF_0021351,2026-05-20,1,1,1,unique,27607,0/0/0
PF_0021351,2026-05-20,3,1,1,unique,27658,0/0/0
PF_0021351,2026-05-20,4,1,1,unique,27686,0/0/0
PF_0021351,2026-05-20,5,1,1,unique,27714,0/0/0
PF_0021351,2026-05-20,6,1,1,unique,27742,0/0/0
PF_0021351,2026-05-20,7,1,1,unique,27770,0/0/4
PF_0021351,2026-05-20,8,1,1,unique,27798,0/0/0
PF_0022105,2024-10-01,1,1,1,unique,8196,0/0/0
PF_0022105,2024-10-01,2,1,1,unique,8223,0/0/0
PF_0022105,2024-10-01,3,1,1,unique,8250,0/0/0
PF_0022105,2024-10-01,4,1,1,unique,8266,0/0/0
PF_0022105,2024-10-01,5,1,1,unique,8293,0/0/0
PF_0022105,2024-10-01,6,1,1,unique,8303,0/0/0
PF_0022105,2024-10-01,7,1,1,unique,8330,0/0/0
PF_0022105,2024-10-01,8,1,1,unique,8357,0/0/0
PF_0022105,2024-10-01,9,1,1,unique,8384,0/0/0
PF_0022105,2024-10-07,1,1,1,unique,8197,0/0/0
PF_0022105,2024-10-07,2,1,1,unique,8224,0/0/0
PF_0022105,2024-10-07,3,1,1,unique,8251,0/0/0
PF_0022105,2024-10-07,4,1,1,unique,8267,0/0/0
PF_0022105,2024-10-07,5,1,1,unique,8294,0/0/0
PF_0022105,2024-10-07,6,1,1,unique,8304,0/0/0
PF_0022105,2024-10-07,7,1,1,unique,8331,0/0/0
PF_0022105,2024-10-07,8,1,1,unique,8358,0/0/0
PF_0022105,2024-10-07,9,1,1,unique,8385,0/0/0
PF_0022105,2024-10-14,1,1,1,unique,8198,0/0/0
PF_0022105,2024-10-14,2,1,1,unique,8225,0/0/0
PF_0022105,2024-10-14,3,1,1,unique,8252,0/0/0
PF_0022105,2024-10-14,4,1,1,unique,8268,0/0/0
PF_0022105,2024-10-14,5,1,1,unique,8295,0/0/0
PF_0022105,2024-10-14,6,1,1,unique,8305,0/0/0
PF_0022105,2024-10-14,7,1,1,unique,8332,0/0/0
PF_0022105,2024-10-14,8,1,1,unique,8359,0/0/0
PF_0022105,2024-10-14,9,1,1,unique,8386,0/0/0
PF_0022105,2024-10-21,1,1,1,unique,8199,0/0/0
PF_0022105,2024-10-21,2,1,1,unique,8226,0/0/0
PF_0022105,2024-10-21,3,1,1,unique,8253,0/0/0
PF_0022105,2024-10-21,4,1,1,unique,8269,0/0/0
PF_0022105,2024-10-21,5,1,1,unique,8296,0/0/0
PF_0022105,2024-10-21,6,1,1,unique,8306,0/0/0
PF_0022105,2024-10-21,7,1,1,unique,8333,0/0/0
PF_0022105,2024-10-21,8,1,1,unique,8360,0/0/0
PF_0022105,2024-10-21,9,1,1,unique,8387,0/0/0
PF_0022105,2024-10-28,1,1,1,unique,8200,0/0/0
PF_0022105,2024-10-28,2,1,1,unique,8227,0/0/0
PF_0022105,2024-10-28,3,1,1,unique,8254,0/0/0
PF_0022105,2024-10-28,4,1,1,unique,8270,0/0/0
PF_0022105,2024-10-28,5,1,1,unique,8297,0/0/0
PF_0022105,2024-10-28,6,1,1,unique,8307,0/0/0
PF_0022105,2024-10-28,7,1,1,unique,8334,0/0/0
PF_0022105,2024-10-28,8,1,1,unique,8361,0/0/0
PF_0022105,2024-10-28,9,1,1,unique,8388,0/0/0
PF_0022105,2024-11-07,1,1,1,unique,8201,0/0/0
PF_0022105,2024-11-07,2,1,1,unique,8228,0/0/0
PF_0022105,2024-11-07,3,1,1,unique,8255,0/0/0
PF_0022105,2024-11-07,4,1,1,unique,8271,0/0/0
PF_0022105,2024-11-07,5,1,1,unique,8298,3/0/0
PF_0022105,2024-11-07,6,1,1,unique,8308,0/0/0
PF_0022105,2024-11-07,7,1,1,unique,8335,0/0/0
PF_0022105,2024-11-07,8,1,1,unique,8362,6/0/0
PF_0022105,2024-11-07,9,1,1,unique,8389,0/0/0
PF_0022105,2024-11-14,1,1,1,unique,8202,0/0/0
PF_0022105,2024-11-14,2,1,1,unique,8229,0/0/0
PF_0022105,2024-11-14,3,1,1,unique,8256,1/0/0
PF_0022105,2024-11-14,4,1,1,unique,8272,0/0/0
PF_0022105,2024-11-14,5,1,1,unique,8299,7/0/0
PF_0022105,2024-11-14,6,1,1,unique,8309,0/0/0
PF_0022105,2024-11-14,7,1,1,unique,8336,0/0/0
PF_0022105,2024-11-14,8,1,1,unique,8363,9/0/0
PF_0022105,2024-11-14,9,1,1,unique,8390,0/0/0
PF_0022105,2024-11-22,1,1,1,unique,8203,0/0/0
PF_0022105,2024-11-22,2,1,1,unique,8230,0/0/0
PF_0022105,2024-11-22,3,1,1,unique,8257,2/0/0
PF_0022105,2024-11-22,4,1,1,unique,8273,0/0/0
PF_0022105,2024-11-22,5,1,1,unique,8300,9/0/0
PF_0022105,2024-11-22,6,1,1,unique,8310,0/0/0
PF_0022105,2024-11-22,7,1,1,unique,8337,0/0/0
PF_0022105,2024-11-22,8,1,1,unique,8364,12/0/0
PF_0022105,2024-11-22,9,1,1,unique,8391,0/0/0
PF_0022105,2024-11-29,1,1,1,unique,8204,2/0/0
PF_0022105,2024-11-29,2,1,1,unique,8231,0/0/0
PF_0022105,2024-11-29,3,1,1,unique,8258,6/0/0
PF_0022105,2024-11-29,4,1,1,unique,8274,0/0/0
PF_0022105,2024-11-29,5,1,1,unique,8301,13/0/0
PF_0022105,2024-11-29,6,1,1,unique,8311,0/0/0
PF_0022105,2024-11-29,7,1,1,unique,8338,0/0/0
PF_0022105,2024-11-29,8,1,1,unique,8365,14/0/0
PF_0022105,2024-11-29,9,1,1,unique,8392,0/0/0
PF_0022105,2024-12-05,1,1,1,unique,8205,8/0/0
PF_0022105,2024-12-05,2,1,1,unique,8232,0/0/0
PF_0022105,2024-12-05,3,1,1,unique,8259,10/0/0
PF_0022105,2024-12-05,4,1,1,unique,8275,0/0/0
PF_0022105,2024-12-05,5,1,1,unique,8302,0/0/0
PF_0022105,2024-12-05,6,1,1,unique,8312,1/0/0
PF_0022105,2024-12-05,7,1,1,unique,8339,0/0/0
PF_0022105,2024-12-05,8,1,1,unique,8366,9/0/0
PF_0022105,2024-12-05,9,1,1,unique,8393,0/0/0
PF_0022105,2024-12-12,1,1,1,unique,8206,8/0/0
PF_0022105,2024-12-12,2,1,1,unique,8233,1/0/0
PF_0022105,2024-12-12,3,1,1,unique,8260,10/0/0
PF_0022105,2024-12-12,4,1,1,unique,8276,2/0/0
PF_0022105,2024-12-12,6,1,1,unique,8313,5/0/0
PF_0022105,2024-12-12,7,1,1,unique,8340,2/0/0
PF_0022105,2024-12-12,8,1,1,unique,8367,7/1/0
PF_0022105,2024-12-12,9,1,1,unique,8394,3/0/0
PF_0022105,2024-12-19,1,1,1,unique,8207,10/0/0
PF_0022105,2024-12-19,2,1,1,unique,8234,5/0/0
PF_0022105,2024-12-19,3,1,1,unique,8261,10/0/0
PF_0022105,2024-12-19,4,1,1,unique,8277,6/0/0
PF_0022105,2024-12-19,6,1,1,unique,8314,7/0/0
PF_0022105,2024-12-19,7,1,1,unique,8341,4/0/0
PF_0022105,2024-12-19,8,1,1,unique,8368,6/3/0
PF_0022105,2024-12-19,9,1,1,unique,8395,7/0/0
PF_0022105,2024-12-26,1,1,1,unique,8208,11/0/0
PF_0022105,2024-12-26,2,1,1,unique,8235,5/0/0
PF_0022105,2024-12-26,3,1,1,unique,8262,11/0/0
PF_0022105,2024-12-26,4,1,1,unique,8278,6/0/0
PF_0022105,2024-12-26,6,1,1,unique,8315,9/0/0
PF_0022105,2024-12-26,7,1,1,unique,8342,10/0/0
PF_0022105,2024-12-26,8,1,1,unique,8369,5/4/0
PF_0022105,2024-12-26,9,1,1,unique,8396,7/2/0
PF_0022105,2025-01-03,1,1,1,unique,8209,10/1/0
PF_0022105,2025-01-03,2,1,1,unique,8236,7/0/0
PF_0022105,2025-01-03,3,1,1,unique,8263,12/0/0
PF_0022105,2025-01-03,4,1,1,unique,8279,10/0/0
PF_0022105,2025-01-03,6,1,1,unique,8316,8/0/0
PF_0022105,2025-01-03,7,1,1,unique,8343,9/0/0
PF_0022105,2025-01-03,8,1,1,unique,8370,4/7/0
PF_0022105,2025-01-03,9,1,1,unique,8397,7/6/1
PF_0022105,2025-01-10,1,1,1,unique,8210,11/2/0
PF_0022105,2025-01-10,2,1,1,unique,8237,10/0/0
PF_0022105,2025-01-10,3,1,1,unique,8264,11/0/0
PF_0022105,2025-01-10,4,1,1,unique,8280,9/0/0
PF_0022105,2025-01-10,6,1,1,unique,8317,9/0/0
PF_0022105,2025-01-10,7,1,1,unique,8344,12/0/0
PF_0022105,2025-01-10,8,1,1,unique,8371,2/9/0
PF_0022105,2025-01-10,9,1,1,unique,8398,8/6/1
PF_0022105,2025-01-19,1,1,1,unique,8211,9/3/0
PF_0022105,2025-01-19,2,1,1,unique,8238,10/1/0
PF_0022105,2025-01-19,3,1,1,unique,8265,8/5/0
PF_0022105,2025-01-19,4,1,1,unique,8281,10/0/0
PF_0022105,2025-01-19,6,1,1,unique,8318,9/0/0
PF_0022105,2025-01-19,7,1,1,unique,8345,9/0/0
PF_0022105,2025-01-19,8,1,1,unique,8372,2/14/0
PF_0022105,2025-01-19,9,1,1,unique,8399,7/11/4
PF_0022105,2025-01-26,1,1,1,unique,8212,10/6/0
PF_0022105,2025-01-26,2,1,1,unique,8239,7/2/0
PF_0022105,2025-01-26,4,1,1,unique,8282,9/0/0
PF_0022105,2025-01-26,6,1,1,unique,8319,9/3/0
PF_0022105,2025-01-26,7,1,1,unique,8346,10/0/0
PF_0022105,2025-01-26,8,1,1,unique,8373,15/0/0
PF_0022105,2025-01-26,9,1,1,unique,8400,7/15/5
PF_0022105,2025-02-09,1,1,1,unique,8213,6/5/2
PF_0022105,2025-02-09,2,1,1,unique,8240,8/4/1
PF_0022105,2025-02-09,4,1,1,unique,8283,7/0/0
PF_0022105,2025-02-09,6,1,1,unique,8320,4/4/0
PF_0022105,2025-02-09,7,1,1,unique,8347,4/3/0
PF_0022105,2025-02-09,8,1,1,unique,8374,6/0/2
PF_0022105,2025-02-09,9,1,1,unique,8401,7/3/3
PF_0022105,2025-02-14,1,1,1,unique,8214,6/7/2
PF_0022105,2025-02-14,2,1,1,unique,8241,8/5/2
PF_0022105,2025-02-14,4,1,1,unique,8284,8/5/1
PF_0022105,2025-02-14,6,1,1,unique,8321,6/6/3
PF_0022105,2025-02-14,7,1,1,unique,8348,4/3/13
PF_0022105,2025-02-14,8,1,1,unique,8375,6/0/3
PF_0022105,2025-02-14,9,1,1,unique,8402,7/5/4
PF_0022105,2025-02-22,1,1,1,unique,8215,3/5/5
PF_0022105,2025-02-22,2,1,1,unique,8242,4/5/5
PF_0022105,2025-02-22,4,1,1,unique,8285,6/3/1
PF_0022105,2025-02-22,6,1,1,unique,8322,4/7/3
PF_0022105,2025-02-22,7,1,1,unique,8349,5/4/3
PF_0022105,2025-02-22,8,1,1,unique,8376,4/0/5
PF_0022105,2025-02-22,9,1,1,unique,8403,3/3/7
PF_0022105,2025-02-25,1,1,1,unique,8216,3/5/4
PF_0022105,2025-02-25,2,1,1,unique,8243,4/5/5
PF_0022105,2025-02-25,4,1,1,unique,8286,6/3/1
PF_0022105,2025-02-25,6,1,1,unique,8323,1/6/3
PF_0022105,2025-02-25,7,1,1,unique,8350,7/6/5
PF_0022105,2025-02-25,8,1,1,unique,8377,4/0/7
PF_0022105,2025-02-25,9,1,1,unique,8404,3/3/3
PF_0022105,2025-03-05,1,1,1,unique,8217,6/5/1
PF_0022105,2025-03-05,2,1,1,unique,8244,0/5/9
PF_0022105,2025-03-05,4,1,1,unique,8287,0/3/7
PF_0022105,2025-03-05,6,1,1,unique,8324,5/3/5
PF_0022105,2025-03-05,7,1,1,unique,8351,7/2/1
PF_0022105,2025-03-05,8,1,1,unique,8378,1/0/7
PF_0022105,2025-03-05,9,1,1,unique,8405,6/5/2
PF_0022105,2025-03-12,1,1,1,unique,8218,5/6/6
PF_0022105,2025-03-12,2,1,1,unique,8245,0/5/12
PF_0022105,2025-03-12,4,1,1,unique,8288,0/4/9
PF_0022105,2025-03-12,6,1,1,unique,8325,5/4/8
PF_0022105,2025-03-12,7,1,1,unique,8352,5/3/1
PF_0022105,2025-03-12,8,1,1,unique,8379,0/0/10
PF_0022105,2025-03-12,9,1,1,unique,8406,3/5/1
PF_0022105,2025-03-18,1,1,1,unique,8219,6/9/5
PF_0022105,2025-03-18,2,1,1,unique,8246,0/4/12
PF_0022105,2025-03-18,4,1,1,unique,8289,0/7/12
PF_0022105,2025-03-18,6,1,1,unique,8326,4/3/11
PF_0022105,2025-03-18,7,1,1,unique,8353,3/3/2
PF_0022105,2025-03-18,8,1,1,unique,8380,0/0/8
PF_0022105,2025-03-18,9,1,1,unique,8407,0/7/3
PF_0022105,2025-03-27,1,1,1,unique,8220,0/0/6
PF_0022105,2025-03-27,2,1,1,unique,8247,0/2/11
PF_0022105,2025-03-27,4,1,1,unique,8290,0/6/14
PF_0022105,2025-03-27,6,1,1,unique,8327,0/3/11
PF_0022105,2025-03-27,7,1,1,unique,8354,4/7/2
PF_0022105,2025-03-27,8,1,1,unique,8381,0/0/0
PF_0022105,2025-03-27,9,1,1,unique,8408,0/3/3
PF_0022105,2025-04-02,1,1,1,unique,8221,0/0/4
PF_0022105,2025-04-02,2,1,1,unique,8248,0/0/11
PF_0022105,2025-04-02,4,1,1,unique,8291,0/5/12
PF_0022105,2025-04-02,6,1,1,unique,8328,0/2/9
PF_0022105,2025-04-02,7,1,1,unique,8355,0/0/4
PF_0022105,2025-04-02,8,1,1,unique,8382,0/0/0
PF_0022105,2025-04-02,9,1,1,unique,8409,0/3/3
PF_0022105,2025-04-09,1,1,1,unique,8222,0/0/0
PF_0022105,2025-04-09,2,1,1,unique,8249,0/0/9
PF_0022105,2025-04-09,4,1,1,unique,8292,0/6/11
PF_0022105,2025-04-09,6,1,1,unique,8329,0/0/7
PF_0022105,2025-04-09,7,1,1,unique,8356,0/0/2
PF_0022105,2025-04-09,8,1,1,unique,8383,0/0/0
PF_0022105,2025-04-09,9,1,1,unique,8410,0/0/3
PF_0022105,2026-01-12,1,1,1,unique,27936,4/6/1
PF_0022105,2026-01-12,2,1,1,unique,27959,4/7/1
PF_0022105,2026-01-19,1,1,1,unique,27937,4/8/2
PF_0022105,2026-01-19,2,1,1,unique,27960,4/7/2
PF_0022105,2026-01-19,3,1,1,unique,27983,3/9/1
PF_0022105,2026-01-19,7,1,1,unique,28075,5/11/1
PF_0022105,2026-01-26,2,1,1,unique,27961,4/7/3
PF_0022105,2026-01-26,7,1,1,unique,28076,5/7/2
PF_0022105,2026-02-02,2,1,1,unique,27962,1/7/4
PF_0022105,2026-02-02,7,1,1,unique,28077,2/7/4
PF_0022105,2026-02-02,9,1,1,unique,28123,4/6/1
PF_0022105,2026-02-10,6,1,1,unique,28055,1/7/1
PF_0022105,2026-02-10,9,1,1,unique,28124,3/7/2
PF_0022105,2026-03-11,2,1,1,unique,27967,0/0/4
PF_0022105,2026-03-25,1,1,1,unique,27946,0/0/0
PF_0022105,2026-03-25,2,1,1,unique,27969,0/0/2
PF_0022105,2026-03-25,3,1,1,unique,27992,0/0/2
PF_0022105,2026-03-25,5,1,1,unique,28038,0/2/9
PF_0022105,2026-03-25,6,1,1,unique,28061,0/0/9
PF_0022105,2026-03-25,7,1,1,unique,28084,0/0/10
PF_0022105,2026-03-25,8,1,1,unique,28107,0/4/6
PF_0022105,2026-03-25,9,1,1,unique,28130,0/2/9
PF_0022105,2026-04-01,1,1,1,unique,27947,0/0/0
PF_0022105,2026-04-01,2,1,1,unique,27970,0/0/0
PF_0022105,2026-04-01,3,1,1,unique,27993,0/0/1
PF_0022105,2026-04-01,4,1,1,unique,28016,0/3/1
PF_0022105,2026-04-01,5,1,1,unique,28039,0/0/9
PF_0022105,2026-04-01,6,1,1,unique,28062,0/0/9
PF_0022105,2026-04-01,7,1,1,unique,28085,0/0/7
PF_0022105,2026-04-01,8,1,1,unique,28108,0/2/6
PF_0022105,2026-04-01,9,1,1,unique,28131,0/0/9
PF_0022105,2026-04-08,1,1,1,unique,27948,0/0/0
PF_0022105,2026-04-08,2,1,1,unique,27971,0/0/0
PF_0022105,2026-04-08,3,1,1,unique,27994,0/0/0
PF_0022105,2026-04-08,4,1,1,unique,28017,0/1/3
PF_0022105,2026-04-08,5,1,1,unique,28040,0/0/8
PF_0022105,2026-04-08,6,1,1,unique,28063,0/0/7
PF_0022105,2026-04-08,7,1,1,unique,28086,0/0/5
PF_0022105,2026-04-08,8,1,1,unique,28109,0/0/6
PF_0022105,2026-04-08,9,1,1,unique,28132,0/0/6
PF_0022105,2026-04-15,1,1,1,unique,27949,0/0/0
PF_0022105,2026-04-15,2,1,1,unique,27972,0/0/0
PF_0022105,2026-04-15,3,1,1,unique,27995,0/0/0
PF_0022105,2026-04-15,4,1,1,unique,28018,0/0/3
PF_0022105,2026-04-15,5,1,1,unique,28041,0/0/2
PF_0022105,2026-04-15,6,1,1,unique,28064,0/0/3
PF_0022105,2026-04-15,7,1,1,unique,28087,0/0/0
PF_0022105,2026-04-15,8,1,1,unique,28110,0/0/2
PF_0022105,2026-04-15,9,1,1,unique,28133,0/0/1
PF_0022105,2026-04-22,1,1,1,unique,27950,0/0/0
PF_0022105,2026-04-22,2,1,1,unique,27973,0/0/0
PF_0022105,2026-04-22,3,1,1,unique,27996,0/0/0
PF_0022105,2026-04-22,4,1,1,unique,28019,0/0/3
PF_0022105,2026-04-22,5,1,1,unique,28042,0/0/0
PF_0022105,2026-04-22,6,1,1,unique,28065,0/0/0
PF_0022105,2026-04-22,7,1,1,unique,28088,0/0/0
PF_0022105,2026-04-22,8,1,1,unique,28111,0/0/0
PF_0022105,2026-04-22,9,1,1,unique,28134,0/0/0
PF_0022105,2026-04-29,1,1,1,unique,27951,0/0/0
PF_0022105,2026-04-29,2,1,1,unique,27974,0/0/0
PF_0022105,2026-04-29,3,1,1,unique,27997,0/0/0
PF_0022105,2026-04-29,4,1,1,unique,28020,0/0/3
PF_0022105,2026-04-29,5,1,1,unique,28043,0/0/0
PF_0022105,2026-04-29,6,1,1,unique,28066,0/0/0
PF_0022105,2026-04-29,7,1,1,unique,28089,0/0/0
PF_0022105,2026-04-29,8,1,1,unique,28112,0/0/0
PF_0022105,2026-04-29,9,1,1,unique,28135,0/0/0
PF_0022105,2026-05-06,1,1,1,unique,27952,0/0/0
PF_0022105,2026-05-06,2,1,1,unique,27975,0/0/0
PF_0022105,2026-05-06,3,1,1,unique,27998,0/0/0
PF_0022105,2026-05-06,4,1,1,unique,28021,0/0/2
PF_0022105,2026-05-06,5,1,1,unique,28044,0/0/0
PF_0022105,2026-05-06,6,1,1,unique,28067,0/0/0
PF_0022105,2026-05-06,7,1,1,unique,28090,0/0/0
PF_0022105,2026-05-06,8,1,1,unique,28113,0/0/0
PF_0022105,2026-05-06,9,1,1,unique,28136,0/0/0
PF_0022105,2026-05-13,1,1,1,unique,27953,0/0/0
PF_0022105,2026-05-13,2,1,1,unique,27976,0/0/0
PF_0022105,2026-05-13,3,1,1,unique,27999,0/0/0
PF_0022105,2026-05-13,4,1,1,unique,28022,0/0/1
PF_0022105,2026-05-13,5,1,1,unique,28045,0/0/0
PF_0022105,2026-05-13,6,1,1,unique,28068,0/0/0
PF_0022105,2026-05-13,7,1,1,unique,28091,0/0/0
PF_0022105,2026-05-13,8,1,1,unique,28114,0/0/0
PF_0022105,2026-05-13,9,1,1,unique,28137,0/0/0
PF_0022105,2026-05-20,1,1,1,unique,27954,0/0/0
PF_0022105,2026-05-20,2,1,1,unique,27977,0/0/0
PF_0022105,2026-05-20,3,1,1,unique,28000,0/0/0
PF_0022105,2026-05-20,4,1,1,unique,28023,0/0/0
PF_0022105,2026-05-20,5,1,1,unique,28046,0/0/0
PF_0022105,2026-05-20,6,1,1,unique,28069,0/0/0
PF_0022105,2026-05-20,7,1,1,unique,28092,0/0/0
PF_0022105,2026-05-20,8,1,1,unique,28115,0/0/0
PF_0022105,2026-05-20,9,1,1,unique,28138,0/0/0
PF_0022105,2026-05-27,1,1,1,unique,27955,0/0/0
PF_0022105,2026-05-27,2,1,1,unique,27978,0/0/0
PF_0022105,2026-05-27,3,1,1,unique,28001,0/0/0
PF_0022105,2026-05-27,4,1,1,unique,28024,0/0/0
PF_0022105,2026-05-27,5,1,1,unique,28047,0/0/0
PF_0022105,2026-05-27,6,1,1,unique,28070,0/0/0
PF_0022105,2026-05-27,7,1,1,unique,28093,0/0/0
PF_0022105,2026-05-27,8,1,1,unique,28116,0/0/0
PF_0022105,2026-05-27,9,1,1,unique,28139,0/0/0
PF_0023621,2024-09-24,1,1,1,unique,8501,0/0/0
PF_0023621,2024-09-24,2,1,1,unique,8520,0/0/0
PF_0023621,2024-09-24,3,1,1,unique,8548,0/0/0
PF_0023621,2024-09-24,4,1,1,unique,8574,0/0/0
PF_0023621,2024-09-24,5,1,1,unique,8590,0/0/0
PF_0023621,2024-09-24,6,1,1,unique,8616,0/0/0
PF_0023621,2024-09-24,7,1,1,unique,8642,0/0/0
PF_0023621,2024-09-24,8,1,1,unique,8666,0/0/0
PF_0023621,2024-09-24,9,1,1,unique,8681,0/0/0
PF_0023621,2024-10-01,1,1,1,unique,8502,0/0/0
PF_0023621,2024-10-01,2,1,1,unique,8521,0/0/0
PF_0023621,2024-10-01,3,1,1,unique,8549,0/0/0
PF_0023621,2024-10-01,4,1,1,unique,8575,0/0/0
PF_0023621,2024-10-01,5,1,1,unique,8591,0/0/0
PF_0023621,2024-10-01,6,1,1,unique,8617,0/0/0
PF_0023621,2024-10-01,7,1,1,unique,8643,0/0/0
PF_0023621,2024-10-01,8,1,1,unique,8667,0/0/0
PF_0023621,2024-10-01,9,1,1,unique,8682,0/0/0
PF_0023621,2024-10-08,1,1,1,unique,8503,0/0/0
PF_0023621,2024-10-08,2,1,1,unique,8522,0/0/0
PF_0023621,2024-10-08,3,1,1,unique,8550,0/0/0
PF_0023621,2024-10-08,4,1,1,unique,8576,0/0/0
PF_0023621,2024-10-08,5,1,1,unique,8592,0/0/0
PF_0023621,2024-10-08,6,1,1,unique,8618,0/0/0
PF_0023621,2024-10-08,7,1,1,unique,8644,0/0/0
PF_0023621,2024-10-08,8,1,1,unique,8668,0/0/0
PF_0023621,2024-10-08,9,1,1,unique,8683,0/0/0
PF_0023621,2024-10-15,1,1,1,unique,8504,0/0/0
PF_0023621,2024-10-15,2,1,1,unique,8523,0/0/0
PF_0023621,2024-10-15,3,1,1,unique,8551,0/0/0
PF_0023621,2024-10-15,4,1,1,unique,8577,0/0/0
PF_0023621,2024-10-15,5,1,1,unique,8593,0/0/0
PF_0023621,2024-10-15,6,1,1,unique,8619,0/0/0
PF_0023621,2024-10-15,7,1,1,unique,8645,0/0/0
PF_0023621,2024-10-15,8,1,1,unique,8669,0/0/0
PF_0023621,2024-10-15,9,1,1,unique,8684,0/0/0
PF_0023621,2024-10-22,1,1,1,unique,8505,0/0/0
PF_0023621,2024-10-22,2,1,1,unique,8524,0/0/0
PF_0023621,2024-10-22,3,1,1,unique,8552,0/0/0
PF_0023621,2024-10-22,4,1,1,unique,8578,0/0/0
PF_0023621,2024-10-22,5,1,1,unique,8594,0/0/0
PF_0023621,2024-10-22,6,1,1,unique,8620,0/0/0
PF_0023621,2024-10-22,7,1,1,unique,8646,0/0/0
PF_0023621,2024-10-22,8,1,1,unique,8670,0/0/0
PF_0023621,2024-10-22,9,1,1,unique,8685,0/0/0
PF_0023621,2024-10-29,1,1,1,unique,8506,0/0/0
PF_0023621,2024-10-29,2,1,1,unique,8525,0/0/0
PF_0023621,2024-10-29,3,1,1,unique,8553,0/0/0
PF_0023621,2024-10-29,4,1,1,unique,8579,0/0/0
PF_0023621,2024-10-29,5,1,1,unique,8595,0/0/0
PF_0023621,2024-10-29,6,1,1,unique,8621,0/0/0
PF_0023621,2024-10-29,7,1,1,unique,8647,0/0/0
PF_0023621,2024-10-29,8,1,1,unique,8671,0/0/0
PF_0023621,2024-10-29,9,1,1,unique,8686,0/0/0
PF_0023621,2024-11-05,1,1,1,unique,8507,0/0/0
PF_0023621,2024-11-05,2,1,1,unique,8526,0/0/0
PF_0023621,2024-11-05,3,1,1,unique,8554,0/0/0
PF_0023621,2024-11-05,4,1,1,unique,8580,0/0/0
PF_0023621,2024-11-05,5,1,1,unique,8596,0/0/0
PF_0023621,2024-11-05,6,1,1,unique,8622,0/0/0
PF_0023621,2024-11-05,7,1,1,unique,8648,0/0/0
PF_0023621,2024-11-05,8,1,1,unique,8672,0/0/0
PF_0023621,2024-11-05,9,1,1,unique,8687,0/0/0
PF_0023621,2024-11-12,1,1,1,unique,8508,0/0/0
PF_0023621,2024-11-12,2,1,1,unique,8527,0/0/0
PF_0023621,2024-11-12,3,1,1,unique,8555,0/0/0
PF_0023621,2024-11-12,4,1,1,unique,8581,0/0/0
PF_0023621,2024-11-12,5,1,1,unique,8597,0/0/0
PF_0023621,2024-11-12,6,1,1,unique,8623,0/0/0
PF_0023621,2024-11-12,7,1,1,unique,8649,0/0/0
PF_0023621,2024-11-12,8,1,1,unique,8673,0/0/0
PF_0023621,2024-11-12,9,1,1,unique,8688,0/0/0
PF_0023621,2024-11-19,1,1,1,unique,8509,0/0/0
PF_0023621,2024-11-19,2,1,1,unique,8528,0/0/0
PF_0023621,2024-11-19,3,1,1,unique,8556,0/0/0
PF_0023621,2024-11-19,4,1,1,unique,8582,0/0/0
PF_0023621,2024-11-19,5,1,1,unique,8598,0/0/0
PF_0023621,2024-11-19,6,1,1,unique,8624,0/0/0
PF_0023621,2024-11-19,7,1,1,unique,8650,0/0/0
PF_0023621,2024-11-19,8,1,1,unique,8674,0/0/0
PF_0023621,2024-11-19,9,1,1,unique,8689,0/0/0
PF_0023621,2024-11-26,1,1,1,unique,8510,0/0/0
PF_0023621,2024-11-26,2,1,1,unique,8529,0/0/0
PF_0023621,2024-11-26,3,1,1,unique,8557,0/0/0
PF_0023621,2024-11-26,4,1,1,unique,8583,0/0/0
PF_0023621,2024-11-26,5,1,1,unique,8599,0/0/0
PF_0023621,2024-11-26,6,1,1,unique,8625,0/0/0
PF_0023621,2024-11-26,7,1,1,unique,8651,0/0/0
PF_0023621,2024-11-26,8,1,1,unique,8675,0/0/0
PF_0023621,2024-11-26,9,1,1,unique,8690,0/0/0
PF_0023621,2024-12-03,1,1,1,unique,8511,0/0/0
PF_0023621,2024-12-03,2,1,1,unique,8530,0/0/0
PF_0023621,2024-12-03,3,1,1,unique,8558,0/0/0
PF_0023621,2024-12-03,4,1,1,unique,8584,0/0/0
PF_0023621,2024-12-03,5,1,1,unique,8600,0/0/0
PF_0023621,2024-12-03,6,1,1,unique,8626,0/0/0
PF_0023621,2024-12-03,7,1,1,unique,8652,0/0/0
PF_0023621,2024-12-03,8,1,1,unique,8676,0/0/0
PF_0023621,2024-12-03,9,1,1,unique,8691,0/0/0
PF_0023621,2024-12-10,1,1,1,unique,8512,0/0/0
PF_0023621,2024-12-10,2,1,1,unique,8531,0/0/0
PF_0023621,2024-12-10,3,1,1,unique,8559,0/0/0
PF_0023621,2024-12-10,4,1,1,unique,8585,0/0/0
PF_0023621,2024-12-10,5,1,1,unique,8601,0/0/0
PF_0023621,2024-12-10,6,1,1,unique,8627,0/0/0
PF_0023621,2024-12-10,7,1,1,unique,8653,0/0/0
PF_0023621,2024-12-10,8,1,1,unique,8677,0/0/0
PF_0023621,2024-12-10,9,1,1,unique,8692,0/0/0
PF_0023621,2024-12-17,1,1,1,unique,8513,0/0/0
PF_0023621,2024-12-17,2,1,1,unique,8532,0/0/0
PF_0023621,2024-12-17,3,1,1,unique,8560,0/0/0
PF_0023621,2024-12-17,4,1,1,unique,8586,0/0/0
PF_0023621,2024-12-17,5,1,1,unique,8602,0/0/0
PF_0023621,2024-12-17,6,1,1,unique,8628,0/0/0
PF_0023621,2024-12-17,7,1,1,unique,8654,0/0/0
PF_0023621,2024-12-17,8,1,1,unique,8678,0/0/0
PF_0023621,2024-12-17,9,1,1,unique,8693,0/0/0
PF_0023621,2024-12-24,1,1,1,unique,8514,0/0/0
PF_0023621,2024-12-24,2,1,1,unique,8533,0/0/0
PF_0023621,2024-12-24,3,1,1,unique,8561,0/0/0
PF_0023621,2024-12-24,4,1,1,unique,8587,0/0/0
PF_0023621,2024-12-24,5,1,1,unique,8603,0/0/0
PF_0023621,2024-12-24,6,1,1,unique,8629,0/0/0
PF_0023621,2024-12-24,7,1,1,unique,8655,0/0/0
PF_0023621,2024-12-24,8,1,1,unique,8679,0/0/0
PF_0023621,2024-12-24,9,1,1,unique,8694,0/0/0
PF_0023621,2024-12-31,1,1,1,unique,8515,0/0/0
PF_0023621,2024-12-31,2,1,1,unique,8534,0/0/0
PF_0023621,2024-12-31,3,1,1,unique,8562,0/0/0
PF_0023621,2024-12-31,4,1,1,unique,8588,0/0/0
PF_0023621,2024-12-31,5,1,1,unique,8604,0/0/0
PF_0023621,2024-12-31,6,1,1,unique,8630,0/0/0
PF_0023621,2024-12-31,7,1,1,unique,8656,0/0/0
PF_0023621,2024-12-31,8,1,1,unique,8680,0/0/0
PF_0023621,2024-12-31,9,1,1,unique,8695,0/0/0
PF_0023621,2025-01-07,1,1,1,unique,8516,10/0/0
PF_0023621,2025-01-07,2,1,1,unique,8535,8/0/0
PF_0023621,2025-01-07,3,1,1,unique,8563,6/1/0
PF_0023621,2025-01-07,4,1,1,unique,8589,8/0/0
PF_0023621,2025-01-07,5,1,1,unique,8605,9/1/0
PF_0023621,2025-01-07,6,1,1,unique,8631,11/0/0
PF_0023621,2025-01-07,7,1,1,unique,8657,8/0/0
PF_0023621,2025-01-07,9,1,1,unique,8696,0/0/0
PF_0023621,2025-01-14,1,1,1,unique,8517,8/1/0
PF_0023621,2025-01-14,2,1,1,unique,8536,7/0/0
PF_0023621,2025-01-14,3,1,1,unique,8564,4/3/0
PF_0023621,2025-01-14,5,1,1,unique,8606,10/3/0
PF_0023621,2025-01-14,6,1,1,unique,8632,11/4/1
PF_0023621,2025-01-14,7,1,1,unique,8658,7/1/0
PF_0023621,2025-01-14,9,1,1,unique,8697,0/0/0
PF_0023621,2025-01-22,1,1,1,unique,8518,4/2/4
PF_0023621,2025-01-22,2,1,1,unique,8537,3/2/3
PF_0023621,2025-01-22,3,1,1,unique,8565,3/6/0
PF_0023621,2025-01-22,5,1,1,unique,8607,7/3/4
PF_0023621,2025-01-22,6,1,1,unique,8633,6/3/3
PF_0023621,2025-01-22,7,1,1,unique,8659,6/3/0
PF_0023621,2025-01-22,9,1,1,unique,8698,1/0/0
PF_0023621,2025-01-27,1,1,1,unique,8519,4/0/0
PF_0023621,2025-01-27,2,1,1,unique,8538,0/3/4
PF_0023621,2025-01-27,3,1,1,unique,8566,1/5/0
PF_0023621,2025-01-27,5,1,1,unique,8608,8/3/0
PF_0023621,2025-01-27,6,1,1,unique,8634,0/4/3
PF_0023621,2025-01-27,7,1,1,unique,8660,0/4/0
PF_0023621,2025-01-27,9,1,1,unique,8699,4/0/0
PF_0023621,2025-02-04,2,1,1,unique,8539,0/0/4
PF_0023621,2025-02-04,3,1,1,unique,8567,0/6/1
PF_0023621,2025-02-04,5,1,1,unique,8609,0/5/3
PF_0023621,2025-02-04,6,1,1,unique,8635,3/3/0
PF_0023621,2025-02-04,7,1,1,unique,8661,0/3/0
PF_0023621,2025-02-04,9,1,1,unique,8700,4/0/0
PF_0023621,2025-02-11,2,1,1,unique,8540,0/0/4
PF_0023621,2025-02-11,3,1,1,unique,8568,0/6/2
PF_0023621,2025-02-11,5,1,1,unique,8610,0/3/3
PF_0023621,2025-02-11,6,1,1,unique,8636,0/1/3
PF_0023621,2025-02-11,7,1,1,unique,8662,0/3/0
PF_0023621,2025-02-11,9,1,1,unique,8701,4/0/0
PF_0023621,2025-02-18,2,1,1,unique,8541,0/0/4
PF_0023621,2025-02-18,3,1,1,unique,8569,0/4/3
PF_0023621,2025-02-18,5,1,1,unique,8611,0/3/3
PF_0023621,2025-02-18,6,1,1,unique,8637,0/0/3
PF_0023621,2025-02-18,7,1,1,unique,8663,0/3/0
PF_0023621,2025-02-18,9,1,1,unique,8702,4/0/0
PF_0023621,2025-02-25,2,1,1,unique,8542,0/0/4
PF_0023621,2025-02-25,3,1,1,unique,8570,0/2/3
PF_0023621,2025-02-25,5,1,1,unique,8612,0/11/3
PF_0023621,2025-02-25,6,1,1,unique,8638,0/0/2
PF_0023621,2025-02-25,7,1,1,unique,8664,0/1/0
PF_0023621,2025-02-25,9,1,1,unique,8703,3/0/0
PF_0023621,2025-03-05,2,1,1,unique,8543,0/0/0
PF_0023621,2025-03-05,3,1,1,unique,8571,0/2/2
PF_0023621,2025-03-05,5,1,1,unique,8613,0/1/1
PF_0023621,2025-03-05,6,1,1,unique,8639,0/0/2
PF_0023621,2025-03-05,7,1,1,unique,8665,0/1/0
PF_0023621,2025-03-05,9,1,1,unique,8704,3/0/0
PF_0023621,2025-03-11,2,1,1,unique,8544,0/0/0
PF_0023621,2025-03-11,3,1,1,unique,8572,0/0/0
PF_0023621,2025-03-11,5,1,1,unique,8614,0/0/0
PF_0023621,2025-03-11,6,1,1,unique,8640,0/0/0
PF_0023621,2025-03-11,9,1,1,unique,8705,0/0/0
PF_0023621,2025-03-18,2,1,1,unique,8545,0/0/0
PF_0023621,2025-03-25,2,1,1,unique,8546,0/0/0
PF_0023621,2025-04-08,2,1,1,unique,8547,0/0/0
PF_0023621,2025-04-08,3,1,1,unique,8573,0/0/0
PF_0023621,2025-04-08,5,1,1,unique,8615,0/0/0
PF_0023621,2025-04-08,6,1,1,unique,8641,0/0/0
PF_0023732,2024-10-02,1,1,1,unique,9003,0/0/0
PF_0023732,2024-10-02,2,1,1,unique,9035,0/0/0
PF_0023732,2024-10-02,3,1,1,unique,9067,0/0/0
PF_0023732,2024-10-02,4,1,1,unique,9099,0/0/0
PF_0023732,2024-10-02,5,1,1,unique,9128,0/0/0
PF_0023732,2024-10-02,6,1,1,unique,9160,0/0/0
PF_0023732,2024-10-02,7,1,1,unique,9192,0/0/0
PF_0023732,2024-10-02,8,1,1,unique,9224,0/0/0
PF_0023732,2024-10-02,9,1,1,unique,9256,0/0/0
PF_0023732,2024-10-08,1,1,1,unique,9004,0/0/0
PF_0023732,2024-10-08,2,1,1,unique,9036,0/0/0
PF_0023732,2024-10-08,3,1,1,unique,9068,0/0/0
PF_0023732,2024-10-08,4,1,1,unique,9100,0/0/0
PF_0023732,2024-10-08,5,1,1,unique,9129,0/0/0
PF_0023732,2024-10-08,6,1,1,unique,9161,0/0/0
PF_0023732,2024-10-08,7,1,1,unique,9193,0/0/0
PF_0023732,2024-10-08,8,1,1,unique,9225,0/0/0
PF_0023732,2024-10-08,9,1,1,unique,9257,0/0/0
PF_0023732,2024-10-16,1,1,1,unique,9005,0/0/0
PF_0023732,2024-10-16,2,1,1,unique,9037,0/0/0
PF_0023732,2024-10-16,3,1,1,unique,9069,0/0/0
PF_0023732,2024-10-16,4,1,1,unique,9101,0/0/0
PF_0023732,2024-10-16,5,1,1,unique,9130,0/0/0
PF_0023732,2024-10-16,6,1,1,unique,9162,1/0/0
PF_0023732,2024-10-16,7,1,1,unique,9194,0/0/0
PF_0023732,2024-10-16,8,1,1,unique,9226,0/0/0
PF_0023732,2024-10-16,9,1,1,unique,9258,0/0/0
PF_0023732,2024-10-22,1,1,1,unique,9006,0/0/0
PF_0023732,2024-10-22,2,1,1,unique,9038,0/0/0
PF_0023732,2024-10-22,3,1,1,unique,9070,0/0/0
PF_0023732,2024-10-22,4,1,1,unique,9102,0/0/0
PF_0023732,2024-10-22,5,1,1,unique,9131,0/0/0
PF_0023732,2024-10-22,6,1,1,unique,9163,2/0/0
PF_0023732,2024-10-22,7,1,1,unique,9195,0/0/0
PF_0023732,2024-10-22,8,1,1,unique,9227,0/0/0
PF_0023732,2024-10-22,9,1,1,unique,9259,0/0/0
PF_0023732,2024-10-28,1,1,1,unique,9007,0/0/0
PF_0023732,2024-10-28,2,1,1,unique,9039,0/0/0
PF_0023732,2024-10-28,3,1,1,unique,9071,0/0/0
PF_0023732,2024-10-28,4,1,1,unique,9103,0/0/0
PF_0023732,2024-10-28,5,1,1,unique,9132,0/0/0
PF_0023732,2024-10-28,6,1,1,unique,9164,5/0/0
PF_0023732,2024-10-28,7,1,1,unique,9196,0/0/0
PF_0023732,2024-10-28,8,1,1,unique,9228,1/0/0
PF_0023732,2024-10-28,9,1,1,unique,9260,0/0/0
PF_0023732,2024-11-06,1,1,1,unique,9008,0/0/0
PF_0023732,2024-11-06,2,1,1,unique,9040,0/0/0
PF_0023732,2024-11-06,3,1,1,unique,9072,0/0/0
PF_0023732,2024-11-06,4,1,1,unique,9104,0/0/0
PF_0023732,2024-11-06,5,1,1,unique,9133,0/0/0
PF_0023732,2024-11-06,6,1,1,unique,9165,10/0/0
PF_0023732,2024-11-06,7,1,1,unique,9197,1/0/0
PF_0023732,2024-11-06,8,1,1,unique,9229,2/1/0
PF_0023732,2024-11-06,9,1,1,unique,9261,0/0/0
PF_0023732,2024-11-12,1,1,1,unique,9009,0/0/0
PF_0023732,2024-11-12,2,1,1,unique,9041,0/0/0
PF_0023732,2024-11-12,3,1,1,unique,9073,0/0/0
PF_0023732,2024-11-12,4,1,1,unique,9105,0/0/0
PF_0023732,2024-11-12,5,1,1,unique,9134,0/0/0
PF_0023732,2024-11-12,6,1,1,unique,9166,13/0/0
PF_0023732,2024-11-12,7,1,1,unique,9198,3/0/0
PF_0023732,2024-11-12,8,1,1,unique,9230,3/4/0
PF_0023732,2024-11-12,9,1,1,unique,9262,0/0/0
PF_0023732,2024-11-19,1,1,1,unique,9010,0/0/0
PF_0023732,2024-11-19,2,1,1,unique,9042,0/0/0
PF_0023732,2024-11-19,3,1,1,unique,9074,0/0/0
PF_0023732,2024-11-19,4,1,1,unique,9106,0/0/0
PF_0023732,2024-11-19,5,1,1,unique,9135,0/0/0
PF_0023732,2024-11-19,6,1,1,unique,9167,9/0/0
PF_0023732,2024-11-19,7,1,1,unique,9199,7/0/0
PF_0023732,2024-11-19,8,1,1,unique,9231,4/5/0
PF_0023732,2024-11-19,9,1,1,unique,9263,0/0/0
PF_0023732,2024-11-27,1,1,1,unique,9011,1/0/0
PF_0023732,2024-11-27,2,1,1,unique,9043,1/0/0
PF_0023732,2024-11-27,3,1,1,unique,9075,6/0/0
PF_0023732,2024-11-27,4,1,1,unique,9107,0/0/0
PF_0023732,2024-11-27,5,1,1,unique,9136,2/0/0
PF_0023732,2024-11-27,6,1,1,unique,9168,7/0/0
PF_0023732,2024-11-27,7,1,1,unique,9200,10/0/0
PF_0023732,2024-11-27,8,1,1,unique,9232,0/8/0
PF_0023732,2024-11-27,9,1,1,unique,9264,0/0/0
PF_0023732,2024-12-05,1,1,1,unique,9012,5/0/0
PF_0023732,2024-12-05,2,1,1,unique,9044,2/0/0
PF_0023732,2024-12-05,3,1,1,unique,9076,0/0/0
PF_0023732,2024-12-05,4,1,1,unique,9108,0/0/0
PF_0023732,2024-12-05,5,1,1,unique,9137,8/0/0
PF_0023732,2024-12-05,6,1,1,unique,9169,5/0/0
PF_0023732,2024-12-05,7,1,1,unique,9201,14/0/0
PF_0023732,2024-12-05,8,1,1,unique,9233,0/5/3
PF_0023732,2024-12-05,9,1,1,unique,9265,0/0/0
PF_0023732,2024-12-10,1,1,1,unique,9013,8/0/0
PF_0023732,2024-12-10,2,1,1,unique,9045,6/0/0
PF_0023732,2024-12-10,3,1,1,unique,9077,0/0/0
PF_0023732,2024-12-10,4,1,1,unique,9109,1/0/0
PF_0023732,2024-12-10,5,1,1,unique,9138,13/0/0
PF_0023732,2024-12-10,6,1,1,unique,9170,3/0/0
PF_0023732,2024-12-10,7,1,1,unique,9202,2/0/0
PF_0023732,2024-12-10,8,1,1,unique,9234,0/0/4
PF_0023732,2024-12-10,9,1,1,unique,9266,1/0/0
PF_0023732,2024-12-18,1,1,1,unique,9014,18/0/0
PF_0023732,2024-12-18,2,1,1,unique,9046,11/0/0
PF_0023732,2024-12-18,3,1,1,unique,9078,0/3/0
PF_0023732,2024-12-18,4,1,1,unique,9110,1/0/0
PF_0023732,2024-12-18,5,1,1,unique,9139,18/0/0
PF_0023732,2024-12-18,6,1,1,unique,9171,4/0/0
PF_0023732,2024-12-18,7,1,1,unique,9203,2/0/0
PF_0023732,2024-12-18,8,1,1,unique,9235,0/0/4
PF_0023732,2024-12-18,9,1,1,unique,9267,5/0/0
PF_0023732,2024-12-24,1,1,1,unique,9015,13/0/0
PF_0023732,2024-12-24,2,1,1,unique,9047,8/0/0
PF_0023732,2024-12-24,3,1,1,unique,9079,0/4/0
PF_0023732,2024-12-24,4,1,1,unique,9111,5/0/0
PF_0023732,2024-12-24,5,1,1,unique,9140,15/0/0
PF_0023732,2024-12-24,6,1,1,unique,9172,0/0/0
PF_0023732,2024-12-24,7,1,1,unique,9204,1/0/0
PF_0023732,2024-12-24,8,1,1,unique,9236,0/0/3
PF_0023732,2024-12-24,9,1,1,unique,9268,7/0/0
PF_0023732,2025-01-01,1,1,1,unique,9016,14/0/0
PF_0023732,2025-01-01,2,1,1,unique,9048,8/0/0
PF_0023732,2025-01-01,3,1,1,unique,9080,0/11/0
PF_0023732,2025-01-01,4,1,1,unique,9112,11/0/0
PF_0023732,2025-01-01,5,1,1,unique,9141,17/0/0
PF_0023732,2025-01-01,6,1,1,unique,9173,0/10/0
PF_0023732,2025-01-01,7,1,1,unique,9205,0/0/0
PF_0023732,2025-01-01,8,1,1,unique,9237,0/0/1
PF_0023732,2025-01-01,9,1,1,unique,9269,12/0/0
PF_0023732,2025-01-07,1,1,1,unique,9017,12/0/0
PF_0023732,2025-01-07,2,1,1,unique,9049,9/0/0
PF_0023732,2025-01-07,3,1,1,unique,9081,0/10/0
PF_0023732,2025-01-07,4,1,1,unique,9113,11/0/0
PF_0023732,2025-01-07,5,1,1,unique,9142,17/0/0
PF_0023732,2025-01-07,6,1,1,unique,9174,0/4/7
PF_0023732,2025-01-07,7,1,1,unique,9206,0/1/0
PF_0023732,2025-01-07,8,1,1,unique,9238,0/0/2
PF_0023732,2025-01-07,9,1,1,unique,9270,12/0/0
PF_0023732,2025-01-15,1,1,1,unique,9018,13/0/0
PF_0023732,2025-01-15,2,1,1,unique,9050,9/0/0
PF_0023732,2025-01-15,3,1,1,unique,9082,0/11/0
PF_0023732,2025-01-15,4,1,1,unique,9114,11/0/0
PF_0023732,2025-01-15,5,1,1,unique,9143,13/0/0
PF_0023732,2025-01-15,6,1,1,unique,9175,0/3/7
PF_0023732,2025-01-15,7,1,1,unique,9207,0/4/0
PF_0023732,2025-01-15,8,1,1,unique,9239,0/0/4
PF_0023732,2025-01-15,9,1,1,unique,9271,12/0/0
PF_0023732,2025-01-27,1,1,1,unique,9019,9/0/0
PF_0023732,2025-01-27,2,1,1,unique,9051,7/1/0
PF_0023732,2025-01-27,3,1,1,unique,9083,0/11/1
PF_0023732,2025-01-27,4,1,1,unique,9115,4/6/4
PF_0023732,2025-01-27,5,1,1,unique,9144,9/5/0
PF_0023732,2025-01-27,6,1,1,unique,9176,0/3/3
PF_0023732,2025-01-27,7,1,1,unique,9208,0/6/4
PF_0023732,2025-01-27,8,1,1,unique,9240,0/0/5
PF_0023732,2025-01-27,9,1,1,unique,9272,11/1/1
PF_0023732,2025-02-06,1,1,1,unique,9020,5/4/0
PF_0023732,2025-02-06,2,1,1,unique,9052,3/6/0
PF_0023732,2025-02-06,3,1,1,unique,9084,0/8/7
PF_0023732,2025-02-06,4,1,1,unique,9116,7/5/2
PF_0023732,2025-02-06,5,1,1,unique,9145,3/6/0
PF_0023732,2025-02-06,6,1,1,unique,9177,0/1/2
PF_0023732,2025-02-06,7,1,1,unique,9209,0/0/8
PF_0023732,2025-02-06,8,1,1,unique,9241,0/0/5
PF_0023732,2025-02-06,9,1,1,unique,9273,8/5/5
PF_0023732,2025-02-11,1,1,1,unique,9021,3/8/0
PF_0023732,2025-02-11,2,1,1,unique,9053,1/8/0
PF_0023732,2025-02-11,3,1,1,unique,9085,0/8/8
PF_0023732,2025-02-11,4,1,1,unique,9117,5/5/3
PF_0023732,2025-02-11,5,1,1,unique,9146,1/6/0
PF_0023732,2025-02-11,6,1,1,unique,9178,0/0/4
PF_0023732,2025-02-11,7,1,1,unique,9210,0/0/7
PF_0023732,2025-02-11,8,1,1,unique,9242,0/0/4
PF_0023732,2025-02-11,9,1,1,unique,9274,8/6/9
PF_0023732,2025-02-20,1,1,1,unique,9022,0/4/0
PF_0023732,2025-02-20,2,1,1,unique,9054,0/4/0
PF_0023732,2025-02-20,3,1,1,unique,9086,0/6/4
PF_0023732,2025-02-20,4,1,1,unique,9118,0/5/3
PF_0023732,2025-02-20,5,1,1,unique,9147,0/6/0
PF_0023732,2025-02-20,6,1,1,unique,9179,0/0/4
PF_0023732,2025-02-20,7,1,1,unique,9211,0/0/7
PF_0023732,2025-02-20,8,1,1,unique,9243,0/0/4
PF_0023732,2025-02-20,9,1,1,unique,9275,0/2/4
PF_0023732,2025-02-28,1,1,1,unique,9023,0/4/0
PF_0023732,2025-02-28,2,1,1,unique,9055,0/3/5
PF_0023732,2025-02-28,3,1,1,unique,9087,0/0/0
PF_0023732,2025-02-28,4,1,1,unique,9119,0/4/3
PF_0023732,2025-02-28,5,1,1,unique,9148,0/3/3
PF_0023732,2025-02-28,6,1,1,unique,9180,0/0/0
PF_0023732,2025-02-28,7,1,1,unique,9212,0/0/3
PF_0023732,2025-02-28,8,1,1,unique,9244,0/0/0
PF_0023732,2025-02-28,9,1,1,unique,9276,0/3/3
PF_0023732,2025-03-06,1,1,1,unique,9024,0/2/0
PF_0023732,2025-03-06,2,1,1,unique,9056,0/0/7
PF_0023732,2025-03-06,3,1,1,unique,9088,0/0/0
PF_0023732,2025-03-06,4,1,1,unique,9120,0/0/7
PF_0023732,2025-03-06,5,1,1,unique,9149,0/3/2
PF_0023732,2025-03-06,6,1,1,unique,9181,0/0/0
PF_0023732,2025-03-06,7,1,1,unique,9213,0/0/2
PF_0023732,2025-03-06,8,1,1,unique,9245,0/0/0
PF_0023732,2025-03-06,9,1,1,unique,9277,0/3/4
PF_0023732,2025-03-14,1,1,1,unique,9025,0/0/0
PF_0023732,2025-03-14,2,1,1,unique,9057,0/0/2
PF_0023732,2025-03-14,3,1,1,unique,9089,0/0/0
PF_0023732,2025-03-14,4,1,1,unique,9121,0/0/3
PF_0023732,2025-03-14,5,1,1,unique,9150,0/0/3
PF_0023732,2025-03-14,6,1,1,unique,9182,0/0/0
PF_0023732,2025-03-14,7,1,1,unique,9214,0/0/3
PF_0023732,2025-03-14,8,1,1,unique,9246,0/0/0
PF_0023732,2025-03-14,9,1,1,unique,9278,0/1/2
PF_0023732,2025-03-20,1,1,1,unique,9026,0/0/0
PF_0023732,2025-03-20,2,1,1,unique,9058,0/0/0
PF_0023732,2025-03-20,3,1,1,unique,9090,0/0/0
PF_0023732,2025-03-20,4,1,1,unique,9122,0/0/0
PF_0023732,2025-03-20,5,1,1,unique,9151,0/0/3
PF_0023732,2025-03-20,6,1,1,unique,9183,0/0/0
PF_0023732,2025-03-20,7,1,1,unique,9215,0/0/3
PF_0023732,2025-03-20,8,1,1,unique,9247,0/0/0
PF_0023732,2025-03-20,9,1,1,unique,9279,0/0/0
PF_0023732,2025-03-28,1,1,1,unique,9027,0/0/2
PF_0023732,2025-03-28,2,1,1,unique,9059,0/0/0
PF_0023732,2025-03-28,3,1,1,unique,9091,0/0/0
PF_0023732,2025-03-28,4,1,1,unique,9123,0/0/0
PF_0023732,2025-03-28,5,1,1,unique,9152,0/0/0
PF_0023732,2025-03-28,6,1,1,unique,9184,0/0/0
PF_0023732,2025-03-28,7,1,1,unique,9216,0/0/0
PF_0023732,2025-03-28,8,1,1,unique,9248,0/0/0
PF_0023732,2025-03-28,9,1,1,unique,9280,0/0/0
PF_0023732,2025-04-04,1,1,1,unique,9028,0/0/2
PF_0023732,2025-04-04,2,1,1,unique,9060,0/0/0
PF_0023732,2025-04-04,3,1,1,unique,9092,0/0/0
PF_0023732,2025-04-04,4,1,1,unique,9124,0/0/0
PF_0023732,2025-04-04,5,1,1,unique,9153,0/0/0
PF_0023732,2025-04-04,6,1,1,unique,9185,0/0/0
PF_0023732,2025-04-04,7,1,1,unique,9217,0/0/0
PF_0023732,2025-04-04,8,1,1,unique,9249,0/0/0
PF_0023732,2025-04-04,9,1,1,unique,9281,0/0/0
PF_0023732,2025-04-10,1,1,1,unique,9029,0/0/0
PF_0023732,2025-04-10,2,1,1,unique,9061,0/0/0
PF_0023732,2025-04-10,3,1,1,unique,9093,0/0/0
PF_0023732,2025-04-10,4,1,1,unique,9125,0/0/0
PF_0023732,2025-04-10,5,1,1,unique,9154,0/0/0
PF_0023732,2025-04-10,6,1,1,unique,9186,0/0/0
PF_0023732,2025-04-10,7,1,1,unique,9218,0/0/0
PF_0023732,2025-04-10,8,1,1,unique,9250,0/0/0
PF_0023732,2025-04-10,9,1,1,unique,9282,0/0/0
PF_0023732,2025-04-19,1,1,1,unique,9030,0/0/0
PF_0023732,2025-04-19,2,1,1,unique,9062,0/0/0
PF_0023732,2025-04-19,3,1,1,unique,9094,0/0/0
PF_0023732,2025-04-19,4,1,1,unique,9126,0/0/0
PF_0023732,2025-04-19,5,1,1,unique,9155,0/0/0
PF_0023732,2025-04-19,6,1,1,unique,9187,0/0/0
PF_0023732,2025-04-19,7,1,1,unique,9219,0/0/0
PF_0023732,2025-04-19,8,1,1,unique,9251,0/0/0
PF_0023732,2025-04-19,9,1,1,unique,9283,0/0/0
PF_0023732,2025-04-26,1,1,1,unique,9031,0/0/0
PF_0023732,2025-04-26,2,1,1,unique,9063,0/0/0
PF_0023732,2025-04-26,3,1,1,unique,9095,0/0/0
PF_0023732,2025-04-26,4,1,1,unique,9127,0/0/0
PF_0023732,2025-04-26,5,1,1,unique,9156,0/0/0
PF_0023732,2025-04-26,6,1,1,unique,9188,0/0/0
PF_0023732,2025-04-26,7,1,1,unique,9220,0/0/0
PF_0023732,2025-04-26,8,1,1,unique,9252,0/0/0
PF_0023732,2025-04-26,9,1,1,unique,9284,0/0/0
PF_0023732,2025-04-30,1,1,1,unique,9032,0/0/0
PF_0023732,2025-04-30,2,1,1,unique,9064,0/0/0
PF_0023732,2025-04-30,3,1,1,unique,9096,0/0/0
PF_0023732,2025-04-30,5,1,1,unique,9157,0/0/0
PF_0023732,2025-04-30,6,1,1,unique,9189,0/0/0
PF_0023732,2025-04-30,7,1,1,unique,9221,0/0/0
PF_0023732,2025-04-30,8,1,1,unique,9253,0/0/0
PF_0023732,2025-04-30,9,1,1,unique,9285,0/0/0
PF_0023732,2025-05-21,1,1,1,unique,9033,0/0/0
PF_0023732,2025-05-21,2,1,1,unique,9065,0/0/0
PF_0023732,2025-05-21,3,1,1,unique,9097,0/0/0
PF_0023732,2025-05-21,5,1,1,unique,9158,0/0/0
PF_0023732,2025-05-21,6,1,1,unique,9190,0/0/0
PF_0023732,2025-05-21,7,1,1,unique,9222,0/0/0
PF_0023732,2025-05-21,8,1,1,unique,9254,0/0/0
PF_0023732,2025-05-28,1,1,1,unique,9034,0/0/0
PF_0023732,2025-05-28,2,1,1,unique,9066,0/0/0
PF_0023732,2025-05-28,3,1,1,unique,9098,0/0/0
PF_0023732,2025-05-28,5,1,1,unique,9159,0/0/0
PF_0023732,2025-05-28,6,1,1,unique,9191,0/0/0
PF_0023732,2025-05-28,7,1,1,unique,9223,0/0/0
PF_0023732,2025-05-28,8,1,1,unique,9255,0/0/0
PF_0023732,2026-04-01,1,1,1,unique,28329,0/0/0
PF_0023732,2026-04-01,2,1,1,unique,28352,0/0/0
PF_0023732,2026-04-01,3,1,1,unique,28375,0/0/0
PF_0023732,2026-04-01,4,1,1,unique,28398,0/0/0
PF_0023732,2026-04-01,5,1,1,unique,28421,0/0/3
PF_0023732,2026-04-01,6,1,1,unique,28444,0/0/1
PF_0023732,2026-04-01,7,1,1,unique,28467,0/0/3
PF_0023732,2026-04-01,8,1,1,unique,28490,0/0/2
PF_0023732,2026-04-01,9,1,1,unique,28513,0/0/0
PF_0023732,2026-04-08,1,1,1,unique,28330,0/0/0
PF_0023732,2026-04-08,2,1,1,unique,28353,0/0/0
PF_0023732,2026-04-08,3,1,1,unique,28376,0/0/0
PF_0023732,2026-04-08,4,1,1,unique,28399,0/0/3
PF_0023732,2026-04-08,5,1,1,unique,28422,0/0/0
PF_0023732,2026-04-08,6,1,1,unique,28445,0/0/3
PF_0023732,2026-04-08,7,1,1,unique,28468,0/0/0
PF_0023732,2026-04-08,8,1,1,unique,28491,0/0/0
PF_0023732,2026-04-08,9,1,1,unique,28514,0/0/0
PF_0023732,2026-04-15,1,1,1,unique,28331,0/0/0
PF_0023732,2026-04-15,2,1,1,unique,28354,0/0/0
PF_0023732,2026-04-15,3,1,1,unique,28377,0/0/0
PF_0023732,2026-04-15,4,1,1,unique,28400,0/0/7
PF_0023732,2026-04-15,5,1,1,unique,28423,0/0/0
PF_0023732,2026-04-15,6,1,1,unique,28446,0/0/3
PF_0023732,2026-04-15,7,1,1,unique,28469,0/0/0
PF_0023732,2026-04-15,8,1,1,unique,28492,0/0/0
PF_0023732,2026-04-15,9,1,1,unique,28515,0/0/0
PF_0023732,2026-04-22,1,1,1,unique,28332,0/0/0
PF_0023732,2026-04-22,2,1,1,unique,28355,0/0/0
PF_0023732,2026-04-22,3,1,1,unique,28378,0/0/0
PF_0023732,2026-04-22,4,1,1,unique,28401,0/0/7
PF_0023732,2026-04-22,5,1,1,unique,28424,0/0/0
PF_0023732,2026-04-22,6,1,1,unique,28447,0/0/3
PF_0023732,2026-04-22,7,1,1,unique,28470,0/0/0
PF_0023732,2026-04-22,8,1,1,unique,28493,0/0/0
PF_0023732,2026-04-22,9,1,1,unique,28516,0/0/0
PF_0023732,2026-04-29,1,1,1,unique,28333,0/0/0
PF_0023732,2026-04-29,2,1,1,unique,28356,0/0/0
PF_0023732,2026-04-29,3,1,1,unique,28379,0/0/0
PF_0023732,2026-04-29,4,1,1,unique,28402,0/0/7
PF_0023732,2026-04-29,5,1,1,unique,28425,0/0/2
PF_0023732,2026-04-29,6,1,1,unique,28448,0/0/2
PF_0023732,2026-04-29,7,1,1,unique,28471,0/0/0
PF_0023732,2026-04-29,8,1,1,unique,28494,0/0/0
PF_0023732,2026-04-29,9,1,1,unique,28517,0/0/0
PF_0023732,2026-05-07,1,1,1,unique,28334,0/0/0
PF_0023732,2026-05-07,2,1,1,unique,28357,0/0/0
PF_0023732,2026-05-07,3,1,1,unique,28380,0/0/0
PF_0023732,2026-05-07,4,1,1,unique,28403,0/0/4
PF_0023732,2026-05-07,5,1,1,unique,28426,0/0/0
PF_0023732,2026-05-07,6,1,1,unique,28449,0/0/0
PF_0023732,2026-05-07,7,1,1,unique,28472,0/0/0
PF_0023732,2026-05-07,8,1,1,unique,28495,0/0/0
PF_0023732,2026-05-07,9,1,1,unique,28518,0/0/0
PF_0023732,2026-05-14,1,1,1,unique,28335,0/0/0
PF_0023732,2026-05-14,2,1,1,unique,28358,0/0/0
PF_0023732,2026-05-14,3,1,1,unique,28381,0/0/0
PF_0023732,2026-05-14,4,1,1,unique,28404,0/0/0
PF_0023732,2026-05-14,5,1,1,unique,28427,0/0/0
PF_0023732,2026-05-14,6,1,1,unique,28450,0/0/0
PF_0023732,2026-05-14,7,1,1,unique,28473,0/0/0
PF_0023732,2026-05-14,8,1,1,unique,28496,0/0/0
PF_0023732,2026-05-14,9,1,1,unique,28519,0/0/0
PF_0023732,2026-05-20,1,1,1,unique,28336,0/0/0
PF_0023732,2026-05-20,2,1,1,unique,28359,0/0/0
PF_0023732,2026-05-20,3,1,1,unique,28382,0/0/0
PF_0023732,2026-05-20,4,1,1,unique,28405,0/0/0
PF_0023732,2026-05-20,5,1,1,unique,28428,0/0/0
PF_0023732,2026-05-20,6,1,1,unique,28451,0/0/0
PF_0023732,2026-05-20,7,1,1,unique,28474,0/0/0
PF_0023732,2026-05-20,8,1,1,unique,28497,0/0/0
PF_0023732,2026-05-20,9,1,1,unique,28520,0/0/0
PF_0023732,2026-05-27,1,1,1,unique,28337,0/0/0
PF_0023732,2026-05-27,2,1,1,unique,28360,0/0/0
PF_0023732,2026-05-27,3,1,1,unique,28383,0/0/0
PF_0023732,2026-05-27,4,1,1,unique,28406,0/0/0
PF_0023732,2026-05-27,5,1,1,unique,28429,0/0/0
PF_0023732,2026-05-27,6,1,1,unique,28452,0/0/0
PF_0023732,2026-05-27,7,1,1,unique,28475,0/0/0
PF_0023732,2026-05-27,8,1,1,unique,28498,0/0/0
PF_0023732,2026-05-27,9,1,1,unique,28521,0/0/0
PF_0023732,2026-06-03,1,1,1,unique,28338,0/0/0
PF_0023732,2026-06-03,2,1,1,unique,28361,0/0/0
PF_0023732,2026-06-03,3,1,1,unique,28384,0/0/0
PF_0023732,2026-06-03,4,1,1,unique,28407,0/0/0
PF_0023732,2026-06-03,5,1,1,unique,28430,0/0/0
PF_0023732,2026-06-03,6,1,1,unique,28453,0/0/0
PF_0023732,2026-06-03,7,1,1,unique,28476,0/0/0
PF_0023732,2026-06-03,8,1,1,unique,28499,0/0/0
PF_0023732,2026-06-03,9,1,1,unique,28522,0/0/0
PF_0023743,2024-10-02,1,1,1,unique,9555,0/0/0
PF_0023743,2024-10-02,2,1,1,unique,9586,0/0/0
PF_0023743,2024-10-02,3,1,1,unique,9617,0/0/0
PF_0023743,2024-10-02,4,1,1,unique,9648,0/0/0
PF_0023743,2024-10-02,5,1,1,unique,9679,0/0/0
PF_0023743,2024-10-02,6,1,1,unique,9710,0/0/0
PF_0023743,2024-10-02,7,1,1,unique,9741,0/0/0
PF_0023743,2024-10-02,8,1,1,unique,9772,0/0/0
PF_0023743,2024-10-02,9,1,1,unique,9803,0/0/0
PF_0023743,2024-10-08,1,1,1,unique,9556,0/0/0
PF_0023743,2024-10-08,2,1,1,unique,9587,0/0/0
PF_0023743,2024-10-08,3,1,1,unique,9618,0/0/0
PF_0023743,2024-10-08,4,1,1,unique,9649,0/0/0
PF_0023743,2024-10-08,5,1,1,unique,9680,0/0/0
PF_0023743,2024-10-08,6,1,1,unique,9711,0/0/0
PF_0023743,2024-10-08,7,1,1,unique,9742,0/0/0
PF_0023743,2024-10-08,8,1,1,unique,9773,0/0/0
PF_0023743,2024-10-08,9,1,1,unique,9804,0/0/0
PF_0023743,2024-10-15,1,1,1,unique,9557,0/0/0
PF_0023743,2024-10-15,2,1,1,unique,9588,0/0/0
PF_0023743,2024-10-15,3,1,1,unique,9619,0/0/0
PF_0023743,2024-10-15,4,1,1,unique,9650,0/0/0
PF_0023743,2024-10-15,5,1,1,unique,9681,0/0/0
PF_0023743,2024-10-15,6,1,1,unique,9712,0/0/0
PF_0023743,2024-10-15,7,1,1,unique,9743,0/0/0
PF_0023743,2024-10-15,8,1,1,unique,9774,0/0/0
PF_0023743,2024-10-15,9,1,1,unique,9805,0/0/0
PF_0023743,2024-10-22,1,1,1,unique,9558,0/0/0
PF_0023743,2024-10-22,2,1,1,unique,9589,0/0/0
PF_0023743,2024-10-22,3,1,1,unique,9620,0/0/0
PF_0023743,2024-10-22,4,1,1,unique,9651,0/0/0
PF_0023743,2024-10-22,5,1,1,unique,9682,0/0/0
PF_0023743,2024-10-22,6,1,1,unique,9713,0/0/0
PF_0023743,2024-10-22,7,1,1,unique,9744,0/0/0
PF_0023743,2024-10-22,8,1,1,unique,9775,0/0/0
PF_0023743,2024-10-22,9,1,1,unique,9806,0/0/0
PF_0023743,2024-10-29,1,1,1,unique,9559,1/0/0
PF_0023743,2024-10-29,2,1,1,unique,9590,1/0/0
PF_0023743,2024-10-29,3,1,1,unique,9621,0/0/0
PF_0023743,2024-10-29,4,1,1,unique,9652,1/0/0
PF_0023743,2024-10-29,5,1,1,unique,9683,1/0/0
PF_0023743,2024-10-29,6,1,1,unique,9714,1/0/0
PF_0023743,2024-10-29,7,1,1,unique,9745,1/0/0
PF_0023743,2024-10-29,8,1,1,unique,9776,0/0/0
PF_0023743,2024-10-29,9,1,1,unique,9807,0/0/0
PF_0023743,2024-11-05,1,1,1,unique,9560,3/0/0
PF_0023743,2024-11-05,2,1,1,unique,9591,3/0/0
PF_0023743,2024-11-05,3,1,1,unique,9622,1/0/0
PF_0023743,2024-11-05,4,1,1,unique,9653,3/0/0
PF_0023743,2024-11-05,5,1,1,unique,9684,4/0/0
PF_0023743,2024-11-05,6,1,1,unique,9715,3/0/0
PF_0023743,2024-11-05,7,1,1,unique,9746,5/0/0
PF_0023743,2024-11-05,8,1,1,unique,9777,1/0/0
PF_0023743,2024-11-05,9,1,1,unique,9808,3/0/0
PF_0023743,2024-11-11,1,1,1,unique,9561,5/0/0
PF_0023743,2024-11-11,2,1,1,unique,9592,7/0/0
PF_0023743,2024-11-11,3,1,1,unique,9623,4/3/0
PF_0023743,2024-11-11,4,1,1,unique,9654,6/0/0
PF_0023743,2024-11-11,5,1,1,unique,9685,6/0/0
PF_0023743,2024-11-11,6,1,1,unique,9716,4/0/0
PF_0023743,2024-11-11,7,1,1,unique,9747,7/0/0
PF_0023743,2024-11-11,8,1,1,unique,9778,3/0/0
PF_0023743,2024-11-11,9,1,1,unique,9809,3/0/0
PF_0023743,2024-11-19,1,1,1,unique,9562,10/0/0
PF_0023743,2024-11-19,2,1,1,unique,9593,11/0/0
PF_0023743,2024-11-19,3,1,1,unique,9624,5/5/0
PF_0023743,2024-11-19,4,1,1,unique,9655,10/0/0
PF_0023743,2024-11-19,5,1,1,unique,9686,9/0/0
PF_0023743,2024-11-19,6,1,1,unique,9717,7/0/0
PF_0023743,2024-11-19,7,1,1,unique,9748,9/0/0
PF_0023743,2024-11-19,8,1,1,unique,9779,6/0/0
PF_0023743,2024-11-19,9,1,1,unique,9810,7/0/0
PF_0023743,2024-11-26,1,1,1,unique,9563,13/0/0
PF_0023743,2024-11-26,2,1,1,unique,9594,13/0/0
PF_0023743,2024-11-26,3,1,1,unique,9625,12/0/0
PF_0023743,2024-11-26,4,1,1,unique,9656,14/0/0
PF_0023743,2024-11-26,5,1,1,unique,9687,13/0/0
PF_0023743,2024-11-26,6,1,1,unique,9718,10/0/0
PF_0023743,2024-11-26,7,1,1,unique,9749,11/0/0
PF_0023743,2024-11-26,8,1,1,unique,9780,9/0/0
PF_0023743,2024-11-26,9,1,1,unique,9811,9/0/0
PF_0023743,2024-12-02,1,1,1,unique,9564,9/0/0
PF_0023743,2024-12-02,2,1,1,unique,9595,9/0/0
PF_0023743,2024-12-02,3,1,1,unique,9626,11/0/0
PF_0023743,2024-12-02,4,1,1,unique,9657,8/0/0
PF_0023743,2024-12-02,5,1,1,unique,9688,9/0/0
PF_0023743,2024-12-02,6,1,1,unique,9719,5/0/0
PF_0023743,2024-12-02,7,1,1,unique,9750,10/0/0
PF_0023743,2024-12-02,8,1,1,unique,9781,5/0/0
PF_0023743,2024-12-02,9,1,1,unique,9812,7/0/0
PF_0023743,2024-12-09,1,1,1,unique,9565,8/0/0
PF_0023743,2024-12-09,2,1,1,unique,9596,9/0/0
PF_0023743,2024-12-09,3,1,1,unique,9627,11/0/2
PF_0023743,2024-12-09,4,1,1,unique,9658,8/0/0
PF_0023743,2024-12-09,5,1,1,unique,9689,10/0/0
PF_0023743,2024-12-09,6,1,1,unique,9720,5/0/0
PF_0023743,2024-12-09,7,1,1,unique,9751,9/0/0
PF_0023743,2024-12-09,8,1,1,unique,9782,5/0/0
PF_0023743,2024-12-09,9,1,1,unique,9813,6/0/0
PF_0023743,2024-12-16,1,1,1,unique,9566,8/0/0
PF_0023743,2024-12-16,2,1,1,unique,9597,9/0/0
PF_0023743,2024-12-16,3,1,1,unique,9628,10/0/1
PF_0023743,2024-12-16,4,1,1,unique,9659,8/0/0
PF_0023743,2024-12-16,5,1,1,unique,9690,9/0/0
PF_0023743,2024-12-16,6,1,1,unique,9721,4/0/0
PF_0023743,2024-12-16,7,1,1,unique,9752,9/0/0
PF_0023743,2024-12-16,8,1,1,unique,9783,5/0/0
PF_0023743,2024-12-16,9,1,1,unique,9814,5/0/0
PF_0023743,2024-12-23,1,1,1,unique,9567,4/0/0
PF_0023743,2024-12-23,2,1,1,unique,9598,5/0/0
PF_0023743,2024-12-23,3,1,1,unique,9629,5/0/3
PF_0023743,2024-12-23,4,1,1,unique,9660,5/0/0
PF_0023743,2024-12-23,5,1,1,unique,9691,4/0/0
PF_0023743,2024-12-23,6,1,1,unique,9722,1/0/0
PF_0023743,2024-12-23,7,1,1,unique,9753,4/0/0
PF_0023743,2024-12-23,8,1,1,unique,9784,3/0/0
PF_0023743,2024-12-23,9,1,1,unique,9815,4/1/0
PF_0023743,2025-01-01,1,1,1,unique,9568,1/0/0
PF_0023743,2025-01-01,2,1,1,unique,9599,3/0/0
PF_0023743,2025-01-01,3,1,1,unique,9630,2/0/3
PF_0023743,2025-01-01,4,1,1,unique,9661,5/0/0
PF_0023743,2025-01-01,5,1,1,unique,9692,2/0/0
PF_0023743,2025-01-01,6,1,1,unique,9723,1/0/0
PF_0023743,2025-01-01,7,1,1,unique,9754,1/0/0
PF_0023743,2025-01-01,8,1,1,unique,9785,4/0/0
PF_0023743,2025-01-01,9,1,1,unique,9816,2/1/0
PF_0023743,2025-01-07,1,1,1,unique,9569,0/0/0
PF_0023743,2025-01-07,2,1,1,unique,9600,0/0/0
PF_0023743,2025-01-07,3,1,1,unique,9631,1/0/4
PF_0023743,2025-01-07,4,1,1,unique,9662,2/0/0
PF_0023743,2025-01-07,5,1,1,unique,9693,1/0/0
PF_0023743,2025-01-07,6,1,1,unique,9724,0/0/0
PF_0023743,2025-01-07,7,1,1,unique,9755,1/0/0
PF_0023743,2025-01-07,8,1,1,unique,9786,2/0/0
PF_0023743,2025-01-07,9,1,1,unique,9817,0/7/0
PF_0023743,2025-01-14,1,1,1,unique,9570,0/1/0
PF_0023743,2025-01-14,2,1,1,unique,9601,0/0/0
PF_0023743,2025-01-14,3,1,1,unique,9632,3/0/3
PF_0023743,2025-01-14,4,1,1,unique,9663,1/1/0
PF_0023743,2025-01-14,5,1,1,unique,9694,3/0/0
PF_0023743,2025-01-14,6,1,1,unique,9725,0/2/0
PF_0023743,2025-01-14,7,1,1,unique,9756,1/0/0
PF_0023743,2025-01-14,8,1,1,unique,9787,1/3/0
PF_0023743,2025-01-14,9,1,1,unique,9818,0/2/5
PF_0023743,2025-01-22,1,1,1,unique,9571,0/8/0
PF_0023743,2025-01-22,2,1,1,unique,9602,0/3/0
PF_0023743,2025-01-22,3,1,1,unique,9633,0/0/10
PF_0023743,2025-01-22,4,1,1,unique,9664,0/2/0
PF_0023743,2025-01-22,5,1,1,unique,9695,7/1/0
PF_0023743,2025-01-22,6,1,1,unique,9726,0/8/0
PF_0023743,2025-01-22,7,1,1,unique,9757,1/0/0
PF_0023743,2025-01-22,8,1,1,unique,9788,0/8/0
PF_0023743,2025-01-22,9,1,1,unique,9819,0/0/20
PF_0023743,2025-02-04,1,1,1,unique,9572,0/5/1
PF_0023743,2025-02-04,2,1,1,unique,9603,0/5/1
PF_0023743,2025-02-04,3,1,1,unique,9634,0/0/7
PF_0023743,2025-02-04,4,1,1,unique,9665,0/2/0
PF_0023743,2025-02-04,5,1,1,unique,9696,7/0/0
PF_0023743,2025-02-04,6,1,1,unique,9727,0/9/6
PF_0023743,2025-02-04,7,1,1,unique,9758,5/0/0
PF_0023743,2025-02-04,8,1,1,unique,9789,0/2/3
PF_0023743,2025-02-04,9,1,1,unique,9820,0/0/9
PF_0023743,2025-02-11,1,1,1,unique,9573,0/5/3
PF_0023743,2025-02-11,2,1,1,unique,9604,0/5/1
PF_0023743,2025-02-11,3,1,1,unique,9635,0/0/7
PF_0023743,2025-02-11,4,1,1,unique,9666,0/4/0
PF_0023743,2025-02-11,5,1,1,unique,9697,5/0/2
PF_0023743,2025-02-11,6,1,1,unique,9728,0/8/7
PF_0023743,2025-02-11,7,1,1,unique,9759,6/1/0
PF_0023743,2025-02-11,8,1,1,unique,9790,0/2/3
PF_0023743,2025-02-11,9,1,1,unique,9821,0/0/9
PF_0023743,2025-02-19,1,1,1,unique,9574,0/5/3
PF_0023743,2025-02-19,2,1,1,unique,9605,0/0/5
PF_0023743,2025-02-19,3,1,1,unique,9636,0/0/6
PF_0023743,2025-02-19,4,1,1,unique,9667,0/5/1
PF_0023743,2025-02-19,5,1,1,unique,9698,8/0/10
PF_0023743,2025-02-19,6,1,1,unique,9729,0/8/12
PF_0023743,2025-02-19,7,1,1,unique,9760,8/3/5
PF_0023743,2025-02-19,8,1,1,unique,9791,0/0/5
PF_0023743,2025-02-19,9,1,1,unique,9822,0/0/7
PF_0023743,2025-02-28,1,1,1,unique,9575,0/0/6
PF_0023743,2025-02-28,2,1,1,unique,9606,0/0/3
PF_0023743,2025-02-28,3,1,1,unique,9637,0/0/5
PF_0023743,2025-02-28,4,1,1,unique,9668,0/0/7
PF_0023743,2025-02-28,5,1,1,unique,9699,0/0/5
PF_0023743,2025-02-28,6,1,1,unique,9730,0/2/4
PF_0023743,2025-02-28,7,1,1,unique,9761,4/2/6
PF_0023743,2025-02-28,8,1,1,unique,9792,0/0/2
PF_0023743,2025-02-28,9,1,1,unique,9823,0/0/0
PF_0023743,2025-03-08,1,1,1,unique,9576,0/0/3
PF_0023743,2025-03-08,2,1,1,unique,9607,0/0/0
PF_0023743,2025-03-08,3,1,1,unique,9638,0/0/0
PF_0023743,2025-03-08,4,1,1,unique,9669,0/0/7
PF_0023743,2025-03-08,5,1,1,unique,9700,0/0/10
PF_0023743,2025-03-08,6,1,1,unique,9731,0/0/5
PF_0023743,2025-03-08,7,1,1,unique,9762,0/0/12
PF_0023743,2025-03-08,8,1,1,unique,9793,0/0/0
PF_0023743,2025-03-08,9,1,1,unique,9824,0/0/0
PF_0023743,2025-03-14,1,1,1,unique,9577,0/0/3
PF_0023743,2025-03-14,2,1,1,unique,9608,0/0/0
PF_0023743,2025-03-14,3,1,1,unique,9639,0/0/0
PF_0023743,2025-03-14,4,1,1,unique,9670,0/0/4
PF_0023743,2025-03-14,5,1,1,unique,9701,0/0/2
PF_0023743,2025-03-14,6,1,1,unique,9732,0/0/3
PF_0023743,2025-03-14,7,1,1,unique,9763,0/0/0
PF_0023743,2025-03-14,8,1,1,unique,9794,0/0/0
PF_0023743,2025-03-14,9,1,1,unique,9825,0/0/0
PF_0023743,2025-03-20,1,1,1,unique,9578,0/0/0
PF_0023743,2025-03-20,2,1,1,unique,9609,0/0/0
PF_0023743,2025-03-20,3,1,1,unique,9640,0/0/0
PF_0023743,2025-03-20,4,1,1,unique,9671,0/0/0
PF_0023743,2025-03-20,5,1,1,unique,9702,0/0/0
PF_0023743,2025-03-20,6,1,1,unique,9733,0/0/0
PF_0023743,2025-03-20,7,1,1,unique,9764,0/0/0
PF_0023743,2025-03-20,8,1,1,unique,9795,0/0/0
PF_0023743,2025-03-20,9,1,1,unique,9826,0/0/0
PF_0023743,2025-03-28,1,1,1,unique,9579,0/0/0
PF_0023743,2025-03-28,2,1,1,unique,9610,0/0/0
PF_0023743,2025-03-28,3,1,1,unique,9641,0/0/0
PF_0023743,2025-03-28,4,1,1,unique,9672,0/0/0
PF_0023743,2025-03-28,5,1,1,unique,9703,0/0/0
PF_0023743,2025-03-28,6,1,1,unique,9734,0/0/0
PF_0023743,2025-03-28,7,1,1,unique,9765,0/0/0
PF_0023743,2025-03-28,8,1,1,unique,9796,0/0/0
PF_0023743,2025-03-28,9,1,1,unique,9827,0/0/0
PF_0023743,2025-04-04,1,1,1,unique,9580,0/0/0
PF_0023743,2025-04-04,2,1,1,unique,9611,0/0/0
PF_0023743,2025-04-04,3,1,1,unique,9642,0/0/0
PF_0023743,2025-04-04,4,1,1,unique,9673,0/0/0
PF_0023743,2025-04-04,5,1,1,unique,9704,0/0/0
PF_0023743,2025-04-04,6,1,1,unique,9735,0/0/0
PF_0023743,2025-04-04,7,1,1,unique,9766,0/0/0
PF_0023743,2025-04-04,8,1,1,unique,9797,0/0/0
PF_0023743,2025-04-04,9,1,1,unique,9828,0/0/0
PF_0023743,2025-04-10,1,1,1,unique,9581,0/0/0
PF_0023743,2025-04-10,2,1,1,unique,9612,0/0/0
PF_0023743,2025-04-10,3,1,1,unique,9643,0/0/0
PF_0023743,2025-04-10,4,1,1,unique,9674,0/0/0
PF_0023743,2025-04-10,5,1,1,unique,9705,0/0/0
PF_0023743,2025-04-10,6,1,1,unique,9736,0/0/0
PF_0023743,2025-04-10,7,1,1,unique,9767,0/0/0
PF_0023743,2025-04-10,8,1,1,unique,9798,0/0/0
PF_0023743,2025-04-10,9,1,1,unique,9829,0/0/0
PF_0023743,2025-04-19,1,1,1,unique,9582,0/0/0
PF_0023743,2025-04-19,2,1,1,unique,9613,0/0/0
PF_0023743,2025-04-19,3,1,1,unique,9644,0/0/0
PF_0023743,2025-04-19,4,1,1,unique,9675,0/0/0
PF_0023743,2025-04-19,5,1,1,unique,9706,0/0/0
PF_0023743,2025-04-19,6,1,1,unique,9737,0/0/0
PF_0023743,2025-04-19,7,1,1,unique,9768,0/0/0
PF_0023743,2025-04-19,8,1,1,unique,9799,0/0/0
PF_0023743,2025-04-19,9,1,1,unique,9830,0/0/0
PF_0023743,2025-04-26,1,1,1,unique,9583,0/0/0
PF_0023743,2025-04-26,2,1,1,unique,9614,0/0/0
PF_0023743,2025-04-26,3,1,1,unique,9645,0/0/0
PF_0023743,2025-04-26,4,1,1,unique,9676,0/0/0
PF_0023743,2025-04-26,5,1,1,unique,9707,0/0/0
PF_0023743,2025-04-26,6,1,1,unique,9738,0/0/0
PF_0023743,2025-04-26,7,1,1,unique,9769,0/0/0
PF_0023743,2025-04-26,8,1,1,unique,9800,0/0/0
PF_0023743,2025-04-26,9,1,1,unique,9831,0/0/0
PF_0023743,2025-04-30,1,1,1,unique,9584,0/0/0
PF_0023743,2025-04-30,2,1,1,unique,9615,0/0/0
PF_0023743,2025-04-30,3,1,1,unique,9646,0/0/0
PF_0023743,2025-04-30,4,1,1,unique,9677,0/0/0
PF_0023743,2025-04-30,5,1,1,unique,9708,0/0/0
PF_0023743,2025-04-30,6,1,1,unique,9739,0/0/0
PF_0023743,2025-04-30,7,1,1,unique,9770,0/0/0
PF_0023743,2025-04-30,8,1,1,unique,9801,0/0/0
PF_0023743,2025-04-30,9,1,1,unique,9832,0/0/0
PF_0023743,2025-05-21,1,1,1,unique,9585,0/0/0
PF_0023743,2025-05-21,2,1,1,unique,9616,0/0/0
PF_0023743,2025-05-21,3,1,1,unique,9647,0/0/0
PF_0023743,2025-05-21,4,1,1,unique,9678,0/0/0
PF_0023743,2025-05-21,5,1,1,unique,9709,0/0/0
PF_0023743,2025-05-21,6,1,1,unique,9740,0/0/0
PF_0023743,2025-05-21,7,1,1,unique,9771,0/0/0
PF_0023743,2025-05-21,8,1,1,unique,9802,0/0/0
PF_0023743,2026-02-11,3,1,1,unique,28613,10/2/1
PF_0023743,2026-02-20,2,1,1,unique,28579,8/9/6
PF_0023743,2026-02-20,3,1,1,unique,28614,10/5/4
PF_0023743,2026-02-20,7,1,1,unique,28754,11/4/4
PF_0023743,2026-02-25,2,1,1,unique,28580,7/9/7
PF_0023743,2026-02-25,3,1,1,unique,28615,9/5/2
PF_0023743,2026-02-25,7,1,1,unique,28755,10/4/6
PF_0023743,2026-03-05,2,1,1,unique,28581,5/7/7
PF_0023743,2026-03-05,3,1,1,unique,28616,5/3/2
PF_0023743,2026-03-05,7,1,1,unique,28756,6/4/2
PF_0023743,2026-03-12,2,1,1,unique,28582,1/4/7
PF_0023743,2026-03-12,3,1,1,unique,28617,2/3/2
PF_0023743,2026-03-12,4,1,1,unique,28652,0/3/0
PF_0023743,2026-03-12,6,1,1,unique,28722,0/1/1
PF_0023743,2026-03-12,7,1,1,unique,28757,0/4/2
PF_0023743,2026-03-12,8,1,1,unique,28792,0/2/5
PF_0023743,2026-03-19,2,1,1,unique,28583,1/2/6
PF_0023743,2026-03-19,3,1,1,unique,28618,0/3/2
PF_0023743,2026-03-19,4,1,1,unique,28653,0/0/2
PF_0023743,2026-03-19,5,1,1,unique,28688,0/1/1
PF_0023743,2026-03-19,6,1,1,unique,28723,0/0/1
PF_0023743,2026-03-19,7,1,1,unique,28758,0/3/2
PF_0023743,2026-03-19,8,1,1,unique,28793,0/0/0
PF_0023743,2026-03-26,2,1,1,unique,28584,0/0/6
PF_0023743,2026-03-26,3,1,1,unique,28619,0/2/1
PF_0023743,2026-03-26,4,1,1,unique,28654,0/0/4
PF_0023743,2026-03-26,5,1,1,unique,28689,0/0/4
PF_0023743,2026-03-26,6,1,1,unique,28724,0/0/1
PF_0023743,2026-03-26,7,1,1,unique,28759,0/2/1
PF_0023743,2026-03-26,8,1,1,unique,28794,0/0/0
PF_0023743,2026-03-26,9,1,1,unique,28829,0/2/1
PF_0023743,2026-04-02,2,1,1,unique,28585,0/0/1
PF_0023743,2026-04-02,3,1,1,unique,28620,0/0/0
PF_0023743,2026-04-02,4,1,1,unique,28655,0/0/6
PF_0023743,2026-04-02,5,1,1,unique,28690,0/0/7
PF_0023743,2026-04-02,6,1,1,unique,28725,0/0/0
PF_0023743,2026-04-02,7,1,1,unique,28760,0/0/0
PF_0023743,2026-04-02,8,1,1,unique,28795,0/0/0
PF_0023743,2026-04-02,9,1,1,unique,28830,0/0/3
PF_0023743,2026-04-09,1,1,1,unique,28551,0/1/1
PF_0023743,2026-04-09,2,1,1,unique,28586,0/0/0
PF_0023743,2026-04-09,3,1,1,unique,28621,0/0/0
PF_0023743,2026-04-09,4,1,1,unique,28656,0/0/3
PF_0023743,2026-04-09,5,1,1,unique,28691,0/0/3
PF_0023743,2026-04-09,6,1,1,unique,28726,0/0/0
PF_0023743,2026-04-09,7,1,1,unique,28761,0/0/0
PF_0023743,2026-04-09,8,1,1,unique,28796,0/0/0
PF_0023743,2026-04-09,9,1,1,unique,28831,0/0/4
PF_0023743,2026-04-16,1,1,1,unique,28552,0/0/3
PF_0023743,2026-04-16,2,1,1,unique,28587,0/0/0
PF_0023743,2026-04-16,3,1,1,unique,28622,0/0/0
PF_0023743,2026-04-16,4,1,1,unique,28657,0/0/3
PF_0023743,2026-04-16,5,1,1,unique,28692,0/0/3
PF_0023743,2026-04-16,6,1,1,unique,28727,0/0/0
PF_0023743,2026-04-16,7,1,1,unique,28762,0/0/0
PF_0023743,2026-04-16,8,1,1,unique,28797,0/0/0
PF_0023743,2026-04-16,9,1,1,unique,28832,0/0/4
PF_0023743,2026-04-23,1,1,1,unique,28553,0/0/2
PF_0023743,2026-04-23,2,1,1,unique,28588,0/0/0
PF_0023743,2026-04-23,3,1,1,unique,28623,0/0/0
PF_0023743,2026-04-23,4,1,1,unique,28658,0/0/0
PF_0023743,2026-04-23,5,1,1,unique,28693,0/0/2
PF_0023743,2026-04-23,6,1,1,unique,28728,0/0/0
PF_0023743,2026-04-23,7,1,1,unique,28763,0/0/0
PF_0023743,2026-04-23,8,1,1,unique,28798,0/0/0
PF_0023743,2026-04-23,9,1,1,unique,28833,0/0/2
PF_0023743,2026-04-30,1,1,1,unique,28554,0/0/2
PF_0023743,2026-04-30,2,1,1,unique,28589,0/0/0
PF_0023743,2026-04-30,3,1,1,unique,28624,0/0/0
PF_0023743,2026-04-30,4,1,1,unique,28659,0/0/0
PF_0023743,2026-04-30,5,1,1,unique,28694,0/0/0
PF_0023743,2026-04-30,6,1,1,unique,28729,0/0/0
PF_0023743,2026-04-30,7,1,1,unique,28764,0/0/0
PF_0023743,2026-04-30,8,1,1,unique,28799,0/0/0
PF_0023743,2026-04-30,9,1,1,unique,28834,0/0/0
PF_0023743,2026-05-07,1,1,1,unique,28555,0/0/1
PF_0023743,2026-05-07,2,1,1,unique,28590,0/0/0
PF_0023743,2026-05-07,3,1,1,unique,28625,0/0/0
PF_0023743,2026-05-07,4,1,1,unique,28660,0/0/0
PF_0023743,2026-05-07,5,1,1,unique,28695,0/0/0
PF_0023743,2026-05-07,6,1,1,unique,28730,0/0/0
PF_0023743,2026-05-07,7,1,1,unique,28765,0/0/0
PF_0023743,2026-05-07,8,1,1,unique,28800,0/0/0
PF_0023743,2026-05-07,9,1,1,unique,28835,0/0/0
PF_0023743,2026-05-14,1,1,1,unique,28556,0/0/0
PF_0023743,2026-05-14,2,1,1,unique,28591,0/0/0
PF_0023743,2026-05-14,3,1,1,unique,28626,0/0/0
PF_0023743,2026-05-14,4,1,1,unique,28661,0/0/0
PF_0023743,2026-05-14,5,1,1,unique,28696,0/0/0
PF_0023743,2026-05-14,6,1,1,unique,28731,0/0/0
PF_0023743,2026-05-14,7,1,1,unique,28766,0/0/0
PF_0023743,2026-05-14,8,1,1,unique,28801,0/0/0
PF_0023743,2026-05-14,9,1,1,unique,28836,0/0/0
PF_0023743,2026-05-21,1,1,1,unique,28557,0/0/0
PF_0023743,2026-05-21,2,1,1,unique,28592,0/0/0
PF_0023743,2026-05-21,3,1,1,unique,28627,0/0/0
PF_0023743,2026-05-21,4,1,1,unique,28662,0/0/0
PF_0023743,2026-05-21,5,1,1,unique,28697,0/0/0
PF_0023743,2026-05-21,6,1,1,unique,28732,0/0/0
PF_0023743,2026-05-21,7,1,1,unique,28767,0/0/0
PF_0023743,2026-05-21,8,1,1,unique,28802,0/0/0
PF_0023743,2026-05-21,9,1,1,unique,28837,0/0/0
PF_0023923,2024-10-03,1,1,1,unique,10121,0/0/0
PF_0023923,2024-10-03,2,1,1,unique,10151,0/0/0
PF_0023923,2024-10-03,3,1,1,unique,10171,0/0/0
PF_0023923,2024-10-03,4,1,1,unique,10182,0/0/0
PF_0023923,2024-10-03,5,1,1,unique,10212,0/0/0
PF_0023923,2024-10-03,6,1,1,unique,10242,0/0/0
PF_0023923,2024-10-03,7,1,1,unique,10272,0/0/0
PF_0023923,2024-10-03,8,1,1,unique,10289,0/0/0
PF_0023923,2024-10-03,9,1,1,unique,10318,0/0/0
PF_0023923,2024-10-08,1,1,1,unique,10122,0/0/0
PF_0023923,2024-10-08,2,1,1,unique,10152,0/0/0
PF_0023923,2024-10-08,3,1,1,unique,10172,0/0/0
PF_0023923,2024-10-08,4,1,1,unique,10183,0/0/0
PF_0023923,2024-10-08,5,1,1,unique,10213,0/0/0
PF_0023923,2024-10-08,6,1,1,unique,10243,0/0/0
PF_0023923,2024-10-08,7,1,1,unique,10273,0/0/0
PF_0023923,2024-10-08,8,1,1,unique,10290,0/0/0
PF_0023923,2024-10-08,9,1,1,unique,10319,0/0/0
PF_0023923,2024-10-15,1,1,1,unique,10123,0/0/0
PF_0023923,2024-10-15,2,1,1,unique,10153,0/0/0
PF_0023923,2024-10-15,3,1,1,unique,10173,0/0/0
PF_0023923,2024-10-15,4,1,1,unique,10184,0/0/0
PF_0023923,2024-10-15,5,1,1,unique,10214,0/0/0
PF_0023923,2024-10-15,6,1,1,unique,10244,0/0/0
PF_0023923,2024-10-15,7,1,1,unique,10274,0/0/0
PF_0023923,2024-10-15,8,1,1,unique,10291,0/0/0
PF_0023923,2024-10-15,9,1,1,unique,10320,0/0/0
PF_0023923,2024-10-22,1,1,1,unique,10124,0/0/0
PF_0023923,2024-10-22,2,1,1,unique,10154,0/0/0
PF_0023923,2024-10-22,3,1,1,unique,10174,0/0/0
PF_0023923,2024-10-22,4,1,1,unique,10185,0/0/0
PF_0023923,2024-10-22,5,1,1,unique,10215,0/0/0
PF_0023923,2024-10-22,6,1,1,unique,10245,0/0/0
PF_0023923,2024-10-22,7,1,1,unique,10275,0/0/0
PF_0023923,2024-10-22,8,1,1,unique,10292,0/0/0
PF_0023923,2024-10-22,9,1,1,unique,10321,0/0/0
PF_0023923,2024-10-29,1,1,1,unique,10125,0/0/0
PF_0023923,2024-10-29,2,1,1,unique,10155,0/0/0
PF_0023923,2024-10-29,3,1,1,unique,10175,0/0/0
PF_0023923,2024-10-29,4,1,1,unique,10186,0/0/0
PF_0023923,2024-10-29,5,1,1,unique,10216,0/0/0
PF_0023923,2024-10-29,6,1,1,unique,10246,0/0/0
PF_0023923,2024-10-29,7,1,1,unique,10276,0/0/0
PF_0023923,2024-10-29,8,1,1,unique,10293,0/0/0
PF_0023923,2024-10-29,9,1,1,unique,10322,0/0/0
PF_0023923,2024-11-05,1,1,1,unique,10126,0/0/0
PF_0023923,2024-11-05,2,1,1,unique,10156,0/0/0
PF_0023923,2024-11-05,3,1,1,unique,10176,0/0/0
PF_0023923,2024-11-05,4,1,1,unique,10187,0/0/0
PF_0023923,2024-11-05,5,1,1,unique,10217,0/0/0
PF_0023923,2024-11-05,6,1,1,unique,10247,0/0/0
PF_0023923,2024-11-05,7,1,1,unique,10277,0/0/0
PF_0023923,2024-11-05,8,1,1,unique,10294,0/0/0
PF_0023923,2024-11-05,9,1,1,unique,10323,0/0/0
PF_0023923,2024-11-12,1,1,1,unique,10127,0/0/0
PF_0023923,2024-11-12,2,1,1,unique,10157,0/0/0
PF_0023923,2024-11-12,3,1,1,unique,10177,0/0/0
PF_0023923,2024-11-12,4,1,1,unique,10188,0/0/0
PF_0023923,2024-11-12,5,1,1,unique,10218,0/0/0
PF_0023923,2024-11-12,6,1,1,unique,10248,0/0/0
PF_0023923,2024-11-12,7,1,1,unique,10278,0/0/0
PF_0023923,2024-11-12,8,1,1,unique,10295,0/0/0
PF_0023923,2024-11-12,9,1,1,unique,10324,0/0/0
PF_0023923,2024-11-19,1,1,1,unique,10128,0/0/0
PF_0023923,2024-11-19,2,1,1,unique,10158,0/0/0
PF_0023923,2024-11-19,3,1,1,unique,10178,0/0/0
PF_0023923,2024-11-19,4,1,1,unique,10189,0/0/0
PF_0023923,2024-11-19,5,1,1,unique,10219,0/0/0
PF_0023923,2024-11-19,6,1,1,unique,10249,0/0/0
PF_0023923,2024-11-19,7,1,1,unique,10279,0/0/0
PF_0023923,2024-11-19,8,1,1,unique,10296,0/0/0
PF_0023923,2024-11-19,9,1,1,unique,10325,0/0/0
PF_0023923,2024-11-26,1,1,1,unique,10129,2/0/0
PF_0023923,2024-11-26,2,1,1,unique,10159,1/0/0
PF_0023923,2024-11-26,3,1,1,unique,10179,3/0/0
PF_0023923,2024-11-26,4,1,1,unique,10190,0/0/0
PF_0023923,2024-11-26,5,1,1,unique,10220,1/0/0
PF_0023923,2024-11-26,6,1,1,unique,10250,2/0/0
PF_0023923,2024-11-26,7,1,1,unique,10280,0/0/0
PF_0023923,2024-11-26,8,1,1,unique,10297,1/0/0
PF_0023923,2024-11-26,9,1,1,unique,10326,2/0/0
PF_0023923,2024-12-03,1,1,1,unique,10130,5/0/0
PF_0023923,2024-12-03,2,1,1,unique,10160,4/0/0
PF_0023923,2024-12-03,3,1,1,unique,10180,7/0/0
PF_0023923,2024-12-03,4,1,1,unique,10191,0/0/0
PF_0023923,2024-12-03,5,1,1,unique,10221,6/0/0
PF_0023923,2024-12-03,6,1,1,unique,10251,7/0/0
PF_0023923,2024-12-03,7,1,1,unique,10281,0/0/0
PF_0023923,2024-12-03,8,1,1,unique,10298,4/0/0
PF_0023923,2024-12-03,9,1,1,unique,10327,6/0/0
PF_0023923,2024-12-09,1,1,1,unique,10131,9/0/0
PF_0023923,2024-12-09,2,1,1,unique,10161,9/0/0
PF_0023923,2024-12-09,3,1,1,unique,10181,10/0/0
PF_0023923,2024-12-09,4,1,1,unique,10192,0/0/0
PF_0023923,2024-12-09,5,1,1,unique,10222,9/0/0
PF_0023923,2024-12-09,6,1,1,unique,10252,8/0/0
PF_0023923,2024-12-09,7,1,1,unique,10282,0/0/0
PF_0023923,2024-12-09,8,1,1,unique,10299,10/0/0
PF_0023923,2024-12-09,9,1,1,unique,10328,9/0/0
PF_0023923,2024-12-17,1,1,1,unique,10132,7/0/0
PF_0023923,2024-12-17,2,1,1,unique,10162,8/0/0
PF_0023923,2024-12-17,4,1,1,unique,10193,0/0/0
PF_0023923,2024-12-17,5,1,1,unique,10223,8/0/0
PF_0023923,2024-12-17,6,1,1,unique,10253,7/0/0
PF_0023923,2024-12-17,7,1,1,unique,10283,0/0/0
PF_0023923,2024-12-17,8,1,1,unique,10300,7/1/0
PF_0023923,2024-12-17,9,1,1,unique,10329,7/0/0
PF_0023923,2024-12-23,1,1,1,unique,10133,7/0/0
PF_0023923,2024-12-23,2,1,1,unique,10163,8/1/0
PF_0023923,2024-12-23,4,1,1,unique,10194,0/0/0
PF_0023923,2024-12-23,5,1,1,unique,10224,8/0/0
PF_0023923,2024-12-23,6,1,1,unique,10254,8/0/0
PF_0023923,2024-12-23,7,1,1,unique,10284,0/0/0
PF_0023923,2024-12-23,8,1,1,unique,10301,7/2/0
PF_0023923,2024-12-23,9,1,1,unique,10330,7/0/0
PF_0023923,2024-12-31,1,1,1,unique,10134,7/0/0
PF_0023923,2024-12-31,2,1,1,unique,10164,8/3/0
PF_0023923,2024-12-31,4,1,1,unique,10195,1/0/0
PF_0023923,2024-12-31,5,1,1,unique,10225,8/0/0
PF_0023923,2024-12-31,6,1,1,unique,10255,8/0/0
PF_0023923,2024-12-31,7,1,1,unique,10285,0/0/0
PF_0023923,2024-12-31,8,1,1,unique,10302,6/4/0
PF_0023923,2024-12-31,9,1,1,unique,10331,7/0/0
PF_0023923,2025-01-07,1,1,1,unique,10135,6/0/0
PF_0023923,2025-01-07,2,1,1,unique,10165,5/0/0
PF_0023923,2025-01-07,4,1,1,unique,10196,1/0/0
PF_0023923,2025-01-07,5,1,1,unique,10226,8/0/0
PF_0023923,2025-01-07,6,1,1,unique,10256,7/0/0
PF_0023923,2025-01-07,7,1,1,unique,10286,0/0/0
PF_0023923,2025-01-07,8,1,1,unique,10303,6/4/0
PF_0023923,2025-01-07,9,1,1,unique,10332,7/0/0
PF_0023923,2025-01-14,1,1,1,unique,10136,5/0/0
PF_0023923,2025-01-14,2,1,1,unique,10166,5/0/0
PF_0023923,2025-01-14,4,1,1,unique,10197,1/0/0
PF_0023923,2025-01-14,5,1,1,unique,10227,4/0/0
PF_0023923,2025-01-14,6,1,1,unique,10257,4/0/0
PF_0023923,2025-01-14,7,1,1,unique,10287,0/0/0
PF_0023923,2025-01-14,8,1,1,unique,10304,2/4/0
PF_0023923,2025-01-14,9,1,1,unique,10333,4/5/0
PF_0023923,2025-01-27,1,1,1,unique,10137,0/0/0
PF_0023923,2025-01-27,2,1,1,unique,10167,4/0/0
PF_0023923,2025-01-27,4,1,1,unique,10198,5/0/0
PF_0023923,2025-01-27,5,1,1,unique,10228,0/0/0
PF_0023923,2025-01-27,6,1,1,unique,10258,1/0/0
PF_0023923,2025-01-27,7,1,1,unique,10288,0/0/0
PF_0023923,2025-01-27,8,1,1,unique,10305,0/1/0
PF_0023923,2025-01-27,9,1,1,unique,10334,0/5/0
PF_0023923,2025-02-06,1,1,1,unique,10138,0/1/0
PF_0023923,2025-02-06,2,1,1,unique,10168,4/0/0
PF_0023923,2025-02-06,4,1,1,unique,10199,4/1/1
PF_0023923,2025-02-06,5,1,1,unique,10229,0/0/0
PF_0023923,2025-02-06,6,1,1,unique,10259,0/0/0
PF_0023923,2025-02-06,8,1,1,unique,10306,0/2/0
PF_0023923,2025-02-06,9,1,1,unique,10335,0/10/0
PF_0023923,2025-02-11,1,1,1,unique,10139,0/2/0
PF_0023923,2025-02-11,2,1,1,unique,10169,4/0/0
PF_0023923,2025-02-11,4,1,1,unique,10200,5/3/2
PF_0023923,2025-02-11,5,1,1,unique,10230,0/0/0
PF_0023923,2025-02-11,6,1,1,unique,10260,0/0/0
PF_0023923,2025-02-11,8,1,1,unique,10307,0/0/0
PF_0023923,2025-02-11,9,1,1,unique,10336,0/5/0
PF_0023923,2025-02-20,1,1,1,unique,10140,0/5/0
PF_0023923,2025-02-20,2,1,1,unique,10170,0/0/0
PF_0023923,2025-02-20,4,1,1,unique,10201,3/5/3
PF_0023923,2025-02-20,5,1,1,unique,10231,0/3/0
PF_0023923,2025-02-20,6,1,1,unique,10261,0/4/0
PF_0023923,2025-02-20,8,1,1,unique,10308,0/0/1
PF_0023923,2025-02-20,9,1,1,unique,10337,0/3/0
PF_0023923,2025-02-28,1,1,1,unique,10141,0/3/0
PF_0023923,2025-02-28,4,1,1,unique,10202,0/0/1
PF_0023923,2025-02-28,5,1,1,unique,10232,0/5/0
PF_0023923,2025-02-28,6,1,1,unique,10262,0/4/0
PF_0023923,2025-02-28,8,1,1,unique,10309,0/0/5
PF_0023923,2025-02-28,9,1,1,unique,10338,0/3/0
PF_0023923,2025-03-06,1,1,1,unique,10142,0/0/11
PF_0023923,2025-03-06,4,1,1,unique,10203,0/0/0
PF_0023923,2025-03-06,5,1,1,unique,10233,0/0/3
PF_0023923,2025-03-06,6,1,1,unique,10263,0/0/7
PF_0023923,2025-03-06,8,1,1,unique,10310,0/0/5
PF_0023923,2025-03-06,9,1,1,unique,10339,0/6/0
PF_0023923,2025-03-14,1,1,1,unique,10143,0/0/0
PF_0023923,2025-03-14,4,1,1,unique,10204,0/0/0
PF_0023923,2025-03-14,5,1,1,unique,10234,0/0/3
PF_0023923,2025-03-14,6,1,1,unique,10264,0/0/4
PF_0023923,2025-03-14,8,1,1,unique,10311,0/0/2
PF_0023923,2025-03-14,9,1,1,unique,10340,0/4/4
PF_0023923,2025-03-20,1,1,1,unique,10144,0/0/0
PF_0023923,2025-03-20,4,1,1,unique,10205,0/0/0
PF_0023923,2025-03-20,5,1,1,unique,10235,0/0/4
PF_0023923,2025-03-20,6,1,1,unique,10265,0/0/2
PF_0023923,2025-03-20,8,1,1,unique,10312,0/0/3
PF_0023923,2025-03-20,9,1,1,unique,10341,0/3/2
PF_0023923,2025-03-28,1,1,1,unique,10145,0/0/0
PF_0023923,2025-03-28,4,1,1,unique,10206,0/0/0
PF_0023923,2025-03-28,5,1,1,unique,10236,0/0/0
PF_0023923,2025-03-28,6,1,1,unique,10266,0/0/3
PF_0023923,2025-03-28,8,1,1,unique,10313,0/0/0
PF_0023923,2025-03-28,9,1,1,unique,10342,0/0/3
PF_0023923,2025-04-04,1,1,1,unique,10146,0/0/0
PF_0023923,2025-04-04,4,1,1,unique,10207,0/0/0
PF_0023923,2025-04-04,5,1,1,unique,10237,0/0/0
PF_0023923,2025-04-04,6,1,1,unique,10267,0/0/0
PF_0023923,2025-04-04,8,1,1,unique,10314,0/0/0
PF_0023923,2025-04-04,9,1,1,unique,10343,0/0/0
PF_0023923,2025-04-10,1,1,1,unique,10147,0/0/0
PF_0023923,2025-04-10,4,1,1,unique,10208,0/0/0
PF_0023923,2025-04-10,5,1,1,unique,10238,0/0/0
PF_0023923,2025-04-10,6,1,1,unique,10268,0/0/0
PF_0023923,2025-04-10,8,1,1,unique,10315,0/0/0
PF_0023923,2025-04-10,9,1,1,unique,10344,0/0/0
PF_0023923,2025-04-19,1,1,1,unique,10148,0/0/0
PF_0023923,2025-04-19,4,1,1,unique,10209,0/0/0
PF_0023923,2025-04-19,5,1,1,unique,10239,0/0/0
PF_0023923,2025-04-19,6,1,1,unique,10269,0/0/0
PF_0023923,2025-04-19,8,1,1,unique,10316,0/0/0
PF_0023923,2025-04-19,9,1,1,unique,10345,0/0/0
PF_0023923,2025-04-26,1,1,1,unique,10149,0/0/0
PF_0023923,2025-04-26,4,1,1,unique,10210,0/0/0
PF_0023923,2025-04-26,5,1,1,unique,10240,0/0/0
PF_0023923,2025-04-26,6,1,1,unique,10270,0/0/0
PF_0023923,2025-04-26,8,1,1,unique,10317,0/0/0
PF_0023923,2025-04-26,9,1,1,unique,10346,0/0/0
PF_0023923,2025-04-30,1,1,1,unique,10150,0/0/0
PF_0023923,2025-04-30,4,1,1,unique,10211,0/0/0
PF_0023923,2025-04-30,5,1,1,unique,10241,0/0/0
PF_0023923,2025-04-30,6,1,1,unique,10271,0/0/0
PF_0023923,2025-04-30,9,1,1,unique,10347,0/0/0
PF_0023923,2026-04-09,1,1,1,unique,28866,0/0/0
PF_0023923,2026-04-09,2,1,1,unique,28899,0/0/1
PF_0023923,2026-04-09,3,1,1,unique,28932,0/0/0
PF_0023923,2026-04-09,4,1,1,unique,28965,0/0/2
PF_0023923,2026-04-09,5,1,1,unique,28998,0/0/0
PF_0023923,2026-04-09,6,1,1,unique,29031,0/0/0
PF_0023923,2026-04-09,7,1,1,unique,29064,0/0/0
PF_0023923,2026-04-09,8,1,1,unique,29097,0/0/0
PF_0023923,2026-04-09,9,1,1,unique,29130,0/0/1
PF_0023923,2026-04-16,1,1,1,unique,28867,0/0/0
PF_0023923,2026-04-16,2,1,1,unique,28900,0/0/0
PF_0023923,2026-04-16,3,1,1,unique,28933,0/0/0
PF_0023923,2026-04-16,4,1,1,unique,28966,0/0/0
PF_0023923,2026-04-16,5,1,1,unique,28999,0/0/0
PF_0023923,2026-04-16,6,1,1,unique,29032,0/0/0
PF_0023923,2026-04-16,7,1,1,unique,29065,0/0/0
PF_0023923,2026-04-16,8,1,1,unique,29098,0/0/0
PF_0023923,2026-04-16,9,1,1,unique,29131,0/0/0
PF_0023923,2026-04-23,1,1,1,unique,28868,0/0/0
PF_0023923,2026-04-23,2,1,1,unique,28901,0/0/0
PF_0023923,2026-04-23,3,1,1,unique,28934,0/0/0
PF_0023923,2026-04-23,4,1,1,unique,28967,0/0/0
PF_0023923,2026-04-23,5,1,1,unique,29000,0/0/0
PF_0023923,2026-04-23,6,1,1,unique,29033,0/0/0
PF_0023923,2026-04-23,7,1,1,unique,29066,0/0/0
PF_0023923,2026-04-23,8,1,1,unique,29099,0/0/0
PF_0023923,2026-04-23,9,1,1,unique,29132,0/0/0
PF_0023923,2026-04-30,1,1,1,unique,28869,0/0/0
PF_0023923,2026-04-30,2,1,1,unique,28902,0/0/0
PF_0023923,2026-04-30,3,1,1,unique,28935,0/0/0
PF_0023923,2026-04-30,4,1,1,unique,28968,0/0/0
PF_0023923,2026-04-30,5,1,1,unique,29001,0/0/0
PF_0023923,2026-04-30,6,1,1,unique,29034,0/0/0
PF_0023923,2026-04-30,7,1,1,unique,29067,0/0/0
PF_0023923,2026-04-30,8,1,1,unique,29100,0/0/0
PF_0023923,2026-04-30,9,1,1,unique,29133,0/0/0
PF_0023923,2026-05-07,1,1,1,unique,28870,0/0/0
PF_0023923,2026-05-07,2,1,1,unique,28903,0/0/0
PF_0023923,2026-05-07,3,1,1,unique,28936,0/0/0
PF_0023923,2026-05-07,4,1,1,unique,28969,0/0/0
PF_0023923,2026-05-07,5,1,1,unique,29002,0/0/0
PF_0023923,2026-05-07,6,1,1,unique,29035,0/0/0
PF_0023923,2026-05-07,7,1,1,unique,29068,0/0/0
PF_0023923,2026-05-07,8,1,1,unique,29101,0/0/0
PF_0023923,2026-05-07,9,1,1,unique,29134,0/0/0
PF_0024357,2024-10-03,1,1,1,unique,10843,0/0/0
PF_0024357,2024-10-03,2,1,1,unique,10873,0/0/0
PF_0024357,2024-10-03,3,1,1,unique,10903,0/0/0
PF_0024357,2024-10-03,4,1,1,unique,10930,0/0/0
PF_0024357,2024-10-03,5,1,1,unique,10960,0/0/0
PF_0024357,2024-10-03,6,1,1,unique,10990,0/0/0
PF_0024357,2024-10-03,7,1,1,unique,11020,0/0/0
PF_0024357,2024-10-03,8,1,1,unique,11050,0/0/0
PF_0024357,2024-10-03,9,1,1,unique,11072,0/0/0
PF_0024357,2024-10-08,1,1,1,unique,10844,0/0/0
PF_0024357,2024-10-08,2,1,1,unique,10874,0/0/0
PF_0024357,2024-10-08,3,1,1,unique,10904,0/0/0
PF_0024357,2024-10-08,4,1,1,unique,10931,0/0/0
PF_0024357,2024-10-08,5,1,1,unique,10961,0/0/0
PF_0024357,2024-10-08,6,1,1,unique,10991,0/0/0
PF_0024357,2024-10-08,7,1,1,unique,11021,0/0/0
PF_0024357,2024-10-08,8,1,1,unique,11051,0/0/0
PF_0024357,2024-10-08,9,1,1,unique,11073,0/0/0
PF_0024357,2024-10-15,1,1,1,unique,10845,0/0/0
PF_0024357,2024-10-15,2,1,1,unique,10875,0/0/0
PF_0024357,2024-10-15,3,1,1,unique,10905,0/0/0
PF_0024357,2024-10-15,4,1,1,unique,10932,0/0/0
PF_0024357,2024-10-15,5,1,1,unique,10962,0/0/0
PF_0024357,2024-10-15,6,1,1,unique,10992,0/0/0
PF_0024357,2024-10-15,7,1,1,unique,11022,0/0/0
PF_0024357,2024-10-15,8,1,1,unique,11052,0/0/0
PF_0024357,2024-10-15,9,1,1,unique,11074,0/0/0
PF_0024357,2024-10-22,1,1,1,unique,10846,0/0/0
PF_0024357,2024-10-22,2,1,1,unique,10876,0/0/0
PF_0024357,2024-10-22,3,1,1,unique,10906,0/0/0
PF_0024357,2024-10-22,4,1,1,unique,10933,0/0/0
PF_0024357,2024-10-22,5,1,1,unique,10963,0/0/0
PF_0024357,2024-10-22,6,1,1,unique,10993,0/0/0
PF_0024357,2024-10-22,7,1,1,unique,11023,0/0/0
PF_0024357,2024-10-22,8,1,1,unique,11053,0/0/0
PF_0024357,2024-10-22,9,1,1,unique,11075,0/0/0
PF_0024357,2024-10-29,1,1,1,unique,10847,1/0/0
PF_0024357,2024-10-29,2,1,1,unique,10877,1/0/0
PF_0024357,2024-10-29,3,1,1,unique,10907,1/0/0
PF_0024357,2024-10-29,4,1,1,unique,10934,1/0/0
PF_0024357,2024-10-29,5,1,1,unique,10964,1/0/0
PF_0024357,2024-10-29,6,1,1,unique,10994,0/0/0
PF_0024357,2024-10-29,7,1,1,unique,11024,2/0/0
PF_0024357,2024-10-29,8,1,1,unique,11054,1/0/0
PF_0024357,2024-10-29,9,1,1,unique,11076,0/0/0
PF_0024357,2024-11-05,1,1,1,unique,10848,6/0/0
PF_0024357,2024-11-05,2,1,1,unique,10878,7/0/0
PF_0024357,2024-11-05,3,1,1,unique,10908,7/0/0
PF_0024357,2024-11-05,4,1,1,unique,10935,3/0/0
PF_0024357,2024-11-05,5,1,1,unique,10965,5/0/0
PF_0024357,2024-11-05,6,1,1,unique,10995,5/0/0
PF_0024357,2024-11-05,7,1,1,unique,11025,4/0/0
PF_0024357,2024-11-05,8,1,1,unique,11055,0/0/0
PF_0024357,2024-11-05,9,1,1,unique,11077,3/0/0
PF_0024357,2024-11-12,1,1,1,unique,10849,7/0/0
PF_0024357,2024-11-12,2,1,1,unique,10879,11/0/0
PF_0024357,2024-11-12,3,1,1,unique,10909,10/0/0
PF_0024357,2024-11-12,4,1,1,unique,10936,6/0/0
PF_0024357,2024-11-12,5,1,1,unique,10966,7/0/0
PF_0024357,2024-11-12,6,1,1,unique,10996,8/0/0
PF_0024357,2024-11-12,7,1,1,unique,11026,6/0/0
PF_0024357,2024-11-12,8,1,1,unique,11056,8/0/0
PF_0024357,2024-11-12,9,1,1,unique,11078,8/0/0
PF_0024357,2024-11-19,1,1,1,unique,10850,11/0/0
PF_0024357,2024-11-19,2,1,1,unique,10880,14/0/0
PF_0024357,2024-11-19,3,1,1,unique,10910,12/0/0
PF_0024357,2024-11-19,4,1,1,unique,10937,11/0/0
PF_0024357,2024-11-19,5,1,1,unique,10967,11/0/0
PF_0024357,2024-11-19,6,1,1,unique,10997,13/0/0
PF_0024357,2024-11-19,7,1,1,unique,11027,7/0/0
PF_0024357,2024-11-19,8,1,1,unique,11057,10/0/0
PF_0024357,2024-11-19,9,1,1,unique,11079,13/0/0
PF_0024357,2024-11-26,1,1,1,unique,10851,15/0/0
PF_0024357,2024-11-26,2,1,1,unique,10881,13/0/0
PF_0024357,2024-11-26,3,1,1,unique,10911,11/0/0
PF_0024357,2024-11-26,4,1,1,unique,10938,14/0/0
PF_0024357,2024-11-26,5,1,1,unique,10968,10/0/0
PF_0024357,2024-11-26,6,1,1,unique,10998,13/0/0
PF_0024357,2024-11-26,7,1,1,unique,11028,7/0/0
PF_0024357,2024-11-26,8,1,1,unique,11058,13/0/0
PF_0024357,2024-11-26,9,1,1,unique,11080,11/0/0
PF_0024357,2024-12-03,1,1,1,unique,10852,12/0/0
PF_0024357,2024-12-03,2,1,1,unique,10882,10/0/0
PF_0024357,2024-12-03,3,1,1,unique,10912,10/0/0
PF_0024357,2024-12-03,4,1,1,unique,10939,10/0/0
PF_0024357,2024-12-03,5,1,1,unique,10969,8/0/0
PF_0024357,2024-12-03,6,1,1,unique,10999,12/0/0
PF_0024357,2024-12-03,7,1,1,unique,11029,5/0/0
PF_0024357,2024-12-03,8,1,1,unique,11059,12/0/0
PF_0024357,2024-12-03,9,1,1,unique,11081,9/0/0
PF_0024357,2024-12-10,1,1,1,unique,10853,10/0/0
PF_0024357,2024-12-10,2,1,1,unique,10883,9/1/0
PF_0024357,2024-12-10,3,1,1,unique,10913,6/0/0
PF_0024357,2024-12-10,4,1,1,unique,10940,14/0/0
PF_0024357,2024-12-10,5,1,1,unique,10970,6/1/0
PF_0024357,2024-12-10,6,1,1,unique,11000,10/0/0
PF_0024357,2024-12-10,7,1,1,unique,11030,3/0/0
PF_0024357,2024-12-10,8,1,1,unique,11060,9/0/0
PF_0024357,2024-12-10,9,1,1,unique,11082,9/0/0
PF_0024357,2024-12-18,1,1,1,unique,10854,7/1/0
PF_0024357,2024-12-18,2,1,1,unique,10884,7/4/0
PF_0024357,2024-12-18,3,1,1,unique,10914,5/0/0
PF_0024357,2024-12-18,4,1,1,unique,10941,8/3/0
PF_0024357,2024-12-18,5,1,1,unique,10971,4/7/0
PF_0024357,2024-12-18,6,1,1,unique,11001,8/1/0
PF_0024357,2024-12-18,7,1,1,unique,11031,3/1/0
PF_0024357,2024-12-18,8,1,1,unique,11061,8/2/0
PF_0024357,2024-12-18,9,1,1,unique,11083,6/0/0
PF_0024357,2024-12-24,1,1,1,unique,10855,6/1/0
PF_0024357,2024-12-24,2,1,1,unique,10885,5/4/0
PF_0024357,2024-12-24,3,1,1,unique,10915,4/0/0
PF_0024357,2024-12-24,4,1,1,unique,10942,6/0/0
PF_0024357,2024-12-24,5,1,1,unique,10972,4/8/0
PF_0024357,2024-12-24,6,1,1,unique,11002,8/4/0
PF_0024357,2024-12-24,7,1,1,unique,11032,1/1/0
PF_0024357,2024-12-24,8,1,1,unique,11062,5/5/0
PF_0024357,2024-12-24,9,1,1,unique,11084,5/0/0
PF_0024357,2025-01-01,1,1,1,unique,10856,2/2/0
PF_0024357,2025-01-01,2,1,1,unique,10886,0/6/0
PF_0024357,2025-01-01,3,1,1,unique,10916,1/0/0
PF_0024357,2025-01-01,4,1,1,unique,10943,6/0/3
PF_0024357,2025-01-01,5,1,1,unique,10973,12/0/0
PF_0024357,2025-01-01,6,1,1,unique,11003,3/9/0
PF_0024357,2025-01-01,7,1,1,unique,11033,0/5/0
PF_0024357,2025-01-01,8,1,1,unique,11063,2/10/0
PF_0024357,2025-01-01,9,1,1,unique,11085,3/0/0
PF_0024357,2025-01-07,1,1,1,unique,10857,0/4/0
PF_0024357,2025-01-07,2,1,1,unique,10887,0/6/0
PF_0024357,2025-01-07,3,1,1,unique,10917,1/0/0
PF_0024357,2025-01-07,4,1,1,unique,10944,3/0/7
PF_0024357,2025-01-07,5,1,1,unique,10974,12/0/0
PF_0024357,2025-01-07,6,1,1,unique,11004,1/10/0
PF_0024357,2025-01-07,7,1,1,unique,11034,0/10/0
PF_0024357,2025-01-07,8,1,1,unique,11064,0/12/0
PF_0024357,2025-01-07,9,1,1,unique,11086,1/0/0
PF_0024357,2025-01-15,1,1,1,unique,10858,0/4/0
PF_0024357,2025-01-15,2,1,1,unique,10888,0/6/0
PF_0024357,2025-01-15,3,1,1,unique,10918,4/0/0
PF_0024357,2025-01-15,4,1,1,unique,10945,11/0/5
PF_0024357,2025-01-15,5,1,1,unique,10975,13/0/0
PF_0024357,2025-01-15,6,1,1,unique,11005,0/9/0
PF_0024357,2025-01-15,7,1,1,unique,11035,0/10/0
PF_0024357,2025-01-15,8,1,1,unique,11065,0/12/0
PF_0024357,2025-01-15,9,1,1,unique,11087,4/0/0
PF_0024357,2025-01-27,1,1,1,unique,10859,0/6/0
PF_0024357,2025-01-27,2,1,1,unique,10889,0/5/0
PF_0024357,2025-01-27,3,1,1,unique,10919,15/0/0
PF_0024357,2025-01-27,4,1,1,unique,10946,10/0/8
PF_0024357,2025-01-27,5,1,1,unique,10976,6/0/3
PF_0024357,2025-01-27,6,1,1,unique,11006,0/9/0
PF_0024357,2025-01-27,7,1,1,unique,11036,0/10/0
PF_0024357,2025-01-27,8,1,1,unique,11066,0/10/1
PF_0024357,2025-01-27,9,1,1,unique,11088,10/3/0
PF_0024357,2025-02-06,1,1,1,unique,10860,0/5/1
PF_0024357,2025-02-06,2,1,1,unique,10890,0/7/0
PF_0024357,2025-02-06,3,1,1,unique,10920,16/3/0
PF_0024357,2025-02-06,4,1,1,unique,10947,0/0/17
PF_0024357,2025-02-06,5,1,1,unique,10977,6/0/2
PF_0024357,2025-02-06,6,1,1,unique,11007,0/7/6
PF_0024357,2025-02-06,7,1,1,unique,11037,0/7/6
PF_0024357,2025-02-06,8,1,1,unique,11067,0/6/1
PF_0024357,2025-02-06,9,1,1,unique,11089,15/1/0
PF_0024357,2025-02-11,1,1,1,unique,10861,0/3/3
PF_0024357,2025-02-11,2,1,1,unique,10891,0/7/0
PF_0024357,2025-02-11,3,1,1,unique,10921,9/4/0
PF_0024357,2025-02-11,4,1,1,unique,10948,0/0/6
PF_0024357,2025-02-11,5,1,1,unique,10978,5/0/3
PF_0024357,2025-02-11,6,1,1,unique,11008,0/5/6
PF_0024357,2025-02-11,7,1,1,unique,11038,0/6/6
PF_0024357,2025-02-11,8,1,1,unique,11068,0/7/1
PF_0024357,2025-02-11,9,1,1,unique,11090,13/3/0
PF_0024357,2025-02-20,1,1,1,unique,10862,0/2/5
PF_0024357,2025-02-20,2,1,1,unique,10892,0/7/0
PF_0024357,2025-02-20,3,1,1,unique,10922,4/3/1
PF_0024357,2025-02-20,4,1,1,unique,10949,0/0/4
PF_0024357,2025-02-20,5,1,1,unique,10979,5/0/1
PF_0024357,2025-02-20,6,1,1,unique,11009,0/0/9
PF_0024357,2025-02-20,7,1,1,unique,11039,0/0/6
PF_0024357,2025-02-20,8,1,1,unique,11069,0/7/0
PF_0024357,2025-02-20,9,1,1,unique,11091,4/3/4
PF_0024357,2025-02-28,1,1,1,unique,10863,0/0/0
PF_0024357,2025-02-28,2,1,1,unique,10893,0/6/2
PF_0024357,2025-02-28,3,1,1,unique,10923,0/2/4
PF_0024357,2025-02-28,4,1,1,unique,10950,0/0/4
PF_0024357,2025-02-28,5,1,1,unique,10980,3/0/4
PF_0024357,2025-02-28,6,1,1,unique,11010,0/0/5
PF_0024357,2025-02-28,7,1,1,unique,11040,0/0/5
PF_0024357,2025-02-28,8,1,1,unique,11070,0/4/0
PF_0024357,2025-02-28,9,1,1,unique,11092,0/7/4
PF_0024357,2025-03-06,1,1,1,unique,10864,0/0/0
PF_0024357,2025-03-06,2,1,1,unique,10894,0/4/5
PF_0024357,2025-03-06,3,1,1,unique,10924,0/0/4
PF_0024357,2025-03-06,4,1,1,unique,10951,0/0/2
PF_0024357,2025-03-06,5,1,1,unique,10981,0/0/4
PF_0024357,2025-03-06,6,1,1,unique,11011,0/0/5
PF_0024357,2025-03-06,7,1,1,unique,11041,0/0/5
PF_0024357,2025-03-06,8,1,1,unique,11071,0/0/0
PF_0024357,2025-03-06,9,1,1,unique,11093,0/0/6
PF_0024357,2025-03-14,1,1,1,unique,10865,0/0/0
PF_0024357,2025-03-14,2,1,1,unique,10895,0/0/2
PF_0024357,2025-03-14,3,1,1,unique,10925,0/0/3
PF_0024357,2025-03-14,4,1,1,unique,10952,0/0/0
PF_0024357,2025-03-14,5,1,1,unique,10982,0/0/2
PF_0024357,2025-03-14,6,1,1,unique,11012,0/0/2
PF_0024357,2025-03-14,7,1,1,unique,11042,0/0/4
PF_0024357,2025-03-14,9,1,1,unique,11094,0/0/4
PF_0024357,2025-03-20,1,1,1,unique,10866,0/0/0
PF_0024357,2025-03-20,2,1,1,unique,10896,0/0/4
PF_0024357,2025-03-20,3,1,1,unique,10926,0/0/2
PF_0024357,2025-03-20,4,1,1,unique,10953,0/0/0
PF_0024357,2025-03-20,5,1,1,unique,10983,0/0/1
PF_0024357,2025-03-20,6,1,1,unique,11013,0/0/1
PF_0024357,2025-03-20,7,1,1,unique,11043,0/0/3
PF_0024357,2025-03-20,9,1,1,unique,11095,0/0/3
PF_0024357,2025-03-28,1,1,1,unique,10867,0/0/0
PF_0024357,2025-03-28,2,1,1,unique,10897,0/0/4
PF_0024357,2025-03-28,3,1,1,unique,10927,0/0/0
PF_0024357,2025-03-28,4,1,1,unique,10954,0/0/0
PF_0024357,2025-03-28,5,1,1,unique,10984,0/0/0
PF_0024357,2025-03-28,6,1,1,unique,11014,0/0/0
PF_0024357,2025-03-28,7,1,1,unique,11044,0/0/0
PF_0024357,2025-03-28,9,1,1,unique,11096,0/0/0
PF_0024357,2025-04-04,1,1,1,unique,10868,0/0/0
PF_0024357,2025-04-04,2,1,1,unique,10898,0/0/0
PF_0024357,2025-04-04,3,1,1,unique,10928,0/0/0
PF_0024357,2025-04-04,4,1,1,unique,10955,0/0/0
PF_0024357,2025-04-04,5,1,1,unique,10985,0/0/0
PF_0024357,2025-04-04,6,1,1,unique,11015,0/0/0
PF_0024357,2025-04-04,7,1,1,unique,11045,0/0/0
PF_0024357,2025-04-04,9,1,1,unique,11097,0/0/0
PF_0024357,2025-04-10,1,1,1,unique,10869,0/0/0
PF_0024357,2025-04-10,2,1,1,unique,10899,0/0/0
PF_0024357,2025-04-10,3,1,1,unique,10929,0/0/0
PF_0024357,2025-04-10,4,1,1,unique,10956,0/0/0
PF_0024357,2025-04-10,5,1,1,unique,10986,3/0/0
PF_0024357,2025-04-10,6,1,1,unique,11016,0/0/0
PF_0024357,2025-04-10,7,1,1,unique,11046,0/0/0
PF_0024357,2025-04-10,9,1,1,unique,11098,0/0/0
PF_0024357,2025-04-19,1,1,1,unique,10870,0/0/0
PF_0024357,2025-04-19,2,1,1,unique,10900,0/0/0
PF_0024357,2025-04-19,4,1,1,unique,10957,0/0/0
PF_0024357,2025-04-19,5,1,1,unique,10987,0/0/0
PF_0024357,2025-04-19,6,1,1,unique,11017,0/0/0
PF_0024357,2025-04-19,7,1,1,unique,11047,0/0/0
PF_0024357,2025-04-19,9,1,1,unique,11099,0/0/0
PF_0024357,2025-04-26,1,1,1,unique,10871,0/0/0
PF_0024357,2025-04-26,2,1,1,unique,10901,0/0/0
PF_0024357,2025-04-26,4,1,1,unique,10958,0/0/0
PF_0024357,2025-04-26,5,1,1,unique,10988,0/0/0
PF_0024357,2025-04-26,6,1,1,unique,11018,0/0/0
PF_0024357,2025-04-26,7,1,1,unique,11048,0/0/0
PF_0024357,2025-04-26,9,1,1,unique,11100,0/0/0
PF_0024357,2025-04-30,1,1,1,unique,10872,0/0/0
PF_0024357,2025-04-30,2,1,1,unique,10902,0/0/0
PF_0024357,2025-04-30,4,1,1,unique,10959,0/0/0
PF_0024357,2025-04-30,5,1,1,unique,10989,0/0/0
PF_0024357,2025-04-30,6,1,1,unique,11019,0/0/0
PF_0024357,2025-04-30,7,1,1,unique,11049,0/0/0
PF_0024357,2025-04-30,9,1,1,unique,11101,0/0/0
PF_0024357,2026-04-02,1,1,1,unique,29161,0/0/0
PF_0024357,2026-04-02,2,1,1,unique,29192,0/0/0
PF_0024357,2026-04-02,3,1,1,unique,29223,0/0/0
PF_0024357,2026-04-02,4,1,1,unique,29254,0/0/0
PF_0024357,2026-04-02,5,1,1,unique,29285,0/0/0
PF_0024357,2026-04-02,6,1,1,unique,29316,0/0/0
PF_0024357,2026-04-02,7,1,1,unique,29347,0/0/0
PF_0024357,2026-04-02,8,1,1,unique,29378,0/0/0
PF_0024357,2026-04-02,9,1,1,unique,29409,0/0/0
PF_0024357,2026-04-09,1,1,1,unique,29162,0/0/0
PF_0024357,2026-04-09,2,1,1,unique,29193,0/0/0
PF_0024357,2026-04-09,3,1,1,unique,29224,0/0/0
PF_0024357,2026-04-09,4,1,1,unique,29255,0/0/0
PF_0024357,2026-04-09,5,1,1,unique,29286,0/0/0
PF_0024357,2026-04-09,6,1,1,unique,29317,0/0/0
PF_0024357,2026-04-09,7,1,1,unique,29348,0/0/0
PF_0024357,2026-04-09,8,1,1,unique,29379,0/0/0
PF_0024357,2026-04-09,9,1,1,unique,29410,0/0/0
PF_0024357,2026-04-16,1,1,1,unique,29163,0/0/0
PF_0024357,2026-04-16,2,1,1,unique,29194,0/0/0
PF_0024357,2026-04-16,3,1,1,unique,29225,0/0/0
PF_0024357,2026-04-16,4,1,1,unique,29256,0/0/0
PF_0024357,2026-04-16,5,1,1,unique,29287,0/0/0
PF_0024357,2026-04-16,6,1,1,unique,29318,0/0/0
PF_0024357,2026-04-16,7,1,1,unique,29349,0/0/0
PF_0024357,2026-04-16,8,1,1,unique,29380,0/0/0
PF_0024357,2026-04-16,9,1,1,unique,29411,0/0/0
PF_0024357,2026-04-23,1,1,1,unique,29164,0/0/0
PF_0024357,2026-04-23,2,1,1,unique,29195,0/0/0
PF_0024357,2026-04-23,3,1,1,unique,29226,0/0/0
PF_0024357,2026-04-23,4,1,1,unique,29257,0/0/0
PF_0024357,2026-04-23,5,1,1,unique,29288,0/0/0
PF_0024357,2026-04-23,6,1,1,unique,29319,0/0/0
PF_0024357,2026-04-23,7,1,1,unique,29350,0/0/0
PF_0024357,2026-04-23,8,1,1,unique,29381,0/0/0
PF_0024357,2026-04-23,9,1,1,unique,29412,0/0/0
PF_0024357,2026-04-30,1,1,1,unique,29165,0/0/0
PF_0024357,2026-04-30,2,1,1,unique,29196,0/0/0
PF_0024357,2026-04-30,3,1,1,unique,29227,0/0/0
PF_0024357,2026-04-30,4,1,1,unique,29258,0/0/0
PF_0024357,2026-04-30,5,1,1,unique,29289,0/0/0
PF_0024357,2026-04-30,6,1,1,unique,29320,0/0/0
PF_0024357,2026-04-30,7,1,1,unique,29351,0/0/0
PF_0024357,2026-04-30,8,1,1,unique,29382,0/0/0
PF_0024357,2026-04-30,9,1,1,unique,29413,0/0/0
PF_0024365,2024-10-03,1,1,1,unique,11390,0/0/0
PF_0024365,2024-10-03,2,1,1,unique,11420,0/0/0
PF_0024365,2024-10-03,3,1,1,unique,11450,0/0/0
PF_0024365,2024-10-03,4,1,1,unique,11480,0/0/0
PF_0024365,2024-10-03,5,1,1,unique,11510,0/0/0
PF_0024365,2024-10-03,6,1,1,unique,11537,0/0/0
PF_0024365,2024-10-03,7,1,1,unique,11567,0/0/0
PF_0024365,2024-10-03,8,1,1,unique,11587,0/0/0
PF_0024365,2024-10-03,9,1,1,unique,11616,0/0/0
PF_0024365,2024-10-08,1,1,1,unique,11391,0/0/0
PF_0024365,2024-10-08,2,1,1,unique,11421,0/0/0
PF_0024365,2024-10-08,3,1,1,unique,11451,0/0/0
PF_0024365,2024-10-08,4,1,1,unique,11481,0/0/0
PF_0024365,2024-10-08,5,1,1,unique,11511,0/0/0
PF_0024365,2024-10-08,6,1,1,unique,11538,0/0/0
PF_0024365,2024-10-08,7,1,1,unique,11568,0/0/0
PF_0024365,2024-10-08,8,1,1,unique,11588,0/0/0
PF_0024365,2024-10-08,9,1,1,unique,11617,0/0/0
PF_0024365,2024-10-15,1,1,1,unique,11392,0/0/0
PF_0024365,2024-10-15,2,1,1,unique,11422,0/0/0
PF_0024365,2024-10-15,3,1,1,unique,11452,0/0/0
PF_0024365,2024-10-15,4,1,1,unique,11482,0/0/0
PF_0024365,2024-10-15,5,1,1,unique,11512,0/0/0
PF_0024365,2024-10-15,6,1,1,unique,11539,0/0/0
PF_0024365,2024-10-15,7,1,1,unique,11569,0/0/0
PF_0024365,2024-10-15,8,1,1,unique,11589,0/0/0
PF_0024365,2024-10-15,9,1,1,unique,11618,0/0/0
PF_0024365,2024-10-22,1,1,1,unique,11393,0/0/0
PF_0024365,2024-10-22,2,1,1,unique,11423,0/0/0
PF_0024365,2024-10-22,3,1,1,unique,11453,0/0/0
PF_0024365,2024-10-22,4,1,1,unique,11483,0/0/0
PF_0024365,2024-10-22,5,1,1,unique,11513,0/0/0
PF_0024365,2024-10-22,6,1,1,unique,11540,0/0/0
PF_0024365,2024-10-22,7,1,1,unique,11570,0/0/0
PF_0024365,2024-10-22,8,1,1,unique,11590,0/0/0
PF_0024365,2024-10-22,9,1,1,unique,11619,0/0/0
PF_0024365,2024-10-29,1,1,1,unique,11394,2/0/0
PF_0024365,2024-10-29,2,1,1,unique,11424,3/0/0
PF_0024365,2024-10-29,3,1,1,unique,11454,0/0/0
PF_0024365,2024-10-29,4,1,1,unique,11484,2/1/0
PF_0024365,2024-10-29,5,1,1,unique,11514,1/0/0
PF_0024365,2024-10-29,6,1,1,unique,11541,0/0/0
PF_0024365,2024-10-29,7,1,1,unique,11571,0/0/0
PF_0024365,2024-10-29,8,1,1,unique,11591,0/0/0
PF_0024365,2024-10-29,9,1,1,unique,11620,0/0/0
PF_0024365,2024-11-05,1,1,1,unique,11395,5/0/0
PF_0024365,2024-11-05,2,1,1,unique,11425,7/0/0
PF_0024365,2024-11-05,3,1,1,unique,11455,3/0/0
PF_0024365,2024-11-05,4,1,1,unique,11485,4/3/0
PF_0024365,2024-11-05,5,1,1,unique,11515,4/0/0
PF_0024365,2024-11-05,6,1,1,unique,11542,4/0/0
PF_0024365,2024-11-05,7,1,1,unique,11572,1/0/0
PF_0024365,2024-11-05,8,1,1,unique,11592,1/0/0
PF_0024365,2024-11-05,9,1,1,unique,11621,1/0/0
PF_0024365,2024-11-12,1,1,1,unique,11396,7/0/0
PF_0024365,2024-11-12,2,1,1,unique,11426,7/0/0
PF_0024365,2024-11-12,3,1,1,unique,11456,8/0/0
PF_0024365,2024-11-12,4,1,1,unique,11486,5/3/0
PF_0024365,2024-11-12,5,1,1,unique,11516,5/0/0
PF_0024365,2024-11-12,6,1,1,unique,11543,6/0/0
PF_0024365,2024-11-12,7,1,1,unique,11573,4/0/0
PF_0024365,2024-11-12,8,1,1,unique,11593,4/0/0
PF_0024365,2024-11-12,9,1,1,unique,11622,4/0/0
PF_0024365,2024-11-19,1,1,1,unique,11397,7/0/0
PF_0024365,2024-11-19,2,1,1,unique,11427,7/0/0
PF_0024365,2024-11-19,3,1,1,unique,11457,8/0/0
PF_0024365,2024-11-19,4,1,1,unique,11487,5/3/0
PF_0024365,2024-11-19,5,1,1,unique,11517,6/0/0
PF_0024365,2024-11-19,6,1,1,unique,11544,8/0/0
PF_0024365,2024-11-19,7,1,1,unique,11574,2/0/0
PF_0024365,2024-11-19,8,1,1,unique,11594,9/0/0
PF_0024365,2024-11-19,9,1,1,unique,11623,6/0/0
PF_0024365,2024-11-26,1,1,1,unique,11398,5/0/0
PF_0024365,2024-11-26,2,1,1,unique,11428,4/1/0
PF_0024365,2024-11-26,3,1,1,unique,11458,8/0/0
PF_0024365,2024-11-26,4,1,1,unique,11488,5/3/0
PF_0024365,2024-11-26,5,1,1,unique,11518,6/0/0
PF_0024365,2024-11-26,6,1,1,unique,11545,8/0/0
PF_0024365,2024-11-26,7,1,1,unique,11575,5/0/0
PF_0024365,2024-11-26,8,1,1,unique,11595,8/0/0
PF_0024365,2024-11-26,9,1,1,unique,11624,6/0/0
PF_0024365,2024-12-03,1,1,1,unique,11399,5/1/0
PF_0024365,2024-12-03,2,1,1,unique,11429,3/4/0
PF_0024365,2024-12-03,3,1,1,unique,11459,5/2/2
PF_0024365,2024-12-03,4,1,1,unique,11489,5/3/0
PF_0024365,2024-12-03,5,1,1,unique,11519,6/0/0
PF_0024365,2024-12-03,6,1,1,unique,11546,8/1/0
PF_0024365,2024-12-03,7,1,1,unique,11576,5/0/0
PF_0024365,2024-12-03,8,1,1,unique,11596,9/2/0
PF_0024365,2024-12-03,9,1,1,unique,11625,5/0/0
PF_0024365,2024-12-10,1,1,1,unique,11400,2/3/0
PF_0024365,2024-12-10,2,1,1,unique,11430,0/6/0
PF_0024365,2024-12-10,3,1,1,unique,11460,0/3/6
PF_0024365,2024-12-10,4,1,1,unique,11490,5/2/0
PF_0024365,2024-12-10,5,1,1,unique,11520,5/1/0
PF_0024365,2024-12-10,6,1,1,unique,11547,6/3/0
PF_0024365,2024-12-10,7,1,1,unique,11577,5/1/0
PF_0024365,2024-12-10,8,1,1,unique,11597,7/4/0
PF_0024365,2024-12-10,9,1,1,unique,11626,3/0/0
PF_0024365,2024-12-17,1,1,1,unique,11401,0/3/0
PF_0024365,2024-12-17,2,1,1,unique,11431,0/12/0
PF_0024365,2024-12-17,3,1,1,unique,11461,0/3/10
PF_0024365,2024-12-17,4,1,1,unique,11491,0/7/0
PF_0024365,2024-12-17,5,1,1,unique,11521,0/3/0
PF_0024365,2024-12-17,6,1,1,unique,11548,0/0/0
PF_0024365,2024-12-17,7,1,1,unique,11578,0/3/0
PF_0024365,2024-12-17,8,1,1,unique,11598,5/6/0
PF_0024365,2024-12-17,9,1,1,unique,11627,3/1/0
PF_0024365,2024-12-23,1,1,1,unique,11402,0/6/0
PF_0024365,2024-12-23,2,1,1,unique,11432,0/6/0
PF_0024365,2024-12-23,3,1,1,unique,11462,0/5/6
PF_0024365,2024-12-23,4,1,1,unique,11492,0/6/0
PF_0024365,2024-12-23,5,1,1,unique,11522,0/2/0
PF_0024365,2024-12-23,6,1,1,unique,11549,0/0/0
PF_0024365,2024-12-23,7,1,1,unique,11579,0/2/1
PF_0024365,2024-12-23,8,1,1,unique,11599,4/6/0
PF_0024365,2024-12-23,9,1,1,unique,11628,0/2/0
PF_0024365,2024-12-31,1,1,1,unique,11403,0/3/3
PF_0024365,2024-12-31,2,1,1,unique,11433,0/6/0
PF_0024365,2024-12-31,3,1,1,unique,11463,0/0/8
PF_0024365,2024-12-31,4,1,1,unique,11493,0/6/0
PF_0024365,2024-12-31,5,1,1,unique,11523,0/0/0
PF_0024365,2024-12-31,6,1,1,unique,11550,0/0/2
PF_0024365,2024-12-31,7,1,1,unique,11580,0/1/1
PF_0024365,2024-12-31,8,1,1,unique,11600,0/9/0
PF_0024365,2024-12-31,9,1,1,unique,11629,0/1/0
PF_0024365,2025-01-07,1,1,1,unique,11404,0/0/7
PF_0024365,2025-01-07,2,1,1,unique,11434,0/5/0
PF_0024365,2025-01-07,3,1,1,unique,11464,0/0/6
PF_0024365,2025-01-07,4,1,1,unique,11494,0/2/0
PF_0024365,2025-01-07,5,1,1,unique,11524,0/0/0
PF_0024365,2025-01-07,6,1,1,unique,11551,0/0/3
PF_0024365,2025-01-07,7,1,1,unique,11581,0/0/3
PF_0024365,2025-01-07,8,1,1,unique,11601,0/7/0
PF_0024365,2025-01-07,9,1,1,unique,11630,0/0/4
PF_0024365,2025-01-14,1,1,1,unique,11405,0/0/7
PF_0024365,2025-01-14,2,1,1,unique,11435,0/3/2
PF_0024365,2025-01-14,3,1,1,unique,11465,0/0/0
PF_0024365,2025-01-14,4,1,1,unique,11495,0/0/1
PF_0024365,2025-01-14,5,1,1,unique,11525,0/0/1
PF_0024365,2025-01-14,6,1,1,unique,11552,0/0/1
PF_0024365,2025-01-14,7,1,1,unique,11582,0/0/7
PF_0024365,2025-01-14,8,1,1,unique,11602,0/5/1
PF_0024365,2025-01-14,9,1,1,unique,11631,0/0/5
PF_0024365,2025-01-27,1,1,1,unique,11406,0/0/4
PF_0024365,2025-01-27,2,1,1,unique,11436,0/0/5
PF_0024365,2025-01-27,3,1,1,unique,11466,0/0/0
PF_0024365,2025-01-27,4,1,1,unique,11496,0/0/2
PF_0024365,2025-01-27,5,1,1,unique,11526,0/0/3
PF_0024365,2025-01-27,6,1,1,unique,11553,0/0/0
PF_0024365,2025-01-27,7,1,1,unique,11583,0/0/3
PF_0024365,2025-01-27,8,1,1,unique,11603,0/6/0
PF_0024365,2025-01-27,9,1,1,unique,11632,0/0/3
PF_0024365,2025-02-06,1,1,1,unique,11407,0/0/0
PF_0024365,2025-02-06,2,1,1,unique,11437,0/0/5
PF_0024365,2025-02-06,3,1,1,unique,11467,0/0/0
PF_0024365,2025-02-06,4,1,1,unique,11497,0/0/6
PF_0024365,2025-02-06,5,1,1,unique,11527,0/0/8
PF_0024365,2025-02-06,6,1,1,unique,11554,0/0/0
PF_0024365,2025-02-06,7,1,1,unique,11584,0/0/2
PF_0024365,2025-02-06,8,1,1,unique,11604,0/0/0
PF_0024365,2025-02-06,9,1,1,unique,11633,0/0/2
PF_0024365,2025-02-11,1,1,1,unique,11408,0/0/0
PF_0024365,2025-02-11,2,1,1,unique,11438,0/0/5
PF_0024365,2025-02-11,3,1,1,unique,11468,0/0/0
PF_0024365,2025-02-11,4,1,1,unique,11498,0/0/5
PF_0024365,2025-02-11,5,1,1,unique,11528,0/0/10
PF_0024365,2025-02-11,6,1,1,unique,11555,0/0/0
PF_0024365,2025-02-11,7,1,1,unique,11585,0/0/0
PF_0024365,2025-02-11,8,1,1,unique,11605,0/0/0
PF_0024365,2025-02-11,9,1,1,unique,11634,0/0/1
PF_0024365,2025-02-20,1,1,1,unique,11409,0/0/0
PF_0024365,2025-02-20,2,1,1,unique,11439,0/0/0
PF_0024365,2025-02-20,3,1,1,unique,11469,0/0/0
PF_0024365,2025-02-20,4,1,1,unique,11499,0/0/1
PF_0024365,2025-02-20,5,1,1,unique,11529,0/0/5
PF_0024365,2025-02-20,6,1,1,unique,11556,0/0/0
PF_0024365,2025-02-20,7,1,1,unique,11586,0/0/0
PF_0024365,2025-02-20,8,1,1,unique,11606,0/0/0
PF_0024365,2025-02-20,9,1,1,unique,11635,0/0/0
PF_0024365,2025-02-28,1,1,1,unique,11410,0/0/0
PF_0024365,2025-02-28,2,1,1,unique,11440,0/0/0
PF_0024365,2025-02-28,3,1,1,unique,11470,0/0/0
PF_0024365,2025-02-28,4,1,1,unique,11500,0/0/0
PF_0024365,2025-02-28,5,1,1,unique,11530,0/0/8
PF_0024365,2025-02-28,6,1,1,unique,11557,0/0/0
PF_0024365,2025-02-28,8,1,1,unique,11607,0/0/0
PF_0024365,2025-02-28,9,1,1,unique,11636,0/0/0
PF_0024365,2025-03-06,1,1,1,unique,11411,0/0/0
PF_0024365,2025-03-06,2,1,1,unique,11441,0/0/0
PF_0024365,2025-03-06,3,1,1,unique,11471,0/0/0
PF_0024365,2025-03-06,4,1,1,unique,11501,0/0/0
PF_0024365,2025-03-06,5,1,1,unique,11531,0/0/0
PF_0024365,2025-03-06,6,1,1,unique,11558,0/0/0
PF_0024365,2025-03-06,8,1,1,unique,11608,0/0/0
PF_0024365,2025-03-06,9,1,1,unique,11637,0/0/0
PF_0024365,2025-03-14,1,1,1,unique,11412,0/0/0
PF_0024365,2025-03-14,2,1,1,unique,11442,0/0/0
PF_0024365,2025-03-14,3,1,1,unique,11472,0/0/0
PF_0024365,2025-03-14,4,1,1,unique,11502,0/0/0
PF_0024365,2025-03-14,5,1,1,unique,11532,0/0/0
PF_0024365,2025-03-14,6,1,1,unique,11559,0/0/0
PF_0024365,2025-03-14,8,1,1,unique,11609,0/0/0
PF_0024365,2025-03-14,9,1,1,unique,11638,0/0/0
PF_0024365,2025-03-20,1,1,1,unique,11413,0/0/0
PF_0024365,2025-03-20,2,1,1,unique,11443,0/0/0
PF_0024365,2025-03-20,3,1,1,unique,11473,0/0/0
PF_0024365,2025-03-20,4,1,1,unique,11503,0/0/0
PF_0024365,2025-03-20,5,1,1,unique,11533,0/0/0
PF_0024365,2025-03-20,6,1,1,unique,11560,0/0/0
PF_0024365,2025-03-20,8,1,1,unique,11610,0/0/0
PF_0024365,2025-03-20,9,1,1,unique,11639,0/0/0
PF_0024365,2025-03-28,1,1,1,unique,11414,0/0/0
PF_0024365,2025-03-28,2,1,1,unique,11444,0/0/0
PF_0024365,2025-03-28,3,1,1,unique,11474,0/0/0
PF_0024365,2025-03-28,4,1,1,unique,11504,0/0/0
PF_0024365,2025-03-28,5,1,1,unique,11534,0/0/0
PF_0024365,2025-03-28,6,1,1,unique,11561,0/0/0
PF_0024365,2025-03-28,8,1,1,unique,11611,0/0/0
PF_0024365,2025-03-28,9,1,1,unique,11640,0/0/0
PF_0024365,2025-04-04,1,1,1,unique,11415,0/0/0
PF_0024365,2025-04-04,2,1,1,unique,11445,0/0/0
PF_0024365,2025-04-04,3,1,1,unique,11475,0/0/0
PF_0024365,2025-04-04,4,1,1,unique,11505,0/0/0
PF_0024365,2025-04-04,5,1,1,unique,11535,0/0/0
PF_0024365,2025-04-04,6,1,1,unique,11562,0/0/0
PF_0024365,2025-04-04,8,1,1,unique,11612,0/0/0
PF_0024365,2025-04-04,9,1,1,unique,11641,0/0/0
PF_0024365,2025-04-10,1,1,1,unique,11416,0/0/0
PF_0024365,2025-04-10,2,1,1,unique,11446,0/0/0
PF_0024365,2025-04-10,3,1,1,unique,11476,0/0/0
PF_0024365,2025-04-10,4,1,1,unique,11506,0/0/0
PF_0024365,2025-04-10,5,1,1,unique,11536,0/0/0
PF_0024365,2025-04-10,6,1,1,unique,11563,0/0/0
PF_0024365,2025-04-10,8,1,1,unique,11613,0/0/0
PF_0024365,2025-04-10,9,1,1,unique,11642,0/0/0
PF_0024365,2025-04-19,1,1,1,unique,11417,0/0/0
PF_0024365,2025-04-19,2,1,1,unique,11447,0/0/0
PF_0024365,2025-04-19,3,1,1,unique,11477,0/0/0
PF_0024365,2025-04-19,4,1,1,unique,11507,0/0/0
PF_0024365,2025-04-19,6,1,1,unique,11564,0/0/0
PF_0024365,2025-04-19,8,1,1,unique,11614,0/0/0
PF_0024365,2025-04-19,9,1,1,unique,11643,0/0/0
PF_0024365,2025-04-26,1,1,1,unique,11418,0/0/0
PF_0024365,2025-04-26,2,1,1,unique,11448,0/0/0
PF_0024365,2025-04-26,3,1,1,unique,11478,0/0/0
PF_0024365,2025-04-26,4,1,1,unique,11508,0/0/0
PF_0024365,2025-04-26,6,1,1,unique,11565,0/0/0
PF_0024365,2025-04-26,8,1,1,unique,11615,0/0/0
PF_0024365,2025-04-26,9,1,1,unique,11644,0/0/0
PF_0024365,2025-04-30,1,1,1,unique,11419,0/0/0
PF_0024365,2025-04-30,2,1,1,unique,11449,0/0/0
PF_0024365,2025-04-30,3,1,1,unique,11479,0/0/0
PF_0024365,2025-04-30,4,1,1,unique,11509,0/0/0
PF_0024365,2025-04-30,6,1,1,unique,11566,0/0/0
PF_0024365,2025-04-30,9,1,1,unique,11645,0/0/0
PF_0024646,2024-10-08,1,1,1,unique,11646,0/0/0
PF_0024646,2024-10-08,2,1,1,unique,11675,0/0/0
PF_0024646,2024-10-08,3,1,1,unique,11704,0/0/0
PF_0024646,2024-10-08,4,1,1,unique,11733,0/0/0
PF_0024646,2024-10-08,5,1,1,unique,11762,0/0/0
PF_0024646,2024-10-08,6,1,1,unique,11791,0/0/0
PF_0024646,2024-10-08,7,1,1,unique,11820,0/0/0
PF_0024646,2024-10-08,8,1,1,unique,11849,0/0/0
PF_0024646,2024-10-08,9,1,1,unique,11878,0/0/0
PF_0024646,2024-10-15,1,1,1,unique,11647,0/0/0
PF_0024646,2024-10-15,2,1,1,unique,11676,0/0/0
PF_0024646,2024-10-15,3,1,1,unique,11705,0/0/0
PF_0024646,2024-10-15,4,1,1,unique,11734,0/0/0
PF_0024646,2024-10-15,5,1,1,unique,11763,0/0/0
PF_0024646,2024-10-15,6,1,1,unique,11792,0/0/0
PF_0024646,2024-10-15,7,1,1,unique,11821,0/0/0
PF_0024646,2024-10-15,8,1,1,unique,11850,0/0/0
PF_0024646,2024-10-15,9,1,1,unique,11879,0/0/0
PF_0024646,2024-10-22,1,1,1,unique,11648,0/0/0
PF_0024646,2024-10-22,2,1,1,unique,11677,0/0/0
PF_0024646,2024-10-22,3,1,1,unique,11706,0/0/0
PF_0024646,2024-10-22,4,1,1,unique,11735,0/0/0
PF_0024646,2024-10-22,5,1,1,unique,11764,0/0/0
PF_0024646,2024-10-22,6,1,1,unique,11793,0/0/0
PF_0024646,2024-10-22,7,1,1,unique,11822,0/0/0
PF_0024646,2024-10-22,8,1,1,unique,11851,0/0/0
PF_0024646,2024-10-22,9,1,1,unique,11880,0/0/0
PF_0024646,2024-10-29,1,1,1,unique,11649,0/0/0
PF_0024646,2024-10-29,2,1,1,unique,11678,0/0/0
PF_0024646,2024-10-29,3,1,1,unique,11707,0/0/0
PF_0024646,2024-10-29,4,1,1,unique,11736,0/0/0
PF_0024646,2024-10-29,5,1,1,unique,11765,0/0/0
PF_0024646,2024-10-29,6,1,1,unique,11794,0/0/0
PF_0024646,2024-10-29,7,1,1,unique,11823,0/0/0
PF_0024646,2024-10-29,8,1,1,unique,11852,0/0/0
PF_0024646,2024-10-29,9,1,1,unique,11881,0/0/0
PF_0024646,2024-11-05,1,1,1,unique,11650,0/0/0
PF_0024646,2024-11-05,2,1,1,unique,11679,0/0/0
PF_0024646,2024-11-05,3,1,1,unique,11708,0/0/0
PF_0024646,2024-11-05,4,1,1,unique,11737,0/0/0
PF_0024646,2024-11-05,5,1,1,unique,11766,0/0/0
PF_0024646,2024-11-05,6,1,1,unique,11795,0/0/0
PF_0024646,2024-11-05,7,1,1,unique,11824,0/0/0
PF_0024646,2024-11-05,8,1,1,unique,11853,0/0/0
PF_0024646,2024-11-05,9,1,1,unique,11882,1/0/0
PF_0024646,2024-11-12,1,1,1,unique,11651,0/0/0
PF_0024646,2024-11-12,2,1,1,unique,11680,1/0/0
PF_0024646,2024-11-12,3,1,1,unique,11709,0/0/0
PF_0024646,2024-11-12,4,1,1,unique,11738,0/0/0
PF_0024646,2024-11-12,5,1,1,unique,11767,1/0/0
PF_0024646,2024-11-12,6,1,1,unique,11796,2/0/0
PF_0024646,2024-11-12,7,1,1,unique,11825,1/0/0
PF_0024646,2024-11-12,8,1,1,unique,11854,0/0/0
PF_0024646,2024-11-12,9,1,1,unique,11883,0/0/0
PF_0024646,2024-11-19,1,1,1,unique,11652,0/0/0
PF_0024646,2024-11-19,2,1,1,unique,11681,0/0/0
PF_0024646,2024-11-19,3,1,1,unique,11710,0/0/0
PF_0024646,2024-11-19,4,1,1,unique,11739,0/0/0
PF_0024646,2024-11-19,5,1,1,unique,11768,0/0/0
PF_0024646,2024-11-19,6,1,1,unique,11797,0/0/0
PF_0024646,2024-11-19,7,1,1,unique,11826,0/0/0
PF_0024646,2024-11-19,8,1,1,unique,11855,0/0/0
PF_0024646,2024-11-19,9,1,1,unique,11884,0/0/0
PF_0024646,2024-11-26,1,1,1,unique,11653,0/0/0
PF_0024646,2024-11-26,2,1,1,unique,11682,0/0/0
PF_0024646,2024-11-26,3,1,1,unique,11711,0/0/0
PF_0024646,2024-11-26,4,1,1,unique,11740,0/0/0
PF_0024646,2024-11-26,5,1,1,unique,11769,0/0/0
PF_0024646,2024-11-26,6,1,1,unique,11798,0/0/0
PF_0024646,2024-11-26,7,1,1,unique,11827,0/0/0
PF_0024646,2024-11-26,8,1,1,unique,11856,0/0/0
PF_0024646,2024-11-26,9,1,1,unique,11885,0/0/0
PF_0024646,2024-12-03,1,1,1,unique,11654,0/0/0
PF_0024646,2024-12-03,2,1,1,unique,11683,0/0/0
PF_0024646,2024-12-03,3,1,1,unique,11712,0/0/0
PF_0024646,2024-12-03,4,1,1,unique,11741,0/0/0
PF_0024646,2024-12-03,5,1,1,unique,11770,0/0/0
PF_0024646,2024-12-03,6,1,1,unique,11799,0/0/0
PF_0024646,2024-12-03,7,1,1,unique,11828,0/0/0
PF_0024646,2024-12-03,8,1,1,unique,11857,0/0/0
PF_0024646,2024-12-03,9,1,1,unique,11886,0/0/0
PF_0024646,2024-12-10,1,1,1,unique,11655,0/0/0
PF_0024646,2024-12-10,2,1,1,unique,11684,0/0/0
PF_0024646,2024-12-10,3,1,1,unique,11713,0/0/0
PF_0024646,2024-12-10,4,1,1,unique,11742,0/0/0
PF_0024646,2024-12-10,5,1,1,unique,11771,0/0/0
PF_0024646,2024-12-10,6,1,1,unique,11800,0/0/0
PF_0024646,2024-12-10,7,1,1,unique,11829,0/0/0
PF_0024646,2024-12-10,8,1,1,unique,11858,0/0/0
PF_0024646,2024-12-10,9,1,1,unique,11887,0/0/0
PF_0024646,2024-12-17,1,1,1,unique,11656,0/0/0
PF_0024646,2024-12-17,2,1,1,unique,11685,0/0/0
PF_0024646,2024-12-17,3,1,1,unique,11714,0/0/0
PF_0024646,2024-12-17,4,1,1,unique,11743,0/0/0
PF_0024646,2024-12-17,5,1,1,unique,11772,0/0/0
PF_0024646,2024-12-17,6,1,1,unique,11801,0/0/0
PF_0024646,2024-12-17,7,1,1,unique,11830,0/0/0
PF_0024646,2024-12-17,8,1,1,unique,11859,0/0/0
PF_0024646,2024-12-17,9,1,1,unique,11888,0/0/0
PF_0024646,2024-12-24,1,1,1,unique,11657,0/0/0
PF_0024646,2024-12-24,2,1,1,unique,11686,0/0/0
PF_0024646,2024-12-24,3,1,1,unique,11715,0/0/0
PF_0024646,2024-12-24,4,1,1,unique,11744,0/0/0
PF_0024646,2024-12-24,5,1,1,unique,11773,0/0/0
PF_0024646,2024-12-24,6,1,1,unique,11802,0/0/0
PF_0024646,2024-12-24,7,1,1,unique,11831,0/0/0
PF_0024646,2024-12-24,8,1,1,unique,11860,0/0/0
PF_0024646,2024-12-24,9,1,1,unique,11889,0/0/0
PF_0024646,2024-12-31,1,1,1,unique,11658,6/0/0
PF_0024646,2024-12-31,2,1,1,unique,11687,8/0/0
PF_0024646,2024-12-31,3,1,1,unique,11716,10/0/0
PF_0024646,2024-12-31,4,1,1,unique,11745,10/0/0
PF_0024646,2024-12-31,5,1,1,unique,11774,8/0/0
PF_0024646,2024-12-31,6,1,1,unique,11803,7/0/0
PF_0024646,2024-12-31,7,1,1,unique,11832,7/0/0
PF_0024646,2024-12-31,8,1,1,unique,11861,12/0/0
PF_0024646,2024-12-31,9,1,1,unique,11890,8/0/0
PF_0024646,2025-01-07,1,1,1,unique,11659,4/0/0
PF_0024646,2025-01-07,2,1,1,unique,11688,8/0/0
PF_0024646,2025-01-07,3,1,1,unique,11717,9/0/0
PF_0024646,2025-01-07,4,1,1,unique,11746,9/0/0
PF_0024646,2025-01-07,5,1,1,unique,11775,9/0/0
PF_0024646,2025-01-07,6,1,1,unique,11804,8/0/0
PF_0024646,2025-01-07,7,1,1,unique,11833,9/0/0
PF_0024646,2025-01-07,8,1,1,unique,11862,9/0/0
PF_0024646,2025-01-07,9,1,1,unique,11891,7/0/0
PF_0024646,2025-01-14,1,1,1,unique,11660,4/0/0
PF_0024646,2025-01-14,2,1,1,unique,11689,9/0/0
PF_0024646,2025-01-14,3,1,1,unique,11718,8/0/0
PF_0024646,2025-01-14,4,1,1,unique,11747,8/0/0
PF_0024646,2025-01-14,5,1,1,unique,11776,5/0/0
PF_0024646,2025-01-14,6,1,1,unique,11805,5/0/0
PF_0024646,2025-01-14,7,1,1,unique,11834,6/0/0
PF_0024646,2025-01-14,8,1,1,unique,11863,8/0/0
PF_0024646,2025-01-14,9,1,1,unique,11892,3/0/0
PF_0024646,2025-01-21,1,1,1,unique,11661,3/2/0
PF_0024646,2025-01-21,2,1,1,unique,11690,5/3/0
PF_0024646,2025-01-21,3,1,1,unique,11719,6/1/0
PF_0024646,2025-01-21,4,1,1,unique,11748,6/1/0
PF_0024646,2025-01-21,5,1,1,unique,11777,5/2/0
PF_0024646,2025-01-21,6,1,1,unique,11806,5/1/0
PF_0024646,2025-01-21,7,1,1,unique,11835,6/1/0
PF_0024646,2025-01-21,8,1,1,unique,11864,7/0/0
PF_0024646,2025-01-21,9,1,1,unique,11893,3/4/0
PF_0024646,2025-02-04,1,1,1,unique,11662,0/8/0
PF_0024646,2025-02-04,2,1,1,unique,11691,0/7/0
PF_0024646,2025-02-04,3,1,1,unique,11720,3/6/0
PF_0024646,2025-02-04,4,1,1,unique,11749,3/7/0
PF_0024646,2025-02-04,5,1,1,unique,11778,0/7/0
PF_0024646,2025-02-04,6,1,1,unique,11807,1/6/0
PF_0024646,2025-02-04,7,1,1,unique,11836,2/6/0
PF_0024646,2025-02-04,8,1,1,unique,11865,1/2/0
PF_0024646,2025-02-04,9,1,1,unique,11894,0/8/0
PF_0024646,2025-02-12,1,1,1,unique,11663,0/7/0
PF_0024646,2025-02-12,2,1,1,unique,11692,0/6/0
PF_0024646,2025-02-12,3,1,1,unique,11721,0/6/0
PF_0024646,2025-02-12,4,1,1,unique,11750,0/5/0
PF_0024646,2025-02-12,5,1,1,unique,11779,0/8/0
PF_0024646,2025-02-12,6,1,1,unique,11808,0/6/0
PF_0024646,2025-02-12,7,1,1,unique,11837,0/7/0
PF_0024646,2025-02-12,8,1,1,unique,11866,0/8/0
PF_0024646,2025-02-12,9,1,1,unique,11895,0/8/0
PF_0024646,2025-02-19,1,1,1,unique,11664,0/7/0
PF_0024646,2025-02-19,2,1,1,unique,11693,0/6/0
PF_0024646,2025-02-19,3,1,1,unique,11722,0/6/0
PF_0024646,2025-02-19,4,1,1,unique,11751,0/4/0
PF_0024646,2025-02-19,5,1,1,unique,11780,0/5/0
PF_0024646,2025-02-19,6,1,1,unique,11809,0/5/0
PF_0024646,2025-02-19,7,1,1,unique,11838,0/6/0
PF_0024646,2025-02-19,8,1,1,unique,11867,0/7/0
PF_0024646,2025-02-19,9,1,1,unique,11896,0/2/0
PF_0024646,2025-02-25,1,1,1,unique,11665,0/7/0
PF_0024646,2025-02-25,2,1,1,unique,11694,0/3/0
PF_0024646,2025-02-25,3,1,1,unique,11723,0/4/0
PF_0024646,2025-02-25,4,1,1,unique,11752,0/3/0
PF_0024646,2025-02-25,5,1,1,unique,11781,0/4/3
PF_0024646,2025-02-25,6,1,1,unique,11810,0/4/0
PF_0024646,2025-02-25,7,1,1,unique,11839,0/4/0
PF_0024646,2025-02-25,8,1,1,unique,11868,0/6/0
PF_0024646,2025-02-25,9,1,1,unique,11897,0/0/1
PF_0024646,2025-03-04,1,1,1,unique,11666,0/3/2
PF_0024646,2025-03-04,2,1,1,unique,11695,0/3/0
PF_0024646,2025-03-04,3,1,1,unique,11724,0/4/0
PF_0024646,2025-03-04,4,1,1,unique,11753,0/3/0
PF_0024646,2025-03-04,5,1,1,unique,11782,0/7/3
PF_0024646,2025-03-04,6,1,1,unique,11811,0/4/1
PF_0024646,2025-03-04,7,1,1,unique,11840,0/3/2
PF_0024646,2025-03-04,8,1,1,unique,11869,0/6/0
PF_0024646,2025-03-04,9,1,1,unique,11898,0/0/3
PF_0024646,2025-03-11,1,1,1,unique,11667,0/3/3
PF_0024646,2025-03-11,2,1,1,unique,11696,0/1/6
PF_0024646,2025-03-11,3,1,1,unique,11725,0/4/0
PF_0024646,2025-03-11,4,1,1,unique,11754,0/3/1
PF_0024646,2025-03-11,5,1,1,unique,11783,0/3/7
PF_0024646,2025-03-11,6,1,1,unique,11812,0/3/3
PF_0024646,2025-03-11,7,1,1,unique,11841,0/2/5
PF_0024646,2025-03-11,8,1,1,unique,11870,0/4/2
PF_0024646,2025-03-11,9,1,1,unique,11899,0/0/3
PF_0024646,2025-03-18,1,1,1,unique,11668,0/0/4
PF_0024646,2025-03-18,2,1,1,unique,11697,0/0/8
PF_0024646,2025-03-18,3,1,1,unique,11726,0/0/3
PF_0024646,2025-03-18,4,1,1,unique,11755,0/0/3
PF_0024646,2025-03-18,5,1,1,unique,11784,0/3/4
PF_0024646,2025-03-18,6,1,1,unique,11813,0/0/3
PF_0024646,2025-03-18,7,1,1,unique,11842,0/1/6
PF_0024646,2025-03-18,8,1,1,unique,11871,0/3/3
PF_0024646,2025-03-18,9,1,1,unique,11900,0/0/0
PF_0024646,2025-03-25,1,1,1,unique,11669,0/0/3
PF_0024646,2025-03-25,2,1,1,unique,11698,0/0/6
PF_0024646,2025-03-25,3,1,1,unique,11727,0/0/3
PF_0024646,2025-03-25,4,1,1,unique,11756,0/0/3
PF_0024646,2025-03-25,5,1,1,unique,11785,0/0/5
PF_0024646,2025-03-25,6,1,1,unique,11814,0/0/6
PF_0024646,2025-03-25,7,1,1,unique,11843,0/0/6
PF_0024646,2025-03-25,8,1,1,unique,11872,0/0/3
PF_0024646,2025-03-25,9,1,1,unique,11901,0/0/4
PF_0024646,2025-04-01,1,1,1,unique,11670,0/0/0
PF_0024646,2025-04-01,2,1,1,unique,11699,0/0/8
PF_0024646,2025-04-01,3,1,1,unique,11728,0/0/0
PF_0024646,2025-04-01,4,1,1,unique,11757,0/0/0
PF_0024646,2025-04-01,5,1,1,unique,11786,0/0/4
PF_0024646,2025-04-01,6,1,1,unique,11815,0/0/3
PF_0024646,2025-04-01,7,1,1,unique,11844,0/0/4
PF_0024646,2025-04-01,8,1,1,unique,11873,0/0/3
PF_0024646,2025-04-01,9,1,1,unique,11902,0/0/0
PF_0024646,2025-04-08,1,1,1,unique,11671,0/0/2
PF_0024646,2025-04-08,2,1,1,unique,11700,0/0/7
PF_0024646,2025-04-08,3,1,1,unique,11729,0/0/0
PF_0024646,2025-04-08,4,1,1,unique,11758,0/0/0
PF_0024646,2025-04-08,5,1,1,unique,11787,0/0/2
PF_0024646,2025-04-08,6,1,1,unique,11816,0/0/2
PF_0024646,2025-04-08,7,1,1,unique,11845,0/0/4
PF_0024646,2025-04-08,8,1,1,unique,11874,0/0/3
PF_0024646,2025-04-08,9,1,1,unique,11903,0/0/3
PF_0024646,2025-04-15,1,1,1,unique,11672,0/0/0
PF_0024646,2025-04-15,2,1,1,unique,11701,0/0/0
PF_0024646,2025-04-15,3,1,1,unique,11730,0/0/0
PF_0024646,2025-04-15,4,1,1,unique,11759,0/0/0
PF_0024646,2025-04-15,5,1,1,unique,11788,0/0/0
PF_0024646,2025-04-15,6,1,1,unique,11817,0/0/0
PF_0024646,2025-04-15,7,1,1,unique,11846,0/0/0
PF_0024646,2025-04-15,8,1,1,unique,11875,0/0/0
PF_0024646,2025-04-15,9,1,1,unique,11904,0/0/0
PF_0024646,2025-04-22,1,1,1,unique,11673,0/0/0
PF_0024646,2025-04-22,2,1,1,unique,11702,0/0/0
PF_0024646,2025-04-22,3,1,1,unique,11731,0/0/0
PF_0024646,2025-04-22,4,1,1,unique,11760,0/0/0
PF_0024646,2025-04-22,5,1,1,unique,11789,0/0/0
PF_0024646,2025-04-22,6,1,1,unique,11818,0/0/0
PF_0024646,2025-04-22,7,1,1,unique,11847,0/0/0
PF_0024646,2025-04-22,8,1,1,unique,11876,0/0/0
PF_0024646,2025-04-22,9,1,1,unique,11905,0/0/0
PF_0024646,2025-04-28,1,1,1,unique,11674,0/0/0
PF_0024646,2025-04-28,2,1,1,unique,11703,0/0/0
PF_0024646,2025-04-28,3,1,1,unique,11732,0/0/0
PF_0024646,2025-04-28,4,1,1,unique,11761,0/0/0
PF_0024646,2025-04-28,5,1,1,unique,11790,0/0/0
PF_0024646,2025-04-28,6,1,1,unique,11819,0/0/0
PF_0024646,2025-04-28,7,1,1,unique,11848,0/0/0
PF_0024646,2025-04-28,8,1,1,unique,11877,0/0/0
PF_0024646,2025-04-28,9,1,1,unique,11906,0/0/0
PF_0024651,2024-10-09,1,1,1,unique,12144,0/0/0
PF_0024651,2024-10-09,2,1,1,unique,12176,0/0/0
PF_0024651,2024-10-09,3,1,1,unique,12208,0/0/0
PF_0024651,2024-10-09,4,1,1,unique,12240,0/0/0
PF_0024651,2024-10-09,5,1,1,unique,12272,0/0/0
PF_0024651,2024-10-09,6,1,1,unique,12304,0/0/0
PF_0024651,2024-10-09,7,1,1,unique,12336,0/0/0
PF_0024651,2024-10-09,8,1,1,unique,12368,0/0/0
PF_0024651,2024-10-09,9,1,1,unique,12400,0/0/0
PF_0024651,2024-10-14,1,1,1,unique,12145,0/0/0
PF_0024651,2024-10-14,2,1,1,unique,12177,0/0/0
PF_0024651,2024-10-14,3,1,1,unique,12209,0/0/0
PF_0024651,2024-10-14,4,1,1,unique,12241,0/0/0
PF_0024651,2024-10-14,5,1,1,unique,12273,0/0/0
PF_0024651,2024-10-14,6,1,1,unique,12305,0/0/0
PF_0024651,2024-10-14,7,1,1,unique,12337,0/0/0
PF_0024651,2024-10-14,8,1,1,unique,12369,0/0/0
PF_0024651,2024-10-14,9,1,1,unique,12401,0/0/0
PF_0024651,2024-10-21,1,1,1,unique,12146,0/0/0
PF_0024651,2024-10-21,2,1,1,unique,12178,0/0/0
PF_0024651,2024-10-21,3,1,1,unique,12210,0/0/0
PF_0024651,2024-10-21,4,1,1,unique,12242,0/0/0
PF_0024651,2024-10-21,5,1,1,unique,12274,0/0/0
PF_0024651,2024-10-21,6,1,1,unique,12306,0/0/0
PF_0024651,2024-10-21,7,1,1,unique,12338,0/0/0
PF_0024651,2024-10-21,8,1,1,unique,12370,0/0/0
PF_0024651,2024-10-21,9,1,1,unique,12402,0/0/0
PF_0024651,2024-10-29,1,1,1,unique,12147,0/0/0
PF_0024651,2024-10-29,2,1,1,unique,12179,0/0/0
PF_0024651,2024-10-29,3,1,1,unique,12211,0/0/0
PF_0024651,2024-10-29,4,1,1,unique,12243,0/0/0
PF_0024651,2024-10-29,5,1,1,unique,12275,0/0/0
PF_0024651,2024-10-29,6,1,1,unique,12307,0/0/0
PF_0024651,2024-10-29,7,1,1,unique,12339,0/0/0
PF_0024651,2024-10-29,8,1,1,unique,12371,0/0/0
PF_0024651,2024-10-29,9,1,1,unique,12403,0/0/0
PF_0024651,2024-11-04,1,1,1,unique,12148,0/0/0
PF_0024651,2024-11-04,2,1,1,unique,12180,0/0/0
PF_0024651,2024-11-04,3,1,1,unique,12212,0/0/0
PF_0024651,2024-11-04,4,1,1,unique,12244,0/0/0
PF_0024651,2024-11-04,5,1,1,unique,12276,0/0/0
PF_0024651,2024-11-04,6,1,1,unique,12308,0/0/0
PF_0024651,2024-11-04,7,1,1,unique,12340,0/0/0
PF_0024651,2024-11-04,8,1,1,unique,12372,0/0/0
PF_0024651,2024-11-04,9,1,1,unique,12404,0/0/0
PF_0024651,2024-11-11,1,1,1,unique,12149,0/0/0
PF_0024651,2024-11-11,2,1,1,unique,12181,0/0/0
PF_0024651,2024-11-11,3,1,1,unique,12213,0/0/0
PF_0024651,2024-11-11,4,1,1,unique,12245,0/0/0
PF_0024651,2024-11-11,5,1,1,unique,12277,0/0/0
PF_0024651,2024-11-11,6,1,1,unique,12309,0/0/0
PF_0024651,2024-11-11,7,1,1,unique,12341,0/0/0
PF_0024651,2024-11-11,8,1,1,unique,12373,0/0/0
PF_0024651,2024-11-11,9,1,1,unique,12405,0/0/0
PF_0024651,2024-11-18,1,1,1,unique,12150,0/0/0
PF_0024651,2024-11-18,2,1,1,unique,12182,0/0/0
PF_0024651,2024-11-18,3,1,1,unique,12214,0/0/0
PF_0024651,2024-11-18,4,1,1,unique,12246,0/0/0
PF_0024651,2024-11-18,5,1,1,unique,12278,0/0/0
PF_0024651,2024-11-18,6,1,1,unique,12310,0/0/0
PF_0024651,2024-11-18,7,1,1,unique,12342,0/0/0
PF_0024651,2024-11-18,8,1,1,unique,12374,0/0/0
PF_0024651,2024-11-18,9,1,1,unique,12406,0/0/0
PF_0024651,2024-11-25,1,1,1,unique,12151,0/0/0
PF_0024651,2024-11-25,2,1,1,unique,12183,0/0/0
PF_0024651,2024-11-25,3,1,1,unique,12215,0/0/0
PF_0024651,2024-11-25,4,1,1,unique,12247,0/0/0
PF_0024651,2024-11-25,5,1,1,unique,12279,0/0/0
PF_0024651,2024-11-25,6,1,1,unique,12311,0/0/0
PF_0024651,2024-11-25,7,1,1,unique,12343,0/0/0
PF_0024651,2024-11-25,8,1,1,unique,12375,0/0/0
PF_0024651,2024-11-25,9,1,1,unique,12407,0/0/0
PF_0024651,2024-12-02,1,1,1,unique,12152,0/0/0
PF_0024651,2024-12-02,2,1,1,unique,12184,0/0/0
PF_0024651,2024-12-02,3,1,1,unique,12216,0/0/0
PF_0024651,2024-12-02,4,1,1,unique,12248,0/0/0
PF_0024651,2024-12-02,5,1,1,unique,12280,0/0/0
PF_0024651,2024-12-02,6,1,1,unique,12312,0/0/0
PF_0024651,2024-12-02,7,1,1,unique,12344,0/0/0
PF_0024651,2024-12-02,8,1,1,unique,12376,0/0/0
PF_0024651,2024-12-02,9,1,1,unique,12408,0/0/0
PF_0024651,2024-12-09,1,1,1,unique,12153,0/0/0
PF_0024651,2024-12-09,2,1,1,unique,12185,0/0/0
PF_0024651,2024-12-09,3,1,1,unique,12217,0/0/0
PF_0024651,2024-12-09,4,1,1,unique,12249,0/0/0
PF_0024651,2024-12-09,5,1,1,unique,12281,0/0/0
PF_0024651,2024-12-09,6,1,1,unique,12313,0/0/0
PF_0024651,2024-12-09,7,1,1,unique,12345,0/0/0
PF_0024651,2024-12-09,8,1,1,unique,12377,0/0/0
PF_0024651,2024-12-09,9,1,1,unique,12409,0/0/0
PF_0024651,2024-12-17,1,1,1,unique,12154,0/0/0
PF_0024651,2024-12-17,2,1,1,unique,12186,0/0/0
PF_0024651,2024-12-17,3,1,1,unique,12218,0/0/0
PF_0024651,2024-12-17,4,1,1,unique,12250,0/0/0
PF_0024651,2024-12-17,5,1,1,unique,12282,0/0/0
PF_0024651,2024-12-17,6,1,1,unique,12314,0/0/0
PF_0024651,2024-12-17,7,1,1,unique,12346,0/0/0
PF_0024651,2024-12-17,8,1,1,unique,12378,0/0/0
PF_0024651,2024-12-17,9,1,1,unique,12410,0/0/0
PF_0024651,2024-12-23,1,1,1,unique,12155,0/0/0
PF_0024651,2024-12-23,2,1,1,unique,12187,0/0/0
PF_0024651,2024-12-23,3,1,1,unique,12219,0/0/0
PF_0024651,2024-12-23,4,1,1,unique,12251,0/0/0
PF_0024651,2024-12-23,5,1,1,unique,12283,0/0/0
PF_0024651,2024-12-23,6,1,1,unique,12315,0/0/0
PF_0024651,2024-12-23,7,1,1,unique,12347,0/0/0
PF_0024651,2024-12-23,8,1,1,unique,12379,0/0/0
PF_0024651,2024-12-23,9,1,1,unique,12411,0/0/0
PF_0024651,2024-12-30,1,1,1,unique,12156,9/0/0
PF_0024651,2024-12-30,2,1,1,unique,12188,9/0/0
PF_0024651,2024-12-30,3,1,1,unique,12220,8/0/0
PF_0024651,2024-12-30,4,1,1,unique,12252,12/0/0
PF_0024651,2024-12-30,5,1,1,unique,12284,3/0/0
PF_0024651,2024-12-30,6,1,1,unique,12316,4/0/0
PF_0024651,2024-12-30,7,1,1,unique,12348,6/0/0
PF_0024651,2024-12-30,8,1,1,unique,12380,3/0/0
PF_0024651,2024-12-30,9,1,1,unique,12412,7/0/0
PF_0024651,2025-01-06,1,1,1,unique,12157,9/0/0
PF_0024651,2025-01-06,2,1,1,unique,12189,10/0/0
PF_0024651,2025-01-06,3,1,1,unique,12221,6/0/0
PF_0024651,2025-01-06,4,1,1,unique,12253,9/0/0
PF_0024651,2025-01-06,5,1,1,unique,12285,1/0/0
PF_0024651,2025-01-06,6,1,1,unique,12317,4/0/0
PF_0024651,2025-01-06,7,1,1,unique,12349,5/0/0
PF_0024651,2025-01-06,8,1,1,unique,12381,3/0/0
PF_0024651,2025-01-06,9,1,1,unique,12413,5/0/0
PF_0024651,2025-01-13,1,1,1,unique,12158,5/0/0
PF_0024651,2025-01-13,2,1,1,unique,12190,9/0/0
PF_0024651,2025-01-13,3,1,1,unique,12222,6/0/0
PF_0024651,2025-01-13,4,1,1,unique,12254,12/0/0
PF_0024651,2025-01-13,5,1,1,unique,12286,1/0/0
PF_0024651,2025-01-13,6,1,1,unique,12318,0/0/0
PF_0024651,2025-01-13,7,1,1,unique,12350,5/0/0
PF_0024651,2025-01-13,8,1,1,unique,12382,2/0/0
PF_0024651,2025-01-13,9,1,1,unique,12414,5/0/0
PF_0024651,2025-01-20,1,1,1,unique,12159,4/2/0
PF_0024651,2025-01-20,2,1,1,unique,12191,6/2/0
PF_0024651,2025-01-20,3,1,1,unique,12223,3/2/0
PF_0024651,2025-01-20,4,1,1,unique,12255,9/1/0
PF_0024651,2025-01-20,5,1,1,unique,12287,0/1/0
PF_0024651,2025-01-20,6,1,1,unique,12319,0/4/0
PF_0024651,2025-01-20,7,1,1,unique,12351,3/2/0
PF_0024651,2025-01-20,8,1,1,unique,12383,2/3/0
PF_0024651,2025-01-20,9,1,1,unique,12415,3/0/0
PF_0024651,2025-02-03,1,1,1,unique,12160,0/1/0
PF_0024651,2025-02-03,2,1,1,unique,12192,1/0/0
PF_0024651,2025-02-03,3,1,1,unique,12224,0/4/0
PF_0024651,2025-02-03,4,1,1,unique,12256,3/0/0
PF_0024651,2025-02-03,5,1,1,unique,12288,0/5/0
PF_0024651,2025-02-03,6,1,1,unique,12320,0/6/0
PF_0024651,2025-02-03,7,1,1,unique,12352,0/6/0
PF_0024651,2025-02-03,8,1,1,unique,12384,0/6/0
PF_0024651,2025-02-03,9,1,1,unique,12416,0/3/0
PF_0024651,2025-02-10,1,1,1,unique,12161,0/4/0
PF_0024651,2025-02-10,2,1,1,unique,12193,0/3/0
PF_0024651,2025-02-10,3,1,1,unique,12225,0/5/0
PF_0024651,2025-02-10,4,1,1,unique,12257,0/2/0
PF_0024651,2025-02-10,5,1,1,unique,12289,0/4/0
PF_0024651,2025-02-10,6,1,1,unique,12321,0/6/0
PF_0024651,2025-02-10,7,1,1,unique,12353,0/3/0
PF_0024651,2025-02-10,8,1,1,unique,12385,0/3/0
PF_0024651,2025-02-10,9,1,1,unique,12417,0/5/0
PF_0024651,2025-02-17,1,1,1,unique,12162,0/1/0
PF_0024651,2025-02-17,2,1,1,unique,12194,0/1/0
PF_0024651,2025-02-17,3,1,1,unique,12226,0/2/0
PF_0024651,2025-02-17,4,1,1,unique,12258,0/0/0
PF_0024651,2025-02-17,5,1,1,unique,12290,0/3/0
PF_0024651,2025-02-17,6,1,1,unique,12322,0/4/0
PF_0024651,2025-02-17,7,1,1,unique,12354,0/4/0
PF_0024651,2025-02-17,8,1,1,unique,12386,0/3/0
PF_0024651,2025-02-17,9,1,1,unique,12418,0/3/0
PF_0024651,2025-02-24,1,1,1,unique,12163,0/0/1
PF_0024651,2025-02-24,2,1,1,unique,12195,0/1/1
PF_0024651,2025-02-24,3,1,1,unique,12227,0/2/0
PF_0024651,2025-02-24,4,1,1,unique,12259,0/3/0
PF_0024651,2025-02-24,5,1,1,unique,12291,0/3/5
PF_0024651,2025-02-24,6,1,1,unique,12323,0/1/0
PF_0024651,2025-02-24,7,1,1,unique,12355,0/5/0
PF_0024651,2025-02-24,8,1,1,unique,12387,0/2/0
PF_0024651,2025-02-24,9,1,1,unique,12419,0/3/0
PF_0024651,2025-03-03,1,1,1,unique,12164,0/3/1
PF_0024651,2025-03-03,2,1,1,unique,12196,0/2/0
PF_0024651,2025-03-03,3,1,1,unique,12228,0/2/0
PF_0024651,2025-03-03,4,1,1,unique,12260,0/3/0
PF_0024651,2025-03-03,5,1,1,unique,12292,0/5/2
PF_0024651,2025-03-03,6,1,1,unique,12324,0/2/0
PF_0024651,2025-03-03,7,1,1,unique,12356,0/2/3
PF_0024651,2025-03-03,8,1,1,unique,12388,0/0/2
PF_0024651,2025-03-03,9,1,1,unique,12420,0/1/0
PF_0024651,2025-03-10,1,1,1,unique,12165,0/0/6
PF_0024651,2025-03-10,2,1,1,unique,12197,0/0/4
PF_0024651,2025-03-10,3,1,1,unique,12229,0/0/0
PF_0024651,2025-03-10,4,1,1,unique,12261,0/0/2
PF_0024651,2025-03-10,5,1,1,unique,12293,0/0/7
PF_0024651,2025-03-10,6,1,1,unique,12325,0/0/2
PF_0024651,2025-03-10,7,1,1,unique,12357,0/0/7
PF_0024651,2025-03-10,8,1,1,unique,12389,0/0/4
PF_0024651,2025-03-10,9,1,1,unique,12421,0/0/3
PF_0024651,2025-03-17,1,1,1,unique,12166,0/0/1
PF_0024651,2025-03-17,2,1,1,unique,12198,0/0/5
PF_0024651,2025-03-17,3,1,1,unique,12230,0/0/2
PF_0024651,2025-03-17,4,1,1,unique,12262,0/0/2
PF_0024651,2025-03-17,5,1,1,unique,12294,0/0/12
PF_0024651,2025-03-17,6,1,1,unique,12326,0/0/2
PF_0024651,2025-03-17,7,1,1,unique,12358,0/0/9
PF_0024651,2025-03-17,8,1,1,unique,12390,0/0/9
PF_0024651,2025-03-17,9,1,1,unique,12422,0/0/5
PF_0024651,2025-03-24,1,1,1,unique,12167,0/0/4
PF_0024651,2025-03-24,2,1,1,unique,12199,0/0/6
PF_0024651,2025-03-24,3,1,1,unique,12231,0/0/4
PF_0024651,2025-03-24,4,1,1,unique,12263,0/0/2
PF_0024651,2025-03-24,5,1,1,unique,12295,0/0/8
PF_0024651,2025-03-24,6,1,1,unique,12327,0/0/4
PF_0024651,2025-03-24,7,1,1,unique,12359,0/0/6
PF_0024651,2025-03-24,8,1,1,unique,12391,0/0/7
PF_0024651,2025-03-24,9,1,1,unique,12423,0/0/8
PF_0024651,2025-03-31,1,1,1,unique,12168,0/0/3
PF_0024651,2025-03-31,2,1,1,unique,12200,0/0/3
PF_0024651,2025-03-31,3,1,1,unique,12232,0/0/3
PF_0024651,2025-03-31,4,1,1,unique,12264,0/0/0
PF_0024651,2025-03-31,5,1,1,unique,12296,0/0/3
PF_0024651,2025-03-31,6,1,1,unique,12328,0/0/1
PF_0024651,2025-03-31,7,1,1,unique,12360,0/0/4
PF_0024651,2025-03-31,8,1,1,unique,12392,0/0/7
PF_0024651,2025-03-31,9,1,1,unique,12424,0/0/2
PF_0024651,2025-04-07,1,1,1,unique,12169,0/0/7
PF_0024651,2025-04-07,2,1,1,unique,12201,0/0/6
PF_0024651,2025-04-07,3,1,1,unique,12233,0/0/3
PF_0024651,2025-04-07,4,1,1,unique,12265,0/0/0
PF_0024651,2025-04-07,5,1,1,unique,12297,0/0/2
PF_0024651,2025-04-07,6,1,1,unique,12329,0/0/3
PF_0024651,2025-04-07,7,1,1,unique,12361,0/0/4
PF_0024651,2025-04-07,8,1,1,unique,12393,0/0/2
PF_0024651,2025-04-07,9,1,1,unique,12425,0/0/0
PF_0024651,2025-04-14,1,1,1,unique,12170,0/0/0
PF_0024651,2025-04-14,2,1,1,unique,12202,0/0/0
PF_0024651,2025-04-14,3,1,1,unique,12234,0/0/0
PF_0024651,2025-04-14,4,1,1,unique,12266,0/0/0
PF_0024651,2025-04-14,5,1,1,unique,12298,0/0/0
PF_0024651,2025-04-14,6,1,1,unique,12330,0/0/0
PF_0024651,2025-04-14,7,1,1,unique,12362,0/0/3
PF_0024651,2025-04-14,8,1,1,unique,12394,0/0/0
PF_0024651,2025-04-14,9,1,1,unique,12426,0/0/0
PF_0024651,2025-04-21,1,1,1,unique,12171,0/0/0
PF_0024651,2025-04-21,2,1,1,unique,12203,0/0/0
PF_0024651,2025-04-21,3,1,1,unique,12235,0/0/0
PF_0024651,2025-04-21,4,1,1,unique,12267,0/0/0
PF_0024651,2025-04-21,5,1,1,unique,12299,0/0/0
PF_0024651,2025-04-21,6,1,1,unique,12331,0/0/0
PF_0024651,2025-04-21,7,1,1,unique,12363,0/0/0
PF_0024651,2025-04-21,8,1,1,unique,12395,0/0/0
PF_0024651,2025-04-21,9,1,1,unique,12427,0/0/0
PF_0024651,2025-04-28,1,1,1,unique,12172,0/0/0
PF_0024651,2025-04-28,2,1,1,unique,12204,0/0/0
PF_0024651,2025-04-28,3,1,1,unique,12236,0/0/0
PF_0024651,2025-04-28,4,1,1,unique,12268,0/0/0
PF_0024651,2025-04-28,5,1,1,unique,12300,0/0/0
PF_0024651,2025-04-28,6,1,1,unique,12332,0/0/0
PF_0024651,2025-04-28,7,1,1,unique,12364,0/0/0
PF_0024651,2025-04-28,8,1,1,unique,12396,0/0/0
PF_0024651,2025-04-28,9,1,1,unique,12428,0/0/0
PF_0024651,2025-05-24,1,1,1,unique,12173,0/0/0
PF_0024651,2025-05-24,2,1,1,unique,12205,0/0/0
PF_0024651,2025-05-24,3,1,1,unique,12237,0/0/0
PF_0024651,2025-05-24,4,1,1,unique,12269,0/0/0
PF_0024651,2025-05-24,5,1,1,unique,12301,0/0/0
PF_0024651,2025-05-24,6,1,1,unique,12333,0/0/0
PF_0024651,2025-05-24,7,1,1,unique,12365,0/0/0
PF_0024651,2025-05-24,8,1,1,unique,12397,0/0/0
PF_0024651,2025-05-24,9,1,1,unique,12429,0/0/0
PF_0024651,2025-05-29,1,1,1,unique,12174,0/0/0
PF_0024651,2025-05-29,2,1,1,unique,12206,0/0/0
PF_0024651,2025-05-29,3,1,1,unique,12238,0/0/0
PF_0024651,2025-05-29,4,1,1,unique,12270,0/0/0
PF_0024651,2025-05-29,5,1,1,unique,12302,0/0/0
PF_0024651,2025-05-29,6,1,1,unique,12334,0/0/0
PF_0024651,2025-05-29,7,1,1,unique,12366,0/0/0
PF_0024651,2025-05-29,8,1,1,unique,12398,0/0/0
PF_0024651,2025-05-29,9,1,1,unique,12430,0/0/0
PF_0024651,2025-06-05,1,1,1,unique,12175,0/0/0
PF_0024651,2025-06-05,2,1,1,unique,12207,0/0/0
PF_0024651,2025-06-05,3,1,1,unique,12239,0/0/0
PF_0024651,2025-06-05,4,1,1,unique,12271,0/0/0
PF_0024651,2025-06-05,5,1,1,unique,12303,0/0/0
PF_0024651,2025-06-05,6,1,1,unique,12335,0/0/0
PF_0024651,2025-06-05,7,1,1,unique,12367,0/0/0
PF_0024651,2025-06-05,8,1,1,unique,12399,0/0/0
PF_0024651,2025-06-05,9,1,1,unique,12431,0/0/0
PF_0024654,2024-10-07,1,1,1,unique,12432,0/0/0
PF_0024654,2024-10-07,2,1,1,unique,12464,0/0/0
PF_0024654,2024-10-07,3,1,1,unique,12496,0/0/0
PF_0024654,2024-10-07,4,1,1,unique,12528,0/0/0
PF_0024654,2024-10-07,5,1,1,unique,12560,0/0/0
PF_0024654,2024-10-07,6,1,1,unique,12592,0/0/0
PF_0024654,2024-10-07,7,1,1,unique,12624,0/0/0
PF_0024654,2024-10-07,8,1,1,unique,12656,0/0/0
PF_0024654,2024-10-07,9,1,1,unique,12688,0/0/0
PF_0024654,2024-10-14,1,1,1,unique,12433,0/0/0
PF_0024654,2024-10-14,2,1,1,unique,12465,0/0/0
PF_0024654,2024-10-14,3,1,1,unique,12497,0/0/0
PF_0024654,2024-10-14,4,1,1,unique,12529,0/0/0
PF_0024654,2024-10-14,5,1,1,unique,12561,0/0/0
PF_0024654,2024-10-14,6,1,1,unique,12593,0/0/0
PF_0024654,2024-10-14,7,1,1,unique,12625,0/0/0
PF_0024654,2024-10-14,8,1,1,unique,12657,0/0/0
PF_0024654,2024-10-14,9,1,1,unique,12689,0/0/0
PF_0024654,2024-10-21,1,1,1,unique,12434,0/0/0
PF_0024654,2024-10-21,2,1,1,unique,12466,0/0/0
PF_0024654,2024-10-21,3,1,1,unique,12498,0/0/0
PF_0024654,2024-10-21,4,1,1,unique,12530,0/0/0
PF_0024654,2024-10-21,5,1,1,unique,12562,0/0/0
PF_0024654,2024-10-21,6,1,1,unique,12594,0/0/0
PF_0024654,2024-10-21,7,1,1,unique,12626,0/0/0
PF_0024654,2024-10-21,8,1,1,unique,12658,0/0/0
PF_0024654,2024-10-21,9,1,1,unique,12690,0/0/0
PF_0024654,2024-10-28,1,1,1,unique,12435,0/0/0
PF_0024654,2024-10-28,2,1,1,unique,12467,0/0/0
PF_0024654,2024-10-28,3,1,1,unique,12499,0/0/0
PF_0024654,2024-10-28,4,1,1,unique,12531,0/0/0
PF_0024654,2024-10-28,5,1,1,unique,12563,0/0/0
PF_0024654,2024-10-28,6,1,1,unique,12595,0/0/0
PF_0024654,2024-10-28,7,1,1,unique,12627,0/0/0
PF_0024654,2024-10-28,8,1,1,unique,12659,0/0/0
PF_0024654,2024-10-28,9,1,1,unique,12691,0/0/0
PF_0024654,2024-11-04,1,1,1,unique,12436,0/0/0
PF_0024654,2024-11-04,2,1,1,unique,12468,0/0/0
PF_0024654,2024-11-04,3,1,1,unique,12500,0/0/0
PF_0024654,2024-11-04,4,1,1,unique,12532,0/0/0
PF_0024654,2024-11-04,5,1,1,unique,12564,0/0/0
PF_0024654,2024-11-04,6,1,1,unique,12596,0/0/0
PF_0024654,2024-11-04,7,1,1,unique,12628,0/0/0
PF_0024654,2024-11-04,8,1,1,unique,12660,0/0/0
PF_0024654,2024-11-04,9,1,1,unique,12692,0/0/0
PF_0024654,2024-11-11,1,1,1,unique,12437,0/0/0
PF_0024654,2024-11-11,2,1,1,unique,12469,0/0/0
PF_0024654,2024-11-11,3,1,1,unique,12501,0/0/0
PF_0024654,2024-11-11,4,1,1,unique,12533,0/0/0
PF_0024654,2024-11-11,5,1,1,unique,12565,0/0/0
PF_0024654,2024-11-11,6,1,1,unique,12597,0/0/0
PF_0024654,2024-11-11,7,1,1,unique,12629,0/0/0
PF_0024654,2024-11-11,8,1,1,unique,12661,0/0/0
PF_0024654,2024-11-11,9,1,1,unique,12693,0/0/0
PF_0024654,2024-11-18,1,1,1,unique,12438,0/0/0
PF_0024654,2024-11-18,2,1,1,unique,12470,0/0/0
PF_0024654,2024-11-18,3,1,1,unique,12502,0/0/0
PF_0024654,2024-11-18,4,1,1,unique,12534,0/0/0
PF_0024654,2024-11-18,5,1,1,unique,12566,0/0/0
PF_0024654,2024-11-18,6,1,1,unique,12598,0/0/0
PF_0024654,2024-11-18,7,1,1,unique,12630,0/0/0
PF_0024654,2024-11-18,8,1,1,unique,12662,0/0/0
PF_0024654,2024-11-18,9,1,1,unique,12694,0/0/0
PF_0024654,2024-11-25,1,1,1,unique,12439,0/0/0
PF_0024654,2024-11-25,2,1,1,unique,12471,0/0/0
PF_0024654,2024-11-25,3,1,1,unique,12503,0/0/0
PF_0024654,2024-11-25,4,1,1,unique,12535,0/0/0
PF_0024654,2024-11-25,5,1,1,unique,12567,0/0/0
PF_0024654,2024-11-25,6,1,1,unique,12599,0/0/0
PF_0024654,2024-11-25,7,1,1,unique,12631,0/0/0
PF_0024654,2024-11-25,8,1,1,unique,12663,0/0/0
PF_0024654,2024-11-25,9,1,1,unique,12695,0/0/0
PF_0024654,2024-12-02,1,1,1,unique,12440,0/0/0
PF_0024654,2024-12-02,2,1,1,unique,12472,0/0/0
PF_0024654,2024-12-02,3,1,1,unique,12504,0/0/0
PF_0024654,2024-12-02,4,1,1,unique,12536,0/0/0
PF_0024654,2024-12-02,5,1,1,unique,12568,0/0/0
PF_0024654,2024-12-02,6,1,1,unique,12600,0/0/0
PF_0024654,2024-12-02,7,1,1,unique,12632,0/0/0
PF_0024654,2024-12-02,8,1,1,unique,12664,0/0/0
PF_0024654,2024-12-02,9,1,1,unique,12696,0/0/0
PF_0024654,2024-12-09,1,1,1,unique,12441,0/0/0
PF_0024654,2024-12-09,2,1,1,unique,12473,0/0/0
PF_0024654,2024-12-09,3,1,1,unique,12505,0/0/0
PF_0024654,2024-12-09,4,1,1,unique,12537,0/0/0
PF_0024654,2024-12-09,5,1,1,unique,12569,0/0/0
PF_0024654,2024-12-09,6,1,1,unique,12601,0/0/0
PF_0024654,2024-12-09,7,1,1,unique,12633,0/0/0
PF_0024654,2024-12-09,8,1,1,unique,12665,0/0/0
PF_0024654,2024-12-09,9,1,1,unique,12697,0/0/0
PF_0024654,2024-12-16,1,1,1,unique,12442,0/0/0
PF_0024654,2024-12-16,2,1,1,unique,12474,0/0/0
PF_0024654,2024-12-16,3,1,1,unique,12506,0/0/0
PF_0024654,2024-12-16,4,1,1,unique,12538,0/0/0
PF_0024654,2024-12-16,5,1,1,unique,12570,0/0/0
PF_0024654,2024-12-16,6,1,1,unique,12602,0/0/0
PF_0024654,2024-12-16,7,1,1,unique,12634,0/0/0
PF_0024654,2024-12-16,8,1,1,unique,12666,0/0/0
PF_0024654,2024-12-16,9,1,1,unique,12698,0/0/0
PF_0024654,2024-12-23,1,1,1,unique,12443,0/0/0
PF_0024654,2024-12-23,2,1,1,unique,12475,0/0/0
PF_0024654,2024-12-23,3,1,1,unique,12507,0/0/0
PF_0024654,2024-12-23,4,1,1,unique,12539,0/0/0
PF_0024654,2024-12-23,5,1,1,unique,12571,0/0/0
PF_0024654,2024-12-23,6,1,1,unique,12603,0/0/0
PF_0024654,2024-12-23,7,1,1,unique,12635,0/0/0
PF_0024654,2024-12-23,8,1,1,unique,12667,0/0/0
PF_0024654,2024-12-23,9,1,1,unique,12699,0/0/0
PF_0024654,2024-12-30,1,1,1,unique,12444,4/0/0
PF_0024654,2024-12-30,2,1,1,unique,12476,6/0/0
PF_0024654,2024-12-30,3,1,1,unique,12508,7/0/0
PF_0024654,2024-12-30,4,1,1,unique,12540,4/0/0
PF_0024654,2024-12-30,5,1,1,unique,12572,4/0/0
PF_0024654,2024-12-30,6,1,1,unique,12604,6/0/0
PF_0024654,2024-12-30,7,1,1,unique,12636,8/0/0
PF_0024654,2024-12-30,8,1,1,unique,12668,5/0/0
PF_0024654,2024-12-30,9,1,1,unique,12700,4/0/0
PF_0024654,2025-01-06,1,1,1,unique,12445,5/0/0
PF_0024654,2025-01-06,2,1,1,unique,12477,6/0/0
PF_0024654,2025-01-06,3,1,1,unique,12509,6/0/0
PF_0024654,2025-01-06,4,1,1,unique,12541,3/0/0
PF_0024654,2025-01-06,5,1,1,unique,12573,2/0/0
PF_0024654,2025-01-06,6,1,1,unique,12605,5/0/0
PF_0024654,2025-01-06,7,1,1,unique,12637,6/0/0
PF_0024654,2025-01-06,8,1,1,unique,12669,5/0/0
PF_0024654,2025-01-06,9,1,1,unique,12701,4/0/0
PF_0024654,2025-01-13,1,1,1,unique,12446,2/0/0
PF_0024654,2025-01-13,2,1,1,unique,12478,1/0/0
PF_0024654,2025-01-13,3,1,1,unique,12510,2/0/0
PF_0024654,2025-01-13,4,1,1,unique,12542,0/0/0
PF_0024654,2025-01-13,5,1,1,unique,12574,0/0/0
PF_0024654,2025-01-13,6,1,1,unique,12606,3/0/0
PF_0024654,2025-01-13,7,1,1,unique,12638,2/0/0
PF_0024654,2025-01-13,8,1,1,unique,12670,7/0/0
PF_0024654,2025-01-13,9,1,1,unique,12702,3/0/0
PF_0024654,2025-01-20,1,1,1,unique,12447,0/0/0
PF_0024654,2025-01-20,2,1,1,unique,12479,0/1/0
PF_0024654,2025-01-20,3,1,1,unique,12511,1/0/0
PF_0024654,2025-01-20,4,1,1,unique,12543,0/0/0
PF_0024654,2025-01-20,5,1,1,unique,12575,0/0/0
PF_0024654,2025-01-20,6,1,1,unique,12607,0/0/0
PF_0024654,2025-01-20,7,1,1,unique,12639,0/0/0
PF_0024654,2025-01-20,8,1,1,unique,12671,7/3/0
PF_0024654,2025-01-20,9,1,1,unique,12703,0/1/0
PF_0024654,2025-02-03,1,1,1,unique,12448,0/0/0
PF_0024654,2025-02-03,2,1,1,unique,12480,0/1/0
PF_0024654,2025-02-03,3,1,1,unique,12512,0/0/0
PF_0024654,2025-02-03,4,1,1,unique,12544,0/0/0
PF_0024654,2025-02-03,5,1,1,unique,12576,0/3/0
PF_0024654,2025-02-03,6,1,1,unique,12608,0/0/0
PF_0024654,2025-02-03,7,1,1,unique,12640,0/0/0
PF_0024654,2025-02-03,8,1,1,unique,12672,0/6/0
PF_0024654,2025-02-03,9,1,1,unique,12704,0/6/0
PF_0024654,2025-02-10,1,1,1,unique,12449,0/0/0
PF_0024654,2025-02-10,2,1,1,unique,12481,0/2/0
PF_0024654,2025-02-10,3,1,1,unique,12513,0/0/0
PF_0024654,2025-02-10,4,1,1,unique,12545,0/1/0
PF_0024654,2025-02-10,5,1,1,unique,12577,0/4/0
PF_0024654,2025-02-10,6,1,1,unique,12609,0/1/0
PF_0024654,2025-02-10,7,1,1,unique,12641,0/0/0
PF_0024654,2025-02-10,8,1,1,unique,12673,3/6/0
PF_0024654,2025-02-10,9,1,1,unique,12705,0/7/0
PF_0024654,2025-02-17,1,1,1,unique,12450,0/3/0
PF_0024654,2025-02-17,2,1,1,unique,12482,0/1/0
PF_0024654,2025-02-17,3,1,1,unique,12514,0/2/0
PF_0024654,2025-02-17,4,1,1,unique,12546,0/3/0
PF_0024654,2025-02-17,5,1,1,unique,12578,0/6/0
PF_0024654,2025-02-17,6,1,1,unique,12610,0/4/0
PF_0024654,2025-02-17,7,1,1,unique,12642,0/0/0
PF_0024654,2025-02-17,8,1,1,unique,12674,0/0/0
PF_0024654,2025-02-17,9,1,1,unique,12706,0/6/0
PF_0024654,2025-02-24,1,1,1,unique,12451,0/8/0
PF_0024654,2025-02-24,2,1,1,unique,12483,0/4/3
PF_0024654,2025-02-24,3,1,1,unique,12515,0/5/0
PF_0024654,2025-02-24,4,1,1,unique,12547,0/6/0
PF_0024654,2025-02-24,5,1,1,unique,12579,0/6/0
PF_0024654,2025-02-24,6,1,1,unique,12611,0/6/0
PF_0024654,2025-02-24,7,1,1,unique,12643,0/1/0
PF_0024654,2025-02-24,8,1,1,unique,12675,0/4/0
PF_0024654,2025-02-24,9,1,1,unique,12707,0/6/1
PF_0024654,2025-03-03,1,1,1,unique,12452,0/7/0
PF_0024654,2025-03-03,2,1,1,unique,12484,0/2/6
PF_0024654,2025-03-03,3,1,1,unique,12516,0/6/3
PF_0024654,2025-03-03,4,1,1,unique,12548,0/8/2
PF_0024654,2025-03-03,5,1,1,unique,12580,0/5/2
PF_0024654,2025-03-03,6,1,1,unique,12612,0/6/1
PF_0024654,2025-03-03,7,1,1,unique,12644,0/4/0
PF_0024654,2025-03-03,8,1,1,unique,12676,0/2/1
PF_0024654,2025-03-03,9,1,1,unique,12708,0/5/3
PF_0024654,2025-03-10,1,1,1,unique,12453,0/6/1
PF_0024654,2025-03-10,2,1,1,unique,12485,0/0/6
PF_0024654,2025-03-10,3,1,1,unique,12517,0/4/3
PF_0024654,2025-03-10,4,1,1,unique,12549,0/6/2
PF_0024654,2025-03-10,5,1,1,unique,12581,0/4/4
PF_0024654,2025-03-10,6,1,1,unique,12613,0/10/0
PF_0024654,2025-03-10,7,1,1,unique,12645,0/6/1
PF_0024654,2025-03-10,8,1,1,unique,12677,0/0/1
PF_0024654,2025-03-10,9,1,1,unique,12709,0/3/3
PF_0024654,2025-03-17,1,1,1,unique,12454,0/5/3
PF_0024654,2025-03-17,2,1,1,unique,12486,0/4/4
PF_0024654,2025-03-17,3,1,1,unique,12518,0/3/3
PF_0024654,2025-03-17,4,1,1,unique,12550,0/5/2
PF_0024654,2025-03-17,5,1,1,unique,12582,0/2/4
PF_0024654,2025-03-17,6,1,1,unique,12614,0/5/5
PF_0024654,2025-03-17,7,1,1,unique,12646,0/0/6
PF_0024654,2025-03-17,8,1,1,unique,12678,0/0/3
PF_0024654,2025-03-17,9,1,1,unique,12710,0/1/3
PF_0024654,2025-03-24,1,1,1,unique,12455,0/3/4
PF_0024654,2025-03-24,2,1,1,unique,12487,0/2/4
PF_0024654,2025-03-24,3,1,1,unique,12519,0/2/3
PF_0024654,2025-03-24,4,1,1,unique,12551,0/2/2
PF_0024654,2025-03-24,5,1,1,unique,12583,0/0/3
PF_0024654,2025-03-24,6,1,1,unique,12615,0/2/4
PF_0024654,2025-03-24,7,1,1,unique,12647,0/0/5
PF_0024654,2025-03-24,8,1,1,unique,12679,0/0/2
PF_0024654,2025-03-24,9,1,1,unique,12711,0/0/2
PF_0024654,2025-03-31,1,1,1,unique,12456,0/0/2
PF_0024654,2025-03-31,2,1,1,unique,12488,0/0/1
PF_0024654,2025-03-31,3,1,1,unique,12520,0/0/0
PF_0024654,2025-03-31,4,1,1,unique,12552,0/0/1
PF_0024654,2025-03-31,5,1,1,unique,12584,0/0/0
PF_0024654,2025-03-31,6,1,1,unique,12616,0/0/0
PF_0024654,2025-03-31,7,1,1,unique,12648,0/0/0
PF_0024654,2025-03-31,8,1,1,unique,12680,0/0/0
PF_0024654,2025-03-31,9,1,1,unique,12712,0/0/0
PF_0024654,2025-04-07,1,1,1,unique,12457,0/0/4
PF_0024654,2025-04-07,2,1,1,unique,12489,0/0/0
PF_0024654,2025-04-07,3,1,1,unique,12521,0/0/0
PF_0024654,2025-04-07,4,1,1,unique,12553,0/0/0
PF_0024654,2025-04-07,5,1,1,unique,12585,0/0/0
PF_0024654,2025-04-07,6,1,1,unique,12617,0/0/4
PF_0024654,2025-04-07,7,1,1,unique,12649,0/0/2
PF_0024654,2025-04-07,8,1,1,unique,12681,0/0/0
PF_0024654,2025-04-07,9,1,1,unique,12713,0/0/0
PF_0024654,2025-04-14,1,1,1,unique,12458,0/0/0
PF_0024654,2025-04-14,2,1,1,unique,12490,0/0/0
PF_0024654,2025-04-14,3,1,1,unique,12522,0/0/0
PF_0024654,2025-04-14,4,1,1,unique,12554,0/0/0
PF_0024654,2025-04-14,5,1,1,unique,12586,0/0/0
PF_0024654,2025-04-14,6,1,1,unique,12618,0/0/0
PF_0024654,2025-04-14,7,1,1,unique,12650,0/0/0
PF_0024654,2025-04-14,8,1,1,unique,12682,0/0/0
PF_0024654,2025-04-14,9,1,1,unique,12714,0/0/0
PF_0024654,2025-04-21,1,1,1,unique,12459,0/0/0
PF_0024654,2025-04-21,2,1,1,unique,12491,0/0/0
PF_0024654,2025-04-21,3,1,1,unique,12523,0/0/0
PF_0024654,2025-04-21,4,1,1,unique,12555,0/0/0
PF_0024654,2025-04-21,5,1,1,unique,12587,0/0/0
PF_0024654,2025-04-21,6,1,1,unique,12619,0/0/0
PF_0024654,2025-04-21,7,1,1,unique,12651,0/0/0
PF_0024654,2025-04-21,8,1,1,unique,12683,0/0/0
PF_0024654,2025-04-21,9,1,1,unique,12715,0/0/0
PF_0024654,2025-04-28,1,1,1,unique,12460,0/0/0
PF_0024654,2025-04-28,2,1,1,unique,12492,0/0/0
PF_0024654,2025-04-28,3,1,1,unique,12524,0/0/0
PF_0024654,2025-04-28,4,1,1,unique,12556,0/0/0
PF_0024654,2025-04-28,5,1,1,unique,12588,0/0/0
PF_0024654,2025-04-28,6,1,1,unique,12620,0/0/0
PF_0024654,2025-04-28,7,1,1,unique,12652,0/0/0
PF_0024654,2025-04-28,8,1,1,unique,12684,0/0/0
PF_0024654,2025-04-28,9,1,1,unique,12716,0/0/0
PF_0024654,2025-05-23,1,1,1,unique,12461,0/0/0
PF_0024654,2025-05-23,2,1,1,unique,12493,0/0/0
PF_0024654,2025-05-23,3,1,1,unique,12525,0/0/0
PF_0024654,2025-05-23,4,1,1,unique,12557,0/0/0
PF_0024654,2025-05-23,5,1,1,unique,12589,0/0/0
PF_0024654,2025-05-23,6,1,1,unique,12621,0/0/0
PF_0024654,2025-05-23,7,1,1,unique,12653,0/0/0
PF_0024654,2025-05-23,8,1,1,unique,12685,0/0/0
PF_0024654,2025-05-23,9,1,1,unique,12717,0/0/0
PF_0024654,2025-05-29,1,1,1,unique,12462,0/0/0
PF_0024654,2025-05-29,2,1,1,unique,12494,0/0/0
PF_0024654,2025-05-29,3,1,1,unique,12526,0/0/0
PF_0024654,2025-05-29,4,1,1,unique,12558,0/0/0
PF_0024654,2025-05-29,5,1,1,unique,12590,0/0/0
PF_0024654,2025-05-29,6,1,1,unique,12622,0/0/0
PF_0024654,2025-05-29,7,1,1,unique,12654,0/0/0
PF_0024654,2025-05-29,8,1,1,unique,12686,0/0/0
PF_0024654,2025-05-29,9,1,1,unique,12718,0/0/0
PF_0024654,2025-06-05,1,1,1,unique,12463,0/0/0
PF_0024654,2025-06-05,2,1,1,unique,12495,0/0/0
PF_0024654,2025-06-05,3,1,1,unique,12527,0/0/0
PF_0024654,2025-06-05,4,1,1,unique,12559,0/0/0
PF_0024654,2025-06-05,5,1,1,unique,12591,0/0/0
PF_0024654,2025-06-05,6,1,1,unique,12623,0/0/0
PF_0024654,2025-06-05,7,1,1,unique,12655,0/0/0
PF_0024654,2025-06-05,8,1,1,unique,12687,0/0/0
PF_0024654,2025-06-05,9,1,1,unique,12719,0/0/0
PF_0024655,2024-10-09,1,1,1,unique,12720,0/0/0
PF_0024655,2024-10-09,2,1,1,unique,12752,0/0/0
PF_0024655,2024-10-09,3,1,1,unique,12784,0/0/0
PF_0024655,2024-10-09,4,1,1,unique,12816,0/0/0
PF_0024655,2024-10-09,5,1,1,unique,12848,0/0/0
PF_0024655,2024-10-09,6,1,1,unique,12880,0/0/0
PF_0024655,2024-10-09,7,1,1,unique,12912,0/0/0
PF_0024655,2024-10-09,8,1,1,unique,12944,0/0/0
PF_0024655,2024-10-09,9,1,1,unique,12976,0/0/0
PF_0024655,2024-10-14,1,1,1,unique,12721,0/0/0
PF_0024655,2024-10-14,2,1,1,unique,12753,0/0/0
PF_0024655,2024-10-14,3,1,1,unique,12785,0/0/0
PF_0024655,2024-10-14,4,1,1,unique,12817,0/0/0
PF_0024655,2024-10-14,5,1,1,unique,12849,0/0/0
PF_0024655,2024-10-14,6,1,1,unique,12881,0/0/0
PF_0024655,2024-10-14,7,1,1,unique,12913,0/0/0
PF_0024655,2024-10-14,8,1,1,unique,12945,0/0/0
PF_0024655,2024-10-14,9,1,1,unique,12977,0/0/0
PF_0024655,2024-10-22,1,1,1,unique,12722,0/0/0
PF_0024655,2024-10-22,2,1,1,unique,12754,0/0/0
PF_0024655,2024-10-22,3,1,1,unique,12786,0/0/0
PF_0024655,2024-10-22,4,1,1,unique,12818,0/0/0
PF_0024655,2024-10-22,5,1,1,unique,12850,0/0/0
PF_0024655,2024-10-22,6,1,1,unique,12882,0/0/0
PF_0024655,2024-10-22,7,1,1,unique,12914,0/0/0
PF_0024655,2024-10-22,8,1,1,unique,12946,0/0/0
PF_0024655,2024-10-22,9,1,1,unique,12978,0/0/0
PF_0024655,2024-10-29,1,1,1,unique,12723,0/0/0
PF_0024655,2024-10-29,2,1,1,unique,12755,0/0/0
PF_0024655,2024-10-29,3,1,1,unique,12787,0/0/0
PF_0024655,2024-10-29,4,1,1,unique,12819,0/0/0
PF_0024655,2024-10-29,5,1,1,unique,12851,0/0/0
PF_0024655,2024-10-29,6,1,1,unique,12883,0/0/0
PF_0024655,2024-10-29,7,1,1,unique,12915,0/0/0
PF_0024655,2024-10-29,8,1,1,unique,12947,0/0/0
PF_0024655,2024-10-29,9,1,1,unique,12979,0/0/0
PF_0024655,2024-11-04,1,1,1,unique,12724,0/0/0
PF_0024655,2024-11-04,2,1,1,unique,12756,0/0/0
PF_0024655,2024-11-04,3,1,1,unique,12788,0/0/0
PF_0024655,2024-11-04,4,1,1,unique,12820,0/0/0
PF_0024655,2024-11-04,5,1,1,unique,12852,0/0/0
PF_0024655,2024-11-04,6,1,1,unique,12884,0/0/0
PF_0024655,2024-11-04,7,1,1,unique,12916,0/0/0
PF_0024655,2024-11-04,8,1,1,unique,12948,0/0/0
PF_0024655,2024-11-04,9,1,1,unique,12980,0/0/0
PF_0024655,2024-11-11,1,1,1,unique,12725,0/0/0
PF_0024655,2024-11-11,2,1,1,unique,12757,0/0/0
PF_0024655,2024-11-11,3,1,1,unique,12789,0/0/0
PF_0024655,2024-11-11,4,1,1,unique,12821,0/0/0
PF_0024655,2024-11-11,5,1,1,unique,12853,0/0/0
PF_0024655,2024-11-11,6,1,1,unique,12885,0/0/0
PF_0024655,2024-11-11,7,1,1,unique,12917,0/0/0
PF_0024655,2024-11-11,8,1,1,unique,12949,0/0/0
PF_0024655,2024-11-11,9,1,1,unique,12981,0/0/0
PF_0024655,2024-11-18,1,1,1,unique,12726,0/0/0
PF_0024655,2024-11-18,2,1,1,unique,12758,0/0/0
PF_0024655,2024-11-18,3,1,1,unique,12790,0/0/0
PF_0024655,2024-11-18,4,1,1,unique,12822,0/0/0
PF_0024655,2024-11-18,5,1,1,unique,12854,0/0/0
PF_0024655,2024-11-18,6,1,1,unique,12886,0/0/0
PF_0024655,2024-11-18,7,1,1,unique,12918,0/0/0
PF_0024655,2024-11-18,8,1,1,unique,12950,0/0/0
PF_0024655,2024-11-18,9,1,1,unique,12982,0/0/0
PF_0024655,2024-11-25,1,1,1,unique,12727,0/0/0
PF_0024655,2024-11-25,2,1,1,unique,12759,0/0/0
PF_0024655,2024-11-25,3,1,1,unique,12791,0/0/0
PF_0024655,2024-11-25,4,1,1,unique,12823,0/0/0
PF_0024655,2024-11-25,5,1,1,unique,12855,0/0/0
PF_0024655,2024-11-25,6,1,1,unique,12887,0/0/0
PF_0024655,2024-11-25,7,1,1,unique,12919,0/0/0
PF_0024655,2024-11-25,8,1,1,unique,12951,0/0/0
PF_0024655,2024-11-25,9,1,1,unique,12983,0/0/0
PF_0024655,2024-12-02,1,1,1,unique,12728,0/0/0
PF_0024655,2024-12-02,2,1,1,unique,12760,0/0/0
PF_0024655,2024-12-02,3,1,1,unique,12792,0/0/0
PF_0024655,2024-12-02,4,1,1,unique,12824,0/0/0
PF_0024655,2024-12-02,5,1,1,unique,12856,0/0/0
PF_0024655,2024-12-02,6,1,1,unique,12888,0/0/0
PF_0024655,2024-12-02,7,1,1,unique,12920,0/0/0
PF_0024655,2024-12-02,8,1,1,unique,12952,0/0/0
PF_0024655,2024-12-02,9,1,1,unique,12984,0/0/0
PF_0024655,2024-12-09,1,1,1,unique,12729,0/0/0
PF_0024655,2024-12-09,2,1,1,unique,12761,0/0/0
PF_0024655,2024-12-09,3,1,1,unique,12793,0/0/0
PF_0024655,2024-12-09,4,1,1,unique,12825,0/0/0
PF_0024655,2024-12-09,5,1,1,unique,12857,0/0/0
PF_0024655,2024-12-09,6,1,1,unique,12889,0/0/0
PF_0024655,2024-12-09,7,1,1,unique,12921,0/0/0
PF_0024655,2024-12-09,8,1,1,unique,12953,0/0/0
PF_0024655,2024-12-09,9,1,1,unique,12985,0/0/0
PF_0024655,2024-12-17,1,1,1,unique,12730,0/0/0
PF_0024655,2024-12-17,2,1,1,unique,12762,0/0/0
PF_0024655,2024-12-17,3,1,1,unique,12794,0/0/0
PF_0024655,2024-12-17,4,1,1,unique,12826,0/0/0
PF_0024655,2024-12-17,5,1,1,unique,12858,0/0/0
PF_0024655,2024-12-17,6,1,1,unique,12890,0/0/0
PF_0024655,2024-12-17,7,1,1,unique,12922,0/0/0
PF_0024655,2024-12-17,8,1,1,unique,12954,0/0/0
PF_0024655,2024-12-17,9,1,1,unique,12986,0/0/0
PF_0024655,2024-12-23,1,1,1,unique,12731,0/0/0
PF_0024655,2024-12-23,2,1,1,unique,12763,0/0/0
PF_0024655,2024-12-23,3,1,1,unique,12795,0/0/0
PF_0024655,2024-12-23,4,1,1,unique,12827,0/0/0
PF_0024655,2024-12-23,5,1,1,unique,12859,0/0/0
PF_0024655,2024-12-23,6,1,1,unique,12891,0/0/0
PF_0024655,2024-12-23,7,1,1,unique,12923,0/0/0
PF_0024655,2024-12-23,8,1,1,unique,12955,0/0/0
PF_0024655,2024-12-23,9,1,1,unique,12987,0/0/0
PF_0024655,2024-12-30,1,1,1,unique,12732,4/0/0
PF_0024655,2024-12-30,2,1,1,unique,12764,5/0/0
PF_0024655,2024-12-30,3,1,1,unique,12796,3/0/0
PF_0024655,2024-12-30,4,1,1,unique,12828,5/0/0
PF_0024655,2024-12-30,5,1,1,unique,12860,3/0/0
PF_0024655,2024-12-30,6,1,1,unique,12892,9/0/0
PF_0024655,2024-12-30,7,1,1,unique,12924,5/0/0
PF_0024655,2024-12-30,8,1,1,unique,12956,6/0/0
PF_0024655,2024-12-30,9,1,1,unique,12988,3/0/0
PF_0024655,2025-01-06,1,1,1,unique,12733,4/0/0
PF_0024655,2025-01-06,2,1,1,unique,12765,4/0/0
PF_0024655,2025-01-06,3,1,1,unique,12797,3/0/0
PF_0024655,2025-01-06,4,1,1,unique,12829,5/0/0
PF_0024655,2025-01-06,5,1,1,unique,12861,3/0/0
PF_0024655,2025-01-06,6,1,1,unique,12893,4/0/0
PF_0024655,2025-01-06,7,1,1,unique,12925,5/0/0
PF_0024655,2025-01-06,8,1,1,unique,12957,6/0/0
PF_0024655,2025-01-06,9,1,1,unique,12989,4/0/0
PF_0024655,2025-01-13,1,1,1,unique,12734,1/0/0
PF_0024655,2025-01-13,2,1,1,unique,12766,5/0/0
PF_0024655,2025-01-13,3,1,1,unique,12798,2/0/0
PF_0024655,2025-01-13,4,1,1,unique,12830,3/0/0
PF_0024655,2025-01-13,5,1,1,unique,12862,0/0/0
PF_0024655,2025-01-13,6,1,1,unique,12894,4/0/0
PF_0024655,2025-01-13,7,1,1,unique,12926,5/0/0
PF_0024655,2025-01-13,8,1,1,unique,12958,4/0/0
PF_0024655,2025-01-13,9,1,1,unique,12990,3/0/0
PF_0024655,2025-01-20,1,1,1,unique,12735,0/1/0
PF_0024655,2025-01-20,2,1,1,unique,12767,0/4/0
PF_0024655,2025-01-20,3,1,1,unique,12799,2/3/0
PF_0024655,2025-01-20,4,1,1,unique,12831,2/0/0
PF_0024655,2025-01-20,5,1,1,unique,12863,0/3/0
PF_0024655,2025-01-20,6,1,1,unique,12895,0/2/0
PF_0024655,2025-01-20,7,1,1,unique,12927,4/0/0
PF_0024655,2025-01-20,8,1,1,unique,12959,3/0/0
PF_0024655,2025-01-20,9,1,1,unique,12991,2/0/0
PF_0024655,2025-02-03,1,1,1,unique,12736,0/4/0
PF_0024655,2025-02-03,2,1,1,unique,12768,0/4/0
PF_0024655,2025-02-03,3,1,1,unique,12800,0/4/0
PF_0024655,2025-02-03,4,1,1,unique,12832,0/6/0
PF_0024655,2025-02-03,5,1,1,unique,12864,0/4/0
PF_0024655,2025-02-03,6,1,1,unique,12896,0/2/0
PF_0024655,2025-02-03,7,1,1,unique,12928,0/2/0
PF_0024655,2025-02-03,8,1,1,unique,12960,0/3/0
PF_0024655,2025-02-03,9,1,1,unique,12992,0/4/0
PF_0024655,2025-02-10,1,1,1,unique,12737,0/4/0
PF_0024655,2025-02-10,2,1,1,unique,12769,0/2/0
PF_0024655,2025-02-10,3,1,1,unique,12801,0/5/0
PF_0024655,2025-02-10,4,1,1,unique,12833,0/7/0
PF_0024655,2025-02-10,5,1,1,unique,12865,0/3/0
PF_0024655,2025-02-10,6,1,1,unique,12897,0/2/0
PF_0024655,2025-02-10,7,1,1,unique,12929,0/4/0
PF_0024655,2025-02-10,8,1,1,unique,12961,0/2/0
PF_0024655,2025-02-10,9,1,1,unique,12993,0/4/0
PF_0024655,2025-02-17,1,1,1,unique,12738,0/5/0
PF_0024655,2025-02-17,2,1,1,unique,12770,0/2/0
PF_0024655,2025-02-17,3,1,1,unique,12802,0/4/0
PF_0024655,2025-02-17,4,1,1,unique,12834,0/7/0
PF_0024655,2025-02-17,5,1,1,unique,12866,0/3/0
PF_0024655,2025-02-17,6,1,1,unique,12898,0/3/0
PF_0024655,2025-02-17,7,1,1,unique,12930,0/4/0
PF_0024655,2025-02-17,8,1,1,unique,12962,0/3/0
PF_0024655,2025-02-17,9,1,1,unique,12994,0/4/0
PF_0024655,2025-02-24,1,1,1,unique,12739,0/2/0
PF_0024655,2025-02-24,2,1,1,unique,12771,0/3/0
PF_0024655,2025-02-24,3,1,1,unique,12803,0/4/0
PF_0024655,2025-02-24,4,1,1,unique,12835,0/5/0
PF_0024655,2025-02-24,5,1,1,unique,12867,0/4/0
PF_0024655,2025-02-24,6,1,1,unique,12899,0/2/0
PF_0024655,2025-02-24,7,1,1,unique,12931,0/2/0
PF_0024655,2025-02-24,8,1,1,unique,12963,0/4/0
PF_0024655,2025-02-24,9,1,1,unique,12995,0/2/0
PF_0024655,2025-03-03,1,1,1,unique,12740,0/2/0
PF_0024655,2025-03-03,2,1,1,unique,12772,0/3/1
PF_0024655,2025-03-03,3,1,1,unique,12804,0/2/2
PF_0024655,2025-03-03,4,1,1,unique,12836,0/5/0
PF_0024655,2025-03-03,5,1,1,unique,12868,0/5/0
PF_0024655,2025-03-03,6,1,1,unique,12900,0/2/0
PF_0024655,2025-03-03,7,1,1,unique,12932,0/2/2
PF_0024655,2025-03-03,8,1,1,unique,12964,0/5/0
PF_0024655,2025-03-03,9,1,1,unique,12996,0/5/0
PF_0024655,2025-03-10,1,1,1,unique,12741,0/0/4
PF_0024655,2025-03-10,2,1,1,unique,12773,0/0/6
PF_0024655,2025-03-10,3,1,1,unique,12805,0/0/3
PF_0024655,2025-03-10,4,1,1,unique,12837,0/0/2
PF_0024655,2025-03-10,5,1,1,unique,12869,0/0/8
PF_0024655,2025-03-10,6,1,1,unique,12901,0/0/2
PF_0024655,2025-03-10,7,1,1,unique,12933,0/0/4
PF_0024655,2025-03-10,8,1,1,unique,12965,0/0/6
PF_0024655,2025-03-10,9,1,1,unique,12997,0/0/1
PF_0024655,2025-03-17,1,1,1,unique,12742,0/0/4
PF_0024655,2025-03-17,2,1,1,unique,12774,0/0/3
PF_0024655,2025-03-17,3,1,1,unique,12806,0/0/3
PF_0024655,2025-03-17,4,1,1,unique,12838,0/0/3
PF_0024655,2025-03-17,5,1,1,unique,12870,0/0/6
PF_0024655,2025-03-17,6,1,1,unique,12902,0/0/2
PF_0024655,2025-03-17,7,1,1,unique,12934,0/0/5
PF_0024655,2025-03-17,8,1,1,unique,12966,0/0/3
PF_0024655,2025-03-17,9,1,1,unique,12998,0/0/3
PF_0024655,2025-03-24,1,1,1,unique,12743,0/0/3
PF_0024655,2025-03-24,2,1,1,unique,12775,0/0/3
PF_0024655,2025-03-24,3,1,1,unique,12807,0/0/1
PF_0024655,2025-03-24,4,1,1,unique,12839,0/0/3
PF_0024655,2025-03-24,5,1,1,unique,12871,0/0/6
PF_0024655,2025-03-24,6,1,1,unique,12903,0/0/5
PF_0024655,2025-03-24,7,1,1,unique,12935,0/0/5
PF_0024655,2025-03-24,8,1,1,unique,12967,0/0/5
PF_0024655,2025-03-24,9,1,1,unique,12999,0/0/6
PF_0024655,2025-03-31,1,1,1,unique,12744,0/0/2
PF_0024655,2025-03-31,2,1,1,unique,12776,0/0/3
PF_0024655,2025-03-31,3,1,1,unique,12808,0/0/3
PF_0024655,2025-03-31,4,1,1,unique,12840,0/0/1
PF_0024655,2025-03-31,5,1,1,unique,12872,0/0/0
PF_0024655,2025-03-31,6,1,1,unique,12904,0/0/1
PF_0024655,2025-03-31,7,1,1,unique,12936,0/0/1
PF_0024655,2025-03-31,8,1,1,unique,12968,0/0/4
PF_0024655,2025-03-31,9,1,1,unique,13000,0/0/1
PF_0024655,2025-04-07,1,1,1,unique,12745,0/0/0
PF_0024655,2025-04-07,2,1,1,unique,12777,0/0/0
PF_0024655,2025-04-07,3,1,1,unique,12809,0/0/0
PF_0024655,2025-04-07,4,1,1,unique,12841,0/0/0
PF_0024655,2025-04-07,5,1,1,unique,12873,0/0/0
PF_0024655,2025-04-07,6,1,1,unique,12905,0/0/0
PF_0024655,2025-04-07,7,1,1,unique,12937,0/0/0
PF_0024655,2025-04-07,8,1,1,unique,12969,0/0/0
PF_0024655,2025-04-07,9,1,1,unique,13001,0/0/0
PF_0024655,2025-04-14,1,1,1,unique,12746,0/0/0
PF_0024655,2025-04-14,2,1,1,unique,12778,0/0/0
PF_0024655,2025-04-14,3,1,1,unique,12810,0/0/0
PF_0024655,2025-04-14,4,1,1,unique,12842,0/0/0
PF_0024655,2025-04-14,5,1,1,unique,12874,0/0/0
PF_0024655,2025-04-14,6,1,1,unique,12906,0/0/0
PF_0024655,2025-04-14,7,1,1,unique,12938,0/0/0
PF_0024655,2025-04-14,8,1,1,unique,12970,0/0/0
PF_0024655,2025-04-14,9,1,1,unique,13002,0/0/0
PF_0024655,2025-04-21,1,1,1,unique,12747,0/0/0
PF_0024655,2025-04-21,2,1,1,unique,12779,0/0/0
PF_0024655,2025-04-21,3,1,1,unique,12811,0/0/0
PF_0024655,2025-04-21,4,1,1,unique,12843,0/0/0
PF_0024655,2025-04-21,5,1,1,unique,12875,0/0/0
PF_0024655,2025-04-21,6,1,1,unique,12907,0/0/0
PF_0024655,2025-04-21,7,1,1,unique,12939,0/0/0
PF_0024655,2025-04-21,8,1,1,unique,12971,0/0/0
PF_0024655,2025-04-21,9,1,1,unique,13003,0/0/0
PF_0024655,2025-04-28,1,1,1,unique,12748,0/0/0
PF_0024655,2025-04-28,2,1,1,unique,12780,0/0/0
PF_0024655,2025-04-28,3,1,1,unique,12812,0/0/0
PF_0024655,2025-04-28,4,1,1,unique,12844,0/0/0
PF_0024655,2025-04-28,5,1,1,unique,12876,0/0/0
PF_0024655,2025-04-28,6,1,1,unique,12908,0/0/0
PF_0024655,2025-04-28,7,1,1,unique,12940,0/0/0
PF_0024655,2025-04-28,8,1,1,unique,12972,0/0/0
PF_0024655,2025-04-28,9,1,1,unique,13004,0/0/0
PF_0024655,2025-05-24,1,1,1,unique,12749,0/0/0
PF_0024655,2025-05-24,2,1,1,unique,12781,0/0/0
PF_0024655,2025-05-24,3,1,1,unique,12813,0/0/0
PF_0024655,2025-05-24,4,1,1,unique,12845,0/0/0
PF_0024655,2025-05-24,5,1,1,unique,12877,0/0/0
PF_0024655,2025-05-24,6,1,1,unique,12909,0/0/0
PF_0024655,2025-05-24,7,1,1,unique,12941,0/0/0
PF_0024655,2025-05-24,8,1,1,unique,12973,0/0/0
PF_0024655,2025-05-24,9,1,1,unique,13005,0/0/0
PF_0024655,2025-05-29,1,1,1,unique,12750,0/0/0
PF_0024655,2025-05-29,2,1,1,unique,12782,0/0/0
PF_0024655,2025-05-29,3,1,1,unique,12814,0/0/0
PF_0024655,2025-05-29,4,1,1,unique,12846,0/0/0
PF_0024655,2025-05-29,5,1,1,unique,12878,0/0/0
PF_0024655,2025-05-29,6,1,1,unique,12910,0/0/0
PF_0024655,2025-05-29,7,1,1,unique,12942,0/0/0
PF_0024655,2025-05-29,8,1,1,unique,12974,0/0/0
PF_0024655,2025-05-29,9,1,1,unique,13006,0/0/0
PF_0024655,2025-06-05,1,1,1,unique,12751,0/0/0
PF_0024655,2025-06-05,2,1,1,unique,12783,0/0/0
PF_0024655,2025-06-05,3,1,1,unique,12815,0/0/0
PF_0024655,2025-06-05,4,1,1,unique,12847,0/0/0
PF_0024655,2025-06-05,5,1,1,unique,12879,0/0/0
PF_0024655,2025-06-05,6,1,1,unique,12911,0/0/0
PF_0024655,2025-06-05,7,1,1,unique,12943,0/0/0
PF_0024655,2025-06-05,8,1,1,unique,12975,0/0/0
PF_0024655,2025-06-05,9,1,1,unique,13007,0/0/0
PF_0024657,2024-10-08,1,1,1,unique,13116,0/0/0
PF_0024657,2024-10-08,2,1,1,unique,13148,0/0/0
PF_0024657,2024-10-08,3,1,1,unique,13180,0/0/0
PF_0024657,2024-10-08,4,1,1,unique,13212,0/0/0
PF_0024657,2024-10-08,5,1,1,unique,13244,0/0/0
PF_0024657,2024-10-08,6,1,1,unique,13276,0/0/0
PF_0024657,2024-10-08,7,1,1,unique,13308,0/0/0
PF_0024657,2024-10-08,8,1,1,unique,13340,0/0/0
PF_0024657,2024-10-08,9,1,1,unique,13372,0/0/0
PF_0024657,2024-10-15,1,1,1,unique,13117,0/0/0
PF_0024657,2024-10-15,2,1,1,unique,13149,0/0/0
PF_0024657,2024-10-15,3,1,1,unique,13181,0/0/0
PF_0024657,2024-10-15,4,1,1,unique,13213,0/0/0
PF_0024657,2024-10-15,5,1,1,unique,13245,0/0/0
PF_0024657,2024-10-15,6,1,1,unique,13277,0/0/0
PF_0024657,2024-10-15,7,1,1,unique,13309,0/0/0
PF_0024657,2024-10-15,8,1,1,unique,13341,0/0/0
PF_0024657,2024-10-15,9,1,1,unique,13373,0/0/0
PF_0024657,2024-10-22,1,1,1,unique,13118,0/0/0
PF_0024657,2024-10-22,2,1,1,unique,13150,0/0/0
PF_0024657,2024-10-22,3,1,1,unique,13182,0/0/0
PF_0024657,2024-10-22,4,1,1,unique,13214,0/0/0
PF_0024657,2024-10-22,5,1,1,unique,13246,0/0/0
PF_0024657,2024-10-22,6,1,1,unique,13278,0/0/0
PF_0024657,2024-10-22,7,1,1,unique,13310,0/0/0
PF_0024657,2024-10-22,8,1,1,unique,13342,0/0/0
PF_0024657,2024-10-22,9,1,1,unique,13374,0/0/0
PF_0024657,2024-10-29,1,1,1,unique,13119,0/0/0
PF_0024657,2024-10-29,2,1,1,unique,13151,0/0/0
PF_0024657,2024-10-29,3,1,1,unique,13183,0/0/0
PF_0024657,2024-10-29,4,1,1,unique,13215,0/0/0
PF_0024657,2024-10-29,5,1,1,unique,13247,0/0/0
PF_0024657,2024-10-29,6,1,1,unique,13279,0/0/0
PF_0024657,2024-10-29,7,1,1,unique,13311,0/0/0
PF_0024657,2024-10-29,8,1,1,unique,13343,0/0/0
PF_0024657,2024-10-29,9,1,1,unique,13375,0/0/0
PF_0024657,2024-11-05,1,1,1,unique,13120,0/0/0
PF_0024657,2024-11-05,2,1,1,unique,13152,0/0/0
PF_0024657,2024-11-05,3,1,1,unique,13184,0/0/0
PF_0024657,2024-11-05,4,1,1,unique,13216,0/0/0
PF_0024657,2024-11-05,5,1,1,unique,13248,0/0/0
PF_0024657,2024-11-05,6,1,1,unique,13280,0/0/0
PF_0024657,2024-11-05,7,1,1,unique,13312,0/0/0
PF_0024657,2024-11-05,8,1,1,unique,13344,0/0/0
PF_0024657,2024-11-05,9,1,1,unique,13376,0/0/0
PF_0024657,2024-11-12,1,1,1,unique,13121,0/0/0
PF_0024657,2024-11-12,2,1,1,unique,13153,0/0/0
PF_0024657,2024-11-12,3,1,1,unique,13185,0/0/0
PF_0024657,2024-11-12,4,1,1,unique,13217,0/0/0
PF_0024657,2024-11-12,5,1,1,unique,13249,0/0/0
PF_0024657,2024-11-12,6,1,1,unique,13281,0/0/0
PF_0024657,2024-11-12,7,1,1,unique,13313,0/0/0
PF_0024657,2024-11-12,8,1,1,unique,13345,0/0/0
PF_0024657,2024-11-12,9,1,1,unique,13377,0/0/0
PF_0024657,2024-11-19,1,1,1,unique,13122,0/0/0
PF_0024657,2024-11-19,2,1,1,unique,13154,0/0/0
PF_0024657,2024-11-19,3,1,1,unique,13186,0/0/0
PF_0024657,2024-11-19,4,1,1,unique,13218,0/0/0
PF_0024657,2024-11-19,5,1,1,unique,13250,0/0/0
PF_0024657,2024-11-19,6,1,1,unique,13282,0/0/0
PF_0024657,2024-11-19,7,1,1,unique,13314,0/0/0
PF_0024657,2024-11-19,8,1,1,unique,13346,0/0/0
PF_0024657,2024-11-19,9,1,1,unique,13378,0/0/0
PF_0024657,2024-11-26,1,1,1,unique,13123,0/0/0
PF_0024657,2024-11-26,2,1,1,unique,13155,0/0/0
PF_0024657,2024-11-26,3,1,1,unique,13187,0/0/0
PF_0024657,2024-11-26,4,1,1,unique,13219,0/0/0
PF_0024657,2024-11-26,5,1,1,unique,13251,0/0/0
PF_0024657,2024-11-26,6,1,1,unique,13283,0/0/0
PF_0024657,2024-11-26,7,1,1,unique,13315,0/0/0
PF_0024657,2024-11-26,8,1,1,unique,13347,0/0/0
PF_0024657,2024-11-26,9,1,1,unique,13379,0/0/0
PF_0024657,2024-12-03,1,1,1,unique,13124,0/0/0
PF_0024657,2024-12-03,2,1,1,unique,13156,0/0/0
PF_0024657,2024-12-03,3,1,1,unique,13188,0/0/0
PF_0024657,2024-12-03,4,1,1,unique,13220,0/0/0
PF_0024657,2024-12-03,5,1,1,unique,13252,0/0/0
PF_0024657,2024-12-03,6,1,1,unique,13284,0/0/0
PF_0024657,2024-12-03,7,1,1,unique,13316,0/0/0
PF_0024657,2024-12-03,8,1,1,unique,13348,0/0/0
PF_0024657,2024-12-03,9,1,1,unique,13380,0/0/0
PF_0024657,2024-12-10,1,1,1,unique,13125,0/0/0
PF_0024657,2024-12-10,2,1,1,unique,13157,0/0/0
PF_0024657,2024-12-10,3,1,1,unique,13189,0/0/0
PF_0024657,2024-12-10,4,1,1,unique,13221,0/0/0
PF_0024657,2024-12-10,5,1,1,unique,13253,0/0/0
PF_0024657,2024-12-10,6,1,1,unique,13285,0/0/0
PF_0024657,2024-12-10,7,1,1,unique,13317,0/0/0
PF_0024657,2024-12-10,8,1,1,unique,13349,0/0/0
PF_0024657,2024-12-10,9,1,1,unique,13381,0/0/0
PF_0024657,2024-12-16,1,1,1,unique,13126,0/0/0
PF_0024657,2024-12-16,2,1,1,unique,13158,0/0/0
PF_0024657,2024-12-16,3,1,1,unique,13190,0/0/0
PF_0024657,2024-12-16,4,1,1,unique,13222,0/0/0
PF_0024657,2024-12-16,5,1,1,unique,13254,0/0/0
PF_0024657,2024-12-16,6,1,1,unique,13286,0/0/0
PF_0024657,2024-12-16,7,1,1,unique,13318,0/0/0
PF_0024657,2024-12-16,8,1,1,unique,13350,0/0/0
PF_0024657,2024-12-16,9,1,1,unique,13382,0/0/0
PF_0024657,2024-12-24,1,1,1,unique,13127,0/0/0
PF_0024657,2024-12-24,2,1,1,unique,13159,0/0/0
PF_0024657,2024-12-24,3,1,1,unique,13191,0/0/0
PF_0024657,2024-12-24,4,1,1,unique,13223,0/0/0
PF_0024657,2024-12-24,5,1,1,unique,13255,0/0/0
PF_0024657,2024-12-24,6,1,1,unique,13287,0/0/0
PF_0024657,2024-12-24,7,1,1,unique,13319,0/0/0
PF_0024657,2024-12-24,8,1,1,unique,13351,0/0/0
PF_0024657,2024-12-24,9,1,1,unique,13383,0/0/0
PF_0024657,2024-12-31,1,1,1,unique,13128,11/0/0
PF_0024657,2024-12-31,2,1,1,unique,13160,9/0/0
PF_0024657,2024-12-31,3,1,1,unique,13192,4/0/0
PF_0024657,2024-12-31,4,1,1,unique,13224,7/0/0
PF_0024657,2024-12-31,5,1,1,unique,13256,6/0/0
PF_0024657,2024-12-31,6,1,1,unique,13288,7/0/0
PF_0024657,2024-12-31,7,1,1,unique,13320,7/0/0
PF_0024657,2024-12-31,8,1,1,unique,13352,6/0/0
PF_0024657,2024-12-31,9,1,1,unique,13384,7/0/0
PF_0024657,2025-01-07,1,1,1,unique,13129,5/0/0
PF_0024657,2025-01-07,2,1,1,unique,13161,7/0/0
PF_0024657,2025-01-07,3,1,1,unique,13193,2/0/0
PF_0024657,2025-01-07,4,1,1,unique,13225,4/0/0
PF_0024657,2025-01-07,5,1,1,unique,13257,4/0/0
PF_0024657,2025-01-07,6,1,1,unique,13289,4/0/0
PF_0024657,2025-01-07,7,1,1,unique,13321,3/0/0
PF_0024657,2025-01-07,8,1,1,unique,13353,2/0/0
PF_0024657,2025-01-07,9,1,1,unique,13385,5/0/0
PF_0024657,2025-01-14,1,1,1,unique,13130,3/0/0
PF_0024657,2025-01-14,2,1,1,unique,13162,3/0/0
PF_0024657,2025-01-14,3,1,1,unique,13194,1/0/0
PF_0024657,2025-01-14,4,1,1,unique,13226,3/0/0
PF_0024657,2025-01-14,5,1,1,unique,13258,0/0/0
PF_0024657,2025-01-14,6,1,1,unique,13290,3/0/0
PF_0024657,2025-01-14,7,1,1,unique,13322,1/0/0
PF_0024657,2025-01-14,8,1,1,unique,13354,0/0/0
PF_0024657,2025-01-14,9,1,1,unique,13386,3/0/0
PF_0024657,2025-01-21,1,1,1,unique,13131,0/0/0
PF_0024657,2025-01-21,2,1,1,unique,13163,0/3/0
PF_0024657,2025-01-21,3,1,1,unique,13195,8/0/0
PF_0024657,2025-01-21,4,1,1,unique,13227,0/5/0
PF_0024657,2025-01-21,5,1,1,unique,13259,0/1/0
PF_0024657,2025-01-21,6,1,1,unique,13291,0/1/0
PF_0024657,2025-01-21,7,1,1,unique,13323,0/3/0
PF_0024657,2025-01-21,8,1,1,unique,13355,0/1/0
PF_0024657,2025-01-21,9,1,1,unique,13387,0/1/0
PF_0024657,2025-02-04,1,1,1,unique,13132,0/0/0
PF_0024657,2025-02-04,2,1,1,unique,13164,0/8/0
PF_0024657,2025-02-04,3,1,1,unique,13196,0/9/0
PF_0024657,2025-02-04,4,1,1,unique,13228,0/10/0
PF_0024657,2025-02-04,5,1,1,unique,13260,0/4/0
PF_0024657,2025-02-04,6,1,1,unique,13292,0/0/0
PF_0024657,2025-02-04,7,1,1,unique,13324,0/8/0
PF_0024657,2025-02-04,8,1,1,unique,13356,0/2/0
PF_0024657,2025-02-04,9,1,1,unique,13388,0/7/0
PF_0024657,2025-02-12,1,1,1,unique,13133,0/0/0
PF_0024657,2025-02-12,2,1,1,unique,13165,0/8/0
PF_0024657,2025-02-12,3,1,1,unique,13197,0/8/0
PF_0024657,2025-02-12,4,1,1,unique,13229,0/7/0
PF_0024657,2025-02-12,5,1,1,unique,13261,0/7/0
PF_0024657,2025-02-12,6,1,1,unique,13293,0/2/0
PF_0024657,2025-02-12,7,1,1,unique,13325,0/8/0
PF_0024657,2025-02-12,8,1,1,unique,13357,0/4/0
PF_0024657,2025-02-12,9,1,1,unique,13389,0/7/0
PF_0024657,2025-02-19,1,1,1,unique,13134,0/0/0
PF_0024657,2025-02-19,2,1,1,unique,13166,0/7/0
PF_0024657,2025-02-19,3,1,1,unique,13198,0/7/0
PF_0024657,2025-02-19,4,1,1,unique,13230,0/7/0
PF_0024657,2025-02-19,5,1,1,unique,13262,0/7/0
PF_0024657,2025-02-19,6,1,1,unique,13294,0/6/0
PF_0024657,2025-02-19,7,1,1,unique,13326,0/7/0
PF_0024657,2025-02-19,8,1,1,unique,13358,0/9/0
PF_0024657,2025-02-19,9,1,1,unique,13390,0/9/0
PF_0024657,2025-02-25,1,1,1,unique,13135,0/0/1
PF_0024657,2025-02-25,2,1,1,unique,13167,0/5/3
PF_0024657,2025-02-25,3,1,1,unique,13199,0/4/6
PF_0024657,2025-02-25,4,1,1,unique,13231,0/9/0
PF_0024657,2025-02-25,5,1,1,unique,13263,0/6/4
PF_0024657,2025-02-25,6,1,1,unique,13295,0/10/1
PF_0024657,2025-02-25,7,1,1,unique,13327,0/7/0
PF_0024657,2025-02-25,8,1,1,unique,13359,0/8/0
PF_0024657,2025-02-25,9,1,1,unique,13391,0/8/0
PF_0024657,2025-03-04,1,1,1,unique,13136,0/2/0
PF_0024657,2025-03-04,2,1,1,unique,13168,0/3/4
PF_0024657,2025-03-04,3,1,1,unique,13200,0/5/2
PF_0024657,2025-03-04,4,1,1,unique,13232,0/5/1
PF_0024657,2025-03-04,5,1,1,unique,13264,0/6/3
PF_0024657,2025-03-04,6,1,1,unique,13296,0/11/4
PF_0024657,2025-03-04,7,1,1,unique,13328,0/5/0
PF_0024657,2025-03-04,8,1,1,unique,13360,0/8/1
PF_0024657,2025-03-04,9,1,1,unique,13392,0/7/3
PF_0024657,2025-03-11,1,1,1,unique,13137,0/5/2
PF_0024657,2025-03-11,2,1,1,unique,13169,0/1/4
PF_0024657,2025-03-11,3,1,1,unique,13201,0/4/3
PF_0024657,2025-03-11,4,1,1,unique,13233,0/3/3
PF_0024657,2025-03-11,5,1,1,unique,13265,0/1/5
PF_0024657,2025-03-11,6,1,1,unique,13297,0/10/4
PF_0024657,2025-03-11,7,1,1,unique,13329,0/1/4
PF_0024657,2025-03-11,8,1,1,unique,13361,0/6/4
PF_0024657,2025-03-11,9,1,1,unique,13393,0/2/8
PF_0024657,2025-03-18,1,1,1,unique,13138,0/0/9
PF_0024657,2025-03-18,2,1,1,unique,13170,0/0/4
PF_0024657,2025-03-18,3,1,1,unique,13202,0/0/5
PF_0024657,2025-03-18,4,1,1,unique,13234,0/0/3
PF_0024657,2025-03-18,5,1,1,unique,13266,0/0/2
PF_0024657,2025-03-18,6,1,1,unique,13298,0/0/9
PF_0024657,2025-03-18,7,1,1,unique,13330,0/0/5
PF_0024657,2025-03-18,8,1,1,unique,13362,0/0/8
PF_0024657,2025-03-18,9,1,1,unique,13394,0/0/3
PF_0024657,2025-03-25,1,1,1,unique,13139,0/0/9
PF_0024657,2025-03-25,2,1,1,unique,13171,0/0/3
PF_0024657,2025-03-25,3,1,1,unique,13203,0/0/2
PF_0024657,2025-03-25,4,1,1,unique,13235,0/0/3
PF_0024657,2025-03-25,5,1,1,unique,13267,0/0/1
PF_0024657,2025-03-25,6,1,1,unique,13299,0/0/3
PF_0024657,2025-03-25,7,1,1,unique,13331,0/0/5
PF_0024657,2025-03-25,8,1,1,unique,13363,0/0/0
PF_0024657,2025-03-25,9,1,1,unique,13395,0/0/0
PF_0024657,2025-04-01,1,1,1,unique,13140,0/0/4
PF_0024657,2025-04-01,2,1,1,unique,13172,0/0/0
PF_0024657,2025-04-01,3,1,1,unique,13204,0/0/0
PF_0024657,2025-04-01,4,1,1,unique,13236,0/0/1
PF_0024657,2025-04-01,5,1,1,unique,13268,0/0/0
PF_0024657,2025-04-01,6,1,1,unique,13300,0/0/5
PF_0024657,2025-04-01,7,1,1,unique,13332,0/0/3
PF_0024657,2025-04-01,8,1,1,unique,13364,0/0/2
PF_0024657,2025-04-01,9,1,1,unique,13396,0/0/4
PF_0024657,2025-04-08,1,1,1,unique,13141,0/0/5
PF_0024657,2025-04-08,2,1,1,unique,13173,0/0/4
PF_0024657,2025-04-08,3,1,1,unique,13205,0/0/0
PF_0024657,2025-04-08,4,1,1,unique,13237,0/0/0
PF_0024657,2025-04-08,5,1,1,unique,13269,0/0/4
PF_0024657,2025-04-08,6,1,1,unique,13301,0/0/0
PF_0024657,2025-04-08,7,1,1,unique,13333,0/0/2
PF_0024657,2025-04-08,8,1,1,unique,13365,0/0/0
PF_0024657,2025-04-08,9,1,1,unique,13397,0/0/0
PF_0024657,2025-04-15,1,1,1,unique,13142,0/0/0
PF_0024657,2025-04-15,2,1,1,unique,13174,0/0/0
PF_0024657,2025-04-15,3,1,1,unique,13206,0/0/0
PF_0024657,2025-04-15,4,1,1,unique,13238,0/0/0
PF_0024657,2025-04-15,5,1,1,unique,13270,0/0/0
PF_0024657,2025-04-15,6,1,1,unique,13302,0/0/0
PF_0024657,2025-04-15,7,1,1,unique,13334,0/0/0
PF_0024657,2025-04-15,8,1,1,unique,13366,0/0/0
PF_0024657,2025-04-15,9,1,1,unique,13398,0/0/0
PF_0024657,2025-04-22,1,1,1,unique,13143,0/0/0
PF_0024657,2025-04-22,2,1,1,unique,13175,0/0/0
PF_0024657,2025-04-22,3,1,1,unique,13207,0/0/0
PF_0024657,2025-04-22,4,1,1,unique,13239,0/0/0
PF_0024657,2025-04-22,5,1,1,unique,13271,0/0/0
PF_0024657,2025-04-22,6,1,1,unique,13303,0/0/0
PF_0024657,2025-04-22,7,1,1,unique,13335,0/0/0
PF_0024657,2025-04-22,8,1,1,unique,13367,0/0/0
PF_0024657,2025-04-22,9,1,1,unique,13399,0/0/0
PF_0024657,2025-04-28,1,1,1,unique,13144,0/0/0
PF_0024657,2025-04-28,2,1,1,unique,13176,0/0/0
PF_0024657,2025-04-28,3,1,1,unique,13208,0/0/0
PF_0024657,2025-04-28,4,1,1,unique,13240,0/0/0
PF_0024657,2025-04-28,5,1,1,unique,13272,0/0/0
PF_0024657,2025-04-28,6,1,1,unique,13304,0/0/0
PF_0024657,2025-04-28,7,1,1,unique,13336,0/0/0
PF_0024657,2025-04-28,8,1,1,unique,13368,0/0/0
PF_0024657,2025-04-28,9,1,1,unique,13400,0/0/0
PF_0024657,2025-05-22,1,1,1,unique,13145,0/0/0
PF_0024657,2025-05-22,2,1,1,unique,13177,0/0/0
PF_0024657,2025-05-22,3,1,1,unique,13209,0/0/0
PF_0024657,2025-05-22,4,1,1,unique,13241,0/0/0
PF_0024657,2025-05-22,5,1,1,unique,13273,0/0/0
PF_0024657,2025-05-22,6,1,1,unique,13305,0/0/0
PF_0024657,2025-05-22,7,1,1,unique,13337,0/0/0
PF_0024657,2025-05-22,8,1,1,unique,13369,0/0/0
PF_0024657,2025-05-22,9,1,1,unique,13401,0/0/0
PF_0024657,2025-05-29,1,1,1,unique,13146,0/0/0
PF_0024657,2025-05-29,2,1,1,unique,13178,0/0/0
PF_0024657,2025-05-29,3,1,1,unique,13210,0/0/0
PF_0024657,2025-05-29,4,1,1,unique,13242,0/0/0
PF_0024657,2025-05-29,5,1,1,unique,13274,0/0/0
PF_0024657,2025-05-29,6,1,1,unique,13306,0/0/0
PF_0024657,2025-05-29,7,1,1,unique,13338,0/0/0
PF_0024657,2025-05-29,8,1,1,unique,13370,0/0/0
PF_0024657,2025-05-29,9,1,1,unique,13402,0/0/0
PF_0024657,2025-06-05,1,1,1,unique,13147,0/0/0
PF_0024657,2025-06-05,2,1,1,unique,13179,0/0/0
PF_0024657,2025-06-05,3,1,1,unique,13211,0/0/0
PF_0024657,2025-06-05,4,1,1,unique,13243,0/0/0
PF_0024657,2025-06-05,5,1,1,unique,13275,0/0/0
PF_0024657,2025-06-05,6,1,1,unique,13307,0/0/0
PF_0024657,2025-06-05,7,1,1,unique,13339,0/0/0
PF_0024657,2025-06-05,8,1,1,unique,13371,0/0/0
PF_0024657,2025-06-05,9,1,1,unique,13403,0/0/0
PF_0024688,2024-10-03,1,1,1,unique,13404,0/0/0
PF_0024688,2024-10-03,2,1,1,unique,13435,0/0/0
PF_0024688,2024-10-03,3,1,1,unique,13466,0/0/0
PF_0024688,2024-10-03,4,1,1,unique,13497,0/0/0
PF_0024688,2024-10-03,5,1,1,unique,13528,0/0/0
PF_0024688,2024-10-03,6,1,1,unique,13559,0/0/0
PF_0024688,2024-10-03,7,1,1,unique,13590,0/0/0
PF_0024688,2024-10-03,8,1,1,unique,13621,0/0/0
PF_0024688,2024-10-03,9,1,1,unique,13650,0/0/0
PF_0024688,2024-10-08,1,1,1,unique,13405,0/0/0
PF_0024688,2024-10-08,2,1,1,unique,13436,0/0/0
PF_0024688,2024-10-08,3,1,1,unique,13467,0/0/0
PF_0024688,2024-10-08,4,1,1,unique,13498,0/0/0
PF_0024688,2024-10-08,5,1,1,unique,13529,0/0/0
PF_0024688,2024-10-08,6,1,1,unique,13560,0/0/0
PF_0024688,2024-10-08,7,1,1,unique,13591,0/0/0
PF_0024688,2024-10-08,8,1,1,unique,13622,0/0/0
PF_0024688,2024-10-08,9,1,1,unique,13651,0/0/0
PF_0024688,2024-10-15,1,1,1,unique,13406,0/0/0
PF_0024688,2024-10-15,2,1,1,unique,13437,0/0/0
PF_0024688,2024-10-15,3,1,1,unique,13468,0/0/0
PF_0024688,2024-10-15,4,1,1,unique,13499,0/0/0
PF_0024688,2024-10-15,5,1,1,unique,13530,0/0/0
PF_0024688,2024-10-15,6,1,1,unique,13561,0/0/0
PF_0024688,2024-10-15,7,1,1,unique,13592,0/0/0
PF_0024688,2024-10-15,8,1,1,unique,13623,0/0/0
PF_0024688,2024-10-15,9,1,1,unique,13652,0/0/0
PF_0024688,2024-10-22,1,1,1,unique,13407,0/0/0
PF_0024688,2024-10-22,2,1,1,unique,13438,0/0/0
PF_0024688,2024-10-22,3,1,1,unique,13469,0/0/0
PF_0024688,2024-10-22,4,1,1,unique,13500,0/0/0
PF_0024688,2024-10-22,5,1,1,unique,13531,0/0/0
PF_0024688,2024-10-22,6,1,1,unique,13562,0/0/0
PF_0024688,2024-10-22,7,1,1,unique,13593,0/0/0
PF_0024688,2024-10-22,8,1,1,unique,13624,0/0/0
PF_0024688,2024-10-22,9,1,1,unique,13653,0/0/0
PF_0024688,2024-10-29,1,1,1,unique,13408,0/0/0
PF_0024688,2024-10-29,2,1,1,unique,13439,0/0/0
PF_0024688,2024-10-29,3,1,1,unique,13470,0/0/0
PF_0024688,2024-10-29,4,1,1,unique,13501,0/0/0
PF_0024688,2024-10-29,5,1,1,unique,13532,0/0/0
PF_0024688,2024-10-29,6,1,1,unique,13563,0/0/0
PF_0024688,2024-10-29,7,1,1,unique,13594,0/0/0
PF_0024688,2024-10-29,8,1,1,unique,13625,0/0/0
PF_0024688,2024-10-29,9,1,1,unique,13654,0/0/0
PF_0024688,2024-11-05,1,1,1,unique,13409,0/0/0
PF_0024688,2024-11-05,2,1,1,unique,13440,0/0/0
PF_0024688,2024-11-05,3,1,1,unique,13471,0/0/0
PF_0024688,2024-11-05,4,1,1,unique,13502,0/0/0
PF_0024688,2024-11-05,5,1,1,unique,13533,0/0/0
PF_0024688,2024-11-05,6,1,1,unique,13564,1/0/0
PF_0024688,2024-11-05,7,1,1,unique,13595,0/0/0
PF_0024688,2024-11-05,8,1,1,unique,13626,0/0/0
PF_0024688,2024-11-05,9,1,1,unique,13655,0/0/0
PF_0024688,2024-11-11,1,1,1,unique,13410,3/0/0
PF_0024688,2024-11-11,2,1,1,unique,13441,0/0/0
PF_0024688,2024-11-11,3,1,1,unique,13472,2/0/0
PF_0024688,2024-11-11,4,1,1,unique,13503,3/0/0
PF_0024688,2024-11-11,5,1,1,unique,13534,1/0/0
PF_0024688,2024-11-11,6,1,1,unique,13565,3/0/0
PF_0024688,2024-11-11,7,1,1,unique,13596,0/0/0
PF_0024688,2024-11-11,8,1,1,unique,13627,1/0/0
PF_0024688,2024-11-11,9,1,1,unique,13656,1/0/0
PF_0024688,2024-11-19,1,1,1,unique,13411,5/0/0
PF_0024688,2024-11-19,2,1,1,unique,13442,0/0/0
PF_0024688,2024-11-19,3,1,1,unique,13473,6/0/0
PF_0024688,2024-11-19,4,1,1,unique,13504,7/0/0
PF_0024688,2024-11-19,5,1,1,unique,13535,7/0/0
PF_0024688,2024-11-19,6,1,1,unique,13566,7/0/0
PF_0024688,2024-11-19,7,1,1,unique,13597,3/0/0
PF_0024688,2024-11-19,8,1,1,unique,13628,4/0/0
PF_0024688,2024-11-19,9,1,1,unique,13657,5/0/0
PF_0024688,2024-11-26,1,1,1,unique,13412,13/0/0
PF_0024688,2024-11-26,2,1,1,unique,13443,0/0/0
PF_0024688,2024-11-26,3,1,1,unique,13474,8/0/0
PF_0024688,2024-11-26,4,1,1,unique,13505,9/0/0
PF_0024688,2024-11-26,5,1,1,unique,13536,10/0/0
PF_0024688,2024-11-26,6,1,1,unique,13567,8/0/0
PF_0024688,2024-11-26,7,1,1,unique,13598,6/0/0
PF_0024688,2024-11-26,8,1,1,unique,13629,7/0/0
PF_0024688,2024-11-26,9,1,1,unique,13658,7/0/0
PF_0024688,2024-12-02,1,1,1,unique,13413,5/0/0
PF_0024688,2024-12-02,2,1,1,unique,13444,1/0/0
PF_0024688,2024-12-02,3,1,1,unique,13475,8/0/0
PF_0024688,2024-12-02,4,1,1,unique,13506,9/0/0
PF_0024688,2024-12-02,5,1,1,unique,13537,11/0/0
PF_0024688,2024-12-02,6,1,1,unique,13568,8/0/0
PF_0024688,2024-12-02,7,1,1,unique,13599,7/0/0
PF_0024688,2024-12-02,8,1,1,unique,13630,8/0/0
PF_0024688,2024-12-02,9,1,1,unique,13659,7/0/0
PF_0024688,2024-12-09,1,1,1,unique,13414,6/0/0
PF_0024688,2024-12-09,2,1,1,unique,13445,6/0/0
PF_0024688,2024-12-09,3,1,1,unique,13476,6/0/0
PF_0024688,2024-12-09,4,1,1,unique,13507,8/2/0
PF_0024688,2024-12-09,5,1,1,unique,13538,12/0/0
PF_0024688,2024-12-09,6,1,1,unique,13569,6/1/0
PF_0024688,2024-12-09,7,1,1,unique,13600,6/0/0
PF_0024688,2024-12-09,8,1,1,unique,13631,9/0/0
PF_0024688,2024-12-09,9,1,1,unique,13660,7/0/0
PF_0024688,2024-12-16,1,1,1,unique,13415,2/3/0
PF_0024688,2024-12-16,2,1,1,unique,13446,12/0/0
PF_0024688,2024-12-16,3,1,1,unique,13477,4/2/0
PF_0024688,2024-12-16,4,1,1,unique,13508,4/3/0
PF_0024688,2024-12-16,5,1,1,unique,13539,6/1/0
PF_0024688,2024-12-16,6,1,1,unique,13570,3/3/0
PF_0024688,2024-12-16,7,1,1,unique,13601,6/0/0
PF_0024688,2024-12-16,8,1,1,unique,13632,5/2/0
PF_0024688,2024-12-16,9,1,1,unique,13661,6/0/0
PF_0024688,2024-12-23,1,1,1,unique,13416,2/3/0
PF_0024688,2024-12-23,2,1,1,unique,13447,10/0/0
PF_0024688,2024-12-23,3,1,1,unique,13478,2/4/0
PF_0024688,2024-12-23,4,1,1,unique,13509,0/6/0
PF_0024688,2024-12-23,5,1,1,unique,13540,4/5/0
PF_0024688,2024-12-23,6,1,1,unique,13571,0/6/0
PF_0024688,2024-12-23,7,1,1,unique,13602,3/6/0
PF_0024688,2024-12-23,8,1,1,unique,13633,4/8/0
PF_0024688,2024-12-23,9,1,1,unique,13662,4/0/0
PF_0024688,2025-01-01,1,1,1,unique,13417,0/3/0
PF_0024688,2025-01-01,2,1,1,unique,13448,11/3/0
PF_0024688,2025-01-01,3,1,1,unique,13479,0/5/0
PF_0024688,2025-01-01,4,1,1,unique,13510,0/2/0
PF_0024688,2025-01-01,5,1,1,unique,13541,4/3/5
PF_0024688,2025-01-01,6,1,1,unique,13572,0/1/0
PF_0024688,2025-01-01,7,1,1,unique,13603,5/3/0
PF_0024688,2025-01-01,8,1,1,unique,13634,7/4/0
PF_0024688,2025-01-01,9,1,1,unique,13663,1/1/3
PF_0024688,2025-01-07,1,1,1,unique,13418,0/2/0
PF_0024688,2025-01-07,2,1,1,unique,13449,10/5/2
PF_0024688,2025-01-07,3,1,1,unique,13480,0/5/0
PF_0024688,2025-01-07,4,1,1,unique,13511,0/5/0
PF_0024688,2025-01-07,5,1,1,unique,13542,5/3/3
PF_0024688,2025-01-07,6,1,1,unique,13573,0/1/0
PF_0024688,2025-01-07,7,1,1,unique,13604,5/3/0
PF_0024688,2025-01-07,8,1,1,unique,13635,7/4/1
PF_0024688,2025-01-07,9,1,1,unique,13664,0/3/5
PF_0024688,2025-01-14,1,1,1,unique,13419,0/1/2
PF_0024688,2025-01-14,2,1,1,unique,13450,9/0/5
PF_0024688,2025-01-14,3,1,1,unique,13481,0/4/0
PF_0024688,2025-01-14,4,1,1,unique,13512,0/4/4
PF_0024688,2025-01-14,5,1,1,unique,13543,3/3/5
PF_0024688,2025-01-14,6,1,1,unique,13574,0/5/0
PF_0024688,2025-01-14,7,1,1,unique,13605,5/3/0
PF_0024688,2025-01-14,8,1,1,unique,13636,0/7/3
PF_0024688,2025-01-14,9,1,1,unique,13665,0/0/6
PF_0024688,2025-01-22,1,1,1,unique,13420,0/0/5
PF_0024688,2025-01-22,2,1,1,unique,13451,0/0/3
PF_0024688,2025-01-22,3,1,1,unique,13482,0/3/2
PF_0024688,2025-01-22,4,1,1,unique,13513,0/3/1
PF_0024688,2025-01-22,5,1,1,unique,13544,3/3/6
PF_0024688,2025-01-22,6,1,1,unique,13575,0/3/1
PF_0024688,2025-01-22,7,1,1,unique,13606,5/3/3
PF_0024688,2025-01-22,8,1,1,unique,13637,0/8/5
PF_0024688,2025-01-22,9,1,1,unique,13666,0/0/5
PF_0024688,2025-02-04,1,1,1,unique,13421,0/0/11
PF_0024688,2025-02-04,2,1,1,unique,13452,0/0/3
PF_0024688,2025-02-04,3,1,1,unique,13483,0/0/4
PF_0024688,2025-02-04,4,1,1,unique,13514,0/0/5
PF_0024688,2025-02-04,5,1,1,unique,13545,0/2/3
PF_0024688,2025-02-04,6,1,1,unique,13576,0/0/9
PF_0024688,2025-02-04,7,1,1,unique,13607,0/0/0
PF_0024688,2025-02-04,8,1,1,unique,13638,0/0/5
PF_0024688,2025-02-04,9,1,1,unique,13667,0/0/0
PF_0024688,2025-02-11,1,1,1,unique,13422,0/0/3
PF_0024688,2025-02-11,2,1,1,unique,13453,0/0/0
PF_0024688,2025-02-11,3,1,1,unique,13484,0/0/4
PF_0024688,2025-02-11,4,1,1,unique,13515,0/0/8
PF_0024688,2025-02-11,5,1,1,unique,13546,0/3/4
PF_0024688,2025-02-11,6,1,1,unique,13577,0/0/9
PF_0024688,2025-02-11,7,1,1,unique,13608,0/0/0
PF_0024688,2025-02-11,8,1,1,unique,13639,0/0/5
PF_0024688,2025-02-11,9,1,1,unique,13668,0/0/0
PF_0024688,2025-02-19,1,1,1,unique,13423,0/0/3
PF_0024688,2025-02-19,2,1,1,unique,13454,0/0/0
PF_0024688,2025-02-19,3,1,1,unique,13485,0/0/4
PF_0024688,2025-02-19,4,1,1,unique,13516,0/0/11
PF_0024688,2025-02-19,5,1,1,unique,13547,0/0/4
PF_0024688,2025-02-19,6,1,1,unique,13578,0/0/4
PF_0024688,2025-02-19,7,1,1,unique,13609,0/0/0
PF_0024688,2025-02-19,8,1,1,unique,13640,0/0/5
PF_0024688,2025-02-19,9,1,1,unique,13669,0/0/0
PF_0024688,2025-02-28,1,1,1,unique,13424,0/0/0
PF_0024688,2025-02-28,2,1,1,unique,13455,0/0/0
PF_0024688,2025-02-28,3,1,1,unique,13486,0/0/0
PF_0024688,2025-02-28,4,1,1,unique,13517,0/0/9
PF_0024688,2025-02-28,5,1,1,unique,13548,0/0/0
PF_0024688,2025-02-28,6,1,1,unique,13579,0/0/2
PF_0024688,2025-02-28,7,1,1,unique,13610,0/0/0
PF_0024688,2025-02-28,8,1,1,unique,13641,0/0/0
PF_0024688,2025-02-28,9,1,1,unique,13670,0/0/0
PF_0024688,2025-03-08,1,1,1,unique,13425,30/0/0
PF_0024688,2025-03-08,2,1,1,unique,13456,0/0/0
PF_0024688,2025-03-08,3,1,1,unique,13487,0/0/0
PF_0024688,2025-03-08,4,1,1,unique,13518,0/0/4
PF_0024688,2025-03-08,5,1,1,unique,13549,0/0/0
PF_0024688,2025-03-08,6,1,1,unique,13580,0/0/0
PF_0024688,2025-03-08,7,1,1,unique,13611,0/0/0
PF_0024688,2025-03-08,8,1,1,unique,13642,0/0/0
PF_0024688,2025-03-08,9,1,1,unique,13671,0/0/0
PF_0024688,2025-03-14,1,1,1,unique,13426,0/0/0
PF_0024688,2025-03-14,2,1,1,unique,13457,0/0/0
PF_0024688,2025-03-14,3,1,1,unique,13488,0/0/0
PF_0024688,2025-03-14,4,1,1,unique,13519,0/0/3
PF_0024688,2025-03-14,5,1,1,unique,13550,0/0/0
PF_0024688,2025-03-14,6,1,1,unique,13581,0/0/0
PF_0024688,2025-03-14,7,1,1,unique,13612,0/0/0
PF_0024688,2025-03-14,8,1,1,unique,13643,0/0/0
PF_0024688,2025-03-14,9,1,1,unique,13672,0/0/0
PF_0024688,2025-03-20,1,1,1,unique,13427,0/0/0
PF_0024688,2025-03-20,2,1,1,unique,13458,0/0/0
PF_0024688,2025-03-20,3,1,1,unique,13489,0/0/0
PF_0024688,2025-03-20,4,1,1,unique,13520,0/0/0
PF_0024688,2025-03-20,5,1,1,unique,13551,0/0/0
PF_0024688,2025-03-20,6,1,1,unique,13582,0/0/0
PF_0024688,2025-03-20,7,1,1,unique,13613,0/0/0
PF_0024688,2025-03-20,8,1,1,unique,13644,0/0/0
PF_0024688,2025-03-20,9,1,1,unique,13673,0/0/0
PF_0024688,2025-03-28,1,1,1,unique,13428,0/0/0
PF_0024688,2025-03-28,2,1,1,unique,13459,0/0/0
PF_0024688,2025-03-28,3,1,1,unique,13490,0/0/0
PF_0024688,2025-03-28,4,1,1,unique,13521,0/0/0
PF_0024688,2025-03-28,5,1,1,unique,13552,0/0/0
PF_0024688,2025-03-28,6,1,1,unique,13583,0/0/0
PF_0024688,2025-03-28,7,1,1,unique,13614,0/0/0
PF_0024688,2025-03-28,8,1,1,unique,13645,0/0/0
PF_0024688,2025-03-28,9,1,1,unique,13674,0/0/0
PF_0024688,2025-04-04,1,1,1,unique,13429,0/0/0
PF_0024688,2025-04-04,2,1,1,unique,13460,0/0/0
PF_0024688,2025-04-04,3,1,1,unique,13491,0/0/0
PF_0024688,2025-04-04,4,1,1,unique,13522,0/0/0
PF_0024688,2025-04-04,5,1,1,unique,13553,0/0/0
PF_0024688,2025-04-04,6,1,1,unique,13584,0/0/0
PF_0024688,2025-04-04,7,1,1,unique,13615,0/0/0
PF_0024688,2025-04-04,8,1,1,unique,13646,0/0/0
PF_0024688,2025-04-04,9,1,1,unique,13675,0/0/0
PF_0024688,2025-04-10,1,1,1,unique,13430,0/0/0
PF_0024688,2025-04-10,2,1,1,unique,13461,0/0/0
PF_0024688,2025-04-10,3,1,1,unique,13492,0/0/0
PF_0024688,2025-04-10,4,1,1,unique,13523,0/0/0
PF_0024688,2025-04-10,5,1,1,unique,13554,0/0/0
PF_0024688,2025-04-10,6,1,1,unique,13585,0/0/0
PF_0024688,2025-04-10,7,1,1,unique,13616,0/0/0
PF_0024688,2025-04-10,8,1,1,unique,13647,0/0/0
PF_0024688,2025-04-10,9,1,1,unique,13676,0/0/0
PF_0024688,2025-04-19,1,1,1,unique,13431,0/0/0
PF_0024688,2025-04-19,2,1,1,unique,13462,0/0/0
PF_0024688,2025-04-19,3,1,1,unique,13493,0/0/0
PF_0024688,2025-04-19,4,1,1,unique,13524,0/0/0
PF_0024688,2025-04-19,5,1,1,unique,13555,0/0/0
PF_0024688,2025-04-19,6,1,1,unique,13586,0/0/0
PF_0024688,2025-04-19,7,1,1,unique,13617,0/0/0
PF_0024688,2025-04-19,8,1,1,unique,13648,0/0/0
PF_0024688,2025-04-19,9,1,1,unique,13677,0/0/0
PF_0024688,2025-04-26,1,1,1,unique,13432,0/0/0
PF_0024688,2025-04-26,2,1,1,unique,13463,0/0/0
PF_0024688,2025-04-26,3,1,1,unique,13494,0/0/0
PF_0024688,2025-04-26,4,1,1,unique,13525,0/0/0
PF_0024688,2025-04-26,5,1,1,unique,13556,0/0/0
PF_0024688,2025-04-26,6,1,1,unique,13587,0/0/0
PF_0024688,2025-04-26,7,1,1,unique,13618,0/0/0
PF_0024688,2025-04-26,8,1,1,unique,13649,0/0/0
PF_0024688,2025-04-26,9,1,1,unique,13678,0/0/0
PF_0024688,2025-04-30,1,1,1,unique,13433,0/0/0
PF_0024688,2025-04-30,2,1,1,unique,13464,0/0/0
PF_0024688,2025-04-30,3,1,1,unique,13495,0/0/0
PF_0024688,2025-04-30,4,1,1,unique,13526,0/0/0
PF_0024688,2025-04-30,5,1,1,unique,13557,0/0/0
PF_0024688,2025-04-30,6,1,1,unique,13588,0/0/0
PF_0024688,2025-04-30,7,1,1,unique,13619,0/0/0
PF_0024688,2025-04-30,9,1,1,unique,13679,0/0/0
PF_0024688,2025-05-21,1,1,1,unique,13434,0/0/0
PF_0024688,2025-05-21,2,1,1,unique,13465,0/0/0
PF_0024688,2025-05-21,3,1,1,unique,13496,0/0/0
PF_0024688,2025-05-21,4,1,1,unique,13527,0/0/0
PF_0024688,2025-05-21,5,1,1,unique,13558,0/0/0
PF_0024688,2025-05-21,6,1,1,unique,13589,0/0/0
PF_0024688,2025-05-21,7,1,1,unique,13620,0/0/0
PF_0024688,2025-05-21,9,1,1,unique,13680,0/0/0
PF_0024688,2026-03-19,1,1,1,unique,30122,0/0/0
PF_0024688,2026-03-19,2,1,1,unique,30156,0/0/0
PF_0024688,2026-03-19,3,1,1,unique,30190,0/0/0
PF_0024688,2026-03-19,4,1,1,unique,30219,0/0/0
PF_0024688,2026-03-19,5,1,1,unique,30251,0/0/3
PF_0024688,2026-03-19,6,1,1,unique,30283,0/0/0
PF_0024688,2026-03-19,7,1,1,unique,30315,0/0/0
PF_0024688,2026-03-19,8,1,1,unique,30349,0/0/0
PF_0024688,2026-03-19,9,1,1,unique,30383,0/0/0
PF_0024688,2026-03-26,1,1,1,unique,30123,0/0/0
PF_0024688,2026-03-26,2,1,1,unique,30157,0/0/0
PF_0024688,2026-03-26,3,1,1,unique,30191,0/0/0
PF_0024688,2026-03-26,4,1,1,unique,30220,0/0/0
PF_0024688,2026-03-26,5,1,1,unique,30252,0/0/2
PF_0024688,2026-03-26,6,1,1,unique,30284,0/0/0
PF_0024688,2026-03-26,7,1,1,unique,30316,0/0/0
PF_0024688,2026-03-26,8,1,1,unique,30350,0/0/0
PF_0024688,2026-03-26,9,1,1,unique,30384,0/0/0
PF_0024688,2026-04-02,1,1,1,unique,30124,0/0/0
PF_0024688,2026-04-02,2,1,1,unique,30158,0/0/0
PF_0024688,2026-04-02,3,1,1,unique,30192,0/0/0
PF_0024688,2026-04-02,4,1,1,unique,30221,0/0/0
PF_0024688,2026-04-02,5,1,1,unique,30253,0/0/0
PF_0024688,2026-04-02,6,1,1,unique,30285,0/0/0
PF_0024688,2026-04-02,7,1,1,unique,30317,0/0/0
PF_0024688,2026-04-02,8,1,1,unique,30351,0/0/0
PF_0024688,2026-04-02,9,1,1,unique,30385,0/0/0
PF_0024688,2026-04-09,1,1,1,unique,30125,0/0/0
PF_0024688,2026-04-09,2,1,1,unique,30159,0/0/0
PF_0024688,2026-04-09,3,1,1,unique,30193,0/0/0
PF_0024688,2026-04-09,4,1,1,unique,30222,0/0/0
PF_0024688,2026-04-09,5,1,1,unique,30254,0/0/0
PF_0024688,2026-04-09,6,1,1,unique,30286,0/0/0
PF_0024688,2026-04-09,7,1,1,unique,30318,0/0/0
PF_0024688,2026-04-09,8,1,1,unique,30352,0/0/0
PF_0024688,2026-04-09,9,1,1,unique,30386,0/0/0
PF_0024688,2026-04-16,1,1,1,unique,30126,0/0/0
PF_0024688,2026-04-16,2,1,1,unique,30160,0/0/0
PF_0024688,2026-04-16,3,1,1,unique,30194,0/0/0
PF_0024688,2026-04-16,4,1,1,unique,30223,0/0/0
PF_0024688,2026-04-16,5,1,1,unique,30255,0/0/0
PF_0024688,2026-04-16,6,1,1,unique,30287,0/0/0
PF_0024688,2026-04-16,7,1,1,unique,30319,0/0/0
PF_0024688,2026-04-16,8,1,1,unique,30353,0/0/0
PF_0024688,2026-04-16,9,1,1,unique,30387,0/0/0
PF_0024688,2026-04-23,1,1,1,unique,30127,0/0/0
PF_0024688,2026-04-23,2,1,1,unique,30161,0/0/0
PF_0024688,2026-04-23,4,1,1,unique,30224,0/0/0
PF_0024688,2026-04-23,5,1,1,unique,30256,0/0/0
PF_0024688,2026-04-23,6,1,1,unique,30288,0/0/0
PF_0024688,2026-04-23,7,1,1,unique,30320,0/0/0
PF_0024688,2026-04-23,8,1,1,unique,30354,0/0/0
PF_0024688,2026-04-23,9,1,1,unique,30388,0/0/0
PF_0024688,2026-04-30,1,1,1,unique,30128,0/0/0
PF_0024688,2026-04-30,2,1,1,unique,30162,0/0/0
PF_0024688,2026-04-30,4,1,1,unique,30225,0/0/0
PF_0024688,2026-04-30,5,1,1,unique,30257,0/0/0
PF_0024688,2026-04-30,6,1,1,unique,30289,0/0/0
PF_0024688,2026-04-30,7,1,1,unique,30321,0/0/0
PF_0024688,2026-04-30,8,1,1,unique,30355,0/0/0
PF_0024688,2026-04-30,9,1,1,unique,30389,0/0/0
PF_0024688,2026-05-07,1,1,1,unique,30129,0/0/0
PF_0024688,2026-05-07,2,1,1,unique,30163,0/0/0
PF_0024688,2026-05-07,4,1,1,unique,30226,0/0/0
PF_0024688,2026-05-07,5,1,1,unique,30258,0/0/0
PF_0024688,2026-05-07,6,1,1,unique,30290,0/0/0
PF_0024688,2026-05-07,7,1,1,unique,30322,0/0/0
PF_0024688,2026-05-07,8,1,1,unique,30356,0/0/0
PF_0024688,2026-05-07,9,1,1,unique,30390,0/0/0
PF_0024688,2026-05-14,1,1,1,unique,30130,0/0/0
PF_0024688,2026-05-14,2,1,1,unique,30164,0/0/0
PF_0024688,2026-05-14,7,1,1,unique,30323,0/0/0
PF_0024688,2026-05-14,8,1,1,unique,30357,0/0/0
PF_0024688,2026-05-14,9,1,1,unique,30391,0/0/0
PF_0024688,2026-05-21,1,1,1,unique,30131,0/0/0
PF_0024688,2026-05-21,2,1,1,unique,30165,0/0/0
PF_0024688,2026-05-21,7,1,1,unique,30324,0/0/0
PF_0024688,2026-05-21,8,1,1,unique,30358,0/0/0
PF_0024688,2026-05-21,9,1,1,unique,30392,0/0/0
PF_0024700,2024-10-08,1,1,1,unique,15954,0/0/0
PF_0024700,2024-10-08,2,1,1,unique,15981,0/0/0
PF_0024700,2024-10-08,3,1,1,unique,16008,0/0/0
PF_0024700,2024-10-08,4,1,1,unique,16035,0/0/0
PF_0024700,2024-10-08,5,1,1,unique,16062,0/0/0
PF_0024700,2024-10-08,6,1,1,unique,16089,0/0/0
PF_0024700,2024-10-08,7,1,1,unique,16116,0/0/0
PF_0024700,2024-10-08,8,1,1,unique,16143,0/0/0
PF_0024700,2024-10-08,9,1,1,unique,16170,0/0/0
PF_0024700,2024-10-15,1,1,1,unique,15955,0/0/0
PF_0024700,2024-10-15,2,1,1,unique,15982,0/0/0
PF_0024700,2024-10-15,3,1,1,unique,16009,0/0/0
PF_0024700,2024-10-15,4,1,1,unique,16036,0/0/0
PF_0024700,2024-10-15,5,1,1,unique,16063,0/0/0
PF_0024700,2024-10-15,6,1,1,unique,16090,0/0/0
PF_0024700,2024-10-15,7,1,1,unique,16117,0/0/0
PF_0024700,2024-10-15,8,1,1,unique,16144,0/0/0
PF_0024700,2024-10-15,9,1,1,unique,16171,0/0/0
PF_0024700,2024-10-22,1,1,1,unique,15956,0/0/0
PF_0024700,2024-10-22,2,1,1,unique,15983,0/0/0
PF_0024700,2024-10-22,3,1,1,unique,16010,0/0/0
PF_0024700,2024-10-22,4,1,1,unique,16037,0/0/0
PF_0024700,2024-10-22,5,1,1,unique,16064,0/0/0
PF_0024700,2024-10-22,6,1,1,unique,16091,0/0/0
PF_0024700,2024-10-22,7,1,1,unique,16118,0/0/0
PF_0024700,2024-10-22,8,1,1,unique,16145,0/0/0
PF_0024700,2024-10-22,9,1,1,unique,16172,0/0/0
PF_0024700,2024-10-29,1,1,1,unique,15957,0/0/0
PF_0024700,2024-10-29,2,1,1,unique,15984,0/0/0
PF_0024700,2024-10-29,3,1,1,unique,16011,0/0/0
PF_0024700,2024-10-29,4,1,1,unique,16038,0/0/0
PF_0024700,2024-10-29,5,1,1,unique,16065,0/0/0
PF_0024700,2024-10-29,6,1,1,unique,16092,0/0/0
PF_0024700,2024-10-29,7,1,1,unique,16119,0/0/0
PF_0024700,2024-10-29,8,1,1,unique,16146,0/0/0
PF_0024700,2024-10-29,9,1,1,unique,16173,0/0/0
PF_0024700,2024-11-05,1,1,1,unique,15958,0/0/0
PF_0024700,2024-11-05,2,1,1,unique,15985,0/0/0
PF_0024700,2024-11-05,3,1,1,unique,16012,0/0/0
PF_0024700,2024-11-05,4,1,1,unique,16039,0/0/0
PF_0024700,2024-11-05,5,1,1,unique,16066,0/0/0
PF_0024700,2024-11-05,6,1,1,unique,16093,0/0/0
PF_0024700,2024-11-05,7,1,1,unique,16120,0/0/0
PF_0024700,2024-11-05,8,1,1,unique,16147,0/0/0
PF_0024700,2024-11-05,9,1,1,unique,16174,0/0/0
PF_0024700,2024-11-12,1,1,1,unique,15959,0/0/0
PF_0024700,2024-11-12,2,1,1,unique,15986,0/0/0
PF_0024700,2024-11-12,3,1,1,unique,16013,0/0/0
PF_0024700,2024-11-12,4,1,1,unique,16040,0/0/0
PF_0024700,2024-11-12,5,1,1,unique,16067,0/0/0
PF_0024700,2024-11-12,6,1,1,unique,16094,0/0/0
PF_0024700,2024-11-12,7,1,1,unique,16121,0/0/0
PF_0024700,2024-11-12,8,1,1,unique,16148,0/0/0
PF_0024700,2024-11-12,9,1,1,unique,16175,0/0/0
PF_0024700,2024-11-19,1,1,1,unique,15960,0/0/0
PF_0024700,2024-11-19,2,1,1,unique,15987,0/0/0
PF_0024700,2024-11-19,3,1,1,unique,16014,0/0/0
PF_0024700,2024-11-19,4,1,1,unique,16041,0/0/0
PF_0024700,2024-11-19,5,1,1,unique,16068,0/0/0
PF_0024700,2024-11-19,6,1,1,unique,16095,0/0/0
PF_0024700,2024-11-19,7,1,1,unique,16122,0/0/0
PF_0024700,2024-11-19,8,1,1,unique,16149,0/0/0
PF_0024700,2024-11-19,9,1,1,unique,16176,0/0/0
PF_0024700,2024-11-26,1,1,1,unique,15961,0/0/0
PF_0024700,2024-11-26,2,1,1,unique,15988,0/0/0
PF_0024700,2024-11-26,3,1,1,unique,16015,0/0/0
PF_0024700,2024-11-26,4,1,1,unique,16042,0/0/0
PF_0024700,2024-11-26,5,1,1,unique,16069,0/0/0
PF_0024700,2024-11-26,6,1,1,unique,16096,0/0/0
PF_0024700,2024-11-26,7,1,1,unique,16123,0/0/0
PF_0024700,2024-11-26,8,1,1,unique,16150,0/0/0
PF_0024700,2024-11-26,9,1,1,unique,16177,0/0/0
PF_0024700,2024-12-03,1,1,1,unique,15962,0/0/0
PF_0024700,2024-12-03,2,1,1,unique,15989,0/0/0
PF_0024700,2024-12-03,3,1,1,unique,16016,0/0/0
PF_0024700,2024-12-03,4,1,1,unique,16043,0/0/0
PF_0024700,2024-12-03,5,1,1,unique,16070,0/0/0
PF_0024700,2024-12-03,6,1,1,unique,16097,0/0/0
PF_0024700,2024-12-03,7,1,1,unique,16124,0/0/0
PF_0024700,2024-12-03,8,1,1,unique,16151,0/0/0
PF_0024700,2024-12-03,9,1,1,unique,16178,0/0/0
PF_0024700,2024-12-10,1,1,1,unique,15963,0/0/0
PF_0024700,2024-12-10,2,1,1,unique,15990,0/0/0
PF_0024700,2024-12-10,3,1,1,unique,16017,0/0/0
PF_0024700,2024-12-10,4,1,1,unique,16044,0/0/0
PF_0024700,2024-12-10,5,1,1,unique,16071,0/0/0
PF_0024700,2024-12-10,6,1,1,unique,16098,0/0/0
PF_0024700,2024-12-10,7,1,1,unique,16125,0/0/0
PF_0024700,2024-12-10,8,1,1,unique,16152,0/0/0
PF_0024700,2024-12-10,9,1,1,unique,16179,0/0/0
PF_0024700,2024-12-17,1,1,1,unique,15964,0/0/0
PF_0024700,2024-12-17,2,1,1,unique,15991,0/0/0
PF_0024700,2024-12-17,3,1,1,unique,16018,0/0/0
PF_0024700,2024-12-17,4,1,1,unique,16045,0/0/0
PF_0024700,2024-12-17,5,1,1,unique,16072,0/0/0
PF_0024700,2024-12-17,6,1,1,unique,16099,0/0/0
PF_0024700,2024-12-17,7,1,1,unique,16126,0/0/0
PF_0024700,2024-12-17,8,1,1,unique,16153,0/0/0
PF_0024700,2024-12-17,9,1,1,unique,16180,0/0/0
PF_0024700,2024-12-24,1,1,1,unique,15965,0/0/0
PF_0024700,2024-12-24,2,1,1,unique,15992,0/0/0
PF_0024700,2024-12-24,3,1,1,unique,16019,0/0/0
PF_0024700,2024-12-24,4,1,1,unique,16046,0/0/0
PF_0024700,2024-12-24,5,1,1,unique,16073,0/0/0
PF_0024700,2024-12-24,6,1,1,unique,16100,0/0/0
PF_0024700,2024-12-24,7,1,1,unique,16127,0/0/0
PF_0024700,2024-12-24,8,1,1,unique,16154,0/0/0
PF_0024700,2024-12-24,9,1,1,unique,16181,0/0/0
PF_0024700,2024-12-31,1,1,1,unique,15966,0/0/0
PF_0024700,2024-12-31,2,1,1,unique,15993,0/0/0
PF_0024700,2024-12-31,3,1,1,unique,16020,0/0/0
PF_0024700,2024-12-31,4,1,1,unique,16047,0/0/0
PF_0024700,2024-12-31,5,1,1,unique,16074,0/0/0
PF_0024700,2024-12-31,6,1,1,unique,16101,0/0/0
PF_0024700,2024-12-31,7,1,1,unique,16128,0/0/0
PF_0024700,2024-12-31,8,1,1,unique,16155,0/0/0
PF_0024700,2024-12-31,9,1,1,unique,16182,0/0/0
PF_0024700,2025-01-07,1,1,1,unique,15967,6/0/0
PF_0024700,2025-01-07,2,1,1,unique,15994,7/0/0
PF_0024700,2025-01-07,3,1,1,unique,16021,10/0/0
PF_0024700,2025-01-07,4,1,1,unique,16048,7/0/0
PF_0024700,2025-01-07,5,1,1,unique,16075,2/0/0
PF_0024700,2025-01-07,6,1,1,unique,16102,3/0/0
PF_0024700,2025-01-07,7,1,1,unique,16129,8/0/0
PF_0024700,2025-01-07,8,1,1,unique,16156,9/1/0
PF_0024700,2025-01-07,9,1,1,unique,16183,7/2/0
PF_0024700,2025-01-14,1,1,1,unique,15968,0/2/0
PF_0024700,2025-01-14,2,1,1,unique,15995,7/0/0
PF_0024700,2025-01-14,3,1,1,unique,16022,10/1/0
PF_0024700,2025-01-14,4,1,1,unique,16049,8/2/1
PF_0024700,2025-01-14,5,1,1,unique,16076,9/2/0
PF_0024700,2025-01-14,6,1,1,unique,16103,0/0/0
PF_0024700,2025-01-14,7,1,1,unique,16130,10/2/0
PF_0024700,2025-01-14,8,1,1,unique,16157,0/6/0
PF_0024700,2025-01-14,9,1,1,unique,16184,0/2/0
PF_0024700,2025-01-22,1,1,1,unique,15969,0/0/0
PF_0024700,2025-01-22,2,1,1,unique,15996,2/6/3
PF_0024700,2025-01-22,3,1,1,unique,16023,7/5/3
PF_0024700,2025-01-22,4,1,1,unique,16050,4/5/1
PF_0024700,2025-01-22,5,1,1,unique,16077,12/3/0
PF_0024700,2025-01-22,6,1,1,unique,16104,0/0/0
PF_0024700,2025-01-22,7,1,1,unique,16131,4/6/4
PF_0024700,2025-01-22,8,1,1,unique,16158,0/6/0
PF_0024700,2025-01-22,9,1,1,unique,16185,0/6/0
PF_0024700,2025-01-27,1,1,1,unique,15970,0/0/1
PF_0024700,2025-01-27,2,1,1,unique,15997,0/1/7
PF_0024700,2025-01-27,3,1,1,unique,16024,4/5/5
PF_0024700,2025-01-27,4,1,1,unique,16051,0/5/3
PF_0024700,2025-01-27,5,1,1,unique,16078,7/7/0
PF_0024700,2025-01-27,6,1,1,unique,16105,0/5/0
PF_0024700,2025-01-27,7,1,1,unique,16132,0/0/0
PF_0024700,2025-01-27,8,1,1,unique,16159,0/7/1
PF_0024700,2025-01-27,9,1,1,unique,16186,0/7/0
PF_0024700,2025-02-04,1,1,1,unique,15971,0/3/1
PF_0024700,2025-02-04,2,1,1,unique,15998,0/0/7
PF_0024700,2025-02-04,3,1,1,unique,16025,2/5/11
PF_0024700,2025-02-04,4,1,1,unique,16052,0/10/2
PF_0024700,2025-02-04,5,1,1,unique,16079,0/12/3
PF_0024700,2025-02-04,6,1,1,unique,16106,0/5/4
PF_0024700,2025-02-04,7,1,1,unique,16133,0/0/6
PF_0024700,2025-02-04,8,1,1,unique,16160,0/7/2
PF_0024700,2025-02-04,9,1,1,unique,16187,0/7/1
PF_0024700,2025-02-11,1,1,1,unique,15972,0/5/4
PF_0024700,2025-02-11,2,1,1,unique,15999,0/0/7
PF_0024700,2025-02-11,3,1,1,unique,16026,2/7/12
PF_0024700,2025-02-11,4,1,1,unique,16053,0/10/6
PF_0024700,2025-02-11,5,1,1,unique,16080,0/20/22
PF_0024700,2025-02-11,6,1,1,unique,16107,0/10/5
PF_0024700,2025-02-11,7,1,1,unique,16134,0/0/10
PF_0024700,2025-02-11,8,1,1,unique,16161,0/14/1
PF_0024700,2025-02-11,9,1,1,unique,16188,0/4/4
PF_0024700,2025-02-18,1,1,1,unique,15973,0/3/3
PF_0024700,2025-02-18,2,1,1,unique,16000,0/7/7
PF_0024700,2025-02-18,3,1,1,unique,16027,0/0/8
PF_0024700,2025-02-18,4,1,1,unique,16054,0/4/8
PF_0024700,2025-02-18,5,1,1,unique,16081,0/23/17
PF_0024700,2025-02-18,6,1,1,unique,16108,0/7/5
PF_0024700,2025-02-18,7,1,1,unique,16135,0/0/10
PF_0024700,2025-02-18,8,1,1,unique,16162,0/3/1
PF_0024700,2025-02-18,9,1,1,unique,16189,0/3/3
PF_0024700,2025-02-25,1,1,1,unique,15974,0/3/6
PF_0024700,2025-02-25,2,1,1,unique,16001,0/0/5
PF_0024700,2025-02-25,3,1,1,unique,16028,0/0/6
PF_0024700,2025-02-25,4,1,1,unique,16055,0/0/9
PF_0024700,2025-02-25,5,1,1,unique,16082,0/27/14
PF_0024700,2025-02-25,6,1,1,unique,16109,0/9/11
PF_0024700,2025-02-25,7,1,1,unique,16136,0/0/15
PF_0024700,2025-02-25,8,1,1,unique,16163,0/3/2
PF_0024700,2025-02-25,9,1,1,unique,16190,0/0/3
PF_0024700,2025-03-05,1,1,1,unique,15975,0/2/6
PF_0024700,2025-03-05,2,1,1,unique,16002,0/0/3
PF_0024700,2025-03-05,3,1,1,unique,16029,0/0/5
PF_0024700,2025-03-05,4,1,1,unique,16056,0/0/3
PF_0024700,2025-03-05,5,1,1,unique,16083,0/6/14
PF_0024700,2025-03-05,6,1,1,unique,16110,0/3/8
PF_0024700,2025-03-05,7,1,1,unique,16137,0/0/3
PF_0024700,2025-03-05,8,1,1,unique,16164,0/3/2
PF_0024700,2025-03-05,9,1,1,unique,16191,0/0/3
PF_0024700,2025-03-11,1,1,1,unique,15976,0/0/6
PF_0024700,2025-03-11,2,1,1,unique,16003,0/0/3
PF_0024700,2025-03-11,3,1,1,unique,16030,0/0/3
PF_0024700,2025-03-11,4,1,1,unique,16057,0/0/1
PF_0024700,2025-03-11,5,1,1,unique,16084,0/4/9
PF_0024700,2025-03-11,6,1,1,unique,16111,3/10/0
PF_0024700,2025-03-11,7,1,1,unique,16138,0/0/0
PF_0024700,2025-03-11,8,1,1,unique,16165,0/3/2
PF_0024700,2025-03-11,9,1,1,unique,16192,0/0/3
PF_0024700,2025-03-18,1,1,1,unique,15977,0/0/0
PF_0024700,2025-03-18,2,1,1,unique,16004,0/0/0
PF_0024700,2025-03-18,3,1,1,unique,16031,0/0/2
PF_0024700,2025-03-18,4,1,1,unique,16058,0/0/0
PF_0024700,2025-03-18,5,1,1,unique,16085,0/3/6
PF_0024700,2025-03-18,6,1,1,unique,16112,0/0/7
PF_0024700,2025-03-18,7,1,1,unique,16139,0/0/0
PF_0024700,2025-03-18,8,1,1,unique,16166,0/3/2
PF_0024700,2025-03-18,9,1,1,unique,16193,0/0/0
PF_0024700,2025-03-25,1,1,1,unique,15978,0/0/0
PF_0024700,2025-03-25,2,1,1,unique,16005,0/0/0
PF_0024700,2025-03-25,3,1,1,unique,16032,0/0/0
PF_0024700,2025-03-25,4,1,1,unique,16059,0/0/0
PF_0024700,2025-03-25,5,1,1,unique,16086,0/0/0
PF_0024700,2025-03-25,6,1,1,unique,16113,0/0/0
PF_0024700,2025-03-25,7,1,1,unique,16140,0/0/0
PF_0024700,2025-03-25,8,1,1,unique,16167,0/2/3
PF_0024700,2025-03-25,9,1,1,unique,16194,0/0/0
PF_0024700,2025-04-01,1,1,1,unique,15979,0/0/0
PF_0024700,2025-04-01,2,1,1,unique,16006,0/0/0
PF_0024700,2025-04-01,3,1,1,unique,16033,0/0/0
PF_0024700,2025-04-01,4,1,1,unique,16060,0/0/0
PF_0024700,2025-04-01,5,1,1,unique,16087,0/0/0
PF_0024700,2025-04-01,6,1,1,unique,16114,0/0/0
PF_0024700,2025-04-01,7,1,1,unique,16141,0/0/0
PF_0024700,2025-04-01,8,1,1,unique,16168,0/0/0
PF_0024700,2025-04-01,9,1,1,unique,16195,0/0/0
PF_0024700,2025-04-08,1,1,1,unique,15980,0/0/0
PF_0024700,2025-04-08,2,1,1,unique,16007,0/0/0
PF_0024700,2025-04-08,3,1,1,unique,16034,0/0/0
PF_0024700,2025-04-08,4,1,1,unique,16061,0/0/0
PF_0024700,2025-04-08,5,1,1,unique,16088,0/0/0
PF_0024700,2025-04-08,6,1,1,unique,16115,0/0/0
PF_0024700,2025-04-08,7,1,1,unique,16142,0/0/0
PF_0024700,2025-04-08,8,1,1,unique,16169,0/0/0
PF_0024700,2025-04-08,9,1,1,unique,16196,0/0/0
PF_0024806,2024-11-05,1,1,1,unique,16305,0/0/0
PF_0024806,2024-11-05,2,1,1,unique,16331,0/0/0
PF_0024806,2024-11-05,3,1,1,unique,16357,0/0/0
PF_0024806,2024-11-05,4,1,1,unique,16383,0/0/0
PF_0024806,2024-11-05,5,1,1,unique,16409,0/0/0
PF_0024806,2024-11-05,6,1,1,unique,16435,0/0/0
PF_0024806,2024-11-05,7,1,1,unique,16461,0/0/0
PF_0024806,2024-11-05,8,1,1,unique,16487,0/0/0
PF_0024806,2024-11-05,9,1,1,unique,16513,0/0/0
PF_0024806,2024-11-11,1,1,1,unique,16306,0/0/0
PF_0024806,2024-11-11,2,1,1,unique,16332,0/0/0
PF_0024806,2024-11-11,3,1,1,unique,16358,0/0/0
PF_0024806,2024-11-11,4,1,1,unique,16384,0/0/0
PF_0024806,2024-11-11,5,1,1,unique,16410,0/0/0
PF_0024806,2024-11-11,6,1,1,unique,16436,0/0/0
PF_0024806,2024-11-11,7,1,1,unique,16462,0/0/0
PF_0024806,2024-11-11,8,1,1,unique,16488,0/0/0
PF_0024806,2024-11-11,9,1,1,unique,16514,0/0/0
PF_0024806,2024-11-18,1,1,1,unique,16307,0/0/0
PF_0024806,2024-11-18,2,1,1,unique,16333,0/0/0
PF_0024806,2024-11-18,3,1,1,unique,16359,0/0/0
PF_0024806,2024-11-18,4,1,1,unique,16385,0/0/0
PF_0024806,2024-11-18,5,1,1,unique,16411,0/13/0
PF_0024806,2024-11-18,6,1,1,unique,16437,0/0/0
PF_0024806,2024-11-18,7,1,1,unique,16463,0/0/0
PF_0024806,2024-11-18,8,1,1,unique,16489,0/0/0
PF_0024806,2024-11-18,9,1,1,unique,16515,0/0/0
PF_0024806,2024-11-25,1,1,1,unique,16308,0/0/0
PF_0024806,2024-11-25,2,1,1,unique,16334,0/0/0
PF_0024806,2024-11-25,3,1,1,unique,16360,0/0/0
PF_0024806,2024-11-25,4,1,1,unique,16386,0/0/0
PF_0024806,2024-11-25,5,1,1,unique,16412,0/13/0
PF_0024806,2024-11-25,6,1,1,unique,16438,0/0/0
PF_0024806,2024-11-25,7,1,1,unique,16464,0/0/0
PF_0024806,2024-11-25,8,1,1,unique,16490,0/0/0
PF_0024806,2024-11-25,9,1,1,unique,16516,0/0/0
PF_0024806,2024-12-02,1,1,1,unique,16309,0/0/0
PF_0024806,2024-12-02,2,1,1,unique,16335,0/0/0
PF_0024806,2024-12-02,3,1,1,unique,16361,0/0/0
PF_0024806,2024-12-02,4,1,1,unique,16387,0/0/0
PF_0024806,2024-12-02,5,1,1,unique,16413,0/9/0
PF_0024806,2024-12-02,6,1,1,unique,16439,0/0/0
PF_0024806,2024-12-02,7,1,1,unique,16465,0/0/0
PF_0024806,2024-12-02,8,1,1,unique,16491,0/0/0
PF_0024806,2024-12-02,9,1,1,unique,16517,0/0/0
PF_0024806,2024-12-09,1,1,1,unique,16310,0/0/0
PF_0024806,2024-12-09,2,1,1,unique,16336,0/0/0
PF_0024806,2024-12-09,3,1,1,unique,16362,0/0/0
PF_0024806,2024-12-09,4,1,1,unique,16388,0/0/0
PF_0024806,2024-12-09,5,1,1,unique,16414,0/8/0
PF_0024806,2024-12-09,6,1,1,unique,16440,0/0/0
PF_0024806,2024-12-09,7,1,1,unique,16466,0/0/0
PF_0024806,2024-12-09,8,1,1,unique,16492,0/0/0
PF_0024806,2024-12-09,9,1,1,unique,16518,0/0/0
PF_0024806,2024-12-16,1,1,1,unique,16311,0/0/0
PF_0024806,2024-12-16,2,1,1,unique,16337,0/0/0
PF_0024806,2024-12-16,3,1,1,unique,16363,0/0/0
PF_0024806,2024-12-16,4,1,1,unique,16389,0/0/0
PF_0024806,2024-12-16,5,1,1,unique,16415,0/9/0
PF_0024806,2024-12-16,6,1,1,unique,16441,0/0/0
PF_0024806,2024-12-16,7,1,1,unique,16467,0/0/0
PF_0024806,2024-12-16,8,1,1,unique,16493,0/0/0
PF_0024806,2024-12-16,9,1,1,unique,16519,0/0/0
PF_0024806,2024-12-23,1,1,1,unique,16312,0/0/0
PF_0024806,2024-12-23,2,1,1,unique,16338,0/0/0
PF_0024806,2024-12-23,3,1,1,unique,16364,0/0/0
PF_0024806,2024-12-23,4,1,1,unique,16390,0/0/0
PF_0024806,2024-12-23,5,1,1,unique,16416,0/8/0
PF_0024806,2024-12-23,6,1,1,unique,16442,0/0/0
PF_0024806,2024-12-23,7,1,1,unique,16468,0/0/0
PF_0024806,2024-12-23,8,1,1,unique,16494,0/0/0
PF_0024806,2024-12-23,9,1,1,unique,16520,0/0/0
PF_0024806,2024-12-31,1,1,1,unique,16313,0/0/0
PF_0024806,2024-12-31,2,1,1,unique,16339,0/0/0
PF_0024806,2024-12-31,3,1,1,unique,16365,8/0/0
PF_0024806,2024-12-31,4,1,1,unique,16391,0/0/0
PF_0024806,2024-12-31,5,1,1,unique,16417,0/6/0
PF_0024806,2024-12-31,6,1,1,unique,16443,0/0/0
PF_0024806,2024-12-31,7,1,1,unique,16469,0/0/0
PF_0024806,2024-12-31,8,1,1,unique,16495,0/0/0
PF_0024806,2024-12-31,9,1,1,unique,16521,0/0/0
PF_0024806,2025-01-07,1,1,1,unique,16314,0/0/0
PF_0024806,2025-01-07,2,1,1,unique,16340,4/0/0
PF_0024806,2025-01-07,3,1,1,unique,16366,7/0/0
PF_0024806,2025-01-07,4,1,1,unique,16392,2/0/0
PF_0024806,2025-01-07,5,1,1,unique,16418,0/6/0
PF_0024806,2025-01-07,6,1,1,unique,16444,4/0/0
PF_0024806,2025-01-07,7,1,1,unique,16470,4/0/0
PF_0024806,2025-01-07,8,1,1,unique,16496,3/0/0
PF_0024806,2025-01-07,9,1,1,unique,16522,5/0/0
PF_0024806,2025-01-14,1,1,1,unique,16315,0/0/0
PF_0024806,2025-01-14,2,1,1,unique,16341,2/0/0
PF_0024806,2025-01-14,3,1,1,unique,16367,7/0/0
PF_0024806,2025-01-14,4,1,1,unique,16393,3/0/0
PF_0024806,2025-01-14,5,1,1,unique,16419,0/6/2
PF_0024806,2025-01-14,6,1,1,unique,16445,3/1/0
PF_0024806,2025-01-14,7,1,1,unique,16471,4/1/0
PF_0024806,2025-01-14,8,1,1,unique,16497,3/4/0
PF_0024806,2025-01-14,9,1,1,unique,16523,4/3/0
PF_0024806,2025-01-22,1,1,1,unique,16316,0/1/0
PF_0024806,2025-01-22,2,1,1,unique,16342,1/1/0
PF_0024806,2025-01-22,3,1,1,unique,16368,4/0/0
PF_0024806,2025-01-22,4,1,1,unique,16394,1/0/0
PF_0024806,2025-01-22,5,1,1,unique,16420,0/1/6
PF_0024806,2025-01-22,6,1,1,unique,16446,3/0/0
PF_0024806,2025-01-22,7,1,1,unique,16472,3/0/0
PF_0024806,2025-01-22,8,1,1,unique,16498,0/0/7
PF_0024806,2025-01-22,9,1,1,unique,16524,0/6/0
PF_0024806,2025-02-04,1,1,1,unique,16317,0/4/3
PF_0024806,2025-02-04,2,1,1,unique,16343,0/6/0
PF_0024806,2025-02-04,3,1,1,unique,16369,0/0/0
PF_0024806,2025-02-04,4,1,1,unique,16395,3/0/0
PF_0024806,2025-02-04,5,1,1,unique,16421,0/0/10
PF_0024806,2025-02-04,6,1,1,unique,16447,0/6/0
PF_0024806,2025-02-04,7,1,1,unique,16473,1/0/0
PF_0024806,2025-02-04,8,1,1,unique,16499,0/0/9
PF_0024806,2025-02-04,9,1,1,unique,16525,0/8/0
PF_0024806,2025-02-11,1,1,1,unique,16318,0/0/11
PF_0024806,2025-02-11,2,1,1,unique,16344,0/9/0
PF_0024806,2025-02-11,3,1,1,unique,16370,0/0/0
PF_0024806,2025-02-11,4,1,1,unique,16396,10/0/0
PF_0024806,2025-02-11,5,1,1,unique,16422,0/0/11
PF_0024806,2025-02-11,6,1,1,unique,16448,0/11/0
PF_0024806,2025-02-11,7,1,1,unique,16474,0/6/7
PF_0024806,2025-02-11,8,1,1,unique,16500,0/0/9
PF_0024806,2025-02-11,9,1,1,unique,16526,0/8/0
PF_0024806,2025-02-19,1,1,1,unique,16319,0/0/7
PF_0024806,2025-02-19,2,1,1,unique,16345,0/9/0
PF_0024806,2025-02-19,3,1,1,unique,16371,0/0/1
PF_0024806,2025-02-19,4,1,1,unique,16397,11/0/0
PF_0024806,2025-02-19,5,1,1,unique,16423,0/0/12
PF_0024806,2025-02-19,6,1,1,unique,16449,0/10/0
PF_0024806,2025-02-19,7,1,1,unique,16475,0/9/5
PF_0024806,2025-02-19,8,1,1,unique,16501,0/0/9
PF_0024806,2025-02-19,9,1,1,unique,16527,0/8/3
PF_0024806,2025-02-28,1,1,1,unique,16320,0/0/0
PF_0024806,2025-02-28,2,1,1,unique,16346,0/8/0
PF_0024806,2025-02-28,3,1,1,unique,16372,0/0/7
PF_0024806,2025-02-28,4,1,1,unique,16398,9/4/0
PF_0024806,2025-02-28,5,1,1,unique,16424,0/0/8
PF_0024806,2025-02-28,6,1,1,unique,16450,0/0/0
PF_0024806,2025-02-28,7,1,1,unique,16476,0/1/8
PF_0024806,2025-02-28,8,1,1,unique,16502,0/0/9
PF_0024806,2025-02-28,9,1,1,unique,16528,0/10/5
PF_0024806,2025-03-08,1,1,1,unique,16321,0/0/0
PF_0024806,2025-03-08,2,1,1,unique,16347,0/12/0
PF_0024806,2025-03-08,3,1,1,unique,16373,0/0/8
PF_0024806,2025-03-08,4,1,1,unique,16399,9/5/0
PF_0024806,2025-03-08,5,1,1,unique,16425,0/0/4
PF_0024806,2025-03-08,6,1,1,unique,16451,0/0/0
PF_0024806,2025-03-08,7,1,1,unique,16477,0/0/7
PF_0024806,2025-03-08,8,1,1,unique,16503,0/0/9
PF_0024806,2025-03-08,9,1,1,unique,16529,0/10/7
PF_0024806,2025-03-14,1,1,1,unique,16322,0/0/0
PF_0024806,2025-03-14,2,1,1,unique,16348,0/12/0
PF_0024806,2025-03-14,3,1,1,unique,16374,0/0/7
PF_0024806,2025-03-14,4,1,1,unique,16400,9/5/0
PF_0024806,2025-03-14,5,1,1,unique,16426,0/0/3
PF_0024806,2025-03-14,6,1,1,unique,16452,0/0/0
PF_0024806,2025-03-14,7,1,1,unique,16478,0/0/0
PF_0024806,2025-03-14,8,1,1,unique,16504,0/0/7
PF_0024806,2025-03-14,9,1,1,unique,16530,0/0/8
PF_0024806,2025-03-20,1,1,1,unique,16323,0/0/0
PF_0024806,2025-03-20,2,1,1,unique,16349,0/8/0
PF_0024806,2025-03-20,3,1,1,unique,16375,0/0/7
PF_0024806,2025-03-20,4,1,1,unique,16401,7/5/0
PF_0024806,2025-03-20,5,1,1,unique,16427,0/0/4
PF_0024806,2025-03-20,6,1,1,unique,16453,0/0/0
PF_0024806,2025-03-20,7,1,1,unique,16479,0/0/0
PF_0024806,2025-03-20,8,1,1,unique,16505,0/0/7
PF_0024806,2025-03-20,9,1,1,unique,16531,0/0/4
PF_0024806,2025-03-28,1,1,1,unique,16324,0/0/0
PF_0024806,2025-03-28,2,1,1,unique,16350,0/0/5
PF_0024806,2025-03-28,3,1,1,unique,16376,0/0/0
PF_0024806,2025-03-28,4,1,1,unique,16402,0/0/5
PF_0024806,2025-03-28,5,1,1,unique,16428,0/0/3
PF_0024806,2025-03-28,6,1,1,unique,16454,0/0/0
PF_0024806,2025-03-28,7,1,1,unique,16480,0/0/0
PF_0024806,2025-03-28,8,1,1,unique,16506,0/0/0
PF_0024806,2025-03-28,9,1,1,unique,16532,0/0/0
PF_0024806,2025-04-04,1,1,1,unique,16325,0/0/0
PF_0024806,2025-04-04,2,1,1,unique,16351,0/0/3
PF_0024806,2025-04-04,3,1,1,unique,16377,0/0/0
PF_0024806,2025-04-04,4,1,1,unique,16403,0/0/0
PF_0024806,2025-04-04,5,1,1,unique,16429,0/0/0
PF_0024806,2025-04-04,6,1,1,unique,16455,0/0/0
PF_0024806,2025-04-04,7,1,1,unique,16481,0/0/0
PF_0024806,2025-04-04,8,1,1,unique,16507,0/0/0
PF_0024806,2025-04-04,9,1,1,unique,16533,0/0/0
PF_0024806,2025-04-10,1,1,1,unique,16326,0/0/0
PF_0024806,2025-04-10,2,1,1,unique,16352,0/0/0
PF_0024806,2025-04-10,3,1,1,unique,16378,0/0/0
PF_0024806,2025-04-10,4,1,1,unique,16404,0/0/0
PF_0024806,2025-04-10,5,1,1,unique,16430,0/0/0
PF_0024806,2025-04-10,6,1,1,unique,16456,0/0/0
PF_0024806,2025-04-10,7,1,1,unique,16482,0/0/0
PF_0024806,2025-04-10,8,1,1,unique,16508,0/0/0
PF_0024806,2025-04-10,9,1,1,unique,16534,0/0/0
PF_0024806,2025-04-19,1,1,1,unique,16327,0/0/0
PF_0024806,2025-04-19,2,1,1,unique,16353,0/0/0
PF_0024806,2025-04-19,3,1,1,unique,16379,0/0/0
PF_0024806,2025-04-19,4,1,1,unique,16405,0/0/0
PF_0024806,2025-04-19,5,1,1,unique,16431,0/0/0
PF_0024806,2025-04-19,6,1,1,unique,16457,0/0/0
PF_0024806,2025-04-19,7,1,1,unique,16483,0/0/0
PF_0024806,2025-04-19,8,1,1,unique,16509,0/0/0
PF_0024806,2025-04-19,9,1,1,unique,16535,0/0/0
PF_0024806,2025-04-26,1,1,1,unique,16328,0/0/0
PF_0024806,2025-04-26,2,1,1,unique,16354,0/0/0
PF_0024806,2025-04-26,3,1,1,unique,16380,0/0/0
PF_0024806,2025-04-26,4,1,1,unique,16406,0/0/0
PF_0024806,2025-04-26,5,1,1,unique,16432,0/0/0
PF_0024806,2025-04-26,6,1,1,unique,16458,0/0/0
PF_0024806,2025-04-26,7,1,1,unique,16484,0/0/0
PF_0024806,2025-04-26,8,1,1,unique,16510,0/0/0
PF_0024806,2025-04-26,9,1,1,unique,16536,0/0/0
PF_0024806,2025-04-30,1,1,1,unique,16329,0/0/0
PF_0024806,2025-04-30,2,1,1,unique,16355,0/0/0
PF_0024806,2025-04-30,3,1,1,unique,16381,0/0/0
PF_0024806,2025-04-30,4,1,1,unique,16407,0/0/0
PF_0024806,2025-04-30,5,1,1,unique,16433,0/0/0
PF_0024806,2025-04-30,6,1,1,unique,16459,0/0/0
PF_0024806,2025-04-30,7,1,1,unique,16485,0/0/0
PF_0024806,2025-04-30,8,1,1,unique,16511,0/0/0
PF_0024806,2025-04-30,9,1,1,unique,16537,0/0/0
PF_0024806,2025-05-21,1,1,1,unique,16330,0/0/0
PF_0024806,2025-05-21,2,1,1,unique,16356,0/0/0
PF_0024806,2025-05-21,3,1,1,unique,16382,0/0/0
PF_0024806,2025-05-21,4,1,1,unique,16408,0/0/0
PF_0024806,2025-05-21,5,1,1,unique,16434,0/0/0
PF_0024806,2025-05-21,6,1,1,unique,16460,0/0/0
PF_0024806,2025-05-21,7,1,1,unique,16486,0/0/0
PF_0024806,2025-05-21,8,1,1,unique,16512,0/0/0
PF_0024806,2025-05-21,9,1,1,unique,16538,0/0/0
PF_0024806,2026-04-01,1,1,1,unique,31359,0/0/3
PF_0024806,2026-04-01,3,1,1,unique,31431,0/0/2
PF_0024806,2026-04-01,4,1,1,unique,31467,0/0/0
PF_0024806,2026-04-01,5,1,1,unique,31503,0/0/1
PF_0024806,2026-04-01,6,1,1,unique,31539,0/0/0
PF_0024806,2026-04-01,8,1,1,unique,31611,0/0/0
PF_0024806,2026-04-01,9,1,1,unique,31647,0/0/0
PF_0024806,2026-04-08,1,1,1,unique,31360,0/0/3
PF_0024806,2026-04-08,2,1,1,unique,31396,0/0/1
PF_0024806,2026-04-08,3,1,1,unique,31432,0/0/1
PF_0024806,2026-04-08,4,1,1,unique,31468,0/0/0
PF_0024806,2026-04-08,5,1,1,unique,31504,0/0/0
PF_0024806,2026-04-08,6,1,1,unique,31540,0/0/0
PF_0024806,2026-04-08,8,1,1,unique,31612,0/0/0
PF_0024806,2026-04-08,9,1,1,unique,31648,0/0/0
PF_0024806,2026-04-15,1,1,1,unique,31361,0/0/3
PF_0024806,2026-04-15,2,1,1,unique,31397,0/0/2
PF_0024806,2026-04-15,3,1,1,unique,31433,0/0/0
PF_0024806,2026-04-15,4,1,1,unique,31469,0/0/0
PF_0024806,2026-04-15,5,1,1,unique,31505,0/0/0
PF_0024806,2026-04-15,6,1,1,unique,31541,0/0/0
PF_0024806,2026-04-15,8,1,1,unique,31613,0/0/0
PF_0024806,2026-04-15,9,1,1,unique,31649,0/0/0
PF_0024806,2026-04-22,1,1,1,unique,31362,0/0/3
PF_0024806,2026-04-22,2,1,1,unique,31398,0/0/6
PF_0024806,2026-04-22,3,1,1,unique,31434,0/0/0
PF_0024806,2026-04-22,4,1,1,unique,31470,0/0/0
PF_0024806,2026-04-22,5,1,1,unique,31506,0/0/0
PF_0024806,2026-04-22,6,1,1,unique,31542,0/0/0
PF_0024806,2026-04-22,8,1,1,unique,31614,0/0/0
PF_0024806,2026-04-22,9,1,1,unique,31650,0/0/0
PF_0024806,2026-04-29,1,1,1,unique,31363,0/0/2
PF_0024806,2026-04-29,2,1,1,unique,31399,0/0/9
PF_0024806,2026-04-29,3,1,1,unique,31435,0/0/0
PF_0024806,2026-04-29,4,1,1,unique,31471,0/0/0
PF_0024806,2026-04-29,5,1,1,unique,31507,0/0/0
PF_0024806,2026-04-29,6,1,1,unique,31543,0/0/0
PF_0024806,2026-04-29,8,1,1,unique,31615,0/0/0
PF_0024806,2026-04-29,9,1,1,unique,31651,0/0/0
PF_0024806,2026-05-05,1,1,1,unique,31364,0/0/0
PF_0024806,2026-05-05,2,1,1,unique,31400,0/0/11
PF_0024806,2026-05-05,3,1,1,unique,31436,0/0/0
PF_0024806,2026-05-05,4,1,1,unique,31472,0/0/0
PF_0024806,2026-05-05,5,1,1,unique,31508,0/0/0
PF_0024806,2026-05-05,6,1,1,unique,31544,0/0/0
PF_0024806,2026-05-05,8,1,1,unique,31616,0/0/0
PF_0024806,2026-05-05,9,1,1,unique,31652,0/0/0
PF_0024806,2026-05-14,1,1,1,unique,31365,0/0/0
PF_0024806,2026-05-14,2,1,1,unique,31401,0/0/0
PF_0024806,2026-05-14,3,1,1,unique,31437,0/0/0
PF_0024806,2026-05-14,4,1,1,unique,31473,0/0/0
PF_0024806,2026-05-14,5,1,1,unique,31509,0/0/0
PF_0024806,2026-05-14,6,1,1,unique,31545,0/0/0
PF_0024806,2026-05-14,8,1,1,unique,31617,0/0/0
PF_0024806,2026-05-14,9,1,1,unique,31653,0/0/0
PF_0024806,2026-05-20,1,1,1,unique,31366,0/0/0
PF_0024806,2026-05-20,2,1,1,unique,31402,0/0/0
PF_0024806,2026-05-20,3,1,1,unique,31438,0/0/0
PF_0024806,2026-05-20,4,1,1,unique,31474,0/0/0
PF_0024806,2026-05-20,5,1,1,unique,31510,0/0/0
PF_0024806,2026-05-20,6,1,1,unique,31546,0/0/0
PF_0024806,2026-05-20,8,1,1,unique,31618,0/0/0
PF_0024806,2026-05-20,9,1,1,unique,31654,0/0/0
PF_0025103,2024-10-08,1,1,1,unique,17130,0/0/0
PF_0025103,2024-10-08,2,1,1,unique,17162,0/0/0
PF_0025103,2024-10-08,3,1,1,unique,17194,0/0/0
PF_0025103,2024-10-08,4,1,1,unique,17226,0/0/0
PF_0025103,2024-10-08,5,1,1,unique,17258,0/0/0
PF_0025103,2024-10-08,6,1,1,unique,17290,0/0/0
PF_0025103,2024-10-08,7,1,1,unique,17322,0/0/0
PF_0025103,2024-10-08,8,1,1,unique,17354,0/0/0
PF_0025103,2024-10-08,9,1,1,unique,17386,0/0/0
PF_0025103,2024-10-15,1,1,1,unique,17131,0/0/0
PF_0025103,2024-10-15,2,1,1,unique,17163,0/0/0
PF_0025103,2024-10-15,3,1,1,unique,17195,0/0/0
PF_0025103,2024-10-15,4,1,1,unique,17227,0/0/0
PF_0025103,2024-10-15,5,1,1,unique,17259,0/0/0
PF_0025103,2024-10-15,6,1,1,unique,17291,0/0/0
PF_0025103,2024-10-15,7,1,1,unique,17323,0/0/0
PF_0025103,2024-10-15,8,1,1,unique,17355,0/0/0
PF_0025103,2024-10-15,9,1,1,unique,17387,0/0/0
PF_0025103,2024-10-22,1,1,1,unique,17132,0/0/0
PF_0025103,2024-10-22,2,1,1,unique,17164,0/0/0
PF_0025103,2024-10-22,3,1,1,unique,17196,0/0/0
PF_0025103,2024-10-22,4,1,1,unique,17228,0/0/0
PF_0025103,2024-10-22,5,1,1,unique,17260,0/0/0
PF_0025103,2024-10-22,6,1,1,unique,17292,0/0/0
PF_0025103,2024-10-22,7,1,1,unique,17324,0/0/0
PF_0025103,2024-10-22,8,1,1,unique,17356,0/0/0
PF_0025103,2024-10-22,9,1,1,unique,17388,0/0/0
PF_0025103,2024-10-28,1,1,1,unique,17133,0/0/0
PF_0025103,2024-10-28,2,1,1,unique,17165,0/0/0
PF_0025103,2024-10-28,3,1,1,unique,17197,0/0/0
PF_0025103,2024-10-28,4,1,1,unique,17229,0/0/0
PF_0025103,2024-10-28,5,1,1,unique,17261,0/0/0
PF_0025103,2024-10-28,6,1,1,unique,17293,0/0/0
PF_0025103,2024-10-28,7,1,1,unique,17325,0/0/0
PF_0025103,2024-10-28,8,1,1,unique,17357,0/0/0
PF_0025103,2024-10-28,9,1,1,unique,17389,0/0/0
PF_0025103,2024-11-05,1,1,1,unique,17134,0/0/0
PF_0025103,2024-11-05,2,1,1,unique,17166,0/0/0
PF_0025103,2024-11-05,3,1,1,unique,17198,0/0/0
PF_0025103,2024-11-05,4,1,1,unique,17230,0/0/0
PF_0025103,2024-11-05,5,1,1,unique,17262,0/0/0
PF_0025103,2024-11-05,6,1,1,unique,17294,0/0/0
PF_0025103,2024-11-05,7,1,1,unique,17326,0/0/0
PF_0025103,2024-11-05,8,1,1,unique,17358,0/0/0
PF_0025103,2024-11-05,9,1,1,unique,17390,0/0/0
PF_0025103,2024-11-12,1,1,1,unique,17135,0/0/0
PF_0025103,2024-11-12,2,1,1,unique,17167,0/0/0
PF_0025103,2024-11-12,3,1,1,unique,17199,0/0/0
PF_0025103,2024-11-12,4,1,1,unique,17231,0/0/0
PF_0025103,2024-11-12,5,1,1,unique,17263,0/0/0
PF_0025103,2024-11-12,6,1,1,unique,17295,0/0/0
PF_0025103,2024-11-12,7,1,1,unique,17327,0/0/0
PF_0025103,2024-11-12,8,1,1,unique,17359,0/0/0
PF_0025103,2024-11-12,9,1,1,unique,17391,0/0/0
PF_0025103,2024-11-19,1,1,1,unique,17136,0/0/0
PF_0025103,2024-11-19,2,1,1,unique,17168,0/0/0
PF_0025103,2024-11-19,3,1,1,unique,17200,0/0/0
PF_0025103,2024-11-19,4,1,1,unique,17232,0/0/0
PF_0025103,2024-11-19,5,1,1,unique,17264,0/0/0
PF_0025103,2024-11-19,6,1,1,unique,17296,0/0/0
PF_0025103,2024-11-19,7,1,1,unique,17328,0/0/0
PF_0025103,2024-11-19,8,1,1,unique,17360,0/0/0
PF_0025103,2024-11-19,9,1,1,unique,17392,0/0/0
PF_0025103,2024-11-26,1,1,1,unique,17137,0/0/0
PF_0025103,2024-11-26,2,1,1,unique,17169,0/0/0
PF_0025103,2024-11-26,3,1,1,unique,17201,0/0/0
PF_0025103,2024-11-26,4,1,1,unique,17233,0/0/0
PF_0025103,2024-11-26,5,1,1,unique,17265,0/0/0
PF_0025103,2024-11-26,6,1,1,unique,17297,0/0/0
PF_0025103,2024-11-26,7,1,1,unique,17329,0/0/0
PF_0025103,2024-11-26,8,1,1,unique,17361,0/0/0
PF_0025103,2024-11-26,9,1,1,unique,17393,0/0/0
PF_0025103,2024-12-03,1,1,1,unique,17138,0/0/0
PF_0025103,2024-12-03,2,1,1,unique,17170,0/0/0
PF_0025103,2024-12-03,3,1,1,unique,17202,0/0/0
PF_0025103,2024-12-03,4,1,1,unique,17234,0/0/0
PF_0025103,2024-12-03,5,1,1,unique,17266,0/0/0
PF_0025103,2024-12-03,6,1,1,unique,17298,0/0/0
PF_0025103,2024-12-03,7,1,1,unique,17330,0/0/0
PF_0025103,2024-12-03,8,1,1,unique,17362,0/0/0
PF_0025103,2024-12-03,9,1,1,unique,17394,0/0/0
PF_0025103,2024-12-10,1,1,1,unique,17139,0/0/0
PF_0025103,2024-12-10,2,1,1,unique,17171,0/0/0
PF_0025103,2024-12-10,3,1,1,unique,17203,0/0/0
PF_0025103,2024-12-10,4,1,1,unique,17235,0/0/0
PF_0025103,2024-12-10,5,1,1,unique,17267,0/0/0
PF_0025103,2024-12-10,6,1,1,unique,17299,0/0/0
PF_0025103,2024-12-10,7,1,1,unique,17331,0/0/0
PF_0025103,2024-12-10,8,1,1,unique,17363,0/0/0
PF_0025103,2024-12-10,9,1,1,unique,17395,0/0/0
PF_0025103,2024-12-16,1,1,1,unique,17140,0/0/0
PF_0025103,2024-12-16,2,1,1,unique,17172,0/0/0
PF_0025103,2024-12-16,3,1,1,unique,17204,0/0/0
PF_0025103,2024-12-16,4,1,1,unique,17236,0/0/0
PF_0025103,2024-12-16,5,1,1,unique,17268,0/0/0
PF_0025103,2024-12-16,6,1,1,unique,17300,0/0/0
PF_0025103,2024-12-16,7,1,1,unique,17332,0/0/0
PF_0025103,2024-12-16,8,1,1,unique,17364,0/0/0
PF_0025103,2024-12-16,9,1,1,unique,17396,0/0/0
PF_0025103,2024-12-24,1,1,1,unique,17141,0/0/0
PF_0025103,2024-12-24,2,1,1,unique,17173,0/0/0
PF_0025103,2024-12-24,3,1,1,unique,17205,0/0/0
PF_0025103,2024-12-24,4,1,1,unique,17237,0/0/0
PF_0025103,2024-12-24,5,1,1,unique,17269,0/0/0
PF_0025103,2024-12-24,6,1,1,unique,17301,0/0/0
PF_0025103,2024-12-24,7,1,1,unique,17333,0/0/0
PF_0025103,2024-12-24,8,1,1,unique,17365,0/0/0
PF_0025103,2024-12-24,9,1,1,unique,17397,0/0/0
PF_0025103,2024-12-31,1,1,1,unique,17142,5/0/0
PF_0025103,2024-12-31,2,1,1,unique,17174,4/0/0
PF_0025103,2024-12-31,3,1,1,unique,17206,6/0/0
PF_0025103,2024-12-31,4,1,1,unique,17238,4/0/0
PF_0025103,2024-12-31,5,1,1,unique,17270,5/0/0
PF_0025103,2024-12-31,6,1,1,unique,17302,5/0/0
PF_0025103,2024-12-31,7,1,1,unique,17334,6/0/0
PF_0025103,2024-12-31,8,1,1,unique,17366,6/0/0
PF_0025103,2024-12-31,9,1,1,unique,17398,5/0/0
PF_0025103,2025-01-07,1,1,1,unique,17143,2/0/0
PF_0025103,2025-01-07,2,1,1,unique,17175,4/0/0
PF_0025103,2025-01-07,3,1,1,unique,17207,3/0/0
PF_0025103,2025-01-07,4,1,1,unique,17239,2/0/0
PF_0025103,2025-01-07,5,1,1,unique,17271,3/0/0
PF_0025103,2025-01-07,6,1,1,unique,17303,4/0/0
PF_0025103,2025-01-07,7,1,1,unique,17335,6/0/0
PF_0025103,2025-01-07,8,1,1,unique,17367,6/0/0
PF_0025103,2025-01-07,9,1,1,unique,17399,4/0/0
PF_0025103,2025-01-14,1,1,1,unique,17144,0/0/0
PF_0025103,2025-01-14,2,1,1,unique,17176,0/0/0
PF_0025103,2025-01-14,3,1,1,unique,17208,0/0/0
PF_0025103,2025-01-14,4,1,1,unique,17240,0/0/0
PF_0025103,2025-01-14,5,1,1,unique,17272,1/0/0
PF_0025103,2025-01-14,6,1,1,unique,17304,4/0/0
PF_0025103,2025-01-14,7,1,1,unique,17336,4/0/0
PF_0025103,2025-01-14,8,1,1,unique,17368,4/0/0
PF_0025103,2025-01-14,9,1,1,unique,17400,3/0/0
PF_0025103,2025-01-21,1,1,1,unique,17145,0/2/0
PF_0025103,2025-01-21,2,1,1,unique,17177,0/3/0
PF_0025103,2025-01-21,3,1,1,unique,17209,0/7/0
PF_0025103,2025-01-21,4,1,1,unique,17241,0/3/0
PF_0025103,2025-01-21,5,1,1,unique,17273,0/0/0
PF_0025103,2025-01-21,6,1,1,unique,17305,0/3/0
PF_0025103,2025-01-21,7,1,1,unique,17337,0/3/0
PF_0025103,2025-01-21,8,1,1,unique,17369,0/2/0
PF_0025103,2025-01-21,9,1,1,unique,17401,0/1/0
PF_0025103,2025-02-04,1,1,1,unique,17146,0/5/0
PF_0025103,2025-02-04,2,1,1,unique,17178,0/8/0
PF_0025103,2025-02-04,3,1,1,unique,17210,0/6/0
PF_0025103,2025-02-04,4,1,1,unique,17242,0/8/0
PF_0025103,2025-02-04,5,1,1,unique,17274,0/0/0
PF_0025103,2025-02-04,6,1,1,unique,17306,0/5/0
PF_0025103,2025-02-04,7,1,1,unique,17338,0/5/0
PF_0025103,2025-02-04,8,1,1,unique,17370,0/3/0
PF_0025103,2025-02-04,9,1,1,unique,17402,0/6/0
PF_0025103,2025-02-12,1,1,1,unique,17147,0/5/0
PF_0025103,2025-02-12,2,1,1,unique,17179,0/5/0
PF_0025103,2025-02-12,3,1,1,unique,17211,0/5/0
PF_0025103,2025-02-12,4,1,1,unique,17243,0/8/0
PF_0025103,2025-02-12,5,1,1,unique,17275,0/2/0
PF_0025103,2025-02-12,6,1,1,unique,17307,0/6/0
PF_0025103,2025-02-12,7,1,1,unique,17339,0/4/0
PF_0025103,2025-02-12,8,1,1,unique,17371,0/3/0
PF_0025103,2025-02-12,9,1,1,unique,17403,0/5/0
PF_0025103,2025-02-19,1,1,1,unique,17148,0/4/0
PF_0025103,2025-02-19,2,1,1,unique,17180,0/3/0
PF_0025103,2025-02-19,3,1,1,unique,17212,0/4/0
PF_0025103,2025-02-19,4,1,1,unique,17244,0/6/0
PF_0025103,2025-02-19,5,1,1,unique,17276,0/4/0
PF_0025103,2025-02-19,6,1,1,unique,17308,0/4/0
PF_0025103,2025-02-19,7,1,1,unique,17340,0/3/0
PF_0025103,2025-02-19,8,1,1,unique,17372,0/2/0
PF_0025103,2025-02-19,9,1,1,unique,17404,0/4/0
PF_0025103,2025-02-25,1,1,1,unique,17149,0/3/6
PF_0025103,2025-02-25,2,1,1,unique,17181,0/3/5
PF_0025103,2025-02-25,3,1,1,unique,17213,0/2/2
PF_0025103,2025-02-25,4,1,1,unique,17245,0/6/4
PF_0025103,2025-02-25,5,1,1,unique,17277,0/6/0
PF_0025103,2025-02-25,6,1,1,unique,17309,0/3/3
PF_0025103,2025-02-25,7,1,1,unique,17341,0/2/1
PF_0025103,2025-02-25,8,1,1,unique,17373,0/1/1
PF_0025103,2025-02-25,9,1,1,unique,17405,0/4/1
PF_0025103,2025-03-04,1,1,1,unique,17150,0/2/3
PF_0025103,2025-03-04,2,1,1,unique,17182,0/1/5
PF_0025103,2025-03-04,3,1,1,unique,17214,0/0/3
PF_0025103,2025-03-04,4,1,1,unique,17246,0/2/4
PF_0025103,2025-03-04,5,1,1,unique,17278,0/8/1
PF_0025103,2025-03-04,6,1,1,unique,17310,0/1/3
PF_0025103,2025-03-04,7,1,1,unique,17342,0/0/3
PF_0025103,2025-03-04,8,1,1,unique,17374,0/0/2
PF_0025103,2025-03-04,9,1,1,unique,17406,0/2/3
PF_0025103,2025-03-11,1,1,1,unique,17151,0/0/3
PF_0025103,2025-03-11,2,1,1,unique,17183,0/0/2
PF_0025103,2025-03-11,3,1,1,unique,17215,0/0/3
PF_0025103,2025-03-11,4,1,1,unique,17247,0/0/3
PF_0025103,2025-03-11,5,1,1,unique,17279,0/0/3
PF_0025103,2025-03-11,6,1,1,unique,17311,0/0/3
PF_0025103,2025-03-11,7,1,1,unique,17343,0/0/2
PF_0025103,2025-03-11,8,1,1,unique,17375,0/0/2
PF_0025103,2025-03-11,9,1,1,unique,17407,0/0/1
PF_0025103,2025-03-18,1,1,1,unique,17152,0/0/3
PF_0025103,2025-03-18,2,1,1,unique,17184,0/0/1
PF_0025103,2025-03-18,3,1,1,unique,17216,0/0/2
PF_0025103,2025-03-18,4,1,1,unique,17248,0/0/1
PF_0025103,2025-03-18,5,1,1,unique,17280,0/0/3
PF_0025103,2025-03-18,6,1,1,unique,17312,0/0/2
PF_0025103,2025-03-18,7,1,1,unique,17344,0/0/2
PF_0025103,2025-03-18,8,1,1,unique,17376,0/0/2
PF_0025103,2025-03-18,9,1,1,unique,17408,0/0/0
PF_0025103,2025-03-25,1,1,1,unique,17153,0/0/1
PF_0025103,2025-03-25,2,1,1,unique,17185,0/0/0
PF_0025103,2025-03-25,3,1,1,unique,17217,0/0/0
PF_0025103,2025-03-25,4,1,1,unique,17249,0/0/0
PF_0025103,2025-03-25,5,1,1,unique,17281,0/0/1
PF_0025103,2025-03-25,6,1,1,unique,17313,0/0/0
PF_0025103,2025-03-25,7,1,1,unique,17345,0/0/2
PF_0025103,2025-03-25,8,1,1,unique,17377,0/0/2
PF_0025103,2025-03-25,9,1,1,unique,17409,0/0/0
PF_0025103,2025-04-01,1,1,1,unique,17154,0/0/0
PF_0025103,2025-04-01,2,1,1,unique,17186,0/0/0
PF_0025103,2025-04-01,3,1,1,unique,17218,0/0/0
PF_0025103,2025-04-01,4,1,1,unique,17250,0/0/0
PF_0025103,2025-04-01,5,1,1,unique,17282,0/0/0
PF_0025103,2025-04-01,6,1,1,unique,17314,0/0/0
PF_0025103,2025-04-01,7,1,1,unique,17346,0/0/0
PF_0025103,2025-04-01,8,1,1,unique,17378,0/0/0
PF_0025103,2025-04-01,9,1,1,unique,17410,0/0/0
PF_0025103,2025-04-08,1,1,1,unique,17155,0/0/0
PF_0025103,2025-04-08,2,1,1,unique,17187,0/0/0
PF_0025103,2025-04-08,3,1,1,unique,17219,0/0/0
PF_0025103,2025-04-08,4,1,1,unique,17251,0/0/0
PF_0025103,2025-04-08,5,1,1,unique,17283,0/0/0
PF_0025103,2025-04-08,6,1,1,unique,17315,0/0/0
PF_0025103,2025-04-08,7,1,1,unique,17347,0/0/0
PF_0025103,2025-04-08,8,1,1,unique,17379,0/0/0
PF_0025103,2025-04-08,9,1,1,unique,17411,0/0/0
PF_0025103,2025-04-15,1,1,1,unique,17156,0/0/0
PF_0025103,2025-04-15,2,1,1,unique,17188,0/0/0
PF_0025103,2025-04-15,3,1,1,unique,17220,0/0/0
PF_0025103,2025-04-15,4,1,1,unique,17252,0/0/0
PF_0025103,2025-04-15,5,1,1,unique,17284,0/0/0
PF_0025103,2025-04-15,6,1,1,unique,17316,0/0/0
PF_0025103,2025-04-15,7,1,1,unique,17348,0/0/0
PF_0025103,2025-04-15,8,1,1,unique,17380,0/0/0
PF_0025103,2025-04-15,9,1,1,unique,17412,0/0/0
PF_0025103,2025-04-22,1,1,1,unique,17157,0/0/0
PF_0025103,2025-04-22,2,1,1,unique,17189,0/0/0
PF_0025103,2025-04-22,3,1,1,unique,17221,0/0/0
PF_0025103,2025-04-22,4,1,1,unique,17253,0/0/0
PF_0025103,2025-04-22,5,1,1,unique,17285,0/0/0
PF_0025103,2025-04-22,6,1,1,unique,17317,0/0/0
PF_0025103,2025-04-22,7,1,1,unique,17349,0/0/0
PF_0025103,2025-04-22,8,1,1,unique,17381,0/0/0
PF_0025103,2025-04-22,9,1,1,unique,17413,0/0/0
PF_0025103,2025-04-28,1,1,1,unique,17158,0/0/0
PF_0025103,2025-04-28,2,1,1,unique,17190,0/0/0
PF_0025103,2025-04-28,3,1,1,unique,17222,0/0/0
PF_0025103,2025-04-28,4,1,1,unique,17254,0/0/0
PF_0025103,2025-04-28,5,1,1,unique,17286,0/0/0
PF_0025103,2025-04-28,6,1,1,unique,17318,0/0/0
PF_0025103,2025-04-28,7,1,1,unique,17350,0/0/0
PF_0025103,2025-04-28,8,1,1,unique,17382,0/0/0
PF_0025103,2025-04-28,9,1,1,unique,17414,0/0/0
PF_0025103,2025-05-22,1,1,1,unique,17159,0/0/0
PF_0025103,2025-05-22,2,1,1,unique,17191,0/0/0
PF_0025103,2025-05-22,3,1,1,unique,17223,0/0/0
PF_0025103,2025-05-22,4,1,1,unique,17255,0/0/0
PF_0025103,2025-05-22,5,1,1,unique,17287,0/0/0
PF_0025103,2025-05-22,6,1,1,unique,17319,0/0/0
PF_0025103,2025-05-22,7,1,1,unique,17351,0/0/0
PF_0025103,2025-05-22,8,1,1,unique,17383,0/0/0
PF_0025103,2025-05-22,9,1,1,unique,17415,0/0/0
PF_0025103,2025-05-29,1,1,1,unique,17160,0/0/0
PF_0025103,2025-05-29,2,1,1,unique,17192,0/0/0
PF_0025103,2025-05-29,3,1,1,unique,17224,0/0/0
PF_0025103,2025-05-29,4,1,1,unique,17256,0/0/0
PF_0025103,2025-05-29,5,1,1,unique,17288,0/0/0
PF_0025103,2025-05-29,6,1,1,unique,17320,0/0/0
PF_0025103,2025-05-29,7,1,1,unique,17352,0/0/0
PF_0025103,2025-05-29,8,1,1,unique,17384,0/0/0
PF_0025103,2025-05-29,9,1,1,unique,17416,0/0/0
PF_0025103,2025-06-05,1,1,1,unique,17161,0/0/0
PF_0025103,2025-06-05,2,1,1,unique,17193,0/0/0
PF_0025103,2025-06-05,3,1,1,unique,17225,0/0/0
PF_0025103,2025-06-05,4,1,1,unique,17257,0/0/0
PF_0025103,2025-06-05,5,1,1,unique,17289,0/0/0
PF_0025103,2025-06-05,6,1,1,unique,17321,0/0/0
PF_0025103,2025-06-05,7,1,1,unique,17353,0/0/0
PF_0025103,2025-06-05,8,1,1,unique,17385,0/0/0
PF_0025103,2025-06-05,9,1,1,unique,17417,0/0/0
PF_0025106,2024-10-07,1,1,1,unique,17603,0/0/0
PF_0025106,2024-10-07,2,1,1,unique,17634,0/0/0
PF_0025106,2024-10-07,3,1,1,unique,17665,0/0/0
PF_0025106,2024-10-07,4,1,1,unique,17696,0/0/0
PF_0025106,2024-10-07,5,1,1,unique,17727,0/0/0
PF_0025106,2024-10-07,6,1,1,unique,17758,0/0/0
PF_0025106,2024-10-07,7,1,1,unique,17789,0/0/0
PF_0025106,2024-10-07,8,1,1,unique,17820,0/0/0
PF_0025106,2024-10-07,9,1,1,unique,17851,0/0/0
PF_0025106,2024-10-14,1,1,1,unique,17604,0/0/0
PF_0025106,2024-10-14,2,1,1,unique,17635,0/0/0
PF_0025106,2024-10-14,3,1,1,unique,17666,0/0/0
PF_0025106,2024-10-14,4,1,1,unique,17697,0/0/0
PF_0025106,2024-10-14,5,1,1,unique,17728,0/0/0
PF_0025106,2024-10-14,6,1,1,unique,17759,0/0/0
PF_0025106,2024-10-14,7,1,1,unique,17790,0/0/0
PF_0025106,2024-10-14,8,1,1,unique,17821,0/0/0
PF_0025106,2024-10-14,9,1,1,unique,17852,0/0/0
PF_0025106,2024-10-21,1,1,1,unique,17605,0/0/0
PF_0025106,2024-10-21,2,1,1,unique,17636,0/0/0
PF_0025106,2024-10-21,3,1,1,unique,17667,0/0/0
PF_0025106,2024-10-21,4,1,1,unique,17698,0/0/0
PF_0025106,2024-10-21,5,1,1,unique,17729,0/0/0
PF_0025106,2024-10-21,6,1,1,unique,17760,0/0/0
PF_0025106,2024-10-21,7,1,1,unique,17791,0/0/0
PF_0025106,2024-10-21,8,1,1,unique,17822,0/0/0
PF_0025106,2024-10-21,9,1,1,unique,17853,0/0/0
PF_0025106,2024-10-29,1,1,1,unique,17606,0/0/0
PF_0025106,2024-10-29,2,1,1,unique,17637,0/0/0
PF_0025106,2024-10-29,3,1,1,unique,17668,0/0/0
PF_0025106,2024-10-29,4,1,1,unique,17699,0/0/0
PF_0025106,2024-10-29,5,1,1,unique,17730,0/0/0
PF_0025106,2024-10-29,6,1,1,unique,17761,0/0/0
PF_0025106,2024-10-29,7,1,1,unique,17792,0/0/0
PF_0025106,2024-10-29,8,1,1,unique,17823,0/0/0
PF_0025106,2024-10-29,9,1,1,unique,17854,0/0/0
PF_0025106,2024-11-11,1,1,1,unique,17607,0/0/0
PF_0025106,2024-11-11,2,1,1,unique,17638,0/0/0
PF_0025106,2024-11-11,3,1,1,unique,17669,0/0/0
PF_0025106,2024-11-11,4,1,1,unique,17700,0/0/0
PF_0025106,2024-11-11,5,1,1,unique,17731,0/0/0
PF_0025106,2024-11-11,6,1,1,unique,17762,0/0/0
PF_0025106,2024-11-11,7,1,1,unique,17793,0/0/0
PF_0025106,2024-11-11,8,1,1,unique,17824,0/0/0
PF_0025106,2024-11-11,9,1,1,unique,17855,0/0/0
PF_0025106,2024-11-18,1,1,1,unique,17608,0/0/0
PF_0025106,2024-11-18,2,1,1,unique,17639,0/0/0
PF_0025106,2024-11-18,3,1,1,unique,17670,0/0/0
PF_0025106,2024-11-18,4,1,1,unique,17701,0/0/0
PF_0025106,2024-11-18,5,1,1,unique,17732,0/0/0
PF_0025106,2024-11-18,6,1,1,unique,17763,0/0/0
PF_0025106,2024-11-18,7,1,1,unique,17794,0/0/0
PF_0025106,2024-11-18,8,1,1,unique,17825,0/0/0
PF_0025106,2024-11-18,9,1,1,unique,17856,0/0/0
PF_0025106,2024-11-25,1,1,1,unique,17609,0/0/0
PF_0025106,2024-11-25,2,1,1,unique,17640,0/0/0
PF_0025106,2024-11-25,3,1,1,unique,17671,0/0/0
PF_0025106,2024-11-25,4,1,1,unique,17702,0/0/0
PF_0025106,2024-11-25,5,1,1,unique,17733,0/0/0
PF_0025106,2024-11-25,6,1,1,unique,17764,0/0/0
PF_0025106,2024-11-25,7,1,1,unique,17795,0/0/0
PF_0025106,2024-11-25,8,1,1,unique,17826,0/0/0
PF_0025106,2024-11-25,9,1,1,unique,17857,0/0/0
PF_0025106,2024-12-02,1,1,1,unique,17610,0/0/0
PF_0025106,2024-12-02,2,1,1,unique,17641,0/0/0
PF_0025106,2024-12-02,3,1,1,unique,17672,0/0/0
PF_0025106,2024-12-02,4,1,1,unique,17703,0/0/0
PF_0025106,2024-12-02,5,1,1,unique,17734,0/0/0
PF_0025106,2024-12-02,6,1,1,unique,17765,0/0/0
PF_0025106,2024-12-02,7,1,1,unique,17796,0/0/0
PF_0025106,2024-12-02,8,1,1,unique,17827,0/0/0
PF_0025106,2024-12-02,9,1,1,unique,17858,0/0/0
PF_0025106,2024-12-09,1,1,1,unique,17611,0/0/0
PF_0025106,2024-12-09,2,1,1,unique,17642,0/0/0
PF_0025106,2024-12-09,3,1,1,unique,17673,0/0/0
PF_0025106,2024-12-09,4,1,1,unique,17704,0/0/0
PF_0025106,2024-12-09,5,1,1,unique,17735,0/0/0
PF_0025106,2024-12-09,6,1,1,unique,17766,0/0/0
PF_0025106,2024-12-09,7,1,1,unique,17797,0/0/0
PF_0025106,2024-12-09,8,1,1,unique,17828,0/0/0
PF_0025106,2024-12-09,9,1,1,unique,17859,0/0/0
PF_0025106,2024-12-17,1,1,1,unique,17612,0/0/0
PF_0025106,2024-12-17,2,1,1,unique,17643,0/0/0
PF_0025106,2024-12-17,3,1,1,unique,17674,0/0/0
PF_0025106,2024-12-17,4,1,1,unique,17705,0/0/0
PF_0025106,2024-12-17,5,1,1,unique,17736,0/0/0
PF_0025106,2024-12-17,6,1,1,unique,17767,0/0/0
PF_0025106,2024-12-17,7,1,1,unique,17798,0/0/0
PF_0025106,2024-12-17,8,1,1,unique,17829,0/0/0
PF_0025106,2024-12-17,9,1,1,unique,17860,0/0/0
PF_0025106,2024-12-23,1,1,1,unique,17613,8/0/0
PF_0025106,2024-12-23,2,1,1,unique,17644,6/0/0
PF_0025106,2024-12-23,3,1,1,unique,17675,4/0/0
PF_0025106,2024-12-23,4,1,1,unique,17706,6/0/0
PF_0025106,2024-12-23,5,1,1,unique,17737,11/0/0
PF_0025106,2024-12-23,6,1,1,unique,17768,11/0/0
PF_0025106,2024-12-23,7,1,1,unique,17799,17/0/0
PF_0025106,2024-12-23,8,1,1,unique,17830,8/0/0
PF_0025106,2024-12-23,9,1,1,unique,17861,9/0/0
PF_0025106,2024-12-30,1,1,1,unique,17614,7/0/0
PF_0025106,2024-12-30,2,1,1,unique,17645,5/0/0
PF_0025106,2024-12-30,3,1,1,unique,17676,4/0/0
PF_0025106,2024-12-30,4,1,1,unique,17707,5/0/0
PF_0025106,2024-12-30,5,1,1,unique,17738,13/0/0
PF_0025106,2024-12-30,6,1,1,unique,17769,12/0/0
PF_0025106,2024-12-30,7,1,1,unique,17800,14/0/0
PF_0025106,2024-12-30,8,1,1,unique,17831,6/0/0
PF_0025106,2024-12-30,9,1,1,unique,17862,9/0/0
PF_0025106,2025-01-06,1,1,1,unique,17615,4/0/0
PF_0025106,2025-01-06,2,1,1,unique,17646,4/0/0
PF_0025106,2025-01-06,3,1,1,unique,17677,2/0/0
PF_0025106,2025-01-06,4,1,1,unique,17708,3/0/0
PF_0025106,2025-01-06,5,1,1,unique,17739,13/0/0
PF_0025106,2025-01-06,6,1,1,unique,17770,12/0/0
PF_0025106,2025-01-06,7,1,1,unique,17801,14/0/0
PF_0025106,2025-01-06,8,1,1,unique,17832,6/0/0
PF_0025106,2025-01-06,9,1,1,unique,17863,8/0/0
PF_0025106,2025-01-13,1,1,1,unique,17616,5/0/0
PF_0025106,2025-01-13,2,1,1,unique,17647,3/0/0
PF_0025106,2025-01-13,3,1,1,unique,17678,0/0/0
PF_0025106,2025-01-13,4,1,1,unique,17709,3/0/0
PF_0025106,2025-01-13,5,1,1,unique,17740,12/0/0
PF_0025106,2025-01-13,6,1,1,unique,17771,11/0/0
PF_0025106,2025-01-13,7,1,1,unique,17802,12/0/0
PF_0025106,2025-01-13,8,1,1,unique,17833,3/0/0
PF_0025106,2025-01-13,9,1,1,unique,17864,7/0/0
PF_0025106,2025-01-20,1,1,1,unique,17617,2/0/0
PF_0025106,2025-01-20,2,1,1,unique,17648,0/7/0
PF_0025106,2025-01-20,3,1,1,unique,17679,0/6/0
PF_0025106,2025-01-20,4,1,1,unique,17710,0/5/0
PF_0025106,2025-01-20,5,1,1,unique,17741,9/4/0
PF_0025106,2025-01-20,6,1,1,unique,17772,10/2/0
PF_0025106,2025-01-20,7,1,1,unique,17803,10/0/0
PF_0025106,2025-01-20,8,1,1,unique,17834,1/1/0
PF_0025106,2025-01-20,9,1,1,unique,17865,4/4/0
PF_0025106,2025-02-03,1,1,1,unique,17618,2/0/0
PF_0025106,2025-02-03,2,1,1,unique,17649,3/0/0
PF_0025106,2025-02-03,3,1,1,unique,17680,0/5/0
PF_0025106,2025-02-03,4,1,1,unique,17711,0/3/0
PF_0025106,2025-02-03,5,1,1,unique,17742,4/4/0
PF_0025106,2025-02-03,6,1,1,unique,17773,1/0/0
PF_0025106,2025-02-03,7,1,1,unique,17804,6/0/0
PF_0025106,2025-02-03,8,1,1,unique,17835,2/0/0
PF_0025106,2025-02-03,9,1,1,unique,17866,3/0/0
PF_0025106,2025-02-10,1,1,1,unique,17619,0/2/0
PF_0025106,2025-02-10,2,1,1,unique,17650,0/3/0
PF_0025106,2025-02-10,3,1,1,unique,17681,0/5/0
PF_0025106,2025-02-10,4,1,1,unique,17712,0/3/0
PF_0025106,2025-02-10,5,1,1,unique,17743,0/6/0
PF_0025106,2025-02-10,6,1,1,unique,17774,0/1/0
PF_0025106,2025-02-10,7,1,1,unique,17805,1/0/0
PF_0025106,2025-02-10,8,1,1,unique,17836,0/2/0
PF_0025106,2025-02-10,9,1,1,unique,17867,0/2/0
PF_0025106,2025-02-17,1,1,1,unique,17620,0/1/0
PF_0025106,2025-02-17,2,1,1,unique,17651,0/2/0
PF_0025106,2025-02-17,3,1,1,unique,17682,0/4/0
PF_0025106,2025-02-17,4,1,1,unique,17713,0/2/0
PF_0025106,2025-02-17,5,1,1,unique,17744,0/4/0
PF_0025106,2025-02-17,6,1,1,unique,17775,0/1/0
PF_0025106,2025-02-17,7,1,1,unique,17806,0/2/0
PF_0025106,2025-02-17,8,1,1,unique,17837,0/2/0
PF_0025106,2025-02-17,9,1,1,unique,17868,0/1/0
PF_0025106,2025-02-24,1,1,1,unique,17621,0/0/5
PF_0025106,2025-02-24,2,1,1,unique,17652,0/0/5
PF_0025106,2025-02-24,3,1,1,unique,17683,0/0/5
PF_0025106,2025-02-24,4,1,1,unique,17714,0/1/0
PF_0025106,2025-02-24,5,1,1,unique,17745,0/2/1
PF_0025106,2025-02-24,6,1,1,unique,17776,0/0/0
PF_0025106,2025-02-24,7,1,1,unique,17807,0/1/0
PF_0025106,2025-02-24,8,1,1,unique,17838,0/1/0
PF_0025106,2025-02-24,9,1,1,unique,17869,0/0/2
PF_0025106,2025-03-03,1,1,1,unique,17622,0/0/6
PF_0025106,2025-03-03,2,1,1,unique,17653,0/0/4
PF_0025106,2025-03-03,3,1,1,unique,17684,0/0/6
PF_0025106,2025-03-03,4,1,1,unique,17715,0/0/5
PF_0025106,2025-03-03,5,1,1,unique,17746,0/0/3
PF_0025106,2025-03-03,6,1,1,unique,17777,0/0/1
PF_0025106,2025-03-03,7,1,1,unique,17808,0/0/1
PF_0025106,2025-03-03,8,1,1,unique,17839,0/0/4
PF_0025106,2025-03-03,9,1,1,unique,17870,0/0/4
PF_0025106,2025-03-10,1,1,1,unique,17623,0/0/13
PF_0025106,2025-03-10,2,1,1,unique,17654,0/0/11
PF_0025106,2025-03-10,3,1,1,unique,17685,0/0/15
PF_0025106,2025-03-10,4,1,1,unique,17716,0/0/7
PF_0025106,2025-03-10,5,1,1,unique,17747,0/0/5
PF_0025106,2025-03-10,6,1,1,unique,17778,0/0/3
PF_0025106,2025-03-10,7,1,1,unique,17809,0/0/4
PF_0025106,2025-03-10,8,1,1,unique,17840,0/0/6
PF_0025106,2025-03-10,9,1,1,unique,17871,0/0/0
PF_0025106,2025-03-17,1,1,1,unique,17624,0/0/5
PF_0025106,2025-03-17,2,1,1,unique,17655,0/0/11
PF_0025106,2025-03-17,3,1,1,unique,17686,0/0/10
PF_0025106,2025-03-17,4,1,1,unique,17717,0/0/6
PF_0025106,2025-03-17,5,1,1,unique,17748,0/0/5
PF_0025106,2025-03-17,6,1,1,unique,17779,0/0/5
PF_0025106,2025-03-17,7,1,1,unique,17810,0/0/6
PF_0025106,2025-03-17,8,1,1,unique,17841,0/0/6
PF_0025106,2025-03-17,9,1,1,unique,17872,0/0/7
PF_0025106,2025-03-24,1,1,1,unique,17625,0/0/4
PF_0025106,2025-03-24,2,1,1,unique,17656,0/0/6
PF_0025106,2025-03-24,3,1,1,unique,17687,0/0/11
PF_0025106,2025-03-24,4,1,1,unique,17718,0/0/5
PF_0025106,2025-03-24,5,1,1,unique,17749,0/0/3
PF_0025106,2025-03-24,6,1,1,unique,17780,0/0/2
PF_0025106,2025-03-24,7,1,1,unique,17811,0/0/3
PF_0025106,2025-03-24,8,1,1,unique,17842,0/0/6
PF_0025106,2025-03-24,9,1,1,unique,17873,0/0/4
PF_0025106,2025-03-31,1,1,1,unique,17626,0/0/1
PF_0025106,2025-03-31,2,1,1,unique,17657,0/0/2
PF_0025106,2025-03-31,3,1,1,unique,17688,0/0/4
PF_0025106,2025-03-31,4,1,1,unique,17719,0/0/0
PF_0025106,2025-03-31,5,1,1,unique,17750,0/0/1
PF_0025106,2025-03-31,6,1,1,unique,17781,0/0/1
PF_0025106,2025-03-31,7,1,1,unique,17812,0/0/0
PF_0025106,2025-03-31,8,1,1,unique,17843,0/0/6
PF_0025106,2025-03-31,9,1,1,unique,17874,0/0/0
PF_0025106,2025-04-07,1,1,1,unique,17627,0/0/0
PF_0025106,2025-04-07,2,1,1,unique,17658,0/0/0
PF_0025106,2025-04-07,3,1,1,unique,17689,0/0/0
PF_0025106,2025-04-07,4,1,1,unique,17720,0/0/6
PF_0025106,2025-04-07,5,1,1,unique,17751,0/0/0
PF_0025106,2025-04-07,6,1,1,unique,17782,0/0/0
PF_0025106,2025-04-07,7,1,1,unique,17813,0/0/4
PF_0025106,2025-04-07,8,1,1,unique,17844,0/0/2
PF_0025106,2025-04-07,9,1,1,unique,17875,0/0/2
PF_0025106,2025-04-14,1,1,1,unique,17628,0/0/0
PF_0025106,2025-04-14,2,1,1,unique,17659,0/0/0
PF_0025106,2025-04-14,3,1,1,unique,17690,0/0/0
PF_0025106,2025-04-14,4,1,1,unique,17721,0/0/0
PF_0025106,2025-04-14,5,1,1,unique,17752,0/0/0
PF_0025106,2025-04-14,6,1,1,unique,17783,0/0/0
PF_0025106,2025-04-14,7,1,1,unique,17814,0/0/0
PF_0025106,2025-04-14,8,1,1,unique,17845,0/0/0
PF_0025106,2025-04-14,9,1,1,unique,17876,0/0/0
PF_0025106,2025-04-21,1,1,1,unique,17629,0/0/0
PF_0025106,2025-04-21,2,1,1,unique,17660,0/0/0
PF_0025106,2025-04-21,3,1,1,unique,17691,0/0/0
PF_0025106,2025-04-21,4,1,1,unique,17722,0/0/0
PF_0025106,2025-04-21,5,1,1,unique,17753,0/0/0
PF_0025106,2025-04-21,6,1,1,unique,17784,0/0/0
PF_0025106,2025-04-21,7,1,1,unique,17815,0/0/0
PF_0025106,2025-04-21,8,1,1,unique,17846,0/0/0
PF_0025106,2025-04-21,9,1,1,unique,17877,0/0/0
PF_0025106,2025-04-28,1,1,1,unique,17630,0/0/0
PF_0025106,2025-04-28,2,1,1,unique,17661,0/0/0
PF_0025106,2025-04-28,3,1,1,unique,17692,0/0/0
PF_0025106,2025-04-28,4,1,1,unique,17723,0/0/0
PF_0025106,2025-04-28,5,1,1,unique,17754,0/0/0
PF_0025106,2025-04-28,6,1,1,unique,17785,0/0/0
PF_0025106,2025-04-28,7,1,1,unique,17816,0/0/0
PF_0025106,2025-04-28,8,1,1,unique,17847,0/0/0
PF_0025106,2025-04-28,9,1,1,unique,17878,0/0/0
PF_0025106,2025-05-23,1,1,1,unique,17631,0/0/0
PF_0025106,2025-05-23,2,1,1,unique,17662,0/0/0
PF_0025106,2025-05-23,3,1,1,unique,17693,0/0/0
PF_0025106,2025-05-23,4,1,1,unique,17724,0/0/0
PF_0025106,2025-05-23,5,1,1,unique,17755,0/0/0
PF_0025106,2025-05-23,6,1,1,unique,17786,0/0/0
PF_0025106,2025-05-23,7,1,1,unique,17817,0/0/0
PF_0025106,2025-05-23,8,1,1,unique,17848,0/0/0
PF_0025106,2025-05-23,9,1,1,unique,17879,0/0/0
PF_0025106,2025-05-29,1,1,1,unique,17632,0/0/0
PF_0025106,2025-05-29,2,1,1,unique,17663,0/0/0
PF_0025106,2025-05-29,3,1,1,unique,17694,0/0/0
PF_0025106,2025-05-29,4,1,1,unique,17725,0/0/0
PF_0025106,2025-05-29,5,1,1,unique,17756,0/0/0
PF_0025106,2025-05-29,6,1,1,unique,17787,0/0/0
PF_0025106,2025-05-29,7,1,1,unique,17818,0/0/0
PF_0025106,2025-05-29,8,1,1,unique,17849,0/0/0
PF_0025106,2025-05-29,9,1,1,unique,17880,0/0/0
PF_0025106,2025-06-05,1,1,1,unique,17633,0/0/0
PF_0025106,2025-06-05,2,1,1,unique,17664,0/0/0
PF_0025106,2025-06-05,3,1,1,unique,17695,0/0/0
PF_0025106,2025-06-05,4,1,1,unique,17726,0/0/0
PF_0025106,2025-06-05,5,1,1,unique,17757,0/0/0
PF_0025106,2025-06-05,6,1,1,unique,17788,0/0/0
PF_0025106,2025-06-05,7,1,1,unique,17819,0/0/0
PF_0025106,2025-06-05,8,1,1,unique,17850,0/0/0
PF_0025106,2025-06-05,9,1,1,unique,17881,0/0/0
PF_0026933,2026-01-05,6,1,1,unique,32556,2/1/1
PF_0026933,2026-01-12,2,1,1,unique,32441,1/1/1
PF_0026933,2026-01-12,6,1,1,unique,32557,1/6/5
PF_0026933,2026-04-07,1,1,1,unique,32423,0/0/0
PF_0026933,2026-04-07,2,1,1,unique,32452,0/0/0
PF_0026933,2026-04-07,3,1,1,unique,32481,0/0/0
PF_0026933,2026-04-07,4,1,1,unique,32510,0/0/0
PF_0026933,2026-04-07,5,1,1,unique,32539,0/0/0
PF_0026933,2026-04-07,6,1,1,unique,32568,0/0/0
PF_0026933,2026-04-07,7,1,1,unique,32597,0/0/0
PF_0026933,2026-04-07,8,1,1,unique,32626,0/0/0
PF_0026933,2026-04-07,9,1,1,unique,32655,0/0/1
PF_0026933,2026-04-14,1,1,1,unique,32424,0/0/0
PF_0026933,2026-04-14,2,1,1,unique,32453,0/0/0
PF_0026933,2026-04-14,3,1,1,unique,32482,0/0/0
PF_0026933,2026-04-14,4,1,1,unique,32511,0/0/0
PF_0026933,2026-04-14,5,1,1,unique,32540,0/0/0
PF_0026933,2026-04-14,6,1,1,unique,32569,0/0/0
PF_0026933,2026-04-14,7,1,1,unique,32598,0/0/0
PF_0026933,2026-04-14,8,1,1,unique,32627,0/0/0
PF_0026933,2026-04-14,9,1,1,unique,32656,0/0/0
PF_0026933,2026-04-21,1,1,1,unique,32425,0/0/0
PF_0026933,2026-04-21,2,1,1,unique,32454,0/0/0
PF_0026933,2026-04-21,3,1,1,unique,32483,0/0/0
PF_0026933,2026-04-21,4,1,1,unique,32512,0/0/0
PF_0026933,2026-04-21,5,1,1,unique,32541,0/0/0
PF_0026933,2026-04-21,6,1,1,unique,32570,0/0/0
PF_0026933,2026-04-21,7,1,1,unique,32599,0/0/0
PF_0026933,2026-04-21,8,1,1,unique,32628,0/0/0
PF_0026933,2026-04-21,9,1,1,unique,32657,0/0/0
PF_0026933,2026-04-27,1,1,1,unique,32426,0/0/0
PF_0026933,2026-04-27,2,1,1,unique,32455,0/0/0
PF_0026933,2026-04-27,3,1,1,unique,32484,0/0/0
PF_0026933,2026-04-27,4,1,1,unique,32513,0/0/0
PF_0026933,2026-04-27,5,1,1,unique,32542,0/0/0
PF_0026933,2026-04-27,6,1,1,unique,32571,0/0/0
PF_0026933,2026-04-27,7,1,1,unique,32600,0/0/0
PF_0026933,2026-04-27,8,1,1,unique,32629,0/0/0
PF_0026933,2026-04-27,9,1,1,unique,32658,0/0/0
PF_0026933,2026-05-05,1,1,1,unique,32427,0/0/0
PF_0026933,2026-05-05,2,1,1,unique,32456,0/0/0
PF_0026933,2026-05-05,3,1,1,unique,32485,0/0/0
PF_0026933,2026-05-05,4,1,1,unique,32514,0/0/0
PF_0026933,2026-05-05,5,1,1,unique,32543,0/0/0
PF_0026933,2026-05-05,6,1,1,unique,32572,0/0/0
PF_0026933,2026-05-05,7,1,1,unique,32601,0/0/0
PF_0026933,2026-05-05,8,1,1,unique,32630,0/0/0
PF_0026933,2026-05-05,9,1,1,unique,32659,0/0/0
PF_0026933,2026-05-12,1,1,1,unique,32428,0/0/0
PF_0026933,2026-05-12,2,1,1,unique,32457,0/0/0
PF_0026933,2026-05-12,3,1,1,unique,32486,0/0/0
PF_0026933,2026-05-12,4,1,1,unique,32515,0/0/0
PF_0026933,2026-05-12,5,1,1,unique,32544,0/0/0
PF_0026933,2026-05-12,6,1,1,unique,32573,0/0/0
PF_0026933,2026-05-12,7,1,1,unique,32602,0/0/0
PF_0026933,2026-05-12,8,1,1,unique,32631,0/0/0
PF_0026933,2026-05-12,9,1,1,unique,32660,0/0/0
PF_0026933,2026-05-19,1,1,1,unique,32429,0/0/0
PF_0026933,2026-05-19,2,1,1,unique,32458,0/0/0
PF_0026933,2026-05-19,3,1,1,unique,32487,0/0/0
PF_0026933,2026-05-19,4,1,1,unique,32516,0/0/0
PF_0026933,2026-05-19,5,1,1,unique,32545,0/0/0
PF_0026933,2026-05-19,6,1,1,unique,32574,0/0/0
PF_0026933,2026-05-19,7,1,1,unique,32603,0/0/0
PF_0026933,2026-05-19,8,1,1,unique,32632,0/0/0
PF_0026933,2026-05-19,9,1,1,unique,32661,0/0/0
PF_0026933,2026-05-26,1,1,1,unique,32430,0/0/0
PF_0026933,2026-05-26,2,1,1,unique,32459,0/0/0
PF_0026933,2026-05-26,3,1,1,unique,32488,0/0/0
PF_0026933,2026-05-26,4,1,1,unique,32517,0/0/0
PF_0026933,2026-05-26,5,1,1,unique,32546,0/0/0
PF_0026933,2026-05-26,6,1,1,unique,32575,0/0/0
PF_0026933,2026-05-26,7,1,1,unique,32604,0/0/0
PF_0026933,2026-05-26,8,1,1,unique,32633,0/0/0
PF_0026933,2026-05-26,9,1,1,unique,32662,0/0/0
PF_0026933,2026-06-02,1,1,1,unique,32431,0/0/0
PF_0026933,2026-06-02,2,1,1,unique,32460,0/0/0
PF_0026933,2026-06-02,3,1,1,unique,32489,0/0/0
PF_0026933,2026-06-02,4,1,1,unique,32518,0/0/0
PF_0026933,2026-06-02,5,1,1,unique,32547,0/0/0
PF_0026933,2026-06-02,6,1,1,unique,32576,0/0/0
PF_0026933,2026-06-02,7,1,1,unique,32605,0/0/0
PF_0026933,2026-06-02,8,1,1,unique,32634,0/0/0
PF_0026933,2026-06-02,9,1,1,unique,32663,0/0/0
