Target_ID,Category_ID,Variable_ID,Missing_Rate,Status,Reason
strawberry_third,CAT_c00e770ab31e_V1,item_code,,needs_review,as-of validity and units require verification
strawberry_third,CAT_c00e770ab31e_V1,cropping_system,,needs_review,as-of validity and units require verification
strawberry_third,CAT_8a7fb996b880_V1,cultivation_area,,needs_review,as-of validity and units require verification
strawberry_third,CAT_8a7fb996b880_V1,cal_cultivation_area,,needs_review,as-of validity and units require verification
strawberry_third,CAT_8a7fb996b880_V1,plant_num,,needs_review,as-of validity and units require verification
strawberry_third,CAT_8a7fb996b880_V1,cal_plant_num,,needs_review,as-of validity and units require verification
strawberry_third,CAT_8a7fb996b880_V1,plant_density,,needs_review,as-of validity and units require verification
strawberry_third,CAT_99c052721020_V1,leaves_length__current,,needs_review,measurement unit/provenance must be verified
strawberry_third,CAT_99c052721020_V1,leaves_length__delta,,needs_review,measurement unit/provenance must be verified
strawberry_third,CAT_99c052721020_V1,leaves_length__delta_per_day,,needs_review,measurement unit/provenance must be verified
strawberry_third,CAT_99c052721020_V1,leaves_length__lag1,,needs_review,measurement unit/provenance must be verified
strawberry_third,CAT_99c052721020_V1,leaves_length__lag2,,needs_review,measurement unit/provenance must be verified
strawberry_third,CAT_99c052721020_V1,leaves_length__lag3,,needs_review,measurement unit/provenance must be verified
strawberry_third,CAT_99c052721020_V1,leaves_length__roll2_mean,,needs_review,measurement unit/provenance must be verified
strawberry_third,CAT_99c052721020_V1,leaves_length__roll2_std,,needs_review,measurement unit/provenance must be verified
strawberry_third,CAT_99c052721020_V1,leaves_length__roll2_min,,needs_review,measurement unit/provenance must be verified
strawberry_third,CAT_99c052721020_V1,leaves_length__roll2_max,,needs_review,measurement unit/provenance must be verified
strawberry_third,CAT_99c052721020_V1,leaves_length__roll2_slope,,needs_review,measurement unit/provenance must be verified
strawberry_third,CAT_99c052721020_V1,leaves_length__roll3_mean,,needs_review,measurement unit/provenance must be verified
strawberry_third,CAT_99c052721020_V1,leaves_length__roll3_std,,needs_review,measurement unit/provenance must be verified
strawberry_third,CAT_99c052721020_V1,leaves_length__roll3_min,,needs_review,measurement unit/provenance must be verified
strawberry_third,CAT_99c052721020_V1,leaves_length__roll3_max,,needs_review,measurement unit/provenance must be verified
strawberry_third,CAT_99c052721020_V1,leaves_length__roll3_slope,,needs_review,measurement unit/provenance must be verified
strawberry_third,CAT_99c052721020_V1,leaves_length__roll4_mean,,needs_review,measurement unit/provenance must be verified
strawberry_third,CAT_99c052721020_V1,leaves_length__roll4_std,,needs_review,measurement unit/provenance must be verified
strawberry_third,CAT_99c052721020_V1,leaves_length__roll4_min,,needs_review,measurement unit/provenance must be verified
strawberry_third,CAT_99c052721020_V1,leaves_length__roll4_max,,needs_review,measurement unit/provenance must be verified
strawberry_third,CAT_99c052721020_V1,leaves_length__roll4_slope,,needs_review,measurement unit/provenance must be verified
strawberry_third,CAT_99c052721020_V1,leaves_num__current,,needs_review,raw history required
strawberry_third,CAT_99c052721020_V1,leaves_num__delta,,needs_review,raw history required
strawberry_third,CAT_99c052721020_V1,leaves_num__delta_per_day,,needs_review,raw history required
strawberry_third,CAT_99c052721020_V1,leaves_num__lag1,,needs_review,raw history required
strawberry_third,CAT_99c052721020_V1,leaves_num__lag2,,needs_review,raw history required
strawberry_third,CAT_99c052721020_V1,leaves_num__lag3,,needs_review,raw history required
strawberry_third,CAT_99c052721020_V1,leaves_num__roll2_mean,,needs_review,raw history required
strawberry_third,CAT_99c052721020_V1,leaves_num__roll2_std,,needs_review,raw history required
strawberry_third,CAT_99c052721020_V1,leaves_num__roll2_min,,needs_review,raw history required
strawberry_third,CAT_99c052721020_V1,leaves_num__roll2_max,,needs_review,raw history required
strawberry_third,CAT_99c052721020_V1,leaves_num__roll2_slope,,needs_review,raw history required
strawberry_third,CAT_99c052721020_V1,leaves_num__roll3_mean,,needs_review,raw history required
strawberry_third,CAT_99c052721020_V1,leaves_num__roll3_std,,needs_review,raw history required
strawberry_third,CAT_99c052721020_V1,leaves_num__roll3_min,,needs_review,raw history required
strawberry_third,CAT_99c052721020_V1,leaves_num__roll3_max,,needs_review,raw history required
strawberry_third,CAT_99c052721020_V1,leaves_num__roll3_slope,,needs_review,raw history required
strawberry_third,CAT_99c052721020_V1,leaves_num__roll4_mean,,needs_review,raw history required
strawberry_third,CAT_99c052721020_V1,leaves_num__roll4_std,,needs_review,raw history required
strawberry_third,CAT_99c052721020_V1,leaves_num__roll4_min,,needs_review,raw history required
strawberry_third,CAT_99c052721020_V1,leaves_num__roll4_max,,needs_review,raw history required
strawberry_third,CAT_99c052721020_V1,leaves_num__roll4_slope,,needs_review,raw history required
strawberry_third,CAT_99c052721020_V1,leaves_width__current,,needs_review,measurement unit/provenance must be verified
strawberry_third,CAT_99c052721020_V1,leaves_width__delta,,needs_review,measurement unit/provenance must be verified
strawberry_third,CAT_99c052721020_V1,leaves_width__delta_per_day,,needs_review,measurement unit/provenance must be verified
strawberry_third,CAT_99c052721020_V1,leaves_width__lag1,,needs_review,measurement unit/provenance must be verified
strawberry_third,CAT_99c052721020_V1,leaves_width__lag2,,needs_review,measurement unit/provenance must be verified
strawberry_third,CAT_99c052721020_V1,leaves_width__lag3,,needs_review,measurement unit/provenance must be verified
strawberry_third,CAT_99c052721020_V1,leaves_width__roll2_mean,,needs_review,measurement unit/provenance must be verified
strawberry_third,CAT_99c052721020_V1,leaves_width__roll2_std,,needs_review,measurement unit/provenance must be verified
strawberry_third,CAT_99c052721020_V1,leaves_width__roll2_min,,needs_review,measurement unit/provenance must be verified
strawberry_third,CAT_99c052721020_V1,leaves_width__roll2_max,,needs_review,measurement unit/provenance must be verified
strawberry_third,CAT_99c052721020_V1,leaves_width__roll2_slope,,needs_review,measurement unit/provenance must be verified
strawberry_third,CAT_99c052721020_V1,leaves_width__roll3_mean,,needs_review,measurement unit/provenance must be verified
strawberry_third,CAT_99c052721020_V1,leaves_width__roll3_std,,needs_review,measurement unit/provenance must be verified
strawberry_third,CAT_99c052721020_V1,leaves_width__roll3_min,,needs_review,measurement unit/provenance must be verified
strawberry_third,CAT_99c052721020_V1,leaves_width__roll3_max,,needs_review,measurement unit/provenance must be verified
strawberry_third,CAT_99c052721020_V1,leaves_width__roll3_slope,,needs_review,measurement unit/provenance must be verified
strawberry_third,CAT_99c052721020_V1,leaves_width__roll4_mean,,needs_review,measurement unit/provenance must be verified
strawberry_third,CAT_99c052721020_V1,leaves_width__roll4_std,,needs_review,measurement unit/provenance must be verified
strawberry_third,CAT_99c052721020_V1,leaves_width__roll4_min,,needs_review,measurement unit/provenance must be verified
strawberry_third,CAT_99c052721020_V1,leaves_width__roll4_max,,needs_review,measurement unit/provenance must be verified
strawberry_third,CAT_99c052721020_V1,leaves_width__roll4_slope,,needs_review,measurement unit/provenance must be verified
strawberry_third,CAT_99c052721020_V1,petiole_length__current,,needs_review,measurement unit/provenance must be verified
strawberry_third,CAT_99c052721020_V1,petiole_length__delta,,needs_review,measurement unit/provenance must be verified
strawberry_third,CAT_99c052721020_V1,petiole_length__delta_per_day,,needs_review,measurement unit/provenance must be verified
strawberry_third,CAT_99c052721020_V1,petiole_length__lag1,,needs_review,measurement unit/provenance must be verified
strawberry_third,CAT_99c052721020_V1,petiole_length__lag2,,needs_review,measurement unit/provenance must be verified
strawberry_third,CAT_99c052721020_V1,petiole_length__lag3,,needs_review,measurement unit/provenance must be verified
strawberry_third,CAT_99c052721020_V1,petiole_length__roll2_mean,,needs_review,measurement unit/provenance must be verified
strawberry_third,CAT_99c052721020_V1,petiole_length__roll2_std,,needs_review,measurement unit/provenance must be verified
strawberry_third,CAT_99c052721020_V1,petiole_length__roll2_min,,needs_review,measurement unit/provenance must be verified
strawberry_third,CAT_99c052721020_V1,petiole_length__roll2_max,,needs_review,measurement unit/provenance must be verified
strawberry_third,CAT_99c052721020_V1,petiole_length__roll2_slope,,needs_review,measurement unit/provenance must be verified
strawberry_third,CAT_99c052721020_V1,petiole_length__roll3_mean,,needs_review,measurement unit/provenance must be verified
strawberry_third,CAT_99c052721020_V1,petiole_length__roll3_std,,needs_review,measurement unit/provenance must be verified
strawberry_third,CAT_99c052721020_V1,petiole_length__roll3_min,,needs_review,measurement unit/provenance must be verified
strawberry_third,CAT_99c052721020_V1,petiole_length__roll3_max,,needs_review,measurement unit/provenance must be verified
strawberry_third,CAT_99c052721020_V1,petiole_length__roll3_slope,,needs_review,measurement unit/provenance must be verified
strawberry_third,CAT_99c052721020_V1,petiole_length__roll4_mean,,needs_review,measurement unit/provenance must be verified
strawberry_third,CAT_99c052721020_V1,petiole_length__roll4_std,,needs_review,measurement unit/provenance must be verified
strawberry_third,CAT_99c052721020_V1,petiole_length__roll4_min,,needs_review,measurement unit/provenance must be verified
strawberry_third,CAT_99c052721020_V1,petiole_length__roll4_max,,needs_review,measurement unit/provenance must be verified
strawberry_third,CAT_99c052721020_V1,petiole_length__roll4_slope,,needs_review,measurement unit/provenance must be verified
strawberry_third,CAT_521f4ae365bb_V1,stem_diameter__current,,needs_review,measurement unit/provenance must be verified
strawberry_third,CAT_521f4ae365bb_V1,stem_diameter__delta,,needs_review,measurement unit/provenance must be verified
strawberry_third,CAT_521f4ae365bb_V1,stem_diameter__delta_per_day,,needs_review,measurement unit/provenance must be verified
strawberry_third,CAT_521f4ae365bb_V1,stem_diameter__lag1,,needs_review,measurement unit/provenance must be verified
strawberry_third,CAT_521f4ae365bb_V1,stem_diameter__lag2,,needs_review,measurement unit/provenance must be verified
strawberry_third,CAT_521f4ae365bb_V1,stem_diameter__lag3,,needs_review,measurement unit/provenance must be verified
strawberry_third,CAT_521f4ae365bb_V1,stem_diameter__roll2_mean,,needs_review,measurement unit/provenance must be verified
strawberry_third,CAT_521f4ae365bb_V1,stem_diameter__roll2_std,,needs_review,measurement unit/provenance must be verified
strawberry_third,CAT_521f4ae365bb_V1,stem_diameter__roll2_min,,needs_review,measurement unit/provenance must be verified
strawberry_third,CAT_521f4ae365bb_V1,stem_diameter__roll2_max,,needs_review,measurement unit/provenance must be verified
strawberry_third,CAT_521f4ae365bb_V1,stem_diameter__roll2_slope,,needs_review,measurement unit/provenance must be verified
strawberry_third,CAT_521f4ae365bb_V1,stem_diameter__roll3_mean,,needs_review,measurement unit/provenance must be verified
strawberry_third,CAT_521f4ae365bb_V1,stem_diameter__roll3_std,,needs_review,measurement unit/provenance must be verified
strawberry_third,CAT_521f4ae365bb_V1,stem_diameter__roll3_min,,needs_review,measurement unit/provenance must be verified
strawberry_third,CAT_521f4ae365bb_V1,stem_diameter__roll3_max,,needs_review,measurement unit/provenance must be verified
strawberry_third,CAT_521f4ae365bb_V1,stem_diameter__roll3_slope,,needs_review,measurement unit/provenance must be verified
strawberry_third,CAT_521f4ae365bb_V1,stem_diameter__roll4_mean,,needs_review,measurement unit/provenance must be verified
strawberry_third,CAT_521f4ae365bb_V1,stem_diameter__roll4_std,,needs_review,measurement unit/provenance must be verified
strawberry_third,CAT_521f4ae365bb_V1,stem_diameter__roll4_min,,needs_review,measurement unit/provenance must be verified
strawberry_third,CAT_521f4ae365bb_V1,stem_diameter__roll4_max,,needs_review,measurement unit/provenance must be verified
strawberry_third,CAT_521f4ae365bb_V1,stem_diameter__roll4_slope,,needs_review,measurement unit/provenance must be verified
strawberry_third,CAT_521f4ae365bb_V1,theca_diameter__current,,needs_review,measurement unit/provenance must be verified
strawberry_third,CAT_521f4ae365bb_V1,theca_diameter__delta,,needs_review,measurement unit/provenance must be verified
strawberry_third,CAT_521f4ae365bb_V1,theca_diameter__delta_per_day,,needs_review,measurement unit/provenance must be verified
strawberry_third,CAT_521f4ae365bb_V1,theca_diameter__lag1,,needs_review,measurement unit/provenance must be verified
strawberry_third,CAT_521f4ae365bb_V1,theca_diameter__lag2,,needs_review,measurement unit/provenance must be verified
strawberry_third,CAT_521f4ae365bb_V1,theca_diameter__lag3,,needs_review,measurement unit/provenance must be verified
strawberry_third,CAT_521f4ae365bb_V1,theca_diameter__roll2_mean,,needs_review,measurement unit/provenance must be verified
strawberry_third,CAT_521f4ae365bb_V1,theca_diameter__roll2_std,,needs_review,measurement unit/provenance must be verified
strawberry_third,CAT_521f4ae365bb_V1,theca_diameter__roll2_min,,needs_review,measurement unit/provenance must be verified
strawberry_third,CAT_521f4ae365bb_V1,theca_diameter__roll2_max,,needs_review,measurement unit/provenance must be verified
strawberry_third,CAT_521f4ae365bb_V1,theca_diameter__roll2_slope,,needs_review,measurement unit/provenance must be verified
strawberry_third,CAT_521f4ae365bb_V1,theca_diameter__roll3_mean,,needs_review,measurement unit/provenance must be verified
strawberry_third,CAT_521f4ae365bb_V1,theca_diameter__roll3_std,,needs_review,measurement unit/provenance must be verified
strawberry_third,CAT_521f4ae365bb_V1,theca_diameter__roll3_min,,needs_review,measurement unit/provenance must be verified
strawberry_third,CAT_521f4ae365bb_V1,theca_diameter__roll3_max,,needs_review,measurement unit/provenance must be verified
strawberry_third,CAT_521f4ae365bb_V1,theca_diameter__roll3_slope,,needs_review,measurement unit/provenance must be verified
strawberry_third,CAT_521f4ae365bb_V1,theca_diameter__roll4_mean,,needs_review,measurement unit/provenance must be verified
strawberry_third,CAT_521f4ae365bb_V1,theca_diameter__roll4_std,,needs_review,measurement unit/provenance must be verified
strawberry_third,CAT_521f4ae365bb_V1,theca_diameter__roll4_min,,needs_review,measurement unit/provenance must be verified
strawberry_third,CAT_521f4ae365bb_V1,theca_diameter__roll4_max,,needs_review,measurement unit/provenance must be verified
strawberry_third,CAT_521f4ae365bb_V1,theca_diameter__roll4_slope,,needs_review,measurement unit/provenance must be verified
strawberry_third,CAT_521f4ae365bb_V1,grow_length__current,,needs_review,measurement unit/provenance must be verified
strawberry_third,CAT_521f4ae365bb_V1,grow_length__delta,,needs_review,measurement unit/provenance must be verified
strawberry_third,CAT_521f4ae365bb_V1,grow_length__delta_per_day,,needs_review,measurement unit/provenance must be verified
strawberry_third,CAT_521f4ae365bb_V1,grow_length__lag1,,needs_review,measurement unit/provenance must be verified
strawberry_third,CAT_521f4ae365bb_V1,grow_length__lag2,,needs_review,measurement unit/provenance must be verified
strawberry_third,CAT_521f4ae365bb_V1,grow_length__lag3,,needs_review,measurement unit/provenance must be verified
strawberry_third,CAT_521f4ae365bb_V1,grow_length__roll2_mean,,needs_review,measurement unit/provenance must be verified
strawberry_third,CAT_521f4ae365bb_V1,grow_length__roll2_std,,needs_review,measurement unit/provenance must be verified
strawberry_third,CAT_521f4ae365bb_V1,grow_length__roll2_min,,needs_review,measurement unit/provenance must be verified
strawberry_third,CAT_521f4ae365bb_V1,grow_length__roll2_max,,needs_review,measurement unit/provenance must be verified
strawberry_third,CAT_521f4ae365bb_V1,grow_length__roll2_slope,,needs_review,measurement unit/provenance must be verified
strawberry_third,CAT_521f4ae365bb_V1,grow_length__roll3_mean,,needs_review,measurement unit/provenance must be verified
strawberry_third,CAT_521f4ae365bb_V1,grow_length__roll3_std,,needs_review,measurement unit/provenance must be verified
strawberry_third,CAT_521f4ae365bb_V1,grow_length__roll3_min,,needs_review,measurement unit/provenance must be verified
strawberry_third,CAT_521f4ae365bb_V1,grow_length__roll3_max,,needs_review,measurement unit/provenance must be verified
strawberry_third,CAT_521f4ae365bb_V1,grow_length__roll3_slope,,needs_review,measurement unit/provenance must be verified
strawberry_third,CAT_521f4ae365bb_V1,grow_length__roll4_mean,,needs_review,measurement unit/provenance must be verified
strawberry_third,CAT_521f4ae365bb_V1,grow_length__roll4_std,,needs_review,measurement unit/provenance must be verified
strawberry_third,CAT_521f4ae365bb_V1,grow_length__roll4_min,,needs_review,measurement unit/provenance must be verified
strawberry_third,CAT_521f4ae365bb_V1,grow_length__roll4_max,,needs_review,measurement unit/provenance must be verified
strawberry_third,CAT_521f4ae365bb_V1,grow_length__roll4_slope,,needs_review,measurement unit/provenance must be verified
strawberry_third,CAT_0dc16b1184c9_V1,current_max_truss_number__current,1.0,missing_over_50_percent,
strawberry_third,CAT_0dc16b1184c9_V1,current_max_truss_number__delta,1.0,missing_over_50_percent,
strawberry_third,CAT_0dc16b1184c9_V1,current_max_truss_number__delta_per_day,1.0,missing_over_50_percent,
strawberry_third,CAT_0dc16b1184c9_V1,current_max_truss_number__lag1,1.0,missing_over_50_percent,
strawberry_third,CAT_0dc16b1184c9_V1,current_max_truss_number__lag2,1.0,missing_over_50_percent,
strawberry_third,CAT_0dc16b1184c9_V1,current_max_truss_number__lag3,1.0,missing_over_50_percent,
strawberry_third,CAT_0dc16b1184c9_V1,current_max_truss_number__roll2_mean,1.0,missing_over_50_percent,
strawberry_third,CAT_0dc16b1184c9_V1,current_max_truss_number__roll2_std,1.0,missing_over_50_percent,
strawberry_third,CAT_0dc16b1184c9_V1,current_max_truss_number__roll2_min,1.0,missing_over_50_percent,
strawberry_third,CAT_0dc16b1184c9_V1,current_max_truss_number__roll2_max,1.0,missing_over_50_percent,
strawberry_third,CAT_0dc16b1184c9_V1,current_max_truss_number__roll2_slope,1.0,missing_over_50_percent,
strawberry_third,CAT_0dc16b1184c9_V1,current_max_truss_number__roll3_mean,1.0,missing_over_50_percent,
strawberry_third,CAT_0dc16b1184c9_V1,current_max_truss_number__roll3_std,1.0,missing_over_50_percent,
strawberry_third,CAT_0dc16b1184c9_V1,current_max_truss_number__roll3_min,1.0,missing_over_50_percent,
strawberry_third,CAT_0dc16b1184c9_V1,current_max_truss_number__roll3_max,1.0,missing_over_50_percent,
strawberry_third,CAT_0dc16b1184c9_V1,current_max_truss_number__roll3_slope,1.0,missing_over_50_percent,
strawberry_third,CAT_0dc16b1184c9_V1,current_max_truss_number__roll4_mean,1.0,missing_over_50_percent,
strawberry_third,CAT_0dc16b1184c9_V1,current_max_truss_number__roll4_std,1.0,missing_over_50_percent,
strawberry_third,CAT_0dc16b1184c9_V1,current_max_truss_number__roll4_min,1.0,missing_over_50_percent,
strawberry_third,CAT_0dc16b1184c9_V1,current_max_truss_number__roll4_max,1.0,missing_over_50_percent,
strawberry_third,CAT_0dc16b1184c9_V1,current_max_truss_number__roll4_slope,1.0,missing_over_50_percent,
strawberry_third,CAT_0dc16b1184c9_V1,positive_truss_count__current,1.0,missing_over_50_percent,
strawberry_third,CAT_0dc16b1184c9_V1,positive_truss_count__delta,1.0,missing_over_50_percent,
strawberry_third,CAT_0dc16b1184c9_V1,positive_truss_count__delta_per_day,1.0,missing_over_50_percent,
strawberry_third,CAT_0dc16b1184c9_V1,positive_truss_count__lag1,1.0,missing_over_50_percent,
strawberry_third,CAT_0dc16b1184c9_V1,positive_truss_count__lag2,1.0,missing_over_50_percent,
strawberry_third,CAT_0dc16b1184c9_V1,positive_truss_count__lag3,1.0,missing_over_50_percent,
strawberry_third,CAT_0dc16b1184c9_V1,positive_truss_count__roll2_mean,1.0,missing_over_50_percent,
strawberry_third,CAT_0dc16b1184c9_V1,positive_truss_count__roll2_std,1.0,missing_over_50_percent,
strawberry_third,CAT_0dc16b1184c9_V1,positive_truss_count__roll2_min,1.0,missing_over_50_percent,
strawberry_third,CAT_0dc16b1184c9_V1,positive_truss_count__roll2_max,1.0,missing_over_50_percent,
strawberry_third,CAT_0dc16b1184c9_V1,positive_truss_count__roll2_slope,1.0,missing_over_50_percent,
strawberry_third,CAT_0dc16b1184c9_V1,positive_truss_count__roll3_mean,1.0,missing_over_50_percent,
strawberry_third,CAT_0dc16b1184c9_V1,positive_truss_count__roll3_std,1.0,missing_over_50_percent,
strawberry_third,CAT_0dc16b1184c9_V1,positive_truss_count__roll3_min,1.0,missing_over_50_percent,
strawberry_third,CAT_0dc16b1184c9_V1,positive_truss_count__roll3_max,1.0,missing_over_50_percent,
strawberry_third,CAT_0dc16b1184c9_V1,positive_truss_count__roll3_slope,1.0,missing_over_50_percent,
strawberry_third,CAT_0dc16b1184c9_V1,positive_truss_count__roll4_mean,1.0,missing_over_50_percent,
strawberry_third,CAT_0dc16b1184c9_V1,positive_truss_count__roll4_std,1.0,missing_over_50_percent,
strawberry_third,CAT_0dc16b1184c9_V1,positive_truss_count__roll4_min,1.0,missing_over_50_percent,
strawberry_third,CAT_0dc16b1184c9_V1,positive_truss_count__roll4_max,1.0,missing_over_50_percent,
strawberry_third,CAT_0dc16b1184c9_V1,positive_truss_count__roll4_slope,1.0,missing_over_50_percent,
strawberry_third,CAT_0dc16b1184c9_V1,fruit_cluster_num__current,,needs_review,raw history required
strawberry_third,CAT_0dc16b1184c9_V1,fruit_cluster_num__delta,,needs_review,raw history required
strawberry_third,CAT_0dc16b1184c9_V1,fruit_cluster_num__delta_per_day,,needs_review,raw history required
strawberry_third,CAT_0dc16b1184c9_V1,fruit_cluster_num__lag1,,needs_review,raw history required
strawberry_third,CAT_0dc16b1184c9_V1,fruit_cluster_num__lag2,,needs_review,raw history required
strawberry_third,CAT_0dc16b1184c9_V1,fruit_cluster_num__lag3,,needs_review,raw history required
strawberry_third,CAT_0dc16b1184c9_V1,fruit_cluster_num__roll2_mean,,needs_review,raw history required
strawberry_third,CAT_0dc16b1184c9_V1,fruit_cluster_num__roll2_std,,needs_review,raw history required
strawberry_third,CAT_0dc16b1184c9_V1,fruit_cluster_num__roll2_min,,needs_review,raw history required
strawberry_third,CAT_0dc16b1184c9_V1,fruit_cluster_num__roll2_max,,needs_review,raw history required
strawberry_third,CAT_0dc16b1184c9_V1,fruit_cluster_num__roll2_slope,,needs_review,raw history required
strawberry_third,CAT_0dc16b1184c9_V1,fruit_cluster_num__roll3_mean,,needs_review,raw history required
strawberry_third,CAT_0dc16b1184c9_V1,fruit_cluster_num__roll3_std,,needs_review,raw history required
strawberry_third,CAT_0dc16b1184c9_V1,fruit_cluster_num__roll3_min,,needs_review,raw history required
strawberry_third,CAT_0dc16b1184c9_V1,fruit_cluster_num__roll3_max,,needs_review,raw history required
strawberry_third,CAT_0dc16b1184c9_V1,fruit_cluster_num__roll3_slope,,needs_review,raw history required
strawberry_third,CAT_0dc16b1184c9_V1,fruit_cluster_num__roll4_mean,,needs_review,raw history required
strawberry_third,CAT_0dc16b1184c9_V1,fruit_cluster_num__roll4_std,,needs_review,raw history required
strawberry_third,CAT_0dc16b1184c9_V1,fruit_cluster_num__roll4_min,,needs_review,raw history required
strawberry_third,CAT_0dc16b1184c9_V1,fruit_cluster_num__roll4_max,,needs_review,raw history required
strawberry_third,CAT_0dc16b1184c9_V1,fruit_cluster_num__roll4_slope,,needs_review,raw history required
strawberry_third,CAT_928109a5830e_V1,fruits_num__current,,needs_review,raw history required
strawberry_third,CAT_928109a5830e_V1,fruits_num__delta,,needs_review,raw history required
strawberry_third,CAT_928109a5830e_V1,fruits_num__delta_per_day,,needs_review,raw history required
strawberry_third,CAT_928109a5830e_V1,fruits_num__lag1,,needs_review,raw history required
strawberry_third,CAT_928109a5830e_V1,fruits_num__lag2,,needs_review,raw history required
strawberry_third,CAT_928109a5830e_V1,fruits_num__lag3,,needs_review,raw history required
strawberry_third,CAT_928109a5830e_V1,fruits_num__roll2_mean,,needs_review,raw history required
strawberry_third,CAT_928109a5830e_V1,fruits_num__roll2_std,,needs_review,raw history required
strawberry_third,CAT_928109a5830e_V1,fruits_num__roll2_min,,needs_review,raw history required
strawberry_third,CAT_928109a5830e_V1,fruits_num__roll2_max,,needs_review,raw history required
strawberry_third,CAT_928109a5830e_V1,fruits_num__roll2_slope,,needs_review,raw history required
strawberry_third,CAT_928109a5830e_V1,fruits_num__roll3_mean,,needs_review,raw history required
strawberry_third,CAT_928109a5830e_V1,fruits_num__roll3_std,,needs_review,raw history required
strawberry_third,CAT_928109a5830e_V1,fruits_num__roll3_min,,needs_review,raw history required
strawberry_third,CAT_928109a5830e_V1,fruits_num__roll3_max,,needs_review,raw history required
strawberry_third,CAT_928109a5830e_V1,fruits_num__roll3_slope,,needs_review,raw history required
strawberry_third,CAT_928109a5830e_V1,fruits_num__roll4_mean,,needs_review,raw history required
strawberry_third,CAT_928109a5830e_V1,fruits_num__roll4_std,,needs_review,raw history required
strawberry_third,CAT_928109a5830e_V1,fruits_num__roll4_min,,needs_review,raw history required
strawberry_third,CAT_928109a5830e_V1,fruits_num__roll4_max,,needs_review,raw history required
strawberry_third,CAT_928109a5830e_V1,fruits_num__roll4_slope,,needs_review,raw history required
strawberry_third,CAT_928109a5830e_V1,fruits_weight__current,,needs_review,measurement unit/provenance must be verified
strawberry_third,CAT_928109a5830e_V1,fruits_weight__delta,,needs_review,measurement unit/provenance must be verified
strawberry_third,CAT_928109a5830e_V1,fruits_weight__delta_per_day,,needs_review,measurement unit/provenance must be verified
strawberry_third,CAT_928109a5830e_V1,fruits_weight__lag1,,needs_review,measurement unit/provenance must be verified
strawberry_third,CAT_928109a5830e_V1,fruits_weight__lag2,,needs_review,measurement unit/provenance must be verified
strawberry_third,CAT_928109a5830e_V1,fruits_weight__lag3,,needs_review,measurement unit/provenance must be verified
strawberry_third,CAT_928109a5830e_V1,fruits_weight__roll2_mean,,needs_review,measurement unit/provenance must be verified
strawberry_third,CAT_928109a5830e_V1,fruits_weight__roll2_std,,needs_review,measurement unit/provenance must be verified
strawberry_third,CAT_928109a5830e_V1,fruits_weight__roll2_min,,needs_review,measurement unit/provenance must be verified
strawberry_third,CAT_928109a5830e_V1,fruits_weight__roll2_max,,needs_review,measurement unit/provenance must be verified
strawberry_third,CAT_928109a5830e_V1,fruits_weight__roll2_slope,,needs_review,measurement unit/provenance must be verified
strawberry_third,CAT_928109a5830e_V1,fruits_weight__roll3_mean,,needs_review,measurement unit/provenance must be verified
strawberry_third,CAT_928109a5830e_V1,fruits_weight__roll3_std,,needs_review,measurement unit/provenance must be verified
strawberry_third,CAT_928109a5830e_V1,fruits_weight__roll3_min,,needs_review,measurement unit/provenance must be verified
strawberry_third,CAT_928109a5830e_V1,fruits_weight__roll3_max,,needs_review,measurement unit/provenance must be verified
strawberry_third,CAT_928109a5830e_V1,fruits_weight__roll3_slope,,needs_review,measurement unit/provenance must be verified
strawberry_third,CAT_928109a5830e_V1,fruits_weight__roll4_mean,,needs_review,measurement unit/provenance must be verified
strawberry_third,CAT_928109a5830e_V1,fruits_weight__roll4_std,,needs_review,measurement unit/provenance must be verified
strawberry_third,CAT_928109a5830e_V1,fruits_weight__roll4_min,,needs_review,measurement unit/provenance must be verified
strawberry_third,CAT_928109a5830e_V1,fruits_weight__roll4_max,,needs_review,measurement unit/provenance must be verified
strawberry_third,CAT_928109a5830e_V1,fruits_weight__roll4_slope,,needs_review,measurement unit/provenance must be verified
strawberry_third,CAT_8f442a41cc28_V1,flower_count__current,1.0,missing_over_50_percent,
strawberry_third,CAT_8f442a41cc28_V1,flower_count__delta,1.0,missing_over_50_percent,
strawberry_third,CAT_8f442a41cc28_V1,flower_count__delta_per_day,1.0,missing_over_50_percent,
strawberry_third,CAT_8f442a41cc28_V1,flower_count__lag1,1.0,missing_over_50_percent,
strawberry_third,CAT_8f442a41cc28_V1,flower_count__lag2,1.0,missing_over_50_percent,
strawberry_third,CAT_8f442a41cc28_V1,flower_count__lag3,1.0,missing_over_50_percent,
strawberry_third,CAT_8f442a41cc28_V1,flower_count__roll2_mean,1.0,missing_over_50_percent,
strawberry_third,CAT_8f442a41cc28_V1,flower_count__roll2_std,1.0,missing_over_50_percent,
strawberry_third,CAT_8f442a41cc28_V1,flower_count__roll2_min,1.0,missing_over_50_percent,
strawberry_third,CAT_8f442a41cc28_V1,flower_count__roll2_max,1.0,missing_over_50_percent,
strawberry_third,CAT_8f442a41cc28_V1,flower_count__roll2_slope,1.0,missing_over_50_percent,
strawberry_third,CAT_8f442a41cc28_V1,flower_count__roll3_mean,1.0,missing_over_50_percent,
strawberry_third,CAT_8f442a41cc28_V1,flower_count__roll3_std,1.0,missing_over_50_percent,
strawberry_third,CAT_8f442a41cc28_V1,flower_count__roll3_min,1.0,missing_over_50_percent,
strawberry_third,CAT_8f442a41cc28_V1,flower_count__roll3_max,1.0,missing_over_50_percent,
strawberry_third,CAT_8f442a41cc28_V1,flower_count__roll3_slope,1.0,missing_over_50_percent,
strawberry_third,CAT_8f442a41cc28_V1,flower_count__roll4_mean,1.0,missing_over_50_percent,
strawberry_third,CAT_8f442a41cc28_V1,flower_count__roll4_std,1.0,missing_over_50_percent,
strawberry_third,CAT_8f442a41cc28_V1,flower_count__roll4_min,1.0,missing_over_50_percent,
strawberry_third,CAT_8f442a41cc28_V1,flower_count__roll4_max,1.0,missing_over_50_percent,
strawberry_third,CAT_8f442a41cc28_V1,flower_count__roll4_slope,1.0,missing_over_50_percent,
strawberry_third,CAT_997483fbec2c_V1,fruit_count__current,0.0,eligible,
strawberry_third,CAT_997483fbec2c_V1,fruit_count__delta,0.04817957842868875,eligible,
strawberry_third,CAT_997483fbec2c_V1,fruit_count__delta_per_day,0.04817957842868875,eligible,
strawberry_third,CAT_997483fbec2c_V1,fruit_count__lag1,0.04817957842868875,eligible,
strawberry_third,CAT_997483fbec2c_V1,fruit_count__lag2,0.09389542841500137,eligible,
strawberry_third,CAT_997483fbec2c_V1,fruit_count__lag3,0.139611278401314,eligible,
strawberry_third,CAT_997483fbec2c_V1,fruit_count__roll2_mean,0.04817957842868875,affine_dependent_on_prior_members,
strawberry_third,CAT_997483fbec2c_V1,fruit_count__roll2_std,0.04817957842868875,eligible,
strawberry_third,CAT_997483fbec2c_V1,fruit_count__roll2_min,0.04817957842868875,affine_dependent_on_prior_members,
strawberry_third,CAT_997483fbec2c_V1,fruit_count__roll2_max,0.04817957842868875,affine_dependent_on_prior_members,
strawberry_third,CAT_997483fbec2c_V1,fruit_count__roll2_slope,0.04817957842868875,affine_dependent_on_prior_members,
strawberry_third,CAT_997483fbec2c_V1,fruit_count__roll3_mean,0.09389542841500137,eligible,
strawberry_third,CAT_997483fbec2c_V1,fruit_count__roll3_std,0.09389542841500137,eligible,
strawberry_third,CAT_997483fbec2c_V1,fruit_count__roll3_min,0.09389542841500137,eligible,
strawberry_third,CAT_997483fbec2c_V1,fruit_count__roll3_max,0.09389542841500137,eligible,
strawberry_third,CAT_997483fbec2c_V1,fruit_count__roll3_slope,0.09389542841500137,eligible,
strawberry_third,CAT_997483fbec2c_V1,fruit_count__roll4_mean,0.139611278401314,eligible,
strawberry_third,CAT_997483fbec2c_V1,fruit_count__roll4_std,0.139611278401314,eligible,
strawberry_third,CAT_997483fbec2c_V1,fruit_count__roll4_min,0.139611278401314,eligible,
strawberry_third,CAT_997483fbec2c_V1,fruit_count__roll4_max,0.139611278401314,eligible,
strawberry_third,CAT_997483fbec2c_V1,fruit_count__roll4_slope,0.139611278401314,eligible,
strawberry_third,CAT_1dac82f034cc_V1,observed_truss_count__current,1.0,missing_over_50_percent,
strawberry_third,CAT_1dac82f034cc_V1,observed_truss_count__delta,1.0,missing_over_50_percent,
strawberry_third,CAT_1dac82f034cc_V1,observed_truss_count__delta_per_day,1.0,missing_over_50_percent,
strawberry_third,CAT_1dac82f034cc_V1,observed_truss_count__lag1,1.0,missing_over_50_percent,
strawberry_third,CAT_1dac82f034cc_V1,observed_truss_count__lag2,1.0,missing_over_50_percent,
strawberry_third,CAT_1dac82f034cc_V1,observed_truss_count__lag3,1.0,missing_over_50_percent,
strawberry_third,CAT_1dac82f034cc_V1,observed_truss_count__roll2_mean,1.0,missing_over_50_percent,
strawberry_third,CAT_1dac82f034cc_V1,observed_truss_count__roll2_std,1.0,missing_over_50_percent,
strawberry_third,CAT_1dac82f034cc_V1,observed_truss_count__roll2_min,1.0,missing_over_50_percent,
strawberry_third,CAT_1dac82f034cc_V1,observed_truss_count__roll2_max,1.0,missing_over_50_percent,
strawberry_third,CAT_1dac82f034cc_V1,observed_truss_count__roll2_slope,1.0,missing_over_50_percent,
strawberry_third,CAT_1dac82f034cc_V1,observed_truss_count__roll3_mean,1.0,missing_over_50_percent,
strawberry_third,CAT_1dac82f034cc_V1,observed_truss_count__roll3_std,1.0,missing_over_50_percent,
strawberry_third,CAT_1dac82f034cc_V1,observed_truss_count__roll3_min,1.0,missing_over_50_percent,
strawberry_third,CAT_1dac82f034cc_V1,observed_truss_count__roll3_max,1.0,missing_over_50_percent,
strawberry_third,CAT_1dac82f034cc_V1,observed_truss_count__roll3_slope,1.0,missing_over_50_percent,
strawberry_third,CAT_1dac82f034cc_V1,observed_truss_count__roll4_mean,1.0,missing_over_50_percent,
strawberry_third,CAT_1dac82f034cc_V1,observed_truss_count__roll4_std,1.0,missing_over_50_percent,
strawberry_third,CAT_1dac82f034cc_V1,observed_truss_count__roll4_min,1.0,missing_over_50_percent,
strawberry_third,CAT_1dac82f034cc_V1,observed_truss_count__roll4_max,1.0,missing_over_50_percent,
strawberry_third,CAT_1dac82f034cc_V1,observed_truss_count__roll4_slope,1.0,missing_over_50_percent,
strawberry_third,CAT_2f8633a56702_V1,CR__CC01_1_B_C__1d_active_fraction,1.0,missing_over_50_percent,
strawberry_third,CAT_2f8633a56702_V1,CR__CC01_1_B_C__3d_active_fraction,1.0,missing_over_50_percent,
strawberry_third,CAT_2f8633a56702_V1,CR__CC01_1_B_C__7d_active_fraction,1.0,missing_over_50_percent,
strawberry_third,CAT_2f8633a56702_V1,CR__CC01_1_F_C__1d_active_fraction,1.0,missing_over_50_percent,
strawberry_third,CAT_2f8633a56702_V1,CR__CC01_1_F_C__3d_active_fraction,1.0,missing_over_50_percent,
strawberry_third,CAT_2f8633a56702_V1,CR__CC01_1_F_C__7d_active_fraction,1.0,missing_over_50_percent,
strawberry_third,CAT_2f8633a56702_V1,CR__CC01_1_L_C__1d_active_fraction,0.9523679167807282,missing_over_50_percent,
strawberry_third,CAT_2f8633a56702_V1,CR__CC01_1_L_C__3d_active_fraction,0.9501779359430605,missing_over_50_percent,
strawberry_third,CAT_2f8633a56702_V1,CR__CC01_1_L_C__7d_active_fraction,0.9477142075006844,missing_over_50_percent,
strawberry_third,CAT_2f8633a56702_V1,CR__CC01_1_R_C__1d_active_fraction,0.9523679167807282,missing_over_50_percent,
strawberry_third,CAT_2f8633a56702_V1,CR__CC01_1_R_C__3d_active_fraction,0.9501779359430605,missing_over_50_percent,
strawberry_third,CAT_2f8633a56702_V1,CR__CC01_1_R_C__7d_active_fraction,0.9477142075006844,missing_over_50_percent,
strawberry_third,CAT_2f8633a56702_V1,CR__CC01_2_B_C__1d_active_fraction,1.0,missing_over_50_percent,
strawberry_third,CAT_2f8633a56702_V1,CR__CC01_2_B_C__3d_active_fraction,1.0,missing_over_50_percent,
strawberry_third,CAT_2f8633a56702_V1,CR__CC01_2_B_C__7d_active_fraction,1.0,missing_over_50_percent,
strawberry_third,CAT_2f8633a56702_V1,CR__CC01_2_F_C__1d_active_fraction,1.0,missing_over_50_percent,
strawberry_third,CAT_2f8633a56702_V1,CR__CC01_2_F_C__3d_active_fraction,1.0,missing_over_50_percent,
strawberry_third,CAT_2f8633a56702_V1,CR__CC01_2_F_C__7d_active_fraction,1.0,missing_over_50_percent,
strawberry_third,CAT_2f8633a56702_V1,CR__CC01_2_L_C__1d_active_fraction,0.9523679167807282,missing_over_50_percent,
strawberry_third,CAT_2f8633a56702_V1,CR__CC01_2_L_C__3d_active_fraction,0.9501779359430605,missing_over_50_percent,
strawberry_third,CAT_2f8633a56702_V1,CR__CC01_2_L_C__7d_active_fraction,0.9477142075006844,missing_over_50_percent,
strawberry_third,CAT_2f8633a56702_V1,CR__CC01_2_R_C__1d_active_fraction,0.9523679167807282,missing_over_50_percent,
strawberry_third,CAT_2f8633a56702_V1,CR__CC01_2_R_C__3d_active_fraction,0.9501779359430605,missing_over_50_percent,
strawberry_third,CAT_2f8633a56702_V1,CR__CC01_2_R_C__7d_active_fraction,0.9477142075006844,missing_over_50_percent,
strawberry_third,CAT_2f8633a56702_V1,CR__CC01_3_B_C__1d_active_fraction,1.0,missing_over_50_percent,
strawberry_third,CAT_2f8633a56702_V1,CR__CC01_3_B_C__3d_active_fraction,1.0,missing_over_50_percent,
strawberry_third,CAT_2f8633a56702_V1,CR__CC01_3_B_C__7d_active_fraction,1.0,missing_over_50_percent,
strawberry_third,CAT_2f8633a56702_V1,CR__CC01_3_F_C__1d_active_fraction,1.0,missing_over_50_percent,
strawberry_third,CAT_2f8633a56702_V1,CR__CC01_3_F_C__3d_active_fraction,1.0,missing_over_50_percent,
strawberry_third,CAT_2f8633a56702_V1,CR__CC01_3_F_C__7d_active_fraction,1.0,missing_over_50_percent,
strawberry_third,CAT_2f8633a56702_V1,CR__CC01_3_L_C__1d_active_fraction,1.0,missing_over_50_percent,
strawberry_third,CAT_2f8633a56702_V1,CR__CC01_3_L_C__3d_active_fraction,1.0,missing_over_50_percent,
strawberry_third,CAT_2f8633a56702_V1,CR__CC01_3_L_C__7d_active_fraction,1.0,missing_over_50_percent,
strawberry_third,CAT_2f8633a56702_V1,CR__CC01_3_R_C__1d_active_fraction,1.0,missing_over_50_percent,
strawberry_third,CAT_2f8633a56702_V1,CR__CC01_3_R_C__3d_active_fraction,1.0,missing_over_50_percent,
strawberry_third,CAT_2f8633a56702_V1,CR__CC01_3_R_C__7d_active_fraction,1.0,missing_over_50_percent,
strawberry_third,CAT_2f8633a56702_V1,CR__CC03_1_B_C__1d_active_fraction,1.0,missing_over_50_percent,
strawberry_third,CAT_2f8633a56702_V1,CR__CC03_1_B_C__3d_active_fraction,1.0,missing_over_50_percent,
strawberry_third,CAT_2f8633a56702_V1,CR__CC03_1_B_C__7d_active_fraction,1.0,missing_over_50_percent,
strawberry_third,CAT_2f8633a56702_V1,CR__CC03_1_F_C__1d_active_fraction,1.0,missing_over_50_percent,
strawberry_third,CAT_2f8633a56702_V1,CR__CC03_1_F_C__3d_active_fraction,1.0,missing_over_50_percent,
strawberry_third,CAT_2f8633a56702_V1,CR__CC03_1_F_C__7d_active_fraction,1.0,missing_over_50_percent,
strawberry_third,CAT_2f8633a56702_V1,CR__CC03_1_L_C__1d_active_fraction,0.9523679167807282,missing_over_50_percent,
strawberry_third,CAT_2f8633a56702_V1,CR__CC03_1_L_C__3d_active_fraction,0.9501779359430605,missing_over_50_percent,
strawberry_third,CAT_2f8633a56702_V1,CR__CC03_1_L_C__7d_active_fraction,0.9477142075006844,missing_over_50_percent,
strawberry_third,CAT_2f8633a56702_V1,CR__CC03_1_R_C__1d_active_fraction,0.9523679167807282,missing_over_50_percent,
strawberry_third,CAT_2f8633a56702_V1,CR__CC03_1_R_C__3d_active_fraction,0.9501779359430605,missing_over_50_percent,
strawberry_third,CAT_2f8633a56702_V1,CR__CC03_1_R_C__7d_active_fraction,0.9477142075006844,missing_over_50_percent,
strawberry_third,CAT_2f8633a56702_V1,CR__CC03_2_B_C__1d_active_fraction,1.0,missing_over_50_percent,
strawberry_third,CAT_2f8633a56702_V1,CR__CC03_2_B_C__3d_active_fraction,1.0,missing_over_50_percent,
strawberry_third,CAT_2f8633a56702_V1,CR__CC03_2_B_C__7d_active_fraction,1.0,missing_over_50_percent,
strawberry_third,CAT_2f8633a56702_V1,CR__CC03_2_F_C__1d_active_fraction,1.0,missing_over_50_percent,
strawberry_third,CAT_2f8633a56702_V1,CR__CC03_2_F_C__3d_active_fraction,1.0,missing_over_50_percent,
strawberry_third,CAT_2f8633a56702_V1,CR__CC03_2_F_C__7d_active_fraction,1.0,missing_over_50_percent,
strawberry_third,CAT_2f8633a56702_V1,CR__CC03_2_L_C__1d_active_fraction,1.0,missing_over_50_percent,
strawberry_third,CAT_2f8633a56702_V1,CR__CC03_2_L_C__3d_active_fraction,1.0,missing_over_50_percent,
strawberry_third,CAT_2f8633a56702_V1,CR__CC03_2_L_C__7d_active_fraction,1.0,missing_over_50_percent,
strawberry_third,CAT_2f8633a56702_V1,CR__CC03_2_R_C__1d_active_fraction,1.0,missing_over_50_percent,
strawberry_third,CAT_2f8633a56702_V1,CR__CC03_2_R_C__3d_active_fraction,1.0,missing_over_50_percent,
strawberry_third,CAT_2f8633a56702_V1,CR__CC03_2_R_C__7d_active_fraction,1.0,missing_over_50_percent,
strawberry_third,CAT_2f8633a56702_V1,CR__CC03_3_B_C__1d_active_fraction,1.0,missing_over_50_percent,
strawberry_third,CAT_2f8633a56702_V1,CR__CC03_3_B_C__3d_active_fraction,1.0,missing_over_50_percent,
strawberry_third,CAT_2f8633a56702_V1,CR__CC03_3_B_C__7d_active_fraction,1.0,missing_over_50_percent,
strawberry_third,CAT_2f8633a56702_V1,CR__CC03_3_F_C__1d_active_fraction,1.0,missing_over_50_percent,
strawberry_third,CAT_2f8633a56702_V1,CR__CC03_3_F_C__3d_active_fraction,1.0,missing_over_50_percent,
strawberry_third,CAT_2f8633a56702_V1,CR__CC03_3_F_C__7d_active_fraction,1.0,missing_over_50_percent,
strawberry_third,CAT_2f8633a56702_V1,CR__CC03_3_L_C__1d_active_fraction,1.0,missing_over_50_percent,
strawberry_third,CAT_2f8633a56702_V1,CR__CC03_3_L_C__3d_active_fraction,1.0,missing_over_50_percent,
strawberry_third,CAT_2f8633a56702_V1,CR__CC03_3_L_C__7d_active_fraction,1.0,missing_over_50_percent,
strawberry_third,CAT_2f8633a56702_V1,CR__CC03_3_R_C__1d_active_fraction,1.0,missing_over_50_percent,
strawberry_third,CAT_2f8633a56702_V1,CR__CC03_3_R_C__3d_active_fraction,1.0,missing_over_50_percent,
strawberry_third,CAT_2f8633a56702_V1,CR__CC03_3_R_C__7d_active_fraction,1.0,missing_over_50_percent,
strawberry_third,CAT_f62f742915b9_V1,CR__CC0403__1d_active_fraction,1.0,missing_over_50_percent,
strawberry_third,CAT_f62f742915b9_V1,CR__CC0403__3d_active_fraction,1.0,missing_over_50_percent,
strawberry_third,CAT_f62f742915b9_V1,CR__CC0403__7d_active_fraction,1.0,missing_over_50_percent,
strawberry_third,CAT_f62f742915b9_V1,CR__CC0503__1d_active_fraction,1.0,missing_over_50_percent,
strawberry_third,CAT_f62f742915b9_V1,CR__CC0503__3d_active_fraction,1.0,missing_over_50_percent,
strawberry_third,CAT_f62f742915b9_V1,CR__CC0503__7d_active_fraction,1.0,missing_over_50_percent,
strawberry_third,CAT_f62f742915b9_V1,CR__CC3101__1d_active_fraction,0.9523679167807282,missing_over_50_percent,
strawberry_third,CAT_f62f742915b9_V1,CR__CC3101__3d_active_fraction,0.9501779359430605,missing_over_50_percent,
strawberry_third,CAT_f62f742915b9_V1,CR__CC3101__7d_active_fraction,0.9477142075006844,missing_over_50_percent,
strawberry_third,CAT_f62f742915b9_V1,CR__CC3201__1d_active_fraction,0.9523679167807282,missing_over_50_percent,
strawberry_third,CAT_f62f742915b9_V1,CR__CC3201__3d_active_fraction,0.9501779359430605,missing_over_50_percent,
strawberry_third,CAT_f62f742915b9_V1,CR__CC3201__7d_active_fraction,0.9477142075006844,missing_over_50_percent,
strawberry_third,CAT_601b91450bf0_V1,CR__CC0803__1d_active_fraction,0.9162332329592116,missing_over_50_percent,
strawberry_third,CAT_601b91450bf0_V1,CR__CC0803__3d_active_fraction,0.9137695045168355,missing_over_50_percent,
strawberry_third,CAT_601b91450bf0_V1,CR__CC0803__7d_active_fraction,0.9039145907473309,missing_over_50_percent,
strawberry_third,CAT_601b91450bf0_V1,CR__CC1803__1d_active_fraction,0.9876813577881194,missing_over_50_percent,
strawberry_third,CAT_601b91450bf0_V1,CR__CC1803__3d_active_fraction,0.9852176293457432,missing_over_50_percent,
strawberry_third,CAT_601b91450bf0_V1,CR__CC1803__7d_active_fraction,0.9802901724609909,missing_over_50_percent,
strawberry_third,CAT_601b91450bf0_V1,CR__CC1903__1d_active_fraction,1.0,missing_over_50_percent,
strawberry_third,CAT_601b91450bf0_V1,CR__CC1903__3d_active_fraction,1.0,missing_over_50_percent,
strawberry_third,CAT_601b91450bf0_V1,CR__CC1903__7d_active_fraction,1.0,missing_over_50_percent,
strawberry_third,CAT_e6b3fbc88a09_V1,CR__CC0903__1d_active_fraction,1.0,missing_over_50_percent,
strawberry_third,CAT_e6b3fbc88a09_V1,CR__CC0903__3d_active_fraction,1.0,missing_over_50_percent,
strawberry_third,CAT_e6b3fbc88a09_V1,CR__CC0903__7d_active_fraction,1.0,missing_over_50_percent,
strawberry_third,CAT_e6b3fbc88a09_V1,CR__CC1203__1d_active_fraction,1.0,missing_over_50_percent,
strawberry_third,CAT_e6b3fbc88a09_V1,CR__CC1203__3d_active_fraction,1.0,missing_over_50_percent,
strawberry_third,CAT_e6b3fbc88a09_V1,CR__CC1203__7d_active_fraction,1.0,missing_over_50_percent,
strawberry_third,CAT_e6b3fbc88a09_V1,CR__CC23_C_C__1d_active_fraction,1.0,missing_over_50_percent,
strawberry_third,CAT_e6b3fbc88a09_V1,CR__CC23_C_C__3d_active_fraction,1.0,missing_over_50_percent,
strawberry_third,CAT_e6b3fbc88a09_V1,CR__CC23_C_C__7d_active_fraction,1.0,missing_over_50_percent,
strawberry_third,CAT_e6b3fbc88a09_V1,CR__CC23_H_C__1d_active_fraction,1.0,missing_over_50_percent,
strawberry_third,CAT_e6b3fbc88a09_V1,CR__CC23_H_C__3d_active_fraction,1.0,missing_over_50_percent,
strawberry_third,CAT_e6b3fbc88a09_V1,CR__CC23_H_C__7d_active_fraction,1.0,missing_over_50_percent,
strawberry_third,CAT_031a6ea0ae1a_V1,CR__CC1103__1d_active_fraction,0.9162332329592116,missing_over_50_percent,
strawberry_third,CAT_031a6ea0ae1a_V1,CR__CC1103__3d_active_fraction,0.9137695045168355,missing_over_50_percent,
strawberry_third,CAT_031a6ea0ae1a_V1,CR__CC1103__7d_active_fraction,0.9039145907473309,missing_over_50_percent,
strawberry_third,CAT_656e87b70f6e_V1,CR__CC1303__1d_active_fraction,1.0,missing_over_50_percent,
strawberry_third,CAT_656e87b70f6e_V1,CR__CC1303__3d_active_fraction,1.0,missing_over_50_percent,
strawberry_third,CAT_656e87b70f6e_V1,CR__CC1303__7d_active_fraction,1.0,missing_over_50_percent,
strawberry_third,CAT_656e87b70f6e_V1,CR__CC1703__1d_active_fraction,1.0,missing_over_50_percent,
strawberry_third,CAT_656e87b70f6e_V1,CR__CC1703__3d_active_fraction,1.0,missing_over_50_percent,
strawberry_third,CAT_656e87b70f6e_V1,CR__CC1703__7d_active_fraction,1.0,missing_over_50_percent,
strawberry_third,CAT_656e87b70f6e_V1,CR__CC2403__1d_active_fraction,0.9162332329592116,missing_over_50_percent,
strawberry_third,CAT_656e87b70f6e_V1,CR__CC2403__3d_active_fraction,0.9137695045168355,missing_over_50_percent,
strawberry_third,CAT_656e87b70f6e_V1,CR__CC2403__7d_active_fraction,0.9039145907473309,missing_over_50_percent,
strawberry_third,CAT_7c058aa9ab90_V1,CR__CC1403__1d_active_fraction,0.9162332329592116,missing_over_50_percent,
strawberry_third,CAT_7c058aa9ab90_V1,CR__CC1403__3d_active_fraction,0.9137695045168355,missing_over_50_percent,
strawberry_third,CAT_7c058aa9ab90_V1,CR__CC1403__7d_active_fraction,0.9039145907473309,missing_over_50_percent,
strawberry_third,CAT_7c058aa9ab90_V1,CR__CC2503__1d_active_fraction,1.0,missing_over_50_percent,
strawberry_third,CAT_7c058aa9ab90_V1,CR__CC2503__3d_active_fraction,1.0,missing_over_50_percent,
strawberry_third,CAT_7c058aa9ab90_V1,CR__CC2503__7d_active_fraction,1.0,missing_over_50_percent,
strawberry_third,CAT_83db8791a8af_V1,CR__CC2003__1d_active_fraction,1.0,missing_over_50_percent,
strawberry_third,CAT_83db8791a8af_V1,CR__CC2003__3d_active_fraction,1.0,missing_over_50_percent,
strawberry_third,CAT_83db8791a8af_V1,CR__CC2003__7d_active_fraction,1.0,missing_over_50_percent,
strawberry_third,CAT_83db8791a8af_V1,CR__CC2103__1d_active_fraction,1.0,missing_over_50_percent,
strawberry_third,CAT_83db8791a8af_V1,CR__CC2103__3d_active_fraction,1.0,missing_over_50_percent,
strawberry_third,CAT_83db8791a8af_V1,CR__CC2103__7d_active_fraction,1.0,missing_over_50_percent,
strawberry_third,CAT_83db8791a8af_V1,CR__CC2603__1d_active_fraction,1.0,missing_over_50_percent,
strawberry_third,CAT_83db8791a8af_V1,CR__CC2603__3d_active_fraction,1.0,missing_over_50_percent,
strawberry_third,CAT_83db8791a8af_V1,CR__CC2603__7d_active_fraction,1.0,missing_over_50_percent,
strawberry_third,CAT_83db8791a8af_V1,CR__CC2703__1d_active_fraction,1.0,missing_over_50_percent,
strawberry_third,CAT_83db8791a8af_V1,CR__CC2703__3d_active_fraction,1.0,missing_over_50_percent,
strawberry_third,CAT_83db8791a8af_V1,CR__CC2703__7d_active_fraction,1.0,missing_over_50_percent,
strawberry_third,CAT_83db8791a8af_V1,CR__CC2803__1d_active_fraction,1.0,missing_over_50_percent,
strawberry_third,CAT_83db8791a8af_V1,CR__CC2803__3d_active_fraction,1.0,missing_over_50_percent,
strawberry_third,CAT_83db8791a8af_V1,CR__CC2803__7d_active_fraction,1.0,missing_over_50_percent,
strawberry_third,CAT_83db8791a8af_V1,CR__CC2903__1d_active_fraction,1.0,missing_over_50_percent,
strawberry_third,CAT_83db8791a8af_V1,CR__CC2903__3d_active_fraction,1.0,missing_over_50_percent,
strawberry_third,CAT_83db8791a8af_V1,CR__CC2903__7d_active_fraction,1.0,missing_over_50_percent,
strawberry_third,CAT_c1b76698e4de_V1,CR__CC22_D_C__1d_active_fraction,1.0,missing_over_50_percent,
strawberry_third,CAT_c1b76698e4de_V1,CR__CC22_D_C__3d_active_fraction,1.0,missing_over_50_percent,
strawberry_third,CAT_c1b76698e4de_V1,CR__CC22_D_C__7d_active_fraction,1.0,missing_over_50_percent,
strawberry_third,CAT_c1b76698e4de_V1,CR__CC22_H_C__1d_active_fraction,1.0,missing_over_50_percent,
strawberry_third,CAT_c1b76698e4de_V1,CR__CC22_H_C__3d_active_fraction,1.0,missing_over_50_percent,
strawberry_third,CAT_c1b76698e4de_V1,CR__CC22_H_C__7d_active_fraction,1.0,missing_over_50_percent,
strawberry_third,CAT_80a5313b836f_V1,EI__CI__1d_mean,0.6074459348480701,missing_over_50_percent,
strawberry_third,CAT_80a5313b836f_V1,EI__CI__1d_std,0.6074459348480701,missing_over_50_percent,
strawberry_third,CAT_80a5313b836f_V1,EI__CI__1d_min,0.6074459348480701,missing_over_50_percent,
strawberry_third,CAT_80a5313b836f_V1,EI__CI__1d_max,0.6074459348480701,missing_over_50_percent,
strawberry_third,CAT_80a5313b836f_V1,EI__CI__3d_mean,0.6052559540104024,missing_over_50_percent,
strawberry_third,CAT_80a5313b836f_V1,EI__CI__3d_std,0.6052559540104024,missing_over_50_percent,
strawberry_third,CAT_80a5313b836f_V1,EI__CI__3d_min,0.6052559540104024,missing_over_50_percent,
strawberry_third,CAT_80a5313b836f_V1,EI__CI__3d_max,0.6052559540104024,missing_over_50_percent,
strawberry_third,CAT_80a5313b836f_V1,EI__CI__7d_mean,0.5765124555160143,missing_over_50_percent,
strawberry_third,CAT_80a5313b836f_V1,EI__CI__7d_std,0.5765124555160143,missing_over_50_percent,
strawberry_third,CAT_80a5313b836f_V1,EI__CI__7d_min,0.5765124555160143,missing_over_50_percent,
strawberry_third,CAT_80a5313b836f_V1,EI__CI__7d_max,0.5765124555160143,missing_over_50_percent,
strawberry_third,CAT_f9849be954d6_V1,EI__DT__1d_mean,0.7470572132493841,missing_over_50_percent,
strawberry_third,CAT_f9849be954d6_V1,EI__DT__1d_std,0.7470572132493841,missing_over_50_percent,
strawberry_third,CAT_f9849be954d6_V1,EI__DT__1d_min,0.7470572132493841,missing_over_50_percent,
strawberry_third,CAT_f9849be954d6_V1,EI__DT__1d_max,0.7470572132493841,missing_over_50_percent,
strawberry_third,CAT_f9849be954d6_V1,EI__DT__3d_mean,0.7470572132493841,missing_over_50_percent,
strawberry_third,CAT_f9849be954d6_V1,EI__DT__3d_std,0.7470572132493841,missing_over_50_percent,
strawberry_third,CAT_f9849be954d6_V1,EI__DT__3d_min,0.7470572132493841,missing_over_50_percent,
strawberry_third,CAT_f9849be954d6_V1,EI__DT__3d_max,0.7470572132493841,missing_over_50_percent,
strawberry_third,CAT_f9849be954d6_V1,EI__DT__7d_mean,0.7306323569668766,missing_over_50_percent,
strawberry_third,CAT_f9849be954d6_V1,EI__DT__7d_std,0.7306323569668766,missing_over_50_percent,
strawberry_third,CAT_f9849be954d6_V1,EI__DT__7d_min,0.7306323569668766,missing_over_50_percent,
strawberry_third,CAT_f9849be954d6_V1,EI__DT__7d_max,0.7306323569668766,missing_over_50_percent,
strawberry_third,CAT_f9849be954d6_V1,EI__HI__1d_mean,0.6099096632904462,missing_over_50_percent,
strawberry_third,CAT_f9849be954d6_V1,EI__HI__1d_std,0.6099096632904462,missing_over_50_percent,
strawberry_third,CAT_f9849be954d6_V1,EI__HI__1d_min,0.6099096632904462,missing_over_50_percent,
strawberry_third,CAT_f9849be954d6_V1,EI__HI__1d_max,0.6099096632904462,missing_over_50_percent,
strawberry_third,CAT_f9849be954d6_V1,EI__HI__3d_mean,0.6077196824527785,missing_over_50_percent,
strawberry_third,CAT_f9849be954d6_V1,EI__HI__3d_std,0.6077196824527785,missing_over_50_percent,
strawberry_third,CAT_f9849be954d6_V1,EI__HI__3d_min,0.6077196824527785,missing_over_50_percent,
strawberry_third,CAT_f9849be954d6_V1,EI__HI__3d_max,0.6077196824527785,missing_over_50_percent,
strawberry_third,CAT_f9849be954d6_V1,EI__HI__7d_mean,0.5765124555160143,missing_over_50_percent,
strawberry_third,CAT_f9849be954d6_V1,EI__HI__7d_std,0.5765124555160143,missing_over_50_percent,
strawberry_third,CAT_f9849be954d6_V1,EI__HI__7d_min,0.5765124555160143,missing_over_50_percent,
strawberry_third,CAT_f9849be954d6_V1,EI__HI__7d_max,0.5765124555160143,missing_over_50_percent,
strawberry_third,CAT_f9849be954d6_V1,EI__HI01__1d_mean,0.9211606898439638,missing_over_50_percent,
strawberry_third,CAT_f9849be954d6_V1,EI__HI01__1d_std,0.9211606898439638,missing_over_50_percent,
strawberry_third,CAT_f9849be954d6_V1,EI__HI01__1d_min,0.9211606898439638,missing_over_50_percent,
strawberry_third,CAT_f9849be954d6_V1,EI__HI01__1d_max,0.9211606898439638,missing_over_50_percent,
strawberry_third,CAT_f9849be954d6_V1,EI__HI01__3d_mean,0.9211606898439638,missing_over_50_percent,
strawberry_third,CAT_f9849be954d6_V1,EI__HI01__3d_std,0.9211606898439638,missing_over_50_percent,
strawberry_third,CAT_f9849be954d6_V1,EI__HI01__3d_min,0.9211606898439638,missing_over_50_percent,
strawberry_third,CAT_f9849be954d6_V1,EI__HI01__3d_max,0.9211606898439638,missing_over_50_percent,
strawberry_third,CAT_f9849be954d6_V1,EI__HI01__7d_mean,0.9137695045168355,missing_over_50_percent,
strawberry_third,CAT_f9849be954d6_V1,EI__HI01__7d_std,0.9137695045168355,missing_over_50_percent,
strawberry_third,CAT_f9849be954d6_V1,EI__HI01__7d_min,0.9137695045168355,missing_over_50_percent,
strawberry_third,CAT_f9849be954d6_V1,EI__HI01__7d_max,0.9137695045168355,missing_over_50_percent,
strawberry_third,CAT_f9849be954d6_V1,EI__HI02__1d_mean,1.0,missing_over_50_percent,
strawberry_third,CAT_f9849be954d6_V1,EI__HI02__1d_std,1.0,missing_over_50_percent,
strawberry_third,CAT_f9849be954d6_V1,EI__HI02__1d_min,1.0,missing_over_50_percent,
strawberry_third,CAT_f9849be954d6_V1,EI__HI02__1d_max,1.0,missing_over_50_percent,
strawberry_third,CAT_f9849be954d6_V1,EI__HI02__3d_mean,1.0,missing_over_50_percent,
strawberry_third,CAT_f9849be954d6_V1,EI__HI02__3d_std,1.0,missing_over_50_percent,
strawberry_third,CAT_f9849be954d6_V1,EI__HI02__3d_min,1.0,missing_over_50_percent,
strawberry_third,CAT_f9849be954d6_V1,EI__HI02__3d_max,1.0,missing_over_50_percent,
strawberry_third,CAT_f9849be954d6_V1,EI__HI02__7d_mean,1.0,missing_over_50_percent,
strawberry_third,CAT_f9849be954d6_V1,EI__HI02__7d_std,1.0,missing_over_50_percent,
strawberry_third,CAT_f9849be954d6_V1,EI__HI02__7d_min,1.0,missing_over_50_percent,
strawberry_third,CAT_f9849be954d6_V1,EI__HI02__7d_max,1.0,missing_over_50_percent,
strawberry_third,CAT_f9849be954d6_V1,EI__TI__1d_mean,0.6099096632904462,missing_over_50_percent,
strawberry_third,CAT_f9849be954d6_V1,EI__TI__1d_std,0.6099096632904462,missing_over_50_percent,
strawberry_third,CAT_f9849be954d6_V1,EI__TI__1d_min,0.6099096632904462,missing_over_50_percent,
strawberry_third,CAT_f9849be954d6_V1,EI__TI__1d_max,0.6099096632904462,missing_over_50_percent,
strawberry_third,CAT_f9849be954d6_V1,EI__TI__3d_mean,0.6077196824527785,missing_over_50_percent,
strawberry_third,CAT_f9849be954d6_V1,EI__TI__3d_std,0.6077196824527785,missing_over_50_percent,
strawberry_third,CAT_f9849be954d6_V1,EI__TI__3d_min,0.6077196824527785,missing_over_50_percent,
strawberry_third,CAT_f9849be954d6_V1,EI__TI__3d_max,0.6077196824527785,missing_over_50_percent,
strawberry_third,CAT_f9849be954d6_V1,EI__TI__7d_mean,0.5765124555160143,missing_over_50_percent,
strawberry_third,CAT_f9849be954d6_V1,EI__TI__7d_std,0.5765124555160143,missing_over_50_percent,
strawberry_third,CAT_f9849be954d6_V1,EI__TI__7d_min,0.5765124555160143,missing_over_50_percent,
strawberry_third,CAT_f9849be954d6_V1,EI__TI__7d_max,0.5765124555160143,missing_over_50_percent,
strawberry_third,CAT_ec3a5d92be4c_V1,EI__IR__1d_mean,0.9926088146728717,missing_over_50_percent,
strawberry_third,CAT_ec3a5d92be4c_V1,EI__IR__1d_std,0.9926088146728717,missing_over_50_percent,
strawberry_third,CAT_ec3a5d92be4c_V1,EI__IR__1d_min,0.9926088146728717,missing_over_50_percent,
strawberry_third,CAT_ec3a5d92be4c_V1,EI__IR__1d_max,0.9926088146728717,missing_over_50_percent,
strawberry_third,CAT_ec3a5d92be4c_V1,EI__IR__3d_mean,0.9926088146728717,missing_over_50_percent,
strawberry_third,CAT_ec3a5d92be4c_V1,EI__IR__3d_std,0.9926088146728717,missing_over_50_percent,
strawberry_third,CAT_ec3a5d92be4c_V1,EI__IR__3d_min,0.9926088146728717,missing_over_50_percent,
strawberry_third,CAT_ec3a5d92be4c_V1,EI__IR__3d_max,0.9926088146728717,missing_over_50_percent,
strawberry_third,CAT_ec3a5d92be4c_V1,EI__IR__7d_mean,0.9901450862304955,missing_over_50_percent,
strawberry_third,CAT_ec3a5d92be4c_V1,EI__IR__7d_std,0.9901450862304955,missing_over_50_percent,
strawberry_third,CAT_ec3a5d92be4c_V1,EI__IR__7d_min,0.9901450862304955,missing_over_50_percent,
strawberry_third,CAT_ec3a5d92be4c_V1,EI__IR__7d_max,0.9901450862304955,missing_over_50_percent,
strawberry_third,CAT_ec3a5d92be4c_V1,EI__IS__1d_mean,0.7741582261155215,missing_over_50_percent,
strawberry_third,CAT_ec3a5d92be4c_V1,EI__IS__1d_std,0.7741582261155215,missing_over_50_percent,
strawberry_third,CAT_ec3a5d92be4c_V1,EI__IS__1d_min,0.7741582261155215,missing_over_50_percent,
strawberry_third,CAT_ec3a5d92be4c_V1,EI__IS__1d_max,0.7741582261155215,missing_over_50_percent,
strawberry_third,CAT_ec3a5d92be4c_V1,EI__IS__3d_mean,0.7741582261155215,missing_over_50_percent,
strawberry_third,CAT_ec3a5d92be4c_V1,EI__IS__3d_std,0.7741582261155215,missing_over_50_percent,
strawberry_third,CAT_ec3a5d92be4c_V1,EI__IS__3d_min,0.7741582261155215,missing_over_50_percent,
strawberry_third,CAT_ec3a5d92be4c_V1,EI__IS__3d_max,0.7741582261155215,missing_over_50_percent,
strawberry_third,CAT_ec3a5d92be4c_V1,EI__IS__7d_mean,0.7601970982753901,missing_over_50_percent,
strawberry_third,CAT_ec3a5d92be4c_V1,EI__IS__7d_std,0.7601970982753901,missing_over_50_percent,
strawberry_third,CAT_ec3a5d92be4c_V1,EI__IS__7d_min,0.7601970982753901,missing_over_50_percent,
strawberry_third,CAT_ec3a5d92be4c_V1,EI__IS__7d_max,0.7601970982753901,missing_over_50_percent,
strawberry_third,CAT_ec3a5d92be4c_V1,EI__LI__1d_mean,1.0,missing_over_50_percent,
strawberry_third,CAT_ec3a5d92be4c_V1,EI__LI__1d_std,1.0,missing_over_50_percent,
strawberry_third,CAT_ec3a5d92be4c_V1,EI__LI__1d_min,1.0,missing_over_50_percent,
strawberry_third,CAT_ec3a5d92be4c_V1,EI__LI__1d_max,1.0,missing_over_50_percent,
strawberry_third,CAT_ec3a5d92be4c_V1,EI__LI__3d_mean,1.0,missing_over_50_percent,
strawberry_third,CAT_ec3a5d92be4c_V1,EI__LI__3d_std,1.0,missing_over_50_percent,
strawberry_third,CAT_ec3a5d92be4c_V1,EI__LI__3d_min,1.0,missing_over_50_percent,
strawberry_third,CAT_ec3a5d92be4c_V1,EI__LI__3d_max,1.0,missing_over_50_percent,
strawberry_third,CAT_ec3a5d92be4c_V1,EI__LI__7d_mean,1.0,missing_over_50_percent,
strawberry_third,CAT_ec3a5d92be4c_V1,EI__LI__7d_std,1.0,missing_over_50_percent,
strawberry_third,CAT_ec3a5d92be4c_V1,EI__LI__7d_min,1.0,missing_over_50_percent,
strawberry_third,CAT_ec3a5d92be4c_V1,EI__LI__7d_max,1.0,missing_over_50_percent,
strawberry_third,CAT_ec3a5d92be4c_V1,EI__ID__1d_mean,,needs_review,reset/unit/circular-value semantics require verification
strawberry_third,CAT_ec3a5d92be4c_V1,EI__ID__1d_std,,needs_review,reset/unit/circular-value semantics require verification
strawberry_third,CAT_ec3a5d92be4c_V1,EI__ID__1d_min,,needs_review,reset/unit/circular-value semantics require verification
strawberry_third,CAT_ec3a5d92be4c_V1,EI__ID__1d_max,,needs_review,reset/unit/circular-value semantics require verification
strawberry_third,CAT_ec3a5d92be4c_V1,EI__ID__3d_mean,,needs_review,reset/unit/circular-value semantics require verification
strawberry_third,CAT_ec3a5d92be4c_V1,EI__ID__3d_std,,needs_review,reset/unit/circular-value semantics require verification
strawberry_third,CAT_ec3a5d92be4c_V1,EI__ID__3d_min,,needs_review,reset/unit/circular-value semantics require verification
strawberry_third,CAT_ec3a5d92be4c_V1,EI__ID__3d_max,,needs_review,reset/unit/circular-value semantics require verification
strawberry_third,CAT_ec3a5d92be4c_V1,EI__ID__7d_mean,,needs_review,reset/unit/circular-value semantics require verification
strawberry_third,CAT_ec3a5d92be4c_V1,EI__ID__7d_std,,needs_review,reset/unit/circular-value semantics require verification
strawberry_third,CAT_ec3a5d92be4c_V1,EI__ID__7d_min,,needs_review,reset/unit/circular-value semantics require verification
strawberry_third,CAT_ec3a5d92be4c_V1,EI__ID__7d_max,,needs_review,reset/unit/circular-value semantics require verification
strawberry_third,CAT_ec3a5d92be4c_V1,EI__CR__1d_increase,,needs_review,reset/unit/circular-value semantics require verification
strawberry_third,CAT_ec3a5d92be4c_V1,EI__CR__3d_increase,,needs_review,reset/unit/circular-value semantics require verification
strawberry_third,CAT_ec3a5d92be4c_V1,EI__CR__7d_increase,,needs_review,reset/unit/circular-value semantics require verification
strawberry_third,CAT_ec3a5d92be4c_V1,EI__LW__1d_mean,,needs_review,reset/unit/circular-value semantics require verification
strawberry_third,CAT_ec3a5d92be4c_V1,EI__LW__1d_std,,needs_review,reset/unit/circular-value semantics require verification
strawberry_third,CAT_ec3a5d92be4c_V1,EI__LW__1d_min,,needs_review,reset/unit/circular-value semantics require verification
strawberry_third,CAT_ec3a5d92be4c_V1,EI__LW__1d_max,,needs_review,reset/unit/circular-value semantics require verification
strawberry_third,CAT_ec3a5d92be4c_V1,EI__LW__3d_mean,,needs_review,reset/unit/circular-value semantics require verification
strawberry_third,CAT_ec3a5d92be4c_V1,EI__LW__3d_std,,needs_review,reset/unit/circular-value semantics require verification
strawberry_third,CAT_ec3a5d92be4c_V1,EI__LW__3d_min,,needs_review,reset/unit/circular-value semantics require verification
strawberry_third,CAT_ec3a5d92be4c_V1,EI__LW__3d_max,,needs_review,reset/unit/circular-value semantics require verification
strawberry_third,CAT_ec3a5d92be4c_V1,EI__LW__7d_mean,,needs_review,reset/unit/circular-value semantics require verification
strawberry_third,CAT_ec3a5d92be4c_V1,EI__LW__7d_std,,needs_review,reset/unit/circular-value semantics require verification
strawberry_third,CAT_ec3a5d92be4c_V1,EI__LW__7d_min,,needs_review,reset/unit/circular-value semantics require verification
strawberry_third,CAT_ec3a5d92be4c_V1,EI__LW__7d_max,,needs_review,reset/unit/circular-value semantics require verification
strawberry_third,CAT_446c5a8e0c6d_V1,EI__WS__1d_mean,1.0,missing_over_50_percent,
strawberry_third,CAT_446c5a8e0c6d_V1,EI__WS__1d_std,1.0,missing_over_50_percent,
strawberry_third,CAT_446c5a8e0c6d_V1,EI__WS__1d_min,1.0,missing_over_50_percent,
strawberry_third,CAT_446c5a8e0c6d_V1,EI__WS__1d_max,1.0,missing_over_50_percent,
strawberry_third,CAT_446c5a8e0c6d_V1,EI__WS__3d_mean,1.0,missing_over_50_percent,
strawberry_third,CAT_446c5a8e0c6d_V1,EI__WS__3d_std,1.0,missing_over_50_percent,
strawberry_third,CAT_446c5a8e0c6d_V1,EI__WS__3d_min,1.0,missing_over_50_percent,
strawberry_third,CAT_446c5a8e0c6d_V1,EI__WS__3d_max,1.0,missing_over_50_percent,
strawberry_third,CAT_446c5a8e0c6d_V1,EI__WS__7d_mean,1.0,missing_over_50_percent,
strawberry_third,CAT_446c5a8e0c6d_V1,EI__WS__7d_std,1.0,missing_over_50_percent,
strawberry_third,CAT_446c5a8e0c6d_V1,EI__WS__7d_min,1.0,missing_over_50_percent,
strawberry_third,CAT_446c5a8e0c6d_V1,EI__WS__7d_max,1.0,missing_over_50_percent,
strawberry_third,CAT_21b90c28566d_V1,EO__PD__1d_mean,0.9926088146728717,missing_over_50_percent,
strawberry_third,CAT_21b90c28566d_V1,EO__PD__1d_std,0.9926088146728717,missing_over_50_percent,
strawberry_third,CAT_21b90c28566d_V1,EO__PD__1d_min,0.9926088146728717,missing_over_50_percent,
strawberry_third,CAT_21b90c28566d_V1,EO__PD__1d_max,0.9926088146728717,missing_over_50_percent,
strawberry_third,CAT_21b90c28566d_V1,EO__PD__3d_mean,0.9926088146728717,missing_over_50_percent,
strawberry_third,CAT_21b90c28566d_V1,EO__PD__3d_std,0.9926088146728717,missing_over_50_percent,
strawberry_third,CAT_21b90c28566d_V1,EO__PD__3d_min,0.9926088146728717,missing_over_50_percent,
strawberry_third,CAT_21b90c28566d_V1,EO__PD__3d_max,0.9926088146728717,missing_over_50_percent,
strawberry_third,CAT_21b90c28566d_V1,EO__PD__7d_mean,0.9901450862304955,missing_over_50_percent,
strawberry_third,CAT_21b90c28566d_V1,EO__PD__7d_std,0.9901450862304955,missing_over_50_percent,
strawberry_third,CAT_21b90c28566d_V1,EO__PD__7d_min,0.9901450862304955,missing_over_50_percent,
strawberry_third,CAT_21b90c28566d_V1,EO__PD__7d_max,0.9901450862304955,missing_over_50_percent,
strawberry_third,CAT_21b90c28566d_V1,EO__SR__1d_mean,0.714207500684369,missing_over_50_percent,
strawberry_third,CAT_21b90c28566d_V1,EO__SR__1d_std,0.714207500684369,missing_over_50_percent,
strawberry_third,CAT_21b90c28566d_V1,EO__SR__1d_min,0.714207500684369,missing_over_50_percent,
strawberry_third,CAT_21b90c28566d_V1,EO__SR__1d_max,0.714207500684369,missing_over_50_percent,
strawberry_third,CAT_21b90c28566d_V1,EO__SR__3d_mean,0.7095537914043252,missing_over_50_percent,
strawberry_third,CAT_21b90c28566d_V1,EO__SR__3d_std,0.7095537914043252,missing_over_50_percent,
strawberry_third,CAT_21b90c28566d_V1,EO__SR__3d_min,0.7095537914043252,missing_over_50_percent,
strawberry_third,CAT_21b90c28566d_V1,EO__SR__3d_max,0.7095537914043252,missing_over_50_percent,
strawberry_third,CAT_21b90c28566d_V1,EO__SR__7d_mean,0.6854640021899808,missing_over_50_percent,
strawberry_third,CAT_21b90c28566d_V1,EO__SR__7d_std,0.6854640021899808,missing_over_50_percent,
strawberry_third,CAT_21b90c28566d_V1,EO__SR__7d_min,0.6854640021899808,missing_over_50_percent,
strawberry_third,CAT_21b90c28566d_V1,EO__SR__7d_max,0.6854640021899808,missing_over_50_percent,
strawberry_third,CAT_21b90c28566d_V1,EO__CR__1d_increase,,needs_review,reset/unit/circular-value semantics require verification
strawberry_third,CAT_21b90c28566d_V1,EO__CR__3d_increase,,needs_review,reset/unit/circular-value semantics require verification
strawberry_third,CAT_21b90c28566d_V1,EO__CR__7d_increase,,needs_review,reset/unit/circular-value semantics require verification
strawberry_third,CAT_9c28d4a91265_V1,EO__DS__1d_mean,1.0,missing_over_50_percent,
strawberry_third,CAT_9c28d4a91265_V1,EO__DS__1d_std,1.0,missing_over_50_percent,
strawberry_third,CAT_9c28d4a91265_V1,EO__DS__1d_min,1.0,missing_over_50_percent,
strawberry_third,CAT_9c28d4a91265_V1,EO__DS__1d_max,1.0,missing_over_50_percent,
strawberry_third,CAT_9c28d4a91265_V1,EO__DS__3d_mean,1.0,missing_over_50_percent,
strawberry_third,CAT_9c28d4a91265_V1,EO__DS__3d_std,1.0,missing_over_50_percent,
strawberry_third,CAT_9c28d4a91265_V1,EO__DS__3d_min,1.0,missing_over_50_percent,
strawberry_third,CAT_9c28d4a91265_V1,EO__DS__3d_max,1.0,missing_over_50_percent,
strawberry_third,CAT_9c28d4a91265_V1,EO__DS__7d_mean,1.0,missing_over_50_percent,
strawberry_third,CAT_9c28d4a91265_V1,EO__DS__7d_std,1.0,missing_over_50_percent,
strawberry_third,CAT_9c28d4a91265_V1,EO__DS__7d_min,1.0,missing_over_50_percent,
strawberry_third,CAT_9c28d4a91265_V1,EO__DS__7d_max,1.0,missing_over_50_percent,
strawberry_third,CAT_9c28d4a91265_V1,EO__RF__1d_mean,1.0,missing_over_50_percent,
strawberry_third,CAT_9c28d4a91265_V1,EO__RF__1d_std,1.0,missing_over_50_percent,
strawberry_third,CAT_9c28d4a91265_V1,EO__RF__1d_min,1.0,missing_over_50_percent,
strawberry_third,CAT_9c28d4a91265_V1,EO__RF__1d_max,1.0,missing_over_50_percent,
strawberry_third,CAT_9c28d4a91265_V1,EO__RF__3d_mean,1.0,missing_over_50_percent,
strawberry_third,CAT_9c28d4a91265_V1,EO__RF__3d_std,1.0,missing_over_50_percent,
strawberry_third,CAT_9c28d4a91265_V1,EO__RF__3d_min,1.0,missing_over_50_percent,
strawberry_third,CAT_9c28d4a91265_V1,EO__RF__3d_max,1.0,missing_over_50_percent,
strawberry_third,CAT_9c28d4a91265_V1,EO__RF__7d_mean,1.0,missing_over_50_percent,
strawberry_third,CAT_9c28d4a91265_V1,EO__RF__7d_std,1.0,missing_over_50_percent,
strawberry_third,CAT_9c28d4a91265_V1,EO__RF__7d_min,1.0,missing_over_50_percent,
strawberry_third,CAT_9c28d4a91265_V1,EO__RF__7d_max,1.0,missing_over_50_percent,
strawberry_third,CAT_9c28d4a91265_V1,EO__RP__1d_active_fraction,0.7407610183410895,missing_over_50_percent,
strawberry_third,CAT_9c28d4a91265_V1,EO__RP__3d_active_fraction,0.7336435806186696,missing_over_50_percent,
strawberry_third,CAT_9c28d4a91265_V1,EO__RP__7d_active_fraction,0.7120175198467014,missing_over_50_percent,
strawberry_third,CAT_9c28d4a91265_V1,EO__CS__1d_increase,,needs_review,reset/unit/circular-value semantics require verification
strawberry_third,CAT_9c28d4a91265_V1,EO__CS__3d_increase,,needs_review,reset/unit/circular-value semantics require verification
strawberry_third,CAT_9c28d4a91265_V1,EO__CS__7d_increase,,needs_review,reset/unit/circular-value semantics require verification
strawberry_third,CAT_e04ec76682b4_V1,EO__DC__1d_mean,1.0,missing_over_50_percent,
strawberry_third,CAT_e04ec76682b4_V1,EO__DC__1d_std,1.0,missing_over_50_percent,
strawberry_third,CAT_e04ec76682b4_V1,EO__DC__1d_min,1.0,missing_over_50_percent,
strawberry_third,CAT_e04ec76682b4_V1,EO__DC__1d_max,1.0,missing_over_50_percent,
strawberry_third,CAT_e04ec76682b4_V1,EO__DC__3d_mean,1.0,missing_over_50_percent,
strawberry_third,CAT_e04ec76682b4_V1,EO__DC__3d_std,1.0,missing_over_50_percent,
strawberry_third,CAT_e04ec76682b4_V1,EO__DC__3d_min,1.0,missing_over_50_percent,
strawberry_third,CAT_e04ec76682b4_V1,EO__DC__3d_max,1.0,missing_over_50_percent,
strawberry_third,CAT_e04ec76682b4_V1,EO__DC__7d_mean,1.0,missing_over_50_percent,
strawberry_third,CAT_e04ec76682b4_V1,EO__DC__7d_std,1.0,missing_over_50_percent,
strawberry_third,CAT_e04ec76682b4_V1,EO__DC__7d_min,1.0,missing_over_50_percent,
strawberry_third,CAT_e04ec76682b4_V1,EO__DC__7d_max,1.0,missing_over_50_percent,
strawberry_third,CAT_e04ec76682b4_V1,EO__DT__1d_mean,1.0,missing_over_50_percent,
strawberry_third,CAT_e04ec76682b4_V1,EO__DT__1d_std,1.0,missing_over_50_percent,
strawberry_third,CAT_e04ec76682b4_V1,EO__DT__1d_min,1.0,missing_over_50_percent,
strawberry_third,CAT_e04ec76682b4_V1,EO__DT__1d_max,1.0,missing_over_50_percent,
strawberry_third,CAT_e04ec76682b4_V1,EO__DT__3d_mean,1.0,missing_over_50_percent,
strawberry_third,CAT_e04ec76682b4_V1,EO__DT__3d_std,1.0,missing_over_50_percent,
strawberry_third,CAT_e04ec76682b4_V1,EO__DT__3d_min,1.0,missing_over_50_percent,
strawberry_third,CAT_e04ec76682b4_V1,EO__DT__3d_max,1.0,missing_over_50_percent,
strawberry_third,CAT_e04ec76682b4_V1,EO__DT__7d_mean,1.0,missing_over_50_percent,
strawberry_third,CAT_e04ec76682b4_V1,EO__DT__7d_std,1.0,missing_over_50_percent,
strawberry_third,CAT_e04ec76682b4_V1,EO__DT__7d_min,1.0,missing_over_50_percent,
strawberry_third,CAT_e04ec76682b4_V1,EO__DT__7d_max,1.0,missing_over_50_percent,
strawberry_third,CAT_e04ec76682b4_V1,EO__HE__1d_mean,0.9178757185874623,missing_over_50_percent,
strawberry_third,CAT_e04ec76682b4_V1,EO__HE__1d_std,0.9178757185874623,missing_over_50_percent,
strawberry_third,CAT_e04ec76682b4_V1,EO__HE__1d_min,0.9178757185874623,missing_over_50_percent,
strawberry_third,CAT_e04ec76682b4_V1,EO__HE__1d_max,0.9178757185874623,missing_over_50_percent,
strawberry_third,CAT_e04ec76682b4_V1,EO__HE__3d_mean,0.9178757185874623,missing_over_50_percent,
strawberry_third,CAT_e04ec76682b4_V1,EO__HE__3d_std,0.9178757185874623,missing_over_50_percent,
strawberry_third,CAT_e04ec76682b4_V1,EO__HE__3d_min,0.9178757185874623,missing_over_50_percent,
strawberry_third,CAT_e04ec76682b4_V1,EO__HE__3d_max,0.9178757185874623,missing_over_50_percent,
strawberry_third,CAT_e04ec76682b4_V1,EO__HE__7d_mean,0.913495756912127,missing_over_50_percent,
strawberry_third,CAT_e04ec76682b4_V1,EO__HE__7d_std,0.913495756912127,missing_over_50_percent,
strawberry_third,CAT_e04ec76682b4_V1,EO__HE__7d_min,0.913495756912127,missing_over_50_percent,
strawberry_third,CAT_e04ec76682b4_V1,EO__HE__7d_max,0.913495756912127,missing_over_50_percent,
strawberry_third,CAT_e04ec76682b4_V1,EO__HR__1d_mean,1.0,missing_over_50_percent,
strawberry_third,CAT_e04ec76682b4_V1,EO__HR__1d_std,1.0,missing_over_50_percent,
strawberry_third,CAT_e04ec76682b4_V1,EO__HR__1d_min,1.0,missing_over_50_percent,
strawberry_third,CAT_e04ec76682b4_V1,EO__HR__1d_max,1.0,missing_over_50_percent,
strawberry_third,CAT_e04ec76682b4_V1,EO__HR__3d_mean,1.0,missing_over_50_percent,
strawberry_third,CAT_e04ec76682b4_V1,EO__HR__3d_std,1.0,missing_over_50_percent,
strawberry_third,CAT_e04ec76682b4_V1,EO__HR__3d_min,1.0,missing_over_50_percent,
strawberry_third,CAT_e04ec76682b4_V1,EO__HR__3d_max,1.0,missing_over_50_percent,
strawberry_third,CAT_e04ec76682b4_V1,EO__HR__7d_mean,1.0,missing_over_50_percent,
strawberry_third,CAT_e04ec76682b4_V1,EO__HR__7d_std,1.0,missing_over_50_percent,
strawberry_third,CAT_e04ec76682b4_V1,EO__HR__7d_min,1.0,missing_over_50_percent,
strawberry_third,CAT_e04ec76682b4_V1,EO__HR__7d_max,1.0,missing_over_50_percent,
strawberry_third,CAT_e04ec76682b4_V1,EO__TE__1d_mean,0.7068163153572407,missing_over_50_percent,
strawberry_third,CAT_e04ec76682b4_V1,EO__TE__1d_std,0.7068163153572407,missing_over_50_percent,
strawberry_third,CAT_e04ec76682b4_V1,EO__TE__1d_min,0.7068163153572407,missing_over_50_percent,
strawberry_third,CAT_e04ec76682b4_V1,EO__TE__1d_max,0.7068163153572407,missing_over_50_percent,
strawberry_third,CAT_e04ec76682b4_V1,EO__TE__3d_mean,0.7021626060771968,missing_over_50_percent,
strawberry_third,CAT_e04ec76682b4_V1,EO__TE__3d_std,0.7021626060771968,missing_over_50_percent,
strawberry_third,CAT_e04ec76682b4_V1,EO__TE__3d_min,0.7021626060771968,missing_over_50_percent,
strawberry_third,CAT_e04ec76682b4_V1,EO__TE__3d_max,0.7021626060771968,missing_over_50_percent,
strawberry_third,CAT_e04ec76682b4_V1,EO__TE__7d_mean,0.6756090884204763,missing_over_50_percent,
strawberry_third,CAT_e04ec76682b4_V1,EO__TE__7d_std,0.6756090884204763,missing_over_50_percent,
strawberry_third,CAT_e04ec76682b4_V1,EO__TE__7d_min,0.6756090884204763,missing_over_50_percent,
strawberry_third,CAT_e04ec76682b4_V1,EO__TE__7d_max,0.6756090884204763,missing_over_50_percent,
strawberry_third,CAT_11e02bf06411_V1,EO__WS__1d_mean,0.784013139885026,missing_over_50_percent,
strawberry_third,CAT_11e02bf06411_V1,EO__WS__1d_std,0.784013139885026,missing_over_50_percent,
strawberry_third,CAT_11e02bf06411_V1,EO__WS__1d_min,0.784013139885026,missing_over_50_percent,
strawberry_third,CAT_11e02bf06411_V1,EO__WS__1d_max,0.784013139885026,missing_over_50_percent,
strawberry_third,CAT_11e02bf06411_V1,EO__WS__3d_mean,0.7815494114426499,missing_over_50_percent,
strawberry_third,CAT_11e02bf06411_V1,EO__WS__3d_std,0.7815494114426499,missing_over_50_percent,
strawberry_third,CAT_11e02bf06411_V1,EO__WS__3d_min,0.7815494114426499,missing_over_50_percent,
strawberry_third,CAT_11e02bf06411_V1,EO__WS__3d_max,0.7815494114426499,missing_over_50_percent,
strawberry_third,CAT_11e02bf06411_V1,EO__WS__7d_mean,0.7648508075554339,missing_over_50_percent,
strawberry_third,CAT_11e02bf06411_V1,EO__WS__7d_std,0.7648508075554339,missing_over_50_percent,
strawberry_third,CAT_11e02bf06411_V1,EO__WS__7d_min,0.7648508075554339,missing_over_50_percent,
strawberry_third,CAT_11e02bf06411_V1,EO__WS__7d_max,0.7648508075554339,missing_over_50_percent,
strawberry_third,CAT_11e02bf06411_V1,EO__WD__1d_mean,,needs_review,reset/unit/circular-value semantics require verification
strawberry_third,CAT_11e02bf06411_V1,EO__WD__1d_std,,needs_review,reset/unit/circular-value semantics require verification
strawberry_third,CAT_11e02bf06411_V1,EO__WD__1d_min,,needs_review,reset/unit/circular-value semantics require verification
strawberry_third,CAT_11e02bf06411_V1,EO__WD__1d_max,,needs_review,reset/unit/circular-value semantics require verification
strawberry_third,CAT_11e02bf06411_V1,EO__WD__3d_mean,,needs_review,reset/unit/circular-value semantics require verification
strawberry_third,CAT_11e02bf06411_V1,EO__WD__3d_std,,needs_review,reset/unit/circular-value semantics require verification
strawberry_third,CAT_11e02bf06411_V1,EO__WD__3d_min,,needs_review,reset/unit/circular-value semantics require verification
strawberry_third,CAT_11e02bf06411_V1,EO__WD__3d_max,,needs_review,reset/unit/circular-value semantics require verification
strawberry_third,CAT_11e02bf06411_V1,EO__WD__7d_mean,,needs_review,reset/unit/circular-value semantics require verification
strawberry_third,CAT_11e02bf06411_V1,EO__WD__7d_std,,needs_review,reset/unit/circular-value semantics require verification
strawberry_third,CAT_11e02bf06411_V1,EO__WD__7d_min,,needs_review,reset/unit/circular-value semantics require verification
strawberry_third,CAT_11e02bf06411_V1,EO__WD__7d_max,,needs_review,reset/unit/circular-value semantics require verification
strawberry_third,CAT_35e928f31e9b_V1,NT__AT__1d_mean,,needs_review,reset/unit/circular-value semantics require verification
strawberry_third,CAT_35e928f31e9b_V1,NT__AT__1d_std,,needs_review,reset/unit/circular-value semantics require verification
strawberry_third,CAT_35e928f31e9b_V1,NT__AT__1d_min,,needs_review,reset/unit/circular-value semantics require verification
strawberry_third,CAT_35e928f31e9b_V1,NT__AT__1d_max,,needs_review,reset/unit/circular-value semantics require verification
strawberry_third,CAT_35e928f31e9b_V1,NT__AT__3d_mean,,needs_review,reset/unit/circular-value semantics require verification
strawberry_third,CAT_35e928f31e9b_V1,NT__AT__3d_std,,needs_review,reset/unit/circular-value semantics require verification
strawberry_third,CAT_35e928f31e9b_V1,NT__AT__3d_min,,needs_review,reset/unit/circular-value semantics require verification
strawberry_third,CAT_35e928f31e9b_V1,NT__AT__3d_max,,needs_review,reset/unit/circular-value semantics require verification
strawberry_third,CAT_35e928f31e9b_V1,NT__AT__7d_mean,,needs_review,reset/unit/circular-value semantics require verification
strawberry_third,CAT_35e928f31e9b_V1,NT__AT__7d_std,,needs_review,reset/unit/circular-value semantics require verification
strawberry_third,CAT_35e928f31e9b_V1,NT__AT__7d_min,,needs_review,reset/unit/circular-value semantics require verification
strawberry_third,CAT_35e928f31e9b_V1,NT__AT__7d_max,,needs_review,reset/unit/circular-value semantics require verification
strawberry_third,CAT_35e928f31e9b_V1,NT__BW__1d_mean,,needs_review,reset/unit/circular-value semantics require verification
strawberry_third,CAT_35e928f31e9b_V1,NT__BW__1d_std,,needs_review,reset/unit/circular-value semantics require verification
strawberry_third,CAT_35e928f31e9b_V1,NT__BW__1d_min,,needs_review,reset/unit/circular-value semantics require verification
strawberry_third,CAT_35e928f31e9b_V1,NT__BW__1d_max,,needs_review,reset/unit/circular-value semantics require verification
strawberry_third,CAT_35e928f31e9b_V1,NT__BW__3d_mean,,needs_review,reset/unit/circular-value semantics require verification
strawberry_third,CAT_35e928f31e9b_V1,NT__BW__3d_std,,needs_review,reset/unit/circular-value semantics require verification
strawberry_third,CAT_35e928f31e9b_V1,NT__BW__3d_min,,needs_review,reset/unit/circular-value semantics require verification
strawberry_third,CAT_35e928f31e9b_V1,NT__BW__3d_max,,needs_review,reset/unit/circular-value semantics require verification
strawberry_third,CAT_35e928f31e9b_V1,NT__BW__7d_mean,,needs_review,reset/unit/circular-value semantics require verification
strawberry_third,CAT_35e928f31e9b_V1,NT__BW__7d_std,,needs_review,reset/unit/circular-value semantics require verification
strawberry_third,CAT_35e928f31e9b_V1,NT__BW__7d_min,,needs_review,reset/unit/circular-value semantics require verification
strawberry_third,CAT_35e928f31e9b_V1,NT__BW__7d_max,,needs_review,reset/unit/circular-value semantics require verification
strawberry_third,CAT_35e928f31e9b_V1,NT__CL__1d_mean,,needs_review,reset/unit/circular-value semantics require verification
strawberry_third,CAT_35e928f31e9b_V1,NT__CL__1d_std,,needs_review,reset/unit/circular-value semantics require verification
strawberry_third,CAT_35e928f31e9b_V1,NT__CL__1d_min,,needs_review,reset/unit/circular-value semantics require verification
strawberry_third,CAT_35e928f31e9b_V1,NT__CL__1d_max,,needs_review,reset/unit/circular-value semantics require verification
strawberry_third,CAT_35e928f31e9b_V1,NT__CL__3d_mean,,needs_review,reset/unit/circular-value semantics require verification
strawberry_third,CAT_35e928f31e9b_V1,NT__CL__3d_std,,needs_review,reset/unit/circular-value semantics require verification
strawberry_third,CAT_35e928f31e9b_V1,NT__CL__3d_min,,needs_review,reset/unit/circular-value semantics require verification
strawberry_third,CAT_35e928f31e9b_V1,NT__CL__3d_max,,needs_review,reset/unit/circular-value semantics require verification
strawberry_third,CAT_35e928f31e9b_V1,NT__CL__7d_mean,,needs_review,reset/unit/circular-value semantics require verification
strawberry_third,CAT_35e928f31e9b_V1,NT__CL__7d_std,,needs_review,reset/unit/circular-value semantics require verification
strawberry_third,CAT_35e928f31e9b_V1,NT__CL__7d_min,,needs_review,reset/unit/circular-value semantics require verification
strawberry_third,CAT_35e928f31e9b_V1,NT__CL__7d_max,,needs_review,reset/unit/circular-value semantics require verification
strawberry_third,CAT_35e928f31e9b_V1,NT__HL__1d_mean,,needs_review,reset/unit/circular-value semantics require verification
strawberry_third,CAT_35e928f31e9b_V1,NT__HL__1d_std,,needs_review,reset/unit/circular-value semantics require verification
strawberry_third,CAT_35e928f31e9b_V1,NT__HL__1d_min,,needs_review,reset/unit/circular-value semantics require verification
strawberry_third,CAT_35e928f31e9b_V1,NT__HL__1d_max,,needs_review,reset/unit/circular-value semantics require verification
strawberry_third,CAT_35e928f31e9b_V1,NT__HL__3d_mean,,needs_review,reset/unit/circular-value semantics require verification
strawberry_third,CAT_35e928f31e9b_V1,NT__HL__3d_std,,needs_review,reset/unit/circular-value semantics require verification
strawberry_third,CAT_35e928f31e9b_V1,NT__HL__3d_min,,needs_review,reset/unit/circular-value semantics require verification
strawberry_third,CAT_35e928f31e9b_V1,NT__HL__3d_max,,needs_review,reset/unit/circular-value semantics require verification
strawberry_third,CAT_35e928f31e9b_V1,NT__HL__7d_mean,,needs_review,reset/unit/circular-value semantics require verification
strawberry_third,CAT_35e928f31e9b_V1,NT__HL__7d_std,,needs_review,reset/unit/circular-value semantics require verification
strawberry_third,CAT_35e928f31e9b_V1,NT__HL__7d_min,,needs_review,reset/unit/circular-value semantics require verification
strawberry_third,CAT_35e928f31e9b_V1,NT__HL__7d_max,,needs_review,reset/unit/circular-value semantics require verification
strawberry_third,CAT_35e928f31e9b_V1,NT__RT__1d_mean,,needs_review,reset/unit/circular-value semantics require verification
strawberry_third,CAT_35e928f31e9b_V1,NT__RT__1d_std,,needs_review,reset/unit/circular-value semantics require verification
strawberry_third,CAT_35e928f31e9b_V1,NT__RT__1d_min,,needs_review,reset/unit/circular-value semantics require verification
strawberry_third,CAT_35e928f31e9b_V1,NT__RT__1d_max,,needs_review,reset/unit/circular-value semantics require verification
strawberry_third,CAT_35e928f31e9b_V1,NT__RT__3d_mean,,needs_review,reset/unit/circular-value semantics require verification
strawberry_third,CAT_35e928f31e9b_V1,NT__RT__3d_std,,needs_review,reset/unit/circular-value semantics require verification
strawberry_third,CAT_35e928f31e9b_V1,NT__RT__3d_min,,needs_review,reset/unit/circular-value semantics require verification
strawberry_third,CAT_35e928f31e9b_V1,NT__RT__3d_max,,needs_review,reset/unit/circular-value semantics require verification
strawberry_third,CAT_35e928f31e9b_V1,NT__RT__7d_mean,,needs_review,reset/unit/circular-value semantics require verification
strawberry_third,CAT_35e928f31e9b_V1,NT__RT__7d_std,,needs_review,reset/unit/circular-value semantics require verification
strawberry_third,CAT_35e928f31e9b_V1,NT__RT__7d_min,,needs_review,reset/unit/circular-value semantics require verification
strawberry_third,CAT_35e928f31e9b_V1,NT__RT__7d_max,,needs_review,reset/unit/circular-value semantics require verification
strawberry_third,CAT_35e928f31e9b_V1,NT__TL__1d_mean,,needs_review,reset/unit/circular-value semantics require verification
strawberry_third,CAT_35e928f31e9b_V1,NT__TL__1d_std,,needs_review,reset/unit/circular-value semantics require verification
strawberry_third,CAT_35e928f31e9b_V1,NT__TL__1d_min,,needs_review,reset/unit/circular-value semantics require verification
strawberry_third,CAT_35e928f31e9b_V1,NT__TL__1d_max,,needs_review,reset/unit/circular-value semantics require verification
strawberry_third,CAT_35e928f31e9b_V1,NT__TL__3d_mean,,needs_review,reset/unit/circular-value semantics require verification
strawberry_third,CAT_35e928f31e9b_V1,NT__TL__3d_std,,needs_review,reset/unit/circular-value semantics require verification
strawberry_third,CAT_35e928f31e9b_V1,NT__TL__3d_min,,needs_review,reset/unit/circular-value semantics require verification
strawberry_third,CAT_35e928f31e9b_V1,NT__TL__3d_max,,needs_review,reset/unit/circular-value semantics require verification
strawberry_third,CAT_35e928f31e9b_V1,NT__TL__7d_mean,,needs_review,reset/unit/circular-value semantics require verification
strawberry_third,CAT_35e928f31e9b_V1,NT__TL__7d_std,,needs_review,reset/unit/circular-value semantics require verification
strawberry_third,CAT_35e928f31e9b_V1,NT__TL__7d_min,,needs_review,reset/unit/circular-value semantics require verification
strawberry_third,CAT_35e928f31e9b_V1,NT__TL__7d_max,,needs_review,reset/unit/circular-value semantics require verification
strawberry_third,CAT_4e6352f7cf13_V1,NT__CF__1d_mean,,needs_review,reset/unit/circular-value semantics require verification
strawberry_third,CAT_4e6352f7cf13_V1,NT__CF__1d_std,,needs_review,reset/unit/circular-value semantics require verification
strawberry_third,CAT_4e6352f7cf13_V1,NT__CF__1d_min,,needs_review,reset/unit/circular-value semantics require verification
strawberry_third,CAT_4e6352f7cf13_V1,NT__CF__1d_max,,needs_review,reset/unit/circular-value semantics require verification
strawberry_third,CAT_4e6352f7cf13_V1,NT__CF__3d_mean,,needs_review,reset/unit/circular-value semantics require verification
strawberry_third,CAT_4e6352f7cf13_V1,NT__CF__3d_std,,needs_review,reset/unit/circular-value semantics require verification
strawberry_third,CAT_4e6352f7cf13_V1,NT__CF__3d_min,,needs_review,reset/unit/circular-value semantics require verification
strawberry_third,CAT_4e6352f7cf13_V1,NT__CF__3d_max,,needs_review,reset/unit/circular-value semantics require verification
strawberry_third,CAT_4e6352f7cf13_V1,NT__CF__7d_mean,,needs_review,reset/unit/circular-value semantics require verification
strawberry_third,CAT_4e6352f7cf13_V1,NT__CF__7d_std,,needs_review,reset/unit/circular-value semantics require verification
strawberry_third,CAT_4e6352f7cf13_V1,NT__CF__7d_min,,needs_review,reset/unit/circular-value semantics require verification
strawberry_third,CAT_4e6352f7cf13_V1,NT__CF__7d_max,,needs_review,reset/unit/circular-value semantics require verification
strawberry_third,CAT_4e6352f7cf13_V1,NT__CN__1d_mean,,needs_review,reset/unit/circular-value semantics require verification
strawberry_third,CAT_4e6352f7cf13_V1,NT__CN__1d_std,,needs_review,reset/unit/circular-value semantics require verification
strawberry_third,CAT_4e6352f7cf13_V1,NT__CN__1d_min,,needs_review,reset/unit/circular-value semantics require verification
strawberry_third,CAT_4e6352f7cf13_V1,NT__CN__1d_max,,needs_review,reset/unit/circular-value semantics require verification
strawberry_third,CAT_4e6352f7cf13_V1,NT__CN__3d_mean,,needs_review,reset/unit/circular-value semantics require verification
strawberry_third,CAT_4e6352f7cf13_V1,NT__CN__3d_std,,needs_review,reset/unit/circular-value semantics require verification
strawberry_third,CAT_4e6352f7cf13_V1,NT__CN__3d_min,,needs_review,reset/unit/circular-value semantics require verification
strawberry_third,CAT_4e6352f7cf13_V1,NT__CN__3d_max,,needs_review,reset/unit/circular-value semantics require verification
strawberry_third,CAT_4e6352f7cf13_V1,NT__CN__7d_mean,,needs_review,reset/unit/circular-value semantics require verification
strawberry_third,CAT_4e6352f7cf13_V1,NT__CN__7d_std,,needs_review,reset/unit/circular-value semantics require verification
strawberry_third,CAT_4e6352f7cf13_V1,NT__CN__7d_min,,needs_review,reset/unit/circular-value semantics require verification
strawberry_third,CAT_4e6352f7cf13_V1,NT__CN__7d_max,,needs_review,reset/unit/circular-value semantics require verification
strawberry_third,CAT_4e6352f7cf13_V1,NT__EI__1d_mean,,needs_review,reset/unit/circular-value semantics require verification
strawberry_third,CAT_4e6352f7cf13_V1,NT__EI__1d_std,,needs_review,reset/unit/circular-value semantics require verification
strawberry_third,CAT_4e6352f7cf13_V1,NT__EI__1d_min,,needs_review,reset/unit/circular-value semantics require verification
strawberry_third,CAT_4e6352f7cf13_V1,NT__EI__1d_max,,needs_review,reset/unit/circular-value semantics require verification
strawberry_third,CAT_4e6352f7cf13_V1,NT__EI__3d_mean,,needs_review,reset/unit/circular-value semantics require verification
strawberry_third,CAT_4e6352f7cf13_V1,NT__EI__3d_std,,needs_review,reset/unit/circular-value semantics require verification
strawberry_third,CAT_4e6352f7cf13_V1,NT__EI__3d_min,,needs_review,reset/unit/circular-value semantics require verification
strawberry_third,CAT_4e6352f7cf13_V1,NT__EI__3d_max,,needs_review,reset/unit/circular-value semantics require verification
strawberry_third,CAT_4e6352f7cf13_V1,NT__EI__7d_mean,,needs_review,reset/unit/circular-value semantics require verification
strawberry_third,CAT_4e6352f7cf13_V1,NT__EI__7d_std,,needs_review,reset/unit/circular-value semantics require verification
strawberry_third,CAT_4e6352f7cf13_V1,NT__EI__7d_min,,needs_review,reset/unit/circular-value semantics require verification
strawberry_third,CAT_4e6352f7cf13_V1,NT__EI__7d_max,,needs_review,reset/unit/circular-value semantics require verification
strawberry_third,CAT_4e6352f7cf13_V1,NT__EO__1d_mean,,needs_review,reset/unit/circular-value semantics require verification
strawberry_third,CAT_4e6352f7cf13_V1,NT__EO__1d_std,,needs_review,reset/unit/circular-value semantics require verification
strawberry_third,CAT_4e6352f7cf13_V1,NT__EO__1d_min,,needs_review,reset/unit/circular-value semantics require verification
strawberry_third,CAT_4e6352f7cf13_V1,NT__EO__1d_max,,needs_review,reset/unit/circular-value semantics require verification
strawberry_third,CAT_4e6352f7cf13_V1,NT__EO__3d_mean,,needs_review,reset/unit/circular-value semantics require verification
strawberry_third,CAT_4e6352f7cf13_V1,NT__EO__3d_std,,needs_review,reset/unit/circular-value semantics require verification
strawberry_third,CAT_4e6352f7cf13_V1,NT__EO__3d_min,,needs_review,reset/unit/circular-value semantics require verification
strawberry_third,CAT_4e6352f7cf13_V1,NT__EO__3d_max,,needs_review,reset/unit/circular-value semantics require verification
strawberry_third,CAT_4e6352f7cf13_V1,NT__EO__7d_mean,,needs_review,reset/unit/circular-value semantics require verification
strawberry_third,CAT_4e6352f7cf13_V1,NT__EO__7d_std,,needs_review,reset/unit/circular-value semantics require verification
strawberry_third,CAT_4e6352f7cf13_V1,NT__EO__7d_min,,needs_review,reset/unit/circular-value semantics require verification
strawberry_third,CAT_4e6352f7cf13_V1,NT__EO__7d_max,,needs_review,reset/unit/circular-value semantics require verification
strawberry_third,CAT_4e6352f7cf13_V1,NT__NI__1d_mean,,needs_review,reset/unit/circular-value semantics require verification
strawberry_third,CAT_4e6352f7cf13_V1,NT__NI__1d_std,,needs_review,reset/unit/circular-value semantics require verification
strawberry_third,CAT_4e6352f7cf13_V1,NT__NI__1d_min,,needs_review,reset/unit/circular-value semantics require verification
strawberry_third,CAT_4e6352f7cf13_V1,NT__NI__1d_max,,needs_review,reset/unit/circular-value semantics require verification
strawberry_third,CAT_4e6352f7cf13_V1,NT__NI__3d_mean,,needs_review,reset/unit/circular-value semantics require verification
strawberry_third,CAT_4e6352f7cf13_V1,NT__NI__3d_std,,needs_review,reset/unit/circular-value semantics require verification
strawberry_third,CAT_4e6352f7cf13_V1,NT__NI__3d_min,,needs_review,reset/unit/circular-value semantics require verification
strawberry_third,CAT_4e6352f7cf13_V1,NT__NI__3d_max,,needs_review,reset/unit/circular-value semantics require verification
strawberry_third,CAT_4e6352f7cf13_V1,NT__NI__7d_mean,,needs_review,reset/unit/circular-value semantics require verification
strawberry_third,CAT_4e6352f7cf13_V1,NT__NI__7d_std,,needs_review,reset/unit/circular-value semantics require verification
strawberry_third,CAT_4e6352f7cf13_V1,NT__NI__7d_min,,needs_review,reset/unit/circular-value semantics require verification
strawberry_third,CAT_4e6352f7cf13_V1,NT__NI__7d_max,,needs_review,reset/unit/circular-value semantics require verification
strawberry_third,CAT_4e6352f7cf13_V1,NT__NO__1d_mean,,needs_review,reset/unit/circular-value semantics require verification
strawberry_third,CAT_4e6352f7cf13_V1,NT__NO__1d_std,,needs_review,reset/unit/circular-value semantics require verification
strawberry_third,CAT_4e6352f7cf13_V1,NT__NO__1d_min,,needs_review,reset/unit/circular-value semantics require verification
strawberry_third,CAT_4e6352f7cf13_V1,NT__NO__1d_max,,needs_review,reset/unit/circular-value semantics require verification
strawberry_third,CAT_4e6352f7cf13_V1,NT__NO__3d_mean,,needs_review,reset/unit/circular-value semantics require verification
strawberry_third,CAT_4e6352f7cf13_V1,NT__NO__3d_std,,needs_review,reset/unit/circular-value semantics require verification
strawberry_third,CAT_4e6352f7cf13_V1,NT__NO__3d_min,,needs_review,reset/unit/circular-value semantics require verification
strawberry_third,CAT_4e6352f7cf13_V1,NT__NO__3d_max,,needs_review,reset/unit/circular-value semantics require verification
strawberry_third,CAT_4e6352f7cf13_V1,NT__NO__7d_mean,,needs_review,reset/unit/circular-value semantics require verification
strawberry_third,CAT_4e6352f7cf13_V1,NT__NO__7d_std,,needs_review,reset/unit/circular-value semantics require verification
strawberry_third,CAT_4e6352f7cf13_V1,NT__NO__7d_min,,needs_review,reset/unit/circular-value semantics require verification
strawberry_third,CAT_4e6352f7cf13_V1,NT__NO__7d_max,,needs_review,reset/unit/circular-value semantics require verification
strawberry_third,CAT_4e6352f7cf13_V1,NT__NT__1d_mean,,needs_review,reset/unit/circular-value semantics require verification
strawberry_third,CAT_4e6352f7cf13_V1,NT__NT__1d_std,,needs_review,reset/unit/circular-value semantics require verification
strawberry_third,CAT_4e6352f7cf13_V1,NT__NT__1d_min,,needs_review,reset/unit/circular-value semantics require verification
strawberry_third,CAT_4e6352f7cf13_V1,NT__NT__1d_max,,needs_review,reset/unit/circular-value semantics require verification
strawberry_third,CAT_4e6352f7cf13_V1,NT__NT__3d_mean,,needs_review,reset/unit/circular-value semantics require verification
strawberry_third,CAT_4e6352f7cf13_V1,NT__NT__3d_std,,needs_review,reset/unit/circular-value semantics require verification
strawberry_third,CAT_4e6352f7cf13_V1,NT__NT__3d_min,,needs_review,reset/unit/circular-value semantics require verification
strawberry_third,CAT_4e6352f7cf13_V1,NT__NT__3d_max,,needs_review,reset/unit/circular-value semantics require verification
strawberry_third,CAT_4e6352f7cf13_V1,NT__NT__7d_mean,,needs_review,reset/unit/circular-value semantics require verification
strawberry_third,CAT_4e6352f7cf13_V1,NT__NT__7d_std,,needs_review,reset/unit/circular-value semantics require verification
strawberry_third,CAT_4e6352f7cf13_V1,NT__NT__7d_min,,needs_review,reset/unit/circular-value semantics require verification
strawberry_third,CAT_4e6352f7cf13_V1,NT__NT__7d_max,,needs_review,reset/unit/circular-value semantics require verification
strawberry_third,CAT_4e6352f7cf13_V1,NT__PI__1d_mean,,needs_review,reset/unit/circular-value semantics require verification
strawberry_third,CAT_4e6352f7cf13_V1,NT__PI__1d_std,,needs_review,reset/unit/circular-value semantics require verification
strawberry_third,CAT_4e6352f7cf13_V1,NT__PI__1d_min,,needs_review,reset/unit/circular-value semantics require verification
strawberry_third,CAT_4e6352f7cf13_V1,NT__PI__1d_max,,needs_review,reset/unit/circular-value semantics require verification
strawberry_third,CAT_4e6352f7cf13_V1,NT__PI__3d_mean,,needs_review,reset/unit/circular-value semantics require verification
strawberry_third,CAT_4e6352f7cf13_V1,NT__PI__3d_std,,needs_review,reset/unit/circular-value semantics require verification
strawberry_third,CAT_4e6352f7cf13_V1,NT__PI__3d_min,,needs_review,reset/unit/circular-value semantics require verification
strawberry_third,CAT_4e6352f7cf13_V1,NT__PI__3d_max,,needs_review,reset/unit/circular-value semantics require verification
strawberry_third,CAT_4e6352f7cf13_V1,NT__PI__7d_mean,,needs_review,reset/unit/circular-value semantics require verification
strawberry_third,CAT_4e6352f7cf13_V1,NT__PI__7d_std,,needs_review,reset/unit/circular-value semantics require verification
strawberry_third,CAT_4e6352f7cf13_V1,NT__PI__7d_min,,needs_review,reset/unit/circular-value semantics require verification
strawberry_third,CAT_4e6352f7cf13_V1,NT__PI__7d_max,,needs_review,reset/unit/circular-value semantics require verification
strawberry_third,CAT_4e6352f7cf13_V1,NT__PO__1d_mean,,needs_review,reset/unit/circular-value semantics require verification
strawberry_third,CAT_4e6352f7cf13_V1,NT__PO__1d_std,,needs_review,reset/unit/circular-value semantics require verification
strawberry_third,CAT_4e6352f7cf13_V1,NT__PO__1d_min,,needs_review,reset/unit/circular-value semantics require verification
strawberry_third,CAT_4e6352f7cf13_V1,NT__PO__1d_max,,needs_review,reset/unit/circular-value semantics require verification
strawberry_third,CAT_4e6352f7cf13_V1,NT__PO__3d_mean,,needs_review,reset/unit/circular-value semantics require verification
strawberry_third,CAT_4e6352f7cf13_V1,NT__PO__3d_std,,needs_review,reset/unit/circular-value semantics require verification
strawberry_third,CAT_4e6352f7cf13_V1,NT__PO__3d_min,,needs_review,reset/unit/circular-value semantics require verification
strawberry_third,CAT_4e6352f7cf13_V1,NT__PO__3d_max,,needs_review,reset/unit/circular-value semantics require verification
strawberry_third,CAT_4e6352f7cf13_V1,NT__PO__7d_mean,,needs_review,reset/unit/circular-value semantics require verification
strawberry_third,CAT_4e6352f7cf13_V1,NT__PO__7d_std,,needs_review,reset/unit/circular-value semantics require verification
strawberry_third,CAT_4e6352f7cf13_V1,NT__PO__7d_min,,needs_review,reset/unit/circular-value semantics require verification
strawberry_third,CAT_4e6352f7cf13_V1,NT__PO__7d_max,,needs_review,reset/unit/circular-value semantics require verification
strawberry_third,CAT_4e6352f7cf13_V1,NT__SI__1d_increase,,needs_review,reset/unit/circular-value semantics require verification
strawberry_third,CAT_4e6352f7cf13_V1,NT__SI__3d_increase,,needs_review,reset/unit/circular-value semantics require verification
strawberry_third,CAT_4e6352f7cf13_V1,NT__SI__7d_increase,,needs_review,reset/unit/circular-value semantics require verification
strawberry_third,CAT_4e6352f7cf13_V1,NT__SO__1d_increase,,needs_review,reset/unit/circular-value semantics require verification
strawberry_third,CAT_4e6352f7cf13_V1,NT__SO__3d_increase,,needs_review,reset/unit/circular-value semantics require verification
strawberry_third,CAT_4e6352f7cf13_V1,NT__SO__7d_increase,,needs_review,reset/unit/circular-value semantics require verification
strawberry_third,CAT_b90126c51b5d_V1,days_since_previous,0.04817957842868875,eligible,
strawberry_third,CAT_b90126c51b5d_V1,days_since_first_measurement,0.0,eligible,
strawberry_third,CAT_b90126c51b5d_V1,days_since_crop_start,0.0,eligible,
strawberry_third,CAT_b90126c51b5d_V1,days_since_first_positive,0.5800711743772242,missing_over_50_percent,
strawberry_third,CAT_b90126c51b5d_V1,week_sin,0.0,eligible,
strawberry_third,CAT_b90126c51b5d_V1,week_cos,0.0,eligible,
strawberry_third,CAT_e5938f8193b1_V1,history_count,0.0,eligible,
