Variable_Group_ID,Category_ID,Variable_ID,Variable_Name,Source_Table,Source_Field_or_Code,Derivation,Window,Unit,Entity_Level,Reference_Time,Missing_Rule,Definition_Version,Availability_Status,Reason,AX_Category,Variable_Domain,Variable_Category,Version,Status,Source_Category_ID,Target_ID
VG_Flower_001,CAT_047,FlowerA_legacy::current_total_flower_count,current_total_flower_count,retained legacy artifacts,current_total_flower_count,,,,,,,1,legacy_definition_not_rebuilt,,Mixed,Legacy,FlowerA_legacy 原본 입력 목록,1,legacy_preserved,,
VG_Flower_001,CAT_047,FlowerA_legacy::previous_total_flower_count,previous_total_flower_count,retained legacy artifacts,previous_total_flower_count,,,,,,,1,legacy_definition_not_rebuilt,,Mixed,Legacy,FlowerA_legacy 原본 입력 목록,1,legacy_preserved,,
VG_Flower_001,CAT_047,FlowerA_legacy::total_flower_delta,total_flower_delta,retained legacy artifacts,total_flower_delta,,,,,,,1,legacy_definition_not_rebuilt,,Mixed,Legacy,FlowerA_legacy 原본 입력 목록,1,legacy_preserved,,
VG_Flower_001,CAT_047,FlowerA_legacy::current_max_truss_number,current_max_truss_number,retained legacy artifacts,current_max_truss_number,,,,,,,1,legacy_definition_not_rebuilt,,Mixed,Legacy,FlowerA_legacy 原본 입력 목록,1,legacy_preserved,,
VG_Flower_001,CAT_047,FlowerA_legacy::positive_truss_count,positive_truss_count,retained legacy artifacts,positive_truss_count,,,,,,,1,legacy_definition_not_rebuilt,,Mixed,Legacy,FlowerA_legacy 原본 입력 목록,1,legacy_preserved,,
VG_Flower_001,CAT_047,FlowerA_legacy::observed_truss_count,observed_truss_count,retained legacy artifacts,observed_truss_count,,,,,,,1,legacy_definition_not_rebuilt,,Mixed,Legacy,FlowerA_legacy 原본 입력 목록,1,legacy_preserved,,
VG_Flower_001,CAT_047,FlowerA_legacy::days_since_previous,days_since_previous,retained legacy artifacts,days_since_previous,,,,,,,1,legacy_definition_not_rebuilt,,Mixed,Legacy,FlowerA_legacy 原본 입력 목록,1,legacy_preserved,,
VG_Flower_001,CAT_047,FlowerA_legacy::days_since_crop_start,days_since_crop_start,retained legacy artifacts,days_since_crop_start,,,,,,,1,legacy_definition_not_rebuilt,,Mixed,Legacy,FlowerA_legacy 原본 입력 목록,1,legacy_preserved,,
VG_Flower_001,CAT_047,FlowerA_legacy::week_of_year_sin,week_of_year_sin,retained legacy artifacts,week_of_year_sin,,,,,,,1,legacy_definition_not_rebuilt,,Mixed,Legacy,FlowerA_legacy 原본 입력 목록,1,legacy_preserved,,
VG_Flower_001,CAT_047,FlowerA_legacy::week_of_year_cos,week_of_year_cos,retained legacy artifacts,week_of_year_cos,,,,,,,1,legacy_definition_not_rebuilt,,Mixed,Legacy,FlowerA_legacy 原본 입력 목록,1,legacy_preserved,,
VG_Flower_001,CAT_047,FlowerA_legacy::indoor_temperature_7d_mean,indoor_temperature_7d_mean,retained legacy artifacts,indoor_temperature_7d_mean,,,,,,,1,legacy_definition_not_rebuilt,,Mixed,Legacy,FlowerA_legacy 原본 입력 목록,1,legacy_preserved,,
VG_Flower_001,CAT_047,FlowerA_legacy::indoor_humidity_7d_mean,indoor_humidity_7d_mean,retained legacy artifacts,indoor_humidity_7d_mean,,,,,,,1,legacy_definition_not_rebuilt,,Mixed,Legacy,FlowerA_legacy 原본 입력 목록,1,legacy_preserved,,
VG_Flower_001,CAT_047,FlowerA_legacy::indoor_co2_7d_mean,indoor_co2_7d_mean,retained legacy artifacts,indoor_co2_7d_mean,,,,,,,1,legacy_definition_not_rebuilt,,Mixed,Legacy,FlowerA_legacy 原본 입력 목록,1,legacy_preserved,,
VG_Fruit_001,CAT_048,FruitA_legacy::current_fruit_count,current_fruit_count,retained legacy artifacts,current_fruit_count,,,,,,,1,legacy_definition_not_rebuilt,,Mixed,Legacy,FruitA_legacy 原본 입력 목록,1,legacy_preserved,,
VG_Fruit_001,CAT_048,FruitA_legacy::fruit_count_delta,fruit_count_delta,retained legacy artifacts,fruit_count_delta,,,,,,,1,legacy_definition_not_rebuilt,,Mixed,Legacy,FruitA_legacy 原본 입력 목록,1,legacy_preserved,,
VG_Fruit_001,CAT_048,FruitA_legacy::fruit_count_roll2_std,fruit_count_roll2_std,retained legacy artifacts,fruit_count_roll2_std,,,,,,,1,legacy_definition_not_rebuilt,,Mixed,Legacy,FruitA_legacy 原본 입력 목록,1,legacy_preserved,,
VG_Fruit_001,CAT_048,FruitA_legacy::fruit_count_roll2_min,fruit_count_roll2_min,retained legacy artifacts,fruit_count_roll2_min,,,,,,,1,legacy_definition_not_rebuilt,,Mixed,Legacy,FruitA_legacy 原본 입력 목록,1,legacy_preserved,,
VG_Fruit_001,CAT_048,FruitA_legacy::fruit_count_roll3_min,fruit_count_roll3_min,retained legacy artifacts,fruit_count_roll3_min,,,,,,,1,legacy_definition_not_rebuilt,,Mixed,Legacy,FruitA_legacy 原본 입력 목록,1,legacy_preserved,,
VG_Fruit_001,CAT_048,FruitA_legacy::fruit_count_roll4_std,fruit_count_roll4_std,retained legacy artifacts,fruit_count_roll4_std,,,,,,,1,legacy_definition_not_rebuilt,,Mixed,Legacy,FruitA_legacy 原본 입력 목록,1,legacy_preserved,,
VG_Fruit_001,CAT_048,FruitA_legacy::days_since_previous,days_since_previous,retained legacy artifacts,days_since_previous,,,,,,,1,legacy_definition_not_rebuilt,,Mixed,Legacy,FruitA_legacy 原본 입력 목록,1,legacy_preserved,,
VG_Fruit_001,CAT_048,FruitA_legacy::days_since_first_measurement,days_since_first_measurement,retained legacy artifacts,days_since_first_measurement,,,,,,,1,legacy_definition_not_rebuilt,,Mixed,Legacy,FruitA_legacy 原본 입력 목록,1,legacy_preserved,,
VG_Fruit_001,CAT_048,FruitA_legacy::days_since_first_positive,days_since_first_positive,retained legacy artifacts,days_since_first_positive,,,,,,,1,legacy_definition_not_rebuilt,,Mixed,Legacy,FruitA_legacy 原본 입력 목록,1,legacy_preserved,,
VG_Fruit_001,CAT_048,FruitA_legacy::history_count,history_count,retained legacy artifacts,history_count,,,,,,,1,legacy_definition_not_rebuilt,,Mixed,Legacy,FruitA_legacy 原본 입력 목록,1,legacy_preserved,,
VG_Fruit_001,CAT_048,FruitA_legacy::week_of_year_sin,week_of_year_sin,retained legacy artifacts,week_of_year_sin,,,,,,,1,legacy_definition_not_rebuilt,,Mixed,Legacy,FruitA_legacy 原본 입력 목록,1,legacy_preserved,,
VG_Fruit_001,CAT_048,FruitA_legacy::week_of_year_cos,week_of_year_cos,retained legacy artifacts,week_of_year_cos,,,,,,,1,legacy_definition_not_rebuilt,,Mixed,Legacy,FruitA_legacy 原본 입력 목록,1,legacy_preserved,,
VG_Fruit_001,CAT_048,FruitA_legacy::sensor_EI__TI_7d_mean,sensor_EI__TI_7d_mean,retained legacy artifacts,sensor_EI__TI_7d_mean,,,,,,,1,legacy_definition_not_rebuilt,,Mixed,Legacy,FruitA_legacy 原본 입력 목록,1,legacy_preserved,,
VG_Flower_005,CAT_021,flower_count__current,전체 꽃 수 current,sfkr_hbfm_grow,growth_measure_code + resolved value column,current valid observation,current,개,individual,feature_date,train median after pre-freeze screening; no row deletion,1,definition_ready,,State,작물 생육,꽃 관측정보,1,frozen,CAT_020,tomato_total_flower
VG_Flower_005,CAT_021,flower_count__delta,전체 꽃 수 delta,sfkr_hbfm_grow,growth_measure_code + resolved value column,current minus previous,1 survey,개,individual,feature_date,train median after pre-freeze screening; no row deletion,1,definition_ready,,State,작물 생육,꽃 관측정보,1,frozen,CAT_020,tomato_total_flower
VG_Flower_005,CAT_021,flower_count__delta_per_day,전체 꽃 수 delta_per_day,sfkr_hbfm_grow,growth_measure_code + resolved value column,delta / positive elapsed days,1 survey,개,individual,feature_date,train median after pre-freeze screening; no row deletion,1,definition_ready,,State,작물 생육,꽃 관측정보,1,frozen,CAT_020,tomato_total_flower
VG_Flower_005,CAT_021,flower_count__lag1,전체 꽃 수 lag1,sfkr_hbfm_grow,growth_measure_code + resolved value column,lag 1,1 surveys,개,individual,feature_date,train median after pre-freeze screening; no row deletion,1,definition_ready,,State,작물 생육,꽃 관측정보,1,frozen,CAT_020,tomato_total_flower
VG_Flower_005,CAT_021,flower_count__lag2,전체 꽃 수 lag2,sfkr_hbfm_grow,growth_measure_code + resolved value column,lag 2,2 surveys,개,individual,feature_date,train median after pre-freeze screening; no row deletion,1,definition_ready,,State,작물 생육,꽃 관측정보,1,frozen,CAT_020,tomato_total_flower
VG_Flower_005,CAT_021,flower_count__lag3,전체 꽃 수 lag3,sfkr_hbfm_grow,growth_measure_code + resolved value column,lag 3,3 surveys,개,individual,feature_date,train median after pre-freeze screening; no row deletion,1,definition_ready,,State,작물 생육,꽃 관측정보,1,frozen,CAT_020,tomato_total_flower
VG_Flower_005,CAT_021,flower_count__roll2_std,전체 꽃 수 roll2_std,sfkr_hbfm_grow,growth_measure_code + resolved value column,std; ddof=0,2 valid surveys including current; min_periods=2,개,individual,feature_date,train median after pre-freeze screening; no row deletion,1,definition_ready,,State,작물 생육,꽃 관측정보,1,frozen,CAT_020,tomato_total_flower
VG_Flower_005,CAT_021,flower_count__roll2_min,전체 꽃 수 roll2_min,sfkr_hbfm_grow,growth_measure_code + resolved value column,min,2 valid surveys including current; min_periods=2,개,individual,feature_date,train median after pre-freeze screening; no row deletion,1,definition_ready,,State,작물 생육,꽃 관측정보,1,frozen,CAT_020,tomato_total_flower
VG_Flower_005,CAT_021,flower_count__roll3_mean,전체 꽃 수 roll3_mean,sfkr_hbfm_grow,growth_measure_code + resolved value column,mean,3 valid surveys including current; min_periods=3,개,individual,feature_date,train median after pre-freeze screening; no row deletion,1,definition_ready,,State,작물 생육,꽃 관측정보,1,frozen,CAT_020,tomato_total_flower
VG_Flower_005,CAT_021,flower_count__roll3_std,전체 꽃 수 roll3_std,sfkr_hbfm_grow,growth_measure_code + resolved value column,std; ddof=0,3 valid surveys including current; min_periods=3,개,individual,feature_date,train median after pre-freeze screening; no row deletion,1,definition_ready,,State,작물 생육,꽃 관측정보,1,frozen,CAT_020,tomato_total_flower
VG_Flower_005,CAT_021,flower_count__roll3_min,전체 꽃 수 roll3_min,sfkr_hbfm_grow,growth_measure_code + resolved value column,min,3 valid surveys including current; min_periods=3,개,individual,feature_date,train median after pre-freeze screening; no row deletion,1,definition_ready,,State,작물 생육,꽃 관측정보,1,frozen,CAT_020,tomato_total_flower
VG_Flower_005,CAT_021,flower_count__roll3_max,전체 꽃 수 roll3_max,sfkr_hbfm_grow,growth_measure_code + resolved value column,max,3 valid surveys including current; min_periods=3,개,individual,feature_date,train median after pre-freeze screening; no row deletion,1,definition_ready,,State,작물 생육,꽃 관측정보,1,frozen,CAT_020,tomato_total_flower
VG_Flower_005,CAT_021,flower_count__roll3_slope,전체 꽃 수 roll3_slope,sfkr_hbfm_grow,growth_measure_code + resolved value column,slope; per calendar day,3 valid surveys including current; min_periods=3,개,individual,feature_date,train median after pre-freeze screening; no row deletion,1,definition_ready,,State,작물 생육,꽃 관측정보,1,frozen,CAT_020,tomato_total_flower
VG_Flower_005,CAT_021,flower_count__roll4_mean,전체 꽃 수 roll4_mean,sfkr_hbfm_grow,growth_measure_code + resolved value column,mean,4 valid surveys including current; min_periods=4,개,individual,feature_date,train median after pre-freeze screening; no row deletion,1,definition_ready,,State,작물 생육,꽃 관측정보,1,frozen,CAT_020,tomato_total_flower
VG_Flower_005,CAT_021,flower_count__roll4_std,전체 꽃 수 roll4_std,sfkr_hbfm_grow,growth_measure_code + resolved value column,std; ddof=0,4 valid surveys including current; min_periods=4,개,individual,feature_date,train median after pre-freeze screening; no row deletion,1,definition_ready,,State,작물 생육,꽃 관측정보,1,frozen,CAT_020,tomato_total_flower
VG_Flower_005,CAT_021,flower_count__roll4_min,전체 꽃 수 roll4_min,sfkr_hbfm_grow,growth_measure_code + resolved value column,min,4 valid surveys including current; min_periods=4,개,individual,feature_date,train median after pre-freeze screening; no row deletion,1,definition_ready,,State,작물 생육,꽃 관측정보,1,frozen,CAT_020,tomato_total_flower
VG_Flower_005,CAT_021,flower_count__roll4_max,전체 꽃 수 roll4_max,sfkr_hbfm_grow,growth_measure_code + resolved value column,max,4 valid surveys including current; min_periods=4,개,individual,feature_date,train median after pre-freeze screening; no row deletion,1,definition_ready,,State,작물 생육,꽃 관측정보,1,frozen,CAT_020,tomato_total_flower
VG_Flower_005,CAT_021,flower_count__roll4_slope,전체 꽃 수 roll4_slope,sfkr_hbfm_grow,growth_measure_code + resolved value column,slope; per calendar day,4 valid surveys including current; min_periods=4,개,individual,feature_date,train median after pre-freeze screening; no row deletion,1,definition_ready,,State,작물 생육,꽃 관측정보,1,frozen,CAT_020,tomato_total_flower
VG_Flower_032,CAT_003,current_max_truss_number__current,최대 관측 화방번호 current,sfkr_hbfm_grow,growth_measure_code,current valid observation,current,번호,individual,feature_date,train median after pre-freeze screening; no row deletion,1,definition_ready,,State,작물 생육,화방 관측정보,1,frozen,CAT_002,tomato_total_flower
VG_Flower_032,CAT_003,current_max_truss_number__delta,최대 관측 화방번호 delta,sfkr_hbfm_grow,growth_measure_code,current minus previous,1 survey,번호,individual,feature_date,train median after pre-freeze screening; no row deletion,1,definition_ready,,State,작물 생육,화방 관측정보,1,frozen,CAT_002,tomato_total_flower
VG_Flower_032,CAT_003,current_max_truss_number__delta_per_day,최대 관측 화방번호 delta_per_day,sfkr_hbfm_grow,growth_measure_code,delta / positive elapsed days,1 survey,번호,individual,feature_date,train median after pre-freeze screening; no row deletion,1,definition_ready,,State,작물 생육,화방 관측정보,1,frozen,CAT_002,tomato_total_flower
VG_Flower_032,CAT_003,current_max_truss_number__lag1,최대 관측 화방번호 lag1,sfkr_hbfm_grow,growth_measure_code,lag 1,1 surveys,번호,individual,feature_date,train median after pre-freeze screening; no row deletion,1,definition_ready,,State,작물 생육,화방 관측정보,1,frozen,CAT_002,tomato_total_flower
VG_Flower_032,CAT_003,current_max_truss_number__lag2,최대 관측 화방번호 lag2,sfkr_hbfm_grow,growth_measure_code,lag 2,2 surveys,번호,individual,feature_date,train median after pre-freeze screening; no row deletion,1,definition_ready,,State,작물 생육,화방 관측정보,1,frozen,CAT_002,tomato_total_flower
VG_Flower_032,CAT_003,current_max_truss_number__lag3,최대 관측 화방번호 lag3,sfkr_hbfm_grow,growth_measure_code,lag 3,3 surveys,번호,individual,feature_date,train median after pre-freeze screening; no row deletion,1,definition_ready,,State,작물 생육,화방 관측정보,1,frozen,CAT_002,tomato_total_flower
VG_Flower_032,CAT_003,current_max_truss_number__roll3_mean,최대 관측 화방번호 roll3_mean,sfkr_hbfm_grow,growth_measure_code,mean,3 valid surveys including current; min_periods=3,번호,individual,feature_date,train median after pre-freeze screening; no row deletion,1,definition_ready,,State,작물 생육,화방 관측정보,1,frozen,CAT_002,tomato_total_flower
VG_Flower_032,CAT_003,current_max_truss_number__roll3_std,최대 관측 화방번호 roll3_std,sfkr_hbfm_grow,growth_measure_code,std; ddof=0,3 valid surveys including current; min_periods=3,번호,individual,feature_date,train median after pre-freeze screening; no row deletion,1,definition_ready,,State,작물 생육,화방 관측정보,1,frozen,CAT_002,tomato_total_flower
VG_Flower_032,CAT_003,current_max_truss_number__roll3_max,최대 관측 화방번호 roll3_max,sfkr_hbfm_grow,growth_measure_code,max,3 valid surveys including current; min_periods=3,번호,individual,feature_date,train median after pre-freeze screening; no row deletion,1,definition_ready,,State,작물 생육,화방 관측정보,1,frozen,CAT_002,tomato_total_flower
VG_Flower_032,CAT_003,current_max_truss_number__roll3_slope,최대 관측 화방번호 roll3_slope,sfkr_hbfm_grow,growth_measure_code,slope; per calendar day,3 valid surveys including current; min_periods=3,번호,individual,feature_date,train median after pre-freeze screening; no row deletion,1,definition_ready,,State,작물 생육,화방 관측정보,1,frozen,CAT_002,tomato_total_flower
VG_Flower_032,CAT_003,current_max_truss_number__roll4_mean,최대 관측 화방번호 roll4_mean,sfkr_hbfm_grow,growth_measure_code,mean,4 valid surveys including current; min_periods=4,번호,individual,feature_date,train median after pre-freeze screening; no row deletion,1,definition_ready,,State,작물 생육,화방 관측정보,1,frozen,CAT_002,tomato_total_flower
VG_Flower_032,CAT_003,current_max_truss_number__roll4_std,최대 관측 화방번호 roll4_std,sfkr_hbfm_grow,growth_measure_code,std; ddof=0,4 valid surveys including current; min_periods=4,번호,individual,feature_date,train median after pre-freeze screening; no row deletion,1,definition_ready,,State,작물 생육,화방 관측정보,1,frozen,CAT_002,tomato_total_flower
VG_Flower_032,CAT_003,current_max_truss_number__roll4_max,최대 관측 화방번호 roll4_max,sfkr_hbfm_grow,growth_measure_code,max,4 valid surveys including current; min_periods=4,번호,individual,feature_date,train median after pre-freeze screening; no row deletion,1,definition_ready,,State,작물 생육,화방 관측정보,1,frozen,CAT_002,tomato_total_flower
VG_Flower_032,CAT_003,current_max_truss_number__roll4_slope,최대 관측 화방번호 roll4_slope,sfkr_hbfm_grow,growth_measure_code,slope; per calendar day,4 valid surveys including current; min_periods=4,번호,individual,feature_date,train median after pre-freeze screening; no row deletion,1,definition_ready,,State,작물 생육,화방 관측정보,1,frozen,CAT_002,tomato_total_flower
VG_Flower_032,CAT_003,positive_truss_count__current,꽃이 있는 화방 수 current,sfkr_hbfm_grow,growth_measure_code + resolved value column,current valid observation,current,개,individual,feature_date,train median after pre-freeze screening; no row deletion,1,definition_ready,,State,작물 생육,화방 관측정보,1,frozen,CAT_002,tomato_total_flower
VG_Flower_032,CAT_003,positive_truss_count__delta,꽃이 있는 화방 수 delta,sfkr_hbfm_grow,growth_measure_code + resolved value column,current minus previous,1 survey,개,individual,feature_date,train median after pre-freeze screening; no row deletion,1,definition_ready,,State,작물 생육,화방 관측정보,1,frozen,CAT_002,tomato_total_flower
VG_Flower_032,CAT_003,positive_truss_count__delta_per_day,꽃이 있는 화방 수 delta_per_day,sfkr_hbfm_grow,growth_measure_code + resolved value column,delta / positive elapsed days,1 survey,개,individual,feature_date,train median after pre-freeze screening; no row deletion,1,definition_ready,,State,작물 생육,화방 관측정보,1,frozen,CAT_002,tomato_total_flower
VG_Flower_032,CAT_003,positive_truss_count__lag1,꽃이 있는 화방 수 lag1,sfkr_hbfm_grow,growth_measure_code + resolved value column,lag 1,1 surveys,개,individual,feature_date,train median after pre-freeze screening; no row deletion,1,definition_ready,,State,작물 생육,화방 관측정보,1,frozen,CAT_002,tomato_total_flower
VG_Flower_032,CAT_003,positive_truss_count__lag2,꽃이 있는 화방 수 lag2,sfkr_hbfm_grow,growth_measure_code + resolved value column,lag 2,2 surveys,개,individual,feature_date,train median after pre-freeze screening; no row deletion,1,definition_ready,,State,작물 생육,화방 관측정보,1,frozen,CAT_002,tomato_total_flower
VG_Flower_032,CAT_003,positive_truss_count__lag3,꽃이 있는 화방 수 lag3,sfkr_hbfm_grow,growth_measure_code + resolved value column,lag 3,3 surveys,개,individual,feature_date,train median after pre-freeze screening; no row deletion,1,definition_ready,,State,작물 생육,화방 관측정보,1,frozen,CAT_002,tomato_total_flower
VG_Flower_032,CAT_003,positive_truss_count__roll2_std,꽃이 있는 화방 수 roll2_std,sfkr_hbfm_grow,growth_measure_code + resolved value column,std; ddof=0,2 valid surveys including current; min_periods=2,개,individual,feature_date,train median after pre-freeze screening; no row deletion,1,definition_ready,,State,작물 생육,화방 관측정보,1,frozen,CAT_002,tomato_total_flower
VG_Flower_032,CAT_003,positive_truss_count__roll2_min,꽃이 있는 화방 수 roll2_min,sfkr_hbfm_grow,growth_measure_code + resolved value column,min,2 valid surveys including current; min_periods=2,개,individual,feature_date,train median after pre-freeze screening; no row deletion,1,definition_ready,,State,작물 생육,화방 관측정보,1,frozen,CAT_002,tomato_total_flower
VG_Flower_032,CAT_003,positive_truss_count__roll3_mean,꽃이 있는 화방 수 roll3_mean,sfkr_hbfm_grow,growth_measure_code + resolved value column,mean,3 valid surveys including current; min_periods=3,개,individual,feature_date,train median after pre-freeze screening; no row deletion,1,definition_ready,,State,작물 생육,화방 관측정보,1,frozen,CAT_002,tomato_total_flower
VG_Flower_032,CAT_003,positive_truss_count__roll3_std,꽃이 있는 화방 수 roll3_std,sfkr_hbfm_grow,growth_measure_code + resolved value column,std; ddof=0,3 valid surveys including current; min_periods=3,개,individual,feature_date,train median after pre-freeze screening; no row deletion,1,definition_ready,,State,작물 생육,화방 관측정보,1,frozen,CAT_002,tomato_total_flower
VG_Flower_032,CAT_003,positive_truss_count__roll3_min,꽃이 있는 화방 수 roll3_min,sfkr_hbfm_grow,growth_measure_code + resolved value column,min,3 valid surveys including current; min_periods=3,개,individual,feature_date,train median after pre-freeze screening; no row deletion,1,definition_ready,,State,작물 생육,화방 관측정보,1,frozen,CAT_002,tomato_total_flower
VG_Flower_032,CAT_003,positive_truss_count__roll3_max,꽃이 있는 화방 수 roll3_max,sfkr_hbfm_grow,growth_measure_code + resolved value column,max,3 valid surveys including current; min_periods=3,개,individual,feature_date,train median after pre-freeze screening; no row deletion,1,definition_ready,,State,작물 생육,화방 관측정보,1,frozen,CAT_002,tomato_total_flower
VG_Flower_032,CAT_003,positive_truss_count__roll3_slope,꽃이 있는 화방 수 roll3_slope,sfkr_hbfm_grow,growth_measure_code + resolved value column,slope; per calendar day,3 valid surveys including current; min_periods=3,개,individual,feature_date,train median after pre-freeze screening; no row deletion,1,definition_ready,,State,작물 생육,화방 관측정보,1,frozen,CAT_002,tomato_total_flower
VG_Flower_032,CAT_003,positive_truss_count__roll4_mean,꽃이 있는 화방 수 roll4_mean,sfkr_hbfm_grow,growth_measure_code + resolved value column,mean,4 valid surveys including current; min_periods=4,개,individual,feature_date,train median after pre-freeze screening; no row deletion,1,definition_ready,,State,작물 생육,화방 관측정보,1,frozen,CAT_002,tomato_total_flower
VG_Flower_032,CAT_003,positive_truss_count__roll4_std,꽃이 있는 화방 수 roll4_std,sfkr_hbfm_grow,growth_measure_code + resolved value column,std; ddof=0,4 valid surveys including current; min_periods=4,개,individual,feature_date,train median after pre-freeze screening; no row deletion,1,definition_ready,,State,작물 생육,화방 관측정보,1,frozen,CAT_002,tomato_total_flower
VG_Flower_032,CAT_003,positive_truss_count__roll4_min,꽃이 있는 화방 수 roll4_min,sfkr_hbfm_grow,growth_measure_code + resolved value column,min,4 valid surveys including current; min_periods=4,개,individual,feature_date,train median after pre-freeze screening; no row deletion,1,definition_ready,,State,작물 생육,화방 관측정보,1,frozen,CAT_002,tomato_total_flower
VG_Flower_032,CAT_003,positive_truss_count__roll4_max,꽃이 있는 화방 수 roll4_max,sfkr_hbfm_grow,growth_measure_code + resolved value column,max,4 valid surveys including current; min_periods=4,개,individual,feature_date,train median after pre-freeze screening; no row deletion,1,definition_ready,,State,작물 생육,화방 관측정보,1,frozen,CAT_002,tomato_total_flower
VG_Flower_032,CAT_003,positive_truss_count__roll4_slope,꽃이 있는 화방 수 roll4_slope,sfkr_hbfm_grow,growth_measure_code + resolved value column,slope; per calendar day,4 valid surveys including current; min_periods=4,개,individual,feature_date,train median after pre-freeze screening; no row deletion,1,definition_ready,,State,작물 생육,화방 관측정보,1,frozen,CAT_002,tomato_total_flower
VG_Flower_032,CAT_006,observed_truss_count__current,관측 화방 수 current,sfkr_hbfm_grow,growth_measure_code,current valid observation,current,개,individual,feature_date,train median after pre-freeze screening; no row deletion,1,definition_ready,,Context,작물 생육,관측범위·품질,1,frozen,CAT_005,tomato_total_flower
VG_Flower_032,CAT_006,observed_truss_count__delta,관측 화방 수 delta,sfkr_hbfm_grow,growth_measure_code,current minus previous,1 survey,개,individual,feature_date,train median after pre-freeze screening; no row deletion,1,definition_ready,,Context,작물 생육,관측범위·품질,1,frozen,CAT_005,tomato_total_flower
VG_Flower_032,CAT_006,observed_truss_count__delta_per_day,관측 화방 수 delta_per_day,sfkr_hbfm_grow,growth_measure_code,delta / positive elapsed days,1 survey,개,individual,feature_date,train median after pre-freeze screening; no row deletion,1,definition_ready,,Context,작물 생육,관측범위·품질,1,frozen,CAT_005,tomato_total_flower
VG_Flower_032,CAT_006,observed_truss_count__lag1,관측 화방 수 lag1,sfkr_hbfm_grow,growth_measure_code,lag 1,1 surveys,개,individual,feature_date,train median after pre-freeze screening; no row deletion,1,definition_ready,,Context,작물 생육,관측범위·품질,1,frozen,CAT_005,tomato_total_flower
VG_Flower_032,CAT_006,observed_truss_count__lag2,관측 화방 수 lag2,sfkr_hbfm_grow,growth_measure_code,lag 2,2 surveys,개,individual,feature_date,train median after pre-freeze screening; no row deletion,1,definition_ready,,Context,작물 생육,관측범위·품질,1,frozen,CAT_005,tomato_total_flower
VG_Flower_032,CAT_006,observed_truss_count__lag3,관측 화방 수 lag3,sfkr_hbfm_grow,growth_measure_code,lag 3,3 surveys,개,individual,feature_date,train median after pre-freeze screening; no row deletion,1,definition_ready,,Context,작물 생육,관측범위·품질,1,frozen,CAT_005,tomato_total_flower
VG_Flower_032,CAT_006,observed_truss_count__roll3_mean,관측 화방 수 roll3_mean,sfkr_hbfm_grow,growth_measure_code,mean,3 valid surveys including current; min_periods=3,개,individual,feature_date,train median after pre-freeze screening; no row deletion,1,definition_ready,,Context,작물 생육,관측범위·품질,1,frozen,CAT_005,tomato_total_flower
VG_Flower_032,CAT_006,observed_truss_count__roll3_std,관측 화방 수 roll3_std,sfkr_hbfm_grow,growth_measure_code,std; ddof=0,3 valid surveys including current; min_periods=3,개,individual,feature_date,train median after pre-freeze screening; no row deletion,1,definition_ready,,Context,작물 생육,관측범위·품질,1,frozen,CAT_005,tomato_total_flower
VG_Flower_032,CAT_006,observed_truss_count__roll3_max,관측 화방 수 roll3_max,sfkr_hbfm_grow,growth_measure_code,max,3 valid surveys including current; min_periods=3,개,individual,feature_date,train median after pre-freeze screening; no row deletion,1,definition_ready,,Context,작물 생육,관측범위·품질,1,frozen,CAT_005,tomato_total_flower
VG_Flower_032,CAT_006,observed_truss_count__roll3_slope,관측 화방 수 roll3_slope,sfkr_hbfm_grow,growth_measure_code,slope; per calendar day,3 valid surveys including current; min_periods=3,개,individual,feature_date,train median after pre-freeze screening; no row deletion,1,definition_ready,,Context,작물 생육,관측범위·품질,1,frozen,CAT_005,tomato_total_flower
VG_Flower_032,CAT_006,observed_truss_count__roll4_mean,관측 화방 수 roll4_mean,sfkr_hbfm_grow,growth_measure_code,mean,4 valid surveys including current; min_periods=4,개,individual,feature_date,train median after pre-freeze screening; no row deletion,1,definition_ready,,Context,작물 생육,관측범위·품질,1,frozen,CAT_005,tomato_total_flower
VG_Flower_032,CAT_006,observed_truss_count__roll4_std,관측 화방 수 roll4_std,sfkr_hbfm_grow,growth_measure_code,std; ddof=0,4 valid surveys including current; min_periods=4,개,individual,feature_date,train median after pre-freeze screening; no row deletion,1,definition_ready,,Context,작물 생육,관측범위·품질,1,frozen,CAT_005,tomato_total_flower
VG_Flower_032,CAT_006,observed_truss_count__roll4_max,관측 화방 수 roll4_max,sfkr_hbfm_grow,growth_measure_code,max,4 valid surveys including current; min_periods=4,개,individual,feature_date,train median after pre-freeze screening; no row deletion,1,definition_ready,,Context,작물 생육,관측범위·품질,1,frozen,CAT_005,tomato_total_flower
VG_Flower_032,CAT_006,observed_truss_count__roll4_slope,관측 화방 수 roll4_slope,sfkr_hbfm_grow,growth_measure_code,slope; per calendar day,4 valid surveys including current; min_periods=4,개,individual,feature_date,train median after pre-freeze screening; no row deletion,1,definition_ready,,Context,작물 생육,관측범위·품질,1,frozen,CAT_005,tomato_total_flower
VG_Flower_032,CAT_021,flower_count__current,전체 꽃 수 current,sfkr_hbfm_grow,growth_measure_code + resolved value column,current valid observation,current,개,individual,feature_date,train median after pre-freeze screening; no row deletion,1,definition_ready,,State,작물 생육,꽃 관측정보,1,frozen,CAT_020,tomato_total_flower
VG_Flower_032,CAT_021,flower_count__delta,전체 꽃 수 delta,sfkr_hbfm_grow,growth_measure_code + resolved value column,current minus previous,1 survey,개,individual,feature_date,train median after pre-freeze screening; no row deletion,1,definition_ready,,State,작물 생육,꽃 관측정보,1,frozen,CAT_020,tomato_total_flower
VG_Flower_032,CAT_021,flower_count__delta_per_day,전체 꽃 수 delta_per_day,sfkr_hbfm_grow,growth_measure_code + resolved value column,delta / positive elapsed days,1 survey,개,individual,feature_date,train median after pre-freeze screening; no row deletion,1,definition_ready,,State,작물 생육,꽃 관측정보,1,frozen,CAT_020,tomato_total_flower
VG_Flower_032,CAT_021,flower_count__lag1,전체 꽃 수 lag1,sfkr_hbfm_grow,growth_measure_code + resolved value column,lag 1,1 surveys,개,individual,feature_date,train median after pre-freeze screening; no row deletion,1,definition_ready,,State,작물 생육,꽃 관측정보,1,frozen,CAT_020,tomato_total_flower
VG_Flower_032,CAT_021,flower_count__lag2,전체 꽃 수 lag2,sfkr_hbfm_grow,growth_measure_code + resolved value column,lag 2,2 surveys,개,individual,feature_date,train median after pre-freeze screening; no row deletion,1,definition_ready,,State,작물 생육,꽃 관측정보,1,frozen,CAT_020,tomato_total_flower
VG_Flower_032,CAT_021,flower_count__lag3,전체 꽃 수 lag3,sfkr_hbfm_grow,growth_measure_code + resolved value column,lag 3,3 surveys,개,individual,feature_date,train median after pre-freeze screening; no row deletion,1,definition_ready,,State,작물 생육,꽃 관측정보,1,frozen,CAT_020,tomato_total_flower
VG_Flower_032,CAT_021,flower_count__roll2_std,전체 꽃 수 roll2_std,sfkr_hbfm_grow,growth_measure_code + resolved value column,std; ddof=0,2 valid surveys including current; min_periods=2,개,individual,feature_date,train median after pre-freeze screening; no row deletion,1,definition_ready,,State,작물 생육,꽃 관측정보,1,frozen,CAT_020,tomato_total_flower
VG_Flower_032,CAT_021,flower_count__roll2_min,전체 꽃 수 roll2_min,sfkr_hbfm_grow,growth_measure_code + resolved value column,min,2 valid surveys including current; min_periods=2,개,individual,feature_date,train median after pre-freeze screening; no row deletion,1,definition_ready,,State,작물 생육,꽃 관측정보,1,frozen,CAT_020,tomato_total_flower
VG_Flower_032,CAT_021,flower_count__roll3_mean,전체 꽃 수 roll3_mean,sfkr_hbfm_grow,growth_measure_code + resolved value column,mean,3 valid surveys including current; min_periods=3,개,individual,feature_date,train median after pre-freeze screening; no row deletion,1,definition_ready,,State,작물 생육,꽃 관측정보,1,frozen,CAT_020,tomato_total_flower
VG_Flower_032,CAT_021,flower_count__roll3_std,전체 꽃 수 roll3_std,sfkr_hbfm_grow,growth_measure_code + resolved value column,std; ddof=0,3 valid surveys including current; min_periods=3,개,individual,feature_date,train median after pre-freeze screening; no row deletion,1,definition_ready,,State,작물 생육,꽃 관측정보,1,frozen,CAT_020,tomato_total_flower
VG_Flower_032,CAT_021,flower_count__roll3_min,전체 꽃 수 roll3_min,sfkr_hbfm_grow,growth_measure_code + resolved value column,min,3 valid surveys including current; min_periods=3,개,individual,feature_date,train median after pre-freeze screening; no row deletion,1,definition_ready,,State,작물 생육,꽃 관측정보,1,frozen,CAT_020,tomato_total_flower
VG_Flower_032,CAT_021,flower_count__roll3_max,전체 꽃 수 roll3_max,sfkr_hbfm_grow,growth_measure_code + resolved value column,max,3 valid surveys including current; min_periods=3,개,individual,feature_date,train median after pre-freeze screening; no row deletion,1,definition_ready,,State,작물 생육,꽃 관측정보,1,frozen,CAT_020,tomato_total_flower
VG_Flower_032,CAT_021,flower_count__roll3_slope,전체 꽃 수 roll3_slope,sfkr_hbfm_grow,growth_measure_code + resolved value column,slope; per calendar day,3 valid surveys including current; min_periods=3,개,individual,feature_date,train median after pre-freeze screening; no row deletion,1,definition_ready,,State,작물 생육,꽃 관측정보,1,frozen,CAT_020,tomato_total_flower
VG_Flower_032,CAT_021,flower_count__roll4_mean,전체 꽃 수 roll4_mean,sfkr_hbfm_grow,growth_measure_code + resolved value column,mean,4 valid surveys including current; min_periods=4,개,individual,feature_date,train median after pre-freeze screening; no row deletion,1,definition_ready,,State,작물 생육,꽃 관측정보,1,frozen,CAT_020,tomato_total_flower
VG_Flower_032,CAT_021,flower_count__roll4_std,전체 꽃 수 roll4_std,sfkr_hbfm_grow,growth_measure_code + resolved value column,std; ddof=0,4 valid surveys including current; min_periods=4,개,individual,feature_date,train median after pre-freeze screening; no row deletion,1,definition_ready,,State,작물 생육,꽃 관측정보,1,frozen,CAT_020,tomato_total_flower
VG_Flower_032,CAT_021,flower_count__roll4_min,전체 꽃 수 roll4_min,sfkr_hbfm_grow,growth_measure_code + resolved value column,min,4 valid surveys including current; min_periods=4,개,individual,feature_date,train median after pre-freeze screening; no row deletion,1,definition_ready,,State,작물 생육,꽃 관측정보,1,frozen,CAT_020,tomato_total_flower
VG_Flower_032,CAT_021,flower_count__roll4_max,전체 꽃 수 roll4_max,sfkr_hbfm_grow,growth_measure_code + resolved value column,max,4 valid surveys including current; min_periods=4,개,individual,feature_date,train median after pre-freeze screening; no row deletion,1,definition_ready,,State,작물 생육,꽃 관측정보,1,frozen,CAT_020,tomato_total_flower
VG_Flower_032,CAT_021,flower_count__roll4_slope,전체 꽃 수 roll4_slope,sfkr_hbfm_grow,growth_measure_code + resolved value column,slope; per calendar day,4 valid surveys including current; min_periods=4,개,individual,feature_date,train median after pre-freeze screening; no row deletion,1,definition_ready,,State,작물 생육,꽃 관측정보,1,frozen,CAT_020,tomato_total_flower
VG_Flower_032,CAT_033,days_since_previous,이전 조사 후 경과일,growth/crop source,measurement date/cropping_date/current count,observed history only; ISO week period=52.1775,through current,day,individual,feature_date,train median after pre-freeze screening; no row deletion,1,definition_ready,,Context,재배 맥락,시간정보,1,frozen,CAT_029,tomato_total_flower
VG_Flower_032,CAT_033,days_since_first_measurement,최초 조사 후 경과일,growth/crop source,measurement date/cropping_date/current count,observed history only; ISO week period=52.1775,through current,day,individual,feature_date,train median after pre-freeze screening; no row deletion,1,definition_ready,,Context,재배 맥락,시간정보,1,frozen,CAT_029,tomato_total_flower
VG_Flower_032,CAT_033,days_since_crop_start,작기 시작 후 경과일,growth/crop source,measurement date/cropping_date/current count,observed history only; ISO week period=52.1775,through current,day,individual,feature_date,train median after pre-freeze screening; no row deletion,1,definition_ready,,Context,재배 맥락,시간정보,1,frozen,CAT_029,tomato_total_flower
VG_Flower_032,CAT_033,week_sin,연중 주차 사인값,growth/crop source,measurement date/cropping_date/current count,observed history only; ISO week period=52.1775,through current,unitless,individual,feature_date,train median after pre-freeze screening; no row deletion,1,definition_ready,,Context,재배 맥락,시간정보,1,frozen,CAT_029,tomato_total_flower
VG_Flower_032,CAT_033,week_cos,연중 주차 코사인값,growth/crop source,measurement date/cropping_date/current count,observed history only; ISO week period=52.1775,through current,unitless,individual,feature_date,train median after pre-freeze screening; no row deletion,1,definition_ready,,Context,재배 맥락,시간정보,1,frozen,CAT_029,tomato_total_flower
VG_Flower_037,CAT_003,current_max_truss_number__current,최대 관측 화방번호 current,sfkr_hbfm_grow,growth_measure_code,current valid observation,current,번호,individual,feature_date,train median after pre-freeze screening; no row deletion,1,definition_ready,,State,작물 생육,화방 관측정보,1,frozen,CAT_002,tomato_total_flower
VG_Flower_037,CAT_003,current_max_truss_number__delta,최대 관측 화방번호 delta,sfkr_hbfm_grow,growth_measure_code,current minus previous,1 survey,번호,individual,feature_date,train median after pre-freeze screening; no row deletion,1,definition_ready,,State,작물 생육,화방 관측정보,1,frozen,CAT_002,tomato_total_flower
VG_Flower_037,CAT_003,current_max_truss_number__delta_per_day,최대 관측 화방번호 delta_per_day,sfkr_hbfm_grow,growth_measure_code,delta / positive elapsed days,1 survey,번호,individual,feature_date,train median after pre-freeze screening; no row deletion,1,definition_ready,,State,작물 생육,화방 관측정보,1,frozen,CAT_002,tomato_total_flower
VG_Flower_037,CAT_003,current_max_truss_number__lag1,최대 관측 화방번호 lag1,sfkr_hbfm_grow,growth_measure_code,lag 1,1 surveys,번호,individual,feature_date,train median after pre-freeze screening; no row deletion,1,definition_ready,,State,작물 생육,화방 관측정보,1,frozen,CAT_002,tomato_total_flower
VG_Flower_037,CAT_003,current_max_truss_number__lag2,최대 관측 화방번호 lag2,sfkr_hbfm_grow,growth_measure_code,lag 2,2 surveys,번호,individual,feature_date,train median after pre-freeze screening; no row deletion,1,definition_ready,,State,작물 생육,화방 관측정보,1,frozen,CAT_002,tomato_total_flower
VG_Flower_037,CAT_003,current_max_truss_number__lag3,최대 관측 화방번호 lag3,sfkr_hbfm_grow,growth_measure_code,lag 3,3 surveys,번호,individual,feature_date,train median after pre-freeze screening; no row deletion,1,definition_ready,,State,작물 생육,화방 관측정보,1,frozen,CAT_002,tomato_total_flower
VG_Flower_037,CAT_003,current_max_truss_number__roll3_mean,최대 관측 화방번호 roll3_mean,sfkr_hbfm_grow,growth_measure_code,mean,3 valid surveys including current; min_periods=3,번호,individual,feature_date,train median after pre-freeze screening; no row deletion,1,definition_ready,,State,작물 생육,화방 관측정보,1,frozen,CAT_002,tomato_total_flower
VG_Flower_037,CAT_003,current_max_truss_number__roll3_std,최대 관측 화방번호 roll3_std,sfkr_hbfm_grow,growth_measure_code,std; ddof=0,3 valid surveys including current; min_periods=3,번호,individual,feature_date,train median after pre-freeze screening; no row deletion,1,definition_ready,,State,작물 생육,화방 관측정보,1,frozen,CAT_002,tomato_total_flower
VG_Flower_037,CAT_003,current_max_truss_number__roll3_max,최대 관측 화방번호 roll3_max,sfkr_hbfm_grow,growth_measure_code,max,3 valid surveys including current; min_periods=3,번호,individual,feature_date,train median after pre-freeze screening; no row deletion,1,definition_ready,,State,작물 생육,화방 관측정보,1,frozen,CAT_002,tomato_total_flower
VG_Flower_037,CAT_003,current_max_truss_number__roll3_slope,최대 관측 화방번호 roll3_slope,sfkr_hbfm_grow,growth_measure_code,slope; per calendar day,3 valid surveys including current; min_periods=3,번호,individual,feature_date,train median after pre-freeze screening; no row deletion,1,definition_ready,,State,작물 생육,화방 관측정보,1,frozen,CAT_002,tomato_total_flower
VG_Flower_037,CAT_003,current_max_truss_number__roll4_mean,최대 관측 화방번호 roll4_mean,sfkr_hbfm_grow,growth_measure_code,mean,4 valid surveys including current; min_periods=4,번호,individual,feature_date,train median after pre-freeze screening; no row deletion,1,definition_ready,,State,작물 생육,화방 관측정보,1,frozen,CAT_002,tomato_total_flower
VG_Flower_037,CAT_003,current_max_truss_number__roll4_std,최대 관측 화방번호 roll4_std,sfkr_hbfm_grow,growth_measure_code,std; ddof=0,4 valid surveys including current; min_periods=4,번호,individual,feature_date,train median after pre-freeze screening; no row deletion,1,definition_ready,,State,작물 생육,화방 관측정보,1,frozen,CAT_002,tomato_total_flower
VG_Flower_037,CAT_003,current_max_truss_number__roll4_max,최대 관측 화방번호 roll4_max,sfkr_hbfm_grow,growth_measure_code,max,4 valid surveys including current; min_periods=4,번호,individual,feature_date,train median after pre-freeze screening; no row deletion,1,definition_ready,,State,작물 생육,화방 관측정보,1,frozen,CAT_002,tomato_total_flower
VG_Flower_037,CAT_003,current_max_truss_number__roll4_slope,최대 관측 화방번호 roll4_slope,sfkr_hbfm_grow,growth_measure_code,slope; per calendar day,4 valid surveys including current; min_periods=4,번호,individual,feature_date,train median after pre-freeze screening; no row deletion,1,definition_ready,,State,작물 생육,화방 관측정보,1,frozen,CAT_002,tomato_total_flower
VG_Flower_037,CAT_003,positive_truss_count__current,꽃이 있는 화방 수 current,sfkr_hbfm_grow,growth_measure_code + resolved value column,current valid observation,current,개,individual,feature_date,train median after pre-freeze screening; no row deletion,1,definition_ready,,State,작물 생육,화방 관측정보,1,frozen,CAT_002,tomato_total_flower
VG_Flower_037,CAT_003,positive_truss_count__delta,꽃이 있는 화방 수 delta,sfkr_hbfm_grow,growth_measure_code + resolved value column,current minus previous,1 survey,개,individual,feature_date,train median after pre-freeze screening; no row deletion,1,definition_ready,,State,작물 생육,화방 관측정보,1,frozen,CAT_002,tomato_total_flower
VG_Flower_037,CAT_003,positive_truss_count__delta_per_day,꽃이 있는 화방 수 delta_per_day,sfkr_hbfm_grow,growth_measure_code + resolved value column,delta / positive elapsed days,1 survey,개,individual,feature_date,train median after pre-freeze screening; no row deletion,1,definition_ready,,State,작물 생육,화방 관측정보,1,frozen,CAT_002,tomato_total_flower
VG_Flower_037,CAT_003,positive_truss_count__lag1,꽃이 있는 화방 수 lag1,sfkr_hbfm_grow,growth_measure_code + resolved value column,lag 1,1 surveys,개,individual,feature_date,train median after pre-freeze screening; no row deletion,1,definition_ready,,State,작물 생육,화방 관측정보,1,frozen,CAT_002,tomato_total_flower
VG_Flower_037,CAT_003,positive_truss_count__lag2,꽃이 있는 화방 수 lag2,sfkr_hbfm_grow,growth_measure_code + resolved value column,lag 2,2 surveys,개,individual,feature_date,train median after pre-freeze screening; no row deletion,1,definition_ready,,State,작물 생육,화방 관측정보,1,frozen,CAT_002,tomato_total_flower
VG_Flower_037,CAT_003,positive_truss_count__lag3,꽃이 있는 화방 수 lag3,sfkr_hbfm_grow,growth_measure_code + resolved value column,lag 3,3 surveys,개,individual,feature_date,train median after pre-freeze screening; no row deletion,1,definition_ready,,State,작물 생육,화방 관측정보,1,frozen,CAT_002,tomato_total_flower
VG_Flower_037,CAT_003,positive_truss_count__roll2_std,꽃이 있는 화방 수 roll2_std,sfkr_hbfm_grow,growth_measure_code + resolved value column,std; ddof=0,2 valid surveys including current; min_periods=2,개,individual,feature_date,train median after pre-freeze screening; no row deletion,1,definition_ready,,State,작물 생육,화방 관측정보,1,frozen,CAT_002,tomato_total_flower
VG_Flower_037,CAT_003,positive_truss_count__roll2_min,꽃이 있는 화방 수 roll2_min,sfkr_hbfm_grow,growth_measure_code + resolved value column,min,2 valid surveys including current; min_periods=2,개,individual,feature_date,train median after pre-freeze screening; no row deletion,1,definition_ready,,State,작물 생육,화방 관측정보,1,frozen,CAT_002,tomato_total_flower
VG_Flower_037,CAT_003,positive_truss_count__roll3_mean,꽃이 있는 화방 수 roll3_mean,sfkr_hbfm_grow,growth_measure_code + resolved value column,mean,3 valid surveys including current; min_periods=3,개,individual,feature_date,train median after pre-freeze screening; no row deletion,1,definition_ready,,State,작물 생육,화방 관측정보,1,frozen,CAT_002,tomato_total_flower
VG_Flower_037,CAT_003,positive_truss_count__roll3_std,꽃이 있는 화방 수 roll3_std,sfkr_hbfm_grow,growth_measure_code + resolved value column,std; ddof=0,3 valid surveys including current; min_periods=3,개,individual,feature_date,train median after pre-freeze screening; no row deletion,1,definition_ready,,State,작물 생육,화방 관측정보,1,frozen,CAT_002,tomato_total_flower
VG_Flower_037,CAT_003,positive_truss_count__roll3_min,꽃이 있는 화방 수 roll3_min,sfkr_hbfm_grow,growth_measure_code + resolved value column,min,3 valid surveys including current; min_periods=3,개,individual,feature_date,train median after pre-freeze screening; no row deletion,1,definition_ready,,State,작물 생육,화방 관측정보,1,frozen,CAT_002,tomato_total_flower
VG_Flower_037,CAT_003,positive_truss_count__roll3_max,꽃이 있는 화방 수 roll3_max,sfkr_hbfm_grow,growth_measure_code + resolved value column,max,3 valid surveys including current; min_periods=3,개,individual,feature_date,train median after pre-freeze screening; no row deletion,1,definition_ready,,State,작물 생육,화방 관측정보,1,frozen,CAT_002,tomato_total_flower
VG_Flower_037,CAT_003,positive_truss_count__roll3_slope,꽃이 있는 화방 수 roll3_slope,sfkr_hbfm_grow,growth_measure_code + resolved value column,slope; per calendar day,3 valid surveys including current; min_periods=3,개,individual,feature_date,train median after pre-freeze screening; no row deletion,1,definition_ready,,State,작물 생육,화방 관측정보,1,frozen,CAT_002,tomato_total_flower
VG_Flower_037,CAT_003,positive_truss_count__roll4_mean,꽃이 있는 화방 수 roll4_mean,sfkr_hbfm_grow,growth_measure_code + resolved value column,mean,4 valid surveys including current; min_periods=4,개,individual,feature_date,train median after pre-freeze screening; no row deletion,1,definition_ready,,State,작물 생육,화방 관측정보,1,frozen,CAT_002,tomato_total_flower
VG_Flower_037,CAT_003,positive_truss_count__roll4_std,꽃이 있는 화방 수 roll4_std,sfkr_hbfm_grow,growth_measure_code + resolved value column,std; ddof=0,4 valid surveys including current; min_periods=4,개,individual,feature_date,train median after pre-freeze screening; no row deletion,1,definition_ready,,State,작물 생육,화방 관측정보,1,frozen,CAT_002,tomato_total_flower
VG_Flower_037,CAT_003,positive_truss_count__roll4_min,꽃이 있는 화방 수 roll4_min,sfkr_hbfm_grow,growth_measure_code + resolved value column,min,4 valid surveys including current; min_periods=4,개,individual,feature_date,train median after pre-freeze screening; no row deletion,1,definition_ready,,State,작물 생육,화방 관측정보,1,frozen,CAT_002,tomato_total_flower
VG_Flower_037,CAT_003,positive_truss_count__roll4_max,꽃이 있는 화방 수 roll4_max,sfkr_hbfm_grow,growth_measure_code + resolved value column,max,4 valid surveys including current; min_periods=4,개,individual,feature_date,train median after pre-freeze screening; no row deletion,1,definition_ready,,State,작물 생육,화방 관측정보,1,frozen,CAT_002,tomato_total_flower
VG_Flower_037,CAT_003,positive_truss_count__roll4_slope,꽃이 있는 화방 수 roll4_slope,sfkr_hbfm_grow,growth_measure_code + resolved value column,slope; per calendar day,4 valid surveys including current; min_periods=4,개,individual,feature_date,train median after pre-freeze screening; no row deletion,1,definition_ready,,State,작물 생육,화방 관측정보,1,frozen,CAT_002,tomato_total_flower
VG_Flower_037,CAT_021,flower_count__current,전체 꽃 수 current,sfkr_hbfm_grow,growth_measure_code + resolved value column,current valid observation,current,개,individual,feature_date,train median after pre-freeze screening; no row deletion,1,definition_ready,,State,작물 생육,꽃 관측정보,1,frozen,CAT_020,tomato_total_flower
VG_Flower_037,CAT_021,flower_count__delta,전체 꽃 수 delta,sfkr_hbfm_grow,growth_measure_code + resolved value column,current minus previous,1 survey,개,individual,feature_date,train median after pre-freeze screening; no row deletion,1,definition_ready,,State,작물 생육,꽃 관측정보,1,frozen,CAT_020,tomato_total_flower
VG_Flower_037,CAT_021,flower_count__delta_per_day,전체 꽃 수 delta_per_day,sfkr_hbfm_grow,growth_measure_code + resolved value column,delta / positive elapsed days,1 survey,개,individual,feature_date,train median after pre-freeze screening; no row deletion,1,definition_ready,,State,작물 생육,꽃 관측정보,1,frozen,CAT_020,tomato_total_flower
VG_Flower_037,CAT_021,flower_count__lag1,전체 꽃 수 lag1,sfkr_hbfm_grow,growth_measure_code + resolved value column,lag 1,1 surveys,개,individual,feature_date,train median after pre-freeze screening; no row deletion,1,definition_ready,,State,작물 생육,꽃 관측정보,1,frozen,CAT_020,tomato_total_flower
VG_Flower_037,CAT_021,flower_count__lag2,전체 꽃 수 lag2,sfkr_hbfm_grow,growth_measure_code + resolved value column,lag 2,2 surveys,개,individual,feature_date,train median after pre-freeze screening; no row deletion,1,definition_ready,,State,작물 생육,꽃 관측정보,1,frozen,CAT_020,tomato_total_flower
VG_Flower_037,CAT_021,flower_count__lag3,전체 꽃 수 lag3,sfkr_hbfm_grow,growth_measure_code + resolved value column,lag 3,3 surveys,개,individual,feature_date,train median after pre-freeze screening; no row deletion,1,definition_ready,,State,작물 생육,꽃 관측정보,1,frozen,CAT_020,tomato_total_flower
VG_Flower_037,CAT_021,flower_count__roll2_std,전체 꽃 수 roll2_std,sfkr_hbfm_grow,growth_measure_code + resolved value column,std; ddof=0,2 valid surveys including current; min_periods=2,개,individual,feature_date,train median after pre-freeze screening; no row deletion,1,definition_ready,,State,작물 생육,꽃 관측정보,1,frozen,CAT_020,tomato_total_flower
VG_Flower_037,CAT_021,flower_count__roll2_min,전체 꽃 수 roll2_min,sfkr_hbfm_grow,growth_measure_code + resolved value column,min,2 valid surveys including current; min_periods=2,개,individual,feature_date,train median after pre-freeze screening; no row deletion,1,definition_ready,,State,작물 생육,꽃 관측정보,1,frozen,CAT_020,tomato_total_flower
VG_Flower_037,CAT_021,flower_count__roll3_mean,전체 꽃 수 roll3_mean,sfkr_hbfm_grow,growth_measure_code + resolved value column,mean,3 valid surveys including current; min_periods=3,개,individual,feature_date,train median after pre-freeze screening; no row deletion,1,definition_ready,,State,작물 생육,꽃 관측정보,1,frozen,CAT_020,tomato_total_flower
VG_Flower_037,CAT_021,flower_count__roll3_std,전체 꽃 수 roll3_std,sfkr_hbfm_grow,growth_measure_code + resolved value column,std; ddof=0,3 valid surveys including current; min_periods=3,개,individual,feature_date,train median after pre-freeze screening; no row deletion,1,definition_ready,,State,작물 생육,꽃 관측정보,1,frozen,CAT_020,tomato_total_flower
VG_Flower_037,CAT_021,flower_count__roll3_min,전체 꽃 수 roll3_min,sfkr_hbfm_grow,growth_measure_code + resolved value column,min,3 valid surveys including current; min_periods=3,개,individual,feature_date,train median after pre-freeze screening; no row deletion,1,definition_ready,,State,작물 생육,꽃 관측정보,1,frozen,CAT_020,tomato_total_flower
VG_Flower_037,CAT_021,flower_count__roll3_max,전체 꽃 수 roll3_max,sfkr_hbfm_grow,growth_measure_code + resolved value column,max,3 valid surveys including current; min_periods=3,개,individual,feature_date,train median after pre-freeze screening; no row deletion,1,definition_ready,,State,작물 생육,꽃 관측정보,1,frozen,CAT_020,tomato_total_flower
VG_Flower_037,CAT_021,flower_count__roll3_slope,전체 꽃 수 roll3_slope,sfkr_hbfm_grow,growth_measure_code + resolved value column,slope; per calendar day,3 valid surveys including current; min_periods=3,개,individual,feature_date,train median after pre-freeze screening; no row deletion,1,definition_ready,,State,작물 생육,꽃 관측정보,1,frozen,CAT_020,tomato_total_flower
VG_Flower_037,CAT_021,flower_count__roll4_mean,전체 꽃 수 roll4_mean,sfkr_hbfm_grow,growth_measure_code + resolved value column,mean,4 valid surveys including current; min_periods=4,개,individual,feature_date,train median after pre-freeze screening; no row deletion,1,definition_ready,,State,작물 생육,꽃 관측정보,1,frozen,CAT_020,tomato_total_flower
VG_Flower_037,CAT_021,flower_count__roll4_std,전체 꽃 수 roll4_std,sfkr_hbfm_grow,growth_measure_code + resolved value column,std; ddof=0,4 valid surveys including current; min_periods=4,개,individual,feature_date,train median after pre-freeze screening; no row deletion,1,definition_ready,,State,작물 생육,꽃 관측정보,1,frozen,CAT_020,tomato_total_flower
VG_Flower_037,CAT_021,flower_count__roll4_min,전체 꽃 수 roll4_min,sfkr_hbfm_grow,growth_measure_code + resolved value column,min,4 valid surveys including current; min_periods=4,개,individual,feature_date,train median after pre-freeze screening; no row deletion,1,definition_ready,,State,작물 생육,꽃 관측정보,1,frozen,CAT_020,tomato_total_flower
VG_Flower_037,CAT_021,flower_count__roll4_max,전체 꽃 수 roll4_max,sfkr_hbfm_grow,growth_measure_code + resolved value column,max,4 valid surveys including current; min_periods=4,개,individual,feature_date,train median after pre-freeze screening; no row deletion,1,definition_ready,,State,작물 생육,꽃 관측정보,1,frozen,CAT_020,tomato_total_flower
VG_Flower_037,CAT_021,flower_count__roll4_slope,전체 꽃 수 roll4_slope,sfkr_hbfm_grow,growth_measure_code + resolved value column,slope; per calendar day,4 valid surveys including current; min_periods=4,개,individual,feature_date,train median after pre-freeze screening; no row deletion,1,definition_ready,,State,작물 생육,꽃 관측정보,1,frozen,CAT_020,tomato_total_flower
VG_Flower_037,CAT_041,history_count,누적 조사 횟수,growth/crop source,measurement date/cropping_date/current count,observed history only; ISO week period=52.1775,through current,count,individual,feature_date,train median after pre-freeze screening; no row deletion,1,definition_ready,,Context,재배 맥락,조사이력,1,frozen,CAT_037,tomato_total_flower
VG_Flower_027,CAT_003,current_max_truss_number__current,최대 관측 화방번호 current,sfkr_hbfm_grow,growth_measure_code,current valid observation,current,번호,individual,feature_date,train median after pre-freeze screening; no row deletion,1,definition_ready,,State,작물 생육,화방 관측정보,1,frozen,CAT_002,tomato_total_flower
VG_Flower_027,CAT_003,current_max_truss_number__delta,최대 관측 화방번호 delta,sfkr_hbfm_grow,growth_measure_code,current minus previous,1 survey,번호,individual,feature_date,train median after pre-freeze screening; no row deletion,1,definition_ready,,State,작물 생육,화방 관측정보,1,frozen,CAT_002,tomato_total_flower
VG_Flower_027,CAT_003,current_max_truss_number__delta_per_day,최대 관측 화방번호 delta_per_day,sfkr_hbfm_grow,growth_measure_code,delta / positive elapsed days,1 survey,번호,individual,feature_date,train median after pre-freeze screening; no row deletion,1,definition_ready,,State,작물 생육,화방 관측정보,1,frozen,CAT_002,tomato_total_flower
VG_Flower_027,CAT_003,current_max_truss_number__lag1,최대 관측 화방번호 lag1,sfkr_hbfm_grow,growth_measure_code,lag 1,1 surveys,번호,individual,feature_date,train median after pre-freeze screening; no row deletion,1,definition_ready,,State,작물 생육,화방 관측정보,1,frozen,CAT_002,tomato_total_flower
VG_Flower_027,CAT_003,current_max_truss_number__lag2,최대 관측 화방번호 lag2,sfkr_hbfm_grow,growth_measure_code,lag 2,2 surveys,번호,individual,feature_date,train median after pre-freeze screening; no row deletion,1,definition_ready,,State,작물 생육,화방 관측정보,1,frozen,CAT_002,tomato_total_flower
VG_Flower_027,CAT_003,current_max_truss_number__lag3,최대 관측 화방번호 lag3,sfkr_hbfm_grow,growth_measure_code,lag 3,3 surveys,번호,individual,feature_date,train median after pre-freeze screening; no row deletion,1,definition_ready,,State,작물 생육,화방 관측정보,1,frozen,CAT_002,tomato_total_flower
VG_Flower_027,CAT_003,current_max_truss_number__roll3_mean,최대 관측 화방번호 roll3_mean,sfkr_hbfm_grow,growth_measure_code,mean,3 valid surveys including current; min_periods=3,번호,individual,feature_date,train median after pre-freeze screening; no row deletion,1,definition_ready,,State,작물 생육,화방 관측정보,1,frozen,CAT_002,tomato_total_flower
VG_Flower_027,CAT_003,current_max_truss_number__roll3_std,최대 관측 화방번호 roll3_std,sfkr_hbfm_grow,growth_measure_code,std; ddof=0,3 valid surveys including current; min_periods=3,번호,individual,feature_date,train median after pre-freeze screening; no row deletion,1,definition_ready,,State,작물 생육,화방 관측정보,1,frozen,CAT_002,tomato_total_flower
VG_Flower_027,CAT_003,current_max_truss_number__roll3_max,최대 관측 화방번호 roll3_max,sfkr_hbfm_grow,growth_measure_code,max,3 valid surveys including current; min_periods=3,번호,individual,feature_date,train median after pre-freeze screening; no row deletion,1,definition_ready,,State,작물 생육,화방 관측정보,1,frozen,CAT_002,tomato_total_flower
VG_Flower_027,CAT_003,current_max_truss_number__roll3_slope,최대 관측 화방번호 roll3_slope,sfkr_hbfm_grow,growth_measure_code,slope; per calendar day,3 valid surveys including current; min_periods=3,번호,individual,feature_date,train median after pre-freeze screening; no row deletion,1,definition_ready,,State,작물 생육,화방 관측정보,1,frozen,CAT_002,tomato_total_flower
VG_Flower_027,CAT_003,current_max_truss_number__roll4_mean,최대 관측 화방번호 roll4_mean,sfkr_hbfm_grow,growth_measure_code,mean,4 valid surveys including current; min_periods=4,번호,individual,feature_date,train median after pre-freeze screening; no row deletion,1,definition_ready,,State,작물 생육,화방 관측정보,1,frozen,CAT_002,tomato_total_flower
VG_Flower_027,CAT_003,current_max_truss_number__roll4_std,최대 관측 화방번호 roll4_std,sfkr_hbfm_grow,growth_measure_code,std; ddof=0,4 valid surveys including current; min_periods=4,번호,individual,feature_date,train median after pre-freeze screening; no row deletion,1,definition_ready,,State,작물 생육,화방 관측정보,1,frozen,CAT_002,tomato_total_flower
VG_Flower_027,CAT_003,current_max_truss_number__roll4_max,최대 관측 화방번호 roll4_max,sfkr_hbfm_grow,growth_measure_code,max,4 valid surveys including current; min_periods=4,번호,individual,feature_date,train median after pre-freeze screening; no row deletion,1,definition_ready,,State,작물 생육,화방 관측정보,1,frozen,CAT_002,tomato_total_flower
VG_Flower_027,CAT_003,current_max_truss_number__roll4_slope,최대 관측 화방번호 roll4_slope,sfkr_hbfm_grow,growth_measure_code,slope; per calendar day,4 valid surveys including current; min_periods=4,번호,individual,feature_date,train median after pre-freeze screening; no row deletion,1,definition_ready,,State,작물 생육,화방 관측정보,1,frozen,CAT_002,tomato_total_flower
VG_Flower_027,CAT_003,positive_truss_count__current,꽃이 있는 화방 수 current,sfkr_hbfm_grow,growth_measure_code + resolved value column,current valid observation,current,개,individual,feature_date,train median after pre-freeze screening; no row deletion,1,definition_ready,,State,작물 생육,화방 관측정보,1,frozen,CAT_002,tomato_total_flower
VG_Flower_027,CAT_003,positive_truss_count__delta,꽃이 있는 화방 수 delta,sfkr_hbfm_grow,growth_measure_code + resolved value column,current minus previous,1 survey,개,individual,feature_date,train median after pre-freeze screening; no row deletion,1,definition_ready,,State,작물 생육,화방 관측정보,1,frozen,CAT_002,tomato_total_flower
VG_Flower_027,CAT_003,positive_truss_count__delta_per_day,꽃이 있는 화방 수 delta_per_day,sfkr_hbfm_grow,growth_measure_code + resolved value column,delta / positive elapsed days,1 survey,개,individual,feature_date,train median after pre-freeze screening; no row deletion,1,definition_ready,,State,작물 생육,화방 관측정보,1,frozen,CAT_002,tomato_total_flower
VG_Flower_027,CAT_003,positive_truss_count__lag1,꽃이 있는 화방 수 lag1,sfkr_hbfm_grow,growth_measure_code + resolved value column,lag 1,1 surveys,개,individual,feature_date,train median after pre-freeze screening; no row deletion,1,definition_ready,,State,작물 생육,화방 관측정보,1,frozen,CAT_002,tomato_total_flower
VG_Flower_027,CAT_003,positive_truss_count__lag2,꽃이 있는 화방 수 lag2,sfkr_hbfm_grow,growth_measure_code + resolved value column,lag 2,2 surveys,개,individual,feature_date,train median after pre-freeze screening; no row deletion,1,definition_ready,,State,작물 생육,화방 관측정보,1,frozen,CAT_002,tomato_total_flower
VG_Flower_027,CAT_003,positive_truss_count__lag3,꽃이 있는 화방 수 lag3,sfkr_hbfm_grow,growth_measure_code + resolved value column,lag 3,3 surveys,개,individual,feature_date,train median after pre-freeze screening; no row deletion,1,definition_ready,,State,작물 생육,화방 관측정보,1,frozen,CAT_002,tomato_total_flower
VG_Flower_027,CAT_003,positive_truss_count__roll2_std,꽃이 있는 화방 수 roll2_std,sfkr_hbfm_grow,growth_measure_code + resolved value column,std; ddof=0,2 valid surveys including current; min_periods=2,개,individual,feature_date,train median after pre-freeze screening; no row deletion,1,definition_ready,,State,작물 생육,화방 관측정보,1,frozen,CAT_002,tomato_total_flower
VG_Flower_027,CAT_003,positive_truss_count__roll2_min,꽃이 있는 화방 수 roll2_min,sfkr_hbfm_grow,growth_measure_code + resolved value column,min,2 valid surveys including current; min_periods=2,개,individual,feature_date,train median after pre-freeze screening; no row deletion,1,definition_ready,,State,작물 생육,화방 관측정보,1,frozen,CAT_002,tomato_total_flower
VG_Flower_027,CAT_003,positive_truss_count__roll3_mean,꽃이 있는 화방 수 roll3_mean,sfkr_hbfm_grow,growth_measure_code + resolved value column,mean,3 valid surveys including current; min_periods=3,개,individual,feature_date,train median after pre-freeze screening; no row deletion,1,definition_ready,,State,작물 생육,화방 관측정보,1,frozen,CAT_002,tomato_total_flower
VG_Flower_027,CAT_003,positive_truss_count__roll3_std,꽃이 있는 화방 수 roll3_std,sfkr_hbfm_grow,growth_measure_code + resolved value column,std; ddof=0,3 valid surveys including current; min_periods=3,개,individual,feature_date,train median after pre-freeze screening; no row deletion,1,definition_ready,,State,작물 생육,화방 관측정보,1,frozen,CAT_002,tomato_total_flower
VG_Flower_027,CAT_003,positive_truss_count__roll3_min,꽃이 있는 화방 수 roll3_min,sfkr_hbfm_grow,growth_measure_code + resolved value column,min,3 valid surveys including current; min_periods=3,개,individual,feature_date,train median after pre-freeze screening; no row deletion,1,definition_ready,,State,작물 생육,화방 관측정보,1,frozen,CAT_002,tomato_total_flower
VG_Flower_027,CAT_003,positive_truss_count__roll3_max,꽃이 있는 화방 수 roll3_max,sfkr_hbfm_grow,growth_measure_code + resolved value column,max,3 valid surveys including current; min_periods=3,개,individual,feature_date,train median after pre-freeze screening; no row deletion,1,definition_ready,,State,작물 생육,화방 관측정보,1,frozen,CAT_002,tomato_total_flower
VG_Flower_027,CAT_003,positive_truss_count__roll3_slope,꽃이 있는 화방 수 roll3_slope,sfkr_hbfm_grow,growth_measure_code + resolved value column,slope; per calendar day,3 valid surveys including current; min_periods=3,개,individual,feature_date,train median after pre-freeze screening; no row deletion,1,definition_ready,,State,작물 생육,화방 관측정보,1,frozen,CAT_002,tomato_total_flower
VG_Flower_027,CAT_003,positive_truss_count__roll4_mean,꽃이 있는 화방 수 roll4_mean,sfkr_hbfm_grow,growth_measure_code + resolved value column,mean,4 valid surveys including current; min_periods=4,개,individual,feature_date,train median after pre-freeze screening; no row deletion,1,definition_ready,,State,작물 생육,화방 관측정보,1,frozen,CAT_002,tomato_total_flower
VG_Flower_027,CAT_003,positive_truss_count__roll4_std,꽃이 있는 화방 수 roll4_std,sfkr_hbfm_grow,growth_measure_code + resolved value column,std; ddof=0,4 valid surveys including current; min_periods=4,개,individual,feature_date,train median after pre-freeze screening; no row deletion,1,definition_ready,,State,작물 생육,화방 관측정보,1,frozen,CAT_002,tomato_total_flower
VG_Flower_027,CAT_003,positive_truss_count__roll4_min,꽃이 있는 화방 수 roll4_min,sfkr_hbfm_grow,growth_measure_code + resolved value column,min,4 valid surveys including current; min_periods=4,개,individual,feature_date,train median after pre-freeze screening; no row deletion,1,definition_ready,,State,작물 생육,화방 관측정보,1,frozen,CAT_002,tomato_total_flower
VG_Flower_027,CAT_003,positive_truss_count__roll4_max,꽃이 있는 화방 수 roll4_max,sfkr_hbfm_grow,growth_measure_code + resolved value column,max,4 valid surveys including current; min_periods=4,개,individual,feature_date,train median after pre-freeze screening; no row deletion,1,definition_ready,,State,작물 생육,화방 관측정보,1,frozen,CAT_002,tomato_total_flower
VG_Flower_027,CAT_003,positive_truss_count__roll4_slope,꽃이 있는 화방 수 roll4_slope,sfkr_hbfm_grow,growth_measure_code + resolved value column,slope; per calendar day,4 valid surveys including current; min_periods=4,개,individual,feature_date,train median after pre-freeze screening; no row deletion,1,definition_ready,,State,작물 생육,화방 관측정보,1,frozen,CAT_002,tomato_total_flower
VG_Flower_027,CAT_021,flower_count__current,전체 꽃 수 current,sfkr_hbfm_grow,growth_measure_code + resolved value column,current valid observation,current,개,individual,feature_date,train median after pre-freeze screening; no row deletion,1,definition_ready,,State,작물 생육,꽃 관측정보,1,frozen,CAT_020,tomato_total_flower
VG_Flower_027,CAT_021,flower_count__delta,전체 꽃 수 delta,sfkr_hbfm_grow,growth_measure_code + resolved value column,current minus previous,1 survey,개,individual,feature_date,train median after pre-freeze screening; no row deletion,1,definition_ready,,State,작물 생육,꽃 관측정보,1,frozen,CAT_020,tomato_total_flower
VG_Flower_027,CAT_021,flower_count__delta_per_day,전체 꽃 수 delta_per_day,sfkr_hbfm_grow,growth_measure_code + resolved value column,delta / positive elapsed days,1 survey,개,individual,feature_date,train median after pre-freeze screening; no row deletion,1,definition_ready,,State,작물 생육,꽃 관측정보,1,frozen,CAT_020,tomato_total_flower
VG_Flower_027,CAT_021,flower_count__lag1,전체 꽃 수 lag1,sfkr_hbfm_grow,growth_measure_code + resolved value column,lag 1,1 surveys,개,individual,feature_date,train median after pre-freeze screening; no row deletion,1,definition_ready,,State,작물 생육,꽃 관측정보,1,frozen,CAT_020,tomato_total_flower
VG_Flower_027,CAT_021,flower_count__lag2,전체 꽃 수 lag2,sfkr_hbfm_grow,growth_measure_code + resolved value column,lag 2,2 surveys,개,individual,feature_date,train median after pre-freeze screening; no row deletion,1,definition_ready,,State,작물 생육,꽃 관측정보,1,frozen,CAT_020,tomato_total_flower
VG_Flower_027,CAT_021,flower_count__lag3,전체 꽃 수 lag3,sfkr_hbfm_grow,growth_measure_code + resolved value column,lag 3,3 surveys,개,individual,feature_date,train median after pre-freeze screening; no row deletion,1,definition_ready,,State,작물 생육,꽃 관측정보,1,frozen,CAT_020,tomato_total_flower
VG_Flower_027,CAT_021,flower_count__roll2_std,전체 꽃 수 roll2_std,sfkr_hbfm_grow,growth_measure_code + resolved value column,std; ddof=0,2 valid surveys including current; min_periods=2,개,individual,feature_date,train median after pre-freeze screening; no row deletion,1,definition_ready,,State,작물 생육,꽃 관측정보,1,frozen,CAT_020,tomato_total_flower
VG_Flower_027,CAT_021,flower_count__roll2_min,전체 꽃 수 roll2_min,sfkr_hbfm_grow,growth_measure_code + resolved value column,min,2 valid surveys including current; min_periods=2,개,individual,feature_date,train median after pre-freeze screening; no row deletion,1,definition_ready,,State,작물 생육,꽃 관측정보,1,frozen,CAT_020,tomato_total_flower
VG_Flower_027,CAT_021,flower_count__roll3_mean,전체 꽃 수 roll3_mean,sfkr_hbfm_grow,growth_measure_code + resolved value column,mean,3 valid surveys including current; min_periods=3,개,individual,feature_date,train median after pre-freeze screening; no row deletion,1,definition_ready,,State,작물 생육,꽃 관측정보,1,frozen,CAT_020,tomato_total_flower
VG_Flower_027,CAT_021,flower_count__roll3_std,전체 꽃 수 roll3_std,sfkr_hbfm_grow,growth_measure_code + resolved value column,std; ddof=0,3 valid surveys including current; min_periods=3,개,individual,feature_date,train median after pre-freeze screening; no row deletion,1,definition_ready,,State,작물 생육,꽃 관측정보,1,frozen,CAT_020,tomato_total_flower
VG_Flower_027,CAT_021,flower_count__roll3_min,전체 꽃 수 roll3_min,sfkr_hbfm_grow,growth_measure_code + resolved value column,min,3 valid surveys including current; min_periods=3,개,individual,feature_date,train median after pre-freeze screening; no row deletion,1,definition_ready,,State,작물 생육,꽃 관측정보,1,frozen,CAT_020,tomato_total_flower
VG_Flower_027,CAT_021,flower_count__roll3_max,전체 꽃 수 roll3_max,sfkr_hbfm_grow,growth_measure_code + resolved value column,max,3 valid surveys including current; min_periods=3,개,individual,feature_date,train median after pre-freeze screening; no row deletion,1,definition_ready,,State,작물 생육,꽃 관측정보,1,frozen,CAT_020,tomato_total_flower
VG_Flower_027,CAT_021,flower_count__roll3_slope,전체 꽃 수 roll3_slope,sfkr_hbfm_grow,growth_measure_code + resolved value column,slope; per calendar day,3 valid surveys including current; min_periods=3,개,individual,feature_date,train median after pre-freeze screening; no row deletion,1,definition_ready,,State,작물 생육,꽃 관측정보,1,frozen,CAT_020,tomato_total_flower
VG_Flower_027,CAT_021,flower_count__roll4_mean,전체 꽃 수 roll4_mean,sfkr_hbfm_grow,growth_measure_code + resolved value column,mean,4 valid surveys including current; min_periods=4,개,individual,feature_date,train median after pre-freeze screening; no row deletion,1,definition_ready,,State,작물 생육,꽃 관측정보,1,frozen,CAT_020,tomato_total_flower
VG_Flower_027,CAT_021,flower_count__roll4_std,전체 꽃 수 roll4_std,sfkr_hbfm_grow,growth_measure_code + resolved value column,std; ddof=0,4 valid surveys including current; min_periods=4,개,individual,feature_date,train median after pre-freeze screening; no row deletion,1,definition_ready,,State,작물 생육,꽃 관측정보,1,frozen,CAT_020,tomato_total_flower
VG_Flower_027,CAT_021,flower_count__roll4_min,전체 꽃 수 roll4_min,sfkr_hbfm_grow,growth_measure_code + resolved value column,min,4 valid surveys including current; min_periods=4,개,individual,feature_date,train median after pre-freeze screening; no row deletion,1,definition_ready,,State,작물 생육,꽃 관측정보,1,frozen,CAT_020,tomato_total_flower
VG_Flower_027,CAT_021,flower_count__roll4_max,전체 꽃 수 roll4_max,sfkr_hbfm_grow,growth_measure_code + resolved value column,max,4 valid surveys including current; min_periods=4,개,individual,feature_date,train median after pre-freeze screening; no row deletion,1,definition_ready,,State,작물 생육,꽃 관측정보,1,frozen,CAT_020,tomato_total_flower
VG_Flower_027,CAT_021,flower_count__roll4_slope,전체 꽃 수 roll4_slope,sfkr_hbfm_grow,growth_measure_code + resolved value column,slope; per calendar day,4 valid surveys including current; min_periods=4,개,individual,feature_date,train median after pre-freeze screening; no row deletion,1,definition_ready,,State,작물 생육,꽃 관측정보,1,frozen,CAT_020,tomato_total_flower
VG_Flower_027,CAT_033,days_since_previous,이전 조사 후 경과일,growth/crop source,measurement date/cropping_date/current count,observed history only; ISO week period=52.1775,through current,day,individual,feature_date,train median after pre-freeze screening; no row deletion,1,definition_ready,,Context,재배 맥락,시간정보,1,frozen,CAT_029,tomato_total_flower
VG_Flower_027,CAT_033,days_since_first_measurement,최초 조사 후 경과일,growth/crop source,measurement date/cropping_date/current count,observed history only; ISO week period=52.1775,through current,day,individual,feature_date,train median after pre-freeze screening; no row deletion,1,definition_ready,,Context,재배 맥락,시간정보,1,frozen,CAT_029,tomato_total_flower
VG_Flower_027,CAT_033,days_since_crop_start,작기 시작 후 경과일,growth/crop source,measurement date/cropping_date/current count,observed history only; ISO week period=52.1775,through current,day,individual,feature_date,train median after pre-freeze screening; no row deletion,1,definition_ready,,Context,재배 맥락,시간정보,1,frozen,CAT_029,tomato_total_flower
VG_Flower_027,CAT_033,week_sin,연중 주차 사인값,growth/crop source,measurement date/cropping_date/current count,observed history only; ISO week period=52.1775,through current,unitless,individual,feature_date,train median after pre-freeze screening; no row deletion,1,definition_ready,,Context,재배 맥락,시간정보,1,frozen,CAT_029,tomato_total_flower
VG_Flower_027,CAT_033,week_cos,연중 주차 코사인값,growth/crop source,measurement date/cropping_date/current count,observed history only; ISO week period=52.1775,through current,unitless,individual,feature_date,train median after pre-freeze screening; no row deletion,1,definition_ready,,Context,재배 맥락,시간정보,1,frozen,CAT_029,tomato_total_flower
VG_Flower_038,CAT_006,observed_truss_count__current,관측 화방 수 current,sfkr_hbfm_grow,growth_measure_code,current valid observation,current,개,individual,feature_date,train median after pre-freeze screening; no row deletion,1,definition_ready,,Context,작물 생육,관측범위·품질,1,frozen,CAT_005,tomato_total_flower
VG_Flower_038,CAT_006,observed_truss_count__delta,관측 화방 수 delta,sfkr_hbfm_grow,growth_measure_code,current minus previous,1 survey,개,individual,feature_date,train median after pre-freeze screening; no row deletion,1,definition_ready,,Context,작물 생육,관측범위·품질,1,frozen,CAT_005,tomato_total_flower
VG_Flower_038,CAT_006,observed_truss_count__delta_per_day,관측 화방 수 delta_per_day,sfkr_hbfm_grow,growth_measure_code,delta / positive elapsed days,1 survey,개,individual,feature_date,train median after pre-freeze screening; no row deletion,1,definition_ready,,Context,작물 생육,관측범위·품질,1,frozen,CAT_005,tomato_total_flower
VG_Flower_038,CAT_006,observed_truss_count__lag1,관측 화방 수 lag1,sfkr_hbfm_grow,growth_measure_code,lag 1,1 surveys,개,individual,feature_date,train median after pre-freeze screening; no row deletion,1,definition_ready,,Context,작물 생육,관측범위·품질,1,frozen,CAT_005,tomato_total_flower
VG_Flower_038,CAT_006,observed_truss_count__lag2,관측 화방 수 lag2,sfkr_hbfm_grow,growth_measure_code,lag 2,2 surveys,개,individual,feature_date,train median after pre-freeze screening; no row deletion,1,definition_ready,,Context,작물 생육,관측범위·품질,1,frozen,CAT_005,tomato_total_flower
VG_Flower_038,CAT_006,observed_truss_count__lag3,관측 화방 수 lag3,sfkr_hbfm_grow,growth_measure_code,lag 3,3 surveys,개,individual,feature_date,train median after pre-freeze screening; no row deletion,1,definition_ready,,Context,작물 생육,관측범위·품질,1,frozen,CAT_005,tomato_total_flower
VG_Flower_038,CAT_006,observed_truss_count__roll3_mean,관측 화방 수 roll3_mean,sfkr_hbfm_grow,growth_measure_code,mean,3 valid surveys including current; min_periods=3,개,individual,feature_date,train median after pre-freeze screening; no row deletion,1,definition_ready,,Context,작물 생육,관측범위·품질,1,frozen,CAT_005,tomato_total_flower
VG_Flower_038,CAT_006,observed_truss_count__roll3_std,관측 화방 수 roll3_std,sfkr_hbfm_grow,growth_measure_code,std; ddof=0,3 valid surveys including current; min_periods=3,개,individual,feature_date,train median after pre-freeze screening; no row deletion,1,definition_ready,,Context,작물 생육,관측범위·품질,1,frozen,CAT_005,tomato_total_flower
VG_Flower_038,CAT_006,observed_truss_count__roll3_max,관측 화방 수 roll3_max,sfkr_hbfm_grow,growth_measure_code,max,3 valid surveys including current; min_periods=3,개,individual,feature_date,train median after pre-freeze screening; no row deletion,1,definition_ready,,Context,작물 생육,관측범위·품질,1,frozen,CAT_005,tomato_total_flower
VG_Flower_038,CAT_006,observed_truss_count__roll3_slope,관측 화방 수 roll3_slope,sfkr_hbfm_grow,growth_measure_code,slope; per calendar day,3 valid surveys including current; min_periods=3,개,individual,feature_date,train median after pre-freeze screening; no row deletion,1,definition_ready,,Context,작물 생육,관측범위·품질,1,frozen,CAT_005,tomato_total_flower
VG_Flower_038,CAT_006,observed_truss_count__roll4_mean,관측 화방 수 roll4_mean,sfkr_hbfm_grow,growth_measure_code,mean,4 valid surveys including current; min_periods=4,개,individual,feature_date,train median after pre-freeze screening; no row deletion,1,definition_ready,,Context,작물 생육,관측범위·품질,1,frozen,CAT_005,tomato_total_flower
VG_Flower_038,CAT_006,observed_truss_count__roll4_std,관측 화방 수 roll4_std,sfkr_hbfm_grow,growth_measure_code,std; ddof=0,4 valid surveys including current; min_periods=4,개,individual,feature_date,train median after pre-freeze screening; no row deletion,1,definition_ready,,Context,작물 생육,관측범위·품질,1,frozen,CAT_005,tomato_total_flower
VG_Flower_038,CAT_006,observed_truss_count__roll4_max,관측 화방 수 roll4_max,sfkr_hbfm_grow,growth_measure_code,max,4 valid surveys including current; min_periods=4,개,individual,feature_date,train median after pre-freeze screening; no row deletion,1,definition_ready,,Context,작물 생육,관측범위·품질,1,frozen,CAT_005,tomato_total_flower
VG_Flower_038,CAT_006,observed_truss_count__roll4_slope,관측 화방 수 roll4_slope,sfkr_hbfm_grow,growth_measure_code,slope; per calendar day,4 valid surveys including current; min_periods=4,개,individual,feature_date,train median after pre-freeze screening; no row deletion,1,definition_ready,,Context,작물 생육,관측범위·품질,1,frozen,CAT_005,tomato_total_flower
VG_Flower_038,CAT_021,flower_count__current,전체 꽃 수 current,sfkr_hbfm_grow,growth_measure_code + resolved value column,current valid observation,current,개,individual,feature_date,train median after pre-freeze screening; no row deletion,1,definition_ready,,State,작물 생육,꽃 관측정보,1,frozen,CAT_020,tomato_total_flower
VG_Flower_038,CAT_021,flower_count__delta,전체 꽃 수 delta,sfkr_hbfm_grow,growth_measure_code + resolved value column,current minus previous,1 survey,개,individual,feature_date,train median after pre-freeze screening; no row deletion,1,definition_ready,,State,작물 생육,꽃 관측정보,1,frozen,CAT_020,tomato_total_flower
VG_Flower_038,CAT_021,flower_count__delta_per_day,전체 꽃 수 delta_per_day,sfkr_hbfm_grow,growth_measure_code + resolved value column,delta / positive elapsed days,1 survey,개,individual,feature_date,train median after pre-freeze screening; no row deletion,1,definition_ready,,State,작물 생육,꽃 관측정보,1,frozen,CAT_020,tomato_total_flower
VG_Flower_038,CAT_021,flower_count__lag1,전체 꽃 수 lag1,sfkr_hbfm_grow,growth_measure_code + resolved value column,lag 1,1 surveys,개,individual,feature_date,train median after pre-freeze screening; no row deletion,1,definition_ready,,State,작물 생육,꽃 관측정보,1,frozen,CAT_020,tomato_total_flower
VG_Flower_038,CAT_021,flower_count__lag2,전체 꽃 수 lag2,sfkr_hbfm_grow,growth_measure_code + resolved value column,lag 2,2 surveys,개,individual,feature_date,train median after pre-freeze screening; no row deletion,1,definition_ready,,State,작물 생육,꽃 관측정보,1,frozen,CAT_020,tomato_total_flower
VG_Flower_038,CAT_021,flower_count__lag3,전체 꽃 수 lag3,sfkr_hbfm_grow,growth_measure_code + resolved value column,lag 3,3 surveys,개,individual,feature_date,train median after pre-freeze screening; no row deletion,1,definition_ready,,State,작물 생육,꽃 관측정보,1,frozen,CAT_020,tomato_total_flower
VG_Flower_038,CAT_021,flower_count__roll2_std,전체 꽃 수 roll2_std,sfkr_hbfm_grow,growth_measure_code + resolved value column,std; ddof=0,2 valid surveys including current; min_periods=2,개,individual,feature_date,train median after pre-freeze screening; no row deletion,1,definition_ready,,State,작물 생육,꽃 관측정보,1,frozen,CAT_020,tomato_total_flower
VG_Flower_038,CAT_021,flower_count__roll2_min,전체 꽃 수 roll2_min,sfkr_hbfm_grow,growth_measure_code + resolved value column,min,2 valid surveys including current; min_periods=2,개,individual,feature_date,train median after pre-freeze screening; no row deletion,1,definition_ready,,State,작물 생육,꽃 관측정보,1,frozen,CAT_020,tomato_total_flower
VG_Flower_038,CAT_021,flower_count__roll3_mean,전체 꽃 수 roll3_mean,sfkr_hbfm_grow,growth_measure_code + resolved value column,mean,3 valid surveys including current; min_periods=3,개,individual,feature_date,train median after pre-freeze screening; no row deletion,1,definition_ready,,State,작물 생육,꽃 관측정보,1,frozen,CAT_020,tomato_total_flower
VG_Flower_038,CAT_021,flower_count__roll3_std,전체 꽃 수 roll3_std,sfkr_hbfm_grow,growth_measure_code + resolved value column,std; ddof=0,3 valid surveys including current; min_periods=3,개,individual,feature_date,train median after pre-freeze screening; no row deletion,1,definition_ready,,State,작물 생육,꽃 관측정보,1,frozen,CAT_020,tomato_total_flower
VG_Flower_038,CAT_021,flower_count__roll3_min,전체 꽃 수 roll3_min,sfkr_hbfm_grow,growth_measure_code + resolved value column,min,3 valid surveys including current; min_periods=3,개,individual,feature_date,train median after pre-freeze screening; no row deletion,1,definition_ready,,State,작물 생육,꽃 관측정보,1,frozen,CAT_020,tomato_total_flower
VG_Flower_038,CAT_021,flower_count__roll3_max,전체 꽃 수 roll3_max,sfkr_hbfm_grow,growth_measure_code + resolved value column,max,3 valid surveys including current; min_periods=3,개,individual,feature_date,train median after pre-freeze screening; no row deletion,1,definition_ready,,State,작물 생육,꽃 관측정보,1,frozen,CAT_020,tomato_total_flower
VG_Flower_038,CAT_021,flower_count__roll3_slope,전체 꽃 수 roll3_slope,sfkr_hbfm_grow,growth_measure_code + resolved value column,slope; per calendar day,3 valid surveys including current; min_periods=3,개,individual,feature_date,train median after pre-freeze screening; no row deletion,1,definition_ready,,State,작물 생육,꽃 관측정보,1,frozen,CAT_020,tomato_total_flower
VG_Flower_038,CAT_021,flower_count__roll4_mean,전체 꽃 수 roll4_mean,sfkr_hbfm_grow,growth_measure_code + resolved value column,mean,4 valid surveys including current; min_periods=4,개,individual,feature_date,train median after pre-freeze screening; no row deletion,1,definition_ready,,State,작물 생육,꽃 관측정보,1,frozen,CAT_020,tomato_total_flower
VG_Flower_038,CAT_021,flower_count__roll4_std,전체 꽃 수 roll4_std,sfkr_hbfm_grow,growth_measure_code + resolved value column,std; ddof=0,4 valid surveys including current; min_periods=4,개,individual,feature_date,train median after pre-freeze screening; no row deletion,1,definition_ready,,State,작물 생육,꽃 관측정보,1,frozen,CAT_020,tomato_total_flower
VG_Flower_038,CAT_021,flower_count__roll4_min,전체 꽃 수 roll4_min,sfkr_hbfm_grow,growth_measure_code + resolved value column,min,4 valid surveys including current; min_periods=4,개,individual,feature_date,train median after pre-freeze screening; no row deletion,1,definition_ready,,State,작물 생육,꽃 관측정보,1,frozen,CAT_020,tomato_total_flower
VG_Flower_038,CAT_021,flower_count__roll4_max,전체 꽃 수 roll4_max,sfkr_hbfm_grow,growth_measure_code + resolved value column,max,4 valid surveys including current; min_periods=4,개,individual,feature_date,train median after pre-freeze screening; no row deletion,1,definition_ready,,State,작물 생육,꽃 관측정보,1,frozen,CAT_020,tomato_total_flower
VG_Flower_038,CAT_021,flower_count__roll4_slope,전체 꽃 수 roll4_slope,sfkr_hbfm_grow,growth_measure_code + resolved value column,slope; per calendar day,4 valid surveys including current; min_periods=4,개,individual,feature_date,train median after pre-freeze screening; no row deletion,1,definition_ready,,State,작물 생육,꽃 관측정보,1,frozen,CAT_020,tomato_total_flower
VG_Flower_038,CAT_041,history_count,누적 조사 횟수,growth/crop source,measurement date/cropping_date/current count,observed history only; ISO week period=52.1775,through current,count,individual,feature_date,train median after pre-freeze screening; no row deletion,1,definition_ready,,Context,재배 맥락,조사이력,1,frozen,CAT_037,tomato_total_flower
VG_Flower_020,CAT_003,current_max_truss_number__current,최대 관측 화방번호 current,sfkr_hbfm_grow,growth_measure_code,current valid observation,current,번호,individual,feature_date,train median after pre-freeze screening; no row deletion,1,definition_ready,,State,작물 생육,화방 관측정보,1,frozen,CAT_002,tomato_total_flower
VG_Flower_020,CAT_003,current_max_truss_number__delta,최대 관측 화방번호 delta,sfkr_hbfm_grow,growth_measure_code,current minus previous,1 survey,번호,individual,feature_date,train median after pre-freeze screening; no row deletion,1,definition_ready,,State,작물 생육,화방 관측정보,1,frozen,CAT_002,tomato_total_flower
VG_Flower_020,CAT_003,current_max_truss_number__delta_per_day,최대 관측 화방번호 delta_per_day,sfkr_hbfm_grow,growth_measure_code,delta / positive elapsed days,1 survey,번호,individual,feature_date,train median after pre-freeze screening; no row deletion,1,definition_ready,,State,작물 생육,화방 관측정보,1,frozen,CAT_002,tomato_total_flower
VG_Flower_020,CAT_003,current_max_truss_number__lag1,최대 관측 화방번호 lag1,sfkr_hbfm_grow,growth_measure_code,lag 1,1 surveys,번호,individual,feature_date,train median after pre-freeze screening; no row deletion,1,definition_ready,,State,작물 생육,화방 관측정보,1,frozen,CAT_002,tomato_total_flower
VG_Flower_020,CAT_003,current_max_truss_number__lag2,최대 관측 화방번호 lag2,sfkr_hbfm_grow,growth_measure_code,lag 2,2 surveys,번호,individual,feature_date,train median after pre-freeze screening; no row deletion,1,definition_ready,,State,작물 생육,화방 관측정보,1,frozen,CAT_002,tomato_total_flower
VG_Flower_020,CAT_003,current_max_truss_number__lag3,최대 관측 화방번호 lag3,sfkr_hbfm_grow,growth_measure_code,lag 3,3 surveys,번호,individual,feature_date,train median after pre-freeze screening; no row deletion,1,definition_ready,,State,작물 생육,화방 관측정보,1,frozen,CAT_002,tomato_total_flower
VG_Flower_020,CAT_003,current_max_truss_number__roll3_mean,최대 관측 화방번호 roll3_mean,sfkr_hbfm_grow,growth_measure_code,mean,3 valid surveys including current; min_periods=3,번호,individual,feature_date,train median after pre-freeze screening; no row deletion,1,definition_ready,,State,작물 생육,화방 관측정보,1,frozen,CAT_002,tomato_total_flower
VG_Flower_020,CAT_003,current_max_truss_number__roll3_std,최대 관측 화방번호 roll3_std,sfkr_hbfm_grow,growth_measure_code,std; ddof=0,3 valid surveys including current; min_periods=3,번호,individual,feature_date,train median after pre-freeze screening; no row deletion,1,definition_ready,,State,작물 생육,화방 관측정보,1,frozen,CAT_002,tomato_total_flower
VG_Flower_020,CAT_003,current_max_truss_number__roll3_max,최대 관측 화방번호 roll3_max,sfkr_hbfm_grow,growth_measure_code,max,3 valid surveys including current; min_periods=3,번호,individual,feature_date,train median after pre-freeze screening; no row deletion,1,definition_ready,,State,작물 생육,화방 관측정보,1,frozen,CAT_002,tomato_total_flower
VG_Flower_020,CAT_003,current_max_truss_number__roll3_slope,최대 관측 화방번호 roll3_slope,sfkr_hbfm_grow,growth_measure_code,slope; per calendar day,3 valid surveys including current; min_periods=3,번호,individual,feature_date,train median after pre-freeze screening; no row deletion,1,definition_ready,,State,작물 생육,화방 관측정보,1,frozen,CAT_002,tomato_total_flower
VG_Flower_020,CAT_003,current_max_truss_number__roll4_mean,최대 관측 화방번호 roll4_mean,sfkr_hbfm_grow,growth_measure_code,mean,4 valid surveys including current; min_periods=4,번호,individual,feature_date,train median after pre-freeze screening; no row deletion,1,definition_ready,,State,작물 생육,화방 관측정보,1,frozen,CAT_002,tomato_total_flower
VG_Flower_020,CAT_003,current_max_truss_number__roll4_std,최대 관측 화방번호 roll4_std,sfkr_hbfm_grow,growth_measure_code,std; ddof=0,4 valid surveys including current; min_periods=4,번호,individual,feature_date,train median after pre-freeze screening; no row deletion,1,definition_ready,,State,작물 생육,화방 관측정보,1,frozen,CAT_002,tomato_total_flower
VG_Flower_020,CAT_003,current_max_truss_number__roll4_max,최대 관측 화방번호 roll4_max,sfkr_hbfm_grow,growth_measure_code,max,4 valid surveys including current; min_periods=4,번호,individual,feature_date,train median after pre-freeze screening; no row deletion,1,definition_ready,,State,작물 생육,화방 관측정보,1,frozen,CAT_002,tomato_total_flower
VG_Flower_020,CAT_003,current_max_truss_number__roll4_slope,최대 관측 화방번호 roll4_slope,sfkr_hbfm_grow,growth_measure_code,slope; per calendar day,4 valid surveys including current; min_periods=4,번호,individual,feature_date,train median after pre-freeze screening; no row deletion,1,definition_ready,,State,작물 생육,화방 관측정보,1,frozen,CAT_002,tomato_total_flower
VG_Flower_020,CAT_003,positive_truss_count__current,꽃이 있는 화방 수 current,sfkr_hbfm_grow,growth_measure_code + resolved value column,current valid observation,current,개,individual,feature_date,train median after pre-freeze screening; no row deletion,1,definition_ready,,State,작물 생육,화방 관측정보,1,frozen,CAT_002,tomato_total_flower
VG_Flower_020,CAT_003,positive_truss_count__delta,꽃이 있는 화방 수 delta,sfkr_hbfm_grow,growth_measure_code + resolved value column,current minus previous,1 survey,개,individual,feature_date,train median after pre-freeze screening; no row deletion,1,definition_ready,,State,작물 생육,화방 관측정보,1,frozen,CAT_002,tomato_total_flower
VG_Flower_020,CAT_003,positive_truss_count__delta_per_day,꽃이 있는 화방 수 delta_per_day,sfkr_hbfm_grow,growth_measure_code + resolved value column,delta / positive elapsed days,1 survey,개,individual,feature_date,train median after pre-freeze screening; no row deletion,1,definition_ready,,State,작물 생육,화방 관측정보,1,frozen,CAT_002,tomato_total_flower
VG_Flower_020,CAT_003,positive_truss_count__lag1,꽃이 있는 화방 수 lag1,sfkr_hbfm_grow,growth_measure_code + resolved value column,lag 1,1 surveys,개,individual,feature_date,train median after pre-freeze screening; no row deletion,1,definition_ready,,State,작물 생육,화방 관측정보,1,frozen,CAT_002,tomato_total_flower
VG_Flower_020,CAT_003,positive_truss_count__lag2,꽃이 있는 화방 수 lag2,sfkr_hbfm_grow,growth_measure_code + resolved value column,lag 2,2 surveys,개,individual,feature_date,train median after pre-freeze screening; no row deletion,1,definition_ready,,State,작물 생육,화방 관측정보,1,frozen,CAT_002,tomato_total_flower
VG_Flower_020,CAT_003,positive_truss_count__lag3,꽃이 있는 화방 수 lag3,sfkr_hbfm_grow,growth_measure_code + resolved value column,lag 3,3 surveys,개,individual,feature_date,train median after pre-freeze screening; no row deletion,1,definition_ready,,State,작물 생육,화방 관측정보,1,frozen,CAT_002,tomato_total_flower
VG_Flower_020,CAT_003,positive_truss_count__roll2_std,꽃이 있는 화방 수 roll2_std,sfkr_hbfm_grow,growth_measure_code + resolved value column,std; ddof=0,2 valid surveys including current; min_periods=2,개,individual,feature_date,train median after pre-freeze screening; no row deletion,1,definition_ready,,State,작물 생육,화방 관측정보,1,frozen,CAT_002,tomato_total_flower
VG_Flower_020,CAT_003,positive_truss_count__roll2_min,꽃이 있는 화방 수 roll2_min,sfkr_hbfm_grow,growth_measure_code + resolved value column,min,2 valid surveys including current; min_periods=2,개,individual,feature_date,train median after pre-freeze screening; no row deletion,1,definition_ready,,State,작물 생육,화방 관측정보,1,frozen,CAT_002,tomato_total_flower
VG_Flower_020,CAT_003,positive_truss_count__roll3_mean,꽃이 있는 화방 수 roll3_mean,sfkr_hbfm_grow,growth_measure_code + resolved value column,mean,3 valid surveys including current; min_periods=3,개,individual,feature_date,train median after pre-freeze screening; no row deletion,1,definition_ready,,State,작물 생육,화방 관측정보,1,frozen,CAT_002,tomato_total_flower
VG_Flower_020,CAT_003,positive_truss_count__roll3_std,꽃이 있는 화방 수 roll3_std,sfkr_hbfm_grow,growth_measure_code + resolved value column,std; ddof=0,3 valid surveys including current; min_periods=3,개,individual,feature_date,train median after pre-freeze screening; no row deletion,1,definition_ready,,State,작물 생육,화방 관측정보,1,frozen,CAT_002,tomato_total_flower
VG_Flower_020,CAT_003,positive_truss_count__roll3_min,꽃이 있는 화방 수 roll3_min,sfkr_hbfm_grow,growth_measure_code + resolved value column,min,3 valid surveys including current; min_periods=3,개,individual,feature_date,train median after pre-freeze screening; no row deletion,1,definition_ready,,State,작물 생육,화방 관측정보,1,frozen,CAT_002,tomato_total_flower
VG_Flower_020,CAT_003,positive_truss_count__roll3_max,꽃이 있는 화방 수 roll3_max,sfkr_hbfm_grow,growth_measure_code + resolved value column,max,3 valid surveys including current; min_periods=3,개,individual,feature_date,train median after pre-freeze screening; no row deletion,1,definition_ready,,State,작물 생육,화방 관측정보,1,frozen,CAT_002,tomato_total_flower
VG_Flower_020,CAT_003,positive_truss_count__roll3_slope,꽃이 있는 화방 수 roll3_slope,sfkr_hbfm_grow,growth_measure_code + resolved value column,slope; per calendar day,3 valid surveys including current; min_periods=3,개,individual,feature_date,train median after pre-freeze screening; no row deletion,1,definition_ready,,State,작물 생육,화방 관측정보,1,frozen,CAT_002,tomato_total_flower
VG_Flower_020,CAT_003,positive_truss_count__roll4_mean,꽃이 있는 화방 수 roll4_mean,sfkr_hbfm_grow,growth_measure_code + resolved value column,mean,4 valid surveys including current; min_periods=4,개,individual,feature_date,train median after pre-freeze screening; no row deletion,1,definition_ready,,State,작물 생육,화방 관측정보,1,frozen,CAT_002,tomato_total_flower
VG_Flower_020,CAT_003,positive_truss_count__roll4_std,꽃이 있는 화방 수 roll4_std,sfkr_hbfm_grow,growth_measure_code + resolved value column,std; ddof=0,4 valid surveys including current; min_periods=4,개,individual,feature_date,train median after pre-freeze screening; no row deletion,1,definition_ready,,State,작물 생육,화방 관측정보,1,frozen,CAT_002,tomato_total_flower
VG_Flower_020,CAT_003,positive_truss_count__roll4_min,꽃이 있는 화방 수 roll4_min,sfkr_hbfm_grow,growth_measure_code + resolved value column,min,4 valid surveys including current; min_periods=4,개,individual,feature_date,train median after pre-freeze screening; no row deletion,1,definition_ready,,State,작물 생육,화방 관측정보,1,frozen,CAT_002,tomato_total_flower
VG_Flower_020,CAT_003,positive_truss_count__roll4_max,꽃이 있는 화방 수 roll4_max,sfkr_hbfm_grow,growth_measure_code + resolved value column,max,4 valid surveys including current; min_periods=4,개,individual,feature_date,train median after pre-freeze screening; no row deletion,1,definition_ready,,State,작물 생육,화방 관측정보,1,frozen,CAT_002,tomato_total_flower
VG_Flower_020,CAT_003,positive_truss_count__roll4_slope,꽃이 있는 화방 수 roll4_slope,sfkr_hbfm_grow,growth_measure_code + resolved value column,slope; per calendar day,4 valid surveys including current; min_periods=4,개,individual,feature_date,train median after pre-freeze screening; no row deletion,1,definition_ready,,State,작물 생육,화방 관측정보,1,frozen,CAT_002,tomato_total_flower
VG_Flower_020,CAT_006,observed_truss_count__current,관측 화방 수 current,sfkr_hbfm_grow,growth_measure_code,current valid observation,current,개,individual,feature_date,train median after pre-freeze screening; no row deletion,1,definition_ready,,Context,작물 생육,관측범위·품질,1,frozen,CAT_005,tomato_total_flower
VG_Flower_020,CAT_006,observed_truss_count__delta,관측 화방 수 delta,sfkr_hbfm_grow,growth_measure_code,current minus previous,1 survey,개,individual,feature_date,train median after pre-freeze screening; no row deletion,1,definition_ready,,Context,작물 생육,관측범위·품질,1,frozen,CAT_005,tomato_total_flower
VG_Flower_020,CAT_006,observed_truss_count__delta_per_day,관측 화방 수 delta_per_day,sfkr_hbfm_grow,growth_measure_code,delta / positive elapsed days,1 survey,개,individual,feature_date,train median after pre-freeze screening; no row deletion,1,definition_ready,,Context,작물 생육,관측범위·품질,1,frozen,CAT_005,tomato_total_flower
VG_Flower_020,CAT_006,observed_truss_count__lag1,관측 화방 수 lag1,sfkr_hbfm_grow,growth_measure_code,lag 1,1 surveys,개,individual,feature_date,train median after pre-freeze screening; no row deletion,1,definition_ready,,Context,작물 생육,관측범위·품질,1,frozen,CAT_005,tomato_total_flower
VG_Flower_020,CAT_006,observed_truss_count__lag2,관측 화방 수 lag2,sfkr_hbfm_grow,growth_measure_code,lag 2,2 surveys,개,individual,feature_date,train median after pre-freeze screening; no row deletion,1,definition_ready,,Context,작물 생육,관측범위·품질,1,frozen,CAT_005,tomato_total_flower
VG_Flower_020,CAT_006,observed_truss_count__lag3,관측 화방 수 lag3,sfkr_hbfm_grow,growth_measure_code,lag 3,3 surveys,개,individual,feature_date,train median after pre-freeze screening; no row deletion,1,definition_ready,,Context,작물 생육,관측범위·품질,1,frozen,CAT_005,tomato_total_flower
VG_Flower_020,CAT_006,observed_truss_count__roll3_mean,관측 화방 수 roll3_mean,sfkr_hbfm_grow,growth_measure_code,mean,3 valid surveys including current; min_periods=3,개,individual,feature_date,train median after pre-freeze screening; no row deletion,1,definition_ready,,Context,작물 생육,관측범위·품질,1,frozen,CAT_005,tomato_total_flower
VG_Flower_020,CAT_006,observed_truss_count__roll3_std,관측 화방 수 roll3_std,sfkr_hbfm_grow,growth_measure_code,std; ddof=0,3 valid surveys including current; min_periods=3,개,individual,feature_date,train median after pre-freeze screening; no row deletion,1,definition_ready,,Context,작물 생육,관측범위·품질,1,frozen,CAT_005,tomato_total_flower
VG_Flower_020,CAT_006,observed_truss_count__roll3_max,관측 화방 수 roll3_max,sfkr_hbfm_grow,growth_measure_code,max,3 valid surveys including current; min_periods=3,개,individual,feature_date,train median after pre-freeze screening; no row deletion,1,definition_ready,,Context,작물 생육,관측범위·품질,1,frozen,CAT_005,tomato_total_flower
VG_Flower_020,CAT_006,observed_truss_count__roll3_slope,관측 화방 수 roll3_slope,sfkr_hbfm_grow,growth_measure_code,slope; per calendar day,3 valid surveys including current; min_periods=3,개,individual,feature_date,train median after pre-freeze screening; no row deletion,1,definition_ready,,Context,작물 생육,관측범위·품질,1,frozen,CAT_005,tomato_total_flower
VG_Flower_020,CAT_006,observed_truss_count__roll4_mean,관측 화방 수 roll4_mean,sfkr_hbfm_grow,growth_measure_code,mean,4 valid surveys including current; min_periods=4,개,individual,feature_date,train median after pre-freeze screening; no row deletion,1,definition_ready,,Context,작물 생육,관측범위·품질,1,frozen,CAT_005,tomato_total_flower
VG_Flower_020,CAT_006,observed_truss_count__roll4_std,관측 화방 수 roll4_std,sfkr_hbfm_grow,growth_measure_code,std; ddof=0,4 valid surveys including current; min_periods=4,개,individual,feature_date,train median after pre-freeze screening; no row deletion,1,definition_ready,,Context,작물 생육,관측범위·품질,1,frozen,CAT_005,tomato_total_flower
VG_Flower_020,CAT_006,observed_truss_count__roll4_max,관측 화방 수 roll4_max,sfkr_hbfm_grow,growth_measure_code,max,4 valid surveys including current; min_periods=4,개,individual,feature_date,train median after pre-freeze screening; no row deletion,1,definition_ready,,Context,작물 생육,관측범위·품질,1,frozen,CAT_005,tomato_total_flower
VG_Flower_020,CAT_006,observed_truss_count__roll4_slope,관측 화방 수 roll4_slope,sfkr_hbfm_grow,growth_measure_code,slope; per calendar day,4 valid surveys including current; min_periods=4,개,individual,feature_date,train median after pre-freeze screening; no row deletion,1,definition_ready,,Context,작물 생육,관측범위·품질,1,frozen,CAT_005,tomato_total_flower
VG_Flower_020,CAT_021,flower_count__current,전체 꽃 수 current,sfkr_hbfm_grow,growth_measure_code + resolved value column,current valid observation,current,개,individual,feature_date,train median after pre-freeze screening; no row deletion,1,definition_ready,,State,작물 생육,꽃 관측정보,1,frozen,CAT_020,tomato_total_flower
VG_Flower_020,CAT_021,flower_count__delta,전체 꽃 수 delta,sfkr_hbfm_grow,growth_measure_code + resolved value column,current minus previous,1 survey,개,individual,feature_date,train median after pre-freeze screening; no row deletion,1,definition_ready,,State,작물 생육,꽃 관측정보,1,frozen,CAT_020,tomato_total_flower
VG_Flower_020,CAT_021,flower_count__delta_per_day,전체 꽃 수 delta_per_day,sfkr_hbfm_grow,growth_measure_code + resolved value column,delta / positive elapsed days,1 survey,개,individual,feature_date,train median after pre-freeze screening; no row deletion,1,definition_ready,,State,작물 생육,꽃 관측정보,1,frozen,CAT_020,tomato_total_flower
VG_Flower_020,CAT_021,flower_count__lag1,전체 꽃 수 lag1,sfkr_hbfm_grow,growth_measure_code + resolved value column,lag 1,1 surveys,개,individual,feature_date,train median after pre-freeze screening; no row deletion,1,definition_ready,,State,작물 생육,꽃 관측정보,1,frozen,CAT_020,tomato_total_flower
VG_Flower_020,CAT_021,flower_count__lag2,전체 꽃 수 lag2,sfkr_hbfm_grow,growth_measure_code + resolved value column,lag 2,2 surveys,개,individual,feature_date,train median after pre-freeze screening; no row deletion,1,definition_ready,,State,작물 생육,꽃 관측정보,1,frozen,CAT_020,tomato_total_flower
VG_Flower_020,CAT_021,flower_count__lag3,전체 꽃 수 lag3,sfkr_hbfm_grow,growth_measure_code + resolved value column,lag 3,3 surveys,개,individual,feature_date,train median after pre-freeze screening; no row deletion,1,definition_ready,,State,작물 생육,꽃 관측정보,1,frozen,CAT_020,tomato_total_flower
VG_Flower_020,CAT_021,flower_count__roll2_std,전체 꽃 수 roll2_std,sfkr_hbfm_grow,growth_measure_code + resolved value column,std; ddof=0,2 valid surveys including current; min_periods=2,개,individual,feature_date,train median after pre-freeze screening; no row deletion,1,definition_ready,,State,작물 생육,꽃 관측정보,1,frozen,CAT_020,tomato_total_flower
VG_Flower_020,CAT_021,flower_count__roll2_min,전체 꽃 수 roll2_min,sfkr_hbfm_grow,growth_measure_code + resolved value column,min,2 valid surveys including current; min_periods=2,개,individual,feature_date,train median after pre-freeze screening; no row deletion,1,definition_ready,,State,작물 생육,꽃 관측정보,1,frozen,CAT_020,tomato_total_flower
VG_Flower_020,CAT_021,flower_count__roll3_mean,전체 꽃 수 roll3_mean,sfkr_hbfm_grow,growth_measure_code + resolved value column,mean,3 valid surveys including current; min_periods=3,개,individual,feature_date,train median after pre-freeze screening; no row deletion,1,definition_ready,,State,작물 생육,꽃 관측정보,1,frozen,CAT_020,tomato_total_flower
VG_Flower_020,CAT_021,flower_count__roll3_std,전체 꽃 수 roll3_std,sfkr_hbfm_grow,growth_measure_code + resolved value column,std; ddof=0,3 valid surveys including current; min_periods=3,개,individual,feature_date,train median after pre-freeze screening; no row deletion,1,definition_ready,,State,작물 생육,꽃 관측정보,1,frozen,CAT_020,tomato_total_flower
VG_Flower_020,CAT_021,flower_count__roll3_min,전체 꽃 수 roll3_min,sfkr_hbfm_grow,growth_measure_code + resolved value column,min,3 valid surveys including current; min_periods=3,개,individual,feature_date,train median after pre-freeze screening; no row deletion,1,definition_ready,,State,작물 생육,꽃 관측정보,1,frozen,CAT_020,tomato_total_flower
VG_Flower_020,CAT_021,flower_count__roll3_max,전체 꽃 수 roll3_max,sfkr_hbfm_grow,growth_measure_code + resolved value column,max,3 valid surveys including current; min_periods=3,개,individual,feature_date,train median after pre-freeze screening; no row deletion,1,definition_ready,,State,작물 생육,꽃 관측정보,1,frozen,CAT_020,tomato_total_flower
VG_Flower_020,CAT_021,flower_count__roll3_slope,전체 꽃 수 roll3_slope,sfkr_hbfm_grow,growth_measure_code + resolved value column,slope; per calendar day,3 valid surveys including current; min_periods=3,개,individual,feature_date,train median after pre-freeze screening; no row deletion,1,definition_ready,,State,작물 생육,꽃 관측정보,1,frozen,CAT_020,tomato_total_flower
VG_Flower_020,CAT_021,flower_count__roll4_mean,전체 꽃 수 roll4_mean,sfkr_hbfm_grow,growth_measure_code + resolved value column,mean,4 valid surveys including current; min_periods=4,개,individual,feature_date,train median after pre-freeze screening; no row deletion,1,definition_ready,,State,작물 생육,꽃 관측정보,1,frozen,CAT_020,tomato_total_flower
VG_Flower_020,CAT_021,flower_count__roll4_std,전체 꽃 수 roll4_std,sfkr_hbfm_grow,growth_measure_code + resolved value column,std; ddof=0,4 valid surveys including current; min_periods=4,개,individual,feature_date,train median after pre-freeze screening; no row deletion,1,definition_ready,,State,작물 생육,꽃 관측정보,1,frozen,CAT_020,tomato_total_flower
VG_Flower_020,CAT_021,flower_count__roll4_min,전체 꽃 수 roll4_min,sfkr_hbfm_grow,growth_measure_code + resolved value column,min,4 valid surveys including current; min_periods=4,개,individual,feature_date,train median after pre-freeze screening; no row deletion,1,definition_ready,,State,작물 생육,꽃 관측정보,1,frozen,CAT_020,tomato_total_flower
VG_Flower_020,CAT_021,flower_count__roll4_max,전체 꽃 수 roll4_max,sfkr_hbfm_grow,growth_measure_code + resolved value column,max,4 valid surveys including current; min_periods=4,개,individual,feature_date,train median after pre-freeze screening; no row deletion,1,definition_ready,,State,작물 생육,꽃 관측정보,1,frozen,CAT_020,tomato_total_flower
VG_Flower_020,CAT_021,flower_count__roll4_slope,전체 꽃 수 roll4_slope,sfkr_hbfm_grow,growth_measure_code + resolved value column,slope; per calendar day,4 valid surveys including current; min_periods=4,개,individual,feature_date,train median after pre-freeze screening; no row deletion,1,definition_ready,,State,작물 생육,꽃 관측정보,1,frozen,CAT_020,tomato_total_flower
VG_Flower_020,CAT_041,history_count,누적 조사 횟수,growth/crop source,measurement date/cropping_date/current count,observed history only; ISO week period=52.1775,through current,count,individual,feature_date,train median after pre-freeze screening; no row deletion,1,definition_ready,,Context,재배 맥락,조사이력,1,frozen,CAT_037,tomato_total_flower
VG_Flower_002,CAT_003,current_max_truss_number__current,최대 관측 화방번호 current,sfkr_hbfm_grow,growth_measure_code,current valid observation,current,번호,individual,feature_date,train median after pre-freeze screening; no row deletion,1,definition_ready,,State,작물 생육,화방 관측정보,1,frozen,CAT_002,tomato_total_flower
VG_Flower_002,CAT_003,current_max_truss_number__delta,최대 관측 화방번호 delta,sfkr_hbfm_grow,growth_measure_code,current minus previous,1 survey,번호,individual,feature_date,train median after pre-freeze screening; no row deletion,1,definition_ready,,State,작물 생육,화방 관측정보,1,frozen,CAT_002,tomato_total_flower
VG_Flower_002,CAT_003,current_max_truss_number__delta_per_day,최대 관측 화방번호 delta_per_day,sfkr_hbfm_grow,growth_measure_code,delta / positive elapsed days,1 survey,번호,individual,feature_date,train median after pre-freeze screening; no row deletion,1,definition_ready,,State,작물 생육,화방 관측정보,1,frozen,CAT_002,tomato_total_flower
VG_Flower_002,CAT_003,current_max_truss_number__lag1,최대 관측 화방번호 lag1,sfkr_hbfm_grow,growth_measure_code,lag 1,1 surveys,번호,individual,feature_date,train median after pre-freeze screening; no row deletion,1,definition_ready,,State,작물 생육,화방 관측정보,1,frozen,CAT_002,tomato_total_flower
VG_Flower_002,CAT_003,current_max_truss_number__lag2,최대 관측 화방번호 lag2,sfkr_hbfm_grow,growth_measure_code,lag 2,2 surveys,번호,individual,feature_date,train median after pre-freeze screening; no row deletion,1,definition_ready,,State,작물 생육,화방 관측정보,1,frozen,CAT_002,tomato_total_flower
VG_Flower_002,CAT_003,current_max_truss_number__lag3,최대 관측 화방번호 lag3,sfkr_hbfm_grow,growth_measure_code,lag 3,3 surveys,번호,individual,feature_date,train median after pre-freeze screening; no row deletion,1,definition_ready,,State,작물 생육,화방 관측정보,1,frozen,CAT_002,tomato_total_flower
VG_Flower_002,CAT_003,current_max_truss_number__roll3_mean,최대 관측 화방번호 roll3_mean,sfkr_hbfm_grow,growth_measure_code,mean,3 valid surveys including current; min_periods=3,번호,individual,feature_date,train median after pre-freeze screening; no row deletion,1,definition_ready,,State,작물 생육,화방 관측정보,1,frozen,CAT_002,tomato_total_flower
VG_Flower_002,CAT_003,current_max_truss_number__roll3_std,최대 관측 화방번호 roll3_std,sfkr_hbfm_grow,growth_measure_code,std; ddof=0,3 valid surveys including current; min_periods=3,번호,individual,feature_date,train median after pre-freeze screening; no row deletion,1,definition_ready,,State,작물 생육,화방 관측정보,1,frozen,CAT_002,tomato_total_flower
VG_Flower_002,CAT_003,current_max_truss_number__roll3_max,최대 관측 화방번호 roll3_max,sfkr_hbfm_grow,growth_measure_code,max,3 valid surveys including current; min_periods=3,번호,individual,feature_date,train median after pre-freeze screening; no row deletion,1,definition_ready,,State,작물 생육,화방 관측정보,1,frozen,CAT_002,tomato_total_flower
VG_Flower_002,CAT_003,current_max_truss_number__roll3_slope,최대 관측 화방번호 roll3_slope,sfkr_hbfm_grow,growth_measure_code,slope; per calendar day,3 valid surveys including current; min_periods=3,번호,individual,feature_date,train median after pre-freeze screening; no row deletion,1,definition_ready,,State,작물 생육,화방 관측정보,1,frozen,CAT_002,tomato_total_flower
VG_Flower_002,CAT_003,current_max_truss_number__roll4_mean,최대 관측 화방번호 roll4_mean,sfkr_hbfm_grow,growth_measure_code,mean,4 valid surveys including current; min_periods=4,번호,individual,feature_date,train median after pre-freeze screening; no row deletion,1,definition_ready,,State,작물 생육,화방 관측정보,1,frozen,CAT_002,tomato_total_flower
VG_Flower_002,CAT_003,current_max_truss_number__roll4_std,최대 관측 화방번호 roll4_std,sfkr_hbfm_grow,growth_measure_code,std; ddof=0,4 valid surveys including current; min_periods=4,번호,individual,feature_date,train median after pre-freeze screening; no row deletion,1,definition_ready,,State,작물 생육,화방 관측정보,1,frozen,CAT_002,tomato_total_flower
VG_Flower_002,CAT_003,current_max_truss_number__roll4_max,최대 관측 화방번호 roll4_max,sfkr_hbfm_grow,growth_measure_code,max,4 valid surveys including current; min_periods=4,번호,individual,feature_date,train median after pre-freeze screening; no row deletion,1,definition_ready,,State,작물 생육,화방 관측정보,1,frozen,CAT_002,tomato_total_flower
VG_Flower_002,CAT_003,current_max_truss_number__roll4_slope,최대 관측 화방번호 roll4_slope,sfkr_hbfm_grow,growth_measure_code,slope; per calendar day,4 valid surveys including current; min_periods=4,번호,individual,feature_date,train median after pre-freeze screening; no row deletion,1,definition_ready,,State,작물 생육,화방 관측정보,1,frozen,CAT_002,tomato_total_flower
VG_Flower_002,CAT_003,positive_truss_count__current,꽃이 있는 화방 수 current,sfkr_hbfm_grow,growth_measure_code + resolved value column,current valid observation,current,개,individual,feature_date,train median after pre-freeze screening; no row deletion,1,definition_ready,,State,작물 생육,화방 관측정보,1,frozen,CAT_002,tomato_total_flower
VG_Flower_002,CAT_003,positive_truss_count__delta,꽃이 있는 화방 수 delta,sfkr_hbfm_grow,growth_measure_code + resolved value column,current minus previous,1 survey,개,individual,feature_date,train median after pre-freeze screening; no row deletion,1,definition_ready,,State,작물 생육,화방 관측정보,1,frozen,CAT_002,tomato_total_flower
VG_Flower_002,CAT_003,positive_truss_count__delta_per_day,꽃이 있는 화방 수 delta_per_day,sfkr_hbfm_grow,growth_measure_code + resolved value column,delta / positive elapsed days,1 survey,개,individual,feature_date,train median after pre-freeze screening; no row deletion,1,definition_ready,,State,작물 생육,화방 관측정보,1,frozen,CAT_002,tomato_total_flower
VG_Flower_002,CAT_003,positive_truss_count__lag1,꽃이 있는 화방 수 lag1,sfkr_hbfm_grow,growth_measure_code + resolved value column,lag 1,1 surveys,개,individual,feature_date,train median after pre-freeze screening; no row deletion,1,definition_ready,,State,작물 생육,화방 관측정보,1,frozen,CAT_002,tomato_total_flower
VG_Flower_002,CAT_003,positive_truss_count__lag2,꽃이 있는 화방 수 lag2,sfkr_hbfm_grow,growth_measure_code + resolved value column,lag 2,2 surveys,개,individual,feature_date,train median after pre-freeze screening; no row deletion,1,definition_ready,,State,작물 생육,화방 관측정보,1,frozen,CAT_002,tomato_total_flower
VG_Flower_002,CAT_003,positive_truss_count__lag3,꽃이 있는 화방 수 lag3,sfkr_hbfm_grow,growth_measure_code + resolved value column,lag 3,3 surveys,개,individual,feature_date,train median after pre-freeze screening; no row deletion,1,definition_ready,,State,작물 생육,화방 관측정보,1,frozen,CAT_002,tomato_total_flower
VG_Flower_002,CAT_003,positive_truss_count__roll2_std,꽃이 있는 화방 수 roll2_std,sfkr_hbfm_grow,growth_measure_code + resolved value column,std; ddof=0,2 valid surveys including current; min_periods=2,개,individual,feature_date,train median after pre-freeze screening; no row deletion,1,definition_ready,,State,작물 생육,화방 관측정보,1,frozen,CAT_002,tomato_total_flower
VG_Flower_002,CAT_003,positive_truss_count__roll2_min,꽃이 있는 화방 수 roll2_min,sfkr_hbfm_grow,growth_measure_code + resolved value column,min,2 valid surveys including current; min_periods=2,개,individual,feature_date,train median after pre-freeze screening; no row deletion,1,definition_ready,,State,작물 생육,화방 관측정보,1,frozen,CAT_002,tomato_total_flower
VG_Flower_002,CAT_003,positive_truss_count__roll3_mean,꽃이 있는 화방 수 roll3_mean,sfkr_hbfm_grow,growth_measure_code + resolved value column,mean,3 valid surveys including current; min_periods=3,개,individual,feature_date,train median after pre-freeze screening; no row deletion,1,definition_ready,,State,작물 생육,화방 관측정보,1,frozen,CAT_002,tomato_total_flower
VG_Flower_002,CAT_003,positive_truss_count__roll3_std,꽃이 있는 화방 수 roll3_std,sfkr_hbfm_grow,growth_measure_code + resolved value column,std; ddof=0,3 valid surveys including current; min_periods=3,개,individual,feature_date,train median after pre-freeze screening; no row deletion,1,definition_ready,,State,작물 생육,화방 관측정보,1,frozen,CAT_002,tomato_total_flower
VG_Flower_002,CAT_003,positive_truss_count__roll3_min,꽃이 있는 화방 수 roll3_min,sfkr_hbfm_grow,growth_measure_code + resolved value column,min,3 valid surveys including current; min_periods=3,개,individual,feature_date,train median after pre-freeze screening; no row deletion,1,definition_ready,,State,작물 생육,화방 관측정보,1,frozen,CAT_002,tomato_total_flower
VG_Flower_002,CAT_003,positive_truss_count__roll3_max,꽃이 있는 화방 수 roll3_max,sfkr_hbfm_grow,growth_measure_code + resolved value column,max,3 valid surveys including current; min_periods=3,개,individual,feature_date,train median after pre-freeze screening; no row deletion,1,definition_ready,,State,작물 생육,화방 관측정보,1,frozen,CAT_002,tomato_total_flower
VG_Flower_002,CAT_003,positive_truss_count__roll3_slope,꽃이 있는 화방 수 roll3_slope,sfkr_hbfm_grow,growth_measure_code + resolved value column,slope; per calendar day,3 valid surveys including current; min_periods=3,개,individual,feature_date,train median after pre-freeze screening; no row deletion,1,definition_ready,,State,작물 생육,화방 관측정보,1,frozen,CAT_002,tomato_total_flower
VG_Flower_002,CAT_003,positive_truss_count__roll4_mean,꽃이 있는 화방 수 roll4_mean,sfkr_hbfm_grow,growth_measure_code + resolved value column,mean,4 valid surveys including current; min_periods=4,개,individual,feature_date,train median after pre-freeze screening; no row deletion,1,definition_ready,,State,작물 생육,화방 관측정보,1,frozen,CAT_002,tomato_total_flower
VG_Flower_002,CAT_003,positive_truss_count__roll4_std,꽃이 있는 화방 수 roll4_std,sfkr_hbfm_grow,growth_measure_code + resolved value column,std; ddof=0,4 valid surveys including current; min_periods=4,개,individual,feature_date,train median after pre-freeze screening; no row deletion,1,definition_ready,,State,작물 생육,화방 관측정보,1,frozen,CAT_002,tomato_total_flower
VG_Flower_002,CAT_003,positive_truss_count__roll4_min,꽃이 있는 화방 수 roll4_min,sfkr_hbfm_grow,growth_measure_code + resolved value column,min,4 valid surveys including current; min_periods=4,개,individual,feature_date,train median after pre-freeze screening; no row deletion,1,definition_ready,,State,작물 생육,화방 관측정보,1,frozen,CAT_002,tomato_total_flower
VG_Flower_002,CAT_003,positive_truss_count__roll4_max,꽃이 있는 화방 수 roll4_max,sfkr_hbfm_grow,growth_measure_code + resolved value column,max,4 valid surveys including current; min_periods=4,개,individual,feature_date,train median after pre-freeze screening; no row deletion,1,definition_ready,,State,작물 생육,화방 관측정보,1,frozen,CAT_002,tomato_total_flower
VG_Flower_002,CAT_003,positive_truss_count__roll4_slope,꽃이 있는 화방 수 roll4_slope,sfkr_hbfm_grow,growth_measure_code + resolved value column,slope; per calendar day,4 valid surveys including current; min_periods=4,개,individual,feature_date,train median after pre-freeze screening; no row deletion,1,definition_ready,,State,작물 생육,화방 관측정보,1,frozen,CAT_002,tomato_total_flower
VG_Flower_002,CAT_017,EI__CI__1d_mean,내부CO2 직전 1일 mean,sfkr_hbfm_env_con,EI/CI -> sen_val,mean,"[t-1d,t)",ppm,facility,feature_date,train median after pre-freeze screening; no row deletion,1,definition_ready,,State,실내환경,실내 CO2,1,frozen,CAT_016,tomato_total_flower
VG_Flower_002,CAT_017,EI__CI__1d_std,내부CO2 직전 1일 std,sfkr_hbfm_env_con,EI/CI -> sen_val,std; ddof=0,"[t-1d,t)",ppm,facility,feature_date,train median after pre-freeze screening; no row deletion,1,definition_ready,,State,실내환경,실내 CO2,1,frozen,CAT_016,tomato_total_flower
VG_Flower_002,CAT_017,EI__CI__1d_min,내부CO2 직전 1일 min,sfkr_hbfm_env_con,EI/CI -> sen_val,min,"[t-1d,t)",ppm,facility,feature_date,train median after pre-freeze screening; no row deletion,1,definition_ready,,State,실내환경,실내 CO2,1,frozen,CAT_016,tomato_total_flower
VG_Flower_002,CAT_017,EI__CI__1d_max,내부CO2 직전 1일 max,sfkr_hbfm_env_con,EI/CI -> sen_val,max,"[t-1d,t)",ppm,facility,feature_date,train median after pre-freeze screening; no row deletion,1,definition_ready,,State,실내환경,실내 CO2,1,frozen,CAT_016,tomato_total_flower
VG_Flower_002,CAT_017,EI__CI__3d_mean,내부CO2 직전 3일 mean,sfkr_hbfm_env_con,EI/CI -> sen_val,mean,"[t-3d,t)",ppm,facility,feature_date,train median after pre-freeze screening; no row deletion,1,definition_ready,,State,실내환경,실내 CO2,1,frozen,CAT_016,tomato_total_flower
VG_Flower_002,CAT_017,EI__CI__3d_std,내부CO2 직전 3일 std,sfkr_hbfm_env_con,EI/CI -> sen_val,std; ddof=0,"[t-3d,t)",ppm,facility,feature_date,train median after pre-freeze screening; no row deletion,1,definition_ready,,State,실내환경,실내 CO2,1,frozen,CAT_016,tomato_total_flower
VG_Flower_002,CAT_017,EI__CI__3d_min,내부CO2 직전 3일 min,sfkr_hbfm_env_con,EI/CI -> sen_val,min,"[t-3d,t)",ppm,facility,feature_date,train median after pre-freeze screening; no row deletion,1,definition_ready,,State,실내환경,실내 CO2,1,frozen,CAT_016,tomato_total_flower
VG_Flower_002,CAT_017,EI__CI__3d_max,내부CO2 직전 3일 max,sfkr_hbfm_env_con,EI/CI -> sen_val,max,"[t-3d,t)",ppm,facility,feature_date,train median after pre-freeze screening; no row deletion,1,definition_ready,,State,실내환경,실내 CO2,1,frozen,CAT_016,tomato_total_flower
VG_Flower_002,CAT_017,EI__CI__7d_mean,내부CO2 직전 7일 mean,sfkr_hbfm_env_con,EI/CI -> sen_val,mean,"[t-7d,t)",ppm,facility,feature_date,train median after pre-freeze screening; no row deletion,1,definition_ready,,State,실내환경,실내 CO2,1,frozen,CAT_016,tomato_total_flower
VG_Flower_002,CAT_017,EI__CI__7d_std,내부CO2 직전 7일 std,sfkr_hbfm_env_con,EI/CI -> sen_val,std; ddof=0,"[t-7d,t)",ppm,facility,feature_date,train median after pre-freeze screening; no row deletion,1,definition_ready,,State,실내환경,실내 CO2,1,frozen,CAT_016,tomato_total_flower
VG_Flower_002,CAT_017,EI__CI__7d_min,내부CO2 직전 7일 min,sfkr_hbfm_env_con,EI/CI -> sen_val,min,"[t-7d,t)",ppm,facility,feature_date,train median after pre-freeze screening; no row deletion,1,definition_ready,,State,실내환경,실내 CO2,1,frozen,CAT_016,tomato_total_flower
VG_Flower_002,CAT_017,EI__CI__7d_max,내부CO2 직전 7일 max,sfkr_hbfm_env_con,EI/CI -> sen_val,max,"[t-7d,t)",ppm,facility,feature_date,train median after pre-freeze screening; no row deletion,1,definition_ready,,State,실내환경,실내 CO2,1,frozen,CAT_016,tomato_total_flower
VG_Flower_002,CAT_021,flower_count__current,전체 꽃 수 current,sfkr_hbfm_grow,growth_measure_code + resolved value column,current valid observation,current,개,individual,feature_date,train median after pre-freeze screening; no row deletion,1,definition_ready,,State,작물 생육,꽃 관측정보,1,frozen,CAT_020,tomato_total_flower
VG_Flower_002,CAT_021,flower_count__delta,전체 꽃 수 delta,sfkr_hbfm_grow,growth_measure_code + resolved value column,current minus previous,1 survey,개,individual,feature_date,train median after pre-freeze screening; no row deletion,1,definition_ready,,State,작물 생육,꽃 관측정보,1,frozen,CAT_020,tomato_total_flower
VG_Flower_002,CAT_021,flower_count__delta_per_day,전체 꽃 수 delta_per_day,sfkr_hbfm_grow,growth_measure_code + resolved value column,delta / positive elapsed days,1 survey,개,individual,feature_date,train median after pre-freeze screening; no row deletion,1,definition_ready,,State,작물 생육,꽃 관측정보,1,frozen,CAT_020,tomato_total_flower
VG_Flower_002,CAT_021,flower_count__lag1,전체 꽃 수 lag1,sfkr_hbfm_grow,growth_measure_code + resolved value column,lag 1,1 surveys,개,individual,feature_date,train median after pre-freeze screening; no row deletion,1,definition_ready,,State,작물 생육,꽃 관측정보,1,frozen,CAT_020,tomato_total_flower
VG_Flower_002,CAT_021,flower_count__lag2,전체 꽃 수 lag2,sfkr_hbfm_grow,growth_measure_code + resolved value column,lag 2,2 surveys,개,individual,feature_date,train median after pre-freeze screening; no row deletion,1,definition_ready,,State,작물 생육,꽃 관측정보,1,frozen,CAT_020,tomato_total_flower
VG_Flower_002,CAT_021,flower_count__lag3,전체 꽃 수 lag3,sfkr_hbfm_grow,growth_measure_code + resolved value column,lag 3,3 surveys,개,individual,feature_date,train median after pre-freeze screening; no row deletion,1,definition_ready,,State,작물 생육,꽃 관측정보,1,frozen,CAT_020,tomato_total_flower
VG_Flower_002,CAT_021,flower_count__roll2_std,전체 꽃 수 roll2_std,sfkr_hbfm_grow,growth_measure_code + resolved value column,std; ddof=0,2 valid surveys including current; min_periods=2,개,individual,feature_date,train median after pre-freeze screening; no row deletion,1,definition_ready,,State,작물 생육,꽃 관측정보,1,frozen,CAT_020,tomato_total_flower
VG_Flower_002,CAT_021,flower_count__roll2_min,전체 꽃 수 roll2_min,sfkr_hbfm_grow,growth_measure_code + resolved value column,min,2 valid surveys including current; min_periods=2,개,individual,feature_date,train median after pre-freeze screening; no row deletion,1,definition_ready,,State,작물 생육,꽃 관측정보,1,frozen,CAT_020,tomato_total_flower
VG_Flower_002,CAT_021,flower_count__roll3_mean,전체 꽃 수 roll3_mean,sfkr_hbfm_grow,growth_measure_code + resolved value column,mean,3 valid surveys including current; min_periods=3,개,individual,feature_date,train median after pre-freeze screening; no row deletion,1,definition_ready,,State,작물 생육,꽃 관측정보,1,frozen,CAT_020,tomato_total_flower
VG_Flower_002,CAT_021,flower_count__roll3_std,전체 꽃 수 roll3_std,sfkr_hbfm_grow,growth_measure_code + resolved value column,std; ddof=0,3 valid surveys including current; min_periods=3,개,individual,feature_date,train median after pre-freeze screening; no row deletion,1,definition_ready,,State,작물 생육,꽃 관측정보,1,frozen,CAT_020,tomato_total_flower
VG_Flower_002,CAT_021,flower_count__roll3_min,전체 꽃 수 roll3_min,sfkr_hbfm_grow,growth_measure_code + resolved value column,min,3 valid surveys including current; min_periods=3,개,individual,feature_date,train median after pre-freeze screening; no row deletion,1,definition_ready,,State,작물 생육,꽃 관측정보,1,frozen,CAT_020,tomato_total_flower
VG_Flower_002,CAT_021,flower_count__roll3_max,전체 꽃 수 roll3_max,sfkr_hbfm_grow,growth_measure_code + resolved value column,max,3 valid surveys including current; min_periods=3,개,individual,feature_date,train median after pre-freeze screening; no row deletion,1,definition_ready,,State,작물 생육,꽃 관측정보,1,frozen,CAT_020,tomato_total_flower
VG_Flower_002,CAT_021,flower_count__roll3_slope,전체 꽃 수 roll3_slope,sfkr_hbfm_grow,growth_measure_code + resolved value column,slope; per calendar day,3 valid surveys including current; min_periods=3,개,individual,feature_date,train median after pre-freeze screening; no row deletion,1,definition_ready,,State,작물 생육,꽃 관측정보,1,frozen,CAT_020,tomato_total_flower
VG_Flower_002,CAT_021,flower_count__roll4_mean,전체 꽃 수 roll4_mean,sfkr_hbfm_grow,growth_measure_code + resolved value column,mean,4 valid surveys including current; min_periods=4,개,individual,feature_date,train median after pre-freeze screening; no row deletion,1,definition_ready,,State,작물 생육,꽃 관측정보,1,frozen,CAT_020,tomato_total_flower
VG_Flower_002,CAT_021,flower_count__roll4_std,전체 꽃 수 roll4_std,sfkr_hbfm_grow,growth_measure_code + resolved value column,std; ddof=0,4 valid surveys including current; min_periods=4,개,individual,feature_date,train median after pre-freeze screening; no row deletion,1,definition_ready,,State,작물 생육,꽃 관측정보,1,frozen,CAT_020,tomato_total_flower
VG_Flower_002,CAT_021,flower_count__roll4_min,전체 꽃 수 roll4_min,sfkr_hbfm_grow,growth_measure_code + resolved value column,min,4 valid surveys including current; min_periods=4,개,individual,feature_date,train median after pre-freeze screening; no row deletion,1,definition_ready,,State,작물 생육,꽃 관측정보,1,frozen,CAT_020,tomato_total_flower
VG_Flower_002,CAT_021,flower_count__roll4_max,전체 꽃 수 roll4_max,sfkr_hbfm_grow,growth_measure_code + resolved value column,max,4 valid surveys including current; min_periods=4,개,individual,feature_date,train median after pre-freeze screening; no row deletion,1,definition_ready,,State,작물 생육,꽃 관측정보,1,frozen,CAT_020,tomato_total_flower
VG_Flower_002,CAT_021,flower_count__roll4_slope,전체 꽃 수 roll4_slope,sfkr_hbfm_grow,growth_measure_code + resolved value column,slope; per calendar day,4 valid surveys including current; min_periods=4,개,individual,feature_date,train median after pre-freeze screening; no row deletion,1,definition_ready,,State,작물 생육,꽃 관측정보,1,frozen,CAT_020,tomato_total_flower
VG_Flower_040,CAT_003,current_max_truss_number__current,최대 관측 화방번호 current,sfkr_hbfm_grow,growth_measure_code,current valid observation,current,번호,individual,feature_date,train median after pre-freeze screening; no row deletion,1,definition_ready,,State,작물 생육,화방 관측정보,1,frozen,CAT_002,tomato_total_flower
VG_Flower_040,CAT_003,current_max_truss_number__delta,최대 관측 화방번호 delta,sfkr_hbfm_grow,growth_measure_code,current minus previous,1 survey,번호,individual,feature_date,train median after pre-freeze screening; no row deletion,1,definition_ready,,State,작물 생육,화방 관측정보,1,frozen,CAT_002,tomato_total_flower
VG_Flower_040,CAT_003,current_max_truss_number__delta_per_day,최대 관측 화방번호 delta_per_day,sfkr_hbfm_grow,growth_measure_code,delta / positive elapsed days,1 survey,번호,individual,feature_date,train median after pre-freeze screening; no row deletion,1,definition_ready,,State,작물 생육,화방 관측정보,1,frozen,CAT_002,tomato_total_flower
VG_Flower_040,CAT_003,current_max_truss_number__lag1,최대 관측 화방번호 lag1,sfkr_hbfm_grow,growth_measure_code,lag 1,1 surveys,번호,individual,feature_date,train median after pre-freeze screening; no row deletion,1,definition_ready,,State,작물 생육,화방 관측정보,1,frozen,CAT_002,tomato_total_flower
VG_Flower_040,CAT_003,current_max_truss_number__lag2,최대 관측 화방번호 lag2,sfkr_hbfm_grow,growth_measure_code,lag 2,2 surveys,번호,individual,feature_date,train median after pre-freeze screening; no row deletion,1,definition_ready,,State,작물 생육,화방 관측정보,1,frozen,CAT_002,tomato_total_flower
VG_Flower_040,CAT_003,current_max_truss_number__lag3,최대 관측 화방번호 lag3,sfkr_hbfm_grow,growth_measure_code,lag 3,3 surveys,번호,individual,feature_date,train median after pre-freeze screening; no row deletion,1,definition_ready,,State,작물 생육,화방 관측정보,1,frozen,CAT_002,tomato_total_flower
VG_Flower_040,CAT_003,current_max_truss_number__roll3_mean,최대 관측 화방번호 roll3_mean,sfkr_hbfm_grow,growth_measure_code,mean,3 valid surveys including current; min_periods=3,번호,individual,feature_date,train median after pre-freeze screening; no row deletion,1,definition_ready,,State,작물 생육,화방 관측정보,1,frozen,CAT_002,tomato_total_flower
VG_Flower_040,CAT_003,current_max_truss_number__roll3_std,최대 관측 화방번호 roll3_std,sfkr_hbfm_grow,growth_measure_code,std; ddof=0,3 valid surveys including current; min_periods=3,번호,individual,feature_date,train median after pre-freeze screening; no row deletion,1,definition_ready,,State,작물 생육,화방 관측정보,1,frozen,CAT_002,tomato_total_flower
VG_Flower_040,CAT_003,current_max_truss_number__roll3_max,최대 관측 화방번호 roll3_max,sfkr_hbfm_grow,growth_measure_code,max,3 valid surveys including current; min_periods=3,번호,individual,feature_date,train median after pre-freeze screening; no row deletion,1,definition_ready,,State,작물 생육,화방 관측정보,1,frozen,CAT_002,tomato_total_flower
VG_Flower_040,CAT_003,current_max_truss_number__roll3_slope,최대 관측 화방번호 roll3_slope,sfkr_hbfm_grow,growth_measure_code,slope; per calendar day,3 valid surveys including current; min_periods=3,번호,individual,feature_date,train median after pre-freeze screening; no row deletion,1,definition_ready,,State,작물 생육,화방 관측정보,1,frozen,CAT_002,tomato_total_flower
VG_Flower_040,CAT_003,current_max_truss_number__roll4_mean,최대 관측 화방번호 roll4_mean,sfkr_hbfm_grow,growth_measure_code,mean,4 valid surveys including current; min_periods=4,번호,individual,feature_date,train median after pre-freeze screening; no row deletion,1,definition_ready,,State,작물 생육,화방 관측정보,1,frozen,CAT_002,tomato_total_flower
VG_Flower_040,CAT_003,current_max_truss_number__roll4_std,최대 관측 화방번호 roll4_std,sfkr_hbfm_grow,growth_measure_code,std; ddof=0,4 valid surveys including current; min_periods=4,번호,individual,feature_date,train median after pre-freeze screening; no row deletion,1,definition_ready,,State,작물 생육,화방 관측정보,1,frozen,CAT_002,tomato_total_flower
VG_Flower_040,CAT_003,current_max_truss_number__roll4_max,최대 관측 화방번호 roll4_max,sfkr_hbfm_grow,growth_measure_code,max,4 valid surveys including current; min_periods=4,번호,individual,feature_date,train median after pre-freeze screening; no row deletion,1,definition_ready,,State,작물 생육,화방 관측정보,1,frozen,CAT_002,tomato_total_flower
VG_Flower_040,CAT_003,current_max_truss_number__roll4_slope,최대 관측 화방번호 roll4_slope,sfkr_hbfm_grow,growth_measure_code,slope; per calendar day,4 valid surveys including current; min_periods=4,번호,individual,feature_date,train median after pre-freeze screening; no row deletion,1,definition_ready,,State,작물 생육,화방 관측정보,1,frozen,CAT_002,tomato_total_flower
VG_Flower_040,CAT_003,positive_truss_count__current,꽃이 있는 화방 수 current,sfkr_hbfm_grow,growth_measure_code + resolved value column,current valid observation,current,개,individual,feature_date,train median after pre-freeze screening; no row deletion,1,definition_ready,,State,작물 생육,화방 관측정보,1,frozen,CAT_002,tomato_total_flower
VG_Flower_040,CAT_003,positive_truss_count__delta,꽃이 있는 화방 수 delta,sfkr_hbfm_grow,growth_measure_code + resolved value column,current minus previous,1 survey,개,individual,feature_date,train median after pre-freeze screening; no row deletion,1,definition_ready,,State,작물 생육,화방 관측정보,1,frozen,CAT_002,tomato_total_flower
VG_Flower_040,CAT_003,positive_truss_count__delta_per_day,꽃이 있는 화방 수 delta_per_day,sfkr_hbfm_grow,growth_measure_code + resolved value column,delta / positive elapsed days,1 survey,개,individual,feature_date,train median after pre-freeze screening; no row deletion,1,definition_ready,,State,작물 생육,화방 관측정보,1,frozen,CAT_002,tomato_total_flower
VG_Flower_040,CAT_003,positive_truss_count__lag1,꽃이 있는 화방 수 lag1,sfkr_hbfm_grow,growth_measure_code + resolved value column,lag 1,1 surveys,개,individual,feature_date,train median after pre-freeze screening; no row deletion,1,definition_ready,,State,작물 생육,화방 관측정보,1,frozen,CAT_002,tomato_total_flower
VG_Flower_040,CAT_003,positive_truss_count__lag2,꽃이 있는 화방 수 lag2,sfkr_hbfm_grow,growth_measure_code + resolved value column,lag 2,2 surveys,개,individual,feature_date,train median after pre-freeze screening; no row deletion,1,definition_ready,,State,작물 생육,화방 관측정보,1,frozen,CAT_002,tomato_total_flower
VG_Flower_040,CAT_003,positive_truss_count__lag3,꽃이 있는 화방 수 lag3,sfkr_hbfm_grow,growth_measure_code + resolved value column,lag 3,3 surveys,개,individual,feature_date,train median after pre-freeze screening; no row deletion,1,definition_ready,,State,작물 생육,화방 관측정보,1,frozen,CAT_002,tomato_total_flower
VG_Flower_040,CAT_003,positive_truss_count__roll2_std,꽃이 있는 화방 수 roll2_std,sfkr_hbfm_grow,growth_measure_code + resolved value column,std; ddof=0,2 valid surveys including current; min_periods=2,개,individual,feature_date,train median after pre-freeze screening; no row deletion,1,definition_ready,,State,작물 생육,화방 관측정보,1,frozen,CAT_002,tomato_total_flower
VG_Flower_040,CAT_003,positive_truss_count__roll2_min,꽃이 있는 화방 수 roll2_min,sfkr_hbfm_grow,growth_measure_code + resolved value column,min,2 valid surveys including current; min_periods=2,개,individual,feature_date,train median after pre-freeze screening; no row deletion,1,definition_ready,,State,작물 생육,화방 관측정보,1,frozen,CAT_002,tomato_total_flower
VG_Flower_040,CAT_003,positive_truss_count__roll3_mean,꽃이 있는 화방 수 roll3_mean,sfkr_hbfm_grow,growth_measure_code + resolved value column,mean,3 valid surveys including current; min_periods=3,개,individual,feature_date,train median after pre-freeze screening; no row deletion,1,definition_ready,,State,작물 생육,화방 관측정보,1,frozen,CAT_002,tomato_total_flower
VG_Flower_040,CAT_003,positive_truss_count__roll3_std,꽃이 있는 화방 수 roll3_std,sfkr_hbfm_grow,growth_measure_code + resolved value column,std; ddof=0,3 valid surveys including current; min_periods=3,개,individual,feature_date,train median after pre-freeze screening; no row deletion,1,definition_ready,,State,작물 생육,화방 관측정보,1,frozen,CAT_002,tomato_total_flower
VG_Flower_040,CAT_003,positive_truss_count__roll3_min,꽃이 있는 화방 수 roll3_min,sfkr_hbfm_grow,growth_measure_code + resolved value column,min,3 valid surveys including current; min_periods=3,개,individual,feature_date,train median after pre-freeze screening; no row deletion,1,definition_ready,,State,작물 생육,화방 관측정보,1,frozen,CAT_002,tomato_total_flower
VG_Flower_040,CAT_003,positive_truss_count__roll3_max,꽃이 있는 화방 수 roll3_max,sfkr_hbfm_grow,growth_measure_code + resolved value column,max,3 valid surveys including current; min_periods=3,개,individual,feature_date,train median after pre-freeze screening; no row deletion,1,definition_ready,,State,작물 생육,화방 관측정보,1,frozen,CAT_002,tomato_total_flower
VG_Flower_040,CAT_003,positive_truss_count__roll3_slope,꽃이 있는 화방 수 roll3_slope,sfkr_hbfm_grow,growth_measure_code + resolved value column,slope; per calendar day,3 valid surveys including current; min_periods=3,개,individual,feature_date,train median after pre-freeze screening; no row deletion,1,definition_ready,,State,작물 생육,화방 관측정보,1,frozen,CAT_002,tomato_total_flower
VG_Flower_040,CAT_003,positive_truss_count__roll4_mean,꽃이 있는 화방 수 roll4_mean,sfkr_hbfm_grow,growth_measure_code + resolved value column,mean,4 valid surveys including current; min_periods=4,개,individual,feature_date,train median after pre-freeze screening; no row deletion,1,definition_ready,,State,작물 생육,화방 관측정보,1,frozen,CAT_002,tomato_total_flower
VG_Flower_040,CAT_003,positive_truss_count__roll4_std,꽃이 있는 화방 수 roll4_std,sfkr_hbfm_grow,growth_measure_code + resolved value column,std; ddof=0,4 valid surveys including current; min_periods=4,개,individual,feature_date,train median after pre-freeze screening; no row deletion,1,definition_ready,,State,작물 생육,화방 관측정보,1,frozen,CAT_002,tomato_total_flower
VG_Flower_040,CAT_003,positive_truss_count__roll4_min,꽃이 있는 화방 수 roll4_min,sfkr_hbfm_grow,growth_measure_code + resolved value column,min,4 valid surveys including current; min_periods=4,개,individual,feature_date,train median after pre-freeze screening; no row deletion,1,definition_ready,,State,작물 생육,화방 관측정보,1,frozen,CAT_002,tomato_total_flower
VG_Flower_040,CAT_003,positive_truss_count__roll4_max,꽃이 있는 화방 수 roll4_max,sfkr_hbfm_grow,growth_measure_code + resolved value column,max,4 valid surveys including current; min_periods=4,개,individual,feature_date,train median after pre-freeze screening; no row deletion,1,definition_ready,,State,작물 생육,화방 관측정보,1,frozen,CAT_002,tomato_total_flower
VG_Flower_040,CAT_003,positive_truss_count__roll4_slope,꽃이 있는 화방 수 roll4_slope,sfkr_hbfm_grow,growth_measure_code + resolved value column,slope; per calendar day,4 valid surveys including current; min_periods=4,개,individual,feature_date,train median after pre-freeze screening; no row deletion,1,definition_ready,,State,작물 생육,화방 관측정보,1,frozen,CAT_002,tomato_total_flower
VG_Flower_040,CAT_006,observed_truss_count__current,관측 화방 수 current,sfkr_hbfm_grow,growth_measure_code,current valid observation,current,개,individual,feature_date,train median after pre-freeze screening; no row deletion,1,definition_ready,,Context,작물 생육,관측범위·품질,1,frozen,CAT_005,tomato_total_flower
VG_Flower_040,CAT_006,observed_truss_count__delta,관측 화방 수 delta,sfkr_hbfm_grow,growth_measure_code,current minus previous,1 survey,개,individual,feature_date,train median after pre-freeze screening; no row deletion,1,definition_ready,,Context,작물 생육,관측범위·품질,1,frozen,CAT_005,tomato_total_flower
VG_Flower_040,CAT_006,observed_truss_count__delta_per_day,관측 화방 수 delta_per_day,sfkr_hbfm_grow,growth_measure_code,delta / positive elapsed days,1 survey,개,individual,feature_date,train median after pre-freeze screening; no row deletion,1,definition_ready,,Context,작물 생육,관측범위·품질,1,frozen,CAT_005,tomato_total_flower
VG_Flower_040,CAT_006,observed_truss_count__lag1,관측 화방 수 lag1,sfkr_hbfm_grow,growth_measure_code,lag 1,1 surveys,개,individual,feature_date,train median after pre-freeze screening; no row deletion,1,definition_ready,,Context,작물 생육,관측범위·품질,1,frozen,CAT_005,tomato_total_flower
VG_Flower_040,CAT_006,observed_truss_count__lag2,관측 화방 수 lag2,sfkr_hbfm_grow,growth_measure_code,lag 2,2 surveys,개,individual,feature_date,train median after pre-freeze screening; no row deletion,1,definition_ready,,Context,작물 생육,관측범위·품질,1,frozen,CAT_005,tomato_total_flower
VG_Flower_040,CAT_006,observed_truss_count__lag3,관측 화방 수 lag3,sfkr_hbfm_grow,growth_measure_code,lag 3,3 surveys,개,individual,feature_date,train median after pre-freeze screening; no row deletion,1,definition_ready,,Context,작물 생육,관측범위·품질,1,frozen,CAT_005,tomato_total_flower
VG_Flower_040,CAT_006,observed_truss_count__roll3_mean,관측 화방 수 roll3_mean,sfkr_hbfm_grow,growth_measure_code,mean,3 valid surveys including current; min_periods=3,개,individual,feature_date,train median after pre-freeze screening; no row deletion,1,definition_ready,,Context,작물 생육,관측범위·품질,1,frozen,CAT_005,tomato_total_flower
VG_Flower_040,CAT_006,observed_truss_count__roll3_std,관측 화방 수 roll3_std,sfkr_hbfm_grow,growth_measure_code,std; ddof=0,3 valid surveys including current; min_periods=3,개,individual,feature_date,train median after pre-freeze screening; no row deletion,1,definition_ready,,Context,작물 생육,관측범위·품질,1,frozen,CAT_005,tomato_total_flower
VG_Flower_040,CAT_006,observed_truss_count__roll3_max,관측 화방 수 roll3_max,sfkr_hbfm_grow,growth_measure_code,max,3 valid surveys including current; min_periods=3,개,individual,feature_date,train median after pre-freeze screening; no row deletion,1,definition_ready,,Context,작물 생육,관측범위·품질,1,frozen,CAT_005,tomato_total_flower
VG_Flower_040,CAT_006,observed_truss_count__roll3_slope,관측 화방 수 roll3_slope,sfkr_hbfm_grow,growth_measure_code,slope; per calendar day,3 valid surveys including current; min_periods=3,개,individual,feature_date,train median after pre-freeze screening; no row deletion,1,definition_ready,,Context,작물 생육,관측범위·품질,1,frozen,CAT_005,tomato_total_flower
VG_Flower_040,CAT_006,observed_truss_count__roll4_mean,관측 화방 수 roll4_mean,sfkr_hbfm_grow,growth_measure_code,mean,4 valid surveys including current; min_periods=4,개,individual,feature_date,train median after pre-freeze screening; no row deletion,1,definition_ready,,Context,작물 생육,관측범위·품질,1,frozen,CAT_005,tomato_total_flower
VG_Flower_040,CAT_006,observed_truss_count__roll4_std,관측 화방 수 roll4_std,sfkr_hbfm_grow,growth_measure_code,std; ddof=0,4 valid surveys including current; min_periods=4,개,individual,feature_date,train median after pre-freeze screening; no row deletion,1,definition_ready,,Context,작물 생육,관측범위·품질,1,frozen,CAT_005,tomato_total_flower
VG_Flower_040,CAT_006,observed_truss_count__roll4_max,관측 화방 수 roll4_max,sfkr_hbfm_grow,growth_measure_code,max,4 valid surveys including current; min_periods=4,개,individual,feature_date,train median after pre-freeze screening; no row deletion,1,definition_ready,,Context,작물 생육,관측범위·품질,1,frozen,CAT_005,tomato_total_flower
VG_Flower_040,CAT_006,observed_truss_count__roll4_slope,관측 화방 수 roll4_slope,sfkr_hbfm_grow,growth_measure_code,slope; per calendar day,4 valid surveys including current; min_periods=4,개,individual,feature_date,train median after pre-freeze screening; no row deletion,1,definition_ready,,Context,작물 생육,관측범위·품질,1,frozen,CAT_005,tomato_total_flower
VG_Flower_040,CAT_021,flower_count__current,전체 꽃 수 current,sfkr_hbfm_grow,growth_measure_code + resolved value column,current valid observation,current,개,individual,feature_date,train median after pre-freeze screening; no row deletion,1,definition_ready,,State,작물 생육,꽃 관측정보,1,frozen,CAT_020,tomato_total_flower
VG_Flower_040,CAT_021,flower_count__delta,전체 꽃 수 delta,sfkr_hbfm_grow,growth_measure_code + resolved value column,current minus previous,1 survey,개,individual,feature_date,train median after pre-freeze screening; no row deletion,1,definition_ready,,State,작물 생육,꽃 관측정보,1,frozen,CAT_020,tomato_total_flower
VG_Flower_040,CAT_021,flower_count__delta_per_day,전체 꽃 수 delta_per_day,sfkr_hbfm_grow,growth_measure_code + resolved value column,delta / positive elapsed days,1 survey,개,individual,feature_date,train median after pre-freeze screening; no row deletion,1,definition_ready,,State,작물 생육,꽃 관측정보,1,frozen,CAT_020,tomato_total_flower
VG_Flower_040,CAT_021,flower_count__lag1,전체 꽃 수 lag1,sfkr_hbfm_grow,growth_measure_code + resolved value column,lag 1,1 surveys,개,individual,feature_date,train median after pre-freeze screening; no row deletion,1,definition_ready,,State,작물 생육,꽃 관측정보,1,frozen,CAT_020,tomato_total_flower
VG_Flower_040,CAT_021,flower_count__lag2,전체 꽃 수 lag2,sfkr_hbfm_grow,growth_measure_code + resolved value column,lag 2,2 surveys,개,individual,feature_date,train median after pre-freeze screening; no row deletion,1,definition_ready,,State,작물 생육,꽃 관측정보,1,frozen,CAT_020,tomato_total_flower
VG_Flower_040,CAT_021,flower_count__lag3,전체 꽃 수 lag3,sfkr_hbfm_grow,growth_measure_code + resolved value column,lag 3,3 surveys,개,individual,feature_date,train median after pre-freeze screening; no row deletion,1,definition_ready,,State,작물 생육,꽃 관측정보,1,frozen,CAT_020,tomato_total_flower
VG_Flower_040,CAT_021,flower_count__roll2_std,전체 꽃 수 roll2_std,sfkr_hbfm_grow,growth_measure_code + resolved value column,std; ddof=0,2 valid surveys including current; min_periods=2,개,individual,feature_date,train median after pre-freeze screening; no row deletion,1,definition_ready,,State,작물 생육,꽃 관측정보,1,frozen,CAT_020,tomato_total_flower
VG_Flower_040,CAT_021,flower_count__roll2_min,전체 꽃 수 roll2_min,sfkr_hbfm_grow,growth_measure_code + resolved value column,min,2 valid surveys including current; min_periods=2,개,individual,feature_date,train median after pre-freeze screening; no row deletion,1,definition_ready,,State,작물 생육,꽃 관측정보,1,frozen,CAT_020,tomato_total_flower
VG_Flower_040,CAT_021,flower_count__roll3_mean,전체 꽃 수 roll3_mean,sfkr_hbfm_grow,growth_measure_code + resolved value column,mean,3 valid surveys including current; min_periods=3,개,individual,feature_date,train median after pre-freeze screening; no row deletion,1,definition_ready,,State,작물 생육,꽃 관측정보,1,frozen,CAT_020,tomato_total_flower
VG_Flower_040,CAT_021,flower_count__roll3_std,전체 꽃 수 roll3_std,sfkr_hbfm_grow,growth_measure_code + resolved value column,std; ddof=0,3 valid surveys including current; min_periods=3,개,individual,feature_date,train median after pre-freeze screening; no row deletion,1,definition_ready,,State,작물 생육,꽃 관측정보,1,frozen,CAT_020,tomato_total_flower
VG_Flower_040,CAT_021,flower_count__roll3_min,전체 꽃 수 roll3_min,sfkr_hbfm_grow,growth_measure_code + resolved value column,min,3 valid surveys including current; min_periods=3,개,individual,feature_date,train median after pre-freeze screening; no row deletion,1,definition_ready,,State,작물 생육,꽃 관측정보,1,frozen,CAT_020,tomato_total_flower
VG_Flower_040,CAT_021,flower_count__roll3_max,전체 꽃 수 roll3_max,sfkr_hbfm_grow,growth_measure_code + resolved value column,max,3 valid surveys including current; min_periods=3,개,individual,feature_date,train median after pre-freeze screening; no row deletion,1,definition_ready,,State,작물 생육,꽃 관측정보,1,frozen,CAT_020,tomato_total_flower
VG_Flower_040,CAT_021,flower_count__roll3_slope,전체 꽃 수 roll3_slope,sfkr_hbfm_grow,growth_measure_code + resolved value column,slope; per calendar day,3 valid surveys including current; min_periods=3,개,individual,feature_date,train median after pre-freeze screening; no row deletion,1,definition_ready,,State,작물 생육,꽃 관측정보,1,frozen,CAT_020,tomato_total_flower
VG_Flower_040,CAT_021,flower_count__roll4_mean,전체 꽃 수 roll4_mean,sfkr_hbfm_grow,growth_measure_code + resolved value column,mean,4 valid surveys including current; min_periods=4,개,individual,feature_date,train median after pre-freeze screening; no row deletion,1,definition_ready,,State,작물 생육,꽃 관측정보,1,frozen,CAT_020,tomato_total_flower
VG_Flower_040,CAT_021,flower_count__roll4_std,전체 꽃 수 roll4_std,sfkr_hbfm_grow,growth_measure_code + resolved value column,std; ddof=0,4 valid surveys including current; min_periods=4,개,individual,feature_date,train median after pre-freeze screening; no row deletion,1,definition_ready,,State,작물 생육,꽃 관측정보,1,frozen,CAT_020,tomato_total_flower
VG_Flower_040,CAT_021,flower_count__roll4_min,전체 꽃 수 roll4_min,sfkr_hbfm_grow,growth_measure_code + resolved value column,min,4 valid surveys including current; min_periods=4,개,individual,feature_date,train median after pre-freeze screening; no row deletion,1,definition_ready,,State,작물 생육,꽃 관측정보,1,frozen,CAT_020,tomato_total_flower
VG_Flower_040,CAT_021,flower_count__roll4_max,전체 꽃 수 roll4_max,sfkr_hbfm_grow,growth_measure_code + resolved value column,max,4 valid surveys including current; min_periods=4,개,individual,feature_date,train median after pre-freeze screening; no row deletion,1,definition_ready,,State,작물 생육,꽃 관측정보,1,frozen,CAT_020,tomato_total_flower
VG_Flower_040,CAT_021,flower_count__roll4_slope,전체 꽃 수 roll4_slope,sfkr_hbfm_grow,growth_measure_code + resolved value column,slope; per calendar day,4 valid surveys including current; min_periods=4,개,individual,feature_date,train median after pre-freeze screening; no row deletion,1,definition_ready,,State,작물 생육,꽃 관측정보,1,frozen,CAT_020,tomato_total_flower
VG_Flower_040,CAT_041,history_count,누적 조사 횟수,growth/crop source,measurement date/cropping_date/current count,observed history only; ISO week period=52.1775,through current,count,individual,feature_date,train median after pre-freeze screening; no row deletion,1,definition_ready,,Context,재배 맥락,조사이력,1,frozen,CAT_037,tomato_total_flower
VG_Flower_040,CAT_046,EI__HI__1d_mean,내부습도 직전 1일 mean,sfkr_hbfm_env_con,EI/HI -> sen_val,mean,"[t-1d,t)",%,facility,feature_date,train median after pre-freeze screening; no row deletion,1,definition_ready,,State,실내환경,실내 온습도,1,frozen,CAT_045,tomato_total_flower
VG_Flower_040,CAT_046,EI__HI__1d_std,내부습도 직전 1일 std,sfkr_hbfm_env_con,EI/HI -> sen_val,std; ddof=0,"[t-1d,t)",%,facility,feature_date,train median after pre-freeze screening; no row deletion,1,definition_ready,,State,실내환경,실내 온습도,1,frozen,CAT_045,tomato_total_flower
VG_Flower_040,CAT_046,EI__HI__1d_min,내부습도 직전 1일 min,sfkr_hbfm_env_con,EI/HI -> sen_val,min,"[t-1d,t)",%,facility,feature_date,train median after pre-freeze screening; no row deletion,1,definition_ready,,State,실내환경,실내 온습도,1,frozen,CAT_045,tomato_total_flower
VG_Flower_040,CAT_046,EI__HI__1d_max,내부습도 직전 1일 max,sfkr_hbfm_env_con,EI/HI -> sen_val,max,"[t-1d,t)",%,facility,feature_date,train median after pre-freeze screening; no row deletion,1,definition_ready,,State,실내환경,실내 온습도,1,frozen,CAT_045,tomato_total_flower
VG_Flower_040,CAT_046,EI__HI__3d_mean,내부습도 직전 3일 mean,sfkr_hbfm_env_con,EI/HI -> sen_val,mean,"[t-3d,t)",%,facility,feature_date,train median after pre-freeze screening; no row deletion,1,definition_ready,,State,실내환경,실내 온습도,1,frozen,CAT_045,tomato_total_flower
VG_Flower_040,CAT_046,EI__HI__3d_std,내부습도 직전 3일 std,sfkr_hbfm_env_con,EI/HI -> sen_val,std; ddof=0,"[t-3d,t)",%,facility,feature_date,train median after pre-freeze screening; no row deletion,1,definition_ready,,State,실내환경,실내 온습도,1,frozen,CAT_045,tomato_total_flower
VG_Flower_040,CAT_046,EI__HI__3d_min,내부습도 직전 3일 min,sfkr_hbfm_env_con,EI/HI -> sen_val,min,"[t-3d,t)",%,facility,feature_date,train median after pre-freeze screening; no row deletion,1,definition_ready,,State,실내환경,실내 온습도,1,frozen,CAT_045,tomato_total_flower
VG_Flower_040,CAT_046,EI__HI__3d_max,내부습도 직전 3일 max,sfkr_hbfm_env_con,EI/HI -> sen_val,max,"[t-3d,t)",%,facility,feature_date,train median after pre-freeze screening; no row deletion,1,definition_ready,,State,실내환경,실내 온습도,1,frozen,CAT_045,tomato_total_flower
VG_Flower_040,CAT_046,EI__HI__7d_mean,내부습도 직전 7일 mean,sfkr_hbfm_env_con,EI/HI -> sen_val,mean,"[t-7d,t)",%,facility,feature_date,train median after pre-freeze screening; no row deletion,1,definition_ready,,State,실내환경,실내 온습도,1,frozen,CAT_045,tomato_total_flower
VG_Flower_040,CAT_046,EI__HI__7d_std,내부습도 직전 7일 std,sfkr_hbfm_env_con,EI/HI -> sen_val,std; ddof=0,"[t-7d,t)",%,facility,feature_date,train median after pre-freeze screening; no row deletion,1,definition_ready,,State,실내환경,실내 온습도,1,frozen,CAT_045,tomato_total_flower
VG_Flower_040,CAT_046,EI__HI__7d_min,내부습도 직전 7일 min,sfkr_hbfm_env_con,EI/HI -> sen_val,min,"[t-7d,t)",%,facility,feature_date,train median after pre-freeze screening; no row deletion,1,definition_ready,,State,실내환경,실내 온습도,1,frozen,CAT_045,tomato_total_flower
VG_Flower_040,CAT_046,EI__HI__7d_max,내부습도 직전 7일 max,sfkr_hbfm_env_con,EI/HI -> sen_val,max,"[t-7d,t)",%,facility,feature_date,train median after pre-freeze screening; no row deletion,1,definition_ready,,State,실내환경,실내 온습도,1,frozen,CAT_045,tomato_total_flower
VG_Flower_040,CAT_046,EI__TI__1d_mean,내부온도 직전 1일 mean,sfkr_hbfm_env_con,EI/TI -> sen_val,mean,"[t-1d,t)",도,facility,feature_date,train median after pre-freeze screening; no row deletion,1,definition_ready,,State,실내환경,실내 온습도,1,frozen,CAT_045,tomato_total_flower
VG_Flower_040,CAT_046,EI__TI__1d_std,내부온도 직전 1일 std,sfkr_hbfm_env_con,EI/TI -> sen_val,std; ddof=0,"[t-1d,t)",도,facility,feature_date,train median after pre-freeze screening; no row deletion,1,definition_ready,,State,실내환경,실내 온습도,1,frozen,CAT_045,tomato_total_flower
VG_Flower_040,CAT_046,EI__TI__1d_min,내부온도 직전 1일 min,sfkr_hbfm_env_con,EI/TI -> sen_val,min,"[t-1d,t)",도,facility,feature_date,train median after pre-freeze screening; no row deletion,1,definition_ready,,State,실내환경,실내 온습도,1,frozen,CAT_045,tomato_total_flower
VG_Flower_040,CAT_046,EI__TI__1d_max,내부온도 직전 1일 max,sfkr_hbfm_env_con,EI/TI -> sen_val,max,"[t-1d,t)",도,facility,feature_date,train median after pre-freeze screening; no row deletion,1,definition_ready,,State,실내환경,실내 온습도,1,frozen,CAT_045,tomato_total_flower
VG_Flower_040,CAT_046,EI__TI__3d_mean,내부온도 직전 3일 mean,sfkr_hbfm_env_con,EI/TI -> sen_val,mean,"[t-3d,t)",도,facility,feature_date,train median after pre-freeze screening; no row deletion,1,definition_ready,,State,실내환경,실내 온습도,1,frozen,CAT_045,tomato_total_flower
VG_Flower_040,CAT_046,EI__TI__3d_std,내부온도 직전 3일 std,sfkr_hbfm_env_con,EI/TI -> sen_val,std; ddof=0,"[t-3d,t)",도,facility,feature_date,train median after pre-freeze screening; no row deletion,1,definition_ready,,State,실내환경,실내 온습도,1,frozen,CAT_045,tomato_total_flower
VG_Flower_040,CAT_046,EI__TI__3d_min,내부온도 직전 3일 min,sfkr_hbfm_env_con,EI/TI -> sen_val,min,"[t-3d,t)",도,facility,feature_date,train median after pre-freeze screening; no row deletion,1,definition_ready,,State,실내환경,실내 온습도,1,frozen,CAT_045,tomato_total_flower
VG_Flower_040,CAT_046,EI__TI__3d_max,내부온도 직전 3일 max,sfkr_hbfm_env_con,EI/TI -> sen_val,max,"[t-3d,t)",도,facility,feature_date,train median after pre-freeze screening; no row deletion,1,definition_ready,,State,실내환경,실내 온습도,1,frozen,CAT_045,tomato_total_flower
VG_Flower_040,CAT_046,EI__TI__7d_mean,내부온도 직전 7일 mean,sfkr_hbfm_env_con,EI/TI -> sen_val,mean,"[t-7d,t)",도,facility,feature_date,train median after pre-freeze screening; no row deletion,1,definition_ready,,State,실내환경,실내 온습도,1,frozen,CAT_045,tomato_total_flower
VG_Flower_040,CAT_046,EI__TI__7d_std,내부온도 직전 7일 std,sfkr_hbfm_env_con,EI/TI -> sen_val,std; ddof=0,"[t-7d,t)",도,facility,feature_date,train median after pre-freeze screening; no row deletion,1,definition_ready,,State,실내환경,실내 온습도,1,frozen,CAT_045,tomato_total_flower
VG_Flower_040,CAT_046,EI__TI__7d_min,내부온도 직전 7일 min,sfkr_hbfm_env_con,EI/TI -> sen_val,min,"[t-7d,t)",도,facility,feature_date,train median after pre-freeze screening; no row deletion,1,definition_ready,,State,실내환경,실내 온습도,1,frozen,CAT_045,tomato_total_flower
VG_Flower_040,CAT_046,EI__TI__7d_max,내부온도 직전 7일 max,sfkr_hbfm_env_con,EI/TI -> sen_val,max,"[t-7d,t)",도,facility,feature_date,train median after pre-freeze screening; no row deletion,1,definition_ready,,State,실내환경,실내 온습도,1,frozen,CAT_045,tomato_total_flower
VG_Flower_039,CAT_021,flower_count__current,전체 꽃 수 current,sfkr_hbfm_grow,growth_measure_code + resolved value column,current valid observation,current,개,individual,feature_date,train median after pre-freeze screening; no row deletion,1,definition_ready,,State,작물 생육,꽃 관측정보,1,frozen,CAT_020,tomato_total_flower
VG_Flower_039,CAT_021,flower_count__delta,전체 꽃 수 delta,sfkr_hbfm_grow,growth_measure_code + resolved value column,current minus previous,1 survey,개,individual,feature_date,train median after pre-freeze screening; no row deletion,1,definition_ready,,State,작물 생육,꽃 관측정보,1,frozen,CAT_020,tomato_total_flower
VG_Flower_039,CAT_021,flower_count__delta_per_day,전체 꽃 수 delta_per_day,sfkr_hbfm_grow,growth_measure_code + resolved value column,delta / positive elapsed days,1 survey,개,individual,feature_date,train median after pre-freeze screening; no row deletion,1,definition_ready,,State,작물 생육,꽃 관측정보,1,frozen,CAT_020,tomato_total_flower
VG_Flower_039,CAT_021,flower_count__lag1,전체 꽃 수 lag1,sfkr_hbfm_grow,growth_measure_code + resolved value column,lag 1,1 surveys,개,individual,feature_date,train median after pre-freeze screening; no row deletion,1,definition_ready,,State,작물 생육,꽃 관측정보,1,frozen,CAT_020,tomato_total_flower
VG_Flower_039,CAT_021,flower_count__lag2,전체 꽃 수 lag2,sfkr_hbfm_grow,growth_measure_code + resolved value column,lag 2,2 surveys,개,individual,feature_date,train median after pre-freeze screening; no row deletion,1,definition_ready,,State,작물 생육,꽃 관측정보,1,frozen,CAT_020,tomato_total_flower
VG_Flower_039,CAT_021,flower_count__lag3,전체 꽃 수 lag3,sfkr_hbfm_grow,growth_measure_code + resolved value column,lag 3,3 surveys,개,individual,feature_date,train median after pre-freeze screening; no row deletion,1,definition_ready,,State,작물 생육,꽃 관측정보,1,frozen,CAT_020,tomato_total_flower
VG_Flower_039,CAT_021,flower_count__roll2_std,전체 꽃 수 roll2_std,sfkr_hbfm_grow,growth_measure_code + resolved value column,std; ddof=0,2 valid surveys including current; min_periods=2,개,individual,feature_date,train median after pre-freeze screening; no row deletion,1,definition_ready,,State,작물 생육,꽃 관측정보,1,frozen,CAT_020,tomato_total_flower
VG_Flower_039,CAT_021,flower_count__roll2_min,전체 꽃 수 roll2_min,sfkr_hbfm_grow,growth_measure_code + resolved value column,min,2 valid surveys including current; min_periods=2,개,individual,feature_date,train median after pre-freeze screening; no row deletion,1,definition_ready,,State,작물 생육,꽃 관측정보,1,frozen,CAT_020,tomato_total_flower
VG_Flower_039,CAT_021,flower_count__roll3_mean,전체 꽃 수 roll3_mean,sfkr_hbfm_grow,growth_measure_code + resolved value column,mean,3 valid surveys including current; min_periods=3,개,individual,feature_date,train median after pre-freeze screening; no row deletion,1,definition_ready,,State,작물 생육,꽃 관측정보,1,frozen,CAT_020,tomato_total_flower
VG_Flower_039,CAT_021,flower_count__roll3_std,전체 꽃 수 roll3_std,sfkr_hbfm_grow,growth_measure_code + resolved value column,std; ddof=0,3 valid surveys including current; min_periods=3,개,individual,feature_date,train median after pre-freeze screening; no row deletion,1,definition_ready,,State,작물 생육,꽃 관측정보,1,frozen,CAT_020,tomato_total_flower
VG_Flower_039,CAT_021,flower_count__roll3_min,전체 꽃 수 roll3_min,sfkr_hbfm_grow,growth_measure_code + resolved value column,min,3 valid surveys including current; min_periods=3,개,individual,feature_date,train median after pre-freeze screening; no row deletion,1,definition_ready,,State,작물 생육,꽃 관측정보,1,frozen,CAT_020,tomato_total_flower
VG_Flower_039,CAT_021,flower_count__roll3_max,전체 꽃 수 roll3_max,sfkr_hbfm_grow,growth_measure_code + resolved value column,max,3 valid surveys including current; min_periods=3,개,individual,feature_date,train median after pre-freeze screening; no row deletion,1,definition_ready,,State,작물 생육,꽃 관측정보,1,frozen,CAT_020,tomato_total_flower
VG_Flower_039,CAT_021,flower_count__roll3_slope,전체 꽃 수 roll3_slope,sfkr_hbfm_grow,growth_measure_code + resolved value column,slope; per calendar day,3 valid surveys including current; min_periods=3,개,individual,feature_date,train median after pre-freeze screening; no row deletion,1,definition_ready,,State,작물 생육,꽃 관측정보,1,frozen,CAT_020,tomato_total_flower
VG_Flower_039,CAT_021,flower_count__roll4_mean,전체 꽃 수 roll4_mean,sfkr_hbfm_grow,growth_measure_code + resolved value column,mean,4 valid surveys including current; min_periods=4,개,individual,feature_date,train median after pre-freeze screening; no row deletion,1,definition_ready,,State,작물 생육,꽃 관측정보,1,frozen,CAT_020,tomato_total_flower
VG_Flower_039,CAT_021,flower_count__roll4_std,전체 꽃 수 roll4_std,sfkr_hbfm_grow,growth_measure_code + resolved value column,std; ddof=0,4 valid surveys including current; min_periods=4,개,individual,feature_date,train median after pre-freeze screening; no row deletion,1,definition_ready,,State,작물 생육,꽃 관측정보,1,frozen,CAT_020,tomato_total_flower
VG_Flower_039,CAT_021,flower_count__roll4_min,전체 꽃 수 roll4_min,sfkr_hbfm_grow,growth_measure_code + resolved value column,min,4 valid surveys including current; min_periods=4,개,individual,feature_date,train median after pre-freeze screening; no row deletion,1,definition_ready,,State,작물 생육,꽃 관측정보,1,frozen,CAT_020,tomato_total_flower
VG_Flower_039,CAT_021,flower_count__roll4_max,전체 꽃 수 roll4_max,sfkr_hbfm_grow,growth_measure_code + resolved value column,max,4 valid surveys including current; min_periods=4,개,individual,feature_date,train median after pre-freeze screening; no row deletion,1,definition_ready,,State,작물 생육,꽃 관측정보,1,frozen,CAT_020,tomato_total_flower
VG_Flower_039,CAT_021,flower_count__roll4_slope,전체 꽃 수 roll4_slope,sfkr_hbfm_grow,growth_measure_code + resolved value column,slope; per calendar day,4 valid surveys including current; min_periods=4,개,individual,feature_date,train median after pre-freeze screening; no row deletion,1,definition_ready,,State,작물 생육,꽃 관측정보,1,frozen,CAT_020,tomato_total_flower
VG_Flower_039,CAT_033,days_since_previous,이전 조사 후 경과일,growth/crop source,measurement date/cropping_date/current count,observed history only; ISO week period=52.1775,through current,day,individual,feature_date,train median after pre-freeze screening; no row deletion,1,definition_ready,,Context,재배 맥락,시간정보,1,frozen,CAT_029,tomato_total_flower
VG_Flower_039,CAT_033,days_since_first_measurement,최초 조사 후 경과일,growth/crop source,measurement date/cropping_date/current count,observed history only; ISO week period=52.1775,through current,day,individual,feature_date,train median after pre-freeze screening; no row deletion,1,definition_ready,,Context,재배 맥락,시간정보,1,frozen,CAT_029,tomato_total_flower
VG_Flower_039,CAT_033,days_since_crop_start,작기 시작 후 경과일,growth/crop source,measurement date/cropping_date/current count,observed history only; ISO week period=52.1775,through current,day,individual,feature_date,train median after pre-freeze screening; no row deletion,1,definition_ready,,Context,재배 맥락,시간정보,1,frozen,CAT_029,tomato_total_flower
VG_Flower_039,CAT_033,week_sin,연중 주차 사인값,growth/crop source,measurement date/cropping_date/current count,observed history only; ISO week period=52.1775,through current,unitless,individual,feature_date,train median after pre-freeze screening; no row deletion,1,definition_ready,,Context,재배 맥락,시간정보,1,frozen,CAT_029,tomato_total_flower
VG_Flower_039,CAT_033,week_cos,연중 주차 코사인값,growth/crop source,measurement date/cropping_date/current count,observed history only; ISO week period=52.1775,through current,unitless,individual,feature_date,train median after pre-freeze screening; no row deletion,1,definition_ready,,Context,재배 맥락,시간정보,1,frozen,CAT_029,tomato_total_flower
VG_Flower_039,CAT_046,EI__HI__1d_mean,내부습도 직전 1일 mean,sfkr_hbfm_env_con,EI/HI -> sen_val,mean,"[t-1d,t)",%,facility,feature_date,train median after pre-freeze screening; no row deletion,1,definition_ready,,State,실내환경,실내 온습도,1,frozen,CAT_045,tomato_total_flower
VG_Flower_039,CAT_046,EI__HI__1d_std,내부습도 직전 1일 std,sfkr_hbfm_env_con,EI/HI -> sen_val,std; ddof=0,"[t-1d,t)",%,facility,feature_date,train median after pre-freeze screening; no row deletion,1,definition_ready,,State,실내환경,실내 온습도,1,frozen,CAT_045,tomato_total_flower
VG_Flower_039,CAT_046,EI__HI__1d_min,내부습도 직전 1일 min,sfkr_hbfm_env_con,EI/HI -> sen_val,min,"[t-1d,t)",%,facility,feature_date,train median after pre-freeze screening; no row deletion,1,definition_ready,,State,실내환경,실내 온습도,1,frozen,CAT_045,tomato_total_flower
VG_Flower_039,CAT_046,EI__HI__1d_max,내부습도 직전 1일 max,sfkr_hbfm_env_con,EI/HI -> sen_val,max,"[t-1d,t)",%,facility,feature_date,train median after pre-freeze screening; no row deletion,1,definition_ready,,State,실내환경,실내 온습도,1,frozen,CAT_045,tomato_total_flower
VG_Flower_039,CAT_046,EI__HI__3d_mean,내부습도 직전 3일 mean,sfkr_hbfm_env_con,EI/HI -> sen_val,mean,"[t-3d,t)",%,facility,feature_date,train median after pre-freeze screening; no row deletion,1,definition_ready,,State,실내환경,실내 온습도,1,frozen,CAT_045,tomato_total_flower
VG_Flower_039,CAT_046,EI__HI__3d_std,내부습도 직전 3일 std,sfkr_hbfm_env_con,EI/HI -> sen_val,std; ddof=0,"[t-3d,t)",%,facility,feature_date,train median after pre-freeze screening; no row deletion,1,definition_ready,,State,실내환경,실내 온습도,1,frozen,CAT_045,tomato_total_flower
VG_Flower_039,CAT_046,EI__HI__3d_min,내부습도 직전 3일 min,sfkr_hbfm_env_con,EI/HI -> sen_val,min,"[t-3d,t)",%,facility,feature_date,train median after pre-freeze screening; no row deletion,1,definition_ready,,State,실내환경,실내 온습도,1,frozen,CAT_045,tomato_total_flower
VG_Flower_039,CAT_046,EI__HI__3d_max,내부습도 직전 3일 max,sfkr_hbfm_env_con,EI/HI -> sen_val,max,"[t-3d,t)",%,facility,feature_date,train median after pre-freeze screening; no row deletion,1,definition_ready,,State,실내환경,실내 온습도,1,frozen,CAT_045,tomato_total_flower
VG_Flower_039,CAT_046,EI__HI__7d_mean,내부습도 직전 7일 mean,sfkr_hbfm_env_con,EI/HI -> sen_val,mean,"[t-7d,t)",%,facility,feature_date,train median after pre-freeze screening; no row deletion,1,definition_ready,,State,실내환경,실내 온습도,1,frozen,CAT_045,tomato_total_flower
VG_Flower_039,CAT_046,EI__HI__7d_std,내부습도 직전 7일 std,sfkr_hbfm_env_con,EI/HI -> sen_val,std; ddof=0,"[t-7d,t)",%,facility,feature_date,train median after pre-freeze screening; no row deletion,1,definition_ready,,State,실내환경,실내 온습도,1,frozen,CAT_045,tomato_total_flower
VG_Flower_039,CAT_046,EI__HI__7d_min,내부습도 직전 7일 min,sfkr_hbfm_env_con,EI/HI -> sen_val,min,"[t-7d,t)",%,facility,feature_date,train median after pre-freeze screening; no row deletion,1,definition_ready,,State,실내환경,실내 온습도,1,frozen,CAT_045,tomato_total_flower
VG_Flower_039,CAT_046,EI__HI__7d_max,내부습도 직전 7일 max,sfkr_hbfm_env_con,EI/HI -> sen_val,max,"[t-7d,t)",%,facility,feature_date,train median after pre-freeze screening; no row deletion,1,definition_ready,,State,실내환경,실내 온습도,1,frozen,CAT_045,tomato_total_flower
VG_Flower_039,CAT_046,EI__TI__1d_mean,내부온도 직전 1일 mean,sfkr_hbfm_env_con,EI/TI -> sen_val,mean,"[t-1d,t)",도,facility,feature_date,train median after pre-freeze screening; no row deletion,1,definition_ready,,State,실내환경,실내 온습도,1,frozen,CAT_045,tomato_total_flower
VG_Flower_039,CAT_046,EI__TI__1d_std,내부온도 직전 1일 std,sfkr_hbfm_env_con,EI/TI -> sen_val,std; ddof=0,"[t-1d,t)",도,facility,feature_date,train median after pre-freeze screening; no row deletion,1,definition_ready,,State,실내환경,실내 온습도,1,frozen,CAT_045,tomato_total_flower
VG_Flower_039,CAT_046,EI__TI__1d_min,내부온도 직전 1일 min,sfkr_hbfm_env_con,EI/TI -> sen_val,min,"[t-1d,t)",도,facility,feature_date,train median after pre-freeze screening; no row deletion,1,definition_ready,,State,실내환경,실내 온습도,1,frozen,CAT_045,tomato_total_flower
VG_Flower_039,CAT_046,EI__TI__1d_max,내부온도 직전 1일 max,sfkr_hbfm_env_con,EI/TI -> sen_val,max,"[t-1d,t)",도,facility,feature_date,train median after pre-freeze screening; no row deletion,1,definition_ready,,State,실내환경,실내 온습도,1,frozen,CAT_045,tomato_total_flower
VG_Flower_039,CAT_046,EI__TI__3d_mean,내부온도 직전 3일 mean,sfkr_hbfm_env_con,EI/TI -> sen_val,mean,"[t-3d,t)",도,facility,feature_date,train median after pre-freeze screening; no row deletion,1,definition_ready,,State,실내환경,실내 온습도,1,frozen,CAT_045,tomato_total_flower
VG_Flower_039,CAT_046,EI__TI__3d_std,내부온도 직전 3일 std,sfkr_hbfm_env_con,EI/TI -> sen_val,std; ddof=0,"[t-3d,t)",도,facility,feature_date,train median after pre-freeze screening; no row deletion,1,definition_ready,,State,실내환경,실내 온습도,1,frozen,CAT_045,tomato_total_flower
VG_Flower_039,CAT_046,EI__TI__3d_min,내부온도 직전 3일 min,sfkr_hbfm_env_con,EI/TI -> sen_val,min,"[t-3d,t)",도,facility,feature_date,train median after pre-freeze screening; no row deletion,1,definition_ready,,State,실내환경,실내 온습도,1,frozen,CAT_045,tomato_total_flower
VG_Flower_039,CAT_046,EI__TI__3d_max,내부온도 직전 3일 max,sfkr_hbfm_env_con,EI/TI -> sen_val,max,"[t-3d,t)",도,facility,feature_date,train median after pre-freeze screening; no row deletion,1,definition_ready,,State,실내환경,실내 온습도,1,frozen,CAT_045,tomato_total_flower
VG_Flower_039,CAT_046,EI__TI__7d_mean,내부온도 직전 7일 mean,sfkr_hbfm_env_con,EI/TI -> sen_val,mean,"[t-7d,t)",도,facility,feature_date,train median after pre-freeze screening; no row deletion,1,definition_ready,,State,실내환경,실내 온습도,1,frozen,CAT_045,tomato_total_flower
VG_Flower_039,CAT_046,EI__TI__7d_std,내부온도 직전 7일 std,sfkr_hbfm_env_con,EI/TI -> sen_val,std; ddof=0,"[t-7d,t)",도,facility,feature_date,train median after pre-freeze screening; no row deletion,1,definition_ready,,State,실내환경,실내 온습도,1,frozen,CAT_045,tomato_total_flower
VG_Flower_039,CAT_046,EI__TI__7d_min,내부온도 직전 7일 min,sfkr_hbfm_env_con,EI/TI -> sen_val,min,"[t-7d,t)",도,facility,feature_date,train median after pre-freeze screening; no row deletion,1,definition_ready,,State,실내환경,실내 온습도,1,frozen,CAT_045,tomato_total_flower
VG_Flower_039,CAT_046,EI__TI__7d_max,내부온도 직전 7일 max,sfkr_hbfm_env_con,EI/TI -> sen_val,max,"[t-7d,t)",도,facility,feature_date,train median after pre-freeze screening; no row deletion,1,definition_ready,,State,실내환경,실내 온습도,1,frozen,CAT_045,tomato_total_flower
VG_Flower_018,CAT_003,current_max_truss_number__current,최대 관측 화방번호 current,sfkr_hbfm_grow,growth_measure_code,current valid observation,current,번호,individual,feature_date,train median after pre-freeze screening; no row deletion,1,definition_ready,,State,작물 생육,화방 관측정보,1,frozen,CAT_002,tomato_total_flower
VG_Flower_018,CAT_003,current_max_truss_number__delta,최대 관측 화방번호 delta,sfkr_hbfm_grow,growth_measure_code,current minus previous,1 survey,번호,individual,feature_date,train median after pre-freeze screening; no row deletion,1,definition_ready,,State,작물 생육,화방 관측정보,1,frozen,CAT_002,tomato_total_flower
VG_Flower_018,CAT_003,current_max_truss_number__delta_per_day,최대 관측 화방번호 delta_per_day,sfkr_hbfm_grow,growth_measure_code,delta / positive elapsed days,1 survey,번호,individual,feature_date,train median after pre-freeze screening; no row deletion,1,definition_ready,,State,작물 생육,화방 관측정보,1,frozen,CAT_002,tomato_total_flower
VG_Flower_018,CAT_003,current_max_truss_number__lag1,최대 관측 화방번호 lag1,sfkr_hbfm_grow,growth_measure_code,lag 1,1 surveys,번호,individual,feature_date,train median after pre-freeze screening; no row deletion,1,definition_ready,,State,작물 생육,화방 관측정보,1,frozen,CAT_002,tomato_total_flower
VG_Flower_018,CAT_003,current_max_truss_number__lag2,최대 관측 화방번호 lag2,sfkr_hbfm_grow,growth_measure_code,lag 2,2 surveys,번호,individual,feature_date,train median after pre-freeze screening; no row deletion,1,definition_ready,,State,작물 생육,화방 관측정보,1,frozen,CAT_002,tomato_total_flower
VG_Flower_018,CAT_003,current_max_truss_number__lag3,최대 관측 화방번호 lag3,sfkr_hbfm_grow,growth_measure_code,lag 3,3 surveys,번호,individual,feature_date,train median after pre-freeze screening; no row deletion,1,definition_ready,,State,작물 생육,화방 관측정보,1,frozen,CAT_002,tomato_total_flower
VG_Flower_018,CAT_003,current_max_truss_number__roll3_mean,최대 관측 화방번호 roll3_mean,sfkr_hbfm_grow,growth_measure_code,mean,3 valid surveys including current; min_periods=3,번호,individual,feature_date,train median after pre-freeze screening; no row deletion,1,definition_ready,,State,작물 생육,화방 관측정보,1,frozen,CAT_002,tomato_total_flower
VG_Flower_018,CAT_003,current_max_truss_number__roll3_std,최대 관측 화방번호 roll3_std,sfkr_hbfm_grow,growth_measure_code,std; ddof=0,3 valid surveys including current; min_periods=3,번호,individual,feature_date,train median after pre-freeze screening; no row deletion,1,definition_ready,,State,작물 생육,화방 관측정보,1,frozen,CAT_002,tomato_total_flower
VG_Flower_018,CAT_003,current_max_truss_number__roll3_max,최대 관측 화방번호 roll3_max,sfkr_hbfm_grow,growth_measure_code,max,3 valid surveys including current; min_periods=3,번호,individual,feature_date,train median after pre-freeze screening; no row deletion,1,definition_ready,,State,작물 생육,화방 관측정보,1,frozen,CAT_002,tomato_total_flower
VG_Flower_018,CAT_003,current_max_truss_number__roll3_slope,최대 관측 화방번호 roll3_slope,sfkr_hbfm_grow,growth_measure_code,slope; per calendar day,3 valid surveys including current; min_periods=3,번호,individual,feature_date,train median after pre-freeze screening; no row deletion,1,definition_ready,,State,작물 생육,화방 관측정보,1,frozen,CAT_002,tomato_total_flower
VG_Flower_018,CAT_003,current_max_truss_number__roll4_mean,최대 관측 화방번호 roll4_mean,sfkr_hbfm_grow,growth_measure_code,mean,4 valid surveys including current; min_periods=4,번호,individual,feature_date,train median after pre-freeze screening; no row deletion,1,definition_ready,,State,작물 생육,화방 관측정보,1,frozen,CAT_002,tomato_total_flower
VG_Flower_018,CAT_003,current_max_truss_number__roll4_std,최대 관측 화방번호 roll4_std,sfkr_hbfm_grow,growth_measure_code,std; ddof=0,4 valid surveys including current; min_periods=4,번호,individual,feature_date,train median after pre-freeze screening; no row deletion,1,definition_ready,,State,작물 생육,화방 관측정보,1,frozen,CAT_002,tomato_total_flower
VG_Flower_018,CAT_003,current_max_truss_number__roll4_max,최대 관측 화방번호 roll4_max,sfkr_hbfm_grow,growth_measure_code,max,4 valid surveys including current; min_periods=4,번호,individual,feature_date,train median after pre-freeze screening; no row deletion,1,definition_ready,,State,작물 생육,화방 관측정보,1,frozen,CAT_002,tomato_total_flower
VG_Flower_018,CAT_003,current_max_truss_number__roll4_slope,최대 관측 화방번호 roll4_slope,sfkr_hbfm_grow,growth_measure_code,slope; per calendar day,4 valid surveys including current; min_periods=4,번호,individual,feature_date,train median after pre-freeze screening; no row deletion,1,definition_ready,,State,작물 생육,화방 관측정보,1,frozen,CAT_002,tomato_total_flower
VG_Flower_018,CAT_003,positive_truss_count__current,꽃이 있는 화방 수 current,sfkr_hbfm_grow,growth_measure_code + resolved value column,current valid observation,current,개,individual,feature_date,train median after pre-freeze screening; no row deletion,1,definition_ready,,State,작물 생육,화방 관측정보,1,frozen,CAT_002,tomato_total_flower
VG_Flower_018,CAT_003,positive_truss_count__delta,꽃이 있는 화방 수 delta,sfkr_hbfm_grow,growth_measure_code + resolved value column,current minus previous,1 survey,개,individual,feature_date,train median after pre-freeze screening; no row deletion,1,definition_ready,,State,작물 생육,화방 관측정보,1,frozen,CAT_002,tomato_total_flower
VG_Flower_018,CAT_003,positive_truss_count__delta_per_day,꽃이 있는 화방 수 delta_per_day,sfkr_hbfm_grow,growth_measure_code + resolved value column,delta / positive elapsed days,1 survey,개,individual,feature_date,train median after pre-freeze screening; no row deletion,1,definition_ready,,State,작물 생육,화방 관측정보,1,frozen,CAT_002,tomato_total_flower
VG_Flower_018,CAT_003,positive_truss_count__lag1,꽃이 있는 화방 수 lag1,sfkr_hbfm_grow,growth_measure_code + resolved value column,lag 1,1 surveys,개,individual,feature_date,train median after pre-freeze screening; no row deletion,1,definition_ready,,State,작물 생육,화방 관측정보,1,frozen,CAT_002,tomato_total_flower
VG_Flower_018,CAT_003,positive_truss_count__lag2,꽃이 있는 화방 수 lag2,sfkr_hbfm_grow,growth_measure_code + resolved value column,lag 2,2 surveys,개,individual,feature_date,train median after pre-freeze screening; no row deletion,1,definition_ready,,State,작물 생육,화방 관측정보,1,frozen,CAT_002,tomato_total_flower
VG_Flower_018,CAT_003,positive_truss_count__lag3,꽃이 있는 화방 수 lag3,sfkr_hbfm_grow,growth_measure_code + resolved value column,lag 3,3 surveys,개,individual,feature_date,train median after pre-freeze screening; no row deletion,1,definition_ready,,State,작물 생육,화방 관측정보,1,frozen,CAT_002,tomato_total_flower
VG_Flower_018,CAT_003,positive_truss_count__roll2_std,꽃이 있는 화방 수 roll2_std,sfkr_hbfm_grow,growth_measure_code + resolved value column,std; ddof=0,2 valid surveys including current; min_periods=2,개,individual,feature_date,train median after pre-freeze screening; no row deletion,1,definition_ready,,State,작물 생육,화방 관측정보,1,frozen,CAT_002,tomato_total_flower
VG_Flower_018,CAT_003,positive_truss_count__roll2_min,꽃이 있는 화방 수 roll2_min,sfkr_hbfm_grow,growth_measure_code + resolved value column,min,2 valid surveys including current; min_periods=2,개,individual,feature_date,train median after pre-freeze screening; no row deletion,1,definition_ready,,State,작물 생육,화방 관측정보,1,frozen,CAT_002,tomato_total_flower
VG_Flower_018,CAT_003,positive_truss_count__roll3_mean,꽃이 있는 화방 수 roll3_mean,sfkr_hbfm_grow,growth_measure_code + resolved value column,mean,3 valid surveys including current; min_periods=3,개,individual,feature_date,train median after pre-freeze screening; no row deletion,1,definition_ready,,State,작물 생육,화방 관측정보,1,frozen,CAT_002,tomato_total_flower
VG_Flower_018,CAT_003,positive_truss_count__roll3_std,꽃이 있는 화방 수 roll3_std,sfkr_hbfm_grow,growth_measure_code + resolved value column,std; ddof=0,3 valid surveys including current; min_periods=3,개,individual,feature_date,train median after pre-freeze screening; no row deletion,1,definition_ready,,State,작물 생육,화방 관측정보,1,frozen,CAT_002,tomato_total_flower
VG_Flower_018,CAT_003,positive_truss_count__roll3_min,꽃이 있는 화방 수 roll3_min,sfkr_hbfm_grow,growth_measure_code + resolved value column,min,3 valid surveys including current; min_periods=3,개,individual,feature_date,train median after pre-freeze screening; no row deletion,1,definition_ready,,State,작물 생육,화방 관측정보,1,frozen,CAT_002,tomato_total_flower
VG_Flower_018,CAT_003,positive_truss_count__roll3_max,꽃이 있는 화방 수 roll3_max,sfkr_hbfm_grow,growth_measure_code + resolved value column,max,3 valid surveys including current; min_periods=3,개,individual,feature_date,train median after pre-freeze screening; no row deletion,1,definition_ready,,State,작물 생육,화방 관측정보,1,frozen,CAT_002,tomato_total_flower
VG_Flower_018,CAT_003,positive_truss_count__roll3_slope,꽃이 있는 화방 수 roll3_slope,sfkr_hbfm_grow,growth_measure_code + resolved value column,slope; per calendar day,3 valid surveys including current; min_periods=3,개,individual,feature_date,train median after pre-freeze screening; no row deletion,1,definition_ready,,State,작물 생육,화방 관측정보,1,frozen,CAT_002,tomato_total_flower
VG_Flower_018,CAT_003,positive_truss_count__roll4_mean,꽃이 있는 화방 수 roll4_mean,sfkr_hbfm_grow,growth_measure_code + resolved value column,mean,4 valid surveys including current; min_periods=4,개,individual,feature_date,train median after pre-freeze screening; no row deletion,1,definition_ready,,State,작물 생육,화방 관측정보,1,frozen,CAT_002,tomato_total_flower
VG_Flower_018,CAT_003,positive_truss_count__roll4_std,꽃이 있는 화방 수 roll4_std,sfkr_hbfm_grow,growth_measure_code + resolved value column,std; ddof=0,4 valid surveys including current; min_periods=4,개,individual,feature_date,train median after pre-freeze screening; no row deletion,1,definition_ready,,State,작물 생육,화방 관측정보,1,frozen,CAT_002,tomato_total_flower
VG_Flower_018,CAT_003,positive_truss_count__roll4_min,꽃이 있는 화방 수 roll4_min,sfkr_hbfm_grow,growth_measure_code + resolved value column,min,4 valid surveys including current; min_periods=4,개,individual,feature_date,train median after pre-freeze screening; no row deletion,1,definition_ready,,State,작물 생육,화방 관측정보,1,frozen,CAT_002,tomato_total_flower
VG_Flower_018,CAT_003,positive_truss_count__roll4_max,꽃이 있는 화방 수 roll4_max,sfkr_hbfm_grow,growth_measure_code + resolved value column,max,4 valid surveys including current; min_periods=4,개,individual,feature_date,train median after pre-freeze screening; no row deletion,1,definition_ready,,State,작물 생육,화방 관측정보,1,frozen,CAT_002,tomato_total_flower
VG_Flower_018,CAT_003,positive_truss_count__roll4_slope,꽃이 있는 화방 수 roll4_slope,sfkr_hbfm_grow,growth_measure_code + resolved value column,slope; per calendar day,4 valid surveys including current; min_periods=4,개,individual,feature_date,train median after pre-freeze screening; no row deletion,1,definition_ready,,State,작물 생육,화방 관측정보,1,frozen,CAT_002,tomato_total_flower
VG_Flower_018,CAT_006,observed_truss_count__current,관측 화방 수 current,sfkr_hbfm_grow,growth_measure_code,current valid observation,current,개,individual,feature_date,train median after pre-freeze screening; no row deletion,1,definition_ready,,Context,작물 생육,관측범위·품질,1,frozen,CAT_005,tomato_total_flower
VG_Flower_018,CAT_006,observed_truss_count__delta,관측 화방 수 delta,sfkr_hbfm_grow,growth_measure_code,current minus previous,1 survey,개,individual,feature_date,train median after pre-freeze screening; no row deletion,1,definition_ready,,Context,작물 생육,관측범위·품질,1,frozen,CAT_005,tomato_total_flower
VG_Flower_018,CAT_006,observed_truss_count__delta_per_day,관측 화방 수 delta_per_day,sfkr_hbfm_grow,growth_measure_code,delta / positive elapsed days,1 survey,개,individual,feature_date,train median after pre-freeze screening; no row deletion,1,definition_ready,,Context,작물 생육,관측범위·품질,1,frozen,CAT_005,tomato_total_flower
VG_Flower_018,CAT_006,observed_truss_count__lag1,관측 화방 수 lag1,sfkr_hbfm_grow,growth_measure_code,lag 1,1 surveys,개,individual,feature_date,train median after pre-freeze screening; no row deletion,1,definition_ready,,Context,작물 생육,관측범위·품질,1,frozen,CAT_005,tomato_total_flower
VG_Flower_018,CAT_006,observed_truss_count__lag2,관측 화방 수 lag2,sfkr_hbfm_grow,growth_measure_code,lag 2,2 surveys,개,individual,feature_date,train median after pre-freeze screening; no row deletion,1,definition_ready,,Context,작물 생육,관측범위·품질,1,frozen,CAT_005,tomato_total_flower
VG_Flower_018,CAT_006,observed_truss_count__lag3,관측 화방 수 lag3,sfkr_hbfm_grow,growth_measure_code,lag 3,3 surveys,개,individual,feature_date,train median after pre-freeze screening; no row deletion,1,definition_ready,,Context,작물 생육,관측범위·품질,1,frozen,CAT_005,tomato_total_flower
VG_Flower_018,CAT_006,observed_truss_count__roll3_mean,관측 화방 수 roll3_mean,sfkr_hbfm_grow,growth_measure_code,mean,3 valid surveys including current; min_periods=3,개,individual,feature_date,train median after pre-freeze screening; no row deletion,1,definition_ready,,Context,작물 생육,관측범위·품질,1,frozen,CAT_005,tomato_total_flower
VG_Flower_018,CAT_006,observed_truss_count__roll3_std,관측 화방 수 roll3_std,sfkr_hbfm_grow,growth_measure_code,std; ddof=0,3 valid surveys including current; min_periods=3,개,individual,feature_date,train median after pre-freeze screening; no row deletion,1,definition_ready,,Context,작물 생육,관측범위·품질,1,frozen,CAT_005,tomato_total_flower
VG_Flower_018,CAT_006,observed_truss_count__roll3_max,관측 화방 수 roll3_max,sfkr_hbfm_grow,growth_measure_code,max,3 valid surveys including current; min_periods=3,개,individual,feature_date,train median after pre-freeze screening; no row deletion,1,definition_ready,,Context,작물 생육,관측범위·품질,1,frozen,CAT_005,tomato_total_flower
VG_Flower_018,CAT_006,observed_truss_count__roll3_slope,관측 화방 수 roll3_slope,sfkr_hbfm_grow,growth_measure_code,slope; per calendar day,3 valid surveys including current; min_periods=3,개,individual,feature_date,train median after pre-freeze screening; no row deletion,1,definition_ready,,Context,작물 생육,관측범위·품질,1,frozen,CAT_005,tomato_total_flower
VG_Flower_018,CAT_006,observed_truss_count__roll4_mean,관측 화방 수 roll4_mean,sfkr_hbfm_grow,growth_measure_code,mean,4 valid surveys including current; min_periods=4,개,individual,feature_date,train median after pre-freeze screening; no row deletion,1,definition_ready,,Context,작물 생육,관측범위·품질,1,frozen,CAT_005,tomato_total_flower
VG_Flower_018,CAT_006,observed_truss_count__roll4_std,관측 화방 수 roll4_std,sfkr_hbfm_grow,growth_measure_code,std; ddof=0,4 valid surveys including current; min_periods=4,개,individual,feature_date,train median after pre-freeze screening; no row deletion,1,definition_ready,,Context,작물 생육,관측범위·품질,1,frozen,CAT_005,tomato_total_flower
VG_Flower_018,CAT_006,observed_truss_count__roll4_max,관측 화방 수 roll4_max,sfkr_hbfm_grow,growth_measure_code,max,4 valid surveys including current; min_periods=4,개,individual,feature_date,train median after pre-freeze screening; no row deletion,1,definition_ready,,Context,작물 생육,관측범위·품질,1,frozen,CAT_005,tomato_total_flower
VG_Flower_018,CAT_006,observed_truss_count__roll4_slope,관측 화방 수 roll4_slope,sfkr_hbfm_grow,growth_measure_code,slope; per calendar day,4 valid surveys including current; min_periods=4,개,individual,feature_date,train median after pre-freeze screening; no row deletion,1,definition_ready,,Context,작물 생육,관측범위·품질,1,frozen,CAT_005,tomato_total_flower
VG_Flower_018,CAT_017,EI__CI__1d_mean,내부CO2 직전 1일 mean,sfkr_hbfm_env_con,EI/CI -> sen_val,mean,"[t-1d,t)",ppm,facility,feature_date,train median after pre-freeze screening; no row deletion,1,definition_ready,,State,실내환경,실내 CO2,1,frozen,CAT_016,tomato_total_flower
VG_Flower_018,CAT_017,EI__CI__1d_std,내부CO2 직전 1일 std,sfkr_hbfm_env_con,EI/CI -> sen_val,std; ddof=0,"[t-1d,t)",ppm,facility,feature_date,train median after pre-freeze screening; no row deletion,1,definition_ready,,State,실내환경,실내 CO2,1,frozen,CAT_016,tomato_total_flower
VG_Flower_018,CAT_017,EI__CI__1d_min,내부CO2 직전 1일 min,sfkr_hbfm_env_con,EI/CI -> sen_val,min,"[t-1d,t)",ppm,facility,feature_date,train median after pre-freeze screening; no row deletion,1,definition_ready,,State,실내환경,실내 CO2,1,frozen,CAT_016,tomato_total_flower
VG_Flower_018,CAT_017,EI__CI__1d_max,내부CO2 직전 1일 max,sfkr_hbfm_env_con,EI/CI -> sen_val,max,"[t-1d,t)",ppm,facility,feature_date,train median after pre-freeze screening; no row deletion,1,definition_ready,,State,실내환경,실내 CO2,1,frozen,CAT_016,tomato_total_flower
VG_Flower_018,CAT_017,EI__CI__3d_mean,내부CO2 직전 3일 mean,sfkr_hbfm_env_con,EI/CI -> sen_val,mean,"[t-3d,t)",ppm,facility,feature_date,train median after pre-freeze screening; no row deletion,1,definition_ready,,State,실내환경,실내 CO2,1,frozen,CAT_016,tomato_total_flower
VG_Flower_018,CAT_017,EI__CI__3d_std,내부CO2 직전 3일 std,sfkr_hbfm_env_con,EI/CI -> sen_val,std; ddof=0,"[t-3d,t)",ppm,facility,feature_date,train median after pre-freeze screening; no row deletion,1,definition_ready,,State,실내환경,실내 CO2,1,frozen,CAT_016,tomato_total_flower
VG_Flower_018,CAT_017,EI__CI__3d_min,내부CO2 직전 3일 min,sfkr_hbfm_env_con,EI/CI -> sen_val,min,"[t-3d,t)",ppm,facility,feature_date,train median after pre-freeze screening; no row deletion,1,definition_ready,,State,실내환경,실내 CO2,1,frozen,CAT_016,tomato_total_flower
VG_Flower_018,CAT_017,EI__CI__3d_max,내부CO2 직전 3일 max,sfkr_hbfm_env_con,EI/CI -> sen_val,max,"[t-3d,t)",ppm,facility,feature_date,train median after pre-freeze screening; no row deletion,1,definition_ready,,State,실내환경,실내 CO2,1,frozen,CAT_016,tomato_total_flower
VG_Flower_018,CAT_017,EI__CI__7d_mean,내부CO2 직전 7일 mean,sfkr_hbfm_env_con,EI/CI -> sen_val,mean,"[t-7d,t)",ppm,facility,feature_date,train median after pre-freeze screening; no row deletion,1,definition_ready,,State,실내환경,실내 CO2,1,frozen,CAT_016,tomato_total_flower
VG_Flower_018,CAT_017,EI__CI__7d_std,내부CO2 직전 7일 std,sfkr_hbfm_env_con,EI/CI -> sen_val,std; ddof=0,"[t-7d,t)",ppm,facility,feature_date,train median after pre-freeze screening; no row deletion,1,definition_ready,,State,실내환경,실내 CO2,1,frozen,CAT_016,tomato_total_flower
VG_Flower_018,CAT_017,EI__CI__7d_min,내부CO2 직전 7일 min,sfkr_hbfm_env_con,EI/CI -> sen_val,min,"[t-7d,t)",ppm,facility,feature_date,train median after pre-freeze screening; no row deletion,1,definition_ready,,State,실내환경,실내 CO2,1,frozen,CAT_016,tomato_total_flower
VG_Flower_018,CAT_017,EI__CI__7d_max,내부CO2 직전 7일 max,sfkr_hbfm_env_con,EI/CI -> sen_val,max,"[t-7d,t)",ppm,facility,feature_date,train median after pre-freeze screening; no row deletion,1,definition_ready,,State,실내환경,실내 CO2,1,frozen,CAT_016,tomato_total_flower
VG_Flower_018,CAT_021,flower_count__current,전체 꽃 수 current,sfkr_hbfm_grow,growth_measure_code + resolved value column,current valid observation,current,개,individual,feature_date,train median after pre-freeze screening; no row deletion,1,definition_ready,,State,작물 생육,꽃 관측정보,1,frozen,CAT_020,tomato_total_flower
VG_Flower_018,CAT_021,flower_count__delta,전체 꽃 수 delta,sfkr_hbfm_grow,growth_measure_code + resolved value column,current minus previous,1 survey,개,individual,feature_date,train median after pre-freeze screening; no row deletion,1,definition_ready,,State,작물 생육,꽃 관측정보,1,frozen,CAT_020,tomato_total_flower
VG_Flower_018,CAT_021,flower_count__delta_per_day,전체 꽃 수 delta_per_day,sfkr_hbfm_grow,growth_measure_code + resolved value column,delta / positive elapsed days,1 survey,개,individual,feature_date,train median after pre-freeze screening; no row deletion,1,definition_ready,,State,작물 생육,꽃 관측정보,1,frozen,CAT_020,tomato_total_flower
VG_Flower_018,CAT_021,flower_count__lag1,전체 꽃 수 lag1,sfkr_hbfm_grow,growth_measure_code + resolved value column,lag 1,1 surveys,개,individual,feature_date,train median after pre-freeze screening; no row deletion,1,definition_ready,,State,작물 생육,꽃 관측정보,1,frozen,CAT_020,tomato_total_flower
VG_Flower_018,CAT_021,flower_count__lag2,전체 꽃 수 lag2,sfkr_hbfm_grow,growth_measure_code + resolved value column,lag 2,2 surveys,개,individual,feature_date,train median after pre-freeze screening; no row deletion,1,definition_ready,,State,작물 생육,꽃 관측정보,1,frozen,CAT_020,tomato_total_flower
VG_Flower_018,CAT_021,flower_count__lag3,전체 꽃 수 lag3,sfkr_hbfm_grow,growth_measure_code + resolved value column,lag 3,3 surveys,개,individual,feature_date,train median after pre-freeze screening; no row deletion,1,definition_ready,,State,작물 생육,꽃 관측정보,1,frozen,CAT_020,tomato_total_flower
VG_Flower_018,CAT_021,flower_count__roll2_std,전체 꽃 수 roll2_std,sfkr_hbfm_grow,growth_measure_code + resolved value column,std; ddof=0,2 valid surveys including current; min_periods=2,개,individual,feature_date,train median after pre-freeze screening; no row deletion,1,definition_ready,,State,작물 생육,꽃 관측정보,1,frozen,CAT_020,tomato_total_flower
VG_Flower_018,CAT_021,flower_count__roll2_min,전체 꽃 수 roll2_min,sfkr_hbfm_grow,growth_measure_code + resolved value column,min,2 valid surveys including current; min_periods=2,개,individual,feature_date,train median after pre-freeze screening; no row deletion,1,definition_ready,,State,작물 생육,꽃 관측정보,1,frozen,CAT_020,tomato_total_flower
VG_Flower_018,CAT_021,flower_count__roll3_mean,전체 꽃 수 roll3_mean,sfkr_hbfm_grow,growth_measure_code + resolved value column,mean,3 valid surveys including current; min_periods=3,개,individual,feature_date,train median after pre-freeze screening; no row deletion,1,definition_ready,,State,작물 생육,꽃 관측정보,1,frozen,CAT_020,tomato_total_flower
VG_Flower_018,CAT_021,flower_count__roll3_std,전체 꽃 수 roll3_std,sfkr_hbfm_grow,growth_measure_code + resolved value column,std; ddof=0,3 valid surveys including current; min_periods=3,개,individual,feature_date,train median after pre-freeze screening; no row deletion,1,definition_ready,,State,작물 생육,꽃 관측정보,1,frozen,CAT_020,tomato_total_flower
VG_Flower_018,CAT_021,flower_count__roll3_min,전체 꽃 수 roll3_min,sfkr_hbfm_grow,growth_measure_code + resolved value column,min,3 valid surveys including current; min_periods=3,개,individual,feature_date,train median after pre-freeze screening; no row deletion,1,definition_ready,,State,작물 생육,꽃 관측정보,1,frozen,CAT_020,tomato_total_flower
VG_Flower_018,CAT_021,flower_count__roll3_max,전체 꽃 수 roll3_max,sfkr_hbfm_grow,growth_measure_code + resolved value column,max,3 valid surveys including current; min_periods=3,개,individual,feature_date,train median after pre-freeze screening; no row deletion,1,definition_ready,,State,작물 생육,꽃 관측정보,1,frozen,CAT_020,tomato_total_flower
VG_Flower_018,CAT_021,flower_count__roll3_slope,전체 꽃 수 roll3_slope,sfkr_hbfm_grow,growth_measure_code + resolved value column,slope; per calendar day,3 valid surveys including current; min_periods=3,개,individual,feature_date,train median after pre-freeze screening; no row deletion,1,definition_ready,,State,작물 생육,꽃 관측정보,1,frozen,CAT_020,tomato_total_flower
VG_Flower_018,CAT_021,flower_count__roll4_mean,전체 꽃 수 roll4_mean,sfkr_hbfm_grow,growth_measure_code + resolved value column,mean,4 valid surveys including current; min_periods=4,개,individual,feature_date,train median after pre-freeze screening; no row deletion,1,definition_ready,,State,작물 생육,꽃 관측정보,1,frozen,CAT_020,tomato_total_flower
VG_Flower_018,CAT_021,flower_count__roll4_std,전체 꽃 수 roll4_std,sfkr_hbfm_grow,growth_measure_code + resolved value column,std; ddof=0,4 valid surveys including current; min_periods=4,개,individual,feature_date,train median after pre-freeze screening; no row deletion,1,definition_ready,,State,작물 생육,꽃 관측정보,1,frozen,CAT_020,tomato_total_flower
VG_Flower_018,CAT_021,flower_count__roll4_min,전체 꽃 수 roll4_min,sfkr_hbfm_grow,growth_measure_code + resolved value column,min,4 valid surveys including current; min_periods=4,개,individual,feature_date,train median after pre-freeze screening; no row deletion,1,definition_ready,,State,작물 생육,꽃 관측정보,1,frozen,CAT_020,tomato_total_flower
VG_Flower_018,CAT_021,flower_count__roll4_max,전체 꽃 수 roll4_max,sfkr_hbfm_grow,growth_measure_code + resolved value column,max,4 valid surveys including current; min_periods=4,개,individual,feature_date,train median after pre-freeze screening; no row deletion,1,definition_ready,,State,작물 생육,꽃 관측정보,1,frozen,CAT_020,tomato_total_flower
VG_Flower_018,CAT_021,flower_count__roll4_slope,전체 꽃 수 roll4_slope,sfkr_hbfm_grow,growth_measure_code + resolved value column,slope; per calendar day,4 valid surveys including current; min_periods=4,개,individual,feature_date,train median after pre-freeze screening; no row deletion,1,definition_ready,,State,작물 생육,꽃 관측정보,1,frozen,CAT_020,tomato_total_flower
VG_Flower_018,CAT_033,days_since_previous,이전 조사 후 경과일,growth/crop source,measurement date/cropping_date/current count,observed history only; ISO week period=52.1775,through current,day,individual,feature_date,train median after pre-freeze screening; no row deletion,1,definition_ready,,Context,재배 맥락,시간정보,1,frozen,CAT_029,tomato_total_flower
VG_Flower_018,CAT_033,days_since_first_measurement,최초 조사 후 경과일,growth/crop source,measurement date/cropping_date/current count,observed history only; ISO week period=52.1775,through current,day,individual,feature_date,train median after pre-freeze screening; no row deletion,1,definition_ready,,Context,재배 맥락,시간정보,1,frozen,CAT_029,tomato_total_flower
VG_Flower_018,CAT_033,days_since_crop_start,작기 시작 후 경과일,growth/crop source,measurement date/cropping_date/current count,observed history only; ISO week period=52.1775,through current,day,individual,feature_date,train median after pre-freeze screening; no row deletion,1,definition_ready,,Context,재배 맥락,시간정보,1,frozen,CAT_029,tomato_total_flower
VG_Flower_018,CAT_033,week_sin,연중 주차 사인값,growth/crop source,measurement date/cropping_date/current count,observed history only; ISO week period=52.1775,through current,unitless,individual,feature_date,train median after pre-freeze screening; no row deletion,1,definition_ready,,Context,재배 맥락,시간정보,1,frozen,CAT_029,tomato_total_flower
VG_Flower_018,CAT_033,week_cos,연중 주차 코사인값,growth/crop source,measurement date/cropping_date/current count,observed history only; ISO week period=52.1775,through current,unitless,individual,feature_date,train median after pre-freeze screening; no row deletion,1,definition_ready,,Context,재배 맥락,시간정보,1,frozen,CAT_029,tomato_total_flower
VG_Flower_018,CAT_041,history_count,누적 조사 횟수,growth/crop source,measurement date/cropping_date/current count,observed history only; ISO week period=52.1775,through current,count,individual,feature_date,train median after pre-freeze screening; no row deletion,1,definition_ready,,Context,재배 맥락,조사이력,1,frozen,CAT_037,tomato_total_flower
VG_Flower_018,CAT_046,EI__HI__1d_mean,내부습도 직전 1일 mean,sfkr_hbfm_env_con,EI/HI -> sen_val,mean,"[t-1d,t)",%,facility,feature_date,train median after pre-freeze screening; no row deletion,1,definition_ready,,State,실내환경,실내 온습도,1,frozen,CAT_045,tomato_total_flower
VG_Flower_018,CAT_046,EI__HI__1d_std,내부습도 직전 1일 std,sfkr_hbfm_env_con,EI/HI -> sen_val,std; ddof=0,"[t-1d,t)",%,facility,feature_date,train median after pre-freeze screening; no row deletion,1,definition_ready,,State,실내환경,실내 온습도,1,frozen,CAT_045,tomato_total_flower
VG_Flower_018,CAT_046,EI__HI__1d_min,내부습도 직전 1일 min,sfkr_hbfm_env_con,EI/HI -> sen_val,min,"[t-1d,t)",%,facility,feature_date,train median after pre-freeze screening; no row deletion,1,definition_ready,,State,실내환경,실내 온습도,1,frozen,CAT_045,tomato_total_flower
VG_Flower_018,CAT_046,EI__HI__1d_max,내부습도 직전 1일 max,sfkr_hbfm_env_con,EI/HI -> sen_val,max,"[t-1d,t)",%,facility,feature_date,train median after pre-freeze screening; no row deletion,1,definition_ready,,State,실내환경,실내 온습도,1,frozen,CAT_045,tomato_total_flower
VG_Flower_018,CAT_046,EI__HI__3d_mean,내부습도 직전 3일 mean,sfkr_hbfm_env_con,EI/HI -> sen_val,mean,"[t-3d,t)",%,facility,feature_date,train median after pre-freeze screening; no row deletion,1,definition_ready,,State,실내환경,실내 온습도,1,frozen,CAT_045,tomato_total_flower
VG_Flower_018,CAT_046,EI__HI__3d_std,내부습도 직전 3일 std,sfkr_hbfm_env_con,EI/HI -> sen_val,std; ddof=0,"[t-3d,t)",%,facility,feature_date,train median after pre-freeze screening; no row deletion,1,definition_ready,,State,실내환경,실내 온습도,1,frozen,CAT_045,tomato_total_flower
VG_Flower_018,CAT_046,EI__HI__3d_min,내부습도 직전 3일 min,sfkr_hbfm_env_con,EI/HI -> sen_val,min,"[t-3d,t)",%,facility,feature_date,train median after pre-freeze screening; no row deletion,1,definition_ready,,State,실내환경,실내 온습도,1,frozen,CAT_045,tomato_total_flower
VG_Flower_018,CAT_046,EI__HI__3d_max,내부습도 직전 3일 max,sfkr_hbfm_env_con,EI/HI -> sen_val,max,"[t-3d,t)",%,facility,feature_date,train median after pre-freeze screening; no row deletion,1,definition_ready,,State,실내환경,실내 온습도,1,frozen,CAT_045,tomato_total_flower
VG_Flower_018,CAT_046,EI__HI__7d_mean,내부습도 직전 7일 mean,sfkr_hbfm_env_con,EI/HI -> sen_val,mean,"[t-7d,t)",%,facility,feature_date,train median after pre-freeze screening; no row deletion,1,definition_ready,,State,실내환경,실내 온습도,1,frozen,CAT_045,tomato_total_flower
VG_Flower_018,CAT_046,EI__HI__7d_std,내부습도 직전 7일 std,sfkr_hbfm_env_con,EI/HI -> sen_val,std; ddof=0,"[t-7d,t)",%,facility,feature_date,train median after pre-freeze screening; no row deletion,1,definition_ready,,State,실내환경,실내 온습도,1,frozen,CAT_045,tomato_total_flower
VG_Flower_018,CAT_046,EI__HI__7d_min,내부습도 직전 7일 min,sfkr_hbfm_env_con,EI/HI -> sen_val,min,"[t-7d,t)",%,facility,feature_date,train median after pre-freeze screening; no row deletion,1,definition_ready,,State,실내환경,실내 온습도,1,frozen,CAT_045,tomato_total_flower
VG_Flower_018,CAT_046,EI__HI__7d_max,내부습도 직전 7일 max,sfkr_hbfm_env_con,EI/HI -> sen_val,max,"[t-7d,t)",%,facility,feature_date,train median after pre-freeze screening; no row deletion,1,definition_ready,,State,실내환경,실내 온습도,1,frozen,CAT_045,tomato_total_flower
VG_Flower_018,CAT_046,EI__TI__1d_mean,내부온도 직전 1일 mean,sfkr_hbfm_env_con,EI/TI -> sen_val,mean,"[t-1d,t)",도,facility,feature_date,train median after pre-freeze screening; no row deletion,1,definition_ready,,State,실내환경,실내 온습도,1,frozen,CAT_045,tomato_total_flower
VG_Flower_018,CAT_046,EI__TI__1d_std,내부온도 직전 1일 std,sfkr_hbfm_env_con,EI/TI -> sen_val,std; ddof=0,"[t-1d,t)",도,facility,feature_date,train median after pre-freeze screening; no row deletion,1,definition_ready,,State,실내환경,실내 온습도,1,frozen,CAT_045,tomato_total_flower
VG_Flower_018,CAT_046,EI__TI__1d_min,내부온도 직전 1일 min,sfkr_hbfm_env_con,EI/TI -> sen_val,min,"[t-1d,t)",도,facility,feature_date,train median after pre-freeze screening; no row deletion,1,definition_ready,,State,실내환경,실내 온습도,1,frozen,CAT_045,tomato_total_flower
VG_Flower_018,CAT_046,EI__TI__1d_max,내부온도 직전 1일 max,sfkr_hbfm_env_con,EI/TI -> sen_val,max,"[t-1d,t)",도,facility,feature_date,train median after pre-freeze screening; no row deletion,1,definition_ready,,State,실내환경,실내 온습도,1,frozen,CAT_045,tomato_total_flower
VG_Flower_018,CAT_046,EI__TI__3d_mean,내부온도 직전 3일 mean,sfkr_hbfm_env_con,EI/TI -> sen_val,mean,"[t-3d,t)",도,facility,feature_date,train median after pre-freeze screening; no row deletion,1,definition_ready,,State,실내환경,실내 온습도,1,frozen,CAT_045,tomato_total_flower
VG_Flower_018,CAT_046,EI__TI__3d_std,내부온도 직전 3일 std,sfkr_hbfm_env_con,EI/TI -> sen_val,std; ddof=0,"[t-3d,t)",도,facility,feature_date,train median after pre-freeze screening; no row deletion,1,definition_ready,,State,실내환경,실내 온습도,1,frozen,CAT_045,tomato_total_flower
VG_Flower_018,CAT_046,EI__TI__3d_min,내부온도 직전 3일 min,sfkr_hbfm_env_con,EI/TI -> sen_val,min,"[t-3d,t)",도,facility,feature_date,train median after pre-freeze screening; no row deletion,1,definition_ready,,State,실내환경,실내 온습도,1,frozen,CAT_045,tomato_total_flower
VG_Flower_018,CAT_046,EI__TI__3d_max,내부온도 직전 3일 max,sfkr_hbfm_env_con,EI/TI -> sen_val,max,"[t-3d,t)",도,facility,feature_date,train median after pre-freeze screening; no row deletion,1,definition_ready,,State,실내환경,실내 온습도,1,frozen,CAT_045,tomato_total_flower
VG_Flower_018,CAT_046,EI__TI__7d_mean,내부온도 직전 7일 mean,sfkr_hbfm_env_con,EI/TI -> sen_val,mean,"[t-7d,t)",도,facility,feature_date,train median after pre-freeze screening; no row deletion,1,definition_ready,,State,실내환경,실내 온습도,1,frozen,CAT_045,tomato_total_flower
VG_Flower_018,CAT_046,EI__TI__7d_std,내부온도 직전 7일 std,sfkr_hbfm_env_con,EI/TI -> sen_val,std; ddof=0,"[t-7d,t)",도,facility,feature_date,train median after pre-freeze screening; no row deletion,1,definition_ready,,State,실내환경,실내 온습도,1,frozen,CAT_045,tomato_total_flower
VG_Flower_018,CAT_046,EI__TI__7d_min,내부온도 직전 7일 min,sfkr_hbfm_env_con,EI/TI -> sen_val,min,"[t-7d,t)",도,facility,feature_date,train median after pre-freeze screening; no row deletion,1,definition_ready,,State,실내환경,실내 온습도,1,frozen,CAT_045,tomato_total_flower
VG_Flower_018,CAT_046,EI__TI__7d_max,내부온도 직전 7일 max,sfkr_hbfm_env_con,EI/TI -> sen_val,max,"[t-7d,t)",도,facility,feature_date,train median after pre-freeze screening; no row deletion,1,definition_ready,,State,실내환경,실내 온습도,1,frozen,CAT_045,tomato_total_flower
VG_Flower_036,CAT_003,current_max_truss_number__current,최대 관측 화방번호 current,sfkr_hbfm_grow,growth_measure_code,current valid observation,current,번호,individual,feature_date,train median after pre-freeze screening; no row deletion,1,definition_ready,,State,작물 생육,화방 관측정보,1,frozen,CAT_002,tomato_total_flower
VG_Flower_036,CAT_003,current_max_truss_number__delta,최대 관측 화방번호 delta,sfkr_hbfm_grow,growth_measure_code,current minus previous,1 survey,번호,individual,feature_date,train median after pre-freeze screening; no row deletion,1,definition_ready,,State,작물 생육,화방 관측정보,1,frozen,CAT_002,tomato_total_flower
VG_Flower_036,CAT_003,current_max_truss_number__delta_per_day,최대 관측 화방번호 delta_per_day,sfkr_hbfm_grow,growth_measure_code,delta / positive elapsed days,1 survey,번호,individual,feature_date,train median after pre-freeze screening; no row deletion,1,definition_ready,,State,작물 생육,화방 관측정보,1,frozen,CAT_002,tomato_total_flower
VG_Flower_036,CAT_003,current_max_truss_number__lag1,최대 관측 화방번호 lag1,sfkr_hbfm_grow,growth_measure_code,lag 1,1 surveys,번호,individual,feature_date,train median after pre-freeze screening; no row deletion,1,definition_ready,,State,작물 생육,화방 관측정보,1,frozen,CAT_002,tomato_total_flower
VG_Flower_036,CAT_003,current_max_truss_number__lag2,최대 관측 화방번호 lag2,sfkr_hbfm_grow,growth_measure_code,lag 2,2 surveys,번호,individual,feature_date,train median after pre-freeze screening; no row deletion,1,definition_ready,,State,작물 생육,화방 관측정보,1,frozen,CAT_002,tomato_total_flower
VG_Flower_036,CAT_003,current_max_truss_number__lag3,최대 관측 화방번호 lag3,sfkr_hbfm_grow,growth_measure_code,lag 3,3 surveys,번호,individual,feature_date,train median after pre-freeze screening; no row deletion,1,definition_ready,,State,작물 생육,화방 관측정보,1,frozen,CAT_002,tomato_total_flower
VG_Flower_036,CAT_003,current_max_truss_number__roll3_mean,최대 관측 화방번호 roll3_mean,sfkr_hbfm_grow,growth_measure_code,mean,3 valid surveys including current; min_periods=3,번호,individual,feature_date,train median after pre-freeze screening; no row deletion,1,definition_ready,,State,작물 생육,화방 관측정보,1,frozen,CAT_002,tomato_total_flower
VG_Flower_036,CAT_003,current_max_truss_number__roll3_std,최대 관측 화방번호 roll3_std,sfkr_hbfm_grow,growth_measure_code,std; ddof=0,3 valid surveys including current; min_periods=3,번호,individual,feature_date,train median after pre-freeze screening; no row deletion,1,definition_ready,,State,작물 생육,화방 관측정보,1,frozen,CAT_002,tomato_total_flower
VG_Flower_036,CAT_003,current_max_truss_number__roll3_max,최대 관측 화방번호 roll3_max,sfkr_hbfm_grow,growth_measure_code,max,3 valid surveys including current; min_periods=3,번호,individual,feature_date,train median after pre-freeze screening; no row deletion,1,definition_ready,,State,작물 생육,화방 관측정보,1,frozen,CAT_002,tomato_total_flower
VG_Flower_036,CAT_003,current_max_truss_number__roll3_slope,최대 관측 화방번호 roll3_slope,sfkr_hbfm_grow,growth_measure_code,slope; per calendar day,3 valid surveys including current; min_periods=3,번호,individual,feature_date,train median after pre-freeze screening; no row deletion,1,definition_ready,,State,작물 생육,화방 관측정보,1,frozen,CAT_002,tomato_total_flower
VG_Flower_036,CAT_003,current_max_truss_number__roll4_mean,최대 관측 화방번호 roll4_mean,sfkr_hbfm_grow,growth_measure_code,mean,4 valid surveys including current; min_periods=4,번호,individual,feature_date,train median after pre-freeze screening; no row deletion,1,definition_ready,,State,작물 생육,화방 관측정보,1,frozen,CAT_002,tomato_total_flower
VG_Flower_036,CAT_003,current_max_truss_number__roll4_std,최대 관측 화방번호 roll4_std,sfkr_hbfm_grow,growth_measure_code,std; ddof=0,4 valid surveys including current; min_periods=4,번호,individual,feature_date,train median after pre-freeze screening; no row deletion,1,definition_ready,,State,작물 생육,화방 관측정보,1,frozen,CAT_002,tomato_total_flower
VG_Flower_036,CAT_003,current_max_truss_number__roll4_max,최대 관측 화방번호 roll4_max,sfkr_hbfm_grow,growth_measure_code,max,4 valid surveys including current; min_periods=4,번호,individual,feature_date,train median after pre-freeze screening; no row deletion,1,definition_ready,,State,작물 생육,화방 관측정보,1,frozen,CAT_002,tomato_total_flower
VG_Flower_036,CAT_003,current_max_truss_number__roll4_slope,최대 관측 화방번호 roll4_slope,sfkr_hbfm_grow,growth_measure_code,slope; per calendar day,4 valid surveys including current; min_periods=4,번호,individual,feature_date,train median after pre-freeze screening; no row deletion,1,definition_ready,,State,작물 생육,화방 관측정보,1,frozen,CAT_002,tomato_total_flower
VG_Flower_036,CAT_003,positive_truss_count__current,꽃이 있는 화방 수 current,sfkr_hbfm_grow,growth_measure_code + resolved value column,current valid observation,current,개,individual,feature_date,train median after pre-freeze screening; no row deletion,1,definition_ready,,State,작물 생육,화방 관측정보,1,frozen,CAT_002,tomato_total_flower
VG_Flower_036,CAT_003,positive_truss_count__delta,꽃이 있는 화방 수 delta,sfkr_hbfm_grow,growth_measure_code + resolved value column,current minus previous,1 survey,개,individual,feature_date,train median after pre-freeze screening; no row deletion,1,definition_ready,,State,작물 생육,화방 관측정보,1,frozen,CAT_002,tomato_total_flower
VG_Flower_036,CAT_003,positive_truss_count__delta_per_day,꽃이 있는 화방 수 delta_per_day,sfkr_hbfm_grow,growth_measure_code + resolved value column,delta / positive elapsed days,1 survey,개,individual,feature_date,train median after pre-freeze screening; no row deletion,1,definition_ready,,State,작물 생육,화방 관측정보,1,frozen,CAT_002,tomato_total_flower
VG_Flower_036,CAT_003,positive_truss_count__lag1,꽃이 있는 화방 수 lag1,sfkr_hbfm_grow,growth_measure_code + resolved value column,lag 1,1 surveys,개,individual,feature_date,train median after pre-freeze screening; no row deletion,1,definition_ready,,State,작물 생육,화방 관측정보,1,frozen,CAT_002,tomato_total_flower
VG_Flower_036,CAT_003,positive_truss_count__lag2,꽃이 있는 화방 수 lag2,sfkr_hbfm_grow,growth_measure_code + resolved value column,lag 2,2 surveys,개,individual,feature_date,train median after pre-freeze screening; no row deletion,1,definition_ready,,State,작물 생육,화방 관측정보,1,frozen,CAT_002,tomato_total_flower
VG_Flower_036,CAT_003,positive_truss_count__lag3,꽃이 있는 화방 수 lag3,sfkr_hbfm_grow,growth_measure_code + resolved value column,lag 3,3 surveys,개,individual,feature_date,train median after pre-freeze screening; no row deletion,1,definition_ready,,State,작물 생육,화방 관측정보,1,frozen,CAT_002,tomato_total_flower
VG_Flower_036,CAT_003,positive_truss_count__roll2_std,꽃이 있는 화방 수 roll2_std,sfkr_hbfm_grow,growth_measure_code + resolved value column,std; ddof=0,2 valid surveys including current; min_periods=2,개,individual,feature_date,train median after pre-freeze screening; no row deletion,1,definition_ready,,State,작물 생육,화방 관측정보,1,frozen,CAT_002,tomato_total_flower
VG_Flower_036,CAT_003,positive_truss_count__roll2_min,꽃이 있는 화방 수 roll2_min,sfkr_hbfm_grow,growth_measure_code + resolved value column,min,2 valid surveys including current; min_periods=2,개,individual,feature_date,train median after pre-freeze screening; no row deletion,1,definition_ready,,State,작물 생육,화방 관측정보,1,frozen,CAT_002,tomato_total_flower
VG_Flower_036,CAT_003,positive_truss_count__roll3_mean,꽃이 있는 화방 수 roll3_mean,sfkr_hbfm_grow,growth_measure_code + resolved value column,mean,3 valid surveys including current; min_periods=3,개,individual,feature_date,train median after pre-freeze screening; no row deletion,1,definition_ready,,State,작물 생육,화방 관측정보,1,frozen,CAT_002,tomato_total_flower
VG_Flower_036,CAT_003,positive_truss_count__roll3_std,꽃이 있는 화방 수 roll3_std,sfkr_hbfm_grow,growth_measure_code + resolved value column,std; ddof=0,3 valid surveys including current; min_periods=3,개,individual,feature_date,train median after pre-freeze screening; no row deletion,1,definition_ready,,State,작물 생육,화방 관측정보,1,frozen,CAT_002,tomato_total_flower
VG_Flower_036,CAT_003,positive_truss_count__roll3_min,꽃이 있는 화방 수 roll3_min,sfkr_hbfm_grow,growth_measure_code + resolved value column,min,3 valid surveys including current; min_periods=3,개,individual,feature_date,train median after pre-freeze screening; no row deletion,1,definition_ready,,State,작물 생육,화방 관측정보,1,frozen,CAT_002,tomato_total_flower
VG_Flower_036,CAT_003,positive_truss_count__roll3_max,꽃이 있는 화방 수 roll3_max,sfkr_hbfm_grow,growth_measure_code + resolved value column,max,3 valid surveys including current; min_periods=3,개,individual,feature_date,train median after pre-freeze screening; no row deletion,1,definition_ready,,State,작물 생육,화방 관측정보,1,frozen,CAT_002,tomato_total_flower
VG_Flower_036,CAT_003,positive_truss_count__roll3_slope,꽃이 있는 화방 수 roll3_slope,sfkr_hbfm_grow,growth_measure_code + resolved value column,slope; per calendar day,3 valid surveys including current; min_periods=3,개,individual,feature_date,train median after pre-freeze screening; no row deletion,1,definition_ready,,State,작물 생육,화방 관측정보,1,frozen,CAT_002,tomato_total_flower
VG_Flower_036,CAT_003,positive_truss_count__roll4_mean,꽃이 있는 화방 수 roll4_mean,sfkr_hbfm_grow,growth_measure_code + resolved value column,mean,4 valid surveys including current; min_periods=4,개,individual,feature_date,train median after pre-freeze screening; no row deletion,1,definition_ready,,State,작물 생육,화방 관측정보,1,frozen,CAT_002,tomato_total_flower
VG_Flower_036,CAT_003,positive_truss_count__roll4_std,꽃이 있는 화방 수 roll4_std,sfkr_hbfm_grow,growth_measure_code + resolved value column,std; ddof=0,4 valid surveys including current; min_periods=4,개,individual,feature_date,train median after pre-freeze screening; no row deletion,1,definition_ready,,State,작물 생육,화방 관측정보,1,frozen,CAT_002,tomato_total_flower
VG_Flower_036,CAT_003,positive_truss_count__roll4_min,꽃이 있는 화방 수 roll4_min,sfkr_hbfm_grow,growth_measure_code + resolved value column,min,4 valid surveys including current; min_periods=4,개,individual,feature_date,train median after pre-freeze screening; no row deletion,1,definition_ready,,State,작물 생육,화방 관측정보,1,frozen,CAT_002,tomato_total_flower
VG_Flower_036,CAT_003,positive_truss_count__roll4_max,꽃이 있는 화방 수 roll4_max,sfkr_hbfm_grow,growth_measure_code + resolved value column,max,4 valid surveys including current; min_periods=4,개,individual,feature_date,train median after pre-freeze screening; no row deletion,1,definition_ready,,State,작물 생육,화방 관측정보,1,frozen,CAT_002,tomato_total_flower
VG_Flower_036,CAT_003,positive_truss_count__roll4_slope,꽃이 있는 화방 수 roll4_slope,sfkr_hbfm_grow,growth_measure_code + resolved value column,slope; per calendar day,4 valid surveys including current; min_periods=4,개,individual,feature_date,train median after pre-freeze screening; no row deletion,1,definition_ready,,State,작물 생육,화방 관측정보,1,frozen,CAT_002,tomato_total_flower
VG_Flower_036,CAT_021,flower_count__current,전체 꽃 수 current,sfkr_hbfm_grow,growth_measure_code + resolved value column,current valid observation,current,개,individual,feature_date,train median after pre-freeze screening; no row deletion,1,definition_ready,,State,작물 생육,꽃 관측정보,1,frozen,CAT_020,tomato_total_flower
VG_Flower_036,CAT_021,flower_count__delta,전체 꽃 수 delta,sfkr_hbfm_grow,growth_measure_code + resolved value column,current minus previous,1 survey,개,individual,feature_date,train median after pre-freeze screening; no row deletion,1,definition_ready,,State,작물 생육,꽃 관측정보,1,frozen,CAT_020,tomato_total_flower
VG_Flower_036,CAT_021,flower_count__delta_per_day,전체 꽃 수 delta_per_day,sfkr_hbfm_grow,growth_measure_code + resolved value column,delta / positive elapsed days,1 survey,개,individual,feature_date,train median after pre-freeze screening; no row deletion,1,definition_ready,,State,작물 생육,꽃 관측정보,1,frozen,CAT_020,tomato_total_flower
VG_Flower_036,CAT_021,flower_count__lag1,전체 꽃 수 lag1,sfkr_hbfm_grow,growth_measure_code + resolved value column,lag 1,1 surveys,개,individual,feature_date,train median after pre-freeze screening; no row deletion,1,definition_ready,,State,작물 생육,꽃 관측정보,1,frozen,CAT_020,tomato_total_flower
VG_Flower_036,CAT_021,flower_count__lag2,전체 꽃 수 lag2,sfkr_hbfm_grow,growth_measure_code + resolved value column,lag 2,2 surveys,개,individual,feature_date,train median after pre-freeze screening; no row deletion,1,definition_ready,,State,작물 생육,꽃 관측정보,1,frozen,CAT_020,tomato_total_flower
VG_Flower_036,CAT_021,flower_count__lag3,전체 꽃 수 lag3,sfkr_hbfm_grow,growth_measure_code + resolved value column,lag 3,3 surveys,개,individual,feature_date,train median after pre-freeze screening; no row deletion,1,definition_ready,,State,작물 생육,꽃 관측정보,1,frozen,CAT_020,tomato_total_flower
VG_Flower_036,CAT_021,flower_count__roll2_std,전체 꽃 수 roll2_std,sfkr_hbfm_grow,growth_measure_code + resolved value column,std; ddof=0,2 valid surveys including current; min_periods=2,개,individual,feature_date,train median after pre-freeze screening; no row deletion,1,definition_ready,,State,작물 생육,꽃 관측정보,1,frozen,CAT_020,tomato_total_flower
VG_Flower_036,CAT_021,flower_count__roll2_min,전체 꽃 수 roll2_min,sfkr_hbfm_grow,growth_measure_code + resolved value column,min,2 valid surveys including current; min_periods=2,개,individual,feature_date,train median after pre-freeze screening; no row deletion,1,definition_ready,,State,작물 생육,꽃 관측정보,1,frozen,CAT_020,tomato_total_flower
VG_Flower_036,CAT_021,flower_count__roll3_mean,전체 꽃 수 roll3_mean,sfkr_hbfm_grow,growth_measure_code + resolved value column,mean,3 valid surveys including current; min_periods=3,개,individual,feature_date,train median after pre-freeze screening; no row deletion,1,definition_ready,,State,작물 생육,꽃 관측정보,1,frozen,CAT_020,tomato_total_flower
VG_Flower_036,CAT_021,flower_count__roll3_std,전체 꽃 수 roll3_std,sfkr_hbfm_grow,growth_measure_code + resolved value column,std; ddof=0,3 valid surveys including current; min_periods=3,개,individual,feature_date,train median after pre-freeze screening; no row deletion,1,definition_ready,,State,작물 생육,꽃 관측정보,1,frozen,CAT_020,tomato_total_flower
VG_Flower_036,CAT_021,flower_count__roll3_min,전체 꽃 수 roll3_min,sfkr_hbfm_grow,growth_measure_code + resolved value column,min,3 valid surveys including current; min_periods=3,개,individual,feature_date,train median after pre-freeze screening; no row deletion,1,definition_ready,,State,작물 생육,꽃 관측정보,1,frozen,CAT_020,tomato_total_flower
VG_Flower_036,CAT_021,flower_count__roll3_max,전체 꽃 수 roll3_max,sfkr_hbfm_grow,growth_measure_code + resolved value column,max,3 valid surveys including current; min_periods=3,개,individual,feature_date,train median after pre-freeze screening; no row deletion,1,definition_ready,,State,작물 생육,꽃 관측정보,1,frozen,CAT_020,tomato_total_flower
VG_Flower_036,CAT_021,flower_count__roll3_slope,전체 꽃 수 roll3_slope,sfkr_hbfm_grow,growth_measure_code + resolved value column,slope; per calendar day,3 valid surveys including current; min_periods=3,개,individual,feature_date,train median after pre-freeze screening; no row deletion,1,definition_ready,,State,작물 생육,꽃 관측정보,1,frozen,CAT_020,tomato_total_flower
VG_Flower_036,CAT_021,flower_count__roll4_mean,전체 꽃 수 roll4_mean,sfkr_hbfm_grow,growth_measure_code + resolved value column,mean,4 valid surveys including current; min_periods=4,개,individual,feature_date,train median after pre-freeze screening; no row deletion,1,definition_ready,,State,작물 생육,꽃 관측정보,1,frozen,CAT_020,tomato_total_flower
VG_Flower_036,CAT_021,flower_count__roll4_std,전체 꽃 수 roll4_std,sfkr_hbfm_grow,growth_measure_code + resolved value column,std; ddof=0,4 valid surveys including current; min_periods=4,개,individual,feature_date,train median after pre-freeze screening; no row deletion,1,definition_ready,,State,작물 생육,꽃 관측정보,1,frozen,CAT_020,tomato_total_flower
VG_Flower_036,CAT_021,flower_count__roll4_min,전체 꽃 수 roll4_min,sfkr_hbfm_grow,growth_measure_code + resolved value column,min,4 valid surveys including current; min_periods=4,개,individual,feature_date,train median after pre-freeze screening; no row deletion,1,definition_ready,,State,작물 생육,꽃 관측정보,1,frozen,CAT_020,tomato_total_flower
VG_Flower_036,CAT_021,flower_count__roll4_max,전체 꽃 수 roll4_max,sfkr_hbfm_grow,growth_measure_code + resolved value column,max,4 valid surveys including current; min_periods=4,개,individual,feature_date,train median after pre-freeze screening; no row deletion,1,definition_ready,,State,작물 생육,꽃 관측정보,1,frozen,CAT_020,tomato_total_flower
VG_Flower_036,CAT_021,flower_count__roll4_slope,전체 꽃 수 roll4_slope,sfkr_hbfm_grow,growth_measure_code + resolved value column,slope; per calendar day,4 valid surveys including current; min_periods=4,개,individual,feature_date,train median after pre-freeze screening; no row deletion,1,definition_ready,,State,작물 생육,꽃 관측정보,1,frozen,CAT_020,tomato_total_flower
VG_Flower_036,CAT_046,EI__HI__1d_mean,내부습도 직전 1일 mean,sfkr_hbfm_env_con,EI/HI -> sen_val,mean,"[t-1d,t)",%,facility,feature_date,train median after pre-freeze screening; no row deletion,1,definition_ready,,State,실내환경,실내 온습도,1,frozen,CAT_045,tomato_total_flower
VG_Flower_036,CAT_046,EI__HI__1d_std,내부습도 직전 1일 std,sfkr_hbfm_env_con,EI/HI -> sen_val,std; ddof=0,"[t-1d,t)",%,facility,feature_date,train median after pre-freeze screening; no row deletion,1,definition_ready,,State,실내환경,실내 온습도,1,frozen,CAT_045,tomato_total_flower
VG_Flower_036,CAT_046,EI__HI__1d_min,내부습도 직전 1일 min,sfkr_hbfm_env_con,EI/HI -> sen_val,min,"[t-1d,t)",%,facility,feature_date,train median after pre-freeze screening; no row deletion,1,definition_ready,,State,실내환경,실내 온습도,1,frozen,CAT_045,tomato_total_flower
VG_Flower_036,CAT_046,EI__HI__1d_max,내부습도 직전 1일 max,sfkr_hbfm_env_con,EI/HI -> sen_val,max,"[t-1d,t)",%,facility,feature_date,train median after pre-freeze screening; no row deletion,1,definition_ready,,State,실내환경,실내 온습도,1,frozen,CAT_045,tomato_total_flower
VG_Flower_036,CAT_046,EI__HI__3d_mean,내부습도 직전 3일 mean,sfkr_hbfm_env_con,EI/HI -> sen_val,mean,"[t-3d,t)",%,facility,feature_date,train median after pre-freeze screening; no row deletion,1,definition_ready,,State,실내환경,실내 온습도,1,frozen,CAT_045,tomato_total_flower
VG_Flower_036,CAT_046,EI__HI__3d_std,내부습도 직전 3일 std,sfkr_hbfm_env_con,EI/HI -> sen_val,std; ddof=0,"[t-3d,t)",%,facility,feature_date,train median after pre-freeze screening; no row deletion,1,definition_ready,,State,실내환경,실내 온습도,1,frozen,CAT_045,tomato_total_flower
VG_Flower_036,CAT_046,EI__HI__3d_min,내부습도 직전 3일 min,sfkr_hbfm_env_con,EI/HI -> sen_val,min,"[t-3d,t)",%,facility,feature_date,train median after pre-freeze screening; no row deletion,1,definition_ready,,State,실내환경,실내 온습도,1,frozen,CAT_045,tomato_total_flower
VG_Flower_036,CAT_046,EI__HI__3d_max,내부습도 직전 3일 max,sfkr_hbfm_env_con,EI/HI -> sen_val,max,"[t-3d,t)",%,facility,feature_date,train median after pre-freeze screening; no row deletion,1,definition_ready,,State,실내환경,실내 온습도,1,frozen,CAT_045,tomato_total_flower
VG_Flower_036,CAT_046,EI__HI__7d_mean,내부습도 직전 7일 mean,sfkr_hbfm_env_con,EI/HI -> sen_val,mean,"[t-7d,t)",%,facility,feature_date,train median after pre-freeze screening; no row deletion,1,definition_ready,,State,실내환경,실내 온습도,1,frozen,CAT_045,tomato_total_flower
VG_Flower_036,CAT_046,EI__HI__7d_std,내부습도 직전 7일 std,sfkr_hbfm_env_con,EI/HI -> sen_val,std; ddof=0,"[t-7d,t)",%,facility,feature_date,train median after pre-freeze screening; no row deletion,1,definition_ready,,State,실내환경,실내 온습도,1,frozen,CAT_045,tomato_total_flower
VG_Flower_036,CAT_046,EI__HI__7d_min,내부습도 직전 7일 min,sfkr_hbfm_env_con,EI/HI -> sen_val,min,"[t-7d,t)",%,facility,feature_date,train median after pre-freeze screening; no row deletion,1,definition_ready,,State,실내환경,실내 온습도,1,frozen,CAT_045,tomato_total_flower
VG_Flower_036,CAT_046,EI__HI__7d_max,내부습도 직전 7일 max,sfkr_hbfm_env_con,EI/HI -> sen_val,max,"[t-7d,t)",%,facility,feature_date,train median after pre-freeze screening; no row deletion,1,definition_ready,,State,실내환경,실내 온습도,1,frozen,CAT_045,tomato_total_flower
VG_Flower_036,CAT_046,EI__TI__1d_mean,내부온도 직전 1일 mean,sfkr_hbfm_env_con,EI/TI -> sen_val,mean,"[t-1d,t)",도,facility,feature_date,train median after pre-freeze screening; no row deletion,1,definition_ready,,State,실내환경,실내 온습도,1,frozen,CAT_045,tomato_total_flower
VG_Flower_036,CAT_046,EI__TI__1d_std,내부온도 직전 1일 std,sfkr_hbfm_env_con,EI/TI -> sen_val,std; ddof=0,"[t-1d,t)",도,facility,feature_date,train median after pre-freeze screening; no row deletion,1,definition_ready,,State,실내환경,실내 온습도,1,frozen,CAT_045,tomato_total_flower
VG_Flower_036,CAT_046,EI__TI__1d_min,내부온도 직전 1일 min,sfkr_hbfm_env_con,EI/TI -> sen_val,min,"[t-1d,t)",도,facility,feature_date,train median after pre-freeze screening; no row deletion,1,definition_ready,,State,실내환경,실내 온습도,1,frozen,CAT_045,tomato_total_flower
VG_Flower_036,CAT_046,EI__TI__1d_max,내부온도 직전 1일 max,sfkr_hbfm_env_con,EI/TI -> sen_val,max,"[t-1d,t)",도,facility,feature_date,train median after pre-freeze screening; no row deletion,1,definition_ready,,State,실내환경,실내 온습도,1,frozen,CAT_045,tomato_total_flower
VG_Flower_036,CAT_046,EI__TI__3d_mean,내부온도 직전 3일 mean,sfkr_hbfm_env_con,EI/TI -> sen_val,mean,"[t-3d,t)",도,facility,feature_date,train median after pre-freeze screening; no row deletion,1,definition_ready,,State,실내환경,실내 온습도,1,frozen,CAT_045,tomato_total_flower
VG_Flower_036,CAT_046,EI__TI__3d_std,내부온도 직전 3일 std,sfkr_hbfm_env_con,EI/TI -> sen_val,std; ddof=0,"[t-3d,t)",도,facility,feature_date,train median after pre-freeze screening; no row deletion,1,definition_ready,,State,실내환경,실내 온습도,1,frozen,CAT_045,tomato_total_flower
VG_Flower_036,CAT_046,EI__TI__3d_min,내부온도 직전 3일 min,sfkr_hbfm_env_con,EI/TI -> sen_val,min,"[t-3d,t)",도,facility,feature_date,train median after pre-freeze screening; no row deletion,1,definition_ready,,State,실내환경,실내 온습도,1,frozen,CAT_045,tomato_total_flower
VG_Flower_036,CAT_046,EI__TI__3d_max,내부온도 직전 3일 max,sfkr_hbfm_env_con,EI/TI -> sen_val,max,"[t-3d,t)",도,facility,feature_date,train median after pre-freeze screening; no row deletion,1,definition_ready,,State,실내환경,실내 온습도,1,frozen,CAT_045,tomato_total_flower
VG_Flower_036,CAT_046,EI__TI__7d_mean,내부온도 직전 7일 mean,sfkr_hbfm_env_con,EI/TI -> sen_val,mean,"[t-7d,t)",도,facility,feature_date,train median after pre-freeze screening; no row deletion,1,definition_ready,,State,실내환경,실내 온습도,1,frozen,CAT_045,tomato_total_flower
VG_Flower_036,CAT_046,EI__TI__7d_std,내부온도 직전 7일 std,sfkr_hbfm_env_con,EI/TI -> sen_val,std; ddof=0,"[t-7d,t)",도,facility,feature_date,train median after pre-freeze screening; no row deletion,1,definition_ready,,State,실내환경,실내 온습도,1,frozen,CAT_045,tomato_total_flower
VG_Flower_036,CAT_046,EI__TI__7d_min,내부온도 직전 7일 min,sfkr_hbfm_env_con,EI/TI -> sen_val,min,"[t-7d,t)",도,facility,feature_date,train median after pre-freeze screening; no row deletion,1,definition_ready,,State,실내환경,실내 온습도,1,frozen,CAT_045,tomato_total_flower
VG_Flower_036,CAT_046,EI__TI__7d_max,내부온도 직전 7일 max,sfkr_hbfm_env_con,EI/TI -> sen_val,max,"[t-7d,t)",도,facility,feature_date,train median after pre-freeze screening; no row deletion,1,definition_ready,,State,실내환경,실내 온습도,1,frozen,CAT_045,tomato_total_flower
VG_Flower_030,CAT_003,current_max_truss_number__current,최대 관측 화방번호 current,sfkr_hbfm_grow,growth_measure_code,current valid observation,current,번호,individual,feature_date,train median after pre-freeze screening; no row deletion,1,definition_ready,,State,작물 생육,화방 관측정보,1,frozen,CAT_002,tomato_total_flower
VG_Flower_030,CAT_003,current_max_truss_number__delta,최대 관측 화방번호 delta,sfkr_hbfm_grow,growth_measure_code,current minus previous,1 survey,번호,individual,feature_date,train median after pre-freeze screening; no row deletion,1,definition_ready,,State,작물 생육,화방 관측정보,1,frozen,CAT_002,tomato_total_flower
VG_Flower_030,CAT_003,current_max_truss_number__delta_per_day,최대 관측 화방번호 delta_per_day,sfkr_hbfm_grow,growth_measure_code,delta / positive elapsed days,1 survey,번호,individual,feature_date,train median after pre-freeze screening; no row deletion,1,definition_ready,,State,작물 생육,화방 관측정보,1,frozen,CAT_002,tomato_total_flower
VG_Flower_030,CAT_003,current_max_truss_number__lag1,최대 관측 화방번호 lag1,sfkr_hbfm_grow,growth_measure_code,lag 1,1 surveys,번호,individual,feature_date,train median after pre-freeze screening; no row deletion,1,definition_ready,,State,작물 생육,화방 관측정보,1,frozen,CAT_002,tomato_total_flower
VG_Flower_030,CAT_003,current_max_truss_number__lag2,최대 관측 화방번호 lag2,sfkr_hbfm_grow,growth_measure_code,lag 2,2 surveys,번호,individual,feature_date,train median after pre-freeze screening; no row deletion,1,definition_ready,,State,작물 생육,화방 관측정보,1,frozen,CAT_002,tomato_total_flower
VG_Flower_030,CAT_003,current_max_truss_number__lag3,최대 관측 화방번호 lag3,sfkr_hbfm_grow,growth_measure_code,lag 3,3 surveys,번호,individual,feature_date,train median after pre-freeze screening; no row deletion,1,definition_ready,,State,작물 생육,화방 관측정보,1,frozen,CAT_002,tomato_total_flower
VG_Flower_030,CAT_003,current_max_truss_number__roll3_mean,최대 관측 화방번호 roll3_mean,sfkr_hbfm_grow,growth_measure_code,mean,3 valid surveys including current; min_periods=3,번호,individual,feature_date,train median after pre-freeze screening; no row deletion,1,definition_ready,,State,작물 생육,화방 관측정보,1,frozen,CAT_002,tomato_total_flower
VG_Flower_030,CAT_003,current_max_truss_number__roll3_std,최대 관측 화방번호 roll3_std,sfkr_hbfm_grow,growth_measure_code,std; ddof=0,3 valid surveys including current; min_periods=3,번호,individual,feature_date,train median after pre-freeze screening; no row deletion,1,definition_ready,,State,작물 생육,화방 관측정보,1,frozen,CAT_002,tomato_total_flower
VG_Flower_030,CAT_003,current_max_truss_number__roll3_max,최대 관측 화방번호 roll3_max,sfkr_hbfm_grow,growth_measure_code,max,3 valid surveys including current; min_periods=3,번호,individual,feature_date,train median after pre-freeze screening; no row deletion,1,definition_ready,,State,작물 생육,화방 관측정보,1,frozen,CAT_002,tomato_total_flower
VG_Flower_030,CAT_003,current_max_truss_number__roll3_slope,최대 관측 화방번호 roll3_slope,sfkr_hbfm_grow,growth_measure_code,slope; per calendar day,3 valid surveys including current; min_periods=3,번호,individual,feature_date,train median after pre-freeze screening; no row deletion,1,definition_ready,,State,작물 생육,화방 관측정보,1,frozen,CAT_002,tomato_total_flower
VG_Flower_030,CAT_003,current_max_truss_number__roll4_mean,최대 관측 화방번호 roll4_mean,sfkr_hbfm_grow,growth_measure_code,mean,4 valid surveys including current; min_periods=4,번호,individual,feature_date,train median after pre-freeze screening; no row deletion,1,definition_ready,,State,작물 생육,화방 관측정보,1,frozen,CAT_002,tomato_total_flower
VG_Flower_030,CAT_003,current_max_truss_number__roll4_std,최대 관측 화방번호 roll4_std,sfkr_hbfm_grow,growth_measure_code,std; ddof=0,4 valid surveys including current; min_periods=4,번호,individual,feature_date,train median after pre-freeze screening; no row deletion,1,definition_ready,,State,작물 생육,화방 관측정보,1,frozen,CAT_002,tomato_total_flower
VG_Flower_030,CAT_003,current_max_truss_number__roll4_max,최대 관측 화방번호 roll4_max,sfkr_hbfm_grow,growth_measure_code,max,4 valid surveys including current; min_periods=4,번호,individual,feature_date,train median after pre-freeze screening; no row deletion,1,definition_ready,,State,작물 생육,화방 관측정보,1,frozen,CAT_002,tomato_total_flower
VG_Flower_030,CAT_003,current_max_truss_number__roll4_slope,최대 관측 화방번호 roll4_slope,sfkr_hbfm_grow,growth_measure_code,slope; per calendar day,4 valid surveys including current; min_periods=4,번호,individual,feature_date,train median after pre-freeze screening; no row deletion,1,definition_ready,,State,작물 생육,화방 관측정보,1,frozen,CAT_002,tomato_total_flower
VG_Flower_030,CAT_003,positive_truss_count__current,꽃이 있는 화방 수 current,sfkr_hbfm_grow,growth_measure_code + resolved value column,current valid observation,current,개,individual,feature_date,train median after pre-freeze screening; no row deletion,1,definition_ready,,State,작물 생육,화방 관측정보,1,frozen,CAT_002,tomato_total_flower
VG_Flower_030,CAT_003,positive_truss_count__delta,꽃이 있는 화방 수 delta,sfkr_hbfm_grow,growth_measure_code + resolved value column,current minus previous,1 survey,개,individual,feature_date,train median after pre-freeze screening; no row deletion,1,definition_ready,,State,작물 생육,화방 관측정보,1,frozen,CAT_002,tomato_total_flower
VG_Flower_030,CAT_003,positive_truss_count__delta_per_day,꽃이 있는 화방 수 delta_per_day,sfkr_hbfm_grow,growth_measure_code + resolved value column,delta / positive elapsed days,1 survey,개,individual,feature_date,train median after pre-freeze screening; no row deletion,1,definition_ready,,State,작물 생육,화방 관측정보,1,frozen,CAT_002,tomato_total_flower
VG_Flower_030,CAT_003,positive_truss_count__lag1,꽃이 있는 화방 수 lag1,sfkr_hbfm_grow,growth_measure_code + resolved value column,lag 1,1 surveys,개,individual,feature_date,train median after pre-freeze screening; no row deletion,1,definition_ready,,State,작물 생육,화방 관측정보,1,frozen,CAT_002,tomato_total_flower
VG_Flower_030,CAT_003,positive_truss_count__lag2,꽃이 있는 화방 수 lag2,sfkr_hbfm_grow,growth_measure_code + resolved value column,lag 2,2 surveys,개,individual,feature_date,train median after pre-freeze screening; no row deletion,1,definition_ready,,State,작물 생육,화방 관측정보,1,frozen,CAT_002,tomato_total_flower
VG_Flower_030,CAT_003,positive_truss_count__lag3,꽃이 있는 화방 수 lag3,sfkr_hbfm_grow,growth_measure_code + resolved value column,lag 3,3 surveys,개,individual,feature_date,train median after pre-freeze screening; no row deletion,1,definition_ready,,State,작물 생육,화방 관측정보,1,frozen,CAT_002,tomato_total_flower
VG_Flower_030,CAT_003,positive_truss_count__roll2_std,꽃이 있는 화방 수 roll2_std,sfkr_hbfm_grow,growth_measure_code + resolved value column,std; ddof=0,2 valid surveys including current; min_periods=2,개,individual,feature_date,train median after pre-freeze screening; no row deletion,1,definition_ready,,State,작물 생육,화방 관측정보,1,frozen,CAT_002,tomato_total_flower
VG_Flower_030,CAT_003,positive_truss_count__roll2_min,꽃이 있는 화방 수 roll2_min,sfkr_hbfm_grow,growth_measure_code + resolved value column,min,2 valid surveys including current; min_periods=2,개,individual,feature_date,train median after pre-freeze screening; no row deletion,1,definition_ready,,State,작물 생육,화방 관측정보,1,frozen,CAT_002,tomato_total_flower
VG_Flower_030,CAT_003,positive_truss_count__roll3_mean,꽃이 있는 화방 수 roll3_mean,sfkr_hbfm_grow,growth_measure_code + resolved value column,mean,3 valid surveys including current; min_periods=3,개,individual,feature_date,train median after pre-freeze screening; no row deletion,1,definition_ready,,State,작물 생육,화방 관측정보,1,frozen,CAT_002,tomato_total_flower
VG_Flower_030,CAT_003,positive_truss_count__roll3_std,꽃이 있는 화방 수 roll3_std,sfkr_hbfm_grow,growth_measure_code + resolved value column,std; ddof=0,3 valid surveys including current; min_periods=3,개,individual,feature_date,train median after pre-freeze screening; no row deletion,1,definition_ready,,State,작물 생육,화방 관측정보,1,frozen,CAT_002,tomato_total_flower
VG_Flower_030,CAT_003,positive_truss_count__roll3_min,꽃이 있는 화방 수 roll3_min,sfkr_hbfm_grow,growth_measure_code + resolved value column,min,3 valid surveys including current; min_periods=3,개,individual,feature_date,train median after pre-freeze screening; no row deletion,1,definition_ready,,State,작물 생육,화방 관측정보,1,frozen,CAT_002,tomato_total_flower
VG_Flower_030,CAT_003,positive_truss_count__roll3_max,꽃이 있는 화방 수 roll3_max,sfkr_hbfm_grow,growth_measure_code + resolved value column,max,3 valid surveys including current; min_periods=3,개,individual,feature_date,train median after pre-freeze screening; no row deletion,1,definition_ready,,State,작물 생육,화방 관측정보,1,frozen,CAT_002,tomato_total_flower
VG_Flower_030,CAT_003,positive_truss_count__roll3_slope,꽃이 있는 화방 수 roll3_slope,sfkr_hbfm_grow,growth_measure_code + resolved value column,slope; per calendar day,3 valid surveys including current; min_periods=3,개,individual,feature_date,train median after pre-freeze screening; no row deletion,1,definition_ready,,State,작물 생육,화방 관측정보,1,frozen,CAT_002,tomato_total_flower
VG_Flower_030,CAT_003,positive_truss_count__roll4_mean,꽃이 있는 화방 수 roll4_mean,sfkr_hbfm_grow,growth_measure_code + resolved value column,mean,4 valid surveys including current; min_periods=4,개,individual,feature_date,train median after pre-freeze screening; no row deletion,1,definition_ready,,State,작물 생육,화방 관측정보,1,frozen,CAT_002,tomato_total_flower
VG_Flower_030,CAT_003,positive_truss_count__roll4_std,꽃이 있는 화방 수 roll4_std,sfkr_hbfm_grow,growth_measure_code + resolved value column,std; ddof=0,4 valid surveys including current; min_periods=4,개,individual,feature_date,train median after pre-freeze screening; no row deletion,1,definition_ready,,State,작물 생육,화방 관측정보,1,frozen,CAT_002,tomato_total_flower
VG_Flower_030,CAT_003,positive_truss_count__roll4_min,꽃이 있는 화방 수 roll4_min,sfkr_hbfm_grow,growth_measure_code + resolved value column,min,4 valid surveys including current; min_periods=4,개,individual,feature_date,train median after pre-freeze screening; no row deletion,1,definition_ready,,State,작물 생육,화방 관측정보,1,frozen,CAT_002,tomato_total_flower
VG_Flower_030,CAT_003,positive_truss_count__roll4_max,꽃이 있는 화방 수 roll4_max,sfkr_hbfm_grow,growth_measure_code + resolved value column,max,4 valid surveys including current; min_periods=4,개,individual,feature_date,train median after pre-freeze screening; no row deletion,1,definition_ready,,State,작물 생육,화방 관측정보,1,frozen,CAT_002,tomato_total_flower
VG_Flower_030,CAT_003,positive_truss_count__roll4_slope,꽃이 있는 화방 수 roll4_slope,sfkr_hbfm_grow,growth_measure_code + resolved value column,slope; per calendar day,4 valid surveys including current; min_periods=4,개,individual,feature_date,train median after pre-freeze screening; no row deletion,1,definition_ready,,State,작물 생육,화방 관측정보,1,frozen,CAT_002,tomato_total_flower
VG_Flower_030,CAT_006,observed_truss_count__current,관측 화방 수 current,sfkr_hbfm_grow,growth_measure_code,current valid observation,current,개,individual,feature_date,train median after pre-freeze screening; no row deletion,1,definition_ready,,Context,작물 생육,관측범위·품질,1,frozen,CAT_005,tomato_total_flower
VG_Flower_030,CAT_006,observed_truss_count__delta,관측 화방 수 delta,sfkr_hbfm_grow,growth_measure_code,current minus previous,1 survey,개,individual,feature_date,train median after pre-freeze screening; no row deletion,1,definition_ready,,Context,작물 생육,관측범위·품질,1,frozen,CAT_005,tomato_total_flower
VG_Flower_030,CAT_006,observed_truss_count__delta_per_day,관측 화방 수 delta_per_day,sfkr_hbfm_grow,growth_measure_code,delta / positive elapsed days,1 survey,개,individual,feature_date,train median after pre-freeze screening; no row deletion,1,definition_ready,,Context,작물 생육,관측범위·품질,1,frozen,CAT_005,tomato_total_flower
VG_Flower_030,CAT_006,observed_truss_count__lag1,관측 화방 수 lag1,sfkr_hbfm_grow,growth_measure_code,lag 1,1 surveys,개,individual,feature_date,train median after pre-freeze screening; no row deletion,1,definition_ready,,Context,작물 생육,관측범위·품질,1,frozen,CAT_005,tomato_total_flower
VG_Flower_030,CAT_006,observed_truss_count__lag2,관측 화방 수 lag2,sfkr_hbfm_grow,growth_measure_code,lag 2,2 surveys,개,individual,feature_date,train median after pre-freeze screening; no row deletion,1,definition_ready,,Context,작물 생육,관측범위·품질,1,frozen,CAT_005,tomato_total_flower
VG_Flower_030,CAT_006,observed_truss_count__lag3,관측 화방 수 lag3,sfkr_hbfm_grow,growth_measure_code,lag 3,3 surveys,개,individual,feature_date,train median after pre-freeze screening; no row deletion,1,definition_ready,,Context,작물 생육,관측범위·품질,1,frozen,CAT_005,tomato_total_flower
VG_Flower_030,CAT_006,observed_truss_count__roll3_mean,관측 화방 수 roll3_mean,sfkr_hbfm_grow,growth_measure_code,mean,3 valid surveys including current; min_periods=3,개,individual,feature_date,train median after pre-freeze screening; no row deletion,1,definition_ready,,Context,작물 생육,관측범위·품질,1,frozen,CAT_005,tomato_total_flower
VG_Flower_030,CAT_006,observed_truss_count__roll3_std,관측 화방 수 roll3_std,sfkr_hbfm_grow,growth_measure_code,std; ddof=0,3 valid surveys including current; min_periods=3,개,individual,feature_date,train median after pre-freeze screening; no row deletion,1,definition_ready,,Context,작물 생육,관측범위·품질,1,frozen,CAT_005,tomato_total_flower
VG_Flower_030,CAT_006,observed_truss_count__roll3_max,관측 화방 수 roll3_max,sfkr_hbfm_grow,growth_measure_code,max,3 valid surveys including current; min_periods=3,개,individual,feature_date,train median after pre-freeze screening; no row deletion,1,definition_ready,,Context,작물 생육,관측범위·품질,1,frozen,CAT_005,tomato_total_flower
VG_Flower_030,CAT_006,observed_truss_count__roll3_slope,관측 화방 수 roll3_slope,sfkr_hbfm_grow,growth_measure_code,slope; per calendar day,3 valid surveys including current; min_periods=3,개,individual,feature_date,train median after pre-freeze screening; no row deletion,1,definition_ready,,Context,작물 생육,관측범위·품질,1,frozen,CAT_005,tomato_total_flower
VG_Flower_030,CAT_006,observed_truss_count__roll4_mean,관측 화방 수 roll4_mean,sfkr_hbfm_grow,growth_measure_code,mean,4 valid surveys including current; min_periods=4,개,individual,feature_date,train median after pre-freeze screening; no row deletion,1,definition_ready,,Context,작물 생육,관측범위·품질,1,frozen,CAT_005,tomato_total_flower
VG_Flower_030,CAT_006,observed_truss_count__roll4_std,관측 화방 수 roll4_std,sfkr_hbfm_grow,growth_measure_code,std; ddof=0,4 valid surveys including current; min_periods=4,개,individual,feature_date,train median after pre-freeze screening; no row deletion,1,definition_ready,,Context,작물 생육,관측범위·품질,1,frozen,CAT_005,tomato_total_flower
VG_Flower_030,CAT_006,observed_truss_count__roll4_max,관측 화방 수 roll4_max,sfkr_hbfm_grow,growth_measure_code,max,4 valid surveys including current; min_periods=4,개,individual,feature_date,train median after pre-freeze screening; no row deletion,1,definition_ready,,Context,작물 생육,관측범위·품질,1,frozen,CAT_005,tomato_total_flower
VG_Flower_030,CAT_006,observed_truss_count__roll4_slope,관측 화방 수 roll4_slope,sfkr_hbfm_grow,growth_measure_code,slope; per calendar day,4 valid surveys including current; min_periods=4,개,individual,feature_date,train median after pre-freeze screening; no row deletion,1,definition_ready,,Context,작물 생육,관측범위·품질,1,frozen,CAT_005,tomato_total_flower
VG_Flower_030,CAT_021,flower_count__current,전체 꽃 수 current,sfkr_hbfm_grow,growth_measure_code + resolved value column,current valid observation,current,개,individual,feature_date,train median after pre-freeze screening; no row deletion,1,definition_ready,,State,작물 생육,꽃 관측정보,1,frozen,CAT_020,tomato_total_flower
VG_Flower_030,CAT_021,flower_count__delta,전체 꽃 수 delta,sfkr_hbfm_grow,growth_measure_code + resolved value column,current minus previous,1 survey,개,individual,feature_date,train median after pre-freeze screening; no row deletion,1,definition_ready,,State,작물 생육,꽃 관측정보,1,frozen,CAT_020,tomato_total_flower
VG_Flower_030,CAT_021,flower_count__delta_per_day,전체 꽃 수 delta_per_day,sfkr_hbfm_grow,growth_measure_code + resolved value column,delta / positive elapsed days,1 survey,개,individual,feature_date,train median after pre-freeze screening; no row deletion,1,definition_ready,,State,작물 생육,꽃 관측정보,1,frozen,CAT_020,tomato_total_flower
VG_Flower_030,CAT_021,flower_count__lag1,전체 꽃 수 lag1,sfkr_hbfm_grow,growth_measure_code + resolved value column,lag 1,1 surveys,개,individual,feature_date,train median after pre-freeze screening; no row deletion,1,definition_ready,,State,작물 생육,꽃 관측정보,1,frozen,CAT_020,tomato_total_flower
VG_Flower_030,CAT_021,flower_count__lag2,전체 꽃 수 lag2,sfkr_hbfm_grow,growth_measure_code + resolved value column,lag 2,2 surveys,개,individual,feature_date,train median after pre-freeze screening; no row deletion,1,definition_ready,,State,작물 생육,꽃 관측정보,1,frozen,CAT_020,tomato_total_flower
VG_Flower_030,CAT_021,flower_count__lag3,전체 꽃 수 lag3,sfkr_hbfm_grow,growth_measure_code + resolved value column,lag 3,3 surveys,개,individual,feature_date,train median after pre-freeze screening; no row deletion,1,definition_ready,,State,작물 생육,꽃 관측정보,1,frozen,CAT_020,tomato_total_flower
VG_Flower_030,CAT_021,flower_count__roll2_std,전체 꽃 수 roll2_std,sfkr_hbfm_grow,growth_measure_code + resolved value column,std; ddof=0,2 valid surveys including current; min_periods=2,개,individual,feature_date,train median after pre-freeze screening; no row deletion,1,definition_ready,,State,작물 생육,꽃 관측정보,1,frozen,CAT_020,tomato_total_flower
VG_Flower_030,CAT_021,flower_count__roll2_min,전체 꽃 수 roll2_min,sfkr_hbfm_grow,growth_measure_code + resolved value column,min,2 valid surveys including current; min_periods=2,개,individual,feature_date,train median after pre-freeze screening; no row deletion,1,definition_ready,,State,작물 생육,꽃 관측정보,1,frozen,CAT_020,tomato_total_flower
VG_Flower_030,CAT_021,flower_count__roll3_mean,전체 꽃 수 roll3_mean,sfkr_hbfm_grow,growth_measure_code + resolved value column,mean,3 valid surveys including current; min_periods=3,개,individual,feature_date,train median after pre-freeze screening; no row deletion,1,definition_ready,,State,작물 생육,꽃 관측정보,1,frozen,CAT_020,tomato_total_flower
VG_Flower_030,CAT_021,flower_count__roll3_std,전체 꽃 수 roll3_std,sfkr_hbfm_grow,growth_measure_code + resolved value column,std; ddof=0,3 valid surveys including current; min_periods=3,개,individual,feature_date,train median after pre-freeze screening; no row deletion,1,definition_ready,,State,작물 생육,꽃 관측정보,1,frozen,CAT_020,tomato_total_flower
VG_Flower_030,CAT_021,flower_count__roll3_min,전체 꽃 수 roll3_min,sfkr_hbfm_grow,growth_measure_code + resolved value column,min,3 valid surveys including current; min_periods=3,개,individual,feature_date,train median after pre-freeze screening; no row deletion,1,definition_ready,,State,작물 생육,꽃 관측정보,1,frozen,CAT_020,tomato_total_flower
VG_Flower_030,CAT_021,flower_count__roll3_max,전체 꽃 수 roll3_max,sfkr_hbfm_grow,growth_measure_code + resolved value column,max,3 valid surveys including current; min_periods=3,개,individual,feature_date,train median after pre-freeze screening; no row deletion,1,definition_ready,,State,작물 생육,꽃 관측정보,1,frozen,CAT_020,tomato_total_flower
VG_Flower_030,CAT_021,flower_count__roll3_slope,전체 꽃 수 roll3_slope,sfkr_hbfm_grow,growth_measure_code + resolved value column,slope; per calendar day,3 valid surveys including current; min_periods=3,개,individual,feature_date,train median after pre-freeze screening; no row deletion,1,definition_ready,,State,작물 생육,꽃 관측정보,1,frozen,CAT_020,tomato_total_flower
VG_Flower_030,CAT_021,flower_count__roll4_mean,전체 꽃 수 roll4_mean,sfkr_hbfm_grow,growth_measure_code + resolved value column,mean,4 valid surveys including current; min_periods=4,개,individual,feature_date,train median after pre-freeze screening; no row deletion,1,definition_ready,,State,작물 생육,꽃 관측정보,1,frozen,CAT_020,tomato_total_flower
VG_Flower_030,CAT_021,flower_count__roll4_std,전체 꽃 수 roll4_std,sfkr_hbfm_grow,growth_measure_code + resolved value column,std; ddof=0,4 valid surveys including current; min_periods=4,개,individual,feature_date,train median after pre-freeze screening; no row deletion,1,definition_ready,,State,작물 생육,꽃 관측정보,1,frozen,CAT_020,tomato_total_flower
VG_Flower_030,CAT_021,flower_count__roll4_min,전체 꽃 수 roll4_min,sfkr_hbfm_grow,growth_measure_code + resolved value column,min,4 valid surveys including current; min_periods=4,개,individual,feature_date,train median after pre-freeze screening; no row deletion,1,definition_ready,,State,작물 생육,꽃 관측정보,1,frozen,CAT_020,tomato_total_flower
VG_Flower_030,CAT_021,flower_count__roll4_max,전체 꽃 수 roll4_max,sfkr_hbfm_grow,growth_measure_code + resolved value column,max,4 valid surveys including current; min_periods=4,개,individual,feature_date,train median after pre-freeze screening; no row deletion,1,definition_ready,,State,작물 생육,꽃 관측정보,1,frozen,CAT_020,tomato_total_flower
VG_Flower_030,CAT_021,flower_count__roll4_slope,전체 꽃 수 roll4_slope,sfkr_hbfm_grow,growth_measure_code + resolved value column,slope; per calendar day,4 valid surveys including current; min_periods=4,개,individual,feature_date,train median after pre-freeze screening; no row deletion,1,definition_ready,,State,작물 생육,꽃 관측정보,1,frozen,CAT_020,tomato_total_flower
VG_Flower_034,CAT_003,current_max_truss_number__current,최대 관측 화방번호 current,sfkr_hbfm_grow,growth_measure_code,current valid observation,current,번호,individual,feature_date,train median after pre-freeze screening; no row deletion,1,definition_ready,,State,작물 생육,화방 관측정보,1,frozen,CAT_002,tomato_total_flower
VG_Flower_034,CAT_003,current_max_truss_number__delta,최대 관측 화방번호 delta,sfkr_hbfm_grow,growth_measure_code,current minus previous,1 survey,번호,individual,feature_date,train median after pre-freeze screening; no row deletion,1,definition_ready,,State,작물 생육,화방 관측정보,1,frozen,CAT_002,tomato_total_flower
VG_Flower_034,CAT_003,current_max_truss_number__delta_per_day,최대 관측 화방번호 delta_per_day,sfkr_hbfm_grow,growth_measure_code,delta / positive elapsed days,1 survey,번호,individual,feature_date,train median after pre-freeze screening; no row deletion,1,definition_ready,,State,작물 생육,화방 관측정보,1,frozen,CAT_002,tomato_total_flower
VG_Flower_034,CAT_003,current_max_truss_number__lag1,최대 관측 화방번호 lag1,sfkr_hbfm_grow,growth_measure_code,lag 1,1 surveys,번호,individual,feature_date,train median after pre-freeze screening; no row deletion,1,definition_ready,,State,작물 생육,화방 관측정보,1,frozen,CAT_002,tomato_total_flower
VG_Flower_034,CAT_003,current_max_truss_number__lag2,최대 관측 화방번호 lag2,sfkr_hbfm_grow,growth_measure_code,lag 2,2 surveys,번호,individual,feature_date,train median after pre-freeze screening; no row deletion,1,definition_ready,,State,작물 생육,화방 관측정보,1,frozen,CAT_002,tomato_total_flower
VG_Flower_034,CAT_003,current_max_truss_number__lag3,최대 관측 화방번호 lag3,sfkr_hbfm_grow,growth_measure_code,lag 3,3 surveys,번호,individual,feature_date,train median after pre-freeze screening; no row deletion,1,definition_ready,,State,작물 생육,화방 관측정보,1,frozen,CAT_002,tomato_total_flower
VG_Flower_034,CAT_003,current_max_truss_number__roll3_mean,최대 관측 화방번호 roll3_mean,sfkr_hbfm_grow,growth_measure_code,mean,3 valid surveys including current; min_periods=3,번호,individual,feature_date,train median after pre-freeze screening; no row deletion,1,definition_ready,,State,작물 생육,화방 관측정보,1,frozen,CAT_002,tomato_total_flower
VG_Flower_034,CAT_003,current_max_truss_number__roll3_std,최대 관측 화방번호 roll3_std,sfkr_hbfm_grow,growth_measure_code,std; ddof=0,3 valid surveys including current; min_periods=3,번호,individual,feature_date,train median after pre-freeze screening; no row deletion,1,definition_ready,,State,작물 생육,화방 관측정보,1,frozen,CAT_002,tomato_total_flower
VG_Flower_034,CAT_003,current_max_truss_number__roll3_max,최대 관측 화방번호 roll3_max,sfkr_hbfm_grow,growth_measure_code,max,3 valid surveys including current; min_periods=3,번호,individual,feature_date,train median after pre-freeze screening; no row deletion,1,definition_ready,,State,작물 생육,화방 관측정보,1,frozen,CAT_002,tomato_total_flower
VG_Flower_034,CAT_003,current_max_truss_number__roll3_slope,최대 관측 화방번호 roll3_slope,sfkr_hbfm_grow,growth_measure_code,slope; per calendar day,3 valid surveys including current; min_periods=3,번호,individual,feature_date,train median after pre-freeze screening; no row deletion,1,definition_ready,,State,작물 생육,화방 관측정보,1,frozen,CAT_002,tomato_total_flower
VG_Flower_034,CAT_003,current_max_truss_number__roll4_mean,최대 관측 화방번호 roll4_mean,sfkr_hbfm_grow,growth_measure_code,mean,4 valid surveys including current; min_periods=4,번호,individual,feature_date,train median after pre-freeze screening; no row deletion,1,definition_ready,,State,작물 생육,화방 관측정보,1,frozen,CAT_002,tomato_total_flower
VG_Flower_034,CAT_003,current_max_truss_number__roll4_std,최대 관측 화방번호 roll4_std,sfkr_hbfm_grow,growth_measure_code,std; ddof=0,4 valid surveys including current; min_periods=4,번호,individual,feature_date,train median after pre-freeze screening; no row deletion,1,definition_ready,,State,작물 생육,화방 관측정보,1,frozen,CAT_002,tomato_total_flower
VG_Flower_034,CAT_003,current_max_truss_number__roll4_max,최대 관측 화방번호 roll4_max,sfkr_hbfm_grow,growth_measure_code,max,4 valid surveys including current; min_periods=4,번호,individual,feature_date,train median after pre-freeze screening; no row deletion,1,definition_ready,,State,작물 생육,화방 관측정보,1,frozen,CAT_002,tomato_total_flower
VG_Flower_034,CAT_003,current_max_truss_number__roll4_slope,최대 관측 화방번호 roll4_slope,sfkr_hbfm_grow,growth_measure_code,slope; per calendar day,4 valid surveys including current; min_periods=4,번호,individual,feature_date,train median after pre-freeze screening; no row deletion,1,definition_ready,,State,작물 생육,화방 관측정보,1,frozen,CAT_002,tomato_total_flower
VG_Flower_034,CAT_003,positive_truss_count__current,꽃이 있는 화방 수 current,sfkr_hbfm_grow,growth_measure_code + resolved value column,current valid observation,current,개,individual,feature_date,train median after pre-freeze screening; no row deletion,1,definition_ready,,State,작물 생육,화방 관측정보,1,frozen,CAT_002,tomato_total_flower
VG_Flower_034,CAT_003,positive_truss_count__delta,꽃이 있는 화방 수 delta,sfkr_hbfm_grow,growth_measure_code + resolved value column,current minus previous,1 survey,개,individual,feature_date,train median after pre-freeze screening; no row deletion,1,definition_ready,,State,작물 생육,화방 관측정보,1,frozen,CAT_002,tomato_total_flower
VG_Flower_034,CAT_003,positive_truss_count__delta_per_day,꽃이 있는 화방 수 delta_per_day,sfkr_hbfm_grow,growth_measure_code + resolved value column,delta / positive elapsed days,1 survey,개,individual,feature_date,train median after pre-freeze screening; no row deletion,1,definition_ready,,State,작물 생육,화방 관측정보,1,frozen,CAT_002,tomato_total_flower
VG_Flower_034,CAT_003,positive_truss_count__lag1,꽃이 있는 화방 수 lag1,sfkr_hbfm_grow,growth_measure_code + resolved value column,lag 1,1 surveys,개,individual,feature_date,train median after pre-freeze screening; no row deletion,1,definition_ready,,State,작물 생육,화방 관측정보,1,frozen,CAT_002,tomato_total_flower
VG_Flower_034,CAT_003,positive_truss_count__lag2,꽃이 있는 화방 수 lag2,sfkr_hbfm_grow,growth_measure_code + resolved value column,lag 2,2 surveys,개,individual,feature_date,train median after pre-freeze screening; no row deletion,1,definition_ready,,State,작물 생육,화방 관측정보,1,frozen,CAT_002,tomato_total_flower
VG_Flower_034,CAT_003,positive_truss_count__lag3,꽃이 있는 화방 수 lag3,sfkr_hbfm_grow,growth_measure_code + resolved value column,lag 3,3 surveys,개,individual,feature_date,train median after pre-freeze screening; no row deletion,1,definition_ready,,State,작물 생육,화방 관측정보,1,frozen,CAT_002,tomato_total_flower
VG_Flower_034,CAT_003,positive_truss_count__roll2_std,꽃이 있는 화방 수 roll2_std,sfkr_hbfm_grow,growth_measure_code + resolved value column,std; ddof=0,2 valid surveys including current; min_periods=2,개,individual,feature_date,train median after pre-freeze screening; no row deletion,1,definition_ready,,State,작물 생육,화방 관측정보,1,frozen,CAT_002,tomato_total_flower
VG_Flower_034,CAT_003,positive_truss_count__roll2_min,꽃이 있는 화방 수 roll2_min,sfkr_hbfm_grow,growth_measure_code + resolved value column,min,2 valid surveys including current; min_periods=2,개,individual,feature_date,train median after pre-freeze screening; no row deletion,1,definition_ready,,State,작물 생육,화방 관측정보,1,frozen,CAT_002,tomato_total_flower
VG_Flower_034,CAT_003,positive_truss_count__roll3_mean,꽃이 있는 화방 수 roll3_mean,sfkr_hbfm_grow,growth_measure_code + resolved value column,mean,3 valid surveys including current; min_periods=3,개,individual,feature_date,train median after pre-freeze screening; no row deletion,1,definition_ready,,State,작물 생육,화방 관측정보,1,frozen,CAT_002,tomato_total_flower
VG_Flower_034,CAT_003,positive_truss_count__roll3_std,꽃이 있는 화방 수 roll3_std,sfkr_hbfm_grow,growth_measure_code + resolved value column,std; ddof=0,3 valid surveys including current; min_periods=3,개,individual,feature_date,train median after pre-freeze screening; no row deletion,1,definition_ready,,State,작물 생육,화방 관측정보,1,frozen,CAT_002,tomato_total_flower
VG_Flower_034,CAT_003,positive_truss_count__roll3_min,꽃이 있는 화방 수 roll3_min,sfkr_hbfm_grow,growth_measure_code + resolved value column,min,3 valid surveys including current; min_periods=3,개,individual,feature_date,train median after pre-freeze screening; no row deletion,1,definition_ready,,State,작물 생육,화방 관측정보,1,frozen,CAT_002,tomato_total_flower
VG_Flower_034,CAT_003,positive_truss_count__roll3_max,꽃이 있는 화방 수 roll3_max,sfkr_hbfm_grow,growth_measure_code + resolved value column,max,3 valid surveys including current; min_periods=3,개,individual,feature_date,train median after pre-freeze screening; no row deletion,1,definition_ready,,State,작물 생육,화방 관측정보,1,frozen,CAT_002,tomato_total_flower
VG_Flower_034,CAT_003,positive_truss_count__roll3_slope,꽃이 있는 화방 수 roll3_slope,sfkr_hbfm_grow,growth_measure_code + resolved value column,slope; per calendar day,3 valid surveys including current; min_periods=3,개,individual,feature_date,train median after pre-freeze screening; no row deletion,1,definition_ready,,State,작물 생육,화방 관측정보,1,frozen,CAT_002,tomato_total_flower
VG_Flower_034,CAT_003,positive_truss_count__roll4_mean,꽃이 있는 화방 수 roll4_mean,sfkr_hbfm_grow,growth_measure_code + resolved value column,mean,4 valid surveys including current; min_periods=4,개,individual,feature_date,train median after pre-freeze screening; no row deletion,1,definition_ready,,State,작물 생육,화방 관측정보,1,frozen,CAT_002,tomato_total_flower
VG_Flower_034,CAT_003,positive_truss_count__roll4_std,꽃이 있는 화방 수 roll4_std,sfkr_hbfm_grow,growth_measure_code + resolved value column,std; ddof=0,4 valid surveys including current; min_periods=4,개,individual,feature_date,train median after pre-freeze screening; no row deletion,1,definition_ready,,State,작물 생육,화방 관측정보,1,frozen,CAT_002,tomato_total_flower
VG_Flower_034,CAT_003,positive_truss_count__roll4_min,꽃이 있는 화방 수 roll4_min,sfkr_hbfm_grow,growth_measure_code + resolved value column,min,4 valid surveys including current; min_periods=4,개,individual,feature_date,train median after pre-freeze screening; no row deletion,1,definition_ready,,State,작물 생육,화방 관측정보,1,frozen,CAT_002,tomato_total_flower
VG_Flower_034,CAT_003,positive_truss_count__roll4_max,꽃이 있는 화방 수 roll4_max,sfkr_hbfm_grow,growth_measure_code + resolved value column,max,4 valid surveys including current; min_periods=4,개,individual,feature_date,train median after pre-freeze screening; no row deletion,1,definition_ready,,State,작물 생육,화방 관측정보,1,frozen,CAT_002,tomato_total_flower
VG_Flower_034,CAT_003,positive_truss_count__roll4_slope,꽃이 있는 화방 수 roll4_slope,sfkr_hbfm_grow,growth_measure_code + resolved value column,slope; per calendar day,4 valid surveys including current; min_periods=4,개,individual,feature_date,train median after pre-freeze screening; no row deletion,1,definition_ready,,State,작물 생육,화방 관측정보,1,frozen,CAT_002,tomato_total_flower
VG_Flower_034,CAT_006,observed_truss_count__current,관측 화방 수 current,sfkr_hbfm_grow,growth_measure_code,current valid observation,current,개,individual,feature_date,train median after pre-freeze screening; no row deletion,1,definition_ready,,Context,작물 생육,관측범위·품질,1,frozen,CAT_005,tomato_total_flower
VG_Flower_034,CAT_006,observed_truss_count__delta,관측 화방 수 delta,sfkr_hbfm_grow,growth_measure_code,current minus previous,1 survey,개,individual,feature_date,train median after pre-freeze screening; no row deletion,1,definition_ready,,Context,작물 생육,관측범위·품질,1,frozen,CAT_005,tomato_total_flower
VG_Flower_034,CAT_006,observed_truss_count__delta_per_day,관측 화방 수 delta_per_day,sfkr_hbfm_grow,growth_measure_code,delta / positive elapsed days,1 survey,개,individual,feature_date,train median after pre-freeze screening; no row deletion,1,definition_ready,,Context,작물 생육,관측범위·품질,1,frozen,CAT_005,tomato_total_flower
VG_Flower_034,CAT_006,observed_truss_count__lag1,관측 화방 수 lag1,sfkr_hbfm_grow,growth_measure_code,lag 1,1 surveys,개,individual,feature_date,train median after pre-freeze screening; no row deletion,1,definition_ready,,Context,작물 생육,관측범위·품질,1,frozen,CAT_005,tomato_total_flower
VG_Flower_034,CAT_006,observed_truss_count__lag2,관측 화방 수 lag2,sfkr_hbfm_grow,growth_measure_code,lag 2,2 surveys,개,individual,feature_date,train median after pre-freeze screening; no row deletion,1,definition_ready,,Context,작물 생육,관측범위·품질,1,frozen,CAT_005,tomato_total_flower
VG_Flower_034,CAT_006,observed_truss_count__lag3,관측 화방 수 lag3,sfkr_hbfm_grow,growth_measure_code,lag 3,3 surveys,개,individual,feature_date,train median after pre-freeze screening; no row deletion,1,definition_ready,,Context,작물 생육,관측범위·품질,1,frozen,CAT_005,tomato_total_flower
VG_Flower_034,CAT_006,observed_truss_count__roll3_mean,관측 화방 수 roll3_mean,sfkr_hbfm_grow,growth_measure_code,mean,3 valid surveys including current; min_periods=3,개,individual,feature_date,train median after pre-freeze screening; no row deletion,1,definition_ready,,Context,작물 생육,관측범위·품질,1,frozen,CAT_005,tomato_total_flower
VG_Flower_034,CAT_006,observed_truss_count__roll3_std,관측 화방 수 roll3_std,sfkr_hbfm_grow,growth_measure_code,std; ddof=0,3 valid surveys including current; min_periods=3,개,individual,feature_date,train median after pre-freeze screening; no row deletion,1,definition_ready,,Context,작물 생육,관측범위·품질,1,frozen,CAT_005,tomato_total_flower
VG_Flower_034,CAT_006,observed_truss_count__roll3_max,관측 화방 수 roll3_max,sfkr_hbfm_grow,growth_measure_code,max,3 valid surveys including current; min_periods=3,개,individual,feature_date,train median after pre-freeze screening; no row deletion,1,definition_ready,,Context,작물 생육,관측범위·품질,1,frozen,CAT_005,tomato_total_flower
VG_Flower_034,CAT_006,observed_truss_count__roll3_slope,관측 화방 수 roll3_slope,sfkr_hbfm_grow,growth_measure_code,slope; per calendar day,3 valid surveys including current; min_periods=3,개,individual,feature_date,train median after pre-freeze screening; no row deletion,1,definition_ready,,Context,작물 생육,관측범위·품질,1,frozen,CAT_005,tomato_total_flower
VG_Flower_034,CAT_006,observed_truss_count__roll4_mean,관측 화방 수 roll4_mean,sfkr_hbfm_grow,growth_measure_code,mean,4 valid surveys including current; min_periods=4,개,individual,feature_date,train median after pre-freeze screening; no row deletion,1,definition_ready,,Context,작물 생육,관측범위·품질,1,frozen,CAT_005,tomato_total_flower
VG_Flower_034,CAT_006,observed_truss_count__roll4_std,관측 화방 수 roll4_std,sfkr_hbfm_grow,growth_measure_code,std; ddof=0,4 valid surveys including current; min_periods=4,개,individual,feature_date,train median after pre-freeze screening; no row deletion,1,definition_ready,,Context,작물 생육,관측범위·품질,1,frozen,CAT_005,tomato_total_flower
VG_Flower_034,CAT_006,observed_truss_count__roll4_max,관측 화방 수 roll4_max,sfkr_hbfm_grow,growth_measure_code,max,4 valid surveys including current; min_periods=4,개,individual,feature_date,train median after pre-freeze screening; no row deletion,1,definition_ready,,Context,작물 생육,관측범위·품질,1,frozen,CAT_005,tomato_total_flower
VG_Flower_034,CAT_006,observed_truss_count__roll4_slope,관측 화방 수 roll4_slope,sfkr_hbfm_grow,growth_measure_code,slope; per calendar day,4 valid surveys including current; min_periods=4,개,individual,feature_date,train median after pre-freeze screening; no row deletion,1,definition_ready,,Context,작물 생육,관측범위·품질,1,frozen,CAT_005,tomato_total_flower
VG_Flower_034,CAT_017,EI__CI__1d_mean,내부CO2 직전 1일 mean,sfkr_hbfm_env_con,EI/CI -> sen_val,mean,"[t-1d,t)",ppm,facility,feature_date,train median after pre-freeze screening; no row deletion,1,definition_ready,,State,실내환경,실내 CO2,1,frozen,CAT_016,tomato_total_flower
VG_Flower_034,CAT_017,EI__CI__1d_std,내부CO2 직전 1일 std,sfkr_hbfm_env_con,EI/CI -> sen_val,std; ddof=0,"[t-1d,t)",ppm,facility,feature_date,train median after pre-freeze screening; no row deletion,1,definition_ready,,State,실내환경,실내 CO2,1,frozen,CAT_016,tomato_total_flower
VG_Flower_034,CAT_017,EI__CI__1d_min,내부CO2 직전 1일 min,sfkr_hbfm_env_con,EI/CI -> sen_val,min,"[t-1d,t)",ppm,facility,feature_date,train median after pre-freeze screening; no row deletion,1,definition_ready,,State,실내환경,실내 CO2,1,frozen,CAT_016,tomato_total_flower
VG_Flower_034,CAT_017,EI__CI__1d_max,내부CO2 직전 1일 max,sfkr_hbfm_env_con,EI/CI -> sen_val,max,"[t-1d,t)",ppm,facility,feature_date,train median after pre-freeze screening; no row deletion,1,definition_ready,,State,실내환경,실내 CO2,1,frozen,CAT_016,tomato_total_flower
VG_Flower_034,CAT_017,EI__CI__3d_mean,내부CO2 직전 3일 mean,sfkr_hbfm_env_con,EI/CI -> sen_val,mean,"[t-3d,t)",ppm,facility,feature_date,train median after pre-freeze screening; no row deletion,1,definition_ready,,State,실내환경,실내 CO2,1,frozen,CAT_016,tomato_total_flower
VG_Flower_034,CAT_017,EI__CI__3d_std,내부CO2 직전 3일 std,sfkr_hbfm_env_con,EI/CI -> sen_val,std; ddof=0,"[t-3d,t)",ppm,facility,feature_date,train median after pre-freeze screening; no row deletion,1,definition_ready,,State,실내환경,실내 CO2,1,frozen,CAT_016,tomato_total_flower
VG_Flower_034,CAT_017,EI__CI__3d_min,내부CO2 직전 3일 min,sfkr_hbfm_env_con,EI/CI -> sen_val,min,"[t-3d,t)",ppm,facility,feature_date,train median after pre-freeze screening; no row deletion,1,definition_ready,,State,실내환경,실내 CO2,1,frozen,CAT_016,tomato_total_flower
VG_Flower_034,CAT_017,EI__CI__3d_max,내부CO2 직전 3일 max,sfkr_hbfm_env_con,EI/CI -> sen_val,max,"[t-3d,t)",ppm,facility,feature_date,train median after pre-freeze screening; no row deletion,1,definition_ready,,State,실내환경,실내 CO2,1,frozen,CAT_016,tomato_total_flower
VG_Flower_034,CAT_017,EI__CI__7d_mean,내부CO2 직전 7일 mean,sfkr_hbfm_env_con,EI/CI -> sen_val,mean,"[t-7d,t)",ppm,facility,feature_date,train median after pre-freeze screening; no row deletion,1,definition_ready,,State,실내환경,실내 CO2,1,frozen,CAT_016,tomato_total_flower
VG_Flower_034,CAT_017,EI__CI__7d_std,내부CO2 직전 7일 std,sfkr_hbfm_env_con,EI/CI -> sen_val,std; ddof=0,"[t-7d,t)",ppm,facility,feature_date,train median after pre-freeze screening; no row deletion,1,definition_ready,,State,실내환경,실내 CO2,1,frozen,CAT_016,tomato_total_flower
VG_Flower_034,CAT_017,EI__CI__7d_min,내부CO2 직전 7일 min,sfkr_hbfm_env_con,EI/CI -> sen_val,min,"[t-7d,t)",ppm,facility,feature_date,train median after pre-freeze screening; no row deletion,1,definition_ready,,State,실내환경,실내 CO2,1,frozen,CAT_016,tomato_total_flower
VG_Flower_034,CAT_017,EI__CI__7d_max,내부CO2 직전 7일 max,sfkr_hbfm_env_con,EI/CI -> sen_val,max,"[t-7d,t)",ppm,facility,feature_date,train median after pre-freeze screening; no row deletion,1,definition_ready,,State,실내환경,실내 CO2,1,frozen,CAT_016,tomato_total_flower
VG_Flower_034,CAT_021,flower_count__current,전체 꽃 수 current,sfkr_hbfm_grow,growth_measure_code + resolved value column,current valid observation,current,개,individual,feature_date,train median after pre-freeze screening; no row deletion,1,definition_ready,,State,작물 생육,꽃 관측정보,1,frozen,CAT_020,tomato_total_flower
VG_Flower_034,CAT_021,flower_count__delta,전체 꽃 수 delta,sfkr_hbfm_grow,growth_measure_code + resolved value column,current minus previous,1 survey,개,individual,feature_date,train median after pre-freeze screening; no row deletion,1,definition_ready,,State,작물 생육,꽃 관측정보,1,frozen,CAT_020,tomato_total_flower
VG_Flower_034,CAT_021,flower_count__delta_per_day,전체 꽃 수 delta_per_day,sfkr_hbfm_grow,growth_measure_code + resolved value column,delta / positive elapsed days,1 survey,개,individual,feature_date,train median after pre-freeze screening; no row deletion,1,definition_ready,,State,작물 생육,꽃 관측정보,1,frozen,CAT_020,tomato_total_flower
VG_Flower_034,CAT_021,flower_count__lag1,전체 꽃 수 lag1,sfkr_hbfm_grow,growth_measure_code + resolved value column,lag 1,1 surveys,개,individual,feature_date,train median after pre-freeze screening; no row deletion,1,definition_ready,,State,작물 생육,꽃 관측정보,1,frozen,CAT_020,tomato_total_flower
VG_Flower_034,CAT_021,flower_count__lag2,전체 꽃 수 lag2,sfkr_hbfm_grow,growth_measure_code + resolved value column,lag 2,2 surveys,개,individual,feature_date,train median after pre-freeze screening; no row deletion,1,definition_ready,,State,작물 생육,꽃 관측정보,1,frozen,CAT_020,tomato_total_flower
VG_Flower_034,CAT_021,flower_count__lag3,전체 꽃 수 lag3,sfkr_hbfm_grow,growth_measure_code + resolved value column,lag 3,3 surveys,개,individual,feature_date,train median after pre-freeze screening; no row deletion,1,definition_ready,,State,작물 생육,꽃 관측정보,1,frozen,CAT_020,tomato_total_flower
VG_Flower_034,CAT_021,flower_count__roll2_std,전체 꽃 수 roll2_std,sfkr_hbfm_grow,growth_measure_code + resolved value column,std; ddof=0,2 valid surveys including current; min_periods=2,개,individual,feature_date,train median after pre-freeze screening; no row deletion,1,definition_ready,,State,작물 생육,꽃 관측정보,1,frozen,CAT_020,tomato_total_flower
VG_Flower_034,CAT_021,flower_count__roll2_min,전체 꽃 수 roll2_min,sfkr_hbfm_grow,growth_measure_code + resolved value column,min,2 valid surveys including current; min_periods=2,개,individual,feature_date,train median after pre-freeze screening; no row deletion,1,definition_ready,,State,작물 생육,꽃 관측정보,1,frozen,CAT_020,tomato_total_flower
VG_Flower_034,CAT_021,flower_count__roll3_mean,전체 꽃 수 roll3_mean,sfkr_hbfm_grow,growth_measure_code + resolved value column,mean,3 valid surveys including current; min_periods=3,개,individual,feature_date,train median after pre-freeze screening; no row deletion,1,definition_ready,,State,작물 생육,꽃 관측정보,1,frozen,CAT_020,tomato_total_flower
VG_Flower_034,CAT_021,flower_count__roll3_std,전체 꽃 수 roll3_std,sfkr_hbfm_grow,growth_measure_code + resolved value column,std; ddof=0,3 valid surveys including current; min_periods=3,개,individual,feature_date,train median after pre-freeze screening; no row deletion,1,definition_ready,,State,작물 생육,꽃 관측정보,1,frozen,CAT_020,tomato_total_flower
VG_Flower_034,CAT_021,flower_count__roll3_min,전체 꽃 수 roll3_min,sfkr_hbfm_grow,growth_measure_code + resolved value column,min,3 valid surveys including current; min_periods=3,개,individual,feature_date,train median after pre-freeze screening; no row deletion,1,definition_ready,,State,작물 생육,꽃 관측정보,1,frozen,CAT_020,tomato_total_flower
VG_Flower_034,CAT_021,flower_count__roll3_max,전체 꽃 수 roll3_max,sfkr_hbfm_grow,growth_measure_code + resolved value column,max,3 valid surveys including current; min_periods=3,개,individual,feature_date,train median after pre-freeze screening; no row deletion,1,definition_ready,,State,작물 생육,꽃 관측정보,1,frozen,CAT_020,tomato_total_flower
VG_Flower_034,CAT_021,flower_count__roll3_slope,전체 꽃 수 roll3_slope,sfkr_hbfm_grow,growth_measure_code + resolved value column,slope; per calendar day,3 valid surveys including current; min_periods=3,개,individual,feature_date,train median after pre-freeze screening; no row deletion,1,definition_ready,,State,작물 생육,꽃 관측정보,1,frozen,CAT_020,tomato_total_flower
VG_Flower_034,CAT_021,flower_count__roll4_mean,전체 꽃 수 roll4_mean,sfkr_hbfm_grow,growth_measure_code + resolved value column,mean,4 valid surveys including current; min_periods=4,개,individual,feature_date,train median after pre-freeze screening; no row deletion,1,definition_ready,,State,작물 생육,꽃 관측정보,1,frozen,CAT_020,tomato_total_flower
VG_Flower_034,CAT_021,flower_count__roll4_std,전체 꽃 수 roll4_std,sfkr_hbfm_grow,growth_measure_code + resolved value column,std; ddof=0,4 valid surveys including current; min_periods=4,개,individual,feature_date,train median after pre-freeze screening; no row deletion,1,definition_ready,,State,작물 생육,꽃 관측정보,1,frozen,CAT_020,tomato_total_flower
VG_Flower_034,CAT_021,flower_count__roll4_min,전체 꽃 수 roll4_min,sfkr_hbfm_grow,growth_measure_code + resolved value column,min,4 valid surveys including current; min_periods=4,개,individual,feature_date,train median after pre-freeze screening; no row deletion,1,definition_ready,,State,작물 생육,꽃 관측정보,1,frozen,CAT_020,tomato_total_flower
VG_Flower_034,CAT_021,flower_count__roll4_max,전체 꽃 수 roll4_max,sfkr_hbfm_grow,growth_measure_code + resolved value column,max,4 valid surveys including current; min_periods=4,개,individual,feature_date,train median after pre-freeze screening; no row deletion,1,definition_ready,,State,작물 생육,꽃 관측정보,1,frozen,CAT_020,tomato_total_flower
VG_Flower_034,CAT_021,flower_count__roll4_slope,전체 꽃 수 roll4_slope,sfkr_hbfm_grow,growth_measure_code + resolved value column,slope; per calendar day,4 valid surveys including current; min_periods=4,개,individual,feature_date,train median after pre-freeze screening; no row deletion,1,definition_ready,,State,작물 생육,꽃 관측정보,1,frozen,CAT_020,tomato_total_flower
VG_Flower_034,CAT_041,history_count,누적 조사 횟수,growth/crop source,measurement date/cropping_date/current count,observed history only; ISO week period=52.1775,through current,count,individual,feature_date,train median after pre-freeze screening; no row deletion,1,definition_ready,,Context,재배 맥락,조사이력,1,frozen,CAT_037,tomato_total_flower
VG_Flower_035,CAT_006,observed_truss_count__current,관측 화방 수 current,sfkr_hbfm_grow,growth_measure_code,current valid observation,current,개,individual,feature_date,train median after pre-freeze screening; no row deletion,1,definition_ready,,Context,작물 생육,관측범위·품질,1,frozen,CAT_005,tomato_total_flower
VG_Flower_035,CAT_006,observed_truss_count__delta,관측 화방 수 delta,sfkr_hbfm_grow,growth_measure_code,current minus previous,1 survey,개,individual,feature_date,train median after pre-freeze screening; no row deletion,1,definition_ready,,Context,작물 생육,관측범위·품질,1,frozen,CAT_005,tomato_total_flower
VG_Flower_035,CAT_006,observed_truss_count__delta_per_day,관측 화방 수 delta_per_day,sfkr_hbfm_grow,growth_measure_code,delta / positive elapsed days,1 survey,개,individual,feature_date,train median after pre-freeze screening; no row deletion,1,definition_ready,,Context,작물 생육,관측범위·품질,1,frozen,CAT_005,tomato_total_flower
VG_Flower_035,CAT_006,observed_truss_count__lag1,관측 화방 수 lag1,sfkr_hbfm_grow,growth_measure_code,lag 1,1 surveys,개,individual,feature_date,train median after pre-freeze screening; no row deletion,1,definition_ready,,Context,작물 생육,관측범위·품질,1,frozen,CAT_005,tomato_total_flower
VG_Flower_035,CAT_006,observed_truss_count__lag2,관측 화방 수 lag2,sfkr_hbfm_grow,growth_measure_code,lag 2,2 surveys,개,individual,feature_date,train median after pre-freeze screening; no row deletion,1,definition_ready,,Context,작물 생육,관측범위·품질,1,frozen,CAT_005,tomato_total_flower
VG_Flower_035,CAT_006,observed_truss_count__lag3,관측 화방 수 lag3,sfkr_hbfm_grow,growth_measure_code,lag 3,3 surveys,개,individual,feature_date,train median after pre-freeze screening; no row deletion,1,definition_ready,,Context,작물 생육,관측범위·품질,1,frozen,CAT_005,tomato_total_flower
VG_Flower_035,CAT_006,observed_truss_count__roll3_mean,관측 화방 수 roll3_mean,sfkr_hbfm_grow,growth_measure_code,mean,3 valid surveys including current; min_periods=3,개,individual,feature_date,train median after pre-freeze screening; no row deletion,1,definition_ready,,Context,작물 생육,관측범위·품질,1,frozen,CAT_005,tomato_total_flower
VG_Flower_035,CAT_006,observed_truss_count__roll3_std,관측 화방 수 roll3_std,sfkr_hbfm_grow,growth_measure_code,std; ddof=0,3 valid surveys including current; min_periods=3,개,individual,feature_date,train median after pre-freeze screening; no row deletion,1,definition_ready,,Context,작물 생육,관측범위·품질,1,frozen,CAT_005,tomato_total_flower
VG_Flower_035,CAT_006,observed_truss_count__roll3_max,관측 화방 수 roll3_max,sfkr_hbfm_grow,growth_measure_code,max,3 valid surveys including current; min_periods=3,개,individual,feature_date,train median after pre-freeze screening; no row deletion,1,definition_ready,,Context,작물 생육,관측범위·품질,1,frozen,CAT_005,tomato_total_flower
VG_Flower_035,CAT_006,observed_truss_count__roll3_slope,관측 화방 수 roll3_slope,sfkr_hbfm_grow,growth_measure_code,slope; per calendar day,3 valid surveys including current; min_periods=3,개,individual,feature_date,train median after pre-freeze screening; no row deletion,1,definition_ready,,Context,작물 생육,관측범위·품질,1,frozen,CAT_005,tomato_total_flower
VG_Flower_035,CAT_006,observed_truss_count__roll4_mean,관측 화방 수 roll4_mean,sfkr_hbfm_grow,growth_measure_code,mean,4 valid surveys including current; min_periods=4,개,individual,feature_date,train median after pre-freeze screening; no row deletion,1,definition_ready,,Context,작물 생육,관측범위·품질,1,frozen,CAT_005,tomato_total_flower
VG_Flower_035,CAT_006,observed_truss_count__roll4_std,관측 화방 수 roll4_std,sfkr_hbfm_grow,growth_measure_code,std; ddof=0,4 valid surveys including current; min_periods=4,개,individual,feature_date,train median after pre-freeze screening; no row deletion,1,definition_ready,,Context,작물 생육,관측범위·품질,1,frozen,CAT_005,tomato_total_flower
VG_Flower_035,CAT_006,observed_truss_count__roll4_max,관측 화방 수 roll4_max,sfkr_hbfm_grow,growth_measure_code,max,4 valid surveys including current; min_periods=4,개,individual,feature_date,train median after pre-freeze screening; no row deletion,1,definition_ready,,Context,작물 생육,관측범위·품질,1,frozen,CAT_005,tomato_total_flower
VG_Flower_035,CAT_006,observed_truss_count__roll4_slope,관측 화방 수 roll4_slope,sfkr_hbfm_grow,growth_measure_code,slope; per calendar day,4 valid surveys including current; min_periods=4,개,individual,feature_date,train median after pre-freeze screening; no row deletion,1,definition_ready,,Context,작물 생육,관측범위·품질,1,frozen,CAT_005,tomato_total_flower
VG_Flower_035,CAT_021,flower_count__current,전체 꽃 수 current,sfkr_hbfm_grow,growth_measure_code + resolved value column,current valid observation,current,개,individual,feature_date,train median after pre-freeze screening; no row deletion,1,definition_ready,,State,작물 생육,꽃 관측정보,1,frozen,CAT_020,tomato_total_flower
VG_Flower_035,CAT_021,flower_count__delta,전체 꽃 수 delta,sfkr_hbfm_grow,growth_measure_code + resolved value column,current minus previous,1 survey,개,individual,feature_date,train median after pre-freeze screening; no row deletion,1,definition_ready,,State,작물 생육,꽃 관측정보,1,frozen,CAT_020,tomato_total_flower
VG_Flower_035,CAT_021,flower_count__delta_per_day,전체 꽃 수 delta_per_day,sfkr_hbfm_grow,growth_measure_code + resolved value column,delta / positive elapsed days,1 survey,개,individual,feature_date,train median after pre-freeze screening; no row deletion,1,definition_ready,,State,작물 생육,꽃 관측정보,1,frozen,CAT_020,tomato_total_flower
VG_Flower_035,CAT_021,flower_count__lag1,전체 꽃 수 lag1,sfkr_hbfm_grow,growth_measure_code + resolved value column,lag 1,1 surveys,개,individual,feature_date,train median after pre-freeze screening; no row deletion,1,definition_ready,,State,작물 생육,꽃 관측정보,1,frozen,CAT_020,tomato_total_flower
VG_Flower_035,CAT_021,flower_count__lag2,전체 꽃 수 lag2,sfkr_hbfm_grow,growth_measure_code + resolved value column,lag 2,2 surveys,개,individual,feature_date,train median after pre-freeze screening; no row deletion,1,definition_ready,,State,작물 생육,꽃 관측정보,1,frozen,CAT_020,tomato_total_flower
VG_Flower_035,CAT_021,flower_count__lag3,전체 꽃 수 lag3,sfkr_hbfm_grow,growth_measure_code + resolved value column,lag 3,3 surveys,개,individual,feature_date,train median after pre-freeze screening; no row deletion,1,definition_ready,,State,작물 생육,꽃 관측정보,1,frozen,CAT_020,tomato_total_flower
VG_Flower_035,CAT_021,flower_count__roll2_std,전체 꽃 수 roll2_std,sfkr_hbfm_grow,growth_measure_code + resolved value column,std; ddof=0,2 valid surveys including current; min_periods=2,개,individual,feature_date,train median after pre-freeze screening; no row deletion,1,definition_ready,,State,작물 생육,꽃 관측정보,1,frozen,CAT_020,tomato_total_flower
VG_Flower_035,CAT_021,flower_count__roll2_min,전체 꽃 수 roll2_min,sfkr_hbfm_grow,growth_measure_code + resolved value column,min,2 valid surveys including current; min_periods=2,개,individual,feature_date,train median after pre-freeze screening; no row deletion,1,definition_ready,,State,작물 생육,꽃 관측정보,1,frozen,CAT_020,tomato_total_flower
VG_Flower_035,CAT_021,flower_count__roll3_mean,전체 꽃 수 roll3_mean,sfkr_hbfm_grow,growth_measure_code + resolved value column,mean,3 valid surveys including current; min_periods=3,개,individual,feature_date,train median after pre-freeze screening; no row deletion,1,definition_ready,,State,작물 생육,꽃 관측정보,1,frozen,CAT_020,tomato_total_flower
VG_Flower_035,CAT_021,flower_count__roll3_std,전체 꽃 수 roll3_std,sfkr_hbfm_grow,growth_measure_code + resolved value column,std; ddof=0,3 valid surveys including current; min_periods=3,개,individual,feature_date,train median after pre-freeze screening; no row deletion,1,definition_ready,,State,작물 생육,꽃 관측정보,1,frozen,CAT_020,tomato_total_flower
VG_Flower_035,CAT_021,flower_count__roll3_min,전체 꽃 수 roll3_min,sfkr_hbfm_grow,growth_measure_code + resolved value column,min,3 valid surveys including current; min_periods=3,개,individual,feature_date,train median after pre-freeze screening; no row deletion,1,definition_ready,,State,작물 생육,꽃 관측정보,1,frozen,CAT_020,tomato_total_flower
VG_Flower_035,CAT_021,flower_count__roll3_max,전체 꽃 수 roll3_max,sfkr_hbfm_grow,growth_measure_code + resolved value column,max,3 valid surveys including current; min_periods=3,개,individual,feature_date,train median after pre-freeze screening; no row deletion,1,definition_ready,,State,작물 생육,꽃 관측정보,1,frozen,CAT_020,tomato_total_flower
VG_Flower_035,CAT_021,flower_count__roll3_slope,전체 꽃 수 roll3_slope,sfkr_hbfm_grow,growth_measure_code + resolved value column,slope; per calendar day,3 valid surveys including current; min_periods=3,개,individual,feature_date,train median after pre-freeze screening; no row deletion,1,definition_ready,,State,작물 생육,꽃 관측정보,1,frozen,CAT_020,tomato_total_flower
VG_Flower_035,CAT_021,flower_count__roll4_mean,전체 꽃 수 roll4_mean,sfkr_hbfm_grow,growth_measure_code + resolved value column,mean,4 valid surveys including current; min_periods=4,개,individual,feature_date,train median after pre-freeze screening; no row deletion,1,definition_ready,,State,작물 생육,꽃 관측정보,1,frozen,CAT_020,tomato_total_flower
VG_Flower_035,CAT_021,flower_count__roll4_std,전체 꽃 수 roll4_std,sfkr_hbfm_grow,growth_measure_code + resolved value column,std; ddof=0,4 valid surveys including current; min_periods=4,개,individual,feature_date,train median after pre-freeze screening; no row deletion,1,definition_ready,,State,작물 생육,꽃 관측정보,1,frozen,CAT_020,tomato_total_flower
VG_Flower_035,CAT_021,flower_count__roll4_min,전체 꽃 수 roll4_min,sfkr_hbfm_grow,growth_measure_code + resolved value column,min,4 valid surveys including current; min_periods=4,개,individual,feature_date,train median after pre-freeze screening; no row deletion,1,definition_ready,,State,작물 생육,꽃 관측정보,1,frozen,CAT_020,tomato_total_flower
VG_Flower_035,CAT_021,flower_count__roll4_max,전체 꽃 수 roll4_max,sfkr_hbfm_grow,growth_measure_code + resolved value column,max,4 valid surveys including current; min_periods=4,개,individual,feature_date,train median after pre-freeze screening; no row deletion,1,definition_ready,,State,작물 생육,꽃 관측정보,1,frozen,CAT_020,tomato_total_flower
VG_Flower_035,CAT_021,flower_count__roll4_slope,전체 꽃 수 roll4_slope,sfkr_hbfm_grow,growth_measure_code + resolved value column,slope; per calendar day,4 valid surveys including current; min_periods=4,개,individual,feature_date,train median after pre-freeze screening; no row deletion,1,definition_ready,,State,작물 생육,꽃 관측정보,1,frozen,CAT_020,tomato_total_flower
VG_Flower_035,CAT_033,days_since_previous,이전 조사 후 경과일,growth/crop source,measurement date/cropping_date/current count,observed history only; ISO week period=52.1775,through current,day,individual,feature_date,train median after pre-freeze screening; no row deletion,1,definition_ready,,Context,재배 맥락,시간정보,1,frozen,CAT_029,tomato_total_flower
VG_Flower_035,CAT_033,days_since_first_measurement,최초 조사 후 경과일,growth/crop source,measurement date/cropping_date/current count,observed history only; ISO week period=52.1775,through current,day,individual,feature_date,train median after pre-freeze screening; no row deletion,1,definition_ready,,Context,재배 맥락,시간정보,1,frozen,CAT_029,tomato_total_flower
VG_Flower_035,CAT_033,days_since_crop_start,작기 시작 후 경과일,growth/crop source,measurement date/cropping_date/current count,observed history only; ISO week period=52.1775,through current,day,individual,feature_date,train median after pre-freeze screening; no row deletion,1,definition_ready,,Context,재배 맥락,시간정보,1,frozen,CAT_029,tomato_total_flower
VG_Flower_035,CAT_033,week_sin,연중 주차 사인값,growth/crop source,measurement date/cropping_date/current count,observed history only; ISO week period=52.1775,through current,unitless,individual,feature_date,train median after pre-freeze screening; no row deletion,1,definition_ready,,Context,재배 맥락,시간정보,1,frozen,CAT_029,tomato_total_flower
VG_Flower_035,CAT_033,week_cos,연중 주차 코사인값,growth/crop source,measurement date/cropping_date/current count,observed history only; ISO week period=52.1775,through current,unitless,individual,feature_date,train median after pre-freeze screening; no row deletion,1,definition_ready,,Context,재배 맥락,시간정보,1,frozen,CAT_029,tomato_total_flower
VG_Flower_035,CAT_041,history_count,누적 조사 횟수,growth/crop source,measurement date/cropping_date/current count,observed history only; ISO week period=52.1775,through current,count,individual,feature_date,train median after pre-freeze screening; no row deletion,1,definition_ready,,Context,재배 맥락,조사이력,1,frozen,CAT_037,tomato_total_flower
VG_Flower_010,CAT_006,observed_truss_count__current,관측 화방 수 current,sfkr_hbfm_grow,growth_measure_code,current valid observation,current,개,individual,feature_date,train median after pre-freeze screening; no row deletion,1,definition_ready,,Context,작물 생육,관측범위·품질,1,frozen,CAT_005,tomato_total_flower
VG_Flower_010,CAT_006,observed_truss_count__delta,관측 화방 수 delta,sfkr_hbfm_grow,growth_measure_code,current minus previous,1 survey,개,individual,feature_date,train median after pre-freeze screening; no row deletion,1,definition_ready,,Context,작물 생육,관측범위·품질,1,frozen,CAT_005,tomato_total_flower
VG_Flower_010,CAT_006,observed_truss_count__delta_per_day,관측 화방 수 delta_per_day,sfkr_hbfm_grow,growth_measure_code,delta / positive elapsed days,1 survey,개,individual,feature_date,train median after pre-freeze screening; no row deletion,1,definition_ready,,Context,작물 생육,관측범위·품질,1,frozen,CAT_005,tomato_total_flower
VG_Flower_010,CAT_006,observed_truss_count__lag1,관측 화방 수 lag1,sfkr_hbfm_grow,growth_measure_code,lag 1,1 surveys,개,individual,feature_date,train median after pre-freeze screening; no row deletion,1,definition_ready,,Context,작물 생육,관측범위·품질,1,frozen,CAT_005,tomato_total_flower
VG_Flower_010,CAT_006,observed_truss_count__lag2,관측 화방 수 lag2,sfkr_hbfm_grow,growth_measure_code,lag 2,2 surveys,개,individual,feature_date,train median after pre-freeze screening; no row deletion,1,definition_ready,,Context,작물 생육,관측범위·품질,1,frozen,CAT_005,tomato_total_flower
VG_Flower_010,CAT_006,observed_truss_count__lag3,관측 화방 수 lag3,sfkr_hbfm_grow,growth_measure_code,lag 3,3 surveys,개,individual,feature_date,train median after pre-freeze screening; no row deletion,1,definition_ready,,Context,작물 생육,관측범위·품질,1,frozen,CAT_005,tomato_total_flower
VG_Flower_010,CAT_006,observed_truss_count__roll3_mean,관측 화방 수 roll3_mean,sfkr_hbfm_grow,growth_measure_code,mean,3 valid surveys including current; min_periods=3,개,individual,feature_date,train median after pre-freeze screening; no row deletion,1,definition_ready,,Context,작물 생육,관측범위·품질,1,frozen,CAT_005,tomato_total_flower
VG_Flower_010,CAT_006,observed_truss_count__roll3_std,관측 화방 수 roll3_std,sfkr_hbfm_grow,growth_measure_code,std; ddof=0,3 valid surveys including current; min_periods=3,개,individual,feature_date,train median after pre-freeze screening; no row deletion,1,definition_ready,,Context,작물 생육,관측범위·품질,1,frozen,CAT_005,tomato_total_flower
VG_Flower_010,CAT_006,observed_truss_count__roll3_max,관측 화방 수 roll3_max,sfkr_hbfm_grow,growth_measure_code,max,3 valid surveys including current; min_periods=3,개,individual,feature_date,train median after pre-freeze screening; no row deletion,1,definition_ready,,Context,작물 생육,관측범위·품질,1,frozen,CAT_005,tomato_total_flower
VG_Flower_010,CAT_006,observed_truss_count__roll3_slope,관측 화방 수 roll3_slope,sfkr_hbfm_grow,growth_measure_code,slope; per calendar day,3 valid surveys including current; min_periods=3,개,individual,feature_date,train median after pre-freeze screening; no row deletion,1,definition_ready,,Context,작물 생육,관측범위·품질,1,frozen,CAT_005,tomato_total_flower
VG_Flower_010,CAT_006,observed_truss_count__roll4_mean,관측 화방 수 roll4_mean,sfkr_hbfm_grow,growth_measure_code,mean,4 valid surveys including current; min_periods=4,개,individual,feature_date,train median after pre-freeze screening; no row deletion,1,definition_ready,,Context,작물 생육,관측범위·품질,1,frozen,CAT_005,tomato_total_flower
VG_Flower_010,CAT_006,observed_truss_count__roll4_std,관측 화방 수 roll4_std,sfkr_hbfm_grow,growth_measure_code,std; ddof=0,4 valid surveys including current; min_periods=4,개,individual,feature_date,train median after pre-freeze screening; no row deletion,1,definition_ready,,Context,작물 생육,관측범위·품질,1,frozen,CAT_005,tomato_total_flower
VG_Flower_010,CAT_006,observed_truss_count__roll4_max,관측 화방 수 roll4_max,sfkr_hbfm_grow,growth_measure_code,max,4 valid surveys including current; min_periods=4,개,individual,feature_date,train median after pre-freeze screening; no row deletion,1,definition_ready,,Context,작물 생육,관측범위·품질,1,frozen,CAT_005,tomato_total_flower
VG_Flower_010,CAT_006,observed_truss_count__roll4_slope,관측 화방 수 roll4_slope,sfkr_hbfm_grow,growth_measure_code,slope; per calendar day,4 valid surveys including current; min_periods=4,개,individual,feature_date,train median after pre-freeze screening; no row deletion,1,definition_ready,,Context,작물 생육,관측범위·품질,1,frozen,CAT_005,tomato_total_flower
VG_Flower_010,CAT_021,flower_count__current,전체 꽃 수 current,sfkr_hbfm_grow,growth_measure_code + resolved value column,current valid observation,current,개,individual,feature_date,train median after pre-freeze screening; no row deletion,1,definition_ready,,State,작물 생육,꽃 관측정보,1,frozen,CAT_020,tomato_total_flower
VG_Flower_010,CAT_021,flower_count__delta,전체 꽃 수 delta,sfkr_hbfm_grow,growth_measure_code + resolved value column,current minus previous,1 survey,개,individual,feature_date,train median after pre-freeze screening; no row deletion,1,definition_ready,,State,작물 생육,꽃 관측정보,1,frozen,CAT_020,tomato_total_flower
VG_Flower_010,CAT_021,flower_count__delta_per_day,전체 꽃 수 delta_per_day,sfkr_hbfm_grow,growth_measure_code + resolved value column,delta / positive elapsed days,1 survey,개,individual,feature_date,train median after pre-freeze screening; no row deletion,1,definition_ready,,State,작물 생육,꽃 관측정보,1,frozen,CAT_020,tomato_total_flower
VG_Flower_010,CAT_021,flower_count__lag1,전체 꽃 수 lag1,sfkr_hbfm_grow,growth_measure_code + resolved value column,lag 1,1 surveys,개,individual,feature_date,train median after pre-freeze screening; no row deletion,1,definition_ready,,State,작물 생육,꽃 관측정보,1,frozen,CAT_020,tomato_total_flower
VG_Flower_010,CAT_021,flower_count__lag2,전체 꽃 수 lag2,sfkr_hbfm_grow,growth_measure_code + resolved value column,lag 2,2 surveys,개,individual,feature_date,train median after pre-freeze screening; no row deletion,1,definition_ready,,State,작물 생육,꽃 관측정보,1,frozen,CAT_020,tomato_total_flower
VG_Flower_010,CAT_021,flower_count__lag3,전체 꽃 수 lag3,sfkr_hbfm_grow,growth_measure_code + resolved value column,lag 3,3 surveys,개,individual,feature_date,train median after pre-freeze screening; no row deletion,1,definition_ready,,State,작물 생육,꽃 관측정보,1,frozen,CAT_020,tomato_total_flower
VG_Flower_010,CAT_021,flower_count__roll2_std,전체 꽃 수 roll2_std,sfkr_hbfm_grow,growth_measure_code + resolved value column,std; ddof=0,2 valid surveys including current; min_periods=2,개,individual,feature_date,train median after pre-freeze screening; no row deletion,1,definition_ready,,State,작물 생육,꽃 관측정보,1,frozen,CAT_020,tomato_total_flower
VG_Flower_010,CAT_021,flower_count__roll2_min,전체 꽃 수 roll2_min,sfkr_hbfm_grow,growth_measure_code + resolved value column,min,2 valid surveys including current; min_periods=2,개,individual,feature_date,train median after pre-freeze screening; no row deletion,1,definition_ready,,State,작물 생육,꽃 관측정보,1,frozen,CAT_020,tomato_total_flower
VG_Flower_010,CAT_021,flower_count__roll3_mean,전체 꽃 수 roll3_mean,sfkr_hbfm_grow,growth_measure_code + resolved value column,mean,3 valid surveys including current; min_periods=3,개,individual,feature_date,train median after pre-freeze screening; no row deletion,1,definition_ready,,State,작물 생육,꽃 관측정보,1,frozen,CAT_020,tomato_total_flower
VG_Flower_010,CAT_021,flower_count__roll3_std,전체 꽃 수 roll3_std,sfkr_hbfm_grow,growth_measure_code + resolved value column,std; ddof=0,3 valid surveys including current; min_periods=3,개,individual,feature_date,train median after pre-freeze screening; no row deletion,1,definition_ready,,State,작물 생육,꽃 관측정보,1,frozen,CAT_020,tomato_total_flower
VG_Flower_010,CAT_021,flower_count__roll3_min,전체 꽃 수 roll3_min,sfkr_hbfm_grow,growth_measure_code + resolved value column,min,3 valid surveys including current; min_periods=3,개,individual,feature_date,train median after pre-freeze screening; no row deletion,1,definition_ready,,State,작물 생육,꽃 관측정보,1,frozen,CAT_020,tomato_total_flower
VG_Flower_010,CAT_021,flower_count__roll3_max,전체 꽃 수 roll3_max,sfkr_hbfm_grow,growth_measure_code + resolved value column,max,3 valid surveys including current; min_periods=3,개,individual,feature_date,train median after pre-freeze screening; no row deletion,1,definition_ready,,State,작물 생육,꽃 관측정보,1,frozen,CAT_020,tomato_total_flower
VG_Flower_010,CAT_021,flower_count__roll3_slope,전체 꽃 수 roll3_slope,sfkr_hbfm_grow,growth_measure_code + resolved value column,slope; per calendar day,3 valid surveys including current; min_periods=3,개,individual,feature_date,train median after pre-freeze screening; no row deletion,1,definition_ready,,State,작물 생육,꽃 관측정보,1,frozen,CAT_020,tomato_total_flower
VG_Flower_010,CAT_021,flower_count__roll4_mean,전체 꽃 수 roll4_mean,sfkr_hbfm_grow,growth_measure_code + resolved value column,mean,4 valid surveys including current; min_periods=4,개,individual,feature_date,train median after pre-freeze screening; no row deletion,1,definition_ready,,State,작물 생육,꽃 관측정보,1,frozen,CAT_020,tomato_total_flower
VG_Flower_010,CAT_021,flower_count__roll4_std,전체 꽃 수 roll4_std,sfkr_hbfm_grow,growth_measure_code + resolved value column,std; ddof=0,4 valid surveys including current; min_periods=4,개,individual,feature_date,train median after pre-freeze screening; no row deletion,1,definition_ready,,State,작물 생육,꽃 관측정보,1,frozen,CAT_020,tomato_total_flower
VG_Flower_010,CAT_021,flower_count__roll4_min,전체 꽃 수 roll4_min,sfkr_hbfm_grow,growth_measure_code + resolved value column,min,4 valid surveys including current; min_periods=4,개,individual,feature_date,train median after pre-freeze screening; no row deletion,1,definition_ready,,State,작물 생육,꽃 관측정보,1,frozen,CAT_020,tomato_total_flower
VG_Flower_010,CAT_021,flower_count__roll4_max,전체 꽃 수 roll4_max,sfkr_hbfm_grow,growth_measure_code + resolved value column,max,4 valid surveys including current; min_periods=4,개,individual,feature_date,train median after pre-freeze screening; no row deletion,1,definition_ready,,State,작물 생육,꽃 관측정보,1,frozen,CAT_020,tomato_total_flower
VG_Flower_010,CAT_021,flower_count__roll4_slope,전체 꽃 수 roll4_slope,sfkr_hbfm_grow,growth_measure_code + resolved value column,slope; per calendar day,4 valid surveys including current; min_periods=4,개,individual,feature_date,train median after pre-freeze screening; no row deletion,1,definition_ready,,State,작물 생육,꽃 관측정보,1,frozen,CAT_020,tomato_total_flower
VG_Flower_010,CAT_041,history_count,누적 조사 횟수,growth/crop source,measurement date/cropping_date/current count,observed history only; ISO week period=52.1775,through current,count,individual,feature_date,train median after pre-freeze screening; no row deletion,1,definition_ready,,Context,재배 맥락,조사이력,1,frozen,CAT_037,tomato_total_flower
VG_Flower_010,CAT_046,EI__HI__1d_mean,내부습도 직전 1일 mean,sfkr_hbfm_env_con,EI/HI -> sen_val,mean,"[t-1d,t)",%,facility,feature_date,train median after pre-freeze screening; no row deletion,1,definition_ready,,State,실내환경,실내 온습도,1,frozen,CAT_045,tomato_total_flower
VG_Flower_010,CAT_046,EI__HI__1d_std,내부습도 직전 1일 std,sfkr_hbfm_env_con,EI/HI -> sen_val,std; ddof=0,"[t-1d,t)",%,facility,feature_date,train median after pre-freeze screening; no row deletion,1,definition_ready,,State,실내환경,실내 온습도,1,frozen,CAT_045,tomato_total_flower
VG_Flower_010,CAT_046,EI__HI__1d_min,내부습도 직전 1일 min,sfkr_hbfm_env_con,EI/HI -> sen_val,min,"[t-1d,t)",%,facility,feature_date,train median after pre-freeze screening; no row deletion,1,definition_ready,,State,실내환경,실내 온습도,1,frozen,CAT_045,tomato_total_flower
VG_Flower_010,CAT_046,EI__HI__1d_max,내부습도 직전 1일 max,sfkr_hbfm_env_con,EI/HI -> sen_val,max,"[t-1d,t)",%,facility,feature_date,train median after pre-freeze screening; no row deletion,1,definition_ready,,State,실내환경,실내 온습도,1,frozen,CAT_045,tomato_total_flower
VG_Flower_010,CAT_046,EI__HI__3d_mean,내부습도 직전 3일 mean,sfkr_hbfm_env_con,EI/HI -> sen_val,mean,"[t-3d,t)",%,facility,feature_date,train median after pre-freeze screening; no row deletion,1,definition_ready,,State,실내환경,실내 온습도,1,frozen,CAT_045,tomato_total_flower
VG_Flower_010,CAT_046,EI__HI__3d_std,내부습도 직전 3일 std,sfkr_hbfm_env_con,EI/HI -> sen_val,std; ddof=0,"[t-3d,t)",%,facility,feature_date,train median after pre-freeze screening; no row deletion,1,definition_ready,,State,실내환경,실내 온습도,1,frozen,CAT_045,tomato_total_flower
VG_Flower_010,CAT_046,EI__HI__3d_min,내부습도 직전 3일 min,sfkr_hbfm_env_con,EI/HI -> sen_val,min,"[t-3d,t)",%,facility,feature_date,train median after pre-freeze screening; no row deletion,1,definition_ready,,State,실내환경,실내 온습도,1,frozen,CAT_045,tomato_total_flower
VG_Flower_010,CAT_046,EI__HI__3d_max,내부습도 직전 3일 max,sfkr_hbfm_env_con,EI/HI -> sen_val,max,"[t-3d,t)",%,facility,feature_date,train median after pre-freeze screening; no row deletion,1,definition_ready,,State,실내환경,실내 온습도,1,frozen,CAT_045,tomato_total_flower
VG_Flower_010,CAT_046,EI__HI__7d_mean,내부습도 직전 7일 mean,sfkr_hbfm_env_con,EI/HI -> sen_val,mean,"[t-7d,t)",%,facility,feature_date,train median after pre-freeze screening; no row deletion,1,definition_ready,,State,실내환경,실내 온습도,1,frozen,CAT_045,tomato_total_flower
VG_Flower_010,CAT_046,EI__HI__7d_std,내부습도 직전 7일 std,sfkr_hbfm_env_con,EI/HI -> sen_val,std; ddof=0,"[t-7d,t)",%,facility,feature_date,train median after pre-freeze screening; no row deletion,1,definition_ready,,State,실내환경,실내 온습도,1,frozen,CAT_045,tomato_total_flower
VG_Flower_010,CAT_046,EI__HI__7d_min,내부습도 직전 7일 min,sfkr_hbfm_env_con,EI/HI -> sen_val,min,"[t-7d,t)",%,facility,feature_date,train median after pre-freeze screening; no row deletion,1,definition_ready,,State,실내환경,실내 온습도,1,frozen,CAT_045,tomato_total_flower
VG_Flower_010,CAT_046,EI__HI__7d_max,내부습도 직전 7일 max,sfkr_hbfm_env_con,EI/HI -> sen_val,max,"[t-7d,t)",%,facility,feature_date,train median after pre-freeze screening; no row deletion,1,definition_ready,,State,실내환경,실내 온습도,1,frozen,CAT_045,tomato_total_flower
VG_Flower_010,CAT_046,EI__TI__1d_mean,내부온도 직전 1일 mean,sfkr_hbfm_env_con,EI/TI -> sen_val,mean,"[t-1d,t)",도,facility,feature_date,train median after pre-freeze screening; no row deletion,1,definition_ready,,State,실내환경,실내 온습도,1,frozen,CAT_045,tomato_total_flower
VG_Flower_010,CAT_046,EI__TI__1d_std,내부온도 직전 1일 std,sfkr_hbfm_env_con,EI/TI -> sen_val,std; ddof=0,"[t-1d,t)",도,facility,feature_date,train median after pre-freeze screening; no row deletion,1,definition_ready,,State,실내환경,실내 온습도,1,frozen,CAT_045,tomato_total_flower
VG_Flower_010,CAT_046,EI__TI__1d_min,내부온도 직전 1일 min,sfkr_hbfm_env_con,EI/TI -> sen_val,min,"[t-1d,t)",도,facility,feature_date,train median after pre-freeze screening; no row deletion,1,definition_ready,,State,실내환경,실내 온습도,1,frozen,CAT_045,tomato_total_flower
VG_Flower_010,CAT_046,EI__TI__1d_max,내부온도 직전 1일 max,sfkr_hbfm_env_con,EI/TI -> sen_val,max,"[t-1d,t)",도,facility,feature_date,train median after pre-freeze screening; no row deletion,1,definition_ready,,State,실내환경,실내 온습도,1,frozen,CAT_045,tomato_total_flower
VG_Flower_010,CAT_046,EI__TI__3d_mean,내부온도 직전 3일 mean,sfkr_hbfm_env_con,EI/TI -> sen_val,mean,"[t-3d,t)",도,facility,feature_date,train median after pre-freeze screening; no row deletion,1,definition_ready,,State,실내환경,실내 온습도,1,frozen,CAT_045,tomato_total_flower
VG_Flower_010,CAT_046,EI__TI__3d_std,내부온도 직전 3일 std,sfkr_hbfm_env_con,EI/TI -> sen_val,std; ddof=0,"[t-3d,t)",도,facility,feature_date,train median after pre-freeze screening; no row deletion,1,definition_ready,,State,실내환경,실내 온습도,1,frozen,CAT_045,tomato_total_flower
VG_Flower_010,CAT_046,EI__TI__3d_min,내부온도 직전 3일 min,sfkr_hbfm_env_con,EI/TI -> sen_val,min,"[t-3d,t)",도,facility,feature_date,train median after pre-freeze screening; no row deletion,1,definition_ready,,State,실내환경,실내 온습도,1,frozen,CAT_045,tomato_total_flower
VG_Flower_010,CAT_046,EI__TI__3d_max,내부온도 직전 3일 max,sfkr_hbfm_env_con,EI/TI -> sen_val,max,"[t-3d,t)",도,facility,feature_date,train median after pre-freeze screening; no row deletion,1,definition_ready,,State,실내환경,실내 온습도,1,frozen,CAT_045,tomato_total_flower
VG_Flower_010,CAT_046,EI__TI__7d_mean,내부온도 직전 7일 mean,sfkr_hbfm_env_con,EI/TI -> sen_val,mean,"[t-7d,t)",도,facility,feature_date,train median after pre-freeze screening; no row deletion,1,definition_ready,,State,실내환경,실내 온습도,1,frozen,CAT_045,tomato_total_flower
VG_Flower_010,CAT_046,EI__TI__7d_std,내부온도 직전 7일 std,sfkr_hbfm_env_con,EI/TI -> sen_val,std; ddof=0,"[t-7d,t)",도,facility,feature_date,train median after pre-freeze screening; no row deletion,1,definition_ready,,State,실내환경,실내 온습도,1,frozen,CAT_045,tomato_total_flower
VG_Flower_010,CAT_046,EI__TI__7d_min,내부온도 직전 7일 min,sfkr_hbfm_env_con,EI/TI -> sen_val,min,"[t-7d,t)",도,facility,feature_date,train median after pre-freeze screening; no row deletion,1,definition_ready,,State,실내환경,실내 온습도,1,frozen,CAT_045,tomato_total_flower
VG_Flower_010,CAT_046,EI__TI__7d_max,내부온도 직전 7일 max,sfkr_hbfm_env_con,EI/TI -> sen_val,max,"[t-7d,t)",도,facility,feature_date,train median after pre-freeze screening; no row deletion,1,definition_ready,,State,실내환경,실내 온습도,1,frozen,CAT_045,tomato_total_flower
VG_Flower_004,CAT_021,flower_count__current,전체 꽃 수 current,sfkr_hbfm_grow,growth_measure_code + resolved value column,current valid observation,current,개,individual,feature_date,train median after pre-freeze screening; no row deletion,1,definition_ready,,State,작물 생육,꽃 관측정보,1,frozen,CAT_020,tomato_total_flower
VG_Flower_004,CAT_021,flower_count__delta,전체 꽃 수 delta,sfkr_hbfm_grow,growth_measure_code + resolved value column,current minus previous,1 survey,개,individual,feature_date,train median after pre-freeze screening; no row deletion,1,definition_ready,,State,작물 생육,꽃 관측정보,1,frozen,CAT_020,tomato_total_flower
VG_Flower_004,CAT_021,flower_count__delta_per_day,전체 꽃 수 delta_per_day,sfkr_hbfm_grow,growth_measure_code + resolved value column,delta / positive elapsed days,1 survey,개,individual,feature_date,train median after pre-freeze screening; no row deletion,1,definition_ready,,State,작물 생육,꽃 관측정보,1,frozen,CAT_020,tomato_total_flower
VG_Flower_004,CAT_021,flower_count__lag1,전체 꽃 수 lag1,sfkr_hbfm_grow,growth_measure_code + resolved value column,lag 1,1 surveys,개,individual,feature_date,train median after pre-freeze screening; no row deletion,1,definition_ready,,State,작물 생육,꽃 관측정보,1,frozen,CAT_020,tomato_total_flower
VG_Flower_004,CAT_021,flower_count__lag2,전체 꽃 수 lag2,sfkr_hbfm_grow,growth_measure_code + resolved value column,lag 2,2 surveys,개,individual,feature_date,train median after pre-freeze screening; no row deletion,1,definition_ready,,State,작물 생육,꽃 관측정보,1,frozen,CAT_020,tomato_total_flower
VG_Flower_004,CAT_021,flower_count__lag3,전체 꽃 수 lag3,sfkr_hbfm_grow,growth_measure_code + resolved value column,lag 3,3 surveys,개,individual,feature_date,train median after pre-freeze screening; no row deletion,1,definition_ready,,State,작물 생육,꽃 관측정보,1,frozen,CAT_020,tomato_total_flower
VG_Flower_004,CAT_021,flower_count__roll2_std,전체 꽃 수 roll2_std,sfkr_hbfm_grow,growth_measure_code + resolved value column,std; ddof=0,2 valid surveys including current; min_periods=2,개,individual,feature_date,train median after pre-freeze screening; no row deletion,1,definition_ready,,State,작물 생육,꽃 관측정보,1,frozen,CAT_020,tomato_total_flower
VG_Flower_004,CAT_021,flower_count__roll2_min,전체 꽃 수 roll2_min,sfkr_hbfm_grow,growth_measure_code + resolved value column,min,2 valid surveys including current; min_periods=2,개,individual,feature_date,train median after pre-freeze screening; no row deletion,1,definition_ready,,State,작물 생육,꽃 관측정보,1,frozen,CAT_020,tomato_total_flower
VG_Flower_004,CAT_021,flower_count__roll3_mean,전체 꽃 수 roll3_mean,sfkr_hbfm_grow,growth_measure_code + resolved value column,mean,3 valid surveys including current; min_periods=3,개,individual,feature_date,train median after pre-freeze screening; no row deletion,1,definition_ready,,State,작물 생육,꽃 관측정보,1,frozen,CAT_020,tomato_total_flower
VG_Flower_004,CAT_021,flower_count__roll3_std,전체 꽃 수 roll3_std,sfkr_hbfm_grow,growth_measure_code + resolved value column,std; ddof=0,3 valid surveys including current; min_periods=3,개,individual,feature_date,train median after pre-freeze screening; no row deletion,1,definition_ready,,State,작물 생육,꽃 관측정보,1,frozen,CAT_020,tomato_total_flower
VG_Flower_004,CAT_021,flower_count__roll3_min,전체 꽃 수 roll3_min,sfkr_hbfm_grow,growth_measure_code + resolved value column,min,3 valid surveys including current; min_periods=3,개,individual,feature_date,train median after pre-freeze screening; no row deletion,1,definition_ready,,State,작물 생육,꽃 관측정보,1,frozen,CAT_020,tomato_total_flower
VG_Flower_004,CAT_021,flower_count__roll3_max,전체 꽃 수 roll3_max,sfkr_hbfm_grow,growth_measure_code + resolved value column,max,3 valid surveys including current; min_periods=3,개,individual,feature_date,train median after pre-freeze screening; no row deletion,1,definition_ready,,State,작물 생육,꽃 관측정보,1,frozen,CAT_020,tomato_total_flower
VG_Flower_004,CAT_021,flower_count__roll3_slope,전체 꽃 수 roll3_slope,sfkr_hbfm_grow,growth_measure_code + resolved value column,slope; per calendar day,3 valid surveys including current; min_periods=3,개,individual,feature_date,train median after pre-freeze screening; no row deletion,1,definition_ready,,State,작물 생육,꽃 관측정보,1,frozen,CAT_020,tomato_total_flower
VG_Flower_004,CAT_021,flower_count__roll4_mean,전체 꽃 수 roll4_mean,sfkr_hbfm_grow,growth_measure_code + resolved value column,mean,4 valid surveys including current; min_periods=4,개,individual,feature_date,train median after pre-freeze screening; no row deletion,1,definition_ready,,State,작물 생육,꽃 관측정보,1,frozen,CAT_020,tomato_total_flower
VG_Flower_004,CAT_021,flower_count__roll4_std,전체 꽃 수 roll4_std,sfkr_hbfm_grow,growth_measure_code + resolved value column,std; ddof=0,4 valid surveys including current; min_periods=4,개,individual,feature_date,train median after pre-freeze screening; no row deletion,1,definition_ready,,State,작물 생육,꽃 관측정보,1,frozen,CAT_020,tomato_total_flower
VG_Flower_004,CAT_021,flower_count__roll4_min,전체 꽃 수 roll4_min,sfkr_hbfm_grow,growth_measure_code + resolved value column,min,4 valid surveys including current; min_periods=4,개,individual,feature_date,train median after pre-freeze screening; no row deletion,1,definition_ready,,State,작물 생육,꽃 관측정보,1,frozen,CAT_020,tomato_total_flower
VG_Flower_004,CAT_021,flower_count__roll4_max,전체 꽃 수 roll4_max,sfkr_hbfm_grow,growth_measure_code + resolved value column,max,4 valid surveys including current; min_periods=4,개,individual,feature_date,train median after pre-freeze screening; no row deletion,1,definition_ready,,State,작물 생육,꽃 관측정보,1,frozen,CAT_020,tomato_total_flower
VG_Flower_004,CAT_021,flower_count__roll4_slope,전체 꽃 수 roll4_slope,sfkr_hbfm_grow,growth_measure_code + resolved value column,slope; per calendar day,4 valid surveys including current; min_periods=4,개,individual,feature_date,train median after pre-freeze screening; no row deletion,1,definition_ready,,State,작물 생육,꽃 관측정보,1,frozen,CAT_020,tomato_total_flower
VG_Flower_004,CAT_046,EI__HI__1d_mean,내부습도 직전 1일 mean,sfkr_hbfm_env_con,EI/HI -> sen_val,mean,"[t-1d,t)",%,facility,feature_date,train median after pre-freeze screening; no row deletion,1,definition_ready,,State,실내환경,실내 온습도,1,frozen,CAT_045,tomato_total_flower
VG_Flower_004,CAT_046,EI__HI__1d_std,내부습도 직전 1일 std,sfkr_hbfm_env_con,EI/HI -> sen_val,std; ddof=0,"[t-1d,t)",%,facility,feature_date,train median after pre-freeze screening; no row deletion,1,definition_ready,,State,실내환경,실내 온습도,1,frozen,CAT_045,tomato_total_flower
VG_Flower_004,CAT_046,EI__HI__1d_min,내부습도 직전 1일 min,sfkr_hbfm_env_con,EI/HI -> sen_val,min,"[t-1d,t)",%,facility,feature_date,train median after pre-freeze screening; no row deletion,1,definition_ready,,State,실내환경,실내 온습도,1,frozen,CAT_045,tomato_total_flower
VG_Flower_004,CAT_046,EI__HI__1d_max,내부습도 직전 1일 max,sfkr_hbfm_env_con,EI/HI -> sen_val,max,"[t-1d,t)",%,facility,feature_date,train median after pre-freeze screening; no row deletion,1,definition_ready,,State,실내환경,실내 온습도,1,frozen,CAT_045,tomato_total_flower
VG_Flower_004,CAT_046,EI__HI__3d_mean,내부습도 직전 3일 mean,sfkr_hbfm_env_con,EI/HI -> sen_val,mean,"[t-3d,t)",%,facility,feature_date,train median after pre-freeze screening; no row deletion,1,definition_ready,,State,실내환경,실내 온습도,1,frozen,CAT_045,tomato_total_flower
VG_Flower_004,CAT_046,EI__HI__3d_std,내부습도 직전 3일 std,sfkr_hbfm_env_con,EI/HI -> sen_val,std; ddof=0,"[t-3d,t)",%,facility,feature_date,train median after pre-freeze screening; no row deletion,1,definition_ready,,State,실내환경,실내 온습도,1,frozen,CAT_045,tomato_total_flower
VG_Flower_004,CAT_046,EI__HI__3d_min,내부습도 직전 3일 min,sfkr_hbfm_env_con,EI/HI -> sen_val,min,"[t-3d,t)",%,facility,feature_date,train median after pre-freeze screening; no row deletion,1,definition_ready,,State,실내환경,실내 온습도,1,frozen,CAT_045,tomato_total_flower
VG_Flower_004,CAT_046,EI__HI__3d_max,내부습도 직전 3일 max,sfkr_hbfm_env_con,EI/HI -> sen_val,max,"[t-3d,t)",%,facility,feature_date,train median after pre-freeze screening; no row deletion,1,definition_ready,,State,실내환경,실내 온습도,1,frozen,CAT_045,tomato_total_flower
VG_Flower_004,CAT_046,EI__HI__7d_mean,내부습도 직전 7일 mean,sfkr_hbfm_env_con,EI/HI -> sen_val,mean,"[t-7d,t)",%,facility,feature_date,train median after pre-freeze screening; no row deletion,1,definition_ready,,State,실내환경,실내 온습도,1,frozen,CAT_045,tomato_total_flower
VG_Flower_004,CAT_046,EI__HI__7d_std,내부습도 직전 7일 std,sfkr_hbfm_env_con,EI/HI -> sen_val,std; ddof=0,"[t-7d,t)",%,facility,feature_date,train median after pre-freeze screening; no row deletion,1,definition_ready,,State,실내환경,실내 온습도,1,frozen,CAT_045,tomato_total_flower
VG_Flower_004,CAT_046,EI__HI__7d_min,내부습도 직전 7일 min,sfkr_hbfm_env_con,EI/HI -> sen_val,min,"[t-7d,t)",%,facility,feature_date,train median after pre-freeze screening; no row deletion,1,definition_ready,,State,실내환경,실내 온습도,1,frozen,CAT_045,tomato_total_flower
VG_Flower_004,CAT_046,EI__HI__7d_max,내부습도 직전 7일 max,sfkr_hbfm_env_con,EI/HI -> sen_val,max,"[t-7d,t)",%,facility,feature_date,train median after pre-freeze screening; no row deletion,1,definition_ready,,State,실내환경,실내 온습도,1,frozen,CAT_045,tomato_total_flower
VG_Flower_004,CAT_046,EI__TI__1d_mean,내부온도 직전 1일 mean,sfkr_hbfm_env_con,EI/TI -> sen_val,mean,"[t-1d,t)",도,facility,feature_date,train median after pre-freeze screening; no row deletion,1,definition_ready,,State,실내환경,실내 온습도,1,frozen,CAT_045,tomato_total_flower
VG_Flower_004,CAT_046,EI__TI__1d_std,내부온도 직전 1일 std,sfkr_hbfm_env_con,EI/TI -> sen_val,std; ddof=0,"[t-1d,t)",도,facility,feature_date,train median after pre-freeze screening; no row deletion,1,definition_ready,,State,실내환경,실내 온습도,1,frozen,CAT_045,tomato_total_flower
VG_Flower_004,CAT_046,EI__TI__1d_min,내부온도 직전 1일 min,sfkr_hbfm_env_con,EI/TI -> sen_val,min,"[t-1d,t)",도,facility,feature_date,train median after pre-freeze screening; no row deletion,1,definition_ready,,State,실내환경,실내 온습도,1,frozen,CAT_045,tomato_total_flower
VG_Flower_004,CAT_046,EI__TI__1d_max,내부온도 직전 1일 max,sfkr_hbfm_env_con,EI/TI -> sen_val,max,"[t-1d,t)",도,facility,feature_date,train median after pre-freeze screening; no row deletion,1,definition_ready,,State,실내환경,실내 온습도,1,frozen,CAT_045,tomato_total_flower
VG_Flower_004,CAT_046,EI__TI__3d_mean,내부온도 직전 3일 mean,sfkr_hbfm_env_con,EI/TI -> sen_val,mean,"[t-3d,t)",도,facility,feature_date,train median after pre-freeze screening; no row deletion,1,definition_ready,,State,실내환경,실내 온습도,1,frozen,CAT_045,tomato_total_flower
VG_Flower_004,CAT_046,EI__TI__3d_std,내부온도 직전 3일 std,sfkr_hbfm_env_con,EI/TI -> sen_val,std; ddof=0,"[t-3d,t)",도,facility,feature_date,train median after pre-freeze screening; no row deletion,1,definition_ready,,State,실내환경,실내 온습도,1,frozen,CAT_045,tomato_total_flower
VG_Flower_004,CAT_046,EI__TI__3d_min,내부온도 직전 3일 min,sfkr_hbfm_env_con,EI/TI -> sen_val,min,"[t-3d,t)",도,facility,feature_date,train median after pre-freeze screening; no row deletion,1,definition_ready,,State,실내환경,실내 온습도,1,frozen,CAT_045,tomato_total_flower
VG_Flower_004,CAT_046,EI__TI__3d_max,내부온도 직전 3일 max,sfkr_hbfm_env_con,EI/TI -> sen_val,max,"[t-3d,t)",도,facility,feature_date,train median after pre-freeze screening; no row deletion,1,definition_ready,,State,실내환경,실내 온습도,1,frozen,CAT_045,tomato_total_flower
VG_Flower_004,CAT_046,EI__TI__7d_mean,내부온도 직전 7일 mean,sfkr_hbfm_env_con,EI/TI -> sen_val,mean,"[t-7d,t)",도,facility,feature_date,train median after pre-freeze screening; no row deletion,1,definition_ready,,State,실내환경,실내 온습도,1,frozen,CAT_045,tomato_total_flower
VG_Flower_004,CAT_046,EI__TI__7d_std,내부온도 직전 7일 std,sfkr_hbfm_env_con,EI/TI -> sen_val,std; ddof=0,"[t-7d,t)",도,facility,feature_date,train median after pre-freeze screening; no row deletion,1,definition_ready,,State,실내환경,실내 온습도,1,frozen,CAT_045,tomato_total_flower
VG_Flower_004,CAT_046,EI__TI__7d_min,내부온도 직전 7일 min,sfkr_hbfm_env_con,EI/TI -> sen_val,min,"[t-7d,t)",도,facility,feature_date,train median after pre-freeze screening; no row deletion,1,definition_ready,,State,실내환경,실내 온습도,1,frozen,CAT_045,tomato_total_flower
VG_Flower_004,CAT_046,EI__TI__7d_max,내부온도 직전 7일 max,sfkr_hbfm_env_con,EI/TI -> sen_val,max,"[t-7d,t)",도,facility,feature_date,train median after pre-freeze screening; no row deletion,1,definition_ready,,State,실내환경,실내 온습도,1,frozen,CAT_045,tomato_total_flower
VG_Flower_033,CAT_006,observed_truss_count__current,관측 화방 수 current,sfkr_hbfm_grow,growth_measure_code,current valid observation,current,개,individual,feature_date,train median after pre-freeze screening; no row deletion,1,definition_ready,,Context,작물 생육,관측범위·품질,1,frozen,CAT_005,tomato_total_flower
VG_Flower_033,CAT_006,observed_truss_count__delta,관측 화방 수 delta,sfkr_hbfm_grow,growth_measure_code,current minus previous,1 survey,개,individual,feature_date,train median after pre-freeze screening; no row deletion,1,definition_ready,,Context,작물 생육,관측범위·품질,1,frozen,CAT_005,tomato_total_flower
VG_Flower_033,CAT_006,observed_truss_count__delta_per_day,관측 화방 수 delta_per_day,sfkr_hbfm_grow,growth_measure_code,delta / positive elapsed days,1 survey,개,individual,feature_date,train median after pre-freeze screening; no row deletion,1,definition_ready,,Context,작물 생육,관측범위·품질,1,frozen,CAT_005,tomato_total_flower
VG_Flower_033,CAT_006,observed_truss_count__lag1,관측 화방 수 lag1,sfkr_hbfm_grow,growth_measure_code,lag 1,1 surveys,개,individual,feature_date,train median after pre-freeze screening; no row deletion,1,definition_ready,,Context,작물 생육,관측범위·품질,1,frozen,CAT_005,tomato_total_flower
VG_Flower_033,CAT_006,observed_truss_count__lag2,관측 화방 수 lag2,sfkr_hbfm_grow,growth_measure_code,lag 2,2 surveys,개,individual,feature_date,train median after pre-freeze screening; no row deletion,1,definition_ready,,Context,작물 생육,관측범위·품질,1,frozen,CAT_005,tomato_total_flower
VG_Flower_033,CAT_006,observed_truss_count__lag3,관측 화방 수 lag3,sfkr_hbfm_grow,growth_measure_code,lag 3,3 surveys,개,individual,feature_date,train median after pre-freeze screening; no row deletion,1,definition_ready,,Context,작물 생육,관측범위·품질,1,frozen,CAT_005,tomato_total_flower
VG_Flower_033,CAT_006,observed_truss_count__roll3_mean,관측 화방 수 roll3_mean,sfkr_hbfm_grow,growth_measure_code,mean,3 valid surveys including current; min_periods=3,개,individual,feature_date,train median after pre-freeze screening; no row deletion,1,definition_ready,,Context,작물 생육,관측범위·품질,1,frozen,CAT_005,tomato_total_flower
VG_Flower_033,CAT_006,observed_truss_count__roll3_std,관측 화방 수 roll3_std,sfkr_hbfm_grow,growth_measure_code,std; ddof=0,3 valid surveys including current; min_periods=3,개,individual,feature_date,train median after pre-freeze screening; no row deletion,1,definition_ready,,Context,작물 생육,관측범위·품질,1,frozen,CAT_005,tomato_total_flower
VG_Flower_033,CAT_006,observed_truss_count__roll3_max,관측 화방 수 roll3_max,sfkr_hbfm_grow,growth_measure_code,max,3 valid surveys including current; min_periods=3,개,individual,feature_date,train median after pre-freeze screening; no row deletion,1,definition_ready,,Context,작물 생육,관측범위·품질,1,frozen,CAT_005,tomato_total_flower
VG_Flower_033,CAT_006,observed_truss_count__roll3_slope,관측 화방 수 roll3_slope,sfkr_hbfm_grow,growth_measure_code,slope; per calendar day,3 valid surveys including current; min_periods=3,개,individual,feature_date,train median after pre-freeze screening; no row deletion,1,definition_ready,,Context,작물 생육,관측범위·품질,1,frozen,CAT_005,tomato_total_flower
VG_Flower_033,CAT_006,observed_truss_count__roll4_mean,관측 화방 수 roll4_mean,sfkr_hbfm_grow,growth_measure_code,mean,4 valid surveys including current; min_periods=4,개,individual,feature_date,train median after pre-freeze screening; no row deletion,1,definition_ready,,Context,작물 생육,관측범위·품질,1,frozen,CAT_005,tomato_total_flower
VG_Flower_033,CAT_006,observed_truss_count__roll4_std,관측 화방 수 roll4_std,sfkr_hbfm_grow,growth_measure_code,std; ddof=0,4 valid surveys including current; min_periods=4,개,individual,feature_date,train median after pre-freeze screening; no row deletion,1,definition_ready,,Context,작물 생육,관측범위·품질,1,frozen,CAT_005,tomato_total_flower
VG_Flower_033,CAT_006,observed_truss_count__roll4_max,관측 화방 수 roll4_max,sfkr_hbfm_grow,growth_measure_code,max,4 valid surveys including current; min_periods=4,개,individual,feature_date,train median after pre-freeze screening; no row deletion,1,definition_ready,,Context,작물 생육,관측범위·품질,1,frozen,CAT_005,tomato_total_flower
VG_Flower_033,CAT_006,observed_truss_count__roll4_slope,관측 화방 수 roll4_slope,sfkr_hbfm_grow,growth_measure_code,slope; per calendar day,4 valid surveys including current; min_periods=4,개,individual,feature_date,train median after pre-freeze screening; no row deletion,1,definition_ready,,Context,작물 생육,관측범위·품질,1,frozen,CAT_005,tomato_total_flower
VG_Flower_033,CAT_017,EI__CI__1d_mean,내부CO2 직전 1일 mean,sfkr_hbfm_env_con,EI/CI -> sen_val,mean,"[t-1d,t)",ppm,facility,feature_date,train median after pre-freeze screening; no row deletion,1,definition_ready,,State,실내환경,실내 CO2,1,frozen,CAT_016,tomato_total_flower
VG_Flower_033,CAT_017,EI__CI__1d_std,내부CO2 직전 1일 std,sfkr_hbfm_env_con,EI/CI -> sen_val,std; ddof=0,"[t-1d,t)",ppm,facility,feature_date,train median after pre-freeze screening; no row deletion,1,definition_ready,,State,실내환경,실내 CO2,1,frozen,CAT_016,tomato_total_flower
VG_Flower_033,CAT_017,EI__CI__1d_min,내부CO2 직전 1일 min,sfkr_hbfm_env_con,EI/CI -> sen_val,min,"[t-1d,t)",ppm,facility,feature_date,train median after pre-freeze screening; no row deletion,1,definition_ready,,State,실내환경,실내 CO2,1,frozen,CAT_016,tomato_total_flower
VG_Flower_033,CAT_017,EI__CI__1d_max,내부CO2 직전 1일 max,sfkr_hbfm_env_con,EI/CI -> sen_val,max,"[t-1d,t)",ppm,facility,feature_date,train median after pre-freeze screening; no row deletion,1,definition_ready,,State,실내환경,실내 CO2,1,frozen,CAT_016,tomato_total_flower
VG_Flower_033,CAT_017,EI__CI__3d_mean,내부CO2 직전 3일 mean,sfkr_hbfm_env_con,EI/CI -> sen_val,mean,"[t-3d,t)",ppm,facility,feature_date,train median after pre-freeze screening; no row deletion,1,definition_ready,,State,실내환경,실내 CO2,1,frozen,CAT_016,tomato_total_flower
VG_Flower_033,CAT_017,EI__CI__3d_std,내부CO2 직전 3일 std,sfkr_hbfm_env_con,EI/CI -> sen_val,std; ddof=0,"[t-3d,t)",ppm,facility,feature_date,train median after pre-freeze screening; no row deletion,1,definition_ready,,State,실내환경,실내 CO2,1,frozen,CAT_016,tomato_total_flower
VG_Flower_033,CAT_017,EI__CI__3d_min,내부CO2 직전 3일 min,sfkr_hbfm_env_con,EI/CI -> sen_val,min,"[t-3d,t)",ppm,facility,feature_date,train median after pre-freeze screening; no row deletion,1,definition_ready,,State,실내환경,실내 CO2,1,frozen,CAT_016,tomato_total_flower
VG_Flower_033,CAT_017,EI__CI__3d_max,내부CO2 직전 3일 max,sfkr_hbfm_env_con,EI/CI -> sen_val,max,"[t-3d,t)",ppm,facility,feature_date,train median after pre-freeze screening; no row deletion,1,definition_ready,,State,실내환경,실내 CO2,1,frozen,CAT_016,tomato_total_flower
VG_Flower_033,CAT_017,EI__CI__7d_mean,내부CO2 직전 7일 mean,sfkr_hbfm_env_con,EI/CI -> sen_val,mean,"[t-7d,t)",ppm,facility,feature_date,train median after pre-freeze screening; no row deletion,1,definition_ready,,State,실내환경,실내 CO2,1,frozen,CAT_016,tomato_total_flower
VG_Flower_033,CAT_017,EI__CI__7d_std,내부CO2 직전 7일 std,sfkr_hbfm_env_con,EI/CI -> sen_val,std; ddof=0,"[t-7d,t)",ppm,facility,feature_date,train median after pre-freeze screening; no row deletion,1,definition_ready,,State,실내환경,실내 CO2,1,frozen,CAT_016,tomato_total_flower
VG_Flower_033,CAT_017,EI__CI__7d_min,내부CO2 직전 7일 min,sfkr_hbfm_env_con,EI/CI -> sen_val,min,"[t-7d,t)",ppm,facility,feature_date,train median after pre-freeze screening; no row deletion,1,definition_ready,,State,실내환경,실내 CO2,1,frozen,CAT_016,tomato_total_flower
VG_Flower_033,CAT_017,EI__CI__7d_max,내부CO2 직전 7일 max,sfkr_hbfm_env_con,EI/CI -> sen_val,max,"[t-7d,t)",ppm,facility,feature_date,train median after pre-freeze screening; no row deletion,1,definition_ready,,State,실내환경,실내 CO2,1,frozen,CAT_016,tomato_total_flower
VG_Flower_033,CAT_021,flower_count__current,전체 꽃 수 current,sfkr_hbfm_grow,growth_measure_code + resolved value column,current valid observation,current,개,individual,feature_date,train median after pre-freeze screening; no row deletion,1,definition_ready,,State,작물 생육,꽃 관측정보,1,frozen,CAT_020,tomato_total_flower
VG_Flower_033,CAT_021,flower_count__delta,전체 꽃 수 delta,sfkr_hbfm_grow,growth_measure_code + resolved value column,current minus previous,1 survey,개,individual,feature_date,train median after pre-freeze screening; no row deletion,1,definition_ready,,State,작물 생육,꽃 관측정보,1,frozen,CAT_020,tomato_total_flower
VG_Flower_033,CAT_021,flower_count__delta_per_day,전체 꽃 수 delta_per_day,sfkr_hbfm_grow,growth_measure_code + resolved value column,delta / positive elapsed days,1 survey,개,individual,feature_date,train median after pre-freeze screening; no row deletion,1,definition_ready,,State,작물 생육,꽃 관측정보,1,frozen,CAT_020,tomato_total_flower
VG_Flower_033,CAT_021,flower_count__lag1,전체 꽃 수 lag1,sfkr_hbfm_grow,growth_measure_code + resolved value column,lag 1,1 surveys,개,individual,feature_date,train median after pre-freeze screening; no row deletion,1,definition_ready,,State,작물 생육,꽃 관측정보,1,frozen,CAT_020,tomato_total_flower
VG_Flower_033,CAT_021,flower_count__lag2,전체 꽃 수 lag2,sfkr_hbfm_grow,growth_measure_code + resolved value column,lag 2,2 surveys,개,individual,feature_date,train median after pre-freeze screening; no row deletion,1,definition_ready,,State,작물 생육,꽃 관측정보,1,frozen,CAT_020,tomato_total_flower
VG_Flower_033,CAT_021,flower_count__lag3,전체 꽃 수 lag3,sfkr_hbfm_grow,growth_measure_code + resolved value column,lag 3,3 surveys,개,individual,feature_date,train median after pre-freeze screening; no row deletion,1,definition_ready,,State,작물 생육,꽃 관측정보,1,frozen,CAT_020,tomato_total_flower
VG_Flower_033,CAT_021,flower_count__roll2_std,전체 꽃 수 roll2_std,sfkr_hbfm_grow,growth_measure_code + resolved value column,std; ddof=0,2 valid surveys including current; min_periods=2,개,individual,feature_date,train median after pre-freeze screening; no row deletion,1,definition_ready,,State,작물 생육,꽃 관측정보,1,frozen,CAT_020,tomato_total_flower
VG_Flower_033,CAT_021,flower_count__roll2_min,전체 꽃 수 roll2_min,sfkr_hbfm_grow,growth_measure_code + resolved value column,min,2 valid surveys including current; min_periods=2,개,individual,feature_date,train median after pre-freeze screening; no row deletion,1,definition_ready,,State,작물 생육,꽃 관측정보,1,frozen,CAT_020,tomato_total_flower
VG_Flower_033,CAT_021,flower_count__roll3_mean,전체 꽃 수 roll3_mean,sfkr_hbfm_grow,growth_measure_code + resolved value column,mean,3 valid surveys including current; min_periods=3,개,individual,feature_date,train median after pre-freeze screening; no row deletion,1,definition_ready,,State,작물 생육,꽃 관측정보,1,frozen,CAT_020,tomato_total_flower
VG_Flower_033,CAT_021,flower_count__roll3_std,전체 꽃 수 roll3_std,sfkr_hbfm_grow,growth_measure_code + resolved value column,std; ddof=0,3 valid surveys including current; min_periods=3,개,individual,feature_date,train median after pre-freeze screening; no row deletion,1,definition_ready,,State,작물 생육,꽃 관측정보,1,frozen,CAT_020,tomato_total_flower
VG_Flower_033,CAT_021,flower_count__roll3_min,전체 꽃 수 roll3_min,sfkr_hbfm_grow,growth_measure_code + resolved value column,min,3 valid surveys including current; min_periods=3,개,individual,feature_date,train median after pre-freeze screening; no row deletion,1,definition_ready,,State,작물 생육,꽃 관측정보,1,frozen,CAT_020,tomato_total_flower
VG_Flower_033,CAT_021,flower_count__roll3_max,전체 꽃 수 roll3_max,sfkr_hbfm_grow,growth_measure_code + resolved value column,max,3 valid surveys including current; min_periods=3,개,individual,feature_date,train median after pre-freeze screening; no row deletion,1,definition_ready,,State,작물 생육,꽃 관측정보,1,frozen,CAT_020,tomato_total_flower
VG_Flower_033,CAT_021,flower_count__roll3_slope,전체 꽃 수 roll3_slope,sfkr_hbfm_grow,growth_measure_code + resolved value column,slope; per calendar day,3 valid surveys including current; min_periods=3,개,individual,feature_date,train median after pre-freeze screening; no row deletion,1,definition_ready,,State,작물 생육,꽃 관측정보,1,frozen,CAT_020,tomato_total_flower
VG_Flower_033,CAT_021,flower_count__roll4_mean,전체 꽃 수 roll4_mean,sfkr_hbfm_grow,growth_measure_code + resolved value column,mean,4 valid surveys including current; min_periods=4,개,individual,feature_date,train median after pre-freeze screening; no row deletion,1,definition_ready,,State,작물 생육,꽃 관측정보,1,frozen,CAT_020,tomato_total_flower
VG_Flower_033,CAT_021,flower_count__roll4_std,전체 꽃 수 roll4_std,sfkr_hbfm_grow,growth_measure_code + resolved value column,std; ddof=0,4 valid surveys including current; min_periods=4,개,individual,feature_date,train median after pre-freeze screening; no row deletion,1,definition_ready,,State,작물 생육,꽃 관측정보,1,frozen,CAT_020,tomato_total_flower
VG_Flower_033,CAT_021,flower_count__roll4_min,전체 꽃 수 roll4_min,sfkr_hbfm_grow,growth_measure_code + resolved value column,min,4 valid surveys including current; min_periods=4,개,individual,feature_date,train median after pre-freeze screening; no row deletion,1,definition_ready,,State,작물 생육,꽃 관측정보,1,frozen,CAT_020,tomato_total_flower
VG_Flower_033,CAT_021,flower_count__roll4_max,전체 꽃 수 roll4_max,sfkr_hbfm_grow,growth_measure_code + resolved value column,max,4 valid surveys including current; min_periods=4,개,individual,feature_date,train median after pre-freeze screening; no row deletion,1,definition_ready,,State,작물 생육,꽃 관측정보,1,frozen,CAT_020,tomato_total_flower
VG_Flower_033,CAT_021,flower_count__roll4_slope,전체 꽃 수 roll4_slope,sfkr_hbfm_grow,growth_measure_code + resolved value column,slope; per calendar day,4 valid surveys including current; min_periods=4,개,individual,feature_date,train median after pre-freeze screening; no row deletion,1,definition_ready,,State,작물 생육,꽃 관측정보,1,frozen,CAT_020,tomato_total_flower
VG_Flower_031,CAT_006,observed_truss_count__current,관측 화방 수 current,sfkr_hbfm_grow,growth_measure_code,current valid observation,current,개,individual,feature_date,train median after pre-freeze screening; no row deletion,1,definition_ready,,Context,작물 생육,관측범위·품질,1,frozen,CAT_005,tomato_total_flower
VG_Flower_031,CAT_006,observed_truss_count__delta,관측 화방 수 delta,sfkr_hbfm_grow,growth_measure_code,current minus previous,1 survey,개,individual,feature_date,train median after pre-freeze screening; no row deletion,1,definition_ready,,Context,작물 생육,관측범위·품질,1,frozen,CAT_005,tomato_total_flower
VG_Flower_031,CAT_006,observed_truss_count__delta_per_day,관측 화방 수 delta_per_day,sfkr_hbfm_grow,growth_measure_code,delta / positive elapsed days,1 survey,개,individual,feature_date,train median after pre-freeze screening; no row deletion,1,definition_ready,,Context,작물 생육,관측범위·품질,1,frozen,CAT_005,tomato_total_flower
VG_Flower_031,CAT_006,observed_truss_count__lag1,관측 화방 수 lag1,sfkr_hbfm_grow,growth_measure_code,lag 1,1 surveys,개,individual,feature_date,train median after pre-freeze screening; no row deletion,1,definition_ready,,Context,작물 생육,관측범위·품질,1,frozen,CAT_005,tomato_total_flower
VG_Flower_031,CAT_006,observed_truss_count__lag2,관측 화방 수 lag2,sfkr_hbfm_grow,growth_measure_code,lag 2,2 surveys,개,individual,feature_date,train median after pre-freeze screening; no row deletion,1,definition_ready,,Context,작물 생육,관측범위·품질,1,frozen,CAT_005,tomato_total_flower
VG_Flower_031,CAT_006,observed_truss_count__lag3,관측 화방 수 lag3,sfkr_hbfm_grow,growth_measure_code,lag 3,3 surveys,개,individual,feature_date,train median after pre-freeze screening; no row deletion,1,definition_ready,,Context,작물 생육,관측범위·품질,1,frozen,CAT_005,tomato_total_flower
VG_Flower_031,CAT_006,observed_truss_count__roll3_mean,관측 화방 수 roll3_mean,sfkr_hbfm_grow,growth_measure_code,mean,3 valid surveys including current; min_periods=3,개,individual,feature_date,train median after pre-freeze screening; no row deletion,1,definition_ready,,Context,작물 생육,관측범위·품질,1,frozen,CAT_005,tomato_total_flower
VG_Flower_031,CAT_006,observed_truss_count__roll3_std,관측 화방 수 roll3_std,sfkr_hbfm_grow,growth_measure_code,std; ddof=0,3 valid surveys including current; min_periods=3,개,individual,feature_date,train median after pre-freeze screening; no row deletion,1,definition_ready,,Context,작물 생육,관측범위·품질,1,frozen,CAT_005,tomato_total_flower
VG_Flower_031,CAT_006,observed_truss_count__roll3_max,관측 화방 수 roll3_max,sfkr_hbfm_grow,growth_measure_code,max,3 valid surveys including current; min_periods=3,개,individual,feature_date,train median after pre-freeze screening; no row deletion,1,definition_ready,,Context,작물 생육,관측범위·품질,1,frozen,CAT_005,tomato_total_flower
VG_Flower_031,CAT_006,observed_truss_count__roll3_slope,관측 화방 수 roll3_slope,sfkr_hbfm_grow,growth_measure_code,slope; per calendar day,3 valid surveys including current; min_periods=3,개,individual,feature_date,train median after pre-freeze screening; no row deletion,1,definition_ready,,Context,작물 생육,관측범위·품질,1,frozen,CAT_005,tomato_total_flower
VG_Flower_031,CAT_006,observed_truss_count__roll4_mean,관측 화방 수 roll4_mean,sfkr_hbfm_grow,growth_measure_code,mean,4 valid surveys including current; min_periods=4,개,individual,feature_date,train median after pre-freeze screening; no row deletion,1,definition_ready,,Context,작물 생육,관측범위·품질,1,frozen,CAT_005,tomato_total_flower
VG_Flower_031,CAT_006,observed_truss_count__roll4_std,관측 화방 수 roll4_std,sfkr_hbfm_grow,growth_measure_code,std; ddof=0,4 valid surveys including current; min_periods=4,개,individual,feature_date,train median after pre-freeze screening; no row deletion,1,definition_ready,,Context,작물 생육,관측범위·품질,1,frozen,CAT_005,tomato_total_flower
VG_Flower_031,CAT_006,observed_truss_count__roll4_max,관측 화방 수 roll4_max,sfkr_hbfm_grow,growth_measure_code,max,4 valid surveys including current; min_periods=4,개,individual,feature_date,train median after pre-freeze screening; no row deletion,1,definition_ready,,Context,작물 생육,관측범위·품질,1,frozen,CAT_005,tomato_total_flower
VG_Flower_031,CAT_006,observed_truss_count__roll4_slope,관측 화방 수 roll4_slope,sfkr_hbfm_grow,growth_measure_code,slope; per calendar day,4 valid surveys including current; min_periods=4,개,individual,feature_date,train median after pre-freeze screening; no row deletion,1,definition_ready,,Context,작물 생육,관측범위·품질,1,frozen,CAT_005,tomato_total_flower
VG_Flower_031,CAT_021,flower_count__current,전체 꽃 수 current,sfkr_hbfm_grow,growth_measure_code + resolved value column,current valid observation,current,개,individual,feature_date,train median after pre-freeze screening; no row deletion,1,definition_ready,,State,작물 생육,꽃 관측정보,1,frozen,CAT_020,tomato_total_flower
VG_Flower_031,CAT_021,flower_count__delta,전체 꽃 수 delta,sfkr_hbfm_grow,growth_measure_code + resolved value column,current minus previous,1 survey,개,individual,feature_date,train median after pre-freeze screening; no row deletion,1,definition_ready,,State,작물 생육,꽃 관측정보,1,frozen,CAT_020,tomato_total_flower
VG_Flower_031,CAT_021,flower_count__delta_per_day,전체 꽃 수 delta_per_day,sfkr_hbfm_grow,growth_measure_code + resolved value column,delta / positive elapsed days,1 survey,개,individual,feature_date,train median after pre-freeze screening; no row deletion,1,definition_ready,,State,작물 생육,꽃 관측정보,1,frozen,CAT_020,tomato_total_flower
VG_Flower_031,CAT_021,flower_count__lag1,전체 꽃 수 lag1,sfkr_hbfm_grow,growth_measure_code + resolved value column,lag 1,1 surveys,개,individual,feature_date,train median after pre-freeze screening; no row deletion,1,definition_ready,,State,작물 생육,꽃 관측정보,1,frozen,CAT_020,tomato_total_flower
VG_Flower_031,CAT_021,flower_count__lag2,전체 꽃 수 lag2,sfkr_hbfm_grow,growth_measure_code + resolved value column,lag 2,2 surveys,개,individual,feature_date,train median after pre-freeze screening; no row deletion,1,definition_ready,,State,작물 생육,꽃 관측정보,1,frozen,CAT_020,tomato_total_flower
VG_Flower_031,CAT_021,flower_count__lag3,전체 꽃 수 lag3,sfkr_hbfm_grow,growth_measure_code + resolved value column,lag 3,3 surveys,개,individual,feature_date,train median after pre-freeze screening; no row deletion,1,definition_ready,,State,작물 생육,꽃 관측정보,1,frozen,CAT_020,tomato_total_flower
VG_Flower_031,CAT_021,flower_count__roll2_std,전체 꽃 수 roll2_std,sfkr_hbfm_grow,growth_measure_code + resolved value column,std; ddof=0,2 valid surveys including current; min_periods=2,개,individual,feature_date,train median after pre-freeze screening; no row deletion,1,definition_ready,,State,작물 생육,꽃 관측정보,1,frozen,CAT_020,tomato_total_flower
VG_Flower_031,CAT_021,flower_count__roll2_min,전체 꽃 수 roll2_min,sfkr_hbfm_grow,growth_measure_code + resolved value column,min,2 valid surveys including current; min_periods=2,개,individual,feature_date,train median after pre-freeze screening; no row deletion,1,definition_ready,,State,작물 생육,꽃 관측정보,1,frozen,CAT_020,tomato_total_flower
VG_Flower_031,CAT_021,flower_count__roll3_mean,전체 꽃 수 roll3_mean,sfkr_hbfm_grow,growth_measure_code + resolved value column,mean,3 valid surveys including current; min_periods=3,개,individual,feature_date,train median after pre-freeze screening; no row deletion,1,definition_ready,,State,작물 생육,꽃 관측정보,1,frozen,CAT_020,tomato_total_flower
VG_Flower_031,CAT_021,flower_count__roll3_std,전체 꽃 수 roll3_std,sfkr_hbfm_grow,growth_measure_code + resolved value column,std; ddof=0,3 valid surveys including current; min_periods=3,개,individual,feature_date,train median after pre-freeze screening; no row deletion,1,definition_ready,,State,작물 생육,꽃 관측정보,1,frozen,CAT_020,tomato_total_flower
VG_Flower_031,CAT_021,flower_count__roll3_min,전체 꽃 수 roll3_min,sfkr_hbfm_grow,growth_measure_code + resolved value column,min,3 valid surveys including current; min_periods=3,개,individual,feature_date,train median after pre-freeze screening; no row deletion,1,definition_ready,,State,작물 생육,꽃 관측정보,1,frozen,CAT_020,tomato_total_flower
VG_Flower_031,CAT_021,flower_count__roll3_max,전체 꽃 수 roll3_max,sfkr_hbfm_grow,growth_measure_code + resolved value column,max,3 valid surveys including current; min_periods=3,개,individual,feature_date,train median after pre-freeze screening; no row deletion,1,definition_ready,,State,작물 생육,꽃 관측정보,1,frozen,CAT_020,tomato_total_flower
VG_Flower_031,CAT_021,flower_count__roll3_slope,전체 꽃 수 roll3_slope,sfkr_hbfm_grow,growth_measure_code + resolved value column,slope; per calendar day,3 valid surveys including current; min_periods=3,개,individual,feature_date,train median after pre-freeze screening; no row deletion,1,definition_ready,,State,작물 생육,꽃 관측정보,1,frozen,CAT_020,tomato_total_flower
VG_Flower_031,CAT_021,flower_count__roll4_mean,전체 꽃 수 roll4_mean,sfkr_hbfm_grow,growth_measure_code + resolved value column,mean,4 valid surveys including current; min_periods=4,개,individual,feature_date,train median after pre-freeze screening; no row deletion,1,definition_ready,,State,작물 생육,꽃 관측정보,1,frozen,CAT_020,tomato_total_flower
VG_Flower_031,CAT_021,flower_count__roll4_std,전체 꽃 수 roll4_std,sfkr_hbfm_grow,growth_measure_code + resolved value column,std; ddof=0,4 valid surveys including current; min_periods=4,개,individual,feature_date,train median after pre-freeze screening; no row deletion,1,definition_ready,,State,작물 생육,꽃 관측정보,1,frozen,CAT_020,tomato_total_flower
VG_Flower_031,CAT_021,flower_count__roll4_min,전체 꽃 수 roll4_min,sfkr_hbfm_grow,growth_measure_code + resolved value column,min,4 valid surveys including current; min_periods=4,개,individual,feature_date,train median after pre-freeze screening; no row deletion,1,definition_ready,,State,작물 생육,꽃 관측정보,1,frozen,CAT_020,tomato_total_flower
VG_Flower_031,CAT_021,flower_count__roll4_max,전체 꽃 수 roll4_max,sfkr_hbfm_grow,growth_measure_code + resolved value column,max,4 valid surveys including current; min_periods=4,개,individual,feature_date,train median after pre-freeze screening; no row deletion,1,definition_ready,,State,작물 생육,꽃 관측정보,1,frozen,CAT_020,tomato_total_flower
VG_Flower_031,CAT_021,flower_count__roll4_slope,전체 꽃 수 roll4_slope,sfkr_hbfm_grow,growth_measure_code + resolved value column,slope; per calendar day,4 valid surveys including current; min_periods=4,개,individual,feature_date,train median after pre-freeze screening; no row deletion,1,definition_ready,,State,작물 생육,꽃 관측정보,1,frozen,CAT_020,tomato_total_flower
VG_Flower_031,CAT_046,EI__HI__1d_mean,내부습도 직전 1일 mean,sfkr_hbfm_env_con,EI/HI -> sen_val,mean,"[t-1d,t)",%,facility,feature_date,train median after pre-freeze screening; no row deletion,1,definition_ready,,State,실내환경,실내 온습도,1,frozen,CAT_045,tomato_total_flower
VG_Flower_031,CAT_046,EI__HI__1d_std,내부습도 직전 1일 std,sfkr_hbfm_env_con,EI/HI -> sen_val,std; ddof=0,"[t-1d,t)",%,facility,feature_date,train median after pre-freeze screening; no row deletion,1,definition_ready,,State,실내환경,실내 온습도,1,frozen,CAT_045,tomato_total_flower
VG_Flower_031,CAT_046,EI__HI__1d_min,내부습도 직전 1일 min,sfkr_hbfm_env_con,EI/HI -> sen_val,min,"[t-1d,t)",%,facility,feature_date,train median after pre-freeze screening; no row deletion,1,definition_ready,,State,실내환경,실내 온습도,1,frozen,CAT_045,tomato_total_flower
VG_Flower_031,CAT_046,EI__HI__1d_max,내부습도 직전 1일 max,sfkr_hbfm_env_con,EI/HI -> sen_val,max,"[t-1d,t)",%,facility,feature_date,train median after pre-freeze screening; no row deletion,1,definition_ready,,State,실내환경,실내 온습도,1,frozen,CAT_045,tomato_total_flower
VG_Flower_031,CAT_046,EI__HI__3d_mean,내부습도 직전 3일 mean,sfkr_hbfm_env_con,EI/HI -> sen_val,mean,"[t-3d,t)",%,facility,feature_date,train median after pre-freeze screening; no row deletion,1,definition_ready,,State,실내환경,실내 온습도,1,frozen,CAT_045,tomato_total_flower
VG_Flower_031,CAT_046,EI__HI__3d_std,내부습도 직전 3일 std,sfkr_hbfm_env_con,EI/HI -> sen_val,std; ddof=0,"[t-3d,t)",%,facility,feature_date,train median after pre-freeze screening; no row deletion,1,definition_ready,,State,실내환경,실내 온습도,1,frozen,CAT_045,tomato_total_flower
VG_Flower_031,CAT_046,EI__HI__3d_min,내부습도 직전 3일 min,sfkr_hbfm_env_con,EI/HI -> sen_val,min,"[t-3d,t)",%,facility,feature_date,train median after pre-freeze screening; no row deletion,1,definition_ready,,State,실내환경,실내 온습도,1,frozen,CAT_045,tomato_total_flower
VG_Flower_031,CAT_046,EI__HI__3d_max,내부습도 직전 3일 max,sfkr_hbfm_env_con,EI/HI -> sen_val,max,"[t-3d,t)",%,facility,feature_date,train median after pre-freeze screening; no row deletion,1,definition_ready,,State,실내환경,실내 온습도,1,frozen,CAT_045,tomato_total_flower
VG_Flower_031,CAT_046,EI__HI__7d_mean,내부습도 직전 7일 mean,sfkr_hbfm_env_con,EI/HI -> sen_val,mean,"[t-7d,t)",%,facility,feature_date,train median after pre-freeze screening; no row deletion,1,definition_ready,,State,실내환경,실내 온습도,1,frozen,CAT_045,tomato_total_flower
VG_Flower_031,CAT_046,EI__HI__7d_std,내부습도 직전 7일 std,sfkr_hbfm_env_con,EI/HI -> sen_val,std; ddof=0,"[t-7d,t)",%,facility,feature_date,train median after pre-freeze screening; no row deletion,1,definition_ready,,State,실내환경,실내 온습도,1,frozen,CAT_045,tomato_total_flower
VG_Flower_031,CAT_046,EI__HI__7d_min,내부습도 직전 7일 min,sfkr_hbfm_env_con,EI/HI -> sen_val,min,"[t-7d,t)",%,facility,feature_date,train median after pre-freeze screening; no row deletion,1,definition_ready,,State,실내환경,실내 온습도,1,frozen,CAT_045,tomato_total_flower
VG_Flower_031,CAT_046,EI__HI__7d_max,내부습도 직전 7일 max,sfkr_hbfm_env_con,EI/HI -> sen_val,max,"[t-7d,t)",%,facility,feature_date,train median after pre-freeze screening; no row deletion,1,definition_ready,,State,실내환경,실내 온습도,1,frozen,CAT_045,tomato_total_flower
VG_Flower_031,CAT_046,EI__TI__1d_mean,내부온도 직전 1일 mean,sfkr_hbfm_env_con,EI/TI -> sen_val,mean,"[t-1d,t)",도,facility,feature_date,train median after pre-freeze screening; no row deletion,1,definition_ready,,State,실내환경,실내 온습도,1,frozen,CAT_045,tomato_total_flower
VG_Flower_031,CAT_046,EI__TI__1d_std,내부온도 직전 1일 std,sfkr_hbfm_env_con,EI/TI -> sen_val,std; ddof=0,"[t-1d,t)",도,facility,feature_date,train median after pre-freeze screening; no row deletion,1,definition_ready,,State,실내환경,실내 온습도,1,frozen,CAT_045,tomato_total_flower
VG_Flower_031,CAT_046,EI__TI__1d_min,내부온도 직전 1일 min,sfkr_hbfm_env_con,EI/TI -> sen_val,min,"[t-1d,t)",도,facility,feature_date,train median after pre-freeze screening; no row deletion,1,definition_ready,,State,실내환경,실내 온습도,1,frozen,CAT_045,tomato_total_flower
VG_Flower_031,CAT_046,EI__TI__1d_max,내부온도 직전 1일 max,sfkr_hbfm_env_con,EI/TI -> sen_val,max,"[t-1d,t)",도,facility,feature_date,train median after pre-freeze screening; no row deletion,1,definition_ready,,State,실내환경,실내 온습도,1,frozen,CAT_045,tomato_total_flower
VG_Flower_031,CAT_046,EI__TI__3d_mean,내부온도 직전 3일 mean,sfkr_hbfm_env_con,EI/TI -> sen_val,mean,"[t-3d,t)",도,facility,feature_date,train median after pre-freeze screening; no row deletion,1,definition_ready,,State,실내환경,실내 온습도,1,frozen,CAT_045,tomato_total_flower
VG_Flower_031,CAT_046,EI__TI__3d_std,내부온도 직전 3일 std,sfkr_hbfm_env_con,EI/TI -> sen_val,std; ddof=0,"[t-3d,t)",도,facility,feature_date,train median after pre-freeze screening; no row deletion,1,definition_ready,,State,실내환경,실내 온습도,1,frozen,CAT_045,tomato_total_flower
VG_Flower_031,CAT_046,EI__TI__3d_min,내부온도 직전 3일 min,sfkr_hbfm_env_con,EI/TI -> sen_val,min,"[t-3d,t)",도,facility,feature_date,train median after pre-freeze screening; no row deletion,1,definition_ready,,State,실내환경,실내 온습도,1,frozen,CAT_045,tomato_total_flower
VG_Flower_031,CAT_046,EI__TI__3d_max,내부온도 직전 3일 max,sfkr_hbfm_env_con,EI/TI -> sen_val,max,"[t-3d,t)",도,facility,feature_date,train median after pre-freeze screening; no row deletion,1,definition_ready,,State,실내환경,실내 온습도,1,frozen,CAT_045,tomato_total_flower
VG_Flower_031,CAT_046,EI__TI__7d_mean,내부온도 직전 7일 mean,sfkr_hbfm_env_con,EI/TI -> sen_val,mean,"[t-7d,t)",도,facility,feature_date,train median after pre-freeze screening; no row deletion,1,definition_ready,,State,실내환경,실내 온습도,1,frozen,CAT_045,tomato_total_flower
VG_Flower_031,CAT_046,EI__TI__7d_std,내부온도 직전 7일 std,sfkr_hbfm_env_con,EI/TI -> sen_val,std; ddof=0,"[t-7d,t)",도,facility,feature_date,train median after pre-freeze screening; no row deletion,1,definition_ready,,State,실내환경,실내 온습도,1,frozen,CAT_045,tomato_total_flower
VG_Flower_031,CAT_046,EI__TI__7d_min,내부온도 직전 7일 min,sfkr_hbfm_env_con,EI/TI -> sen_val,min,"[t-7d,t)",도,facility,feature_date,train median after pre-freeze screening; no row deletion,1,definition_ready,,State,실내환경,실내 온습도,1,frozen,CAT_045,tomato_total_flower
VG_Flower_031,CAT_046,EI__TI__7d_max,내부온도 직전 7일 max,sfkr_hbfm_env_con,EI/TI -> sen_val,max,"[t-7d,t)",도,facility,feature_date,train median after pre-freeze screening; no row deletion,1,definition_ready,,State,실내환경,실내 온습도,1,frozen,CAT_045,tomato_total_flower
VG_Flower_023,CAT_021,flower_count__current,전체 꽃 수 current,sfkr_hbfm_grow,growth_measure_code + resolved value column,current valid observation,current,개,individual,feature_date,train median after pre-freeze screening; no row deletion,1,definition_ready,,State,작물 생육,꽃 관측정보,1,frozen,CAT_020,tomato_total_flower
VG_Flower_023,CAT_021,flower_count__delta,전체 꽃 수 delta,sfkr_hbfm_grow,growth_measure_code + resolved value column,current minus previous,1 survey,개,individual,feature_date,train median after pre-freeze screening; no row deletion,1,definition_ready,,State,작물 생육,꽃 관측정보,1,frozen,CAT_020,tomato_total_flower
VG_Flower_023,CAT_021,flower_count__delta_per_day,전체 꽃 수 delta_per_day,sfkr_hbfm_grow,growth_measure_code + resolved value column,delta / positive elapsed days,1 survey,개,individual,feature_date,train median after pre-freeze screening; no row deletion,1,definition_ready,,State,작물 생육,꽃 관측정보,1,frozen,CAT_020,tomato_total_flower
VG_Flower_023,CAT_021,flower_count__lag1,전체 꽃 수 lag1,sfkr_hbfm_grow,growth_measure_code + resolved value column,lag 1,1 surveys,개,individual,feature_date,train median after pre-freeze screening; no row deletion,1,definition_ready,,State,작물 생육,꽃 관측정보,1,frozen,CAT_020,tomato_total_flower
VG_Flower_023,CAT_021,flower_count__lag2,전체 꽃 수 lag2,sfkr_hbfm_grow,growth_measure_code + resolved value column,lag 2,2 surveys,개,individual,feature_date,train median after pre-freeze screening; no row deletion,1,definition_ready,,State,작물 생육,꽃 관측정보,1,frozen,CAT_020,tomato_total_flower
VG_Flower_023,CAT_021,flower_count__lag3,전체 꽃 수 lag3,sfkr_hbfm_grow,growth_measure_code + resolved value column,lag 3,3 surveys,개,individual,feature_date,train median after pre-freeze screening; no row deletion,1,definition_ready,,State,작물 생육,꽃 관측정보,1,frozen,CAT_020,tomato_total_flower
VG_Flower_023,CAT_021,flower_count__roll2_std,전체 꽃 수 roll2_std,sfkr_hbfm_grow,growth_measure_code + resolved value column,std; ddof=0,2 valid surveys including current; min_periods=2,개,individual,feature_date,train median after pre-freeze screening; no row deletion,1,definition_ready,,State,작물 생육,꽃 관측정보,1,frozen,CAT_020,tomato_total_flower
VG_Flower_023,CAT_021,flower_count__roll2_min,전체 꽃 수 roll2_min,sfkr_hbfm_grow,growth_measure_code + resolved value column,min,2 valid surveys including current; min_periods=2,개,individual,feature_date,train median after pre-freeze screening; no row deletion,1,definition_ready,,State,작물 생육,꽃 관측정보,1,frozen,CAT_020,tomato_total_flower
VG_Flower_023,CAT_021,flower_count__roll3_mean,전체 꽃 수 roll3_mean,sfkr_hbfm_grow,growth_measure_code + resolved value column,mean,3 valid surveys including current; min_periods=3,개,individual,feature_date,train median after pre-freeze screening; no row deletion,1,definition_ready,,State,작물 생육,꽃 관측정보,1,frozen,CAT_020,tomato_total_flower
VG_Flower_023,CAT_021,flower_count__roll3_std,전체 꽃 수 roll3_std,sfkr_hbfm_grow,growth_measure_code + resolved value column,std; ddof=0,3 valid surveys including current; min_periods=3,개,individual,feature_date,train median after pre-freeze screening; no row deletion,1,definition_ready,,State,작물 생육,꽃 관측정보,1,frozen,CAT_020,tomato_total_flower
VG_Flower_023,CAT_021,flower_count__roll3_min,전체 꽃 수 roll3_min,sfkr_hbfm_grow,growth_measure_code + resolved value column,min,3 valid surveys including current; min_periods=3,개,individual,feature_date,train median after pre-freeze screening; no row deletion,1,definition_ready,,State,작물 생육,꽃 관측정보,1,frozen,CAT_020,tomato_total_flower
VG_Flower_023,CAT_021,flower_count__roll3_max,전체 꽃 수 roll3_max,sfkr_hbfm_grow,growth_measure_code + resolved value column,max,3 valid surveys including current; min_periods=3,개,individual,feature_date,train median after pre-freeze screening; no row deletion,1,definition_ready,,State,작물 생육,꽃 관측정보,1,frozen,CAT_020,tomato_total_flower
VG_Flower_023,CAT_021,flower_count__roll3_slope,전체 꽃 수 roll3_slope,sfkr_hbfm_grow,growth_measure_code + resolved value column,slope; per calendar day,3 valid surveys including current; min_periods=3,개,individual,feature_date,train median after pre-freeze screening; no row deletion,1,definition_ready,,State,작물 생육,꽃 관측정보,1,frozen,CAT_020,tomato_total_flower
VG_Flower_023,CAT_021,flower_count__roll4_mean,전체 꽃 수 roll4_mean,sfkr_hbfm_grow,growth_measure_code + resolved value column,mean,4 valid surveys including current; min_periods=4,개,individual,feature_date,train median after pre-freeze screening; no row deletion,1,definition_ready,,State,작물 생육,꽃 관측정보,1,frozen,CAT_020,tomato_total_flower
VG_Flower_023,CAT_021,flower_count__roll4_std,전체 꽃 수 roll4_std,sfkr_hbfm_grow,growth_measure_code + resolved value column,std; ddof=0,4 valid surveys including current; min_periods=4,개,individual,feature_date,train median after pre-freeze screening; no row deletion,1,definition_ready,,State,작물 생육,꽃 관측정보,1,frozen,CAT_020,tomato_total_flower
VG_Flower_023,CAT_021,flower_count__roll4_min,전체 꽃 수 roll4_min,sfkr_hbfm_grow,growth_measure_code + resolved value column,min,4 valid surveys including current; min_periods=4,개,individual,feature_date,train median after pre-freeze screening; no row deletion,1,definition_ready,,State,작물 생육,꽃 관측정보,1,frozen,CAT_020,tomato_total_flower
VG_Flower_023,CAT_021,flower_count__roll4_max,전체 꽃 수 roll4_max,sfkr_hbfm_grow,growth_measure_code + resolved value column,max,4 valid surveys including current; min_periods=4,개,individual,feature_date,train median after pre-freeze screening; no row deletion,1,definition_ready,,State,작물 생육,꽃 관측정보,1,frozen,CAT_020,tomato_total_flower
VG_Flower_023,CAT_021,flower_count__roll4_slope,전체 꽃 수 roll4_slope,sfkr_hbfm_grow,growth_measure_code + resolved value column,slope; per calendar day,4 valid surveys including current; min_periods=4,개,individual,feature_date,train median after pre-freeze screening; no row deletion,1,definition_ready,,State,작물 생육,꽃 관측정보,1,frozen,CAT_020,tomato_total_flower
VG_Flower_023,CAT_033,days_since_previous,이전 조사 후 경과일,growth/crop source,measurement date/cropping_date/current count,observed history only; ISO week period=52.1775,through current,day,individual,feature_date,train median after pre-freeze screening; no row deletion,1,definition_ready,,Context,재배 맥락,시간정보,1,frozen,CAT_029,tomato_total_flower
VG_Flower_023,CAT_033,days_since_first_measurement,최초 조사 후 경과일,growth/crop source,measurement date/cropping_date/current count,observed history only; ISO week period=52.1775,through current,day,individual,feature_date,train median after pre-freeze screening; no row deletion,1,definition_ready,,Context,재배 맥락,시간정보,1,frozen,CAT_029,tomato_total_flower
VG_Flower_023,CAT_033,days_since_crop_start,작기 시작 후 경과일,growth/crop source,measurement date/cropping_date/current count,observed history only; ISO week period=52.1775,through current,day,individual,feature_date,train median after pre-freeze screening; no row deletion,1,definition_ready,,Context,재배 맥락,시간정보,1,frozen,CAT_029,tomato_total_flower
VG_Flower_023,CAT_033,week_sin,연중 주차 사인값,growth/crop source,measurement date/cropping_date/current count,observed history only; ISO week period=52.1775,through current,unitless,individual,feature_date,train median after pre-freeze screening; no row deletion,1,definition_ready,,Context,재배 맥락,시간정보,1,frozen,CAT_029,tomato_total_flower
VG_Flower_023,CAT_033,week_cos,연중 주차 코사인값,growth/crop source,measurement date/cropping_date/current count,observed history only; ISO week period=52.1775,through current,unitless,individual,feature_date,train median after pre-freeze screening; no row deletion,1,definition_ready,,Context,재배 맥락,시간정보,1,frozen,CAT_029,tomato_total_flower
VG_Flower_015,CAT_003,current_max_truss_number__current,최대 관측 화방번호 current,sfkr_hbfm_grow,growth_measure_code,current valid observation,current,번호,individual,feature_date,train median after pre-freeze screening; no row deletion,1,definition_ready,,State,작물 생육,화방 관측정보,1,frozen,CAT_002,tomato_total_flower
VG_Flower_015,CAT_003,current_max_truss_number__delta,최대 관측 화방번호 delta,sfkr_hbfm_grow,growth_measure_code,current minus previous,1 survey,번호,individual,feature_date,train median after pre-freeze screening; no row deletion,1,definition_ready,,State,작물 생육,화방 관측정보,1,frozen,CAT_002,tomato_total_flower
VG_Flower_015,CAT_003,current_max_truss_number__delta_per_day,최대 관측 화방번호 delta_per_day,sfkr_hbfm_grow,growth_measure_code,delta / positive elapsed days,1 survey,번호,individual,feature_date,train median after pre-freeze screening; no row deletion,1,definition_ready,,State,작물 생육,화방 관측정보,1,frozen,CAT_002,tomato_total_flower
VG_Flower_015,CAT_003,current_max_truss_number__lag1,최대 관측 화방번호 lag1,sfkr_hbfm_grow,growth_measure_code,lag 1,1 surveys,번호,individual,feature_date,train median after pre-freeze screening; no row deletion,1,definition_ready,,State,작물 생육,화방 관측정보,1,frozen,CAT_002,tomato_total_flower
VG_Flower_015,CAT_003,current_max_truss_number__lag2,최대 관측 화방번호 lag2,sfkr_hbfm_grow,growth_measure_code,lag 2,2 surveys,번호,individual,feature_date,train median after pre-freeze screening; no row deletion,1,definition_ready,,State,작물 생육,화방 관측정보,1,frozen,CAT_002,tomato_total_flower
VG_Flower_015,CAT_003,current_max_truss_number__lag3,최대 관측 화방번호 lag3,sfkr_hbfm_grow,growth_measure_code,lag 3,3 surveys,번호,individual,feature_date,train median after pre-freeze screening; no row deletion,1,definition_ready,,State,작물 생육,화방 관측정보,1,frozen,CAT_002,tomato_total_flower
VG_Flower_015,CAT_003,current_max_truss_number__roll3_mean,최대 관측 화방번호 roll3_mean,sfkr_hbfm_grow,growth_measure_code,mean,3 valid surveys including current; min_periods=3,번호,individual,feature_date,train median after pre-freeze screening; no row deletion,1,definition_ready,,State,작물 생육,화방 관측정보,1,frozen,CAT_002,tomato_total_flower
VG_Flower_015,CAT_003,current_max_truss_number__roll3_std,최대 관측 화방번호 roll3_std,sfkr_hbfm_grow,growth_measure_code,std; ddof=0,3 valid surveys including current; min_periods=3,번호,individual,feature_date,train median after pre-freeze screening; no row deletion,1,definition_ready,,State,작물 생육,화방 관측정보,1,frozen,CAT_002,tomato_total_flower
VG_Flower_015,CAT_003,current_max_truss_number__roll3_max,최대 관측 화방번호 roll3_max,sfkr_hbfm_grow,growth_measure_code,max,3 valid surveys including current; min_periods=3,번호,individual,feature_date,train median after pre-freeze screening; no row deletion,1,definition_ready,,State,작물 생육,화방 관측정보,1,frozen,CAT_002,tomato_total_flower
VG_Flower_015,CAT_003,current_max_truss_number__roll3_slope,최대 관측 화방번호 roll3_slope,sfkr_hbfm_grow,growth_measure_code,slope; per calendar day,3 valid surveys including current; min_periods=3,번호,individual,feature_date,train median after pre-freeze screening; no row deletion,1,definition_ready,,State,작물 생육,화방 관측정보,1,frozen,CAT_002,tomato_total_flower
VG_Flower_015,CAT_003,current_max_truss_number__roll4_mean,최대 관측 화방번호 roll4_mean,sfkr_hbfm_grow,growth_measure_code,mean,4 valid surveys including current; min_periods=4,번호,individual,feature_date,train median after pre-freeze screening; no row deletion,1,definition_ready,,State,작물 생육,화방 관측정보,1,frozen,CAT_002,tomato_total_flower
VG_Flower_015,CAT_003,current_max_truss_number__roll4_std,최대 관측 화방번호 roll4_std,sfkr_hbfm_grow,growth_measure_code,std; ddof=0,4 valid surveys including current; min_periods=4,번호,individual,feature_date,train median after pre-freeze screening; no row deletion,1,definition_ready,,State,작물 생육,화방 관측정보,1,frozen,CAT_002,tomato_total_flower
VG_Flower_015,CAT_003,current_max_truss_number__roll4_max,최대 관측 화방번호 roll4_max,sfkr_hbfm_grow,growth_measure_code,max,4 valid surveys including current; min_periods=4,번호,individual,feature_date,train median after pre-freeze screening; no row deletion,1,definition_ready,,State,작물 생육,화방 관측정보,1,frozen,CAT_002,tomato_total_flower
VG_Flower_015,CAT_003,current_max_truss_number__roll4_slope,최대 관측 화방번호 roll4_slope,sfkr_hbfm_grow,growth_measure_code,slope; per calendar day,4 valid surveys including current; min_periods=4,번호,individual,feature_date,train median after pre-freeze screening; no row deletion,1,definition_ready,,State,작물 생육,화방 관측정보,1,frozen,CAT_002,tomato_total_flower
VG_Flower_015,CAT_003,positive_truss_count__current,꽃이 있는 화방 수 current,sfkr_hbfm_grow,growth_measure_code + resolved value column,current valid observation,current,개,individual,feature_date,train median after pre-freeze screening; no row deletion,1,definition_ready,,State,작물 생육,화방 관측정보,1,frozen,CAT_002,tomato_total_flower
VG_Flower_015,CAT_003,positive_truss_count__delta,꽃이 있는 화방 수 delta,sfkr_hbfm_grow,growth_measure_code + resolved value column,current minus previous,1 survey,개,individual,feature_date,train median after pre-freeze screening; no row deletion,1,definition_ready,,State,작물 생육,화방 관측정보,1,frozen,CAT_002,tomato_total_flower
VG_Flower_015,CAT_003,positive_truss_count__delta_per_day,꽃이 있는 화방 수 delta_per_day,sfkr_hbfm_grow,growth_measure_code + resolved value column,delta / positive elapsed days,1 survey,개,individual,feature_date,train median after pre-freeze screening; no row deletion,1,definition_ready,,State,작물 생육,화방 관측정보,1,frozen,CAT_002,tomato_total_flower
VG_Flower_015,CAT_003,positive_truss_count__lag1,꽃이 있는 화방 수 lag1,sfkr_hbfm_grow,growth_measure_code + resolved value column,lag 1,1 surveys,개,individual,feature_date,train median after pre-freeze screening; no row deletion,1,definition_ready,,State,작물 생육,화방 관측정보,1,frozen,CAT_002,tomato_total_flower
VG_Flower_015,CAT_003,positive_truss_count__lag2,꽃이 있는 화방 수 lag2,sfkr_hbfm_grow,growth_measure_code + resolved value column,lag 2,2 surveys,개,individual,feature_date,train median after pre-freeze screening; no row deletion,1,definition_ready,,State,작물 생육,화방 관측정보,1,frozen,CAT_002,tomato_total_flower
VG_Flower_015,CAT_003,positive_truss_count__lag3,꽃이 있는 화방 수 lag3,sfkr_hbfm_grow,growth_measure_code + resolved value column,lag 3,3 surveys,개,individual,feature_date,train median after pre-freeze screening; no row deletion,1,definition_ready,,State,작물 생육,화방 관측정보,1,frozen,CAT_002,tomato_total_flower
VG_Flower_015,CAT_003,positive_truss_count__roll2_std,꽃이 있는 화방 수 roll2_std,sfkr_hbfm_grow,growth_measure_code + resolved value column,std; ddof=0,2 valid surveys including current; min_periods=2,개,individual,feature_date,train median after pre-freeze screening; no row deletion,1,definition_ready,,State,작물 생육,화방 관측정보,1,frozen,CAT_002,tomato_total_flower
VG_Flower_015,CAT_003,positive_truss_count__roll2_min,꽃이 있는 화방 수 roll2_min,sfkr_hbfm_grow,growth_measure_code + resolved value column,min,2 valid surveys including current; min_periods=2,개,individual,feature_date,train median after pre-freeze screening; no row deletion,1,definition_ready,,State,작물 생육,화방 관측정보,1,frozen,CAT_002,tomato_total_flower
VG_Flower_015,CAT_003,positive_truss_count__roll3_mean,꽃이 있는 화방 수 roll3_mean,sfkr_hbfm_grow,growth_measure_code + resolved value column,mean,3 valid surveys including current; min_periods=3,개,individual,feature_date,train median after pre-freeze screening; no row deletion,1,definition_ready,,State,작물 생육,화방 관측정보,1,frozen,CAT_002,tomato_total_flower
VG_Flower_015,CAT_003,positive_truss_count__roll3_std,꽃이 있는 화방 수 roll3_std,sfkr_hbfm_grow,growth_measure_code + resolved value column,std; ddof=0,3 valid surveys including current; min_periods=3,개,individual,feature_date,train median after pre-freeze screening; no row deletion,1,definition_ready,,State,작물 생육,화방 관측정보,1,frozen,CAT_002,tomato_total_flower
VG_Flower_015,CAT_003,positive_truss_count__roll3_min,꽃이 있는 화방 수 roll3_min,sfkr_hbfm_grow,growth_measure_code + resolved value column,min,3 valid surveys including current; min_periods=3,개,individual,feature_date,train median after pre-freeze screening; no row deletion,1,definition_ready,,State,작물 생육,화방 관측정보,1,frozen,CAT_002,tomato_total_flower
VG_Flower_015,CAT_003,positive_truss_count__roll3_max,꽃이 있는 화방 수 roll3_max,sfkr_hbfm_grow,growth_measure_code + resolved value column,max,3 valid surveys including current; min_periods=3,개,individual,feature_date,train median after pre-freeze screening; no row deletion,1,definition_ready,,State,작물 생육,화방 관측정보,1,frozen,CAT_002,tomato_total_flower
VG_Flower_015,CAT_003,positive_truss_count__roll3_slope,꽃이 있는 화방 수 roll3_slope,sfkr_hbfm_grow,growth_measure_code + resolved value column,slope; per calendar day,3 valid surveys including current; min_periods=3,개,individual,feature_date,train median after pre-freeze screening; no row deletion,1,definition_ready,,State,작물 생육,화방 관측정보,1,frozen,CAT_002,tomato_total_flower
VG_Flower_015,CAT_003,positive_truss_count__roll4_mean,꽃이 있는 화방 수 roll4_mean,sfkr_hbfm_grow,growth_measure_code + resolved value column,mean,4 valid surveys including current; min_periods=4,개,individual,feature_date,train median after pre-freeze screening; no row deletion,1,definition_ready,,State,작물 생육,화방 관측정보,1,frozen,CAT_002,tomato_total_flower
VG_Flower_015,CAT_003,positive_truss_count__roll4_std,꽃이 있는 화방 수 roll4_std,sfkr_hbfm_grow,growth_measure_code + resolved value column,std; ddof=0,4 valid surveys including current; min_periods=4,개,individual,feature_date,train median after pre-freeze screening; no row deletion,1,definition_ready,,State,작물 생육,화방 관측정보,1,frozen,CAT_002,tomato_total_flower
VG_Flower_015,CAT_003,positive_truss_count__roll4_min,꽃이 있는 화방 수 roll4_min,sfkr_hbfm_grow,growth_measure_code + resolved value column,min,4 valid surveys including current; min_periods=4,개,individual,feature_date,train median after pre-freeze screening; no row deletion,1,definition_ready,,State,작물 생육,화방 관측정보,1,frozen,CAT_002,tomato_total_flower
VG_Flower_015,CAT_003,positive_truss_count__roll4_max,꽃이 있는 화방 수 roll4_max,sfkr_hbfm_grow,growth_measure_code + resolved value column,max,4 valid surveys including current; min_periods=4,개,individual,feature_date,train median after pre-freeze screening; no row deletion,1,definition_ready,,State,작물 생육,화방 관측정보,1,frozen,CAT_002,tomato_total_flower
VG_Flower_015,CAT_003,positive_truss_count__roll4_slope,꽃이 있는 화방 수 roll4_slope,sfkr_hbfm_grow,growth_measure_code + resolved value column,slope; per calendar day,4 valid surveys including current; min_periods=4,개,individual,feature_date,train median after pre-freeze screening; no row deletion,1,definition_ready,,State,작물 생육,화방 관측정보,1,frozen,CAT_002,tomato_total_flower
VG_Flower_015,CAT_021,flower_count__current,전체 꽃 수 current,sfkr_hbfm_grow,growth_measure_code + resolved value column,current valid observation,current,개,individual,feature_date,train median after pre-freeze screening; no row deletion,1,definition_ready,,State,작물 생육,꽃 관측정보,1,frozen,CAT_020,tomato_total_flower
VG_Flower_015,CAT_021,flower_count__delta,전체 꽃 수 delta,sfkr_hbfm_grow,growth_measure_code + resolved value column,current minus previous,1 survey,개,individual,feature_date,train median after pre-freeze screening; no row deletion,1,definition_ready,,State,작물 생육,꽃 관측정보,1,frozen,CAT_020,tomato_total_flower
VG_Flower_015,CAT_021,flower_count__delta_per_day,전체 꽃 수 delta_per_day,sfkr_hbfm_grow,growth_measure_code + resolved value column,delta / positive elapsed days,1 survey,개,individual,feature_date,train median after pre-freeze screening; no row deletion,1,definition_ready,,State,작물 생육,꽃 관측정보,1,frozen,CAT_020,tomato_total_flower
VG_Flower_015,CAT_021,flower_count__lag1,전체 꽃 수 lag1,sfkr_hbfm_grow,growth_measure_code + resolved value column,lag 1,1 surveys,개,individual,feature_date,train median after pre-freeze screening; no row deletion,1,definition_ready,,State,작물 생육,꽃 관측정보,1,frozen,CAT_020,tomato_total_flower
VG_Flower_015,CAT_021,flower_count__lag2,전체 꽃 수 lag2,sfkr_hbfm_grow,growth_measure_code + resolved value column,lag 2,2 surveys,개,individual,feature_date,train median after pre-freeze screening; no row deletion,1,definition_ready,,State,작물 생육,꽃 관측정보,1,frozen,CAT_020,tomato_total_flower
VG_Flower_015,CAT_021,flower_count__lag3,전체 꽃 수 lag3,sfkr_hbfm_grow,growth_measure_code + resolved value column,lag 3,3 surveys,개,individual,feature_date,train median after pre-freeze screening; no row deletion,1,definition_ready,,State,작물 생육,꽃 관측정보,1,frozen,CAT_020,tomato_total_flower
VG_Flower_015,CAT_021,flower_count__roll2_std,전체 꽃 수 roll2_std,sfkr_hbfm_grow,growth_measure_code + resolved value column,std; ddof=0,2 valid surveys including current; min_periods=2,개,individual,feature_date,train median after pre-freeze screening; no row deletion,1,definition_ready,,State,작물 생육,꽃 관측정보,1,frozen,CAT_020,tomato_total_flower
VG_Flower_015,CAT_021,flower_count__roll2_min,전체 꽃 수 roll2_min,sfkr_hbfm_grow,growth_measure_code + resolved value column,min,2 valid surveys including current; min_periods=2,개,individual,feature_date,train median after pre-freeze screening; no row deletion,1,definition_ready,,State,작물 생육,꽃 관측정보,1,frozen,CAT_020,tomato_total_flower
VG_Flower_015,CAT_021,flower_count__roll3_mean,전체 꽃 수 roll3_mean,sfkr_hbfm_grow,growth_measure_code + resolved value column,mean,3 valid surveys including current; min_periods=3,개,individual,feature_date,train median after pre-freeze screening; no row deletion,1,definition_ready,,State,작물 생육,꽃 관측정보,1,frozen,CAT_020,tomato_total_flower
VG_Flower_015,CAT_021,flower_count__roll3_std,전체 꽃 수 roll3_std,sfkr_hbfm_grow,growth_measure_code + resolved value column,std; ddof=0,3 valid surveys including current; min_periods=3,개,individual,feature_date,train median after pre-freeze screening; no row deletion,1,definition_ready,,State,작물 생육,꽃 관측정보,1,frozen,CAT_020,tomato_total_flower
VG_Flower_015,CAT_021,flower_count__roll3_min,전체 꽃 수 roll3_min,sfkr_hbfm_grow,growth_measure_code + resolved value column,min,3 valid surveys including current; min_periods=3,개,individual,feature_date,train median after pre-freeze screening; no row deletion,1,definition_ready,,State,작물 생육,꽃 관측정보,1,frozen,CAT_020,tomato_total_flower
VG_Flower_015,CAT_021,flower_count__roll3_max,전체 꽃 수 roll3_max,sfkr_hbfm_grow,growth_measure_code + resolved value column,max,3 valid surveys including current; min_periods=3,개,individual,feature_date,train median after pre-freeze screening; no row deletion,1,definition_ready,,State,작물 생육,꽃 관측정보,1,frozen,CAT_020,tomato_total_flower
VG_Flower_015,CAT_021,flower_count__roll3_slope,전체 꽃 수 roll3_slope,sfkr_hbfm_grow,growth_measure_code + resolved value column,slope; per calendar day,3 valid surveys including current; min_periods=3,개,individual,feature_date,train median after pre-freeze screening; no row deletion,1,definition_ready,,State,작물 생육,꽃 관측정보,1,frozen,CAT_020,tomato_total_flower
VG_Flower_015,CAT_021,flower_count__roll4_mean,전체 꽃 수 roll4_mean,sfkr_hbfm_grow,growth_measure_code + resolved value column,mean,4 valid surveys including current; min_periods=4,개,individual,feature_date,train median after pre-freeze screening; no row deletion,1,definition_ready,,State,작물 생육,꽃 관측정보,1,frozen,CAT_020,tomato_total_flower
VG_Flower_015,CAT_021,flower_count__roll4_std,전체 꽃 수 roll4_std,sfkr_hbfm_grow,growth_measure_code + resolved value column,std; ddof=0,4 valid surveys including current; min_periods=4,개,individual,feature_date,train median after pre-freeze screening; no row deletion,1,definition_ready,,State,작물 생육,꽃 관측정보,1,frozen,CAT_020,tomato_total_flower
VG_Flower_015,CAT_021,flower_count__roll4_min,전체 꽃 수 roll4_min,sfkr_hbfm_grow,growth_measure_code + resolved value column,min,4 valid surveys including current; min_periods=4,개,individual,feature_date,train median after pre-freeze screening; no row deletion,1,definition_ready,,State,작물 생육,꽃 관측정보,1,frozen,CAT_020,tomato_total_flower
VG_Flower_015,CAT_021,flower_count__roll4_max,전체 꽃 수 roll4_max,sfkr_hbfm_grow,growth_measure_code + resolved value column,max,4 valid surveys including current; min_periods=4,개,individual,feature_date,train median after pre-freeze screening; no row deletion,1,definition_ready,,State,작물 생육,꽃 관측정보,1,frozen,CAT_020,tomato_total_flower
VG_Flower_015,CAT_021,flower_count__roll4_slope,전체 꽃 수 roll4_slope,sfkr_hbfm_grow,growth_measure_code + resolved value column,slope; per calendar day,4 valid surveys including current; min_periods=4,개,individual,feature_date,train median after pre-freeze screening; no row deletion,1,definition_ready,,State,작물 생육,꽃 관측정보,1,frozen,CAT_020,tomato_total_flower
VG_Flower_028,CAT_003,current_max_truss_number__current,최대 관측 화방번호 current,sfkr_hbfm_grow,growth_measure_code,current valid observation,current,번호,individual,feature_date,train median after pre-freeze screening; no row deletion,1,definition_ready,,State,작물 생육,화방 관측정보,1,frozen,CAT_002,tomato_total_flower
VG_Flower_028,CAT_003,current_max_truss_number__delta,최대 관측 화방번호 delta,sfkr_hbfm_grow,growth_measure_code,current minus previous,1 survey,번호,individual,feature_date,train median after pre-freeze screening; no row deletion,1,definition_ready,,State,작물 생육,화방 관측정보,1,frozen,CAT_002,tomato_total_flower
VG_Flower_028,CAT_003,current_max_truss_number__delta_per_day,최대 관측 화방번호 delta_per_day,sfkr_hbfm_grow,growth_measure_code,delta / positive elapsed days,1 survey,번호,individual,feature_date,train median after pre-freeze screening; no row deletion,1,definition_ready,,State,작물 생육,화방 관측정보,1,frozen,CAT_002,tomato_total_flower
VG_Flower_028,CAT_003,current_max_truss_number__lag1,최대 관측 화방번호 lag1,sfkr_hbfm_grow,growth_measure_code,lag 1,1 surveys,번호,individual,feature_date,train median after pre-freeze screening; no row deletion,1,definition_ready,,State,작물 생육,화방 관측정보,1,frozen,CAT_002,tomato_total_flower
VG_Flower_028,CAT_003,current_max_truss_number__lag2,최대 관측 화방번호 lag2,sfkr_hbfm_grow,growth_measure_code,lag 2,2 surveys,번호,individual,feature_date,train median after pre-freeze screening; no row deletion,1,definition_ready,,State,작물 생육,화방 관측정보,1,frozen,CAT_002,tomato_total_flower
VG_Flower_028,CAT_003,current_max_truss_number__lag3,최대 관측 화방번호 lag3,sfkr_hbfm_grow,growth_measure_code,lag 3,3 surveys,번호,individual,feature_date,train median after pre-freeze screening; no row deletion,1,definition_ready,,State,작물 생육,화방 관측정보,1,frozen,CAT_002,tomato_total_flower
VG_Flower_028,CAT_003,current_max_truss_number__roll3_mean,최대 관측 화방번호 roll3_mean,sfkr_hbfm_grow,growth_measure_code,mean,3 valid surveys including current; min_periods=3,번호,individual,feature_date,train median after pre-freeze screening; no row deletion,1,definition_ready,,State,작물 생육,화방 관측정보,1,frozen,CAT_002,tomato_total_flower
VG_Flower_028,CAT_003,current_max_truss_number__roll3_std,최대 관측 화방번호 roll3_std,sfkr_hbfm_grow,growth_measure_code,std; ddof=0,3 valid surveys including current; min_periods=3,번호,individual,feature_date,train median after pre-freeze screening; no row deletion,1,definition_ready,,State,작물 생육,화방 관측정보,1,frozen,CAT_002,tomato_total_flower
VG_Flower_028,CAT_003,current_max_truss_number__roll3_max,최대 관측 화방번호 roll3_max,sfkr_hbfm_grow,growth_measure_code,max,3 valid surveys including current; min_periods=3,번호,individual,feature_date,train median after pre-freeze screening; no row deletion,1,definition_ready,,State,작물 생육,화방 관측정보,1,frozen,CAT_002,tomato_total_flower
VG_Flower_028,CAT_003,current_max_truss_number__roll3_slope,최대 관측 화방번호 roll3_slope,sfkr_hbfm_grow,growth_measure_code,slope; per calendar day,3 valid surveys including current; min_periods=3,번호,individual,feature_date,train median after pre-freeze screening; no row deletion,1,definition_ready,,State,작물 생육,화방 관측정보,1,frozen,CAT_002,tomato_total_flower
VG_Flower_028,CAT_003,current_max_truss_number__roll4_mean,최대 관측 화방번호 roll4_mean,sfkr_hbfm_grow,growth_measure_code,mean,4 valid surveys including current; min_periods=4,번호,individual,feature_date,train median after pre-freeze screening; no row deletion,1,definition_ready,,State,작물 생육,화방 관측정보,1,frozen,CAT_002,tomato_total_flower
VG_Flower_028,CAT_003,current_max_truss_number__roll4_std,최대 관측 화방번호 roll4_std,sfkr_hbfm_grow,growth_measure_code,std; ddof=0,4 valid surveys including current; min_periods=4,번호,individual,feature_date,train median after pre-freeze screening; no row deletion,1,definition_ready,,State,작물 생육,화방 관측정보,1,frozen,CAT_002,tomato_total_flower
VG_Flower_028,CAT_003,current_max_truss_number__roll4_max,최대 관측 화방번호 roll4_max,sfkr_hbfm_grow,growth_measure_code,max,4 valid surveys including current; min_periods=4,번호,individual,feature_date,train median after pre-freeze screening; no row deletion,1,definition_ready,,State,작물 생육,화방 관측정보,1,frozen,CAT_002,tomato_total_flower
VG_Flower_028,CAT_003,current_max_truss_number__roll4_slope,최대 관측 화방번호 roll4_slope,sfkr_hbfm_grow,growth_measure_code,slope; per calendar day,4 valid surveys including current; min_periods=4,번호,individual,feature_date,train median after pre-freeze screening; no row deletion,1,definition_ready,,State,작물 생육,화방 관측정보,1,frozen,CAT_002,tomato_total_flower
VG_Flower_028,CAT_003,positive_truss_count__current,꽃이 있는 화방 수 current,sfkr_hbfm_grow,growth_measure_code + resolved value column,current valid observation,current,개,individual,feature_date,train median after pre-freeze screening; no row deletion,1,definition_ready,,State,작물 생육,화방 관측정보,1,frozen,CAT_002,tomato_total_flower
VG_Flower_028,CAT_003,positive_truss_count__delta,꽃이 있는 화방 수 delta,sfkr_hbfm_grow,growth_measure_code + resolved value column,current minus previous,1 survey,개,individual,feature_date,train median after pre-freeze screening; no row deletion,1,definition_ready,,State,작물 생육,화방 관측정보,1,frozen,CAT_002,tomato_total_flower
VG_Flower_028,CAT_003,positive_truss_count__delta_per_day,꽃이 있는 화방 수 delta_per_day,sfkr_hbfm_grow,growth_measure_code + resolved value column,delta / positive elapsed days,1 survey,개,individual,feature_date,train median after pre-freeze screening; no row deletion,1,definition_ready,,State,작물 생육,화방 관측정보,1,frozen,CAT_002,tomato_total_flower
VG_Flower_028,CAT_003,positive_truss_count__lag1,꽃이 있는 화방 수 lag1,sfkr_hbfm_grow,growth_measure_code + resolved value column,lag 1,1 surveys,개,individual,feature_date,train median after pre-freeze screening; no row deletion,1,definition_ready,,State,작물 생육,화방 관측정보,1,frozen,CAT_002,tomato_total_flower
VG_Flower_028,CAT_003,positive_truss_count__lag2,꽃이 있는 화방 수 lag2,sfkr_hbfm_grow,growth_measure_code + resolved value column,lag 2,2 surveys,개,individual,feature_date,train median after pre-freeze screening; no row deletion,1,definition_ready,,State,작물 생육,화방 관측정보,1,frozen,CAT_002,tomato_total_flower
VG_Flower_028,CAT_003,positive_truss_count__lag3,꽃이 있는 화방 수 lag3,sfkr_hbfm_grow,growth_measure_code + resolved value column,lag 3,3 surveys,개,individual,feature_date,train median after pre-freeze screening; no row deletion,1,definition_ready,,State,작물 생육,화방 관측정보,1,frozen,CAT_002,tomato_total_flower
VG_Flower_028,CAT_003,positive_truss_count__roll2_std,꽃이 있는 화방 수 roll2_std,sfkr_hbfm_grow,growth_measure_code + resolved value column,std; ddof=0,2 valid surveys including current; min_periods=2,개,individual,feature_date,train median after pre-freeze screening; no row deletion,1,definition_ready,,State,작물 생육,화방 관측정보,1,frozen,CAT_002,tomato_total_flower
VG_Flower_028,CAT_003,positive_truss_count__roll2_min,꽃이 있는 화방 수 roll2_min,sfkr_hbfm_grow,growth_measure_code + resolved value column,min,2 valid surveys including current; min_periods=2,개,individual,feature_date,train median after pre-freeze screening; no row deletion,1,definition_ready,,State,작물 생육,화방 관측정보,1,frozen,CAT_002,tomato_total_flower
VG_Flower_028,CAT_003,positive_truss_count__roll3_mean,꽃이 있는 화방 수 roll3_mean,sfkr_hbfm_grow,growth_measure_code + resolved value column,mean,3 valid surveys including current; min_periods=3,개,individual,feature_date,train median after pre-freeze screening; no row deletion,1,definition_ready,,State,작물 생육,화방 관측정보,1,frozen,CAT_002,tomato_total_flower
VG_Flower_028,CAT_003,positive_truss_count__roll3_std,꽃이 있는 화방 수 roll3_std,sfkr_hbfm_grow,growth_measure_code + resolved value column,std; ddof=0,3 valid surveys including current; min_periods=3,개,individual,feature_date,train median after pre-freeze screening; no row deletion,1,definition_ready,,State,작물 생육,화방 관측정보,1,frozen,CAT_002,tomato_total_flower
VG_Flower_028,CAT_003,positive_truss_count__roll3_min,꽃이 있는 화방 수 roll3_min,sfkr_hbfm_grow,growth_measure_code + resolved value column,min,3 valid surveys including current; min_periods=3,개,individual,feature_date,train median after pre-freeze screening; no row deletion,1,definition_ready,,State,작물 생육,화방 관측정보,1,frozen,CAT_002,tomato_total_flower
VG_Flower_028,CAT_003,positive_truss_count__roll3_max,꽃이 있는 화방 수 roll3_max,sfkr_hbfm_grow,growth_measure_code + resolved value column,max,3 valid surveys including current; min_periods=3,개,individual,feature_date,train median after pre-freeze screening; no row deletion,1,definition_ready,,State,작물 생육,화방 관측정보,1,frozen,CAT_002,tomato_total_flower
VG_Flower_028,CAT_003,positive_truss_count__roll3_slope,꽃이 있는 화방 수 roll3_slope,sfkr_hbfm_grow,growth_measure_code + resolved value column,slope; per calendar day,3 valid surveys including current; min_periods=3,개,individual,feature_date,train median after pre-freeze screening; no row deletion,1,definition_ready,,State,작물 생육,화방 관측정보,1,frozen,CAT_002,tomato_total_flower
VG_Flower_028,CAT_003,positive_truss_count__roll4_mean,꽃이 있는 화방 수 roll4_mean,sfkr_hbfm_grow,growth_measure_code + resolved value column,mean,4 valid surveys including current; min_periods=4,개,individual,feature_date,train median after pre-freeze screening; no row deletion,1,definition_ready,,State,작물 생육,화방 관측정보,1,frozen,CAT_002,tomato_total_flower
VG_Flower_028,CAT_003,positive_truss_count__roll4_std,꽃이 있는 화방 수 roll4_std,sfkr_hbfm_grow,growth_measure_code + resolved value column,std; ddof=0,4 valid surveys including current; min_periods=4,개,individual,feature_date,train median after pre-freeze screening; no row deletion,1,definition_ready,,State,작물 생육,화방 관측정보,1,frozen,CAT_002,tomato_total_flower
VG_Flower_028,CAT_003,positive_truss_count__roll4_min,꽃이 있는 화방 수 roll4_min,sfkr_hbfm_grow,growth_measure_code + resolved value column,min,4 valid surveys including current; min_periods=4,개,individual,feature_date,train median after pre-freeze screening; no row deletion,1,definition_ready,,State,작물 생육,화방 관측정보,1,frozen,CAT_002,tomato_total_flower
VG_Flower_028,CAT_003,positive_truss_count__roll4_max,꽃이 있는 화방 수 roll4_max,sfkr_hbfm_grow,growth_measure_code + resolved value column,max,4 valid surveys including current; min_periods=4,개,individual,feature_date,train median after pre-freeze screening; no row deletion,1,definition_ready,,State,작물 생육,화방 관측정보,1,frozen,CAT_002,tomato_total_flower
VG_Flower_028,CAT_003,positive_truss_count__roll4_slope,꽃이 있는 화방 수 roll4_slope,sfkr_hbfm_grow,growth_measure_code + resolved value column,slope; per calendar day,4 valid surveys including current; min_periods=4,개,individual,feature_date,train median after pre-freeze screening; no row deletion,1,definition_ready,,State,작물 생육,화방 관측정보,1,frozen,CAT_002,tomato_total_flower
VG_Flower_028,CAT_006,observed_truss_count__current,관측 화방 수 current,sfkr_hbfm_grow,growth_measure_code,current valid observation,current,개,individual,feature_date,train median after pre-freeze screening; no row deletion,1,definition_ready,,Context,작물 생육,관측범위·품질,1,frozen,CAT_005,tomato_total_flower
VG_Flower_028,CAT_006,observed_truss_count__delta,관측 화방 수 delta,sfkr_hbfm_grow,growth_measure_code,current minus previous,1 survey,개,individual,feature_date,train median after pre-freeze screening; no row deletion,1,definition_ready,,Context,작물 생육,관측범위·품질,1,frozen,CAT_005,tomato_total_flower
VG_Flower_028,CAT_006,observed_truss_count__delta_per_day,관측 화방 수 delta_per_day,sfkr_hbfm_grow,growth_measure_code,delta / positive elapsed days,1 survey,개,individual,feature_date,train median after pre-freeze screening; no row deletion,1,definition_ready,,Context,작물 생육,관측범위·품질,1,frozen,CAT_005,tomato_total_flower
VG_Flower_028,CAT_006,observed_truss_count__lag1,관측 화방 수 lag1,sfkr_hbfm_grow,growth_measure_code,lag 1,1 surveys,개,individual,feature_date,train median after pre-freeze screening; no row deletion,1,definition_ready,,Context,작물 생육,관측범위·품질,1,frozen,CAT_005,tomato_total_flower
VG_Flower_028,CAT_006,observed_truss_count__lag2,관측 화방 수 lag2,sfkr_hbfm_grow,growth_measure_code,lag 2,2 surveys,개,individual,feature_date,train median after pre-freeze screening; no row deletion,1,definition_ready,,Context,작물 생육,관측범위·품질,1,frozen,CAT_005,tomato_total_flower
VG_Flower_028,CAT_006,observed_truss_count__lag3,관측 화방 수 lag3,sfkr_hbfm_grow,growth_measure_code,lag 3,3 surveys,개,individual,feature_date,train median after pre-freeze screening; no row deletion,1,definition_ready,,Context,작물 생육,관측범위·품질,1,frozen,CAT_005,tomato_total_flower
VG_Flower_028,CAT_006,observed_truss_count__roll3_mean,관측 화방 수 roll3_mean,sfkr_hbfm_grow,growth_measure_code,mean,3 valid surveys including current; min_periods=3,개,individual,feature_date,train median after pre-freeze screening; no row deletion,1,definition_ready,,Context,작물 생육,관측범위·품질,1,frozen,CAT_005,tomato_total_flower
VG_Flower_028,CAT_006,observed_truss_count__roll3_std,관측 화방 수 roll3_std,sfkr_hbfm_grow,growth_measure_code,std; ddof=0,3 valid surveys including current; min_periods=3,개,individual,feature_date,train median after pre-freeze screening; no row deletion,1,definition_ready,,Context,작물 생육,관측범위·품질,1,frozen,CAT_005,tomato_total_flower
VG_Flower_028,CAT_006,observed_truss_count__roll3_max,관측 화방 수 roll3_max,sfkr_hbfm_grow,growth_measure_code,max,3 valid surveys including current; min_periods=3,개,individual,feature_date,train median after pre-freeze screening; no row deletion,1,definition_ready,,Context,작물 생육,관측범위·품질,1,frozen,CAT_005,tomato_total_flower
VG_Flower_028,CAT_006,observed_truss_count__roll3_slope,관측 화방 수 roll3_slope,sfkr_hbfm_grow,growth_measure_code,slope; per calendar day,3 valid surveys including current; min_periods=3,개,individual,feature_date,train median after pre-freeze screening; no row deletion,1,definition_ready,,Context,작물 생육,관측범위·품질,1,frozen,CAT_005,tomato_total_flower
VG_Flower_028,CAT_006,observed_truss_count__roll4_mean,관측 화방 수 roll4_mean,sfkr_hbfm_grow,growth_measure_code,mean,4 valid surveys including current; min_periods=4,개,individual,feature_date,train median after pre-freeze screening; no row deletion,1,definition_ready,,Context,작물 생육,관측범위·품질,1,frozen,CAT_005,tomato_total_flower
VG_Flower_028,CAT_006,observed_truss_count__roll4_std,관측 화방 수 roll4_std,sfkr_hbfm_grow,growth_measure_code,std; ddof=0,4 valid surveys including current; min_periods=4,개,individual,feature_date,train median after pre-freeze screening; no row deletion,1,definition_ready,,Context,작물 생육,관측범위·품질,1,frozen,CAT_005,tomato_total_flower
VG_Flower_028,CAT_006,observed_truss_count__roll4_max,관측 화방 수 roll4_max,sfkr_hbfm_grow,growth_measure_code,max,4 valid surveys including current; min_periods=4,개,individual,feature_date,train median after pre-freeze screening; no row deletion,1,definition_ready,,Context,작물 생육,관측범위·품질,1,frozen,CAT_005,tomato_total_flower
VG_Flower_028,CAT_006,observed_truss_count__roll4_slope,관측 화방 수 roll4_slope,sfkr_hbfm_grow,growth_measure_code,slope; per calendar day,4 valid surveys including current; min_periods=4,개,individual,feature_date,train median after pre-freeze screening; no row deletion,1,definition_ready,,Context,작물 생육,관측범위·품질,1,frozen,CAT_005,tomato_total_flower
VG_Flower_028,CAT_021,flower_count__current,전체 꽃 수 current,sfkr_hbfm_grow,growth_measure_code + resolved value column,current valid observation,current,개,individual,feature_date,train median after pre-freeze screening; no row deletion,1,definition_ready,,State,작물 생육,꽃 관측정보,1,frozen,CAT_020,tomato_total_flower
VG_Flower_028,CAT_021,flower_count__delta,전체 꽃 수 delta,sfkr_hbfm_grow,growth_measure_code + resolved value column,current minus previous,1 survey,개,individual,feature_date,train median after pre-freeze screening; no row deletion,1,definition_ready,,State,작물 생육,꽃 관측정보,1,frozen,CAT_020,tomato_total_flower
VG_Flower_028,CAT_021,flower_count__delta_per_day,전체 꽃 수 delta_per_day,sfkr_hbfm_grow,growth_measure_code + resolved value column,delta / positive elapsed days,1 survey,개,individual,feature_date,train median after pre-freeze screening; no row deletion,1,definition_ready,,State,작물 생육,꽃 관측정보,1,frozen,CAT_020,tomato_total_flower
VG_Flower_028,CAT_021,flower_count__lag1,전체 꽃 수 lag1,sfkr_hbfm_grow,growth_measure_code + resolved value column,lag 1,1 surveys,개,individual,feature_date,train median after pre-freeze screening; no row deletion,1,definition_ready,,State,작물 생육,꽃 관측정보,1,frozen,CAT_020,tomato_total_flower
VG_Flower_028,CAT_021,flower_count__lag2,전체 꽃 수 lag2,sfkr_hbfm_grow,growth_measure_code + resolved value column,lag 2,2 surveys,개,individual,feature_date,train median after pre-freeze screening; no row deletion,1,definition_ready,,State,작물 생육,꽃 관측정보,1,frozen,CAT_020,tomato_total_flower
VG_Flower_028,CAT_021,flower_count__lag3,전체 꽃 수 lag3,sfkr_hbfm_grow,growth_measure_code + resolved value column,lag 3,3 surveys,개,individual,feature_date,train median after pre-freeze screening; no row deletion,1,definition_ready,,State,작물 생육,꽃 관측정보,1,frozen,CAT_020,tomato_total_flower
VG_Flower_028,CAT_021,flower_count__roll2_std,전체 꽃 수 roll2_std,sfkr_hbfm_grow,growth_measure_code + resolved value column,std; ddof=0,2 valid surveys including current; min_periods=2,개,individual,feature_date,train median after pre-freeze screening; no row deletion,1,definition_ready,,State,작물 생육,꽃 관측정보,1,frozen,CAT_020,tomato_total_flower
VG_Flower_028,CAT_021,flower_count__roll2_min,전체 꽃 수 roll2_min,sfkr_hbfm_grow,growth_measure_code + resolved value column,min,2 valid surveys including current; min_periods=2,개,individual,feature_date,train median after pre-freeze screening; no row deletion,1,definition_ready,,State,작물 생육,꽃 관측정보,1,frozen,CAT_020,tomato_total_flower
VG_Flower_028,CAT_021,flower_count__roll3_mean,전체 꽃 수 roll3_mean,sfkr_hbfm_grow,growth_measure_code + resolved value column,mean,3 valid surveys including current; min_periods=3,개,individual,feature_date,train median after pre-freeze screening; no row deletion,1,definition_ready,,State,작물 생육,꽃 관측정보,1,frozen,CAT_020,tomato_total_flower
VG_Flower_028,CAT_021,flower_count__roll3_std,전체 꽃 수 roll3_std,sfkr_hbfm_grow,growth_measure_code + resolved value column,std; ddof=0,3 valid surveys including current; min_periods=3,개,individual,feature_date,train median after pre-freeze screening; no row deletion,1,definition_ready,,State,작물 생육,꽃 관측정보,1,frozen,CAT_020,tomato_total_flower
VG_Flower_028,CAT_021,flower_count__roll3_min,전체 꽃 수 roll3_min,sfkr_hbfm_grow,growth_measure_code + resolved value column,min,3 valid surveys including current; min_periods=3,개,individual,feature_date,train median after pre-freeze screening; no row deletion,1,definition_ready,,State,작물 생육,꽃 관측정보,1,frozen,CAT_020,tomato_total_flower
VG_Flower_028,CAT_021,flower_count__roll3_max,전체 꽃 수 roll3_max,sfkr_hbfm_grow,growth_measure_code + resolved value column,max,3 valid surveys including current; min_periods=3,개,individual,feature_date,train median after pre-freeze screening; no row deletion,1,definition_ready,,State,작물 생육,꽃 관측정보,1,frozen,CAT_020,tomato_total_flower
VG_Flower_028,CAT_021,flower_count__roll3_slope,전체 꽃 수 roll3_slope,sfkr_hbfm_grow,growth_measure_code + resolved value column,slope; per calendar day,3 valid surveys including current; min_periods=3,개,individual,feature_date,train median after pre-freeze screening; no row deletion,1,definition_ready,,State,작물 생육,꽃 관측정보,1,frozen,CAT_020,tomato_total_flower
VG_Flower_028,CAT_021,flower_count__roll4_mean,전체 꽃 수 roll4_mean,sfkr_hbfm_grow,growth_measure_code + resolved value column,mean,4 valid surveys including current; min_periods=4,개,individual,feature_date,train median after pre-freeze screening; no row deletion,1,definition_ready,,State,작물 생육,꽃 관측정보,1,frozen,CAT_020,tomato_total_flower
VG_Flower_028,CAT_021,flower_count__roll4_std,전체 꽃 수 roll4_std,sfkr_hbfm_grow,growth_measure_code + resolved value column,std; ddof=0,4 valid surveys including current; min_periods=4,개,individual,feature_date,train median after pre-freeze screening; no row deletion,1,definition_ready,,State,작물 생육,꽃 관측정보,1,frozen,CAT_020,tomato_total_flower
VG_Flower_028,CAT_021,flower_count__roll4_min,전체 꽃 수 roll4_min,sfkr_hbfm_grow,growth_measure_code + resolved value column,min,4 valid surveys including current; min_periods=4,개,individual,feature_date,train median after pre-freeze screening; no row deletion,1,definition_ready,,State,작물 생육,꽃 관측정보,1,frozen,CAT_020,tomato_total_flower
VG_Flower_028,CAT_021,flower_count__roll4_max,전체 꽃 수 roll4_max,sfkr_hbfm_grow,growth_measure_code + resolved value column,max,4 valid surveys including current; min_periods=4,개,individual,feature_date,train median after pre-freeze screening; no row deletion,1,definition_ready,,State,작물 생육,꽃 관측정보,1,frozen,CAT_020,tomato_total_flower
VG_Flower_028,CAT_021,flower_count__roll4_slope,전체 꽃 수 roll4_slope,sfkr_hbfm_grow,growth_measure_code + resolved value column,slope; per calendar day,4 valid surveys including current; min_periods=4,개,individual,feature_date,train median after pre-freeze screening; no row deletion,1,definition_ready,,State,작물 생육,꽃 관측정보,1,frozen,CAT_020,tomato_total_flower
VG_Flower_028,CAT_033,days_since_previous,이전 조사 후 경과일,growth/crop source,measurement date/cropping_date/current count,observed history only; ISO week period=52.1775,through current,day,individual,feature_date,train median after pre-freeze screening; no row deletion,1,definition_ready,,Context,재배 맥락,시간정보,1,frozen,CAT_029,tomato_total_flower
VG_Flower_028,CAT_033,days_since_first_measurement,최초 조사 후 경과일,growth/crop source,measurement date/cropping_date/current count,observed history only; ISO week period=52.1775,through current,day,individual,feature_date,train median after pre-freeze screening; no row deletion,1,definition_ready,,Context,재배 맥락,시간정보,1,frozen,CAT_029,tomato_total_flower
VG_Flower_028,CAT_033,days_since_crop_start,작기 시작 후 경과일,growth/crop source,measurement date/cropping_date/current count,observed history only; ISO week period=52.1775,through current,day,individual,feature_date,train median after pre-freeze screening; no row deletion,1,definition_ready,,Context,재배 맥락,시간정보,1,frozen,CAT_029,tomato_total_flower
VG_Flower_028,CAT_033,week_sin,연중 주차 사인값,growth/crop source,measurement date/cropping_date/current count,observed history only; ISO week period=52.1775,through current,unitless,individual,feature_date,train median after pre-freeze screening; no row deletion,1,definition_ready,,Context,재배 맥락,시간정보,1,frozen,CAT_029,tomato_total_flower
VG_Flower_028,CAT_033,week_cos,연중 주차 코사인값,growth/crop source,measurement date/cropping_date/current count,observed history only; ISO week period=52.1775,through current,unitless,individual,feature_date,train median after pre-freeze screening; no row deletion,1,definition_ready,,Context,재배 맥락,시간정보,1,frozen,CAT_029,tomato_total_flower
VG_Flower_028,CAT_041,history_count,누적 조사 횟수,growth/crop source,measurement date/cropping_date/current count,observed history only; ISO week period=52.1775,through current,count,individual,feature_date,train median after pre-freeze screening; no row deletion,1,definition_ready,,Context,재배 맥락,조사이력,1,frozen,CAT_037,tomato_total_flower
VG_Flower_026,CAT_003,current_max_truss_number__current,최대 관측 화방번호 current,sfkr_hbfm_grow,growth_measure_code,current valid observation,current,번호,individual,feature_date,train median after pre-freeze screening; no row deletion,1,definition_ready,,State,작물 생육,화방 관측정보,1,frozen,CAT_002,tomato_total_flower
VG_Flower_026,CAT_003,current_max_truss_number__delta,최대 관측 화방번호 delta,sfkr_hbfm_grow,growth_measure_code,current minus previous,1 survey,번호,individual,feature_date,train median after pre-freeze screening; no row deletion,1,definition_ready,,State,작물 생육,화방 관측정보,1,frozen,CAT_002,tomato_total_flower
VG_Flower_026,CAT_003,current_max_truss_number__delta_per_day,최대 관측 화방번호 delta_per_day,sfkr_hbfm_grow,growth_measure_code,delta / positive elapsed days,1 survey,번호,individual,feature_date,train median after pre-freeze screening; no row deletion,1,definition_ready,,State,작물 생육,화방 관측정보,1,frozen,CAT_002,tomato_total_flower
VG_Flower_026,CAT_003,current_max_truss_number__lag1,최대 관측 화방번호 lag1,sfkr_hbfm_grow,growth_measure_code,lag 1,1 surveys,번호,individual,feature_date,train median after pre-freeze screening; no row deletion,1,definition_ready,,State,작물 생육,화방 관측정보,1,frozen,CAT_002,tomato_total_flower
VG_Flower_026,CAT_003,current_max_truss_number__lag2,최대 관측 화방번호 lag2,sfkr_hbfm_grow,growth_measure_code,lag 2,2 surveys,번호,individual,feature_date,train median after pre-freeze screening; no row deletion,1,definition_ready,,State,작물 생육,화방 관측정보,1,frozen,CAT_002,tomato_total_flower
VG_Flower_026,CAT_003,current_max_truss_number__lag3,최대 관측 화방번호 lag3,sfkr_hbfm_grow,growth_measure_code,lag 3,3 surveys,번호,individual,feature_date,train median after pre-freeze screening; no row deletion,1,definition_ready,,State,작물 생육,화방 관측정보,1,frozen,CAT_002,tomato_total_flower
VG_Flower_026,CAT_003,current_max_truss_number__roll3_mean,최대 관측 화방번호 roll3_mean,sfkr_hbfm_grow,growth_measure_code,mean,3 valid surveys including current; min_periods=3,번호,individual,feature_date,train median after pre-freeze screening; no row deletion,1,definition_ready,,State,작물 생육,화방 관측정보,1,frozen,CAT_002,tomato_total_flower
VG_Flower_026,CAT_003,current_max_truss_number__roll3_std,최대 관측 화방번호 roll3_std,sfkr_hbfm_grow,growth_measure_code,std; ddof=0,3 valid surveys including current; min_periods=3,번호,individual,feature_date,train median after pre-freeze screening; no row deletion,1,definition_ready,,State,작물 생육,화방 관측정보,1,frozen,CAT_002,tomato_total_flower
VG_Flower_026,CAT_003,current_max_truss_number__roll3_max,최대 관측 화방번호 roll3_max,sfkr_hbfm_grow,growth_measure_code,max,3 valid surveys including current; min_periods=3,번호,individual,feature_date,train median after pre-freeze screening; no row deletion,1,definition_ready,,State,작물 생육,화방 관측정보,1,frozen,CAT_002,tomato_total_flower
VG_Flower_026,CAT_003,current_max_truss_number__roll3_slope,최대 관측 화방번호 roll3_slope,sfkr_hbfm_grow,growth_measure_code,slope; per calendar day,3 valid surveys including current; min_periods=3,번호,individual,feature_date,train median after pre-freeze screening; no row deletion,1,definition_ready,,State,작물 생육,화방 관측정보,1,frozen,CAT_002,tomato_total_flower
VG_Flower_026,CAT_003,current_max_truss_number__roll4_mean,최대 관측 화방번호 roll4_mean,sfkr_hbfm_grow,growth_measure_code,mean,4 valid surveys including current; min_periods=4,번호,individual,feature_date,train median after pre-freeze screening; no row deletion,1,definition_ready,,State,작물 생육,화방 관측정보,1,frozen,CAT_002,tomato_total_flower
VG_Flower_026,CAT_003,current_max_truss_number__roll4_std,최대 관측 화방번호 roll4_std,sfkr_hbfm_grow,growth_measure_code,std; ddof=0,4 valid surveys including current; min_periods=4,번호,individual,feature_date,train median after pre-freeze screening; no row deletion,1,definition_ready,,State,작물 생육,화방 관측정보,1,frozen,CAT_002,tomato_total_flower
VG_Flower_026,CAT_003,current_max_truss_number__roll4_max,최대 관측 화방번호 roll4_max,sfkr_hbfm_grow,growth_measure_code,max,4 valid surveys including current; min_periods=4,번호,individual,feature_date,train median after pre-freeze screening; no row deletion,1,definition_ready,,State,작물 생육,화방 관측정보,1,frozen,CAT_002,tomato_total_flower
VG_Flower_026,CAT_003,current_max_truss_number__roll4_slope,최대 관측 화방번호 roll4_slope,sfkr_hbfm_grow,growth_measure_code,slope; per calendar day,4 valid surveys including current; min_periods=4,번호,individual,feature_date,train median after pre-freeze screening; no row deletion,1,definition_ready,,State,작물 생육,화방 관측정보,1,frozen,CAT_002,tomato_total_flower
VG_Flower_026,CAT_003,positive_truss_count__current,꽃이 있는 화방 수 current,sfkr_hbfm_grow,growth_measure_code + resolved value column,current valid observation,current,개,individual,feature_date,train median after pre-freeze screening; no row deletion,1,definition_ready,,State,작물 생육,화방 관측정보,1,frozen,CAT_002,tomato_total_flower
VG_Flower_026,CAT_003,positive_truss_count__delta,꽃이 있는 화방 수 delta,sfkr_hbfm_grow,growth_measure_code + resolved value column,current minus previous,1 survey,개,individual,feature_date,train median after pre-freeze screening; no row deletion,1,definition_ready,,State,작물 생육,화방 관측정보,1,frozen,CAT_002,tomato_total_flower
VG_Flower_026,CAT_003,positive_truss_count__delta_per_day,꽃이 있는 화방 수 delta_per_day,sfkr_hbfm_grow,growth_measure_code + resolved value column,delta / positive elapsed days,1 survey,개,individual,feature_date,train median after pre-freeze screening; no row deletion,1,definition_ready,,State,작물 생육,화방 관측정보,1,frozen,CAT_002,tomato_total_flower
VG_Flower_026,CAT_003,positive_truss_count__lag1,꽃이 있는 화방 수 lag1,sfkr_hbfm_grow,growth_measure_code + resolved value column,lag 1,1 surveys,개,individual,feature_date,train median after pre-freeze screening; no row deletion,1,definition_ready,,State,작물 생육,화방 관측정보,1,frozen,CAT_002,tomato_total_flower
VG_Flower_026,CAT_003,positive_truss_count__lag2,꽃이 있는 화방 수 lag2,sfkr_hbfm_grow,growth_measure_code + resolved value column,lag 2,2 surveys,개,individual,feature_date,train median after pre-freeze screening; no row deletion,1,definition_ready,,State,작물 생육,화방 관측정보,1,frozen,CAT_002,tomato_total_flower
VG_Flower_026,CAT_003,positive_truss_count__lag3,꽃이 있는 화방 수 lag3,sfkr_hbfm_grow,growth_measure_code + resolved value column,lag 3,3 surveys,개,individual,feature_date,train median after pre-freeze screening; no row deletion,1,definition_ready,,State,작물 생육,화방 관측정보,1,frozen,CAT_002,tomato_total_flower
VG_Flower_026,CAT_003,positive_truss_count__roll2_std,꽃이 있는 화방 수 roll2_std,sfkr_hbfm_grow,growth_measure_code + resolved value column,std; ddof=0,2 valid surveys including current; min_periods=2,개,individual,feature_date,train median after pre-freeze screening; no row deletion,1,definition_ready,,State,작물 생육,화방 관측정보,1,frozen,CAT_002,tomato_total_flower
VG_Flower_026,CAT_003,positive_truss_count__roll2_min,꽃이 있는 화방 수 roll2_min,sfkr_hbfm_grow,growth_measure_code + resolved value column,min,2 valid surveys including current; min_periods=2,개,individual,feature_date,train median after pre-freeze screening; no row deletion,1,definition_ready,,State,작물 생육,화방 관측정보,1,frozen,CAT_002,tomato_total_flower
VG_Flower_026,CAT_003,positive_truss_count__roll3_mean,꽃이 있는 화방 수 roll3_mean,sfkr_hbfm_grow,growth_measure_code + resolved value column,mean,3 valid surveys including current; min_periods=3,개,individual,feature_date,train median after pre-freeze screening; no row deletion,1,definition_ready,,State,작물 생육,화방 관측정보,1,frozen,CAT_002,tomato_total_flower
VG_Flower_026,CAT_003,positive_truss_count__roll3_std,꽃이 있는 화방 수 roll3_std,sfkr_hbfm_grow,growth_measure_code + resolved value column,std; ddof=0,3 valid surveys including current; min_periods=3,개,individual,feature_date,train median after pre-freeze screening; no row deletion,1,definition_ready,,State,작물 생육,화방 관측정보,1,frozen,CAT_002,tomato_total_flower
VG_Flower_026,CAT_003,positive_truss_count__roll3_min,꽃이 있는 화방 수 roll3_min,sfkr_hbfm_grow,growth_measure_code + resolved value column,min,3 valid surveys including current; min_periods=3,개,individual,feature_date,train median after pre-freeze screening; no row deletion,1,definition_ready,,State,작물 생육,화방 관측정보,1,frozen,CAT_002,tomato_total_flower
VG_Flower_026,CAT_003,positive_truss_count__roll3_max,꽃이 있는 화방 수 roll3_max,sfkr_hbfm_grow,growth_measure_code + resolved value column,max,3 valid surveys including current; min_periods=3,개,individual,feature_date,train median after pre-freeze screening; no row deletion,1,definition_ready,,State,작물 생육,화방 관측정보,1,frozen,CAT_002,tomato_total_flower
VG_Flower_026,CAT_003,positive_truss_count__roll3_slope,꽃이 있는 화방 수 roll3_slope,sfkr_hbfm_grow,growth_measure_code + resolved value column,slope; per calendar day,3 valid surveys including current; min_periods=3,개,individual,feature_date,train median after pre-freeze screening; no row deletion,1,definition_ready,,State,작물 생육,화방 관측정보,1,frozen,CAT_002,tomato_total_flower
VG_Flower_026,CAT_003,positive_truss_count__roll4_mean,꽃이 있는 화방 수 roll4_mean,sfkr_hbfm_grow,growth_measure_code + resolved value column,mean,4 valid surveys including current; min_periods=4,개,individual,feature_date,train median after pre-freeze screening; no row deletion,1,definition_ready,,State,작물 생육,화방 관측정보,1,frozen,CAT_002,tomato_total_flower
VG_Flower_026,CAT_003,positive_truss_count__roll4_std,꽃이 있는 화방 수 roll4_std,sfkr_hbfm_grow,growth_measure_code + resolved value column,std; ddof=0,4 valid surveys including current; min_periods=4,개,individual,feature_date,train median after pre-freeze screening; no row deletion,1,definition_ready,,State,작물 생육,화방 관측정보,1,frozen,CAT_002,tomato_total_flower
VG_Flower_026,CAT_003,positive_truss_count__roll4_min,꽃이 있는 화방 수 roll4_min,sfkr_hbfm_grow,growth_measure_code + resolved value column,min,4 valid surveys including current; min_periods=4,개,individual,feature_date,train median after pre-freeze screening; no row deletion,1,definition_ready,,State,작물 생육,화방 관측정보,1,frozen,CAT_002,tomato_total_flower
VG_Flower_026,CAT_003,positive_truss_count__roll4_max,꽃이 있는 화방 수 roll4_max,sfkr_hbfm_grow,growth_measure_code + resolved value column,max,4 valid surveys including current; min_periods=4,개,individual,feature_date,train median after pre-freeze screening; no row deletion,1,definition_ready,,State,작물 생육,화방 관측정보,1,frozen,CAT_002,tomato_total_flower
VG_Flower_026,CAT_003,positive_truss_count__roll4_slope,꽃이 있는 화방 수 roll4_slope,sfkr_hbfm_grow,growth_measure_code + resolved value column,slope; per calendar day,4 valid surveys including current; min_periods=4,개,individual,feature_date,train median after pre-freeze screening; no row deletion,1,definition_ready,,State,작물 생육,화방 관측정보,1,frozen,CAT_002,tomato_total_flower
VG_Flower_026,CAT_021,flower_count__current,전체 꽃 수 current,sfkr_hbfm_grow,growth_measure_code + resolved value column,current valid observation,current,개,individual,feature_date,train median after pre-freeze screening; no row deletion,1,definition_ready,,State,작물 생육,꽃 관측정보,1,frozen,CAT_020,tomato_total_flower
VG_Flower_026,CAT_021,flower_count__delta,전체 꽃 수 delta,sfkr_hbfm_grow,growth_measure_code + resolved value column,current minus previous,1 survey,개,individual,feature_date,train median after pre-freeze screening; no row deletion,1,definition_ready,,State,작물 생육,꽃 관측정보,1,frozen,CAT_020,tomato_total_flower
VG_Flower_026,CAT_021,flower_count__delta_per_day,전체 꽃 수 delta_per_day,sfkr_hbfm_grow,growth_measure_code + resolved value column,delta / positive elapsed days,1 survey,개,individual,feature_date,train median after pre-freeze screening; no row deletion,1,definition_ready,,State,작물 생육,꽃 관측정보,1,frozen,CAT_020,tomato_total_flower
VG_Flower_026,CAT_021,flower_count__lag1,전체 꽃 수 lag1,sfkr_hbfm_grow,growth_measure_code + resolved value column,lag 1,1 surveys,개,individual,feature_date,train median after pre-freeze screening; no row deletion,1,definition_ready,,State,작물 생육,꽃 관측정보,1,frozen,CAT_020,tomato_total_flower
VG_Flower_026,CAT_021,flower_count__lag2,전체 꽃 수 lag2,sfkr_hbfm_grow,growth_measure_code + resolved value column,lag 2,2 surveys,개,individual,feature_date,train median after pre-freeze screening; no row deletion,1,definition_ready,,State,작물 생육,꽃 관측정보,1,frozen,CAT_020,tomato_total_flower
VG_Flower_026,CAT_021,flower_count__lag3,전체 꽃 수 lag3,sfkr_hbfm_grow,growth_measure_code + resolved value column,lag 3,3 surveys,개,individual,feature_date,train median after pre-freeze screening; no row deletion,1,definition_ready,,State,작물 생육,꽃 관측정보,1,frozen,CAT_020,tomato_total_flower
VG_Flower_026,CAT_021,flower_count__roll2_std,전체 꽃 수 roll2_std,sfkr_hbfm_grow,growth_measure_code + resolved value column,std; ddof=0,2 valid surveys including current; min_periods=2,개,individual,feature_date,train median after pre-freeze screening; no row deletion,1,definition_ready,,State,작물 생육,꽃 관측정보,1,frozen,CAT_020,tomato_total_flower
VG_Flower_026,CAT_021,flower_count__roll2_min,전체 꽃 수 roll2_min,sfkr_hbfm_grow,growth_measure_code + resolved value column,min,2 valid surveys including current; min_periods=2,개,individual,feature_date,train median after pre-freeze screening; no row deletion,1,definition_ready,,State,작물 생육,꽃 관측정보,1,frozen,CAT_020,tomato_total_flower
VG_Flower_026,CAT_021,flower_count__roll3_mean,전체 꽃 수 roll3_mean,sfkr_hbfm_grow,growth_measure_code + resolved value column,mean,3 valid surveys including current; min_periods=3,개,individual,feature_date,train median after pre-freeze screening; no row deletion,1,definition_ready,,State,작물 생육,꽃 관측정보,1,frozen,CAT_020,tomato_total_flower
VG_Flower_026,CAT_021,flower_count__roll3_std,전체 꽃 수 roll3_std,sfkr_hbfm_grow,growth_measure_code + resolved value column,std; ddof=0,3 valid surveys including current; min_periods=3,개,individual,feature_date,train median after pre-freeze screening; no row deletion,1,definition_ready,,State,작물 생육,꽃 관측정보,1,frozen,CAT_020,tomato_total_flower
VG_Flower_026,CAT_021,flower_count__roll3_min,전체 꽃 수 roll3_min,sfkr_hbfm_grow,growth_measure_code + resolved value column,min,3 valid surveys including current; min_periods=3,개,individual,feature_date,train median after pre-freeze screening; no row deletion,1,definition_ready,,State,작물 생육,꽃 관측정보,1,frozen,CAT_020,tomato_total_flower
VG_Flower_026,CAT_021,flower_count__roll3_max,전체 꽃 수 roll3_max,sfkr_hbfm_grow,growth_measure_code + resolved value column,max,3 valid surveys including current; min_periods=3,개,individual,feature_date,train median after pre-freeze screening; no row deletion,1,definition_ready,,State,작물 생육,꽃 관측정보,1,frozen,CAT_020,tomato_total_flower
VG_Flower_026,CAT_021,flower_count__roll3_slope,전체 꽃 수 roll3_slope,sfkr_hbfm_grow,growth_measure_code + resolved value column,slope; per calendar day,3 valid surveys including current; min_periods=3,개,individual,feature_date,train median after pre-freeze screening; no row deletion,1,definition_ready,,State,작물 생육,꽃 관측정보,1,frozen,CAT_020,tomato_total_flower
VG_Flower_026,CAT_021,flower_count__roll4_mean,전체 꽃 수 roll4_mean,sfkr_hbfm_grow,growth_measure_code + resolved value column,mean,4 valid surveys including current; min_periods=4,개,individual,feature_date,train median after pre-freeze screening; no row deletion,1,definition_ready,,State,작물 생육,꽃 관측정보,1,frozen,CAT_020,tomato_total_flower
VG_Flower_026,CAT_021,flower_count__roll4_std,전체 꽃 수 roll4_std,sfkr_hbfm_grow,growth_measure_code + resolved value column,std; ddof=0,4 valid surveys including current; min_periods=4,개,individual,feature_date,train median after pre-freeze screening; no row deletion,1,definition_ready,,State,작물 생육,꽃 관측정보,1,frozen,CAT_020,tomato_total_flower
VG_Flower_026,CAT_021,flower_count__roll4_min,전체 꽃 수 roll4_min,sfkr_hbfm_grow,growth_measure_code + resolved value column,min,4 valid surveys including current; min_periods=4,개,individual,feature_date,train median after pre-freeze screening; no row deletion,1,definition_ready,,State,작물 생육,꽃 관측정보,1,frozen,CAT_020,tomato_total_flower
VG_Flower_026,CAT_021,flower_count__roll4_max,전체 꽃 수 roll4_max,sfkr_hbfm_grow,growth_measure_code + resolved value column,max,4 valid surveys including current; min_periods=4,개,individual,feature_date,train median after pre-freeze screening; no row deletion,1,definition_ready,,State,작물 생육,꽃 관측정보,1,frozen,CAT_020,tomato_total_flower
VG_Flower_026,CAT_021,flower_count__roll4_slope,전체 꽃 수 roll4_slope,sfkr_hbfm_grow,growth_measure_code + resolved value column,slope; per calendar day,4 valid surveys including current; min_periods=4,개,individual,feature_date,train median after pre-freeze screening; no row deletion,1,definition_ready,,State,작물 생육,꽃 관측정보,1,frozen,CAT_020,tomato_total_flower
VG_Flower_026,CAT_041,history_count,누적 조사 횟수,growth/crop source,measurement date/cropping_date/current count,observed history only; ISO week period=52.1775,through current,count,individual,feature_date,train median after pre-freeze screening; no row deletion,1,definition_ready,,Context,재배 맥락,조사이력,1,frozen,CAT_037,tomato_total_flower
VG_Flower_026,CAT_046,EI__HI__1d_mean,내부습도 직전 1일 mean,sfkr_hbfm_env_con,EI/HI -> sen_val,mean,"[t-1d,t)",%,facility,feature_date,train median after pre-freeze screening; no row deletion,1,definition_ready,,State,실내환경,실내 온습도,1,frozen,CAT_045,tomato_total_flower
VG_Flower_026,CAT_046,EI__HI__1d_std,내부습도 직전 1일 std,sfkr_hbfm_env_con,EI/HI -> sen_val,std; ddof=0,"[t-1d,t)",%,facility,feature_date,train median after pre-freeze screening; no row deletion,1,definition_ready,,State,실내환경,실내 온습도,1,frozen,CAT_045,tomato_total_flower
VG_Flower_026,CAT_046,EI__HI__1d_min,내부습도 직전 1일 min,sfkr_hbfm_env_con,EI/HI -> sen_val,min,"[t-1d,t)",%,facility,feature_date,train median after pre-freeze screening; no row deletion,1,definition_ready,,State,실내환경,실내 온습도,1,frozen,CAT_045,tomato_total_flower
VG_Flower_026,CAT_046,EI__HI__1d_max,내부습도 직전 1일 max,sfkr_hbfm_env_con,EI/HI -> sen_val,max,"[t-1d,t)",%,facility,feature_date,train median after pre-freeze screening; no row deletion,1,definition_ready,,State,실내환경,실내 온습도,1,frozen,CAT_045,tomato_total_flower
VG_Flower_026,CAT_046,EI__HI__3d_mean,내부습도 직전 3일 mean,sfkr_hbfm_env_con,EI/HI -> sen_val,mean,"[t-3d,t)",%,facility,feature_date,train median after pre-freeze screening; no row deletion,1,definition_ready,,State,실내환경,실내 온습도,1,frozen,CAT_045,tomato_total_flower
VG_Flower_026,CAT_046,EI__HI__3d_std,내부습도 직전 3일 std,sfkr_hbfm_env_con,EI/HI -> sen_val,std; ddof=0,"[t-3d,t)",%,facility,feature_date,train median after pre-freeze screening; no row deletion,1,definition_ready,,State,실내환경,실내 온습도,1,frozen,CAT_045,tomato_total_flower
VG_Flower_026,CAT_046,EI__HI__3d_min,내부습도 직전 3일 min,sfkr_hbfm_env_con,EI/HI -> sen_val,min,"[t-3d,t)",%,facility,feature_date,train median after pre-freeze screening; no row deletion,1,definition_ready,,State,실내환경,실내 온습도,1,frozen,CAT_045,tomato_total_flower
VG_Flower_026,CAT_046,EI__HI__3d_max,내부습도 직전 3일 max,sfkr_hbfm_env_con,EI/HI -> sen_val,max,"[t-3d,t)",%,facility,feature_date,train median after pre-freeze screening; no row deletion,1,definition_ready,,State,실내환경,실내 온습도,1,frozen,CAT_045,tomato_total_flower
VG_Flower_026,CAT_046,EI__HI__7d_mean,내부습도 직전 7일 mean,sfkr_hbfm_env_con,EI/HI -> sen_val,mean,"[t-7d,t)",%,facility,feature_date,train median after pre-freeze screening; no row deletion,1,definition_ready,,State,실내환경,실내 온습도,1,frozen,CAT_045,tomato_total_flower
VG_Flower_026,CAT_046,EI__HI__7d_std,내부습도 직전 7일 std,sfkr_hbfm_env_con,EI/HI -> sen_val,std; ddof=0,"[t-7d,t)",%,facility,feature_date,train median after pre-freeze screening; no row deletion,1,definition_ready,,State,실내환경,실내 온습도,1,frozen,CAT_045,tomato_total_flower
VG_Flower_026,CAT_046,EI__HI__7d_min,내부습도 직전 7일 min,sfkr_hbfm_env_con,EI/HI -> sen_val,min,"[t-7d,t)",%,facility,feature_date,train median after pre-freeze screening; no row deletion,1,definition_ready,,State,실내환경,실내 온습도,1,frozen,CAT_045,tomato_total_flower
VG_Flower_026,CAT_046,EI__HI__7d_max,내부습도 직전 7일 max,sfkr_hbfm_env_con,EI/HI -> sen_val,max,"[t-7d,t)",%,facility,feature_date,train median after pre-freeze screening; no row deletion,1,definition_ready,,State,실내환경,실내 온습도,1,frozen,CAT_045,tomato_total_flower
VG_Flower_026,CAT_046,EI__TI__1d_mean,내부온도 직전 1일 mean,sfkr_hbfm_env_con,EI/TI -> sen_val,mean,"[t-1d,t)",도,facility,feature_date,train median after pre-freeze screening; no row deletion,1,definition_ready,,State,실내환경,실내 온습도,1,frozen,CAT_045,tomato_total_flower
VG_Flower_026,CAT_046,EI__TI__1d_std,내부온도 직전 1일 std,sfkr_hbfm_env_con,EI/TI -> sen_val,std; ddof=0,"[t-1d,t)",도,facility,feature_date,train median after pre-freeze screening; no row deletion,1,definition_ready,,State,실내환경,실내 온습도,1,frozen,CAT_045,tomato_total_flower
VG_Flower_026,CAT_046,EI__TI__1d_min,내부온도 직전 1일 min,sfkr_hbfm_env_con,EI/TI -> sen_val,min,"[t-1d,t)",도,facility,feature_date,train median after pre-freeze screening; no row deletion,1,definition_ready,,State,실내환경,실내 온습도,1,frozen,CAT_045,tomato_total_flower
VG_Flower_026,CAT_046,EI__TI__1d_max,내부온도 직전 1일 max,sfkr_hbfm_env_con,EI/TI -> sen_val,max,"[t-1d,t)",도,facility,feature_date,train median after pre-freeze screening; no row deletion,1,definition_ready,,State,실내환경,실내 온습도,1,frozen,CAT_045,tomato_total_flower
VG_Flower_026,CAT_046,EI__TI__3d_mean,내부온도 직전 3일 mean,sfkr_hbfm_env_con,EI/TI -> sen_val,mean,"[t-3d,t)",도,facility,feature_date,train median after pre-freeze screening; no row deletion,1,definition_ready,,State,실내환경,실내 온습도,1,frozen,CAT_045,tomato_total_flower
VG_Flower_026,CAT_046,EI__TI__3d_std,내부온도 직전 3일 std,sfkr_hbfm_env_con,EI/TI -> sen_val,std; ddof=0,"[t-3d,t)",도,facility,feature_date,train median after pre-freeze screening; no row deletion,1,definition_ready,,State,실내환경,실내 온습도,1,frozen,CAT_045,tomato_total_flower
VG_Flower_026,CAT_046,EI__TI__3d_min,내부온도 직전 3일 min,sfkr_hbfm_env_con,EI/TI -> sen_val,min,"[t-3d,t)",도,facility,feature_date,train median after pre-freeze screening; no row deletion,1,definition_ready,,State,실내환경,실내 온습도,1,frozen,CAT_045,tomato_total_flower
VG_Flower_026,CAT_046,EI__TI__3d_max,내부온도 직전 3일 max,sfkr_hbfm_env_con,EI/TI -> sen_val,max,"[t-3d,t)",도,facility,feature_date,train median after pre-freeze screening; no row deletion,1,definition_ready,,State,실내환경,실내 온습도,1,frozen,CAT_045,tomato_total_flower
VG_Flower_026,CAT_046,EI__TI__7d_mean,내부온도 직전 7일 mean,sfkr_hbfm_env_con,EI/TI -> sen_val,mean,"[t-7d,t)",도,facility,feature_date,train median after pre-freeze screening; no row deletion,1,definition_ready,,State,실내환경,실내 온습도,1,frozen,CAT_045,tomato_total_flower
VG_Flower_026,CAT_046,EI__TI__7d_std,내부온도 직전 7일 std,sfkr_hbfm_env_con,EI/TI -> sen_val,std; ddof=0,"[t-7d,t)",도,facility,feature_date,train median after pre-freeze screening; no row deletion,1,definition_ready,,State,실내환경,실내 온습도,1,frozen,CAT_045,tomato_total_flower
VG_Flower_026,CAT_046,EI__TI__7d_min,내부온도 직전 7일 min,sfkr_hbfm_env_con,EI/TI -> sen_val,min,"[t-7d,t)",도,facility,feature_date,train median after pre-freeze screening; no row deletion,1,definition_ready,,State,실내환경,실내 온습도,1,frozen,CAT_045,tomato_total_flower
VG_Flower_026,CAT_046,EI__TI__7d_max,내부온도 직전 7일 max,sfkr_hbfm_env_con,EI/TI -> sen_val,max,"[t-7d,t)",도,facility,feature_date,train median after pre-freeze screening; no row deletion,1,definition_ready,,State,실내환경,실내 온습도,1,frozen,CAT_045,tomato_total_flower
VG_Flower_022,CAT_017,EI__CI__1d_mean,내부CO2 직전 1일 mean,sfkr_hbfm_env_con,EI/CI -> sen_val,mean,"[t-1d,t)",ppm,facility,feature_date,train median after pre-freeze screening; no row deletion,1,definition_ready,,State,실내환경,실내 CO2,1,frozen,CAT_016,tomato_total_flower
VG_Flower_022,CAT_017,EI__CI__1d_std,내부CO2 직전 1일 std,sfkr_hbfm_env_con,EI/CI -> sen_val,std; ddof=0,"[t-1d,t)",ppm,facility,feature_date,train median after pre-freeze screening; no row deletion,1,definition_ready,,State,실내환경,실내 CO2,1,frozen,CAT_016,tomato_total_flower
VG_Flower_022,CAT_017,EI__CI__1d_min,내부CO2 직전 1일 min,sfkr_hbfm_env_con,EI/CI -> sen_val,min,"[t-1d,t)",ppm,facility,feature_date,train median after pre-freeze screening; no row deletion,1,definition_ready,,State,실내환경,실내 CO2,1,frozen,CAT_016,tomato_total_flower
VG_Flower_022,CAT_017,EI__CI__1d_max,내부CO2 직전 1일 max,sfkr_hbfm_env_con,EI/CI -> sen_val,max,"[t-1d,t)",ppm,facility,feature_date,train median after pre-freeze screening; no row deletion,1,definition_ready,,State,실내환경,실내 CO2,1,frozen,CAT_016,tomato_total_flower
VG_Flower_022,CAT_017,EI__CI__3d_mean,내부CO2 직전 3일 mean,sfkr_hbfm_env_con,EI/CI -> sen_val,mean,"[t-3d,t)",ppm,facility,feature_date,train median after pre-freeze screening; no row deletion,1,definition_ready,,State,실내환경,실내 CO2,1,frozen,CAT_016,tomato_total_flower
VG_Flower_022,CAT_017,EI__CI__3d_std,내부CO2 직전 3일 std,sfkr_hbfm_env_con,EI/CI -> sen_val,std; ddof=0,"[t-3d,t)",ppm,facility,feature_date,train median after pre-freeze screening; no row deletion,1,definition_ready,,State,실내환경,실내 CO2,1,frozen,CAT_016,tomato_total_flower
VG_Flower_022,CAT_017,EI__CI__3d_min,내부CO2 직전 3일 min,sfkr_hbfm_env_con,EI/CI -> sen_val,min,"[t-3d,t)",ppm,facility,feature_date,train median after pre-freeze screening; no row deletion,1,definition_ready,,State,실내환경,실내 CO2,1,frozen,CAT_016,tomato_total_flower
VG_Flower_022,CAT_017,EI__CI__3d_max,내부CO2 직전 3일 max,sfkr_hbfm_env_con,EI/CI -> sen_val,max,"[t-3d,t)",ppm,facility,feature_date,train median after pre-freeze screening; no row deletion,1,definition_ready,,State,실내환경,실내 CO2,1,frozen,CAT_016,tomato_total_flower
VG_Flower_022,CAT_017,EI__CI__7d_mean,내부CO2 직전 7일 mean,sfkr_hbfm_env_con,EI/CI -> sen_val,mean,"[t-7d,t)",ppm,facility,feature_date,train median after pre-freeze screening; no row deletion,1,definition_ready,,State,실내환경,실내 CO2,1,frozen,CAT_016,tomato_total_flower
VG_Flower_022,CAT_017,EI__CI__7d_std,내부CO2 직전 7일 std,sfkr_hbfm_env_con,EI/CI -> sen_val,std; ddof=0,"[t-7d,t)",ppm,facility,feature_date,train median after pre-freeze screening; no row deletion,1,definition_ready,,State,실내환경,실내 CO2,1,frozen,CAT_016,tomato_total_flower
VG_Flower_022,CAT_017,EI__CI__7d_min,내부CO2 직전 7일 min,sfkr_hbfm_env_con,EI/CI -> sen_val,min,"[t-7d,t)",ppm,facility,feature_date,train median after pre-freeze screening; no row deletion,1,definition_ready,,State,실내환경,실내 CO2,1,frozen,CAT_016,tomato_total_flower
VG_Flower_022,CAT_017,EI__CI__7d_max,내부CO2 직전 7일 max,sfkr_hbfm_env_con,EI/CI -> sen_val,max,"[t-7d,t)",ppm,facility,feature_date,train median after pre-freeze screening; no row deletion,1,definition_ready,,State,실내환경,실내 CO2,1,frozen,CAT_016,tomato_total_flower
VG_Flower_022,CAT_021,flower_count__current,전체 꽃 수 current,sfkr_hbfm_grow,growth_measure_code + resolved value column,current valid observation,current,개,individual,feature_date,train median after pre-freeze screening; no row deletion,1,definition_ready,,State,작물 생육,꽃 관측정보,1,frozen,CAT_020,tomato_total_flower
VG_Flower_022,CAT_021,flower_count__delta,전체 꽃 수 delta,sfkr_hbfm_grow,growth_measure_code + resolved value column,current minus previous,1 survey,개,individual,feature_date,train median after pre-freeze screening; no row deletion,1,definition_ready,,State,작물 생육,꽃 관측정보,1,frozen,CAT_020,tomato_total_flower
VG_Flower_022,CAT_021,flower_count__delta_per_day,전체 꽃 수 delta_per_day,sfkr_hbfm_grow,growth_measure_code + resolved value column,delta / positive elapsed days,1 survey,개,individual,feature_date,train median after pre-freeze screening; no row deletion,1,definition_ready,,State,작물 생육,꽃 관측정보,1,frozen,CAT_020,tomato_total_flower
VG_Flower_022,CAT_021,flower_count__lag1,전체 꽃 수 lag1,sfkr_hbfm_grow,growth_measure_code + resolved value column,lag 1,1 surveys,개,individual,feature_date,train median after pre-freeze screening; no row deletion,1,definition_ready,,State,작물 생육,꽃 관측정보,1,frozen,CAT_020,tomato_total_flower
VG_Flower_022,CAT_021,flower_count__lag2,전체 꽃 수 lag2,sfkr_hbfm_grow,growth_measure_code + resolved value column,lag 2,2 surveys,개,individual,feature_date,train median after pre-freeze screening; no row deletion,1,definition_ready,,State,작물 생육,꽃 관측정보,1,frozen,CAT_020,tomato_total_flower
VG_Flower_022,CAT_021,flower_count__lag3,전체 꽃 수 lag3,sfkr_hbfm_grow,growth_measure_code + resolved value column,lag 3,3 surveys,개,individual,feature_date,train median after pre-freeze screening; no row deletion,1,definition_ready,,State,작물 생육,꽃 관측정보,1,frozen,CAT_020,tomato_total_flower
VG_Flower_022,CAT_021,flower_count__roll2_std,전체 꽃 수 roll2_std,sfkr_hbfm_grow,growth_measure_code + resolved value column,std; ddof=0,2 valid surveys including current; min_periods=2,개,individual,feature_date,train median after pre-freeze screening; no row deletion,1,definition_ready,,State,작물 생육,꽃 관측정보,1,frozen,CAT_020,tomato_total_flower
VG_Flower_022,CAT_021,flower_count__roll2_min,전체 꽃 수 roll2_min,sfkr_hbfm_grow,growth_measure_code + resolved value column,min,2 valid surveys including current; min_periods=2,개,individual,feature_date,train median after pre-freeze screening; no row deletion,1,definition_ready,,State,작물 생육,꽃 관측정보,1,frozen,CAT_020,tomato_total_flower
VG_Flower_022,CAT_021,flower_count__roll3_mean,전체 꽃 수 roll3_mean,sfkr_hbfm_grow,growth_measure_code + resolved value column,mean,3 valid surveys including current; min_periods=3,개,individual,feature_date,train median after pre-freeze screening; no row deletion,1,definition_ready,,State,작물 생육,꽃 관측정보,1,frozen,CAT_020,tomato_total_flower
VG_Flower_022,CAT_021,flower_count__roll3_std,전체 꽃 수 roll3_std,sfkr_hbfm_grow,growth_measure_code + resolved value column,std; ddof=0,3 valid surveys including current; min_periods=3,개,individual,feature_date,train median after pre-freeze screening; no row deletion,1,definition_ready,,State,작물 생육,꽃 관측정보,1,frozen,CAT_020,tomato_total_flower
VG_Flower_022,CAT_021,flower_count__roll3_min,전체 꽃 수 roll3_min,sfkr_hbfm_grow,growth_measure_code + resolved value column,min,3 valid surveys including current; min_periods=3,개,individual,feature_date,train median after pre-freeze screening; no row deletion,1,definition_ready,,State,작물 생육,꽃 관측정보,1,frozen,CAT_020,tomato_total_flower
VG_Flower_022,CAT_021,flower_count__roll3_max,전체 꽃 수 roll3_max,sfkr_hbfm_grow,growth_measure_code + resolved value column,max,3 valid surveys including current; min_periods=3,개,individual,feature_date,train median after pre-freeze screening; no row deletion,1,definition_ready,,State,작물 생육,꽃 관측정보,1,frozen,CAT_020,tomato_total_flower
VG_Flower_022,CAT_021,flower_count__roll3_slope,전체 꽃 수 roll3_slope,sfkr_hbfm_grow,growth_measure_code + resolved value column,slope; per calendar day,3 valid surveys including current; min_periods=3,개,individual,feature_date,train median after pre-freeze screening; no row deletion,1,definition_ready,,State,작물 생육,꽃 관측정보,1,frozen,CAT_020,tomato_total_flower
VG_Flower_022,CAT_021,flower_count__roll4_mean,전체 꽃 수 roll4_mean,sfkr_hbfm_grow,growth_measure_code + resolved value column,mean,4 valid surveys including current; min_periods=4,개,individual,feature_date,train median after pre-freeze screening; no row deletion,1,definition_ready,,State,작물 생육,꽃 관측정보,1,frozen,CAT_020,tomato_total_flower
VG_Flower_022,CAT_021,flower_count__roll4_std,전체 꽃 수 roll4_std,sfkr_hbfm_grow,growth_measure_code + resolved value column,std; ddof=0,4 valid surveys including current; min_periods=4,개,individual,feature_date,train median after pre-freeze screening; no row deletion,1,definition_ready,,State,작물 생육,꽃 관측정보,1,frozen,CAT_020,tomato_total_flower
VG_Flower_022,CAT_021,flower_count__roll4_min,전체 꽃 수 roll4_min,sfkr_hbfm_grow,growth_measure_code + resolved value column,min,4 valid surveys including current; min_periods=4,개,individual,feature_date,train median after pre-freeze screening; no row deletion,1,definition_ready,,State,작물 생육,꽃 관측정보,1,frozen,CAT_020,tomato_total_flower
VG_Flower_022,CAT_021,flower_count__roll4_max,전체 꽃 수 roll4_max,sfkr_hbfm_grow,growth_measure_code + resolved value column,max,4 valid surveys including current; min_periods=4,개,individual,feature_date,train median after pre-freeze screening; no row deletion,1,definition_ready,,State,작물 생육,꽃 관측정보,1,frozen,CAT_020,tomato_total_flower
VG_Flower_022,CAT_021,flower_count__roll4_slope,전체 꽃 수 roll4_slope,sfkr_hbfm_grow,growth_measure_code + resolved value column,slope; per calendar day,4 valid surveys including current; min_periods=4,개,individual,feature_date,train median after pre-freeze screening; no row deletion,1,definition_ready,,State,작물 생육,꽃 관측정보,1,frozen,CAT_020,tomato_total_flower
VG_Flower_017,CAT_017,EI__CI__1d_mean,내부CO2 직전 1일 mean,sfkr_hbfm_env_con,EI/CI -> sen_val,mean,"[t-1d,t)",ppm,facility,feature_date,train median after pre-freeze screening; no row deletion,1,definition_ready,,State,실내환경,실내 CO2,1,frozen,CAT_016,tomato_total_flower
VG_Flower_017,CAT_017,EI__CI__1d_std,내부CO2 직전 1일 std,sfkr_hbfm_env_con,EI/CI -> sen_val,std; ddof=0,"[t-1d,t)",ppm,facility,feature_date,train median after pre-freeze screening; no row deletion,1,definition_ready,,State,실내환경,실내 CO2,1,frozen,CAT_016,tomato_total_flower
VG_Flower_017,CAT_017,EI__CI__1d_min,내부CO2 직전 1일 min,sfkr_hbfm_env_con,EI/CI -> sen_val,min,"[t-1d,t)",ppm,facility,feature_date,train median after pre-freeze screening; no row deletion,1,definition_ready,,State,실내환경,실내 CO2,1,frozen,CAT_016,tomato_total_flower
VG_Flower_017,CAT_017,EI__CI__1d_max,내부CO2 직전 1일 max,sfkr_hbfm_env_con,EI/CI -> sen_val,max,"[t-1d,t)",ppm,facility,feature_date,train median after pre-freeze screening; no row deletion,1,definition_ready,,State,실내환경,실내 CO2,1,frozen,CAT_016,tomato_total_flower
VG_Flower_017,CAT_017,EI__CI__3d_mean,내부CO2 직전 3일 mean,sfkr_hbfm_env_con,EI/CI -> sen_val,mean,"[t-3d,t)",ppm,facility,feature_date,train median after pre-freeze screening; no row deletion,1,definition_ready,,State,실내환경,실내 CO2,1,frozen,CAT_016,tomato_total_flower
VG_Flower_017,CAT_017,EI__CI__3d_std,내부CO2 직전 3일 std,sfkr_hbfm_env_con,EI/CI -> sen_val,std; ddof=0,"[t-3d,t)",ppm,facility,feature_date,train median after pre-freeze screening; no row deletion,1,definition_ready,,State,실내환경,실내 CO2,1,frozen,CAT_016,tomato_total_flower
VG_Flower_017,CAT_017,EI__CI__3d_min,내부CO2 직전 3일 min,sfkr_hbfm_env_con,EI/CI -> sen_val,min,"[t-3d,t)",ppm,facility,feature_date,train median after pre-freeze screening; no row deletion,1,definition_ready,,State,실내환경,실내 CO2,1,frozen,CAT_016,tomato_total_flower
VG_Flower_017,CAT_017,EI__CI__3d_max,내부CO2 직전 3일 max,sfkr_hbfm_env_con,EI/CI -> sen_val,max,"[t-3d,t)",ppm,facility,feature_date,train median after pre-freeze screening; no row deletion,1,definition_ready,,State,실내환경,실내 CO2,1,frozen,CAT_016,tomato_total_flower
VG_Flower_017,CAT_017,EI__CI__7d_mean,내부CO2 직전 7일 mean,sfkr_hbfm_env_con,EI/CI -> sen_val,mean,"[t-7d,t)",ppm,facility,feature_date,train median after pre-freeze screening; no row deletion,1,definition_ready,,State,실내환경,실내 CO2,1,frozen,CAT_016,tomato_total_flower
VG_Flower_017,CAT_017,EI__CI__7d_std,내부CO2 직전 7일 std,sfkr_hbfm_env_con,EI/CI -> sen_val,std; ddof=0,"[t-7d,t)",ppm,facility,feature_date,train median after pre-freeze screening; no row deletion,1,definition_ready,,State,실내환경,실내 CO2,1,frozen,CAT_016,tomato_total_flower
VG_Flower_017,CAT_017,EI__CI__7d_min,내부CO2 직전 7일 min,sfkr_hbfm_env_con,EI/CI -> sen_val,min,"[t-7d,t)",ppm,facility,feature_date,train median after pre-freeze screening; no row deletion,1,definition_ready,,State,실내환경,실내 CO2,1,frozen,CAT_016,tomato_total_flower
VG_Flower_017,CAT_017,EI__CI__7d_max,내부CO2 직전 7일 max,sfkr_hbfm_env_con,EI/CI -> sen_val,max,"[t-7d,t)",ppm,facility,feature_date,train median after pre-freeze screening; no row deletion,1,definition_ready,,State,실내환경,실내 CO2,1,frozen,CAT_016,tomato_total_flower
VG_Flower_017,CAT_021,flower_count__current,전체 꽃 수 current,sfkr_hbfm_grow,growth_measure_code + resolved value column,current valid observation,current,개,individual,feature_date,train median after pre-freeze screening; no row deletion,1,definition_ready,,State,작물 생육,꽃 관측정보,1,frozen,CAT_020,tomato_total_flower
VG_Flower_017,CAT_021,flower_count__delta,전체 꽃 수 delta,sfkr_hbfm_grow,growth_measure_code + resolved value column,current minus previous,1 survey,개,individual,feature_date,train median after pre-freeze screening; no row deletion,1,definition_ready,,State,작물 생육,꽃 관측정보,1,frozen,CAT_020,tomato_total_flower
VG_Flower_017,CAT_021,flower_count__delta_per_day,전체 꽃 수 delta_per_day,sfkr_hbfm_grow,growth_measure_code + resolved value column,delta / positive elapsed days,1 survey,개,individual,feature_date,train median after pre-freeze screening; no row deletion,1,definition_ready,,State,작물 생육,꽃 관측정보,1,frozen,CAT_020,tomato_total_flower
VG_Flower_017,CAT_021,flower_count__lag1,전체 꽃 수 lag1,sfkr_hbfm_grow,growth_measure_code + resolved value column,lag 1,1 surveys,개,individual,feature_date,train median after pre-freeze screening; no row deletion,1,definition_ready,,State,작물 생육,꽃 관측정보,1,frozen,CAT_020,tomato_total_flower
VG_Flower_017,CAT_021,flower_count__lag2,전체 꽃 수 lag2,sfkr_hbfm_grow,growth_measure_code + resolved value column,lag 2,2 surveys,개,individual,feature_date,train median after pre-freeze screening; no row deletion,1,definition_ready,,State,작물 생육,꽃 관측정보,1,frozen,CAT_020,tomato_total_flower
VG_Flower_017,CAT_021,flower_count__lag3,전체 꽃 수 lag3,sfkr_hbfm_grow,growth_measure_code + resolved value column,lag 3,3 surveys,개,individual,feature_date,train median after pre-freeze screening; no row deletion,1,definition_ready,,State,작물 생육,꽃 관측정보,1,frozen,CAT_020,tomato_total_flower
VG_Flower_017,CAT_021,flower_count__roll2_std,전체 꽃 수 roll2_std,sfkr_hbfm_grow,growth_measure_code + resolved value column,std; ddof=0,2 valid surveys including current; min_periods=2,개,individual,feature_date,train median after pre-freeze screening; no row deletion,1,definition_ready,,State,작물 생육,꽃 관측정보,1,frozen,CAT_020,tomato_total_flower
VG_Flower_017,CAT_021,flower_count__roll2_min,전체 꽃 수 roll2_min,sfkr_hbfm_grow,growth_measure_code + resolved value column,min,2 valid surveys including current; min_periods=2,개,individual,feature_date,train median after pre-freeze screening; no row deletion,1,definition_ready,,State,작물 생육,꽃 관측정보,1,frozen,CAT_020,tomato_total_flower
VG_Flower_017,CAT_021,flower_count__roll3_mean,전체 꽃 수 roll3_mean,sfkr_hbfm_grow,growth_measure_code + resolved value column,mean,3 valid surveys including current; min_periods=3,개,individual,feature_date,train median after pre-freeze screening; no row deletion,1,definition_ready,,State,작물 생육,꽃 관측정보,1,frozen,CAT_020,tomato_total_flower
VG_Flower_017,CAT_021,flower_count__roll3_std,전체 꽃 수 roll3_std,sfkr_hbfm_grow,growth_measure_code + resolved value column,std; ddof=0,3 valid surveys including current; min_periods=3,개,individual,feature_date,train median after pre-freeze screening; no row deletion,1,definition_ready,,State,작물 생육,꽃 관측정보,1,frozen,CAT_020,tomato_total_flower
VG_Flower_017,CAT_021,flower_count__roll3_min,전체 꽃 수 roll3_min,sfkr_hbfm_grow,growth_measure_code + resolved value column,min,3 valid surveys including current; min_periods=3,개,individual,feature_date,train median after pre-freeze screening; no row deletion,1,definition_ready,,State,작물 생육,꽃 관측정보,1,frozen,CAT_020,tomato_total_flower
VG_Flower_017,CAT_021,flower_count__roll3_max,전체 꽃 수 roll3_max,sfkr_hbfm_grow,growth_measure_code + resolved value column,max,3 valid surveys including current; min_periods=3,개,individual,feature_date,train median after pre-freeze screening; no row deletion,1,definition_ready,,State,작물 생육,꽃 관측정보,1,frozen,CAT_020,tomato_total_flower
VG_Flower_017,CAT_021,flower_count__roll3_slope,전체 꽃 수 roll3_slope,sfkr_hbfm_grow,growth_measure_code + resolved value column,slope; per calendar day,3 valid surveys including current; min_periods=3,개,individual,feature_date,train median after pre-freeze screening; no row deletion,1,definition_ready,,State,작물 생육,꽃 관측정보,1,frozen,CAT_020,tomato_total_flower
VG_Flower_017,CAT_021,flower_count__roll4_mean,전체 꽃 수 roll4_mean,sfkr_hbfm_grow,growth_measure_code + resolved value column,mean,4 valid surveys including current; min_periods=4,개,individual,feature_date,train median after pre-freeze screening; no row deletion,1,definition_ready,,State,작물 생육,꽃 관측정보,1,frozen,CAT_020,tomato_total_flower
VG_Flower_017,CAT_021,flower_count__roll4_std,전체 꽃 수 roll4_std,sfkr_hbfm_grow,growth_measure_code + resolved value column,std; ddof=0,4 valid surveys including current; min_periods=4,개,individual,feature_date,train median after pre-freeze screening; no row deletion,1,definition_ready,,State,작물 생육,꽃 관측정보,1,frozen,CAT_020,tomato_total_flower
VG_Flower_017,CAT_021,flower_count__roll4_min,전체 꽃 수 roll4_min,sfkr_hbfm_grow,growth_measure_code + resolved value column,min,4 valid surveys including current; min_periods=4,개,individual,feature_date,train median after pre-freeze screening; no row deletion,1,definition_ready,,State,작물 생육,꽃 관측정보,1,frozen,CAT_020,tomato_total_flower
VG_Flower_017,CAT_021,flower_count__roll4_max,전체 꽃 수 roll4_max,sfkr_hbfm_grow,growth_measure_code + resolved value column,max,4 valid surveys including current; min_periods=4,개,individual,feature_date,train median after pre-freeze screening; no row deletion,1,definition_ready,,State,작물 생육,꽃 관측정보,1,frozen,CAT_020,tomato_total_flower
VG_Flower_017,CAT_021,flower_count__roll4_slope,전체 꽃 수 roll4_slope,sfkr_hbfm_grow,growth_measure_code + resolved value column,slope; per calendar day,4 valid surveys including current; min_periods=4,개,individual,feature_date,train median after pre-freeze screening; no row deletion,1,definition_ready,,State,작물 생육,꽃 관측정보,1,frozen,CAT_020,tomato_total_flower
VG_Flower_017,CAT_033,days_since_previous,이전 조사 후 경과일,growth/crop source,measurement date/cropping_date/current count,observed history only; ISO week period=52.1775,through current,day,individual,feature_date,train median after pre-freeze screening; no row deletion,1,definition_ready,,Context,재배 맥락,시간정보,1,frozen,CAT_029,tomato_total_flower
VG_Flower_017,CAT_033,days_since_first_measurement,최초 조사 후 경과일,growth/crop source,measurement date/cropping_date/current count,observed history only; ISO week period=52.1775,through current,day,individual,feature_date,train median after pre-freeze screening; no row deletion,1,definition_ready,,Context,재배 맥락,시간정보,1,frozen,CAT_029,tomato_total_flower
VG_Flower_017,CAT_033,days_since_crop_start,작기 시작 후 경과일,growth/crop source,measurement date/cropping_date/current count,observed history only; ISO week period=52.1775,through current,day,individual,feature_date,train median after pre-freeze screening; no row deletion,1,definition_ready,,Context,재배 맥락,시간정보,1,frozen,CAT_029,tomato_total_flower
VG_Flower_017,CAT_033,week_sin,연중 주차 사인값,growth/crop source,measurement date/cropping_date/current count,observed history only; ISO week period=52.1775,through current,unitless,individual,feature_date,train median after pre-freeze screening; no row deletion,1,definition_ready,,Context,재배 맥락,시간정보,1,frozen,CAT_029,tomato_total_flower
VG_Flower_017,CAT_033,week_cos,연중 주차 코사인값,growth/crop source,measurement date/cropping_date/current count,observed history only; ISO week period=52.1775,through current,unitless,individual,feature_date,train median after pre-freeze screening; no row deletion,1,definition_ready,,Context,재배 맥락,시간정보,1,frozen,CAT_029,tomato_total_flower
VG_Flower_013,CAT_003,current_max_truss_number__current,최대 관측 화방번호 current,sfkr_hbfm_grow,growth_measure_code,current valid observation,current,번호,individual,feature_date,train median after pre-freeze screening; no row deletion,1,definition_ready,,State,작물 생육,화방 관측정보,1,frozen,CAT_002,tomato_total_flower
VG_Flower_013,CAT_003,current_max_truss_number__delta,최대 관측 화방번호 delta,sfkr_hbfm_grow,growth_measure_code,current minus previous,1 survey,번호,individual,feature_date,train median after pre-freeze screening; no row deletion,1,definition_ready,,State,작물 생육,화방 관측정보,1,frozen,CAT_002,tomato_total_flower
VG_Flower_013,CAT_003,current_max_truss_number__delta_per_day,최대 관측 화방번호 delta_per_day,sfkr_hbfm_grow,growth_measure_code,delta / positive elapsed days,1 survey,번호,individual,feature_date,train median after pre-freeze screening; no row deletion,1,definition_ready,,State,작물 생육,화방 관측정보,1,frozen,CAT_002,tomato_total_flower
VG_Flower_013,CAT_003,current_max_truss_number__lag1,최대 관측 화방번호 lag1,sfkr_hbfm_grow,growth_measure_code,lag 1,1 surveys,번호,individual,feature_date,train median after pre-freeze screening; no row deletion,1,definition_ready,,State,작물 생육,화방 관측정보,1,frozen,CAT_002,tomato_total_flower
VG_Flower_013,CAT_003,current_max_truss_number__lag2,최대 관측 화방번호 lag2,sfkr_hbfm_grow,growth_measure_code,lag 2,2 surveys,번호,individual,feature_date,train median after pre-freeze screening; no row deletion,1,definition_ready,,State,작물 생육,화방 관측정보,1,frozen,CAT_002,tomato_total_flower
VG_Flower_013,CAT_003,current_max_truss_number__lag3,최대 관측 화방번호 lag3,sfkr_hbfm_grow,growth_measure_code,lag 3,3 surveys,번호,individual,feature_date,train median after pre-freeze screening; no row deletion,1,definition_ready,,State,작물 생육,화방 관측정보,1,frozen,CAT_002,tomato_total_flower
VG_Flower_013,CAT_003,current_max_truss_number__roll3_mean,최대 관측 화방번호 roll3_mean,sfkr_hbfm_grow,growth_measure_code,mean,3 valid surveys including current; min_periods=3,번호,individual,feature_date,train median after pre-freeze screening; no row deletion,1,definition_ready,,State,작물 생육,화방 관측정보,1,frozen,CAT_002,tomato_total_flower
VG_Flower_013,CAT_003,current_max_truss_number__roll3_std,최대 관측 화방번호 roll3_std,sfkr_hbfm_grow,growth_measure_code,std; ddof=0,3 valid surveys including current; min_periods=3,번호,individual,feature_date,train median after pre-freeze screening; no row deletion,1,definition_ready,,State,작물 생육,화방 관측정보,1,frozen,CAT_002,tomato_total_flower
VG_Flower_013,CAT_003,current_max_truss_number__roll3_max,최대 관측 화방번호 roll3_max,sfkr_hbfm_grow,growth_measure_code,max,3 valid surveys including current; min_periods=3,번호,individual,feature_date,train median after pre-freeze screening; no row deletion,1,definition_ready,,State,작물 생육,화방 관측정보,1,frozen,CAT_002,tomato_total_flower
VG_Flower_013,CAT_003,current_max_truss_number__roll3_slope,최대 관측 화방번호 roll3_slope,sfkr_hbfm_grow,growth_measure_code,slope; per calendar day,3 valid surveys including current; min_periods=3,번호,individual,feature_date,train median after pre-freeze screening; no row deletion,1,definition_ready,,State,작물 생육,화방 관측정보,1,frozen,CAT_002,tomato_total_flower
VG_Flower_013,CAT_003,current_max_truss_number__roll4_mean,최대 관측 화방번호 roll4_mean,sfkr_hbfm_grow,growth_measure_code,mean,4 valid surveys including current; min_periods=4,번호,individual,feature_date,train median after pre-freeze screening; no row deletion,1,definition_ready,,State,작물 생육,화방 관측정보,1,frozen,CAT_002,tomato_total_flower
VG_Flower_013,CAT_003,current_max_truss_number__roll4_std,최대 관측 화방번호 roll4_std,sfkr_hbfm_grow,growth_measure_code,std; ddof=0,4 valid surveys including current; min_periods=4,번호,individual,feature_date,train median after pre-freeze screening; no row deletion,1,definition_ready,,State,작물 생육,화방 관측정보,1,frozen,CAT_002,tomato_total_flower
VG_Flower_013,CAT_003,current_max_truss_number__roll4_max,최대 관측 화방번호 roll4_max,sfkr_hbfm_grow,growth_measure_code,max,4 valid surveys including current; min_periods=4,번호,individual,feature_date,train median after pre-freeze screening; no row deletion,1,definition_ready,,State,작물 생육,화방 관측정보,1,frozen,CAT_002,tomato_total_flower
VG_Flower_013,CAT_003,current_max_truss_number__roll4_slope,최대 관측 화방번호 roll4_slope,sfkr_hbfm_grow,growth_measure_code,slope; per calendar day,4 valid surveys including current; min_periods=4,번호,individual,feature_date,train median after pre-freeze screening; no row deletion,1,definition_ready,,State,작물 생육,화방 관측정보,1,frozen,CAT_002,tomato_total_flower
VG_Flower_013,CAT_003,positive_truss_count__current,꽃이 있는 화방 수 current,sfkr_hbfm_grow,growth_measure_code + resolved value column,current valid observation,current,개,individual,feature_date,train median after pre-freeze screening; no row deletion,1,definition_ready,,State,작물 생육,화방 관측정보,1,frozen,CAT_002,tomato_total_flower
VG_Flower_013,CAT_003,positive_truss_count__delta,꽃이 있는 화방 수 delta,sfkr_hbfm_grow,growth_measure_code + resolved value column,current minus previous,1 survey,개,individual,feature_date,train median after pre-freeze screening; no row deletion,1,definition_ready,,State,작물 생육,화방 관측정보,1,frozen,CAT_002,tomato_total_flower
VG_Flower_013,CAT_003,positive_truss_count__delta_per_day,꽃이 있는 화방 수 delta_per_day,sfkr_hbfm_grow,growth_measure_code + resolved value column,delta / positive elapsed days,1 survey,개,individual,feature_date,train median after pre-freeze screening; no row deletion,1,definition_ready,,State,작물 생육,화방 관측정보,1,frozen,CAT_002,tomato_total_flower
VG_Flower_013,CAT_003,positive_truss_count__lag1,꽃이 있는 화방 수 lag1,sfkr_hbfm_grow,growth_measure_code + resolved value column,lag 1,1 surveys,개,individual,feature_date,train median after pre-freeze screening; no row deletion,1,definition_ready,,State,작물 생육,화방 관측정보,1,frozen,CAT_002,tomato_total_flower
VG_Flower_013,CAT_003,positive_truss_count__lag2,꽃이 있는 화방 수 lag2,sfkr_hbfm_grow,growth_measure_code + resolved value column,lag 2,2 surveys,개,individual,feature_date,train median after pre-freeze screening; no row deletion,1,definition_ready,,State,작물 생육,화방 관측정보,1,frozen,CAT_002,tomato_total_flower
VG_Flower_013,CAT_003,positive_truss_count__lag3,꽃이 있는 화방 수 lag3,sfkr_hbfm_grow,growth_measure_code + resolved value column,lag 3,3 surveys,개,individual,feature_date,train median after pre-freeze screening; no row deletion,1,definition_ready,,State,작물 생육,화방 관측정보,1,frozen,CAT_002,tomato_total_flower
VG_Flower_013,CAT_003,positive_truss_count__roll2_std,꽃이 있는 화방 수 roll2_std,sfkr_hbfm_grow,growth_measure_code + resolved value column,std; ddof=0,2 valid surveys including current; min_periods=2,개,individual,feature_date,train median after pre-freeze screening; no row deletion,1,definition_ready,,State,작물 생육,화방 관측정보,1,frozen,CAT_002,tomato_total_flower
VG_Flower_013,CAT_003,positive_truss_count__roll2_min,꽃이 있는 화방 수 roll2_min,sfkr_hbfm_grow,growth_measure_code + resolved value column,min,2 valid surveys including current; min_periods=2,개,individual,feature_date,train median after pre-freeze screening; no row deletion,1,definition_ready,,State,작물 생육,화방 관측정보,1,frozen,CAT_002,tomato_total_flower
VG_Flower_013,CAT_003,positive_truss_count__roll3_mean,꽃이 있는 화방 수 roll3_mean,sfkr_hbfm_grow,growth_measure_code + resolved value column,mean,3 valid surveys including current; min_periods=3,개,individual,feature_date,train median after pre-freeze screening; no row deletion,1,definition_ready,,State,작물 생육,화방 관측정보,1,frozen,CAT_002,tomato_total_flower
VG_Flower_013,CAT_003,positive_truss_count__roll3_std,꽃이 있는 화방 수 roll3_std,sfkr_hbfm_grow,growth_measure_code + resolved value column,std; ddof=0,3 valid surveys including current; min_periods=3,개,individual,feature_date,train median after pre-freeze screening; no row deletion,1,definition_ready,,State,작물 생육,화방 관측정보,1,frozen,CAT_002,tomato_total_flower
VG_Flower_013,CAT_003,positive_truss_count__roll3_min,꽃이 있는 화방 수 roll3_min,sfkr_hbfm_grow,growth_measure_code + resolved value column,min,3 valid surveys including current; min_periods=3,개,individual,feature_date,train median after pre-freeze screening; no row deletion,1,definition_ready,,State,작물 생육,화방 관측정보,1,frozen,CAT_002,tomato_total_flower
VG_Flower_013,CAT_003,positive_truss_count__roll3_max,꽃이 있는 화방 수 roll3_max,sfkr_hbfm_grow,growth_measure_code + resolved value column,max,3 valid surveys including current; min_periods=3,개,individual,feature_date,train median after pre-freeze screening; no row deletion,1,definition_ready,,State,작물 생육,화방 관측정보,1,frozen,CAT_002,tomato_total_flower
VG_Flower_013,CAT_003,positive_truss_count__roll3_slope,꽃이 있는 화방 수 roll3_slope,sfkr_hbfm_grow,growth_measure_code + resolved value column,slope; per calendar day,3 valid surveys including current; min_periods=3,개,individual,feature_date,train median after pre-freeze screening; no row deletion,1,definition_ready,,State,작물 생육,화방 관측정보,1,frozen,CAT_002,tomato_total_flower
VG_Flower_013,CAT_003,positive_truss_count__roll4_mean,꽃이 있는 화방 수 roll4_mean,sfkr_hbfm_grow,growth_measure_code + resolved value column,mean,4 valid surveys including current; min_periods=4,개,individual,feature_date,train median after pre-freeze screening; no row deletion,1,definition_ready,,State,작물 생육,화방 관측정보,1,frozen,CAT_002,tomato_total_flower
VG_Flower_013,CAT_003,positive_truss_count__roll4_std,꽃이 있는 화방 수 roll4_std,sfkr_hbfm_grow,growth_measure_code + resolved value column,std; ddof=0,4 valid surveys including current; min_periods=4,개,individual,feature_date,train median after pre-freeze screening; no row deletion,1,definition_ready,,State,작물 생육,화방 관측정보,1,frozen,CAT_002,tomato_total_flower
VG_Flower_013,CAT_003,positive_truss_count__roll4_min,꽃이 있는 화방 수 roll4_min,sfkr_hbfm_grow,growth_measure_code + resolved value column,min,4 valid surveys including current; min_periods=4,개,individual,feature_date,train median after pre-freeze screening; no row deletion,1,definition_ready,,State,작물 생육,화방 관측정보,1,frozen,CAT_002,tomato_total_flower
VG_Flower_013,CAT_003,positive_truss_count__roll4_max,꽃이 있는 화방 수 roll4_max,sfkr_hbfm_grow,growth_measure_code + resolved value column,max,4 valid surveys including current; min_periods=4,개,individual,feature_date,train median after pre-freeze screening; no row deletion,1,definition_ready,,State,작물 생육,화방 관측정보,1,frozen,CAT_002,tomato_total_flower
VG_Flower_013,CAT_003,positive_truss_count__roll4_slope,꽃이 있는 화방 수 roll4_slope,sfkr_hbfm_grow,growth_measure_code + resolved value column,slope; per calendar day,4 valid surveys including current; min_periods=4,개,individual,feature_date,train median after pre-freeze screening; no row deletion,1,definition_ready,,State,작물 생육,화방 관측정보,1,frozen,CAT_002,tomato_total_flower
VG_Flower_013,CAT_021,flower_count__current,전체 꽃 수 current,sfkr_hbfm_grow,growth_measure_code + resolved value column,current valid observation,current,개,individual,feature_date,train median after pre-freeze screening; no row deletion,1,definition_ready,,State,작물 생육,꽃 관측정보,1,frozen,CAT_020,tomato_total_flower
VG_Flower_013,CAT_021,flower_count__delta,전체 꽃 수 delta,sfkr_hbfm_grow,growth_measure_code + resolved value column,current minus previous,1 survey,개,individual,feature_date,train median after pre-freeze screening; no row deletion,1,definition_ready,,State,작물 생육,꽃 관측정보,1,frozen,CAT_020,tomato_total_flower
VG_Flower_013,CAT_021,flower_count__delta_per_day,전체 꽃 수 delta_per_day,sfkr_hbfm_grow,growth_measure_code + resolved value column,delta / positive elapsed days,1 survey,개,individual,feature_date,train median after pre-freeze screening; no row deletion,1,definition_ready,,State,작물 생육,꽃 관측정보,1,frozen,CAT_020,tomato_total_flower
VG_Flower_013,CAT_021,flower_count__lag1,전체 꽃 수 lag1,sfkr_hbfm_grow,growth_measure_code + resolved value column,lag 1,1 surveys,개,individual,feature_date,train median after pre-freeze screening; no row deletion,1,definition_ready,,State,작물 생육,꽃 관측정보,1,frozen,CAT_020,tomato_total_flower
VG_Flower_013,CAT_021,flower_count__lag2,전체 꽃 수 lag2,sfkr_hbfm_grow,growth_measure_code + resolved value column,lag 2,2 surveys,개,individual,feature_date,train median after pre-freeze screening; no row deletion,1,definition_ready,,State,작물 생육,꽃 관측정보,1,frozen,CAT_020,tomato_total_flower
VG_Flower_013,CAT_021,flower_count__lag3,전체 꽃 수 lag3,sfkr_hbfm_grow,growth_measure_code + resolved value column,lag 3,3 surveys,개,individual,feature_date,train median after pre-freeze screening; no row deletion,1,definition_ready,,State,작물 생육,꽃 관측정보,1,frozen,CAT_020,tomato_total_flower
VG_Flower_013,CAT_021,flower_count__roll2_std,전체 꽃 수 roll2_std,sfkr_hbfm_grow,growth_measure_code + resolved value column,std; ddof=0,2 valid surveys including current; min_periods=2,개,individual,feature_date,train median after pre-freeze screening; no row deletion,1,definition_ready,,State,작물 생육,꽃 관측정보,1,frozen,CAT_020,tomato_total_flower
VG_Flower_013,CAT_021,flower_count__roll2_min,전체 꽃 수 roll2_min,sfkr_hbfm_grow,growth_measure_code + resolved value column,min,2 valid surveys including current; min_periods=2,개,individual,feature_date,train median after pre-freeze screening; no row deletion,1,definition_ready,,State,작물 생육,꽃 관측정보,1,frozen,CAT_020,tomato_total_flower
VG_Flower_013,CAT_021,flower_count__roll3_mean,전체 꽃 수 roll3_mean,sfkr_hbfm_grow,growth_measure_code + resolved value column,mean,3 valid surveys including current; min_periods=3,개,individual,feature_date,train median after pre-freeze screening; no row deletion,1,definition_ready,,State,작물 생육,꽃 관측정보,1,frozen,CAT_020,tomato_total_flower
VG_Flower_013,CAT_021,flower_count__roll3_std,전체 꽃 수 roll3_std,sfkr_hbfm_grow,growth_measure_code + resolved value column,std; ddof=0,3 valid surveys including current; min_periods=3,개,individual,feature_date,train median after pre-freeze screening; no row deletion,1,definition_ready,,State,작물 생육,꽃 관측정보,1,frozen,CAT_020,tomato_total_flower
VG_Flower_013,CAT_021,flower_count__roll3_min,전체 꽃 수 roll3_min,sfkr_hbfm_grow,growth_measure_code + resolved value column,min,3 valid surveys including current; min_periods=3,개,individual,feature_date,train median after pre-freeze screening; no row deletion,1,definition_ready,,State,작물 생육,꽃 관측정보,1,frozen,CAT_020,tomato_total_flower
VG_Flower_013,CAT_021,flower_count__roll3_max,전체 꽃 수 roll3_max,sfkr_hbfm_grow,growth_measure_code + resolved value column,max,3 valid surveys including current; min_periods=3,개,individual,feature_date,train median after pre-freeze screening; no row deletion,1,definition_ready,,State,작물 생육,꽃 관측정보,1,frozen,CAT_020,tomato_total_flower
VG_Flower_013,CAT_021,flower_count__roll3_slope,전체 꽃 수 roll3_slope,sfkr_hbfm_grow,growth_measure_code + resolved value column,slope; per calendar day,3 valid surveys including current; min_periods=3,개,individual,feature_date,train median after pre-freeze screening; no row deletion,1,definition_ready,,State,작물 생육,꽃 관측정보,1,frozen,CAT_020,tomato_total_flower
VG_Flower_013,CAT_021,flower_count__roll4_mean,전체 꽃 수 roll4_mean,sfkr_hbfm_grow,growth_measure_code + resolved value column,mean,4 valid surveys including current; min_periods=4,개,individual,feature_date,train median after pre-freeze screening; no row deletion,1,definition_ready,,State,작물 생육,꽃 관측정보,1,frozen,CAT_020,tomato_total_flower
VG_Flower_013,CAT_021,flower_count__roll4_std,전체 꽃 수 roll4_std,sfkr_hbfm_grow,growth_measure_code + resolved value column,std; ddof=0,4 valid surveys including current; min_periods=4,개,individual,feature_date,train median after pre-freeze screening; no row deletion,1,definition_ready,,State,작물 생육,꽃 관측정보,1,frozen,CAT_020,tomato_total_flower
VG_Flower_013,CAT_021,flower_count__roll4_min,전체 꽃 수 roll4_min,sfkr_hbfm_grow,growth_measure_code + resolved value column,min,4 valid surveys including current; min_periods=4,개,individual,feature_date,train median after pre-freeze screening; no row deletion,1,definition_ready,,State,작물 생육,꽃 관측정보,1,frozen,CAT_020,tomato_total_flower
VG_Flower_013,CAT_021,flower_count__roll4_max,전체 꽃 수 roll4_max,sfkr_hbfm_grow,growth_measure_code + resolved value column,max,4 valid surveys including current; min_periods=4,개,individual,feature_date,train median after pre-freeze screening; no row deletion,1,definition_ready,,State,작물 생육,꽃 관측정보,1,frozen,CAT_020,tomato_total_flower
VG_Flower_013,CAT_021,flower_count__roll4_slope,전체 꽃 수 roll4_slope,sfkr_hbfm_grow,growth_measure_code + resolved value column,slope; per calendar day,4 valid surveys including current; min_periods=4,개,individual,feature_date,train median after pre-freeze screening; no row deletion,1,definition_ready,,State,작물 생육,꽃 관측정보,1,frozen,CAT_020,tomato_total_flower
VG_Flower_013,CAT_033,days_since_previous,이전 조사 후 경과일,growth/crop source,measurement date/cropping_date/current count,observed history only; ISO week period=52.1775,through current,day,individual,feature_date,train median after pre-freeze screening; no row deletion,1,definition_ready,,Context,재배 맥락,시간정보,1,frozen,CAT_029,tomato_total_flower
VG_Flower_013,CAT_033,days_since_first_measurement,최초 조사 후 경과일,growth/crop source,measurement date/cropping_date/current count,observed history only; ISO week period=52.1775,through current,day,individual,feature_date,train median after pre-freeze screening; no row deletion,1,definition_ready,,Context,재배 맥락,시간정보,1,frozen,CAT_029,tomato_total_flower
VG_Flower_013,CAT_033,days_since_crop_start,작기 시작 후 경과일,growth/crop source,measurement date/cropping_date/current count,observed history only; ISO week period=52.1775,through current,day,individual,feature_date,train median after pre-freeze screening; no row deletion,1,definition_ready,,Context,재배 맥락,시간정보,1,frozen,CAT_029,tomato_total_flower
VG_Flower_013,CAT_033,week_sin,연중 주차 사인값,growth/crop source,measurement date/cropping_date/current count,observed history only; ISO week period=52.1775,through current,unitless,individual,feature_date,train median after pre-freeze screening; no row deletion,1,definition_ready,,Context,재배 맥락,시간정보,1,frozen,CAT_029,tomato_total_flower
VG_Flower_013,CAT_033,week_cos,연중 주차 코사인값,growth/crop source,measurement date/cropping_date/current count,observed history only; ISO week period=52.1775,through current,unitless,individual,feature_date,train median after pre-freeze screening; no row deletion,1,definition_ready,,Context,재배 맥락,시간정보,1,frozen,CAT_029,tomato_total_flower
VG_Flower_013,CAT_046,EI__HI__1d_mean,내부습도 직전 1일 mean,sfkr_hbfm_env_con,EI/HI -> sen_val,mean,"[t-1d,t)",%,facility,feature_date,train median after pre-freeze screening; no row deletion,1,definition_ready,,State,실내환경,실내 온습도,1,frozen,CAT_045,tomato_total_flower
VG_Flower_013,CAT_046,EI__HI__1d_std,내부습도 직전 1일 std,sfkr_hbfm_env_con,EI/HI -> sen_val,std; ddof=0,"[t-1d,t)",%,facility,feature_date,train median after pre-freeze screening; no row deletion,1,definition_ready,,State,실내환경,실내 온습도,1,frozen,CAT_045,tomato_total_flower
VG_Flower_013,CAT_046,EI__HI__1d_min,내부습도 직전 1일 min,sfkr_hbfm_env_con,EI/HI -> sen_val,min,"[t-1d,t)",%,facility,feature_date,train median after pre-freeze screening; no row deletion,1,definition_ready,,State,실내환경,실내 온습도,1,frozen,CAT_045,tomato_total_flower
VG_Flower_013,CAT_046,EI__HI__1d_max,내부습도 직전 1일 max,sfkr_hbfm_env_con,EI/HI -> sen_val,max,"[t-1d,t)",%,facility,feature_date,train median after pre-freeze screening; no row deletion,1,definition_ready,,State,실내환경,실내 온습도,1,frozen,CAT_045,tomato_total_flower
VG_Flower_013,CAT_046,EI__HI__3d_mean,내부습도 직전 3일 mean,sfkr_hbfm_env_con,EI/HI -> sen_val,mean,"[t-3d,t)",%,facility,feature_date,train median after pre-freeze screening; no row deletion,1,definition_ready,,State,실내환경,실내 온습도,1,frozen,CAT_045,tomato_total_flower
VG_Flower_013,CAT_046,EI__HI__3d_std,내부습도 직전 3일 std,sfkr_hbfm_env_con,EI/HI -> sen_val,std; ddof=0,"[t-3d,t)",%,facility,feature_date,train median after pre-freeze screening; no row deletion,1,definition_ready,,State,실내환경,실내 온습도,1,frozen,CAT_045,tomato_total_flower
VG_Flower_013,CAT_046,EI__HI__3d_min,내부습도 직전 3일 min,sfkr_hbfm_env_con,EI/HI -> sen_val,min,"[t-3d,t)",%,facility,feature_date,train median after pre-freeze screening; no row deletion,1,definition_ready,,State,실내환경,실내 온습도,1,frozen,CAT_045,tomato_total_flower
VG_Flower_013,CAT_046,EI__HI__3d_max,내부습도 직전 3일 max,sfkr_hbfm_env_con,EI/HI -> sen_val,max,"[t-3d,t)",%,facility,feature_date,train median after pre-freeze screening; no row deletion,1,definition_ready,,State,실내환경,실내 온습도,1,frozen,CAT_045,tomato_total_flower
VG_Flower_013,CAT_046,EI__HI__7d_mean,내부습도 직전 7일 mean,sfkr_hbfm_env_con,EI/HI -> sen_val,mean,"[t-7d,t)",%,facility,feature_date,train median after pre-freeze screening; no row deletion,1,definition_ready,,State,실내환경,실내 온습도,1,frozen,CAT_045,tomato_total_flower
VG_Flower_013,CAT_046,EI__HI__7d_std,내부습도 직전 7일 std,sfkr_hbfm_env_con,EI/HI -> sen_val,std; ddof=0,"[t-7d,t)",%,facility,feature_date,train median after pre-freeze screening; no row deletion,1,definition_ready,,State,실내환경,실내 온습도,1,frozen,CAT_045,tomato_total_flower
VG_Flower_013,CAT_046,EI__HI__7d_min,내부습도 직전 7일 min,sfkr_hbfm_env_con,EI/HI -> sen_val,min,"[t-7d,t)",%,facility,feature_date,train median after pre-freeze screening; no row deletion,1,definition_ready,,State,실내환경,실내 온습도,1,frozen,CAT_045,tomato_total_flower
VG_Flower_013,CAT_046,EI__HI__7d_max,내부습도 직전 7일 max,sfkr_hbfm_env_con,EI/HI -> sen_val,max,"[t-7d,t)",%,facility,feature_date,train median after pre-freeze screening; no row deletion,1,definition_ready,,State,실내환경,실내 온습도,1,frozen,CAT_045,tomato_total_flower
VG_Flower_013,CAT_046,EI__TI__1d_mean,내부온도 직전 1일 mean,sfkr_hbfm_env_con,EI/TI -> sen_val,mean,"[t-1d,t)",도,facility,feature_date,train median after pre-freeze screening; no row deletion,1,definition_ready,,State,실내환경,실내 온습도,1,frozen,CAT_045,tomato_total_flower
VG_Flower_013,CAT_046,EI__TI__1d_std,내부온도 직전 1일 std,sfkr_hbfm_env_con,EI/TI -> sen_val,std; ddof=0,"[t-1d,t)",도,facility,feature_date,train median after pre-freeze screening; no row deletion,1,definition_ready,,State,실내환경,실내 온습도,1,frozen,CAT_045,tomato_total_flower
VG_Flower_013,CAT_046,EI__TI__1d_min,내부온도 직전 1일 min,sfkr_hbfm_env_con,EI/TI -> sen_val,min,"[t-1d,t)",도,facility,feature_date,train median after pre-freeze screening; no row deletion,1,definition_ready,,State,실내환경,실내 온습도,1,frozen,CAT_045,tomato_total_flower
VG_Flower_013,CAT_046,EI__TI__1d_max,내부온도 직전 1일 max,sfkr_hbfm_env_con,EI/TI -> sen_val,max,"[t-1d,t)",도,facility,feature_date,train median after pre-freeze screening; no row deletion,1,definition_ready,,State,실내환경,실내 온습도,1,frozen,CAT_045,tomato_total_flower
VG_Flower_013,CAT_046,EI__TI__3d_mean,내부온도 직전 3일 mean,sfkr_hbfm_env_con,EI/TI -> sen_val,mean,"[t-3d,t)",도,facility,feature_date,train median after pre-freeze screening; no row deletion,1,definition_ready,,State,실내환경,실내 온습도,1,frozen,CAT_045,tomato_total_flower
VG_Flower_013,CAT_046,EI__TI__3d_std,내부온도 직전 3일 std,sfkr_hbfm_env_con,EI/TI -> sen_val,std; ddof=0,"[t-3d,t)",도,facility,feature_date,train median after pre-freeze screening; no row deletion,1,definition_ready,,State,실내환경,실내 온습도,1,frozen,CAT_045,tomato_total_flower
VG_Flower_013,CAT_046,EI__TI__3d_min,내부온도 직전 3일 min,sfkr_hbfm_env_con,EI/TI -> sen_val,min,"[t-3d,t)",도,facility,feature_date,train median after pre-freeze screening; no row deletion,1,definition_ready,,State,실내환경,실내 온습도,1,frozen,CAT_045,tomato_total_flower
VG_Flower_013,CAT_046,EI__TI__3d_max,내부온도 직전 3일 max,sfkr_hbfm_env_con,EI/TI -> sen_val,max,"[t-3d,t)",도,facility,feature_date,train median after pre-freeze screening; no row deletion,1,definition_ready,,State,실내환경,실내 온습도,1,frozen,CAT_045,tomato_total_flower
VG_Flower_013,CAT_046,EI__TI__7d_mean,내부온도 직전 7일 mean,sfkr_hbfm_env_con,EI/TI -> sen_val,mean,"[t-7d,t)",도,facility,feature_date,train median after pre-freeze screening; no row deletion,1,definition_ready,,State,실내환경,실내 온습도,1,frozen,CAT_045,tomato_total_flower
VG_Flower_013,CAT_046,EI__TI__7d_std,내부온도 직전 7일 std,sfkr_hbfm_env_con,EI/TI -> sen_val,std; ddof=0,"[t-7d,t)",도,facility,feature_date,train median after pre-freeze screening; no row deletion,1,definition_ready,,State,실내환경,실내 온습도,1,frozen,CAT_045,tomato_total_flower
VG_Flower_013,CAT_046,EI__TI__7d_min,내부온도 직전 7일 min,sfkr_hbfm_env_con,EI/TI -> sen_val,min,"[t-7d,t)",도,facility,feature_date,train median after pre-freeze screening; no row deletion,1,definition_ready,,State,실내환경,실내 온습도,1,frozen,CAT_045,tomato_total_flower
VG_Flower_013,CAT_046,EI__TI__7d_max,내부온도 직전 7일 max,sfkr_hbfm_env_con,EI/TI -> sen_val,max,"[t-7d,t)",도,facility,feature_date,train median after pre-freeze screening; no row deletion,1,definition_ready,,State,실내환경,실내 온습도,1,frozen,CAT_045,tomato_total_flower
VG_Flower_003,CAT_033,days_since_previous,이전 조사 후 경과일,growth/crop source,measurement date/cropping_date/current count,observed history only; ISO week period=52.1775,through current,day,individual,feature_date,train median after pre-freeze screening; no row deletion,1,definition_ready,,Context,재배 맥락,시간정보,1,frozen,CAT_029,tomato_total_flower
VG_Flower_003,CAT_033,days_since_first_measurement,최초 조사 후 경과일,growth/crop source,measurement date/cropping_date/current count,observed history only; ISO week period=52.1775,through current,day,individual,feature_date,train median after pre-freeze screening; no row deletion,1,definition_ready,,Context,재배 맥락,시간정보,1,frozen,CAT_029,tomato_total_flower
VG_Flower_003,CAT_033,days_since_crop_start,작기 시작 후 경과일,growth/crop source,measurement date/cropping_date/current count,observed history only; ISO week period=52.1775,through current,day,individual,feature_date,train median after pre-freeze screening; no row deletion,1,definition_ready,,Context,재배 맥락,시간정보,1,frozen,CAT_029,tomato_total_flower
VG_Flower_003,CAT_033,week_sin,연중 주차 사인값,growth/crop source,measurement date/cropping_date/current count,observed history only; ISO week period=52.1775,through current,unitless,individual,feature_date,train median after pre-freeze screening; no row deletion,1,definition_ready,,Context,재배 맥락,시간정보,1,frozen,CAT_029,tomato_total_flower
VG_Flower_003,CAT_033,week_cos,연중 주차 코사인값,growth/crop source,measurement date/cropping_date/current count,observed history only; ISO week period=52.1775,through current,unitless,individual,feature_date,train median after pre-freeze screening; no row deletion,1,definition_ready,,Context,재배 맥락,시간정보,1,frozen,CAT_029,tomato_total_flower
VG_Flower_008,CAT_003,current_max_truss_number__current,최대 관측 화방번호 current,sfkr_hbfm_grow,growth_measure_code,current valid observation,current,번호,individual,feature_date,train median after pre-freeze screening; no row deletion,1,definition_ready,,State,작물 생육,화방 관측정보,1,frozen,CAT_002,tomato_total_flower
VG_Flower_008,CAT_003,current_max_truss_number__delta,최대 관측 화방번호 delta,sfkr_hbfm_grow,growth_measure_code,current minus previous,1 survey,번호,individual,feature_date,train median after pre-freeze screening; no row deletion,1,definition_ready,,State,작물 생육,화방 관측정보,1,frozen,CAT_002,tomato_total_flower
VG_Flower_008,CAT_003,current_max_truss_number__delta_per_day,최대 관측 화방번호 delta_per_day,sfkr_hbfm_grow,growth_measure_code,delta / positive elapsed days,1 survey,번호,individual,feature_date,train median after pre-freeze screening; no row deletion,1,definition_ready,,State,작물 생육,화방 관측정보,1,frozen,CAT_002,tomato_total_flower
VG_Flower_008,CAT_003,current_max_truss_number__lag1,최대 관측 화방번호 lag1,sfkr_hbfm_grow,growth_measure_code,lag 1,1 surveys,번호,individual,feature_date,train median after pre-freeze screening; no row deletion,1,definition_ready,,State,작물 생육,화방 관측정보,1,frozen,CAT_002,tomato_total_flower
VG_Flower_008,CAT_003,current_max_truss_number__lag2,최대 관측 화방번호 lag2,sfkr_hbfm_grow,growth_measure_code,lag 2,2 surveys,번호,individual,feature_date,train median after pre-freeze screening; no row deletion,1,definition_ready,,State,작물 생육,화방 관측정보,1,frozen,CAT_002,tomato_total_flower
VG_Flower_008,CAT_003,current_max_truss_number__lag3,최대 관측 화방번호 lag3,sfkr_hbfm_grow,growth_measure_code,lag 3,3 surveys,번호,individual,feature_date,train median after pre-freeze screening; no row deletion,1,definition_ready,,State,작물 생육,화방 관측정보,1,frozen,CAT_002,tomato_total_flower
VG_Flower_008,CAT_003,current_max_truss_number__roll3_mean,최대 관측 화방번호 roll3_mean,sfkr_hbfm_grow,growth_measure_code,mean,3 valid surveys including current; min_periods=3,번호,individual,feature_date,train median after pre-freeze screening; no row deletion,1,definition_ready,,State,작물 생육,화방 관측정보,1,frozen,CAT_002,tomato_total_flower
VG_Flower_008,CAT_003,current_max_truss_number__roll3_std,최대 관측 화방번호 roll3_std,sfkr_hbfm_grow,growth_measure_code,std; ddof=0,3 valid surveys including current; min_periods=3,번호,individual,feature_date,train median after pre-freeze screening; no row deletion,1,definition_ready,,State,작물 생육,화방 관측정보,1,frozen,CAT_002,tomato_total_flower
VG_Flower_008,CAT_003,current_max_truss_number__roll3_max,최대 관측 화방번호 roll3_max,sfkr_hbfm_grow,growth_measure_code,max,3 valid surveys including current; min_periods=3,번호,individual,feature_date,train median after pre-freeze screening; no row deletion,1,definition_ready,,State,작물 생육,화방 관측정보,1,frozen,CAT_002,tomato_total_flower
VG_Flower_008,CAT_003,current_max_truss_number__roll3_slope,최대 관측 화방번호 roll3_slope,sfkr_hbfm_grow,growth_measure_code,slope; per calendar day,3 valid surveys including current; min_periods=3,번호,individual,feature_date,train median after pre-freeze screening; no row deletion,1,definition_ready,,State,작물 생육,화방 관측정보,1,frozen,CAT_002,tomato_total_flower
VG_Flower_008,CAT_003,current_max_truss_number__roll4_mean,최대 관측 화방번호 roll4_mean,sfkr_hbfm_grow,growth_measure_code,mean,4 valid surveys including current; min_periods=4,번호,individual,feature_date,train median after pre-freeze screening; no row deletion,1,definition_ready,,State,작물 생육,화방 관측정보,1,frozen,CAT_002,tomato_total_flower
VG_Flower_008,CAT_003,current_max_truss_number__roll4_std,최대 관측 화방번호 roll4_std,sfkr_hbfm_grow,growth_measure_code,std; ddof=0,4 valid surveys including current; min_periods=4,번호,individual,feature_date,train median after pre-freeze screening; no row deletion,1,definition_ready,,State,작물 생육,화방 관측정보,1,frozen,CAT_002,tomato_total_flower
VG_Flower_008,CAT_003,current_max_truss_number__roll4_max,최대 관측 화방번호 roll4_max,sfkr_hbfm_grow,growth_measure_code,max,4 valid surveys including current; min_periods=4,번호,individual,feature_date,train median after pre-freeze screening; no row deletion,1,definition_ready,,State,작물 생육,화방 관측정보,1,frozen,CAT_002,tomato_total_flower
VG_Flower_008,CAT_003,current_max_truss_number__roll4_slope,최대 관측 화방번호 roll4_slope,sfkr_hbfm_grow,growth_measure_code,slope; per calendar day,4 valid surveys including current; min_periods=4,번호,individual,feature_date,train median after pre-freeze screening; no row deletion,1,definition_ready,,State,작물 생육,화방 관측정보,1,frozen,CAT_002,tomato_total_flower
VG_Flower_008,CAT_003,positive_truss_count__current,꽃이 있는 화방 수 current,sfkr_hbfm_grow,growth_measure_code + resolved value column,current valid observation,current,개,individual,feature_date,train median after pre-freeze screening; no row deletion,1,definition_ready,,State,작물 생육,화방 관측정보,1,frozen,CAT_002,tomato_total_flower
VG_Flower_008,CAT_003,positive_truss_count__delta,꽃이 있는 화방 수 delta,sfkr_hbfm_grow,growth_measure_code + resolved value column,current minus previous,1 survey,개,individual,feature_date,train median after pre-freeze screening; no row deletion,1,definition_ready,,State,작물 생육,화방 관측정보,1,frozen,CAT_002,tomato_total_flower
VG_Flower_008,CAT_003,positive_truss_count__delta_per_day,꽃이 있는 화방 수 delta_per_day,sfkr_hbfm_grow,growth_measure_code + resolved value column,delta / positive elapsed days,1 survey,개,individual,feature_date,train median after pre-freeze screening; no row deletion,1,definition_ready,,State,작물 생육,화방 관측정보,1,frozen,CAT_002,tomato_total_flower
VG_Flower_008,CAT_003,positive_truss_count__lag1,꽃이 있는 화방 수 lag1,sfkr_hbfm_grow,growth_measure_code + resolved value column,lag 1,1 surveys,개,individual,feature_date,train median after pre-freeze screening; no row deletion,1,definition_ready,,State,작물 생육,화방 관측정보,1,frozen,CAT_002,tomato_total_flower
VG_Flower_008,CAT_003,positive_truss_count__lag2,꽃이 있는 화방 수 lag2,sfkr_hbfm_grow,growth_measure_code + resolved value column,lag 2,2 surveys,개,individual,feature_date,train median after pre-freeze screening; no row deletion,1,definition_ready,,State,작물 생육,화방 관측정보,1,frozen,CAT_002,tomato_total_flower
VG_Flower_008,CAT_003,positive_truss_count__lag3,꽃이 있는 화방 수 lag3,sfkr_hbfm_grow,growth_measure_code + resolved value column,lag 3,3 surveys,개,individual,feature_date,train median after pre-freeze screening; no row deletion,1,definition_ready,,State,작물 생육,화방 관측정보,1,frozen,CAT_002,tomato_total_flower
VG_Flower_008,CAT_003,positive_truss_count__roll2_std,꽃이 있는 화방 수 roll2_std,sfkr_hbfm_grow,growth_measure_code + resolved value column,std; ddof=0,2 valid surveys including current; min_periods=2,개,individual,feature_date,train median after pre-freeze screening; no row deletion,1,definition_ready,,State,작물 생육,화방 관측정보,1,frozen,CAT_002,tomato_total_flower
VG_Flower_008,CAT_003,positive_truss_count__roll2_min,꽃이 있는 화방 수 roll2_min,sfkr_hbfm_grow,growth_measure_code + resolved value column,min,2 valid surveys including current; min_periods=2,개,individual,feature_date,train median after pre-freeze screening; no row deletion,1,definition_ready,,State,작물 생육,화방 관측정보,1,frozen,CAT_002,tomato_total_flower
VG_Flower_008,CAT_003,positive_truss_count__roll3_mean,꽃이 있는 화방 수 roll3_mean,sfkr_hbfm_grow,growth_measure_code + resolved value column,mean,3 valid surveys including current; min_periods=3,개,individual,feature_date,train median after pre-freeze screening; no row deletion,1,definition_ready,,State,작물 생육,화방 관측정보,1,frozen,CAT_002,tomato_total_flower
VG_Flower_008,CAT_003,positive_truss_count__roll3_std,꽃이 있는 화방 수 roll3_std,sfkr_hbfm_grow,growth_measure_code + resolved value column,std; ddof=0,3 valid surveys including current; min_periods=3,개,individual,feature_date,train median after pre-freeze screening; no row deletion,1,definition_ready,,State,작물 생육,화방 관측정보,1,frozen,CAT_002,tomato_total_flower
VG_Flower_008,CAT_003,positive_truss_count__roll3_min,꽃이 있는 화방 수 roll3_min,sfkr_hbfm_grow,growth_measure_code + resolved value column,min,3 valid surveys including current; min_periods=3,개,individual,feature_date,train median after pre-freeze screening; no row deletion,1,definition_ready,,State,작물 생육,화방 관측정보,1,frozen,CAT_002,tomato_total_flower
VG_Flower_008,CAT_003,positive_truss_count__roll3_max,꽃이 있는 화방 수 roll3_max,sfkr_hbfm_grow,growth_measure_code + resolved value column,max,3 valid surveys including current; min_periods=3,개,individual,feature_date,train median after pre-freeze screening; no row deletion,1,definition_ready,,State,작물 생육,화방 관측정보,1,frozen,CAT_002,tomato_total_flower
VG_Flower_008,CAT_003,positive_truss_count__roll3_slope,꽃이 있는 화방 수 roll3_slope,sfkr_hbfm_grow,growth_measure_code + resolved value column,slope; per calendar day,3 valid surveys including current; min_periods=3,개,individual,feature_date,train median after pre-freeze screening; no row deletion,1,definition_ready,,State,작물 생육,화방 관측정보,1,frozen,CAT_002,tomato_total_flower
VG_Flower_008,CAT_003,positive_truss_count__roll4_mean,꽃이 있는 화방 수 roll4_mean,sfkr_hbfm_grow,growth_measure_code + resolved value column,mean,4 valid surveys including current; min_periods=4,개,individual,feature_date,train median after pre-freeze screening; no row deletion,1,definition_ready,,State,작물 생육,화방 관측정보,1,frozen,CAT_002,tomato_total_flower
VG_Flower_008,CAT_003,positive_truss_count__roll4_std,꽃이 있는 화방 수 roll4_std,sfkr_hbfm_grow,growth_measure_code + resolved value column,std; ddof=0,4 valid surveys including current; min_periods=4,개,individual,feature_date,train median after pre-freeze screening; no row deletion,1,definition_ready,,State,작물 생육,화방 관측정보,1,frozen,CAT_002,tomato_total_flower
VG_Flower_008,CAT_003,positive_truss_count__roll4_min,꽃이 있는 화방 수 roll4_min,sfkr_hbfm_grow,growth_measure_code + resolved value column,min,4 valid surveys including current; min_periods=4,개,individual,feature_date,train median after pre-freeze screening; no row deletion,1,definition_ready,,State,작물 생육,화방 관측정보,1,frozen,CAT_002,tomato_total_flower
VG_Flower_008,CAT_003,positive_truss_count__roll4_max,꽃이 있는 화방 수 roll4_max,sfkr_hbfm_grow,growth_measure_code + resolved value column,max,4 valid surveys including current; min_periods=4,개,individual,feature_date,train median after pre-freeze screening; no row deletion,1,definition_ready,,State,작물 생육,화방 관측정보,1,frozen,CAT_002,tomato_total_flower
VG_Flower_008,CAT_003,positive_truss_count__roll4_slope,꽃이 있는 화방 수 roll4_slope,sfkr_hbfm_grow,growth_measure_code + resolved value column,slope; per calendar day,4 valid surveys including current; min_periods=4,개,individual,feature_date,train median after pre-freeze screening; no row deletion,1,definition_ready,,State,작물 생육,화방 관측정보,1,frozen,CAT_002,tomato_total_flower
VG_Flower_008,CAT_021,flower_count__current,전체 꽃 수 current,sfkr_hbfm_grow,growth_measure_code + resolved value column,current valid observation,current,개,individual,feature_date,train median after pre-freeze screening; no row deletion,1,definition_ready,,State,작물 생육,꽃 관측정보,1,frozen,CAT_020,tomato_total_flower
VG_Flower_008,CAT_021,flower_count__delta,전체 꽃 수 delta,sfkr_hbfm_grow,growth_measure_code + resolved value column,current minus previous,1 survey,개,individual,feature_date,train median after pre-freeze screening; no row deletion,1,definition_ready,,State,작물 생육,꽃 관측정보,1,frozen,CAT_020,tomato_total_flower
VG_Flower_008,CAT_021,flower_count__delta_per_day,전체 꽃 수 delta_per_day,sfkr_hbfm_grow,growth_measure_code + resolved value column,delta / positive elapsed days,1 survey,개,individual,feature_date,train median after pre-freeze screening; no row deletion,1,definition_ready,,State,작물 생육,꽃 관측정보,1,frozen,CAT_020,tomato_total_flower
VG_Flower_008,CAT_021,flower_count__lag1,전체 꽃 수 lag1,sfkr_hbfm_grow,growth_measure_code + resolved value column,lag 1,1 surveys,개,individual,feature_date,train median after pre-freeze screening; no row deletion,1,definition_ready,,State,작물 생육,꽃 관측정보,1,frozen,CAT_020,tomato_total_flower
VG_Flower_008,CAT_021,flower_count__lag2,전체 꽃 수 lag2,sfkr_hbfm_grow,growth_measure_code + resolved value column,lag 2,2 surveys,개,individual,feature_date,train median after pre-freeze screening; no row deletion,1,definition_ready,,State,작물 생육,꽃 관측정보,1,frozen,CAT_020,tomato_total_flower
VG_Flower_008,CAT_021,flower_count__lag3,전체 꽃 수 lag3,sfkr_hbfm_grow,growth_measure_code + resolved value column,lag 3,3 surveys,개,individual,feature_date,train median after pre-freeze screening; no row deletion,1,definition_ready,,State,작물 생육,꽃 관측정보,1,frozen,CAT_020,tomato_total_flower
VG_Flower_008,CAT_021,flower_count__roll2_std,전체 꽃 수 roll2_std,sfkr_hbfm_grow,growth_measure_code + resolved value column,std; ddof=0,2 valid surveys including current; min_periods=2,개,individual,feature_date,train median after pre-freeze screening; no row deletion,1,definition_ready,,State,작물 생육,꽃 관측정보,1,frozen,CAT_020,tomato_total_flower
VG_Flower_008,CAT_021,flower_count__roll2_min,전체 꽃 수 roll2_min,sfkr_hbfm_grow,growth_measure_code + resolved value column,min,2 valid surveys including current; min_periods=2,개,individual,feature_date,train median after pre-freeze screening; no row deletion,1,definition_ready,,State,작물 생육,꽃 관측정보,1,frozen,CAT_020,tomato_total_flower
VG_Flower_008,CAT_021,flower_count__roll3_mean,전체 꽃 수 roll3_mean,sfkr_hbfm_grow,growth_measure_code + resolved value column,mean,3 valid surveys including current; min_periods=3,개,individual,feature_date,train median after pre-freeze screening; no row deletion,1,definition_ready,,State,작물 생육,꽃 관측정보,1,frozen,CAT_020,tomato_total_flower
VG_Flower_008,CAT_021,flower_count__roll3_std,전체 꽃 수 roll3_std,sfkr_hbfm_grow,growth_measure_code + resolved value column,std; ddof=0,3 valid surveys including current; min_periods=3,개,individual,feature_date,train median after pre-freeze screening; no row deletion,1,definition_ready,,State,작물 생육,꽃 관측정보,1,frozen,CAT_020,tomato_total_flower
VG_Flower_008,CAT_021,flower_count__roll3_min,전체 꽃 수 roll3_min,sfkr_hbfm_grow,growth_measure_code + resolved value column,min,3 valid surveys including current; min_periods=3,개,individual,feature_date,train median after pre-freeze screening; no row deletion,1,definition_ready,,State,작물 생육,꽃 관측정보,1,frozen,CAT_020,tomato_total_flower
VG_Flower_008,CAT_021,flower_count__roll3_max,전체 꽃 수 roll3_max,sfkr_hbfm_grow,growth_measure_code + resolved value column,max,3 valid surveys including current; min_periods=3,개,individual,feature_date,train median after pre-freeze screening; no row deletion,1,definition_ready,,State,작물 생육,꽃 관측정보,1,frozen,CAT_020,tomato_total_flower
VG_Flower_008,CAT_021,flower_count__roll3_slope,전체 꽃 수 roll3_slope,sfkr_hbfm_grow,growth_measure_code + resolved value column,slope; per calendar day,3 valid surveys including current; min_periods=3,개,individual,feature_date,train median after pre-freeze screening; no row deletion,1,definition_ready,,State,작물 생육,꽃 관측정보,1,frozen,CAT_020,tomato_total_flower
VG_Flower_008,CAT_021,flower_count__roll4_mean,전체 꽃 수 roll4_mean,sfkr_hbfm_grow,growth_measure_code + resolved value column,mean,4 valid surveys including current; min_periods=4,개,individual,feature_date,train median after pre-freeze screening; no row deletion,1,definition_ready,,State,작물 생육,꽃 관측정보,1,frozen,CAT_020,tomato_total_flower
VG_Flower_008,CAT_021,flower_count__roll4_std,전체 꽃 수 roll4_std,sfkr_hbfm_grow,growth_measure_code + resolved value column,std; ddof=0,4 valid surveys including current; min_periods=4,개,individual,feature_date,train median after pre-freeze screening; no row deletion,1,definition_ready,,State,작물 생육,꽃 관측정보,1,frozen,CAT_020,tomato_total_flower
VG_Flower_008,CAT_021,flower_count__roll4_min,전체 꽃 수 roll4_min,sfkr_hbfm_grow,growth_measure_code + resolved value column,min,4 valid surveys including current; min_periods=4,개,individual,feature_date,train median after pre-freeze screening; no row deletion,1,definition_ready,,State,작물 생육,꽃 관측정보,1,frozen,CAT_020,tomato_total_flower
VG_Flower_008,CAT_021,flower_count__roll4_max,전체 꽃 수 roll4_max,sfkr_hbfm_grow,growth_measure_code + resolved value column,max,4 valid surveys including current; min_periods=4,개,individual,feature_date,train median after pre-freeze screening; no row deletion,1,definition_ready,,State,작물 생육,꽃 관측정보,1,frozen,CAT_020,tomato_total_flower
VG_Flower_008,CAT_021,flower_count__roll4_slope,전체 꽃 수 roll4_slope,sfkr_hbfm_grow,growth_measure_code + resolved value column,slope; per calendar day,4 valid surveys including current; min_periods=4,개,individual,feature_date,train median after pre-freeze screening; no row deletion,1,definition_ready,,State,작물 생육,꽃 관측정보,1,frozen,CAT_020,tomato_total_flower
VG_Flower_008,CAT_033,days_since_previous,이전 조사 후 경과일,growth/crop source,measurement date/cropping_date/current count,observed history only; ISO week period=52.1775,through current,day,individual,feature_date,train median after pre-freeze screening; no row deletion,1,definition_ready,,Context,재배 맥락,시간정보,1,frozen,CAT_029,tomato_total_flower
VG_Flower_008,CAT_033,days_since_first_measurement,최초 조사 후 경과일,growth/crop source,measurement date/cropping_date/current count,observed history only; ISO week period=52.1775,through current,day,individual,feature_date,train median after pre-freeze screening; no row deletion,1,definition_ready,,Context,재배 맥락,시간정보,1,frozen,CAT_029,tomato_total_flower
VG_Flower_008,CAT_033,days_since_crop_start,작기 시작 후 경과일,growth/crop source,measurement date/cropping_date/current count,observed history only; ISO week period=52.1775,through current,day,individual,feature_date,train median after pre-freeze screening; no row deletion,1,definition_ready,,Context,재배 맥락,시간정보,1,frozen,CAT_029,tomato_total_flower
VG_Flower_008,CAT_033,week_sin,연중 주차 사인값,growth/crop source,measurement date/cropping_date/current count,observed history only; ISO week period=52.1775,through current,unitless,individual,feature_date,train median after pre-freeze screening; no row deletion,1,definition_ready,,Context,재배 맥락,시간정보,1,frozen,CAT_029,tomato_total_flower
VG_Flower_008,CAT_033,week_cos,연중 주차 코사인값,growth/crop source,measurement date/cropping_date/current count,observed history only; ISO week period=52.1775,through current,unitless,individual,feature_date,train median after pre-freeze screening; no row deletion,1,definition_ready,,Context,재배 맥락,시간정보,1,frozen,CAT_029,tomato_total_flower
VG_Flower_008,CAT_041,history_count,누적 조사 횟수,growth/crop source,measurement date/cropping_date/current count,observed history only; ISO week period=52.1775,through current,count,individual,feature_date,train median after pre-freeze screening; no row deletion,1,definition_ready,,Context,재배 맥락,조사이력,1,frozen,CAT_037,tomato_total_flower
VG_Flower_014,CAT_006,observed_truss_count__current,관측 화방 수 current,sfkr_hbfm_grow,growth_measure_code,current valid observation,current,개,individual,feature_date,train median after pre-freeze screening; no row deletion,1,definition_ready,,Context,작물 생육,관측범위·품질,1,frozen,CAT_005,tomato_total_flower
VG_Flower_014,CAT_006,observed_truss_count__delta,관측 화방 수 delta,sfkr_hbfm_grow,growth_measure_code,current minus previous,1 survey,개,individual,feature_date,train median after pre-freeze screening; no row deletion,1,definition_ready,,Context,작물 생육,관측범위·품질,1,frozen,CAT_005,tomato_total_flower
VG_Flower_014,CAT_006,observed_truss_count__delta_per_day,관측 화방 수 delta_per_day,sfkr_hbfm_grow,growth_measure_code,delta / positive elapsed days,1 survey,개,individual,feature_date,train median after pre-freeze screening; no row deletion,1,definition_ready,,Context,작물 생육,관측범위·품질,1,frozen,CAT_005,tomato_total_flower
VG_Flower_014,CAT_006,observed_truss_count__lag1,관측 화방 수 lag1,sfkr_hbfm_grow,growth_measure_code,lag 1,1 surveys,개,individual,feature_date,train median after pre-freeze screening; no row deletion,1,definition_ready,,Context,작물 생육,관측범위·품질,1,frozen,CAT_005,tomato_total_flower
VG_Flower_014,CAT_006,observed_truss_count__lag2,관측 화방 수 lag2,sfkr_hbfm_grow,growth_measure_code,lag 2,2 surveys,개,individual,feature_date,train median after pre-freeze screening; no row deletion,1,definition_ready,,Context,작물 생육,관측범위·품질,1,frozen,CAT_005,tomato_total_flower
VG_Flower_014,CAT_006,observed_truss_count__lag3,관측 화방 수 lag3,sfkr_hbfm_grow,growth_measure_code,lag 3,3 surveys,개,individual,feature_date,train median after pre-freeze screening; no row deletion,1,definition_ready,,Context,작물 생육,관측범위·품질,1,frozen,CAT_005,tomato_total_flower
VG_Flower_014,CAT_006,observed_truss_count__roll3_mean,관측 화방 수 roll3_mean,sfkr_hbfm_grow,growth_measure_code,mean,3 valid surveys including current; min_periods=3,개,individual,feature_date,train median after pre-freeze screening; no row deletion,1,definition_ready,,Context,작물 생육,관측범위·품질,1,frozen,CAT_005,tomato_total_flower
VG_Flower_014,CAT_006,observed_truss_count__roll3_std,관측 화방 수 roll3_std,sfkr_hbfm_grow,growth_measure_code,std; ddof=0,3 valid surveys including current; min_periods=3,개,individual,feature_date,train median after pre-freeze screening; no row deletion,1,definition_ready,,Context,작물 생육,관측범위·품질,1,frozen,CAT_005,tomato_total_flower
VG_Flower_014,CAT_006,observed_truss_count__roll3_max,관측 화방 수 roll3_max,sfkr_hbfm_grow,growth_measure_code,max,3 valid surveys including current; min_periods=3,개,individual,feature_date,train median after pre-freeze screening; no row deletion,1,definition_ready,,Context,작물 생육,관측범위·품질,1,frozen,CAT_005,tomato_total_flower
VG_Flower_014,CAT_006,observed_truss_count__roll3_slope,관측 화방 수 roll3_slope,sfkr_hbfm_grow,growth_measure_code,slope; per calendar day,3 valid surveys including current; min_periods=3,개,individual,feature_date,train median after pre-freeze screening; no row deletion,1,definition_ready,,Context,작물 생육,관측범위·품질,1,frozen,CAT_005,tomato_total_flower
VG_Flower_014,CAT_006,observed_truss_count__roll4_mean,관측 화방 수 roll4_mean,sfkr_hbfm_grow,growth_measure_code,mean,4 valid surveys including current; min_periods=4,개,individual,feature_date,train median after pre-freeze screening; no row deletion,1,definition_ready,,Context,작물 생육,관측범위·품질,1,frozen,CAT_005,tomato_total_flower
VG_Flower_014,CAT_006,observed_truss_count__roll4_std,관측 화방 수 roll4_std,sfkr_hbfm_grow,growth_measure_code,std; ddof=0,4 valid surveys including current; min_periods=4,개,individual,feature_date,train median after pre-freeze screening; no row deletion,1,definition_ready,,Context,작물 생육,관측범위·품질,1,frozen,CAT_005,tomato_total_flower
VG_Flower_014,CAT_006,observed_truss_count__roll4_max,관측 화방 수 roll4_max,sfkr_hbfm_grow,growth_measure_code,max,4 valid surveys including current; min_periods=4,개,individual,feature_date,train median after pre-freeze screening; no row deletion,1,definition_ready,,Context,작물 생육,관측범위·품질,1,frozen,CAT_005,tomato_total_flower
VG_Flower_014,CAT_006,observed_truss_count__roll4_slope,관측 화방 수 roll4_slope,sfkr_hbfm_grow,growth_measure_code,slope; per calendar day,4 valid surveys including current; min_periods=4,개,individual,feature_date,train median after pre-freeze screening; no row deletion,1,definition_ready,,Context,작물 생육,관측범위·품질,1,frozen,CAT_005,tomato_total_flower
VG_Flower_014,CAT_021,flower_count__current,전체 꽃 수 current,sfkr_hbfm_grow,growth_measure_code + resolved value column,current valid observation,current,개,individual,feature_date,train median after pre-freeze screening; no row deletion,1,definition_ready,,State,작물 생육,꽃 관측정보,1,frozen,CAT_020,tomato_total_flower
VG_Flower_014,CAT_021,flower_count__delta,전체 꽃 수 delta,sfkr_hbfm_grow,growth_measure_code + resolved value column,current minus previous,1 survey,개,individual,feature_date,train median after pre-freeze screening; no row deletion,1,definition_ready,,State,작물 생육,꽃 관측정보,1,frozen,CAT_020,tomato_total_flower
VG_Flower_014,CAT_021,flower_count__delta_per_day,전체 꽃 수 delta_per_day,sfkr_hbfm_grow,growth_measure_code + resolved value column,delta / positive elapsed days,1 survey,개,individual,feature_date,train median after pre-freeze screening; no row deletion,1,definition_ready,,State,작물 생육,꽃 관측정보,1,frozen,CAT_020,tomato_total_flower
VG_Flower_014,CAT_021,flower_count__lag1,전체 꽃 수 lag1,sfkr_hbfm_grow,growth_measure_code + resolved value column,lag 1,1 surveys,개,individual,feature_date,train median after pre-freeze screening; no row deletion,1,definition_ready,,State,작물 생육,꽃 관측정보,1,frozen,CAT_020,tomato_total_flower
VG_Flower_014,CAT_021,flower_count__lag2,전체 꽃 수 lag2,sfkr_hbfm_grow,growth_measure_code + resolved value column,lag 2,2 surveys,개,individual,feature_date,train median after pre-freeze screening; no row deletion,1,definition_ready,,State,작물 생육,꽃 관측정보,1,frozen,CAT_020,tomato_total_flower
VG_Flower_014,CAT_021,flower_count__lag3,전체 꽃 수 lag3,sfkr_hbfm_grow,growth_measure_code + resolved value column,lag 3,3 surveys,개,individual,feature_date,train median after pre-freeze screening; no row deletion,1,definition_ready,,State,작물 생육,꽃 관측정보,1,frozen,CAT_020,tomato_total_flower
VG_Flower_014,CAT_021,flower_count__roll2_std,전체 꽃 수 roll2_std,sfkr_hbfm_grow,growth_measure_code + resolved value column,std; ddof=0,2 valid surveys including current; min_periods=2,개,individual,feature_date,train median after pre-freeze screening; no row deletion,1,definition_ready,,State,작물 생육,꽃 관측정보,1,frozen,CAT_020,tomato_total_flower
VG_Flower_014,CAT_021,flower_count__roll2_min,전체 꽃 수 roll2_min,sfkr_hbfm_grow,growth_measure_code + resolved value column,min,2 valid surveys including current; min_periods=2,개,individual,feature_date,train median after pre-freeze screening; no row deletion,1,definition_ready,,State,작물 생육,꽃 관측정보,1,frozen,CAT_020,tomato_total_flower
VG_Flower_014,CAT_021,flower_count__roll3_mean,전체 꽃 수 roll3_mean,sfkr_hbfm_grow,growth_measure_code + resolved value column,mean,3 valid surveys including current; min_periods=3,개,individual,feature_date,train median after pre-freeze screening; no row deletion,1,definition_ready,,State,작물 생육,꽃 관측정보,1,frozen,CAT_020,tomato_total_flower
VG_Flower_014,CAT_021,flower_count__roll3_std,전체 꽃 수 roll3_std,sfkr_hbfm_grow,growth_measure_code + resolved value column,std; ddof=0,3 valid surveys including current; min_periods=3,개,individual,feature_date,train median after pre-freeze screening; no row deletion,1,definition_ready,,State,작물 생육,꽃 관측정보,1,frozen,CAT_020,tomato_total_flower
VG_Flower_014,CAT_021,flower_count__roll3_min,전체 꽃 수 roll3_min,sfkr_hbfm_grow,growth_measure_code + resolved value column,min,3 valid surveys including current; min_periods=3,개,individual,feature_date,train median after pre-freeze screening; no row deletion,1,definition_ready,,State,작물 생육,꽃 관측정보,1,frozen,CAT_020,tomato_total_flower
VG_Flower_014,CAT_021,flower_count__roll3_max,전체 꽃 수 roll3_max,sfkr_hbfm_grow,growth_measure_code + resolved value column,max,3 valid surveys including current; min_periods=3,개,individual,feature_date,train median after pre-freeze screening; no row deletion,1,definition_ready,,State,작물 생육,꽃 관측정보,1,frozen,CAT_020,tomato_total_flower
VG_Flower_014,CAT_021,flower_count__roll3_slope,전체 꽃 수 roll3_slope,sfkr_hbfm_grow,growth_measure_code + resolved value column,slope; per calendar day,3 valid surveys including current; min_periods=3,개,individual,feature_date,train median after pre-freeze screening; no row deletion,1,definition_ready,,State,작물 생육,꽃 관측정보,1,frozen,CAT_020,tomato_total_flower
VG_Flower_014,CAT_021,flower_count__roll4_mean,전체 꽃 수 roll4_mean,sfkr_hbfm_grow,growth_measure_code + resolved value column,mean,4 valid surveys including current; min_periods=4,개,individual,feature_date,train median after pre-freeze screening; no row deletion,1,definition_ready,,State,작물 생육,꽃 관측정보,1,frozen,CAT_020,tomato_total_flower
VG_Flower_014,CAT_021,flower_count__roll4_std,전체 꽃 수 roll4_std,sfkr_hbfm_grow,growth_measure_code + resolved value column,std; ddof=0,4 valid surveys including current; min_periods=4,개,individual,feature_date,train median after pre-freeze screening; no row deletion,1,definition_ready,,State,작물 생육,꽃 관측정보,1,frozen,CAT_020,tomato_total_flower
VG_Flower_014,CAT_021,flower_count__roll4_min,전체 꽃 수 roll4_min,sfkr_hbfm_grow,growth_measure_code + resolved value column,min,4 valid surveys including current; min_periods=4,개,individual,feature_date,train median after pre-freeze screening; no row deletion,1,definition_ready,,State,작물 생육,꽃 관측정보,1,frozen,CAT_020,tomato_total_flower
VG_Flower_014,CAT_021,flower_count__roll4_max,전체 꽃 수 roll4_max,sfkr_hbfm_grow,growth_measure_code + resolved value column,max,4 valid surveys including current; min_periods=4,개,individual,feature_date,train median after pre-freeze screening; no row deletion,1,definition_ready,,State,작물 생육,꽃 관측정보,1,frozen,CAT_020,tomato_total_flower
VG_Flower_014,CAT_021,flower_count__roll4_slope,전체 꽃 수 roll4_slope,sfkr_hbfm_grow,growth_measure_code + resolved value column,slope; per calendar day,4 valid surveys including current; min_periods=4,개,individual,feature_date,train median after pre-freeze screening; no row deletion,1,definition_ready,,State,작물 생육,꽃 관측정보,1,frozen,CAT_020,tomato_total_flower
VG_Flower_007,CAT_006,observed_truss_count__current,관측 화방 수 current,sfkr_hbfm_grow,growth_measure_code,current valid observation,current,개,individual,feature_date,train median after pre-freeze screening; no row deletion,1,definition_ready,,Context,작물 생육,관측범위·품질,1,frozen,CAT_005,tomato_total_flower
VG_Flower_007,CAT_006,observed_truss_count__delta,관측 화방 수 delta,sfkr_hbfm_grow,growth_measure_code,current minus previous,1 survey,개,individual,feature_date,train median after pre-freeze screening; no row deletion,1,definition_ready,,Context,작물 생육,관측범위·품질,1,frozen,CAT_005,tomato_total_flower
VG_Flower_007,CAT_006,observed_truss_count__delta_per_day,관측 화방 수 delta_per_day,sfkr_hbfm_grow,growth_measure_code,delta / positive elapsed days,1 survey,개,individual,feature_date,train median after pre-freeze screening; no row deletion,1,definition_ready,,Context,작물 생육,관측범위·품질,1,frozen,CAT_005,tomato_total_flower
VG_Flower_007,CAT_006,observed_truss_count__lag1,관측 화방 수 lag1,sfkr_hbfm_grow,growth_measure_code,lag 1,1 surveys,개,individual,feature_date,train median after pre-freeze screening; no row deletion,1,definition_ready,,Context,작물 생육,관측범위·품질,1,frozen,CAT_005,tomato_total_flower
VG_Flower_007,CAT_006,observed_truss_count__lag2,관측 화방 수 lag2,sfkr_hbfm_grow,growth_measure_code,lag 2,2 surveys,개,individual,feature_date,train median after pre-freeze screening; no row deletion,1,definition_ready,,Context,작물 생육,관측범위·품질,1,frozen,CAT_005,tomato_total_flower
VG_Flower_007,CAT_006,observed_truss_count__lag3,관측 화방 수 lag3,sfkr_hbfm_grow,growth_measure_code,lag 3,3 surveys,개,individual,feature_date,train median after pre-freeze screening; no row deletion,1,definition_ready,,Context,작물 생육,관측범위·품질,1,frozen,CAT_005,tomato_total_flower
VG_Flower_007,CAT_006,observed_truss_count__roll3_mean,관측 화방 수 roll3_mean,sfkr_hbfm_grow,growth_measure_code,mean,3 valid surveys including current; min_periods=3,개,individual,feature_date,train median after pre-freeze screening; no row deletion,1,definition_ready,,Context,작물 생육,관측범위·품질,1,frozen,CAT_005,tomato_total_flower
VG_Flower_007,CAT_006,observed_truss_count__roll3_std,관측 화방 수 roll3_std,sfkr_hbfm_grow,growth_measure_code,std; ddof=0,3 valid surveys including current; min_periods=3,개,individual,feature_date,train median after pre-freeze screening; no row deletion,1,definition_ready,,Context,작물 생육,관측범위·품질,1,frozen,CAT_005,tomato_total_flower
VG_Flower_007,CAT_006,observed_truss_count__roll3_max,관측 화방 수 roll3_max,sfkr_hbfm_grow,growth_measure_code,max,3 valid surveys including current; min_periods=3,개,individual,feature_date,train median after pre-freeze screening; no row deletion,1,definition_ready,,Context,작물 생육,관측범위·품질,1,frozen,CAT_005,tomato_total_flower
VG_Flower_007,CAT_006,observed_truss_count__roll3_slope,관측 화방 수 roll3_slope,sfkr_hbfm_grow,growth_measure_code,slope; per calendar day,3 valid surveys including current; min_periods=3,개,individual,feature_date,train median after pre-freeze screening; no row deletion,1,definition_ready,,Context,작물 생육,관측범위·품질,1,frozen,CAT_005,tomato_total_flower
VG_Flower_007,CAT_006,observed_truss_count__roll4_mean,관측 화방 수 roll4_mean,sfkr_hbfm_grow,growth_measure_code,mean,4 valid surveys including current; min_periods=4,개,individual,feature_date,train median after pre-freeze screening; no row deletion,1,definition_ready,,Context,작물 생육,관측범위·품질,1,frozen,CAT_005,tomato_total_flower
VG_Flower_007,CAT_006,observed_truss_count__roll4_std,관측 화방 수 roll4_std,sfkr_hbfm_grow,growth_measure_code,std; ddof=0,4 valid surveys including current; min_periods=4,개,individual,feature_date,train median after pre-freeze screening; no row deletion,1,definition_ready,,Context,작물 생육,관측범위·품질,1,frozen,CAT_005,tomato_total_flower
VG_Flower_007,CAT_006,observed_truss_count__roll4_max,관측 화방 수 roll4_max,sfkr_hbfm_grow,growth_measure_code,max,4 valid surveys including current; min_periods=4,개,individual,feature_date,train median after pre-freeze screening; no row deletion,1,definition_ready,,Context,작물 생육,관측범위·품질,1,frozen,CAT_005,tomato_total_flower
VG_Flower_007,CAT_006,observed_truss_count__roll4_slope,관측 화방 수 roll4_slope,sfkr_hbfm_grow,growth_measure_code,slope; per calendar day,4 valid surveys including current; min_periods=4,개,individual,feature_date,train median after pre-freeze screening; no row deletion,1,definition_ready,,Context,작물 생육,관측범위·품질,1,frozen,CAT_005,tomato_total_flower
VG_Flower_007,CAT_021,flower_count__current,전체 꽃 수 current,sfkr_hbfm_grow,growth_measure_code + resolved value column,current valid observation,current,개,individual,feature_date,train median after pre-freeze screening; no row deletion,1,definition_ready,,State,작물 생육,꽃 관측정보,1,frozen,CAT_020,tomato_total_flower
VG_Flower_007,CAT_021,flower_count__delta,전체 꽃 수 delta,sfkr_hbfm_grow,growth_measure_code + resolved value column,current minus previous,1 survey,개,individual,feature_date,train median after pre-freeze screening; no row deletion,1,definition_ready,,State,작물 생육,꽃 관측정보,1,frozen,CAT_020,tomato_total_flower
VG_Flower_007,CAT_021,flower_count__delta_per_day,전체 꽃 수 delta_per_day,sfkr_hbfm_grow,growth_measure_code + resolved value column,delta / positive elapsed days,1 survey,개,individual,feature_date,train median after pre-freeze screening; no row deletion,1,definition_ready,,State,작물 생육,꽃 관측정보,1,frozen,CAT_020,tomato_total_flower
VG_Flower_007,CAT_021,flower_count__lag1,전체 꽃 수 lag1,sfkr_hbfm_grow,growth_measure_code + resolved value column,lag 1,1 surveys,개,individual,feature_date,train median after pre-freeze screening; no row deletion,1,definition_ready,,State,작물 생육,꽃 관측정보,1,frozen,CAT_020,tomato_total_flower
VG_Flower_007,CAT_021,flower_count__lag2,전체 꽃 수 lag2,sfkr_hbfm_grow,growth_measure_code + resolved value column,lag 2,2 surveys,개,individual,feature_date,train median after pre-freeze screening; no row deletion,1,definition_ready,,State,작물 생육,꽃 관측정보,1,frozen,CAT_020,tomato_total_flower
VG_Flower_007,CAT_021,flower_count__lag3,전체 꽃 수 lag3,sfkr_hbfm_grow,growth_measure_code + resolved value column,lag 3,3 surveys,개,individual,feature_date,train median after pre-freeze screening; no row deletion,1,definition_ready,,State,작물 생육,꽃 관측정보,1,frozen,CAT_020,tomato_total_flower
VG_Flower_007,CAT_021,flower_count__roll2_std,전체 꽃 수 roll2_std,sfkr_hbfm_grow,growth_measure_code + resolved value column,std; ddof=0,2 valid surveys including current; min_periods=2,개,individual,feature_date,train median after pre-freeze screening; no row deletion,1,definition_ready,,State,작물 생육,꽃 관측정보,1,frozen,CAT_020,tomato_total_flower
VG_Flower_007,CAT_021,flower_count__roll2_min,전체 꽃 수 roll2_min,sfkr_hbfm_grow,growth_measure_code + resolved value column,min,2 valid surveys including current; min_periods=2,개,individual,feature_date,train median after pre-freeze screening; no row deletion,1,definition_ready,,State,작물 생육,꽃 관측정보,1,frozen,CAT_020,tomato_total_flower
VG_Flower_007,CAT_021,flower_count__roll3_mean,전체 꽃 수 roll3_mean,sfkr_hbfm_grow,growth_measure_code + resolved value column,mean,3 valid surveys including current; min_periods=3,개,individual,feature_date,train median after pre-freeze screening; no row deletion,1,definition_ready,,State,작물 생육,꽃 관측정보,1,frozen,CAT_020,tomato_total_flower
VG_Flower_007,CAT_021,flower_count__roll3_std,전체 꽃 수 roll3_std,sfkr_hbfm_grow,growth_measure_code + resolved value column,std; ddof=0,3 valid surveys including current; min_periods=3,개,individual,feature_date,train median after pre-freeze screening; no row deletion,1,definition_ready,,State,작물 생육,꽃 관측정보,1,frozen,CAT_020,tomato_total_flower
VG_Flower_007,CAT_021,flower_count__roll3_min,전체 꽃 수 roll3_min,sfkr_hbfm_grow,growth_measure_code + resolved value column,min,3 valid surveys including current; min_periods=3,개,individual,feature_date,train median after pre-freeze screening; no row deletion,1,definition_ready,,State,작물 생육,꽃 관측정보,1,frozen,CAT_020,tomato_total_flower
VG_Flower_007,CAT_021,flower_count__roll3_max,전체 꽃 수 roll3_max,sfkr_hbfm_grow,growth_measure_code + resolved value column,max,3 valid surveys including current; min_periods=3,개,individual,feature_date,train median after pre-freeze screening; no row deletion,1,definition_ready,,State,작물 생육,꽃 관측정보,1,frozen,CAT_020,tomato_total_flower
VG_Flower_007,CAT_021,flower_count__roll3_slope,전체 꽃 수 roll3_slope,sfkr_hbfm_grow,growth_measure_code + resolved value column,slope; per calendar day,3 valid surveys including current; min_periods=3,개,individual,feature_date,train median after pre-freeze screening; no row deletion,1,definition_ready,,State,작물 생육,꽃 관측정보,1,frozen,CAT_020,tomato_total_flower
VG_Flower_007,CAT_021,flower_count__roll4_mean,전체 꽃 수 roll4_mean,sfkr_hbfm_grow,growth_measure_code + resolved value column,mean,4 valid surveys including current; min_periods=4,개,individual,feature_date,train median after pre-freeze screening; no row deletion,1,definition_ready,,State,작물 생육,꽃 관측정보,1,frozen,CAT_020,tomato_total_flower
VG_Flower_007,CAT_021,flower_count__roll4_std,전체 꽃 수 roll4_std,sfkr_hbfm_grow,growth_measure_code + resolved value column,std; ddof=0,4 valid surveys including current; min_periods=4,개,individual,feature_date,train median after pre-freeze screening; no row deletion,1,definition_ready,,State,작물 생육,꽃 관측정보,1,frozen,CAT_020,tomato_total_flower
VG_Flower_007,CAT_021,flower_count__roll4_min,전체 꽃 수 roll4_min,sfkr_hbfm_grow,growth_measure_code + resolved value column,min,4 valid surveys including current; min_periods=4,개,individual,feature_date,train median after pre-freeze screening; no row deletion,1,definition_ready,,State,작물 생육,꽃 관측정보,1,frozen,CAT_020,tomato_total_flower
VG_Flower_007,CAT_021,flower_count__roll4_max,전체 꽃 수 roll4_max,sfkr_hbfm_grow,growth_measure_code + resolved value column,max,4 valid surveys including current; min_periods=4,개,individual,feature_date,train median after pre-freeze screening; no row deletion,1,definition_ready,,State,작물 생육,꽃 관측정보,1,frozen,CAT_020,tomato_total_flower
VG_Flower_007,CAT_021,flower_count__roll4_slope,전체 꽃 수 roll4_slope,sfkr_hbfm_grow,growth_measure_code + resolved value column,slope; per calendar day,4 valid surveys including current; min_periods=4,개,individual,feature_date,train median after pre-freeze screening; no row deletion,1,definition_ready,,State,작물 생육,꽃 관측정보,1,frozen,CAT_020,tomato_total_flower
VG_Flower_007,CAT_033,days_since_previous,이전 조사 후 경과일,growth/crop source,measurement date/cropping_date/current count,observed history only; ISO week period=52.1775,through current,day,individual,feature_date,train median after pre-freeze screening; no row deletion,1,definition_ready,,Context,재배 맥락,시간정보,1,frozen,CAT_029,tomato_total_flower
VG_Flower_007,CAT_033,days_since_first_measurement,최초 조사 후 경과일,growth/crop source,measurement date/cropping_date/current count,observed history only; ISO week period=52.1775,through current,day,individual,feature_date,train median after pre-freeze screening; no row deletion,1,definition_ready,,Context,재배 맥락,시간정보,1,frozen,CAT_029,tomato_total_flower
VG_Flower_007,CAT_033,days_since_crop_start,작기 시작 후 경과일,growth/crop source,measurement date/cropping_date/current count,observed history only; ISO week period=52.1775,through current,day,individual,feature_date,train median after pre-freeze screening; no row deletion,1,definition_ready,,Context,재배 맥락,시간정보,1,frozen,CAT_029,tomato_total_flower
VG_Flower_007,CAT_033,week_sin,연중 주차 사인값,growth/crop source,measurement date/cropping_date/current count,observed history only; ISO week period=52.1775,through current,unitless,individual,feature_date,train median after pre-freeze screening; no row deletion,1,definition_ready,,Context,재배 맥락,시간정보,1,frozen,CAT_029,tomato_total_flower
VG_Flower_007,CAT_033,week_cos,연중 주차 코사인값,growth/crop source,measurement date/cropping_date/current count,observed history only; ISO week period=52.1775,through current,unitless,individual,feature_date,train median after pre-freeze screening; no row deletion,1,definition_ready,,Context,재배 맥락,시간정보,1,frozen,CAT_029,tomato_total_flower
VG_Flower_012,CAT_046,EI__HI__1d_mean,내부습도 직전 1일 mean,sfkr_hbfm_env_con,EI/HI -> sen_val,mean,"[t-1d,t)",%,facility,feature_date,train median after pre-freeze screening; no row deletion,1,definition_ready,,State,실내환경,실내 온습도,1,frozen,CAT_045,tomato_total_flower
VG_Flower_012,CAT_046,EI__HI__1d_std,내부습도 직전 1일 std,sfkr_hbfm_env_con,EI/HI -> sen_val,std; ddof=0,"[t-1d,t)",%,facility,feature_date,train median after pre-freeze screening; no row deletion,1,definition_ready,,State,실내환경,실내 온습도,1,frozen,CAT_045,tomato_total_flower
VG_Flower_012,CAT_046,EI__HI__1d_min,내부습도 직전 1일 min,sfkr_hbfm_env_con,EI/HI -> sen_val,min,"[t-1d,t)",%,facility,feature_date,train median after pre-freeze screening; no row deletion,1,definition_ready,,State,실내환경,실내 온습도,1,frozen,CAT_045,tomato_total_flower
VG_Flower_012,CAT_046,EI__HI__1d_max,내부습도 직전 1일 max,sfkr_hbfm_env_con,EI/HI -> sen_val,max,"[t-1d,t)",%,facility,feature_date,train median after pre-freeze screening; no row deletion,1,definition_ready,,State,실내환경,실내 온습도,1,frozen,CAT_045,tomato_total_flower
VG_Flower_012,CAT_046,EI__HI__3d_mean,내부습도 직전 3일 mean,sfkr_hbfm_env_con,EI/HI -> sen_val,mean,"[t-3d,t)",%,facility,feature_date,train median after pre-freeze screening; no row deletion,1,definition_ready,,State,실내환경,실내 온습도,1,frozen,CAT_045,tomato_total_flower
VG_Flower_012,CAT_046,EI__HI__3d_std,내부습도 직전 3일 std,sfkr_hbfm_env_con,EI/HI -> sen_val,std; ddof=0,"[t-3d,t)",%,facility,feature_date,train median after pre-freeze screening; no row deletion,1,definition_ready,,State,실내환경,실내 온습도,1,frozen,CAT_045,tomato_total_flower
VG_Flower_012,CAT_046,EI__HI__3d_min,내부습도 직전 3일 min,sfkr_hbfm_env_con,EI/HI -> sen_val,min,"[t-3d,t)",%,facility,feature_date,train median after pre-freeze screening; no row deletion,1,definition_ready,,State,실내환경,실내 온습도,1,frozen,CAT_045,tomato_total_flower
VG_Flower_012,CAT_046,EI__HI__3d_max,내부습도 직전 3일 max,sfkr_hbfm_env_con,EI/HI -> sen_val,max,"[t-3d,t)",%,facility,feature_date,train median after pre-freeze screening; no row deletion,1,definition_ready,,State,실내환경,실내 온습도,1,frozen,CAT_045,tomato_total_flower
VG_Flower_012,CAT_046,EI__HI__7d_mean,내부습도 직전 7일 mean,sfkr_hbfm_env_con,EI/HI -> sen_val,mean,"[t-7d,t)",%,facility,feature_date,train median after pre-freeze screening; no row deletion,1,definition_ready,,State,실내환경,실내 온습도,1,frozen,CAT_045,tomato_total_flower
VG_Flower_012,CAT_046,EI__HI__7d_std,내부습도 직전 7일 std,sfkr_hbfm_env_con,EI/HI -> sen_val,std; ddof=0,"[t-7d,t)",%,facility,feature_date,train median after pre-freeze screening; no row deletion,1,definition_ready,,State,실내환경,실내 온습도,1,frozen,CAT_045,tomato_total_flower
VG_Flower_012,CAT_046,EI__HI__7d_min,내부습도 직전 7일 min,sfkr_hbfm_env_con,EI/HI -> sen_val,min,"[t-7d,t)",%,facility,feature_date,train median after pre-freeze screening; no row deletion,1,definition_ready,,State,실내환경,실내 온습도,1,frozen,CAT_045,tomato_total_flower
VG_Flower_012,CAT_046,EI__HI__7d_max,내부습도 직전 7일 max,sfkr_hbfm_env_con,EI/HI -> sen_val,max,"[t-7d,t)",%,facility,feature_date,train median after pre-freeze screening; no row deletion,1,definition_ready,,State,실내환경,실내 온습도,1,frozen,CAT_045,tomato_total_flower
VG_Flower_012,CAT_046,EI__TI__1d_mean,내부온도 직전 1일 mean,sfkr_hbfm_env_con,EI/TI -> sen_val,mean,"[t-1d,t)",도,facility,feature_date,train median after pre-freeze screening; no row deletion,1,definition_ready,,State,실내환경,실내 온습도,1,frozen,CAT_045,tomato_total_flower
VG_Flower_012,CAT_046,EI__TI__1d_std,내부온도 직전 1일 std,sfkr_hbfm_env_con,EI/TI -> sen_val,std; ddof=0,"[t-1d,t)",도,facility,feature_date,train median after pre-freeze screening; no row deletion,1,definition_ready,,State,실내환경,실내 온습도,1,frozen,CAT_045,tomato_total_flower
VG_Flower_012,CAT_046,EI__TI__1d_min,내부온도 직전 1일 min,sfkr_hbfm_env_con,EI/TI -> sen_val,min,"[t-1d,t)",도,facility,feature_date,train median after pre-freeze screening; no row deletion,1,definition_ready,,State,실내환경,실내 온습도,1,frozen,CAT_045,tomato_total_flower
VG_Flower_012,CAT_046,EI__TI__1d_max,내부온도 직전 1일 max,sfkr_hbfm_env_con,EI/TI -> sen_val,max,"[t-1d,t)",도,facility,feature_date,train median after pre-freeze screening; no row deletion,1,definition_ready,,State,실내환경,실내 온습도,1,frozen,CAT_045,tomato_total_flower
VG_Flower_012,CAT_046,EI__TI__3d_mean,내부온도 직전 3일 mean,sfkr_hbfm_env_con,EI/TI -> sen_val,mean,"[t-3d,t)",도,facility,feature_date,train median after pre-freeze screening; no row deletion,1,definition_ready,,State,실내환경,실내 온습도,1,frozen,CAT_045,tomato_total_flower
VG_Flower_012,CAT_046,EI__TI__3d_std,내부온도 직전 3일 std,sfkr_hbfm_env_con,EI/TI -> sen_val,std; ddof=0,"[t-3d,t)",도,facility,feature_date,train median after pre-freeze screening; no row deletion,1,definition_ready,,State,실내환경,실내 온습도,1,frozen,CAT_045,tomato_total_flower
VG_Flower_012,CAT_046,EI__TI__3d_min,내부온도 직전 3일 min,sfkr_hbfm_env_con,EI/TI -> sen_val,min,"[t-3d,t)",도,facility,feature_date,train median after pre-freeze screening; no row deletion,1,definition_ready,,State,실내환경,실내 온습도,1,frozen,CAT_045,tomato_total_flower
VG_Flower_012,CAT_046,EI__TI__3d_max,내부온도 직전 3일 max,sfkr_hbfm_env_con,EI/TI -> sen_val,max,"[t-3d,t)",도,facility,feature_date,train median after pre-freeze screening; no row deletion,1,definition_ready,,State,실내환경,실내 온습도,1,frozen,CAT_045,tomato_total_flower
VG_Flower_012,CAT_046,EI__TI__7d_mean,내부온도 직전 7일 mean,sfkr_hbfm_env_con,EI/TI -> sen_val,mean,"[t-7d,t)",도,facility,feature_date,train median after pre-freeze screening; no row deletion,1,definition_ready,,State,실내환경,실내 온습도,1,frozen,CAT_045,tomato_total_flower
VG_Flower_012,CAT_046,EI__TI__7d_std,내부온도 직전 7일 std,sfkr_hbfm_env_con,EI/TI -> sen_val,std; ddof=0,"[t-7d,t)",도,facility,feature_date,train median after pre-freeze screening; no row deletion,1,definition_ready,,State,실내환경,실내 온습도,1,frozen,CAT_045,tomato_total_flower
VG_Flower_012,CAT_046,EI__TI__7d_min,내부온도 직전 7일 min,sfkr_hbfm_env_con,EI/TI -> sen_val,min,"[t-7d,t)",도,facility,feature_date,train median after pre-freeze screening; no row deletion,1,definition_ready,,State,실내환경,실내 온습도,1,frozen,CAT_045,tomato_total_flower
VG_Flower_012,CAT_046,EI__TI__7d_max,내부온도 직전 7일 max,sfkr_hbfm_env_con,EI/TI -> sen_val,max,"[t-7d,t)",도,facility,feature_date,train median after pre-freeze screening; no row deletion,1,definition_ready,,State,실내환경,실내 온습도,1,frozen,CAT_045,tomato_total_flower
VG_Flower_009,CAT_003,current_max_truss_number__current,최대 관측 화방번호 current,sfkr_hbfm_grow,growth_measure_code,current valid observation,current,번호,individual,feature_date,train median after pre-freeze screening; no row deletion,1,definition_ready,,State,작물 생육,화방 관측정보,1,frozen,CAT_002,tomato_total_flower
VG_Flower_009,CAT_003,current_max_truss_number__delta,최대 관측 화방번호 delta,sfkr_hbfm_grow,growth_measure_code,current minus previous,1 survey,번호,individual,feature_date,train median after pre-freeze screening; no row deletion,1,definition_ready,,State,작물 생육,화방 관측정보,1,frozen,CAT_002,tomato_total_flower
VG_Flower_009,CAT_003,current_max_truss_number__delta_per_day,최대 관측 화방번호 delta_per_day,sfkr_hbfm_grow,growth_measure_code,delta / positive elapsed days,1 survey,번호,individual,feature_date,train median after pre-freeze screening; no row deletion,1,definition_ready,,State,작물 생육,화방 관측정보,1,frozen,CAT_002,tomato_total_flower
VG_Flower_009,CAT_003,current_max_truss_number__lag1,최대 관측 화방번호 lag1,sfkr_hbfm_grow,growth_measure_code,lag 1,1 surveys,번호,individual,feature_date,train median after pre-freeze screening; no row deletion,1,definition_ready,,State,작물 생육,화방 관측정보,1,frozen,CAT_002,tomato_total_flower
VG_Flower_009,CAT_003,current_max_truss_number__lag2,최대 관측 화방번호 lag2,sfkr_hbfm_grow,growth_measure_code,lag 2,2 surveys,번호,individual,feature_date,train median after pre-freeze screening; no row deletion,1,definition_ready,,State,작물 생육,화방 관측정보,1,frozen,CAT_002,tomato_total_flower
VG_Flower_009,CAT_003,current_max_truss_number__lag3,최대 관측 화방번호 lag3,sfkr_hbfm_grow,growth_measure_code,lag 3,3 surveys,번호,individual,feature_date,train median after pre-freeze screening; no row deletion,1,definition_ready,,State,작물 생육,화방 관측정보,1,frozen,CAT_002,tomato_total_flower
VG_Flower_009,CAT_003,current_max_truss_number__roll3_mean,최대 관측 화방번호 roll3_mean,sfkr_hbfm_grow,growth_measure_code,mean,3 valid surveys including current; min_periods=3,번호,individual,feature_date,train median after pre-freeze screening; no row deletion,1,definition_ready,,State,작물 생육,화방 관측정보,1,frozen,CAT_002,tomato_total_flower
VG_Flower_009,CAT_003,current_max_truss_number__roll3_std,최대 관측 화방번호 roll3_std,sfkr_hbfm_grow,growth_measure_code,std; ddof=0,3 valid surveys including current; min_periods=3,번호,individual,feature_date,train median after pre-freeze screening; no row deletion,1,definition_ready,,State,작물 생육,화방 관측정보,1,frozen,CAT_002,tomato_total_flower
VG_Flower_009,CAT_003,current_max_truss_number__roll3_max,최대 관측 화방번호 roll3_max,sfkr_hbfm_grow,growth_measure_code,max,3 valid surveys including current; min_periods=3,번호,individual,feature_date,train median after pre-freeze screening; no row deletion,1,definition_ready,,State,작물 생육,화방 관측정보,1,frozen,CAT_002,tomato_total_flower
VG_Flower_009,CAT_003,current_max_truss_number__roll3_slope,최대 관측 화방번호 roll3_slope,sfkr_hbfm_grow,growth_measure_code,slope; per calendar day,3 valid surveys including current; min_periods=3,번호,individual,feature_date,train median after pre-freeze screening; no row deletion,1,definition_ready,,State,작물 생육,화방 관측정보,1,frozen,CAT_002,tomato_total_flower
VG_Flower_009,CAT_003,current_max_truss_number__roll4_mean,최대 관측 화방번호 roll4_mean,sfkr_hbfm_grow,growth_measure_code,mean,4 valid surveys including current; min_periods=4,번호,individual,feature_date,train median after pre-freeze screening; no row deletion,1,definition_ready,,State,작물 생육,화방 관측정보,1,frozen,CAT_002,tomato_total_flower
VG_Flower_009,CAT_003,current_max_truss_number__roll4_std,최대 관측 화방번호 roll4_std,sfkr_hbfm_grow,growth_measure_code,std; ddof=0,4 valid surveys including current; min_periods=4,번호,individual,feature_date,train median after pre-freeze screening; no row deletion,1,definition_ready,,State,작물 생육,화방 관측정보,1,frozen,CAT_002,tomato_total_flower
VG_Flower_009,CAT_003,current_max_truss_number__roll4_max,최대 관측 화방번호 roll4_max,sfkr_hbfm_grow,growth_measure_code,max,4 valid surveys including current; min_periods=4,번호,individual,feature_date,train median after pre-freeze screening; no row deletion,1,definition_ready,,State,작물 생육,화방 관측정보,1,frozen,CAT_002,tomato_total_flower
VG_Flower_009,CAT_003,current_max_truss_number__roll4_slope,최대 관측 화방번호 roll4_slope,sfkr_hbfm_grow,growth_measure_code,slope; per calendar day,4 valid surveys including current; min_periods=4,번호,individual,feature_date,train median after pre-freeze screening; no row deletion,1,definition_ready,,State,작물 생육,화방 관측정보,1,frozen,CAT_002,tomato_total_flower
VG_Flower_009,CAT_003,positive_truss_count__current,꽃이 있는 화방 수 current,sfkr_hbfm_grow,growth_measure_code + resolved value column,current valid observation,current,개,individual,feature_date,train median after pre-freeze screening; no row deletion,1,definition_ready,,State,작물 생육,화방 관측정보,1,frozen,CAT_002,tomato_total_flower
VG_Flower_009,CAT_003,positive_truss_count__delta,꽃이 있는 화방 수 delta,sfkr_hbfm_grow,growth_measure_code + resolved value column,current minus previous,1 survey,개,individual,feature_date,train median after pre-freeze screening; no row deletion,1,definition_ready,,State,작물 생육,화방 관측정보,1,frozen,CAT_002,tomato_total_flower
VG_Flower_009,CAT_003,positive_truss_count__delta_per_day,꽃이 있는 화방 수 delta_per_day,sfkr_hbfm_grow,growth_measure_code + resolved value column,delta / positive elapsed days,1 survey,개,individual,feature_date,train median after pre-freeze screening; no row deletion,1,definition_ready,,State,작물 생육,화방 관측정보,1,frozen,CAT_002,tomato_total_flower
VG_Flower_009,CAT_003,positive_truss_count__lag1,꽃이 있는 화방 수 lag1,sfkr_hbfm_grow,growth_measure_code + resolved value column,lag 1,1 surveys,개,individual,feature_date,train median after pre-freeze screening; no row deletion,1,definition_ready,,State,작물 생육,화방 관측정보,1,frozen,CAT_002,tomato_total_flower
VG_Flower_009,CAT_003,positive_truss_count__lag2,꽃이 있는 화방 수 lag2,sfkr_hbfm_grow,growth_measure_code + resolved value column,lag 2,2 surveys,개,individual,feature_date,train median after pre-freeze screening; no row deletion,1,definition_ready,,State,작물 생육,화방 관측정보,1,frozen,CAT_002,tomato_total_flower
VG_Flower_009,CAT_003,positive_truss_count__lag3,꽃이 있는 화방 수 lag3,sfkr_hbfm_grow,growth_measure_code + resolved value column,lag 3,3 surveys,개,individual,feature_date,train median after pre-freeze screening; no row deletion,1,definition_ready,,State,작물 생육,화방 관측정보,1,frozen,CAT_002,tomato_total_flower
VG_Flower_009,CAT_003,positive_truss_count__roll2_std,꽃이 있는 화방 수 roll2_std,sfkr_hbfm_grow,growth_measure_code + resolved value column,std; ddof=0,2 valid surveys including current; min_periods=2,개,individual,feature_date,train median after pre-freeze screening; no row deletion,1,definition_ready,,State,작물 생육,화방 관측정보,1,frozen,CAT_002,tomato_total_flower
VG_Flower_009,CAT_003,positive_truss_count__roll2_min,꽃이 있는 화방 수 roll2_min,sfkr_hbfm_grow,growth_measure_code + resolved value column,min,2 valid surveys including current; min_periods=2,개,individual,feature_date,train median after pre-freeze screening; no row deletion,1,definition_ready,,State,작물 생육,화방 관측정보,1,frozen,CAT_002,tomato_total_flower
VG_Flower_009,CAT_003,positive_truss_count__roll3_mean,꽃이 있는 화방 수 roll3_mean,sfkr_hbfm_grow,growth_measure_code + resolved value column,mean,3 valid surveys including current; min_periods=3,개,individual,feature_date,train median after pre-freeze screening; no row deletion,1,definition_ready,,State,작물 생육,화방 관측정보,1,frozen,CAT_002,tomato_total_flower
VG_Flower_009,CAT_003,positive_truss_count__roll3_std,꽃이 있는 화방 수 roll3_std,sfkr_hbfm_grow,growth_measure_code + resolved value column,std; ddof=0,3 valid surveys including current; min_periods=3,개,individual,feature_date,train median after pre-freeze screening; no row deletion,1,definition_ready,,State,작물 생육,화방 관측정보,1,frozen,CAT_002,tomato_total_flower
VG_Flower_009,CAT_003,positive_truss_count__roll3_min,꽃이 있는 화방 수 roll3_min,sfkr_hbfm_grow,growth_measure_code + resolved value column,min,3 valid surveys including current; min_periods=3,개,individual,feature_date,train median after pre-freeze screening; no row deletion,1,definition_ready,,State,작물 생육,화방 관측정보,1,frozen,CAT_002,tomato_total_flower
VG_Flower_009,CAT_003,positive_truss_count__roll3_max,꽃이 있는 화방 수 roll3_max,sfkr_hbfm_grow,growth_measure_code + resolved value column,max,3 valid surveys including current; min_periods=3,개,individual,feature_date,train median after pre-freeze screening; no row deletion,1,definition_ready,,State,작물 생육,화방 관측정보,1,frozen,CAT_002,tomato_total_flower
VG_Flower_009,CAT_003,positive_truss_count__roll3_slope,꽃이 있는 화방 수 roll3_slope,sfkr_hbfm_grow,growth_measure_code + resolved value column,slope; per calendar day,3 valid surveys including current; min_periods=3,개,individual,feature_date,train median after pre-freeze screening; no row deletion,1,definition_ready,,State,작물 생육,화방 관측정보,1,frozen,CAT_002,tomato_total_flower
VG_Flower_009,CAT_003,positive_truss_count__roll4_mean,꽃이 있는 화방 수 roll4_mean,sfkr_hbfm_grow,growth_measure_code + resolved value column,mean,4 valid surveys including current; min_periods=4,개,individual,feature_date,train median after pre-freeze screening; no row deletion,1,definition_ready,,State,작물 생육,화방 관측정보,1,frozen,CAT_002,tomato_total_flower
VG_Flower_009,CAT_003,positive_truss_count__roll4_std,꽃이 있는 화방 수 roll4_std,sfkr_hbfm_grow,growth_measure_code + resolved value column,std; ddof=0,4 valid surveys including current; min_periods=4,개,individual,feature_date,train median after pre-freeze screening; no row deletion,1,definition_ready,,State,작물 생육,화방 관측정보,1,frozen,CAT_002,tomato_total_flower
VG_Flower_009,CAT_003,positive_truss_count__roll4_min,꽃이 있는 화방 수 roll4_min,sfkr_hbfm_grow,growth_measure_code + resolved value column,min,4 valid surveys including current; min_periods=4,개,individual,feature_date,train median after pre-freeze screening; no row deletion,1,definition_ready,,State,작물 생육,화방 관측정보,1,frozen,CAT_002,tomato_total_flower
VG_Flower_009,CAT_003,positive_truss_count__roll4_max,꽃이 있는 화방 수 roll4_max,sfkr_hbfm_grow,growth_measure_code + resolved value column,max,4 valid surveys including current; min_periods=4,개,individual,feature_date,train median after pre-freeze screening; no row deletion,1,definition_ready,,State,작물 생육,화방 관측정보,1,frozen,CAT_002,tomato_total_flower
VG_Flower_009,CAT_003,positive_truss_count__roll4_slope,꽃이 있는 화방 수 roll4_slope,sfkr_hbfm_grow,growth_measure_code + resolved value column,slope; per calendar day,4 valid surveys including current; min_periods=4,개,individual,feature_date,train median after pre-freeze screening; no row deletion,1,definition_ready,,State,작물 생육,화방 관측정보,1,frozen,CAT_002,tomato_total_flower
VG_Flower_029,CAT_003,current_max_truss_number__current,최대 관측 화방번호 current,sfkr_hbfm_grow,growth_measure_code,current valid observation,current,번호,individual,feature_date,train median after pre-freeze screening; no row deletion,1,definition_ready,,State,작물 생육,화방 관측정보,1,frozen,CAT_002,tomato_total_flower
VG_Flower_029,CAT_003,current_max_truss_number__delta,최대 관측 화방번호 delta,sfkr_hbfm_grow,growth_measure_code,current minus previous,1 survey,번호,individual,feature_date,train median after pre-freeze screening; no row deletion,1,definition_ready,,State,작물 생육,화방 관측정보,1,frozen,CAT_002,tomato_total_flower
VG_Flower_029,CAT_003,current_max_truss_number__delta_per_day,최대 관측 화방번호 delta_per_day,sfkr_hbfm_grow,growth_measure_code,delta / positive elapsed days,1 survey,번호,individual,feature_date,train median after pre-freeze screening; no row deletion,1,definition_ready,,State,작물 생육,화방 관측정보,1,frozen,CAT_002,tomato_total_flower
VG_Flower_029,CAT_003,current_max_truss_number__lag1,최대 관측 화방번호 lag1,sfkr_hbfm_grow,growth_measure_code,lag 1,1 surveys,번호,individual,feature_date,train median after pre-freeze screening; no row deletion,1,definition_ready,,State,작물 생육,화방 관측정보,1,frozen,CAT_002,tomato_total_flower
VG_Flower_029,CAT_003,current_max_truss_number__lag2,최대 관측 화방번호 lag2,sfkr_hbfm_grow,growth_measure_code,lag 2,2 surveys,번호,individual,feature_date,train median after pre-freeze screening; no row deletion,1,definition_ready,,State,작물 생육,화방 관측정보,1,frozen,CAT_002,tomato_total_flower
VG_Flower_029,CAT_003,current_max_truss_number__lag3,최대 관측 화방번호 lag3,sfkr_hbfm_grow,growth_measure_code,lag 3,3 surveys,번호,individual,feature_date,train median after pre-freeze screening; no row deletion,1,definition_ready,,State,작물 생육,화방 관측정보,1,frozen,CAT_002,tomato_total_flower
VG_Flower_029,CAT_003,current_max_truss_number__roll3_mean,최대 관측 화방번호 roll3_mean,sfkr_hbfm_grow,growth_measure_code,mean,3 valid surveys including current; min_periods=3,번호,individual,feature_date,train median after pre-freeze screening; no row deletion,1,definition_ready,,State,작물 생육,화방 관측정보,1,frozen,CAT_002,tomato_total_flower
VG_Flower_029,CAT_003,current_max_truss_number__roll3_std,최대 관측 화방번호 roll3_std,sfkr_hbfm_grow,growth_measure_code,std; ddof=0,3 valid surveys including current; min_periods=3,번호,individual,feature_date,train median after pre-freeze screening; no row deletion,1,definition_ready,,State,작물 생육,화방 관측정보,1,frozen,CAT_002,tomato_total_flower
VG_Flower_029,CAT_003,current_max_truss_number__roll3_max,최대 관측 화방번호 roll3_max,sfkr_hbfm_grow,growth_measure_code,max,3 valid surveys including current; min_periods=3,번호,individual,feature_date,train median after pre-freeze screening; no row deletion,1,definition_ready,,State,작물 생육,화방 관측정보,1,frozen,CAT_002,tomato_total_flower
VG_Flower_029,CAT_003,current_max_truss_number__roll3_slope,최대 관측 화방번호 roll3_slope,sfkr_hbfm_grow,growth_measure_code,slope; per calendar day,3 valid surveys including current; min_periods=3,번호,individual,feature_date,train median after pre-freeze screening; no row deletion,1,definition_ready,,State,작물 생육,화방 관측정보,1,frozen,CAT_002,tomato_total_flower
VG_Flower_029,CAT_003,current_max_truss_number__roll4_mean,최대 관측 화방번호 roll4_mean,sfkr_hbfm_grow,growth_measure_code,mean,4 valid surveys including current; min_periods=4,번호,individual,feature_date,train median after pre-freeze screening; no row deletion,1,definition_ready,,State,작물 생육,화방 관측정보,1,frozen,CAT_002,tomato_total_flower
VG_Flower_029,CAT_003,current_max_truss_number__roll4_std,최대 관측 화방번호 roll4_std,sfkr_hbfm_grow,growth_measure_code,std; ddof=0,4 valid surveys including current; min_periods=4,번호,individual,feature_date,train median after pre-freeze screening; no row deletion,1,definition_ready,,State,작물 생육,화방 관측정보,1,frozen,CAT_002,tomato_total_flower
VG_Flower_029,CAT_003,current_max_truss_number__roll4_max,최대 관측 화방번호 roll4_max,sfkr_hbfm_grow,growth_measure_code,max,4 valid surveys including current; min_periods=4,번호,individual,feature_date,train median after pre-freeze screening; no row deletion,1,definition_ready,,State,작물 생육,화방 관측정보,1,frozen,CAT_002,tomato_total_flower
VG_Flower_029,CAT_003,current_max_truss_number__roll4_slope,최대 관측 화방번호 roll4_slope,sfkr_hbfm_grow,growth_measure_code,slope; per calendar day,4 valid surveys including current; min_periods=4,번호,individual,feature_date,train median after pre-freeze screening; no row deletion,1,definition_ready,,State,작물 생육,화방 관측정보,1,frozen,CAT_002,tomato_total_flower
VG_Flower_029,CAT_003,positive_truss_count__current,꽃이 있는 화방 수 current,sfkr_hbfm_grow,growth_measure_code + resolved value column,current valid observation,current,개,individual,feature_date,train median after pre-freeze screening; no row deletion,1,definition_ready,,State,작물 생육,화방 관측정보,1,frozen,CAT_002,tomato_total_flower
VG_Flower_029,CAT_003,positive_truss_count__delta,꽃이 있는 화방 수 delta,sfkr_hbfm_grow,growth_measure_code + resolved value column,current minus previous,1 survey,개,individual,feature_date,train median after pre-freeze screening; no row deletion,1,definition_ready,,State,작물 생육,화방 관측정보,1,frozen,CAT_002,tomato_total_flower
VG_Flower_029,CAT_003,positive_truss_count__delta_per_day,꽃이 있는 화방 수 delta_per_day,sfkr_hbfm_grow,growth_measure_code + resolved value column,delta / positive elapsed days,1 survey,개,individual,feature_date,train median after pre-freeze screening; no row deletion,1,definition_ready,,State,작물 생육,화방 관측정보,1,frozen,CAT_002,tomato_total_flower
VG_Flower_029,CAT_003,positive_truss_count__lag1,꽃이 있는 화방 수 lag1,sfkr_hbfm_grow,growth_measure_code + resolved value column,lag 1,1 surveys,개,individual,feature_date,train median after pre-freeze screening; no row deletion,1,definition_ready,,State,작물 생육,화방 관측정보,1,frozen,CAT_002,tomato_total_flower
VG_Flower_029,CAT_003,positive_truss_count__lag2,꽃이 있는 화방 수 lag2,sfkr_hbfm_grow,growth_measure_code + resolved value column,lag 2,2 surveys,개,individual,feature_date,train median after pre-freeze screening; no row deletion,1,definition_ready,,State,작물 생육,화방 관측정보,1,frozen,CAT_002,tomato_total_flower
VG_Flower_029,CAT_003,positive_truss_count__lag3,꽃이 있는 화방 수 lag3,sfkr_hbfm_grow,growth_measure_code + resolved value column,lag 3,3 surveys,개,individual,feature_date,train median after pre-freeze screening; no row deletion,1,definition_ready,,State,작물 생육,화방 관측정보,1,frozen,CAT_002,tomato_total_flower
VG_Flower_029,CAT_003,positive_truss_count__roll2_std,꽃이 있는 화방 수 roll2_std,sfkr_hbfm_grow,growth_measure_code + resolved value column,std; ddof=0,2 valid surveys including current; min_periods=2,개,individual,feature_date,train median after pre-freeze screening; no row deletion,1,definition_ready,,State,작물 생육,화방 관측정보,1,frozen,CAT_002,tomato_total_flower
VG_Flower_029,CAT_003,positive_truss_count__roll2_min,꽃이 있는 화방 수 roll2_min,sfkr_hbfm_grow,growth_measure_code + resolved value column,min,2 valid surveys including current; min_periods=2,개,individual,feature_date,train median after pre-freeze screening; no row deletion,1,definition_ready,,State,작물 생육,화방 관측정보,1,frozen,CAT_002,tomato_total_flower
VG_Flower_029,CAT_003,positive_truss_count__roll3_mean,꽃이 있는 화방 수 roll3_mean,sfkr_hbfm_grow,growth_measure_code + resolved value column,mean,3 valid surveys including current; min_periods=3,개,individual,feature_date,train median after pre-freeze screening; no row deletion,1,definition_ready,,State,작물 생육,화방 관측정보,1,frozen,CAT_002,tomato_total_flower
VG_Flower_029,CAT_003,positive_truss_count__roll3_std,꽃이 있는 화방 수 roll3_std,sfkr_hbfm_grow,growth_measure_code + resolved value column,std; ddof=0,3 valid surveys including current; min_periods=3,개,individual,feature_date,train median after pre-freeze screening; no row deletion,1,definition_ready,,State,작물 생육,화방 관측정보,1,frozen,CAT_002,tomato_total_flower
VG_Flower_029,CAT_003,positive_truss_count__roll3_min,꽃이 있는 화방 수 roll3_min,sfkr_hbfm_grow,growth_measure_code + resolved value column,min,3 valid surveys including current; min_periods=3,개,individual,feature_date,train median after pre-freeze screening; no row deletion,1,definition_ready,,State,작물 생육,화방 관측정보,1,frozen,CAT_002,tomato_total_flower
VG_Flower_029,CAT_003,positive_truss_count__roll3_max,꽃이 있는 화방 수 roll3_max,sfkr_hbfm_grow,growth_measure_code + resolved value column,max,3 valid surveys including current; min_periods=3,개,individual,feature_date,train median after pre-freeze screening; no row deletion,1,definition_ready,,State,작물 생육,화방 관측정보,1,frozen,CAT_002,tomato_total_flower
VG_Flower_029,CAT_003,positive_truss_count__roll3_slope,꽃이 있는 화방 수 roll3_slope,sfkr_hbfm_grow,growth_measure_code + resolved value column,slope; per calendar day,3 valid surveys including current; min_periods=3,개,individual,feature_date,train median after pre-freeze screening; no row deletion,1,definition_ready,,State,작물 생육,화방 관측정보,1,frozen,CAT_002,tomato_total_flower
VG_Flower_029,CAT_003,positive_truss_count__roll4_mean,꽃이 있는 화방 수 roll4_mean,sfkr_hbfm_grow,growth_measure_code + resolved value column,mean,4 valid surveys including current; min_periods=4,개,individual,feature_date,train median after pre-freeze screening; no row deletion,1,definition_ready,,State,작물 생육,화방 관측정보,1,frozen,CAT_002,tomato_total_flower
VG_Flower_029,CAT_003,positive_truss_count__roll4_std,꽃이 있는 화방 수 roll4_std,sfkr_hbfm_grow,growth_measure_code + resolved value column,std; ddof=0,4 valid surveys including current; min_periods=4,개,individual,feature_date,train median after pre-freeze screening; no row deletion,1,definition_ready,,State,작물 생육,화방 관측정보,1,frozen,CAT_002,tomato_total_flower
VG_Flower_029,CAT_003,positive_truss_count__roll4_min,꽃이 있는 화방 수 roll4_min,sfkr_hbfm_grow,growth_measure_code + resolved value column,min,4 valid surveys including current; min_periods=4,개,individual,feature_date,train median after pre-freeze screening; no row deletion,1,definition_ready,,State,작물 생육,화방 관측정보,1,frozen,CAT_002,tomato_total_flower
VG_Flower_029,CAT_003,positive_truss_count__roll4_max,꽃이 있는 화방 수 roll4_max,sfkr_hbfm_grow,growth_measure_code + resolved value column,max,4 valid surveys including current; min_periods=4,개,individual,feature_date,train median after pre-freeze screening; no row deletion,1,definition_ready,,State,작물 생육,화방 관측정보,1,frozen,CAT_002,tomato_total_flower
VG_Flower_029,CAT_003,positive_truss_count__roll4_slope,꽃이 있는 화방 수 roll4_slope,sfkr_hbfm_grow,growth_measure_code + resolved value column,slope; per calendar day,4 valid surveys including current; min_periods=4,개,individual,feature_date,train median after pre-freeze screening; no row deletion,1,definition_ready,,State,작물 생육,화방 관측정보,1,frozen,CAT_002,tomato_total_flower
VG_Flower_029,CAT_017,EI__CI__1d_mean,내부CO2 직전 1일 mean,sfkr_hbfm_env_con,EI/CI -> sen_val,mean,"[t-1d,t)",ppm,facility,feature_date,train median after pre-freeze screening; no row deletion,1,definition_ready,,State,실내환경,실내 CO2,1,frozen,CAT_016,tomato_total_flower
VG_Flower_029,CAT_017,EI__CI__1d_std,내부CO2 직전 1일 std,sfkr_hbfm_env_con,EI/CI -> sen_val,std; ddof=0,"[t-1d,t)",ppm,facility,feature_date,train median after pre-freeze screening; no row deletion,1,definition_ready,,State,실내환경,실내 CO2,1,frozen,CAT_016,tomato_total_flower
VG_Flower_029,CAT_017,EI__CI__1d_min,내부CO2 직전 1일 min,sfkr_hbfm_env_con,EI/CI -> sen_val,min,"[t-1d,t)",ppm,facility,feature_date,train median after pre-freeze screening; no row deletion,1,definition_ready,,State,실내환경,실내 CO2,1,frozen,CAT_016,tomato_total_flower
VG_Flower_029,CAT_017,EI__CI__1d_max,내부CO2 직전 1일 max,sfkr_hbfm_env_con,EI/CI -> sen_val,max,"[t-1d,t)",ppm,facility,feature_date,train median after pre-freeze screening; no row deletion,1,definition_ready,,State,실내환경,실내 CO2,1,frozen,CAT_016,tomato_total_flower
VG_Flower_029,CAT_017,EI__CI__3d_mean,내부CO2 직전 3일 mean,sfkr_hbfm_env_con,EI/CI -> sen_val,mean,"[t-3d,t)",ppm,facility,feature_date,train median after pre-freeze screening; no row deletion,1,definition_ready,,State,실내환경,실내 CO2,1,frozen,CAT_016,tomato_total_flower
VG_Flower_029,CAT_017,EI__CI__3d_std,내부CO2 직전 3일 std,sfkr_hbfm_env_con,EI/CI -> sen_val,std; ddof=0,"[t-3d,t)",ppm,facility,feature_date,train median after pre-freeze screening; no row deletion,1,definition_ready,,State,실내환경,실내 CO2,1,frozen,CAT_016,tomato_total_flower
VG_Flower_029,CAT_017,EI__CI__3d_min,내부CO2 직전 3일 min,sfkr_hbfm_env_con,EI/CI -> sen_val,min,"[t-3d,t)",ppm,facility,feature_date,train median after pre-freeze screening; no row deletion,1,definition_ready,,State,실내환경,실내 CO2,1,frozen,CAT_016,tomato_total_flower
VG_Flower_029,CAT_017,EI__CI__3d_max,내부CO2 직전 3일 max,sfkr_hbfm_env_con,EI/CI -> sen_val,max,"[t-3d,t)",ppm,facility,feature_date,train median after pre-freeze screening; no row deletion,1,definition_ready,,State,실내환경,실내 CO2,1,frozen,CAT_016,tomato_total_flower
VG_Flower_029,CAT_017,EI__CI__7d_mean,내부CO2 직전 7일 mean,sfkr_hbfm_env_con,EI/CI -> sen_val,mean,"[t-7d,t)",ppm,facility,feature_date,train median after pre-freeze screening; no row deletion,1,definition_ready,,State,실내환경,실내 CO2,1,frozen,CAT_016,tomato_total_flower
VG_Flower_029,CAT_017,EI__CI__7d_std,내부CO2 직전 7일 std,sfkr_hbfm_env_con,EI/CI -> sen_val,std; ddof=0,"[t-7d,t)",ppm,facility,feature_date,train median after pre-freeze screening; no row deletion,1,definition_ready,,State,실내환경,실내 CO2,1,frozen,CAT_016,tomato_total_flower
VG_Flower_029,CAT_017,EI__CI__7d_min,내부CO2 직전 7일 min,sfkr_hbfm_env_con,EI/CI -> sen_val,min,"[t-7d,t)",ppm,facility,feature_date,train median after pre-freeze screening; no row deletion,1,definition_ready,,State,실내환경,실내 CO2,1,frozen,CAT_016,tomato_total_flower
VG_Flower_029,CAT_017,EI__CI__7d_max,내부CO2 직전 7일 max,sfkr_hbfm_env_con,EI/CI -> sen_val,max,"[t-7d,t)",ppm,facility,feature_date,train median after pre-freeze screening; no row deletion,1,definition_ready,,State,실내환경,실내 CO2,1,frozen,CAT_016,tomato_total_flower
VG_Flower_029,CAT_021,flower_count__current,전체 꽃 수 current,sfkr_hbfm_grow,growth_measure_code + resolved value column,current valid observation,current,개,individual,feature_date,train median after pre-freeze screening; no row deletion,1,definition_ready,,State,작물 생육,꽃 관측정보,1,frozen,CAT_020,tomato_total_flower
VG_Flower_029,CAT_021,flower_count__delta,전체 꽃 수 delta,sfkr_hbfm_grow,growth_measure_code + resolved value column,current minus previous,1 survey,개,individual,feature_date,train median after pre-freeze screening; no row deletion,1,definition_ready,,State,작물 생육,꽃 관측정보,1,frozen,CAT_020,tomato_total_flower
VG_Flower_029,CAT_021,flower_count__delta_per_day,전체 꽃 수 delta_per_day,sfkr_hbfm_grow,growth_measure_code + resolved value column,delta / positive elapsed days,1 survey,개,individual,feature_date,train median after pre-freeze screening; no row deletion,1,definition_ready,,State,작물 생육,꽃 관측정보,1,frozen,CAT_020,tomato_total_flower
VG_Flower_029,CAT_021,flower_count__lag1,전체 꽃 수 lag1,sfkr_hbfm_grow,growth_measure_code + resolved value column,lag 1,1 surveys,개,individual,feature_date,train median after pre-freeze screening; no row deletion,1,definition_ready,,State,작물 생육,꽃 관측정보,1,frozen,CAT_020,tomato_total_flower
VG_Flower_029,CAT_021,flower_count__lag2,전체 꽃 수 lag2,sfkr_hbfm_grow,growth_measure_code + resolved value column,lag 2,2 surveys,개,individual,feature_date,train median after pre-freeze screening; no row deletion,1,definition_ready,,State,작물 생육,꽃 관측정보,1,frozen,CAT_020,tomato_total_flower
VG_Flower_029,CAT_021,flower_count__lag3,전체 꽃 수 lag3,sfkr_hbfm_grow,growth_measure_code + resolved value column,lag 3,3 surveys,개,individual,feature_date,train median after pre-freeze screening; no row deletion,1,definition_ready,,State,작물 생육,꽃 관측정보,1,frozen,CAT_020,tomato_total_flower
VG_Flower_029,CAT_021,flower_count__roll2_std,전체 꽃 수 roll2_std,sfkr_hbfm_grow,growth_measure_code + resolved value column,std; ddof=0,2 valid surveys including current; min_periods=2,개,individual,feature_date,train median after pre-freeze screening; no row deletion,1,definition_ready,,State,작물 생육,꽃 관측정보,1,frozen,CAT_020,tomato_total_flower
VG_Flower_029,CAT_021,flower_count__roll2_min,전체 꽃 수 roll2_min,sfkr_hbfm_grow,growth_measure_code + resolved value column,min,2 valid surveys including current; min_periods=2,개,individual,feature_date,train median after pre-freeze screening; no row deletion,1,definition_ready,,State,작물 생육,꽃 관측정보,1,frozen,CAT_020,tomato_total_flower
VG_Flower_029,CAT_021,flower_count__roll3_mean,전체 꽃 수 roll3_mean,sfkr_hbfm_grow,growth_measure_code + resolved value column,mean,3 valid surveys including current; min_periods=3,개,individual,feature_date,train median after pre-freeze screening; no row deletion,1,definition_ready,,State,작물 생육,꽃 관측정보,1,frozen,CAT_020,tomato_total_flower
VG_Flower_029,CAT_021,flower_count__roll3_std,전체 꽃 수 roll3_std,sfkr_hbfm_grow,growth_measure_code + resolved value column,std; ddof=0,3 valid surveys including current; min_periods=3,개,individual,feature_date,train median after pre-freeze screening; no row deletion,1,definition_ready,,State,작물 생육,꽃 관측정보,1,frozen,CAT_020,tomato_total_flower
VG_Flower_029,CAT_021,flower_count__roll3_min,전체 꽃 수 roll3_min,sfkr_hbfm_grow,growth_measure_code + resolved value column,min,3 valid surveys including current; min_periods=3,개,individual,feature_date,train median after pre-freeze screening; no row deletion,1,definition_ready,,State,작물 생육,꽃 관측정보,1,frozen,CAT_020,tomato_total_flower
VG_Flower_029,CAT_021,flower_count__roll3_max,전체 꽃 수 roll3_max,sfkr_hbfm_grow,growth_measure_code + resolved value column,max,3 valid surveys including current; min_periods=3,개,individual,feature_date,train median after pre-freeze screening; no row deletion,1,definition_ready,,State,작물 생육,꽃 관측정보,1,frozen,CAT_020,tomato_total_flower
VG_Flower_029,CAT_021,flower_count__roll3_slope,전체 꽃 수 roll3_slope,sfkr_hbfm_grow,growth_measure_code + resolved value column,slope; per calendar day,3 valid surveys including current; min_periods=3,개,individual,feature_date,train median after pre-freeze screening; no row deletion,1,definition_ready,,State,작물 생육,꽃 관측정보,1,frozen,CAT_020,tomato_total_flower
VG_Flower_029,CAT_021,flower_count__roll4_mean,전체 꽃 수 roll4_mean,sfkr_hbfm_grow,growth_measure_code + resolved value column,mean,4 valid surveys including current; min_periods=4,개,individual,feature_date,train median after pre-freeze screening; no row deletion,1,definition_ready,,State,작물 생육,꽃 관측정보,1,frozen,CAT_020,tomato_total_flower
VG_Flower_029,CAT_021,flower_count__roll4_std,전체 꽃 수 roll4_std,sfkr_hbfm_grow,growth_measure_code + resolved value column,std; ddof=0,4 valid surveys including current; min_periods=4,개,individual,feature_date,train median after pre-freeze screening; no row deletion,1,definition_ready,,State,작물 생육,꽃 관측정보,1,frozen,CAT_020,tomato_total_flower
VG_Flower_029,CAT_021,flower_count__roll4_min,전체 꽃 수 roll4_min,sfkr_hbfm_grow,growth_measure_code + resolved value column,min,4 valid surveys including current; min_periods=4,개,individual,feature_date,train median after pre-freeze screening; no row deletion,1,definition_ready,,State,작물 생육,꽃 관측정보,1,frozen,CAT_020,tomato_total_flower
VG_Flower_029,CAT_021,flower_count__roll4_max,전체 꽃 수 roll4_max,sfkr_hbfm_grow,growth_measure_code + resolved value column,max,4 valid surveys including current; min_periods=4,개,individual,feature_date,train median after pre-freeze screening; no row deletion,1,definition_ready,,State,작물 생육,꽃 관측정보,1,frozen,CAT_020,tomato_total_flower
VG_Flower_029,CAT_021,flower_count__roll4_slope,전체 꽃 수 roll4_slope,sfkr_hbfm_grow,growth_measure_code + resolved value column,slope; per calendar day,4 valid surveys including current; min_periods=4,개,individual,feature_date,train median after pre-freeze screening; no row deletion,1,definition_ready,,State,작물 생육,꽃 관측정보,1,frozen,CAT_020,tomato_total_flower
VG_Flower_029,CAT_033,days_since_previous,이전 조사 후 경과일,growth/crop source,measurement date/cropping_date/current count,observed history only; ISO week period=52.1775,through current,day,individual,feature_date,train median after pre-freeze screening; no row deletion,1,definition_ready,,Context,재배 맥락,시간정보,1,frozen,CAT_029,tomato_total_flower
VG_Flower_029,CAT_033,days_since_first_measurement,최초 조사 후 경과일,growth/crop source,measurement date/cropping_date/current count,observed history only; ISO week period=52.1775,through current,day,individual,feature_date,train median after pre-freeze screening; no row deletion,1,definition_ready,,Context,재배 맥락,시간정보,1,frozen,CAT_029,tomato_total_flower
VG_Flower_029,CAT_033,days_since_crop_start,작기 시작 후 경과일,growth/crop source,measurement date/cropping_date/current count,observed history only; ISO week period=52.1775,through current,day,individual,feature_date,train median after pre-freeze screening; no row deletion,1,definition_ready,,Context,재배 맥락,시간정보,1,frozen,CAT_029,tomato_total_flower
VG_Flower_029,CAT_033,week_sin,연중 주차 사인값,growth/crop source,measurement date/cropping_date/current count,observed history only; ISO week period=52.1775,through current,unitless,individual,feature_date,train median after pre-freeze screening; no row deletion,1,definition_ready,,Context,재배 맥락,시간정보,1,frozen,CAT_029,tomato_total_flower
VG_Flower_029,CAT_033,week_cos,연중 주차 코사인값,growth/crop source,measurement date/cropping_date/current count,observed history only; ISO week period=52.1775,through current,unitless,individual,feature_date,train median after pre-freeze screening; no row deletion,1,definition_ready,,Context,재배 맥락,시간정보,1,frozen,CAT_029,tomato_total_flower
VG_Flower_016,CAT_006,observed_truss_count__current,관측 화방 수 current,sfkr_hbfm_grow,growth_measure_code,current valid observation,current,개,individual,feature_date,train median after pre-freeze screening; no row deletion,1,definition_ready,,Context,작물 생육,관측범위·품질,1,frozen,CAT_005,tomato_total_flower
VG_Flower_016,CAT_006,observed_truss_count__delta,관측 화방 수 delta,sfkr_hbfm_grow,growth_measure_code,current minus previous,1 survey,개,individual,feature_date,train median after pre-freeze screening; no row deletion,1,definition_ready,,Context,작물 생육,관측범위·품질,1,frozen,CAT_005,tomato_total_flower
VG_Flower_016,CAT_006,observed_truss_count__delta_per_day,관측 화방 수 delta_per_day,sfkr_hbfm_grow,growth_measure_code,delta / positive elapsed days,1 survey,개,individual,feature_date,train median after pre-freeze screening; no row deletion,1,definition_ready,,Context,작물 생육,관측범위·품질,1,frozen,CAT_005,tomato_total_flower
VG_Flower_016,CAT_006,observed_truss_count__lag1,관측 화방 수 lag1,sfkr_hbfm_grow,growth_measure_code,lag 1,1 surveys,개,individual,feature_date,train median after pre-freeze screening; no row deletion,1,definition_ready,,Context,작물 생육,관측범위·품질,1,frozen,CAT_005,tomato_total_flower
VG_Flower_016,CAT_006,observed_truss_count__lag2,관측 화방 수 lag2,sfkr_hbfm_grow,growth_measure_code,lag 2,2 surveys,개,individual,feature_date,train median after pre-freeze screening; no row deletion,1,definition_ready,,Context,작물 생육,관측범위·품질,1,frozen,CAT_005,tomato_total_flower
VG_Flower_016,CAT_006,observed_truss_count__lag3,관측 화방 수 lag3,sfkr_hbfm_grow,growth_measure_code,lag 3,3 surveys,개,individual,feature_date,train median after pre-freeze screening; no row deletion,1,definition_ready,,Context,작물 생육,관측범위·품질,1,frozen,CAT_005,tomato_total_flower
VG_Flower_016,CAT_006,observed_truss_count__roll3_mean,관측 화방 수 roll3_mean,sfkr_hbfm_grow,growth_measure_code,mean,3 valid surveys including current; min_periods=3,개,individual,feature_date,train median after pre-freeze screening; no row deletion,1,definition_ready,,Context,작물 생육,관측범위·품질,1,frozen,CAT_005,tomato_total_flower
VG_Flower_016,CAT_006,observed_truss_count__roll3_std,관측 화방 수 roll3_std,sfkr_hbfm_grow,growth_measure_code,std; ddof=0,3 valid surveys including current; min_periods=3,개,individual,feature_date,train median after pre-freeze screening; no row deletion,1,definition_ready,,Context,작물 생육,관측범위·품질,1,frozen,CAT_005,tomato_total_flower
VG_Flower_016,CAT_006,observed_truss_count__roll3_max,관측 화방 수 roll3_max,sfkr_hbfm_grow,growth_measure_code,max,3 valid surveys including current; min_periods=3,개,individual,feature_date,train median after pre-freeze screening; no row deletion,1,definition_ready,,Context,작물 생육,관측범위·품질,1,frozen,CAT_005,tomato_total_flower
VG_Flower_016,CAT_006,observed_truss_count__roll3_slope,관측 화방 수 roll3_slope,sfkr_hbfm_grow,growth_measure_code,slope; per calendar day,3 valid surveys including current; min_periods=3,개,individual,feature_date,train median after pre-freeze screening; no row deletion,1,definition_ready,,Context,작물 생육,관측범위·품질,1,frozen,CAT_005,tomato_total_flower
VG_Flower_016,CAT_006,observed_truss_count__roll4_mean,관측 화방 수 roll4_mean,sfkr_hbfm_grow,growth_measure_code,mean,4 valid surveys including current; min_periods=4,개,individual,feature_date,train median after pre-freeze screening; no row deletion,1,definition_ready,,Context,작물 생육,관측범위·품질,1,frozen,CAT_005,tomato_total_flower
VG_Flower_016,CAT_006,observed_truss_count__roll4_std,관측 화방 수 roll4_std,sfkr_hbfm_grow,growth_measure_code,std; ddof=0,4 valid surveys including current; min_periods=4,개,individual,feature_date,train median after pre-freeze screening; no row deletion,1,definition_ready,,Context,작물 생육,관측범위·품질,1,frozen,CAT_005,tomato_total_flower
VG_Flower_016,CAT_006,observed_truss_count__roll4_max,관측 화방 수 roll4_max,sfkr_hbfm_grow,growth_measure_code,max,4 valid surveys including current; min_periods=4,개,individual,feature_date,train median after pre-freeze screening; no row deletion,1,definition_ready,,Context,작물 생육,관측범위·품질,1,frozen,CAT_005,tomato_total_flower
VG_Flower_016,CAT_006,observed_truss_count__roll4_slope,관측 화방 수 roll4_slope,sfkr_hbfm_grow,growth_measure_code,slope; per calendar day,4 valid surveys including current; min_periods=4,개,individual,feature_date,train median after pre-freeze screening; no row deletion,1,definition_ready,,Context,작물 생육,관측범위·품질,1,frozen,CAT_005,tomato_total_flower
VG_Flower_016,CAT_017,EI__CI__1d_mean,내부CO2 직전 1일 mean,sfkr_hbfm_env_con,EI/CI -> sen_val,mean,"[t-1d,t)",ppm,facility,feature_date,train median after pre-freeze screening; no row deletion,1,definition_ready,,State,실내환경,실내 CO2,1,frozen,CAT_016,tomato_total_flower
VG_Flower_016,CAT_017,EI__CI__1d_std,내부CO2 직전 1일 std,sfkr_hbfm_env_con,EI/CI -> sen_val,std; ddof=0,"[t-1d,t)",ppm,facility,feature_date,train median after pre-freeze screening; no row deletion,1,definition_ready,,State,실내환경,실내 CO2,1,frozen,CAT_016,tomato_total_flower
VG_Flower_016,CAT_017,EI__CI__1d_min,내부CO2 직전 1일 min,sfkr_hbfm_env_con,EI/CI -> sen_val,min,"[t-1d,t)",ppm,facility,feature_date,train median after pre-freeze screening; no row deletion,1,definition_ready,,State,실내환경,실내 CO2,1,frozen,CAT_016,tomato_total_flower
VG_Flower_016,CAT_017,EI__CI__1d_max,내부CO2 직전 1일 max,sfkr_hbfm_env_con,EI/CI -> sen_val,max,"[t-1d,t)",ppm,facility,feature_date,train median after pre-freeze screening; no row deletion,1,definition_ready,,State,실내환경,실내 CO2,1,frozen,CAT_016,tomato_total_flower
VG_Flower_016,CAT_017,EI__CI__3d_mean,내부CO2 직전 3일 mean,sfkr_hbfm_env_con,EI/CI -> sen_val,mean,"[t-3d,t)",ppm,facility,feature_date,train median after pre-freeze screening; no row deletion,1,definition_ready,,State,실내환경,실내 CO2,1,frozen,CAT_016,tomato_total_flower
VG_Flower_016,CAT_017,EI__CI__3d_std,내부CO2 직전 3일 std,sfkr_hbfm_env_con,EI/CI -> sen_val,std; ddof=0,"[t-3d,t)",ppm,facility,feature_date,train median after pre-freeze screening; no row deletion,1,definition_ready,,State,실내환경,실내 CO2,1,frozen,CAT_016,tomato_total_flower
VG_Flower_016,CAT_017,EI__CI__3d_min,내부CO2 직전 3일 min,sfkr_hbfm_env_con,EI/CI -> sen_val,min,"[t-3d,t)",ppm,facility,feature_date,train median after pre-freeze screening; no row deletion,1,definition_ready,,State,실내환경,실내 CO2,1,frozen,CAT_016,tomato_total_flower
VG_Flower_016,CAT_017,EI__CI__3d_max,내부CO2 직전 3일 max,sfkr_hbfm_env_con,EI/CI -> sen_val,max,"[t-3d,t)",ppm,facility,feature_date,train median after pre-freeze screening; no row deletion,1,definition_ready,,State,실내환경,실내 CO2,1,frozen,CAT_016,tomato_total_flower
VG_Flower_016,CAT_017,EI__CI__7d_mean,내부CO2 직전 7일 mean,sfkr_hbfm_env_con,EI/CI -> sen_val,mean,"[t-7d,t)",ppm,facility,feature_date,train median after pre-freeze screening; no row deletion,1,definition_ready,,State,실내환경,실내 CO2,1,frozen,CAT_016,tomato_total_flower
VG_Flower_016,CAT_017,EI__CI__7d_std,내부CO2 직전 7일 std,sfkr_hbfm_env_con,EI/CI -> sen_val,std; ddof=0,"[t-7d,t)",ppm,facility,feature_date,train median after pre-freeze screening; no row deletion,1,definition_ready,,State,실내환경,실내 CO2,1,frozen,CAT_016,tomato_total_flower
VG_Flower_016,CAT_017,EI__CI__7d_min,내부CO2 직전 7일 min,sfkr_hbfm_env_con,EI/CI -> sen_val,min,"[t-7d,t)",ppm,facility,feature_date,train median after pre-freeze screening; no row deletion,1,definition_ready,,State,실내환경,실내 CO2,1,frozen,CAT_016,tomato_total_flower
VG_Flower_016,CAT_017,EI__CI__7d_max,내부CO2 직전 7일 max,sfkr_hbfm_env_con,EI/CI -> sen_val,max,"[t-7d,t)",ppm,facility,feature_date,train median after pre-freeze screening; no row deletion,1,definition_ready,,State,실내환경,실내 CO2,1,frozen,CAT_016,tomato_total_flower
VG_Flower_016,CAT_021,flower_count__current,전체 꽃 수 current,sfkr_hbfm_grow,growth_measure_code + resolved value column,current valid observation,current,개,individual,feature_date,train median after pre-freeze screening; no row deletion,1,definition_ready,,State,작물 생육,꽃 관측정보,1,frozen,CAT_020,tomato_total_flower
VG_Flower_016,CAT_021,flower_count__delta,전체 꽃 수 delta,sfkr_hbfm_grow,growth_measure_code + resolved value column,current minus previous,1 survey,개,individual,feature_date,train median after pre-freeze screening; no row deletion,1,definition_ready,,State,작물 생육,꽃 관측정보,1,frozen,CAT_020,tomato_total_flower
VG_Flower_016,CAT_021,flower_count__delta_per_day,전체 꽃 수 delta_per_day,sfkr_hbfm_grow,growth_measure_code + resolved value column,delta / positive elapsed days,1 survey,개,individual,feature_date,train median after pre-freeze screening; no row deletion,1,definition_ready,,State,작물 생육,꽃 관측정보,1,frozen,CAT_020,tomato_total_flower
VG_Flower_016,CAT_021,flower_count__lag1,전체 꽃 수 lag1,sfkr_hbfm_grow,growth_measure_code + resolved value column,lag 1,1 surveys,개,individual,feature_date,train median after pre-freeze screening; no row deletion,1,definition_ready,,State,작물 생육,꽃 관측정보,1,frozen,CAT_020,tomato_total_flower
VG_Flower_016,CAT_021,flower_count__lag2,전체 꽃 수 lag2,sfkr_hbfm_grow,growth_measure_code + resolved value column,lag 2,2 surveys,개,individual,feature_date,train median after pre-freeze screening; no row deletion,1,definition_ready,,State,작물 생육,꽃 관측정보,1,frozen,CAT_020,tomato_total_flower
VG_Flower_016,CAT_021,flower_count__lag3,전체 꽃 수 lag3,sfkr_hbfm_grow,growth_measure_code + resolved value column,lag 3,3 surveys,개,individual,feature_date,train median after pre-freeze screening; no row deletion,1,definition_ready,,State,작물 생육,꽃 관측정보,1,frozen,CAT_020,tomato_total_flower
VG_Flower_016,CAT_021,flower_count__roll2_std,전체 꽃 수 roll2_std,sfkr_hbfm_grow,growth_measure_code + resolved value column,std; ddof=0,2 valid surveys including current; min_periods=2,개,individual,feature_date,train median after pre-freeze screening; no row deletion,1,definition_ready,,State,작물 생육,꽃 관측정보,1,frozen,CAT_020,tomato_total_flower
VG_Flower_016,CAT_021,flower_count__roll2_min,전체 꽃 수 roll2_min,sfkr_hbfm_grow,growth_measure_code + resolved value column,min,2 valid surveys including current; min_periods=2,개,individual,feature_date,train median after pre-freeze screening; no row deletion,1,definition_ready,,State,작물 생육,꽃 관측정보,1,frozen,CAT_020,tomato_total_flower
VG_Flower_016,CAT_021,flower_count__roll3_mean,전체 꽃 수 roll3_mean,sfkr_hbfm_grow,growth_measure_code + resolved value column,mean,3 valid surveys including current; min_periods=3,개,individual,feature_date,train median after pre-freeze screening; no row deletion,1,definition_ready,,State,작물 생육,꽃 관측정보,1,frozen,CAT_020,tomato_total_flower
VG_Flower_016,CAT_021,flower_count__roll3_std,전체 꽃 수 roll3_std,sfkr_hbfm_grow,growth_measure_code + resolved value column,std; ddof=0,3 valid surveys including current; min_periods=3,개,individual,feature_date,train median after pre-freeze screening; no row deletion,1,definition_ready,,State,작물 생육,꽃 관측정보,1,frozen,CAT_020,tomato_total_flower
VG_Flower_016,CAT_021,flower_count__roll3_min,전체 꽃 수 roll3_min,sfkr_hbfm_grow,growth_measure_code + resolved value column,min,3 valid surveys including current; min_periods=3,개,individual,feature_date,train median after pre-freeze screening; no row deletion,1,definition_ready,,State,작물 생육,꽃 관측정보,1,frozen,CAT_020,tomato_total_flower
VG_Flower_016,CAT_021,flower_count__roll3_max,전체 꽃 수 roll3_max,sfkr_hbfm_grow,growth_measure_code + resolved value column,max,3 valid surveys including current; min_periods=3,개,individual,feature_date,train median after pre-freeze screening; no row deletion,1,definition_ready,,State,작물 생육,꽃 관측정보,1,frozen,CAT_020,tomato_total_flower
VG_Flower_016,CAT_021,flower_count__roll3_slope,전체 꽃 수 roll3_slope,sfkr_hbfm_grow,growth_measure_code + resolved value column,slope; per calendar day,3 valid surveys including current; min_periods=3,개,individual,feature_date,train median after pre-freeze screening; no row deletion,1,definition_ready,,State,작물 생육,꽃 관측정보,1,frozen,CAT_020,tomato_total_flower
VG_Flower_016,CAT_021,flower_count__roll4_mean,전체 꽃 수 roll4_mean,sfkr_hbfm_grow,growth_measure_code + resolved value column,mean,4 valid surveys including current; min_periods=4,개,individual,feature_date,train median after pre-freeze screening; no row deletion,1,definition_ready,,State,작물 생육,꽃 관측정보,1,frozen,CAT_020,tomato_total_flower
VG_Flower_016,CAT_021,flower_count__roll4_std,전체 꽃 수 roll4_std,sfkr_hbfm_grow,growth_measure_code + resolved value column,std; ddof=0,4 valid surveys including current; min_periods=4,개,individual,feature_date,train median after pre-freeze screening; no row deletion,1,definition_ready,,State,작물 생육,꽃 관측정보,1,frozen,CAT_020,tomato_total_flower
VG_Flower_016,CAT_021,flower_count__roll4_min,전체 꽃 수 roll4_min,sfkr_hbfm_grow,growth_measure_code + resolved value column,min,4 valid surveys including current; min_periods=4,개,individual,feature_date,train median after pre-freeze screening; no row deletion,1,definition_ready,,State,작물 생육,꽃 관측정보,1,frozen,CAT_020,tomato_total_flower
VG_Flower_016,CAT_021,flower_count__roll4_max,전체 꽃 수 roll4_max,sfkr_hbfm_grow,growth_measure_code + resolved value column,max,4 valid surveys including current; min_periods=4,개,individual,feature_date,train median after pre-freeze screening; no row deletion,1,definition_ready,,State,작물 생육,꽃 관측정보,1,frozen,CAT_020,tomato_total_flower
VG_Flower_016,CAT_021,flower_count__roll4_slope,전체 꽃 수 roll4_slope,sfkr_hbfm_grow,growth_measure_code + resolved value column,slope; per calendar day,4 valid surveys including current; min_periods=4,개,individual,feature_date,train median after pre-freeze screening; no row deletion,1,definition_ready,,State,작물 생육,꽃 관측정보,1,frozen,CAT_020,tomato_total_flower
VG_Flower_016,CAT_041,history_count,누적 조사 횟수,growth/crop source,measurement date/cropping_date/current count,observed history only; ISO week period=52.1775,through current,count,individual,feature_date,train median after pre-freeze screening; no row deletion,1,definition_ready,,Context,재배 맥락,조사이력,1,frozen,CAT_037,tomato_total_flower
VG_Flower_019,CAT_021,flower_count__current,전체 꽃 수 current,sfkr_hbfm_grow,growth_measure_code + resolved value column,current valid observation,current,개,individual,feature_date,train median after pre-freeze screening; no row deletion,1,definition_ready,,State,작물 생육,꽃 관측정보,1,frozen,CAT_020,tomato_total_flower
VG_Flower_019,CAT_021,flower_count__delta,전체 꽃 수 delta,sfkr_hbfm_grow,growth_measure_code + resolved value column,current minus previous,1 survey,개,individual,feature_date,train median after pre-freeze screening; no row deletion,1,definition_ready,,State,작물 생육,꽃 관측정보,1,frozen,CAT_020,tomato_total_flower
VG_Flower_019,CAT_021,flower_count__delta_per_day,전체 꽃 수 delta_per_day,sfkr_hbfm_grow,growth_measure_code + resolved value column,delta / positive elapsed days,1 survey,개,individual,feature_date,train median after pre-freeze screening; no row deletion,1,definition_ready,,State,작물 생육,꽃 관측정보,1,frozen,CAT_020,tomato_total_flower
VG_Flower_019,CAT_021,flower_count__lag1,전체 꽃 수 lag1,sfkr_hbfm_grow,growth_measure_code + resolved value column,lag 1,1 surveys,개,individual,feature_date,train median after pre-freeze screening; no row deletion,1,definition_ready,,State,작물 생육,꽃 관측정보,1,frozen,CAT_020,tomato_total_flower
VG_Flower_019,CAT_021,flower_count__lag2,전체 꽃 수 lag2,sfkr_hbfm_grow,growth_measure_code + resolved value column,lag 2,2 surveys,개,individual,feature_date,train median after pre-freeze screening; no row deletion,1,definition_ready,,State,작물 생육,꽃 관측정보,1,frozen,CAT_020,tomato_total_flower
VG_Flower_019,CAT_021,flower_count__lag3,전체 꽃 수 lag3,sfkr_hbfm_grow,growth_measure_code + resolved value column,lag 3,3 surveys,개,individual,feature_date,train median after pre-freeze screening; no row deletion,1,definition_ready,,State,작물 생육,꽃 관측정보,1,frozen,CAT_020,tomato_total_flower
VG_Flower_019,CAT_021,flower_count__roll2_std,전체 꽃 수 roll2_std,sfkr_hbfm_grow,growth_measure_code + resolved value column,std; ddof=0,2 valid surveys including current; min_periods=2,개,individual,feature_date,train median after pre-freeze screening; no row deletion,1,definition_ready,,State,작물 생육,꽃 관측정보,1,frozen,CAT_020,tomato_total_flower
VG_Flower_019,CAT_021,flower_count__roll2_min,전체 꽃 수 roll2_min,sfkr_hbfm_grow,growth_measure_code + resolved value column,min,2 valid surveys including current; min_periods=2,개,individual,feature_date,train median after pre-freeze screening; no row deletion,1,definition_ready,,State,작물 생육,꽃 관측정보,1,frozen,CAT_020,tomato_total_flower
VG_Flower_019,CAT_021,flower_count__roll3_mean,전체 꽃 수 roll3_mean,sfkr_hbfm_grow,growth_measure_code + resolved value column,mean,3 valid surveys including current; min_periods=3,개,individual,feature_date,train median after pre-freeze screening; no row deletion,1,definition_ready,,State,작물 생육,꽃 관측정보,1,frozen,CAT_020,tomato_total_flower
VG_Flower_019,CAT_021,flower_count__roll3_std,전체 꽃 수 roll3_std,sfkr_hbfm_grow,growth_measure_code + resolved value column,std; ddof=0,3 valid surveys including current; min_periods=3,개,individual,feature_date,train median after pre-freeze screening; no row deletion,1,definition_ready,,State,작물 생육,꽃 관측정보,1,frozen,CAT_020,tomato_total_flower
VG_Flower_019,CAT_021,flower_count__roll3_min,전체 꽃 수 roll3_min,sfkr_hbfm_grow,growth_measure_code + resolved value column,min,3 valid surveys including current; min_periods=3,개,individual,feature_date,train median after pre-freeze screening; no row deletion,1,definition_ready,,State,작물 생육,꽃 관측정보,1,frozen,CAT_020,tomato_total_flower
VG_Flower_019,CAT_021,flower_count__roll3_max,전체 꽃 수 roll3_max,sfkr_hbfm_grow,growth_measure_code + resolved value column,max,3 valid surveys including current; min_periods=3,개,individual,feature_date,train median after pre-freeze screening; no row deletion,1,definition_ready,,State,작물 생육,꽃 관측정보,1,frozen,CAT_020,tomato_total_flower
VG_Flower_019,CAT_021,flower_count__roll3_slope,전체 꽃 수 roll3_slope,sfkr_hbfm_grow,growth_measure_code + resolved value column,slope; per calendar day,3 valid surveys including current; min_periods=3,개,individual,feature_date,train median after pre-freeze screening; no row deletion,1,definition_ready,,State,작물 생육,꽃 관측정보,1,frozen,CAT_020,tomato_total_flower
VG_Flower_019,CAT_021,flower_count__roll4_mean,전체 꽃 수 roll4_mean,sfkr_hbfm_grow,growth_measure_code + resolved value column,mean,4 valid surveys including current; min_periods=4,개,individual,feature_date,train median after pre-freeze screening; no row deletion,1,definition_ready,,State,작물 생육,꽃 관측정보,1,frozen,CAT_020,tomato_total_flower
VG_Flower_019,CAT_021,flower_count__roll4_std,전체 꽃 수 roll4_std,sfkr_hbfm_grow,growth_measure_code + resolved value column,std; ddof=0,4 valid surveys including current; min_periods=4,개,individual,feature_date,train median after pre-freeze screening; no row deletion,1,definition_ready,,State,작물 생육,꽃 관측정보,1,frozen,CAT_020,tomato_total_flower
VG_Flower_019,CAT_021,flower_count__roll4_min,전체 꽃 수 roll4_min,sfkr_hbfm_grow,growth_measure_code + resolved value column,min,4 valid surveys including current; min_periods=4,개,individual,feature_date,train median after pre-freeze screening; no row deletion,1,definition_ready,,State,작물 생육,꽃 관측정보,1,frozen,CAT_020,tomato_total_flower
VG_Flower_019,CAT_021,flower_count__roll4_max,전체 꽃 수 roll4_max,sfkr_hbfm_grow,growth_measure_code + resolved value column,max,4 valid surveys including current; min_periods=4,개,individual,feature_date,train median after pre-freeze screening; no row deletion,1,definition_ready,,State,작물 생육,꽃 관측정보,1,frozen,CAT_020,tomato_total_flower
VG_Flower_019,CAT_021,flower_count__roll4_slope,전체 꽃 수 roll4_slope,sfkr_hbfm_grow,growth_measure_code + resolved value column,slope; per calendar day,4 valid surveys including current; min_periods=4,개,individual,feature_date,train median after pre-freeze screening; no row deletion,1,definition_ready,,State,작물 생육,꽃 관측정보,1,frozen,CAT_020,tomato_total_flower
VG_Flower_019,CAT_041,history_count,누적 조사 횟수,growth/crop source,measurement date/cropping_date/current count,observed history only; ISO week period=52.1775,through current,count,individual,feature_date,train median after pre-freeze screening; no row deletion,1,definition_ready,,Context,재배 맥락,조사이력,1,frozen,CAT_037,tomato_total_flower
VG_Flower_024,CAT_021,flower_count__current,전체 꽃 수 current,sfkr_hbfm_grow,growth_measure_code + resolved value column,current valid observation,current,개,individual,feature_date,train median after pre-freeze screening; no row deletion,1,definition_ready,,State,작물 생육,꽃 관측정보,1,frozen,CAT_020,tomato_total_flower
VG_Flower_024,CAT_021,flower_count__delta,전체 꽃 수 delta,sfkr_hbfm_grow,growth_measure_code + resolved value column,current minus previous,1 survey,개,individual,feature_date,train median after pre-freeze screening; no row deletion,1,definition_ready,,State,작물 생육,꽃 관측정보,1,frozen,CAT_020,tomato_total_flower
VG_Flower_024,CAT_021,flower_count__delta_per_day,전체 꽃 수 delta_per_day,sfkr_hbfm_grow,growth_measure_code + resolved value column,delta / positive elapsed days,1 survey,개,individual,feature_date,train median after pre-freeze screening; no row deletion,1,definition_ready,,State,작물 생육,꽃 관측정보,1,frozen,CAT_020,tomato_total_flower
VG_Flower_024,CAT_021,flower_count__lag1,전체 꽃 수 lag1,sfkr_hbfm_grow,growth_measure_code + resolved value column,lag 1,1 surveys,개,individual,feature_date,train median after pre-freeze screening; no row deletion,1,definition_ready,,State,작물 생육,꽃 관측정보,1,frozen,CAT_020,tomato_total_flower
VG_Flower_024,CAT_021,flower_count__lag2,전체 꽃 수 lag2,sfkr_hbfm_grow,growth_measure_code + resolved value column,lag 2,2 surveys,개,individual,feature_date,train median after pre-freeze screening; no row deletion,1,definition_ready,,State,작물 생육,꽃 관측정보,1,frozen,CAT_020,tomato_total_flower
VG_Flower_024,CAT_021,flower_count__lag3,전체 꽃 수 lag3,sfkr_hbfm_grow,growth_measure_code + resolved value column,lag 3,3 surveys,개,individual,feature_date,train median after pre-freeze screening; no row deletion,1,definition_ready,,State,작물 생육,꽃 관측정보,1,frozen,CAT_020,tomato_total_flower
VG_Flower_024,CAT_021,flower_count__roll2_std,전체 꽃 수 roll2_std,sfkr_hbfm_grow,growth_measure_code + resolved value column,std; ddof=0,2 valid surveys including current; min_periods=2,개,individual,feature_date,train median after pre-freeze screening; no row deletion,1,definition_ready,,State,작물 생육,꽃 관측정보,1,frozen,CAT_020,tomato_total_flower
VG_Flower_024,CAT_021,flower_count__roll2_min,전체 꽃 수 roll2_min,sfkr_hbfm_grow,growth_measure_code + resolved value column,min,2 valid surveys including current; min_periods=2,개,individual,feature_date,train median after pre-freeze screening; no row deletion,1,definition_ready,,State,작물 생육,꽃 관측정보,1,frozen,CAT_020,tomato_total_flower
VG_Flower_024,CAT_021,flower_count__roll3_mean,전체 꽃 수 roll3_mean,sfkr_hbfm_grow,growth_measure_code + resolved value column,mean,3 valid surveys including current; min_periods=3,개,individual,feature_date,train median after pre-freeze screening; no row deletion,1,definition_ready,,State,작물 생육,꽃 관측정보,1,frozen,CAT_020,tomato_total_flower
VG_Flower_024,CAT_021,flower_count__roll3_std,전체 꽃 수 roll3_std,sfkr_hbfm_grow,growth_measure_code + resolved value column,std; ddof=0,3 valid surveys including current; min_periods=3,개,individual,feature_date,train median after pre-freeze screening; no row deletion,1,definition_ready,,State,작물 생육,꽃 관측정보,1,frozen,CAT_020,tomato_total_flower
VG_Flower_024,CAT_021,flower_count__roll3_min,전체 꽃 수 roll3_min,sfkr_hbfm_grow,growth_measure_code + resolved value column,min,3 valid surveys including current; min_periods=3,개,individual,feature_date,train median after pre-freeze screening; no row deletion,1,definition_ready,,State,작물 생육,꽃 관측정보,1,frozen,CAT_020,tomato_total_flower
VG_Flower_024,CAT_021,flower_count__roll3_max,전체 꽃 수 roll3_max,sfkr_hbfm_grow,growth_measure_code + resolved value column,max,3 valid surveys including current; min_periods=3,개,individual,feature_date,train median after pre-freeze screening; no row deletion,1,definition_ready,,State,작물 생육,꽃 관측정보,1,frozen,CAT_020,tomato_total_flower
VG_Flower_024,CAT_021,flower_count__roll3_slope,전체 꽃 수 roll3_slope,sfkr_hbfm_grow,growth_measure_code + resolved value column,slope; per calendar day,3 valid surveys including current; min_periods=3,개,individual,feature_date,train median after pre-freeze screening; no row deletion,1,definition_ready,,State,작물 생육,꽃 관측정보,1,frozen,CAT_020,tomato_total_flower
VG_Flower_024,CAT_021,flower_count__roll4_mean,전체 꽃 수 roll4_mean,sfkr_hbfm_grow,growth_measure_code + resolved value column,mean,4 valid surveys including current; min_periods=4,개,individual,feature_date,train median after pre-freeze screening; no row deletion,1,definition_ready,,State,작물 생육,꽃 관측정보,1,frozen,CAT_020,tomato_total_flower
VG_Flower_024,CAT_021,flower_count__roll4_std,전체 꽃 수 roll4_std,sfkr_hbfm_grow,growth_measure_code + resolved value column,std; ddof=0,4 valid surveys including current; min_periods=4,개,individual,feature_date,train median after pre-freeze screening; no row deletion,1,definition_ready,,State,작물 생육,꽃 관측정보,1,frozen,CAT_020,tomato_total_flower
VG_Flower_024,CAT_021,flower_count__roll4_min,전체 꽃 수 roll4_min,sfkr_hbfm_grow,growth_measure_code + resolved value column,min,4 valid surveys including current; min_periods=4,개,individual,feature_date,train median after pre-freeze screening; no row deletion,1,definition_ready,,State,작물 생육,꽃 관측정보,1,frozen,CAT_020,tomato_total_flower
VG_Flower_024,CAT_021,flower_count__roll4_max,전체 꽃 수 roll4_max,sfkr_hbfm_grow,growth_measure_code + resolved value column,max,4 valid surveys including current; min_periods=4,개,individual,feature_date,train median after pre-freeze screening; no row deletion,1,definition_ready,,State,작물 생육,꽃 관측정보,1,frozen,CAT_020,tomato_total_flower
VG_Flower_024,CAT_021,flower_count__roll4_slope,전체 꽃 수 roll4_slope,sfkr_hbfm_grow,growth_measure_code + resolved value column,slope; per calendar day,4 valid surveys including current; min_periods=4,개,individual,feature_date,train median after pre-freeze screening; no row deletion,1,definition_ready,,State,작물 생육,꽃 관측정보,1,frozen,CAT_020,tomato_total_flower
VG_Flower_024,CAT_033,days_since_previous,이전 조사 후 경과일,growth/crop source,measurement date/cropping_date/current count,observed history only; ISO week period=52.1775,through current,day,individual,feature_date,train median after pre-freeze screening; no row deletion,1,definition_ready,,Context,재배 맥락,시간정보,1,frozen,CAT_029,tomato_total_flower
VG_Flower_024,CAT_033,days_since_first_measurement,최초 조사 후 경과일,growth/crop source,measurement date/cropping_date/current count,observed history only; ISO week period=52.1775,through current,day,individual,feature_date,train median after pre-freeze screening; no row deletion,1,definition_ready,,Context,재배 맥락,시간정보,1,frozen,CAT_029,tomato_total_flower
VG_Flower_024,CAT_033,days_since_crop_start,작기 시작 후 경과일,growth/crop source,measurement date/cropping_date/current count,observed history only; ISO week period=52.1775,through current,day,individual,feature_date,train median after pre-freeze screening; no row deletion,1,definition_ready,,Context,재배 맥락,시간정보,1,frozen,CAT_029,tomato_total_flower
VG_Flower_024,CAT_033,week_sin,연중 주차 사인값,growth/crop source,measurement date/cropping_date/current count,observed history only; ISO week period=52.1775,through current,unitless,individual,feature_date,train median after pre-freeze screening; no row deletion,1,definition_ready,,Context,재배 맥락,시간정보,1,frozen,CAT_029,tomato_total_flower
VG_Flower_024,CAT_033,week_cos,연중 주차 코사인값,growth/crop source,measurement date/cropping_date/current count,observed history only; ISO week period=52.1775,through current,unitless,individual,feature_date,train median after pre-freeze screening; no row deletion,1,definition_ready,,Context,재배 맥락,시간정보,1,frozen,CAT_029,tomato_total_flower
VG_Flower_024,CAT_041,history_count,누적 조사 횟수,growth/crop source,measurement date/cropping_date/current count,observed history only; ISO week period=52.1775,through current,count,individual,feature_date,train median after pre-freeze screening; no row deletion,1,definition_ready,,Context,재배 맥락,조사이력,1,frozen,CAT_037,tomato_total_flower
VG_Flower_011,CAT_006,observed_truss_count__current,관측 화방 수 current,sfkr_hbfm_grow,growth_measure_code,current valid observation,current,개,individual,feature_date,train median after pre-freeze screening; no row deletion,1,definition_ready,,Context,작물 생육,관측범위·품질,1,frozen,CAT_005,tomato_total_flower
VG_Flower_011,CAT_006,observed_truss_count__delta,관측 화방 수 delta,sfkr_hbfm_grow,growth_measure_code,current minus previous,1 survey,개,individual,feature_date,train median after pre-freeze screening; no row deletion,1,definition_ready,,Context,작물 생육,관측범위·품질,1,frozen,CAT_005,tomato_total_flower
VG_Flower_011,CAT_006,observed_truss_count__delta_per_day,관측 화방 수 delta_per_day,sfkr_hbfm_grow,growth_measure_code,delta / positive elapsed days,1 survey,개,individual,feature_date,train median after pre-freeze screening; no row deletion,1,definition_ready,,Context,작물 생육,관측범위·품질,1,frozen,CAT_005,tomato_total_flower
VG_Flower_011,CAT_006,observed_truss_count__lag1,관측 화방 수 lag1,sfkr_hbfm_grow,growth_measure_code,lag 1,1 surveys,개,individual,feature_date,train median after pre-freeze screening; no row deletion,1,definition_ready,,Context,작물 생육,관측범위·품질,1,frozen,CAT_005,tomato_total_flower
VG_Flower_011,CAT_006,observed_truss_count__lag2,관측 화방 수 lag2,sfkr_hbfm_grow,growth_measure_code,lag 2,2 surveys,개,individual,feature_date,train median after pre-freeze screening; no row deletion,1,definition_ready,,Context,작물 생육,관측범위·품질,1,frozen,CAT_005,tomato_total_flower
VG_Flower_011,CAT_006,observed_truss_count__lag3,관측 화방 수 lag3,sfkr_hbfm_grow,growth_measure_code,lag 3,3 surveys,개,individual,feature_date,train median after pre-freeze screening; no row deletion,1,definition_ready,,Context,작물 생육,관측범위·품질,1,frozen,CAT_005,tomato_total_flower
VG_Flower_011,CAT_006,observed_truss_count__roll3_mean,관측 화방 수 roll3_mean,sfkr_hbfm_grow,growth_measure_code,mean,3 valid surveys including current; min_periods=3,개,individual,feature_date,train median after pre-freeze screening; no row deletion,1,definition_ready,,Context,작물 생육,관측범위·품질,1,frozen,CAT_005,tomato_total_flower
VG_Flower_011,CAT_006,observed_truss_count__roll3_std,관측 화방 수 roll3_std,sfkr_hbfm_grow,growth_measure_code,std; ddof=0,3 valid surveys including current; min_periods=3,개,individual,feature_date,train median after pre-freeze screening; no row deletion,1,definition_ready,,Context,작물 생육,관측범위·품질,1,frozen,CAT_005,tomato_total_flower
VG_Flower_011,CAT_006,observed_truss_count__roll3_max,관측 화방 수 roll3_max,sfkr_hbfm_grow,growth_measure_code,max,3 valid surveys including current; min_periods=3,개,individual,feature_date,train median after pre-freeze screening; no row deletion,1,definition_ready,,Context,작물 생육,관측범위·품질,1,frozen,CAT_005,tomato_total_flower
VG_Flower_011,CAT_006,observed_truss_count__roll3_slope,관측 화방 수 roll3_slope,sfkr_hbfm_grow,growth_measure_code,slope; per calendar day,3 valid surveys including current; min_periods=3,개,individual,feature_date,train median after pre-freeze screening; no row deletion,1,definition_ready,,Context,작물 생육,관측범위·품질,1,frozen,CAT_005,tomato_total_flower
VG_Flower_011,CAT_006,observed_truss_count__roll4_mean,관측 화방 수 roll4_mean,sfkr_hbfm_grow,growth_measure_code,mean,4 valid surveys including current; min_periods=4,개,individual,feature_date,train median after pre-freeze screening; no row deletion,1,definition_ready,,Context,작물 생육,관측범위·품질,1,frozen,CAT_005,tomato_total_flower
VG_Flower_011,CAT_006,observed_truss_count__roll4_std,관측 화방 수 roll4_std,sfkr_hbfm_grow,growth_measure_code,std; ddof=0,4 valid surveys including current; min_periods=4,개,individual,feature_date,train median after pre-freeze screening; no row deletion,1,definition_ready,,Context,작물 생육,관측범위·품질,1,frozen,CAT_005,tomato_total_flower
VG_Flower_011,CAT_006,observed_truss_count__roll4_max,관측 화방 수 roll4_max,sfkr_hbfm_grow,growth_measure_code,max,4 valid surveys including current; min_periods=4,개,individual,feature_date,train median after pre-freeze screening; no row deletion,1,definition_ready,,Context,작물 생육,관측범위·품질,1,frozen,CAT_005,tomato_total_flower
VG_Flower_011,CAT_006,observed_truss_count__roll4_slope,관측 화방 수 roll4_slope,sfkr_hbfm_grow,growth_measure_code,slope; per calendar day,4 valid surveys including current; min_periods=4,개,individual,feature_date,train median after pre-freeze screening; no row deletion,1,definition_ready,,Context,작물 생육,관측범위·품질,1,frozen,CAT_005,tomato_total_flower
VG_Flower_006,CAT_041,history_count,누적 조사 횟수,growth/crop source,measurement date/cropping_date/current count,observed history only; ISO week period=52.1775,through current,count,individual,feature_date,train median after pre-freeze screening; no row deletion,1,definition_ready,,Context,재배 맥락,조사이력,1,frozen,CAT_037,tomato_total_flower
VG_Flower_021,CAT_017,EI__CI__1d_mean,내부CO2 직전 1일 mean,sfkr_hbfm_env_con,EI/CI -> sen_val,mean,"[t-1d,t)",ppm,facility,feature_date,train median after pre-freeze screening; no row deletion,1,definition_ready,,State,실내환경,실내 CO2,1,frozen,CAT_016,tomato_total_flower
VG_Flower_021,CAT_017,EI__CI__1d_std,내부CO2 직전 1일 std,sfkr_hbfm_env_con,EI/CI -> sen_val,std; ddof=0,"[t-1d,t)",ppm,facility,feature_date,train median after pre-freeze screening; no row deletion,1,definition_ready,,State,실내환경,실내 CO2,1,frozen,CAT_016,tomato_total_flower
VG_Flower_021,CAT_017,EI__CI__1d_min,내부CO2 직전 1일 min,sfkr_hbfm_env_con,EI/CI -> sen_val,min,"[t-1d,t)",ppm,facility,feature_date,train median after pre-freeze screening; no row deletion,1,definition_ready,,State,실내환경,실내 CO2,1,frozen,CAT_016,tomato_total_flower
VG_Flower_021,CAT_017,EI__CI__1d_max,내부CO2 직전 1일 max,sfkr_hbfm_env_con,EI/CI -> sen_val,max,"[t-1d,t)",ppm,facility,feature_date,train median after pre-freeze screening; no row deletion,1,definition_ready,,State,실내환경,실내 CO2,1,frozen,CAT_016,tomato_total_flower
VG_Flower_021,CAT_017,EI__CI__3d_mean,내부CO2 직전 3일 mean,sfkr_hbfm_env_con,EI/CI -> sen_val,mean,"[t-3d,t)",ppm,facility,feature_date,train median after pre-freeze screening; no row deletion,1,definition_ready,,State,실내환경,실내 CO2,1,frozen,CAT_016,tomato_total_flower
VG_Flower_021,CAT_017,EI__CI__3d_std,내부CO2 직전 3일 std,sfkr_hbfm_env_con,EI/CI -> sen_val,std; ddof=0,"[t-3d,t)",ppm,facility,feature_date,train median after pre-freeze screening; no row deletion,1,definition_ready,,State,실내환경,실내 CO2,1,frozen,CAT_016,tomato_total_flower
VG_Flower_021,CAT_017,EI__CI__3d_min,내부CO2 직전 3일 min,sfkr_hbfm_env_con,EI/CI -> sen_val,min,"[t-3d,t)",ppm,facility,feature_date,train median after pre-freeze screening; no row deletion,1,definition_ready,,State,실내환경,실내 CO2,1,frozen,CAT_016,tomato_total_flower
VG_Flower_021,CAT_017,EI__CI__3d_max,내부CO2 직전 3일 max,sfkr_hbfm_env_con,EI/CI -> sen_val,max,"[t-3d,t)",ppm,facility,feature_date,train median after pre-freeze screening; no row deletion,1,definition_ready,,State,실내환경,실내 CO2,1,frozen,CAT_016,tomato_total_flower
VG_Flower_021,CAT_017,EI__CI__7d_mean,내부CO2 직전 7일 mean,sfkr_hbfm_env_con,EI/CI -> sen_val,mean,"[t-7d,t)",ppm,facility,feature_date,train median after pre-freeze screening; no row deletion,1,definition_ready,,State,실내환경,실내 CO2,1,frozen,CAT_016,tomato_total_flower
VG_Flower_021,CAT_017,EI__CI__7d_std,내부CO2 직전 7일 std,sfkr_hbfm_env_con,EI/CI -> sen_val,std; ddof=0,"[t-7d,t)",ppm,facility,feature_date,train median after pre-freeze screening; no row deletion,1,definition_ready,,State,실내환경,실내 CO2,1,frozen,CAT_016,tomato_total_flower
VG_Flower_021,CAT_017,EI__CI__7d_min,내부CO2 직전 7일 min,sfkr_hbfm_env_con,EI/CI -> sen_val,min,"[t-7d,t)",ppm,facility,feature_date,train median after pre-freeze screening; no row deletion,1,definition_ready,,State,실내환경,실내 CO2,1,frozen,CAT_016,tomato_total_flower
VG_Flower_021,CAT_017,EI__CI__7d_max,내부CO2 직전 7일 max,sfkr_hbfm_env_con,EI/CI -> sen_val,max,"[t-7d,t)",ppm,facility,feature_date,train median after pre-freeze screening; no row deletion,1,definition_ready,,State,실내환경,실내 CO2,1,frozen,CAT_016,tomato_total_flower
VG_Flower_025,CAT_003,current_max_truss_number__current,최대 관측 화방번호 current,sfkr_hbfm_grow,growth_measure_code,current valid observation,current,번호,individual,feature_date,train median after pre-freeze screening; no row deletion,1,definition_ready,,State,작물 생육,화방 관측정보,1,frozen,CAT_002,tomato_total_flower
VG_Flower_025,CAT_003,current_max_truss_number__delta,최대 관측 화방번호 delta,sfkr_hbfm_grow,growth_measure_code,current minus previous,1 survey,번호,individual,feature_date,train median after pre-freeze screening; no row deletion,1,definition_ready,,State,작물 생육,화방 관측정보,1,frozen,CAT_002,tomato_total_flower
VG_Flower_025,CAT_003,current_max_truss_number__delta_per_day,최대 관측 화방번호 delta_per_day,sfkr_hbfm_grow,growth_measure_code,delta / positive elapsed days,1 survey,번호,individual,feature_date,train median after pre-freeze screening; no row deletion,1,definition_ready,,State,작물 생육,화방 관측정보,1,frozen,CAT_002,tomato_total_flower
VG_Flower_025,CAT_003,current_max_truss_number__lag1,최대 관측 화방번호 lag1,sfkr_hbfm_grow,growth_measure_code,lag 1,1 surveys,번호,individual,feature_date,train median after pre-freeze screening; no row deletion,1,definition_ready,,State,작물 생육,화방 관측정보,1,frozen,CAT_002,tomato_total_flower
VG_Flower_025,CAT_003,current_max_truss_number__lag2,최대 관측 화방번호 lag2,sfkr_hbfm_grow,growth_measure_code,lag 2,2 surveys,번호,individual,feature_date,train median after pre-freeze screening; no row deletion,1,definition_ready,,State,작물 생육,화방 관측정보,1,frozen,CAT_002,tomato_total_flower
VG_Flower_025,CAT_003,current_max_truss_number__lag3,최대 관측 화방번호 lag3,sfkr_hbfm_grow,growth_measure_code,lag 3,3 surveys,번호,individual,feature_date,train median after pre-freeze screening; no row deletion,1,definition_ready,,State,작물 생육,화방 관측정보,1,frozen,CAT_002,tomato_total_flower
VG_Flower_025,CAT_003,current_max_truss_number__roll3_mean,최대 관측 화방번호 roll3_mean,sfkr_hbfm_grow,growth_measure_code,mean,3 valid surveys including current; min_periods=3,번호,individual,feature_date,train median after pre-freeze screening; no row deletion,1,definition_ready,,State,작물 생육,화방 관측정보,1,frozen,CAT_002,tomato_total_flower
VG_Flower_025,CAT_003,current_max_truss_number__roll3_std,최대 관측 화방번호 roll3_std,sfkr_hbfm_grow,growth_measure_code,std; ddof=0,3 valid surveys including current; min_periods=3,번호,individual,feature_date,train median after pre-freeze screening; no row deletion,1,definition_ready,,State,작물 생육,화방 관측정보,1,frozen,CAT_002,tomato_total_flower
VG_Flower_025,CAT_003,current_max_truss_number__roll3_max,최대 관측 화방번호 roll3_max,sfkr_hbfm_grow,growth_measure_code,max,3 valid surveys including current; min_periods=3,번호,individual,feature_date,train median after pre-freeze screening; no row deletion,1,definition_ready,,State,작물 생육,화방 관측정보,1,frozen,CAT_002,tomato_total_flower
VG_Flower_025,CAT_003,current_max_truss_number__roll3_slope,최대 관측 화방번호 roll3_slope,sfkr_hbfm_grow,growth_measure_code,slope; per calendar day,3 valid surveys including current; min_periods=3,번호,individual,feature_date,train median after pre-freeze screening; no row deletion,1,definition_ready,,State,작물 생육,화방 관측정보,1,frozen,CAT_002,tomato_total_flower
VG_Flower_025,CAT_003,current_max_truss_number__roll4_mean,최대 관측 화방번호 roll4_mean,sfkr_hbfm_grow,growth_measure_code,mean,4 valid surveys including current; min_periods=4,번호,individual,feature_date,train median after pre-freeze screening; no row deletion,1,definition_ready,,State,작물 생육,화방 관측정보,1,frozen,CAT_002,tomato_total_flower
VG_Flower_025,CAT_003,current_max_truss_number__roll4_std,최대 관측 화방번호 roll4_std,sfkr_hbfm_grow,growth_measure_code,std; ddof=0,4 valid surveys including current; min_periods=4,번호,individual,feature_date,train median after pre-freeze screening; no row deletion,1,definition_ready,,State,작물 생육,화방 관측정보,1,frozen,CAT_002,tomato_total_flower
VG_Flower_025,CAT_003,current_max_truss_number__roll4_max,최대 관측 화방번호 roll4_max,sfkr_hbfm_grow,growth_measure_code,max,4 valid surveys including current; min_periods=4,번호,individual,feature_date,train median after pre-freeze screening; no row deletion,1,definition_ready,,State,작물 생육,화방 관측정보,1,frozen,CAT_002,tomato_total_flower
VG_Flower_025,CAT_003,current_max_truss_number__roll4_slope,최대 관측 화방번호 roll4_slope,sfkr_hbfm_grow,growth_measure_code,slope; per calendar day,4 valid surveys including current; min_periods=4,번호,individual,feature_date,train median after pre-freeze screening; no row deletion,1,definition_ready,,State,작물 생육,화방 관측정보,1,frozen,CAT_002,tomato_total_flower
VG_Flower_025,CAT_003,positive_truss_count__current,꽃이 있는 화방 수 current,sfkr_hbfm_grow,growth_measure_code + resolved value column,current valid observation,current,개,individual,feature_date,train median after pre-freeze screening; no row deletion,1,definition_ready,,State,작물 생육,화방 관측정보,1,frozen,CAT_002,tomato_total_flower
VG_Flower_025,CAT_003,positive_truss_count__delta,꽃이 있는 화방 수 delta,sfkr_hbfm_grow,growth_measure_code + resolved value column,current minus previous,1 survey,개,individual,feature_date,train median after pre-freeze screening; no row deletion,1,definition_ready,,State,작물 생육,화방 관측정보,1,frozen,CAT_002,tomato_total_flower
VG_Flower_025,CAT_003,positive_truss_count__delta_per_day,꽃이 있는 화방 수 delta_per_day,sfkr_hbfm_grow,growth_measure_code + resolved value column,delta / positive elapsed days,1 survey,개,individual,feature_date,train median after pre-freeze screening; no row deletion,1,definition_ready,,State,작물 생육,화방 관측정보,1,frozen,CAT_002,tomato_total_flower
VG_Flower_025,CAT_003,positive_truss_count__lag1,꽃이 있는 화방 수 lag1,sfkr_hbfm_grow,growth_measure_code + resolved value column,lag 1,1 surveys,개,individual,feature_date,train median after pre-freeze screening; no row deletion,1,definition_ready,,State,작물 생육,화방 관측정보,1,frozen,CAT_002,tomato_total_flower
VG_Flower_025,CAT_003,positive_truss_count__lag2,꽃이 있는 화방 수 lag2,sfkr_hbfm_grow,growth_measure_code + resolved value column,lag 2,2 surveys,개,individual,feature_date,train median after pre-freeze screening; no row deletion,1,definition_ready,,State,작물 생육,화방 관측정보,1,frozen,CAT_002,tomato_total_flower
VG_Flower_025,CAT_003,positive_truss_count__lag3,꽃이 있는 화방 수 lag3,sfkr_hbfm_grow,growth_measure_code + resolved value column,lag 3,3 surveys,개,individual,feature_date,train median after pre-freeze screening; no row deletion,1,definition_ready,,State,작물 생육,화방 관측정보,1,frozen,CAT_002,tomato_total_flower
VG_Flower_025,CAT_003,positive_truss_count__roll2_std,꽃이 있는 화방 수 roll2_std,sfkr_hbfm_grow,growth_measure_code + resolved value column,std; ddof=0,2 valid surveys including current; min_periods=2,개,individual,feature_date,train median after pre-freeze screening; no row deletion,1,definition_ready,,State,작물 생육,화방 관측정보,1,frozen,CAT_002,tomato_total_flower
VG_Flower_025,CAT_003,positive_truss_count__roll2_min,꽃이 있는 화방 수 roll2_min,sfkr_hbfm_grow,growth_measure_code + resolved value column,min,2 valid surveys including current; min_periods=2,개,individual,feature_date,train median after pre-freeze screening; no row deletion,1,definition_ready,,State,작물 생육,화방 관측정보,1,frozen,CAT_002,tomato_total_flower
VG_Flower_025,CAT_003,positive_truss_count__roll3_mean,꽃이 있는 화방 수 roll3_mean,sfkr_hbfm_grow,growth_measure_code + resolved value column,mean,3 valid surveys including current; min_periods=3,개,individual,feature_date,train median after pre-freeze screening; no row deletion,1,definition_ready,,State,작물 생육,화방 관측정보,1,frozen,CAT_002,tomato_total_flower
VG_Flower_025,CAT_003,positive_truss_count__roll3_std,꽃이 있는 화방 수 roll3_std,sfkr_hbfm_grow,growth_measure_code + resolved value column,std; ddof=0,3 valid surveys including current; min_periods=3,개,individual,feature_date,train median after pre-freeze screening; no row deletion,1,definition_ready,,State,작물 생육,화방 관측정보,1,frozen,CAT_002,tomato_total_flower
VG_Flower_025,CAT_003,positive_truss_count__roll3_min,꽃이 있는 화방 수 roll3_min,sfkr_hbfm_grow,growth_measure_code + resolved value column,min,3 valid surveys including current; min_periods=3,개,individual,feature_date,train median after pre-freeze screening; no row deletion,1,definition_ready,,State,작물 생육,화방 관측정보,1,frozen,CAT_002,tomato_total_flower
VG_Flower_025,CAT_003,positive_truss_count__roll3_max,꽃이 있는 화방 수 roll3_max,sfkr_hbfm_grow,growth_measure_code + resolved value column,max,3 valid surveys including current; min_periods=3,개,individual,feature_date,train median after pre-freeze screening; no row deletion,1,definition_ready,,State,작물 생육,화방 관측정보,1,frozen,CAT_002,tomato_total_flower
VG_Flower_025,CAT_003,positive_truss_count__roll3_slope,꽃이 있는 화방 수 roll3_slope,sfkr_hbfm_grow,growth_measure_code + resolved value column,slope; per calendar day,3 valid surveys including current; min_periods=3,개,individual,feature_date,train median after pre-freeze screening; no row deletion,1,definition_ready,,State,작물 생육,화방 관측정보,1,frozen,CAT_002,tomato_total_flower
VG_Flower_025,CAT_003,positive_truss_count__roll4_mean,꽃이 있는 화방 수 roll4_mean,sfkr_hbfm_grow,growth_measure_code + resolved value column,mean,4 valid surveys including current; min_periods=4,개,individual,feature_date,train median after pre-freeze screening; no row deletion,1,definition_ready,,State,작물 생육,화방 관측정보,1,frozen,CAT_002,tomato_total_flower
VG_Flower_025,CAT_003,positive_truss_count__roll4_std,꽃이 있는 화방 수 roll4_std,sfkr_hbfm_grow,growth_measure_code + resolved value column,std; ddof=0,4 valid surveys including current; min_periods=4,개,individual,feature_date,train median after pre-freeze screening; no row deletion,1,definition_ready,,State,작물 생육,화방 관측정보,1,frozen,CAT_002,tomato_total_flower
VG_Flower_025,CAT_003,positive_truss_count__roll4_min,꽃이 있는 화방 수 roll4_min,sfkr_hbfm_grow,growth_measure_code + resolved value column,min,4 valid surveys including current; min_periods=4,개,individual,feature_date,train median after pre-freeze screening; no row deletion,1,definition_ready,,State,작물 생육,화방 관측정보,1,frozen,CAT_002,tomato_total_flower
VG_Flower_025,CAT_003,positive_truss_count__roll4_max,꽃이 있는 화방 수 roll4_max,sfkr_hbfm_grow,growth_measure_code + resolved value column,max,4 valid surveys including current; min_periods=4,개,individual,feature_date,train median after pre-freeze screening; no row deletion,1,definition_ready,,State,작물 생육,화방 관측정보,1,frozen,CAT_002,tomato_total_flower
VG_Flower_025,CAT_003,positive_truss_count__roll4_slope,꽃이 있는 화방 수 roll4_slope,sfkr_hbfm_grow,growth_measure_code + resolved value column,slope; per calendar day,4 valid surveys including current; min_periods=4,개,individual,feature_date,train median after pre-freeze screening; no row deletion,1,definition_ready,,State,작물 생육,화방 관측정보,1,frozen,CAT_002,tomato_total_flower
VG_Flower_025,CAT_017,EI__CI__1d_mean,내부CO2 직전 1일 mean,sfkr_hbfm_env_con,EI/CI -> sen_val,mean,"[t-1d,t)",ppm,facility,feature_date,train median after pre-freeze screening; no row deletion,1,definition_ready,,State,실내환경,실내 CO2,1,frozen,CAT_016,tomato_total_flower
VG_Flower_025,CAT_017,EI__CI__1d_std,내부CO2 직전 1일 std,sfkr_hbfm_env_con,EI/CI -> sen_val,std; ddof=0,"[t-1d,t)",ppm,facility,feature_date,train median after pre-freeze screening; no row deletion,1,definition_ready,,State,실내환경,실내 CO2,1,frozen,CAT_016,tomato_total_flower
VG_Flower_025,CAT_017,EI__CI__1d_min,내부CO2 직전 1일 min,sfkr_hbfm_env_con,EI/CI -> sen_val,min,"[t-1d,t)",ppm,facility,feature_date,train median after pre-freeze screening; no row deletion,1,definition_ready,,State,실내환경,실내 CO2,1,frozen,CAT_016,tomato_total_flower
VG_Flower_025,CAT_017,EI__CI__1d_max,내부CO2 직전 1일 max,sfkr_hbfm_env_con,EI/CI -> sen_val,max,"[t-1d,t)",ppm,facility,feature_date,train median after pre-freeze screening; no row deletion,1,definition_ready,,State,실내환경,실내 CO2,1,frozen,CAT_016,tomato_total_flower
VG_Flower_025,CAT_017,EI__CI__3d_mean,내부CO2 직전 3일 mean,sfkr_hbfm_env_con,EI/CI -> sen_val,mean,"[t-3d,t)",ppm,facility,feature_date,train median after pre-freeze screening; no row deletion,1,definition_ready,,State,실내환경,실내 CO2,1,frozen,CAT_016,tomato_total_flower
VG_Flower_025,CAT_017,EI__CI__3d_std,내부CO2 직전 3일 std,sfkr_hbfm_env_con,EI/CI -> sen_val,std; ddof=0,"[t-3d,t)",ppm,facility,feature_date,train median after pre-freeze screening; no row deletion,1,definition_ready,,State,실내환경,실내 CO2,1,frozen,CAT_016,tomato_total_flower
VG_Flower_025,CAT_017,EI__CI__3d_min,내부CO2 직전 3일 min,sfkr_hbfm_env_con,EI/CI -> sen_val,min,"[t-3d,t)",ppm,facility,feature_date,train median after pre-freeze screening; no row deletion,1,definition_ready,,State,실내환경,실내 CO2,1,frozen,CAT_016,tomato_total_flower
VG_Flower_025,CAT_017,EI__CI__3d_max,내부CO2 직전 3일 max,sfkr_hbfm_env_con,EI/CI -> sen_val,max,"[t-3d,t)",ppm,facility,feature_date,train median after pre-freeze screening; no row deletion,1,definition_ready,,State,실내환경,실내 CO2,1,frozen,CAT_016,tomato_total_flower
VG_Flower_025,CAT_017,EI__CI__7d_mean,내부CO2 직전 7일 mean,sfkr_hbfm_env_con,EI/CI -> sen_val,mean,"[t-7d,t)",ppm,facility,feature_date,train median after pre-freeze screening; no row deletion,1,definition_ready,,State,실내환경,실내 CO2,1,frozen,CAT_016,tomato_total_flower
VG_Flower_025,CAT_017,EI__CI__7d_std,내부CO2 직전 7일 std,sfkr_hbfm_env_con,EI/CI -> sen_val,std; ddof=0,"[t-7d,t)",ppm,facility,feature_date,train median after pre-freeze screening; no row deletion,1,definition_ready,,State,실내환경,실내 CO2,1,frozen,CAT_016,tomato_total_flower
VG_Flower_025,CAT_017,EI__CI__7d_min,내부CO2 직전 7일 min,sfkr_hbfm_env_con,EI/CI -> sen_val,min,"[t-7d,t)",ppm,facility,feature_date,train median after pre-freeze screening; no row deletion,1,definition_ready,,State,실내환경,실내 CO2,1,frozen,CAT_016,tomato_total_flower
VG_Flower_025,CAT_017,EI__CI__7d_max,내부CO2 직전 7일 max,sfkr_hbfm_env_con,EI/CI -> sen_val,max,"[t-7d,t)",ppm,facility,feature_date,train median after pre-freeze screening; no row deletion,1,definition_ready,,State,실내환경,실내 CO2,1,frozen,CAT_016,tomato_total_flower
VG_Flower_025,CAT_021,flower_count__current,전체 꽃 수 current,sfkr_hbfm_grow,growth_measure_code + resolved value column,current valid observation,current,개,individual,feature_date,train median after pre-freeze screening; no row deletion,1,definition_ready,,State,작물 생육,꽃 관측정보,1,frozen,CAT_020,tomato_total_flower
VG_Flower_025,CAT_021,flower_count__delta,전체 꽃 수 delta,sfkr_hbfm_grow,growth_measure_code + resolved value column,current minus previous,1 survey,개,individual,feature_date,train median after pre-freeze screening; no row deletion,1,definition_ready,,State,작물 생육,꽃 관측정보,1,frozen,CAT_020,tomato_total_flower
VG_Flower_025,CAT_021,flower_count__delta_per_day,전체 꽃 수 delta_per_day,sfkr_hbfm_grow,growth_measure_code + resolved value column,delta / positive elapsed days,1 survey,개,individual,feature_date,train median after pre-freeze screening; no row deletion,1,definition_ready,,State,작물 생육,꽃 관측정보,1,frozen,CAT_020,tomato_total_flower
VG_Flower_025,CAT_021,flower_count__lag1,전체 꽃 수 lag1,sfkr_hbfm_grow,growth_measure_code + resolved value column,lag 1,1 surveys,개,individual,feature_date,train median after pre-freeze screening; no row deletion,1,definition_ready,,State,작물 생육,꽃 관측정보,1,frozen,CAT_020,tomato_total_flower
VG_Flower_025,CAT_021,flower_count__lag2,전체 꽃 수 lag2,sfkr_hbfm_grow,growth_measure_code + resolved value column,lag 2,2 surveys,개,individual,feature_date,train median after pre-freeze screening; no row deletion,1,definition_ready,,State,작물 생육,꽃 관측정보,1,frozen,CAT_020,tomato_total_flower
VG_Flower_025,CAT_021,flower_count__lag3,전체 꽃 수 lag3,sfkr_hbfm_grow,growth_measure_code + resolved value column,lag 3,3 surveys,개,individual,feature_date,train median after pre-freeze screening; no row deletion,1,definition_ready,,State,작물 생육,꽃 관측정보,1,frozen,CAT_020,tomato_total_flower
VG_Flower_025,CAT_021,flower_count__roll2_std,전체 꽃 수 roll2_std,sfkr_hbfm_grow,growth_measure_code + resolved value column,std; ddof=0,2 valid surveys including current; min_periods=2,개,individual,feature_date,train median after pre-freeze screening; no row deletion,1,definition_ready,,State,작물 생육,꽃 관측정보,1,frozen,CAT_020,tomato_total_flower
VG_Flower_025,CAT_021,flower_count__roll2_min,전체 꽃 수 roll2_min,sfkr_hbfm_grow,growth_measure_code + resolved value column,min,2 valid surveys including current; min_periods=2,개,individual,feature_date,train median after pre-freeze screening; no row deletion,1,definition_ready,,State,작물 생육,꽃 관측정보,1,frozen,CAT_020,tomato_total_flower
VG_Flower_025,CAT_021,flower_count__roll3_mean,전체 꽃 수 roll3_mean,sfkr_hbfm_grow,growth_measure_code + resolved value column,mean,3 valid surveys including current; min_periods=3,개,individual,feature_date,train median after pre-freeze screening; no row deletion,1,definition_ready,,State,작물 생육,꽃 관측정보,1,frozen,CAT_020,tomato_total_flower
VG_Flower_025,CAT_021,flower_count__roll3_std,전체 꽃 수 roll3_std,sfkr_hbfm_grow,growth_measure_code + resolved value column,std; ddof=0,3 valid surveys including current; min_periods=3,개,individual,feature_date,train median after pre-freeze screening; no row deletion,1,definition_ready,,State,작물 생육,꽃 관측정보,1,frozen,CAT_020,tomato_total_flower
VG_Flower_025,CAT_021,flower_count__roll3_min,전체 꽃 수 roll3_min,sfkr_hbfm_grow,growth_measure_code + resolved value column,min,3 valid surveys including current; min_periods=3,개,individual,feature_date,train median after pre-freeze screening; no row deletion,1,definition_ready,,State,작물 생육,꽃 관측정보,1,frozen,CAT_020,tomato_total_flower
VG_Flower_025,CAT_021,flower_count__roll3_max,전체 꽃 수 roll3_max,sfkr_hbfm_grow,growth_measure_code + resolved value column,max,3 valid surveys including current; min_periods=3,개,individual,feature_date,train median after pre-freeze screening; no row deletion,1,definition_ready,,State,작물 생육,꽃 관측정보,1,frozen,CAT_020,tomato_total_flower
VG_Flower_025,CAT_021,flower_count__roll3_slope,전체 꽃 수 roll3_slope,sfkr_hbfm_grow,growth_measure_code + resolved value column,slope; per calendar day,3 valid surveys including current; min_periods=3,개,individual,feature_date,train median after pre-freeze screening; no row deletion,1,definition_ready,,State,작물 생육,꽃 관측정보,1,frozen,CAT_020,tomato_total_flower
VG_Flower_025,CAT_021,flower_count__roll4_mean,전체 꽃 수 roll4_mean,sfkr_hbfm_grow,growth_measure_code + resolved value column,mean,4 valid surveys including current; min_periods=4,개,individual,feature_date,train median after pre-freeze screening; no row deletion,1,definition_ready,,State,작물 생육,꽃 관측정보,1,frozen,CAT_020,tomato_total_flower
VG_Flower_025,CAT_021,flower_count__roll4_std,전체 꽃 수 roll4_std,sfkr_hbfm_grow,growth_measure_code + resolved value column,std; ddof=0,4 valid surveys including current; min_periods=4,개,individual,feature_date,train median after pre-freeze screening; no row deletion,1,definition_ready,,State,작물 생육,꽃 관측정보,1,frozen,CAT_020,tomato_total_flower
VG_Flower_025,CAT_021,flower_count__roll4_min,전체 꽃 수 roll4_min,sfkr_hbfm_grow,growth_measure_code + resolved value column,min,4 valid surveys including current; min_periods=4,개,individual,feature_date,train median after pre-freeze screening; no row deletion,1,definition_ready,,State,작물 생육,꽃 관측정보,1,frozen,CAT_020,tomato_total_flower
VG_Flower_025,CAT_021,flower_count__roll4_max,전체 꽃 수 roll4_max,sfkr_hbfm_grow,growth_measure_code + resolved value column,max,4 valid surveys including current; min_periods=4,개,individual,feature_date,train median after pre-freeze screening; no row deletion,1,definition_ready,,State,작물 생육,꽃 관측정보,1,frozen,CAT_020,tomato_total_flower
VG_Flower_025,CAT_021,flower_count__roll4_slope,전체 꽃 수 roll4_slope,sfkr_hbfm_grow,growth_measure_code + resolved value column,slope; per calendar day,4 valid surveys including current; min_periods=4,개,individual,feature_date,train median after pre-freeze screening; no row deletion,1,definition_ready,,State,작물 생육,꽃 관측정보,1,frozen,CAT_020,tomato_total_flower
VG_Flower_025,CAT_041,history_count,누적 조사 횟수,growth/crop source,measurement date/cropping_date/current count,observed history only; ISO week period=52.1775,through current,count,individual,feature_date,train median after pre-freeze screening; no row deletion,1,definition_ready,,Context,재배 맥락,조사이력,1,frozen,CAT_037,tomato_total_flower
VG_Fruit_013,CAT_026,fruit_count__current,해당 화방 착과수 current,sfkr_pvsn_grow,first_fruits_num / second_fruits_num / third_fruits_num,current valid observation,current,개,truss,feature_date,train median after pre-freeze screening; no row deletion,1,definition_ready,,State,작물 생육,착과 관측정보,1,frozen,CAT_023,strawberry_third
VG_Fruit_013,CAT_026,fruit_count__delta,해당 화방 착과수 delta,sfkr_pvsn_grow,first_fruits_num / second_fruits_num / third_fruits_num,current minus previous,1 survey,개,truss,feature_date,train median after pre-freeze screening; no row deletion,1,definition_ready,,State,작물 생육,착과 관측정보,1,frozen,CAT_023,strawberry_third
VG_Fruit_013,CAT_026,fruit_count__delta_per_day,해당 화방 착과수 delta_per_day,sfkr_pvsn_grow,first_fruits_num / second_fruits_num / third_fruits_num,delta / positive elapsed days,1 survey,개,truss,feature_date,train median after pre-freeze screening; no row deletion,1,definition_ready,,State,작물 생육,착과 관측정보,1,frozen,CAT_023,strawberry_third
VG_Fruit_013,CAT_026,fruit_count__lag1,해당 화방 착과수 lag1,sfkr_pvsn_grow,first_fruits_num / second_fruits_num / third_fruits_num,lag 1,1 surveys,개,truss,feature_date,train median after pre-freeze screening; no row deletion,1,definition_ready,,State,작물 생육,착과 관측정보,1,frozen,CAT_023,strawberry_third
VG_Fruit_013,CAT_026,fruit_count__lag2,해당 화방 착과수 lag2,sfkr_pvsn_grow,first_fruits_num / second_fruits_num / third_fruits_num,lag 2,2 surveys,개,truss,feature_date,train median after pre-freeze screening; no row deletion,1,definition_ready,,State,작물 생육,착과 관측정보,1,frozen,CAT_023,strawberry_third
VG_Fruit_013,CAT_026,fruit_count__lag3,해당 화방 착과수 lag3,sfkr_pvsn_grow,first_fruits_num / second_fruits_num / third_fruits_num,lag 3,3 surveys,개,truss,feature_date,train median after pre-freeze screening; no row deletion,1,definition_ready,,State,작물 생육,착과 관측정보,1,frozen,CAT_023,strawberry_third
VG_Fruit_013,CAT_026,fruit_count__roll2_std,해당 화방 착과수 roll2_std,sfkr_pvsn_grow,first_fruits_num / second_fruits_num / third_fruits_num,std; ddof=0,2 valid surveys including current; min_periods=2,개,truss,feature_date,train median after pre-freeze screening; no row deletion,1,definition_ready,,State,작물 생육,착과 관측정보,1,frozen,CAT_023,strawberry_third
VG_Fruit_013,CAT_026,fruit_count__roll3_mean,해당 화방 착과수 roll3_mean,sfkr_pvsn_grow,first_fruits_num / second_fruits_num / third_fruits_num,mean,3 valid surveys including current; min_periods=3,개,truss,feature_date,train median after pre-freeze screening; no row deletion,1,definition_ready,,State,작물 생육,착과 관측정보,1,frozen,CAT_023,strawberry_third
VG_Fruit_013,CAT_026,fruit_count__roll3_std,해당 화방 착과수 roll3_std,sfkr_pvsn_grow,first_fruits_num / second_fruits_num / third_fruits_num,std; ddof=0,3 valid surveys including current; min_periods=3,개,truss,feature_date,train median after pre-freeze screening; no row deletion,1,definition_ready,,State,작물 생육,착과 관측정보,1,frozen,CAT_023,strawberry_third
VG_Fruit_013,CAT_026,fruit_count__roll3_min,해당 화방 착과수 roll3_min,sfkr_pvsn_grow,first_fruits_num / second_fruits_num / third_fruits_num,min,3 valid surveys including current; min_periods=3,개,truss,feature_date,train median after pre-freeze screening; no row deletion,1,definition_ready,,State,작물 생육,착과 관측정보,1,frozen,CAT_023,strawberry_third
VG_Fruit_013,CAT_026,fruit_count__roll3_max,해당 화방 착과수 roll3_max,sfkr_pvsn_grow,first_fruits_num / second_fruits_num / third_fruits_num,max,3 valid surveys including current; min_periods=3,개,truss,feature_date,train median after pre-freeze screening; no row deletion,1,definition_ready,,State,작물 생육,착과 관측정보,1,frozen,CAT_023,strawberry_third
VG_Fruit_013,CAT_026,fruit_count__roll3_slope,해당 화방 착과수 roll3_slope,sfkr_pvsn_grow,first_fruits_num / second_fruits_num / third_fruits_num,slope; per calendar day,3 valid surveys including current; min_periods=3,개,truss,feature_date,train median after pre-freeze screening; no row deletion,1,definition_ready,,State,작물 생육,착과 관측정보,1,frozen,CAT_023,strawberry_third
VG_Fruit_013,CAT_026,fruit_count__roll4_mean,해당 화방 착과수 roll4_mean,sfkr_pvsn_grow,first_fruits_num / second_fruits_num / third_fruits_num,mean,4 valid surveys including current; min_periods=4,개,truss,feature_date,train median after pre-freeze screening; no row deletion,1,definition_ready,,State,작물 생육,착과 관측정보,1,frozen,CAT_023,strawberry_third
VG_Fruit_013,CAT_026,fruit_count__roll4_std,해당 화방 착과수 roll4_std,sfkr_pvsn_grow,first_fruits_num / second_fruits_num / third_fruits_num,std; ddof=0,4 valid surveys including current; min_periods=4,개,truss,feature_date,train median after pre-freeze screening; no row deletion,1,definition_ready,,State,작물 생육,착과 관측정보,1,frozen,CAT_023,strawberry_third
VG_Fruit_013,CAT_026,fruit_count__roll4_min,해당 화방 착과수 roll4_min,sfkr_pvsn_grow,first_fruits_num / second_fruits_num / third_fruits_num,min,4 valid surveys including current; min_periods=4,개,truss,feature_date,train median after pre-freeze screening; no row deletion,1,definition_ready,,State,작물 생육,착과 관측정보,1,frozen,CAT_023,strawberry_third
VG_Fruit_013,CAT_026,fruit_count__roll4_max,해당 화방 착과수 roll4_max,sfkr_pvsn_grow,first_fruits_num / second_fruits_num / third_fruits_num,max,4 valid surveys including current; min_periods=4,개,truss,feature_date,train median after pre-freeze screening; no row deletion,1,definition_ready,,State,작물 생육,착과 관측정보,1,frozen,CAT_023,strawberry_third
VG_Fruit_013,CAT_026,fruit_count__roll4_slope,해당 화방 착과수 roll4_slope,sfkr_pvsn_grow,first_fruits_num / second_fruits_num / third_fruits_num,slope; per calendar day,4 valid surveys including current; min_periods=4,개,truss,feature_date,train median after pre-freeze screening; no row deletion,1,definition_ready,,State,작물 생육,착과 관측정보,1,frozen,CAT_023,strawberry_third
VG_Fruit_015,CAT_026,fruit_count__current,해당 화방 착과수 current,sfkr_pvsn_grow,first_fruits_num / second_fruits_num / third_fruits_num,current valid observation,current,개,truss,feature_date,train median after pre-freeze screening; no row deletion,1,definition_ready,,State,작물 생육,착과 관측정보,1,frozen,CAT_023,strawberry_third
VG_Fruit_015,CAT_026,fruit_count__delta,해당 화방 착과수 delta,sfkr_pvsn_grow,first_fruits_num / second_fruits_num / third_fruits_num,current minus previous,1 survey,개,truss,feature_date,train median after pre-freeze screening; no row deletion,1,definition_ready,,State,작물 생육,착과 관측정보,1,frozen,CAT_023,strawberry_third
VG_Fruit_015,CAT_026,fruit_count__delta_per_day,해당 화방 착과수 delta_per_day,sfkr_pvsn_grow,first_fruits_num / second_fruits_num / third_fruits_num,delta / positive elapsed days,1 survey,개,truss,feature_date,train median after pre-freeze screening; no row deletion,1,definition_ready,,State,작물 생육,착과 관측정보,1,frozen,CAT_023,strawberry_third
VG_Fruit_015,CAT_026,fruit_count__lag1,해당 화방 착과수 lag1,sfkr_pvsn_grow,first_fruits_num / second_fruits_num / third_fruits_num,lag 1,1 surveys,개,truss,feature_date,train median after pre-freeze screening; no row deletion,1,definition_ready,,State,작물 생육,착과 관측정보,1,frozen,CAT_023,strawberry_third
VG_Fruit_015,CAT_026,fruit_count__lag2,해당 화방 착과수 lag2,sfkr_pvsn_grow,first_fruits_num / second_fruits_num / third_fruits_num,lag 2,2 surveys,개,truss,feature_date,train median after pre-freeze screening; no row deletion,1,definition_ready,,State,작물 생육,착과 관측정보,1,frozen,CAT_023,strawberry_third
VG_Fruit_015,CAT_026,fruit_count__lag3,해당 화방 착과수 lag3,sfkr_pvsn_grow,first_fruits_num / second_fruits_num / third_fruits_num,lag 3,3 surveys,개,truss,feature_date,train median after pre-freeze screening; no row deletion,1,definition_ready,,State,작물 생육,착과 관측정보,1,frozen,CAT_023,strawberry_third
VG_Fruit_015,CAT_026,fruit_count__roll2_std,해당 화방 착과수 roll2_std,sfkr_pvsn_grow,first_fruits_num / second_fruits_num / third_fruits_num,std; ddof=0,2 valid surveys including current; min_periods=2,개,truss,feature_date,train median after pre-freeze screening; no row deletion,1,definition_ready,,State,작물 생육,착과 관측정보,1,frozen,CAT_023,strawberry_third
VG_Fruit_015,CAT_026,fruit_count__roll3_mean,해당 화방 착과수 roll3_mean,sfkr_pvsn_grow,first_fruits_num / second_fruits_num / third_fruits_num,mean,3 valid surveys including current; min_periods=3,개,truss,feature_date,train median after pre-freeze screening; no row deletion,1,definition_ready,,State,작물 생육,착과 관측정보,1,frozen,CAT_023,strawberry_third
VG_Fruit_015,CAT_026,fruit_count__roll3_std,해당 화방 착과수 roll3_std,sfkr_pvsn_grow,first_fruits_num / second_fruits_num / third_fruits_num,std; ddof=0,3 valid surveys including current; min_periods=3,개,truss,feature_date,train median after pre-freeze screening; no row deletion,1,definition_ready,,State,작물 생육,착과 관측정보,1,frozen,CAT_023,strawberry_third
VG_Fruit_015,CAT_026,fruit_count__roll3_min,해당 화방 착과수 roll3_min,sfkr_pvsn_grow,first_fruits_num / second_fruits_num / third_fruits_num,min,3 valid surveys including current; min_periods=3,개,truss,feature_date,train median after pre-freeze screening; no row deletion,1,definition_ready,,State,작물 생육,착과 관측정보,1,frozen,CAT_023,strawberry_third
VG_Fruit_015,CAT_026,fruit_count__roll3_max,해당 화방 착과수 roll3_max,sfkr_pvsn_grow,first_fruits_num / second_fruits_num / third_fruits_num,max,3 valid surveys including current; min_periods=3,개,truss,feature_date,train median after pre-freeze screening; no row deletion,1,definition_ready,,State,작물 생육,착과 관측정보,1,frozen,CAT_023,strawberry_third
VG_Fruit_015,CAT_026,fruit_count__roll3_slope,해당 화방 착과수 roll3_slope,sfkr_pvsn_grow,first_fruits_num / second_fruits_num / third_fruits_num,slope; per calendar day,3 valid surveys including current; min_periods=3,개,truss,feature_date,train median after pre-freeze screening; no row deletion,1,definition_ready,,State,작물 생육,착과 관측정보,1,frozen,CAT_023,strawberry_third
VG_Fruit_015,CAT_026,fruit_count__roll4_mean,해당 화방 착과수 roll4_mean,sfkr_pvsn_grow,first_fruits_num / second_fruits_num / third_fruits_num,mean,4 valid surveys including current; min_periods=4,개,truss,feature_date,train median after pre-freeze screening; no row deletion,1,definition_ready,,State,작물 생육,착과 관측정보,1,frozen,CAT_023,strawberry_third
VG_Fruit_015,CAT_026,fruit_count__roll4_std,해당 화방 착과수 roll4_std,sfkr_pvsn_grow,first_fruits_num / second_fruits_num / third_fruits_num,std; ddof=0,4 valid surveys including current; min_periods=4,개,truss,feature_date,train median after pre-freeze screening; no row deletion,1,definition_ready,,State,작물 생육,착과 관측정보,1,frozen,CAT_023,strawberry_third
VG_Fruit_015,CAT_026,fruit_count__roll4_min,해당 화방 착과수 roll4_min,sfkr_pvsn_grow,first_fruits_num / second_fruits_num / third_fruits_num,min,4 valid surveys including current; min_periods=4,개,truss,feature_date,train median after pre-freeze screening; no row deletion,1,definition_ready,,State,작물 생육,착과 관측정보,1,frozen,CAT_023,strawberry_third
VG_Fruit_015,CAT_026,fruit_count__roll4_max,해당 화방 착과수 roll4_max,sfkr_pvsn_grow,first_fruits_num / second_fruits_num / third_fruits_num,max,4 valid surveys including current; min_periods=4,개,truss,feature_date,train median after pre-freeze screening; no row deletion,1,definition_ready,,State,작물 생육,착과 관측정보,1,frozen,CAT_023,strawberry_third
VG_Fruit_015,CAT_026,fruit_count__roll4_slope,해당 화방 착과수 roll4_slope,sfkr_pvsn_grow,first_fruits_num / second_fruits_num / third_fruits_num,slope; per calendar day,4 valid surveys including current; min_periods=4,개,truss,feature_date,train median after pre-freeze screening; no row deletion,1,definition_ready,,State,작물 생육,착과 관측정보,1,frozen,CAT_023,strawberry_third
VG_Fruit_015,CAT_040,history_count,누적 조사 횟수,growth/crop source,measurement date/cropping_date/current count,observed history only; ISO week period=52.1775,through current,count,individual,feature_date,train median after pre-freeze screening; no row deletion,1,definition_ready,,Context,재배 맥락,조사이력,1,frozen,CAT_037,strawberry_third
VG_Fruit_008,CAT_026,fruit_count__current,해당 화방 착과수 current,sfkr_pvsn_grow,first_fruits_num / second_fruits_num / third_fruits_num,current valid observation,current,개,truss,feature_date,train median after pre-freeze screening; no row deletion,1,definition_ready,,State,작물 생육,착과 관측정보,1,frozen,CAT_023,strawberry_third
VG_Fruit_008,CAT_026,fruit_count__delta,해당 화방 착과수 delta,sfkr_pvsn_grow,first_fruits_num / second_fruits_num / third_fruits_num,current minus previous,1 survey,개,truss,feature_date,train median after pre-freeze screening; no row deletion,1,definition_ready,,State,작물 생육,착과 관측정보,1,frozen,CAT_023,strawberry_third
VG_Fruit_008,CAT_026,fruit_count__delta_per_day,해당 화방 착과수 delta_per_day,sfkr_pvsn_grow,first_fruits_num / second_fruits_num / third_fruits_num,delta / positive elapsed days,1 survey,개,truss,feature_date,train median after pre-freeze screening; no row deletion,1,definition_ready,,State,작물 생육,착과 관측정보,1,frozen,CAT_023,strawberry_third
VG_Fruit_008,CAT_026,fruit_count__lag1,해당 화방 착과수 lag1,sfkr_pvsn_grow,first_fruits_num / second_fruits_num / third_fruits_num,lag 1,1 surveys,개,truss,feature_date,train median after pre-freeze screening; no row deletion,1,definition_ready,,State,작물 생육,착과 관측정보,1,frozen,CAT_023,strawberry_third
VG_Fruit_008,CAT_026,fruit_count__lag2,해당 화방 착과수 lag2,sfkr_pvsn_grow,first_fruits_num / second_fruits_num / third_fruits_num,lag 2,2 surveys,개,truss,feature_date,train median after pre-freeze screening; no row deletion,1,definition_ready,,State,작물 생육,착과 관측정보,1,frozen,CAT_023,strawberry_third
VG_Fruit_008,CAT_026,fruit_count__lag3,해당 화방 착과수 lag3,sfkr_pvsn_grow,first_fruits_num / second_fruits_num / third_fruits_num,lag 3,3 surveys,개,truss,feature_date,train median after pre-freeze screening; no row deletion,1,definition_ready,,State,작물 생육,착과 관측정보,1,frozen,CAT_023,strawberry_third
VG_Fruit_008,CAT_026,fruit_count__roll2_std,해당 화방 착과수 roll2_std,sfkr_pvsn_grow,first_fruits_num / second_fruits_num / third_fruits_num,std; ddof=0,2 valid surveys including current; min_periods=2,개,truss,feature_date,train median after pre-freeze screening; no row deletion,1,definition_ready,,State,작물 생육,착과 관측정보,1,frozen,CAT_023,strawberry_third
VG_Fruit_008,CAT_026,fruit_count__roll3_mean,해당 화방 착과수 roll3_mean,sfkr_pvsn_grow,first_fruits_num / second_fruits_num / third_fruits_num,mean,3 valid surveys including current; min_periods=3,개,truss,feature_date,train median after pre-freeze screening; no row deletion,1,definition_ready,,State,작물 생육,착과 관측정보,1,frozen,CAT_023,strawberry_third
VG_Fruit_008,CAT_026,fruit_count__roll3_std,해당 화방 착과수 roll3_std,sfkr_pvsn_grow,first_fruits_num / second_fruits_num / third_fruits_num,std; ddof=0,3 valid surveys including current; min_periods=3,개,truss,feature_date,train median after pre-freeze screening; no row deletion,1,definition_ready,,State,작물 생육,착과 관측정보,1,frozen,CAT_023,strawberry_third
VG_Fruit_008,CAT_026,fruit_count__roll3_min,해당 화방 착과수 roll3_min,sfkr_pvsn_grow,first_fruits_num / second_fruits_num / third_fruits_num,min,3 valid surveys including current; min_periods=3,개,truss,feature_date,train median after pre-freeze screening; no row deletion,1,definition_ready,,State,작물 생육,착과 관측정보,1,frozen,CAT_023,strawberry_third
VG_Fruit_008,CAT_026,fruit_count__roll3_max,해당 화방 착과수 roll3_max,sfkr_pvsn_grow,first_fruits_num / second_fruits_num / third_fruits_num,max,3 valid surveys including current; min_periods=3,개,truss,feature_date,train median after pre-freeze screening; no row deletion,1,definition_ready,,State,작물 생육,착과 관측정보,1,frozen,CAT_023,strawberry_third
VG_Fruit_008,CAT_026,fruit_count__roll3_slope,해당 화방 착과수 roll3_slope,sfkr_pvsn_grow,first_fruits_num / second_fruits_num / third_fruits_num,slope; per calendar day,3 valid surveys including current; min_periods=3,개,truss,feature_date,train median after pre-freeze screening; no row deletion,1,definition_ready,,State,작물 생육,착과 관측정보,1,frozen,CAT_023,strawberry_third
VG_Fruit_008,CAT_026,fruit_count__roll4_mean,해당 화방 착과수 roll4_mean,sfkr_pvsn_grow,first_fruits_num / second_fruits_num / third_fruits_num,mean,4 valid surveys including current; min_periods=4,개,truss,feature_date,train median after pre-freeze screening; no row deletion,1,definition_ready,,State,작물 생육,착과 관측정보,1,frozen,CAT_023,strawberry_third
VG_Fruit_008,CAT_026,fruit_count__roll4_std,해당 화방 착과수 roll4_std,sfkr_pvsn_grow,first_fruits_num / second_fruits_num / third_fruits_num,std; ddof=0,4 valid surveys including current; min_periods=4,개,truss,feature_date,train median after pre-freeze screening; no row deletion,1,definition_ready,,State,작물 생육,착과 관측정보,1,frozen,CAT_023,strawberry_third
VG_Fruit_008,CAT_026,fruit_count__roll4_min,해당 화방 착과수 roll4_min,sfkr_pvsn_grow,first_fruits_num / second_fruits_num / third_fruits_num,min,4 valid surveys including current; min_periods=4,개,truss,feature_date,train median after pre-freeze screening; no row deletion,1,definition_ready,,State,작물 생육,착과 관측정보,1,frozen,CAT_023,strawberry_third
VG_Fruit_008,CAT_026,fruit_count__roll4_max,해당 화방 착과수 roll4_max,sfkr_pvsn_grow,first_fruits_num / second_fruits_num / third_fruits_num,max,4 valid surveys including current; min_periods=4,개,truss,feature_date,train median after pre-freeze screening; no row deletion,1,definition_ready,,State,작물 생육,착과 관측정보,1,frozen,CAT_023,strawberry_third
VG_Fruit_008,CAT_026,fruit_count__roll4_slope,해당 화방 착과수 roll4_slope,sfkr_pvsn_grow,first_fruits_num / second_fruits_num / third_fruits_num,slope; per calendar day,4 valid surveys including current; min_periods=4,개,truss,feature_date,train median after pre-freeze screening; no row deletion,1,definition_ready,,State,작물 생육,착과 관측정보,1,frozen,CAT_023,strawberry_third
VG_Fruit_008,CAT_032,days_since_previous,이전 조사 후 경과일,growth/crop source,measurement date/cropping_date/current count,observed history only; ISO week period=52.1775,through current,day,individual,feature_date,train median after pre-freeze screening; no row deletion,1,definition_ready,,Context,재배 맥락,시간정보,1,frozen,CAT_029,strawberry_third
VG_Fruit_008,CAT_032,days_since_first_measurement,최초 조사 후 경과일,growth/crop source,measurement date/cropping_date/current count,observed history only; ISO week period=52.1775,through current,day,individual,feature_date,train median after pre-freeze screening; no row deletion,1,definition_ready,,Context,재배 맥락,시간정보,1,frozen,CAT_029,strawberry_third
VG_Fruit_008,CAT_032,days_since_crop_start,작기 시작 후 경과일,growth/crop source,measurement date/cropping_date/current count,observed history only; ISO week period=52.1775,through current,day,individual,feature_date,train median after pre-freeze screening; no row deletion,1,definition_ready,,Context,재배 맥락,시간정보,1,frozen,CAT_029,strawberry_third
VG_Fruit_008,CAT_032,week_sin,연중 주차 사인값,growth/crop source,measurement date/cropping_date/current count,observed history only; ISO week period=52.1775,through current,unitless,individual,feature_date,train median after pre-freeze screening; no row deletion,1,definition_ready,,Context,재배 맥락,시간정보,1,frozen,CAT_029,strawberry_third
VG_Fruit_008,CAT_032,week_cos,연중 주차 코사인값,growth/crop source,measurement date/cropping_date/current count,observed history only; ISO week period=52.1775,through current,unitless,individual,feature_date,train median after pre-freeze screening; no row deletion,1,definition_ready,,Context,재배 맥락,시간정보,1,frozen,CAT_029,strawberry_third
VG_Fruit_008,CAT_040,history_count,누적 조사 횟수,growth/crop source,measurement date/cropping_date/current count,observed history only; ISO week period=52.1775,through current,count,individual,feature_date,train median after pre-freeze screening; no row deletion,1,definition_ready,,Context,재배 맥락,조사이력,1,frozen,CAT_037,strawberry_third
VG_Fruit_019,CAT_026,fruit_count__current,해당 화방 착과수 current,sfkr_pvsn_grow,first_fruits_num / second_fruits_num / third_fruits_num,current valid observation,current,개,truss,feature_date,train median after pre-freeze screening; no row deletion,1,definition_ready,,State,작물 생육,착과 관측정보,1,frozen,CAT_023,strawberry_third
VG_Fruit_019,CAT_026,fruit_count__delta,해당 화방 착과수 delta,sfkr_pvsn_grow,first_fruits_num / second_fruits_num / third_fruits_num,current minus previous,1 survey,개,truss,feature_date,train median after pre-freeze screening; no row deletion,1,definition_ready,,State,작물 생육,착과 관측정보,1,frozen,CAT_023,strawberry_third
VG_Fruit_019,CAT_026,fruit_count__delta_per_day,해당 화방 착과수 delta_per_day,sfkr_pvsn_grow,first_fruits_num / second_fruits_num / third_fruits_num,delta / positive elapsed days,1 survey,개,truss,feature_date,train median after pre-freeze screening; no row deletion,1,definition_ready,,State,작물 생육,착과 관측정보,1,frozen,CAT_023,strawberry_third
VG_Fruit_019,CAT_026,fruit_count__lag1,해당 화방 착과수 lag1,sfkr_pvsn_grow,first_fruits_num / second_fruits_num / third_fruits_num,lag 1,1 surveys,개,truss,feature_date,train median after pre-freeze screening; no row deletion,1,definition_ready,,State,작물 생육,착과 관측정보,1,frozen,CAT_023,strawberry_third
VG_Fruit_019,CAT_026,fruit_count__lag2,해당 화방 착과수 lag2,sfkr_pvsn_grow,first_fruits_num / second_fruits_num / third_fruits_num,lag 2,2 surveys,개,truss,feature_date,train median after pre-freeze screening; no row deletion,1,definition_ready,,State,작물 생육,착과 관측정보,1,frozen,CAT_023,strawberry_third
VG_Fruit_019,CAT_026,fruit_count__lag3,해당 화방 착과수 lag3,sfkr_pvsn_grow,first_fruits_num / second_fruits_num / third_fruits_num,lag 3,3 surveys,개,truss,feature_date,train median after pre-freeze screening; no row deletion,1,definition_ready,,State,작물 생육,착과 관측정보,1,frozen,CAT_023,strawberry_third
VG_Fruit_019,CAT_026,fruit_count__roll2_std,해당 화방 착과수 roll2_std,sfkr_pvsn_grow,first_fruits_num / second_fruits_num / third_fruits_num,std; ddof=0,2 valid surveys including current; min_periods=2,개,truss,feature_date,train median after pre-freeze screening; no row deletion,1,definition_ready,,State,작물 생육,착과 관측정보,1,frozen,CAT_023,strawberry_third
VG_Fruit_019,CAT_026,fruit_count__roll3_mean,해당 화방 착과수 roll3_mean,sfkr_pvsn_grow,first_fruits_num / second_fruits_num / third_fruits_num,mean,3 valid surveys including current; min_periods=3,개,truss,feature_date,train median after pre-freeze screening; no row deletion,1,definition_ready,,State,작물 생육,착과 관측정보,1,frozen,CAT_023,strawberry_third
VG_Fruit_019,CAT_026,fruit_count__roll3_std,해당 화방 착과수 roll3_std,sfkr_pvsn_grow,first_fruits_num / second_fruits_num / third_fruits_num,std; ddof=0,3 valid surveys including current; min_periods=3,개,truss,feature_date,train median after pre-freeze screening; no row deletion,1,definition_ready,,State,작물 생육,착과 관측정보,1,frozen,CAT_023,strawberry_third
VG_Fruit_019,CAT_026,fruit_count__roll3_min,해당 화방 착과수 roll3_min,sfkr_pvsn_grow,first_fruits_num / second_fruits_num / third_fruits_num,min,3 valid surveys including current; min_periods=3,개,truss,feature_date,train median after pre-freeze screening; no row deletion,1,definition_ready,,State,작물 생육,착과 관측정보,1,frozen,CAT_023,strawberry_third
VG_Fruit_019,CAT_026,fruit_count__roll3_max,해당 화방 착과수 roll3_max,sfkr_pvsn_grow,first_fruits_num / second_fruits_num / third_fruits_num,max,3 valid surveys including current; min_periods=3,개,truss,feature_date,train median after pre-freeze screening; no row deletion,1,definition_ready,,State,작물 생육,착과 관측정보,1,frozen,CAT_023,strawberry_third
VG_Fruit_019,CAT_026,fruit_count__roll3_slope,해당 화방 착과수 roll3_slope,sfkr_pvsn_grow,first_fruits_num / second_fruits_num / third_fruits_num,slope; per calendar day,3 valid surveys including current; min_periods=3,개,truss,feature_date,train median after pre-freeze screening; no row deletion,1,definition_ready,,State,작물 생육,착과 관측정보,1,frozen,CAT_023,strawberry_third
VG_Fruit_019,CAT_026,fruit_count__roll4_mean,해당 화방 착과수 roll4_mean,sfkr_pvsn_grow,first_fruits_num / second_fruits_num / third_fruits_num,mean,4 valid surveys including current; min_periods=4,개,truss,feature_date,train median after pre-freeze screening; no row deletion,1,definition_ready,,State,작물 생육,착과 관측정보,1,frozen,CAT_023,strawberry_third
VG_Fruit_019,CAT_026,fruit_count__roll4_std,해당 화방 착과수 roll4_std,sfkr_pvsn_grow,first_fruits_num / second_fruits_num / third_fruits_num,std; ddof=0,4 valid surveys including current; min_periods=4,개,truss,feature_date,train median after pre-freeze screening; no row deletion,1,definition_ready,,State,작물 생육,착과 관측정보,1,frozen,CAT_023,strawberry_third
VG_Fruit_019,CAT_026,fruit_count__roll4_min,해당 화방 착과수 roll4_min,sfkr_pvsn_grow,first_fruits_num / second_fruits_num / third_fruits_num,min,4 valid surveys including current; min_periods=4,개,truss,feature_date,train median after pre-freeze screening; no row deletion,1,definition_ready,,State,작물 생육,착과 관측정보,1,frozen,CAT_023,strawberry_third
VG_Fruit_019,CAT_026,fruit_count__roll4_max,해당 화방 착과수 roll4_max,sfkr_pvsn_grow,first_fruits_num / second_fruits_num / third_fruits_num,max,4 valid surveys including current; min_periods=4,개,truss,feature_date,train median after pre-freeze screening; no row deletion,1,definition_ready,,State,작물 생육,착과 관측정보,1,frozen,CAT_023,strawberry_third
VG_Fruit_019,CAT_026,fruit_count__roll4_slope,해당 화방 착과수 roll4_slope,sfkr_pvsn_grow,first_fruits_num / second_fruits_num / third_fruits_num,slope; per calendar day,4 valid surveys including current; min_periods=4,개,truss,feature_date,train median after pre-freeze screening; no row deletion,1,definition_ready,,State,작물 생육,착과 관측정보,1,frozen,CAT_023,strawberry_third
VG_Fruit_019,CAT_032,days_since_previous,이전 조사 후 경과일,growth/crop source,measurement date/cropping_date/current count,observed history only; ISO week period=52.1775,through current,day,individual,feature_date,train median after pre-freeze screening; no row deletion,1,definition_ready,,Context,재배 맥락,시간정보,1,frozen,CAT_029,strawberry_third
VG_Fruit_019,CAT_032,days_since_first_measurement,최초 조사 후 경과일,growth/crop source,measurement date/cropping_date/current count,observed history only; ISO week period=52.1775,through current,day,individual,feature_date,train median after pre-freeze screening; no row deletion,1,definition_ready,,Context,재배 맥락,시간정보,1,frozen,CAT_029,strawberry_third
VG_Fruit_019,CAT_032,days_since_crop_start,작기 시작 후 경과일,growth/crop source,measurement date/cropping_date/current count,observed history only; ISO week period=52.1775,through current,day,individual,feature_date,train median after pre-freeze screening; no row deletion,1,definition_ready,,Context,재배 맥락,시간정보,1,frozen,CAT_029,strawberry_third
VG_Fruit_019,CAT_032,week_sin,연중 주차 사인값,growth/crop source,measurement date/cropping_date/current count,observed history only; ISO week period=52.1775,through current,unitless,individual,feature_date,train median after pre-freeze screening; no row deletion,1,definition_ready,,Context,재배 맥락,시간정보,1,frozen,CAT_029,strawberry_third
VG_Fruit_019,CAT_032,week_cos,연중 주차 코사인값,growth/crop source,measurement date/cropping_date/current count,observed history only; ISO week period=52.1775,through current,unitless,individual,feature_date,train median after pre-freeze screening; no row deletion,1,definition_ready,,Context,재배 맥락,시간정보,1,frozen,CAT_029,strawberry_third
VG_Fruit_017,CAT_032,days_since_previous,이전 조사 후 경과일,growth/crop source,measurement date/cropping_date/current count,observed history only; ISO week period=52.1775,through current,day,individual,feature_date,train median after pre-freeze screening; no row deletion,1,definition_ready,,Context,재배 맥락,시간정보,1,frozen,CAT_029,strawberry_third
VG_Fruit_017,CAT_032,days_since_first_measurement,최초 조사 후 경과일,growth/crop source,measurement date/cropping_date/current count,observed history only; ISO week period=52.1775,through current,day,individual,feature_date,train median after pre-freeze screening; no row deletion,1,definition_ready,,Context,재배 맥락,시간정보,1,frozen,CAT_029,strawberry_third
VG_Fruit_017,CAT_032,days_since_crop_start,작기 시작 후 경과일,growth/crop source,measurement date/cropping_date/current count,observed history only; ISO week period=52.1775,through current,day,individual,feature_date,train median after pre-freeze screening; no row deletion,1,definition_ready,,Context,재배 맥락,시간정보,1,frozen,CAT_029,strawberry_third
VG_Fruit_017,CAT_032,week_sin,연중 주차 사인값,growth/crop source,measurement date/cropping_date/current count,observed history only; ISO week period=52.1775,through current,unitless,individual,feature_date,train median after pre-freeze screening; no row deletion,1,definition_ready,,Context,재배 맥락,시간정보,1,frozen,CAT_029,strawberry_third
VG_Fruit_017,CAT_032,week_cos,연중 주차 코사인값,growth/crop source,measurement date/cropping_date/current count,observed history only; ISO week period=52.1775,through current,unitless,individual,feature_date,train median after pre-freeze screening; no row deletion,1,definition_ready,,Context,재배 맥락,시간정보,1,frozen,CAT_029,strawberry_third
VG_Fruit_003,CAT_040,history_count,누적 조사 횟수,growth/crop source,measurement date/cropping_date/current count,observed history only; ISO week period=52.1775,through current,count,individual,feature_date,train median after pre-freeze screening; no row deletion,1,definition_ready,,Context,재배 맥락,조사이력,1,frozen,CAT_037,strawberry_third
VG_Fruit_009,CAT_025,fruit_count__current,해당 화방 착과수 current,sfkr_pvsn_grow,first_fruits_num / second_fruits_num / third_fruits_num,current valid observation,current,개,truss,feature_date,train median after pre-freeze screening; no row deletion,1,definition_ready,,State,작물 생육,착과 관측정보,1,frozen,CAT_023,strawberry_second
VG_Fruit_009,CAT_025,fruit_count__delta,해당 화방 착과수 delta,sfkr_pvsn_grow,first_fruits_num / second_fruits_num / third_fruits_num,current minus previous,1 survey,개,truss,feature_date,train median after pre-freeze screening; no row deletion,1,definition_ready,,State,작물 생육,착과 관측정보,1,frozen,CAT_023,strawberry_second
VG_Fruit_009,CAT_025,fruit_count__delta_per_day,해당 화방 착과수 delta_per_day,sfkr_pvsn_grow,first_fruits_num / second_fruits_num / third_fruits_num,delta / positive elapsed days,1 survey,개,truss,feature_date,train median after pre-freeze screening; no row deletion,1,definition_ready,,State,작물 생육,착과 관측정보,1,frozen,CAT_023,strawberry_second
VG_Fruit_009,CAT_025,fruit_count__lag1,해당 화방 착과수 lag1,sfkr_pvsn_grow,first_fruits_num / second_fruits_num / third_fruits_num,lag 1,1 surveys,개,truss,feature_date,train median after pre-freeze screening; no row deletion,1,definition_ready,,State,작물 생육,착과 관측정보,1,frozen,CAT_023,strawberry_second
VG_Fruit_009,CAT_025,fruit_count__lag2,해당 화방 착과수 lag2,sfkr_pvsn_grow,first_fruits_num / second_fruits_num / third_fruits_num,lag 2,2 surveys,개,truss,feature_date,train median after pre-freeze screening; no row deletion,1,definition_ready,,State,작물 생육,착과 관측정보,1,frozen,CAT_023,strawberry_second
VG_Fruit_009,CAT_025,fruit_count__lag3,해당 화방 착과수 lag3,sfkr_pvsn_grow,first_fruits_num / second_fruits_num / third_fruits_num,lag 3,3 surveys,개,truss,feature_date,train median after pre-freeze screening; no row deletion,1,definition_ready,,State,작물 생육,착과 관측정보,1,frozen,CAT_023,strawberry_second
VG_Fruit_009,CAT_025,fruit_count__roll2_std,해당 화방 착과수 roll2_std,sfkr_pvsn_grow,first_fruits_num / second_fruits_num / third_fruits_num,std; ddof=0,2 valid surveys including current; min_periods=2,개,truss,feature_date,train median after pre-freeze screening; no row deletion,1,definition_ready,,State,작물 생육,착과 관측정보,1,frozen,CAT_023,strawberry_second
VG_Fruit_009,CAT_025,fruit_count__roll3_mean,해당 화방 착과수 roll3_mean,sfkr_pvsn_grow,first_fruits_num / second_fruits_num / third_fruits_num,mean,3 valid surveys including current; min_periods=3,개,truss,feature_date,train median after pre-freeze screening; no row deletion,1,definition_ready,,State,작물 생육,착과 관측정보,1,frozen,CAT_023,strawberry_second
VG_Fruit_009,CAT_025,fruit_count__roll3_std,해당 화방 착과수 roll3_std,sfkr_pvsn_grow,first_fruits_num / second_fruits_num / third_fruits_num,std; ddof=0,3 valid surveys including current; min_periods=3,개,truss,feature_date,train median after pre-freeze screening; no row deletion,1,definition_ready,,State,작물 생육,착과 관측정보,1,frozen,CAT_023,strawberry_second
VG_Fruit_009,CAT_025,fruit_count__roll3_min,해당 화방 착과수 roll3_min,sfkr_pvsn_grow,first_fruits_num / second_fruits_num / third_fruits_num,min,3 valid surveys including current; min_periods=3,개,truss,feature_date,train median after pre-freeze screening; no row deletion,1,definition_ready,,State,작물 생육,착과 관측정보,1,frozen,CAT_023,strawberry_second
VG_Fruit_009,CAT_025,fruit_count__roll3_max,해당 화방 착과수 roll3_max,sfkr_pvsn_grow,first_fruits_num / second_fruits_num / third_fruits_num,max,3 valid surveys including current; min_periods=3,개,truss,feature_date,train median after pre-freeze screening; no row deletion,1,definition_ready,,State,작물 생육,착과 관측정보,1,frozen,CAT_023,strawberry_second
VG_Fruit_009,CAT_025,fruit_count__roll3_slope,해당 화방 착과수 roll3_slope,sfkr_pvsn_grow,first_fruits_num / second_fruits_num / third_fruits_num,slope; per calendar day,3 valid surveys including current; min_periods=3,개,truss,feature_date,train median after pre-freeze screening; no row deletion,1,definition_ready,,State,작물 생육,착과 관측정보,1,frozen,CAT_023,strawberry_second
VG_Fruit_009,CAT_025,fruit_count__roll4_mean,해당 화방 착과수 roll4_mean,sfkr_pvsn_grow,first_fruits_num / second_fruits_num / third_fruits_num,mean,4 valid surveys including current; min_periods=4,개,truss,feature_date,train median after pre-freeze screening; no row deletion,1,definition_ready,,State,작물 생육,착과 관측정보,1,frozen,CAT_023,strawberry_second
VG_Fruit_009,CAT_025,fruit_count__roll4_std,해당 화방 착과수 roll4_std,sfkr_pvsn_grow,first_fruits_num / second_fruits_num / third_fruits_num,std; ddof=0,4 valid surveys including current; min_periods=4,개,truss,feature_date,train median after pre-freeze screening; no row deletion,1,definition_ready,,State,작물 생육,착과 관측정보,1,frozen,CAT_023,strawberry_second
VG_Fruit_009,CAT_025,fruit_count__roll4_min,해당 화방 착과수 roll4_min,sfkr_pvsn_grow,first_fruits_num / second_fruits_num / third_fruits_num,min,4 valid surveys including current; min_periods=4,개,truss,feature_date,train median after pre-freeze screening; no row deletion,1,definition_ready,,State,작물 생육,착과 관측정보,1,frozen,CAT_023,strawberry_second
VG_Fruit_009,CAT_025,fruit_count__roll4_max,해당 화방 착과수 roll4_max,sfkr_pvsn_grow,first_fruits_num / second_fruits_num / third_fruits_num,max,4 valid surveys including current; min_periods=4,개,truss,feature_date,train median after pre-freeze screening; no row deletion,1,definition_ready,,State,작물 생육,착과 관측정보,1,frozen,CAT_023,strawberry_second
VG_Fruit_009,CAT_025,fruit_count__roll4_slope,해당 화방 착과수 roll4_slope,sfkr_pvsn_grow,first_fruits_num / second_fruits_num / third_fruits_num,slope; per calendar day,4 valid surveys including current; min_periods=4,개,truss,feature_date,train median after pre-freeze screening; no row deletion,1,definition_ready,,State,작물 생육,착과 관측정보,1,frozen,CAT_023,strawberry_second
VG_Fruit_002,CAT_025,fruit_count__current,해당 화방 착과수 current,sfkr_pvsn_grow,first_fruits_num / second_fruits_num / third_fruits_num,current valid observation,current,개,truss,feature_date,train median after pre-freeze screening; no row deletion,1,definition_ready,,State,작물 생육,착과 관측정보,1,frozen,CAT_023,strawberry_second
VG_Fruit_002,CAT_025,fruit_count__delta,해당 화방 착과수 delta,sfkr_pvsn_grow,first_fruits_num / second_fruits_num / third_fruits_num,current minus previous,1 survey,개,truss,feature_date,train median after pre-freeze screening; no row deletion,1,definition_ready,,State,작물 생육,착과 관측정보,1,frozen,CAT_023,strawberry_second
VG_Fruit_002,CAT_025,fruit_count__delta_per_day,해당 화방 착과수 delta_per_day,sfkr_pvsn_grow,first_fruits_num / second_fruits_num / third_fruits_num,delta / positive elapsed days,1 survey,개,truss,feature_date,train median after pre-freeze screening; no row deletion,1,definition_ready,,State,작물 생육,착과 관측정보,1,frozen,CAT_023,strawberry_second
VG_Fruit_002,CAT_025,fruit_count__lag1,해당 화방 착과수 lag1,sfkr_pvsn_grow,first_fruits_num / second_fruits_num / third_fruits_num,lag 1,1 surveys,개,truss,feature_date,train median after pre-freeze screening; no row deletion,1,definition_ready,,State,작물 생육,착과 관측정보,1,frozen,CAT_023,strawberry_second
VG_Fruit_002,CAT_025,fruit_count__lag2,해당 화방 착과수 lag2,sfkr_pvsn_grow,first_fruits_num / second_fruits_num / third_fruits_num,lag 2,2 surveys,개,truss,feature_date,train median after pre-freeze screening; no row deletion,1,definition_ready,,State,작물 생육,착과 관측정보,1,frozen,CAT_023,strawberry_second
VG_Fruit_002,CAT_025,fruit_count__lag3,해당 화방 착과수 lag3,sfkr_pvsn_grow,first_fruits_num / second_fruits_num / third_fruits_num,lag 3,3 surveys,개,truss,feature_date,train median after pre-freeze screening; no row deletion,1,definition_ready,,State,작물 생육,착과 관측정보,1,frozen,CAT_023,strawberry_second
VG_Fruit_002,CAT_025,fruit_count__roll2_std,해당 화방 착과수 roll2_std,sfkr_pvsn_grow,first_fruits_num / second_fruits_num / third_fruits_num,std; ddof=0,2 valid surveys including current; min_periods=2,개,truss,feature_date,train median after pre-freeze screening; no row deletion,1,definition_ready,,State,작물 생육,착과 관측정보,1,frozen,CAT_023,strawberry_second
VG_Fruit_002,CAT_025,fruit_count__roll3_mean,해당 화방 착과수 roll3_mean,sfkr_pvsn_grow,first_fruits_num / second_fruits_num / third_fruits_num,mean,3 valid surveys including current; min_periods=3,개,truss,feature_date,train median after pre-freeze screening; no row deletion,1,definition_ready,,State,작물 생육,착과 관측정보,1,frozen,CAT_023,strawberry_second
VG_Fruit_002,CAT_025,fruit_count__roll3_std,해당 화방 착과수 roll3_std,sfkr_pvsn_grow,first_fruits_num / second_fruits_num / third_fruits_num,std; ddof=0,3 valid surveys including current; min_periods=3,개,truss,feature_date,train median after pre-freeze screening; no row deletion,1,definition_ready,,State,작물 생육,착과 관측정보,1,frozen,CAT_023,strawberry_second
VG_Fruit_002,CAT_025,fruit_count__roll3_min,해당 화방 착과수 roll3_min,sfkr_pvsn_grow,first_fruits_num / second_fruits_num / third_fruits_num,min,3 valid surveys including current; min_periods=3,개,truss,feature_date,train median after pre-freeze screening; no row deletion,1,definition_ready,,State,작물 생육,착과 관측정보,1,frozen,CAT_023,strawberry_second
VG_Fruit_002,CAT_025,fruit_count__roll3_max,해당 화방 착과수 roll3_max,sfkr_pvsn_grow,first_fruits_num / second_fruits_num / third_fruits_num,max,3 valid surveys including current; min_periods=3,개,truss,feature_date,train median after pre-freeze screening; no row deletion,1,definition_ready,,State,작물 생육,착과 관측정보,1,frozen,CAT_023,strawberry_second
VG_Fruit_002,CAT_025,fruit_count__roll3_slope,해당 화방 착과수 roll3_slope,sfkr_pvsn_grow,first_fruits_num / second_fruits_num / third_fruits_num,slope; per calendar day,3 valid surveys including current; min_periods=3,개,truss,feature_date,train median after pre-freeze screening; no row deletion,1,definition_ready,,State,작물 생육,착과 관측정보,1,frozen,CAT_023,strawberry_second
VG_Fruit_002,CAT_025,fruit_count__roll4_mean,해당 화방 착과수 roll4_mean,sfkr_pvsn_grow,first_fruits_num / second_fruits_num / third_fruits_num,mean,4 valid surveys including current; min_periods=4,개,truss,feature_date,train median after pre-freeze screening; no row deletion,1,definition_ready,,State,작물 생육,착과 관측정보,1,frozen,CAT_023,strawberry_second
VG_Fruit_002,CAT_025,fruit_count__roll4_std,해당 화방 착과수 roll4_std,sfkr_pvsn_grow,first_fruits_num / second_fruits_num / third_fruits_num,std; ddof=0,4 valid surveys including current; min_periods=4,개,truss,feature_date,train median after pre-freeze screening; no row deletion,1,definition_ready,,State,작물 생육,착과 관측정보,1,frozen,CAT_023,strawberry_second
VG_Fruit_002,CAT_025,fruit_count__roll4_min,해당 화방 착과수 roll4_min,sfkr_pvsn_grow,first_fruits_num / second_fruits_num / third_fruits_num,min,4 valid surveys including current; min_periods=4,개,truss,feature_date,train median after pre-freeze screening; no row deletion,1,definition_ready,,State,작물 생육,착과 관측정보,1,frozen,CAT_023,strawberry_second
VG_Fruit_002,CAT_025,fruit_count__roll4_max,해당 화방 착과수 roll4_max,sfkr_pvsn_grow,first_fruits_num / second_fruits_num / third_fruits_num,max,4 valid surveys including current; min_periods=4,개,truss,feature_date,train median after pre-freeze screening; no row deletion,1,definition_ready,,State,작물 생육,착과 관측정보,1,frozen,CAT_023,strawberry_second
VG_Fruit_002,CAT_025,fruit_count__roll4_slope,해당 화방 착과수 roll4_slope,sfkr_pvsn_grow,first_fruits_num / second_fruits_num / third_fruits_num,slope; per calendar day,4 valid surveys including current; min_periods=4,개,truss,feature_date,train median after pre-freeze screening; no row deletion,1,definition_ready,,State,작물 생육,착과 관측정보,1,frozen,CAT_023,strawberry_second
VG_Fruit_002,CAT_031,days_since_previous,이전 조사 후 경과일,growth/crop source,measurement date/cropping_date/current count,observed history only; ISO week period=52.1775,through current,day,individual,feature_date,train median after pre-freeze screening; no row deletion,1,definition_ready,,Context,재배 맥락,시간정보,1,frozen,CAT_029,strawberry_second
VG_Fruit_002,CAT_031,days_since_first_measurement,최초 조사 후 경과일,growth/crop source,measurement date/cropping_date/current count,observed history only; ISO week period=52.1775,through current,day,individual,feature_date,train median after pre-freeze screening; no row deletion,1,definition_ready,,Context,재배 맥락,시간정보,1,frozen,CAT_029,strawberry_second
VG_Fruit_002,CAT_031,days_since_crop_start,작기 시작 후 경과일,growth/crop source,measurement date/cropping_date/current count,observed history only; ISO week period=52.1775,through current,day,individual,feature_date,train median after pre-freeze screening; no row deletion,1,definition_ready,,Context,재배 맥락,시간정보,1,frozen,CAT_029,strawberry_second
VG_Fruit_002,CAT_031,days_since_first_positive,최초 양수 관측 후 경과일,growth/crop source,measurement date/cropping_date/current count,observed history only; ISO week period=52.1775,through current,day,individual,feature_date,train median after pre-freeze screening; no row deletion,1,definition_ready,,Context,재배 맥락,시간정보,1,frozen,CAT_029,strawberry_second
VG_Fruit_002,CAT_031,week_sin,연중 주차 사인값,growth/crop source,measurement date/cropping_date/current count,observed history only; ISO week period=52.1775,through current,unitless,individual,feature_date,train median after pre-freeze screening; no row deletion,1,definition_ready,,Context,재배 맥락,시간정보,1,frozen,CAT_029,strawberry_second
VG_Fruit_002,CAT_031,week_cos,연중 주차 코사인값,growth/crop source,measurement date/cropping_date/current count,observed history only; ISO week period=52.1775,through current,unitless,individual,feature_date,train median after pre-freeze screening; no row deletion,1,definition_ready,,Context,재배 맥락,시간정보,1,frozen,CAT_029,strawberry_second
VG_Fruit_016,CAT_025,fruit_count__current,해당 화방 착과수 current,sfkr_pvsn_grow,first_fruits_num / second_fruits_num / third_fruits_num,current valid observation,current,개,truss,feature_date,train median after pre-freeze screening; no row deletion,1,definition_ready,,State,작물 생육,착과 관측정보,1,frozen,CAT_023,strawberry_second
VG_Fruit_016,CAT_025,fruit_count__delta,해당 화방 착과수 delta,sfkr_pvsn_grow,first_fruits_num / second_fruits_num / third_fruits_num,current minus previous,1 survey,개,truss,feature_date,train median after pre-freeze screening; no row deletion,1,definition_ready,,State,작물 생육,착과 관측정보,1,frozen,CAT_023,strawberry_second
VG_Fruit_016,CAT_025,fruit_count__delta_per_day,해당 화방 착과수 delta_per_day,sfkr_pvsn_grow,first_fruits_num / second_fruits_num / third_fruits_num,delta / positive elapsed days,1 survey,개,truss,feature_date,train median after pre-freeze screening; no row deletion,1,definition_ready,,State,작물 생육,착과 관측정보,1,frozen,CAT_023,strawberry_second
VG_Fruit_016,CAT_025,fruit_count__lag1,해당 화방 착과수 lag1,sfkr_pvsn_grow,first_fruits_num / second_fruits_num / third_fruits_num,lag 1,1 surveys,개,truss,feature_date,train median after pre-freeze screening; no row deletion,1,definition_ready,,State,작물 생육,착과 관측정보,1,frozen,CAT_023,strawberry_second
VG_Fruit_016,CAT_025,fruit_count__lag2,해당 화방 착과수 lag2,sfkr_pvsn_grow,first_fruits_num / second_fruits_num / third_fruits_num,lag 2,2 surveys,개,truss,feature_date,train median after pre-freeze screening; no row deletion,1,definition_ready,,State,작물 생육,착과 관측정보,1,frozen,CAT_023,strawberry_second
VG_Fruit_016,CAT_025,fruit_count__lag3,해당 화방 착과수 lag3,sfkr_pvsn_grow,first_fruits_num / second_fruits_num / third_fruits_num,lag 3,3 surveys,개,truss,feature_date,train median after pre-freeze screening; no row deletion,1,definition_ready,,State,작물 생육,착과 관측정보,1,frozen,CAT_023,strawberry_second
VG_Fruit_016,CAT_025,fruit_count__roll2_std,해당 화방 착과수 roll2_std,sfkr_pvsn_grow,first_fruits_num / second_fruits_num / third_fruits_num,std; ddof=0,2 valid surveys including current; min_periods=2,개,truss,feature_date,train median after pre-freeze screening; no row deletion,1,definition_ready,,State,작물 생육,착과 관측정보,1,frozen,CAT_023,strawberry_second
VG_Fruit_016,CAT_025,fruit_count__roll3_mean,해당 화방 착과수 roll3_mean,sfkr_pvsn_grow,first_fruits_num / second_fruits_num / third_fruits_num,mean,3 valid surveys including current; min_periods=3,개,truss,feature_date,train median after pre-freeze screening; no row deletion,1,definition_ready,,State,작물 생육,착과 관측정보,1,frozen,CAT_023,strawberry_second
VG_Fruit_016,CAT_025,fruit_count__roll3_std,해당 화방 착과수 roll3_std,sfkr_pvsn_grow,first_fruits_num / second_fruits_num / third_fruits_num,std; ddof=0,3 valid surveys including current; min_periods=3,개,truss,feature_date,train median after pre-freeze screening; no row deletion,1,definition_ready,,State,작물 생육,착과 관측정보,1,frozen,CAT_023,strawberry_second
VG_Fruit_016,CAT_025,fruit_count__roll3_min,해당 화방 착과수 roll3_min,sfkr_pvsn_grow,first_fruits_num / second_fruits_num / third_fruits_num,min,3 valid surveys including current; min_periods=3,개,truss,feature_date,train median after pre-freeze screening; no row deletion,1,definition_ready,,State,작물 생육,착과 관측정보,1,frozen,CAT_023,strawberry_second
VG_Fruit_016,CAT_025,fruit_count__roll3_max,해당 화방 착과수 roll3_max,sfkr_pvsn_grow,first_fruits_num / second_fruits_num / third_fruits_num,max,3 valid surveys including current; min_periods=3,개,truss,feature_date,train median after pre-freeze screening; no row deletion,1,definition_ready,,State,작물 생육,착과 관측정보,1,frozen,CAT_023,strawberry_second
VG_Fruit_016,CAT_025,fruit_count__roll3_slope,해당 화방 착과수 roll3_slope,sfkr_pvsn_grow,first_fruits_num / second_fruits_num / third_fruits_num,slope; per calendar day,3 valid surveys including current; min_periods=3,개,truss,feature_date,train median after pre-freeze screening; no row deletion,1,definition_ready,,State,작물 생육,착과 관측정보,1,frozen,CAT_023,strawberry_second
VG_Fruit_016,CAT_025,fruit_count__roll4_mean,해당 화방 착과수 roll4_mean,sfkr_pvsn_grow,first_fruits_num / second_fruits_num / third_fruits_num,mean,4 valid surveys including current; min_periods=4,개,truss,feature_date,train median after pre-freeze screening; no row deletion,1,definition_ready,,State,작물 생육,착과 관측정보,1,frozen,CAT_023,strawberry_second
VG_Fruit_016,CAT_025,fruit_count__roll4_std,해당 화방 착과수 roll4_std,sfkr_pvsn_grow,first_fruits_num / second_fruits_num / third_fruits_num,std; ddof=0,4 valid surveys including current; min_periods=4,개,truss,feature_date,train median after pre-freeze screening; no row deletion,1,definition_ready,,State,작물 생육,착과 관측정보,1,frozen,CAT_023,strawberry_second
VG_Fruit_016,CAT_025,fruit_count__roll4_min,해당 화방 착과수 roll4_min,sfkr_pvsn_grow,first_fruits_num / second_fruits_num / third_fruits_num,min,4 valid surveys including current; min_periods=4,개,truss,feature_date,train median after pre-freeze screening; no row deletion,1,definition_ready,,State,작물 생육,착과 관측정보,1,frozen,CAT_023,strawberry_second
VG_Fruit_016,CAT_025,fruit_count__roll4_max,해당 화방 착과수 roll4_max,sfkr_pvsn_grow,first_fruits_num / second_fruits_num / third_fruits_num,max,4 valid surveys including current; min_periods=4,개,truss,feature_date,train median after pre-freeze screening; no row deletion,1,definition_ready,,State,작물 생육,착과 관측정보,1,frozen,CAT_023,strawberry_second
VG_Fruit_016,CAT_025,fruit_count__roll4_slope,해당 화방 착과수 roll4_slope,sfkr_pvsn_grow,first_fruits_num / second_fruits_num / third_fruits_num,slope; per calendar day,4 valid surveys including current; min_periods=4,개,truss,feature_date,train median after pre-freeze screening; no row deletion,1,definition_ready,,State,작물 생육,착과 관측정보,1,frozen,CAT_023,strawberry_second
VG_Fruit_016,CAT_039,history_count,누적 조사 횟수,growth/crop source,measurement date/cropping_date/current count,observed history only; ISO week period=52.1775,through current,count,individual,feature_date,train median after pre-freeze screening; no row deletion,1,definition_ready,,Context,재배 맥락,조사이력,1,frozen,CAT_037,strawberry_second
VG_Fruit_018,CAT_025,fruit_count__current,해당 화방 착과수 current,sfkr_pvsn_grow,first_fruits_num / second_fruits_num / third_fruits_num,current valid observation,current,개,truss,feature_date,train median after pre-freeze screening; no row deletion,1,definition_ready,,State,작물 생육,착과 관측정보,1,frozen,CAT_023,strawberry_second
VG_Fruit_018,CAT_025,fruit_count__delta,해당 화방 착과수 delta,sfkr_pvsn_grow,first_fruits_num / second_fruits_num / third_fruits_num,current minus previous,1 survey,개,truss,feature_date,train median after pre-freeze screening; no row deletion,1,definition_ready,,State,작물 생육,착과 관측정보,1,frozen,CAT_023,strawberry_second
VG_Fruit_018,CAT_025,fruit_count__delta_per_day,해당 화방 착과수 delta_per_day,sfkr_pvsn_grow,first_fruits_num / second_fruits_num / third_fruits_num,delta / positive elapsed days,1 survey,개,truss,feature_date,train median after pre-freeze screening; no row deletion,1,definition_ready,,State,작물 생육,착과 관측정보,1,frozen,CAT_023,strawberry_second
VG_Fruit_018,CAT_025,fruit_count__lag1,해당 화방 착과수 lag1,sfkr_pvsn_grow,first_fruits_num / second_fruits_num / third_fruits_num,lag 1,1 surveys,개,truss,feature_date,train median after pre-freeze screening; no row deletion,1,definition_ready,,State,작물 생육,착과 관측정보,1,frozen,CAT_023,strawberry_second
VG_Fruit_018,CAT_025,fruit_count__lag2,해당 화방 착과수 lag2,sfkr_pvsn_grow,first_fruits_num / second_fruits_num / third_fruits_num,lag 2,2 surveys,개,truss,feature_date,train median after pre-freeze screening; no row deletion,1,definition_ready,,State,작물 생육,착과 관측정보,1,frozen,CAT_023,strawberry_second
VG_Fruit_018,CAT_025,fruit_count__lag3,해당 화방 착과수 lag3,sfkr_pvsn_grow,first_fruits_num / second_fruits_num / third_fruits_num,lag 3,3 surveys,개,truss,feature_date,train median after pre-freeze screening; no row deletion,1,definition_ready,,State,작물 생육,착과 관측정보,1,frozen,CAT_023,strawberry_second
VG_Fruit_018,CAT_025,fruit_count__roll2_std,해당 화방 착과수 roll2_std,sfkr_pvsn_grow,first_fruits_num / second_fruits_num / third_fruits_num,std; ddof=0,2 valid surveys including current; min_periods=2,개,truss,feature_date,train median after pre-freeze screening; no row deletion,1,definition_ready,,State,작물 생육,착과 관측정보,1,frozen,CAT_023,strawberry_second
VG_Fruit_018,CAT_025,fruit_count__roll3_mean,해당 화방 착과수 roll3_mean,sfkr_pvsn_grow,first_fruits_num / second_fruits_num / third_fruits_num,mean,3 valid surveys including current; min_periods=3,개,truss,feature_date,train median after pre-freeze screening; no row deletion,1,definition_ready,,State,작물 생육,착과 관측정보,1,frozen,CAT_023,strawberry_second
VG_Fruit_018,CAT_025,fruit_count__roll3_std,해당 화방 착과수 roll3_std,sfkr_pvsn_grow,first_fruits_num / second_fruits_num / third_fruits_num,std; ddof=0,3 valid surveys including current; min_periods=3,개,truss,feature_date,train median after pre-freeze screening; no row deletion,1,definition_ready,,State,작물 생육,착과 관측정보,1,frozen,CAT_023,strawberry_second
VG_Fruit_018,CAT_025,fruit_count__roll3_min,해당 화방 착과수 roll3_min,sfkr_pvsn_grow,first_fruits_num / second_fruits_num / third_fruits_num,min,3 valid surveys including current; min_periods=3,개,truss,feature_date,train median after pre-freeze screening; no row deletion,1,definition_ready,,State,작물 생육,착과 관측정보,1,frozen,CAT_023,strawberry_second
VG_Fruit_018,CAT_025,fruit_count__roll3_max,해당 화방 착과수 roll3_max,sfkr_pvsn_grow,first_fruits_num / second_fruits_num / third_fruits_num,max,3 valid surveys including current; min_periods=3,개,truss,feature_date,train median after pre-freeze screening; no row deletion,1,definition_ready,,State,작물 생육,착과 관측정보,1,frozen,CAT_023,strawberry_second
VG_Fruit_018,CAT_025,fruit_count__roll3_slope,해당 화방 착과수 roll3_slope,sfkr_pvsn_grow,first_fruits_num / second_fruits_num / third_fruits_num,slope; per calendar day,3 valid surveys including current; min_periods=3,개,truss,feature_date,train median after pre-freeze screening; no row deletion,1,definition_ready,,State,작물 생육,착과 관측정보,1,frozen,CAT_023,strawberry_second
VG_Fruit_018,CAT_025,fruit_count__roll4_mean,해당 화방 착과수 roll4_mean,sfkr_pvsn_grow,first_fruits_num / second_fruits_num / third_fruits_num,mean,4 valid surveys including current; min_periods=4,개,truss,feature_date,train median after pre-freeze screening; no row deletion,1,definition_ready,,State,작물 생육,착과 관측정보,1,frozen,CAT_023,strawberry_second
VG_Fruit_018,CAT_025,fruit_count__roll4_std,해당 화방 착과수 roll4_std,sfkr_pvsn_grow,first_fruits_num / second_fruits_num / third_fruits_num,std; ddof=0,4 valid surveys including current; min_periods=4,개,truss,feature_date,train median after pre-freeze screening; no row deletion,1,definition_ready,,State,작물 생육,착과 관측정보,1,frozen,CAT_023,strawberry_second
VG_Fruit_018,CAT_025,fruit_count__roll4_min,해당 화방 착과수 roll4_min,sfkr_pvsn_grow,first_fruits_num / second_fruits_num / third_fruits_num,min,4 valid surveys including current; min_periods=4,개,truss,feature_date,train median after pre-freeze screening; no row deletion,1,definition_ready,,State,작물 생육,착과 관측정보,1,frozen,CAT_023,strawberry_second
VG_Fruit_018,CAT_025,fruit_count__roll4_max,해당 화방 착과수 roll4_max,sfkr_pvsn_grow,first_fruits_num / second_fruits_num / third_fruits_num,max,4 valid surveys including current; min_periods=4,개,truss,feature_date,train median after pre-freeze screening; no row deletion,1,definition_ready,,State,작물 생육,착과 관측정보,1,frozen,CAT_023,strawberry_second
VG_Fruit_018,CAT_025,fruit_count__roll4_slope,해당 화방 착과수 roll4_slope,sfkr_pvsn_grow,first_fruits_num / second_fruits_num / third_fruits_num,slope; per calendar day,4 valid surveys including current; min_periods=4,개,truss,feature_date,train median after pre-freeze screening; no row deletion,1,definition_ready,,State,작물 생육,착과 관측정보,1,frozen,CAT_023,strawberry_second
VG_Fruit_018,CAT_031,days_since_previous,이전 조사 후 경과일,growth/crop source,measurement date/cropping_date/current count,observed history only; ISO week period=52.1775,through current,day,individual,feature_date,train median after pre-freeze screening; no row deletion,1,definition_ready,,Context,재배 맥락,시간정보,1,frozen,CAT_029,strawberry_second
VG_Fruit_018,CAT_031,days_since_first_measurement,최초 조사 후 경과일,growth/crop source,measurement date/cropping_date/current count,observed history only; ISO week period=52.1775,through current,day,individual,feature_date,train median after pre-freeze screening; no row deletion,1,definition_ready,,Context,재배 맥락,시간정보,1,frozen,CAT_029,strawberry_second
VG_Fruit_018,CAT_031,days_since_crop_start,작기 시작 후 경과일,growth/crop source,measurement date/cropping_date/current count,observed history only; ISO week period=52.1775,through current,day,individual,feature_date,train median after pre-freeze screening; no row deletion,1,definition_ready,,Context,재배 맥락,시간정보,1,frozen,CAT_029,strawberry_second
VG_Fruit_018,CAT_031,days_since_first_positive,최초 양수 관측 후 경과일,growth/crop source,measurement date/cropping_date/current count,observed history only; ISO week period=52.1775,through current,day,individual,feature_date,train median after pre-freeze screening; no row deletion,1,definition_ready,,Context,재배 맥락,시간정보,1,frozen,CAT_029,strawberry_second
VG_Fruit_018,CAT_031,week_sin,연중 주차 사인값,growth/crop source,measurement date/cropping_date/current count,observed history only; ISO week period=52.1775,through current,unitless,individual,feature_date,train median after pre-freeze screening; no row deletion,1,definition_ready,,Context,재배 맥락,시간정보,1,frozen,CAT_029,strawberry_second
VG_Fruit_018,CAT_031,week_cos,연중 주차 코사인값,growth/crop source,measurement date/cropping_date/current count,observed history only; ISO week period=52.1775,through current,unitless,individual,feature_date,train median after pre-freeze screening; no row deletion,1,definition_ready,,Context,재배 맥락,시간정보,1,frozen,CAT_029,strawberry_second
VG_Fruit_018,CAT_039,history_count,누적 조사 횟수,growth/crop source,measurement date/cropping_date/current count,observed history only; ISO week period=52.1775,through current,count,individual,feature_date,train median after pre-freeze screening; no row deletion,1,definition_ready,,Context,재배 맥락,조사이력,1,frozen,CAT_037,strawberry_second
VG_Fruit_011,CAT_039,history_count,누적 조사 횟수,growth/crop source,measurement date/cropping_date/current count,observed history only; ISO week period=52.1775,through current,count,individual,feature_date,train median after pre-freeze screening; no row deletion,1,definition_ready,,Context,재배 맥락,조사이력,1,frozen,CAT_037,strawberry_second
VG_Fruit_006,CAT_031,days_since_previous,이전 조사 후 경과일,growth/crop source,measurement date/cropping_date/current count,observed history only; ISO week period=52.1775,through current,day,individual,feature_date,train median after pre-freeze screening; no row deletion,1,definition_ready,,Context,재배 맥락,시간정보,1,frozen,CAT_029,strawberry_second
VG_Fruit_006,CAT_031,days_since_first_measurement,최초 조사 후 경과일,growth/crop source,measurement date/cropping_date/current count,observed history only; ISO week period=52.1775,through current,day,individual,feature_date,train median after pre-freeze screening; no row deletion,1,definition_ready,,Context,재배 맥락,시간정보,1,frozen,CAT_029,strawberry_second
VG_Fruit_006,CAT_031,days_since_crop_start,작기 시작 후 경과일,growth/crop source,measurement date/cropping_date/current count,observed history only; ISO week period=52.1775,through current,day,individual,feature_date,train median after pre-freeze screening; no row deletion,1,definition_ready,,Context,재배 맥락,시간정보,1,frozen,CAT_029,strawberry_second
VG_Fruit_006,CAT_031,days_since_first_positive,최초 양수 관측 후 경과일,growth/crop source,measurement date/cropping_date/current count,observed history only; ISO week period=52.1775,through current,day,individual,feature_date,train median after pre-freeze screening; no row deletion,1,definition_ready,,Context,재배 맥락,시간정보,1,frozen,CAT_029,strawberry_second
VG_Fruit_006,CAT_031,week_sin,연중 주차 사인값,growth/crop source,measurement date/cropping_date/current count,observed history only; ISO week period=52.1775,through current,unitless,individual,feature_date,train median after pre-freeze screening; no row deletion,1,definition_ready,,Context,재배 맥락,시간정보,1,frozen,CAT_029,strawberry_second
VG_Fruit_006,CAT_031,week_cos,연중 주차 코사인값,growth/crop source,measurement date/cropping_date/current count,observed history only; ISO week period=52.1775,through current,unitless,individual,feature_date,train median after pre-freeze screening; no row deletion,1,definition_ready,,Context,재배 맥락,시간정보,1,frozen,CAT_029,strawberry_second
VG_Fruit_010,CAT_024,fruit_count__current,해당 화방 착과수 current,sfkr_pvsn_grow,first_fruits_num / second_fruits_num / third_fruits_num,current valid observation,current,개,truss,feature_date,train median after pre-freeze screening; no row deletion,1,definition_ready,,State,작물 생육,착과 관측정보,1,frozen,CAT_023,strawberry_first
VG_Fruit_010,CAT_024,fruit_count__delta,해당 화방 착과수 delta,sfkr_pvsn_grow,first_fruits_num / second_fruits_num / third_fruits_num,current minus previous,1 survey,개,truss,feature_date,train median after pre-freeze screening; no row deletion,1,definition_ready,,State,작물 생육,착과 관측정보,1,frozen,CAT_023,strawberry_first
VG_Fruit_010,CAT_024,fruit_count__delta_per_day,해당 화방 착과수 delta_per_day,sfkr_pvsn_grow,first_fruits_num / second_fruits_num / third_fruits_num,delta / positive elapsed days,1 survey,개,truss,feature_date,train median after pre-freeze screening; no row deletion,1,definition_ready,,State,작물 생육,착과 관측정보,1,frozen,CAT_023,strawberry_first
VG_Fruit_010,CAT_024,fruit_count__lag1,해당 화방 착과수 lag1,sfkr_pvsn_grow,first_fruits_num / second_fruits_num / third_fruits_num,lag 1,1 surveys,개,truss,feature_date,train median after pre-freeze screening; no row deletion,1,definition_ready,,State,작물 생육,착과 관측정보,1,frozen,CAT_023,strawberry_first
VG_Fruit_010,CAT_024,fruit_count__lag2,해당 화방 착과수 lag2,sfkr_pvsn_grow,first_fruits_num / second_fruits_num / third_fruits_num,lag 2,2 surveys,개,truss,feature_date,train median after pre-freeze screening; no row deletion,1,definition_ready,,State,작물 생육,착과 관측정보,1,frozen,CAT_023,strawberry_first
VG_Fruit_010,CAT_024,fruit_count__lag3,해당 화방 착과수 lag3,sfkr_pvsn_grow,first_fruits_num / second_fruits_num / third_fruits_num,lag 3,3 surveys,개,truss,feature_date,train median after pre-freeze screening; no row deletion,1,definition_ready,,State,작물 생육,착과 관측정보,1,frozen,CAT_023,strawberry_first
VG_Fruit_010,CAT_024,fruit_count__roll2_std,해당 화방 착과수 roll2_std,sfkr_pvsn_grow,first_fruits_num / second_fruits_num / third_fruits_num,std; ddof=0,2 valid surveys including current; min_periods=2,개,truss,feature_date,train median after pre-freeze screening; no row deletion,1,definition_ready,,State,작물 생육,착과 관측정보,1,frozen,CAT_023,strawberry_first
VG_Fruit_010,CAT_024,fruit_count__roll3_mean,해당 화방 착과수 roll3_mean,sfkr_pvsn_grow,first_fruits_num / second_fruits_num / third_fruits_num,mean,3 valid surveys including current; min_periods=3,개,truss,feature_date,train median after pre-freeze screening; no row deletion,1,definition_ready,,State,작물 생육,착과 관측정보,1,frozen,CAT_023,strawberry_first
VG_Fruit_010,CAT_024,fruit_count__roll3_std,해당 화방 착과수 roll3_std,sfkr_pvsn_grow,first_fruits_num / second_fruits_num / third_fruits_num,std; ddof=0,3 valid surveys including current; min_periods=3,개,truss,feature_date,train median after pre-freeze screening; no row deletion,1,definition_ready,,State,작물 생육,착과 관측정보,1,frozen,CAT_023,strawberry_first
VG_Fruit_010,CAT_024,fruit_count__roll3_min,해당 화방 착과수 roll3_min,sfkr_pvsn_grow,first_fruits_num / second_fruits_num / third_fruits_num,min,3 valid surveys including current; min_periods=3,개,truss,feature_date,train median after pre-freeze screening; no row deletion,1,definition_ready,,State,작물 생육,착과 관측정보,1,frozen,CAT_023,strawberry_first
VG_Fruit_010,CAT_024,fruit_count__roll3_max,해당 화방 착과수 roll3_max,sfkr_pvsn_grow,first_fruits_num / second_fruits_num / third_fruits_num,max,3 valid surveys including current; min_periods=3,개,truss,feature_date,train median after pre-freeze screening; no row deletion,1,definition_ready,,State,작물 생육,착과 관측정보,1,frozen,CAT_023,strawberry_first
VG_Fruit_010,CAT_024,fruit_count__roll3_slope,해당 화방 착과수 roll3_slope,sfkr_pvsn_grow,first_fruits_num / second_fruits_num / third_fruits_num,slope; per calendar day,3 valid surveys including current; min_periods=3,개,truss,feature_date,train median after pre-freeze screening; no row deletion,1,definition_ready,,State,작물 생육,착과 관측정보,1,frozen,CAT_023,strawberry_first
VG_Fruit_010,CAT_024,fruit_count__roll4_mean,해당 화방 착과수 roll4_mean,sfkr_pvsn_grow,first_fruits_num / second_fruits_num / third_fruits_num,mean,4 valid surveys including current; min_periods=4,개,truss,feature_date,train median after pre-freeze screening; no row deletion,1,definition_ready,,State,작물 생육,착과 관측정보,1,frozen,CAT_023,strawberry_first
VG_Fruit_010,CAT_024,fruit_count__roll4_std,해당 화방 착과수 roll4_std,sfkr_pvsn_grow,first_fruits_num / second_fruits_num / third_fruits_num,std; ddof=0,4 valid surveys including current; min_periods=4,개,truss,feature_date,train median after pre-freeze screening; no row deletion,1,definition_ready,,State,작물 생육,착과 관측정보,1,frozen,CAT_023,strawberry_first
VG_Fruit_010,CAT_024,fruit_count__roll4_min,해당 화방 착과수 roll4_min,sfkr_pvsn_grow,first_fruits_num / second_fruits_num / third_fruits_num,min,4 valid surveys including current; min_periods=4,개,truss,feature_date,train median after pre-freeze screening; no row deletion,1,definition_ready,,State,작물 생육,착과 관측정보,1,frozen,CAT_023,strawberry_first
VG_Fruit_010,CAT_024,fruit_count__roll4_max,해당 화방 착과수 roll4_max,sfkr_pvsn_grow,first_fruits_num / second_fruits_num / third_fruits_num,max,4 valid surveys including current; min_periods=4,개,truss,feature_date,train median after pre-freeze screening; no row deletion,1,definition_ready,,State,작물 생육,착과 관측정보,1,frozen,CAT_023,strawberry_first
VG_Fruit_010,CAT_024,fruit_count__roll4_slope,해당 화방 착과수 roll4_slope,sfkr_pvsn_grow,first_fruits_num / second_fruits_num / third_fruits_num,slope; per calendar day,4 valid surveys including current; min_periods=4,개,truss,feature_date,train median after pre-freeze screening; no row deletion,1,definition_ready,,State,작물 생육,착과 관측정보,1,frozen,CAT_023,strawberry_first
VG_Fruit_007,CAT_024,fruit_count__current,해당 화방 착과수 current,sfkr_pvsn_grow,first_fruits_num / second_fruits_num / third_fruits_num,current valid observation,current,개,truss,feature_date,train median after pre-freeze screening; no row deletion,1,definition_ready,,State,작물 생육,착과 관측정보,1,frozen,CAT_023,strawberry_first
VG_Fruit_007,CAT_024,fruit_count__delta,해당 화방 착과수 delta,sfkr_pvsn_grow,first_fruits_num / second_fruits_num / third_fruits_num,current minus previous,1 survey,개,truss,feature_date,train median after pre-freeze screening; no row deletion,1,definition_ready,,State,작물 생육,착과 관측정보,1,frozen,CAT_023,strawberry_first
VG_Fruit_007,CAT_024,fruit_count__delta_per_day,해당 화방 착과수 delta_per_day,sfkr_pvsn_grow,first_fruits_num / second_fruits_num / third_fruits_num,delta / positive elapsed days,1 survey,개,truss,feature_date,train median after pre-freeze screening; no row deletion,1,definition_ready,,State,작물 생육,착과 관측정보,1,frozen,CAT_023,strawberry_first
VG_Fruit_007,CAT_024,fruit_count__lag1,해당 화방 착과수 lag1,sfkr_pvsn_grow,first_fruits_num / second_fruits_num / third_fruits_num,lag 1,1 surveys,개,truss,feature_date,train median after pre-freeze screening; no row deletion,1,definition_ready,,State,작물 생육,착과 관측정보,1,frozen,CAT_023,strawberry_first
VG_Fruit_007,CAT_024,fruit_count__lag2,해당 화방 착과수 lag2,sfkr_pvsn_grow,first_fruits_num / second_fruits_num / third_fruits_num,lag 2,2 surveys,개,truss,feature_date,train median after pre-freeze screening; no row deletion,1,definition_ready,,State,작물 생육,착과 관측정보,1,frozen,CAT_023,strawberry_first
VG_Fruit_007,CAT_024,fruit_count__lag3,해당 화방 착과수 lag3,sfkr_pvsn_grow,first_fruits_num / second_fruits_num / third_fruits_num,lag 3,3 surveys,개,truss,feature_date,train median after pre-freeze screening; no row deletion,1,definition_ready,,State,작물 생육,착과 관측정보,1,frozen,CAT_023,strawberry_first
VG_Fruit_007,CAT_024,fruit_count__roll2_std,해당 화방 착과수 roll2_std,sfkr_pvsn_grow,first_fruits_num / second_fruits_num / third_fruits_num,std; ddof=0,2 valid surveys including current; min_periods=2,개,truss,feature_date,train median after pre-freeze screening; no row deletion,1,definition_ready,,State,작물 생육,착과 관측정보,1,frozen,CAT_023,strawberry_first
VG_Fruit_007,CAT_024,fruit_count__roll3_mean,해당 화방 착과수 roll3_mean,sfkr_pvsn_grow,first_fruits_num / second_fruits_num / third_fruits_num,mean,3 valid surveys including current; min_periods=3,개,truss,feature_date,train median after pre-freeze screening; no row deletion,1,definition_ready,,State,작물 생육,착과 관측정보,1,frozen,CAT_023,strawberry_first
VG_Fruit_007,CAT_024,fruit_count__roll3_std,해당 화방 착과수 roll3_std,sfkr_pvsn_grow,first_fruits_num / second_fruits_num / third_fruits_num,std; ddof=0,3 valid surveys including current; min_periods=3,개,truss,feature_date,train median after pre-freeze screening; no row deletion,1,definition_ready,,State,작물 생육,착과 관측정보,1,frozen,CAT_023,strawberry_first
VG_Fruit_007,CAT_024,fruit_count__roll3_min,해당 화방 착과수 roll3_min,sfkr_pvsn_grow,first_fruits_num / second_fruits_num / third_fruits_num,min,3 valid surveys including current; min_periods=3,개,truss,feature_date,train median after pre-freeze screening; no row deletion,1,definition_ready,,State,작물 생육,착과 관측정보,1,frozen,CAT_023,strawberry_first
VG_Fruit_007,CAT_024,fruit_count__roll3_max,해당 화방 착과수 roll3_max,sfkr_pvsn_grow,first_fruits_num / second_fruits_num / third_fruits_num,max,3 valid surveys including current; min_periods=3,개,truss,feature_date,train median after pre-freeze screening; no row deletion,1,definition_ready,,State,작물 생육,착과 관측정보,1,frozen,CAT_023,strawberry_first
VG_Fruit_007,CAT_024,fruit_count__roll3_slope,해당 화방 착과수 roll3_slope,sfkr_pvsn_grow,first_fruits_num / second_fruits_num / third_fruits_num,slope; per calendar day,3 valid surveys including current; min_periods=3,개,truss,feature_date,train median after pre-freeze screening; no row deletion,1,definition_ready,,State,작물 생육,착과 관측정보,1,frozen,CAT_023,strawberry_first
VG_Fruit_007,CAT_024,fruit_count__roll4_mean,해당 화방 착과수 roll4_mean,sfkr_pvsn_grow,first_fruits_num / second_fruits_num / third_fruits_num,mean,4 valid surveys including current; min_periods=4,개,truss,feature_date,train median after pre-freeze screening; no row deletion,1,definition_ready,,State,작물 생육,착과 관측정보,1,frozen,CAT_023,strawberry_first
VG_Fruit_007,CAT_024,fruit_count__roll4_std,해당 화방 착과수 roll4_std,sfkr_pvsn_grow,first_fruits_num / second_fruits_num / third_fruits_num,std; ddof=0,4 valid surveys including current; min_periods=4,개,truss,feature_date,train median after pre-freeze screening; no row deletion,1,definition_ready,,State,작물 생육,착과 관측정보,1,frozen,CAT_023,strawberry_first
VG_Fruit_007,CAT_024,fruit_count__roll4_min,해당 화방 착과수 roll4_min,sfkr_pvsn_grow,first_fruits_num / second_fruits_num / third_fruits_num,min,4 valid surveys including current; min_periods=4,개,truss,feature_date,train median after pre-freeze screening; no row deletion,1,definition_ready,,State,작물 생육,착과 관측정보,1,frozen,CAT_023,strawberry_first
VG_Fruit_007,CAT_024,fruit_count__roll4_max,해당 화방 착과수 roll4_max,sfkr_pvsn_grow,first_fruits_num / second_fruits_num / third_fruits_num,max,4 valid surveys including current; min_periods=4,개,truss,feature_date,train median after pre-freeze screening; no row deletion,1,definition_ready,,State,작물 생육,착과 관측정보,1,frozen,CAT_023,strawberry_first
VG_Fruit_007,CAT_024,fruit_count__roll4_slope,해당 화방 착과수 roll4_slope,sfkr_pvsn_grow,first_fruits_num / second_fruits_num / third_fruits_num,slope; per calendar day,4 valid surveys including current; min_periods=4,개,truss,feature_date,train median after pre-freeze screening; no row deletion,1,definition_ready,,State,작물 생육,착과 관측정보,1,frozen,CAT_023,strawberry_first
VG_Fruit_007,CAT_038,history_count,누적 조사 횟수,growth/crop source,measurement date/cropping_date/current count,observed history only; ISO week period=52.1775,through current,count,individual,feature_date,train median after pre-freeze screening; no row deletion,1,definition_ready,,Context,재배 맥락,조사이력,1,frozen,CAT_037,strawberry_first
VG_Fruit_012,CAT_024,fruit_count__current,해당 화방 착과수 current,sfkr_pvsn_grow,first_fruits_num / second_fruits_num / third_fruits_num,current valid observation,current,개,truss,feature_date,train median after pre-freeze screening; no row deletion,1,definition_ready,,State,작물 생육,착과 관측정보,1,frozen,CAT_023,strawberry_first
VG_Fruit_012,CAT_024,fruit_count__delta,해당 화방 착과수 delta,sfkr_pvsn_grow,first_fruits_num / second_fruits_num / third_fruits_num,current minus previous,1 survey,개,truss,feature_date,train median after pre-freeze screening; no row deletion,1,definition_ready,,State,작물 생육,착과 관측정보,1,frozen,CAT_023,strawberry_first
VG_Fruit_012,CAT_024,fruit_count__delta_per_day,해당 화방 착과수 delta_per_day,sfkr_pvsn_grow,first_fruits_num / second_fruits_num / third_fruits_num,delta / positive elapsed days,1 survey,개,truss,feature_date,train median after pre-freeze screening; no row deletion,1,definition_ready,,State,작물 생육,착과 관측정보,1,frozen,CAT_023,strawberry_first
VG_Fruit_012,CAT_024,fruit_count__lag1,해당 화방 착과수 lag1,sfkr_pvsn_grow,first_fruits_num / second_fruits_num / third_fruits_num,lag 1,1 surveys,개,truss,feature_date,train median after pre-freeze screening; no row deletion,1,definition_ready,,State,작물 생육,착과 관측정보,1,frozen,CAT_023,strawberry_first
VG_Fruit_012,CAT_024,fruit_count__lag2,해당 화방 착과수 lag2,sfkr_pvsn_grow,first_fruits_num / second_fruits_num / third_fruits_num,lag 2,2 surveys,개,truss,feature_date,train median after pre-freeze screening; no row deletion,1,definition_ready,,State,작물 생육,착과 관측정보,1,frozen,CAT_023,strawberry_first
VG_Fruit_012,CAT_024,fruit_count__lag3,해당 화방 착과수 lag3,sfkr_pvsn_grow,first_fruits_num / second_fruits_num / third_fruits_num,lag 3,3 surveys,개,truss,feature_date,train median after pre-freeze screening; no row deletion,1,definition_ready,,State,작물 생육,착과 관측정보,1,frozen,CAT_023,strawberry_first
VG_Fruit_012,CAT_024,fruit_count__roll2_std,해당 화방 착과수 roll2_std,sfkr_pvsn_grow,first_fruits_num / second_fruits_num / third_fruits_num,std; ddof=0,2 valid surveys including current; min_periods=2,개,truss,feature_date,train median after pre-freeze screening; no row deletion,1,definition_ready,,State,작물 생육,착과 관측정보,1,frozen,CAT_023,strawberry_first
VG_Fruit_012,CAT_024,fruit_count__roll3_mean,해당 화방 착과수 roll3_mean,sfkr_pvsn_grow,first_fruits_num / second_fruits_num / third_fruits_num,mean,3 valid surveys including current; min_periods=3,개,truss,feature_date,train median after pre-freeze screening; no row deletion,1,definition_ready,,State,작물 생육,착과 관측정보,1,frozen,CAT_023,strawberry_first
VG_Fruit_012,CAT_024,fruit_count__roll3_std,해당 화방 착과수 roll3_std,sfkr_pvsn_grow,first_fruits_num / second_fruits_num / third_fruits_num,std; ddof=0,3 valid surveys including current; min_periods=3,개,truss,feature_date,train median after pre-freeze screening; no row deletion,1,definition_ready,,State,작물 생육,착과 관측정보,1,frozen,CAT_023,strawberry_first
VG_Fruit_012,CAT_024,fruit_count__roll3_min,해당 화방 착과수 roll3_min,sfkr_pvsn_grow,first_fruits_num / second_fruits_num / third_fruits_num,min,3 valid surveys including current; min_periods=3,개,truss,feature_date,train median after pre-freeze screening; no row deletion,1,definition_ready,,State,작물 생육,착과 관측정보,1,frozen,CAT_023,strawberry_first
VG_Fruit_012,CAT_024,fruit_count__roll3_max,해당 화방 착과수 roll3_max,sfkr_pvsn_grow,first_fruits_num / second_fruits_num / third_fruits_num,max,3 valid surveys including current; min_periods=3,개,truss,feature_date,train median after pre-freeze screening; no row deletion,1,definition_ready,,State,작물 생육,착과 관측정보,1,frozen,CAT_023,strawberry_first
VG_Fruit_012,CAT_024,fruit_count__roll3_slope,해당 화방 착과수 roll3_slope,sfkr_pvsn_grow,first_fruits_num / second_fruits_num / third_fruits_num,slope; per calendar day,3 valid surveys including current; min_periods=3,개,truss,feature_date,train median after pre-freeze screening; no row deletion,1,definition_ready,,State,작물 생육,착과 관측정보,1,frozen,CAT_023,strawberry_first
VG_Fruit_012,CAT_024,fruit_count__roll4_mean,해당 화방 착과수 roll4_mean,sfkr_pvsn_grow,first_fruits_num / second_fruits_num / third_fruits_num,mean,4 valid surveys including current; min_periods=4,개,truss,feature_date,train median after pre-freeze screening; no row deletion,1,definition_ready,,State,작물 생육,착과 관측정보,1,frozen,CAT_023,strawberry_first
VG_Fruit_012,CAT_024,fruit_count__roll4_std,해당 화방 착과수 roll4_std,sfkr_pvsn_grow,first_fruits_num / second_fruits_num / third_fruits_num,std; ddof=0,4 valid surveys including current; min_periods=4,개,truss,feature_date,train median after pre-freeze screening; no row deletion,1,definition_ready,,State,작물 생육,착과 관측정보,1,frozen,CAT_023,strawberry_first
VG_Fruit_012,CAT_024,fruit_count__roll4_min,해당 화방 착과수 roll4_min,sfkr_pvsn_grow,first_fruits_num / second_fruits_num / third_fruits_num,min,4 valid surveys including current; min_periods=4,개,truss,feature_date,train median after pre-freeze screening; no row deletion,1,definition_ready,,State,작물 생육,착과 관측정보,1,frozen,CAT_023,strawberry_first
VG_Fruit_012,CAT_024,fruit_count__roll4_max,해당 화방 착과수 roll4_max,sfkr_pvsn_grow,first_fruits_num / second_fruits_num / third_fruits_num,max,4 valid surveys including current; min_periods=4,개,truss,feature_date,train median after pre-freeze screening; no row deletion,1,definition_ready,,State,작물 생육,착과 관측정보,1,frozen,CAT_023,strawberry_first
VG_Fruit_012,CAT_024,fruit_count__roll4_slope,해당 화방 착과수 roll4_slope,sfkr_pvsn_grow,first_fruits_num / second_fruits_num / third_fruits_num,slope; per calendar day,4 valid surveys including current; min_periods=4,개,truss,feature_date,train median after pre-freeze screening; no row deletion,1,definition_ready,,State,작물 생육,착과 관측정보,1,frozen,CAT_023,strawberry_first
VG_Fruit_012,CAT_030,days_since_previous,이전 조사 후 경과일,growth/crop source,measurement date/cropping_date/current count,observed history only; ISO week period=52.1775,through current,day,individual,feature_date,train median after pre-freeze screening; no row deletion,1,definition_ready,,Context,재배 맥락,시간정보,1,frozen,CAT_029,strawberry_first
VG_Fruit_012,CAT_030,days_since_first_measurement,최초 조사 후 경과일,growth/crop source,measurement date/cropping_date/current count,observed history only; ISO week period=52.1775,through current,day,individual,feature_date,train median after pre-freeze screening; no row deletion,1,definition_ready,,Context,재배 맥락,시간정보,1,frozen,CAT_029,strawberry_first
VG_Fruit_012,CAT_030,days_since_crop_start,작기 시작 후 경과일,growth/crop source,measurement date/cropping_date/current count,observed history only; ISO week period=52.1775,through current,day,individual,feature_date,train median after pre-freeze screening; no row deletion,1,definition_ready,,Context,재배 맥락,시간정보,1,frozen,CAT_029,strawberry_first
VG_Fruit_012,CAT_030,days_since_first_positive,최초 양수 관측 후 경과일,growth/crop source,measurement date/cropping_date/current count,observed history only; ISO week period=52.1775,through current,day,individual,feature_date,train median after pre-freeze screening; no row deletion,1,definition_ready,,Context,재배 맥락,시간정보,1,frozen,CAT_029,strawberry_first
VG_Fruit_012,CAT_030,week_sin,연중 주차 사인값,growth/crop source,measurement date/cropping_date/current count,observed history only; ISO week period=52.1775,through current,unitless,individual,feature_date,train median after pre-freeze screening; no row deletion,1,definition_ready,,Context,재배 맥락,시간정보,1,frozen,CAT_029,strawberry_first
VG_Fruit_012,CAT_030,week_cos,연중 주차 코사인값,growth/crop source,measurement date/cropping_date/current count,observed history only; ISO week period=52.1775,through current,unitless,individual,feature_date,train median after pre-freeze screening; no row deletion,1,definition_ready,,Context,재배 맥락,시간정보,1,frozen,CAT_029,strawberry_first
VG_Fruit_012,CAT_038,history_count,누적 조사 횟수,growth/crop source,measurement date/cropping_date/current count,observed history only; ISO week period=52.1775,through current,count,individual,feature_date,train median after pre-freeze screening; no row deletion,1,definition_ready,,Context,재배 맥락,조사이력,1,frozen,CAT_037,strawberry_first
VG_Fruit_014,CAT_024,fruit_count__current,해당 화방 착과수 current,sfkr_pvsn_grow,first_fruits_num / second_fruits_num / third_fruits_num,current valid observation,current,개,truss,feature_date,train median after pre-freeze screening; no row deletion,1,definition_ready,,State,작물 생육,착과 관측정보,1,frozen,CAT_023,strawberry_first
VG_Fruit_014,CAT_024,fruit_count__delta,해당 화방 착과수 delta,sfkr_pvsn_grow,first_fruits_num / second_fruits_num / third_fruits_num,current minus previous,1 survey,개,truss,feature_date,train median after pre-freeze screening; no row deletion,1,definition_ready,,State,작물 생육,착과 관측정보,1,frozen,CAT_023,strawberry_first
VG_Fruit_014,CAT_024,fruit_count__delta_per_day,해당 화방 착과수 delta_per_day,sfkr_pvsn_grow,first_fruits_num / second_fruits_num / third_fruits_num,delta / positive elapsed days,1 survey,개,truss,feature_date,train median after pre-freeze screening; no row deletion,1,definition_ready,,State,작물 생육,착과 관측정보,1,frozen,CAT_023,strawberry_first
VG_Fruit_014,CAT_024,fruit_count__lag1,해당 화방 착과수 lag1,sfkr_pvsn_grow,first_fruits_num / second_fruits_num / third_fruits_num,lag 1,1 surveys,개,truss,feature_date,train median after pre-freeze screening; no row deletion,1,definition_ready,,State,작물 생육,착과 관측정보,1,frozen,CAT_023,strawberry_first
VG_Fruit_014,CAT_024,fruit_count__lag2,해당 화방 착과수 lag2,sfkr_pvsn_grow,first_fruits_num / second_fruits_num / third_fruits_num,lag 2,2 surveys,개,truss,feature_date,train median after pre-freeze screening; no row deletion,1,definition_ready,,State,작물 생육,착과 관측정보,1,frozen,CAT_023,strawberry_first
VG_Fruit_014,CAT_024,fruit_count__lag3,해당 화방 착과수 lag3,sfkr_pvsn_grow,first_fruits_num / second_fruits_num / third_fruits_num,lag 3,3 surveys,개,truss,feature_date,train median after pre-freeze screening; no row deletion,1,definition_ready,,State,작물 생육,착과 관측정보,1,frozen,CAT_023,strawberry_first
VG_Fruit_014,CAT_024,fruit_count__roll2_std,해당 화방 착과수 roll2_std,sfkr_pvsn_grow,first_fruits_num / second_fruits_num / third_fruits_num,std; ddof=0,2 valid surveys including current; min_periods=2,개,truss,feature_date,train median after pre-freeze screening; no row deletion,1,definition_ready,,State,작물 생육,착과 관측정보,1,frozen,CAT_023,strawberry_first
VG_Fruit_014,CAT_024,fruit_count__roll3_mean,해당 화방 착과수 roll3_mean,sfkr_pvsn_grow,first_fruits_num / second_fruits_num / third_fruits_num,mean,3 valid surveys including current; min_periods=3,개,truss,feature_date,train median after pre-freeze screening; no row deletion,1,definition_ready,,State,작물 생육,착과 관측정보,1,frozen,CAT_023,strawberry_first
VG_Fruit_014,CAT_024,fruit_count__roll3_std,해당 화방 착과수 roll3_std,sfkr_pvsn_grow,first_fruits_num / second_fruits_num / third_fruits_num,std; ddof=0,3 valid surveys including current; min_periods=3,개,truss,feature_date,train median after pre-freeze screening; no row deletion,1,definition_ready,,State,작물 생육,착과 관측정보,1,frozen,CAT_023,strawberry_first
VG_Fruit_014,CAT_024,fruit_count__roll3_min,해당 화방 착과수 roll3_min,sfkr_pvsn_grow,first_fruits_num / second_fruits_num / third_fruits_num,min,3 valid surveys including current; min_periods=3,개,truss,feature_date,train median after pre-freeze screening; no row deletion,1,definition_ready,,State,작물 생육,착과 관측정보,1,frozen,CAT_023,strawberry_first
VG_Fruit_014,CAT_024,fruit_count__roll3_max,해당 화방 착과수 roll3_max,sfkr_pvsn_grow,first_fruits_num / second_fruits_num / third_fruits_num,max,3 valid surveys including current; min_periods=3,개,truss,feature_date,train median after pre-freeze screening; no row deletion,1,definition_ready,,State,작물 생육,착과 관측정보,1,frozen,CAT_023,strawberry_first
VG_Fruit_014,CAT_024,fruit_count__roll3_slope,해당 화방 착과수 roll3_slope,sfkr_pvsn_grow,first_fruits_num / second_fruits_num / third_fruits_num,slope; per calendar day,3 valid surveys including current; min_periods=3,개,truss,feature_date,train median after pre-freeze screening; no row deletion,1,definition_ready,,State,작물 생육,착과 관측정보,1,frozen,CAT_023,strawberry_first
VG_Fruit_014,CAT_024,fruit_count__roll4_mean,해당 화방 착과수 roll4_mean,sfkr_pvsn_grow,first_fruits_num / second_fruits_num / third_fruits_num,mean,4 valid surveys including current; min_periods=4,개,truss,feature_date,train median after pre-freeze screening; no row deletion,1,definition_ready,,State,작물 생육,착과 관측정보,1,frozen,CAT_023,strawberry_first
VG_Fruit_014,CAT_024,fruit_count__roll4_std,해당 화방 착과수 roll4_std,sfkr_pvsn_grow,first_fruits_num / second_fruits_num / third_fruits_num,std; ddof=0,4 valid surveys including current; min_periods=4,개,truss,feature_date,train median after pre-freeze screening; no row deletion,1,definition_ready,,State,작물 생육,착과 관측정보,1,frozen,CAT_023,strawberry_first
VG_Fruit_014,CAT_024,fruit_count__roll4_min,해당 화방 착과수 roll4_min,sfkr_pvsn_grow,first_fruits_num / second_fruits_num / third_fruits_num,min,4 valid surveys including current; min_periods=4,개,truss,feature_date,train median after pre-freeze screening; no row deletion,1,definition_ready,,State,작물 생육,착과 관측정보,1,frozen,CAT_023,strawberry_first
VG_Fruit_014,CAT_024,fruit_count__roll4_max,해당 화방 착과수 roll4_max,sfkr_pvsn_grow,first_fruits_num / second_fruits_num / third_fruits_num,max,4 valid surveys including current; min_periods=4,개,truss,feature_date,train median after pre-freeze screening; no row deletion,1,definition_ready,,State,작물 생육,착과 관측정보,1,frozen,CAT_023,strawberry_first
VG_Fruit_014,CAT_024,fruit_count__roll4_slope,해당 화방 착과수 roll4_slope,sfkr_pvsn_grow,first_fruits_num / second_fruits_num / third_fruits_num,slope; per calendar day,4 valid surveys including current; min_periods=4,개,truss,feature_date,train median after pre-freeze screening; no row deletion,1,definition_ready,,State,작물 생육,착과 관측정보,1,frozen,CAT_023,strawberry_first
VG_Fruit_014,CAT_030,days_since_previous,이전 조사 후 경과일,growth/crop source,measurement date/cropping_date/current count,observed history only; ISO week period=52.1775,through current,day,individual,feature_date,train median after pre-freeze screening; no row deletion,1,definition_ready,,Context,재배 맥락,시간정보,1,frozen,CAT_029,strawberry_first
VG_Fruit_014,CAT_030,days_since_first_measurement,최초 조사 후 경과일,growth/crop source,measurement date/cropping_date/current count,observed history only; ISO week period=52.1775,through current,day,individual,feature_date,train median after pre-freeze screening; no row deletion,1,definition_ready,,Context,재배 맥락,시간정보,1,frozen,CAT_029,strawberry_first
VG_Fruit_014,CAT_030,days_since_crop_start,작기 시작 후 경과일,growth/crop source,measurement date/cropping_date/current count,observed history only; ISO week period=52.1775,through current,day,individual,feature_date,train median after pre-freeze screening; no row deletion,1,definition_ready,,Context,재배 맥락,시간정보,1,frozen,CAT_029,strawberry_first
VG_Fruit_014,CAT_030,days_since_first_positive,최초 양수 관측 후 경과일,growth/crop source,measurement date/cropping_date/current count,observed history only; ISO week period=52.1775,through current,day,individual,feature_date,train median after pre-freeze screening; no row deletion,1,definition_ready,,Context,재배 맥락,시간정보,1,frozen,CAT_029,strawberry_first
VG_Fruit_014,CAT_030,week_sin,연중 주차 사인값,growth/crop source,measurement date/cropping_date/current count,observed history only; ISO week period=52.1775,through current,unitless,individual,feature_date,train median after pre-freeze screening; no row deletion,1,definition_ready,,Context,재배 맥락,시간정보,1,frozen,CAT_029,strawberry_first
VG_Fruit_014,CAT_030,week_cos,연중 주차 코사인값,growth/crop source,measurement date/cropping_date/current count,observed history only; ISO week period=52.1775,through current,unitless,individual,feature_date,train median after pre-freeze screening; no row deletion,1,definition_ready,,Context,재배 맥락,시간정보,1,frozen,CAT_029,strawberry_first
VG_Fruit_004,CAT_030,days_since_previous,이전 조사 후 경과일,growth/crop source,measurement date/cropping_date/current count,observed history only; ISO week period=52.1775,through current,day,individual,feature_date,train median after pre-freeze screening; no row deletion,1,definition_ready,,Context,재배 맥락,시간정보,1,frozen,CAT_029,strawberry_first
VG_Fruit_004,CAT_030,days_since_first_measurement,최초 조사 후 경과일,growth/crop source,measurement date/cropping_date/current count,observed history only; ISO week period=52.1775,through current,day,individual,feature_date,train median after pre-freeze screening; no row deletion,1,definition_ready,,Context,재배 맥락,시간정보,1,frozen,CAT_029,strawberry_first
VG_Fruit_004,CAT_030,days_since_crop_start,작기 시작 후 경과일,growth/crop source,measurement date/cropping_date/current count,observed history only; ISO week period=52.1775,through current,day,individual,feature_date,train median after pre-freeze screening; no row deletion,1,definition_ready,,Context,재배 맥락,시간정보,1,frozen,CAT_029,strawberry_first
VG_Fruit_004,CAT_030,days_since_first_positive,최초 양수 관측 후 경과일,growth/crop source,measurement date/cropping_date/current count,observed history only; ISO week period=52.1775,through current,day,individual,feature_date,train median after pre-freeze screening; no row deletion,1,definition_ready,,Context,재배 맥락,시간정보,1,frozen,CAT_029,strawberry_first
VG_Fruit_004,CAT_030,week_sin,연중 주차 사인값,growth/crop source,measurement date/cropping_date/current count,observed history only; ISO week period=52.1775,through current,unitless,individual,feature_date,train median after pre-freeze screening; no row deletion,1,definition_ready,,Context,재배 맥락,시간정보,1,frozen,CAT_029,strawberry_first
VG_Fruit_004,CAT_030,week_cos,연중 주차 코사인값,growth/crop source,measurement date/cropping_date/current count,observed history only; ISO week period=52.1775,through current,unitless,individual,feature_date,train median after pre-freeze screening; no row deletion,1,definition_ready,,Context,재배 맥락,시간정보,1,frozen,CAT_029,strawberry_first
VG_Fruit_005,CAT_038,history_count,누적 조사 횟수,growth/crop source,measurement date/cropping_date/current count,observed history only; ISO week period=52.1775,through current,count,individual,feature_date,train median after pre-freeze screening; no row deletion,1,definition_ready,,Context,재배 맥락,조사이력,1,frozen,CAT_037,strawberry_first
