Variable_ID,Variable_Name,Source_Table,Source_Field_or_Code,Category_ID,Derivation,Window,Unit,Entity_Level,Reference_Time,Missing_Rule,Definition_Version,Availability_Status,Reason
item_code,품목코드,sfkr_pvsn_crop,item_code,CAT_034,current as-of feature date,current,source definition,crop_cycle,feature_date,train median after pre-freeze screening; no row deletion,1,needs_review,as-of validity and units require verification
cropping_system,"재배방식 코드(1:토경, 2:수경)",sfkr_pvsn_crop,cropping_system,CAT_034,current as-of feature date,current,source definition,crop_cycle,feature_date,train median after pre-freeze screening; no row deletion,1,needs_review,as-of validity and units require verification
cultivation_area,재배 면적(평),sfkr_pvsn_crop,cultivation_area,CAT_019,current as-of feature date,current,source definition,crop_cycle,feature_date,train median after pre-freeze screening; no row deletion,1,needs_review,as-of validity and units require verification
cal_cultivation_area,재배 면적(㎡),sfkr_pvsn_crop,cal_cultivation_area,CAT_019,current as-of feature date,current,source definition,crop_cycle,feature_date,train median after pre-freeze screening; no row deletion,1,needs_review,as-of validity and units require verification
plant_num,재식수량,sfkr_pvsn_crop,plant_num,CAT_019,current as-of feature date,current,source definition,crop_cycle,feature_date,train median after pre-freeze screening; no row deletion,1,needs_review,as-of validity and units require verification
cal_plant_num,1㎡당 재식수량,sfkr_pvsn_crop,cal_plant_num,CAT_019,current as-of feature date,current,source definition,crop_cycle,feature_date,train median after pre-freeze screening; no row deletion,1,needs_review,as-of validity and units require verification
plant_density,재식밀도,sfkr_pvsn_crop,plant_density,CAT_019,current as-of feature date,current,source definition,crop_cycle,feature_date,train median after pre-freeze screening; no row deletion,1,needs_review,as-of validity and units require verification
leaves_length__current,엽장 current,sfkr_pvsn_grow,leaves_length,CAT_027,current valid observation,current,source unit requires verification,individual,feature_date,train median after pre-freeze screening; no row deletion,1,needs_review,measurement unit/provenance must be verified
leaves_length__delta,엽장 delta,sfkr_pvsn_grow,leaves_length,CAT_027,current minus previous,1 survey,source unit requires verification,individual,feature_date,train median after pre-freeze screening; no row deletion,1,needs_review,measurement unit/provenance must be verified
leaves_length__delta_per_day,엽장 delta_per_day,sfkr_pvsn_grow,leaves_length,CAT_027,delta / positive elapsed days,1 survey,source unit requires verification,individual,feature_date,train median after pre-freeze screening; no row deletion,1,needs_review,measurement unit/provenance must be verified
leaves_length__lag1,엽장 lag1,sfkr_pvsn_grow,leaves_length,CAT_027,lag 1,1 surveys,source unit requires verification,individual,feature_date,train median after pre-freeze screening; no row deletion,1,needs_review,measurement unit/provenance must be verified
leaves_length__lag2,엽장 lag2,sfkr_pvsn_grow,leaves_length,CAT_027,lag 2,2 surveys,source unit requires verification,individual,feature_date,train median after pre-freeze screening; no row deletion,1,needs_review,measurement unit/provenance must be verified
leaves_length__lag3,엽장 lag3,sfkr_pvsn_grow,leaves_length,CAT_027,lag 3,3 surveys,source unit requires verification,individual,feature_date,train median after pre-freeze screening; no row deletion,1,needs_review,measurement unit/provenance must be verified
leaves_length__roll2_mean,엽장 roll2_mean,sfkr_pvsn_grow,leaves_length,CAT_027,mean,2 valid surveys including current; min_periods=2,source unit requires verification,individual,feature_date,train median after pre-freeze screening; no row deletion,1,needs_review,measurement unit/provenance must be verified
leaves_length__roll2_std,엽장 roll2_std,sfkr_pvsn_grow,leaves_length,CAT_027,std; ddof=0,2 valid surveys including current; min_periods=2,source unit requires verification,individual,feature_date,train median after pre-freeze screening; no row deletion,1,needs_review,measurement unit/provenance must be verified
leaves_length__roll2_min,엽장 roll2_min,sfkr_pvsn_grow,leaves_length,CAT_027,min,2 valid surveys including current; min_periods=2,source unit requires verification,individual,feature_date,train median after pre-freeze screening; no row deletion,1,needs_review,measurement unit/provenance must be verified
leaves_length__roll2_max,엽장 roll2_max,sfkr_pvsn_grow,leaves_length,CAT_027,max,2 valid surveys including current; min_periods=2,source unit requires verification,individual,feature_date,train median after pre-freeze screening; no row deletion,1,needs_review,measurement unit/provenance must be verified
leaves_length__roll2_slope,엽장 roll2_slope,sfkr_pvsn_grow,leaves_length,CAT_027,slope; per calendar day,2 valid surveys including current; min_periods=2,source unit requires verification,individual,feature_date,train median after pre-freeze screening; no row deletion,1,needs_review,measurement unit/provenance must be verified
leaves_length__roll3_mean,엽장 roll3_mean,sfkr_pvsn_grow,leaves_length,CAT_027,mean,3 valid surveys including current; min_periods=3,source unit requires verification,individual,feature_date,train median after pre-freeze screening; no row deletion,1,needs_review,measurement unit/provenance must be verified
leaves_length__roll3_std,엽장 roll3_std,sfkr_pvsn_grow,leaves_length,CAT_027,std; ddof=0,3 valid surveys including current; min_periods=3,source unit requires verification,individual,feature_date,train median after pre-freeze screening; no row deletion,1,needs_review,measurement unit/provenance must be verified
leaves_length__roll3_min,엽장 roll3_min,sfkr_pvsn_grow,leaves_length,CAT_027,min,3 valid surveys including current; min_periods=3,source unit requires verification,individual,feature_date,train median after pre-freeze screening; no row deletion,1,needs_review,measurement unit/provenance must be verified
leaves_length__roll3_max,엽장 roll3_max,sfkr_pvsn_grow,leaves_length,CAT_027,max,3 valid surveys including current; min_periods=3,source unit requires verification,individual,feature_date,train median after pre-freeze screening; no row deletion,1,needs_review,measurement unit/provenance must be verified
leaves_length__roll3_slope,엽장 roll3_slope,sfkr_pvsn_grow,leaves_length,CAT_027,slope; per calendar day,3 valid surveys including current; min_periods=3,source unit requires verification,individual,feature_date,train median after pre-freeze screening; no row deletion,1,needs_review,measurement unit/provenance must be verified
leaves_length__roll4_mean,엽장 roll4_mean,sfkr_pvsn_grow,leaves_length,CAT_027,mean,4 valid surveys including current; min_periods=4,source unit requires verification,individual,feature_date,train median after pre-freeze screening; no row deletion,1,needs_review,measurement unit/provenance must be verified
leaves_length__roll4_std,엽장 roll4_std,sfkr_pvsn_grow,leaves_length,CAT_027,std; ddof=0,4 valid surveys including current; min_periods=4,source unit requires verification,individual,feature_date,train median after pre-freeze screening; no row deletion,1,needs_review,measurement unit/provenance must be verified
leaves_length__roll4_min,엽장 roll4_min,sfkr_pvsn_grow,leaves_length,CAT_027,min,4 valid surveys including current; min_periods=4,source unit requires verification,individual,feature_date,train median after pre-freeze screening; no row deletion,1,needs_review,measurement unit/provenance must be verified
leaves_length__roll4_max,엽장 roll4_max,sfkr_pvsn_grow,leaves_length,CAT_027,max,4 valid surveys including current; min_periods=4,source unit requires verification,individual,feature_date,train median after pre-freeze screening; no row deletion,1,needs_review,measurement unit/provenance must be verified
leaves_length__roll4_slope,엽장 roll4_slope,sfkr_pvsn_grow,leaves_length,CAT_027,slope; per calendar day,4 valid surveys including current; min_periods=4,source unit requires verification,individual,feature_date,train median after pre-freeze screening; no row deletion,1,needs_review,measurement unit/provenance must be verified
leaves_num__current,엽수 current,sfkr_pvsn_grow,leaves_num,CAT_027,current valid observation,current,개,individual,feature_date,train median after pre-freeze screening; no row deletion,1,needs_review,raw history required
leaves_num__delta,엽수 delta,sfkr_pvsn_grow,leaves_num,CAT_027,current minus previous,1 survey,개,individual,feature_date,train median after pre-freeze screening; no row deletion,1,needs_review,raw history required
leaves_num__delta_per_day,엽수 delta_per_day,sfkr_pvsn_grow,leaves_num,CAT_027,delta / positive elapsed days,1 survey,개,individual,feature_date,train median after pre-freeze screening; no row deletion,1,needs_review,raw history required
leaves_num__lag1,엽수 lag1,sfkr_pvsn_grow,leaves_num,CAT_027,lag 1,1 surveys,개,individual,feature_date,train median after pre-freeze screening; no row deletion,1,needs_review,raw history required
leaves_num__lag2,엽수 lag2,sfkr_pvsn_grow,leaves_num,CAT_027,lag 2,2 surveys,개,individual,feature_date,train median after pre-freeze screening; no row deletion,1,needs_review,raw history required
leaves_num__lag3,엽수 lag3,sfkr_pvsn_grow,leaves_num,CAT_027,lag 3,3 surveys,개,individual,feature_date,train median after pre-freeze screening; no row deletion,1,needs_review,raw history required
leaves_num__roll2_mean,엽수 roll2_mean,sfkr_pvsn_grow,leaves_num,CAT_027,mean,2 valid surveys including current; min_periods=2,개,individual,feature_date,train median after pre-freeze screening; no row deletion,1,needs_review,raw history required
leaves_num__roll2_std,엽수 roll2_std,sfkr_pvsn_grow,leaves_num,CAT_027,std; ddof=0,2 valid surveys including current; min_periods=2,개,individual,feature_date,train median after pre-freeze screening; no row deletion,1,needs_review,raw history required
leaves_num__roll2_min,엽수 roll2_min,sfkr_pvsn_grow,leaves_num,CAT_027,min,2 valid surveys including current; min_periods=2,개,individual,feature_date,train median after pre-freeze screening; no row deletion,1,needs_review,raw history required
leaves_num__roll2_max,엽수 roll2_max,sfkr_pvsn_grow,leaves_num,CAT_027,max,2 valid surveys including current; min_periods=2,개,individual,feature_date,train median after pre-freeze screening; no row deletion,1,needs_review,raw history required
leaves_num__roll2_slope,엽수 roll2_slope,sfkr_pvsn_grow,leaves_num,CAT_027,slope; per calendar day,2 valid surveys including current; min_periods=2,개,individual,feature_date,train median after pre-freeze screening; no row deletion,1,needs_review,raw history required
leaves_num__roll3_mean,엽수 roll3_mean,sfkr_pvsn_grow,leaves_num,CAT_027,mean,3 valid surveys including current; min_periods=3,개,individual,feature_date,train median after pre-freeze screening; no row deletion,1,needs_review,raw history required
leaves_num__roll3_std,엽수 roll3_std,sfkr_pvsn_grow,leaves_num,CAT_027,std; ddof=0,3 valid surveys including current; min_periods=3,개,individual,feature_date,train median after pre-freeze screening; no row deletion,1,needs_review,raw history required
leaves_num__roll3_min,엽수 roll3_min,sfkr_pvsn_grow,leaves_num,CAT_027,min,3 valid surveys including current; min_periods=3,개,individual,feature_date,train median after pre-freeze screening; no row deletion,1,needs_review,raw history required
leaves_num__roll3_max,엽수 roll3_max,sfkr_pvsn_grow,leaves_num,CAT_027,max,3 valid surveys including current; min_periods=3,개,individual,feature_date,train median after pre-freeze screening; no row deletion,1,needs_review,raw history required
leaves_num__roll3_slope,엽수 roll3_slope,sfkr_pvsn_grow,leaves_num,CAT_027,slope; per calendar day,3 valid surveys including current; min_periods=3,개,individual,feature_date,train median after pre-freeze screening; no row deletion,1,needs_review,raw history required
leaves_num__roll4_mean,엽수 roll4_mean,sfkr_pvsn_grow,leaves_num,CAT_027,mean,4 valid surveys including current; min_periods=4,개,individual,feature_date,train median after pre-freeze screening; no row deletion,1,needs_review,raw history required
leaves_num__roll4_std,엽수 roll4_std,sfkr_pvsn_grow,leaves_num,CAT_027,std; ddof=0,4 valid surveys including current; min_periods=4,개,individual,feature_date,train median after pre-freeze screening; no row deletion,1,needs_review,raw history required
leaves_num__roll4_min,엽수 roll4_min,sfkr_pvsn_grow,leaves_num,CAT_027,min,4 valid surveys including current; min_periods=4,개,individual,feature_date,train median after pre-freeze screening; no row deletion,1,needs_review,raw history required
leaves_num__roll4_max,엽수 roll4_max,sfkr_pvsn_grow,leaves_num,CAT_027,max,4 valid surveys including current; min_periods=4,개,individual,feature_date,train median after pre-freeze screening; no row deletion,1,needs_review,raw history required
leaves_num__roll4_slope,엽수 roll4_slope,sfkr_pvsn_grow,leaves_num,CAT_027,slope; per calendar day,4 valid surveys including current; min_periods=4,개,individual,feature_date,train median after pre-freeze screening; no row deletion,1,needs_review,raw history required
leaves_width__current,엽폭 current,sfkr_pvsn_grow,leaves_width,CAT_027,current valid observation,current,source unit requires verification,individual,feature_date,train median after pre-freeze screening; no row deletion,1,needs_review,measurement unit/provenance must be verified
leaves_width__delta,엽폭 delta,sfkr_pvsn_grow,leaves_width,CAT_027,current minus previous,1 survey,source unit requires verification,individual,feature_date,train median after pre-freeze screening; no row deletion,1,needs_review,measurement unit/provenance must be verified
leaves_width__delta_per_day,엽폭 delta_per_day,sfkr_pvsn_grow,leaves_width,CAT_027,delta / positive elapsed days,1 survey,source unit requires verification,individual,feature_date,train median after pre-freeze screening; no row deletion,1,needs_review,measurement unit/provenance must be verified
leaves_width__lag1,엽폭 lag1,sfkr_pvsn_grow,leaves_width,CAT_027,lag 1,1 surveys,source unit requires verification,individual,feature_date,train median after pre-freeze screening; no row deletion,1,needs_review,measurement unit/provenance must be verified
leaves_width__lag2,엽폭 lag2,sfkr_pvsn_grow,leaves_width,CAT_027,lag 2,2 surveys,source unit requires verification,individual,feature_date,train median after pre-freeze screening; no row deletion,1,needs_review,measurement unit/provenance must be verified
leaves_width__lag3,엽폭 lag3,sfkr_pvsn_grow,leaves_width,CAT_027,lag 3,3 surveys,source unit requires verification,individual,feature_date,train median after pre-freeze screening; no row deletion,1,needs_review,measurement unit/provenance must be verified
leaves_width__roll2_mean,엽폭 roll2_mean,sfkr_pvsn_grow,leaves_width,CAT_027,mean,2 valid surveys including current; min_periods=2,source unit requires verification,individual,feature_date,train median after pre-freeze screening; no row deletion,1,needs_review,measurement unit/provenance must be verified
leaves_width__roll2_std,엽폭 roll2_std,sfkr_pvsn_grow,leaves_width,CAT_027,std; ddof=0,2 valid surveys including current; min_periods=2,source unit requires verification,individual,feature_date,train median after pre-freeze screening; no row deletion,1,needs_review,measurement unit/provenance must be verified
leaves_width__roll2_min,엽폭 roll2_min,sfkr_pvsn_grow,leaves_width,CAT_027,min,2 valid surveys including current; min_periods=2,source unit requires verification,individual,feature_date,train median after pre-freeze screening; no row deletion,1,needs_review,measurement unit/provenance must be verified
leaves_width__roll2_max,엽폭 roll2_max,sfkr_pvsn_grow,leaves_width,CAT_027,max,2 valid surveys including current; min_periods=2,source unit requires verification,individual,feature_date,train median after pre-freeze screening; no row deletion,1,needs_review,measurement unit/provenance must be verified
leaves_width__roll2_slope,엽폭 roll2_slope,sfkr_pvsn_grow,leaves_width,CAT_027,slope; per calendar day,2 valid surveys including current; min_periods=2,source unit requires verification,individual,feature_date,train median after pre-freeze screening; no row deletion,1,needs_review,measurement unit/provenance must be verified
leaves_width__roll3_mean,엽폭 roll3_mean,sfkr_pvsn_grow,leaves_width,CAT_027,mean,3 valid surveys including current; min_periods=3,source unit requires verification,individual,feature_date,train median after pre-freeze screening; no row deletion,1,needs_review,measurement unit/provenance must be verified
leaves_width__roll3_std,엽폭 roll3_std,sfkr_pvsn_grow,leaves_width,CAT_027,std; ddof=0,3 valid surveys including current; min_periods=3,source unit requires verification,individual,feature_date,train median after pre-freeze screening; no row deletion,1,needs_review,measurement unit/provenance must be verified
leaves_width__roll3_min,엽폭 roll3_min,sfkr_pvsn_grow,leaves_width,CAT_027,min,3 valid surveys including current; min_periods=3,source unit requires verification,individual,feature_date,train median after pre-freeze screening; no row deletion,1,needs_review,measurement unit/provenance must be verified
leaves_width__roll3_max,엽폭 roll3_max,sfkr_pvsn_grow,leaves_width,CAT_027,max,3 valid surveys including current; min_periods=3,source unit requires verification,individual,feature_date,train median after pre-freeze screening; no row deletion,1,needs_review,measurement unit/provenance must be verified
leaves_width__roll3_slope,엽폭 roll3_slope,sfkr_pvsn_grow,leaves_width,CAT_027,slope; per calendar day,3 valid surveys including current; min_periods=3,source unit requires verification,individual,feature_date,train median after pre-freeze screening; no row deletion,1,needs_review,measurement unit/provenance must be verified
leaves_width__roll4_mean,엽폭 roll4_mean,sfkr_pvsn_grow,leaves_width,CAT_027,mean,4 valid surveys including current; min_periods=4,source unit requires verification,individual,feature_date,train median after pre-freeze screening; no row deletion,1,needs_review,measurement unit/provenance must be verified
leaves_width__roll4_std,엽폭 roll4_std,sfkr_pvsn_grow,leaves_width,CAT_027,std; ddof=0,4 valid surveys including current; min_periods=4,source unit requires verification,individual,feature_date,train median after pre-freeze screening; no row deletion,1,needs_review,measurement unit/provenance must be verified
leaves_width__roll4_min,엽폭 roll4_min,sfkr_pvsn_grow,leaves_width,CAT_027,min,4 valid surveys including current; min_periods=4,source unit requires verification,individual,feature_date,train median after pre-freeze screening; no row deletion,1,needs_review,measurement unit/provenance must be verified
leaves_width__roll4_max,엽폭 roll4_max,sfkr_pvsn_grow,leaves_width,CAT_027,max,4 valid surveys including current; min_periods=4,source unit requires verification,individual,feature_date,train median after pre-freeze screening; no row deletion,1,needs_review,measurement unit/provenance must be verified
leaves_width__roll4_slope,엽폭 roll4_slope,sfkr_pvsn_grow,leaves_width,CAT_027,slope; per calendar day,4 valid surveys including current; min_periods=4,source unit requires verification,individual,feature_date,train median after pre-freeze screening; no row deletion,1,needs_review,measurement unit/provenance must be verified
petiole_length__current,엽병장 current,sfkr_pvsn_grow,petiole_length,CAT_027,current valid observation,current,source unit requires verification,individual,feature_date,train median after pre-freeze screening; no row deletion,1,needs_review,measurement unit/provenance must be verified
petiole_length__delta,엽병장 delta,sfkr_pvsn_grow,petiole_length,CAT_027,current minus previous,1 survey,source unit requires verification,individual,feature_date,train median after pre-freeze screening; no row deletion,1,needs_review,measurement unit/provenance must be verified
petiole_length__delta_per_day,엽병장 delta_per_day,sfkr_pvsn_grow,petiole_length,CAT_027,delta / positive elapsed days,1 survey,source unit requires verification,individual,feature_date,train median after pre-freeze screening; no row deletion,1,needs_review,measurement unit/provenance must be verified
petiole_length__lag1,엽병장 lag1,sfkr_pvsn_grow,petiole_length,CAT_027,lag 1,1 surveys,source unit requires verification,individual,feature_date,train median after pre-freeze screening; no row deletion,1,needs_review,measurement unit/provenance must be verified
petiole_length__lag2,엽병장 lag2,sfkr_pvsn_grow,petiole_length,CAT_027,lag 2,2 surveys,source unit requires verification,individual,feature_date,train median after pre-freeze screening; no row deletion,1,needs_review,measurement unit/provenance must be verified
petiole_length__lag3,엽병장 lag3,sfkr_pvsn_grow,petiole_length,CAT_027,lag 3,3 surveys,source unit requires verification,individual,feature_date,train median after pre-freeze screening; no row deletion,1,needs_review,measurement unit/provenance must be verified
petiole_length__roll2_mean,엽병장 roll2_mean,sfkr_pvsn_grow,petiole_length,CAT_027,mean,2 valid surveys including current; min_periods=2,source unit requires verification,individual,feature_date,train median after pre-freeze screening; no row deletion,1,needs_review,measurement unit/provenance must be verified
petiole_length__roll2_std,엽병장 roll2_std,sfkr_pvsn_grow,petiole_length,CAT_027,std; ddof=0,2 valid surveys including current; min_periods=2,source unit requires verification,individual,feature_date,train median after pre-freeze screening; no row deletion,1,needs_review,measurement unit/provenance must be verified
petiole_length__roll2_min,엽병장 roll2_min,sfkr_pvsn_grow,petiole_length,CAT_027,min,2 valid surveys including current; min_periods=2,source unit requires verification,individual,feature_date,train median after pre-freeze screening; no row deletion,1,needs_review,measurement unit/provenance must be verified
petiole_length__roll2_max,엽병장 roll2_max,sfkr_pvsn_grow,petiole_length,CAT_027,max,2 valid surveys including current; min_periods=2,source unit requires verification,individual,feature_date,train median after pre-freeze screening; no row deletion,1,needs_review,measurement unit/provenance must be verified
petiole_length__roll2_slope,엽병장 roll2_slope,sfkr_pvsn_grow,petiole_length,CAT_027,slope; per calendar day,2 valid surveys including current; min_periods=2,source unit requires verification,individual,feature_date,train median after pre-freeze screening; no row deletion,1,needs_review,measurement unit/provenance must be verified
petiole_length__roll3_mean,엽병장 roll3_mean,sfkr_pvsn_grow,petiole_length,CAT_027,mean,3 valid surveys including current; min_periods=3,source unit requires verification,individual,feature_date,train median after pre-freeze screening; no row deletion,1,needs_review,measurement unit/provenance must be verified
petiole_length__roll3_std,엽병장 roll3_std,sfkr_pvsn_grow,petiole_length,CAT_027,std; ddof=0,3 valid surveys including current; min_periods=3,source unit requires verification,individual,feature_date,train median after pre-freeze screening; no row deletion,1,needs_review,measurement unit/provenance must be verified
petiole_length__roll3_min,엽병장 roll3_min,sfkr_pvsn_grow,petiole_length,CAT_027,min,3 valid surveys including current; min_periods=3,source unit requires verification,individual,feature_date,train median after pre-freeze screening; no row deletion,1,needs_review,measurement unit/provenance must be verified
petiole_length__roll3_max,엽병장 roll3_max,sfkr_pvsn_grow,petiole_length,CAT_027,max,3 valid surveys including current; min_periods=3,source unit requires verification,individual,feature_date,train median after pre-freeze screening; no row deletion,1,needs_review,measurement unit/provenance must be verified
petiole_length__roll3_slope,엽병장 roll3_slope,sfkr_pvsn_grow,petiole_length,CAT_027,slope; per calendar day,3 valid surveys including current; min_periods=3,source unit requires verification,individual,feature_date,train median after pre-freeze screening; no row deletion,1,needs_review,measurement unit/provenance must be verified
petiole_length__roll4_mean,엽병장 roll4_mean,sfkr_pvsn_grow,petiole_length,CAT_027,mean,4 valid surveys including current; min_periods=4,source unit requires verification,individual,feature_date,train median after pre-freeze screening; no row deletion,1,needs_review,measurement unit/provenance must be verified
petiole_length__roll4_std,엽병장 roll4_std,sfkr_pvsn_grow,petiole_length,CAT_027,std; ddof=0,4 valid surveys including current; min_periods=4,source unit requires verification,individual,feature_date,train median after pre-freeze screening; no row deletion,1,needs_review,measurement unit/provenance must be verified
petiole_length__roll4_min,엽병장 roll4_min,sfkr_pvsn_grow,petiole_length,CAT_027,min,4 valid surveys including current; min_periods=4,source unit requires verification,individual,feature_date,train median after pre-freeze screening; no row deletion,1,needs_review,measurement unit/provenance must be verified
petiole_length__roll4_max,엽병장 roll4_max,sfkr_pvsn_grow,petiole_length,CAT_027,max,4 valid surveys including current; min_periods=4,source unit requires verification,individual,feature_date,train median after pre-freeze screening; no row deletion,1,needs_review,measurement unit/provenance must be verified
petiole_length__roll4_slope,엽병장 roll4_slope,sfkr_pvsn_grow,petiole_length,CAT_027,slope; per calendar day,4 valid surveys including current; min_periods=4,source unit requires verification,individual,feature_date,train median after pre-freeze screening; no row deletion,1,needs_review,measurement unit/provenance must be verified
stem_diameter__current,줄기 직경 current,sfkr_pvsn_grow,stem_diameter,CAT_012,current valid observation,current,source unit requires verification,individual,feature_date,train median after pre-freeze screening; no row deletion,1,needs_review,measurement unit/provenance must be verified
stem_diameter__delta,줄기 직경 delta,sfkr_pvsn_grow,stem_diameter,CAT_012,current minus previous,1 survey,source unit requires verification,individual,feature_date,train median after pre-freeze screening; no row deletion,1,needs_review,measurement unit/provenance must be verified
stem_diameter__delta_per_day,줄기 직경 delta_per_day,sfkr_pvsn_grow,stem_diameter,CAT_012,delta / positive elapsed days,1 survey,source unit requires verification,individual,feature_date,train median after pre-freeze screening; no row deletion,1,needs_review,measurement unit/provenance must be verified
stem_diameter__lag1,줄기 직경 lag1,sfkr_pvsn_grow,stem_diameter,CAT_012,lag 1,1 surveys,source unit requires verification,individual,feature_date,train median after pre-freeze screening; no row deletion,1,needs_review,measurement unit/provenance must be verified
stem_diameter__lag2,줄기 직경 lag2,sfkr_pvsn_grow,stem_diameter,CAT_012,lag 2,2 surveys,source unit requires verification,individual,feature_date,train median after pre-freeze screening; no row deletion,1,needs_review,measurement unit/provenance must be verified
stem_diameter__lag3,줄기 직경 lag3,sfkr_pvsn_grow,stem_diameter,CAT_012,lag 3,3 surveys,source unit requires verification,individual,feature_date,train median after pre-freeze screening; no row deletion,1,needs_review,measurement unit/provenance must be verified
stem_diameter__roll2_mean,줄기 직경 roll2_mean,sfkr_pvsn_grow,stem_diameter,CAT_012,mean,2 valid surveys including current; min_periods=2,source unit requires verification,individual,feature_date,train median after pre-freeze screening; no row deletion,1,needs_review,measurement unit/provenance must be verified
stem_diameter__roll2_std,줄기 직경 roll2_std,sfkr_pvsn_grow,stem_diameter,CAT_012,std; ddof=0,2 valid surveys including current; min_periods=2,source unit requires verification,individual,feature_date,train median after pre-freeze screening; no row deletion,1,needs_review,measurement unit/provenance must be verified
stem_diameter__roll2_min,줄기 직경 roll2_min,sfkr_pvsn_grow,stem_diameter,CAT_012,min,2 valid surveys including current; min_periods=2,source unit requires verification,individual,feature_date,train median after pre-freeze screening; no row deletion,1,needs_review,measurement unit/provenance must be verified
stem_diameter__roll2_max,줄기 직경 roll2_max,sfkr_pvsn_grow,stem_diameter,CAT_012,max,2 valid surveys including current; min_periods=2,source unit requires verification,individual,feature_date,train median after pre-freeze screening; no row deletion,1,needs_review,measurement unit/provenance must be verified
stem_diameter__roll2_slope,줄기 직경 roll2_slope,sfkr_pvsn_grow,stem_diameter,CAT_012,slope; per calendar day,2 valid surveys including current; min_periods=2,source unit requires verification,individual,feature_date,train median after pre-freeze screening; no row deletion,1,needs_review,measurement unit/provenance must be verified
stem_diameter__roll3_mean,줄기 직경 roll3_mean,sfkr_pvsn_grow,stem_diameter,CAT_012,mean,3 valid surveys including current; min_periods=3,source unit requires verification,individual,feature_date,train median after pre-freeze screening; no row deletion,1,needs_review,measurement unit/provenance must be verified
stem_diameter__roll3_std,줄기 직경 roll3_std,sfkr_pvsn_grow,stem_diameter,CAT_012,std; ddof=0,3 valid surveys including current; min_periods=3,source unit requires verification,individual,feature_date,train median after pre-freeze screening; no row deletion,1,needs_review,measurement unit/provenance must be verified
stem_diameter__roll3_min,줄기 직경 roll3_min,sfkr_pvsn_grow,stem_diameter,CAT_012,min,3 valid surveys including current; min_periods=3,source unit requires verification,individual,feature_date,train median after pre-freeze screening; no row deletion,1,needs_review,measurement unit/provenance must be verified
stem_diameter__roll3_max,줄기 직경 roll3_max,sfkr_pvsn_grow,stem_diameter,CAT_012,max,3 valid surveys including current; min_periods=3,source unit requires verification,individual,feature_date,train median after pre-freeze screening; no row deletion,1,needs_review,measurement unit/provenance must be verified
stem_diameter__roll3_slope,줄기 직경 roll3_slope,sfkr_pvsn_grow,stem_diameter,CAT_012,slope; per calendar day,3 valid surveys including current; min_periods=3,source unit requires verification,individual,feature_date,train median after pre-freeze screening; no row deletion,1,needs_review,measurement unit/provenance must be verified
stem_diameter__roll4_mean,줄기 직경 roll4_mean,sfkr_pvsn_grow,stem_diameter,CAT_012,mean,4 valid surveys including current; min_periods=4,source unit requires verification,individual,feature_date,train median after pre-freeze screening; no row deletion,1,needs_review,measurement unit/provenance must be verified
stem_diameter__roll4_std,줄기 직경 roll4_std,sfkr_pvsn_grow,stem_diameter,CAT_012,std; ddof=0,4 valid surveys including current; min_periods=4,source unit requires verification,individual,feature_date,train median after pre-freeze screening; no row deletion,1,needs_review,measurement unit/provenance must be verified
stem_diameter__roll4_min,줄기 직경 roll4_min,sfkr_pvsn_grow,stem_diameter,CAT_012,min,4 valid surveys including current; min_periods=4,source unit requires verification,individual,feature_date,train median after pre-freeze screening; no row deletion,1,needs_review,measurement unit/provenance must be verified
stem_diameter__roll4_max,줄기 직경 roll4_max,sfkr_pvsn_grow,stem_diameter,CAT_012,max,4 valid surveys including current; min_periods=4,source unit requires verification,individual,feature_date,train median after pre-freeze screening; no row deletion,1,needs_review,measurement unit/provenance must be verified
stem_diameter__roll4_slope,줄기 직경 roll4_slope,sfkr_pvsn_grow,stem_diameter,CAT_012,slope; per calendar day,4 valid surveys including current; min_periods=4,source unit requires verification,individual,feature_date,train median after pre-freeze screening; no row deletion,1,needs_review,measurement unit/provenance must be verified
theca_diameter__current,관부 직경 current,sfkr_pvsn_grow,theca_diameter,CAT_012,current valid observation,current,source unit requires verification,individual,feature_date,train median after pre-freeze screening; no row deletion,1,needs_review,measurement unit/provenance must be verified
theca_diameter__delta,관부 직경 delta,sfkr_pvsn_grow,theca_diameter,CAT_012,current minus previous,1 survey,source unit requires verification,individual,feature_date,train median after pre-freeze screening; no row deletion,1,needs_review,measurement unit/provenance must be verified
theca_diameter__delta_per_day,관부 직경 delta_per_day,sfkr_pvsn_grow,theca_diameter,CAT_012,delta / positive elapsed days,1 survey,source unit requires verification,individual,feature_date,train median after pre-freeze screening; no row deletion,1,needs_review,measurement unit/provenance must be verified
theca_diameter__lag1,관부 직경 lag1,sfkr_pvsn_grow,theca_diameter,CAT_012,lag 1,1 surveys,source unit requires verification,individual,feature_date,train median after pre-freeze screening; no row deletion,1,needs_review,measurement unit/provenance must be verified
theca_diameter__lag2,관부 직경 lag2,sfkr_pvsn_grow,theca_diameter,CAT_012,lag 2,2 surveys,source unit requires verification,individual,feature_date,train median after pre-freeze screening; no row deletion,1,needs_review,measurement unit/provenance must be verified
theca_diameter__lag3,관부 직경 lag3,sfkr_pvsn_grow,theca_diameter,CAT_012,lag 3,3 surveys,source unit requires verification,individual,feature_date,train median after pre-freeze screening; no row deletion,1,needs_review,measurement unit/provenance must be verified
theca_diameter__roll2_mean,관부 직경 roll2_mean,sfkr_pvsn_grow,theca_diameter,CAT_012,mean,2 valid surveys including current; min_periods=2,source unit requires verification,individual,feature_date,train median after pre-freeze screening; no row deletion,1,needs_review,measurement unit/provenance must be verified
theca_diameter__roll2_std,관부 직경 roll2_std,sfkr_pvsn_grow,theca_diameter,CAT_012,std; ddof=0,2 valid surveys including current; min_periods=2,source unit requires verification,individual,feature_date,train median after pre-freeze screening; no row deletion,1,needs_review,measurement unit/provenance must be verified
theca_diameter__roll2_min,관부 직경 roll2_min,sfkr_pvsn_grow,theca_diameter,CAT_012,min,2 valid surveys including current; min_periods=2,source unit requires verification,individual,feature_date,train median after pre-freeze screening; no row deletion,1,needs_review,measurement unit/provenance must be verified
theca_diameter__roll2_max,관부 직경 roll2_max,sfkr_pvsn_grow,theca_diameter,CAT_012,max,2 valid surveys including current; min_periods=2,source unit requires verification,individual,feature_date,train median after pre-freeze screening; no row deletion,1,needs_review,measurement unit/provenance must be verified
theca_diameter__roll2_slope,관부 직경 roll2_slope,sfkr_pvsn_grow,theca_diameter,CAT_012,slope; per calendar day,2 valid surveys including current; min_periods=2,source unit requires verification,individual,feature_date,train median after pre-freeze screening; no row deletion,1,needs_review,measurement unit/provenance must be verified
theca_diameter__roll3_mean,관부 직경 roll3_mean,sfkr_pvsn_grow,theca_diameter,CAT_012,mean,3 valid surveys including current; min_periods=3,source unit requires verification,individual,feature_date,train median after pre-freeze screening; no row deletion,1,needs_review,measurement unit/provenance must be verified
theca_diameter__roll3_std,관부 직경 roll3_std,sfkr_pvsn_grow,theca_diameter,CAT_012,std; ddof=0,3 valid surveys including current; min_periods=3,source unit requires verification,individual,feature_date,train median after pre-freeze screening; no row deletion,1,needs_review,measurement unit/provenance must be verified
theca_diameter__roll3_min,관부 직경 roll3_min,sfkr_pvsn_grow,theca_diameter,CAT_012,min,3 valid surveys including current; min_periods=3,source unit requires verification,individual,feature_date,train median after pre-freeze screening; no row deletion,1,needs_review,measurement unit/provenance must be verified
theca_diameter__roll3_max,관부 직경 roll3_max,sfkr_pvsn_grow,theca_diameter,CAT_012,max,3 valid surveys including current; min_periods=3,source unit requires verification,individual,feature_date,train median after pre-freeze screening; no row deletion,1,needs_review,measurement unit/provenance must be verified
theca_diameter__roll3_slope,관부 직경 roll3_slope,sfkr_pvsn_grow,theca_diameter,CAT_012,slope; per calendar day,3 valid surveys including current; min_periods=3,source unit requires verification,individual,feature_date,train median after pre-freeze screening; no row deletion,1,needs_review,measurement unit/provenance must be verified
theca_diameter__roll4_mean,관부 직경 roll4_mean,sfkr_pvsn_grow,theca_diameter,CAT_012,mean,4 valid surveys including current; min_periods=4,source unit requires verification,individual,feature_date,train median after pre-freeze screening; no row deletion,1,needs_review,measurement unit/provenance must be verified
theca_diameter__roll4_std,관부 직경 roll4_std,sfkr_pvsn_grow,theca_diameter,CAT_012,std; ddof=0,4 valid surveys including current; min_periods=4,source unit requires verification,individual,feature_date,train median after pre-freeze screening; no row deletion,1,needs_review,measurement unit/provenance must be verified
theca_diameter__roll4_min,관부 직경 roll4_min,sfkr_pvsn_grow,theca_diameter,CAT_012,min,4 valid surveys including current; min_periods=4,source unit requires verification,individual,feature_date,train median after pre-freeze screening; no row deletion,1,needs_review,measurement unit/provenance must be verified
theca_diameter__roll4_max,관부 직경 roll4_max,sfkr_pvsn_grow,theca_diameter,CAT_012,max,4 valid surveys including current; min_periods=4,source unit requires verification,individual,feature_date,train median after pre-freeze screening; no row deletion,1,needs_review,measurement unit/provenance must be verified
theca_diameter__roll4_slope,관부 직경 roll4_slope,sfkr_pvsn_grow,theca_diameter,CAT_012,slope; per calendar day,4 valid surveys including current; min_periods=4,source unit requires verification,individual,feature_date,train median after pre-freeze screening; no row deletion,1,needs_review,measurement unit/provenance must be verified
grow_length__current,생장 길이 current,sfkr_pvsn_grow,grow_length,CAT_012,current valid observation,current,source unit requires verification,individual,feature_date,train median after pre-freeze screening; no row deletion,1,needs_review,measurement unit/provenance must be verified
grow_length__delta,생장 길이 delta,sfkr_pvsn_grow,grow_length,CAT_012,current minus previous,1 survey,source unit requires verification,individual,feature_date,train median after pre-freeze screening; no row deletion,1,needs_review,measurement unit/provenance must be verified
grow_length__delta_per_day,생장 길이 delta_per_day,sfkr_pvsn_grow,grow_length,CAT_012,delta / positive elapsed days,1 survey,source unit requires verification,individual,feature_date,train median after pre-freeze screening; no row deletion,1,needs_review,measurement unit/provenance must be verified
grow_length__lag1,생장 길이 lag1,sfkr_pvsn_grow,grow_length,CAT_012,lag 1,1 surveys,source unit requires verification,individual,feature_date,train median after pre-freeze screening; no row deletion,1,needs_review,measurement unit/provenance must be verified
grow_length__lag2,생장 길이 lag2,sfkr_pvsn_grow,grow_length,CAT_012,lag 2,2 surveys,source unit requires verification,individual,feature_date,train median after pre-freeze screening; no row deletion,1,needs_review,measurement unit/provenance must be verified
grow_length__lag3,생장 길이 lag3,sfkr_pvsn_grow,grow_length,CAT_012,lag 3,3 surveys,source unit requires verification,individual,feature_date,train median after pre-freeze screening; no row deletion,1,needs_review,measurement unit/provenance must be verified
grow_length__roll2_mean,생장 길이 roll2_mean,sfkr_pvsn_grow,grow_length,CAT_012,mean,2 valid surveys including current; min_periods=2,source unit requires verification,individual,feature_date,train median after pre-freeze screening; no row deletion,1,needs_review,measurement unit/provenance must be verified
grow_length__roll2_std,생장 길이 roll2_std,sfkr_pvsn_grow,grow_length,CAT_012,std; ddof=0,2 valid surveys including current; min_periods=2,source unit requires verification,individual,feature_date,train median after pre-freeze screening; no row deletion,1,needs_review,measurement unit/provenance must be verified
grow_length__roll2_min,생장 길이 roll2_min,sfkr_pvsn_grow,grow_length,CAT_012,min,2 valid surveys including current; min_periods=2,source unit requires verification,individual,feature_date,train median after pre-freeze screening; no row deletion,1,needs_review,measurement unit/provenance must be verified
grow_length__roll2_max,생장 길이 roll2_max,sfkr_pvsn_grow,grow_length,CAT_012,max,2 valid surveys including current; min_periods=2,source unit requires verification,individual,feature_date,train median after pre-freeze screening; no row deletion,1,needs_review,measurement unit/provenance must be verified
grow_length__roll2_slope,생장 길이 roll2_slope,sfkr_pvsn_grow,grow_length,CAT_012,slope; per calendar day,2 valid surveys including current; min_periods=2,source unit requires verification,individual,feature_date,train median after pre-freeze screening; no row deletion,1,needs_review,measurement unit/provenance must be verified
grow_length__roll3_mean,생장 길이 roll3_mean,sfkr_pvsn_grow,grow_length,CAT_012,mean,3 valid surveys including current; min_periods=3,source unit requires verification,individual,feature_date,train median after pre-freeze screening; no row deletion,1,needs_review,measurement unit/provenance must be verified
grow_length__roll3_std,생장 길이 roll3_std,sfkr_pvsn_grow,grow_length,CAT_012,std; ddof=0,3 valid surveys including current; min_periods=3,source unit requires verification,individual,feature_date,train median after pre-freeze screening; no row deletion,1,needs_review,measurement unit/provenance must be verified
grow_length__roll3_min,생장 길이 roll3_min,sfkr_pvsn_grow,grow_length,CAT_012,min,3 valid surveys including current; min_periods=3,source unit requires verification,individual,feature_date,train median after pre-freeze screening; no row deletion,1,needs_review,measurement unit/provenance must be verified
grow_length__roll3_max,생장 길이 roll3_max,sfkr_pvsn_grow,grow_length,CAT_012,max,3 valid surveys including current; min_periods=3,source unit requires verification,individual,feature_date,train median after pre-freeze screening; no row deletion,1,needs_review,measurement unit/provenance must be verified
grow_length__roll3_slope,생장 길이 roll3_slope,sfkr_pvsn_grow,grow_length,CAT_012,slope; per calendar day,3 valid surveys including current; min_periods=3,source unit requires verification,individual,feature_date,train median after pre-freeze screening; no row deletion,1,needs_review,measurement unit/provenance must be verified
grow_length__roll4_mean,생장 길이 roll4_mean,sfkr_pvsn_grow,grow_length,CAT_012,mean,4 valid surveys including current; min_periods=4,source unit requires verification,individual,feature_date,train median after pre-freeze screening; no row deletion,1,needs_review,measurement unit/provenance must be verified
grow_length__roll4_std,생장 길이 roll4_std,sfkr_pvsn_grow,grow_length,CAT_012,std; ddof=0,4 valid surveys including current; min_periods=4,source unit requires verification,individual,feature_date,train median after pre-freeze screening; no row deletion,1,needs_review,measurement unit/provenance must be verified
grow_length__roll4_min,생장 길이 roll4_min,sfkr_pvsn_grow,grow_length,CAT_012,min,4 valid surveys including current; min_periods=4,source unit requires verification,individual,feature_date,train median after pre-freeze screening; no row deletion,1,needs_review,measurement unit/provenance must be verified
grow_length__roll4_max,생장 길이 roll4_max,sfkr_pvsn_grow,grow_length,CAT_012,max,4 valid surveys including current; min_periods=4,source unit requires verification,individual,feature_date,train median after pre-freeze screening; no row deletion,1,needs_review,measurement unit/provenance must be verified
grow_length__roll4_slope,생장 길이 roll4_slope,sfkr_pvsn_grow,grow_length,CAT_012,slope; per calendar day,4 valid surveys including current; min_periods=4,source unit requires verification,individual,feature_date,train median after pre-freeze screening; no row deletion,1,needs_review,measurement unit/provenance must be verified
fruit_cluster_num__current,화방수 current,sfkr_pvsn_grow,fruit_cluster_num,CAT_002,current valid observation,current,개,individual,feature_date,train median after pre-freeze screening; no row deletion,1,needs_review,raw history required
fruit_cluster_num__delta,화방수 delta,sfkr_pvsn_grow,fruit_cluster_num,CAT_002,current minus previous,1 survey,개,individual,feature_date,train median after pre-freeze screening; no row deletion,1,needs_review,raw history required
fruit_cluster_num__delta_per_day,화방수 delta_per_day,sfkr_pvsn_grow,fruit_cluster_num,CAT_002,delta / positive elapsed days,1 survey,개,individual,feature_date,train median after pre-freeze screening; no row deletion,1,needs_review,raw history required
fruit_cluster_num__lag1,화방수 lag1,sfkr_pvsn_grow,fruit_cluster_num,CAT_002,lag 1,1 surveys,개,individual,feature_date,train median after pre-freeze screening; no row deletion,1,needs_review,raw history required
fruit_cluster_num__lag2,화방수 lag2,sfkr_pvsn_grow,fruit_cluster_num,CAT_002,lag 2,2 surveys,개,individual,feature_date,train median after pre-freeze screening; no row deletion,1,needs_review,raw history required
fruit_cluster_num__lag3,화방수 lag3,sfkr_pvsn_grow,fruit_cluster_num,CAT_002,lag 3,3 surveys,개,individual,feature_date,train median after pre-freeze screening; no row deletion,1,needs_review,raw history required
fruit_cluster_num__roll2_mean,화방수 roll2_mean,sfkr_pvsn_grow,fruit_cluster_num,CAT_002,mean,2 valid surveys including current; min_periods=2,개,individual,feature_date,train median after pre-freeze screening; no row deletion,1,needs_review,raw history required
fruit_cluster_num__roll2_std,화방수 roll2_std,sfkr_pvsn_grow,fruit_cluster_num,CAT_002,std; ddof=0,2 valid surveys including current; min_periods=2,개,individual,feature_date,train median after pre-freeze screening; no row deletion,1,needs_review,raw history required
fruit_cluster_num__roll2_min,화방수 roll2_min,sfkr_pvsn_grow,fruit_cluster_num,CAT_002,min,2 valid surveys including current; min_periods=2,개,individual,feature_date,train median after pre-freeze screening; no row deletion,1,needs_review,raw history required
fruit_cluster_num__roll2_max,화방수 roll2_max,sfkr_pvsn_grow,fruit_cluster_num,CAT_002,max,2 valid surveys including current; min_periods=2,개,individual,feature_date,train median after pre-freeze screening; no row deletion,1,needs_review,raw history required
fruit_cluster_num__roll2_slope,화방수 roll2_slope,sfkr_pvsn_grow,fruit_cluster_num,CAT_002,slope; per calendar day,2 valid surveys including current; min_periods=2,개,individual,feature_date,train median after pre-freeze screening; no row deletion,1,needs_review,raw history required
fruit_cluster_num__roll3_mean,화방수 roll3_mean,sfkr_pvsn_grow,fruit_cluster_num,CAT_002,mean,3 valid surveys including current; min_periods=3,개,individual,feature_date,train median after pre-freeze screening; no row deletion,1,needs_review,raw history required
fruit_cluster_num__roll3_std,화방수 roll3_std,sfkr_pvsn_grow,fruit_cluster_num,CAT_002,std; ddof=0,3 valid surveys including current; min_periods=3,개,individual,feature_date,train median after pre-freeze screening; no row deletion,1,needs_review,raw history required
fruit_cluster_num__roll3_min,화방수 roll3_min,sfkr_pvsn_grow,fruit_cluster_num,CAT_002,min,3 valid surveys including current; min_periods=3,개,individual,feature_date,train median after pre-freeze screening; no row deletion,1,needs_review,raw history required
fruit_cluster_num__roll3_max,화방수 roll3_max,sfkr_pvsn_grow,fruit_cluster_num,CAT_002,max,3 valid surveys including current; min_periods=3,개,individual,feature_date,train median after pre-freeze screening; no row deletion,1,needs_review,raw history required
fruit_cluster_num__roll3_slope,화방수 roll3_slope,sfkr_pvsn_grow,fruit_cluster_num,CAT_002,slope; per calendar day,3 valid surveys including current; min_periods=3,개,individual,feature_date,train median after pre-freeze screening; no row deletion,1,needs_review,raw history required
fruit_cluster_num__roll4_mean,화방수 roll4_mean,sfkr_pvsn_grow,fruit_cluster_num,CAT_002,mean,4 valid surveys including current; min_periods=4,개,individual,feature_date,train median after pre-freeze screening; no row deletion,1,needs_review,raw history required
fruit_cluster_num__roll4_std,화방수 roll4_std,sfkr_pvsn_grow,fruit_cluster_num,CAT_002,std; ddof=0,4 valid surveys including current; min_periods=4,개,individual,feature_date,train median after pre-freeze screening; no row deletion,1,needs_review,raw history required
fruit_cluster_num__roll4_min,화방수 roll4_min,sfkr_pvsn_grow,fruit_cluster_num,CAT_002,min,4 valid surveys including current; min_periods=4,개,individual,feature_date,train median after pre-freeze screening; no row deletion,1,needs_review,raw history required
fruit_cluster_num__roll4_max,화방수 roll4_max,sfkr_pvsn_grow,fruit_cluster_num,CAT_002,max,4 valid surveys including current; min_periods=4,개,individual,feature_date,train median after pre-freeze screening; no row deletion,1,needs_review,raw history required
fruit_cluster_num__roll4_slope,화방수 roll4_slope,sfkr_pvsn_grow,fruit_cluster_num,CAT_002,slope; per calendar day,4 valid surveys including current; min_periods=4,개,individual,feature_date,train median after pre-freeze screening; no row deletion,1,needs_review,raw history required
fruits_num__current,열매수 current,sfkr_pvsn_grow,fruits_num,CAT_022,current valid observation,current,개,individual,feature_date,train median after pre-freeze screening; no row deletion,1,needs_review,raw history required
fruits_num__delta,열매수 delta,sfkr_pvsn_grow,fruits_num,CAT_022,current minus previous,1 survey,개,individual,feature_date,train median after pre-freeze screening; no row deletion,1,needs_review,raw history required
fruits_num__delta_per_day,열매수 delta_per_day,sfkr_pvsn_grow,fruits_num,CAT_022,delta / positive elapsed days,1 survey,개,individual,feature_date,train median after pre-freeze screening; no row deletion,1,needs_review,raw history required
fruits_num__lag1,열매수 lag1,sfkr_pvsn_grow,fruits_num,CAT_022,lag 1,1 surveys,개,individual,feature_date,train median after pre-freeze screening; no row deletion,1,needs_review,raw history required
fruits_num__lag2,열매수 lag2,sfkr_pvsn_grow,fruits_num,CAT_022,lag 2,2 surveys,개,individual,feature_date,train median after pre-freeze screening; no row deletion,1,needs_review,raw history required
fruits_num__lag3,열매수 lag3,sfkr_pvsn_grow,fruits_num,CAT_022,lag 3,3 surveys,개,individual,feature_date,train median after pre-freeze screening; no row deletion,1,needs_review,raw history required
fruits_num__roll2_mean,열매수 roll2_mean,sfkr_pvsn_grow,fruits_num,CAT_022,mean,2 valid surveys including current; min_periods=2,개,individual,feature_date,train median after pre-freeze screening; no row deletion,1,needs_review,raw history required
fruits_num__roll2_std,열매수 roll2_std,sfkr_pvsn_grow,fruits_num,CAT_022,std; ddof=0,2 valid surveys including current; min_periods=2,개,individual,feature_date,train median after pre-freeze screening; no row deletion,1,needs_review,raw history required
fruits_num__roll2_min,열매수 roll2_min,sfkr_pvsn_grow,fruits_num,CAT_022,min,2 valid surveys including current; min_periods=2,개,individual,feature_date,train median after pre-freeze screening; no row deletion,1,needs_review,raw history required
fruits_num__roll2_max,열매수 roll2_max,sfkr_pvsn_grow,fruits_num,CAT_022,max,2 valid surveys including current; min_periods=2,개,individual,feature_date,train median after pre-freeze screening; no row deletion,1,needs_review,raw history required
fruits_num__roll2_slope,열매수 roll2_slope,sfkr_pvsn_grow,fruits_num,CAT_022,slope; per calendar day,2 valid surveys including current; min_periods=2,개,individual,feature_date,train median after pre-freeze screening; no row deletion,1,needs_review,raw history required
fruits_num__roll3_mean,열매수 roll3_mean,sfkr_pvsn_grow,fruits_num,CAT_022,mean,3 valid surveys including current; min_periods=3,개,individual,feature_date,train median after pre-freeze screening; no row deletion,1,needs_review,raw history required
fruits_num__roll3_std,열매수 roll3_std,sfkr_pvsn_grow,fruits_num,CAT_022,std; ddof=0,3 valid surveys including current; min_periods=3,개,individual,feature_date,train median after pre-freeze screening; no row deletion,1,needs_review,raw history required
fruits_num__roll3_min,열매수 roll3_min,sfkr_pvsn_grow,fruits_num,CAT_022,min,3 valid surveys including current; min_periods=3,개,individual,feature_date,train median after pre-freeze screening; no row deletion,1,needs_review,raw history required
fruits_num__roll3_max,열매수 roll3_max,sfkr_pvsn_grow,fruits_num,CAT_022,max,3 valid surveys including current; min_periods=3,개,individual,feature_date,train median after pre-freeze screening; no row deletion,1,needs_review,raw history required
fruits_num__roll3_slope,열매수 roll3_slope,sfkr_pvsn_grow,fruits_num,CAT_022,slope; per calendar day,3 valid surveys including current; min_periods=3,개,individual,feature_date,train median after pre-freeze screening; no row deletion,1,needs_review,raw history required
fruits_num__roll4_mean,열매수 roll4_mean,sfkr_pvsn_grow,fruits_num,CAT_022,mean,4 valid surveys including current; min_periods=4,개,individual,feature_date,train median after pre-freeze screening; no row deletion,1,needs_review,raw history required
fruits_num__roll4_std,열매수 roll4_std,sfkr_pvsn_grow,fruits_num,CAT_022,std; ddof=0,4 valid surveys including current; min_periods=4,개,individual,feature_date,train median after pre-freeze screening; no row deletion,1,needs_review,raw history required
fruits_num__roll4_min,열매수 roll4_min,sfkr_pvsn_grow,fruits_num,CAT_022,min,4 valid surveys including current; min_periods=4,개,individual,feature_date,train median after pre-freeze screening; no row deletion,1,needs_review,raw history required
fruits_num__roll4_max,열매수 roll4_max,sfkr_pvsn_grow,fruits_num,CAT_022,max,4 valid surveys including current; min_periods=4,개,individual,feature_date,train median after pre-freeze screening; no row deletion,1,needs_review,raw history required
fruits_num__roll4_slope,열매수 roll4_slope,sfkr_pvsn_grow,fruits_num,CAT_022,slope; per calendar day,4 valid surveys including current; min_periods=4,개,individual,feature_date,train median after pre-freeze screening; no row deletion,1,needs_review,raw history required
fruits_weight__current,평균과중 current,sfkr_pvsn_grow,fruits_weight,CAT_022,current valid observation,current,source unit requires verification,individual,feature_date,train median after pre-freeze screening; no row deletion,1,needs_review,measurement unit/provenance must be verified
fruits_weight__delta,평균과중 delta,sfkr_pvsn_grow,fruits_weight,CAT_022,current minus previous,1 survey,source unit requires verification,individual,feature_date,train median after pre-freeze screening; no row deletion,1,needs_review,measurement unit/provenance must be verified
fruits_weight__delta_per_day,평균과중 delta_per_day,sfkr_pvsn_grow,fruits_weight,CAT_022,delta / positive elapsed days,1 survey,source unit requires verification,individual,feature_date,train median after pre-freeze screening; no row deletion,1,needs_review,measurement unit/provenance must be verified
fruits_weight__lag1,평균과중 lag1,sfkr_pvsn_grow,fruits_weight,CAT_022,lag 1,1 surveys,source unit requires verification,individual,feature_date,train median after pre-freeze screening; no row deletion,1,needs_review,measurement unit/provenance must be verified
fruits_weight__lag2,평균과중 lag2,sfkr_pvsn_grow,fruits_weight,CAT_022,lag 2,2 surveys,source unit requires verification,individual,feature_date,train median after pre-freeze screening; no row deletion,1,needs_review,measurement unit/provenance must be verified
fruits_weight__lag3,평균과중 lag3,sfkr_pvsn_grow,fruits_weight,CAT_022,lag 3,3 surveys,source unit requires verification,individual,feature_date,train median after pre-freeze screening; no row deletion,1,needs_review,measurement unit/provenance must be verified
fruits_weight__roll2_mean,평균과중 roll2_mean,sfkr_pvsn_grow,fruits_weight,CAT_022,mean,2 valid surveys including current; min_periods=2,source unit requires verification,individual,feature_date,train median after pre-freeze screening; no row deletion,1,needs_review,measurement unit/provenance must be verified
fruits_weight__roll2_std,평균과중 roll2_std,sfkr_pvsn_grow,fruits_weight,CAT_022,std; ddof=0,2 valid surveys including current; min_periods=2,source unit requires verification,individual,feature_date,train median after pre-freeze screening; no row deletion,1,needs_review,measurement unit/provenance must be verified
fruits_weight__roll2_min,평균과중 roll2_min,sfkr_pvsn_grow,fruits_weight,CAT_022,min,2 valid surveys including current; min_periods=2,source unit requires verification,individual,feature_date,train median after pre-freeze screening; no row deletion,1,needs_review,measurement unit/provenance must be verified
fruits_weight__roll2_max,평균과중 roll2_max,sfkr_pvsn_grow,fruits_weight,CAT_022,max,2 valid surveys including current; min_periods=2,source unit requires verification,individual,feature_date,train median after pre-freeze screening; no row deletion,1,needs_review,measurement unit/provenance must be verified
fruits_weight__roll2_slope,평균과중 roll2_slope,sfkr_pvsn_grow,fruits_weight,CAT_022,slope; per calendar day,2 valid surveys including current; min_periods=2,source unit requires verification,individual,feature_date,train median after pre-freeze screening; no row deletion,1,needs_review,measurement unit/provenance must be verified
fruits_weight__roll3_mean,평균과중 roll3_mean,sfkr_pvsn_grow,fruits_weight,CAT_022,mean,3 valid surveys including current; min_periods=3,source unit requires verification,individual,feature_date,train median after pre-freeze screening; no row deletion,1,needs_review,measurement unit/provenance must be verified
fruits_weight__roll3_std,평균과중 roll3_std,sfkr_pvsn_grow,fruits_weight,CAT_022,std; ddof=0,3 valid surveys including current; min_periods=3,source unit requires verification,individual,feature_date,train median after pre-freeze screening; no row deletion,1,needs_review,measurement unit/provenance must be verified
fruits_weight__roll3_min,평균과중 roll3_min,sfkr_pvsn_grow,fruits_weight,CAT_022,min,3 valid surveys including current; min_periods=3,source unit requires verification,individual,feature_date,train median after pre-freeze screening; no row deletion,1,needs_review,measurement unit/provenance must be verified
fruits_weight__roll3_max,평균과중 roll3_max,sfkr_pvsn_grow,fruits_weight,CAT_022,max,3 valid surveys including current; min_periods=3,source unit requires verification,individual,feature_date,train median after pre-freeze screening; no row deletion,1,needs_review,measurement unit/provenance must be verified
fruits_weight__roll3_slope,평균과중 roll3_slope,sfkr_pvsn_grow,fruits_weight,CAT_022,slope; per calendar day,3 valid surveys including current; min_periods=3,source unit requires verification,individual,feature_date,train median after pre-freeze screening; no row deletion,1,needs_review,measurement unit/provenance must be verified
fruits_weight__roll4_mean,평균과중 roll4_mean,sfkr_pvsn_grow,fruits_weight,CAT_022,mean,4 valid surveys including current; min_periods=4,source unit requires verification,individual,feature_date,train median after pre-freeze screening; no row deletion,1,needs_review,measurement unit/provenance must be verified
fruits_weight__roll4_std,평균과중 roll4_std,sfkr_pvsn_grow,fruits_weight,CAT_022,std; ddof=0,4 valid surveys including current; min_periods=4,source unit requires verification,individual,feature_date,train median after pre-freeze screening; no row deletion,1,needs_review,measurement unit/provenance must be verified
fruits_weight__roll4_min,평균과중 roll4_min,sfkr_pvsn_grow,fruits_weight,CAT_022,min,4 valid surveys including current; min_periods=4,source unit requires verification,individual,feature_date,train median after pre-freeze screening; no row deletion,1,needs_review,measurement unit/provenance must be verified
fruits_weight__roll4_max,평균과중 roll4_max,sfkr_pvsn_grow,fruits_weight,CAT_022,max,4 valid surveys including current; min_periods=4,source unit requires verification,individual,feature_date,train median after pre-freeze screening; no row deletion,1,needs_review,measurement unit/provenance must be verified
fruits_weight__roll4_slope,평균과중 roll4_slope,sfkr_pvsn_grow,fruits_weight,CAT_022,slope; per calendar day,4 valid surveys including current; min_periods=4,source unit requires verification,individual,feature_date,train median after pre-freeze screening; no row deletion,1,needs_review,measurement unit/provenance must be verified
flower_count__current,전체 꽃 수 current,sfkr_hbfm_grow,growth_measure_code + resolved value column,CAT_020,current valid observation,current,개,individual,feature_date,train median after pre-freeze screening; no row deletion,1,definition_ready,
flower_count__delta,전체 꽃 수 delta,sfkr_hbfm_grow,growth_measure_code + resolved value column,CAT_020,current minus previous,1 survey,개,individual,feature_date,train median after pre-freeze screening; no row deletion,1,definition_ready,
flower_count__delta_per_day,전체 꽃 수 delta_per_day,sfkr_hbfm_grow,growth_measure_code + resolved value column,CAT_020,delta / positive elapsed days,1 survey,개,individual,feature_date,train median after pre-freeze screening; no row deletion,1,definition_ready,
flower_count__lag1,전체 꽃 수 lag1,sfkr_hbfm_grow,growth_measure_code + resolved value column,CAT_020,lag 1,1 surveys,개,individual,feature_date,train median after pre-freeze screening; no row deletion,1,definition_ready,
flower_count__lag2,전체 꽃 수 lag2,sfkr_hbfm_grow,growth_measure_code + resolved value column,CAT_020,lag 2,2 surveys,개,individual,feature_date,train median after pre-freeze screening; no row deletion,1,definition_ready,
flower_count__lag3,전체 꽃 수 lag3,sfkr_hbfm_grow,growth_measure_code + resolved value column,CAT_020,lag 3,3 surveys,개,individual,feature_date,train median after pre-freeze screening; no row deletion,1,definition_ready,
flower_count__roll2_mean,전체 꽃 수 roll2_mean,sfkr_hbfm_grow,growth_measure_code + resolved value column,CAT_020,mean,2 valid surveys including current; min_periods=2,개,individual,feature_date,train median after pre-freeze screening; no row deletion,1,definition_ready,
flower_count__roll2_std,전체 꽃 수 roll2_std,sfkr_hbfm_grow,growth_measure_code + resolved value column,CAT_020,std; ddof=0,2 valid surveys including current; min_periods=2,개,individual,feature_date,train median after pre-freeze screening; no row deletion,1,definition_ready,
flower_count__roll2_min,전체 꽃 수 roll2_min,sfkr_hbfm_grow,growth_measure_code + resolved value column,CAT_020,min,2 valid surveys including current; min_periods=2,개,individual,feature_date,train median after pre-freeze screening; no row deletion,1,definition_ready,
flower_count__roll2_max,전체 꽃 수 roll2_max,sfkr_hbfm_grow,growth_measure_code + resolved value column,CAT_020,max,2 valid surveys including current; min_periods=2,개,individual,feature_date,train median after pre-freeze screening; no row deletion,1,definition_ready,
flower_count__roll2_slope,전체 꽃 수 roll2_slope,sfkr_hbfm_grow,growth_measure_code + resolved value column,CAT_020,slope; per calendar day,2 valid surveys including current; min_periods=2,개,individual,feature_date,train median after pre-freeze screening; no row deletion,1,definition_ready,
flower_count__roll3_mean,전체 꽃 수 roll3_mean,sfkr_hbfm_grow,growth_measure_code + resolved value column,CAT_020,mean,3 valid surveys including current; min_periods=3,개,individual,feature_date,train median after pre-freeze screening; no row deletion,1,definition_ready,
flower_count__roll3_std,전체 꽃 수 roll3_std,sfkr_hbfm_grow,growth_measure_code + resolved value column,CAT_020,std; ddof=0,3 valid surveys including current; min_periods=3,개,individual,feature_date,train median after pre-freeze screening; no row deletion,1,definition_ready,
flower_count__roll3_min,전체 꽃 수 roll3_min,sfkr_hbfm_grow,growth_measure_code + resolved value column,CAT_020,min,3 valid surveys including current; min_periods=3,개,individual,feature_date,train median after pre-freeze screening; no row deletion,1,definition_ready,
flower_count__roll3_max,전체 꽃 수 roll3_max,sfkr_hbfm_grow,growth_measure_code + resolved value column,CAT_020,max,3 valid surveys including current; min_periods=3,개,individual,feature_date,train median after pre-freeze screening; no row deletion,1,definition_ready,
flower_count__roll3_slope,전체 꽃 수 roll3_slope,sfkr_hbfm_grow,growth_measure_code + resolved value column,CAT_020,slope; per calendar day,3 valid surveys including current; min_periods=3,개,individual,feature_date,train median after pre-freeze screening; no row deletion,1,definition_ready,
flower_count__roll4_mean,전체 꽃 수 roll4_mean,sfkr_hbfm_grow,growth_measure_code + resolved value column,CAT_020,mean,4 valid surveys including current; min_periods=4,개,individual,feature_date,train median after pre-freeze screening; no row deletion,1,definition_ready,
flower_count__roll4_std,전체 꽃 수 roll4_std,sfkr_hbfm_grow,growth_measure_code + resolved value column,CAT_020,std; ddof=0,4 valid surveys including current; min_periods=4,개,individual,feature_date,train median after pre-freeze screening; no row deletion,1,definition_ready,
flower_count__roll4_min,전체 꽃 수 roll4_min,sfkr_hbfm_grow,growth_measure_code + resolved value column,CAT_020,min,4 valid surveys including current; min_periods=4,개,individual,feature_date,train median after pre-freeze screening; no row deletion,1,definition_ready,
flower_count__roll4_max,전체 꽃 수 roll4_max,sfkr_hbfm_grow,growth_measure_code + resolved value column,CAT_020,max,4 valid surveys including current; min_periods=4,개,individual,feature_date,train median after pre-freeze screening; no row deletion,1,definition_ready,
flower_count__roll4_slope,전체 꽃 수 roll4_slope,sfkr_hbfm_grow,growth_measure_code + resolved value column,CAT_020,slope; per calendar day,4 valid surveys including current; min_periods=4,개,individual,feature_date,train median after pre-freeze screening; no row deletion,1,definition_ready,
fruit_count__current,해당 화방 착과수 current,sfkr_pvsn_grow,first_fruits_num / second_fruits_num / third_fruits_num,CAT_023,current valid observation,current,개,truss,feature_date,train median after pre-freeze screening; no row deletion,1,definition_ready,
fruit_count__delta,해당 화방 착과수 delta,sfkr_pvsn_grow,first_fruits_num / second_fruits_num / third_fruits_num,CAT_023,current minus previous,1 survey,개,truss,feature_date,train median after pre-freeze screening; no row deletion,1,definition_ready,
fruit_count__delta_per_day,해당 화방 착과수 delta_per_day,sfkr_pvsn_grow,first_fruits_num / second_fruits_num / third_fruits_num,CAT_023,delta / positive elapsed days,1 survey,개,truss,feature_date,train median after pre-freeze screening; no row deletion,1,definition_ready,
fruit_count__lag1,해당 화방 착과수 lag1,sfkr_pvsn_grow,first_fruits_num / second_fruits_num / third_fruits_num,CAT_023,lag 1,1 surveys,개,truss,feature_date,train median after pre-freeze screening; no row deletion,1,definition_ready,
fruit_count__lag2,해당 화방 착과수 lag2,sfkr_pvsn_grow,first_fruits_num / second_fruits_num / third_fruits_num,CAT_023,lag 2,2 surveys,개,truss,feature_date,train median after pre-freeze screening; no row deletion,1,definition_ready,
fruit_count__lag3,해당 화방 착과수 lag3,sfkr_pvsn_grow,first_fruits_num / second_fruits_num / third_fruits_num,CAT_023,lag 3,3 surveys,개,truss,feature_date,train median after pre-freeze screening; no row deletion,1,definition_ready,
fruit_count__roll2_mean,해당 화방 착과수 roll2_mean,sfkr_pvsn_grow,first_fruits_num / second_fruits_num / third_fruits_num,CAT_023,mean,2 valid surveys including current; min_periods=2,개,truss,feature_date,train median after pre-freeze screening; no row deletion,1,definition_ready,
fruit_count__roll2_std,해당 화방 착과수 roll2_std,sfkr_pvsn_grow,first_fruits_num / second_fruits_num / third_fruits_num,CAT_023,std; ddof=0,2 valid surveys including current; min_periods=2,개,truss,feature_date,train median after pre-freeze screening; no row deletion,1,definition_ready,
fruit_count__roll2_min,해당 화방 착과수 roll2_min,sfkr_pvsn_grow,first_fruits_num / second_fruits_num / third_fruits_num,CAT_023,min,2 valid surveys including current; min_periods=2,개,truss,feature_date,train median after pre-freeze screening; no row deletion,1,definition_ready,
fruit_count__roll2_max,해당 화방 착과수 roll2_max,sfkr_pvsn_grow,first_fruits_num / second_fruits_num / third_fruits_num,CAT_023,max,2 valid surveys including current; min_periods=2,개,truss,feature_date,train median after pre-freeze screening; no row deletion,1,definition_ready,
fruit_count__roll2_slope,해당 화방 착과수 roll2_slope,sfkr_pvsn_grow,first_fruits_num / second_fruits_num / third_fruits_num,CAT_023,slope; per calendar day,2 valid surveys including current; min_periods=2,개,truss,feature_date,train median after pre-freeze screening; no row deletion,1,definition_ready,
fruit_count__roll3_mean,해당 화방 착과수 roll3_mean,sfkr_pvsn_grow,first_fruits_num / second_fruits_num / third_fruits_num,CAT_023,mean,3 valid surveys including current; min_periods=3,개,truss,feature_date,train median after pre-freeze screening; no row deletion,1,definition_ready,
fruit_count__roll3_std,해당 화방 착과수 roll3_std,sfkr_pvsn_grow,first_fruits_num / second_fruits_num / third_fruits_num,CAT_023,std; ddof=0,3 valid surveys including current; min_periods=3,개,truss,feature_date,train median after pre-freeze screening; no row deletion,1,definition_ready,
fruit_count__roll3_min,해당 화방 착과수 roll3_min,sfkr_pvsn_grow,first_fruits_num / second_fruits_num / third_fruits_num,CAT_023,min,3 valid surveys including current; min_periods=3,개,truss,feature_date,train median after pre-freeze screening; no row deletion,1,definition_ready,
fruit_count__roll3_max,해당 화방 착과수 roll3_max,sfkr_pvsn_grow,first_fruits_num / second_fruits_num / third_fruits_num,CAT_023,max,3 valid surveys including current; min_periods=3,개,truss,feature_date,train median after pre-freeze screening; no row deletion,1,definition_ready,
fruit_count__roll3_slope,해당 화방 착과수 roll3_slope,sfkr_pvsn_grow,first_fruits_num / second_fruits_num / third_fruits_num,CAT_023,slope; per calendar day,3 valid surveys including current; min_periods=3,개,truss,feature_date,train median after pre-freeze screening; no row deletion,1,definition_ready,
fruit_count__roll4_mean,해당 화방 착과수 roll4_mean,sfkr_pvsn_grow,first_fruits_num / second_fruits_num / third_fruits_num,CAT_023,mean,4 valid surveys including current; min_periods=4,개,truss,feature_date,train median after pre-freeze screening; no row deletion,1,definition_ready,
fruit_count__roll4_std,해당 화방 착과수 roll4_std,sfkr_pvsn_grow,first_fruits_num / second_fruits_num / third_fruits_num,CAT_023,std; ddof=0,4 valid surveys including current; min_periods=4,개,truss,feature_date,train median after pre-freeze screening; no row deletion,1,definition_ready,
fruit_count__roll4_min,해당 화방 착과수 roll4_min,sfkr_pvsn_grow,first_fruits_num / second_fruits_num / third_fruits_num,CAT_023,min,4 valid surveys including current; min_periods=4,개,truss,feature_date,train median after pre-freeze screening; no row deletion,1,definition_ready,
fruit_count__roll4_max,해당 화방 착과수 roll4_max,sfkr_pvsn_grow,first_fruits_num / second_fruits_num / third_fruits_num,CAT_023,max,4 valid surveys including current; min_periods=4,개,truss,feature_date,train median after pre-freeze screening; no row deletion,1,definition_ready,
fruit_count__roll4_slope,해당 화방 착과수 roll4_slope,sfkr_pvsn_grow,first_fruits_num / second_fruits_num / third_fruits_num,CAT_023,slope; per calendar day,4 valid surveys including current; min_periods=4,개,truss,feature_date,train median after pre-freeze screening; no row deletion,1,definition_ready,
current_max_truss_number__current,최대 관측 화방번호 current,sfkr_hbfm_grow,growth_measure_code,CAT_002,current valid observation,current,번호,individual,feature_date,train median after pre-freeze screening; no row deletion,1,definition_ready,
current_max_truss_number__delta,최대 관측 화방번호 delta,sfkr_hbfm_grow,growth_measure_code,CAT_002,current minus previous,1 survey,번호,individual,feature_date,train median after pre-freeze screening; no row deletion,1,definition_ready,
current_max_truss_number__delta_per_day,최대 관측 화방번호 delta_per_day,sfkr_hbfm_grow,growth_measure_code,CAT_002,delta / positive elapsed days,1 survey,번호,individual,feature_date,train median after pre-freeze screening; no row deletion,1,definition_ready,
current_max_truss_number__lag1,최대 관측 화방번호 lag1,sfkr_hbfm_grow,growth_measure_code,CAT_002,lag 1,1 surveys,번호,individual,feature_date,train median after pre-freeze screening; no row deletion,1,definition_ready,
current_max_truss_number__lag2,최대 관측 화방번호 lag2,sfkr_hbfm_grow,growth_measure_code,CAT_002,lag 2,2 surveys,번호,individual,feature_date,train median after pre-freeze screening; no row deletion,1,definition_ready,
current_max_truss_number__lag3,최대 관측 화방번호 lag3,sfkr_hbfm_grow,growth_measure_code,CAT_002,lag 3,3 surveys,번호,individual,feature_date,train median after pre-freeze screening; no row deletion,1,definition_ready,
current_max_truss_number__roll2_mean,최대 관측 화방번호 roll2_mean,sfkr_hbfm_grow,growth_measure_code,CAT_002,mean,2 valid surveys including current; min_periods=2,번호,individual,feature_date,train median after pre-freeze screening; no row deletion,1,definition_ready,
current_max_truss_number__roll2_std,최대 관측 화방번호 roll2_std,sfkr_hbfm_grow,growth_measure_code,CAT_002,std; ddof=0,2 valid surveys including current; min_periods=2,번호,individual,feature_date,train median after pre-freeze screening; no row deletion,1,definition_ready,
current_max_truss_number__roll2_min,최대 관측 화방번호 roll2_min,sfkr_hbfm_grow,growth_measure_code,CAT_002,min,2 valid surveys including current; min_periods=2,번호,individual,feature_date,train median after pre-freeze screening; no row deletion,1,definition_ready,
current_max_truss_number__roll2_max,최대 관측 화방번호 roll2_max,sfkr_hbfm_grow,growth_measure_code,CAT_002,max,2 valid surveys including current; min_periods=2,번호,individual,feature_date,train median after pre-freeze screening; no row deletion,1,definition_ready,
current_max_truss_number__roll2_slope,최대 관측 화방번호 roll2_slope,sfkr_hbfm_grow,growth_measure_code,CAT_002,slope; per calendar day,2 valid surveys including current; min_periods=2,번호,individual,feature_date,train median after pre-freeze screening; no row deletion,1,definition_ready,
current_max_truss_number__roll3_mean,최대 관측 화방번호 roll3_mean,sfkr_hbfm_grow,growth_measure_code,CAT_002,mean,3 valid surveys including current; min_periods=3,번호,individual,feature_date,train median after pre-freeze screening; no row deletion,1,definition_ready,
current_max_truss_number__roll3_std,최대 관측 화방번호 roll3_std,sfkr_hbfm_grow,growth_measure_code,CAT_002,std; ddof=0,3 valid surveys including current; min_periods=3,번호,individual,feature_date,train median after pre-freeze screening; no row deletion,1,definition_ready,
current_max_truss_number__roll3_min,최대 관측 화방번호 roll3_min,sfkr_hbfm_grow,growth_measure_code,CAT_002,min,3 valid surveys including current; min_periods=3,번호,individual,feature_date,train median after pre-freeze screening; no row deletion,1,definition_ready,
current_max_truss_number__roll3_max,최대 관측 화방번호 roll3_max,sfkr_hbfm_grow,growth_measure_code,CAT_002,max,3 valid surveys including current; min_periods=3,번호,individual,feature_date,train median after pre-freeze screening; no row deletion,1,definition_ready,
current_max_truss_number__roll3_slope,최대 관측 화방번호 roll3_slope,sfkr_hbfm_grow,growth_measure_code,CAT_002,slope; per calendar day,3 valid surveys including current; min_periods=3,번호,individual,feature_date,train median after pre-freeze screening; no row deletion,1,definition_ready,
current_max_truss_number__roll4_mean,최대 관측 화방번호 roll4_mean,sfkr_hbfm_grow,growth_measure_code,CAT_002,mean,4 valid surveys including current; min_periods=4,번호,individual,feature_date,train median after pre-freeze screening; no row deletion,1,definition_ready,
current_max_truss_number__roll4_std,최대 관측 화방번호 roll4_std,sfkr_hbfm_grow,growth_measure_code,CAT_002,std; ddof=0,4 valid surveys including current; min_periods=4,번호,individual,feature_date,train median after pre-freeze screening; no row deletion,1,definition_ready,
current_max_truss_number__roll4_min,최대 관측 화방번호 roll4_min,sfkr_hbfm_grow,growth_measure_code,CAT_002,min,4 valid surveys including current; min_periods=4,번호,individual,feature_date,train median after pre-freeze screening; no row deletion,1,definition_ready,
current_max_truss_number__roll4_max,최대 관측 화방번호 roll4_max,sfkr_hbfm_grow,growth_measure_code,CAT_002,max,4 valid surveys including current; min_periods=4,번호,individual,feature_date,train median after pre-freeze screening; no row deletion,1,definition_ready,
current_max_truss_number__roll4_slope,최대 관측 화방번호 roll4_slope,sfkr_hbfm_grow,growth_measure_code,CAT_002,slope; per calendar day,4 valid surveys including current; min_periods=4,번호,individual,feature_date,train median after pre-freeze screening; no row deletion,1,definition_ready,
positive_truss_count__current,꽃이 있는 화방 수 current,sfkr_hbfm_grow,growth_measure_code + resolved value column,CAT_002,current valid observation,current,개,individual,feature_date,train median after pre-freeze screening; no row deletion,1,definition_ready,
positive_truss_count__delta,꽃이 있는 화방 수 delta,sfkr_hbfm_grow,growth_measure_code + resolved value column,CAT_002,current minus previous,1 survey,개,individual,feature_date,train median after pre-freeze screening; no row deletion,1,definition_ready,
positive_truss_count__delta_per_day,꽃이 있는 화방 수 delta_per_day,sfkr_hbfm_grow,growth_measure_code + resolved value column,CAT_002,delta / positive elapsed days,1 survey,개,individual,feature_date,train median after pre-freeze screening; no row deletion,1,definition_ready,
positive_truss_count__lag1,꽃이 있는 화방 수 lag1,sfkr_hbfm_grow,growth_measure_code + resolved value column,CAT_002,lag 1,1 surveys,개,individual,feature_date,train median after pre-freeze screening; no row deletion,1,definition_ready,
positive_truss_count__lag2,꽃이 있는 화방 수 lag2,sfkr_hbfm_grow,growth_measure_code + resolved value column,CAT_002,lag 2,2 surveys,개,individual,feature_date,train median after pre-freeze screening; no row deletion,1,definition_ready,
positive_truss_count__lag3,꽃이 있는 화방 수 lag3,sfkr_hbfm_grow,growth_measure_code + resolved value column,CAT_002,lag 3,3 surveys,개,individual,feature_date,train median after pre-freeze screening; no row deletion,1,definition_ready,
positive_truss_count__roll2_mean,꽃이 있는 화방 수 roll2_mean,sfkr_hbfm_grow,growth_measure_code + resolved value column,CAT_002,mean,2 valid surveys including current; min_periods=2,개,individual,feature_date,train median after pre-freeze screening; no row deletion,1,definition_ready,
positive_truss_count__roll2_std,꽃이 있는 화방 수 roll2_std,sfkr_hbfm_grow,growth_measure_code + resolved value column,CAT_002,std; ddof=0,2 valid surveys including current; min_periods=2,개,individual,feature_date,train median after pre-freeze screening; no row deletion,1,definition_ready,
positive_truss_count__roll2_min,꽃이 있는 화방 수 roll2_min,sfkr_hbfm_grow,growth_measure_code + resolved value column,CAT_002,min,2 valid surveys including current; min_periods=2,개,individual,feature_date,train median after pre-freeze screening; no row deletion,1,definition_ready,
positive_truss_count__roll2_max,꽃이 있는 화방 수 roll2_max,sfkr_hbfm_grow,growth_measure_code + resolved value column,CAT_002,max,2 valid surveys including current; min_periods=2,개,individual,feature_date,train median after pre-freeze screening; no row deletion,1,definition_ready,
positive_truss_count__roll2_slope,꽃이 있는 화방 수 roll2_slope,sfkr_hbfm_grow,growth_measure_code + resolved value column,CAT_002,slope; per calendar day,2 valid surveys including current; min_periods=2,개,individual,feature_date,train median after pre-freeze screening; no row deletion,1,definition_ready,
positive_truss_count__roll3_mean,꽃이 있는 화방 수 roll3_mean,sfkr_hbfm_grow,growth_measure_code + resolved value column,CAT_002,mean,3 valid surveys including current; min_periods=3,개,individual,feature_date,train median after pre-freeze screening; no row deletion,1,definition_ready,
positive_truss_count__roll3_std,꽃이 있는 화방 수 roll3_std,sfkr_hbfm_grow,growth_measure_code + resolved value column,CAT_002,std; ddof=0,3 valid surveys including current; min_periods=3,개,individual,feature_date,train median after pre-freeze screening; no row deletion,1,definition_ready,
positive_truss_count__roll3_min,꽃이 있는 화방 수 roll3_min,sfkr_hbfm_grow,growth_measure_code + resolved value column,CAT_002,min,3 valid surveys including current; min_periods=3,개,individual,feature_date,train median after pre-freeze screening; no row deletion,1,definition_ready,
positive_truss_count__roll3_max,꽃이 있는 화방 수 roll3_max,sfkr_hbfm_grow,growth_measure_code + resolved value column,CAT_002,max,3 valid surveys including current; min_periods=3,개,individual,feature_date,train median after pre-freeze screening; no row deletion,1,definition_ready,
positive_truss_count__roll3_slope,꽃이 있는 화방 수 roll3_slope,sfkr_hbfm_grow,growth_measure_code + resolved value column,CAT_002,slope; per calendar day,3 valid surveys including current; min_periods=3,개,individual,feature_date,train median after pre-freeze screening; no row deletion,1,definition_ready,
positive_truss_count__roll4_mean,꽃이 있는 화방 수 roll4_mean,sfkr_hbfm_grow,growth_measure_code + resolved value column,CAT_002,mean,4 valid surveys including current; min_periods=4,개,individual,feature_date,train median after pre-freeze screening; no row deletion,1,definition_ready,
positive_truss_count__roll4_std,꽃이 있는 화방 수 roll4_std,sfkr_hbfm_grow,growth_measure_code + resolved value column,CAT_002,std; ddof=0,4 valid surveys including current; min_periods=4,개,individual,feature_date,train median after pre-freeze screening; no row deletion,1,definition_ready,
positive_truss_count__roll4_min,꽃이 있는 화방 수 roll4_min,sfkr_hbfm_grow,growth_measure_code + resolved value column,CAT_002,min,4 valid surveys including current; min_periods=4,개,individual,feature_date,train median after pre-freeze screening; no row deletion,1,definition_ready,
positive_truss_count__roll4_max,꽃이 있는 화방 수 roll4_max,sfkr_hbfm_grow,growth_measure_code + resolved value column,CAT_002,max,4 valid surveys including current; min_periods=4,개,individual,feature_date,train median after pre-freeze screening; no row deletion,1,definition_ready,
positive_truss_count__roll4_slope,꽃이 있는 화방 수 roll4_slope,sfkr_hbfm_grow,growth_measure_code + resolved value column,CAT_002,slope; per calendar day,4 valid surveys including current; min_periods=4,개,individual,feature_date,train median after pre-freeze screening; no row deletion,1,definition_ready,
observed_truss_count__current,관측 화방 수 current,sfkr_hbfm_grow,growth_measure_code,CAT_005,current valid observation,current,개,individual,feature_date,train median after pre-freeze screening; no row deletion,1,definition_ready,
observed_truss_count__delta,관측 화방 수 delta,sfkr_hbfm_grow,growth_measure_code,CAT_005,current minus previous,1 survey,개,individual,feature_date,train median after pre-freeze screening; no row deletion,1,definition_ready,
observed_truss_count__delta_per_day,관측 화방 수 delta_per_day,sfkr_hbfm_grow,growth_measure_code,CAT_005,delta / positive elapsed days,1 survey,개,individual,feature_date,train median after pre-freeze screening; no row deletion,1,definition_ready,
observed_truss_count__lag1,관측 화방 수 lag1,sfkr_hbfm_grow,growth_measure_code,CAT_005,lag 1,1 surveys,개,individual,feature_date,train median after pre-freeze screening; no row deletion,1,definition_ready,
observed_truss_count__lag2,관측 화방 수 lag2,sfkr_hbfm_grow,growth_measure_code,CAT_005,lag 2,2 surveys,개,individual,feature_date,train median after pre-freeze screening; no row deletion,1,definition_ready,
observed_truss_count__lag3,관측 화방 수 lag3,sfkr_hbfm_grow,growth_measure_code,CAT_005,lag 3,3 surveys,개,individual,feature_date,train median after pre-freeze screening; no row deletion,1,definition_ready,
observed_truss_count__roll2_mean,관측 화방 수 roll2_mean,sfkr_hbfm_grow,growth_measure_code,CAT_005,mean,2 valid surveys including current; min_periods=2,개,individual,feature_date,train median after pre-freeze screening; no row deletion,1,definition_ready,
observed_truss_count__roll2_std,관측 화방 수 roll2_std,sfkr_hbfm_grow,growth_measure_code,CAT_005,std; ddof=0,2 valid surveys including current; min_periods=2,개,individual,feature_date,train median after pre-freeze screening; no row deletion,1,definition_ready,
observed_truss_count__roll2_min,관측 화방 수 roll2_min,sfkr_hbfm_grow,growth_measure_code,CAT_005,min,2 valid surveys including current; min_periods=2,개,individual,feature_date,train median after pre-freeze screening; no row deletion,1,definition_ready,
observed_truss_count__roll2_max,관측 화방 수 roll2_max,sfkr_hbfm_grow,growth_measure_code,CAT_005,max,2 valid surveys including current; min_periods=2,개,individual,feature_date,train median after pre-freeze screening; no row deletion,1,definition_ready,
observed_truss_count__roll2_slope,관측 화방 수 roll2_slope,sfkr_hbfm_grow,growth_measure_code,CAT_005,slope; per calendar day,2 valid surveys including current; min_periods=2,개,individual,feature_date,train median after pre-freeze screening; no row deletion,1,definition_ready,
observed_truss_count__roll3_mean,관측 화방 수 roll3_mean,sfkr_hbfm_grow,growth_measure_code,CAT_005,mean,3 valid surveys including current; min_periods=3,개,individual,feature_date,train median after pre-freeze screening; no row deletion,1,definition_ready,
observed_truss_count__roll3_std,관측 화방 수 roll3_std,sfkr_hbfm_grow,growth_measure_code,CAT_005,std; ddof=0,3 valid surveys including current; min_periods=3,개,individual,feature_date,train median after pre-freeze screening; no row deletion,1,definition_ready,
observed_truss_count__roll3_min,관측 화방 수 roll3_min,sfkr_hbfm_grow,growth_measure_code,CAT_005,min,3 valid surveys including current; min_periods=3,개,individual,feature_date,train median after pre-freeze screening; no row deletion,1,definition_ready,
observed_truss_count__roll3_max,관측 화방 수 roll3_max,sfkr_hbfm_grow,growth_measure_code,CAT_005,max,3 valid surveys including current; min_periods=3,개,individual,feature_date,train median after pre-freeze screening; no row deletion,1,definition_ready,
observed_truss_count__roll3_slope,관측 화방 수 roll3_slope,sfkr_hbfm_grow,growth_measure_code,CAT_005,slope; per calendar day,3 valid surveys including current; min_periods=3,개,individual,feature_date,train median after pre-freeze screening; no row deletion,1,definition_ready,
observed_truss_count__roll4_mean,관측 화방 수 roll4_mean,sfkr_hbfm_grow,growth_measure_code,CAT_005,mean,4 valid surveys including current; min_periods=4,개,individual,feature_date,train median after pre-freeze screening; no row deletion,1,definition_ready,
observed_truss_count__roll4_std,관측 화방 수 roll4_std,sfkr_hbfm_grow,growth_measure_code,CAT_005,std; ddof=0,4 valid surveys including current; min_periods=4,개,individual,feature_date,train median after pre-freeze screening; no row deletion,1,definition_ready,
observed_truss_count__roll4_min,관측 화방 수 roll4_min,sfkr_hbfm_grow,growth_measure_code,CAT_005,min,4 valid surveys including current; min_periods=4,개,individual,feature_date,train median after pre-freeze screening; no row deletion,1,definition_ready,
observed_truss_count__roll4_max,관측 화방 수 roll4_max,sfkr_hbfm_grow,growth_measure_code,CAT_005,max,4 valid surveys including current; min_periods=4,개,individual,feature_date,train median after pre-freeze screening; no row deletion,1,definition_ready,
observed_truss_count__roll4_slope,관측 화방 수 roll4_slope,sfkr_hbfm_grow,growth_measure_code,CAT_005,slope; per calendar day,4 valid surveys including current; min_periods=4,개,individual,feature_date,train median after pre-freeze screening; no row deletion,1,definition_ready,
CR__CC01_1_B_C__1d_active_fraction,후측일중천창 작동상태 직전 1일 active_fraction,sfkr_hbfm_env_con,CR/CC01_1_B_C -> sen_val,CAT_008,active_fraction,"[t-1d,t)",Y/N,facility,feature_date,train median after pre-freeze screening; no row deletion,1,definition_ready,
CR__CC01_1_B_C__3d_active_fraction,후측일중천창 작동상태 직전 3일 active_fraction,sfkr_hbfm_env_con,CR/CC01_1_B_C -> sen_val,CAT_008,active_fraction,"[t-3d,t)",Y/N,facility,feature_date,train median after pre-freeze screening; no row deletion,1,definition_ready,
CR__CC01_1_B_C__7d_active_fraction,후측일중천창 작동상태 직전 7일 active_fraction,sfkr_hbfm_env_con,CR/CC01_1_B_C -> sen_val,CAT_008,active_fraction,"[t-7d,t)",Y/N,facility,feature_date,train median after pre-freeze screening; no row deletion,1,definition_ready,
CR__CC01_1_F_C__1d_active_fraction,전측일중천창 작동상태 직전 1일 active_fraction,sfkr_hbfm_env_con,CR/CC01_1_F_C -> sen_val,CAT_008,active_fraction,"[t-1d,t)",Y/N,facility,feature_date,train median after pre-freeze screening; no row deletion,1,definition_ready,
CR__CC01_1_F_C__3d_active_fraction,전측일중천창 작동상태 직전 3일 active_fraction,sfkr_hbfm_env_con,CR/CC01_1_F_C -> sen_val,CAT_008,active_fraction,"[t-3d,t)",Y/N,facility,feature_date,train median after pre-freeze screening; no row deletion,1,definition_ready,
CR__CC01_1_F_C__7d_active_fraction,전측일중천창 작동상태 직전 7일 active_fraction,sfkr_hbfm_env_con,CR/CC01_1_F_C -> sen_val,CAT_008,active_fraction,"[t-7d,t)",Y/N,facility,feature_date,train median after pre-freeze screening; no row deletion,1,definition_ready,
CR__CC01_1_L_C__1d_active_fraction,좌측일중천창 작동상태 직전 1일 active_fraction,sfkr_hbfm_env_con,CR/CC01_1_L_C -> sen_val,CAT_008,active_fraction,"[t-1d,t)",Y/N,facility,feature_date,train median after pre-freeze screening; no row deletion,1,definition_ready,
CR__CC01_1_L_C__3d_active_fraction,좌측일중천창 작동상태 직전 3일 active_fraction,sfkr_hbfm_env_con,CR/CC01_1_L_C -> sen_val,CAT_008,active_fraction,"[t-3d,t)",Y/N,facility,feature_date,train median after pre-freeze screening; no row deletion,1,definition_ready,
CR__CC01_1_L_C__7d_active_fraction,좌측일중천창 작동상태 직전 7일 active_fraction,sfkr_hbfm_env_con,CR/CC01_1_L_C -> sen_val,CAT_008,active_fraction,"[t-7d,t)",Y/N,facility,feature_date,train median after pre-freeze screening; no row deletion,1,definition_ready,
CR__CC01_1_R_C__1d_active_fraction,우측일중천창 작동상태 직전 1일 active_fraction,sfkr_hbfm_env_con,CR/CC01_1_R_C -> sen_val,CAT_008,active_fraction,"[t-1d,t)",Y/N,facility,feature_date,train median after pre-freeze screening; no row deletion,1,definition_ready,
CR__CC01_1_R_C__3d_active_fraction,우측일중천창 작동상태 직전 3일 active_fraction,sfkr_hbfm_env_con,CR/CC01_1_R_C -> sen_val,CAT_008,active_fraction,"[t-3d,t)",Y/N,facility,feature_date,train median after pre-freeze screening; no row deletion,1,definition_ready,
CR__CC01_1_R_C__7d_active_fraction,우측일중천창 작동상태 직전 7일 active_fraction,sfkr_hbfm_env_con,CR/CC01_1_R_C -> sen_val,CAT_008,active_fraction,"[t-7d,t)",Y/N,facility,feature_date,train median after pre-freeze screening; no row deletion,1,definition_ready,
CR__CC01_2_B_C__1d_active_fraction,후측이중천창 작동상태 직전 1일 active_fraction,sfkr_hbfm_env_con,CR/CC01_2_B_C -> sen_val,CAT_008,active_fraction,"[t-1d,t)",Y/N,facility,feature_date,train median after pre-freeze screening; no row deletion,1,definition_ready,
CR__CC01_2_B_C__3d_active_fraction,후측이중천창 작동상태 직전 3일 active_fraction,sfkr_hbfm_env_con,CR/CC01_2_B_C -> sen_val,CAT_008,active_fraction,"[t-3d,t)",Y/N,facility,feature_date,train median after pre-freeze screening; no row deletion,1,definition_ready,
CR__CC01_2_B_C__7d_active_fraction,후측이중천창 작동상태 직전 7일 active_fraction,sfkr_hbfm_env_con,CR/CC01_2_B_C -> sen_val,CAT_008,active_fraction,"[t-7d,t)",Y/N,facility,feature_date,train median after pre-freeze screening; no row deletion,1,definition_ready,
CR__CC01_2_F_C__1d_active_fraction,전측이중천창 작동상태 직전 1일 active_fraction,sfkr_hbfm_env_con,CR/CC01_2_F_C -> sen_val,CAT_008,active_fraction,"[t-1d,t)",Y/N,facility,feature_date,train median after pre-freeze screening; no row deletion,1,definition_ready,
CR__CC01_2_F_C__3d_active_fraction,전측이중천창 작동상태 직전 3일 active_fraction,sfkr_hbfm_env_con,CR/CC01_2_F_C -> sen_val,CAT_008,active_fraction,"[t-3d,t)",Y/N,facility,feature_date,train median after pre-freeze screening; no row deletion,1,definition_ready,
CR__CC01_2_F_C__7d_active_fraction,전측이중천창 작동상태 직전 7일 active_fraction,sfkr_hbfm_env_con,CR/CC01_2_F_C -> sen_val,CAT_008,active_fraction,"[t-7d,t)",Y/N,facility,feature_date,train median after pre-freeze screening; no row deletion,1,definition_ready,
CR__CC01_2_L_C__1d_active_fraction,좌측이중천창 작동상태 직전 1일 active_fraction,sfkr_hbfm_env_con,CR/CC01_2_L_C -> sen_val,CAT_008,active_fraction,"[t-1d,t)",Y/N,facility,feature_date,train median after pre-freeze screening; no row deletion,1,definition_ready,
CR__CC01_2_L_C__3d_active_fraction,좌측이중천창 작동상태 직전 3일 active_fraction,sfkr_hbfm_env_con,CR/CC01_2_L_C -> sen_val,CAT_008,active_fraction,"[t-3d,t)",Y/N,facility,feature_date,train median after pre-freeze screening; no row deletion,1,definition_ready,
CR__CC01_2_L_C__7d_active_fraction,좌측이중천창 작동상태 직전 7일 active_fraction,sfkr_hbfm_env_con,CR/CC01_2_L_C -> sen_val,CAT_008,active_fraction,"[t-7d,t)",Y/N,facility,feature_date,train median after pre-freeze screening; no row deletion,1,definition_ready,
CR__CC01_2_R_C__1d_active_fraction,우측이중천창 작동상태 직전 1일 active_fraction,sfkr_hbfm_env_con,CR/CC01_2_R_C -> sen_val,CAT_008,active_fraction,"[t-1d,t)",Y/N,facility,feature_date,train median after pre-freeze screening; no row deletion,1,definition_ready,
CR__CC01_2_R_C__3d_active_fraction,우측이중천창 작동상태 직전 3일 active_fraction,sfkr_hbfm_env_con,CR/CC01_2_R_C -> sen_val,CAT_008,active_fraction,"[t-3d,t)",Y/N,facility,feature_date,train median after pre-freeze screening; no row deletion,1,definition_ready,
CR__CC01_2_R_C__7d_active_fraction,우측이중천창 작동상태 직전 7일 active_fraction,sfkr_hbfm_env_con,CR/CC01_2_R_C -> sen_val,CAT_008,active_fraction,"[t-7d,t)",Y/N,facility,feature_date,train median after pre-freeze screening; no row deletion,1,definition_ready,
CR__CC01_3_B_C__1d_active_fraction,후측삼중천창 작동상태 직전 1일 active_fraction,sfkr_hbfm_env_con,CR/CC01_3_B_C -> sen_val,CAT_008,active_fraction,"[t-1d,t)",Y/N,facility,feature_date,train median after pre-freeze screening; no row deletion,1,definition_ready,
CR__CC01_3_B_C__3d_active_fraction,후측삼중천창 작동상태 직전 3일 active_fraction,sfkr_hbfm_env_con,CR/CC01_3_B_C -> sen_val,CAT_008,active_fraction,"[t-3d,t)",Y/N,facility,feature_date,train median after pre-freeze screening; no row deletion,1,definition_ready,
CR__CC01_3_B_C__7d_active_fraction,후측삼중천창 작동상태 직전 7일 active_fraction,sfkr_hbfm_env_con,CR/CC01_3_B_C -> sen_val,CAT_008,active_fraction,"[t-7d,t)",Y/N,facility,feature_date,train median after pre-freeze screening; no row deletion,1,definition_ready,
CR__CC01_3_F_C__1d_active_fraction,전측삼중천창 작동상태 직전 1일 active_fraction,sfkr_hbfm_env_con,CR/CC01_3_F_C -> sen_val,CAT_008,active_fraction,"[t-1d,t)",Y/N,facility,feature_date,train median after pre-freeze screening; no row deletion,1,definition_ready,
CR__CC01_3_F_C__3d_active_fraction,전측삼중천창 작동상태 직전 3일 active_fraction,sfkr_hbfm_env_con,CR/CC01_3_F_C -> sen_val,CAT_008,active_fraction,"[t-3d,t)",Y/N,facility,feature_date,train median after pre-freeze screening; no row deletion,1,definition_ready,
CR__CC01_3_F_C__7d_active_fraction,전측삼중천창 작동상태 직전 7일 active_fraction,sfkr_hbfm_env_con,CR/CC01_3_F_C -> sen_val,CAT_008,active_fraction,"[t-7d,t)",Y/N,facility,feature_date,train median after pre-freeze screening; no row deletion,1,definition_ready,
CR__CC01_3_L_C__1d_active_fraction,좌측삼중천창 작동상태 직전 1일 active_fraction,sfkr_hbfm_env_con,CR/CC01_3_L_C -> sen_val,CAT_008,active_fraction,"[t-1d,t)",Y/N,facility,feature_date,train median after pre-freeze screening; no row deletion,1,definition_ready,
CR__CC01_3_L_C__3d_active_fraction,좌측삼중천창 작동상태 직전 3일 active_fraction,sfkr_hbfm_env_con,CR/CC01_3_L_C -> sen_val,CAT_008,active_fraction,"[t-3d,t)",Y/N,facility,feature_date,train median after pre-freeze screening; no row deletion,1,definition_ready,
CR__CC01_3_L_C__7d_active_fraction,좌측삼중천창 작동상태 직전 7일 active_fraction,sfkr_hbfm_env_con,CR/CC01_3_L_C -> sen_val,CAT_008,active_fraction,"[t-7d,t)",Y/N,facility,feature_date,train median after pre-freeze screening; no row deletion,1,definition_ready,
CR__CC01_3_R_C__1d_active_fraction,우측삼중천창 작동상태 직전 1일 active_fraction,sfkr_hbfm_env_con,CR/CC01_3_R_C -> sen_val,CAT_008,active_fraction,"[t-1d,t)",Y/N,facility,feature_date,train median after pre-freeze screening; no row deletion,1,definition_ready,
CR__CC01_3_R_C__3d_active_fraction,우측삼중천창 작동상태 직전 3일 active_fraction,sfkr_hbfm_env_con,CR/CC01_3_R_C -> sen_val,CAT_008,active_fraction,"[t-3d,t)",Y/N,facility,feature_date,train median after pre-freeze screening; no row deletion,1,definition_ready,
CR__CC01_3_R_C__7d_active_fraction,우측삼중천창 작동상태 직전 7일 active_fraction,sfkr_hbfm_env_con,CR/CC01_3_R_C -> sen_val,CAT_008,active_fraction,"[t-7d,t)",Y/N,facility,feature_date,train median after pre-freeze screening; no row deletion,1,definition_ready,
CR__CC03_1_B_C__1d_active_fraction,후측일중측창 작동상태 직전 1일 active_fraction,sfkr_hbfm_env_con,CR/CC03_1_B_C -> sen_val,CAT_008,active_fraction,"[t-1d,t)",Y/N,facility,feature_date,train median after pre-freeze screening; no row deletion,1,definition_ready,
CR__CC03_1_B_C__3d_active_fraction,후측일중측창 작동상태 직전 3일 active_fraction,sfkr_hbfm_env_con,CR/CC03_1_B_C -> sen_val,CAT_008,active_fraction,"[t-3d,t)",Y/N,facility,feature_date,train median after pre-freeze screening; no row deletion,1,definition_ready,
CR__CC03_1_B_C__7d_active_fraction,후측일중측창 작동상태 직전 7일 active_fraction,sfkr_hbfm_env_con,CR/CC03_1_B_C -> sen_val,CAT_008,active_fraction,"[t-7d,t)",Y/N,facility,feature_date,train median after pre-freeze screening; no row deletion,1,definition_ready,
CR__CC03_1_F_C__1d_active_fraction,전측일중측창 작동상태 직전 1일 active_fraction,sfkr_hbfm_env_con,CR/CC03_1_F_C -> sen_val,CAT_008,active_fraction,"[t-1d,t)",Y/N,facility,feature_date,train median after pre-freeze screening; no row deletion,1,definition_ready,
CR__CC03_1_F_C__3d_active_fraction,전측일중측창 작동상태 직전 3일 active_fraction,sfkr_hbfm_env_con,CR/CC03_1_F_C -> sen_val,CAT_008,active_fraction,"[t-3d,t)",Y/N,facility,feature_date,train median after pre-freeze screening; no row deletion,1,definition_ready,
CR__CC03_1_F_C__7d_active_fraction,전측일중측창 작동상태 직전 7일 active_fraction,sfkr_hbfm_env_con,CR/CC03_1_F_C -> sen_val,CAT_008,active_fraction,"[t-7d,t)",Y/N,facility,feature_date,train median after pre-freeze screening; no row deletion,1,definition_ready,
CR__CC03_1_L_C__1d_active_fraction,좌측일중측창 작동상태 직전 1일 active_fraction,sfkr_hbfm_env_con,CR/CC03_1_L_C -> sen_val,CAT_008,active_fraction,"[t-1d,t)",Y/N,facility,feature_date,train median after pre-freeze screening; no row deletion,1,definition_ready,
CR__CC03_1_L_C__3d_active_fraction,좌측일중측창 작동상태 직전 3일 active_fraction,sfkr_hbfm_env_con,CR/CC03_1_L_C -> sen_val,CAT_008,active_fraction,"[t-3d,t)",Y/N,facility,feature_date,train median after pre-freeze screening; no row deletion,1,definition_ready,
CR__CC03_1_L_C__7d_active_fraction,좌측일중측창 작동상태 직전 7일 active_fraction,sfkr_hbfm_env_con,CR/CC03_1_L_C -> sen_val,CAT_008,active_fraction,"[t-7d,t)",Y/N,facility,feature_date,train median after pre-freeze screening; no row deletion,1,definition_ready,
CR__CC03_1_R_C__1d_active_fraction,우측일중측창 작동상태 직전 1일 active_fraction,sfkr_hbfm_env_con,CR/CC03_1_R_C -> sen_val,CAT_008,active_fraction,"[t-1d,t)",Y/N,facility,feature_date,train median after pre-freeze screening; no row deletion,1,definition_ready,
CR__CC03_1_R_C__3d_active_fraction,우측일중측창 작동상태 직전 3일 active_fraction,sfkr_hbfm_env_con,CR/CC03_1_R_C -> sen_val,CAT_008,active_fraction,"[t-3d,t)",Y/N,facility,feature_date,train median after pre-freeze screening; no row deletion,1,definition_ready,
CR__CC03_1_R_C__7d_active_fraction,우측일중측창 작동상태 직전 7일 active_fraction,sfkr_hbfm_env_con,CR/CC03_1_R_C -> sen_val,CAT_008,active_fraction,"[t-7d,t)",Y/N,facility,feature_date,train median after pre-freeze screening; no row deletion,1,definition_ready,
CR__CC03_2_B_C__1d_active_fraction,후측이중측창 작동상태 직전 1일 active_fraction,sfkr_hbfm_env_con,CR/CC03_2_B_C -> sen_val,CAT_008,active_fraction,"[t-1d,t)",Y/N,facility,feature_date,train median after pre-freeze screening; no row deletion,1,definition_ready,
CR__CC03_2_B_C__3d_active_fraction,후측이중측창 작동상태 직전 3일 active_fraction,sfkr_hbfm_env_con,CR/CC03_2_B_C -> sen_val,CAT_008,active_fraction,"[t-3d,t)",Y/N,facility,feature_date,train median after pre-freeze screening; no row deletion,1,definition_ready,
CR__CC03_2_B_C__7d_active_fraction,후측이중측창 작동상태 직전 7일 active_fraction,sfkr_hbfm_env_con,CR/CC03_2_B_C -> sen_val,CAT_008,active_fraction,"[t-7d,t)",Y/N,facility,feature_date,train median after pre-freeze screening; no row deletion,1,definition_ready,
CR__CC03_2_F_C__1d_active_fraction,전측이중측창 작동상태 직전 1일 active_fraction,sfkr_hbfm_env_con,CR/CC03_2_F_C -> sen_val,CAT_008,active_fraction,"[t-1d,t)",Y/N,facility,feature_date,train median after pre-freeze screening; no row deletion,1,definition_ready,
CR__CC03_2_F_C__3d_active_fraction,전측이중측창 작동상태 직전 3일 active_fraction,sfkr_hbfm_env_con,CR/CC03_2_F_C -> sen_val,CAT_008,active_fraction,"[t-3d,t)",Y/N,facility,feature_date,train median after pre-freeze screening; no row deletion,1,definition_ready,
CR__CC03_2_F_C__7d_active_fraction,전측이중측창 작동상태 직전 7일 active_fraction,sfkr_hbfm_env_con,CR/CC03_2_F_C -> sen_val,CAT_008,active_fraction,"[t-7d,t)",Y/N,facility,feature_date,train median after pre-freeze screening; no row deletion,1,definition_ready,
CR__CC03_2_L_C__1d_active_fraction,좌측이중측창 작동상태 직전 1일 active_fraction,sfkr_hbfm_env_con,CR/CC03_2_L_C -> sen_val,CAT_008,active_fraction,"[t-1d,t)",Y/N,facility,feature_date,train median after pre-freeze screening; no row deletion,1,definition_ready,
CR__CC03_2_L_C__3d_active_fraction,좌측이중측창 작동상태 직전 3일 active_fraction,sfkr_hbfm_env_con,CR/CC03_2_L_C -> sen_val,CAT_008,active_fraction,"[t-3d,t)",Y/N,facility,feature_date,train median after pre-freeze screening; no row deletion,1,definition_ready,
CR__CC03_2_L_C__7d_active_fraction,좌측이중측창 작동상태 직전 7일 active_fraction,sfkr_hbfm_env_con,CR/CC03_2_L_C -> sen_val,CAT_008,active_fraction,"[t-7d,t)",Y/N,facility,feature_date,train median after pre-freeze screening; no row deletion,1,definition_ready,
CR__CC03_2_R_C__1d_active_fraction,우측이중측창 작동상태 직전 1일 active_fraction,sfkr_hbfm_env_con,CR/CC03_2_R_C -> sen_val,CAT_008,active_fraction,"[t-1d,t)",Y/N,facility,feature_date,train median after pre-freeze screening; no row deletion,1,definition_ready,
CR__CC03_2_R_C__3d_active_fraction,우측이중측창 작동상태 직전 3일 active_fraction,sfkr_hbfm_env_con,CR/CC03_2_R_C -> sen_val,CAT_008,active_fraction,"[t-3d,t)",Y/N,facility,feature_date,train median after pre-freeze screening; no row deletion,1,definition_ready,
CR__CC03_2_R_C__7d_active_fraction,우측이중측창 작동상태 직전 7일 active_fraction,sfkr_hbfm_env_con,CR/CC03_2_R_C -> sen_val,CAT_008,active_fraction,"[t-7d,t)",Y/N,facility,feature_date,train median after pre-freeze screening; no row deletion,1,definition_ready,
CR__CC03_3_B_C__1d_active_fraction,후측삼중측창 작동상태 직전 1일 active_fraction,sfkr_hbfm_env_con,CR/CC03_3_B_C -> sen_val,CAT_008,active_fraction,"[t-1d,t)",Y/N,facility,feature_date,train median after pre-freeze screening; no row deletion,1,definition_ready,
CR__CC03_3_B_C__3d_active_fraction,후측삼중측창 작동상태 직전 3일 active_fraction,sfkr_hbfm_env_con,CR/CC03_3_B_C -> sen_val,CAT_008,active_fraction,"[t-3d,t)",Y/N,facility,feature_date,train median after pre-freeze screening; no row deletion,1,definition_ready,
CR__CC03_3_B_C__7d_active_fraction,후측삼중측창 작동상태 직전 7일 active_fraction,sfkr_hbfm_env_con,CR/CC03_3_B_C -> sen_val,CAT_008,active_fraction,"[t-7d,t)",Y/N,facility,feature_date,train median after pre-freeze screening; no row deletion,1,definition_ready,
CR__CC03_3_F_C__1d_active_fraction,전측삼중측창 작동상태 직전 1일 active_fraction,sfkr_hbfm_env_con,CR/CC03_3_F_C -> sen_val,CAT_008,active_fraction,"[t-1d,t)",Y/N,facility,feature_date,train median after pre-freeze screening; no row deletion,1,definition_ready,
CR__CC03_3_F_C__3d_active_fraction,전측삼중측창 작동상태 직전 3일 active_fraction,sfkr_hbfm_env_con,CR/CC03_3_F_C -> sen_val,CAT_008,active_fraction,"[t-3d,t)",Y/N,facility,feature_date,train median after pre-freeze screening; no row deletion,1,definition_ready,
CR__CC03_3_F_C__7d_active_fraction,전측삼중측창 작동상태 직전 7일 active_fraction,sfkr_hbfm_env_con,CR/CC03_3_F_C -> sen_val,CAT_008,active_fraction,"[t-7d,t)",Y/N,facility,feature_date,train median after pre-freeze screening; no row deletion,1,definition_ready,
CR__CC03_3_L_C__1d_active_fraction,좌측삼중측창 작동상태 직전 1일 active_fraction,sfkr_hbfm_env_con,CR/CC03_3_L_C -> sen_val,CAT_008,active_fraction,"[t-1d,t)",Y/N,facility,feature_date,train median after pre-freeze screening; no row deletion,1,definition_ready,
CR__CC03_3_L_C__3d_active_fraction,좌측삼중측창 작동상태 직전 3일 active_fraction,sfkr_hbfm_env_con,CR/CC03_3_L_C -> sen_val,CAT_008,active_fraction,"[t-3d,t)",Y/N,facility,feature_date,train median after pre-freeze screening; no row deletion,1,definition_ready,
CR__CC03_3_L_C__7d_active_fraction,좌측삼중측창 작동상태 직전 7일 active_fraction,sfkr_hbfm_env_con,CR/CC03_3_L_C -> sen_val,CAT_008,active_fraction,"[t-7d,t)",Y/N,facility,feature_date,train median after pre-freeze screening; no row deletion,1,definition_ready,
CR__CC03_3_R_C__1d_active_fraction,우측삼중측창 작동상태 직전 1일 active_fraction,sfkr_hbfm_env_con,CR/CC03_3_R_C -> sen_val,CAT_008,active_fraction,"[t-1d,t)",Y/N,facility,feature_date,train median after pre-freeze screening; no row deletion,1,definition_ready,
CR__CC03_3_R_C__3d_active_fraction,우측삼중측창 작동상태 직전 3일 active_fraction,sfkr_hbfm_env_con,CR/CC03_3_R_C -> sen_val,CAT_008,active_fraction,"[t-3d,t)",Y/N,facility,feature_date,train median after pre-freeze screening; no row deletion,1,definition_ready,
CR__CC03_3_R_C__7d_active_fraction,우측삼중측창 작동상태 직전 7일 active_fraction,sfkr_hbfm_env_con,CR/CC03_3_R_C -> sen_val,CAT_008,active_fraction,"[t-7d,t)",Y/N,facility,feature_date,train median after pre-freeze screening; no row deletion,1,definition_ready,
CR__CC0403__1d_active_fraction,차광커튼작동상태 직전 1일 active_fraction,sfkr_hbfm_env_con,CR/CC0403 -> sen_val,CAT_044,active_fraction,"[t-1d,t)",Y/N,facility,feature_date,train median after pre-freeze screening; no row deletion,1,definition_ready,
CR__CC0403__3d_active_fraction,차광커튼작동상태 직전 3일 active_fraction,sfkr_hbfm_env_con,CR/CC0403 -> sen_val,CAT_044,active_fraction,"[t-3d,t)",Y/N,facility,feature_date,train median after pre-freeze screening; no row deletion,1,definition_ready,
CR__CC0403__7d_active_fraction,차광커튼작동상태 직전 7일 active_fraction,sfkr_hbfm_env_con,CR/CC0403 -> sen_val,CAT_044,active_fraction,"[t-7d,t)",Y/N,facility,feature_date,train median after pre-freeze screening; no row deletion,1,definition_ready,
CR__CC0503__1d_active_fraction,보온커튼작동상태 직전 1일 active_fraction,sfkr_hbfm_env_con,CR/CC0503 -> sen_val,CAT_044,active_fraction,"[t-1d,t)",Y/N,facility,feature_date,train median after pre-freeze screening; no row deletion,1,definition_ready,
CR__CC0503__3d_active_fraction,보온커튼작동상태 직전 3일 active_fraction,sfkr_hbfm_env_con,CR/CC0503 -> sen_val,CAT_044,active_fraction,"[t-3d,t)",Y/N,facility,feature_date,train median after pre-freeze screening; no row deletion,1,definition_ready,
CR__CC0503__7d_active_fraction,보온커튼작동상태 직전 7일 active_fraction,sfkr_hbfm_env_con,CR/CC0503 -> sen_val,CAT_044,active_fraction,"[t-7d,t)",Y/N,facility,feature_date,train median after pre-freeze screening; no row deletion,1,definition_ready,
CR__CC0803__1d_active_fraction,유동팬작동상태 직전 1일 active_fraction,sfkr_hbfm_env_con,CR/CC0803 -> sen_val,CAT_013,active_fraction,"[t-1d,t)",Y/N,facility,feature_date,train median after pre-freeze screening; no row deletion,1,definition_ready,
CR__CC0803__3d_active_fraction,유동팬작동상태 직전 3일 active_fraction,sfkr_hbfm_env_con,CR/CC0803 -> sen_val,CAT_013,active_fraction,"[t-3d,t)",Y/N,facility,feature_date,train median after pre-freeze screening; no row deletion,1,definition_ready,
CR__CC0803__7d_active_fraction,유동팬작동상태 직전 7일 active_fraction,sfkr_hbfm_env_con,CR/CC0803 -> sen_val,CAT_013,active_fraction,"[t-7d,t)",Y/N,facility,feature_date,train median after pre-freeze screening; no row deletion,1,definition_ready,
CR__CC0903__1d_active_fraction,난방기작동상태 직전 1일 active_fraction,sfkr_hbfm_env_con,CR/CC0903 -> sen_val,CAT_042,active_fraction,"[t-1d,t)",Y/N,facility,feature_date,train median after pre-freeze screening; no row deletion,1,definition_ready,
CR__CC0903__3d_active_fraction,난방기작동상태 직전 3일 active_fraction,sfkr_hbfm_env_con,CR/CC0903 -> sen_val,CAT_042,active_fraction,"[t-3d,t)",Y/N,facility,feature_date,train median after pre-freeze screening; no row deletion,1,definition_ready,
CR__CC0903__7d_active_fraction,난방기작동상태 직전 7일 active_fraction,sfkr_hbfm_env_con,CR/CC0903 -> sen_val,CAT_042,active_fraction,"[t-7d,t)",Y/N,facility,feature_date,train median after pre-freeze screening; no row deletion,1,definition_ready,
CR__CC1103__1d_active_fraction,보광등작동상태 직전 1일 active_fraction,sfkr_hbfm_env_con,CR/CC1103 -> sen_val,CAT_001,active_fraction,"[t-1d,t)",Y/N,facility,feature_date,train median after pre-freeze screening; no row deletion,1,definition_ready,
CR__CC1103__3d_active_fraction,보광등작동상태 직전 3일 active_fraction,sfkr_hbfm_env_con,CR/CC1103 -> sen_val,CAT_001,active_fraction,"[t-3d,t)",Y/N,facility,feature_date,train median after pre-freeze screening; no row deletion,1,definition_ready,
CR__CC1103__7d_active_fraction,보광등작동상태 직전 7일 active_fraction,sfkr_hbfm_env_con,CR/CC1103 -> sen_val,CAT_001,active_fraction,"[t-7d,t)",Y/N,facility,feature_date,train median after pre-freeze screening; no row deletion,1,definition_ready,
CR__CC1203__1d_active_fraction,냉방기작동상태 직전 1일 active_fraction,sfkr_hbfm_env_con,CR/CC1203 -> sen_val,CAT_042,active_fraction,"[t-1d,t)",Y/N,facility,feature_date,train median after pre-freeze screening; no row deletion,1,definition_ready,
CR__CC1203__3d_active_fraction,냉방기작동상태 직전 3일 active_fraction,sfkr_hbfm_env_con,CR/CC1203 -> sen_val,CAT_042,active_fraction,"[t-3d,t)",Y/N,facility,feature_date,train median after pre-freeze screening; no row deletion,1,definition_ready,
CR__CC1203__7d_active_fraction,냉방기작동상태 직전 7일 active_fraction,sfkr_hbfm_env_con,CR/CC1203 -> sen_val,CAT_042,active_fraction,"[t-7d,t)",Y/N,facility,feature_date,train median after pre-freeze screening; no row deletion,1,definition_ready,
CR__CC1303__1d_active_fraction,순환식수막시스템작동상태 직전 1일 active_fraction,sfkr_hbfm_env_con,CR/CC1303 -> sen_val,CAT_014,active_fraction,"[t-1d,t)",Y/N,facility,feature_date,train median after pre-freeze screening; no row deletion,1,definition_ready,
CR__CC1303__3d_active_fraction,순환식수막시스템작동상태 직전 3일 active_fraction,sfkr_hbfm_env_con,CR/CC1303 -> sen_val,CAT_014,active_fraction,"[t-3d,t)",Y/N,facility,feature_date,train median after pre-freeze screening; no row deletion,1,definition_ready,
CR__CC1303__7d_active_fraction,순환식수막시스템작동상태 직전 7일 active_fraction,sfkr_hbfm_env_con,CR/CC1303 -> sen_val,CAT_014,active_fraction,"[t-7d,t)",Y/N,facility,feature_date,train median after pre-freeze screening; no row deletion,1,definition_ready,
CR__CC1403__1d_active_fraction,CO2발생장치작동상태 직전 1일 active_fraction,sfkr_hbfm_env_con,CR/CC1403 -> sen_val,CAT_015,active_fraction,"[t-1d,t)",Y/N,facility,feature_date,train median after pre-freeze screening; no row deletion,1,definition_ready,
CR__CC1403__3d_active_fraction,CO2발생장치작동상태 직전 3일 active_fraction,sfkr_hbfm_env_con,CR/CC1403 -> sen_val,CAT_015,active_fraction,"[t-3d,t)",Y/N,facility,feature_date,train median after pre-freeze screening; no row deletion,1,definition_ready,
CR__CC1403__7d_active_fraction,CO2발생장치작동상태 직전 7일 active_fraction,sfkr_hbfm_env_con,CR/CC1403 -> sen_val,CAT_015,active_fraction,"[t-7d,t)",Y/N,facility,feature_date,train median after pre-freeze screening; no row deletion,1,definition_ready,
CR__CC1703__1d_active_fraction,3WAY벨브작동상태 직전 1일 active_fraction,sfkr_hbfm_env_con,CR/CC1703 -> sen_val,CAT_014,active_fraction,"[t-1d,t)",Y/N,facility,feature_date,train median after pre-freeze screening; no row deletion,1,definition_ready,
CR__CC1703__3d_active_fraction,3WAY벨브작동상태 직전 3일 active_fraction,sfkr_hbfm_env_con,CR/CC1703 -> sen_val,CAT_014,active_fraction,"[t-3d,t)",Y/N,facility,feature_date,train median after pre-freeze screening; no row deletion,1,definition_ready,
CR__CC1703__7d_active_fraction,3WAY벨브작동상태 직전 7일 active_fraction,sfkr_hbfm_env_con,CR/CC1703 -> sen_val,CAT_014,active_fraction,"[t-7d,t)",Y/N,facility,feature_date,train median after pre-freeze screening; no row deletion,1,definition_ready,
CR__CC1803__1d_active_fraction,배기팬작동상태 직전 1일 active_fraction,sfkr_hbfm_env_con,CR/CC1803 -> sen_val,CAT_013,active_fraction,"[t-1d,t)",Y/N,facility,feature_date,train median after pre-freeze screening; no row deletion,1,definition_ready,
CR__CC1803__3d_active_fraction,배기팬작동상태 직전 3일 active_fraction,sfkr_hbfm_env_con,CR/CC1803 -> sen_val,CAT_013,active_fraction,"[t-3d,t)",Y/N,facility,feature_date,train median after pre-freeze screening; no row deletion,1,definition_ready,
CR__CC1803__7d_active_fraction,배기팬작동상태 직전 7일 active_fraction,sfkr_hbfm_env_con,CR/CC1803 -> sen_val,CAT_013,active_fraction,"[t-7d,t)",Y/N,facility,feature_date,train median after pre-freeze screening; no row deletion,1,definition_ready,
CR__CC1903__1d_active_fraction,환기구작동상태 직전 1일 active_fraction,sfkr_hbfm_env_con,CR/CC1903 -> sen_val,CAT_013,active_fraction,"[t-1d,t)",Y/N,facility,feature_date,train median after pre-freeze screening; no row deletion,1,definition_ready,
CR__CC1903__3d_active_fraction,환기구작동상태 직전 3일 active_fraction,sfkr_hbfm_env_con,CR/CC1903 -> sen_val,CAT_013,active_fraction,"[t-3d,t)",Y/N,facility,feature_date,train median after pre-freeze screening; no row deletion,1,definition_ready,
CR__CC1903__7d_active_fraction,환기구작동상태 직전 7일 active_fraction,sfkr_hbfm_env_con,CR/CC1903 -> sen_val,CAT_013,active_fraction,"[t-7d,t)",Y/N,facility,feature_date,train median after pre-freeze screening; no row deletion,1,definition_ready,
CR__CC2003__1d_active_fraction,관수작동상태 (토경)작동상태 직전 1일 active_fraction,sfkr_hbfm_env_con,CR/CC2003 -> sen_val,CAT_018,active_fraction,"[t-1d,t)",Y/N,facility,feature_date,train median after pre-freeze screening; no row deletion,1,definition_ready,
CR__CC2003__3d_active_fraction,관수작동상태 (토경)작동상태 직전 3일 active_fraction,sfkr_hbfm_env_con,CR/CC2003 -> sen_val,CAT_018,active_fraction,"[t-3d,t)",Y/N,facility,feature_date,train median after pre-freeze screening; no row deletion,1,definition_ready,
CR__CC2003__7d_active_fraction,관수작동상태 (토경)작동상태 직전 7일 active_fraction,sfkr_hbfm_env_con,CR/CC2003 -> sen_val,CAT_018,active_fraction,"[t-7d,t)",Y/N,facility,feature_date,train median after pre-freeze screening; no row deletion,1,definition_ready,
CR__CC2103__1d_active_fraction,양수작동상태 (수경)작동상태 직전 1일 active_fraction,sfkr_hbfm_env_con,CR/CC2103 -> sen_val,CAT_018,active_fraction,"[t-1d,t)",Y/N,facility,feature_date,train median after pre-freeze screening; no row deletion,1,definition_ready,
CR__CC2103__3d_active_fraction,양수작동상태 (수경)작동상태 직전 3일 active_fraction,sfkr_hbfm_env_con,CR/CC2103 -> sen_val,CAT_018,active_fraction,"[t-3d,t)",Y/N,facility,feature_date,train median after pre-freeze screening; no row deletion,1,definition_ready,
CR__CC2103__7d_active_fraction,양수작동상태 (수경)작동상태 직전 7일 active_fraction,sfkr_hbfm_env_con,CR/CC2103 -> sen_val,CAT_018,active_fraction,"[t-7d,t)",Y/N,facility,feature_date,train median after pre-freeze screening; no row deletion,1,definition_ready,
CR__CC22_D_C__1d_active_fraction,제습 작동상태 직전 1일 active_fraction,sfkr_hbfm_env_con,CR/CC22_D_C -> sen_val,CAT_035,active_fraction,"[t-1d,t)",Y/N,facility,feature_date,train median after pre-freeze screening; no row deletion,1,definition_ready,
CR__CC22_D_C__3d_active_fraction,제습 작동상태 직전 3일 active_fraction,sfkr_hbfm_env_con,CR/CC22_D_C -> sen_val,CAT_035,active_fraction,"[t-3d,t)",Y/N,facility,feature_date,train median after pre-freeze screening; no row deletion,1,definition_ready,
CR__CC22_D_C__7d_active_fraction,제습 작동상태 직전 7일 active_fraction,sfkr_hbfm_env_con,CR/CC22_D_C -> sen_val,CAT_035,active_fraction,"[t-7d,t)",Y/N,facility,feature_date,train median after pre-freeze screening; no row deletion,1,definition_ready,
CR__CC22_H_C__1d_active_fraction,가습 작동상태 직전 1일 active_fraction,sfkr_hbfm_env_con,CR/CC22_H_C -> sen_val,CAT_035,active_fraction,"[t-1d,t)",Y/N,facility,feature_date,train median after pre-freeze screening; no row deletion,1,definition_ready,
CR__CC22_H_C__3d_active_fraction,가습 작동상태 직전 3일 active_fraction,sfkr_hbfm_env_con,CR/CC22_H_C -> sen_val,CAT_035,active_fraction,"[t-3d,t)",Y/N,facility,feature_date,train median after pre-freeze screening; no row deletion,1,definition_ready,
CR__CC22_H_C__7d_active_fraction,가습 작동상태 직전 7일 active_fraction,sfkr_hbfm_env_con,CR/CC22_H_C -> sen_val,CAT_035,active_fraction,"[t-7d,t)",Y/N,facility,feature_date,train median after pre-freeze screening; no row deletion,1,definition_ready,
CR__CC23_C_C__1d_active_fraction,냉방 작동상태 직전 1일 active_fraction,sfkr_hbfm_env_con,CR/CC23_C_C -> sen_val,CAT_042,active_fraction,"[t-1d,t)",Y/N,facility,feature_date,train median after pre-freeze screening; no row deletion,1,definition_ready,
CR__CC23_C_C__3d_active_fraction,냉방 작동상태 직전 3일 active_fraction,sfkr_hbfm_env_con,CR/CC23_C_C -> sen_val,CAT_042,active_fraction,"[t-3d,t)",Y/N,facility,feature_date,train median after pre-freeze screening; no row deletion,1,definition_ready,
CR__CC23_C_C__7d_active_fraction,냉방 작동상태 직전 7일 active_fraction,sfkr_hbfm_env_con,CR/CC23_C_C -> sen_val,CAT_042,active_fraction,"[t-7d,t)",Y/N,facility,feature_date,train median after pre-freeze screening; no row deletion,1,definition_ready,
CR__CC23_H_C__1d_active_fraction,난방 작동상태 직전 1일 active_fraction,sfkr_hbfm_env_con,CR/CC23_H_C -> sen_val,CAT_042,active_fraction,"[t-1d,t)",Y/N,facility,feature_date,train median after pre-freeze screening; no row deletion,1,definition_ready,
CR__CC23_H_C__3d_active_fraction,난방 작동상태 직전 3일 active_fraction,sfkr_hbfm_env_con,CR/CC23_H_C -> sen_val,CAT_042,active_fraction,"[t-3d,t)",Y/N,facility,feature_date,train median after pre-freeze screening; no row deletion,1,definition_ready,
CR__CC23_H_C__7d_active_fraction,난방 작동상태 직전 7일 active_fraction,sfkr_hbfm_env_con,CR/CC23_H_C -> sen_val,CAT_042,active_fraction,"[t-7d,t)",Y/N,facility,feature_date,train median after pre-freeze screening; no row deletion,1,definition_ready,
CR__CC2403__1d_active_fraction,훈증기작동상태 직전 1일 active_fraction,sfkr_hbfm_env_con,CR/CC2403 -> sen_val,CAT_014,active_fraction,"[t-1d,t)",Y/N,facility,feature_date,train median after pre-freeze screening; no row deletion,1,definition_ready,
CR__CC2403__3d_active_fraction,훈증기작동상태 직전 3일 active_fraction,sfkr_hbfm_env_con,CR/CC2403 -> sen_val,CAT_014,active_fraction,"[t-3d,t)",Y/N,facility,feature_date,train median after pre-freeze screening; no row deletion,1,definition_ready,
CR__CC2403__7d_active_fraction,훈증기작동상태 직전 7일 active_fraction,sfkr_hbfm_env_con,CR/CC2403 -> sen_val,CAT_014,active_fraction,"[t-7d,t)",Y/N,facility,feature_date,train median after pre-freeze screening; no row deletion,1,definition_ready,
CR__CC2503__1d_active_fraction,CO2발생기+난방기작동상태 직전 1일 active_fraction,sfkr_hbfm_env_con,CR/CC2503 -> sen_val,CAT_015,active_fraction,"[t-1d,t)",Y/N,facility,feature_date,train median after pre-freeze screening; no row deletion,1,definition_ready,
CR__CC2503__3d_active_fraction,CO2발생기+난방기작동상태 직전 3일 active_fraction,sfkr_hbfm_env_con,CR/CC2503 -> sen_val,CAT_015,active_fraction,"[t-3d,t)",Y/N,facility,feature_date,train median after pre-freeze screening; no row deletion,1,definition_ready,
CR__CC2503__7d_active_fraction,CO2발생기+난방기작동상태 직전 7일 active_fraction,sfkr_hbfm_env_con,CR/CC2503 -> sen_val,CAT_015,active_fraction,"[t-7d,t)",Y/N,facility,feature_date,train median after pre-freeze screening; no row deletion,1,definition_ready,
CR__CC2603__1d_active_fraction,관수모터 작동상태 직전 1일 active_fraction,sfkr_hbfm_env_con,CR/CC2603 -> sen_val,CAT_018,active_fraction,"[t-1d,t)",Y/N,facility,feature_date,train median after pre-freeze screening; no row deletion,1,definition_ready,
CR__CC2603__3d_active_fraction,관수모터 작동상태 직전 3일 active_fraction,sfkr_hbfm_env_con,CR/CC2603 -> sen_val,CAT_018,active_fraction,"[t-3d,t)",Y/N,facility,feature_date,train median after pre-freeze screening; no row deletion,1,definition_ready,
CR__CC2603__7d_active_fraction,관수모터 작동상태 직전 7일 active_fraction,sfkr_hbfm_env_con,CR/CC2603 -> sen_val,CAT_018,active_fraction,"[t-7d,t)",Y/N,facility,feature_date,train median after pre-freeze screening; no row deletion,1,definition_ready,
CR__CC2703__1d_active_fraction,관수밸브 작동상태 직전 1일 active_fraction,sfkr_hbfm_env_con,CR/CC2703 -> sen_val,CAT_018,active_fraction,"[t-1d,t)",Y/N,facility,feature_date,train median after pre-freeze screening; no row deletion,1,definition_ready,
CR__CC2703__3d_active_fraction,관수밸브 작동상태 직전 3일 active_fraction,sfkr_hbfm_env_con,CR/CC2703 -> sen_val,CAT_018,active_fraction,"[t-3d,t)",Y/N,facility,feature_date,train median after pre-freeze screening; no row deletion,1,definition_ready,
CR__CC2703__7d_active_fraction,관수밸브 작동상태 직전 7일 active_fraction,sfkr_hbfm_env_con,CR/CC2703 -> sen_val,CAT_018,active_fraction,"[t-7d,t)",Y/N,facility,feature_date,train median after pre-freeze screening; no row deletion,1,definition_ready,
CR__CC2803__1d_active_fraction,관비모터 작동상태 직전 1일 active_fraction,sfkr_hbfm_env_con,CR/CC2803 -> sen_val,CAT_018,active_fraction,"[t-1d,t)",Y/N,facility,feature_date,train median after pre-freeze screening; no row deletion,1,definition_ready,
CR__CC2803__3d_active_fraction,관비모터 작동상태 직전 3일 active_fraction,sfkr_hbfm_env_con,CR/CC2803 -> sen_val,CAT_018,active_fraction,"[t-3d,t)",Y/N,facility,feature_date,train median after pre-freeze screening; no row deletion,1,definition_ready,
CR__CC2803__7d_active_fraction,관비모터 작동상태 직전 7일 active_fraction,sfkr_hbfm_env_con,CR/CC2803 -> sen_val,CAT_018,active_fraction,"[t-7d,t)",Y/N,facility,feature_date,train median after pre-freeze screening; no row deletion,1,definition_ready,
CR__CC2903__1d_active_fraction,관비밸브 작동상태 직전 1일 active_fraction,sfkr_hbfm_env_con,CR/CC2903 -> sen_val,CAT_018,active_fraction,"[t-1d,t)",Y/N,facility,feature_date,train median after pre-freeze screening; no row deletion,1,definition_ready,
CR__CC2903__3d_active_fraction,관비밸브 작동상태 직전 3일 active_fraction,sfkr_hbfm_env_con,CR/CC2903 -> sen_val,CAT_018,active_fraction,"[t-3d,t)",Y/N,facility,feature_date,train median after pre-freeze screening; no row deletion,1,definition_ready,
CR__CC2903__7d_active_fraction,관비밸브 작동상태 직전 7일 active_fraction,sfkr_hbfm_env_con,CR/CC2903 -> sen_val,CAT_018,active_fraction,"[t-7d,t)",Y/N,facility,feature_date,train median after pre-freeze screening; no row deletion,1,definition_ready,
CR__CC3101__1d_active_fraction,단열커튼(천정) 작동상태 직전 1일 active_fraction,sfkr_hbfm_env_con,CR/CC3101 -> sen_val,CAT_044,active_fraction,"[t-1d,t)",Y/N,facility,feature_date,train median after pre-freeze screening; no row deletion,1,definition_ready,
CR__CC3101__3d_active_fraction,단열커튼(천정) 작동상태 직전 3일 active_fraction,sfkr_hbfm_env_con,CR/CC3101 -> sen_val,CAT_044,active_fraction,"[t-3d,t)",Y/N,facility,feature_date,train median after pre-freeze screening; no row deletion,1,definition_ready,
CR__CC3101__7d_active_fraction,단열커튼(천정) 작동상태 직전 7일 active_fraction,sfkr_hbfm_env_con,CR/CC3101 -> sen_val,CAT_044,active_fraction,"[t-7d,t)",Y/N,facility,feature_date,train median after pre-freeze screening; no row deletion,1,definition_ready,
CR__CC3201__1d_active_fraction,단열커튼(측면) 작동상태 직전 1일 active_fraction,sfkr_hbfm_env_con,CR/CC3201 -> sen_val,CAT_044,active_fraction,"[t-1d,t)",Y/N,facility,feature_date,train median after pre-freeze screening; no row deletion,1,definition_ready,
CR__CC3201__3d_active_fraction,단열커튼(측면) 작동상태 직전 3일 active_fraction,sfkr_hbfm_env_con,CR/CC3201 -> sen_val,CAT_044,active_fraction,"[t-3d,t)",Y/N,facility,feature_date,train median after pre-freeze screening; no row deletion,1,definition_ready,
CR__CC3201__7d_active_fraction,단열커튼(측면) 작동상태 직전 7일 active_fraction,sfkr_hbfm_env_con,CR/CC3201 -> sen_val,CAT_044,active_fraction,"[t-7d,t)",Y/N,facility,feature_date,train median after pre-freeze screening; no row deletion,1,definition_ready,
EI__CI__1d_mean,내부CO2 직전 1일 mean,sfkr_hbfm_env_con,EI/CI -> sen_val,CAT_016,mean,"[t-1d,t)",ppm,facility,feature_date,train median after pre-freeze screening; no row deletion,1,definition_ready,
EI__CI__1d_std,내부CO2 직전 1일 std,sfkr_hbfm_env_con,EI/CI -> sen_val,CAT_016,std; ddof=0,"[t-1d,t)",ppm,facility,feature_date,train median after pre-freeze screening; no row deletion,1,definition_ready,
EI__CI__1d_min,내부CO2 직전 1일 min,sfkr_hbfm_env_con,EI/CI -> sen_val,CAT_016,min,"[t-1d,t)",ppm,facility,feature_date,train median after pre-freeze screening; no row deletion,1,definition_ready,
EI__CI__1d_max,내부CO2 직전 1일 max,sfkr_hbfm_env_con,EI/CI -> sen_val,CAT_016,max,"[t-1d,t)",ppm,facility,feature_date,train median after pre-freeze screening; no row deletion,1,definition_ready,
EI__CI__3d_mean,내부CO2 직전 3일 mean,sfkr_hbfm_env_con,EI/CI -> sen_val,CAT_016,mean,"[t-3d,t)",ppm,facility,feature_date,train median after pre-freeze screening; no row deletion,1,definition_ready,
EI__CI__3d_std,내부CO2 직전 3일 std,sfkr_hbfm_env_con,EI/CI -> sen_val,CAT_016,std; ddof=0,"[t-3d,t)",ppm,facility,feature_date,train median after pre-freeze screening; no row deletion,1,definition_ready,
EI__CI__3d_min,내부CO2 직전 3일 min,sfkr_hbfm_env_con,EI/CI -> sen_val,CAT_016,min,"[t-3d,t)",ppm,facility,feature_date,train median after pre-freeze screening; no row deletion,1,definition_ready,
EI__CI__3d_max,내부CO2 직전 3일 max,sfkr_hbfm_env_con,EI/CI -> sen_val,CAT_016,max,"[t-3d,t)",ppm,facility,feature_date,train median after pre-freeze screening; no row deletion,1,definition_ready,
EI__CI__7d_mean,내부CO2 직전 7일 mean,sfkr_hbfm_env_con,EI/CI -> sen_val,CAT_016,mean,"[t-7d,t)",ppm,facility,feature_date,train median after pre-freeze screening; no row deletion,1,definition_ready,
EI__CI__7d_std,내부CO2 직전 7일 std,sfkr_hbfm_env_con,EI/CI -> sen_val,CAT_016,std; ddof=0,"[t-7d,t)",ppm,facility,feature_date,train median after pre-freeze screening; no row deletion,1,definition_ready,
EI__CI__7d_min,내부CO2 직전 7일 min,sfkr_hbfm_env_con,EI/CI -> sen_val,CAT_016,min,"[t-7d,t)",ppm,facility,feature_date,train median after pre-freeze screening; no row deletion,1,definition_ready,
EI__CI__7d_max,내부CO2 직전 7일 max,sfkr_hbfm_env_con,EI/CI -> sen_val,CAT_016,max,"[t-7d,t)",ppm,facility,feature_date,train median after pre-freeze screening; no row deletion,1,definition_ready,
EI__DT__1d_mean,(내부)이슬점온도 직전 1일 mean,sfkr_hbfm_env_con,EI/DT -> sen_val,CAT_045,mean,"[t-1d,t)",도,facility,feature_date,train median after pre-freeze screening; no row deletion,1,definition_ready,
EI__DT__1d_std,(내부)이슬점온도 직전 1일 std,sfkr_hbfm_env_con,EI/DT -> sen_val,CAT_045,std; ddof=0,"[t-1d,t)",도,facility,feature_date,train median after pre-freeze screening; no row deletion,1,definition_ready,
EI__DT__1d_min,(내부)이슬점온도 직전 1일 min,sfkr_hbfm_env_con,EI/DT -> sen_val,CAT_045,min,"[t-1d,t)",도,facility,feature_date,train median after pre-freeze screening; no row deletion,1,definition_ready,
EI__DT__1d_max,(내부)이슬점온도 직전 1일 max,sfkr_hbfm_env_con,EI/DT -> sen_val,CAT_045,max,"[t-1d,t)",도,facility,feature_date,train median after pre-freeze screening; no row deletion,1,definition_ready,
EI__DT__3d_mean,(내부)이슬점온도 직전 3일 mean,sfkr_hbfm_env_con,EI/DT -> sen_val,CAT_045,mean,"[t-3d,t)",도,facility,feature_date,train median after pre-freeze screening; no row deletion,1,definition_ready,
EI__DT__3d_std,(내부)이슬점온도 직전 3일 std,sfkr_hbfm_env_con,EI/DT -> sen_val,CAT_045,std; ddof=0,"[t-3d,t)",도,facility,feature_date,train median after pre-freeze screening; no row deletion,1,definition_ready,
EI__DT__3d_min,(내부)이슬점온도 직전 3일 min,sfkr_hbfm_env_con,EI/DT -> sen_val,CAT_045,min,"[t-3d,t)",도,facility,feature_date,train median after pre-freeze screening; no row deletion,1,definition_ready,
EI__DT__3d_max,(내부)이슬점온도 직전 3일 max,sfkr_hbfm_env_con,EI/DT -> sen_val,CAT_045,max,"[t-3d,t)",도,facility,feature_date,train median after pre-freeze screening; no row deletion,1,definition_ready,
EI__DT__7d_mean,(내부)이슬점온도 직전 7일 mean,sfkr_hbfm_env_con,EI/DT -> sen_val,CAT_045,mean,"[t-7d,t)",도,facility,feature_date,train median after pre-freeze screening; no row deletion,1,definition_ready,
EI__DT__7d_std,(내부)이슬점온도 직전 7일 std,sfkr_hbfm_env_con,EI/DT -> sen_val,CAT_045,std; ddof=0,"[t-7d,t)",도,facility,feature_date,train median after pre-freeze screening; no row deletion,1,definition_ready,
EI__DT__7d_min,(내부)이슬점온도 직전 7일 min,sfkr_hbfm_env_con,EI/DT -> sen_val,CAT_045,min,"[t-7d,t)",도,facility,feature_date,train median after pre-freeze screening; no row deletion,1,definition_ready,
EI__DT__7d_max,(내부)이슬점온도 직전 7일 max,sfkr_hbfm_env_con,EI/DT -> sen_val,CAT_045,max,"[t-7d,t)",도,facility,feature_date,train median after pre-freeze screening; no row deletion,1,definition_ready,
EI__HI__1d_mean,내부습도 직전 1일 mean,sfkr_hbfm_env_con,EI/HI -> sen_val,CAT_045,mean,"[t-1d,t)",%,facility,feature_date,train median after pre-freeze screening; no row deletion,1,definition_ready,
EI__HI__1d_std,내부습도 직전 1일 std,sfkr_hbfm_env_con,EI/HI -> sen_val,CAT_045,std; ddof=0,"[t-1d,t)",%,facility,feature_date,train median after pre-freeze screening; no row deletion,1,definition_ready,
EI__HI__1d_min,내부습도 직전 1일 min,sfkr_hbfm_env_con,EI/HI -> sen_val,CAT_045,min,"[t-1d,t)",%,facility,feature_date,train median after pre-freeze screening; no row deletion,1,definition_ready,
EI__HI__1d_max,내부습도 직전 1일 max,sfkr_hbfm_env_con,EI/HI -> sen_val,CAT_045,max,"[t-1d,t)",%,facility,feature_date,train median after pre-freeze screening; no row deletion,1,definition_ready,
EI__HI__3d_mean,내부습도 직전 3일 mean,sfkr_hbfm_env_con,EI/HI -> sen_val,CAT_045,mean,"[t-3d,t)",%,facility,feature_date,train median after pre-freeze screening; no row deletion,1,definition_ready,
EI__HI__3d_std,내부습도 직전 3일 std,sfkr_hbfm_env_con,EI/HI -> sen_val,CAT_045,std; ddof=0,"[t-3d,t)",%,facility,feature_date,train median after pre-freeze screening; no row deletion,1,definition_ready,
EI__HI__3d_min,내부습도 직전 3일 min,sfkr_hbfm_env_con,EI/HI -> sen_val,CAT_045,min,"[t-3d,t)",%,facility,feature_date,train median after pre-freeze screening; no row deletion,1,definition_ready,
EI__HI__3d_max,내부습도 직전 3일 max,sfkr_hbfm_env_con,EI/HI -> sen_val,CAT_045,max,"[t-3d,t)",%,facility,feature_date,train median after pre-freeze screening; no row deletion,1,definition_ready,
EI__HI__7d_mean,내부습도 직전 7일 mean,sfkr_hbfm_env_con,EI/HI -> sen_val,CAT_045,mean,"[t-7d,t)",%,facility,feature_date,train median after pre-freeze screening; no row deletion,1,definition_ready,
EI__HI__7d_std,내부습도 직전 7일 std,sfkr_hbfm_env_con,EI/HI -> sen_val,CAT_045,std; ddof=0,"[t-7d,t)",%,facility,feature_date,train median after pre-freeze screening; no row deletion,1,definition_ready,
EI__HI__7d_min,내부습도 직전 7일 min,sfkr_hbfm_env_con,EI/HI -> sen_val,CAT_045,min,"[t-7d,t)",%,facility,feature_date,train median after pre-freeze screening; no row deletion,1,definition_ready,
EI__HI__7d_max,내부습도 직전 7일 max,sfkr_hbfm_env_con,EI/HI -> sen_val,CAT_045,max,"[t-7d,t)",%,facility,feature_date,train median after pre-freeze screening; no row deletion,1,definition_ready,
EI__HI01__1d_mean,절대습도 직전 1일 mean,sfkr_hbfm_env_con,EI/HI01 -> sen_val,CAT_045,mean,"[t-1d,t)",g/m3,facility,feature_date,train median after pre-freeze screening; no row deletion,1,definition_ready,
EI__HI01__1d_std,절대습도 직전 1일 std,sfkr_hbfm_env_con,EI/HI01 -> sen_val,CAT_045,std; ddof=0,"[t-1d,t)",g/m3,facility,feature_date,train median after pre-freeze screening; no row deletion,1,definition_ready,
EI__HI01__1d_min,절대습도 직전 1일 min,sfkr_hbfm_env_con,EI/HI01 -> sen_val,CAT_045,min,"[t-1d,t)",g/m3,facility,feature_date,train median after pre-freeze screening; no row deletion,1,definition_ready,
EI__HI01__1d_max,절대습도 직전 1일 max,sfkr_hbfm_env_con,EI/HI01 -> sen_val,CAT_045,max,"[t-1d,t)",g/m3,facility,feature_date,train median after pre-freeze screening; no row deletion,1,definition_ready,
EI__HI01__3d_mean,절대습도 직전 3일 mean,sfkr_hbfm_env_con,EI/HI01 -> sen_val,CAT_045,mean,"[t-3d,t)",g/m3,facility,feature_date,train median after pre-freeze screening; no row deletion,1,definition_ready,
EI__HI01__3d_std,절대습도 직전 3일 std,sfkr_hbfm_env_con,EI/HI01 -> sen_val,CAT_045,std; ddof=0,"[t-3d,t)",g/m3,facility,feature_date,train median after pre-freeze screening; no row deletion,1,definition_ready,
EI__HI01__3d_min,절대습도 직전 3일 min,sfkr_hbfm_env_con,EI/HI01 -> sen_val,CAT_045,min,"[t-3d,t)",g/m3,facility,feature_date,train median after pre-freeze screening; no row deletion,1,definition_ready,
EI__HI01__3d_max,절대습도 직전 3일 max,sfkr_hbfm_env_con,EI/HI01 -> sen_val,CAT_045,max,"[t-3d,t)",g/m3,facility,feature_date,train median after pre-freeze screening; no row deletion,1,definition_ready,
EI__HI01__7d_mean,절대습도 직전 7일 mean,sfkr_hbfm_env_con,EI/HI01 -> sen_val,CAT_045,mean,"[t-7d,t)",g/m3,facility,feature_date,train median after pre-freeze screening; no row deletion,1,definition_ready,
EI__HI01__7d_std,절대습도 직전 7일 std,sfkr_hbfm_env_con,EI/HI01 -> sen_val,CAT_045,std; ddof=0,"[t-7d,t)",g/m3,facility,feature_date,train median after pre-freeze screening; no row deletion,1,definition_ready,
EI__HI01__7d_min,절대습도 직전 7일 min,sfkr_hbfm_env_con,EI/HI01 -> sen_val,CAT_045,min,"[t-7d,t)",g/m3,facility,feature_date,train median after pre-freeze screening; no row deletion,1,definition_ready,
EI__HI01__7d_max,절대습도 직전 7일 max,sfkr_hbfm_env_con,EI/HI01 -> sen_val,CAT_045,max,"[t-7d,t)",g/m3,facility,feature_date,train median after pre-freeze screening; no row deletion,1,definition_ready,
EI__HI02__1d_mean,(내부)상대습도 직전 1일 mean,sfkr_hbfm_env_con,EI/HI02 -> sen_val,CAT_045,mean,"[t-1d,t)",%,facility,feature_date,train median after pre-freeze screening; no row deletion,1,definition_ready,
EI__HI02__1d_std,(내부)상대습도 직전 1일 std,sfkr_hbfm_env_con,EI/HI02 -> sen_val,CAT_045,std; ddof=0,"[t-1d,t)",%,facility,feature_date,train median after pre-freeze screening; no row deletion,1,definition_ready,
EI__HI02__1d_min,(내부)상대습도 직전 1일 min,sfkr_hbfm_env_con,EI/HI02 -> sen_val,CAT_045,min,"[t-1d,t)",%,facility,feature_date,train median after pre-freeze screening; no row deletion,1,definition_ready,
EI__HI02__1d_max,(내부)상대습도 직전 1일 max,sfkr_hbfm_env_con,EI/HI02 -> sen_val,CAT_045,max,"[t-1d,t)",%,facility,feature_date,train median after pre-freeze screening; no row deletion,1,definition_ready,
EI__HI02__3d_mean,(내부)상대습도 직전 3일 mean,sfkr_hbfm_env_con,EI/HI02 -> sen_val,CAT_045,mean,"[t-3d,t)",%,facility,feature_date,train median after pre-freeze screening; no row deletion,1,definition_ready,
EI__HI02__3d_std,(내부)상대습도 직전 3일 std,sfkr_hbfm_env_con,EI/HI02 -> sen_val,CAT_045,std; ddof=0,"[t-3d,t)",%,facility,feature_date,train median after pre-freeze screening; no row deletion,1,definition_ready,
EI__HI02__3d_min,(내부)상대습도 직전 3일 min,sfkr_hbfm_env_con,EI/HI02 -> sen_val,CAT_045,min,"[t-3d,t)",%,facility,feature_date,train median after pre-freeze screening; no row deletion,1,definition_ready,
EI__HI02__3d_max,(내부)상대습도 직전 3일 max,sfkr_hbfm_env_con,EI/HI02 -> sen_val,CAT_045,max,"[t-3d,t)",%,facility,feature_date,train median after pre-freeze screening; no row deletion,1,definition_ready,
EI__HI02__7d_mean,(내부)상대습도 직전 7일 mean,sfkr_hbfm_env_con,EI/HI02 -> sen_val,CAT_045,mean,"[t-7d,t)",%,facility,feature_date,train median after pre-freeze screening; no row deletion,1,definition_ready,
EI__HI02__7d_std,(내부)상대습도 직전 7일 std,sfkr_hbfm_env_con,EI/HI02 -> sen_val,CAT_045,std; ddof=0,"[t-7d,t)",%,facility,feature_date,train median after pre-freeze screening; no row deletion,1,definition_ready,
EI__HI02__7d_min,(내부)상대습도 직전 7일 min,sfkr_hbfm_env_con,EI/HI02 -> sen_val,CAT_045,min,"[t-7d,t)",%,facility,feature_date,train median after pre-freeze screening; no row deletion,1,definition_ready,
EI__HI02__7d_max,(내부)상대습도 직전 7일 max,sfkr_hbfm_env_con,EI/HI02 -> sen_val,CAT_045,max,"[t-7d,t)",%,facility,feature_date,train median after pre-freeze screening; no row deletion,1,definition_ready,
EI__ID__1d_mean,일장 직전 1일 mean,sfkr_hbfm_env_con,EI/ID -> sen_val,CAT_043,mean,"[t-1d,t)",시간,facility,feature_date,train median after pre-freeze screening; no row deletion,1,needs_review,reset/unit/circular-value semantics require verification
EI__ID__1d_std,일장 직전 1일 std,sfkr_hbfm_env_con,EI/ID -> sen_val,CAT_043,std; ddof=0,"[t-1d,t)",시간,facility,feature_date,train median after pre-freeze screening; no row deletion,1,needs_review,reset/unit/circular-value semantics require verification
EI__ID__1d_min,일장 직전 1일 min,sfkr_hbfm_env_con,EI/ID -> sen_val,CAT_043,min,"[t-1d,t)",시간,facility,feature_date,train median after pre-freeze screening; no row deletion,1,needs_review,reset/unit/circular-value semantics require verification
EI__ID__1d_max,일장 직전 1일 max,sfkr_hbfm_env_con,EI/ID -> sen_val,CAT_043,max,"[t-1d,t)",시간,facility,feature_date,train median after pre-freeze screening; no row deletion,1,needs_review,reset/unit/circular-value semantics require verification
EI__ID__3d_mean,일장 직전 3일 mean,sfkr_hbfm_env_con,EI/ID -> sen_val,CAT_043,mean,"[t-3d,t)",시간,facility,feature_date,train median after pre-freeze screening; no row deletion,1,needs_review,reset/unit/circular-value semantics require verification
EI__ID__3d_std,일장 직전 3일 std,sfkr_hbfm_env_con,EI/ID -> sen_val,CAT_043,std; ddof=0,"[t-3d,t)",시간,facility,feature_date,train median after pre-freeze screening; no row deletion,1,needs_review,reset/unit/circular-value semantics require verification
EI__ID__3d_min,일장 직전 3일 min,sfkr_hbfm_env_con,EI/ID -> sen_val,CAT_043,min,"[t-3d,t)",시간,facility,feature_date,train median after pre-freeze screening; no row deletion,1,needs_review,reset/unit/circular-value semantics require verification
EI__ID__3d_max,일장 직전 3일 max,sfkr_hbfm_env_con,EI/ID -> sen_val,CAT_043,max,"[t-3d,t)",시간,facility,feature_date,train median after pre-freeze screening; no row deletion,1,needs_review,reset/unit/circular-value semantics require verification
EI__ID__7d_mean,일장 직전 7일 mean,sfkr_hbfm_env_con,EI/ID -> sen_val,CAT_043,mean,"[t-7d,t)",시간,facility,feature_date,train median after pre-freeze screening; no row deletion,1,needs_review,reset/unit/circular-value semantics require verification
EI__ID__7d_std,일장 직전 7일 std,sfkr_hbfm_env_con,EI/ID -> sen_val,CAT_043,std; ddof=0,"[t-7d,t)",시간,facility,feature_date,train median after pre-freeze screening; no row deletion,1,needs_review,reset/unit/circular-value semantics require verification
EI__ID__7d_min,일장 직전 7일 min,sfkr_hbfm_env_con,EI/ID -> sen_val,CAT_043,min,"[t-7d,t)",시간,facility,feature_date,train median after pre-freeze screening; no row deletion,1,needs_review,reset/unit/circular-value semantics require verification
EI__ID__7d_max,일장 직전 7일 max,sfkr_hbfm_env_con,EI/ID -> sen_val,CAT_043,max,"[t-7d,t)",시간,facility,feature_date,train median after pre-freeze screening; no row deletion,1,needs_review,reset/unit/circular-value semantics require verification
EI__IR__1d_mean,광량 직전 1일 mean,sfkr_hbfm_env_con,EI/IR -> sen_val,CAT_043,mean,"[t-1d,t)",μmol/m-2·s,facility,feature_date,train median after pre-freeze screening; no row deletion,1,definition_ready,
EI__IR__1d_std,광량 직전 1일 std,sfkr_hbfm_env_con,EI/IR -> sen_val,CAT_043,std; ddof=0,"[t-1d,t)",μmol/m-2·s,facility,feature_date,train median after pre-freeze screening; no row deletion,1,definition_ready,
EI__IR__1d_min,광량 직전 1일 min,sfkr_hbfm_env_con,EI/IR -> sen_val,CAT_043,min,"[t-1d,t)",μmol/m-2·s,facility,feature_date,train median after pre-freeze screening; no row deletion,1,definition_ready,
EI__IR__1d_max,광량 직전 1일 max,sfkr_hbfm_env_con,EI/IR -> sen_val,CAT_043,max,"[t-1d,t)",μmol/m-2·s,facility,feature_date,train median after pre-freeze screening; no row deletion,1,definition_ready,
EI__IR__3d_mean,광량 직전 3일 mean,sfkr_hbfm_env_con,EI/IR -> sen_val,CAT_043,mean,"[t-3d,t)",μmol/m-2·s,facility,feature_date,train median after pre-freeze screening; no row deletion,1,definition_ready,
EI__IR__3d_std,광량 직전 3일 std,sfkr_hbfm_env_con,EI/IR -> sen_val,CAT_043,std; ddof=0,"[t-3d,t)",μmol/m-2·s,facility,feature_date,train median after pre-freeze screening; no row deletion,1,definition_ready,
EI__IR__3d_min,광량 직전 3일 min,sfkr_hbfm_env_con,EI/IR -> sen_val,CAT_043,min,"[t-3d,t)",μmol/m-2·s,facility,feature_date,train median after pre-freeze screening; no row deletion,1,definition_ready,
EI__IR__3d_max,광량 직전 3일 max,sfkr_hbfm_env_con,EI/IR -> sen_val,CAT_043,max,"[t-3d,t)",μmol/m-2·s,facility,feature_date,train median after pre-freeze screening; no row deletion,1,definition_ready,
EI__IR__7d_mean,광량 직전 7일 mean,sfkr_hbfm_env_con,EI/IR -> sen_val,CAT_043,mean,"[t-7d,t)",μmol/m-2·s,facility,feature_date,train median after pre-freeze screening; no row deletion,1,definition_ready,
EI__IR__7d_std,광량 직전 7일 std,sfkr_hbfm_env_con,EI/IR -> sen_val,CAT_043,std; ddof=0,"[t-7d,t)",μmol/m-2·s,facility,feature_date,train median after pre-freeze screening; no row deletion,1,definition_ready,
EI__IR__7d_min,광량 직전 7일 min,sfkr_hbfm_env_con,EI/IR -> sen_val,CAT_043,min,"[t-7d,t)",μmol/m-2·s,facility,feature_date,train median after pre-freeze screening; no row deletion,1,definition_ready,
EI__IR__7d_max,광량 직전 7일 max,sfkr_hbfm_env_con,EI/IR -> sen_val,CAT_043,max,"[t-7d,t)",μmol/m-2·s,facility,feature_date,train median after pre-freeze screening; no row deletion,1,definition_ready,
EI__IS__1d_mean,내부일사량 직전 1일 mean,sfkr_hbfm_env_con,EI/IS -> sen_val,CAT_043,mean,"[t-1d,t)",W/m-2¡¤s,facility,feature_date,train median after pre-freeze screening; no row deletion,1,definition_ready,
EI__IS__1d_std,내부일사량 직전 1일 std,sfkr_hbfm_env_con,EI/IS -> sen_val,CAT_043,std; ddof=0,"[t-1d,t)",W/m-2¡¤s,facility,feature_date,train median after pre-freeze screening; no row deletion,1,definition_ready,
EI__IS__1d_min,내부일사량 직전 1일 min,sfkr_hbfm_env_con,EI/IS -> sen_val,CAT_043,min,"[t-1d,t)",W/m-2¡¤s,facility,feature_date,train median after pre-freeze screening; no row deletion,1,definition_ready,
EI__IS__1d_max,내부일사량 직전 1일 max,sfkr_hbfm_env_con,EI/IS -> sen_val,CAT_043,max,"[t-1d,t)",W/m-2¡¤s,facility,feature_date,train median after pre-freeze screening; no row deletion,1,definition_ready,
EI__IS__3d_mean,내부일사량 직전 3일 mean,sfkr_hbfm_env_con,EI/IS -> sen_val,CAT_043,mean,"[t-3d,t)",W/m-2¡¤s,facility,feature_date,train median after pre-freeze screening; no row deletion,1,definition_ready,
EI__IS__3d_std,내부일사량 직전 3일 std,sfkr_hbfm_env_con,EI/IS -> sen_val,CAT_043,std; ddof=0,"[t-3d,t)",W/m-2¡¤s,facility,feature_date,train median after pre-freeze screening; no row deletion,1,definition_ready,
EI__IS__3d_min,내부일사량 직전 3일 min,sfkr_hbfm_env_con,EI/IS -> sen_val,CAT_043,min,"[t-3d,t)",W/m-2¡¤s,facility,feature_date,train median after pre-freeze screening; no row deletion,1,definition_ready,
EI__IS__3d_max,내부일사량 직전 3일 max,sfkr_hbfm_env_con,EI/IS -> sen_val,CAT_043,max,"[t-3d,t)",W/m-2¡¤s,facility,feature_date,train median after pre-freeze screening; no row deletion,1,definition_ready,
EI__IS__7d_mean,내부일사량 직전 7일 mean,sfkr_hbfm_env_con,EI/IS -> sen_val,CAT_043,mean,"[t-7d,t)",W/m-2¡¤s,facility,feature_date,train median after pre-freeze screening; no row deletion,1,definition_ready,
EI__IS__7d_std,내부일사량 직전 7일 std,sfkr_hbfm_env_con,EI/IS -> sen_val,CAT_043,std; ddof=0,"[t-7d,t)",W/m-2¡¤s,facility,feature_date,train median after pre-freeze screening; no row deletion,1,definition_ready,
EI__IS__7d_min,내부일사량 직전 7일 min,sfkr_hbfm_env_con,EI/IS -> sen_val,CAT_043,min,"[t-7d,t)",W/m-2¡¤s,facility,feature_date,train median after pre-freeze screening; no row deletion,1,definition_ready,
EI__IS__7d_max,내부일사량 직전 7일 max,sfkr_hbfm_env_con,EI/IS -> sen_val,CAT_043,max,"[t-7d,t)",W/m-2¡¤s,facility,feature_date,train median after pre-freeze screening; no row deletion,1,definition_ready,
EI__CR__1d_increase,누적일사량(가공_내부) 직전 1일 increase,sfkr_hbfm_env_con,EI/CR -> sen_val,CAT_043,increase,"[t-1d,t)",J/cm2,facility,feature_date,train median after pre-freeze screening; no row deletion,1,needs_review,reset/unit/circular-value semantics require verification
EI__CR__3d_increase,누적일사량(가공_내부) 직전 3일 increase,sfkr_hbfm_env_con,EI/CR -> sen_val,CAT_043,increase,"[t-3d,t)",J/cm2,facility,feature_date,train median after pre-freeze screening; no row deletion,1,needs_review,reset/unit/circular-value semantics require verification
EI__CR__7d_increase,누적일사량(가공_내부) 직전 7일 increase,sfkr_hbfm_env_con,EI/CR -> sen_val,CAT_043,increase,"[t-7d,t)",J/cm2,facility,feature_date,train median after pre-freeze screening; no row deletion,1,needs_review,reset/unit/circular-value semantics require verification
EI__LI__1d_mean,내부조도 직전 1일 mean,sfkr_hbfm_env_con,EI/LI -> sen_val,CAT_043,mean,"[t-1d,t)",lux,facility,feature_date,train median after pre-freeze screening; no row deletion,1,definition_ready,
EI__LI__1d_std,내부조도 직전 1일 std,sfkr_hbfm_env_con,EI/LI -> sen_val,CAT_043,std; ddof=0,"[t-1d,t)",lux,facility,feature_date,train median after pre-freeze screening; no row deletion,1,definition_ready,
EI__LI__1d_min,내부조도 직전 1일 min,sfkr_hbfm_env_con,EI/LI -> sen_val,CAT_043,min,"[t-1d,t)",lux,facility,feature_date,train median after pre-freeze screening; no row deletion,1,definition_ready,
EI__LI__1d_max,내부조도 직전 1일 max,sfkr_hbfm_env_con,EI/LI -> sen_val,CAT_043,max,"[t-1d,t)",lux,facility,feature_date,train median after pre-freeze screening; no row deletion,1,definition_ready,
EI__LI__3d_mean,내부조도 직전 3일 mean,sfkr_hbfm_env_con,EI/LI -> sen_val,CAT_043,mean,"[t-3d,t)",lux,facility,feature_date,train median after pre-freeze screening; no row deletion,1,definition_ready,
EI__LI__3d_std,내부조도 직전 3일 std,sfkr_hbfm_env_con,EI/LI -> sen_val,CAT_043,std; ddof=0,"[t-3d,t)",lux,facility,feature_date,train median after pre-freeze screening; no row deletion,1,definition_ready,
EI__LI__3d_min,내부조도 직전 3일 min,sfkr_hbfm_env_con,EI/LI -> sen_val,CAT_043,min,"[t-3d,t)",lux,facility,feature_date,train median after pre-freeze screening; no row deletion,1,definition_ready,
EI__LI__3d_max,내부조도 직전 3일 max,sfkr_hbfm_env_con,EI/LI -> sen_val,CAT_043,max,"[t-3d,t)",lux,facility,feature_date,train median after pre-freeze screening; no row deletion,1,definition_ready,
EI__LI__7d_mean,내부조도 직전 7일 mean,sfkr_hbfm_env_con,EI/LI -> sen_val,CAT_043,mean,"[t-7d,t)",lux,facility,feature_date,train median after pre-freeze screening; no row deletion,1,definition_ready,
EI__LI__7d_std,내부조도 직전 7일 std,sfkr_hbfm_env_con,EI/LI -> sen_val,CAT_043,std; ddof=0,"[t-7d,t)",lux,facility,feature_date,train median after pre-freeze screening; no row deletion,1,definition_ready,
EI__LI__7d_min,내부조도 직전 7일 min,sfkr_hbfm_env_con,EI/LI -> sen_val,CAT_043,min,"[t-7d,t)",lux,facility,feature_date,train median after pre-freeze screening; no row deletion,1,definition_ready,
EI__LI__7d_max,내부조도 직전 7일 max,sfkr_hbfm_env_con,EI/LI -> sen_val,CAT_043,max,"[t-7d,t)",lux,facility,feature_date,train median after pre-freeze screening; no row deletion,1,definition_ready,
EI__LW__1d_mean,광파장(광질) 직전 1일 mean,sfkr_hbfm_env_con,EI/LW -> sen_val,CAT_043,mean,"[t-1d,t)",nm,facility,feature_date,train median after pre-freeze screening; no row deletion,1,needs_review,reset/unit/circular-value semantics require verification
EI__LW__1d_std,광파장(광질) 직전 1일 std,sfkr_hbfm_env_con,EI/LW -> sen_val,CAT_043,std; ddof=0,"[t-1d,t)",nm,facility,feature_date,train median after pre-freeze screening; no row deletion,1,needs_review,reset/unit/circular-value semantics require verification
EI__LW__1d_min,광파장(광질) 직전 1일 min,sfkr_hbfm_env_con,EI/LW -> sen_val,CAT_043,min,"[t-1d,t)",nm,facility,feature_date,train median after pre-freeze screening; no row deletion,1,needs_review,reset/unit/circular-value semantics require verification
EI__LW__1d_max,광파장(광질) 직전 1일 max,sfkr_hbfm_env_con,EI/LW -> sen_val,CAT_043,max,"[t-1d,t)",nm,facility,feature_date,train median after pre-freeze screening; no row deletion,1,needs_review,reset/unit/circular-value semantics require verification
EI__LW__3d_mean,광파장(광질) 직전 3일 mean,sfkr_hbfm_env_con,EI/LW -> sen_val,CAT_043,mean,"[t-3d,t)",nm,facility,feature_date,train median after pre-freeze screening; no row deletion,1,needs_review,reset/unit/circular-value semantics require verification
EI__LW__3d_std,광파장(광질) 직전 3일 std,sfkr_hbfm_env_con,EI/LW -> sen_val,CAT_043,std; ddof=0,"[t-3d,t)",nm,facility,feature_date,train median after pre-freeze screening; no row deletion,1,needs_review,reset/unit/circular-value semantics require verification
EI__LW__3d_min,광파장(광질) 직전 3일 min,sfkr_hbfm_env_con,EI/LW -> sen_val,CAT_043,min,"[t-3d,t)",nm,facility,feature_date,train median after pre-freeze screening; no row deletion,1,needs_review,reset/unit/circular-value semantics require verification
EI__LW__3d_max,광파장(광질) 직전 3일 max,sfkr_hbfm_env_con,EI/LW -> sen_val,CAT_043,max,"[t-3d,t)",nm,facility,feature_date,train median after pre-freeze screening; no row deletion,1,needs_review,reset/unit/circular-value semantics require verification
EI__LW__7d_mean,광파장(광질) 직전 7일 mean,sfkr_hbfm_env_con,EI/LW -> sen_val,CAT_043,mean,"[t-7d,t)",nm,facility,feature_date,train median after pre-freeze screening; no row deletion,1,needs_review,reset/unit/circular-value semantics require verification
EI__LW__7d_std,광파장(광질) 직전 7일 std,sfkr_hbfm_env_con,EI/LW -> sen_val,CAT_043,std; ddof=0,"[t-7d,t)",nm,facility,feature_date,train median after pre-freeze screening; no row deletion,1,needs_review,reset/unit/circular-value semantics require verification
EI__LW__7d_min,광파장(광질) 직전 7일 min,sfkr_hbfm_env_con,EI/LW -> sen_val,CAT_043,min,"[t-7d,t)",nm,facility,feature_date,train median after pre-freeze screening; no row deletion,1,needs_review,reset/unit/circular-value semantics require verification
EI__LW__7d_max,광파장(광질) 직전 7일 max,sfkr_hbfm_env_con,EI/LW -> sen_val,CAT_043,max,"[t-7d,t)",nm,facility,feature_date,train median after pre-freeze screening; no row deletion,1,needs_review,reset/unit/circular-value semantics require verification
EI__TI__1d_mean,내부온도 직전 1일 mean,sfkr_hbfm_env_con,EI/TI -> sen_val,CAT_045,mean,"[t-1d,t)",도,facility,feature_date,train median after pre-freeze screening; no row deletion,1,definition_ready,
EI__TI__1d_std,내부온도 직전 1일 std,sfkr_hbfm_env_con,EI/TI -> sen_val,CAT_045,std; ddof=0,"[t-1d,t)",도,facility,feature_date,train median after pre-freeze screening; no row deletion,1,definition_ready,
EI__TI__1d_min,내부온도 직전 1일 min,sfkr_hbfm_env_con,EI/TI -> sen_val,CAT_045,min,"[t-1d,t)",도,facility,feature_date,train median after pre-freeze screening; no row deletion,1,definition_ready,
EI__TI__1d_max,내부온도 직전 1일 max,sfkr_hbfm_env_con,EI/TI -> sen_val,CAT_045,max,"[t-1d,t)",도,facility,feature_date,train median after pre-freeze screening; no row deletion,1,definition_ready,
EI__TI__3d_mean,내부온도 직전 3일 mean,sfkr_hbfm_env_con,EI/TI -> sen_val,CAT_045,mean,"[t-3d,t)",도,facility,feature_date,train median after pre-freeze screening; no row deletion,1,definition_ready,
EI__TI__3d_std,내부온도 직전 3일 std,sfkr_hbfm_env_con,EI/TI -> sen_val,CAT_045,std; ddof=0,"[t-3d,t)",도,facility,feature_date,train median after pre-freeze screening; no row deletion,1,definition_ready,
EI__TI__3d_min,내부온도 직전 3일 min,sfkr_hbfm_env_con,EI/TI -> sen_val,CAT_045,min,"[t-3d,t)",도,facility,feature_date,train median after pre-freeze screening; no row deletion,1,definition_ready,
EI__TI__3d_max,내부온도 직전 3일 max,sfkr_hbfm_env_con,EI/TI -> sen_val,CAT_045,max,"[t-3d,t)",도,facility,feature_date,train median after pre-freeze screening; no row deletion,1,definition_ready,
EI__TI__7d_mean,내부온도 직전 7일 mean,sfkr_hbfm_env_con,EI/TI -> sen_val,CAT_045,mean,"[t-7d,t)",도,facility,feature_date,train median after pre-freeze screening; no row deletion,1,definition_ready,
EI__TI__7d_std,내부온도 직전 7일 std,sfkr_hbfm_env_con,EI/TI -> sen_val,CAT_045,std; ddof=0,"[t-7d,t)",도,facility,feature_date,train median after pre-freeze screening; no row deletion,1,definition_ready,
EI__TI__7d_min,내부온도 직전 7일 min,sfkr_hbfm_env_con,EI/TI -> sen_val,CAT_045,min,"[t-7d,t)",도,facility,feature_date,train median after pre-freeze screening; no row deletion,1,definition_ready,
EI__TI__7d_max,내부온도 직전 7일 max,sfkr_hbfm_env_con,EI/TI -> sen_val,CAT_045,max,"[t-7d,t)",도,facility,feature_date,train median after pre-freeze screening; no row deletion,1,definition_ready,
EI__WS__1d_mean,내부풍속 직전 1일 mean,sfkr_hbfm_env_con,EI/WS -> sen_val,CAT_010,mean,"[t-1d,t)",m/s,facility,feature_date,train median after pre-freeze screening; no row deletion,1,definition_ready,
EI__WS__1d_std,내부풍속 직전 1일 std,sfkr_hbfm_env_con,EI/WS -> sen_val,CAT_010,std; ddof=0,"[t-1d,t)",m/s,facility,feature_date,train median after pre-freeze screening; no row deletion,1,definition_ready,
EI__WS__1d_min,내부풍속 직전 1일 min,sfkr_hbfm_env_con,EI/WS -> sen_val,CAT_010,min,"[t-1d,t)",m/s,facility,feature_date,train median after pre-freeze screening; no row deletion,1,definition_ready,
EI__WS__1d_max,내부풍속 직전 1일 max,sfkr_hbfm_env_con,EI/WS -> sen_val,CAT_010,max,"[t-1d,t)",m/s,facility,feature_date,train median after pre-freeze screening; no row deletion,1,definition_ready,
EI__WS__3d_mean,내부풍속 직전 3일 mean,sfkr_hbfm_env_con,EI/WS -> sen_val,CAT_010,mean,"[t-3d,t)",m/s,facility,feature_date,train median after pre-freeze screening; no row deletion,1,definition_ready,
EI__WS__3d_std,내부풍속 직전 3일 std,sfkr_hbfm_env_con,EI/WS -> sen_val,CAT_010,std; ddof=0,"[t-3d,t)",m/s,facility,feature_date,train median after pre-freeze screening; no row deletion,1,definition_ready,
EI__WS__3d_min,내부풍속 직전 3일 min,sfkr_hbfm_env_con,EI/WS -> sen_val,CAT_010,min,"[t-3d,t)",m/s,facility,feature_date,train median after pre-freeze screening; no row deletion,1,definition_ready,
EI__WS__3d_max,내부풍속 직전 3일 max,sfkr_hbfm_env_con,EI/WS -> sen_val,CAT_010,max,"[t-3d,t)",m/s,facility,feature_date,train median after pre-freeze screening; no row deletion,1,definition_ready,
EI__WS__7d_mean,내부풍속 직전 7일 mean,sfkr_hbfm_env_con,EI/WS -> sen_val,CAT_010,mean,"[t-7d,t)",m/s,facility,feature_date,train median after pre-freeze screening; no row deletion,1,definition_ready,
EI__WS__7d_std,내부풍속 직전 7일 std,sfkr_hbfm_env_con,EI/WS -> sen_val,CAT_010,std; ddof=0,"[t-7d,t)",m/s,facility,feature_date,train median after pre-freeze screening; no row deletion,1,definition_ready,
EI__WS__7d_min,내부풍속 직전 7일 min,sfkr_hbfm_env_con,EI/WS -> sen_val,CAT_010,min,"[t-7d,t)",m/s,facility,feature_date,train median after pre-freeze screening; no row deletion,1,definition_ready,
EI__WS__7d_max,내부풍속 직전 7일 max,sfkr_hbfm_env_con,EI/WS -> sen_val,CAT_010,max,"[t-7d,t)",m/s,facility,feature_date,train median after pre-freeze screening; no row deletion,1,definition_ready,
EO__CR__1d_increase,누적일사량(가공_외부) 직전 1일 increase,sfkr_hbfm_env_con,EO/CR -> sen_val,CAT_007,increase,"[t-1d,t)",J/cm2,facility,feature_date,train median after pre-freeze screening; no row deletion,1,needs_review,reset/unit/circular-value semantics require verification
EO__CR__3d_increase,누적일사량(가공_외부) 직전 3일 increase,sfkr_hbfm_env_con,EO/CR -> sen_val,CAT_007,increase,"[t-3d,t)",J/cm2,facility,feature_date,train median after pre-freeze screening; no row deletion,1,needs_review,reset/unit/circular-value semantics require verification
EO__CR__7d_increase,누적일사량(가공_외부) 직전 7일 increase,sfkr_hbfm_env_con,EO/CR -> sen_val,CAT_007,increase,"[t-7d,t)",J/cm2,facility,feature_date,train median after pre-freeze screening; no row deletion,1,needs_review,reset/unit/circular-value semantics require verification
EO__CS__1d_increase,누적강우량(가공) 직전 1일 increase,sfkr_hbfm_env_con,EO/CS -> sen_val,CAT_028,increase,"[t-1d,t)",mm,facility,feature_date,train median after pre-freeze screening; no row deletion,1,needs_review,reset/unit/circular-value semantics require verification
EO__CS__3d_increase,누적강우량(가공) 직전 3일 increase,sfkr_hbfm_env_con,EO/CS -> sen_val,CAT_028,increase,"[t-3d,t)",mm,facility,feature_date,train median after pre-freeze screening; no row deletion,1,needs_review,reset/unit/circular-value semantics require verification
EO__CS__7d_increase,누적강우량(가공) 직전 7일 increase,sfkr_hbfm_env_con,EO/CS -> sen_val,CAT_028,increase,"[t-7d,t)",mm,facility,feature_date,train median after pre-freeze screening; no row deletion,1,needs_review,reset/unit/circular-value semantics require verification
EO__DC__1d_mean,결로 직전 1일 mean,sfkr_hbfm_env_con,EO/DC -> sen_val,CAT_036,mean,"[t-1d,t)",%,facility,feature_date,train median after pre-freeze screening; no row deletion,1,definition_ready,
EO__DC__1d_std,결로 직전 1일 std,sfkr_hbfm_env_con,EO/DC -> sen_val,CAT_036,std; ddof=0,"[t-1d,t)",%,facility,feature_date,train median after pre-freeze screening; no row deletion,1,definition_ready,
EO__DC__1d_min,결로 직전 1일 min,sfkr_hbfm_env_con,EO/DC -> sen_val,CAT_036,min,"[t-1d,t)",%,facility,feature_date,train median after pre-freeze screening; no row deletion,1,definition_ready,
EO__DC__1d_max,결로 직전 1일 max,sfkr_hbfm_env_con,EO/DC -> sen_val,CAT_036,max,"[t-1d,t)",%,facility,feature_date,train median after pre-freeze screening; no row deletion,1,definition_ready,
EO__DC__3d_mean,결로 직전 3일 mean,sfkr_hbfm_env_con,EO/DC -> sen_val,CAT_036,mean,"[t-3d,t)",%,facility,feature_date,train median after pre-freeze screening; no row deletion,1,definition_ready,
EO__DC__3d_std,결로 직전 3일 std,sfkr_hbfm_env_con,EO/DC -> sen_val,CAT_036,std; ddof=0,"[t-3d,t)",%,facility,feature_date,train median after pre-freeze screening; no row deletion,1,definition_ready,
EO__DC__3d_min,결로 직전 3일 min,sfkr_hbfm_env_con,EO/DC -> sen_val,CAT_036,min,"[t-3d,t)",%,facility,feature_date,train median after pre-freeze screening; no row deletion,1,definition_ready,
EO__DC__3d_max,결로 직전 3일 max,sfkr_hbfm_env_con,EO/DC -> sen_val,CAT_036,max,"[t-3d,t)",%,facility,feature_date,train median after pre-freeze screening; no row deletion,1,definition_ready,
EO__DC__7d_mean,결로 직전 7일 mean,sfkr_hbfm_env_con,EO/DC -> sen_val,CAT_036,mean,"[t-7d,t)",%,facility,feature_date,train median after pre-freeze screening; no row deletion,1,definition_ready,
EO__DC__7d_std,결로 직전 7일 std,sfkr_hbfm_env_con,EO/DC -> sen_val,CAT_036,std; ddof=0,"[t-7d,t)",%,facility,feature_date,train median after pre-freeze screening; no row deletion,1,definition_ready,
EO__DC__7d_min,결로 직전 7일 min,sfkr_hbfm_env_con,EO/DC -> sen_val,CAT_036,min,"[t-7d,t)",%,facility,feature_date,train median after pre-freeze screening; no row deletion,1,definition_ready,
EO__DC__7d_max,결로 직전 7일 max,sfkr_hbfm_env_con,EO/DC -> sen_val,CAT_036,max,"[t-7d,t)",%,facility,feature_date,train median after pre-freeze screening; no row deletion,1,definition_ready,
EO__DS__1d_mean,적설 직전 1일 mean,sfkr_hbfm_env_con,EO/DS -> sen_val,CAT_028,mean,"[t-1d,t)",m,facility,feature_date,train median after pre-freeze screening; no row deletion,1,definition_ready,
EO__DS__1d_std,적설 직전 1일 std,sfkr_hbfm_env_con,EO/DS -> sen_val,CAT_028,std; ddof=0,"[t-1d,t)",m,facility,feature_date,train median after pre-freeze screening; no row deletion,1,definition_ready,
EO__DS__1d_min,적설 직전 1일 min,sfkr_hbfm_env_con,EO/DS -> sen_val,CAT_028,min,"[t-1d,t)",m,facility,feature_date,train median after pre-freeze screening; no row deletion,1,definition_ready,
EO__DS__1d_max,적설 직전 1일 max,sfkr_hbfm_env_con,EO/DS -> sen_val,CAT_028,max,"[t-1d,t)",m,facility,feature_date,train median after pre-freeze screening; no row deletion,1,definition_ready,
EO__DS__3d_mean,적설 직전 3일 mean,sfkr_hbfm_env_con,EO/DS -> sen_val,CAT_028,mean,"[t-3d,t)",m,facility,feature_date,train median after pre-freeze screening; no row deletion,1,definition_ready,
EO__DS__3d_std,적설 직전 3일 std,sfkr_hbfm_env_con,EO/DS -> sen_val,CAT_028,std; ddof=0,"[t-3d,t)",m,facility,feature_date,train median after pre-freeze screening; no row deletion,1,definition_ready,
EO__DS__3d_min,적설 직전 3일 min,sfkr_hbfm_env_con,EO/DS -> sen_val,CAT_028,min,"[t-3d,t)",m,facility,feature_date,train median after pre-freeze screening; no row deletion,1,definition_ready,
EO__DS__3d_max,적설 직전 3일 max,sfkr_hbfm_env_con,EO/DS -> sen_val,CAT_028,max,"[t-3d,t)",m,facility,feature_date,train median after pre-freeze screening; no row deletion,1,definition_ready,
EO__DS__7d_mean,적설 직전 7일 mean,sfkr_hbfm_env_con,EO/DS -> sen_val,CAT_028,mean,"[t-7d,t)",m,facility,feature_date,train median after pre-freeze screening; no row deletion,1,definition_ready,
EO__DS__7d_std,적설 직전 7일 std,sfkr_hbfm_env_con,EO/DS -> sen_val,CAT_028,std; ddof=0,"[t-7d,t)",m,facility,feature_date,train median after pre-freeze screening; no row deletion,1,definition_ready,
EO__DS__7d_min,적설 직전 7일 min,sfkr_hbfm_env_con,EO/DS -> sen_val,CAT_028,min,"[t-7d,t)",m,facility,feature_date,train median after pre-freeze screening; no row deletion,1,definition_ready,
EO__DS__7d_max,적설 직전 7일 max,sfkr_hbfm_env_con,EO/DS -> sen_val,CAT_028,max,"[t-7d,t)",m,facility,feature_date,train median after pre-freeze screening; no row deletion,1,definition_ready,
EO__DT__1d_mean,(외부)이슬점온도 직전 1일 mean,sfkr_hbfm_env_con,EO/DT -> sen_val,CAT_036,mean,"[t-1d,t)",도,facility,feature_date,train median after pre-freeze screening; no row deletion,1,definition_ready,
EO__DT__1d_std,(외부)이슬점온도 직전 1일 std,sfkr_hbfm_env_con,EO/DT -> sen_val,CAT_036,std; ddof=0,"[t-1d,t)",도,facility,feature_date,train median after pre-freeze screening; no row deletion,1,definition_ready,
EO__DT__1d_min,(외부)이슬점온도 직전 1일 min,sfkr_hbfm_env_con,EO/DT -> sen_val,CAT_036,min,"[t-1d,t)",도,facility,feature_date,train median after pre-freeze screening; no row deletion,1,definition_ready,
EO__DT__1d_max,(외부)이슬점온도 직전 1일 max,sfkr_hbfm_env_con,EO/DT -> sen_val,CAT_036,max,"[t-1d,t)",도,facility,feature_date,train median after pre-freeze screening; no row deletion,1,definition_ready,
EO__DT__3d_mean,(외부)이슬점온도 직전 3일 mean,sfkr_hbfm_env_con,EO/DT -> sen_val,CAT_036,mean,"[t-3d,t)",도,facility,feature_date,train median after pre-freeze screening; no row deletion,1,definition_ready,
EO__DT__3d_std,(외부)이슬점온도 직전 3일 std,sfkr_hbfm_env_con,EO/DT -> sen_val,CAT_036,std; ddof=0,"[t-3d,t)",도,facility,feature_date,train median after pre-freeze screening; no row deletion,1,definition_ready,
EO__DT__3d_min,(외부)이슬점온도 직전 3일 min,sfkr_hbfm_env_con,EO/DT -> sen_val,CAT_036,min,"[t-3d,t)",도,facility,feature_date,train median after pre-freeze screening; no row deletion,1,definition_ready,
EO__DT__3d_max,(외부)이슬점온도 직전 3일 max,sfkr_hbfm_env_con,EO/DT -> sen_val,CAT_036,max,"[t-3d,t)",도,facility,feature_date,train median after pre-freeze screening; no row deletion,1,definition_ready,
EO__DT__7d_mean,(외부)이슬점온도 직전 7일 mean,sfkr_hbfm_env_con,EO/DT -> sen_val,CAT_036,mean,"[t-7d,t)",도,facility,feature_date,train median after pre-freeze screening; no row deletion,1,definition_ready,
EO__DT__7d_std,(외부)이슬점온도 직전 7일 std,sfkr_hbfm_env_con,EO/DT -> sen_val,CAT_036,std; ddof=0,"[t-7d,t)",도,facility,feature_date,train median after pre-freeze screening; no row deletion,1,definition_ready,
EO__DT__7d_min,(외부)이슬점온도 직전 7일 min,sfkr_hbfm_env_con,EO/DT -> sen_val,CAT_036,min,"[t-7d,t)",도,facility,feature_date,train median after pre-freeze screening; no row deletion,1,definition_ready,
EO__DT__7d_max,(외부)이슬점온도 직전 7일 max,sfkr_hbfm_env_con,EO/DT -> sen_val,CAT_036,max,"[t-7d,t)",도,facility,feature_date,train median after pre-freeze screening; no row deletion,1,definition_ready,
EO__HE__1d_mean,외부습도 직전 1일 mean,sfkr_hbfm_env_con,EO/HE -> sen_val,CAT_036,mean,"[t-1d,t)",%,facility,feature_date,train median after pre-freeze screening; no row deletion,1,definition_ready,
EO__HE__1d_std,외부습도 직전 1일 std,sfkr_hbfm_env_con,EO/HE -> sen_val,CAT_036,std; ddof=0,"[t-1d,t)",%,facility,feature_date,train median after pre-freeze screening; no row deletion,1,definition_ready,
EO__HE__1d_min,외부습도 직전 1일 min,sfkr_hbfm_env_con,EO/HE -> sen_val,CAT_036,min,"[t-1d,t)",%,facility,feature_date,train median after pre-freeze screening; no row deletion,1,definition_ready,
EO__HE__1d_max,외부습도 직전 1일 max,sfkr_hbfm_env_con,EO/HE -> sen_val,CAT_036,max,"[t-1d,t)",%,facility,feature_date,train median after pre-freeze screening; no row deletion,1,definition_ready,
EO__HE__3d_mean,외부습도 직전 3일 mean,sfkr_hbfm_env_con,EO/HE -> sen_val,CAT_036,mean,"[t-3d,t)",%,facility,feature_date,train median after pre-freeze screening; no row deletion,1,definition_ready,
EO__HE__3d_std,외부습도 직전 3일 std,sfkr_hbfm_env_con,EO/HE -> sen_val,CAT_036,std; ddof=0,"[t-3d,t)",%,facility,feature_date,train median after pre-freeze screening; no row deletion,1,definition_ready,
EO__HE__3d_min,외부습도 직전 3일 min,sfkr_hbfm_env_con,EO/HE -> sen_val,CAT_036,min,"[t-3d,t)",%,facility,feature_date,train median after pre-freeze screening; no row deletion,1,definition_ready,
EO__HE__3d_max,외부습도 직전 3일 max,sfkr_hbfm_env_con,EO/HE -> sen_val,CAT_036,max,"[t-3d,t)",%,facility,feature_date,train median after pre-freeze screening; no row deletion,1,definition_ready,
EO__HE__7d_mean,외부습도 직전 7일 mean,sfkr_hbfm_env_con,EO/HE -> sen_val,CAT_036,mean,"[t-7d,t)",%,facility,feature_date,train median after pre-freeze screening; no row deletion,1,definition_ready,
EO__HE__7d_std,외부습도 직전 7일 std,sfkr_hbfm_env_con,EO/HE -> sen_val,CAT_036,std; ddof=0,"[t-7d,t)",%,facility,feature_date,train median after pre-freeze screening; no row deletion,1,definition_ready,
EO__HE__7d_min,외부습도 직전 7일 min,sfkr_hbfm_env_con,EO/HE -> sen_val,CAT_036,min,"[t-7d,t)",%,facility,feature_date,train median after pre-freeze screening; no row deletion,1,definition_ready,
EO__HE__7d_max,외부습도 직전 7일 max,sfkr_hbfm_env_con,EO/HE -> sen_val,CAT_036,max,"[t-7d,t)",%,facility,feature_date,train median after pre-freeze screening; no row deletion,1,definition_ready,
EO__HR__1d_mean,(외부)상대습도 직전 1일 mean,sfkr_hbfm_env_con,EO/HR -> sen_val,CAT_036,mean,"[t-1d,t)",%,facility,feature_date,train median after pre-freeze screening; no row deletion,1,definition_ready,
EO__HR__1d_std,(외부)상대습도 직전 1일 std,sfkr_hbfm_env_con,EO/HR -> sen_val,CAT_036,std; ddof=0,"[t-1d,t)",%,facility,feature_date,train median after pre-freeze screening; no row deletion,1,definition_ready,
EO__HR__1d_min,(외부)상대습도 직전 1일 min,sfkr_hbfm_env_con,EO/HR -> sen_val,CAT_036,min,"[t-1d,t)",%,facility,feature_date,train median after pre-freeze screening; no row deletion,1,definition_ready,
EO__HR__1d_max,(외부)상대습도 직전 1일 max,sfkr_hbfm_env_con,EO/HR -> sen_val,CAT_036,max,"[t-1d,t)",%,facility,feature_date,train median after pre-freeze screening; no row deletion,1,definition_ready,
EO__HR__3d_mean,(외부)상대습도 직전 3일 mean,sfkr_hbfm_env_con,EO/HR -> sen_val,CAT_036,mean,"[t-3d,t)",%,facility,feature_date,train median after pre-freeze screening; no row deletion,1,definition_ready,
EO__HR__3d_std,(외부)상대습도 직전 3일 std,sfkr_hbfm_env_con,EO/HR -> sen_val,CAT_036,std; ddof=0,"[t-3d,t)",%,facility,feature_date,train median after pre-freeze screening; no row deletion,1,definition_ready,
EO__HR__3d_min,(외부)상대습도 직전 3일 min,sfkr_hbfm_env_con,EO/HR -> sen_val,CAT_036,min,"[t-3d,t)",%,facility,feature_date,train median after pre-freeze screening; no row deletion,1,definition_ready,
EO__HR__3d_max,(외부)상대습도 직전 3일 max,sfkr_hbfm_env_con,EO/HR -> sen_val,CAT_036,max,"[t-3d,t)",%,facility,feature_date,train median after pre-freeze screening; no row deletion,1,definition_ready,
EO__HR__7d_mean,(외부)상대습도 직전 7일 mean,sfkr_hbfm_env_con,EO/HR -> sen_val,CAT_036,mean,"[t-7d,t)",%,facility,feature_date,train median after pre-freeze screening; no row deletion,1,definition_ready,
EO__HR__7d_std,(외부)상대습도 직전 7일 std,sfkr_hbfm_env_con,EO/HR -> sen_val,CAT_036,std; ddof=0,"[t-7d,t)",%,facility,feature_date,train median after pre-freeze screening; no row deletion,1,definition_ready,
EO__HR__7d_min,(외부)상대습도 직전 7일 min,sfkr_hbfm_env_con,EO/HR -> sen_val,CAT_036,min,"[t-7d,t)",%,facility,feature_date,train median after pre-freeze screening; no row deletion,1,definition_ready,
EO__HR__7d_max,(외부)상대습도 직전 7일 max,sfkr_hbfm_env_con,EO/HR -> sen_val,CAT_036,max,"[t-7d,t)",%,facility,feature_date,train median after pre-freeze screening; no row deletion,1,definition_ready,
EO__PD__1d_mean,광양자수 직전 1일 mean,sfkr_hbfm_env_con,EO/PD -> sen_val,CAT_007,mean,"[t-1d,t)",umol/m?÷/s,facility,feature_date,train median after pre-freeze screening; no row deletion,1,definition_ready,
EO__PD__1d_std,광양자수 직전 1일 std,sfkr_hbfm_env_con,EO/PD -> sen_val,CAT_007,std; ddof=0,"[t-1d,t)",umol/m?÷/s,facility,feature_date,train median after pre-freeze screening; no row deletion,1,definition_ready,
EO__PD__1d_min,광양자수 직전 1일 min,sfkr_hbfm_env_con,EO/PD -> sen_val,CAT_007,min,"[t-1d,t)",umol/m?÷/s,facility,feature_date,train median after pre-freeze screening; no row deletion,1,definition_ready,
EO__PD__1d_max,광양자수 직전 1일 max,sfkr_hbfm_env_con,EO/PD -> sen_val,CAT_007,max,"[t-1d,t)",umol/m?÷/s,facility,feature_date,train median after pre-freeze screening; no row deletion,1,definition_ready,
EO__PD__3d_mean,광양자수 직전 3일 mean,sfkr_hbfm_env_con,EO/PD -> sen_val,CAT_007,mean,"[t-3d,t)",umol/m?÷/s,facility,feature_date,train median after pre-freeze screening; no row deletion,1,definition_ready,
EO__PD__3d_std,광양자수 직전 3일 std,sfkr_hbfm_env_con,EO/PD -> sen_val,CAT_007,std; ddof=0,"[t-3d,t)",umol/m?÷/s,facility,feature_date,train median after pre-freeze screening; no row deletion,1,definition_ready,
EO__PD__3d_min,광양자수 직전 3일 min,sfkr_hbfm_env_con,EO/PD -> sen_val,CAT_007,min,"[t-3d,t)",umol/m?÷/s,facility,feature_date,train median after pre-freeze screening; no row deletion,1,definition_ready,
EO__PD__3d_max,광양자수 직전 3일 max,sfkr_hbfm_env_con,EO/PD -> sen_val,CAT_007,max,"[t-3d,t)",umol/m?÷/s,facility,feature_date,train median after pre-freeze screening; no row deletion,1,definition_ready,
EO__PD__7d_mean,광양자수 직전 7일 mean,sfkr_hbfm_env_con,EO/PD -> sen_val,CAT_007,mean,"[t-7d,t)",umol/m?÷/s,facility,feature_date,train median after pre-freeze screening; no row deletion,1,definition_ready,
EO__PD__7d_std,광양자수 직전 7일 std,sfkr_hbfm_env_con,EO/PD -> sen_val,CAT_007,std; ddof=0,"[t-7d,t)",umol/m?÷/s,facility,feature_date,train median after pre-freeze screening; no row deletion,1,definition_ready,
EO__PD__7d_min,광양자수 직전 7일 min,sfkr_hbfm_env_con,EO/PD -> sen_val,CAT_007,min,"[t-7d,t)",umol/m?÷/s,facility,feature_date,train median after pre-freeze screening; no row deletion,1,definition_ready,
EO__PD__7d_max,광양자수 직전 7일 max,sfkr_hbfm_env_con,EO/PD -> sen_val,CAT_007,max,"[t-7d,t)",umol/m?÷/s,facility,feature_date,train median after pre-freeze screening; no row deletion,1,definition_ready,
EO__RF__1d_mean,외부강우 직전 1일 mean,sfkr_hbfm_env_con,EO/RF -> sen_val,CAT_028,mean,"[t-1d,t)",mm,facility,feature_date,train median after pre-freeze screening; no row deletion,1,definition_ready,
EO__RF__1d_std,외부강우 직전 1일 std,sfkr_hbfm_env_con,EO/RF -> sen_val,CAT_028,std; ddof=0,"[t-1d,t)",mm,facility,feature_date,train median after pre-freeze screening; no row deletion,1,definition_ready,
EO__RF__1d_min,외부강우 직전 1일 min,sfkr_hbfm_env_con,EO/RF -> sen_val,CAT_028,min,"[t-1d,t)",mm,facility,feature_date,train median after pre-freeze screening; no row deletion,1,definition_ready,
EO__RF__1d_max,외부강우 직전 1일 max,sfkr_hbfm_env_con,EO/RF -> sen_val,CAT_028,max,"[t-1d,t)",mm,facility,feature_date,train median after pre-freeze screening; no row deletion,1,definition_ready,
EO__RF__3d_mean,외부강우 직전 3일 mean,sfkr_hbfm_env_con,EO/RF -> sen_val,CAT_028,mean,"[t-3d,t)",mm,facility,feature_date,train median after pre-freeze screening; no row deletion,1,definition_ready,
EO__RF__3d_std,외부강우 직전 3일 std,sfkr_hbfm_env_con,EO/RF -> sen_val,CAT_028,std; ddof=0,"[t-3d,t)",mm,facility,feature_date,train median after pre-freeze screening; no row deletion,1,definition_ready,
EO__RF__3d_min,외부강우 직전 3일 min,sfkr_hbfm_env_con,EO/RF -> sen_val,CAT_028,min,"[t-3d,t)",mm,facility,feature_date,train median after pre-freeze screening; no row deletion,1,definition_ready,
EO__RF__3d_max,외부강우 직전 3일 max,sfkr_hbfm_env_con,EO/RF -> sen_val,CAT_028,max,"[t-3d,t)",mm,facility,feature_date,train median after pre-freeze screening; no row deletion,1,definition_ready,
EO__RF__7d_mean,외부강우 직전 7일 mean,sfkr_hbfm_env_con,EO/RF -> sen_val,CAT_028,mean,"[t-7d,t)",mm,facility,feature_date,train median after pre-freeze screening; no row deletion,1,definition_ready,
EO__RF__7d_std,외부강우 직전 7일 std,sfkr_hbfm_env_con,EO/RF -> sen_val,CAT_028,std; ddof=0,"[t-7d,t)",mm,facility,feature_date,train median after pre-freeze screening; no row deletion,1,definition_ready,
EO__RF__7d_min,외부강우 직전 7일 min,sfkr_hbfm_env_con,EO/RF -> sen_val,CAT_028,min,"[t-7d,t)",mm,facility,feature_date,train median after pre-freeze screening; no row deletion,1,definition_ready,
EO__RF__7d_max,외부강우 직전 7일 max,sfkr_hbfm_env_con,EO/RF -> sen_val,CAT_028,max,"[t-7d,t)",mm,facility,feature_date,train median after pre-freeze screening; no row deletion,1,definition_ready,
EO__RP__1d_active_fraction,강우감지 직전 1일 active_fraction,sfkr_hbfm_env_con,EO/RP -> sen_val,CAT_028,active_fraction,"[t-1d,t)",Y/N,facility,feature_date,train median after pre-freeze screening; no row deletion,1,definition_ready,
EO__RP__3d_active_fraction,강우감지 직전 3일 active_fraction,sfkr_hbfm_env_con,EO/RP -> sen_val,CAT_028,active_fraction,"[t-3d,t)",Y/N,facility,feature_date,train median after pre-freeze screening; no row deletion,1,definition_ready,
EO__RP__7d_active_fraction,강우감지 직전 7일 active_fraction,sfkr_hbfm_env_con,EO/RP -> sen_val,CAT_028,active_fraction,"[t-7d,t)",Y/N,facility,feature_date,train median after pre-freeze screening; no row deletion,1,definition_ready,
EO__SR__1d_mean,외부일사량 직전 1일 mean,sfkr_hbfm_env_con,EO/SR -> sen_val,CAT_007,mean,"[t-1d,t)",w/㎡,facility,feature_date,train median after pre-freeze screening; no row deletion,1,definition_ready,
EO__SR__1d_std,외부일사량 직전 1일 std,sfkr_hbfm_env_con,EO/SR -> sen_val,CAT_007,std; ddof=0,"[t-1d,t)",w/㎡,facility,feature_date,train median after pre-freeze screening; no row deletion,1,definition_ready,
EO__SR__1d_min,외부일사량 직전 1일 min,sfkr_hbfm_env_con,EO/SR -> sen_val,CAT_007,min,"[t-1d,t)",w/㎡,facility,feature_date,train median after pre-freeze screening; no row deletion,1,definition_ready,
EO__SR__1d_max,외부일사량 직전 1일 max,sfkr_hbfm_env_con,EO/SR -> sen_val,CAT_007,max,"[t-1d,t)",w/㎡,facility,feature_date,train median after pre-freeze screening; no row deletion,1,definition_ready,
EO__SR__3d_mean,외부일사량 직전 3일 mean,sfkr_hbfm_env_con,EO/SR -> sen_val,CAT_007,mean,"[t-3d,t)",w/㎡,facility,feature_date,train median after pre-freeze screening; no row deletion,1,definition_ready,
EO__SR__3d_std,외부일사량 직전 3일 std,sfkr_hbfm_env_con,EO/SR -> sen_val,CAT_007,std; ddof=0,"[t-3d,t)",w/㎡,facility,feature_date,train median after pre-freeze screening; no row deletion,1,definition_ready,
EO__SR__3d_min,외부일사량 직전 3일 min,sfkr_hbfm_env_con,EO/SR -> sen_val,CAT_007,min,"[t-3d,t)",w/㎡,facility,feature_date,train median after pre-freeze screening; no row deletion,1,definition_ready,
EO__SR__3d_max,외부일사량 직전 3일 max,sfkr_hbfm_env_con,EO/SR -> sen_val,CAT_007,max,"[t-3d,t)",w/㎡,facility,feature_date,train median after pre-freeze screening; no row deletion,1,definition_ready,
EO__SR__7d_mean,외부일사량 직전 7일 mean,sfkr_hbfm_env_con,EO/SR -> sen_val,CAT_007,mean,"[t-7d,t)",w/㎡,facility,feature_date,train median after pre-freeze screening; no row deletion,1,definition_ready,
EO__SR__7d_std,외부일사량 직전 7일 std,sfkr_hbfm_env_con,EO/SR -> sen_val,CAT_007,std; ddof=0,"[t-7d,t)",w/㎡,facility,feature_date,train median after pre-freeze screening; no row deletion,1,definition_ready,
EO__SR__7d_min,외부일사량 직전 7일 min,sfkr_hbfm_env_con,EO/SR -> sen_val,CAT_007,min,"[t-7d,t)",w/㎡,facility,feature_date,train median after pre-freeze screening; no row deletion,1,definition_ready,
EO__SR__7d_max,외부일사량 직전 7일 max,sfkr_hbfm_env_con,EO/SR -> sen_val,CAT_007,max,"[t-7d,t)",w/㎡,facility,feature_date,train median after pre-freeze screening; no row deletion,1,definition_ready,
EO__TE__1d_mean,외부온도 직전 1일 mean,sfkr_hbfm_env_con,EO/TE -> sen_val,CAT_036,mean,"[t-1d,t)",도,facility,feature_date,train median after pre-freeze screening; no row deletion,1,definition_ready,
EO__TE__1d_std,외부온도 직전 1일 std,sfkr_hbfm_env_con,EO/TE -> sen_val,CAT_036,std; ddof=0,"[t-1d,t)",도,facility,feature_date,train median after pre-freeze screening; no row deletion,1,definition_ready,
EO__TE__1d_min,외부온도 직전 1일 min,sfkr_hbfm_env_con,EO/TE -> sen_val,CAT_036,min,"[t-1d,t)",도,facility,feature_date,train median after pre-freeze screening; no row deletion,1,definition_ready,
EO__TE__1d_max,외부온도 직전 1일 max,sfkr_hbfm_env_con,EO/TE -> sen_val,CAT_036,max,"[t-1d,t)",도,facility,feature_date,train median after pre-freeze screening; no row deletion,1,definition_ready,
EO__TE__3d_mean,외부온도 직전 3일 mean,sfkr_hbfm_env_con,EO/TE -> sen_val,CAT_036,mean,"[t-3d,t)",도,facility,feature_date,train median after pre-freeze screening; no row deletion,1,definition_ready,
EO__TE__3d_std,외부온도 직전 3일 std,sfkr_hbfm_env_con,EO/TE -> sen_val,CAT_036,std; ddof=0,"[t-3d,t)",도,facility,feature_date,train median after pre-freeze screening; no row deletion,1,definition_ready,
EO__TE__3d_min,외부온도 직전 3일 min,sfkr_hbfm_env_con,EO/TE -> sen_val,CAT_036,min,"[t-3d,t)",도,facility,feature_date,train median after pre-freeze screening; no row deletion,1,definition_ready,
EO__TE__3d_max,외부온도 직전 3일 max,sfkr_hbfm_env_con,EO/TE -> sen_val,CAT_036,max,"[t-3d,t)",도,facility,feature_date,train median after pre-freeze screening; no row deletion,1,definition_ready,
EO__TE__7d_mean,외부온도 직전 7일 mean,sfkr_hbfm_env_con,EO/TE -> sen_val,CAT_036,mean,"[t-7d,t)",도,facility,feature_date,train median after pre-freeze screening; no row deletion,1,definition_ready,
EO__TE__7d_std,외부온도 직전 7일 std,sfkr_hbfm_env_con,EO/TE -> sen_val,CAT_036,std; ddof=0,"[t-7d,t)",도,facility,feature_date,train median after pre-freeze screening; no row deletion,1,definition_ready,
EO__TE__7d_min,외부온도 직전 7일 min,sfkr_hbfm_env_con,EO/TE -> sen_val,CAT_036,min,"[t-7d,t)",도,facility,feature_date,train median after pre-freeze screening; no row deletion,1,definition_ready,
EO__TE__7d_max,외부온도 직전 7일 max,sfkr_hbfm_env_con,EO/TE -> sen_val,CAT_036,max,"[t-7d,t)",도,facility,feature_date,train median after pre-freeze screening; no row deletion,1,definition_ready,
EO__WD__1d_mean,외부풍향 직전 1일 mean,sfkr_hbfm_env_con,EO/WD -> sen_val,CAT_004,mean,"[t-1d,t)",도,facility,feature_date,train median after pre-freeze screening; no row deletion,1,needs_review,reset/unit/circular-value semantics require verification
EO__WD__1d_std,외부풍향 직전 1일 std,sfkr_hbfm_env_con,EO/WD -> sen_val,CAT_004,std; ddof=0,"[t-1d,t)",도,facility,feature_date,train median after pre-freeze screening; no row deletion,1,needs_review,reset/unit/circular-value semantics require verification
EO__WD__1d_min,외부풍향 직전 1일 min,sfkr_hbfm_env_con,EO/WD -> sen_val,CAT_004,min,"[t-1d,t)",도,facility,feature_date,train median after pre-freeze screening; no row deletion,1,needs_review,reset/unit/circular-value semantics require verification
EO__WD__1d_max,외부풍향 직전 1일 max,sfkr_hbfm_env_con,EO/WD -> sen_val,CAT_004,max,"[t-1d,t)",도,facility,feature_date,train median after pre-freeze screening; no row deletion,1,needs_review,reset/unit/circular-value semantics require verification
EO__WD__3d_mean,외부풍향 직전 3일 mean,sfkr_hbfm_env_con,EO/WD -> sen_val,CAT_004,mean,"[t-3d,t)",도,facility,feature_date,train median after pre-freeze screening; no row deletion,1,needs_review,reset/unit/circular-value semantics require verification
EO__WD__3d_std,외부풍향 직전 3일 std,sfkr_hbfm_env_con,EO/WD -> sen_val,CAT_004,std; ddof=0,"[t-3d,t)",도,facility,feature_date,train median after pre-freeze screening; no row deletion,1,needs_review,reset/unit/circular-value semantics require verification
EO__WD__3d_min,외부풍향 직전 3일 min,sfkr_hbfm_env_con,EO/WD -> sen_val,CAT_004,min,"[t-3d,t)",도,facility,feature_date,train median after pre-freeze screening; no row deletion,1,needs_review,reset/unit/circular-value semantics require verification
EO__WD__3d_max,외부풍향 직전 3일 max,sfkr_hbfm_env_con,EO/WD -> sen_val,CAT_004,max,"[t-3d,t)",도,facility,feature_date,train median after pre-freeze screening; no row deletion,1,needs_review,reset/unit/circular-value semantics require verification
EO__WD__7d_mean,외부풍향 직전 7일 mean,sfkr_hbfm_env_con,EO/WD -> sen_val,CAT_004,mean,"[t-7d,t)",도,facility,feature_date,train median after pre-freeze screening; no row deletion,1,needs_review,reset/unit/circular-value semantics require verification
EO__WD__7d_std,외부풍향 직전 7일 std,sfkr_hbfm_env_con,EO/WD -> sen_val,CAT_004,std; ddof=0,"[t-7d,t)",도,facility,feature_date,train median after pre-freeze screening; no row deletion,1,needs_review,reset/unit/circular-value semantics require verification
EO__WD__7d_min,외부풍향 직전 7일 min,sfkr_hbfm_env_con,EO/WD -> sen_val,CAT_004,min,"[t-7d,t)",도,facility,feature_date,train median after pre-freeze screening; no row deletion,1,needs_review,reset/unit/circular-value semantics require verification
EO__WD__7d_max,외부풍향 직전 7일 max,sfkr_hbfm_env_con,EO/WD -> sen_val,CAT_004,max,"[t-7d,t)",도,facility,feature_date,train median after pre-freeze screening; no row deletion,1,needs_review,reset/unit/circular-value semantics require verification
EO__WS__1d_mean,외부풍속 직전 1일 mean,sfkr_hbfm_env_con,EO/WS -> sen_val,CAT_004,mean,"[t-1d,t)",m/s,facility,feature_date,train median after pre-freeze screening; no row deletion,1,definition_ready,
EO__WS__1d_std,외부풍속 직전 1일 std,sfkr_hbfm_env_con,EO/WS -> sen_val,CAT_004,std; ddof=0,"[t-1d,t)",m/s,facility,feature_date,train median after pre-freeze screening; no row deletion,1,definition_ready,
EO__WS__1d_min,외부풍속 직전 1일 min,sfkr_hbfm_env_con,EO/WS -> sen_val,CAT_004,min,"[t-1d,t)",m/s,facility,feature_date,train median after pre-freeze screening; no row deletion,1,definition_ready,
EO__WS__1d_max,외부풍속 직전 1일 max,sfkr_hbfm_env_con,EO/WS -> sen_val,CAT_004,max,"[t-1d,t)",m/s,facility,feature_date,train median after pre-freeze screening; no row deletion,1,definition_ready,
EO__WS__3d_mean,외부풍속 직전 3일 mean,sfkr_hbfm_env_con,EO/WS -> sen_val,CAT_004,mean,"[t-3d,t)",m/s,facility,feature_date,train median after pre-freeze screening; no row deletion,1,definition_ready,
EO__WS__3d_std,외부풍속 직전 3일 std,sfkr_hbfm_env_con,EO/WS -> sen_val,CAT_004,std; ddof=0,"[t-3d,t)",m/s,facility,feature_date,train median after pre-freeze screening; no row deletion,1,definition_ready,
EO__WS__3d_min,외부풍속 직전 3일 min,sfkr_hbfm_env_con,EO/WS -> sen_val,CAT_004,min,"[t-3d,t)",m/s,facility,feature_date,train median after pre-freeze screening; no row deletion,1,definition_ready,
EO__WS__3d_max,외부풍속 직전 3일 max,sfkr_hbfm_env_con,EO/WS -> sen_val,CAT_004,max,"[t-3d,t)",m/s,facility,feature_date,train median after pre-freeze screening; no row deletion,1,definition_ready,
EO__WS__7d_mean,외부풍속 직전 7일 mean,sfkr_hbfm_env_con,EO/WS -> sen_val,CAT_004,mean,"[t-7d,t)",m/s,facility,feature_date,train median after pre-freeze screening; no row deletion,1,definition_ready,
EO__WS__7d_std,외부풍속 직전 7일 std,sfkr_hbfm_env_con,EO/WS -> sen_val,CAT_004,std; ddof=0,"[t-7d,t)",m/s,facility,feature_date,train median after pre-freeze screening; no row deletion,1,definition_ready,
EO__WS__7d_min,외부풍속 직전 7일 min,sfkr_hbfm_env_con,EO/WS -> sen_val,CAT_004,min,"[t-7d,t)",m/s,facility,feature_date,train median after pre-freeze screening; no row deletion,1,definition_ready,
EO__WS__7d_max,외부풍속 직전 7일 max,sfkr_hbfm_env_con,EO/WS -> sen_val,CAT_004,max,"[t-7d,t)",m/s,facility,feature_date,train median after pre-freeze screening; no row deletion,1,definition_ready,
NT__AT__1d_mean,수분함수율 직전 1일 mean,sfkr_hbfm_env_con,NT/AT -> sen_val,CAT_009,mean,"[t-1d,t)",g,facility,feature_date,train median after pre-freeze screening; no row deletion,1,needs_review,reset/unit/circular-value semantics require verification
NT__AT__1d_std,수분함수율 직전 1일 std,sfkr_hbfm_env_con,NT/AT -> sen_val,CAT_009,std; ddof=0,"[t-1d,t)",g,facility,feature_date,train median after pre-freeze screening; no row deletion,1,needs_review,reset/unit/circular-value semantics require verification
NT__AT__1d_min,수분함수율 직전 1일 min,sfkr_hbfm_env_con,NT/AT -> sen_val,CAT_009,min,"[t-1d,t)",g,facility,feature_date,train median after pre-freeze screening; no row deletion,1,needs_review,reset/unit/circular-value semantics require verification
NT__AT__1d_max,수분함수율 직전 1일 max,sfkr_hbfm_env_con,NT/AT -> sen_val,CAT_009,max,"[t-1d,t)",g,facility,feature_date,train median after pre-freeze screening; no row deletion,1,needs_review,reset/unit/circular-value semantics require verification
NT__AT__3d_mean,수분함수율 직전 3일 mean,sfkr_hbfm_env_con,NT/AT -> sen_val,CAT_009,mean,"[t-3d,t)",g,facility,feature_date,train median after pre-freeze screening; no row deletion,1,needs_review,reset/unit/circular-value semantics require verification
NT__AT__3d_std,수분함수율 직전 3일 std,sfkr_hbfm_env_con,NT/AT -> sen_val,CAT_009,std; ddof=0,"[t-3d,t)",g,facility,feature_date,train median after pre-freeze screening; no row deletion,1,needs_review,reset/unit/circular-value semantics require verification
NT__AT__3d_min,수분함수율 직전 3일 min,sfkr_hbfm_env_con,NT/AT -> sen_val,CAT_009,min,"[t-3d,t)",g,facility,feature_date,train median after pre-freeze screening; no row deletion,1,needs_review,reset/unit/circular-value semantics require verification
NT__AT__3d_max,수분함수율 직전 3일 max,sfkr_hbfm_env_con,NT/AT -> sen_val,CAT_009,max,"[t-3d,t)",g,facility,feature_date,train median after pre-freeze screening; no row deletion,1,needs_review,reset/unit/circular-value semantics require verification
NT__AT__7d_mean,수분함수율 직전 7일 mean,sfkr_hbfm_env_con,NT/AT -> sen_val,CAT_009,mean,"[t-7d,t)",g,facility,feature_date,train median after pre-freeze screening; no row deletion,1,needs_review,reset/unit/circular-value semantics require verification
NT__AT__7d_std,수분함수율 직전 7일 std,sfkr_hbfm_env_con,NT/AT -> sen_val,CAT_009,std; ddof=0,"[t-7d,t)",g,facility,feature_date,train median after pre-freeze screening; no row deletion,1,needs_review,reset/unit/circular-value semantics require verification
NT__AT__7d_min,수분함수율 직전 7일 min,sfkr_hbfm_env_con,NT/AT -> sen_val,CAT_009,min,"[t-7d,t)",g,facility,feature_date,train median after pre-freeze screening; no row deletion,1,needs_review,reset/unit/circular-value semantics require verification
NT__AT__7d_max,수분함수율 직전 7일 max,sfkr_hbfm_env_con,NT/AT -> sen_val,CAT_009,max,"[t-7d,t)",g,facility,feature_date,train median after pre-freeze screening; no row deletion,1,needs_review,reset/unit/circular-value semantics require verification
NT__BW__1d_mean,배지무게 직전 1일 mean,sfkr_hbfm_env_con,NT/BW -> sen_val,CAT_009,mean,"[t-1d,t)",kg,facility,feature_date,train median after pre-freeze screening; no row deletion,1,needs_review,reset/unit/circular-value semantics require verification
NT__BW__1d_std,배지무게 직전 1일 std,sfkr_hbfm_env_con,NT/BW -> sen_val,CAT_009,std; ddof=0,"[t-1d,t)",kg,facility,feature_date,train median after pre-freeze screening; no row deletion,1,needs_review,reset/unit/circular-value semantics require verification
NT__BW__1d_min,배지무게 직전 1일 min,sfkr_hbfm_env_con,NT/BW -> sen_val,CAT_009,min,"[t-1d,t)",kg,facility,feature_date,train median after pre-freeze screening; no row deletion,1,needs_review,reset/unit/circular-value semantics require verification
NT__BW__1d_max,배지무게 직전 1일 max,sfkr_hbfm_env_con,NT/BW -> sen_val,CAT_009,max,"[t-1d,t)",kg,facility,feature_date,train median after pre-freeze screening; no row deletion,1,needs_review,reset/unit/circular-value semantics require verification
NT__BW__3d_mean,배지무게 직전 3일 mean,sfkr_hbfm_env_con,NT/BW -> sen_val,CAT_009,mean,"[t-3d,t)",kg,facility,feature_date,train median after pre-freeze screening; no row deletion,1,needs_review,reset/unit/circular-value semantics require verification
NT__BW__3d_std,배지무게 직전 3일 std,sfkr_hbfm_env_con,NT/BW -> sen_val,CAT_009,std; ddof=0,"[t-3d,t)",kg,facility,feature_date,train median after pre-freeze screening; no row deletion,1,needs_review,reset/unit/circular-value semantics require verification
NT__BW__3d_min,배지무게 직전 3일 min,sfkr_hbfm_env_con,NT/BW -> sen_val,CAT_009,min,"[t-3d,t)",kg,facility,feature_date,train median after pre-freeze screening; no row deletion,1,needs_review,reset/unit/circular-value semantics require verification
NT__BW__3d_max,배지무게 직전 3일 max,sfkr_hbfm_env_con,NT/BW -> sen_val,CAT_009,max,"[t-3d,t)",kg,facility,feature_date,train median after pre-freeze screening; no row deletion,1,needs_review,reset/unit/circular-value semantics require verification
NT__BW__7d_mean,배지무게 직전 7일 mean,sfkr_hbfm_env_con,NT/BW -> sen_val,CAT_009,mean,"[t-7d,t)",kg,facility,feature_date,train median after pre-freeze screening; no row deletion,1,needs_review,reset/unit/circular-value semantics require verification
NT__BW__7d_std,배지무게 직전 7일 std,sfkr_hbfm_env_con,NT/BW -> sen_val,CAT_009,std; ddof=0,"[t-7d,t)",kg,facility,feature_date,train median after pre-freeze screening; no row deletion,1,needs_review,reset/unit/circular-value semantics require verification
NT__BW__7d_min,배지무게 직전 7일 min,sfkr_hbfm_env_con,NT/BW -> sen_val,CAT_009,min,"[t-7d,t)",kg,facility,feature_date,train median after pre-freeze screening; no row deletion,1,needs_review,reset/unit/circular-value semantics require verification
NT__BW__7d_max,배지무게 직전 7일 max,sfkr_hbfm_env_con,NT/BW -> sen_val,CAT_009,max,"[t-7d,t)",kg,facility,feature_date,train median after pre-freeze screening; no row deletion,1,needs_review,reset/unit/circular-value semantics require verification
NT__CF__1d_mean,(양액)압/출력 직전 1일 mean,sfkr_hbfm_env_con,NT/CF -> sen_val,CAT_011,mean,"[t-1d,t)",%,facility,feature_date,train median after pre-freeze screening; no row deletion,1,needs_review,reset/unit/circular-value semantics require verification
NT__CF__1d_std,(양액)압/출력 직전 1일 std,sfkr_hbfm_env_con,NT/CF -> sen_val,CAT_011,std; ddof=0,"[t-1d,t)",%,facility,feature_date,train median after pre-freeze screening; no row deletion,1,needs_review,reset/unit/circular-value semantics require verification
NT__CF__1d_min,(양액)압/출력 직전 1일 min,sfkr_hbfm_env_con,NT/CF -> sen_val,CAT_011,min,"[t-1d,t)",%,facility,feature_date,train median after pre-freeze screening; no row deletion,1,needs_review,reset/unit/circular-value semantics require verification
NT__CF__1d_max,(양액)압/출력 직전 1일 max,sfkr_hbfm_env_con,NT/CF -> sen_val,CAT_011,max,"[t-1d,t)",%,facility,feature_date,train median after pre-freeze screening; no row deletion,1,needs_review,reset/unit/circular-value semantics require verification
NT__CF__3d_mean,(양액)압/출력 직전 3일 mean,sfkr_hbfm_env_con,NT/CF -> sen_val,CAT_011,mean,"[t-3d,t)",%,facility,feature_date,train median after pre-freeze screening; no row deletion,1,needs_review,reset/unit/circular-value semantics require verification
NT__CF__3d_std,(양액)압/출력 직전 3일 std,sfkr_hbfm_env_con,NT/CF -> sen_val,CAT_011,std; ddof=0,"[t-3d,t)",%,facility,feature_date,train median after pre-freeze screening; no row deletion,1,needs_review,reset/unit/circular-value semantics require verification
NT__CF__3d_min,(양액)압/출력 직전 3일 min,sfkr_hbfm_env_con,NT/CF -> sen_val,CAT_011,min,"[t-3d,t)",%,facility,feature_date,train median after pre-freeze screening; no row deletion,1,needs_review,reset/unit/circular-value semantics require verification
NT__CF__3d_max,(양액)압/출력 직전 3일 max,sfkr_hbfm_env_con,NT/CF -> sen_val,CAT_011,max,"[t-3d,t)",%,facility,feature_date,train median after pre-freeze screening; no row deletion,1,needs_review,reset/unit/circular-value semantics require verification
NT__CF__7d_mean,(양액)압/출력 직전 7일 mean,sfkr_hbfm_env_con,NT/CF -> sen_val,CAT_011,mean,"[t-7d,t)",%,facility,feature_date,train median after pre-freeze screening; no row deletion,1,needs_review,reset/unit/circular-value semantics require verification
NT__CF__7d_std,(양액)압/출력 직전 7일 std,sfkr_hbfm_env_con,NT/CF -> sen_val,CAT_011,std; ddof=0,"[t-7d,t)",%,facility,feature_date,train median after pre-freeze screening; no row deletion,1,needs_review,reset/unit/circular-value semantics require verification
NT__CF__7d_min,(양액)압/출력 직전 7일 min,sfkr_hbfm_env_con,NT/CF -> sen_val,CAT_011,min,"[t-7d,t)",%,facility,feature_date,train median after pre-freeze screening; no row deletion,1,needs_review,reset/unit/circular-value semantics require verification
NT__CF__7d_max,(양액)압/출력 직전 7일 max,sfkr_hbfm_env_con,NT/CF -> sen_val,CAT_011,max,"[t-7d,t)",%,facility,feature_date,train median after pre-freeze screening; no row deletion,1,needs_review,reset/unit/circular-value semantics require verification
NT__CL__1d_mean,배지온도 직전 1일 mean,sfkr_hbfm_env_con,NT/CL -> sen_val,CAT_009,mean,"[t-1d,t)",도,facility,feature_date,train median after pre-freeze screening; no row deletion,1,needs_review,reset/unit/circular-value semantics require verification
NT__CL__1d_std,배지온도 직전 1일 std,sfkr_hbfm_env_con,NT/CL -> sen_val,CAT_009,std; ddof=0,"[t-1d,t)",도,facility,feature_date,train median after pre-freeze screening; no row deletion,1,needs_review,reset/unit/circular-value semantics require verification
NT__CL__1d_min,배지온도 직전 1일 min,sfkr_hbfm_env_con,NT/CL -> sen_val,CAT_009,min,"[t-1d,t)",도,facility,feature_date,train median after pre-freeze screening; no row deletion,1,needs_review,reset/unit/circular-value semantics require verification
NT__CL__1d_max,배지온도 직전 1일 max,sfkr_hbfm_env_con,NT/CL -> sen_val,CAT_009,max,"[t-1d,t)",도,facility,feature_date,train median after pre-freeze screening; no row deletion,1,needs_review,reset/unit/circular-value semantics require verification
NT__CL__3d_mean,배지온도 직전 3일 mean,sfkr_hbfm_env_con,NT/CL -> sen_val,CAT_009,mean,"[t-3d,t)",도,facility,feature_date,train median after pre-freeze screening; no row deletion,1,needs_review,reset/unit/circular-value semantics require verification
NT__CL__3d_std,배지온도 직전 3일 std,sfkr_hbfm_env_con,NT/CL -> sen_val,CAT_009,std; ddof=0,"[t-3d,t)",도,facility,feature_date,train median after pre-freeze screening; no row deletion,1,needs_review,reset/unit/circular-value semantics require verification
NT__CL__3d_min,배지온도 직전 3일 min,sfkr_hbfm_env_con,NT/CL -> sen_val,CAT_009,min,"[t-3d,t)",도,facility,feature_date,train median after pre-freeze screening; no row deletion,1,needs_review,reset/unit/circular-value semantics require verification
NT__CL__3d_max,배지온도 직전 3일 max,sfkr_hbfm_env_con,NT/CL -> sen_val,CAT_009,max,"[t-3d,t)",도,facility,feature_date,train median after pre-freeze screening; no row deletion,1,needs_review,reset/unit/circular-value semantics require verification
NT__CL__7d_mean,배지온도 직전 7일 mean,sfkr_hbfm_env_con,NT/CL -> sen_val,CAT_009,mean,"[t-7d,t)",도,facility,feature_date,train median after pre-freeze screening; no row deletion,1,needs_review,reset/unit/circular-value semantics require verification
NT__CL__7d_std,배지온도 직전 7일 std,sfkr_hbfm_env_con,NT/CL -> sen_val,CAT_009,std; ddof=0,"[t-7d,t)",도,facility,feature_date,train median after pre-freeze screening; no row deletion,1,needs_review,reset/unit/circular-value semantics require verification
NT__CL__7d_min,배지온도 직전 7일 min,sfkr_hbfm_env_con,NT/CL -> sen_val,CAT_009,min,"[t-7d,t)",도,facility,feature_date,train median after pre-freeze screening; no row deletion,1,needs_review,reset/unit/circular-value semantics require verification
NT__CL__7d_max,배지온도 직전 7일 max,sfkr_hbfm_env_con,NT/CL -> sen_val,CAT_009,max,"[t-7d,t)",도,facility,feature_date,train median after pre-freeze screening; no row deletion,1,needs_review,reset/unit/circular-value semantics require verification
NT__CN__1d_mean,(양액)공급횟수 직전 1일 mean,sfkr_hbfm_env_con,NT/CN -> sen_val,CAT_011,mean,"[t-1d,t)",회,facility,feature_date,train median after pre-freeze screening; no row deletion,1,needs_review,reset/unit/circular-value semantics require verification
NT__CN__1d_std,(양액)공급횟수 직전 1일 std,sfkr_hbfm_env_con,NT/CN -> sen_val,CAT_011,std; ddof=0,"[t-1d,t)",회,facility,feature_date,train median after pre-freeze screening; no row deletion,1,needs_review,reset/unit/circular-value semantics require verification
NT__CN__1d_min,(양액)공급횟수 직전 1일 min,sfkr_hbfm_env_con,NT/CN -> sen_val,CAT_011,min,"[t-1d,t)",회,facility,feature_date,train median after pre-freeze screening; no row deletion,1,needs_review,reset/unit/circular-value semantics require verification
NT__CN__1d_max,(양액)공급횟수 직전 1일 max,sfkr_hbfm_env_con,NT/CN -> sen_val,CAT_011,max,"[t-1d,t)",회,facility,feature_date,train median after pre-freeze screening; no row deletion,1,needs_review,reset/unit/circular-value semantics require verification
NT__CN__3d_mean,(양액)공급횟수 직전 3일 mean,sfkr_hbfm_env_con,NT/CN -> sen_val,CAT_011,mean,"[t-3d,t)",회,facility,feature_date,train median after pre-freeze screening; no row deletion,1,needs_review,reset/unit/circular-value semantics require verification
NT__CN__3d_std,(양액)공급횟수 직전 3일 std,sfkr_hbfm_env_con,NT/CN -> sen_val,CAT_011,std; ddof=0,"[t-3d,t)",회,facility,feature_date,train median after pre-freeze screening; no row deletion,1,needs_review,reset/unit/circular-value semantics require verification
NT__CN__3d_min,(양액)공급횟수 직전 3일 min,sfkr_hbfm_env_con,NT/CN -> sen_val,CAT_011,min,"[t-3d,t)",회,facility,feature_date,train median after pre-freeze screening; no row deletion,1,needs_review,reset/unit/circular-value semantics require verification
NT__CN__3d_max,(양액)공급횟수 직전 3일 max,sfkr_hbfm_env_con,NT/CN -> sen_val,CAT_011,max,"[t-3d,t)",회,facility,feature_date,train median after pre-freeze screening; no row deletion,1,needs_review,reset/unit/circular-value semantics require verification
NT__CN__7d_mean,(양액)공급횟수 직전 7일 mean,sfkr_hbfm_env_con,NT/CN -> sen_val,CAT_011,mean,"[t-7d,t)",회,facility,feature_date,train median after pre-freeze screening; no row deletion,1,needs_review,reset/unit/circular-value semantics require verification
NT__CN__7d_std,(양액)공급횟수 직전 7일 std,sfkr_hbfm_env_con,NT/CN -> sen_val,CAT_011,std; ddof=0,"[t-7d,t)",회,facility,feature_date,train median after pre-freeze screening; no row deletion,1,needs_review,reset/unit/circular-value semantics require verification
NT__CN__7d_min,(양액)공급횟수 직전 7일 min,sfkr_hbfm_env_con,NT/CN -> sen_val,CAT_011,min,"[t-7d,t)",회,facility,feature_date,train median after pre-freeze screening; no row deletion,1,needs_review,reset/unit/circular-value semantics require verification
NT__CN__7d_max,(양액)공급횟수 직전 7일 max,sfkr_hbfm_env_con,NT/CN -> sen_val,CAT_011,max,"[t-7d,t)",회,facility,feature_date,train median after pre-freeze screening; no row deletion,1,needs_review,reset/unit/circular-value semantics require verification
NT__EI__1d_mean,(양액)공급EC 직전 1일 mean,sfkr_hbfm_env_con,NT/EI -> sen_val,CAT_011,mean,"[t-1d,t)",dS/m,facility,feature_date,train median after pre-freeze screening; no row deletion,1,needs_review,reset/unit/circular-value semantics require verification
NT__EI__1d_std,(양액)공급EC 직전 1일 std,sfkr_hbfm_env_con,NT/EI -> sen_val,CAT_011,std; ddof=0,"[t-1d,t)",dS/m,facility,feature_date,train median after pre-freeze screening; no row deletion,1,needs_review,reset/unit/circular-value semantics require verification
NT__EI__1d_min,(양액)공급EC 직전 1일 min,sfkr_hbfm_env_con,NT/EI -> sen_val,CAT_011,min,"[t-1d,t)",dS/m,facility,feature_date,train median after pre-freeze screening; no row deletion,1,needs_review,reset/unit/circular-value semantics require verification
NT__EI__1d_max,(양액)공급EC 직전 1일 max,sfkr_hbfm_env_con,NT/EI -> sen_val,CAT_011,max,"[t-1d,t)",dS/m,facility,feature_date,train median after pre-freeze screening; no row deletion,1,needs_review,reset/unit/circular-value semantics require verification
NT__EI__3d_mean,(양액)공급EC 직전 3일 mean,sfkr_hbfm_env_con,NT/EI -> sen_val,CAT_011,mean,"[t-3d,t)",dS/m,facility,feature_date,train median after pre-freeze screening; no row deletion,1,needs_review,reset/unit/circular-value semantics require verification
NT__EI__3d_std,(양액)공급EC 직전 3일 std,sfkr_hbfm_env_con,NT/EI -> sen_val,CAT_011,std; ddof=0,"[t-3d,t)",dS/m,facility,feature_date,train median after pre-freeze screening; no row deletion,1,needs_review,reset/unit/circular-value semantics require verification
NT__EI__3d_min,(양액)공급EC 직전 3일 min,sfkr_hbfm_env_con,NT/EI -> sen_val,CAT_011,min,"[t-3d,t)",dS/m,facility,feature_date,train median after pre-freeze screening; no row deletion,1,needs_review,reset/unit/circular-value semantics require verification
NT__EI__3d_max,(양액)공급EC 직전 3일 max,sfkr_hbfm_env_con,NT/EI -> sen_val,CAT_011,max,"[t-3d,t)",dS/m,facility,feature_date,train median after pre-freeze screening; no row deletion,1,needs_review,reset/unit/circular-value semantics require verification
NT__EI__7d_mean,(양액)공급EC 직전 7일 mean,sfkr_hbfm_env_con,NT/EI -> sen_val,CAT_011,mean,"[t-7d,t)",dS/m,facility,feature_date,train median after pre-freeze screening; no row deletion,1,needs_review,reset/unit/circular-value semantics require verification
NT__EI__7d_std,(양액)공급EC 직전 7일 std,sfkr_hbfm_env_con,NT/EI -> sen_val,CAT_011,std; ddof=0,"[t-7d,t)",dS/m,facility,feature_date,train median after pre-freeze screening; no row deletion,1,needs_review,reset/unit/circular-value semantics require verification
NT__EI__7d_min,(양액)공급EC 직전 7일 min,sfkr_hbfm_env_con,NT/EI -> sen_val,CAT_011,min,"[t-7d,t)",dS/m,facility,feature_date,train median after pre-freeze screening; no row deletion,1,needs_review,reset/unit/circular-value semantics require verification
NT__EI__7d_max,(양액)공급EC 직전 7일 max,sfkr_hbfm_env_con,NT/EI -> sen_val,CAT_011,max,"[t-7d,t)",dS/m,facility,feature_date,train median after pre-freeze screening; no row deletion,1,needs_review,reset/unit/circular-value semantics require verification
NT__EO__1d_mean,(양액)배액EC 직전 1일 mean,sfkr_hbfm_env_con,NT/EO -> sen_val,CAT_011,mean,"[t-1d,t)",dS/m,facility,feature_date,train median after pre-freeze screening; no row deletion,1,needs_review,reset/unit/circular-value semantics require verification
NT__EO__1d_std,(양액)배액EC 직전 1일 std,sfkr_hbfm_env_con,NT/EO -> sen_val,CAT_011,std; ddof=0,"[t-1d,t)",dS/m,facility,feature_date,train median after pre-freeze screening; no row deletion,1,needs_review,reset/unit/circular-value semantics require verification
NT__EO__1d_min,(양액)배액EC 직전 1일 min,sfkr_hbfm_env_con,NT/EO -> sen_val,CAT_011,min,"[t-1d,t)",dS/m,facility,feature_date,train median after pre-freeze screening; no row deletion,1,needs_review,reset/unit/circular-value semantics require verification
NT__EO__1d_max,(양액)배액EC 직전 1일 max,sfkr_hbfm_env_con,NT/EO -> sen_val,CAT_011,max,"[t-1d,t)",dS/m,facility,feature_date,train median after pre-freeze screening; no row deletion,1,needs_review,reset/unit/circular-value semantics require verification
NT__EO__3d_mean,(양액)배액EC 직전 3일 mean,sfkr_hbfm_env_con,NT/EO -> sen_val,CAT_011,mean,"[t-3d,t)",dS/m,facility,feature_date,train median after pre-freeze screening; no row deletion,1,needs_review,reset/unit/circular-value semantics require verification
NT__EO__3d_std,(양액)배액EC 직전 3일 std,sfkr_hbfm_env_con,NT/EO -> sen_val,CAT_011,std; ddof=0,"[t-3d,t)",dS/m,facility,feature_date,train median after pre-freeze screening; no row deletion,1,needs_review,reset/unit/circular-value semantics require verification
NT__EO__3d_min,(양액)배액EC 직전 3일 min,sfkr_hbfm_env_con,NT/EO -> sen_val,CAT_011,min,"[t-3d,t)",dS/m,facility,feature_date,train median after pre-freeze screening; no row deletion,1,needs_review,reset/unit/circular-value semantics require verification
NT__EO__3d_max,(양액)배액EC 직전 3일 max,sfkr_hbfm_env_con,NT/EO -> sen_val,CAT_011,max,"[t-3d,t)",dS/m,facility,feature_date,train median after pre-freeze screening; no row deletion,1,needs_review,reset/unit/circular-value semantics require verification
NT__EO__7d_mean,(양액)배액EC 직전 7일 mean,sfkr_hbfm_env_con,NT/EO -> sen_val,CAT_011,mean,"[t-7d,t)",dS/m,facility,feature_date,train median after pre-freeze screening; no row deletion,1,needs_review,reset/unit/circular-value semantics require verification
NT__EO__7d_std,(양액)배액EC 직전 7일 std,sfkr_hbfm_env_con,NT/EO -> sen_val,CAT_011,std; ddof=0,"[t-7d,t)",dS/m,facility,feature_date,train median after pre-freeze screening; no row deletion,1,needs_review,reset/unit/circular-value semantics require verification
NT__EO__7d_min,(양액)배액EC 직전 7일 min,sfkr_hbfm_env_con,NT/EO -> sen_val,CAT_011,min,"[t-7d,t)",dS/m,facility,feature_date,train median after pre-freeze screening; no row deletion,1,needs_review,reset/unit/circular-value semantics require verification
NT__EO__7d_max,(양액)배액EC 직전 7일 max,sfkr_hbfm_env_con,NT/EO -> sen_val,CAT_011,max,"[t-7d,t)",dS/m,facility,feature_date,train median after pre-freeze screening; no row deletion,1,needs_review,reset/unit/circular-value semantics require verification
NT__HL__1d_mean,(양액)지습 직전 1일 mean,sfkr_hbfm_env_con,NT/HL -> sen_val,CAT_009,mean,"[t-1d,t)",%,facility,feature_date,train median after pre-freeze screening; no row deletion,1,needs_review,reset/unit/circular-value semantics require verification
NT__HL__1d_std,(양액)지습 직전 1일 std,sfkr_hbfm_env_con,NT/HL -> sen_val,CAT_009,std; ddof=0,"[t-1d,t)",%,facility,feature_date,train median after pre-freeze screening; no row deletion,1,needs_review,reset/unit/circular-value semantics require verification
NT__HL__1d_min,(양액)지습 직전 1일 min,sfkr_hbfm_env_con,NT/HL -> sen_val,CAT_009,min,"[t-1d,t)",%,facility,feature_date,train median after pre-freeze screening; no row deletion,1,needs_review,reset/unit/circular-value semantics require verification
NT__HL__1d_max,(양액)지습 직전 1일 max,sfkr_hbfm_env_con,NT/HL -> sen_val,CAT_009,max,"[t-1d,t)",%,facility,feature_date,train median after pre-freeze screening; no row deletion,1,needs_review,reset/unit/circular-value semantics require verification
NT__HL__3d_mean,(양액)지습 직전 3일 mean,sfkr_hbfm_env_con,NT/HL -> sen_val,CAT_009,mean,"[t-3d,t)",%,facility,feature_date,train median after pre-freeze screening; no row deletion,1,needs_review,reset/unit/circular-value semantics require verification
NT__HL__3d_std,(양액)지습 직전 3일 std,sfkr_hbfm_env_con,NT/HL -> sen_val,CAT_009,std; ddof=0,"[t-3d,t)",%,facility,feature_date,train median after pre-freeze screening; no row deletion,1,needs_review,reset/unit/circular-value semantics require verification
NT__HL__3d_min,(양액)지습 직전 3일 min,sfkr_hbfm_env_con,NT/HL -> sen_val,CAT_009,min,"[t-3d,t)",%,facility,feature_date,train median after pre-freeze screening; no row deletion,1,needs_review,reset/unit/circular-value semantics require verification
NT__HL__3d_max,(양액)지습 직전 3일 max,sfkr_hbfm_env_con,NT/HL -> sen_val,CAT_009,max,"[t-3d,t)",%,facility,feature_date,train median after pre-freeze screening; no row deletion,1,needs_review,reset/unit/circular-value semantics require verification
NT__HL__7d_mean,(양액)지습 직전 7일 mean,sfkr_hbfm_env_con,NT/HL -> sen_val,CAT_009,mean,"[t-7d,t)",%,facility,feature_date,train median after pre-freeze screening; no row deletion,1,needs_review,reset/unit/circular-value semantics require verification
NT__HL__7d_std,(양액)지습 직전 7일 std,sfkr_hbfm_env_con,NT/HL -> sen_val,CAT_009,std; ddof=0,"[t-7d,t)",%,facility,feature_date,train median after pre-freeze screening; no row deletion,1,needs_review,reset/unit/circular-value semantics require verification
NT__HL__7d_min,(양액)지습 직전 7일 min,sfkr_hbfm_env_con,NT/HL -> sen_val,CAT_009,min,"[t-7d,t)",%,facility,feature_date,train median after pre-freeze screening; no row deletion,1,needs_review,reset/unit/circular-value semantics require verification
NT__HL__7d_max,(양액)지습 직전 7일 max,sfkr_hbfm_env_con,NT/HL -> sen_val,CAT_009,max,"[t-7d,t)",%,facility,feature_date,train median after pre-freeze screening; no row deletion,1,needs_review,reset/unit/circular-value semantics require verification
NT__NI__1d_mean,(양액)공급량 직전 1일 mean,sfkr_hbfm_env_con,NT/NI -> sen_val,CAT_011,mean,"[t-1d,t)",cc,facility,feature_date,train median after pre-freeze screening; no row deletion,1,needs_review,reset/unit/circular-value semantics require verification
NT__NI__1d_std,(양액)공급량 직전 1일 std,sfkr_hbfm_env_con,NT/NI -> sen_val,CAT_011,std; ddof=0,"[t-1d,t)",cc,facility,feature_date,train median after pre-freeze screening; no row deletion,1,needs_review,reset/unit/circular-value semantics require verification
NT__NI__1d_min,(양액)공급량 직전 1일 min,sfkr_hbfm_env_con,NT/NI -> sen_val,CAT_011,min,"[t-1d,t)",cc,facility,feature_date,train median after pre-freeze screening; no row deletion,1,needs_review,reset/unit/circular-value semantics require verification
NT__NI__1d_max,(양액)공급량 직전 1일 max,sfkr_hbfm_env_con,NT/NI -> sen_val,CAT_011,max,"[t-1d,t)",cc,facility,feature_date,train median after pre-freeze screening; no row deletion,1,needs_review,reset/unit/circular-value semantics require verification
NT__NI__3d_mean,(양액)공급량 직전 3일 mean,sfkr_hbfm_env_con,NT/NI -> sen_val,CAT_011,mean,"[t-3d,t)",cc,facility,feature_date,train median after pre-freeze screening; no row deletion,1,needs_review,reset/unit/circular-value semantics require verification
NT__NI__3d_std,(양액)공급량 직전 3일 std,sfkr_hbfm_env_con,NT/NI -> sen_val,CAT_011,std; ddof=0,"[t-3d,t)",cc,facility,feature_date,train median after pre-freeze screening; no row deletion,1,needs_review,reset/unit/circular-value semantics require verification
NT__NI__3d_min,(양액)공급량 직전 3일 min,sfkr_hbfm_env_con,NT/NI -> sen_val,CAT_011,min,"[t-3d,t)",cc,facility,feature_date,train median after pre-freeze screening; no row deletion,1,needs_review,reset/unit/circular-value semantics require verification
NT__NI__3d_max,(양액)공급량 직전 3일 max,sfkr_hbfm_env_con,NT/NI -> sen_val,CAT_011,max,"[t-3d,t)",cc,facility,feature_date,train median after pre-freeze screening; no row deletion,1,needs_review,reset/unit/circular-value semantics require verification
NT__NI__7d_mean,(양액)공급량 직전 7일 mean,sfkr_hbfm_env_con,NT/NI -> sen_val,CAT_011,mean,"[t-7d,t)",cc,facility,feature_date,train median after pre-freeze screening; no row deletion,1,needs_review,reset/unit/circular-value semantics require verification
NT__NI__7d_std,(양액)공급량 직전 7일 std,sfkr_hbfm_env_con,NT/NI -> sen_val,CAT_011,std; ddof=0,"[t-7d,t)",cc,facility,feature_date,train median after pre-freeze screening; no row deletion,1,needs_review,reset/unit/circular-value semantics require verification
NT__NI__7d_min,(양액)공급량 직전 7일 min,sfkr_hbfm_env_con,NT/NI -> sen_val,CAT_011,min,"[t-7d,t)",cc,facility,feature_date,train median after pre-freeze screening; no row deletion,1,needs_review,reset/unit/circular-value semantics require verification
NT__NI__7d_max,(양액)공급량 직전 7일 max,sfkr_hbfm_env_con,NT/NI -> sen_val,CAT_011,max,"[t-7d,t)",cc,facility,feature_date,train median after pre-freeze screening; no row deletion,1,needs_review,reset/unit/circular-value semantics require verification
NT__NO__1d_mean,(양액)배액량 직전 1일 mean,sfkr_hbfm_env_con,NT/NO -> sen_val,CAT_011,mean,"[t-1d,t)",cc,facility,feature_date,train median after pre-freeze screening; no row deletion,1,needs_review,reset/unit/circular-value semantics require verification
NT__NO__1d_std,(양액)배액량 직전 1일 std,sfkr_hbfm_env_con,NT/NO -> sen_val,CAT_011,std; ddof=0,"[t-1d,t)",cc,facility,feature_date,train median after pre-freeze screening; no row deletion,1,needs_review,reset/unit/circular-value semantics require verification
NT__NO__1d_min,(양액)배액량 직전 1일 min,sfkr_hbfm_env_con,NT/NO -> sen_val,CAT_011,min,"[t-1d,t)",cc,facility,feature_date,train median after pre-freeze screening; no row deletion,1,needs_review,reset/unit/circular-value semantics require verification
NT__NO__1d_max,(양액)배액량 직전 1일 max,sfkr_hbfm_env_con,NT/NO -> sen_val,CAT_011,max,"[t-1d,t)",cc,facility,feature_date,train median after pre-freeze screening; no row deletion,1,needs_review,reset/unit/circular-value semantics require verification
NT__NO__3d_mean,(양액)배액량 직전 3일 mean,sfkr_hbfm_env_con,NT/NO -> sen_val,CAT_011,mean,"[t-3d,t)",cc,facility,feature_date,train median after pre-freeze screening; no row deletion,1,needs_review,reset/unit/circular-value semantics require verification
NT__NO__3d_std,(양액)배액량 직전 3일 std,sfkr_hbfm_env_con,NT/NO -> sen_val,CAT_011,std; ddof=0,"[t-3d,t)",cc,facility,feature_date,train median after pre-freeze screening; no row deletion,1,needs_review,reset/unit/circular-value semantics require verification
NT__NO__3d_min,(양액)배액량 직전 3일 min,sfkr_hbfm_env_con,NT/NO -> sen_val,CAT_011,min,"[t-3d,t)",cc,facility,feature_date,train median after pre-freeze screening; no row deletion,1,needs_review,reset/unit/circular-value semantics require verification
NT__NO__3d_max,(양액)배액량 직전 3일 max,sfkr_hbfm_env_con,NT/NO -> sen_val,CAT_011,max,"[t-3d,t)",cc,facility,feature_date,train median after pre-freeze screening; no row deletion,1,needs_review,reset/unit/circular-value semantics require verification
NT__NO__7d_mean,(양액)배액량 직전 7일 mean,sfkr_hbfm_env_con,NT/NO -> sen_val,CAT_011,mean,"[t-7d,t)",cc,facility,feature_date,train median after pre-freeze screening; no row deletion,1,needs_review,reset/unit/circular-value semantics require verification
NT__NO__7d_std,(양액)배액량 직전 7일 std,sfkr_hbfm_env_con,NT/NO -> sen_val,CAT_011,std; ddof=0,"[t-7d,t)",cc,facility,feature_date,train median after pre-freeze screening; no row deletion,1,needs_review,reset/unit/circular-value semantics require verification
NT__NO__7d_min,(양액)배액량 직전 7일 min,sfkr_hbfm_env_con,NT/NO -> sen_val,CAT_011,min,"[t-7d,t)",cc,facility,feature_date,train median after pre-freeze screening; no row deletion,1,needs_review,reset/unit/circular-value semantics require verification
NT__NO__7d_max,(양액)배액량 직전 7일 max,sfkr_hbfm_env_con,NT/NO -> sen_val,CAT_011,max,"[t-7d,t)",cc,facility,feature_date,train median after pre-freeze screening; no row deletion,1,needs_review,reset/unit/circular-value semantics require verification
NT__NT__1d_mean,양액수온 직전 1일 mean,sfkr_hbfm_env_con,NT/NT -> sen_val,CAT_011,mean,"[t-1d,t)",도,facility,feature_date,train median after pre-freeze screening; no row deletion,1,needs_review,reset/unit/circular-value semantics require verification
NT__NT__1d_std,양액수온 직전 1일 std,sfkr_hbfm_env_con,NT/NT -> sen_val,CAT_011,std; ddof=0,"[t-1d,t)",도,facility,feature_date,train median after pre-freeze screening; no row deletion,1,needs_review,reset/unit/circular-value semantics require verification
NT__NT__1d_min,양액수온 직전 1일 min,sfkr_hbfm_env_con,NT/NT -> sen_val,CAT_011,min,"[t-1d,t)",도,facility,feature_date,train median after pre-freeze screening; no row deletion,1,needs_review,reset/unit/circular-value semantics require verification
NT__NT__1d_max,양액수온 직전 1일 max,sfkr_hbfm_env_con,NT/NT -> sen_val,CAT_011,max,"[t-1d,t)",도,facility,feature_date,train median after pre-freeze screening; no row deletion,1,needs_review,reset/unit/circular-value semantics require verification
NT__NT__3d_mean,양액수온 직전 3일 mean,sfkr_hbfm_env_con,NT/NT -> sen_val,CAT_011,mean,"[t-3d,t)",도,facility,feature_date,train median after pre-freeze screening; no row deletion,1,needs_review,reset/unit/circular-value semantics require verification
NT__NT__3d_std,양액수온 직전 3일 std,sfkr_hbfm_env_con,NT/NT -> sen_val,CAT_011,std; ddof=0,"[t-3d,t)",도,facility,feature_date,train median after pre-freeze screening; no row deletion,1,needs_review,reset/unit/circular-value semantics require verification
NT__NT__3d_min,양액수온 직전 3일 min,sfkr_hbfm_env_con,NT/NT -> sen_val,CAT_011,min,"[t-3d,t)",도,facility,feature_date,train median after pre-freeze screening; no row deletion,1,needs_review,reset/unit/circular-value semantics require verification
NT__NT__3d_max,양액수온 직전 3일 max,sfkr_hbfm_env_con,NT/NT -> sen_val,CAT_011,max,"[t-3d,t)",도,facility,feature_date,train median after pre-freeze screening; no row deletion,1,needs_review,reset/unit/circular-value semantics require verification
NT__NT__7d_mean,양액수온 직전 7일 mean,sfkr_hbfm_env_con,NT/NT -> sen_val,CAT_011,mean,"[t-7d,t)",도,facility,feature_date,train median after pre-freeze screening; no row deletion,1,needs_review,reset/unit/circular-value semantics require verification
NT__NT__7d_std,양액수온 직전 7일 std,sfkr_hbfm_env_con,NT/NT -> sen_val,CAT_011,std; ddof=0,"[t-7d,t)",도,facility,feature_date,train median after pre-freeze screening; no row deletion,1,needs_review,reset/unit/circular-value semantics require verification
NT__NT__7d_min,양액수온 직전 7일 min,sfkr_hbfm_env_con,NT/NT -> sen_val,CAT_011,min,"[t-7d,t)",도,facility,feature_date,train median after pre-freeze screening; no row deletion,1,needs_review,reset/unit/circular-value semantics require verification
NT__NT__7d_max,양액수온 직전 7일 max,sfkr_hbfm_env_con,NT/NT -> sen_val,CAT_011,max,"[t-7d,t)",도,facility,feature_date,train median after pre-freeze screening; no row deletion,1,needs_review,reset/unit/circular-value semantics require verification
NT__PI__1d_mean,(양액)공급PH 직전 1일 mean,sfkr_hbfm_env_con,NT/PI -> sen_val,CAT_011,mean,"[t-1d,t)",ph,facility,feature_date,train median after pre-freeze screening; no row deletion,1,needs_review,reset/unit/circular-value semantics require verification
NT__PI__1d_std,(양액)공급PH 직전 1일 std,sfkr_hbfm_env_con,NT/PI -> sen_val,CAT_011,std; ddof=0,"[t-1d,t)",ph,facility,feature_date,train median after pre-freeze screening; no row deletion,1,needs_review,reset/unit/circular-value semantics require verification
NT__PI__1d_min,(양액)공급PH 직전 1일 min,sfkr_hbfm_env_con,NT/PI -> sen_val,CAT_011,min,"[t-1d,t)",ph,facility,feature_date,train median after pre-freeze screening; no row deletion,1,needs_review,reset/unit/circular-value semantics require verification
NT__PI__1d_max,(양액)공급PH 직전 1일 max,sfkr_hbfm_env_con,NT/PI -> sen_val,CAT_011,max,"[t-1d,t)",ph,facility,feature_date,train median after pre-freeze screening; no row deletion,1,needs_review,reset/unit/circular-value semantics require verification
NT__PI__3d_mean,(양액)공급PH 직전 3일 mean,sfkr_hbfm_env_con,NT/PI -> sen_val,CAT_011,mean,"[t-3d,t)",ph,facility,feature_date,train median after pre-freeze screening; no row deletion,1,needs_review,reset/unit/circular-value semantics require verification
NT__PI__3d_std,(양액)공급PH 직전 3일 std,sfkr_hbfm_env_con,NT/PI -> sen_val,CAT_011,std; ddof=0,"[t-3d,t)",ph,facility,feature_date,train median after pre-freeze screening; no row deletion,1,needs_review,reset/unit/circular-value semantics require verification
NT__PI__3d_min,(양액)공급PH 직전 3일 min,sfkr_hbfm_env_con,NT/PI -> sen_val,CAT_011,min,"[t-3d,t)",ph,facility,feature_date,train median after pre-freeze screening; no row deletion,1,needs_review,reset/unit/circular-value semantics require verification
NT__PI__3d_max,(양액)공급PH 직전 3일 max,sfkr_hbfm_env_con,NT/PI -> sen_val,CAT_011,max,"[t-3d,t)",ph,facility,feature_date,train median after pre-freeze screening; no row deletion,1,needs_review,reset/unit/circular-value semantics require verification
NT__PI__7d_mean,(양액)공급PH 직전 7일 mean,sfkr_hbfm_env_con,NT/PI -> sen_val,CAT_011,mean,"[t-7d,t)",ph,facility,feature_date,train median after pre-freeze screening; no row deletion,1,needs_review,reset/unit/circular-value semantics require verification
NT__PI__7d_std,(양액)공급PH 직전 7일 std,sfkr_hbfm_env_con,NT/PI -> sen_val,CAT_011,std; ddof=0,"[t-7d,t)",ph,facility,feature_date,train median after pre-freeze screening; no row deletion,1,needs_review,reset/unit/circular-value semantics require verification
NT__PI__7d_min,(양액)공급PH 직전 7일 min,sfkr_hbfm_env_con,NT/PI -> sen_val,CAT_011,min,"[t-7d,t)",ph,facility,feature_date,train median after pre-freeze screening; no row deletion,1,needs_review,reset/unit/circular-value semantics require verification
NT__PI__7d_max,(양액)공급PH 직전 7일 max,sfkr_hbfm_env_con,NT/PI -> sen_val,CAT_011,max,"[t-7d,t)",ph,facility,feature_date,train median after pre-freeze screening; no row deletion,1,needs_review,reset/unit/circular-value semantics require verification
NT__PO__1d_mean,(양액)배액PH 직전 1일 mean,sfkr_hbfm_env_con,NT/PO -> sen_val,CAT_011,mean,"[t-1d,t)",ph,facility,feature_date,train median after pre-freeze screening; no row deletion,1,needs_review,reset/unit/circular-value semantics require verification
NT__PO__1d_std,(양액)배액PH 직전 1일 std,sfkr_hbfm_env_con,NT/PO -> sen_val,CAT_011,std; ddof=0,"[t-1d,t)",ph,facility,feature_date,train median after pre-freeze screening; no row deletion,1,needs_review,reset/unit/circular-value semantics require verification
NT__PO__1d_min,(양액)배액PH 직전 1일 min,sfkr_hbfm_env_con,NT/PO -> sen_val,CAT_011,min,"[t-1d,t)",ph,facility,feature_date,train median after pre-freeze screening; no row deletion,1,needs_review,reset/unit/circular-value semantics require verification
NT__PO__1d_max,(양액)배액PH 직전 1일 max,sfkr_hbfm_env_con,NT/PO -> sen_val,CAT_011,max,"[t-1d,t)",ph,facility,feature_date,train median after pre-freeze screening; no row deletion,1,needs_review,reset/unit/circular-value semantics require verification
NT__PO__3d_mean,(양액)배액PH 직전 3일 mean,sfkr_hbfm_env_con,NT/PO -> sen_val,CAT_011,mean,"[t-3d,t)",ph,facility,feature_date,train median after pre-freeze screening; no row deletion,1,needs_review,reset/unit/circular-value semantics require verification
NT__PO__3d_std,(양액)배액PH 직전 3일 std,sfkr_hbfm_env_con,NT/PO -> sen_val,CAT_011,std; ddof=0,"[t-3d,t)",ph,facility,feature_date,train median after pre-freeze screening; no row deletion,1,needs_review,reset/unit/circular-value semantics require verification
NT__PO__3d_min,(양액)배액PH 직전 3일 min,sfkr_hbfm_env_con,NT/PO -> sen_val,CAT_011,min,"[t-3d,t)",ph,facility,feature_date,train median after pre-freeze screening; no row deletion,1,needs_review,reset/unit/circular-value semantics require verification
NT__PO__3d_max,(양액)배액PH 직전 3일 max,sfkr_hbfm_env_con,NT/PO -> sen_val,CAT_011,max,"[t-3d,t)",ph,facility,feature_date,train median after pre-freeze screening; no row deletion,1,needs_review,reset/unit/circular-value semantics require verification
NT__PO__7d_mean,(양액)배액PH 직전 7일 mean,sfkr_hbfm_env_con,NT/PO -> sen_val,CAT_011,mean,"[t-7d,t)",ph,facility,feature_date,train median after pre-freeze screening; no row deletion,1,needs_review,reset/unit/circular-value semantics require verification
NT__PO__7d_std,(양액)배액PH 직전 7일 std,sfkr_hbfm_env_con,NT/PO -> sen_val,CAT_011,std; ddof=0,"[t-7d,t)",ph,facility,feature_date,train median after pre-freeze screening; no row deletion,1,needs_review,reset/unit/circular-value semantics require verification
NT__PO__7d_min,(양액)배액PH 직전 7일 min,sfkr_hbfm_env_con,NT/PO -> sen_val,CAT_011,min,"[t-7d,t)",ph,facility,feature_date,train median after pre-freeze screening; no row deletion,1,needs_review,reset/unit/circular-value semantics require verification
NT__PO__7d_max,(양액)배액PH 직전 7일 max,sfkr_hbfm_env_con,NT/PO -> sen_val,CAT_011,max,"[t-7d,t)",ph,facility,feature_date,train median after pre-freeze screening; no row deletion,1,needs_review,reset/unit/circular-value semantics require verification
NT__RT__1d_mean,근권부 온도 직전 1일 mean,sfkr_hbfm_env_con,NT/RT -> sen_val,CAT_009,mean,"[t-1d,t)",도,facility,feature_date,train median after pre-freeze screening; no row deletion,1,needs_review,reset/unit/circular-value semantics require verification
NT__RT__1d_std,근권부 온도 직전 1일 std,sfkr_hbfm_env_con,NT/RT -> sen_val,CAT_009,std; ddof=0,"[t-1d,t)",도,facility,feature_date,train median after pre-freeze screening; no row deletion,1,needs_review,reset/unit/circular-value semantics require verification
NT__RT__1d_min,근권부 온도 직전 1일 min,sfkr_hbfm_env_con,NT/RT -> sen_val,CAT_009,min,"[t-1d,t)",도,facility,feature_date,train median after pre-freeze screening; no row deletion,1,needs_review,reset/unit/circular-value semantics require verification
NT__RT__1d_max,근권부 온도 직전 1일 max,sfkr_hbfm_env_con,NT/RT -> sen_val,CAT_009,max,"[t-1d,t)",도,facility,feature_date,train median after pre-freeze screening; no row deletion,1,needs_review,reset/unit/circular-value semantics require verification
NT__RT__3d_mean,근권부 온도 직전 3일 mean,sfkr_hbfm_env_con,NT/RT -> sen_val,CAT_009,mean,"[t-3d,t)",도,facility,feature_date,train median after pre-freeze screening; no row deletion,1,needs_review,reset/unit/circular-value semantics require verification
NT__RT__3d_std,근권부 온도 직전 3일 std,sfkr_hbfm_env_con,NT/RT -> sen_val,CAT_009,std; ddof=0,"[t-3d,t)",도,facility,feature_date,train median after pre-freeze screening; no row deletion,1,needs_review,reset/unit/circular-value semantics require verification
NT__RT__3d_min,근권부 온도 직전 3일 min,sfkr_hbfm_env_con,NT/RT -> sen_val,CAT_009,min,"[t-3d,t)",도,facility,feature_date,train median after pre-freeze screening; no row deletion,1,needs_review,reset/unit/circular-value semantics require verification
NT__RT__3d_max,근권부 온도 직전 3일 max,sfkr_hbfm_env_con,NT/RT -> sen_val,CAT_009,max,"[t-3d,t)",도,facility,feature_date,train median after pre-freeze screening; no row deletion,1,needs_review,reset/unit/circular-value semantics require verification
NT__RT__7d_mean,근권부 온도 직전 7일 mean,sfkr_hbfm_env_con,NT/RT -> sen_val,CAT_009,mean,"[t-7d,t)",도,facility,feature_date,train median after pre-freeze screening; no row deletion,1,needs_review,reset/unit/circular-value semantics require verification
NT__RT__7d_std,근권부 온도 직전 7일 std,sfkr_hbfm_env_con,NT/RT -> sen_val,CAT_009,std; ddof=0,"[t-7d,t)",도,facility,feature_date,train median after pre-freeze screening; no row deletion,1,needs_review,reset/unit/circular-value semantics require verification
NT__RT__7d_min,근권부 온도 직전 7일 min,sfkr_hbfm_env_con,NT/RT -> sen_val,CAT_009,min,"[t-7d,t)",도,facility,feature_date,train median after pre-freeze screening; no row deletion,1,needs_review,reset/unit/circular-value semantics require verification
NT__RT__7d_max,근권부 온도 직전 7일 max,sfkr_hbfm_env_con,NT/RT -> sen_val,CAT_009,max,"[t-7d,t)",도,facility,feature_date,train median after pre-freeze screening; no row deletion,1,needs_review,reset/unit/circular-value semantics require verification
NT__SI__1d_increase,(양액)총급액 직전 1일 increase,sfkr_hbfm_env_con,NT/SI -> sen_val,CAT_011,increase,"[t-1d,t)",ℓ,facility,feature_date,train median after pre-freeze screening; no row deletion,1,needs_review,reset/unit/circular-value semantics require verification
NT__SI__3d_increase,(양액)총급액 직전 3일 increase,sfkr_hbfm_env_con,NT/SI -> sen_val,CAT_011,increase,"[t-3d,t)",ℓ,facility,feature_date,train median after pre-freeze screening; no row deletion,1,needs_review,reset/unit/circular-value semantics require verification
NT__SI__7d_increase,(양액)총급액 직전 7일 increase,sfkr_hbfm_env_con,NT/SI -> sen_val,CAT_011,increase,"[t-7d,t)",ℓ,facility,feature_date,train median after pre-freeze screening; no row deletion,1,needs_review,reset/unit/circular-value semantics require verification
NT__SO__1d_increase,(양액)총배액 직전 1일 increase,sfkr_hbfm_env_con,NT/SO -> sen_val,CAT_011,increase,"[t-1d,t)",ℓ,facility,feature_date,train median after pre-freeze screening; no row deletion,1,needs_review,reset/unit/circular-value semantics require verification
NT__SO__3d_increase,(양액)총배액 직전 3일 increase,sfkr_hbfm_env_con,NT/SO -> sen_val,CAT_011,increase,"[t-3d,t)",ℓ,facility,feature_date,train median after pre-freeze screening; no row deletion,1,needs_review,reset/unit/circular-value semantics require verification
NT__SO__7d_increase,(양액)총배액 직전 7일 increase,sfkr_hbfm_env_con,NT/SO -> sen_val,CAT_011,increase,"[t-7d,t)",ℓ,facility,feature_date,train median after pre-freeze screening; no row deletion,1,needs_review,reset/unit/circular-value semantics require verification
NT__TL__1d_mean,지온 직전 1일 mean,sfkr_hbfm_env_con,NT/TL -> sen_val,CAT_009,mean,"[t-1d,t)",도,facility,feature_date,train median after pre-freeze screening; no row deletion,1,needs_review,reset/unit/circular-value semantics require verification
NT__TL__1d_std,지온 직전 1일 std,sfkr_hbfm_env_con,NT/TL -> sen_val,CAT_009,std; ddof=0,"[t-1d,t)",도,facility,feature_date,train median after pre-freeze screening; no row deletion,1,needs_review,reset/unit/circular-value semantics require verification
NT__TL__1d_min,지온 직전 1일 min,sfkr_hbfm_env_con,NT/TL -> sen_val,CAT_009,min,"[t-1d,t)",도,facility,feature_date,train median after pre-freeze screening; no row deletion,1,needs_review,reset/unit/circular-value semantics require verification
NT__TL__1d_max,지온 직전 1일 max,sfkr_hbfm_env_con,NT/TL -> sen_val,CAT_009,max,"[t-1d,t)",도,facility,feature_date,train median after pre-freeze screening; no row deletion,1,needs_review,reset/unit/circular-value semantics require verification
NT__TL__3d_mean,지온 직전 3일 mean,sfkr_hbfm_env_con,NT/TL -> sen_val,CAT_009,mean,"[t-3d,t)",도,facility,feature_date,train median after pre-freeze screening; no row deletion,1,needs_review,reset/unit/circular-value semantics require verification
NT__TL__3d_std,지온 직전 3일 std,sfkr_hbfm_env_con,NT/TL -> sen_val,CAT_009,std; ddof=0,"[t-3d,t)",도,facility,feature_date,train median after pre-freeze screening; no row deletion,1,needs_review,reset/unit/circular-value semantics require verification
NT__TL__3d_min,지온 직전 3일 min,sfkr_hbfm_env_con,NT/TL -> sen_val,CAT_009,min,"[t-3d,t)",도,facility,feature_date,train median after pre-freeze screening; no row deletion,1,needs_review,reset/unit/circular-value semantics require verification
NT__TL__3d_max,지온 직전 3일 max,sfkr_hbfm_env_con,NT/TL -> sen_val,CAT_009,max,"[t-3d,t)",도,facility,feature_date,train median after pre-freeze screening; no row deletion,1,needs_review,reset/unit/circular-value semantics require verification
NT__TL__7d_mean,지온 직전 7일 mean,sfkr_hbfm_env_con,NT/TL -> sen_val,CAT_009,mean,"[t-7d,t)",도,facility,feature_date,train median after pre-freeze screening; no row deletion,1,needs_review,reset/unit/circular-value semantics require verification
NT__TL__7d_std,지온 직전 7일 std,sfkr_hbfm_env_con,NT/TL -> sen_val,CAT_009,std; ddof=0,"[t-7d,t)",도,facility,feature_date,train median after pre-freeze screening; no row deletion,1,needs_review,reset/unit/circular-value semantics require verification
NT__TL__7d_min,지온 직전 7일 min,sfkr_hbfm_env_con,NT/TL -> sen_val,CAT_009,min,"[t-7d,t)",도,facility,feature_date,train median after pre-freeze screening; no row deletion,1,needs_review,reset/unit/circular-value semantics require verification
NT__TL__7d_max,지온 직전 7일 max,sfkr_hbfm_env_con,NT/TL -> sen_val,CAT_009,max,"[t-7d,t)",도,facility,feature_date,train median after pre-freeze screening; no row deletion,1,needs_review,reset/unit/circular-value semantics require verification
days_since_previous,이전 조사 후 경과일,growth/crop source,measurement date/cropping_date/current count,CAT_029,observed history only; ISO week period=52.1775,through current,day,individual,feature_date,train median after pre-freeze screening; no row deletion,1,definition_ready,
days_since_first_measurement,최초 조사 후 경과일,growth/crop source,measurement date/cropping_date/current count,CAT_029,observed history only; ISO week period=52.1775,through current,day,individual,feature_date,train median after pre-freeze screening; no row deletion,1,definition_ready,
days_since_crop_start,작기 시작 후 경과일,growth/crop source,measurement date/cropping_date/current count,CAT_029,observed history only; ISO week period=52.1775,through current,day,individual,feature_date,train median after pre-freeze screening; no row deletion,1,definition_ready,
days_since_first_positive,최초 양수 관측 후 경과일,growth/crop source,measurement date/cropping_date/current count,CAT_029,observed history only; ISO week period=52.1775,through current,day,individual,feature_date,train median after pre-freeze screening; no row deletion,1,definition_ready,
history_count,누적 조사 횟수,growth/crop source,measurement date/cropping_date/current count,CAT_037,observed history only; ISO week period=52.1775,through current,count,individual,feature_date,train median after pre-freeze screening; no row deletion,1,definition_ready,
week_sin,연중 주차 사인값,growth/crop source,measurement date/cropping_date/current count,CAT_029,observed history only; ISO week period=52.1775,through current,unitless,individual,feature_date,train median after pre-freeze screening; no row deletion,1,definition_ready,
week_cos,연중 주차 코사인값,growth/crop source,measurement date/cropping_date/current count,CAT_029,observed history only; ISO week period=52.1775,through current,unitless,individual,feature_date,train median after pre-freeze screening; no row deletion,1,definition_ready,
FlowerA_legacy::current_total_flower_count,current_total_flower_count,retained legacy artifacts,current_total_flower_count,CAT_047,,,,,,,1,legacy_definition_not_rebuilt,
FlowerA_legacy::previous_total_flower_count,previous_total_flower_count,retained legacy artifacts,previous_total_flower_count,CAT_047,,,,,,,1,legacy_definition_not_rebuilt,
FlowerA_legacy::total_flower_delta,total_flower_delta,retained legacy artifacts,total_flower_delta,CAT_047,,,,,,,1,legacy_definition_not_rebuilt,
FlowerA_legacy::current_max_truss_number,current_max_truss_number,retained legacy artifacts,current_max_truss_number,CAT_047,,,,,,,1,legacy_definition_not_rebuilt,
FlowerA_legacy::positive_truss_count,positive_truss_count,retained legacy artifacts,positive_truss_count,CAT_047,,,,,,,1,legacy_definition_not_rebuilt,
FlowerA_legacy::observed_truss_count,observed_truss_count,retained legacy artifacts,observed_truss_count,CAT_047,,,,,,,1,legacy_definition_not_rebuilt,
FlowerA_legacy::days_since_previous,days_since_previous,retained legacy artifacts,days_since_previous,CAT_047,,,,,,,1,legacy_definition_not_rebuilt,
FlowerA_legacy::days_since_crop_start,days_since_crop_start,retained legacy artifacts,days_since_crop_start,CAT_047,,,,,,,1,legacy_definition_not_rebuilt,
FlowerA_legacy::week_of_year_sin,week_of_year_sin,retained legacy artifacts,week_of_year_sin,CAT_047,,,,,,,1,legacy_definition_not_rebuilt,
FlowerA_legacy::week_of_year_cos,week_of_year_cos,retained legacy artifacts,week_of_year_cos,CAT_047,,,,,,,1,legacy_definition_not_rebuilt,
FlowerA_legacy::indoor_temperature_7d_mean,indoor_temperature_7d_mean,retained legacy artifacts,indoor_temperature_7d_mean,CAT_047,,,,,,,1,legacy_definition_not_rebuilt,
FlowerA_legacy::indoor_humidity_7d_mean,indoor_humidity_7d_mean,retained legacy artifacts,indoor_humidity_7d_mean,CAT_047,,,,,,,1,legacy_definition_not_rebuilt,
FlowerA_legacy::indoor_co2_7d_mean,indoor_co2_7d_mean,retained legacy artifacts,indoor_co2_7d_mean,CAT_047,,,,,,,1,legacy_definition_not_rebuilt,
FruitA_legacy::current_fruit_count,current_fruit_count,retained legacy artifacts,current_fruit_count,CAT_048,,,,,,,1,legacy_definition_not_rebuilt,
FruitA_legacy::fruit_count_delta,fruit_count_delta,retained legacy artifacts,fruit_count_delta,CAT_048,,,,,,,1,legacy_definition_not_rebuilt,
FruitA_legacy::fruit_count_roll2_std,fruit_count_roll2_std,retained legacy artifacts,fruit_count_roll2_std,CAT_048,,,,,,,1,legacy_definition_not_rebuilt,
FruitA_legacy::fruit_count_roll2_min,fruit_count_roll2_min,retained legacy artifacts,fruit_count_roll2_min,CAT_048,,,,,,,1,legacy_definition_not_rebuilt,
FruitA_legacy::fruit_count_roll3_min,fruit_count_roll3_min,retained legacy artifacts,fruit_count_roll3_min,CAT_048,,,,,,,1,legacy_definition_not_rebuilt,
FruitA_legacy::fruit_count_roll4_std,fruit_count_roll4_std,retained legacy artifacts,fruit_count_roll4_std,CAT_048,,,,,,,1,legacy_definition_not_rebuilt,
FruitA_legacy::days_since_previous,days_since_previous,retained legacy artifacts,days_since_previous,CAT_048,,,,,,,1,legacy_definition_not_rebuilt,
FruitA_legacy::days_since_first_measurement,days_since_first_measurement,retained legacy artifacts,days_since_first_measurement,CAT_048,,,,,,,1,legacy_definition_not_rebuilt,
FruitA_legacy::days_since_first_positive,days_since_first_positive,retained legacy artifacts,days_since_first_positive,CAT_048,,,,,,,1,legacy_definition_not_rebuilt,
FruitA_legacy::history_count,history_count,retained legacy artifacts,history_count,CAT_048,,,,,,,1,legacy_definition_not_rebuilt,
FruitA_legacy::week_of_year_sin,week_of_year_sin,retained legacy artifacts,week_of_year_sin,CAT_048,,,,,,,1,legacy_definition_not_rebuilt,
FruitA_legacy::week_of_year_cos,week_of_year_cos,retained legacy artifacts,week_of_year_cos,CAT_048,,,,,,,1,legacy_definition_not_rebuilt,
FruitA_legacy::sensor_EI__TI_7d_mean,sensor_EI__TI_7d_mean,retained legacy artifacts,sensor_EI__TI_7d_mean,CAT_048,,,,,,,1,legacy_definition_not_rebuilt,
